key1_slp1	key2_accented	iast	form_key	case_class	L	pc	source_xml	in_master
aMSumatPalA	am2s4umatphala1	aṃśumatphalā	anśumatphalā	fiction	13	001-1	SCH-fiction-3147_cases.xml	0
akata	akata	akata	akata	fiction	27	001-2	SCH-fiction-3147_cases.xml	0
akaSApa	Akas4a1pa	akaśāpa	akaśāpa	fiction	77	002-1	SCH-fiction-3147_cases.xml	0
agArdaBaraTika	aga1rdabharathika	agārdabharathika	agārdabharathika	fiction	378	006-1	SCH-fiction-3147_cases.xml	0
agfhapati	agr2hapati	agṛhapati	agṛhapati	fiction	395	006-2	SCH-fiction-3147_cases.xml	0
agopa	agopa	agopa	agopa	fiction	405	006-3	SCH-fiction-3147_cases.xml	0
agozpada	agos2pada	agoṣpada	agoṣpada	fiction	411	006-3	SCH-fiction-3147_cases.xml	0
agniSiKa	agnis4ikha	agniśikha	agniśikha	fiction	460	007-2	SCH-fiction-3147_cases.xml	0
agraBojana	agrabhojana	agrabhojana	agrabhojana	fiction	513	008-1	SCH-fiction-3147_cases.xml	0
agrAmyakanda	agra1myakanda	agrāmyakanda	agrāmyakanda	fiction	530	008-2	SCH-fiction-3147_cases.xml	0
acArmaRa	aca1rman2a	acārmaṇa	acārmana	fiction	708	010-3	SCH-fiction-3147_cases.xml	0
acintyaja	acintyaja	acintyaja	acintyaja	fiction	714	010-3	SCH-fiction-3147_cases.xml	0
acCamaRqaka	acchaman2d2aka	acchamaṇḍaka	acchamanḍaka	fiction	741	011-1	SCH-fiction-3147_cases.xml	0
ajakranda	Ajakranda	ajakranda	ajakranda	fiction	778	011-3	SCH-fiction-3147_cases.xml	0
ajanASam	ajana1s4am	ajanāśam	ajanāśam	fiction	794	011-3	SCH-fiction-3147_cases.xml	0
ajabanDu	Ajabandhu	ajabandhu	ajabandhu	fiction	798	011-3	SCH-fiction-3147_cases.xml	0
aRqAraka	An2d2a1raka	aṇḍāraka	anḍāraka	fiction	918	013-2	SCH-fiction-3147_cases.xml	0
atimahiman	atimahiman	atimahiman	atimahiman	fiction	1178	017-1	SCH-fiction-3147_cases.xml	0
atispfhayAlutA	atispr2haya1luta1	atispṛhayālutā	atispṛhayālutā	fiction	1384	019-3	SCH-fiction-3147_cases.xml	0
atisvan	atisvan	atisvan	atisvan	fiction	1387	019-3	SCH-fiction-3147_cases.xml	0
atfptikft	atr2ptikr2t	atṛptikṛt	atṛptikṛt	fiction	1417	020-1	SCH-fiction-3147_cases.xml	0
adyaSvIna	adyas4vi1na	adyaśvīna	adyaśvīna	fiction	1610	022-2	SCH-fiction-3147_cases.xml	0
aDiSrayaRI	adhis4rayan2i1	adhiśrayaṇī	adhiśrayanī	fiction	1801	025-1	SCH-fiction-3147_cases.xml	0
anaNgatA	anan3gata1	anaṅgatā	anangatā	fiction	1936	026-3	SCH-fiction-3147_cases.xml	0
anATakuwI	ana1thakut2i1	anāthakuṭī	anāthakuṭī	fiction	2339	032-1	SCH-fiction-3147_cases.xml	0
anuKaqgam	anukhad2gam	anukhaḍgam	anukhaḍgam	fiction	2598	035-3	SCH-fiction-3147_cases.xml	0
anuSrava	anus4rava	anuśrava	anuśrava	fiction	2886	039-3	SCH-fiction-3147_cases.xml	0
antrAvaraRa	antra1varan2a	antrāvaraṇa	antrāvarana	fiction	3121	043-1	SCH-fiction-3147_cases.xml	0
apatrapizRutA	apatrapis2n2uta1	apatrapiṣṇutā	apatrapiṣnutā	fiction	3292	045-2	SCH-fiction-3147_cases.xml	0
aparacAnarAwa	Aparaca1nara1t2a	aparacānarāṭa	aparacānarāṭa	fiction	3356	046-1	SCH-fiction-3147_cases.xml	0
aparezukAzaSamI	Apares2uka1s2as4ami1	apareṣukāṣaśamī	apareṣukāṣaśamī	fiction	3458	047-3	SCH-fiction-3147_cases.xml	0
apavitray	apavitray	apavitray	apavitray	fiction	3494	048-1	SCH-fiction-3147_cases.xml	0
apratiSaraRa	apratis4aran2a	apratiśaraṇa	apratiśarana	fiction	3764	051-3	SCH-fiction-3147_cases.xml	0
abBogIna	abbhogi1na	abbhogīna	abbhogīna	fiction	3950	054-2	SCH-fiction-3147_cases.xml	0
aBisaMkzepikam	abhisam2ks2epikam	abhisaṃkṣepikam	abhisankṣepikam	fiction	4206	058-1	SCH-fiction-3147_cases.xml	0
aBedyaparivAra	abhedyapariva1ra	abhedyaparivāra	abhedyaparivāra	fiction	4252	058-2	SCH-fiction-3147_cases.xml	0
aBedyaratnacUqa	Abhedyaratnacu1d2a	abhedyaratnacūḍa	abhedyaratnacūḍa	fiction	4253	058-2	SCH-fiction-3147_cases.xml	0
amAyAvin	ama1ya1vin	amāyāvin	amāyāvin	fiction	4441	060-3	SCH-fiction-3147_cases.xml	0
amftanirgama	amr2tanirgama	amṛtanirgama	amṛtanirgama	fiction	4485	061-2	SCH-fiction-3147_cases.xml	0
amftASana	amr2ta1s4ana	amṛtāśana	amṛtāśana	fiction	4509	061-3	SCH-fiction-3147_cases.xml	0
ayavana	ayavana	ayavana	ayavana	fiction	4626	063-1	SCH-fiction-3147_cases.xml	0
ayaHSalmalIvana	ayah2s4almali1vana	ayaḥśalmalīvana	ayaḥśalmalīvana	fiction	4630	063-1	SCH-fiction-3147_cases.xml	0
ayaHSfNga	a4yah2s4r2n3ga	ayaḥśṛṅga	ayaḥśṛnga	fiction	4631	063-1	SCH-fiction-3147_cases.xml	0
ayukparRa	ayukparn2a	ayukparṇa	ayukparna	fiction	4656	063-2	SCH-fiction-3147_cases.xml	0
ayugalaparRa	ayugalaparn2a	ayugalaparṇa	ayugalaparna	fiction	4657	063-2	SCH-fiction-3147_cases.xml	0
ayonitva	ayonitva	ayonitva	ayonitva	fiction	4687	063-3	SCH-fiction-3147_cases.xml	0
araRyacArI	aran2yaca1ri1	araṇyacārī	aranyacārī	fiction	4717	064-2	SCH-fiction-3147_cases.xml	0
araRyaSvan	aran2yas4van	araṇyaśvan	aranyaśvan	fiction	4720	064-2	SCH-fiction-3147_cases.xml	0
arUpabrahmaDAtu	Aru1pabrahmadha1tu	arūpabrahmadhātu	arūpabrahmadhātu	fiction	4816	065-2	SCH-fiction-3147_cases.xml	0
arUpyabrahmaDAtu	Aru1pyabrahmadha1tu	arūpyabrahmadhātu	arūpyabrahmadhātu	fiction	4818	065-2	SCH-fiction-3147_cases.xml	0
arkAtmaja	arka1tmaja	arkātmaja	arkātmaja	fiction	4844	065-3	SCH-fiction-3147_cases.xml	0
artni	artni	artni	artni	fiction	4873	066-2	SCH-fiction-3147_cases.xml	0
arDaSaPara	ardhas4aphara	ardhaśaphara	ardhaśaphara	fiction	4990	068-1	SCH-fiction-3147_cases.xml	0
arhadGawIcakra	arhadghat2i1cakra	arhadghaṭīcakra	arhadghaṭīcakra	fiction	5040	068-3	SCH-fiction-3147_cases.xml	0
alipta	alipta	alipta	alipta	fiction	5123	070-1	SCH-fiction-3147_cases.xml	0
avagaRanA	avagan2ana1	avagaṇanā	avagananā	fiction	5206	071-1	SCH-fiction-3147_cases.xml	0
avadravya	avadravya	avadravya	avadravya	fiction	5268	072-1	SCH-fiction-3147_cases.xml	0
avanaha	avanaha	avanaha	avanaha	fiction	5280	072-1	SCH-fiction-3147_cases.xml	0
avaracAmara	Avaraca1mara	avaracāmara	avaracāmara	fiction	5344	073-1	SCH-fiction-3147_cases.xml	0
avazwamBanatA	avas2t2ambhanata1	avaṣṭambhanatā	avaṣṭambhanatā	fiction	5418	074-1	SCH-fiction-3147_cases.xml	0
avasnAna	avasna1na	avasnāna	avasnāna	fiction	5449	074-2	SCH-fiction-3147_cases.xml	0
avijYapti	avijn5apti	avijñapti	avijnapti	fiction	5552	076-1	SCH-fiction-3147_cases.xml	0
avipariRAmavartin	aviparin2a1mavartin	avipariṇāmavartin	aviparināmavartin	fiction	5598	076-3	SCH-fiction-3147_cases.xml	0
avEvartacakra	Avaivartacakra	avaivartacakra	avaivartacakra	fiction	5728	078-2	SCH-fiction-3147_cases.xml	0
avyantIkfta	avyanti1kr2ta	avyantīkṛta	avyantīkṛta	fiction	5743	078-3	SCH-fiction-3147_cases.xml	0
aSasti	as4asti	aśasti	aśasti	fiction	5809	079-3	SCH-fiction-3147_cases.xml	0
aSiTilatva	as4ithilatva	aśithilatva	aśithilatva	fiction	5824	079-3	SCH-fiction-3147_cases.xml	0
aSiSvidAna	as4is4vida1na	aśiśvidāna	aśiśvidāna	fiction	5835	080-1	SCH-fiction-3147_cases.xml	0
aSuBaBAvanA	as4ubhabha1vana1	aśubhabhāvanā	aśubhabhāvanā	fiction	5853	080-2	SCH-fiction-3147_cases.xml	0
aSEkza	as4aiks2a	aśaikṣa	aśaikṣa	fiction	5863	080-2	SCH-fiction-3147_cases.xml	0
aSOklya	as4auklya	aśauklya	aśauklya	fiction	5874	080-3	SCH-fiction-3147_cases.xml	0
aSmanta	as4manta	aśmanta	aśmanta	fiction	5882	080-3	SCH-fiction-3147_cases.xml	0
aSradDya	as4raddhya	aśraddhya	aśraddhya	fiction	5889	080-3	SCH-fiction-3147_cases.xml	0
aSrAmaRya	as4ra1man2ya	aśrāmaṇya	aśrāmanya	fiction	5892	080-3	SCH-fiction-3147_cases.xml	0
aSva	as4va	aśva	aśva	fiction	5914	081-1	SCH-fiction-3147_cases.xml	0
aSvaka	as4vaka	aśvaka	aśvaka	fiction	5915	081-1	SCH-fiction-3147_cases.xml	0
aSvakAya	as4vaka1ya	aśvakāya	aśvakāya	fiction	5916	081-1	SCH-fiction-3147_cases.xml	0
aSvakrIta	as4vakri1ta	aśvakrīta	aśvakrīta	fiction	5919	081-1	SCH-fiction-3147_cases.xml	0
aSvagozWa	as4vagos2t2ha	aśvagoṣṭha	aśvagoṣṭha	fiction	5920	081-1	SCH-fiction-3147_cases.xml	0
aSvadAya	as4vada1ya	aśvadāya	aśvadāya	fiction	5926	081-2	SCH-fiction-3147_cases.xml	0
aSvavaktra	as4vavaktra	aśvavaktra	aśvavaktra	fiction	5939	081-2	SCH-fiction-3147_cases.xml	0
aSvasta	as4vasta	aśvasta	aśvasta	fiction	5949	081-3	SCH-fiction-3147_cases.xml	0
aSvAri	as4va1ri	aśvāri	aśvāri	fiction	5957	081-3	SCH-fiction-3147_cases.xml	0
aSvikA	as4vika1	aśvikā	aśvikā	fiction	5959	081-3	SCH-fiction-3147_cases.xml	0
aSvorasa	as4vorasa	aśvorasa	aśvorasa	fiction	5961	081-3	SCH-fiction-3147_cases.xml	0
azwamakaBUmi	as2t2amakabhu1mi	aṣṭamakabhūmi	aṣṭamakabhūmi	fiction	5977	082-1	SCH-fiction-3147_cases.xml	0
asaMlulita	asam2lulita	asaṃlulita	asanlulita	fiction	6041	083-1	SCH-fiction-3147_cases.xml	0
asanidarSana	asanidars4ana	asanidarśana	asanidarśana	fiction	6127	084-2	SCH-fiction-3147_cases.xml	0
asaMmatAvavAda	asam2mata1vava1da	asaṃmatāvavāda	asammatāvavāda	fiction	6198	085-2	SCH-fiction-3147_cases.xml	0
asiDAra	asidha1ra	asidhāra	asidhāra	fiction	6265	086-1	SCH-fiction-3147_cases.xml	0
asfgvarA	asr2gvara1	asṛgvarā	asṛgvarā	fiction	6317	086-3	SCH-fiction-3147_cases.xml	0
astamitAvavAda	astamita1vava1da	astamitāvavāda	astamitāvavāda	fiction	6343	087-1	SCH-fiction-3147_cases.xml	0
astADayati	asta1dhayati	astādhayati	astādhayati	fiction	6348	087-2	SCH-fiction-3147_cases.xml	0
asTI	asthi1	asthī	asthī	fiction	6383	087-3	SCH-fiction-3147_cases.xml	0
ahivalli	ahivalli	ahivalli	ahivalli	fiction	6490	089-1	SCH-fiction-3147_cases.xml	0
ahIraRI	ahi1ran2i1	ahīraṇī	ahīranī	fiction	6500	089-2	SCH-fiction-3147_cases.xml	0
AkArAnapakAra	a1ka1ra1napaka1ra	ākārānapakāra	ākārānapakāra	fiction	6551	089-3	SCH-fiction-3147_cases.xml	0
AkASagarBa	A1ka1s4agarbha	ākāśagarbha	ākāśagarbha	fiction	6559	090-1	SCH-fiction-3147_cases.xml	0
AkASasParaRa	a1ka1s4aspharan2a	ākāśaspharaṇa	ākāśaspharana	fiction	6567	090-1	SCH-fiction-3147_cases.xml	0
AkASAsaNgavimuktinirupalepa	a1ka1s4a1san3gavimuktinirupalepa	ākāśāsaṅgavimuktinirupalepa	ākāśāsangavimuktinirupalepa	fiction	6570	090-1	SCH-fiction-3147_cases.xml	0
AcCowana	a1cchot2ana	ācchoṭana	ācchoṭana	fiction	6727	092-1	SCH-fiction-3147_cases.xml	0
AjYApanIya	a1jn5a1pani1ya	ājñāpanīya	ājnāpanīya	fiction	6750	092-2	SCH-fiction-3147_cases.xml	0
Awavakayakza	a1t2avakayaks2a	āṭavakayakṣa	āṭavakayakṣa	fiction	6767	092-3	SCH-fiction-3147_cases.xml	0
anipratyaninirharayoga	ANipratyANInirhArayoga	anipratyaninirharayoga	anipratyaninirharayoga	fiction	6789	093-1	SCH-fiction-3147_cases.xml	0
AtAnaka	a1ta1naka	ātānaka	ātānaka	fiction	6807	093-1	SCH-fiction-3147_cases.xml	0
AdarSamuKa	A1dars4amukha	ādarśamukha	ādarśamukha	fiction	6881	094-1	SCH-fiction-3147_cases.xml	0
Adftatva	a1dr2tatva	ādṛtatva	ādṛtatva	fiction	6919	094-3	SCH-fiction-3147_cases.xml	0
AdeSanAprAtihArya	a1des4ana1pra1tiha1rya	ādeśanāprātihārya	ādeśanāprātihārya	fiction	6925	094-3	SCH-fiction-3147_cases.xml	0
ADAraRamudra	a1dha1ran2amudra	ādhāraṇamudra	ādhāranamudra	fiction	6946	095-1	SCH-fiction-3147_cases.xml	0
Anakin	a1nakin	ānakin	ānakin	fiction	6960	095-2	SCH-fiction-3147_cases.xml	0
AnApAnasmfti	a1na1pa1nasmr2ti	ānāpānasmṛti	ānāpānasmṛti	fiction	6982	095-3	SCH-fiction-3147_cases.xml	0
ApiSala	A1pis4ala	āpiśala	āpiśala	fiction	7051	096-3	SCH-fiction-3147_cases.xml	0
AmizakiMcitka	a1mis2akim2citka	āmiṣakiṃcitka	āmiṣakincitka	fiction	7151	098-1	SCH-fiction-3147_cases.xml	0
AyaHSUlika	a1yah2s4u1lika	āyaḥśūlika	āyaḥśūlika	fiction	7186	098-2	SCH-fiction-3147_cases.xml	0
Ari	a1ri	āri	āri	fiction	7254	099-2	SCH-fiction-3147_cases.xml	0
AryabrahmaviSezacittaparipfcCA	A1ryabrahmavis4es2acittaparipr2ccha1	āryabrahmaviśeṣacittaparipṛcchā	āryabrahmaviśeṣacittaparipṛcchā	fiction	7308	100-1	SCH-fiction-3147_cases.xml	0
Alasyavant	a1lasyavant	ālasyavant	ālasyavant	fiction	7337	100-2	SCH-fiction-3147_cases.xml	0
ASA	a1s4a1	āśā	āśā	fiction	7427	101-3	SCH-fiction-3147_cases.xml	0
ASIrviza	a1s4i1rvis2a	āśīrviṣa	āśīrviṣa	fiction	7455	102-1	SCH-fiction-3147_cases.xml	0
ASuganDa	A1s4ugandha	āśugandha	āśugandha	fiction	7461	102-1	SCH-fiction-3147_cases.xml	0
AScary	a1s4cary	āścary	āścary	fiction	7470	102-1	SCH-fiction-3147_cases.xml	0
ASrayASa	a1s4raya1s4a	āśrayāśa	āśrayāśa	fiction	7476	102-2	SCH-fiction-3147_cases.xml	0
ASvAsaka	a1s4va1saka	āśvāsaka	āśvāsaka	fiction	7483	102-2	SCH-fiction-3147_cases.xml	0
indrotTApana	Indrottha1pana	indrotthāpana	indrotthāpana	fiction	7721	106-1	SCH-fiction-3147_cases.xml	0
Irz	i1rs2	īrṣ	īrṣ	fiction	7804	107-2	SCH-fiction-3147_cases.xml	0
ISvara	i1s4vara	īśvara	īśvara	fiction	7818	107-3	SCH-fiction-3147_cases.xml	0
ujjaNgikA	ujjan3gika1	ujjaṅgikā	ujjangikā	fiction	7935	109-2	SCH-fiction-3147_cases.xml	0
utkuwukasTa	utkut2ukastha	utkuṭukastha	utkuṭukastha	fiction	8009	110-1	SCH-fiction-3147_cases.xml	0
uttamadyuti	uttamadyuti	uttamadyuti	uttamadyuti	fiction	8048	110-3	SCH-fiction-3147_cases.xml	0
uttaramanuzyaDarmapralApa	uttaramanus2yadharmaprala1pa	uttaramanuṣyadharmapralāpa	uttaramanuṣyadharmapralāpa	fiction	8066	111-1	SCH-fiction-3147_cases.xml	0
uttaramanuzyaDarmArocana	uttaramanus2yadharma1rocana	uttaramanuṣyadharmārocana	uttaramanuṣyadharmārocana	fiction	8067	111-1	SCH-fiction-3147_cases.xml	0
uttariDvajAgramaRi	uttaridhvaja1graman2i	uttaridhvajāgramaṇi	uttaridhvajāgramani	fiction	8089	111-2	SCH-fiction-3147_cases.xml	0
uttAnaSaya	utta1nas4aya	uttānaśaya	uttānaśaya	fiction	8098	111-2	SCH-fiction-3147_cases.xml	0
utsrAvin	utsra1vin	utsrāvin	utsrāvin	fiction	8216	113-1	SCH-fiction-3147_cases.xml	0
udAhara	uda1hara	udāhara	udāhara	fiction	8298	114-1	SCH-fiction-3147_cases.xml	0
udgAna	udga1na	udgāna	udgāna	fiction	8323	114-2	SCH-fiction-3147_cases.xml	0
udguRTikA	udgun2thika1	udguṇthikā	udgunthikā	fiction	8329	114-3	SCH-fiction-3147_cases.xml	0
udDftakaWina	uddhr2takat2hina	uddhṛtakaṭhina	uddhṛtakaṭhina	fiction	8388	115-2	SCH-fiction-3147_cases.xml	0
udyUTikAgamana	udyu1thika1gamana	udyūthikāgamana	udyūthikāgamana	fiction	8417	115-3	SCH-fiction-3147_cases.xml	0
upadeSaka	upades4aka	upadeśaka	upadeśaka	fiction	8537	117-2	SCH-fiction-3147_cases.xml	0
upapadyaparinirvAyin	upapadyaparinirva1yin	upapadyaparinirvāyin	upapadyaparinirvāyin	fiction	8586	118-1	SCH-fiction-3147_cases.xml	0
upaparIkzitavya	upapari1ks2itavya	upaparīkṣitavya	upaparīkṣitavya	fiction	8589	118-1	SCH-fiction-3147_cases.xml	0
upaSaradam	upas4aradam	upaśaradam	upaśaradam	fiction	8674	119-1	SCH-fiction-3147_cases.xml	0
upaskAram	upaska1ram	upaskāram	upaskāram	fiction	8705	119-2	SCH-fiction-3147_cases.xml	0
upaskIrRa	upaski1rn2a	upaskīrṇa	upaskīrna	fiction	8706	119-2	SCH-fiction-3147_cases.xml	0
upasparSa	upaspars4a	upasparśa	upasparśa	fiction	8715	119-3	SCH-fiction-3147_cases.xml	0
upAyakOSalya	upa1yakaus4alya	upāyakauśalya	upāyakauśalya	fiction	8739	120-1	SCH-fiction-3147_cases.xml	0
uBayAsidDa	ubhaya1siddha	ubhayāsiddha	ubhayāsiddha	fiction	8798	120-3	SCH-fiction-3147_cases.xml	0
uyamAnavarDana	uyama1navardhana	uyamānavardhana	uyamānavardhana	fiction	8805	121-1	SCH-fiction-3147_cases.xml	0
ulaBIya	Ulabhi1ya	ulabhīya	ulabhīya	fiction	8847	121-2	SCH-fiction-3147_cases.xml	0
uSanastArakA	us4anasta1raka1	uśanastārakā	uśanastārakā	fiction	8876	121-3	SCH-fiction-3147_cases.xml	0
uzasyati	us2asy(ati)	uṣasyati	uṣasyati	fiction	8879	121-3	SCH-fiction-3147_cases.xml	0
uzRIzaSiraska	us2n2i1s2as4iraska	uṣṇīṣaśiraska	uṣnīṣaśiraska	fiction	8902	122-3	SCH-fiction-3147_cases.xml	0
uhAra	uha1ra	uhāra	uhāra	fiction	8906	122-3	SCH-fiction-3147_cases.xml	0
UKala	u1khala	ūkhala	ūkhala	fiction	8910	122a-1	SCH-fiction-3147_cases.xml	0
UnaviMSativarzopasaMpAdana	u1navim2s4ativars2opasam2pa1dana	ūnaviṃśativarṣopasaṃpādana	ūnavinśativarṣopasampādana	fiction	8916	122a-1	SCH-fiction-3147_cases.xml	0
UyamAnavarDana	u1yama1navardhana	ūyamānavardhana	ūyamānavardhana	fiction	8921	122a-1	SCH-fiction-3147_cases.xml	0
UrRAparikarmaRa	u1rn2a1parikarman2a	ūrṇāparikarmaṇa	ūrnāparikarmana	fiction	8936	122a-2	SCH-fiction-3147_cases.xml	0
UrDapUram	u1rdhapu1ram	ūrdhapūram	ūrdhapūram	fiction	8940	122a-2	SCH-fiction-3147_cases.xml	0
UrDvaMgaroma	u1rdhvam2garoma	ūrdhvaṃgaroma	ūrdhvangaroma	fiction	8942	122a-3	SCH-fiction-3147_cases.xml	0
UrDvaSozam	u1rdhvas4os2am	ūrdhvaśoṣam	ūrdhvaśoṣam	fiction	8963	123-1	SCH-fiction-3147_cases.xml	0
UhanA	u1hana1	ūhanā	ūhanā	fiction	8982	123-3	SCH-fiction-3147_cases.xml	0
UhApohasamarTa	u1ha1pohasamartha	ūhāpohasamartha	ūhāpohasamartha	fiction	8983	123-3	SCH-fiction-3147_cases.xml	0
fkzeSa	r2ks2es4a	ṛkṣeśa	ṛkṣeśa	fiction	8993	123a-1	SCH-fiction-3147_cases.xml	0
ekagraha	ekagraha	ekagraha	ekagraha	fiction	9060	124a-1	SCH-fiction-3147_cases.xml	0
ekajvAlI	ekajva1li1	ekajvālī	ekajvālī	fiction	9065	124a-2	SCH-fiction-3147_cases.xml	0
ekadfS	ekadr2s4	ekadṛś	ekadṛś	fiction	9077	124a-3	SCH-fiction-3147_cases.xml	0
eqavaRa	Ed2avan2a	eḍavaṇa	eḍavana	fiction	9238	127-1	SCH-fiction-3147_cases.xml	0
evaMyukta	evam2yukta	evaṃyukta	evanyukta	fiction	9269	127-2	SCH-fiction-3147_cases.xml	0
evaMsaMjYin	evam2sam2jn5in	evaṃsaṃjñin	evansanjnin	fiction	9278	127-3	SCH-fiction-3147_cases.xml	0
evamAyuzyaparyanta	evama1yus2yaparyanta	evamāyuṣyaparyanta	evamāyuṣyaparyanta	fiction	9290	127-3	SCH-fiction-3147_cases.xml	0
evaMpramuKa	evam2pramukha	evaṃpramukha	evampramukha	fiction	9293	127-3	SCH-fiction-3147_cases.xml	0
evaMBAgIya	evam2bha1gi1ya	evaṃbhāgīya	evambhāgīya	fiction	9295	127-3	SCH-fiction-3147_cases.xml	0
EcCantika	aicchantika	aicchantika	aicchantika	fiction	9308	128-1	SCH-fiction-3147_cases.xml	0
EhipaSyika	aihipas4yika	aihipaśyika	aihipaśyika	fiction	9337	128-3	SCH-fiction-3147_cases.xml	0
oGottIrRa	oghotti1rn2a	oghottīrṇa	oghottīrna	fiction	9342	128a-1	SCH-fiction-3147_cases.xml	0
oGopakaraRa	oghopakaran2a	oghopakaraṇa	oghopakarana	fiction	9343	128a-1	SCH-fiction-3147_cases.xml	0
ojApratyAhAriRI	Oja1pratya1ha1rin2i1	ojāpratyāhāriṇī	ojāpratyāhārinī	fiction	9348	128a-1	SCH-fiction-3147_cases.xml	0
OSIra	aus4i1ra	auśīra	auśīra	fiction	9420	129-3	SCH-fiction-3147_cases.xml	0
kakkiRqa	kakkin2d2a	kakkiṇḍa	kakkinḍa	fiction	9451	130-2	SCH-fiction-3147_cases.xml	0
kacavara	kacavara	kacavara	kacavara	fiction	9481	130-3	SCH-fiction-3147_cases.xml	0
kawapra	kat2apra	kaṭapra	kaṭapra	fiction	9516	131-1	SCH-fiction-3147_cases.xml	0
kawuSfNgAwa	kat2us4r2n3ga1t2a	kaṭuśṛṅgāṭa	kaṭuśṛngāṭa	fiction	9549	131-3	SCH-fiction-3147_cases.xml	0
kaWaSAWa	Kat2has4a1t2ha	kaṭhaśāṭha	kaṭhaśāṭha	fiction	9556	131-3	SCH-fiction-3147_cases.xml	0
kaRiSakiMSAru	kan2is4akim2s4a1ru	kaṇiśakiṃśāru	kaniśakinśāru	fiction	9586	132-1	SCH-fiction-3147_cases.xml	0
kadAcitkatva	kada1citkatva	kadācitkatva	kadācitkatva	fiction	9655	133-1	SCH-fiction-3147_cases.xml	0
kanIyasI	kani1yasi1	kanīyasī	kanīyasī	fiction	9682	133-2	SCH-fiction-3147_cases.xml	0
kanyadarSam	kanyadars4am	kanyadarśam	kanyadarśam	fiction	9720	134-1	SCH-fiction-3147_cases.xml	0
kapikacCU	kapikacchu1	kapikacchū	kapikacchū	fiction	9738	134-1	SCH-fiction-3147_cases.xml	0
kapiSa	kapis4a	kapiśa	kapiśa	fiction	9750	134-2	SCH-fiction-3147_cases.xml	0
kapInfpa	kapi1nr2pa	kapīnṛpa	kapīnṛpa	fiction	9755	134-2	SCH-fiction-3147_cases.xml	0
kambaladAya	kambalada1ya	kambaladāya	kambaladāya	fiction	9798	135-1	SCH-fiction-3147_cases.xml	0
karaReSvara	karan2es4vara	karaṇeśvara	karaneśvara	fiction	9836	135-3	SCH-fiction-3147_cases.xml	0
karaSAKA	karas4a1kha1	karaśākhā	karaśākhā	fiction	9878	136-1	SCH-fiction-3147_cases.xml	0
karowikA	karot2ika1	karoṭikā	karoṭikā	fiction	9922	136-3	SCH-fiction-3147_cases.xml	0
karkaru	karkaru	karkaru	karkaru	fiction	9930	136-3	SCH-fiction-3147_cases.xml	0
karRapASI	karn2apa1s4i1	karṇapāśī	karnapāśī	fiction	9947	137-1	SCH-fiction-3147_cases.xml	0
karRalAlikA	karn2ala1lika1	karṇalālikā	karnalālikā	fiction	9957	137-2	SCH-fiction-3147_cases.xml	0
karRasuvarRa	Karn2asuvarn2a	karṇasuvarṇa	karnasuvarna	fiction	9961	137-2	SCH-fiction-3147_cases.xml	0
karmakaRwaka	karmakan2t2aka	karmakaṇṭaka	karmakanṭaka	fiction	9997	137-3	SCH-fiction-3147_cases.xml	0
karmadAna	karmada1na	karmadāna	karmadāna	fiction	10005	137-3	SCH-fiction-3147_cases.xml	0
kalaSI	kalas4i1	kalaśī	kalaśī	fiction	10077	139-1	SCH-fiction-3147_cases.xml	0
kalAma	kala1ma	kalāma	kalāma	fiction	10105	139-2	SCH-fiction-3147_cases.xml	0
kavaqiMkArAhAra	kavad2im2ka1ra1ha1ra	kavaḍiṃkārāhāra	kavaḍinkārāhāra	fiction	10197	140-2	SCH-fiction-3147_cases.xml	0
kaSambakajAta	kas4ambakaja1ta	kaśambakajāta	kaśambakajāta	fiction	10227	141-1	SCH-fiction-3147_cases.xml	0
kaSmIrajanman	kas4mi1rajanman	kaśmīrajanman	kaśmīrajanman	fiction	10229	141-1	SCH-fiction-3147_cases.xml	0
kAkanIla	ka1kani1la	kākanīla	kākanīla	fiction	10257	141-3	SCH-fiction-3147_cases.xml	0
kANguzWa	ka1n3gus2t2ha	kāṅguṣṭha	kānguṣṭha	fiction	10277	141-3	SCH-fiction-3147_cases.xml	0
kAtyayanikA	ka1tyayanika1	kātyayanikā	kātyayanikā	fiction	10316	142-2	SCH-fiction-3147_cases.xml	0
kAtreyaka	ka1treyaka	kātreyaka	kātreyaka	fiction	10320	142-2	SCH-fiction-3147_cases.xml	0
kAmamiTyAcAra	ka1mamithya1ca1ra	kāmamithyācāra	kāmamithyācāra	fiction	10371	143-1	SCH-fiction-3147_cases.xml	0
kAmANkuSa	ka1ma1n3kus4a	kāmāṅkuśa	kāmānkuśa	fiction	10386	143-2	SCH-fiction-3147_cases.xml	0
kAraRyakAraka	ka1ran2yaka1raka	kāraṇyakāraka	kāranyakāraka	fiction	10423	143-3	SCH-fiction-3147_cases.xml	0
kArIzaganDyA	Ka1ri1s2agandhya1	kārīṣagandhyā	kārīṣagandhyā	fiction	10443	144-1	SCH-fiction-3147_cases.xml	0
kArttikAtyayika	ka1rttika1tyayika	kārttikātyayika	kārttikātyayika	fiction	10452	144-1	SCH-fiction-3147_cases.xml	0
kAlAtikrAnta	ka1la1tikra1nta	kālātikrānta	kālātikrānta	fiction	10524	145-2	SCH-fiction-3147_cases.xml	0
kAvAcikA	ka1va1cika1	kāvācikā	kāvācikā	fiction	10552	145-3	SCH-fiction-3147_cases.xml	0
kASmIrajanman	ka1s4mi1rajanman	kāśmīrajanman	kāśmīrajanman	fiction	10573	145-3	SCH-fiction-3147_cases.xml	0
kASyapeya	ka1s4yapeya	kāśyapeya	kāśyapeya	fiction	10579	146-1	SCH-fiction-3147_cases.xml	0
kiMkaraRIyatA	kim2karan2i1yata1	kiṃkaraṇīyatā	kinkaranīyatā	fiction	10609	146-2	SCH-fiction-3147_cases.xml	0
kiMdarA	kim2dara1	kiṃdarā	kindarā	fiction	10631	146-3	SCH-fiction-3147_cases.xml	0
kirikARa	kirika1n2a	kirikāṇa	kirikāna	fiction	10655	147-1	SCH-fiction-3147_cases.xml	0
kilAqa	kila1d2a	kilāḍa	kilāḍa	fiction	10663	147-1	SCH-fiction-3147_cases.xml	0
kilikilAyita	kilikila1yita	kilikilāyita	kilikilāyita	fiction	10668	147-1	SCH-fiction-3147_cases.xml	0
kiSora	kis4ora	kiśora	kiśora	fiction	10673	147-1	SCH-fiction-3147_cases.xml	0
kIkasaka	ki1kasaka	kīkasaka	kīkasaka	fiction	10679	147-2	SCH-fiction-3147_cases.xml	0
kISa	ki1s4a	kīśa	kīśa	fiction	10707	147-3	SCH-fiction-3147_cases.xml	0
kukkusa	kukkusa	kukkusa	kukkusa	fiction	10721	147-3	SCH-fiction-3147_cases.xml	0
kugaRa	kugan2a	kugaṇa	kugana	fiction	10728	148-1	SCH-fiction-3147_cases.xml	0
kuwakaRWa	kut2akan2t2ha	kuṭakaṇṭha	kuṭakanṭha	fiction	10750	148-2	SCH-fiction-3147_cases.xml	0
kuwimaha	kut2imaha	kuṭimaha	kuṭimaha	fiction	10752	148-2	SCH-fiction-3147_cases.xml	0
kuSAgrIya	kus4a1gri1ya	kuśāgrīya	kuśāgrīya	fiction	10993	151-3	SCH-fiction-3147_cases.xml	0
kUwaSAlmali	ku1t2as4a1lmali	kūṭaśālmali	kūṭaśālmali	fiction	11062	152-2	SCH-fiction-3147_cases.xml	0
kUwAgAraDAraRI	Ku1t2a1ga1radha1ran2i1	kūṭāgāradhāraṇī	kūṭāgāradhāranī	fiction	11066	152-2	SCH-fiction-3147_cases.xml	0
kUbari	ku1bari	kūbari	kūbari	fiction	11083	152-3	SCH-fiction-3147_cases.xml	0
kUrcasTAna	ku1rcastha1na	kūrcasthāna	kūrcasthāna	fiction	11090	153-1	SCH-fiction-3147_cases.xml	0
kUlavantI	ku1lavanti1	kūlavantī	kūlavantī	fiction	11109	153-1	SCH-fiction-3147_cases.xml	0
kfpIwajanman	kr2pi1t2ajanman	kṛpīṭajanman	kṛpīṭajanman	fiction	11186	154-1	SCH-fiction-3147_cases.xml	0
kekiSiKA	kekis4ikha1	kekiśikhā	kekiśikhā	fiction	11267	155-1	SCH-fiction-3147_cases.xml	0
keSabanDa	kes4abandha	keśabandha	keśabandha	fiction	11318	155-3	SCH-fiction-3147_cases.xml	0
keSahasta	kes4ahasta	keśahasta	keśahasta	fiction	11325	156-1	SCH-fiction-3147_cases.xml	0
kEkazeya	kaikas2eya	kaikaṣeya	kaikaṣeya	fiction	11334	156-1	SCH-fiction-3147_cases.xml	0
koSaka	kos4aka	kośaka	kośaka	fiction	11410	157-1	SCH-fiction-3147_cases.xml	0
koSADyakza	kos4a1dhyaks2a	kośādhyakṣa	kośādhyakṣa	fiction	11416	157-1	SCH-fiction-3147_cases.xml	0
kOSika	kaus4ika	kauśika	kauśika	fiction	11467	157-3	SCH-fiction-3147_cases.xml	0
kOSeya	kaus4eya	kauśeya	kauśeya	fiction	11472	157-3	SCH-fiction-3147_cases.xml	0
kriyAviSAla	Kriya1vis4a1la	kriyāviśāla	kriyāviśāla	fiction	11513	158-2	SCH-fiction-3147_cases.xml	0
kzveda	ks2veda	kṣveda	kṣveda	fiction	11766	162-1	SCH-fiction-3147_cases.xml	0
KageSvara	khages4vara	khageśvara	khageśvara	fiction	11773	162-1	SCH-fiction-3147_cases.xml	0
KawuNka	khat2un3ka	khaṭuṅka	khaṭunka	fiction	11786	162-2	SCH-fiction-3147_cases.xml	0
KaRqaPulla	khan2d2aphulla	khaṇḍaphulla	khanḍaphulla	fiction	11818	162-3	SCH-fiction-3147_cases.xml	0
Karvati	kharvati°	kharvati	kharvati	fiction	11873	163-2	SCH-fiction-3147_cases.xml	0
KalupaScAdBaktika	khalupas4ca1dbhaktika	khalupaścādbhaktika	khalupaścādbhaktika	fiction	11892	163-2	SCH-fiction-3147_cases.xml	0
KAtakA	kha1taka1	khātakā	khātakā	fiction	11908	163-3	SCH-fiction-3147_cases.xml	0
Keqqa	khed2d2a	kheḍḍa	kheḍḍa	fiction	11937	164-2	SCH-fiction-3147_cases.xml	0
gaNgezwikA	gan3ges2t2ika1	gaṅgeṣṭikā	gangeṣṭikā	fiction	11968	164a-2	SCH-fiction-3147_cases.xml	0
gaYjapati	gan5japati	gañjapati	ganjapati	fiction	12003	165-1	SCH-fiction-3147_cases.xml	0
gaRatiTi	gan2atithi	gaṇatithi	ganatithi	fiction	12017	165-1	SCH-fiction-3147_cases.xml	0
gaRqamasUra	gan2d2amasu1ra	gaṇḍamasūra	ganḍamasūra	fiction	12055	165-3	SCH-fiction-3147_cases.xml	0
gaRqIkowanaka	gan2d2i1kot2anaka	gaṇḍīkoṭanaka	ganḍīkoṭanaka	fiction	12062	165-3	SCH-fiction-3147_cases.xml	0
garvaBARqa	garvabha1n2d2a	garvabhāṇḍa	garvabhānḍa	fiction	12201	167-3	SCH-fiction-3147_cases.xml	0
galakandalI	galakandali1	galakandalī	galakandalī	fiction	12206	168-1	SCH-fiction-3147_cases.xml	0
guRastu	gun2astu	guṇastu	gunastu	fiction	12343	170-1	SCH-fiction-3147_cases.xml	0
guhyakeSvara	guhyakes4vara	guhyakeśvara	guhyakeśvara	fiction	12396	170-3	SCH-fiction-3147_cases.xml	0
gehAnupraveSanIya	geha1nupraves4ani1ya	gehānupraveśanīya	gehānupraveśanīya	fiction	12470	171-3	SCH-fiction-3147_cases.xml	0
gocarapariSudDa	Gocaraparis4uddha	gocarapariśuddha	gocarapariśuddha	fiction	12486	172-1	SCH-fiction-3147_cases.xml	0
gomayacCanna	gomayacchanna	gomayacchanna	gomayacchanna	fiction	12543	172-3	SCH-fiction-3147_cases.xml	0
goSAlIputra	Gos4a1li1putra	gośālīputra	gośālīputra	fiction	12567	173-1	SCH-fiction-3147_cases.xml	0
gOraKura	gaurakhura	gaurakhura	gaurakhura	fiction	12594	173-2	SCH-fiction-3147_cases.xml	0
gOrArdra	gaura1rdra	gaurārdra	gaurārdra	fiction	12599	173-3	SCH-fiction-3147_cases.xml	0
grAvaReya	Gra1van2eya	grāvaṇeya	grāvaneya	fiction	12662	174-3	SCH-fiction-3147_cases.xml	0
glaTamlaTa	glathamlatha	glathamlatha	glathamlatha	fiction	12680	174-3	SCH-fiction-3147_cases.xml	0
GarmapATas	gharmapa1thas	gharmapāthas	gharmapāthas	fiction	12739	175-3	SCH-fiction-3147_cases.xml	0
caturdant	caturdant	caturdant	caturdant	fiction	12961	178-3	SCH-fiction-3147_cases.xml	0
caturyoginIsaMpuwa	Caturyogini1sam2put2a	caturyoginīsaṃpuṭa	caturyoginīsampuṭa	fiction	12978	178-3	SCH-fiction-3147_cases.xml	0
catuzpaTakftASaya	catus2pathakr2ta1s4aya	catuṣpathakṛtāśaya	catuṣpathakṛtāśaya	fiction	12995	179-1	SCH-fiction-3147_cases.xml	0
candraSAlikA	candras4a1lika1	candraśālikā	candraśālikā	fiction	13043	179-3	SCH-fiction-3147_cases.xml	0
candrASma	candra1s4ma	candrāśma	candrāśma	fiction	13063	180-1	SCH-fiction-3147_cases.xml	0
cAturikA	ca1turika1	cāturikā	cāturikā	fiction	13184	181-3	SCH-fiction-3147_cases.xml	0
cAmarajju	ca1marajju	cāmarajju	cāmarajju	fiction	13220	182-1	SCH-fiction-3147_cases.xml	0
cittAnuparivartin	citta1nuparivartin	cittānuparivartin	cittānuparivartin	fiction	13285	183-1	SCH-fiction-3147_cases.xml	0
cIvariRI	ci1varin2i1	cīvariṇī	cīvarinī	fiction	13371	184-1	SCH-fiction-3147_cases.xml	0
cufI	cur2i1	cuṛī	cuṛī	fiction	13390	184-2	SCH-fiction-3147_cases.xml	0
cetaHparyAyajYAna	cetah2parya1yajn5a1na	cetaḥparyāyajñāna	cetaḥparyāyajnāna	fiction	13429	185-1	SCH-fiction-3147_cases.xml	0
copawa	copat2a	copaṭa	copaṭa	fiction	13466	185-3	SCH-fiction-3147_cases.xml	0
cyutisaMkrama	cyutisam2krama	cyutisaṃkrama	cyutisankrama	fiction	13491	186-3	SCH-fiction-3147_cases.xml	0
cyutyupapatti	cyutyupapatti°	cyutyupapatti	cyutyupapatti	fiction	13492	186-3	SCH-fiction-3147_cases.xml	0
CaRqikAvArika	chan2d2ika1va1rika	chaṇḍikāvārika	chanḍikāvārika	fiction	13503	186a-1	SCH-fiction-3147_cases.xml	0
CandadAyaka	chandada1yaka	chandadāyaka	chandadāyaka	fiction	13520	186a-2	SCH-fiction-3147_cases.xml	0
CandapariSudDi	chandaparis4uddhi	chandapariśuddhi	chandapariśuddhi	fiction	13521	186a-2	SCH-fiction-3147_cases.xml	0
CandapratyudDAra	chandapratyuddha1ra	chandapratyuddhāra	chandapratyuddhāra	fiction	13522	186a-2	SCH-fiction-3147_cases.xml	0
CandavAsin	chandava1sin	chandavāsin	chandavāsin	fiction	13523	186a-2	SCH-fiction-3147_cases.xml	0
Cinnaplotika	chinnaplotika	chinnaplotika	chinnaplotika	fiction	13570	187-2	SCH-fiction-3147_cases.xml	0
jaGanePala	jaghanephala	jaghanephala	jaghanephala	fiction	13605	188-1	SCH-fiction-3147_cases.xml	0
jawAmaha	jat2a1maha	jaṭāmaha	jaṭāmaha	fiction	13619	188-1	SCH-fiction-3147_cases.xml	0
janapadakalyARa	Janapadakalya1n2a	janapadakalyāṇa	janapadakalyāna	fiction	13661	188-3	SCH-fiction-3147_cases.xml	0
jamBam	jambham	jambham	jambham	fiction	13705	189-2	SCH-fiction-3147_cases.xml	0
javanaprajYa	javanaprajn5a	javanaprajña	javanaprajna	fiction	13805	190-3	SCH-fiction-3147_cases.xml	0
jANgalIvid	ja1n3gali1vid	jāṅgalīvid	jāngalīvid	fiction	13825	190-3	SCH-fiction-3147_cases.xml	0
jAli	ja1li	jāli	jāli	fiction	13885	191-3	SCH-fiction-3147_cases.xml	0
jihvAniScAraka	jihva1nis4ca1raka°	jihvāniścāraka	jihvāniścāraka	fiction	13919	192-1	SCH-fiction-3147_cases.xml	0
jihvAsPowakam	jihva1sphot2akam	jihvāsphoṭakam	jihvāsphoṭakam	fiction	13921	192-1	SCH-fiction-3147_cases.xml	0
jIviteSa	ji1vites4a	jīviteśa	jīviteśa	fiction	13959	192-3	SCH-fiction-3147_cases.xml	0
jYAnAnuparivartin	jn5a1na1nuparivartin	jñānānuparivartin	jnānānuparivartin	fiction	14006	193-2	SCH-fiction-3147_cases.xml	0
jyotirjyotizparAyaRa	jyotirjyotis2para1yan2a	jyotirjyotiṣparāyaṇa	jyotirjyotiṣparāyana	fiction	14031	193-3	SCH-fiction-3147_cases.xml	0
jyotizpraBaratna	jyotis2prabharatna	jyotiṣprabharatna	jyotiṣprabharatna	fiction	14037	193-3	SCH-fiction-3147_cases.xml	0
jyotismati	Jyotismati	jyotismati	jyotismati	fiction	14038	193-3	SCH-fiction-3147_cases.xml	0
jyotistamaHparAyaRa	jyotistamah2para1yan2a	jyotistamaḥparāyaṇa	jyotistamaḥparāyana	fiction	14039	193-3	SCH-fiction-3147_cases.xml	0
Jakawa	jhakat2a	jhakaṭa	jhakaṭa	fiction	14057	194a-1	SCH-fiction-3147_cases.xml	0
taNkaka	tan3kaka	taṅkaka	tankaka	fiction	14174	196-1	SCH-fiction-3147_cases.xml	0
taNkita	tan3kita	taṅkita	tankita	fiction	14175	196-1	SCH-fiction-3147_cases.xml	0
taRqulakusumavalivikAra	tan2d2ulakusumavalivika1ra	taṇḍulakusumavalivikāra	tanḍulakusumavalivikāra	fiction	14202	196-2	SCH-fiction-3147_cases.xml	0
taTAkArin	tatha1ka1rin	tathākārin	tathākārin	fiction	14229	196-3	SCH-fiction-3147_cases.xml	0
taTAgatacintyaguhyanirdeSa	Tatha1gatacintyaguhyanirdes4a	tathāgatacintyaguhyanirdeśa	tathāgatacintyaguhyanirdeśa	fiction	14231	196-3	SCH-fiction-3147_cases.xml	0
tamastamaHparAyaRa	tamastamah2para1yan2a	tamastamaḥparāyaṇa	tamastamaḥparāyana	fiction	14326	198-1	SCH-fiction-3147_cases.xml	0
tamojyotizparAyaRa	tamojyotis2para1yan2a	tamojyotiṣparāyaṇa	tamojyotiṣparāyana	fiction	14340	198-1	SCH-fiction-3147_cases.xml	0
tAwAvacara	ta1t2a1vacara	tāṭāvacara	tāṭāvacara	fiction	14428	199-2	SCH-fiction-3147_cases.xml	0
tAqinI	ta1d2ini1	tāḍinī	tāḍinī	fiction	14433	199-2	SCH-fiction-3147_cases.xml	0
tIrTikAvakrAntaka	ti1rthika1vakra1ntaka	tīrthikāvakrāntaka	tīrthikāvakrāntaka	fiction	14636	202-1	SCH-fiction-3147_cases.xml	0
tutAtita	Tuta1tita	tutātita	tutātita	fiction	14651	202-2	SCH-fiction-3147_cases.xml	0
tfRaSUlya	tr2n2as4u1lya	tṛṇaśūlya	tṛnaśūlya	fiction	14766	203-3	SCH-fiction-3147_cases.xml	0
trikARqaka	trika1n2d2aka	trikāṇḍaka	trikānḍaka	fiction	14849	205-1	SCH-fiction-3147_cases.xml	0
tridaSavaDU	tridas4avadhu1	tridaśavadhū	tridaśavadhū	fiction	14869	205-1	SCH-fiction-3147_cases.xml	0
tridaSAvAsa	tridas4a1va1sa	tridaśāvāsa	tridaśāvāsa	fiction	14874	205-1	SCH-fiction-3147_cases.xml	0
tripuraviDaMsaka	tripuravidham2saka	tripuravidhaṃsaka	tripuravidhansaka	fiction	14908	205-3	SCH-fiction-3147_cases.xml	0
trimaRqalapariSudDa	triman2d2alaparis4uddha	trimaṇḍalapariśuddha	trimanḍalapariśuddha	fiction	14927	205-3	SCH-fiction-3147_cases.xml	0
triskanDapaTadESika	triskandhapathadais4ika	triskandhapathadaiśika	triskandhapathadaiśika	fiction	14982	206-3	SCH-fiction-3147_cases.xml	0
daMSin	dam2s4in	daṃśin	danśin	fiction	15033	207a-1	SCH-fiction-3147_cases.xml	0
daMsera	dam2sera	daṃsera	dansera	fiction	15037	207a-1	SCH-fiction-3147_cases.xml	0
dantaSaWa	dantas4at2ha	dantaśaṭha	dantaśaṭha	fiction	15136	208-3	SCH-fiction-3147_cases.xml	0
daSanocCizwa	das4anocchis2t2a	daśanocchiṣṭa	daśanocchiṣṭa	fiction	15207	209-3	SCH-fiction-3147_cases.xml	0
daSapUlI	das4apu1li1	daśapūlī	daśapūlī	fiction	15213	210-1	SCH-fiction-3147_cases.xml	0
daSabala	das4abala	daśabala	daśabala	fiction	15217	210-1	SCH-fiction-3147_cases.xml	0
dARqAjinaka	da1n2d2a1jinaka	dāṇḍājinaka	dānḍājinaka	fiction	15261	210-3	SCH-fiction-3147_cases.xml	0
dAradaka	Da1radaka	dāradaka	dāradaka	fiction	15302	211-1	SCH-fiction-3147_cases.xml	0
didaridrAsati	didaridra1sati	didaridrāsati	didaridrāsati	fiction	15361	212-1	SCH-fiction-3147_cases.xml	0
dIkzya	di1ks2ya	dīkṣya	dīkṣya	fiction	15407	212-2	SCH-fiction-3147_cases.xml	0
duScyavana	dus4cyavana	duścyavana	duścyavana	fiction	15555	214-2	SCH-fiction-3147_cases.xml	0
duzWulapraticCAdana	dus2t2hulapraticcha1dana	duṣṭhulapraticchādana	duṣṭhulapraticchādana	fiction	15561	214-3	SCH-fiction-3147_cases.xml	0
duzWulArocana	dus2t2hula1rocana	duṣṭhulārocana	duṣṭhulārocana	fiction	15562	214-3	SCH-fiction-3147_cases.xml	0
dUrAdDi	du1ra1ddhi	dūrāddhi	dūrāddhi	fiction	15590	215-1	SCH-fiction-3147_cases.xml	0
deSika	des4ika	deśika	deśika	fiction	15699	216-2	SCH-fiction-3147_cases.xml	0
deSya	des4ya	deśya	deśya	fiction	15701	216-3	SCH-fiction-3147_cases.xml	0
dOHzWulya	dau(h2)s2t2hulya	dauḥṣṭhulya	dauḥṣṭhulya	fiction	15772	217-2	SCH-fiction-3147_cases.xml	0
dvipANganA	dvipa1n3gana1=hastini1	dvipāṅganā	dvipānganā	fiction	15925	219-3	SCH-fiction-3147_cases.xml	0
dviradantaka	dviradantaka	dviradantaka	dviradantaka	fiction	15938	220-1	SCH-fiction-3147_cases.xml	0
dviSarIra	dvis4ari1ra	dviśarīra	dviśarīra	fiction	15949	220-2	SCH-fiction-3147_cases.xml	0
DarmayaSas	Dharmayas4as	dharmayaśas	dharmayaśas	fiction	16076	222-1	SCH-fiction-3147_cases.xml	0
DavitrI	dhavitri1	dhavitrī	dhavitrī	fiction	16111	222-2	SCH-fiction-3147_cases.xml	0
DAnyA	dha1nya1	dhānyā	dhānyā	fiction	16128	223-1	SCH-fiction-3147_cases.xml	0
DUlIkadambAyate	dhu1li1kadamba1y(ate)	dhūlīkadambāyate	dhūlīkadambāyate	fiction	16212	224-1	SCH-fiction-3147_cases.xml	0
Doritika	dhoritika	dhoritika	dhoritika	fiction	16233	224-2	SCH-fiction-3147_cases.xml	0
DvanilAlA	dhvanila1la1	dhvanilālā	dhvanilālā	fiction	16261	225-1	SCH-fiction-3147_cases.xml	0
DvAjavata	Dhva1javata	dhvājavata	dhvājavata	fiction	16268	225-3	SCH-fiction-3147_cases.xml	0
DvAjavatAyani	Dhva1javata1yani	dhvājavatāyani	dhvājavatāyani	fiction	16269	225-3	SCH-fiction-3147_cases.xml	0
DvAjavadAyani	Dhva1javada1yani	dhvājavadāyani	dhvājavadāyani	fiction	16270	225-3	SCH-fiction-3147_cases.xml	0
naBaScara	nabhas4cara	nabhaścara	nabhaścara	fiction	16365	226-2	SCH-fiction-3147_cases.xml	0
narakavartman	narakavartman	narakavartman	narakavartman	fiction	16408	227-1	SCH-fiction-3147_cases.xml	0
narmAlI	narma1li1	narmālī	narmālī	fiction	16441	227-2	SCH-fiction-3147_cases.xml	0
nalinavyUha	nalinavyu1ha	nalinavyūha	nalinavyūha	fiction	16454	227-2	SCH-fiction-3147_cases.xml	0
naleSaya	nales4aya	naleśaya	naleśaya	fiction	16459	227-3	SCH-fiction-3147_cases.xml	0
navAlAbu	nava1la1bu	navālābu	navālābu	fiction	16486	228-1	SCH-fiction-3147_cases.xml	0
nApitaSAlikA	na1pitas4a1lika1	nāpitaśālikā	nāpitaśālikā	fiction	16622	230-1	SCH-fiction-3147_cases.xml	0
nASanIya	na1s4ani1ya	nāśanīya	nāśanīya	fiction	16672	230-3	SCH-fiction-3147_cases.xml	0
nASitasaMgraha	na1s4itasam2graha	nāśitasaṃgraha	nāśitasangraha	fiction	16675	230-3	SCH-fiction-3147_cases.xml	0
niGfzwA	nighr2s2t2a1	nighṛṣṭā	nighṛṣṭā	fiction	16726	231-2	SCH-fiction-3147_cases.xml	0
nidarSana	nidars4ana	nidarśana	nidarśana	fiction	16753	231-3	SCH-fiction-3147_cases.xml	0
nideSa	nides4a	nideśa	nideśa	fiction	16763	231-3	SCH-fiction-3147_cases.xml	0
nirgrahasTAna	nirgrahastha1na	nirgrahasthāna	nirgrahasthāna	fiction	16897	233-2	SCH-fiction-3147_cases.xml	0
nirdita	nirdita	nirdita	nirdita	fiction	16924	234-1	SCH-fiction-3147_cases.xml	0
nirbARasTiti	nirba1n2a(sthiti)	nirbāṇasthiti	nirbānasthiti	fiction	16938	234-1	SCH-fiction-3147_cases.xml	0
nirlvayinI	nirlvayini1	nirlvayinī	nirlvayinī	fiction	16982	234-3	SCH-fiction-3147_cases.xml	0
nilopam	nilopam	nilopam	nilopam	fiction	17023	235-1	SCH-fiction-3147_cases.xml	0
niSAjala	nis4a1jala	niśājala	niśājala	fiction	17045	235-2	SCH-fiction-3147_cases.xml	0
niSAdarSin	nis4a1dars4in	niśādarśin	niśādarśin	fiction	17047	235-2	SCH-fiction-3147_cases.xml	0
niSAnta	nis4a1nta	niśānta	niśānta	fiction	17052	235-2	SCH-fiction-3147_cases.xml	0
niSAraRa	nis4a1ran2a	niśāraṇa	niśārana	fiction	17058	235-3	SCH-fiction-3147_cases.xml	0
niSITinInATa	nis4i1thini1na1tha	niśīthinīnātha	niśīthinīnātha	fiction	17062	235-3	SCH-fiction-3147_cases.xml	0
niScikIrzA	nis4ciki1rs2a1	niścikīrṣā	niścikīrṣā	fiction	17071	235-3	SCH-fiction-3147_cases.xml	0
niSraya	nis4raya	niśraya	niśraya	fiction	17079	235-3	SCH-fiction-3147_cases.xml	0
niHSreRI	nih2s4ren2i1	niḥśreṇī	niḥśrenī	fiction	17090	236-1	SCH-fiction-3147_cases.xml	0
niHsaraDArA	nih2saradha1ra1	niḥsaradhārā	niḥsaradhārā	fiction	17201	237-2	SCH-fiction-3147_cases.xml	0
nIhArAyate	ni1ha1ra1yate	nīhārāyate	nīhārāyate	fiction	17283	238-3	SCH-fiction-3147_cases.xml	0
nEvaSEkzASEkza	naivas4aiks2a1s4aiks2a	naivaśaikṣāśaikṣa	naivaśaikṣāśaikṣa	fiction	17360	239-3	SCH-fiction-3147_cases.xml	0
pakzatI	paks2ati1	pakṣatī	pakṣatī	fiction	17429	240a-2	SCH-fiction-3147_cases.xml	0
paYcaviMSatisAhasrikA	Pan5cavim2s4atisa1hasrika1	pañcaviṃśatisāhasrikā	pancavinśatisāhasrikā	fiction	17526	242-1	SCH-fiction-3147_cases.xml	0
pawolA	pat2ola1	paṭolā	paṭolā	fiction	17571	242-3	SCH-fiction-3147_cases.xml	0
padmakoza	padmakos2a	padmakoṣa	padmakoṣa	fiction	17709	244-3	SCH-fiction-3147_cases.xml	0
padyAbanDa	padya1bandha	padyābandha	padyābandha	fiction	17744	245-1	SCH-fiction-3147_cases.xml	0
paramArTasaMvftisatyanirdeSa	Parama1rthasam2vr2tisatyanirdes4a	paramārthasaṃvṛtisatyanirdeśa	paramārthasanvṛtisatyanirdeśa	fiction	17813	246-1	SCH-fiction-3147_cases.xml	0
paraSu	paras4u	paraśu	paraśu	fiction	17828	246-2	SCH-fiction-3147_cases.xml	0
parAmarSana	para1mars4ana	parāmarśana	parāmarśana	fiction	17858	246-3	SCH-fiction-3147_cases.xml	0
pariSraya	paris4raya	pariśraya	pariśraya	fiction	18019	249-1	SCH-fiction-3147_cases.xml	0
palASa	pala1s4a	palāśa	palāśa	fiction	18123	250-2	SCH-fiction-3147_cases.xml	0
palASin	pala1s4in	palāśin	palāśin	fiction	18124	250-2	SCH-fiction-3147_cases.xml	0
palISa	pali1s4a	palīśa	palīśa	fiction	18131	250-3	SCH-fiction-3147_cases.xml	0
paSyatohara	pas4yatohara	paśyatohara	paśyatohara	fiction	18189	251-2	SCH-fiction-3147_cases.xml	0
pAMsanA	pa1m2sana1	pāṃsanā	pānsanā	fiction	18199	251-3	SCH-fiction-3147_cases.xml	0
pAMsusaMcAra	pa1m2susam2ca1ra	pāṃsusaṃcāra	pānsusancāra	fiction	18207	251-3	SCH-fiction-3147_cases.xml	0
pAjipakzin	pa1jipaks2in	pājipakṣin	pājipakṣin	fiction	18225	252-1	SCH-fiction-3147_cases.xml	0
pAtI	pa1ti1	pātī	pātī	fiction	18295	252-3	SCH-fiction-3147_cases.xml	0
pAtrAvalehakam	pa1tra1valehakam	pātrāvalehakam	pātrāvalehakam	fiction	18303	253-1	SCH-fiction-3147_cases.xml	0
pAnIyaSAlA	pa1ni1yas4a1la1	pānīyaśālā	pānīyaśālā	fiction	18342	253-2	SCH-fiction-3147_cases.xml	0
pAlIza	pa1li1s2a	pālīṣa	pālīṣa	fiction	18433	254-3	SCH-fiction-3147_cases.xml	0
pikapriya	pikapriya	pikapriya	pikapriya	fiction	18456	255-1	SCH-fiction-3147_cases.xml	0
piNgARaka	pin3ga1n2aka	piṅgāṇaka	pingānaka	fiction	18464	255-1	SCH-fiction-3147_cases.xml	0
piculikA	piculika1	piculikā	piculikā	fiction	18471	255-1	SCH-fiction-3147_cases.xml	0
piYculikA	pin5culika1	piñculikā	pinculikā	fiction	18477	255-2	SCH-fiction-3147_cases.xml	0
piRqISUra	pin2d2i1s4u1ra	piṇḍīśūra	pinḍīśūra	fiction	18511	255-3	SCH-fiction-3147_cases.xml	0
piSAcakin	pis4a1cakin	piśācakin	piśācakin	fiction	18549	256-1	SCH-fiction-3147_cases.xml	0
piSAcadIpikA	pis4a1cadi1pika1	piśācadīpikā	piśācadīpikā	fiction	18550	256-1	SCH-fiction-3147_cases.xml	0
pItapAda	pi1tapa1da	pītapāda	pītapāda	fiction	18585	256-3	SCH-fiction-3147_cases.xml	0
purudaMSas	purudam2s4as	purudaṃśas	purudanśas	fiction	18712	258-2	SCH-fiction-3147_cases.xml	0
puzpaSara	pus2pas4ara	puṣpaśara	puṣpaśara	fiction	18791	259-2	SCH-fiction-3147_cases.xml	0
pUgatiTi	pu1gatithi	pūgatithi	pūgatithi	fiction	18811	259-3	SCH-fiction-3147_cases.xml	0
pUraRadvitIyA	pu1ran2adviti1ya1	pūraṇadvitīyā	pūranadvitīyā	fiction	18832	260-1	SCH-fiction-3147_cases.xml	0
pUrowi	pu1rot2i	pūroṭi	pūroṭi	fiction	18837	260-1	SCH-fiction-3147_cases.xml	0
pfzatA	pr2s2ata1	pṛṣatā	pṛṣatā	fiction	18906	261-1	SCH-fiction-3147_cases.xml	0
pfzwimAMsAdana	pr2s2t2ima1msa1dana	pṛṣṭimāṃsādana	pṛṣṭimānsādana	fiction	18913	261-1	SCH-fiction-3147_cases.xml	0
pfzWI	pr2s2t2hi1	pṛṣṭhī	pṛṣṭhī	fiction	18923	261-2	SCH-fiction-3147_cases.xml	0
peSI	pes4i1	peśī	peśī	fiction	18942	261-3	SCH-fiction-3147_cases.xml	0
prakzepaRI	praks2epan2i1	prakṣepaṇī	prakṣepanī	fiction	19030	262-3	SCH-fiction-3147_cases.xml	0
pratideSanIya	pratides4ani1ya	pratideśanīya	pratideśanīya	fiction	19171	264-3	SCH-fiction-3147_cases.xml	0
pratipraSrabDi	pratipras4rabdhi	pratipraśrabdhi	pratipraśrabdhi	fiction	19214	265-2	SCH-fiction-3147_cases.xml	0
pratisaMvinniScayAvatArA	pratisam2vinnis4caya1vata1ra1	pratisaṃvinniścayāvatārā	pratisanvinniścayāvatārā	fiction	19303	266-2	SCH-fiction-3147_cases.xml	0
pratIpadarSinI	prati1padars4ini1	pratīpadarśinī	pratīpadarśinī	fiction	19340	267-1	SCH-fiction-3147_cases.xml	0
pravAritArTAtisevA	prava1rita1rtha1tiseva1	pravāritārthātisevā	pravāritārthātisevā	fiction	19550	270-1	SCH-fiction-3147_cases.xml	0
praSaWa	pras4at2ha	praśaṭha	praśaṭha	fiction	19594	270-3	SCH-fiction-3147_cases.xml	0
praSAntaviniScayaprAtihAryanirdeSa	Pras4a1ntavinis4cayapra1tiha1ryanirdes4a	praśāntaviniścayaprātihāryanirdeśa	praśāntaviniścayaprātihāryanirdeśa	fiction	19598	270-3	SCH-fiction-3147_cases.xml	0
prAdeSana	pra1des4ana	prādeśana	prādeśana	fiction	19766	272-3	SCH-fiction-3147_cases.xml	0
prAyaScittika	pra1yas4cittika	prāyaścittika	prāyaścittika	fiction	19788	273-1	SCH-fiction-3147_cases.xml	0
PaNgA	phan3ga1	phaṅgā	phangā	fiction	19907	274a-1	SCH-fiction-3147_cases.xml	0
Paraka	pharaka	pharaka	pharaka	fiction	19916	274a-2	SCH-fiction-3147_cases.xml	0
PalASana	phala1s4ana	phalāśana	phalāśana	fiction	19930	275-1	SCH-fiction-3147_cases.xml	0
baqiSa	bad2is4a	baḍiśa	baḍiśa	fiction	19981	275-3	SCH-fiction-3147_cases.xml	0
banDanI	bandhani1	bandhanī	bandhanī	fiction	20010	276-1	SCH-fiction-3147_cases.xml	0
bappIha	bappi1ha	bappīha	bappīha	fiction	20027	276-2	SCH-fiction-3147_cases.xml	0
bariSI	baris4i1	bariśī	bariśī	fiction	20039	276-2	SCH-fiction-3147_cases.xml	0
baliSa	balis4a	baliśa	baliśa	fiction	20083	277-1	SCH-fiction-3147_cases.xml	0
baliSi	balis4i	baliśi	baliśi	fiction	20084	277-1	SCH-fiction-3147_cases.xml	0
bazkayARI	bas2kaya1n2i1	baṣkayāṇī	baṣkayānī	fiction	20090	277-1	SCH-fiction-3147_cases.xml	0
bahumArgatA	bahuma1rgata1	bahumārgatā	bahumārgatā	fiction	20125	277-3	SCH-fiction-3147_cases.xml	0
bisaSAlUka	bisas4a1lu1ka	bisaśālūka	bisaśālūka	fiction	20266	279-2	SCH-fiction-3147_cases.xml	0
bfhannaqA	Br2hannad2a1	bṛhannaḍā	bṛhannaḍā	fiction	20317	280-2	SCH-fiction-3147_cases.xml	0
boDipakzanirdeSa	Bodhipaks2anirdes4a	bodhipakṣanirdeśa	bodhipakṣanirdeśa	fiction	20334	280-2	SCH-fiction-3147_cases.xml	0
Banda	bhanda	bhanda	bhanda	fiction	20457	282-2	SCH-fiction-3147_cases.xml	0
BAtkUwa	bha1tku1t2a	bhātkūṭa	bhātkūṭa	fiction	20542	283-2	SCH-fiction-3147_cases.xml	0
BAvaBawa	Bha1vabhat2a	bhāvabhaṭa	bhāvabhaṭa	fiction	20574	283-3	SCH-fiction-3147_cases.xml	0
BinnakleSa	bhinnakles4a	bhinnakleśa	bhinnakleśa	fiction	20610	284-2	SCH-fiction-3147_cases.xml	0
BujagASana	bhujaga1s4ana	bhujagāśana	bhujagāśana	fiction	20650	285-1	SCH-fiction-3147_cases.xml	0
BujaSiras	bhujas4iras	bhujaśiras	bhujaśiras	fiction	20670	285-1	SCH-fiction-3147_cases.xml	0
BUtanASana	bhu1tana1s4ana	bhūtanāśana	bhūtanāśana	fiction	20693	285-3	SCH-fiction-3147_cases.xml	0
BUyaSCandika	bhu1yas4chandika	bhūyaśchandika	bhūyaśchandika	fiction	20727	286-1	SCH-fiction-3147_cases.xml	0
BUyastvA	[bhu1yastva1]	bhūyastvā	bhūyastvā	fiction	20729	286-1	SCH-fiction-3147_cases.xml	0
BramaRikA	bhraman2ika1	bhramaṇikā	bhramanikā	fiction	20810	287-2	SCH-fiction-3147_cases.xml	0
maYjuSrIbudDakzetraguRavyUha	Man5jus4ri1buddhaks2etragun2avyu1ha	mañjuśrībuddhakṣetraguṇavyūha	manjuśrībuddhakṣetragunavyūha	fiction	20892	288-2	SCH-fiction-3147_cases.xml	0
maYjuSrIvihAra	Man5jus4ri1viha1ra	mañjuśrīvihāra	manjuśrīvihāra	fiction	20893	288-2	SCH-fiction-3147_cases.xml	0
maRinda	-man2inda	maṇinda	maninda	fiction	20915	288-3	SCH-fiction-3147_cases.xml	0
maRqayate	man2d2ay(ate)	maṇḍayate	manḍayate	fiction	20939	289-2	SCH-fiction-3147_cases.xml	0
madanANkuSa	madana1n3kus4a	madanāṅkuśa	madanānkuśa	fiction	21025	290-2	SCH-fiction-3147_cases.xml	0
madanAtrapatra	madana1trapatra	madanātrapatra	madanātrapatra	fiction	21026	290-2	SCH-fiction-3147_cases.xml	0
mayUrANki	mayu1ra1n3ki	mayūrāṅki	mayūrānki	fiction	21256	293-3	SCH-fiction-3147_cases.xml	0
marAlI	mara1li1	marālī	marālī	fiction	21264	293-3	SCH-fiction-3147_cases.xml	0
mAtaNgavedi	ma1tan3gavedi	mātaṅgavedi	mātangavedi	fiction	21493	297-1	SCH-fiction-3147_cases.xml	0
mAtfSAsita	ma1tr2s4a1sita	mātṛśāsita	mātṛśāsita	fiction	21508	297-1	SCH-fiction-3147_cases.xml	0
mArgadeSika	ma1rgades4ika	mārgadeśika	mārgadeśika	fiction	21594	298-2	SCH-fiction-3147_cases.xml	0
mArdaNgI	ma1rdan3gi1	mārdaṅgī	mārdangī	fiction	21614	298-2	SCH-fiction-3147_cases.xml	0
milgunI	[milguni1	milgunī	milgunī	fiction	21691	299-2	SCH-fiction-3147_cases.xml	0
muRqaSayanAsanavArika	mun2d2as4ayana1sanava1rika	muṇḍaśayanāsanavārika	munḍaśayanāsanavārika	fiction	21806	301-1	SCH-fiction-3147_cases.xml	0
murajetar	Murajetar	murajetar	murajetar	fiction	21839	301-3	SCH-fiction-3147_cases.xml	0
musuntikA	musuntika1	musuntikā	musuntikā	fiction	21857	302-1	SCH-fiction-3147_cases.xml	0
mfgadaMSa	mr2gadam2s4a	mṛgadaṃśa	mṛgadanśa	fiction	21904	302-3	SCH-fiction-3147_cases.xml	0
merukadambaka	Merukadambaka	merukadambaka	merukadambaka	fiction	22000	303-3	SCH-fiction-3147_cases.xml	0
mradizwa	mradis2t2a	mradiṣṭa	mradiṣṭa	fiction	22061	304-3	SCH-fiction-3147_cases.xml	0
yaTABUtadarSin	yatha1bhu1tadars4in	yathābhūtadarśin	yathābhūtadarśin	fiction	22113	305-2	SCH-fiction-3147_cases.xml	0
yaSaHpawaha	yas4ah2pat2aha	yaśaḥpaṭaha	yaśaḥpaṭaha	fiction	22185	306-2	SCH-fiction-3147_cases.xml	0
raNgaSAlA	ran3gas4a1la1	raṅgaśālā	rangaśālā	fiction	22347	308-3	SCH-fiction-3147_cases.xml	0
ratnarASi	ratnara1s4i	ratnarāśi	ratnarāśi	fiction	22447	310-1	SCH-fiction-3147_cases.xml	0
rasarasAgratA	rasarasa1grata1	rasarasāgratā	rasarasāgratā	fiction	22534	311-1	SCH-fiction-3147_cases.xml	0
rasAyus	rasa1yus	rasāyus	rasāyus	fiction	22546	311-1	SCH-fiction-3147_cases.xml	0
rAjayate	ra1jay(ate)	rājayate	rājayate	fiction	22587	311-3	SCH-fiction-3147_cases.xml	0
rAjadana	ra1jadana	rājadana	rājadana	fiction	22600	312-1	SCH-fiction-3147_cases.xml	0
rADAcakra	ra1dha1cakra	rādhācakra	rādhācakra	fiction	22630	312-2	SCH-fiction-3147_cases.xml	0
rohitASva	rohita1s4va	rohitāśva	rohitāśva	fiction	22771	314-3	SCH-fiction-3147_cases.xml	0
lapanA	lapana1	lapanā	lapanā	fiction	22844	315-3	SCH-fiction-3147_cases.xml	0
lESika	lais4ika	laiśika	laiśika	fiction	22987	317-3	SCH-fiction-3147_cases.xml	0
lomASikA	loma1s4ika1	lomāśikā	lomāśikā	fiction	23013	318-1	SCH-fiction-3147_cases.xml	0
vawadala	vat2adala	vaṭadala	vaṭadala	fiction	23111	319-2	SCH-fiction-3147_cases.xml	0
vawavarRa	vat2avarn2a	vaṭavarṇa	vaṭavarna	fiction	23115	319-2	SCH-fiction-3147_cases.xml	0
vanapriyA	vanapriya1	vanapriyā	vanapriyā	fiction	23163	320-1	SCH-fiction-3147_cases.xml	0
vapIha	vapi1ha	vapīha	vapīha	fiction	23189	320-2	SCH-fiction-3147_cases.xml	0
valmIkaBU	valmi1kabhu1	valmīkabhū	valmīkabhū	fiction	23327	322-3	SCH-fiction-3147_cases.xml	0
vahniSiKa	Vahnis4ikha	vahniśikha	vahniśikha	fiction	23405	323-3	SCH-fiction-3147_cases.xml	0
vAMSika	va1m2s4ika	vāṃśika	vānśika	fiction	23412	324-1	SCH-fiction-3147_cases.xml	0
vAtaKuqa	va1takhud2a	vātakhuḍa	vātakhuḍa	fiction	23449	324-2	SCH-fiction-3147_cases.xml	0
vAraRabUsA	va1ran2abu1sa1	vāraṇabūsā	vāranabūsā	fiction	23525	325-2	SCH-fiction-3147_cases.xml	0
vAraRavusA	va1ran2avusa1	vāraṇavusā	vāranavusā	fiction	23526	325-2	SCH-fiction-3147_cases.xml	0
vicitramOliSrIcUqa	Vicitramaulis4ri1cu1d2a	vicitramauliśrīcūḍa	vicitramauliśrīcūḍa	fiction	23713	328-1	SCH-fiction-3147_cases.xml	0
vipfzWI	vipr2s2t2hi1	vipṛṣṭhī	vipṛṣṭhī	fiction	23953	331-1	SCH-fiction-3147_cases.xml	0
vireya	vireya	vireya	vireya	fiction	24069	332-2	SCH-fiction-3147_cases.xml	0
viSAta	vis4a1ta	viśāta	viśāta	fiction	24140	333-2	SCH-fiction-3147_cases.xml	0
viSudDasvaranirGozA	vis4uddhasvaranirghos2a1	viśuddhasvaranirghoṣā	viśuddhasvaranirghoṣā	fiction	24150	333-2	SCH-fiction-3147_cases.xml	0
viSvakadru	vis4vakadru	viśvakadru	viśvakadru	fiction	24171	333-3	SCH-fiction-3147_cases.xml	0
vizamaviSiKa	vis2amavis4ikha	viṣamaviśikha	viṣamaviśikha	fiction	24218	334-2	SCH-fiction-3147_cases.xml	0
visArana	visa1rana	visārana	visārana	fiction	24258	334-3	SCH-fiction-3147_cases.xml	0
vfkadaMSa	vr2kadam2s4a	vṛkadaṃśa	vṛkadanśa	fiction	24362	336-1	SCH-fiction-3147_cases.xml	0
vyantI	vyanti1	vyantī	vyantī	fiction	24565	338-3	SCH-fiction-3147_cases.xml	0
Sakawi	s4akat2i	śakaṭi	śakaṭi	fiction	24687	340-3	SCH-fiction-3147_cases.xml	0
Sakftkari	s4akr2tkari	śakṛtkari	śakṛtkari	fiction	24701	340-2	SCH-fiction-3147_cases.xml	0
Sakra	s4akra	śakra	śakra	fiction	24709	340-2	SCH-fiction-3147_cases.xml	0
Sakranandana	S4akranandana	śakranandana	śakranandana	fiction	24712	340-3	SCH-fiction-3147_cases.xml	0
SakraSarAsana	s4akras4ara1sana	śakraśarāsana	śakraśarāsana	fiction	24714	340-3	SCH-fiction-3147_cases.xml	0
SakraSiras	s4akras4iras	śakraśiras	śakraśiras	fiction	24715	340-3	SCH-fiction-3147_cases.xml	0
Sakla	s4akla	śakla	śakla	fiction	24717	340-3	SCH-fiction-3147_cases.xml	0
SaNKanaka	S4an3khanaka	śaṅkhanaka	śankhanaka	fiction	24730	341-1	SCH-fiction-3147_cases.xml	0
SaNKaSuktikA	s4an3khas4uktika1	śaṅkhaśuktikā	śankhaśuktikā	fiction	24735	341-1	SCH-fiction-3147_cases.xml	0
SaNKasvara	s4an3khasvara	śaṅkhasvara	śankhasvara	fiction	24736	341-1	SCH-fiction-3147_cases.xml	0
SacISa	S4aci1s4a	śacīśa	śacīśa	fiction	24739	341-1	SCH-fiction-3147_cases.xml	0
SaYc	s4an5c	śañc	śanc	fiction	24740	341-1	SCH-fiction-3147_cases.xml	0
Saw	s4at2	śaṭ	śaṭ	fiction	24741	341-1	SCH-fiction-3147_cases.xml	0
SatapattrI	s4atapattri1	śatapattrī	śatapattrī	fiction	24760	341-2	SCH-fiction-3147_cases.xml	0
SataparvA	s4ataparva1	śataparvā	śataparvā	fiction	24762	341-2	SCH-fiction-3147_cases.xml	0
SataparvikA	s4ataparvika1	śataparvikā	śataparvikā	fiction	24763	341-2	SCH-fiction-3147_cases.xml	0
SatamUlI	s4atamu1li1	śatamūlī	śatamūlī	fiction	24771	341-2	SCH-fiction-3147_cases.xml	0
SataveDin	s4atavedhin	śatavedhin	śatavedhin	fiction	24774	341-2	SCH-fiction-3147_cases.xml	0
SatANga	s4ata1n3ga	śatāṅga	śatānga	fiction	24780	341-3	SCH-fiction-3147_cases.xml	0
SatAnanda	S4ata1nanda	śatānanda	śatānanda	fiction	24781	341-3	SCH-fiction-3147_cases.xml	0
SatvarI	s4atvari1	śatvarī	śatvarī	fiction	24786	341-3	SCH-fiction-3147_cases.xml	0
Sabarakanda	s4abarakanda	śabarakanda	śabarakanda	fiction	24796	341-3	SCH-fiction-3147_cases.xml	0
Sabdagraha	s4abdagraha	śabdagraha	śabdagraha	fiction	24803	341-3	SCH-fiction-3147_cases.xml	0
SabdaprAS	s4abdapra1s4	śabdaprāś	śabdaprāś	fiction	24804	341-3	SCH-fiction-3147_cases.xml	0
SamanasTala	s4amanasthala	śamanasthala	śamanasthala	fiction	24812	342-1	SCH-fiction-3147_cases.xml	0
SampA	s4ampa1	śampā	śampā	fiction	24815	342-1	SCH-fiction-3147_cases.xml	0
SambalI	s4ambali1	śambalī	śambalī	fiction	24823	342-1	SCH-fiction-3147_cases.xml	0
SamBu	s4ambhu	śambhu	śambhu	fiction	24825	342-1	SCH-fiction-3147_cases.xml	0
SayanAsanavArika	s4ayana1sanava1rika	śayanāsanavārika	śayanāsanavārika	fiction	24829	342-1	SCH-fiction-3147_cases.xml	0
SayAlu	s4aya1lu	śayālu	śayālu	fiction	24831	342-1	SCH-fiction-3147_cases.xml	0
SarapuNKA	s4arapun3kha1	śarapuṅkhā	śarapunkhā	fiction	24838	342-2	SCH-fiction-3147_cases.xml	0
SaraBU	s4arabhu1	śarabhū	śarabhū	fiction	24844	342-2	SCH-fiction-3147_cases.xml	0
Salala	s4alala	śalala	śalala	fiction	24865	342-3	SCH-fiction-3147_cases.xml	0
SalAka	s4ala1ka	śalāka	śalāka	fiction	24867	342-3	SCH-fiction-3147_cases.xml	0
SaSaplutaka	s4as4aplutaka	śaśaplutaka	śaśaplutaka	fiction	24890	343-1	SCH-fiction-3147_cases.xml	0
SaSarajas	s4as4arajas	śaśarajas	śaśarajas	fiction	24892	343-1	SCH-fiction-3147_cases.xml	0
SaSAdana	s4as4a1dana	śaśādana	śaśādana	fiction	24901	343-1	SCH-fiction-3147_cases.xml	0
SANKika	s4a1n3khika	śāṅkhika	śānkhika	fiction	24938	343-3	SCH-fiction-3147_cases.xml	0
SAtrava	s4a1trava	śātrava	śātrava	fiction	24947	343-3	SCH-fiction-3147_cases.xml	0
SAbara	s4a1bara	śābara	śābara	fiction	24950	343-3	SCH-fiction-3147_cases.xml	0
SAradika	s4a1radika	śāradika	śāradika	fiction	24959	343-3	SCH-fiction-3147_cases.xml	0
SArdUla	s4a1rdu1la	śārdūla	śārdūla	fiction	24967	344-1	SCH-fiction-3147_cases.xml	0
SAlIya	s4a1li1ya	śālīya	śālīya	fiction	24977	344-1	SCH-fiction-3147_cases.xml	0
SAsanahara	s4a1sanahara	śāsanahara	śāsanahara	fiction	24985	344-1	SCH-fiction-3147_cases.xml	0
SiKara	s4ikhara	śikhara	śikhara	fiction	25003	344-2	SCH-fiction-3147_cases.xml	0
SiKarin	s4ikharin	śikharin	śikharin	fiction	25007	344-2	SCH-fiction-3147_cases.xml	0
Siw	s4it2	śiṭ	śiṭ	fiction	25022	344-3	SCH-fiction-3147_cases.xml	0
SimbI	s4imbi1	śimbī	śimbī	fiction	25039	344-3	SCH-fiction-3147_cases.xml	0
SirIza	S4iri1s2a	śirīṣa	śirīṣa	fiction	25045	344-3	SCH-fiction-3147_cases.xml	0
SirosTi	s4iro'sthi	śirosthi	śirosthi	fiction	25048	345-1	SCH-fiction-3147_cases.xml	0
Sirogfha	s4irogr2ha	śirogṛha	śirogṛha	fiction	25049	345-1	SCH-fiction-3147_cases.xml	0
Sila	s4ila	śila	śila	fiction	25053	345-1	SCH-fiction-3147_cases.xml	0
SilAkusuma	s4ila1kusuma	śilākusuma	śilākusuma	fiction	25055	345-1	SCH-fiction-3147_cases.xml	0
SilAtmaja	s4ila1tmaja	śilātmaja	śilātmaja	fiction	25056	345-1	SCH-fiction-3147_cases.xml	0
SilAsAra	s4ila1sa1ra	śilāsāra	śilāsāra	fiction	25063	345-1	SCH-fiction-3147_cases.xml	0
Sivapriya	s4ivapriya	śivapriya	śivapriya	fiction	25073	345-1	SCH-fiction-3147_cases.xml	0
SivAkza	s4iva1ks2a	śivākṣa	śivākṣa	fiction	25078	345-2	SCH-fiction-3147_cases.xml	0
SItaBIru	s4i1tabhi1ru	śītabhīru	śītabhīru	fiction	25106	345-3	SCH-fiction-3147_cases.xml	0
SIlamaya	s4i1lamaya	śīlamaya	śīlamaya	fiction	25131	345-3	SCH-fiction-3147_cases.xml	0
SIlavrata	s4i1lavrata	śīlavrata	śīlavrata	fiction	25133	345-3	SCH-fiction-3147_cases.xml	0
Suka	s4uka	śuka	śuka	fiction	25137	346-1	SCH-fiction-3147_cases.xml	0
SukanASa	S4ukana1s4a	śukanāśa	śukanāśa	fiction	25139	346-1	SCH-fiction-3147_cases.xml	0
Sukravisfzwi	s4ukravisr2s2t2i	śukravisṛṣṭi	śukravisṛṣṭi	fiction	25150	346-1	SCH-fiction-3147_cases.xml	0
SuklavidarSanA	s4uklavidars4ana1	śuklavidarśanā	śuklavidarśanā	fiction	25155	346-1	SCH-fiction-3147_cases.xml	0
SuRqAla	s4un2d2a1la	śuṇḍāla	śunḍāla	fiction	25164	346-2	SCH-fiction-3147_cases.xml	0
SudDapratiBAsa	s4uddhapratibha1sa	śuddhapratibhāsa	śuddhapratibhāsa	fiction	25168	346-2	SCH-fiction-3147_cases.xml	0
SuBagarBa	S4ubhagarbha	śubhagarbha	śubhagarbha	fiction	25182	346-2	SCH-fiction-3147_cases.xml	0
SulkaSAlA	s4ulkas4a1la1	śulkaśālā	śulkaśālā	fiction	25192	346-3	SCH-fiction-3147_cases.xml	0
Sulba	s4ulba	śulba	śulba	fiction	25195	346-3	SCH-fiction-3147_cases.xml	0
SUkA	s4u1ka1	śūkā	śūkā	fiction	25201	346-3	SCH-fiction-3147_cases.xml	0
SUr	s4u1r	śūr	śūr	fiction	25212	347-1	SCH-fiction-3147_cases.xml	0
SUra	s4u1ra	śūra	śūra	fiction	25213	347-1	SCH-fiction-3147_cases.xml	0
SUraMgama	s4u1ram2gama	śūraṃgama	śūrangama	fiction	25214	347-1	SCH-fiction-3147_cases.xml	0
SUraMgamasamADinirdeSa	S4u1ram2gamasama1dhinirdes4a	śūraṃgamasamādhinirdeśa	śūrangamasamādhinirdeśa	fiction	25215	347-1	SCH-fiction-3147_cases.xml	0
SUrin	s4u1rin	śūrin	śūrin	fiction	25217	347-1	SCH-fiction-3147_cases.xml	0
SUrpakArAti	S4u1rpaka1ra1ti	śūrpakārāti	śūrpakārāti	fiction	25219	347-1	SCH-fiction-3147_cases.xml	0
SfNgAwaka	s4r2n3ga1t2aka	śṛṅgāṭaka	śṛngāṭaka	fiction	25231	347-1	SCH-fiction-3147_cases.xml	0
SfNgArayoni	s4r2n3ga1rayoni	śṛṅgārayoni	śṛngārayoni	fiction	25236	347-2	SCH-fiction-3147_cases.xml	0
SePAli	s4epha1li	śephāli	śephāli	fiction	25251	347-2	SCH-fiction-3147_cases.xml	0
Sebala	s4ebala	śebala	śebala	fiction	25254	347-2	SCH-fiction-3147_cases.xml	0
Sevala	s4evala	śevala	śevala	fiction	25256	347-2	SCH-fiction-3147_cases.xml	0
SEvala	S4aivala	śaivala	śaivala	fiction	25271	347-3	SCH-fiction-3147_cases.xml	0
SEvalinI	s4aivalini1	śaivalinī	śaivalinī	fiction	25274	347-3	SCH-fiction-3147_cases.xml	0
SoDa	s4odha	śodha	śodha	fiction	25290	347-3	SCH-fiction-3147_cases.xml	0
SOktikeya	s4auktikeya	śauktikeya	śauktikeya	fiction	25297	348-1	SCH-fiction-3147_cases.xml	0
SyAma	S4ya1ma	śyāma	śyāma	fiction	25308	348-1	SCH-fiction-3147_cases.xml	0
SyAmalikA	s4ya1malika1	śyāmalikā	śyāmalikā	fiction	25310	348-1	SCH-fiction-3147_cases.xml	0
SradDAnusArin	s4raddha1nusa1rin	śraddhānusārin	śraddhānusārin	fiction	25327	348-2	SCH-fiction-3147_cases.xml	0
SradDAbalADAna	S4raddha1bala1dha1na	śraddhābalādhāna	śraddhābalādhāna	fiction	25329	348-2	SCH-fiction-3147_cases.xml	0
SradDAvimukta	s4raddha1vimukta	śraddhāvimukta	śraddhāvimukta	fiction	25332	348-2	SCH-fiction-3147_cases.xml	0
SradDeya	s4raddheya	śraddheya	śraddheya	fiction	25333	348-2	SCH-fiction-3147_cases.xml	0
SramaRa	s4raman2a	śramaṇa	śramana	fiction	25337	348-2	SCH-fiction-3147_cases.xml	0
SramB	s4rambh	śrambh	śrambh	fiction	25343	348-2	SCH-fiction-3147_cases.xml	0
Sravas	s4ravas	śravas	śravas	fiction	25352	348-3	SCH-fiction-3147_cases.xml	0
SrAk	s4ra1k	śrāk	śrāk	fiction	25354	348-3	SCH-fiction-3147_cases.xml	0
SrAmaReraka	s4ra1man2eraka	śrāmaṇeraka	śrāmaneraka	fiction	25355	348-3	SCH-fiction-3147_cases.xml	0
SrAyasa	s4ra1yasa	śrāyasa	śrāyasa	fiction	25356	348-3	SCH-fiction-3147_cases.xml	0
Sri	s4ri	śri	śri	fiction	25358	348-3	SCH-fiction-3147_cases.xml	0
SrIparRikA	s4ri1parn2ika1	śrīparṇikā	śrīparnikā	fiction	25368	349-1	SCH-fiction-3147_cases.xml	0
SrIpuzpa	s4ri1pus2pa	śrīpuṣpa	śrīpuṣpa	fiction	25370	349-1	SCH-fiction-3147_cases.xml	0
SrIvatsalAYCana	s4ri1vatsala1n5chana	śrīvatsalāñchana	śrīvatsalānchana	fiction	25378	349-1	SCH-fiction-3147_cases.xml	0
Srutamaya	s4rutamaya	śrutamaya	śrutamaya	fiction	25385	349-1	SCH-fiction-3147_cases.xml	0
SrERya	S4rain2ya	śraiṇya	śrainya	fiction	25403	349-2	SCH-fiction-3147_cases.xml	0
Sval	s4val	śval	śval	fiction	25423	349-2	SCH-fiction-3147_cases.xml	0
Svetagarut	s4vetagarut	śvetagarut	śvetagarut	fiction	25431	349-3	SCH-fiction-3147_cases.xml	0
SvetacCada	s4vetacchada	śvetacchada	śvetacchada	fiction	25432	349-3	SCH-fiction-3147_cases.xml	0
SvetapiNgala	s4vetapin3gala	śvetapiṅgala	śvetapingala	fiction	25435	349-3	SCH-fiction-3147_cases.xml	0
Svetarakta	s4vetarakta	śvetarakta	śvetarakta	fiction	25440	349-3	SCH-fiction-3147_cases.xml	0
zaqvArzikamaha	s2ad2va1rs2ikamaha	ṣaḍvārṣikamaha	ṣaḍvārṣikamaha	fiction	25473	350-3	SCH-fiction-3147_cases.xml	0
sacetaka	sacetaka	sacetaka	sacetaka	fiction	25662	352-3	SCH-fiction-3147_cases.xml	0
satpaSu	satpas4u	satpaśu	satpaśu	fiction	25710	353-2	SCH-fiction-3147_cases.xml	0
samudrakaleKaka	samudrakalekhaka	samudrakalekhaka	samudrakalekhaka	fiction	26063	358-1	SCH-fiction-3147_cases.xml	0
sarvaDarmapraveSamudra	sarvadharmapraves4amudra	sarvadharmapraveśamudra	sarvadharmapraveśamudra	fiction	26236	360-3	SCH-fiction-3147_cases.xml	0
sarvaroDaviroDasaMpraSamana	sarvarodhavirodhasam2pras4amana	sarvarodhavirodhasaṃpraśamana	sarvarodhavirodhasampraśamana	fiction	26243	360-3	SCH-fiction-3147_cases.xml	0
sarvavyUharatisvaBAvanayasaMdarSana	Sarvavyu1haratisvabha1vanayasam2dars4ana	sarvavyūharatisvabhāvanayasaṃdarśana	sarvavyūharatisvabhāvanayasandarśana	fiction	26247	360-3	SCH-fiction-3147_cases.xml	0
sAMkASikA	sa1m2ka1s4ika1	sāṃkāśikā	sānkāśikā	fiction	26369	362-2	SCH-fiction-3147_cases.xml	0
sudarSanaprItikara	Sudars4anapri1tikara	sudarśanaprītikara	sudarśanaprītikara	fiction	26671	366-2	SCH-fiction-3147_cases.xml	0
sudarSanA	sudars4ana1	sudarśanā	sudarśanā	fiction	26673	366-2	SCH-fiction-3147_cases.xml	0
sumanAyate	sumana1y(ate)	sumanāyate	sumanāyate	fiction	26750	367-1	SCH-fiction-3147_cases.xml	0
suSIma	sus4i1ma	suśīma	suśīma	fiction	26856	368-2	SCH-fiction-3147_cases.xml	0
suSukla	sus4ukla	suśukla	suśukla	fiction	26857	368-2	SCH-fiction-3147_cases.xml	0
suSoDita	sus4odhita	suśodhita	suśodhita	fiction	26858	368-2	SCH-fiction-3147_cases.xml	0
sUryASman	su1rya1s4man	sūryāśman	sūryāśman	fiction	26932	369-2	SCH-fiction-3147_cases.xml	0
seriBI	seribhi1	seribhī	seribhī	fiction	26955	369-3	SCH-fiction-3147_cases.xml	0
sOlkikeya	saulkikeya	saulkikeya	saulkikeya	fiction	27029	370-3	SCH-fiction-3147_cases.xml	0
sOvarRakuqyaka	Sauvarn2akud2yaka	sauvarṇakuḍyaka	sauvarnakuḍyaka	fiction	27032	370-3	SCH-fiction-3147_cases.xml	0
sOsnAtikI	sausna1tiki1	sausnātikī	sausnātikī	fiction	27041	370-3	SCH-fiction-3147_cases.xml	0
sTUlaBittikatA	sthu1labhittikata1	sthūlabhittikatā	sthūlabhittikatā	fiction	27152	372-2	SCH-fiction-3147_cases.xml	0
sparSana	spars4ana	sparśana	sparśana	fiction	27173	372-3	SCH-fiction-3147_cases.xml	0
sparSamaRi	spars4aman2i	sparśamaṇi	sparśamani	fiction	27174	372-3	SCH-fiction-3147_cases.xml	0
sparSavihAra	spars4aviha1ra	sparśavihāra	sparśavihāra	fiction	27176	372-3	SCH-fiction-3147_cases.xml	0
sPawikASman	sphat2ika1s4man	sphaṭikāśman	sphaṭikāśman	fiction	27188	373-1	SCH-fiction-3147_cases.xml	0
svakArTa	svaka1rtha	svakārtha	svakārtha	fiction	27275	374-1	SCH-fiction-3147_cases.xml	0
havyASana	havya1s4ana	havyāśana	havyāśana	fiction	27499	377-1	SCH-fiction-3147_cases.xml	0
hIrabera	hi1rabera	hīrabera	hīrabera	fiction	27597	378-2	SCH-fiction-3147_cases.xml	0
hudukA	huduka1	hudukā	hudukā	fiction	27610	378-2	SCH-fiction-3147_cases.xml	0
aMsasTala	am2sasthala	aṃsasthala	ansasthala	fiction	27664	381-1	SCH-fiction-3147_cases.xml	0
amftASana	amr2ta1s4ana	amṛtāśana	amṛtāśana	fiction	27917	384-2	SCH-fiction-3147_cases.xml	0
avakeSin	avakes4in	avakeśin	avakeśin	fiction	27988	385-2	SCH-fiction-3147_cases.xml	0
AnESvarya	a1nais4varya	ānaiśvarya	ānaiśvarya	fiction	28122	387-2	SCH-fiction-3147_cases.xml	0
ASI	a1s4i1	āśī	āśī	fiction	28179	388-1	SCH-fiction-3147_cases.xml	0
indrakoSa	indrakos4a	indrakośa	indrakośa	fiction	28202	388-2	SCH-fiction-3147_cases.xml	0
oGIkfta	oghi1kr2ta	oghīkṛta	oghīkṛta	fiction	28334	390-1	SCH-fiction-3147_cases.xml	0
kawakabanDa	kat2akabandha	kaṭakabandha	kaṭakabandha	fiction	28363	390-3	SCH-fiction-3147_cases.xml	0
kambikA	kambika1	kambikā	kambikā	fiction	28394	391-1	SCH-fiction-3147_cases.xml	0
kamBAri	kambha1ri	kambhāri	kambhāri	fiction	28395	391-1	SCH-fiction-3147_cases.xml	0
kalAyapuzpaka	kala1yapus2paka	kalāyapuṣpaka	kalāyapuṣpaka	fiction	28430	391-3	SCH-fiction-3147_cases.xml	0
kuhunA	kuhuna1	kuhunā	kuhunā	fiction	28536	393-1	SCH-fiction-3147_cases.xml	0
goRqita	gon2d2ita	goṇḍita	gonḍita	fiction	28639	394-2	SCH-fiction-3147_cases.xml	0
aMSumatPala	am2s4umatphala	aṃśumatphala	anśumatphala	gedruckt	12	001-1	SCH-gedruckt_86_cases.xml	0
akuRWakaRWam	akun2t2hakan2t2ham	akuṇṭhakaṇṭham	akunṭhakanṭham	gedruckt	116	002-3	SCH-gedruckt_86_cases.xml	0
aNkanaSAstra	An3kanas4a1stra	aṅkanaśāstra	ankanaśāstra	gedruckt	570	008-3	SCH-gedruckt_86_cases.xml	0
awwahAsapuzpa	at2t2aha1sapus2pa	aṭṭahāsapuṣpa	aṭṭahāsapuṣpa	gedruckt	892	013-1	SCH-gedruckt_86_cases.xml	0
anuguRatA	anugun2ata1	anuguṇatā	anugunatā	gedruckt	2608	036-1	SCH-gedruckt_86_cases.xml	0
avipAkin	avipa1kin	avipākin	avipākin	gedruckt	5600	076-3	SCH-gedruckt_86_cases.xml	0
AsTAnIgfha	a1stha1ni1gr2ha	āsthānīgṛha	āsthānīgṛha	gedruckt	7537	103-2	SCH-gedruckt_86_cases.xml	0
uccuRwana	uccun2t2ana	uccuṇṭana	uccunṭana	gedruckt	7898	108-3	SCH-gedruckt_86_cases.xml	0
ekadfS	ekadr2s4	ekadṛś	ekadṛś	gedruckt	9077	124a-3	SCH-gedruckt_86_cases.xml	0
eRANkana	en2a1n3kana	eṇāṅkana	enānkana	gedruckt	9251	127-2	SCH-gedruckt_86_cases.xml	0
kakupkumBin	kakupkumbhin	kakupkumbhin	kakupkumbhin	gedruckt	9443	130-1	SCH-gedruckt_86_cases.xml	0
kArpARavI	ka1rpa1n2avi1	kārpāṇavī	kārpānavī	gedruckt	10456	144-2	SCH-gedruckt_86_cases.xml	0
kEMparya	kaim2parya	kaiṃparya	kaimparya	gedruckt	11349	156-1	SCH-gedruckt_86_cases.xml	0
KawAlapattra	khat2a1lapattra	khaṭālapattra	khaṭālapattra	gedruckt	11782	162-1	SCH-gedruckt_86_cases.xml	0
grahaBft	grahabhr2t	grahabhṛt	grahabhṛt	gedruckt	12629	174-1	SCH-gedruckt_86_cases.xml	0
grATilya	gra1thilya	grāthilya	grāthilya	gedruckt	12641	174-2	SCH-gedruckt_86_cases.xml	0
candrakavala	candrakavala	candrakavala	candrakavala	gedruckt	13023	179-2	SCH-gedruckt_86_cases.xml	0
CAttraSAlA	cha1ttras4a1la1	chāttraśālā	chāttraśālā	gedruckt	13550	187-1	SCH-gedruckt_86_cases.xml	0
daRqapASika	dan2d2apa1s4ika	daṇḍapāśika	danḍapāśika	gedruckt	15083	208-1	SCH-gedruckt_86_cases.xml	0
daRqapratikariRI	dan2d2apratikarin2i1	daṇḍapratikariṇī	danḍapratikarinī	gedruckt	15085	208-1	SCH-gedruckt_86_cases.xml	0
dantakoza	dantakos2a	dantakoṣa	dantakoṣa	gedruckt	15120	208-3	SCH-gedruckt_86_cases.xml	0
dantacCeda	dantaccheda	dantaccheda	dantaccheda	gedruckt	15124	208-3	SCH-gedruckt_86_cases.xml	0
daSaSatABISu	das4as4ata1bhi1s4u	daśaśatābhīśu	daśaśatābhīśu	gedruckt	15235	210-1	SCH-gedruckt_86_cases.xml	0
nizpratipattika	nis2pratipattika	niṣpratipattika	niṣpratipattika	gedruckt	17161	237-1	SCH-gedruckt_86_cases.xml	0
pattraBaYjikA	pattrabhan5jika1	pattrabhañjikā	pattrabhanjikā	gedruckt	17660	243-3	SCH-gedruckt_86_cases.xml	0
pAMsulakzaRa	pa1m2sulaks2an2a	pāṃsulakṣaṇa	pānsulakṣana	gedruckt	18204	251-3	SCH-gedruckt_86_cases.xml	0
pipAyayizu	pipa1yayis2u	pipāyayiṣu	pipāyayiṣu	gedruckt	18537	256-1	SCH-gedruckt_86_cases.xml	0
praDAvaBUmi	pradha1vabhu1mi	pradhāvabhūmi	pradhāvabhūmi	gedruckt	19445	268-2	SCH-gedruckt_86_cases.xml	0
balAhakAnta	bala1haka1nta	balāhakānta	balāhakānta	gedruckt	20073	277-1	SCH-gedruckt_86_cases.xml	0
bahuratnAyate	bahuratna1y(ate)	bahuratnāyate	bahuratnāyate	gedruckt	20130	277-3	SCH-gedruckt_86_cases.xml	0
bAhurakza	ba1huraks2a	bāhurakṣa	bāhurakṣa	gedruckt	20215	278-3	SCH-gedruckt_86_cases.xml	0
bibbokinI	bibbokini1	bibbokinī	bibbokinī	gedruckt	20243	279-1	SCH-gedruckt_86_cases.xml	0
bilasad	bilasad	bilasad	bilasad	gedruckt	20256	279-2	SCH-gedruckt_86_cases.xml	0
BItamUrti	bhi1tamu1rti	bhītamūrti	bhītamūrti	gedruckt	20622	284-3	SCH-gedruckt_86_cases.xml	0
maRqUkaparvata	man2d2u1kaparvata	maṇḍūkaparvata	manḍūkaparvata	gedruckt	20960	289-3	SCH-gedruckt_86_cases.xml	0
mutsarI	mutsari1	mutsarī	mutsarī	gedruckt	21812	301-2	SCH-gedruckt_86_cases.xml	0
lohajAlikA	lohaja1lika1	lohajālikā	lohajālikā	gedruckt	23031	318-2	SCH-gedruckt_86_cases.xml	0
vihAyaScara	viha1yas4cara	vihāyaścara	vihāyaścara	gedruckt	24303	335-2	SCH-gedruckt_86_cases.xml	0
SatapattrI	s4atapattri1	śatapattrī	śatapattrī	gedruckt	24760	341-2	SCH-gedruckt_86_cases.xml	0
SarIrakaRwaka	s4ari1rakan2t2aka	śarīrakaṇṭaka	śarīrakanṭaka	gedruckt	24852	342-2	SCH-gedruckt_86_cases.xml	0
SaSaDarakalAmOli	s4as4adharakala1mauli	śaśadharakalāmauli	śaśadharakalāmauli	gedruckt	24886	343-1	SCH-gedruckt_86_cases.xml	0
Siraspada	s4iraspada	śiraspada	śiraspada	gedruckt	25042	344-3	SCH-gedruckt_86_cases.xml	0
SradDAdeya	s4raddha1deya	śraddhādeya	śraddhādeya	gedruckt	25326	348-2	SCH-gedruckt_86_cases.xml	0
SrICattrakarI	s4ri1chattrakari1	śrīchattrakarī	śrīchattrakarī	gedruckt	25365	348-3	SCH-gedruckt_86_cases.xml	0
samanoraTa	samanoratha	samanoratha	samanoratha	gedruckt	25916	356-1	SCH-gedruckt_86_cases.xml	0
saMmUrCaka	sam2mu1rchaka	saṃmūrchaka	sammūrchaka	gedruckt	26140	359-1	SCH-gedruckt_86_cases.xml	0
soddyota	soddyota	soddyota	soddyota	gedruckt	26979	370-1	SCH-gedruckt_86_cases.xml	0
sOcittya	saucittya	saucittya	saucittya	gedruckt	27003	370-2	SCH-gedruckt_86_cases.xml	0
anativartana	anativartana	anativartana	anativartana	gedruckt	27769	382-2	SCH-gedruckt_86_cases.xml	0
udGAwima	udgha1t2ima	udghāṭima	udghāṭima	gedruckt	28260	389-1	SCH-gedruckt_86_cases.xml	0
gatagara	gatagara	gatagara	gatagara	gedruckt	28614	394-1	SCH-gedruckt_86_cases.xml	0
CattraSilA	chattras4ila1	chattraśilā	chattraśilā	gedruckt	28700	395-2	SCH-gedruckt_86_cases.xml	0
aMSaka	am2s4aka	aṃśaka	anśaka	grade	3	001-1	SCH-grade-12427_cases.xml	0
aMSukapallava	am2s4ukapallava	aṃśukapallava	anśukapallava	grade	10	001-1	SCH-grade-12427_cases.xml	0
aMSumatPala	am2s4umatphala	aṃśumatphala	anśumatphala	grade	12	001-1	SCH-grade-12427_cases.xml	0
aMhohi	am2hohi	aṃhohi	anhohi	grade	22	001-2	SCH-grade-12427_cases.xml	0
akaRqita	akan2d2ita	akaṇḍita	akanḍita	grade	26	001-2	SCH-grade-12427_cases.xml	0
akaTana	akathana	akathana	akathana	grade	29	001-2	SCH-grade-12427_cases.xml	0
akarada	akarada	akarada	akarada	grade	39	001-3	SCH-grade-12427_cases.xml	0
akartfka	akartr2ka	akartṛka	akartṛka	grade	48	001-3	SCH-grade-12427_cases.xml	0
akarmIRa	akarmi1n2a	akarmīṇa	akarmīna	grade	59	002-1	SCH-grade-12427_cases.xml	0
akaSmala	akas4mala	akaśmala	akaśmala	grade	78	002-2	SCH-grade-12427_cases.xml	0
akARqamftyu	Aka1n2d2amr2tyu	akāṇḍamṛtyu	akānḍamṛtyu	grade	82	002-2	SCH-grade-12427_cases.xml	0
akAtaratva	aka1taratva	akātaratva	akātaratva	grade	84	002-2	SCH-grade-12427_cases.xml	0
akiMcanIkfta	akim2cani1kr2ta	akiṃcanīkṛta	akincanīkṛta	grade	105	002-3	SCH-grade-12427_cases.xml	0
akIrtitavya	aki1rtitavya	akīrtitavya	akīrtitavya	grade	112	002-3	SCH-grade-12427_cases.xml	0
akuRWakaRWam	akun2t2hakan2t2ham	akuṇṭhakaṇṭham	akunṭhakanṭham	grade	116	002-3	SCH-grade-12427_cases.xml	0
akUwAtman	aku1t2a1tman	akūṭātman	akūṭātman	grade	141	003-1	SCH-grade-12427_cases.xml	0
akftrimAlApatva	akr2trima1la1patva	akṛtrimālāpatva	akṛtrimālāpatva	grade	162	003-2	SCH-grade-12427_cases.xml	0
akraSita	akras4ita	akraśita	akraśita	grade	190	003-3	SCH-grade-12427_cases.xml	0
akrUratA	akru1rata1	akrūratā	akrūratā	grade	201	003-3	SCH-grade-12427_cases.xml	0
akzatimant	aks2atimant	akṣatimant	akṣatimant	grade	222	004-1	SCH-grade-12427_cases.xml	0
akzaraRa	aks2aran2a	akṣaraṇa	akṣarana	grade	249	004-2	SCH-grade-12427_cases.xml	0
akzaramudrA	aks2aramudra1	akṣaramudrā	akṣaramudrā	grade	251	004-3	SCH-grade-12427_cases.xml	0
akzavalaya	aks2avalaya	akṣavalaya	akṣavalaya	grade	259	004-3	SCH-grade-12427_cases.xml	0
akzavalayin	aks2avalayin	akṣavalayin	akṣavalayin	grade	260	004-3	SCH-grade-12427_cases.xml	0
akzastena	aks2astena	akṣastena	akṣastena	grade	270	004-3	SCH-grade-12427_cases.xml	0
akzAma	aks2a1ma	akṣāma	akṣāma	grade	274	004-3	SCH-grade-12427_cases.xml	0
akzin	aks2in	akṣin	akṣin	grade	287	005-1	SCH-grade-12427_cases.xml	0
akzIgatatva	aks2i1gatatva	akṣīgatatva	akṣīgatatva	grade	294	005-1	SCH-grade-12427_cases.xml	0
akzumA	aks2uma1	akṣumā	akṣumā	grade	303	005-1	SCH-grade-12427_cases.xml	0
akzola	aks2ola	akṣola	akṣola	grade	312	005-2	SCH-grade-12427_cases.xml	0
aKaRqakzIRa	akhan2d2aks2i1n2a	akhaṇḍakṣīṇa	akhanḍakṣīna	grade	318	005-2	SCH-grade-12427_cases.xml	0
aKarakara	akharakara	akharakara	akharakara	grade	324	005-2	SCH-grade-12427_cases.xml	0
aKilagati	akhilagati	akhilagati	akhilagati	grade	331	005-3	SCH-grade-12427_cases.xml	0
aKilajanAvasara	Akhilajana1vasara	akhilajanāvasara	akhilajanāvasara	grade	332	005-3	SCH-grade-12427_cases.xml	0
aKiladvIpadIpa	akhiladvi1padi1pa	akhiladvīpadīpa	akhiladvīpadīpa	grade	333	005-3	SCH-grade-12427_cases.xml	0
agajABujaMga	agaja1bhujam2ga	agajābhujaṃga	agajābhujanga	grade	338	005-3	SCH-grade-12427_cases.xml	0
agaqa	agad2a	agaḍa	agaḍa	grade	339	005-3	SCH-grade-12427_cases.xml	0
agarha	agarha	agarha	agarha	grade	360	006-1	SCH-grade-12427_cases.xml	0
agastyAga	Agastya1ga	agastyāga	agastyāga	grade	369	006-1	SCH-grade-12427_cases.xml	0
agADirAjasutA	aga1dhira1jasuta1	agādhirājasutā	agādhirājasutā	grade	373	006-1	SCH-grade-12427_cases.xml	0
agABa	aga1bha	agābha	agābha	grade	374	006-1	SCH-grade-12427_cases.xml	0
agurutA	aguruta1	agurutā	agurutā	grade	391	006-2	SCH-grade-12427_cases.xml	0
agendrajA	agendraja1	agendrajā	agendrajā	grade	400	006-2	SCH-grade-12427_cases.xml	0
agniKaRqa	agnikhan2d2a	agnikhaṇḍa	agnikhanḍa	grade	418	006-3	SCH-grade-12427_cases.xml	0
agnidaMzwra	Agnidam2s2t2ra	agnidaṃṣṭra	agnidanṣṭra	grade	431	006-3	SCH-grade-12427_cases.xml	0
agnidamana	agnidamana	agnidamana	agnidamana	grade	433	007-1	SCH-grade-12427_cases.xml	0
agniDAman	Agnidha1man	agnidhāman	agnidhāman	grade	435	007-1	SCH-grade-12427_cases.xml	0
agnimocana	agnimocana	agnimocana	agnimocana	grade	452	007-1	SCH-grade-12427_cases.xml	0
agnilA	Agnila1	agnilā	agnilā	grade	455	007-2	SCH-grade-12427_cases.xml	0
agnisAttva	agnisa1ttva	agnisāttva	agnisāttva	grade	468	007-2	SCH-grade-12427_cases.xml	0
agnisidDa	agnisiddha	agnisiddha	agnisiddha	grade	469	007-2	SCH-grade-12427_cases.xml	0
agrakOnteya	agrakaunteya	agrakaunteya	agrakaunteya	grade	491	007-3	SCH-grade-12427_cases.xml	0
agrajanus	agrajanus	agrajanus	agrajanus	grade	496	007-3	SCH-grade-12427_cases.xml	0
agrajaya	agrajaya	agrajaya	agrajaya	grade	498	007-3	SCH-grade-12427_cases.xml	0
agrajavant	agrajavant	agrajavant	agrajavant	grade	499	007-3	SCH-grade-12427_cases.xml	0
agradUta	agradu1ta	agradūta	agradūta	grade	505	008-1	SCH-grade-12427_cases.xml	0
agranTin	agranthin	agranthin	agranthin	grade	506	008-1	SCH-grade-12427_cases.xml	0
agrapAnIya	agrapa1ni1ya	agrapānīya	agrapānīya	grade	507	008-1	SCH-grade-12427_cases.xml	0
agraBAvin	agrabha1vin	agrabhāvin	agrabhāvin	grade	509	008-1	SCH-grade-12427_cases.xml	0
agravastra	agravastra	agravastra	agravastra	grade	517	008-1	SCH-grade-12427_cases.xml	0
agrAmyatA	agra1myata1	agrāmyatā	agrāmyatā	grade	531	008-2	SCH-grade-12427_cases.xml	0
agresaratA	agresarata1	agresaratā	agresaratā	grade	539	008-2	SCH-grade-12427_cases.xml	0
agresaratva	agresaratva	agresaratva	agresaratva	grade	540	008-2	SCH-grade-12427_cases.xml	0
aGona	aghona	aghona	aghona	grade	563	008-3	SCH-grade-12427_cases.xml	0
aNkanasamUha	an3kanasamu1ha	aṅkanasamūha	ankanasamūha	grade	571	008-3	SCH-grade-12427_cases.xml	0
aNkanAman	an3kana1man	aṅkanāman	ankanāman	grade	572	008-3	SCH-grade-12427_cases.xml	0
aNkIkfta	an3ki1kr2ta	aṅkīkṛta	ankīkṛta	grade	578	009-1	SCH-grade-12427_cases.xml	0
aNgajavftti	an3gajavr2tti	aṅgajavṛtti	angajavṛtti	grade	598	009-2	SCH-grade-12427_cases.xml	0
aNgatoya	an3gatoya	aṅgatoya	angatoya	grade	601	009-2	SCH-grade-12427_cases.xml	0
aNganAguru	an3gana1guru	aṅganāguru	anganāguru	grade	606	009-2	SCH-grade-12427_cases.xml	0
aNgabanDa	an3gabandha	aṅgabandha	angabandha	grade	608	009-2	SCH-grade-12427_cases.xml	0
aNgarakza	an3garaks2a	aṅgarakṣa	angarakṣa	grade	615	009-2	SCH-grade-12427_cases.xml	0
aNgarajana	an3garajana	aṅgarajana	angarajana	grade	616	009-2	SCH-grade-12427_cases.xml	0
aNgavatI	An3gavati1	aṅgavatī	angavatī	grade	622	009-2	SCH-grade-12427_cases.xml	0
aNgavalana	an3gavalana	aṅgavalana	angavalana	grade	623	009-3	SCH-grade-12427_cases.xml	0
aNgaspfzwaka	an3gaspr2s2t2aka	aṅgaspṛṣṭaka	angaspṛṣṭaka	grade	629	009-3	SCH-grade-12427_cases.xml	0
aNgAratA	an3ga1rata1	aṅgāratā	angāratā	grade	636	009-3	SCH-grade-12427_cases.xml	0
aNgulitAqitakA	an3gulita1d2itaka1	aṅgulitāḍitakā	angulitāḍitakā	grade	649	009-3	SCH-grade-12427_cases.xml	0
aNgulipIqana	an3gulipi1d2ana	aṅgulipīḍana	angulipīḍana	grade	650	010-1	SCH-grade-12427_cases.xml	0
aNgulIrata	an3guli1rata	aṅgulīrata	angulīrata	grade	656	010-1	SCH-grade-12427_cases.xml	0
aNgo	an3go	aṅgo	ango	grade	662	010-1	SCH-grade-12427_cases.xml	0
acaladuhitar	acaladuhitar	acaladuhitar	acaladuhitar	grade	693	010-3	SCH-grade-12427_cases.xml	0
acalaBid	acalabhid	acalabhid	acalabhid	grade	695	010-3	SCH-grade-12427_cases.xml	0
acalaBU	acalabhu1	acalabhū	acalabhū	grade	696	010-3	SCH-grade-12427_cases.xml	0
acalarAjakanyA	acalara1jakanya1	acalarājakanyā	acalarājakanyā	grade	697	010-3	SCH-grade-12427_cases.xml	0
acalApati	acala1pati	acalāpati	acalāpati	grade	699	010-3	SCH-grade-12427_cases.xml	0
acApalatA	aca1palata1	acāpalatā	acāpalatā	grade	706	010-3	SCH-grade-12427_cases.xml	0
acArmaRa	aca1rman2a	acārmaṇa	acārmana	grade	708	010-3	SCH-grade-12427_cases.xml	0
acirakAnti	aciraka1nti	acirakānti	acirakānti	grade	715	010-3	SCH-grade-12427_cases.xml	0
aciraja	aciraja	aciraja	aciraja	grade	716	010-3	SCH-grade-12427_cases.xml	0
aciratna	aciratna	aciratna	aciratna	grade	718	010-3	SCH-grade-12427_cases.xml	0
aciraruc	aciraruc	aciraruc	aciraruc	grade	719	010-3	SCH-grade-12427_cases.xml	0
acirArcis	acira1rcis	acirārcis	acirārcis	grade	724	010-3	SCH-grade-12427_cases.xml	0
acCamala	acchamala	acchamala	acchamala	grade	742	011-1	SCH-grade-12427_cases.xml	0
acCavi	acchavi	acchavi	acchavi	grade	746	011-1	SCH-grade-12427_cases.xml	0
ajakukzi	ajakuks2i	ajakukṣi	ajakukṣi	grade	777	011-2	SCH-grade-12427_cases.xml	0
ajYAnarASi	Ajn5a1nara1s4i	ajñānarāśi	ajnānarāśi	grade	850	012-2	SCH-grade-12427_cases.xml	0
aYjanakzmADara	an5janaks2ma1dhara	añjanakṣmādhara	anjanakṣmādhara	grade	861	012-3	SCH-grade-12427_cases.xml	0
aYjanacora	An5janacora	añjanacora	anjanacora	grade	862	012-3	SCH-grade-12427_cases.xml	0
aYjanataskara	An5janataskara	añjanataskara	anjanataskara	grade	863	012-3	SCH-grade-12427_cases.xml	0
aYjanasundarI	an5janasundari1	añjanasundarī	anjanasundarī	grade	865	012-3	SCH-grade-12427_cases.xml	0
awanIDra	at2ani1dhra	aṭanīdhra	aṭanīdhra	grade	882	013-1	SCH-grade-12427_cases.xml	0
awavIprAyaprAntatA	at2avi1pra1yapra1ntata1	aṭavīprāyaprāntatā	aṭavīprāyaprāntatā	grade	883	013-1	SCH-grade-12427_cases.xml	0
awwahAsakusuma	at2t2aha1sakusuma	aṭṭahāsakusuma	aṭṭahāsakusuma	grade	891	013-1	SCH-grade-12427_cases.xml	0
awwahAsapuzpa	at2t2aha1sapus2pa	aṭṭahāsapuṣpa	aṭṭahāsapuṣpa	grade	892	013-1	SCH-grade-12427_cases.xml	0
aqakzIRam	ad2aks2i1n2am	aḍakṣīṇam	aḍakṣīnam	grade	893	013-1	SCH-grade-12427_cases.xml	0
aRakapada	an2akapada	aṇakapada	anakapada	grade	895	013-2	SCH-grade-12427_cases.xml	0
aRqajapati	an2d2ajapati	aṇḍajapati	anḍajapati	grade	912	013-2	SCH-grade-12427_cases.xml	0
aRqavat	an2d2avat	aṇḍavat	anḍavat	grade	916	013-2	SCH-grade-12427_cases.xml	0
atanutata	atanutata	atanutata	atanutata	grade	940	013-3	SCH-grade-12427_cases.xml	0
atanutA	atanuta1	atanutā	atanutā	grade	941	014-1	SCH-grade-12427_cases.xml	0
atalasparSatva	atalaspars4atva	atalasparśatva	atalasparśatva	grade	960	014-1	SCH-grade-12427_cases.xml	0
atazwa	atas2t2a	ataṣṭa	ataṣṭa	grade	961	014-1	SCH-grade-12427_cases.xml	0
atAdrUpya	ata1dru1pya	atādrūpya	atādrūpya	grade	968	014-2	SCH-grade-12427_cases.xml	0
atAnaka	ata1naka	atānaka	atānaka	grade	969	014-2	SCH-grade-12427_cases.xml	0
atAnta	ata1nta	atānta	atānta	grade	970	014-2	SCH-grade-12427_cases.xml	0
atAlavya	ata1lavya	atālavya	atālavya	grade	974	014-2	SCH-grade-12427_cases.xml	0
atiku	atiku	atiku	atiku	grade	987	014-2	SCH-grade-12427_cases.xml	0
atigmagu	atigmagu	atigmagu	atigmagu	grade	1011	014-3	SCH-grade-12427_cases.xml	0
atigmaBAs	atigmabha1s	atigmabhās	atigmabhās	grade	1012	014-3	SCH-grade-12427_cases.xml	0
atigmaraSmi	atigmaras4mi	atigmaraśmi	atigmaraśmi	grade	1013	014-3	SCH-grade-12427_cases.xml	0
atitanIyastA	atitani1yasta1	atitanīyastā	atitanīyastā	grade	1037	015-1	SCH-grade-12427_cases.xml	0
atitfzyati	atitr2s2yati	atitṛṣyati	atitṛṣyati	grade	1052	015-2	SCH-grade-12427_cases.xml	0
atinayana	atinayana	atinayana	atinayana	grade	1091	015-3	SCH-grade-12427_cases.xml	0
atinikawatA	atinikat2ata1	atinikaṭatā	atinikaṭatā	grade	1093	015-3	SCH-grade-12427_cases.xml	0
atinivAta	atiniva1ta	atinivāta	atinivāta	grade	1104	016-1	SCH-grade-12427_cases.xml	0
atiniHSabda	atinih2s4abda	atiniḥśabda	atiniḥśabda	grade	1105	016-1	SCH-grade-12427_cases.xml	0
atipawIyas	atipat2i1yas	atipaṭīyas	atipaṭīyas	grade	1109	016-1	SCH-grade-12427_cases.xml	0
atimAtratA	atima1trata1	atimātratā	atimātratā	grade	1180	017-1	SCH-grade-12427_cases.xml	0
atimudira	atimudira	atimudira	atimudira	grade	1188	017-1	SCH-grade-12427_cases.xml	0
atimOktika	atimauktika	atimauktika	atimauktika	grade	1194	017-1	SCH-grade-12427_cases.xml	0
atiyAcYA	atiya1cna1	atiyācñā	atiyācnā	grade	1199	017-1	SCH-grade-12427_cases.xml	0
atiyAtayAman	atiya1taya1man	atiyātayāman	atiyātayāman	grade	1200	017-1	SCH-grade-12427_cases.xml	0
atiloka	atiloka	atiloka	atiloka	grade	1230	017-2	SCH-grade-12427_cases.xml	0
ativadAnyatA	ativada1nyata1	ativadānyatā	ativadānyatā	grade	1236	017-3	SCH-grade-12427_cases.xml	0
ativartinI	ativartini1	ativartinī	ativartinī	grade	1240	017-3	SCH-grade-12427_cases.xml	0
atiSItA	atis4i1ta1	atiśītā	atiśītā	grade	1320	018-3	SCH-grade-12427_cases.xml	0
atiSoBAvant	atis4obha1vant	atiśobhāvant	atiśobhāvant	grade	1325	018-3	SCH-grade-12427_cases.xml	0
atispfhayAlutA	atispr2haya1luta1	atispṛhayālutā	atispṛhayālutā	grade	1384	019-3	SCH-grade-12427_cases.xml	0
atItavant	ati1tavant	atītavant	atītavant	grade	1402	019-3	SCH-grade-12427_cases.xml	0
atuzAramarIci	atus2a1ramari1ci	atuṣāramarīci	atuṣāramarīci	grade	1413	020-1	SCH-grade-12427_cases.xml	0
atoda	atoda	atoda	atoda	grade	1421	020-1	SCH-grade-12427_cases.xml	0
atyakza	atyaks2a	atyakṣa	atyakṣa	grade	1428	020-1	SCH-grade-12427_cases.xml	0
atyAgas	atya1gas	atyāgas	atyāgas	grade	1451	020-2	SCH-grade-12427_cases.xml	0
atyullaNGin	atyullan3ghin	atyullaṅghin	atyullanghin	grade	1475	020-3	SCH-grade-12427_cases.xml	0
atrAsa	atra1sa	atrāsa	atrāsa	grade	1487	020-3	SCH-grade-12427_cases.xml	0
atrilocana	atrilocana	atrilocana	atrilocana	grade	1492	021-1	SCH-grade-12427_cases.xml	0
adantatA	adantata1	adantatā	adantatā	grade	1512	021-2	SCH-grade-12427_cases.xml	0
adama	adama	adama	adama	grade	1515	021-2	SCH-grade-12427_cases.xml	0
adaSamIsTa	adas4ami1stha	adaśamīstha	adaśamīstha	grade	1526	021-2	SCH-grade-12427_cases.xml	0
adititanaya	Adititanaya	adititanaya	adititanaya	grade	1542	021-3	SCH-grade-12427_cases.xml	0
aditisuta	aditisuta	aditisuta	aditisuta	grade	1543	021-3	SCH-grade-12427_cases.xml	0
adurjanatva	adurjanatva	adurjanatva	adurjanatva	grade	1559	021-3	SCH-grade-12427_cases.xml	0
adUka	adu1ka	adūka	adūka	grade	1563	021-3	SCH-grade-12427_cases.xml	0
adUraja	adu1raja	adūraja	adūraja	grade	1565	022-1	SCH-grade-12427_cases.xml	0
adfSIka	adr2s4i1ka	adṛśīka	adṛśīka	grade	1572	022-1	SCH-grade-12427_cases.xml	0
adfSyakajjala	adr2s4yakajjala	adṛśyakajjala	adṛśyakajjala	grade	1573	022-1	SCH-grade-12427_cases.xml	0
adfztAgraha	adr2s2ta1graha	adṛṣtāgraha	adṛṣtāgraha	grade	1582	022-1	SCH-grade-12427_cases.xml	0
adeSaleKa	ades4alekha	adeśalekha	adeśalekha	grade	1589	022-2	SCH-grade-12427_cases.xml	0
admanideSa	admanides4a	admanideśa	admanideśa	grade	1608	022-2	SCH-grade-12427_cases.xml	0
adrAvaka	adra1vaka	adrāvaka	adrāvaka	grade	1617	022-3	SCH-grade-12427_cases.xml	0
adrikanyA	adrikanya1	adrikanyā	adrikanyā	grade	1618	022-3	SCH-grade-12427_cases.xml	0
adrisutA	adrisuta1	adrisutā	adrisutā	grade	1623	022-3	SCH-grade-12427_cases.xml	0
adrIndraputrI	adri1ndraputri1	adrīndraputrī	adrīndraputrī	grade	1625	022-3	SCH-grade-12427_cases.xml	0
aDaraBava	adharabhava	adharabhava	adharabhava	grade	1652	023-1	SCH-grade-12427_cases.xml	0
aDarasTita	adharasthita	adharasthita	adharasthita	grade	1657	023-1	SCH-grade-12427_cases.xml	0
aDariRI	adharin2i1	adhariṇī	adharinī	grade	1660	023-1	SCH-grade-12427_cases.xml	0
aDarIkf	adhari1kr2	adharīkṛ	adharīkṛ	grade	1662	023-2	SCH-grade-12427_cases.xml	0
aDaroccaBAva	adharoccabha1va	adharoccabhāva	adharoccabhāva	grade	1663	023-2	SCH-grade-12427_cases.xml	0
aDaHSayana	adhah2s4ayana	adhaḥśayana	adhaḥśayana	grade	1678	023-2	SCH-grade-12427_cases.xml	0
aDikamaRqalu	adhikaman2d2alu	adhikamaṇḍalu	adhikamanḍalu	grade	1697	023-3	SCH-grade-12427_cases.xml	0
aDikamalini	adhikamalini	adhikamalini	adhikamalini	grade	1698	023-3	SCH-grade-12427_cases.xml	0
aDikambu	adhikambu	adhikambu	adhikambu	grade	1700	023-3	SCH-grade-12427_cases.xml	0
aDikayati	adhikay(ati)	adhikayati	adhikayati	grade	1701	023-3	SCH-grade-12427_cases.xml	0
aDikaraRatA	adhikaran2ata1	adhikaraṇatā	adhikaranatā	grade	1704	023-3	SCH-grade-12427_cases.xml	0
aDikaraRaBawwa	adhikaran2abhat2t2a	adhikaraṇabhaṭṭa	adhikaranabhaṭṭa	grade	1705	023-3	SCH-grade-12427_cases.xml	0
aDigAna	adhiga1na	adhigāna	adhigāna	grade	1724	024-1	SCH-grade-12427_cases.xml	0
aDijalaDi	adhijaladhi	adhijaladhi	adhijaladhi	grade	1730	024-1	SCH-grade-12427_cases.xml	0
aDijalam	adhijalam	adhijalam	adhijalam	grade	1731	024-1	SCH-grade-12427_cases.xml	0
aDijigAMsA	adhijiga1m2sa1	adhijigāṃsā	adhijigānsā	grade	1732	024-1	SCH-grade-12427_cases.xml	0
aDitawam	adhitat2am	adhitaṭam	adhitaṭam	grade	1734	024-1	SCH-grade-12427_cases.xml	0
aDitaru	adhitaru	adhitaru	adhitaru	grade	1735	024-1	SCH-grade-12427_cases.xml	0
aDityakAy	adhityaka1y	adhityakāy	adhityakāy	grade	1738	024-1	SCH-grade-12427_cases.xml	0
aDidevatAyamAna	adhidevata1yama1na	adhidevatāyamāna	adhidevatāyamāna	grade	1740	024-1	SCH-grade-12427_cases.xml	0
aDiDaraRi	adhidharan2i	adhidharaṇi	adhidharani	grade	1744	024-2	SCH-grade-12427_cases.xml	0
aDiDaritri	adhidharitri	adhidharitri	adhidharitri	grade	1745	024-2	SCH-grade-12427_cases.xml	0
aDinAkam	adhina1kam	adhinākam	adhinākam	grade	1746	024-2	SCH-grade-12427_cases.xml	0
aDiniSITini	adhinis4i1thini	adhiniśīthini	adhiniśīthini	grade	1749	024-2	SCH-grade-12427_cases.xml	0
aDipayoDi	adhipayodhi	adhipayodhi	adhipayodhi	grade	1753	024-2	SCH-grade-12427_cases.xml	0
aDipradozam	adhiprados2am	adhipradoṣam	adhipradoṣam	grade	1756	024-2	SCH-grade-12427_cases.xml	0
aDiBUmi	adhibhu1mi	adhibhūmi	adhibhūmi	grade	1759	024-2	SCH-grade-12427_cases.xml	0
aDimuYcam	adhimun5cam	adhimuñcam	adhimuncam	grade	1761	024-2	SCH-grade-12427_cases.xml	0
aDimOli	adhimauli	adhimauli	adhimauli	grade	1763	024-2	SCH-grade-12427_cases.xml	0
aDiyuyutsutA	adhiyuyutsuta1	adhiyuyutsutā	adhiyuyutsutā	grade	1764	024-2	SCH-grade-12427_cases.xml	0
aDivAriDi	adhiva1ridhi	adhivāridhi	adhivāridhi	grade	1786	024-3	SCH-grade-12427_cases.xml	0
aDiSayAlu	adhis4aya1lu	adhiśayālu	adhiśayālu	grade	1797	025-1	SCH-grade-12427_cases.xml	0
aDizWAyikA	adhis2t2ha1yika1	adhiṣṭhāyikā	adhiṣṭhāyikā	grade	1807	025-1	SCH-grade-12427_cases.xml	0
aDizWitatA	adhis2t2hitata1	adhiṣṭhitatā	adhiṣṭhitatā	grade	1808	025-1	SCH-grade-12427_cases.xml	0
aDisaMyugorvi	adhisam2yugorvi	adhisaṃyugorvi	adhisanyugorvi	grade	1810	025-1	SCH-grade-12427_cases.xml	0
aDisaMKya	adhisam2khya	adhisaṃkhya	adhisankhya	grade	1811	025-1	SCH-grade-12427_cases.xml	0
aDisarojini	adhisarojini	adhisarojini	adhisarojini	grade	1812	025-1	SCH-grade-12427_cases.xml	0
aDisinDu	adhisindhu	adhisindhu	adhisindhu	grade	1813	025-1	SCH-grade-12427_cases.xml	0
aDInaDya	adhi1nadhya	adhīnadhya	adhīnadhya	grade	1820	025-2	SCH-grade-12427_cases.xml	0
aDIracakzus	adhi1racaks2us	adhīracakṣus	adhīracakṣus	grade	1822	025-2	SCH-grade-12427_cases.xml	0
aDIratArA	adhi1rata1ra1	adhīratārā	adhīratārā	grade	1823	025-2	SCH-grade-12427_cases.xml	0
aDIradfS	adhi1radr2s4	adhīradṛś	adhīradṛś	grade	1824	025-2	SCH-grade-12427_cases.xml	0
aDIralocanA	adhi1ralocana1	adhīralocanā	adhīralocanā	grade	1826	025-2	SCH-grade-12427_cases.xml	0
aDIravilocanA	adhi1ravilocana1	adhīravilocanā	adhīravilocanā	grade	1827	025-2	SCH-grade-12427_cases.xml	0
aDeya	adheya	adheya	adheya	grade	1839	025-2	SCH-grade-12427_cases.xml	0
aDonibanDinI	adhonibandhini1	adhonibandhinī	adhonibandhinī	grade	1843	025-2	SCH-grade-12427_cases.xml	0
aDomuKIBU	adhomukhi1bhu1	adhomukhībhū	adhomukhībhū	grade	1850	025-3	SCH-grade-12427_cases.xml	0
aDorata	adhorata	adhorata	adhorata	grade	1851	025-3	SCH-grade-12427_cases.xml	0
aDovaktra	adhovaktra	adhovaktra	adhovaktra	grade	1852	025-3	SCH-grade-12427_cases.xml	0
aDyavani	adhyavani	adhyavani	adhyavani	grade	1865	025-3	SCH-grade-12427_cases.xml	0
aDyAsanA	adhya1sana1	adhyāsanā	adhyāsanā	grade	1883	026-1	SCH-grade-12427_cases.xml	0
aDyurvi	adhyurvi	adhyurvi	adhyurvi	grade	1887	026-1	SCH-grade-12427_cases.xml	0
aDyUru	adhyu1ru	adhyūru	adhyūru	grade	1889	026-1	SCH-grade-12427_cases.xml	0
anaMSada	anam2s4ada	anaṃśada	ananśada	grade	1911	026-2	SCH-grade-12427_cases.xml	0
anakzipada	anaks2ipada	anakṣipada	anakṣipada	grade	1919	026-2	SCH-grade-12427_cases.xml	0
anakzRa	anaks2n2a	anakṣṇa	anakṣna	grade	1920	026-2	SCH-grade-12427_cases.xml	0
anagnisidDa	anagnisiddha	anagnisiddha	anagnisiddha	grade	1928	026-3	SCH-grade-12427_cases.xml	0
anaNgaketu	Anan3gaketu	anaṅgaketu	anangaketu	grade	1932	026-3	SCH-grade-12427_cases.xml	0
anaNgajala	Anan3gajala	anaṅgajala	anangajala	grade	1934	026-3	SCH-grade-12427_cases.xml	0
anaNgadAhin	Anan3gada1hin	anaṅgadāhin	anangadāhin	grade	1938	026-3	SCH-grade-12427_cases.xml	0
anaNgaBoga	anan3gabhoga	anaṅgabhoga	anangabhoga	grade	1942	026-3	SCH-grade-12427_cases.xml	0
anaNgamati	Anan3gamati	anaṅgamati	anangamati	grade	1943	026-3	SCH-grade-12427_cases.xml	0
anaNgamitra	Anan3gamitra	anaṅgamitra	anangamitra	grade	1944	026-3	SCH-grade-12427_cases.xml	0
anaNgalatA	Anan3galata1	anaṅgalatā	anangalatā	grade	1945	026-3	SCH-grade-12427_cases.xml	0
anaNgavicezwA	anan3gavices2t2a1	anaṅgaviceṣṭā	anangaviceṣṭā	grade	1949	026-3	SCH-grade-12427_cases.xml	0
anaNgasidDAnta	Anan3gasiddha1nta	anaṅgasiddhānta	anangasiddhānta	grade	1951	027-1	SCH-grade-12427_cases.xml	0
anaNgAgama	Anan3ga1gama	anaṅgāgama	anangāgama	grade	1953	027-1	SCH-grade-12427_cases.xml	0
anaNgAgAraka	Anan3ga1ga1raka	anaṅgāgāraka	anangāgāraka	grade	1954	027-1	SCH-grade-12427_cases.xml	0
anaRizWa	anan2is2t2ha	anaṇiṣṭha	ananiṣṭha	grade	1963	027-1	SCH-grade-12427_cases.xml	0
anaticAra	anatica1ra	anaticāra	anaticāra	grade	1968	027-1	SCH-grade-12427_cases.xml	0
anaticiram	anaticiram	anaticiram	anaticiram	grade	1969	027-1	SCH-grade-12427_cases.xml	0
anadIzRa	anadi1s2n2a	anadīṣṇa	anadīṣna	grade	1995	027-2	SCH-grade-12427_cases.xml	0
anaDomuKa	anadhomukha	anadhomukha	anadhomukha	grade	2006	027-3	SCH-grade-12427_cases.xml	0
ananumati	ananumati	ananumati	ananumati	grade	2021	027-3	SCH-grade-12427_cases.xml	0
ananyaBU	ananyabhu1	ananyabhū	ananyabhū	grade	2083	028-3	SCH-grade-12427_cases.xml	0
anamatra	anamatra	anamatra	anamatra	grade	2178	030-1	SCH-grade-12427_cases.xml	0
anamBana	anambhana	anambhana	anambhana	grade	2182	030-1	SCH-grade-12427_cases.xml	0
anara	anara	anara	anara	grade	2184	030-1	SCH-grade-12427_cases.xml	0
anarTapracAlana	anarthapraca1lana	anarthapracālana	anarthapracālana	grade	2192	030-2	SCH-grade-12427_cases.xml	0
anarDArDaviBAgaBAj	anardha1rdhavibha1gabha1j	anardhārdhavibhāgabhāj	anardhārdhavibhāgabhāj	grade	2195	030-2	SCH-grade-12427_cases.xml	0
analaka	analaka	analaka	analaka	grade	2200	030-2	SCH-grade-12427_cases.xml	0
analatAraka	Analata1raka	analatāraka	analatāraka	grade	2203	030-2	SCH-grade-12427_cases.xml	0
analaBA	analabha1	analabhā	analabhā	grade	2205	030-2	SCH-grade-12427_cases.xml	0
analodBava	Analodbhava	analodbhava	analodbhava	grade	2209	030-2	SCH-grade-12427_cases.xml	0
anavacCinnatA	anavacchinnata1	anavacchinnatā	anavacchinnatā	grade	2223	030-3	SCH-grade-12427_cases.xml	0
anavanata	anavanata	anavanata	anavanata	grade	2233	030-3	SCH-grade-12427_cases.xml	0
anavApanIya	anava1pani1ya	anavāpanīya	anavāpanīya	grade	2262	031-1	SCH-grade-12427_cases.xml	0
anAkara	ana1kara	anākara	anākara	grade	2289	031-2	SCH-grade-12427_cases.xml	0
anAkalanIya	ana1kalani1ya	anākalanīya	anākalanīya	grade	2293	031-3	SCH-grade-12427_cases.xml	0
anAcAma	ana1ca1ma	anācāma	anācāma	grade	2317	032-1	SCH-grade-12427_cases.xml	0
anAtmaBAvin	ana1tmabha1vin	anātmabhāvin	anātmabhāvin	grade	2334	032-1	SCH-grade-12427_cases.xml	0
anAyavftti	ana1yavr2tti	anāyavṛtti	anāyavṛtti	grade	2390	033-1	SCH-grade-12427_cases.xml	0
anASritarUpatA	ana1s4ritaru1pata1	anāśritarūpatā	anāśritarūpatā	grade	2428	033-2	SCH-grade-12427_cases.xml	0
anASritaSiva	ana1s4ritas4iva	anāśritaśiva	anāśritaśiva	grade	2429	033-2	SCH-grade-12427_cases.xml	0
anigrahaRasAkzya	anigrahan2asa1ks2ya	anigrahaṇasākṣya	anigrahanasākṣya	grade	2453	033-3	SCH-grade-12427_cases.xml	0
anija	anija	anija	anija	grade	2460	034-1	SCH-grade-12427_cases.xml	0
aninDanam	anindhanam	anindhanam	anindhanam	grade	2466	034-1	SCH-grade-12427_cases.xml	0
animizANganA	animis2a1n3gana1	animiṣāṅganā	animiṣānganā	grade	2476	034-1	SCH-grade-12427_cases.xml	0
animezin	animes2in	animeṣin	animeṣin	grade	2482	034-2	SCH-grade-12427_cases.xml	0
anirAsin	anira1sin	anirāsin	anirāsin	grade	2492	034-2	SCH-grade-12427_cases.xml	0
anilatAqitakA	anilata1d2itaka1	anilatāḍitakā	anilatāḍitakā	grade	2527	034-3	SCH-grade-12427_cases.xml	0
anivartakatva	anivartakatva	anivartakatva	anivartakatva	grade	2531	035-1	SCH-grade-12427_cases.xml	0
aniSA	anis4a1	aniśā	aniśā	grade	2539	035-1	SCH-grade-12427_cases.xml	0
anizwavizwapa	anis2t2avis2t2apa	aniṣṭaviṣṭapa	aniṣṭaviṣṭapa	grade	2553	035-1	SCH-grade-12427_cases.xml	0
anizwvA	anis2t2va1	aniṣṭvā	aniṣṭvā	grade	2557	035-2	SCH-grade-12427_cases.xml	0
anIdfSa	ani1dr2s4a	anīdṛśa	anīdṛśa	grade	2576	035-2	SCH-grade-12427_cases.xml	0
anukaRWa	anukan2t2ha	anukaṇṭha	anukanṭha	grade	2584	035-3	SCH-grade-12427_cases.xml	0
anugatvarI	anugatvari1	anugatvarī	anugatvarī	grade	2599	035-3	SCH-grade-12427_cases.xml	0
anugAnin	anuga1nin	anugānin	anugānin	grade	2603	035-3	SCH-grade-12427_cases.xml	0
anuguRatA	anugun2ata1	anuguṇatā	anugunatā	grade	2608	036-1	SCH-grade-12427_cases.xml	0
anugrahItar	anugrahi1tar	anugrahītar	anugrahītar	grade	2614	036-1	SCH-grade-12427_cases.xml	0
anugrahItftA	anugrahi1tr2ta1	anugrahītṛtā	anugrahītṛtā	grade	2616	036-1	SCH-grade-12427_cases.xml	0
anucaratva	anucaratva	anucaratva	anucaratva	grade	2617	036-1	SCH-grade-12427_cases.xml	0
anucaryA	anucarya1	anucaryā	anucaryā	grade	2619	036-1	SCH-grade-12427_cases.xml	0
anujananI	anujanani1	anujananī	anujananī	grade	2628	036-1	SCH-grade-12427_cases.xml	0
anujanmatA	anujanmata1	anujanmatā	anujanmatā	grade	2629	036-1	SCH-grade-12427_cases.xml	0
anujala	anujala	anujala	anujala	grade	2630	036-2	SCH-grade-12427_cases.xml	0
anujAtar	anuja1tar	anujātar	anujātar	grade	2631	036-2	SCH-grade-12427_cases.xml	0
anutpAta	anutpa1ta	anutpāta	anutpāta	grade	2657	036-3	SCH-grade-12427_cases.xml	0
anutpiYjala	anutpin5jala	anutpiñjala	anutpinjala	grade	2658	036-3	SCH-grade-12427_cases.xml	0
anudDatatva	anuddhatatva	anuddhatatva	anuddhatatva	grade	2678	037-1	SCH-grade-12427_cases.xml	0
anunIzu	anuni1s2u	anunīṣu	anunīṣu	grade	2693	037-1	SCH-grade-12427_cases.xml	0
anupadigDa	anupadigdha	anupadigdha	anupadigdha	grade	2708	037-2	SCH-grade-12427_cases.xml	0
anupadrava	anupadrava	anupadrava	anupadrava	grade	2712	037-2	SCH-grade-12427_cases.xml	0
anuparipAwI	anuparipa1t2i1	anuparipāṭī	anuparipāṭī	grade	2733	037-3	SCH-grade-12427_cases.xml	0
anupAtra	anupa1tra	anupātra	anupātra	grade	2756	038-1	SCH-grade-12427_cases.xml	0
anupADika	anupa1dhika	anupādhika	anupādhika	grade	2759	038-1	SCH-grade-12427_cases.xml	0
anuprakfti	anuprakr2ti	anuprakṛti	anuprakṛti	grade	2776	038-2	SCH-grade-12427_cases.xml	0
anuprekzA	anupreks2a1	anuprekṣā	anuprekṣā	grade	2783	038-2	SCH-grade-12427_cases.xml	0
anubanDatA	anubandhata1	anubandhatā	anubandhatā	grade	2785	038-2	SCH-grade-12427_cases.xml	0
anuBavana	anubhavana	anubhavana	anubhavana	grade	2794	038-2	SCH-grade-12427_cases.xml	0
anuBavitar	anubhavitar	anubhavitar	anubhavitar	grade	2797	038-3	SCH-grade-12427_cases.xml	0
anuBAvatA	anubha1vata1	anubhāvatā	anubhāvatā	grade	2799	038-3	SCH-grade-12427_cases.xml	0
anuBramaRa	anubhraman2a	anubhramaṇa	anubhramana	grade	2803	038-3	SCH-grade-12427_cases.xml	0
anumAnakAYcana	Anuma1naka1n5cana	anumānakāñcana	anumānakāncana	grade	2811	038-3	SCH-grade-12427_cases.xml	0
anuraktatA	anuraktata1	anuraktatā	anuraktatā	grade	2826	039-1	SCH-grade-12427_cases.xml	0
anurajani	anurajani	anurajani	anurajani	grade	2828	039-1	SCH-grade-12427_cases.xml	0
anuraYjika	anuran5jika	anurañjika	anuranjika	grade	2829	039-1	SCH-grade-12427_cases.xml	0
anulapana	anulapana	anulapana	anulapana	grade	2838	039-1	SCH-grade-12427_cases.xml	0
anulAzuka	anula1s2uka	anulāṣuka	anulāṣuka	grade	2840	039-1	SCH-grade-12427_cases.xml	0
anullaNGya	anullan3ghya	anullaṅghya	anullanghya	grade	2847	039-2	SCH-grade-12427_cases.xml	0
anuvaktra	anuvaktra	anuvaktra	anuvaktra	grade	2848	039-2	SCH-grade-12427_cases.xml	0
anuvadana	anuvadana	anuvadana	anuvadana	grade	2851	039-2	SCH-grade-12427_cases.xml	0
anuvarRaGna	anuvarn2aghna	anuvarṇaghna	anuvarnaghna	grade	2855	039-2	SCH-grade-12427_cases.xml	0
anuviBAvayizu	anuvibha1vayis2u	anuvibhāvayiṣu	anuvibhāvayiṣu	grade	2865	039-2	SCH-grade-12427_cases.xml	0
anuvivartana	anuvivartana	anuvivartana	anuvivartana	grade	2867	039-2	SCH-grade-12427_cases.xml	0
anuvIcIvacas	anuvi1ci1vacas	anuvīcīvacas	anuvīcīvacas	grade	2869	039-2	SCH-grade-12427_cases.xml	0
anuSayin	anus4ayin	anuśayin	anuśayin	grade	2880	039-3	SCH-grade-12427_cases.xml	0
anuSrAvaka	anus4ra1vaka	anuśrāvaka	anuśrāvaka	grade	2887	039-3	SCH-grade-12427_cases.xml	0
anuzRaraSmi	anus2n2aras4mi	anuṣṇaraśmi	anuṣnaraśmi	grade	2900	040-1	SCH-grade-12427_cases.xml	0
anuzRAMSu	anus2n2a1m2s4u	anuṣṇāṃśu	anuṣnānśu	grade	2901	040-1	SCH-grade-12427_cases.xml	0
anusisIrzu	anusisi1rs2u	anusisīrṣu	anusisīrṣu	grade	2913	040-1	SCH-grade-12427_cases.xml	0
anUcAnaka	anu1ca1naka	anūcānaka	anūcānaka	grade	2921	040-1	SCH-grade-12427_cases.xml	0
anUdyamAnatva	anu1dyama1natva	anūdyamānatva	anūdyamānatva	grade	2929	040-2	SCH-grade-12427_cases.xml	0
anekanetra	anekanetra	anekanetra	anekanetra	grade	2959	040-3	SCH-grade-12427_cases.xml	0
anekapadA	anekapada1	anekapadā	anekapadā	grade	2960	040-3	SCH-grade-12427_cases.xml	0
anekapAri	anekapa1ri	anekapāri	anekapāri	grade	2961	040-3	SCH-grade-12427_cases.xml	0
anOkaha	anaukaha	anaukaha	anaukaha	grade	2989	041-1	SCH-grade-12427_cases.xml	0
antaHkaWinatA	antah2kat2hinata1	antaḥkaṭhinatā	antaḥkaṭhinatā	grade	2999	041-2	SCH-grade-12427_cases.xml	0
antakaripu	Antakaripu	antakaripu	antakaripu	grade	3014	041-2	SCH-grade-12427_cases.xml	0
antada	antada	antada	antada	grade	3019	041-3	SCH-grade-12427_cases.xml	0
antararTa	antarartha	antarartha	antarartha	grade	3032	041-3	SCH-grade-12427_cases.xml	0
antarAyita	antara1yita	antarāyita	antarāyita	grade	3039	041-3	SCH-grade-12427_cases.xml	0
antarAlajAta	antara1laja1ta	antarālajāta	antarālajāta	grade	3040	041-3	SCH-grade-12427_cases.xml	0
antarAsya	antara1sya	antarāsya	antarāsya	grade	3044	042-1	SCH-grade-12427_cases.xml	0
antarikze	antariks2e	antarikṣe	antarikṣe	grade	3050	042-1	SCH-grade-12427_cases.xml	0
antarIyakatva	antari1yakatva	antarīyakatva	antarīyakatva	grade	3054	042-1	SCH-grade-12427_cases.xml	0
antargranTa	antargrantha	antargrantha	antargrantha	grade	3062	042-1	SCH-grade-12427_cases.xml	0
antarBedin	antarbhedin	antarbhedin	antarbhedin	grade	3083	042-2	SCH-grade-12427_cases.xml	0
antarmuKIBAva	antarmukhi1bha1va	antarmukhībhāva	antarmukhībhāva	grade	3090	042-2	SCH-grade-12427_cases.xml	0
antavftti	antavr2tti	antavṛtti	antavṛtti	grade	3100	042-3	SCH-grade-12427_cases.xml	0
antasTiti	antasthiti	antasthiti	antasthiti	grade	3105	042-3	SCH-grade-12427_cases.xml	0
antaHsaMdaMSa	antah2sam2dam2s4a	antaḥsaṃdaṃśa	antaḥsandanśa	grade	3107	042-3	SCH-grade-12427_cases.xml	0
antaHsAratA	antah2sa1rata1	antaḥsāratā	antaḥsāratā	grade	3109	042-3	SCH-grade-12427_cases.xml	0
anDakavartakIyam	andhakavartaki1yam	andhakavartakīyam	andhakavartakīyam	grade	3127	043-1	SCH-grade-12427_cases.xml	0
anDakArIBUta	andhaka1ri1bhu1ta	andhakārībhūta	andhakārībhūta	grade	3131	043-1	SCH-grade-12427_cases.xml	0
anDapawa	andhapat2a	andhapaṭa	andhapaṭa	grade	3135	043-1	SCH-grade-12427_cases.xml	0
anDrI	Andhri1	andhrī	andhrī	grade	3142	043-2	SCH-grade-12427_cases.xml	0
anyajanIyati	anyajani1y(ati)	anyajanīyati	anyajanīyati	grade	3165	043-2	SCH-grade-12427_cases.xml	0
anvagBUta	anvagbhu1ta	anvagbhūta	anvagbhūta	grade	3210	044-1	SCH-grade-12427_cases.xml	0
anvapAya	anvapa1ya	anvapāya	anvapāya	grade	3213	044-2	SCH-grade-12427_cases.xml	0
anvAcayIkfta	anva1cayi1kr2ta	anvācayīkṛta	anvācayīkṛta	grade	3219	044-2	SCH-grade-12427_cases.xml	0
anvAyin	anva1yin	anvāyin	anvāyin	grade	3221	044-2	SCH-grade-12427_cases.xml	0
apakalahaMsa	apakalaham2sa	apakalahaṃsa	apakalahansa	grade	3236	044-2	SCH-grade-12427_cases.xml	0
apakvatva	apakvatva	apakvatva	apakvatva	grade	3245	044-3	SCH-grade-12427_cases.xml	0
apakzema	apaks2ema	apakṣema	apakṣema	grade	3252	044-3	SCH-grade-12427_cases.xml	0
apagataraSmivant	apagataras4mivant	apagataraśmivant	apagataraśmivant	grade	3254	044-3	SCH-grade-12427_cases.xml	0
apagfhIta	apagr2hi1ta	apagṛhīta	apagṛhīta	grade	3256	044-3	SCH-grade-12427_cases.xml	0
apacAya	apaca1ya	apacāya	apacāya	grade	3265	045-1	SCH-grade-12427_cases.xml	0
apajara	apajara	apajara	apajara	grade	3276	045-1	SCH-grade-12427_cases.xml	0
apatyaka	apatyaka	apatyaka	apatyaka	grade	3286	045-1	SCH-grade-12427_cases.xml	0
apatyatva	apatyatva	apatyatva	apatyatva	grade	3287	045-1	SCH-grade-12427_cases.xml	0
apatrapizRutA	apatrapis2n2uta1	apatrapiṣṇutā	apatrapiṣnutā	grade	3292	045-2	SCH-grade-12427_cases.xml	0
apadayam	apadayam	apadayam	apadayam	grade	3299	045-2	SCH-grade-12427_cases.xml	0
apadarSana	apadars4ana	apadarśana	apadarśana	grade	3301	045-2	SCH-grade-12427_cases.xml	0
apaDI	apadhi1	apadhī	apadhī	grade	3311	045-2	SCH-grade-12427_cases.xml	0
apaDyApana	apadhya1pana	apadhyāpana	apadhyāpana	grade	3313	045-2	SCH-grade-12427_cases.xml	0
apanidray	apanidray	apanidray	apanidray	grade	3318	045-3	SCH-grade-12427_cases.xml	0
apanIhAra	apani1ha1ra	apanīhāra	apanīhāra	grade	3321	045-3	SCH-grade-12427_cases.xml	0
apanyAya	apanya1ya	apanyāya	apanyāya	grade	3329	045-3	SCH-grade-12427_cases.xml	0
apaBAzya	apabha1s2ya	apabhāṣya	apabhāṣya	grade	3337	045-3	SCH-grade-12427_cases.xml	0
apamantu	apamantu	apamantu	apamantu	grade	3340	045-3	SCH-grade-12427_cases.xml	0
apayoga	apayoga	apayoga	apayoga	grade	3347	046-1	SCH-grade-12427_cases.xml	0
aparagiri	aparagiri	aparagiri	aparagiri	grade	3355	046-1	SCH-grade-12427_cases.xml	0
aparamA	aparama1	aparamā	aparamā	grade	3359	046-1	SCH-grade-12427_cases.xml	0
aparRABartar	Aparn2a1bhartar	aparṇābhartar	aparnābhartar	grade	3464	047-3	SCH-grade-12427_cases.xml	0
apalAlasa	apala1lasa	apalālasa	apalālasa	grade	3484	048-1	SCH-grade-12427_cases.xml	0
apavastu	apavastu	apavastu	apavastu	grade	3487	048-1	SCH-grade-12427_cases.xml	0
apavApa	apava1pa	apavāpa	apavāpa	grade	3491	048-1	SCH-grade-12427_cases.xml	0
apavidDaka	apaviddhaka	apaviddhaka	apaviddhaka	grade	3495	048-1	SCH-grade-12427_cases.xml	0
apavyayana	apavyayana	apavyayana	apavyayana	grade	3500	048-1	SCH-grade-12427_cases.xml	0
apaSaNka	apas4an3ka	apaśaṅka	apaśanka	grade	3504	048-1	SCH-grade-12427_cases.xml	0
apaSabdABAsa	apas4abda1bha1sa	apaśabdābhāsa	apaśabdābhāsa	grade	3506	048-2	SCH-grade-12427_cases.xml	0
apaScima	apas4cima	apaścima	apaścima	grade	3512	048-2	SCH-grade-12427_cases.xml	0
apasaMKya	apasam2khya	apasaṃkhya	apasankhya	grade	3516	048-2	SCH-grade-12427_cases.xml	0
apasarga	apasarga	apasarga	apasarga	grade	3519	048-2	SCH-grade-12427_cases.xml	0
apasAraka	apasa1raka	apasāraka	apasāraka	grade	3522	048-2	SCH-grade-12427_cases.xml	0
apahastayate	apahastayate	apahastayate	apahastayate	grade	3539	048-3	SCH-grade-12427_cases.xml	0
apahAsin	apaha1sin	apahāsin	apahāsin	grade	3542	048-3	SCH-grade-12427_cases.xml	0
apAMsu	apa1m2su	apāṃsu	apānsu	grade	3548	048-3	SCH-grade-12427_cases.xml	0
apANgapAta	apa1n3gapa1ta	apāṅgapāta	apāngapāta	grade	3554	048-3	SCH-grade-12427_cases.xml	0
apANgayati	apa1n3gay[ati]	apāṅgayati	apāngayati	grade	3555	049-1	SCH-grade-12427_cases.xml	0
apAcInatA	apa1ci1nata1	apācīnatā	apācīnatā	grade	3556	049-1	SCH-grade-12427_cases.xml	0
apAduka	apa1duka	apāduka	apāduka	grade	3568	049-1	SCH-grade-12427_cases.xml	0
apAm	apa1m	apām	apām	grade	3579	049-1	SCH-grade-12427_cases.xml	0
apArTam	apa1rtham	apārtham	apārtham	grade	3593	049-2	SCH-grade-12427_cases.xml	0
apAlasya	apa1lasya	apālasya	apālasya	grade	3596	049-2	SCH-grade-12427_cases.xml	0
apAsa	apa1sa	apāsa	apāsa	grade	3600	049-2	SCH-grade-12427_cases.xml	0
apAsin	apa1sin	apāsin	apāsin	grade	3601	049-3	SCH-grade-12427_cases.xml	0
apiRqIkfta	apin2d2i1kr2ta	apiṇḍīkṛta	apinḍīkṛta	grade	3606	049-3	SCH-grade-12427_cases.xml	0
apitfdravya	apitr2dravya	apitṛdravya	apitṛdravya	grade	3607	049-3	SCH-grade-12427_cases.xml	0
apIqa	api1d2a	apīḍa	apīḍa	grade	3619	049-3	SCH-grade-12427_cases.xml	0
apunarlaBya	apunarlabhya	apunarlabhya	apunarlabhya	grade	3633	050-1	SCH-grade-12427_cases.xml	0
apfTagvartin	apr2thagvartin	apṛthagvartin	apṛthagvartin	grade	3653	050-2	SCH-grade-12427_cases.xml	0
apetavant	apetavant	apetavant	apetavant	grade	3657	050-2	SCH-grade-12427_cases.xml	0
apCawA	apchat2a1	apchaṭā	apchaṭā	grade	3667	050-2	SCH-grade-12427_cases.xml	0
aprakampakopa	Aprakampakopa	aprakampakopa	aprakampakopa	grade	3673	050-2	SCH-grade-12427_cases.xml	0
aprativastu	aprativastu	aprativastu	aprativastu	grade	3754	051-3	SCH-grade-12427_cases.xml	0
aprativihita	aprativihita	aprativihita	aprativihita	grade	3762	051-3	SCH-grade-12427_cases.xml	0
apratiSrAvin	apratis4ra1vin	apratiśrāvin	apratiśrāvin	grade	3769	051-3	SCH-grade-12427_cases.xml	0
apratIhAram	aprati1ha1ram	apratīhāram	apratīhāram	grade	3789	052-1	SCH-grade-12427_cases.xml	0
apratna	apratna	apratna	apratna	grade	3794	052-1	SCH-grade-12427_cases.xml	0
apradakziRIkAraRa	apradaks2in2i1ka1ran2a	apradakṣiṇīkāraṇa	apradakṣinīkārana	grade	3805	052-2	SCH-grade-12427_cases.xml	0
aprayogin	aprayogin	aprayogin	aprayogin	grade	3830	052-3	SCH-grade-12427_cases.xml	0
apraviBAgin	apravibha1gin	apravibhāgin	apravibhāgin	grade	3835	052-3	SCH-grade-12427_cases.xml	0
aprAcurya	apra1curya	aprācurya	aprācurya	grade	3853	053-1	SCH-grade-12427_cases.xml	0
aprASastya	apra1s4astya	aprāśastya	aprāśastya	grade	3868	053-2	SCH-grade-12427_cases.xml	0
abAlaDI	aba1ladhi1	abāladhī	abāladhī	grade	3918	054-1	SCH-grade-12427_cases.xml	0
abAhu	aba1hu	abāhu	abāhu	grade	3920	054-1	SCH-grade-12427_cases.xml	0
abuBukzu	abubhuks2u	abubhukṣu	abubhukṣu	grade	3928	054-1	SCH-grade-12427_cases.xml	0
abjajanman	abjajanman	abjajanman	abjajanman	grade	3934	054-2	SCH-grade-12427_cases.xml	0
abjabanDu	abjabandhu	abjabandhu	abjabandhu	grade	3936	054-2	SCH-grade-12427_cases.xml	0
abjamitra	abjamitra	abjamitra	abjamitra	grade	3938	054-2	SCH-grade-12427_cases.xml	0
abjavaktrA	abjavaktra1	abjavaktrā	abjavaktrā	grade	3940	054-2	SCH-grade-12427_cases.xml	0
abDivikfti	abdhivikr2ti	abdhivikṛti	abdhivikṛti	grade	3948	054-2	SCH-grade-12427_cases.xml	0
abDiSoDakA	abdhis4odhaka1	abdhiśodhakā	abdhiśodhakā	grade	3949	054-2	SCH-grade-12427_cases.xml	0
aBayamati	Abhayamati	abhayamati	abhayamati	grade	3970	054-3	SCH-grade-12427_cases.xml	0
aBayayAyin	abhayaya1yin	abhayayāyin	abhayayāyin	grade	3971	054-3	SCH-grade-12427_cases.xml	0
aBayaruci	Abhayaruci	abhayaruci	abhayaruci	grade	3972	054-3	SCH-grade-12427_cases.xml	0
aBayavanamfga	abhayavanamr2ga	abhayavanamṛga	abhayavanamṛga	grade	3973	054-3	SCH-grade-12427_cases.xml	0
aBalla	abhalla	abhalla	abhalla	grade	3976	054-3	SCH-grade-12427_cases.xml	0
aBARqa	abha1n2d2a	abhāṇḍa	abhānḍa	grade	3986	055-1	SCH-grade-12427_cases.xml	0
aBAratIyatva	abha1rati1yatva	abhāratīyatva	abhāratīyatva	grade	3989	055-1	SCH-grade-12427_cases.xml	0
aBAvabrahmavAda	abha1vabrahmava1da	abhāvabrahmavāda	abhāvabrahmavāda	grade	3995	055-1	SCH-grade-12427_cases.xml	0
aBAvabrahmavAdin	abha1vabrahmava1din	abhāvabrahmavādin	abhāvabrahmavādin	grade	3996	055-1	SCH-grade-12427_cases.xml	0
aBida	abhida	abhida	abhida	grade	4040	055-3	SCH-grade-12427_cases.xml	0
aBiDitsu	abhidhitsu	abhidhitsu	abhidhitsu	grade	4051	056-1	SCH-grade-12427_cases.xml	0
aBinayAgama	abhinaya1gama	abhinayāgama	abhinayāgama	grade	4060	056-1	SCH-grade-12427_cases.xml	0
aBinABi	abhina1bhi	abhinābhi	abhinābhi	grade	4062	056-1	SCH-grade-12427_cases.xml	0
aBinivAsa	abhiniva1sa	abhinivāsa	abhinivāsa	grade	4069	056-1	SCH-grade-12427_cases.xml	0
aBinnapuwa	abhinnaput2a	abhinnapuṭa	abhinnapuṭa	grade	4078	056-2	SCH-grade-12427_cases.xml	0
aBinnavartana	abhinnavartana	abhinnavartana	abhinnavartana	grade	4079	056-2	SCH-grade-12427_cases.xml	0
aBipragalBa	abhipragalbha	abhipragalbha	abhipragalbha	grade	4095	056-2	SCH-grade-12427_cases.xml	0
aBiprayoga	abhiprayoga	abhiprayoga	abhiprayoga	grade	4098	056-3	SCH-grade-12427_cases.xml	0
aBipluti	abhipluti	abhipluti	abhipluti	grade	4105	056-3	SCH-grade-12427_cases.xml	0
aBimatagfha	abhimatagr2ha	abhimatagṛha	abhimatagṛha	grade	4116	056-3	SCH-grade-12427_cases.xml	0
aBimanTara	abhimanthara	abhimanthara	abhimanthara	grade	4120	056-3	SCH-grade-12427_cases.xml	0
aBimADavam	abhima1dhavam	abhimādhavam	abhimādhavam	grade	4130	057-1	SCH-grade-12427_cases.xml	0
aBimAnamahIDara	Abhima1namahi1dhara	abhimānamahīdhara	abhimānamahīdhara	grade	4132	057-1	SCH-grade-12427_cases.xml	0
aBimuKIBAva	abhimukhi1bha1va	abhimukhībhāva	abhimukhībhāva	grade	4138	057-1	SCH-grade-12427_cases.xml	0
aBilAzitA	abhila1s2ita1	abhilāṣitā	abhilāṣitā	grade	4165	057-2	SCH-grade-12427_cases.xml	0
aBilAzukatA	abhila1s2ukata1	abhilāṣukatā	abhilāṣukatā	grade	4166	057-2	SCH-grade-12427_cases.xml	0
aBivfzwi	abhivr2s2t2i	abhivṛṣṭi	abhivṛṣṭi	grade	4180	057-3	SCH-grade-12427_cases.xml	0
aBiSoza	abhis4os2a	abhiśoṣa	abhiśoṣa	grade	4191	057-3	SCH-grade-12427_cases.xml	0
aBizAdin	abhis2a1din	abhiṣādin	abhiṣādin	grade	4199	057-3	SCH-grade-12427_cases.xml	0
aBisfti	abhisr2ti	abhisṛti	abhisṛti	grade	4216	058-1	SCH-grade-12427_cases.xml	0
aBUtatA	abhu1tata1	abhūtatā	abhūtatā	grade	4241	058-2	SCH-grade-12427_cases.xml	0
aBedaBAj	abhedabha1j	abhedabhāj	abhedabhāj	grade	4250	058-2	SCH-grade-12427_cases.xml	0
aByarRas	abhyarn2as	abhyarṇas	abhyarnas	grade	4265	058-3	SCH-grade-12427_cases.xml	0
aByarRIBU	abhyarn2i1bhu1	abhyarṇībhū	abhyarnībhū	grade	4266	058-3	SCH-grade-12427_cases.xml	0
aByasUyana	abhyasu1yana	abhyasūyana	abhyasūyana	grade	4275	058-3	SCH-grade-12427_cases.xml	0
aByahitam	abhyahitam	abhyahitam	abhyahitam	grade	4276	058-3	SCH-grade-12427_cases.xml	0
aByucCrAya	abhyucchra1ya	abhyucchrāya	abhyucchrāya	grade	4293	059-1	SCH-grade-12427_cases.xml	0
aByupagamayitf	abhyupagamayitr2	abhyupagamayitṛ	abhyupagamayitṛ	grade	4305	059-1	SCH-grade-12427_cases.xml	0
aBraMSa	abhram2s4a	abhraṃśa	abhranśa	grade	4313	059-2	SCH-grade-12427_cases.xml	0
aBrakarin	abhrakarin	abhrakarin	abhrakarin	grade	4316	059-2	SCH-grade-12427_cases.xml	0
aBraketu	Abhraketu	abhraketu	abhraketu	grade	4317	059-2	SCH-grade-12427_cases.xml	0
aBranirJariRI	abhranirjharin2i1	abhranirjhariṇī	abhranirjharinī	grade	4321	059-2	SCH-grade-12427_cases.xml	0
aBramaRi	abhraman2i	abhramaṇi	abhramani	grade	4325	059-2	SCH-grade-12427_cases.xml	0
aBrasaraRa	abhrasaran2a	abhrasaraṇa	abhrasarana	grade	4334	059-2	SCH-grade-12427_cases.xml	0
aBrasarit	abhrasarit	abhrasarit	abhrasarit	grade	4335	059-2	SCH-grade-12427_cases.xml	0
aBrasinDu	abhrasindhu	abhrasindhu	abhrasindhu	grade	4336	059-2	SCH-grade-12427_cases.xml	0
amaNgalIBUta	aman3gali1bhu1ta	amaṅgalībhūta	amangalībhūta	grade	4343	059-3	SCH-grade-12427_cases.xml	0
amatratA	amatrata1	amatratā	amatratā	grade	4352	059-3	SCH-grade-12427_cases.xml	0
amanuzyaga	amanus2yaga	amanuṣyaga	amanuṣyaga	grade	4363	059-3	SCH-grade-12427_cases.xml	0
amantrin	amantrin	amantrin	amantrin	grade	4370	060-1	SCH-grade-12427_cases.xml	0
amandaruc	amandaruc	amandaruc	amandaruc	grade	4371	060-1	SCH-grade-12427_cases.xml	0
amandiman	amandiman	amandiman	amandiman	grade	4373	060-1	SCH-grade-12427_cases.xml	0
amaracApa	amaraca1pa	amaracāpa	amaracāpa	grade	4378	060-1	SCH-grade-12427_cases.xml	0
amarataruRI	amaratarun2i1	amarataruṇī	amaratarunī	grade	4380	060-1	SCH-grade-12427_cases.xml	0
amaradruh	amaradruh	amaradruh	amaradruh	grade	4382	060-1	SCH-grade-12427_cases.xml	0
amaradrohin	amaradrohin	amaradrohin	amaradrohin	grade	4383	060-1	SCH-grade-12427_cases.xml	0
amaraDenu	amaradhenu	amaradhenu	amaradhenu	grade	4385	060-1	SCH-grade-12427_cases.xml	0
amaranadI	amaranadi1	amaranadī	amaranadī	grade	4386	060-1	SCH-grade-12427_cases.xml	0
amarapuraMDrI	amarapuram2dhri1	amarapuraṃdhrī	amarapurandhrī	grade	4390	060-1	SCH-grade-12427_cases.xml	0
amaraBU	amarabhu1	amarabhū	amarabhū	grade	4391	060-2	SCH-grade-12427_cases.xml	0
amaramuni	amaramuni	amaramuni	amaramuni	grade	4393	060-2	SCH-grade-12427_cases.xml	0
amaravartman	amaravartman	amaravartman	amaravartman	grade	4396	060-2	SCH-grade-12427_cases.xml	0
amaraSatru	amaras4atru	amaraśatru	amaraśatru	grade	4398	060-2	SCH-grade-12427_cases.xml	0
amaraSEla	amaras4aila	amaraśaila	amaraśaila	grade	4400	060-2	SCH-grade-12427_cases.xml	0
amarasaKI	amarasakhi1	amarasakhī	amarasakhī	grade	4401	060-2	SCH-grade-12427_cases.xml	0
amarasinDu	amarasindhu	amarasindhu	amarasindhu	grade	4402	060-2	SCH-grade-12427_cases.xml	0
amarAga	amara1ga	amarāga	amarāga	grade	4405	060-2	SCH-grade-12427_cases.xml	0
amarAdritaraMgiRI	amara1dritaram2gin2i1	amarādritaraṃgiṇī	amarādritaranginī	grade	4407	060-2	SCH-grade-12427_cases.xml	0
amarAmBoDi	amara1mbhodhi	amarāmbhodhi	amarāmbhodhi	grade	4408	060-2	SCH-grade-12427_cases.xml	0
amarAyuDa	amara1yudha	amarāyudha	amarāyudha	grade	4409	060-2	SCH-grade-12427_cases.xml	0
amarAlaya	amara1laya	amarālaya	amarālaya	grade	4410	060-2	SCH-grade-12427_cases.xml	0
amarAvAsa	amara1va1sa	amarāvāsa	amarāvāsa	grade	4411	060-2	SCH-grade-12427_cases.xml	0
amarendravartman	amarendravartman	amarendravartman	amarendravartman	grade	4414	060-2	SCH-grade-12427_cases.xml	0
amaryAdIBUta	amarya1di1bhu1ta	amaryādībhūta	amaryādībhūta	grade	4418	060-2	SCH-grade-12427_cases.xml	0
amarzitA	amars2ita1	amarṣitā	amarṣitā	grade	4419	060-2	SCH-grade-12427_cases.xml	0
amalANgI	amala1n3gi1	amalāṅgī	amalāngī	grade	4422	060-3	SCH-grade-12427_cases.xml	0
amAla	ama1la	amāla	amāla	grade	4445	060-3	SCH-grade-12427_cases.xml	0
amUlacUqam	amu1lacu1d2am	amūlacūḍam	amūlacūḍam	grade	4470	061-1	SCH-grade-12427_cases.xml	0
amftakAnti	amr2taka1nti	amṛtakānti	amṛtakānti	grade	4477	061-2	SCH-grade-12427_cases.xml	0
amftaniDi	amr2tanidhi	amṛtanidhi	amṛtanidhi	grade	4484	061-2	SCH-grade-12427_cases.xml	0
amftapravAha	amr2taprava1ha	amṛtapravāha	amṛtapravāha	grade	4488	061-2	SCH-grade-12427_cases.xml	0
amftaprasUti	amr2taprasu1ti	amṛtaprasūti	amṛtaprasūti	grade	4489	061-2	SCH-grade-12427_cases.xml	0
amftamayUKa	amr2tamayu1kha	amṛtamayūkha	amṛtamayūkha	grade	4495	061-2	SCH-grade-12427_cases.xml	0
amftamarIci	amr2tamari1ci	amṛtamarīci	amṛtamarīci	grade	4496	061-2	SCH-grade-12427_cases.xml	0
amftamuc	amr2tamuc	amṛtamuc	amṛtamuc	grade	4497	061-2	SCH-grade-12427_cases.xml	0
amftamUrti	amr2tamu1rti	amṛtamūrti	amṛtamūrti	grade	4498	061-2	SCH-grade-12427_cases.xml	0
amftaruc	amr2taruc	amṛtaruc	amṛtaruc	grade	4500	061-2	SCH-grade-12427_cases.xml	0
amftaruci	amr2taruci	amṛtaruci	amṛtaruci	grade	4501	061-3	SCH-grade-12427_cases.xml	0
amftarocis	amr2tarocis	amṛtarocis	amṛtarocis	grade	4502	061-3	SCH-grade-12427_cases.xml	0
amftasamudra	amr2tasamudra	amṛtasamudra	amṛtasamudra	grade	4504	061-3	SCH-grade-12427_cases.xml	0
amftAtapa	amr2ta1tapa	amṛtātapa	amṛtātapa	grade	4505	061-3	SCH-grade-12427_cases.xml	0
ambaracarI	ambaracari1	ambaracarī	ambaracarī	grade	4536	062-1	SCH-grade-12427_cases.xml	0
ambaracAraRA	ambaraca1ran2a1	ambaracāraṇā	ambaracāranā	grade	4537	062-1	SCH-grade-12427_cases.xml	0
ambaratva	ambaratva	ambaratva	ambaratva	grade	4539	062-1	SCH-grade-12427_cases.xml	0
ambaradevatA	ambaradevata1	ambaradevatā	ambaradevatā	grade	4540	062-1	SCH-grade-12427_cases.xml	0
ambaravAhin	ambarava1hin	ambaravāhin	ambaravāhin	grade	4543	062-1	SCH-grade-12427_cases.xml	0
ambarasad	ambarasad	ambarasad	ambarasad	grade	4544	062-1	SCH-grade-12427_cases.xml	0
ambarastrI	ambarastri1	ambarastrī	ambarastrī	grade	4545	062-1	SCH-grade-12427_cases.xml	0
ambarApagA	ambara1paga1	ambarāpagā	ambarāpagā	grade	4546	062-1	SCH-grade-12427_cases.xml	0
ambujadfS	ambujadr2s4	ambujadṛś	ambujadṛś	grade	4555	062-1	SCH-grade-12427_cases.xml	0
ambujapati	ambujapati	ambujapati	ambujapati	grade	4557	062-2	SCH-grade-12427_cases.xml	0
ambujavatI	ambujavati1	ambujavatī	ambujavatī	grade	4558	062-2	SCH-grade-12427_cases.xml	0
ambujavanI	ambujavani1	ambujavanī	ambujavanī	grade	4559	062-2	SCH-grade-12427_cases.xml	0
ambujAkara	ambuja1kara	ambujākara	ambujākara	grade	4560	062-2	SCH-grade-12427_cases.xml	0
ambujAyate	ambuja1y(ate)	ambujāyate	ambujāyate	grade	4562	062-2	SCH-grade-12427_cases.xml	0
ambujAsana	ambuja1sana	ambujāsana	ambujāsana	grade	4563	062-2	SCH-grade-12427_cases.xml	0
ambujIyati	ambuji1y(ati)	ambujīyati	ambujīyati	grade	4566	062-2	SCH-grade-12427_cases.xml	0
ambudapaTa	ambudapatha	ambudapatha	ambudapatha	grade	4568	062-2	SCH-grade-12427_cases.xml	0
ambuDAman	ambudha1man	ambudhāman	ambudhāman	grade	4571	062-2	SCH-grade-12427_cases.xml	0
ambupUra	ambupu1ra	ambupūra	ambupūra	grade	4576	062-2	SCH-grade-12427_cases.xml	0
amburASitanayA	ambura1s4itanaya1	amburāśitanayā	amburāśitanayā	grade	4578	062-2	SCH-grade-12427_cases.xml	0
amburuhabanDu	amburuhabandhu	amburuhabandhu	amburuhabandhu	grade	4580	062-2	SCH-grade-12427_cases.xml	0
amburuhAM	amburuha1m2	amburuhāṃ	amburuhām	grade	4581	062-2	SCH-grade-12427_cases.xml	0
amBoga	ambhoga	ambhoga	ambhoga	grade	4588	062-3	SCH-grade-12427_cases.xml	0
amBogaja	ambhogaja	ambhogaja	ambhogaja	grade	4589	062-3	SCH-grade-12427_cases.xml	0
amBojacAmara	ambhojaca1mara	ambhojacāmara	ambhojacāmara	grade	4590	062-3	SCH-grade-12427_cases.xml	0
amBojavizwara	ambhojavis2t2ara	ambhojaviṣṭara	ambhojaviṣṭara	grade	4594	062-3	SCH-grade-12427_cases.xml	0
amBojinIvallaBa	ambhojini1vallabha	ambhojinīvallabha	ambhojinīvallabha	grade	4596	062-3	SCH-grade-12427_cases.xml	0
amBodBava	ambhodbhava	ambhodbhava	ambhodbhava	grade	4598	062-3	SCH-grade-12427_cases.xml	0
amBoDibanDu	ambhodhibandhu	ambhodhibandhu	ambhodhibandhu	grade	4599	062-3	SCH-grade-12427_cases.xml	0
amBoBft	ambhobhr2t	ambhobhṛt	ambhobhṛt	grade	4600	062-3	SCH-grade-12427_cases.xml	0
amradiman	amradiman	amradiman	amradiman	grade	4601	062-3	SCH-grade-12427_cases.xml	0
ayama	ayama	ayama	ayama	grade	4623	063-1	SCH-grade-12427_cases.xml	0
ayaHsUcikA	ayah2su1cika1	ayaḥsūcikā	ayaḥsūcikā	grade	4636	063-1	SCH-grade-12427_cases.xml	0
ayApya	aya1pya	ayāpya	ayāpya	grade	4647	063-2	SCH-grade-12427_cases.xml	0
ayAvya	aya1vya	ayāvya	ayāvya	grade	4649	063-2	SCH-grade-12427_cases.xml	0
ayukCadana	ayukchadana	ayukchadana	ayukchadana	grade	4652	063-2	SCH-grade-12427_cases.xml	0
ayuktatara	ayuktatara	ayuktatara	ayuktatara	grade	4654	063-2	SCH-grade-12427_cases.xml	0
ayugAnta	ayuga1nta	ayugānta	ayugānta	grade	4659	063-2	SCH-grade-12427_cases.xml	0
ayugmarocis	ayugmarocis	ayugmarocis	ayugmarocis	grade	4662	063-2	SCH-grade-12427_cases.xml	0
ayugmavilocana	ayugmavilocana	ayugmavilocana	ayugmavilocana	grade	4664	063-2	SCH-grade-12427_cases.xml	0
ayugyamaka	ayugyamaka	ayugyamaka	ayugyamaka	grade	4665	063-2	SCH-grade-12427_cases.xml	0
ayoDana	Ayodhana	ayodhana	ayodhana	grade	4683	063-3	SCH-grade-12427_cases.xml	0
araGu	araghu	araghu	araghu	grade	4701	064-1	SCH-grade-12427_cases.xml	0
araRyacARqAla	aran2yaca1n2d2a1la	araṇyacāṇḍāla	aranyacānḍāla	grade	4716	064-2	SCH-grade-12427_cases.xml	0
araRyaDIvara	aran2yadhi1vara	araṇyadhīvara	aranyadhīvara	grade	4718	064-2	SCH-grade-12427_cases.xml	0
araRyaSunaka	aran2yas4unaka	araṇyaśunaka	aranyaśunaka	grade	4719	064-2	SCH-grade-12427_cases.xml	0
araRyaSvan	aran2yas4van	araṇyaśvan	aranyaśvan	grade	4720	064-2	SCH-grade-12427_cases.xml	0
araya	araya	araya	araya	grade	4730	064-2	SCH-grade-12427_cases.xml	0
aravindajanman	aravindajanman	aravindajanman	aravindajanman	grade	4735	064-2	SCH-grade-12427_cases.xml	0
aravindadfS	aravindadr2s4	aravindadṛś	aravindadṛś	grade	4736	064-2	SCH-grade-12427_cases.xml	0
aravindanI	aravindani1	aravindanī	aravindanī	grade	4738	064-2	SCH-grade-12427_cases.xml	0
aravindavadanA	aravindavadana1	aravindavadanā	aravindavadanā	grade	4739	064-2	SCH-grade-12427_cases.xml	0
aravindavilocanA	aravindavilocana1	aravindavilocanā	aravindavilocanā	grade	4740	064-3	SCH-grade-12427_cases.xml	0
arasatva	arasatva	arasatva	arasatva	grade	4746	064-3	SCH-grade-12427_cases.xml	0
arAjavAcya	ara1java1cya	arājavācya	arājavācya	grade	4757	064-3	SCH-grade-12427_cases.xml	0
arAjasa	ara1jasa	arājasa	arājasa	grade	4758	064-3	SCH-grade-12427_cases.xml	0
arAvApa	ara1va1pa	arāvāpa	arāvāpa	grade	4765	065-1	SCH-grade-12427_cases.xml	0
arikesarin	Arikesarin	arikesarin	arikesarin	grade	4767	065-1	SCH-grade-12427_cases.xml	0
arimanTa	Arimantha	arimantha	arimantha	grade	4774	065-1	SCH-grade-12427_cases.xml	0
arimedas	arimedas	arimedas	arimedas	grade	4776	065-1	SCH-grade-12427_cases.xml	0
arizaH	aris2ah2	ariṣaḥ	ariṣa	grade	4777	065-1	SCH-grade-12427_cases.xml	0
aruRaDAman	arun2adha1man	aruṇadhāman	arunadhāman	grade	4792	065-2	SCH-grade-12427_cases.xml	0
aruRamaRi	arun2aman2i	aruṇamaṇi	arunamani	grade	4796	065-2	SCH-grade-12427_cases.xml	0
aruRamaRimahIBft	arun2aman2imahi1bhr2t	aruṇamaṇimahībhṛt	arunamanimahībhṛt	grade	4797	065-2	SCH-grade-12427_cases.xml	0
aruRaratna	arun2aratna	aruṇaratna	arunaratna	grade	4798	065-2	SCH-grade-12427_cases.xml	0
aruRaSiKa	arun2as4ikha	aruṇaśikha	arunaśikha	grade	4799	065-2	SCH-grade-12427_cases.xml	0
aruRaSilA	arun2as4ila1	aruṇaśilā	arunaśilā	grade	4800	065-2	SCH-grade-12427_cases.xml	0
aruRAMSu	arun2a1m2s4u	aruṇāṃśu	arunānśu	grade	4802	065-2	SCH-grade-12427_cases.xml	0
aruRAy	arun2a1y	aruṇāy	arunāy	grade	4806	065-2	SCH-grade-12427_cases.xml	0
aruRASman	arun2a1s4man	aruṇāśman	arunāśman	grade	4807	065-2	SCH-grade-12427_cases.xml	0
aroDa	arodha	arodha	arodha	grade	4826	065-3	SCH-grade-12427_cases.xml	0
arkakAnta	arkaka1nta	arkakānta	arkakānta	grade	4834	065-3	SCH-grade-12427_cases.xml	0
arkamaRi	arkaman2i	arkamaṇi	arkamani	grade	4839	065-3	SCH-grade-12427_cases.xml	0
arkaSEla	arkas4aila	arkaśaila	arkaśaila	grade	4842	065-3	SCH-grade-12427_cases.xml	0
argalatA	argalata1	argalatā	argalatā	grade	4847	066-1	SCH-grade-12427_cases.xml	0
arGaka	arghaka	arghaka	arghaka	grade	4850	066-1	SCH-grade-12427_cases.xml	0
arGakaRa	arghakan2a	arghakaṇa	arghakana	grade	4851	066-1	SCH-grade-12427_cases.xml	0
arcicayizyant	arcicayis2yant	arcicayiṣyant	arcicayiṣyant	grade	4858	066-1	SCH-grade-12427_cases.xml	0
arjunapraRayin	arjunapran2ayin	arjunapraṇayin	arjunapranayin	grade	4868	066-1	SCH-grade-12427_cases.xml	0
arRavatArin	arn2avata1rin	arṇavatārin	arnavatārin	grade	4870	066-2	SCH-grade-12427_cases.xml	0
arRora	arn2ora	arṇora	arnora	grade	4872	066-2	SCH-grade-12427_cases.xml	0
arTaMsita	artham2sita	arthaṃsita	arthansita	grade	4875	066-2	SCH-grade-12427_cases.xml	0
arTanATa	arthana1tha	arthanātha	arthanātha	grade	4890	066-2	SCH-grade-12427_cases.xml	0
arTaBAsinI	arthabha1sini1	arthabhāsinī	arthabhāsinī	grade	4901	066-3	SCH-grade-12427_cases.xml	0
arTavfttikA	arthavr2ttika1	arthavṛttikā	arthavṛttikā	grade	4915	067-1	SCH-grade-12427_cases.xml	0
ardin	ardin	ardin	ardin	grade	4932	067-2	SCH-grade-12427_cases.xml	0
arDakAvya	ardhaka1vya	ardhakāvya	ardhakāvya	grade	4938	067-2	SCH-grade-12427_cases.xml	0
arDanipIqita	ardhanipi1d2ita	ardhanipīḍita	ardhanipīḍita	grade	4950	067-2	SCH-grade-12427_cases.xml	0
arDapadmAsana	ardhapadma1sana	ardhapadmāsana	ardhapadmāsana	grade	4956	067-3	SCH-grade-12427_cases.xml	0
arDapARi	ardhapa1n2i	ardhapāṇi	ardhapāni	grade	4958	067-3	SCH-grade-12427_cases.xml	0
arDapIqita	ardhapi1d2ita	ardhapīḍita	ardhapīḍita	grade	4960	067-3	SCH-grade-12427_cases.xml	0
arDapIqitaka	ardhapi1d2itaka	ardhapīḍitaka	ardhapīḍitaka	grade	4961	067-3	SCH-grade-12427_cases.xml	0
arDaBrama	ardhabhrama	ardhabhrama	ardhabhrama	grade	4971	068-1	SCH-grade-12427_cases.xml	0
arDamAyUra	ardhama1yu1ra	ardhamāyūra	ardhamāyūra	grade	4973	068-1	SCH-grade-12427_cases.xml	0
arDAnuroDa	ardha1nurodha	ardhānurodha	ardhānurodha	grade	5005	068-2	SCH-grade-12427_cases.xml	0
arDAruka	ardha1ruka	ardhāruka	ardhāruka	grade	5006	068-2	SCH-grade-12427_cases.xml	0
arDekzaRa	ardheks2an2a	ardhekṣaṇa	ardhekṣana	grade	5012	068-2	SCH-grade-12427_cases.xml	0
arDoktitas	ardhoktitas	ardhoktitas	ardhoktitas	grade	5014	068-2	SCH-grade-12427_cases.xml	0
arpaka	arpaka	arpaka	arpaka	grade	5018	068-2	SCH-grade-12427_cases.xml	0
arbudaSas	arbudas4as	arbudaśas	arbudaśas	grade	5021	068-2	SCH-grade-12427_cases.xml	0
aryamASman	aryama1s4man	aryamāśman	aryamāśman	grade	5030	068-3	SCH-grade-12427_cases.xml	0
aryamopala	aryamopala	aryamopala	aryamopala	grade	5031	068-3	SCH-grade-12427_cases.xml	0
arhaRAvant	arhan2a1vant	arhaṇāvant	arhanāvant	grade	5036	068-3	SCH-grade-12427_cases.xml	0
arhadAsa	Arhada1sa	arhadāsa	arhadāsa	grade	5039	068-3	SCH-grade-12427_cases.xml	0
arhaddatta	Arhaddatta	arhaddatta	arhaddatta	grade	5041	068-3	SCH-grade-12427_cases.xml	0
alakaBaYjana	Alakabhan5jana	alakabhañjana	alakabhanjana	grade	5045	068-3	SCH-grade-12427_cases.xml	0
alakADISa	Alaka1dhi1s4a	alakādhīśa	alakādhīśa	grade	5046	068-3	SCH-grade-12427_cases.xml	0
alakeSa	Alakes4a	alakeśa	alakeśa	grade	5047	068-3	SCH-grade-12427_cases.xml	0
alaktika	alaktika	alaktika	alaktika	grade	5048	068-3	SCH-grade-12427_cases.xml	0
alakzyajanman	alaks2yajanman	alakṣyajanman	alakṣyajanman	grade	5056	069-1	SCH-grade-12427_cases.xml	0
alaGutva	alaghutva	alaghutva	alaghutva	grade	5060	069-1	SCH-grade-12427_cases.xml	0
alaMkArIkfta	alam2ka1ri1kr2ta	alaṃkārīkṛta	alankārīkṛta	grade	5074	069-2	SCH-grade-12427_cases.xml	0
alaNGanIyatama	alan3ghani1yatama	alaṅghanīyatama	alanghanīyatama	grade	5079	069-2	SCH-grade-12427_cases.xml	0
alaMtA	alam2ta1	alaṃtā	alantā	grade	5087	069-2	SCH-grade-12427_cases.xml	0
alandaka	alandaka	alandaka	alandaka	grade	5088	069-2	SCH-grade-12427_cases.xml	0
alaBasparSa	alabhaspars4a	alabhasparśa	alabhasparśa	grade	5095	069-3	SCH-grade-12427_cases.xml	0
alava	alava	alava	alava	grade	5105	069-3	SCH-grade-12427_cases.xml	0
alasodarI	alasodari1	alasodarī	alasodarī	grade	5111	069-3	SCH-grade-12427_cases.xml	0
alAtin	ala1tin	alātin	alātin	grade	5115	070-1	SCH-grade-12427_cases.xml	0
alAbuPalAyate	ala1buphala1yate	alābuphalāyate	alābuphalāyate	grade	5116	070-1	SCH-grade-12427_cases.xml	0
alitA	alita1	alitā	alitā	grade	5121	070-1	SCH-grade-12427_cases.xml	0
alopanIya	alopani1ya	alopanīya	alopanīya	grade	5139	070-2	SCH-grade-12427_cases.xml	0
alpaBojin	alpabhojin	alpabhojin	alpabhojin	grade	5161	070-2	SCH-grade-12427_cases.xml	0
alpamArica	alpama1rica	alpamārica	alpamārica	grade	5162	070-3	SCH-grade-12427_cases.xml	0
alpavfza	alpavr2s2a	alpavṛṣa	alpavṛṣa	grade	5168	070-3	SCH-grade-12427_cases.xml	0
alpIkfta	alpi1kr2ta	alpīkṛta	alpīkṛta	grade	5174	070-3	SCH-grade-12427_cases.xml	0
avakASatA	avaka1s4ata1	avakāśatā	avakāśatā	grade	5187	071-1	SCH-grade-12427_cases.xml	0
avaktavyakara	avaktavyakara	avaktavyakara	avaktavyakara	grade	5195	071-1	SCH-grade-12427_cases.xml	0
avakrIBUta	avakri1bhu1ta	avakrībhūta	avakrībhūta	grade	5199	071-1	SCH-grade-12427_cases.xml	0
avakzodana	avaks2odana	avakṣodana	avakṣodana	grade	5201	071-1	SCH-grade-12427_cases.xml	0
avagiraRa	avagiran2a	avagiraṇa	avagirana	grade	5212	071-2	SCH-grade-12427_cases.xml	0
avagIti	avagi1ti	avagīti	avagīti	grade	5214	071-2	SCH-grade-12427_cases.xml	0
avagUQi	avagu1d2hi	avagūḍhi	avagūḍhi	grade	5215	071-2	SCH-grade-12427_cases.xml	0
avagUha	avagu1ha	avagūha	avagūha	grade	5216	071-2	SCH-grade-12427_cases.xml	0
avaGAtana	avagha1tana	avaghātana	avaghātana	grade	5220	071-2	SCH-grade-12427_cases.xml	0
avaGfzwa	avaghr2s2t2a	avaghṛṣṭa	avaghṛṣṭa	grade	5221	071-2	SCH-grade-12427_cases.xml	0
avaciti	avaciti	avaciti	avaciti	grade	5229	071-2	SCH-grade-12427_cases.xml	0
avaRwa	avan2t2a	avaṇṭa	avanṭa	grade	5246	071-3	SCH-grade-12427_cases.xml	0
avataMsin	avatam2sin	avataṃsin	avatansin	grade	5251	071-3	SCH-grade-12427_cases.xml	0
avanitAlu	avanita1lu	avanitālu	avanitālu	grade	5284	072-2	SCH-grade-12427_cases.xml	0
avaniDAtf	avanidha1tr2	avanidhātṛ	avanidhātṛ	grade	5285	072-2	SCH-grade-12427_cases.xml	0
avaniBftputrIpati	avanibhr2tputri1pati	avanibhṛtputrīpati	avanibhṛtputrīpati	grade	5288	072-2	SCH-grade-12427_cases.xml	0
avaniramaRa	avaniraman2a	avaniramaṇa	avaniramana	grade	5289	072-2	SCH-grade-12427_cases.xml	0
avanilaya	avanilaya	avanilaya	avanilaya	grade	5291	072-2	SCH-grade-12427_cases.xml	0
avanisura	avanisura	avanisura	avanisura	grade	5292	072-2	SCH-grade-12427_cases.xml	0
avanIcara	avani1cara	avanīcara	avanīcara	grade	5293	072-2	SCH-grade-12427_cases.xml	0
avanIna	avani1na	avanīna	avanīna	grade	5294	072-2	SCH-grade-12427_cases.xml	0
avanInATa	avani1na1tha	avanīnātha	avanīnātha	grade	5295	072-2	SCH-grade-12427_cases.xml	0
avanIndra	avani1ndra	avanīndra	avanīndra	grade	5296	072-2	SCH-grade-12427_cases.xml	0
avanIruha	avani1ruh(a)	avanīruha	avanīruha	grade	5299	072-2	SCH-grade-12427_cases.xml	0
avanyAya	avanya1ya	avanyāya	avanyāya	grade	5309	072-2	SCH-grade-12427_cases.xml	0
avapIqitaka	avapi1d2itaka	avapīḍitaka	avapīḍitaka	grade	5313	072-3	SCH-grade-12427_cases.xml	0
avapuz	avapus2	avapuṣ	avapuṣ	grade	5314	072-3	SCH-grade-12427_cases.xml	0
avabanDana	avabandhana	avabandhana	avabandhana	grade	5320	072-3	SCH-grade-12427_cases.xml	0
avamarSaBitti	avamars4abhitti	avamarśabhitti	avamarśabhitti	grade	5328	072-3	SCH-grade-12427_cases.xml	0
avaraRa	avaran2a	avaraṇa	avarana	grade	5345	073-1	SCH-grade-12427_cases.xml	0
avaruRqana	avarun2d2ana	avaruṇḍana	avarunḍana	grade	5351	073-1	SCH-grade-12427_cases.xml	0
avarudDavaDU	avaruddhavadhu1	avaruddhavadhū	avaruddhavadhū	grade	5354	073-1	SCH-grade-12427_cases.xml	0
avaroDapura	avarodhapura	avarodhapura	avarodhapura	grade	5359	073-2	SCH-grade-12427_cases.xml	0
avarcya	avarcya	avarcya	avarcya	grade	5364	073-2	SCH-grade-12427_cases.xml	0
avartani	avartani	avartani	avartani	grade	5366	073-2	SCH-grade-12427_cases.xml	0
avala	avala	avala	avala	grade	5374	073-2	SCH-grade-12427_cases.xml	0
avalagana	avalagana	avalagana	avalagana	grade	5375	073-2	SCH-grade-12427_cases.xml	0
avalambitaka	avalambitaka	avalambitaka	avalambitaka	grade	5380	073-3	SCH-grade-12427_cases.xml	0
avaliha	avaliha	avaliha	avaliha	grade	5383	073-3	SCH-grade-12427_cases.xml	0
avalIka	avali1ka	avalīka	avalīka	grade	5384	073-3	SCH-grade-12427_cases.xml	0
avalIQaka	avali1d2haka	avalīḍhaka	avalīḍhaka	grade	5386	073-3	SCH-grade-12427_cases.xml	0
avalulokizA	avalulokis2a1	avalulokiṣā	avalulokiṣā	grade	5389	073-3	SCH-grade-12427_cases.xml	0
avalokinI	avalokini1	avalokinī	avalokinī	grade	5397	073-3	SCH-grade-12427_cases.xml	0
avaloqana	avalod2ana	avaloḍana	avaloḍana	grade	5398	073-3	SCH-grade-12427_cases.xml	0
avalola	avalola	avalola	avalola	grade	5401	073-3	SCH-grade-12427_cases.xml	0
avaSamana	avas4amana	avaśamana	avaśamana	grade	5408	074-1	SCH-grade-12427_cases.xml	0
avaSeza	avas4es2a	avaśeṣa	avaśeṣa	grade	5410	074-1	SCH-grade-12427_cases.xml	0
avasaravant	avasaravant	avasaravant	avasaravant	grade	5427	074-1	SCH-grade-12427_cases.xml	0
avasaravilAsa	Avasaravila1sa	avasaravilāsa	avasaravilāsa	grade	5428	074-1	SCH-grade-12427_cases.xml	0
avasAra	avasa1ra	avasāra	avasāra	grade	5435	074-2	SCH-grade-12427_cases.xml	0
avasKalana	avaskhalana	avaskhalana	avaskhalana	grade	5444	074-2	SCH-grade-12427_cases.xml	0
avasyandin	avasyandin	avasyandin	avasyandin	grade	5451	074-2	SCH-grade-12427_cases.xml	0
avAkparvata	ava1kparvata	avākparvata	avākparvata	grade	5468	074-3	SCH-grade-12427_cases.xml	0
avAcAwa	ava1ca1t2a	avācāṭa	avācāṭa	grade	5476	075-1	SCH-grade-12427_cases.xml	0
avAda	ava1da	avāda	avāda	grade	5482	075-1	SCH-grade-12427_cases.xml	0
avAla	ava1la	avāla	avāla	grade	5499	075-1	SCH-grade-12427_cases.xml	0
avAstavatA	ava1stavata1	avāstavatā	avāstavatā	grade	5504	075-2	SCH-grade-12427_cases.xml	0
avikAraka	avika1raka	avikāraka	avikāraka	grade	5516	075-2	SCH-grade-12427_cases.xml	0
avicAraka	avica1raka	avicāraka	avicāraka	grade	5543	075-3	SCH-grade-12427_cases.xml	0
avicAraRA	avica1ran2a1	avicāraṇā	avicāranā	grade	5544	075-3	SCH-grade-12427_cases.xml	0
avicAritA	avica1rita1	avicāritā	avicāritā	grade	5545	075-3	SCH-grade-12427_cases.xml	0
avijYAyaka	avijn5a1yaka	avijñāyaka	avijnāyaka	grade	5554	076-1	SCH-grade-12427_cases.xml	0
avitAnA	avita1na1	avitānā	avitānā	grade	5561	076-1	SCH-grade-12427_cases.xml	0
avidArita	avida1rita	avidārita	avidārita	grade	5568	076-1	SCH-grade-12427_cases.xml	0
avidyamAnavattva	avidyama1navattva	avidyamānavattva	avidyamānavattva	grade	5575	076-2	SCH-grade-12427_cases.xml	0
avinayanidAnatA	avinayanida1nata1	avinayanidānatā	avinayanidānatā	grade	5584	076-2	SCH-grade-12427_cases.xml	0
avipa	avipa	avipa	avipa	grade	5594	076-3	SCH-grade-12427_cases.xml	0
avimarSa	avimars4a	avimarśa	avimarśa	grade	5618	077-1	SCH-grade-12427_cases.xml	0
aviSfNgI	avis4r2n3gi1	aviśṛṅgī	aviśṛngī	grade	5665	077-3	SCH-grade-12427_cases.xml	0
avizpazwa	avis2pas2t2a	aviṣpaṣṭa	aviṣpaṣṭa	grade	5683	077-3	SCH-grade-12427_cases.xml	0
avisrasa	avisrasa	avisrasa	avisrasa	grade	5695	078-1	SCH-grade-12427_cases.xml	0
avIka	avi1ka	avīka	avīka	grade	5701	078-1	SCH-grade-12427_cases.xml	0
avIroza	avi1ros2a	avīroṣa	avīroṣa	grade	5709	078-1	SCH-grade-12427_cases.xml	0
avEparItyaBAgin	avaipari1tyabha1gin	avaiparītyabhāgin	avaiparītyabhāgin	grade	5724	078-2	SCH-grade-12427_cases.xml	0
avyatIta	avyati1ta	avyatīta	avyatīta	grade	5738	078-2	SCH-grade-12427_cases.xml	0
avyADidurbala	Avya1dhidurbala	avyādhidurbala	avyādhidurbala	grade	5758	078-3	SCH-grade-12427_cases.xml	0
avyAlahfdaya	avya1lahr2daya	avyālahṛdaya	avyālahṛdaya	grade	5766	079-1	SCH-grade-12427_cases.xml	0
avyAhati	avya1hati	avyāhati	avyāhati	grade	5768	079-1	SCH-grade-12427_cases.xml	0
avratitva	avratitva	avratitva	avratitva	grade	5779	079-1	SCH-grade-12427_cases.xml	0
aSakala	as4akala	aśakala	aśakala	grade	5781	079-2	SCH-grade-12427_cases.xml	0
aSakra	as4akra	aśakra	aśakra	grade	5788	079-2	SCH-grade-12427_cases.xml	0
aSakla	as4akla	aśakla	aśakla	grade	5789	079-2	SCH-grade-12427_cases.xml	0
aSaNkatamam	as4an3katamam	aśaṅkatamam	aśankatamam	grade	5790	079-2	SCH-grade-12427_cases.xml	0
aSana	as4ana	aśana	aśana	grade	5795	079-2	SCH-grade-12427_cases.xml	0
aSamana	as4amana	aśamana	aśamana	grade	5800	079-2	SCH-grade-12427_cases.xml	0
aSasti	as4asti	aśasti	aśasti	grade	5809	079-3	SCH-grade-12427_cases.xml	0
aSAn	as4a1n	aśān	aśān	grade	5814	079-3	SCH-grade-12427_cases.xml	0
aSAlInatA	as4a1li1nata1	aśālīnatā	aśālīnatā	grade	5817	079-3	SCH-grade-12427_cases.xml	0
aSAsya	as4a1sya	aśāsya	aśāsya	grade	5819	079-3	SCH-grade-12427_cases.xml	0
aSivayuga	as4ivayuga	aśivayuga	aśivayuga	grade	5831	080-1	SCH-grade-12427_cases.xml	0
aSiSiramahas	as4is4iramahas	aśiśiramahas	aśiśiramahas	grade	5832	080-1	SCH-grade-12427_cases.xml	0
aSiSvidAna	as4is4vida1na	aśiśvidāna	aśiśvidāna	grade	5835	080-1	SCH-grade-12427_cases.xml	0
aSizyatva	as4is2yatva	aśiṣyatva	aśiṣyatva	grade	5837	080-1	SCH-grade-12427_cases.xml	0
aSItaraSmi	as4i1taras4mi	aśītaraśmi	aśītaraśmi	grade	5839	080-1	SCH-grade-12427_cases.xml	0
aSudDavidyA	as4uddhavidya1	aśuddhavidyā	aśuddhavidyā	grade	5849	080-1	SCH-grade-12427_cases.xml	0
aSuBavant	as4ubhavant	aśubhavant	aśubhavant	grade	5855	080-2	SCH-grade-12427_cases.xml	0
aSUka	as4u1ka	aśūka	aśūka	grade	5857	080-2	SCH-grade-12427_cases.xml	0
aSfNKala	as4r2n3khala	aśṛṅkhala	aśṛnkhala	grade	5858	080-2	SCH-grade-12427_cases.xml	0
aSezamAtar	as4es2ama1tar	aśeṣamātar	aśeṣamātar	grade	5860	080-2	SCH-grade-12427_cases.xml	0
aSezaSaktitva	as4es2as4aktitva	aśeṣaśaktitva	aśeṣaśaktitva	grade	5861	080-2	SCH-grade-12427_cases.xml	0
aSokavarti	as4okavarti	aśokavarti	aśokavarti	grade	5868	080-2	SCH-grade-12427_cases.xml	0
aSmaka	As4maka	aśmaka	aśmaka	grade	5878	080-3	SCH-grade-12427_cases.xml	0
aSmaDAman	As4madha1man	aśmadhāman	aśmadhāman	grade	5881	080-3	SCH-grade-12427_cases.xml	0
aSmantaka	as4mantaka	aśmantaka	aśmantaka	grade	5883	080-3	SCH-grade-12427_cases.xml	0
aSmavaSa	as4mavas4a	aśmavaśa	aśmavaśa	grade	5886	080-3	SCH-grade-12427_cases.xml	0
aSyAma	as4ya1ma	aśyāma	aśyāma	grade	5888	080-3	SCH-grade-12427_cases.xml	0
aSrameRa	as4ramen2a	aśrameṇa	aśramena	grade	5890	080-3	SCH-grade-12427_cases.xml	0
aSri	as4ri	aśri	aśri	grade	5894	080-3	SCH-grade-12427_cases.xml	0
aSrutapUrvatva	as4rutapu1rvatva	aśrutapūrvatva	aśrutapūrvatva	grade	5897	080-3	SCH-grade-12427_cases.xml	0
aSrutIkfta	as4ruti1kr2ta	aśrutīkṛta	aśrutīkṛta	grade	5900	081-1	SCH-grade-12427_cases.xml	0
aSrUdaka	as4ru1daka	aśrūdaka	aśrūdaka	grade	5907	081-1	SCH-grade-12427_cases.xml	0
aSvacalasTA	as4vacalastha1	aśvacalasthā	aśvacalasthā	grade	5921	081-1	SCH-grade-12427_cases.xml	0
aSvatara	as4vatara	aśvatara	aśvatara	grade	5922	081-1	SCH-grade-12427_cases.xml	0
aSvatTa	as4vattha	aśvattha	aśvattha	grade	5924	081-2	SCH-grade-12427_cases.xml	0
aSvaniyAmin	as4vaniya1min	aśvaniyāmin	aśvaniyāmin	grade	5927	081-2	SCH-grade-12427_cases.xml	0
aSvapa	as4vapa	aśvapa	aśvapa	grade	5928	081-2	SCH-grade-12427_cases.xml	0
aSvamAhizam	as4vama1his2am	aśvamāhiṣam	aśvamāhiṣam	grade	5936	081-2	SCH-grade-12427_cases.xml	0
aSvavAhana	as4vava1hana	aśvavāhana	aśvavāhana	grade	5941	081-2	SCH-grade-12427_cases.xml	0
aSvasADanaka	as4vasa1dhanaka	aśvasādhanaka	aśvasādhanaka	grade	5947	081-3	SCH-grade-12427_cases.xml	0
aSvasADanika	as4vasa1dhanika	aśvasādhanika	aśvasādhanika	grade	5948	081-3	SCH-grade-12427_cases.xml	0
aSvA	as4va1	aśvā	aśvā	grade	5953	081-3	SCH-grade-12427_cases.xml	0
aSvAri	as4va1ri	aśvāri	aśvāri	grade	5957	081-3	SCH-grade-12427_cases.xml	0
aSvikA	as4vika1	aśvikā	aśvikā	grade	5959	081-3	SCH-grade-12427_cases.xml	0
azwatanu	as2t2atanu	aṣṭatanu	aṣṭatanu	grade	5969	081-3	SCH-grade-12427_cases.xml	0
azwaBeda	as2t2abheda	aṣṭabheda	aṣṭabheda	grade	5976	082-1	SCH-grade-12427_cases.xml	0
azwamaNgalaka	as2t2aman3galaka	aṣṭamaṅgalaka	aṣṭamangalaka	grade	5978	082-1	SCH-grade-12427_cases.xml	0
azwamIcandra	as2t2ami1candra	aṣṭamīcandra	aṣṭamīcandra	grade	5982	082-1	SCH-grade-12427_cases.xml	0
azwamIcandraka	as2t2ami1candraka	aṣṭamīcandraka	aṣṭamīcandraka	grade	5983	082-1	SCH-grade-12427_cases.xml	0
azwamIcandrikA	as2t2ami1candrika1	aṣṭamīcandrikā	aṣṭamīcandrikā	grade	5984	082-1	SCH-grade-12427_cases.xml	0
azwamIndu	as2t2ami1ndu	aṣṭamīndu	aṣṭamīndu	grade	5985	082-1	SCH-grade-12427_cases.xml	0
azwavaNka	As2t2avan3ka	aṣṭavaṅka	aṣṭavanka	grade	5989	082-1	SCH-grade-12427_cases.xml	0
azwApadaBUmikA	as2t2a1padabhu1mika1	aṣṭāpadabhūmikā	aṣṭāpadabhūmikā	grade	6011	082-2	SCH-grade-12427_cases.xml	0
azwArDavaktra	as2t2a1rdhavaktra	aṣṭārdhavaktra	aṣṭārdhavaktra	grade	6014	082-2	SCH-grade-12427_cases.xml	0
azwAhna	as2t2a1hna	aṣṭāhna	aṣṭāhna	grade	6020	082-3	SCH-grade-12427_cases.xml	0
azwAhnI	as2t2a1hni1	aṣṭāhnī	aṣṭāhnī	grade	6021	082-3	SCH-grade-12427_cases.xml	0
azwIla	as2t2i1la	aṣṭīla	aṣṭīla	grade	6023	082-3	SCH-grade-12427_cases.xml	0
azwIvatI	As2t2i1vati1	aṣṭīvatī	aṣṭīvatī	grade	6024	082-3	SCH-grade-12427_cases.xml	0
azwolI	as2t2oli1	aṣṭolī	aṣṭolī	grade	6026	082-3	SCH-grade-12427_cases.xml	0
asaMKyAtadeSakAla	asam2khya1tades4aka1la	asaṃkhyātadeśakāla	asankhyātadeśakāla	grade	6091	083-3	SCH-grade-12427_cases.xml	0
asadvedya	asadvedya	asadvedya	asadvedya	grade	6122	084-2	SCH-grade-12427_cases.xml	0
asanATa	asana1tha	asanātha	asanātha	grade	6125	084-2	SCH-grade-12427_cases.xml	0
asaMtfpti	asam2tr2pti	asaṃtṛpti	asantṛpti	grade	6132	084-2	SCH-grade-12427_cases.xml	0
asaBIka	asabhi1ka	asabhīka	asabhīka	grade	6143	084-3	SCH-grade-12427_cases.xml	0
asamakusumaSara	asamakusumas4ara	asamakusumaśara	asamakusumaśara	grade	6147	084-3	SCH-grade-12427_cases.xml	0
asamaYjasayati	asaman5jasay(ati)	asamañjasayati	asamanjasayati	grade	6148	084-3	SCH-grade-12427_cases.xml	0
asamapattrin	asamapattrin	asamapattrin	asamapattrin	grade	6151	084-3	SCH-grade-12427_cases.xml	0
asamarocis	asamarocis	asamarocis	asamarocis	grade	6155	084-3	SCH-grade-12427_cases.xml	0
asamaviSiKa	asamavis4ikha	asamaviśikha	asamaviśikha	grade	6159	084-3	SCH-grade-12427_cases.xml	0
asamasAhasa	Asamasa1hasa	asamasāhasa	asamasāhasa	grade	6163	084-3	SCH-grade-12427_cases.xml	0
asamastasidDa	asamastasiddha	asamastasiddha	asamastasiddha	grade	6164	084-3	SCH-grade-12427_cases.xml	0
asamahari	asamahari	asamahari	asamahari	grade	6165	084-3	SCH-grade-12427_cases.xml	0
asamAstra	asama1stra	asamāstra	asamāstra	grade	6173	085-1	SCH-grade-12427_cases.xml	0
asarAla	asara1la	asarāla	asarāla	grade	6202	085-2	SCH-grade-12427_cases.xml	0
asarAlita	asara1lita	asarālita	asarālita	grade	6203	085-2	SCH-grade-12427_cases.xml	0
asahyatA	asahyata1	asahyatā	asahyatā	grade	6219	085-3	SCH-grade-12427_cases.xml	0
asADAraRatva	asa1dha1ran2atva	asādhāraṇatva	asādhāranatva	grade	6226	085-3	SCH-grade-12427_cases.xml	0
asAratva	asa1ratva	asāratva	asāratva	grade	6237	085-3	SCH-grade-12427_cases.xml	0
asArasattva	asa1rasattva	asārasattva	asārasattva	grade	6238	085-3	SCH-grade-12427_cases.xml	0
asitamaRi	asitaman2i	asitamaṇi	asitamani	grade	6251	086-1	SCH-grade-12427_cases.xml	0
asitamuKa	asitamukha	asitamukha	asitamukha	grade	6252	086-1	SCH-grade-12427_cases.xml	0
asitarti	asitarti	asitarti	asitarti	grade	6254	086-1	SCH-grade-12427_cases.xml	0
asitavasanatA	asitavasanata1	asitavasanatā	asitavasanatā	grade	6256	086-1	SCH-grade-12427_cases.xml	0
asitaSilA	asitas4ila1	asitaśilā	asitaśilā	grade	6257	086-1	SCH-grade-12427_cases.xml	0
asitAbja	asita1bja	asitābja	asitābja	grade	6260	086-1	SCH-grade-12427_cases.xml	0
asitiman	asitiman	asitiman	asitiman	grade	6262	086-1	SCH-grade-12427_cases.xml	0
asiDenuDanaMjaya	Asidhenudhanam2jaya	asidhenudhanaṃjaya	asidhenudhananjaya	grade	6267	086-1	SCH-grade-12427_cases.xml	0
asipawwa	asipat2t2a	asipaṭṭa	asipaṭṭa	grade	6268	086-2	SCH-grade-12427_cases.xml	0
asimAtf	asima1tr2	asimātṛ	asimātṛ	grade	6272	086-2	SCH-grade-12427_cases.xml	0
asileKA	asilekha1	asilekhā	asilekhā	grade	6275	086-2	SCH-grade-12427_cases.xml	0
asIritA	asi1rita1	asīritā	asīritā	grade	6278	086-2	SCH-grade-12427_cases.xml	0
asutyajatva	asutyajatva	asutyajatva	asutyajatva	grade	6283	086-2	SCH-grade-12427_cases.xml	0
asumanaskatA	asumanaskata1	asumanaskatā	asumanaskatā	grade	6287	086-2	SCH-grade-12427_cases.xml	0
asurakzit	asuraks2it	asurakṣit	asurakṣit	grade	6289	086-2	SCH-grade-12427_cases.xml	0
asuravivara	asuravivara	asuravivara	asuravivara	grade	6293	086-3	SCH-grade-12427_cases.xml	0
asuravivaravyasanin	asuravivaravyasanin	asuravivaravyasanin	asuravivaravyasanin	grade	6294	086-3	SCH-grade-12427_cases.xml	0
asurasa	asurasa	asurasa	asurasa	grade	6296	086-3	SCH-grade-12427_cases.xml	0
asulU	asulu1	asulū	asulū	grade	6300	086-3	SCH-grade-12427_cases.xml	0
asusa	asusa	asusa	asusa	grade	6302	086-3	SCH-grade-12427_cases.xml	0
asususU	asususu1	asususū	asususū	grade	6304	086-3	SCH-grade-12427_cases.xml	0
asuhft	asuhr2t	asuhṛt	asuhṛt	grade	6305	086-3	SCH-grade-12427_cases.xml	0
asUyakatva	asu1yakatva	asūyakatva	asūyakatva	grade	6309	086-3	SCH-grade-12427_cases.xml	0
asUyana	asu1yana	asūyana	asūyana	grade	6310	086-3	SCH-grade-12427_cases.xml	0
asfgvarA	asr2gvara1	asṛgvarā	asṛgvarā	grade	6317	086-3	SCH-grade-12427_cases.xml	0
asena	asena	asena	asena	grade	6323	087-1	SCH-grade-12427_cases.xml	0
asKalitatA	askhalitata1	askhalitatā	askhalitatā	grade	6338	087-1	SCH-grade-12427_cases.xml	0
astaparvata	astaparvata	astaparvata	astaparvata	grade	6341	087-1	SCH-grade-12427_cases.xml	0
astaBUBft	astabhu1bhr2t	astabhūbhṛt	astabhūbhṛt	grade	6342	087-1	SCH-grade-12427_cases.xml	0
astADayati	asta1dhayati	astādhayati	astādhayati	grade	6348	087-2	SCH-grade-12427_cases.xml	0
astAvanIDra	asta1vani1dhra	astāvanīdhra	astāvanīdhra	grade	6350	087-2	SCH-grade-12427_cases.xml	0
astimita	astimita	astimita	astimita	grade	6352	087-2	SCH-grade-12427_cases.xml	0
astrakarman	astrakarman	astrakarman	astrakarman	grade	6361	087-2	SCH-grade-12427_cases.xml	0
astraSAlA	astras4a1la1	astraśālā	astraśālā	grade	6364	087-2	SCH-grade-12427_cases.xml	0
astrIkfta	astri1kr2ta	astrīkṛta	astrīkṛta	grade	6367	087-2	SCH-grade-12427_cases.xml	0
astrInimitta	astri1nimitta	astrīnimitta	astrīnimitta	grade	6368	087-2	SCH-grade-12427_cases.xml	0
asTitA	asthita1	asthitā	asthitā	grade	6376	087-3	SCH-grade-12427_cases.xml	0
asTiratA	asthirata1	asthiratā	asthiratā	grade	6380	087-3	SCH-grade-12427_cases.xml	0
asTirasa	asthirasa	asthirasa	asthirasa	grade	6381	087-3	SCH-grade-12427_cases.xml	0
asTyanta	asthyanta	asthyanta	asthyanta	grade	6386	087-3	SCH-grade-12427_cases.xml	0
asvatantrIkfta	asvatantri1kr2ta	asvatantrīkṛta	asvatantrīkṛta	grade	6413	088-1	SCH-grade-12427_cases.xml	0
ahaMprATamikA	aham2pra1thamika1	ahaṃprāthamikā	ahamprāthamikā	grade	6436	088-2	SCH-grade-12427_cases.xml	0
aharaDipa	aharadhipa	aharadhipa	aharadhipa	grade	6439	088-2	SCH-grade-12427_cases.xml	0
aharaDISajanman	aharadhi1s4ajanman	aharadhīśajanman	aharadhīśajanman	grade	6440	088-2	SCH-grade-12427_cases.xml	0
ahasa	ahasa	ahasa	ahasa	grade	6447	088-3	SCH-grade-12427_cases.xml	0
ahAni	aha1ni	ahāni	ahāni	grade	6453	088-3	SCH-grade-12427_cases.xml	0
ahAvalava	aha1valava	ahāvalava	ahāvalava	grade	6456	088-3	SCH-grade-12427_cases.xml	0
ahitakulakAlAnala	Ahitakulaka1la1nala	ahitakulakālānala	ahitakulakālānala	grade	6462	088-3	SCH-grade-12427_cases.xml	0
ahitAnta	ahita1nta	ahitānta	ahitānta	grade	6463	088-3	SCH-grade-12427_cases.xml	0
ahipurI	Ahipuri1	ahipurī	ahipurī	grade	6470	089-1	SCH-grade-12427_cases.xml	0
ahimaDAman	ahimadha1man	ahimadhāman	ahimadhāman	grade	6475	089-1	SCH-grade-12427_cases.xml	0
ahimaBAnu	ahimabha1nu	ahimabhānu	ahimabhānu	grade	6476	089-1	SCH-grade-12427_cases.xml	0
ahimaBAs	ahimabha1s	ahimabhās	ahimabhās	grade	6477	089-1	SCH-grade-12427_cases.xml	0
ahimamarIci	ahimamari1ci	ahimamarīci	ahimamarīci	grade	6479	089-1	SCH-grade-12427_cases.xml	0
ahimaSilA	ahimas4ila1	ahimaśilā	ahimaśilā	grade	6482	089-1	SCH-grade-12427_cases.xml	0
ahimApAta	ahima1pa1ta	ahimāpāta	ahimāpāta	grade	6484	089-1	SCH-grade-12427_cases.xml	0
ahiloka	ahiloka	ahiloka	ahiloka	grade	6489	089-1	SCH-grade-12427_cases.xml	0
ahivalli	ahivalli	ahivalli	ahivalli	grade	6490	089-1	SCH-grade-12427_cases.xml	0
ahIraRI	ahi1ran2i1	ahīraṇī	ahīranī	grade	6500	089-2	SCH-grade-12427_cases.xml	0
ahISavErin	ahi1s4avairin	ahīśavairin	ahīśavairin	grade	6502	089-2	SCH-grade-12427_cases.xml	0
ahISvara	ahi1s4vara	ahīśvara	ahīśvara	grade	6503	089-2	SCH-grade-12427_cases.xml	0
aheya	aheya	aheya	aheya	grade	6509	089-2	SCH-grade-12427_cases.xml	0
ahnAMpati	ahna1m2pati	ahnāṃpati	ahnāmpati	grade	6517	089-2	SCH-grade-12427_cases.xml	0
Ak	a1k	āk	āk	grade	6522	089-2	SCH-grade-12427_cases.xml	0
Akampani	A1kampani	ākampani	ākampani	grade	6523	089-2	SCH-grade-12427_cases.xml	0
Akampin	a1kampin	ākampin	ākampin	grade	6524	089-2	SCH-grade-12427_cases.xml	0
AkarakzmA	a1karaks2ma1	ākarakṣmā	ākarakṣmā	grade	6527	089-2	SCH-grade-12427_cases.xml	0
AkarzakAyate	a1kars2aka1yate	ākarṣakāyate	ākarṣakāyate	grade	6535	089-3	SCH-grade-12427_cases.xml	0
AkarzaRapAzARa	a1kars2an2apa1s2a1n2a	ākarṣaṇapāṣāṇa	ākarṣanapāṣāna	grade	6537	089-3	SCH-grade-12427_cases.xml	0
AkalmAzita	a1kalma1s2ita	ākalmāṣita	ākalmāṣita	grade	6544	089-3	SCH-grade-12427_cases.xml	0
AkANkzaka	a1ka1n3ks2aka	ākāṅkṣaka	ākānkṣaka	grade	6547	089-3	SCH-grade-12427_cases.xml	0
AkANkzitA	a1ka1n3ks2ita1	ākāṅkṣitā	ākānkṣitā	grade	6548	089-3	SCH-grade-12427_cases.xml	0
AkArin	a1ka1rin	ākārin	ākārin	grade	6553	089-3	SCH-grade-12427_cases.xml	0
AkASa	a1ka1s4a	ākāśa	ākāśa	grade	6557	090-1	SCH-grade-12427_cases.xml	0
AkASakakavala	a1ka1s4akakavala	ākāśakakavala	ākāśakakavala	grade	6558	090-1	SCH-grade-12427_cases.xml	0
AkASaja	a1ka1s4aja	ākāśaja	ākāśaja	grade	6560	090-1	SCH-grade-12427_cases.xml	0
AkASasinDu	a1ka1s4asindhu	ākāśasindhu	ākāśasindhu	grade	6566	090-1	SCH-grade-12427_cases.xml	0
AkASApagA	a1ka1s4a1paga1	ākāśāpagā	ākāśāpagā	grade	6569	090-1	SCH-grade-12427_cases.xml	0
AkASIBU	a1ka1s4i1bhu1	ākāśībhū	ākāśībhū	grade	6571	090-1	SCH-grade-12427_cases.xml	0
Aku	a1ku	āku	āku	grade	6574	090-1	SCH-grade-12427_cases.xml	0
AkuPaRi	a1kuphan2i	ākuphaṇi	ākuphani	grade	6575	090-1	SCH-grade-12427_cases.xml	0
Akftiyati	a1kr2tiyati	ākṛtiyati	ākṛtiyati	grade	6578	090-1	SCH-grade-12427_cases.xml	0
Akekakaraka	a1kekakaraka	ākekakaraka	ākekakaraka	grade	6585	090-2	SCH-grade-12427_cases.xml	0
Akopita	a1kopita	ākopita	ākopita	grade	6591	090-2	SCH-grade-12427_cases.xml	0
AkzepatA	a1ks2epata1	ākṣepatā	ākṣepatā	grade	6610	090-3	SCH-grade-12427_cases.xml	0
AKaRqalakodaRqa	a1khan2d2alakodan2d2a	ākhaṇḍalakodaṇḍa	ākhanḍalakodanḍa	grade	6617	090-3	SCH-grade-12427_cases.xml	0
Agaska	a1gaska	āgaska	āgaska	grade	6642	091-1	SCH-grade-12427_cases.xml	0
AgastyAga	a1gastya1ga	āgastyāga	āgastyāga	grade	6645	091-1	SCH-grade-12427_cases.xml	0
AgABa	a1ga1bha	āgābha	āgābha	grade	6647	091-1	SCH-grade-12427_cases.xml	0
AgUraRa	a1gu1ran2a	āgūraṇa	āgūrana	grade	6650	091-1	SCH-grade-12427_cases.xml	0
AgnyADeyikya	a1gnya1dheyikya	āgnyādheyikya	āgnyādheyikya	grade	6658	091-1	SCH-grade-12427_cases.xml	0
Agrahin	a1grahin	āgrahin	āgrahin	grade	6663	091-1	SCH-grade-12427_cases.xml	0
AGrAtuka	a1ghra1tuka	āghrātuka	āghrātuka	grade	6677	091-2	SCH-grade-12427_cases.xml	0
AGrAyin	a1ghra1yin	āghrāyin	āghrāyin	grade	6678	091-2	SCH-grade-12427_cases.xml	0
ANkika	a1n3kika	āṅkika	ānkika	grade	6679	091-2	SCH-grade-12427_cases.xml	0
AcandrArkam	a1candra1rkam	ācandrārkam	ācandrārkam	grade	6690	091-2	SCH-grade-12427_cases.xml	0
AcamanaDArin	a1camanadha1rin	ācamanadhārin	ācamanadhārin	grade	6693	091-3	SCH-grade-12427_cases.xml	0
AcaraRatas	a1caran2atas	ācaraṇatas	ācaranatas	grade	6695	091-3	SCH-grade-12427_cases.xml	0
AcAraRa	a1ca1ran2a	ācāraṇa	ācārana	grade	6701	091-3	SCH-grade-12427_cases.xml	0
AcAraBUmi	a1ca1rabhu1mi	ācārabhūmi	ācārabhūmi	grade	6703	091-3	SCH-grade-12427_cases.xml	0
Acumbana	a1cumbana	ācumbana	ācumbana	grade	6716	092-1	SCH-grade-12427_cases.xml	0
AcUlam	a1cu1lam	ācūlam	ācūlam	grade	6717	092-1	SCH-grade-12427_cases.xml	0
AcCa	a1ccha	āccha	āccha	grade	6719	092-1	SCH-grade-12427_cases.xml	0
AcCuraRa	a1cchuran2a	ācchuraṇa	ācchurana	grade	6722	092-1	SCH-grade-12427_cases.xml	0
AjakAva	a1jaka1va	ājakāva	ājakāva	grade	6732	092-1	SCH-grade-12427_cases.xml	0
Ajira	[°a1jira	ājira	ājira	grade	6740	092-2	SCH-grade-12427_cases.xml	0
Ajivartma	a1jivartma	ājivartma	ājivartma	grade	6741	092-2	SCH-grade-12427_cases.xml	0
AjYAkzara	a1jn5a1ks2ara	ājñākṣara	ājnākṣara	grade	6749	092-2	SCH-grade-12427_cases.xml	0
Ajyota	a1jyota	ājyota	ājyota	grade	6759	092-2	SCH-grade-12427_cases.xml	0
Awavfkza	a1t2avr2ks2a	āṭavṛkṣa	āṭavṛkṣa	grade	6768	092-3	SCH-grade-12427_cases.xml	0
AwopatA	a1t2opata1	āṭopatā	āṭopatā	grade	6772	092-3	SCH-grade-12427_cases.xml	0
Awopitam	a1t2opitam	āṭopitam	āṭopitam	grade	6773	092-3	SCH-grade-12427_cases.xml	0
Awwaka	a1t2t2aka	āṭṭaka	āṭṭaka	grade	6774	092-3	SCH-grade-12427_cases.xml	0
AQyatva	a1d2hyatva	āḍhyatva	āḍhyatva	grade	6782	092-3	SCH-grade-12427_cases.xml	0
ARavamala	a1n2avamala	āṇavamala	ānavamala	grade	6786	092-3	SCH-grade-12427_cases.xml	0
ARidvAra	a1n2idva1ra	āṇidvāra	ānidvāra	grade	6788	093-1	SCH-grade-12427_cases.xml	0
Atapatropakft	a1tapatropakr2t	ātapatropakṛt	ātapatropakṛt	grade	6797	093-1	SCH-grade-12427_cases.xml	0
Atasa	a1tasa	ātasa	ātasa	grade	6803	093-1	SCH-grade-12427_cases.xml	0
AtAnaka	a1ta1naka	ātānaka	ātānaka	grade	6807	093-1	SCH-grade-12427_cases.xml	0
AtAnana	a1ta1nana	ātānana	ātānana	grade	6808	093-1	SCH-grade-12427_cases.xml	0
AtmakatA	a1tmakata1	ātmakatā	ātmakatā	grade	6825	093-2	SCH-grade-12427_cases.xml	0
Atmatuzwi	a1tmatus2t2i	ātmatuṣṭi	ātmatuṣṭi	grade	6830	093-2	SCH-grade-12427_cases.xml	0
AtmadeSIya	a1tmades4i1ya	ātmadeśīya	ātmadeśīya	grade	6834	093-2	SCH-grade-12427_cases.xml	0
AtmaBAj	a1tmabha1j	ātmabhāj	ātmabhāj	grade	6844	093-3	SCH-grade-12427_cases.xml	0
AtmamBaritA	a1tmambharita1	ātmambharitā	ātmambharitā	grade	6849	093-3	SCH-grade-12427_cases.xml	0
AtmasTiti	a1tmasthiti	ātmasthiti	ātmasthiti	grade	6863	094-1	SCH-grade-12427_cases.xml	0
AtmEkya	a1tmaikya	ātmaikya	ātmaikya	grade	6871	094-1	SCH-grade-12427_cases.xml	0
AtmopAsaka	a1tmopa1saka	ātmopāsaka	ātmopāsaka	grade	6873	094-1	SCH-grade-12427_cases.xml	0
AdAhatyajanam	a1da1hatyajanam	ādāhatyajanam	ādāhatyajanam	grade	6889	094-2	SCH-grade-12427_cases.xml	0
Adikzatriya	a1diks2atriya	ādikṣatriya	ādikṣatriya	grade	6893	094-2	SCH-grade-12427_cases.xml	0
Adityamata	A1dityamata	ādityamata	ādityamata	grade	6902	094-2	SCH-grade-12427_cases.xml	0
Adityasuta	a1dityasuta	ādityasuta	ādityasuta	grade	6903	094-2	SCH-grade-12427_cases.xml	0
AdityopajIvin	a1dityopaji1vin	ādityopajīvin	ādityopajīvin	grade	6907	094-3	SCH-grade-12427_cases.xml	0
Adidikzu	a1didiks2u	ādidikṣu	ādidikṣu	grade	6909	094-3	SCH-grade-12427_cases.xml	0
AdiDyAsu	a1didhya1su	ādidhyāsu	ādidhyāsu	grade	6911	094-3	SCH-grade-12427_cases.xml	0
Adivid	a1divid	ādivid	ādivid	grade	6916	094-3	SCH-grade-12427_cases.xml	0
AdeyamUrtitA	a1deyamu1rtita1	ādeyamūrtitā	ādeyamūrtitā	grade	6921	094-3	SCH-grade-12427_cases.xml	0
AdeyamUrtitva	a1deyamu1rtitva	ādeyamūrtitva	ādeyamūrtitva	grade	6922	094-3	SCH-grade-12427_cases.xml	0
AdeSa	a1des4a	ādeśa	ādeśa	grade	6924	094-3	SCH-grade-12427_cases.xml	0
AdeSapattrikA	a1des4apattrika1	ādeśapattrikā	ādeśapattrikā	grade	6926	094-3	SCH-grade-12427_cases.xml	0
ADInaDya	a1dhi1nadhya	ādhīnadhya	ādhīnadhya	grade	6953	095-1	SCH-grade-12427_cases.xml	0
ADUnana	a1dhu1nana	ādhūnana	ādhūnana	grade	6954	095-2	SCH-grade-12427_cases.xml	0
ADUsara	a1dhu1sara	ādhūsara	ādhūsara	grade	6955	095-2	SCH-grade-12427_cases.xml	0
ADyAtar	a1dhya1tar	ādhyātar	ādhyātar	grade	6957	095-2	SCH-grade-12427_cases.xml	0
ADyeya	a1dhyeya	ādhyeya	ādhyeya	grade	6959	095-2	SCH-grade-12427_cases.xml	0
AnandakandIyati	a1nandakandi1y(ati)	ānandakandīyati	ānandakandīyati	grade	6966	095-2	SCH-grade-12427_cases.xml	0
AnandadunduBi	a1nandadundubhi	ānandadundubhi	ānandadundubhi	grade	6970	095-2	SCH-grade-12427_cases.xml	0
Anayanam	a1nayanam	ānayanam	ānayanam	grade	6976	095-2	SCH-grade-12427_cases.xml	0
AnavatA	a1navata1	ānavatā	ānavatā	grade	6980	095-3	SCH-grade-12427_cases.xml	0
Anigamam	a1nigamam	ānigamam	ānigamam	grade	6985	095-3	SCH-grade-12427_cases.xml	0
AnunATana	a1nuna1thana	ānunāthana	ānunāthana	grade	6993	095-3	SCH-grade-12427_cases.xml	0
AndolanacaturTI	a1ndolanacaturthi1	āndolanacaturthī	āndolanacaturthī	grade	7010	096-1	SCH-grade-12427_cases.xml	0
ApagAvarta	a1paga1varta	āpagāvarta	āpagāvarta	grade	7016	096-1	SCH-grade-12427_cases.xml	0
ApaRi	a1pan2i	āpaṇi	āpani	grade	7018	096-1	SCH-grade-12427_cases.xml	0
ApasnAna	a1pasna1na	āpasnāna	āpasnāna	grade	7032	096-2	SCH-grade-12427_cases.xml	0
ApAkati	a1pa1kati	āpākati	āpākati	grade	7034	096-2	SCH-grade-12427_cases.xml	0
ApAdacUqam	a1pa1dacu1d2am	āpādacūḍam	āpādacūḍam	grade	7039	096-2	SCH-grade-12427_cases.xml	0
ApAduka	a1pa1duka	āpāduka	āpāduka	grade	7044	096-3	SCH-grade-12427_cases.xml	0
ApAnasTAna	a1pa1nastha1na	āpānasthāna	āpānasthāna	grade	7045	096-3	SCH-grade-12427_cases.xml	0
ApAvana	a1pa1vana	āpāvana	āpāvana	grade	7047	096-3	SCH-grade-12427_cases.xml	0
Apin	a1pin	āpin	āpin	grade	7050	096-3	SCH-grade-12427_cases.xml	0
ApIvara	a1pi1vara	āpīvara	āpīvara	grade	7058	096-3	SCH-grade-12427_cases.xml	0
ApradIna	a1pradi1na	āpradīna	āpradīna	grade	7079	097-1	SCH-grade-12427_cases.xml	0
ApraSna	a1pras4na	āpraśna	āpraśna	grade	7082	097-1	SCH-grade-12427_cases.xml	0
AbadDya	a1baddhya	ābaddhya	ābaddhya	grade	7086	097-1	SCH-grade-12427_cases.xml	0
AbanDyatA	a1bandhyata1	ābandhyatā	ābandhyatā	grade	7089	097-1	SCH-grade-12427_cases.xml	0
AbalatA	a1balata1	ābalatā	ābalatā	grade	7090	097-1	SCH-grade-12427_cases.xml	0
Abilita	[°a1bilita	ābilita	ābilita	grade	7091	097-1	SCH-grade-12427_cases.xml	0
ABaNgura	a1bhan3gura	ābhaṅgura	ābhangura	grade	7097	097-2	SCH-grade-12427_cases.xml	0
ABaraRaka	a1bharan2aka	ābharaṇaka	ābharanaka	grade	7098	097-2	SCH-grade-12427_cases.xml	0
ABaraRatA	a1bharan2ata1	ābharaṇatā	ābharanatā	grade	7099	097-2	SCH-grade-12427_cases.xml	0
ABaraRatva	a1bharan2atva	ābharaṇatva	ābharanatva	grade	7100	097-2	SCH-grade-12427_cases.xml	0
ABAsi	a1bha1si	ābhāsi	ābhāsi	grade	7106	097-2	SCH-grade-12427_cases.xml	0
ABijanya	a1bhijanya	ābhijanya	ābhijanya	grade	7108	097-2	SCH-grade-12427_cases.xml	0
ABiniboDika	a1bhinibodhika	ābhinibodhika	ābhinibodhika	grade	7110	097-2	SCH-grade-12427_cases.xml	0
ABIlatA	a1bhi1lata1	ābhīlatā	ābhīlatā	grade	7117	097-2	SCH-grade-12427_cases.xml	0
ABewana	a1bhet2ana	ābheṭana	ābheṭana	grade	7119	097-2	SCH-grade-12427_cases.xml	0
AByAsikI	a1bhya1siki1	ābhyāsikī	ābhyāsikī	grade	7125	097-3	SCH-grade-12427_cases.xml	0
AmaDu	a1madhu	āmadhu	āmadhu	grade	7132	097-3	SCH-grade-12427_cases.xml	0
Amantraka	a1mantraka	āmantraka	āmantraka	grade	7134	097-3	SCH-grade-12427_cases.xml	0
AmarSana	a1mars4ana	āmarśana	āmarśana	grade	7141	097-3	SCH-grade-12427_cases.xml	0
AmArdava	a1ma1rdava	āmārdava	āmārdava	grade	7145	098-1	SCH-grade-12427_cases.xml	0
AmAla	a1ma1la	āmāla	āmāla	grade	7146	098-1	SCH-grade-12427_cases.xml	0
AmuKara	a1mukhara	āmukhara	āmukhara	grade	7154	098-1	SCH-grade-12427_cases.xml	0
AmracUzita	a1mracu1s2ita	āmracūṣita	āmracūṣita	grade	7166	098-1	SCH-grade-12427_cases.xml	0
AmracUzitaka	a1mracu1s2itaka	āmracūṣitaka	āmracūṣitaka	grade	7167	098-1	SCH-grade-12427_cases.xml	0
AmrA	a1mra1	āmrā	āmrā	grade	7170	098-2	SCH-grade-12427_cases.xml	0
AmrAvacUzita	a1mra1vacu1s2ita	āmrāvacūṣita	āmrāvacūṣita	grade	7171	098-2	SCH-grade-12427_cases.xml	0
AmlaKalaka	a1mlakhalaka	āmlakhalaka	āmlakhalaka	grade	7173	098-2	SCH-grade-12427_cases.xml	0
AmlAnataru	a1mla1nataru	āmlānataru	āmlānataru	grade	7174	098-2	SCH-grade-12427_cases.xml	0
AyatadfS	a1yatadr2s4	āyatadṛś	āyatadṛś	grade	7179	098-2	SCH-grade-12427_cases.xml	0
AyAcitf	a1ya1citr2	āyācitṛ	āyācitṛ	grade	7191	098-2	SCH-grade-12427_cases.xml	0
AyAmayati	a1ya1may(ati)	āyāmayati	āyāmayati	grade	7195	098-3	SCH-grade-12427_cases.xml	0
AyAsayamAna	a1ya1sayama1na	āyāsayamāna	āyāsayamāna	grade	7198	098-3	SCH-grade-12427_cases.xml	0
AyuDIkfta	a1yudhi1kr2ta	āyudhīkṛta	āyudhīkṛta	grade	7208	098-3	SCH-grade-12427_cases.xml	0
AraksaRa	a1raksan2a	āraksaṇa	āraksana	grade	7221	099-1	SCH-grade-12427_cases.xml	0
AraYjana	a1ran5jana	ārañjana	āranjana	grade	7223	099-1	SCH-grade-12427_cases.xml	0
AratIya	a1rati1ya	āratīya	āratīya	grade	7229	099-1	SCH-grade-12427_cases.xml	0
ArabDikA	a1rabdhika1	ārabdhikā	ārabdhikā	grade	7230	099-1	SCH-grade-12427_cases.xml	0
Aravapus	a1ravapus	āravapus	āravapus	grade	7237	099-2	SCH-grade-12427_cases.xml	0
Arasana	a1rasana	ārasana	ārasana	grade	7238	099-2	SCH-grade-12427_cases.xml	0
ArAmin	a1ra1min	ārāmin	ārāmin	grade	7248	099-2	SCH-grade-12427_cases.xml	0
ArArttikA	[°a1ra1rttika1	ārārttikā	ārārttikā	grade	7249	099-2	SCH-grade-12427_cases.xml	0
ArAsin	a1ra1sin	ārāsin	ārāsin	grade	7253	099-2	SCH-grade-12427_cases.xml	0
Aruci	a1ruci	āruci	āruci	grade	7258	099-2	SCH-grade-12427_cases.xml	0
AruRqana	a1run2d2ana	āruṇḍana	ārunḍana	grade	7260	099-2	SCH-grade-12427_cases.xml	0
Aruti	a1ruti	āruti	āruti	grade	7263	099-3	SCH-grade-12427_cases.xml	0
Arutin	a1rutin	ārutin	ārutin	grade	7264	099-3	SCH-grade-12427_cases.xml	0
Areya	a1reya	āreya	āreya	grade	7270	099-3	SCH-grade-12427_cases.xml	0
Arogyatva	a1rogyatva	ārogyatva	ārogyatva	grade	7272	099-3	SCH-grade-12427_cases.xml	0
Aroda	a1roda	āroda	āroda	grade	7276	099-3	SCH-grade-12427_cases.xml	0
ArohaRikA	a1rohan2ika1	ārohaṇikā	ārohanikā	grade	7281	099-3	SCH-grade-12427_cases.xml	0
ArdrakapolikA	a1rdrakapolika1	ārdrakapolikā	ārdrakapolikā	grade	7296	100-1	SCH-grade-12427_cases.xml	0
AryARI	a1rya1n2i1	āryāṇī	āryānī	grade	7315	100-1	SCH-grade-12427_cases.xml	0
ArhatABAsa	a1rhata1bha1sa	ārhatābhāsa	ārhatābhāsa	grade	7321	100-2	SCH-grade-12427_cases.xml	0
Alana	a1lana	ālana	ālana	grade	7326	100-2	SCH-grade-12427_cases.xml	0
AlambanakuRqa	a1lambanakun2d2a	ālambanakuṇḍa	ālambanakunḍa	grade	7329	100-2	SCH-grade-12427_cases.xml	0
AlavAlAyamAna	a1lava1la1yama1na	ālavālāyamāna	ālavālāyamāna	grade	7335	100-2	SCH-grade-12427_cases.xml	0
Alita	a1lita	ālita	ālita	grade	7344	100-3	SCH-grade-12427_cases.xml	0
AlukA	a1luka1	ālukā	ālukā	grade	7346	100-3	SCH-grade-12427_cases.xml	0
AleKa	a1lekha	ālekha	ālekha	grade	7347	100-3	SCH-grade-12427_cases.xml	0
Alepaka	a1lepaka	ālepaka	ālepaka	grade	7350	100-3	SCH-grade-12427_cases.xml	0
Alopin	a1lopin	ālopin	ālopin	grade	7359	100-3	SCH-grade-12427_cases.xml	0
Alya	a1lya	ālya	ālya	grade	7362	100-3	SCH-grade-12427_cases.xml	0
AvanDyatA	a1vandhyata1	āvandhyatā	āvandhyatā	grade	7366	100-3	SCH-grade-12427_cases.xml	0
AvaraRIkf	a1varan2i1kr2	āvaraṇīkṛ	āvaranīkṛ	grade	7368	100-3	SCH-grade-12427_cases.xml	0
AvaravI	a1varavi1	āvaravī	āvaravī	grade	7369	100-3	SCH-grade-12427_cases.xml	0
AvasaTasarasI	a1vasathasarasi1	āvasathasarasī	āvasathasarasī	grade	7380	101-1	SCH-grade-12427_cases.xml	0
Avasanaka	a1vasanaka	āvasanaka	āvasanaka	grade	7383	101-1	SCH-grade-12427_cases.xml	0
AvAsaka	a1va1saka	āvāsaka	āvāsaka	grade	7392	101-1	SCH-grade-12427_cases.xml	0
AvAsakAra	a1va1saka1ra	āvāsakāra	āvāsakāra	grade	7393	101-1	SCH-grade-12427_cases.xml	0
AvidUna	a1vidu1na	āvidūna	āvidūna	grade	7397	101-2	SCH-grade-12427_cases.xml	0
AviD	a1vidh	āvidh	āvidh	grade	7399	101-2	SCH-grade-12427_cases.xml	0
AveSin	a1ves4in	āveśin	āveśin	grade	7415	101-2	SCH-grade-12427_cases.xml	0
Avezwiman	a1ves2t2iman	āveṣṭiman	āveṣṭiman	grade	7416	101-2	SCH-grade-12427_cases.xml	0
AvESika	a1vais4ika	āvaiśika	āvaiśika	grade	7417	101-2	SCH-grade-12427_cases.xml	0
ASayavid	a1s4ayavid	āśayavid	āśayavid	grade	7425	101-3	SCH-grade-12427_cases.xml	0
ASara	a1s4ara	āśara	āśara	grade	7426	101-3	SCH-grade-12427_cases.xml	0
ASAkarawin	a1s4a1karat2in	āśākaraṭin	āśākaraṭin	grade	7428	101-3	SCH-grade-12427_cases.xml	0
ASAkarIndra	a1s4a1kari1ndra	āśākarīndra	āśākarīndra	grade	7429	101-3	SCH-grade-12427_cases.xml	0
ASAta	a1s4a1ta	āśāta	āśāta	grade	7431	101-3	SCH-grade-12427_cases.xml	0
ASAtatA	a1s4a1tata1	āśātatā	āśātatā	grade	7432	101-3	SCH-grade-12427_cases.xml	0
ASAdvirada	a1s4a1dvirada	āśādvirada	āśādvirada	grade	7435	101-3	SCH-grade-12427_cases.xml	0
ASAmbara	a1s4a1mbara	āśāmbara	āśāmbara	grade	7442	101-3	SCH-grade-12427_cases.xml	0
ASAvant	a1s4a1vant	āśāvant	āśāvant	grade	7443	101-3	SCH-grade-12427_cases.xml	0
ASikA	a1s4ika1	āśikā	āśikā	grade	7446	101-3	SCH-grade-12427_cases.xml	0
ASiKAgram	a1s4ikha1gram	āśikhāgram	āśikhāgram	grade	7448	101-3	SCH-grade-12427_cases.xml	0
ASis	a1s4is	āśis	āśis	grade	7449	101-3	SCH-grade-12427_cases.xml	0
ASuka	a1s4uka	āśuka	āśuka	grade	7459	102-1	SCH-grade-12427_cases.xml	0
ASutoza	a1s4utos2a	āśutoṣa	āśutoṣa	grade	7463	102-1	SCH-grade-12427_cases.xml	0
ASuSukzaRI	a1s4us4uks2an2i1	āśuśukṣaṇī	āśuśukṣanī	grade	7464	102-1	SCH-grade-12427_cases.xml	0
ASuSukziRi	a1s4us4uks2in2i	āśuśukṣiṇi	āśuśukṣini	grade	7465	102-1	SCH-grade-12427_cases.xml	0
ASEtyam	a1s4aityam	āśaityam	āśaityam	grade	7467	102-1	SCH-grade-12427_cases.xml	0
AScary	a1s4cary	āścary	āścary	grade	7470	102-1	SCH-grade-12427_cases.xml	0
ASyAmikA	a1s4ya1mika1	āśyāmikā	āśyāmikā	grade	7472	102-1	SCH-grade-12427_cases.xml	0
ASrayASa	a1s4raya1s4a	āśrayāśa	āśrayāśa	grade	7476	102-2	SCH-grade-12427_cases.xml	0
AzwApada	a1s2t2a1pada	āṣṭāpada	āṣṭāpada	grade	7487	102-2	SCH-grade-12427_cases.xml	0
AsaMvAhana	a1sam2va1hana	āsaṃvāhana	āsanvāhana	grade	7489	102-3	SCH-grade-12427_cases.xml	0
Asavika	a1savika	āsavika	āsavika	grade	7505	102-3	SCH-grade-12427_cases.xml	0
AsAdin	a1sa1din	āsādin	āsādin	grade	7509	102-3	SCH-grade-12427_cases.xml	0
AsArin	a1sa1rin	āsārin	āsārin	grade	7512	103-1	SCH-grade-12427_cases.xml	0
Asitaka	a1sitaka	āsitaka	āsitaka	grade	7515	103-1	SCH-grade-12427_cases.xml	0
AsItika	a1si1tika	āsītika	āsītika	grade	7517	103-1	SCH-grade-12427_cases.xml	0
AsurIvfzwi	a1suri1vr2s2t2i	āsurīvṛṣṭi	āsurīvṛṣṭi	grade	7524	103-1	SCH-grade-12427_cases.xml	0
AsUtraRa	a1su1tran2a	āsūtraṇa	āsūtrana	grade	7525	103-1	SCH-grade-12427_cases.xml	0
AsUtraRikA	a1su1tran2ika1	āsūtraṇikā	āsūtranikā	grade	7526	103-1	SCH-grade-12427_cases.xml	0
Astaraka	a1staraka	āstaraka	āstaraka	grade	7533	103-1	SCH-grade-12427_cases.xml	0
AsTAnaBawwa	a1stha1nabhat2t2a	āsthānabhaṭṭa	āsthānabhaṭṭa	grade	7534	103-1	SCH-grade-12427_cases.xml	0
AsTAnika	a1stha1nika	āsthānika	āsthānika	grade	7535	103-1	SCH-grade-12427_cases.xml	0
AsTAnikA	a1stha1nika1	āsthānikā	āsthānikā	grade	7536	103-1	SCH-grade-12427_cases.xml	0
AsTAnIgfha	a1stha1ni1gr2ha	āsthānīgṛha	āsthānīgṛha	grade	7537	103-2	SCH-grade-12427_cases.xml	0
AsPUrjita	a1sphu1rjita	āsphūrjita	āsphūrjita	grade	7548	103-2	SCH-grade-12427_cases.xml	0
AsyaSozin	a1syas4os2in	āsyaśoṣin	āsyaśoṣin	grade	7554	103-2	SCH-grade-12427_cases.xml	0
Ahaya	a1haya	āhaya	āhaya	grade	7564	103-3	SCH-grade-12427_cases.xml	0
AhavIya	a1havi1ya	āhavīya	āhavīya	grade	7571	103-3	SCH-grade-12427_cases.xml	0
AhAryabudDi	a1ha1ryabuddhi	āhāryabuddhi	āhāryabuddhi	grade	7575	103-3	SCH-grade-12427_cases.xml	0
AhutiBuj	a1hutibhuj	āhutibhuj	āhutibhuj	grade	7581	103-3	SCH-grade-12427_cases.xml	0
Ahlanna	a1hlanna	āhlanna	āhlanna	grade	7589	104-2	SCH-grade-12427_cases.xml	0
itar	itar	itar	itar	grade	7611	104a-2	SCH-grade-12427_cases.xml	0
itimatika	itimatika	itimatika	itimatika	grade	7617	104a-3	SCH-grade-12427_cases.xml	0
idaMkavi	idam2kavi	idaṃkavi	idankavi	grade	7625	104a-3	SCH-grade-12427_cases.xml	0
idDaDAman	iddhadha1man	iddhadhāman	iddhadhāman	grade	7630	105-1	SCH-grade-12427_cases.xml	0
indirAnuja	Indira1nuja	indirānuja	indirānuja	grade	7639	105-1	SCH-grade-12427_cases.xml	0
indirAramaRa	Indira1raman2a	indirāramaṇa	indirāramana	grade	7642	105-1	SCH-grade-12427_cases.xml	0
indIra	indi1ra	indīra	indīra	grade	7643	105-1	SCH-grade-12427_cases.xml	0
indukalAkirIwa	indukala1kiri1t2a	indukalākirīṭa	indukalākirīṭa	grade	7646	105-1	SCH-grade-12427_cases.xml	0
induketu	Induketu	induketu	induketu	grade	7651	105-1	SCH-grade-12427_cases.xml	0
indudfzad	indudr2s2ad	indudṛṣad	indudṛṣad	grade	7656	105-2	SCH-grade-12427_cases.xml	0
induDara	indudhara	indudhara	indudhara	grade	7657	105-2	SCH-grade-12427_cases.xml	0
induBUzaRa	indubhu1s2an2a	indubhūṣaṇa	indubhūṣana	grade	7658	105-2	SCH-grade-12427_cases.xml	0
indumukuwa	indumukut2a	indumukuṭa	indumukuṭa	grade	7661	105-2	SCH-grade-12427_cases.xml	0
indulakzman	indulaks2man	indulakṣman	indulakṣman	grade	7664	105-2	SCH-grade-12427_cases.xml	0
indrakacCa	Indrakaccha	indrakaccha	indrakaccha	grade	7670	105-2	SCH-grade-12427_cases.xml	0
indrajAlaka	indraja1laka	indrajālaka	indrajālaka	grade	7677	105-2	SCH-grade-12427_cases.xml	0
indrajAlakriya	indraja1lakriya	indrajālakriya	indrajālakriya	grade	7678	105-2	SCH-grade-12427_cases.xml	0
indravaDUwikA	indravadhu1t2ika1=indragopa	indravadhūṭikā	indravadhūṭikā	grade	7699	105-3	SCH-grade-12427_cases.xml	0
indravaDU	indravadhu1=apsaras	indravadhū	indravadhū	grade	7700	105-3	SCH-grade-12427_cases.xml	0
indrasavAsa	Indrasava1sa	indrasavāsa	indrasavāsa	grade	7705	105-3	SCH-grade-12427_cases.xml	0
indrARika	indra1n2ika	indrāṇika	indrānika	grade	7709	105-3	SCH-grade-12427_cases.xml	0
indrARIka	indra1n2i1ka	indrāṇīka	indrānīka	grade	7711	105-3	SCH-grade-12427_cases.xml	0
indrArcitacaraRa	Indra1rcitacaran2a	indrārcitacaraṇa	indrārcitacarana	grade	7715	106-1	SCH-grade-12427_cases.xml	0
inDanAy	indhana1y	indhanāy	indhanāy	grade	7723	106-1	SCH-grade-12427_cases.xml	0
inDanIBU	indhani1bhu1	indhanībhū	indhanībhū	grade	7724	106-1	SCH-grade-12427_cases.xml	0
iBacArin	Ibhaca1rin	ibhacārin	ibhacārin	grade	7726	106-1	SCH-grade-12427_cases.xml	0
iBAnana	ibha1nana	ibhānana	ibhānana	grade	7728	106-1	SCH-grade-12427_cases.xml	0
iBikA	ibhika1	ibhikā	ibhikā	grade	7729	106-1	SCH-grade-12427_cases.xml	0
iyadAveSa	iyada1ves4a	iyadāveśa	iyadāveśa	grade	7735	106-1	SCH-grade-12427_cases.xml	0
ilApa	ila1pa	ilāpa	ilāpa	grade	7741	106-2	SCH-grade-12427_cases.xml	0
ilApAla	ila1pa1la	ilāpāla	ilāpāla	grade	7742	106-2	SCH-grade-12427_cases.xml	0
IkzaRavAr	i1ks2an2ava1r	īkṣaṇavār	īkṣanavār	grade	7782	107-1	SCH-grade-12427_cases.xml	0
IkzaRAmBas	i1ks2an2a1mbhas	īkṣaṇāmbhas	īkṣanāmbhas	grade	7783	107-1	SCH-grade-12427_cases.xml	0
Iraka	i1raka	īraka	īraka	grade	7798	107-2	SCH-grade-12427_cases.xml	0
IrasTiti	i1rasthiti	īrasthiti	īrasthiti	grade	7801	107-2	SCH-grade-12427_cases.xml	0
ISaSiSu	I1s4as4is4u	īśaśiśu	īśaśiśu	grade	7811	107-2	SCH-grade-12427_cases.xml	0
ISAnakoRa	i1s4a1nakon2a	īśānakoṇa	īśānakona	grade	7814	107-2	SCH-grade-12427_cases.xml	0
ISvaratattva	i1s4varatattva	īśvaratattva	īśvaratattva	grade	7822	107-3	SCH-grade-12427_cases.xml	0
ISvaraBawwAraka	i1s4varabhat2t2a1raka	īśvarabhaṭṭāraka	īśvarabhaṭṭāraka	grade	7824	107-3	SCH-grade-12427_cases.xml	0
ISvaravarti	I1s4varavarti	īśvaravarti	īśvaravarti	grade	7826	107-3	SCH-grade-12427_cases.xml	0
ISvaraSvaSura	I1s4varas4vas4ura	īśvaraśvaśura	īśvaraśvaśura	grade	7828	107-3	SCH-grade-12427_cases.xml	0
ISvarAdvayadarSana	i1s4vara1dvayadars4ana	īśvarādvayadarśana	īśvarādvayadarśana	grade	7830	107-3	SCH-grade-12427_cases.xml	0
uktidevI	uktidevi1	uktidevī	uktidevī	grade	7842	108-1	SCH-grade-12427_cases.xml	0
ugrakara	ugrakara	ugrakara	ugrakara	grade	7853	108-1	SCH-grade-12427_cases.xml	0
ugratviz	ugratvis2	ugratviṣ	ugratviṣ	grade	7857	108-1	SCH-grade-12427_cases.xml	0
ugraraSmi	ugraras4mi	ugraraśmi	ugraraśmi	grade	7861	108-1	SCH-grade-12427_cases.xml	0
uNgalikA	un3galika1	uṅgalikā	ungalikā	grade	7868	108-2	SCH-grade-12427_cases.xml	0
ucitavedin	ucitavedin	ucitavedin	ucitavedin	grade	7871	108-2	SCH-grade-12427_cases.xml	0
ucitAramBin	ucita1rambhin	ucitārambhin	ucitārambhin	grade	7872	108-2	SCH-grade-12427_cases.xml	0
uccakra	uccakra	uccakra	uccakra	grade	7875	108-2	SCH-grade-12427_cases.xml	0
uccayana	uccayana	uccayana	uccayana	grade	7884	108-2	SCH-grade-12427_cases.xml	0
uccarizRu	uccaris2n2u	uccariṣṇu	uccariṣnu	grade	7885	108-2	SCH-grade-12427_cases.xml	0
uccAlana	ucca1lana	uccālana	uccālana	grade	7893	108-3	SCH-grade-12427_cases.xml	0
uccuRwana	uccun2t2ana	uccuṇṭana	uccunṭana	grade	7898	108-3	SCH-grade-12427_cases.xml	0
ucculumpana	ucculumpana	ucculumpana	ucculumpana	grade	7899	108-3	SCH-grade-12427_cases.xml	0
ucculumpyatA	ucculumpyata1	ucculumpyatā	ucculumpyatā	grade	7900	108-3	SCH-grade-12427_cases.xml	0
uccErikA	uccairika1	uccairikā	uccairikā	grade	7904	108-3	SCH-grade-12427_cases.xml	0
ucCIrza	ucchi1rs2a	ucchīrṣa	ucchīrṣa	grade	7921	109-1	SCH-grade-12427_cases.xml	0
ucCIrzIkfta	ucchi1rs2i1kr2ta	ucchīrṣīkṛta	ucchīrṣīkṛta	grade	7922	109-1	SCH-grade-12427_cases.xml	0
ucCUnaka	ucchu1naka	ucchūnaka	ucchūnaka	grade	7924	109-1	SCH-grade-12427_cases.xml	0
ucCUnatA	ucchu1nata1	ucchūnatā	ucchūnatā	grade	7925	109-1	SCH-grade-12427_cases.xml	0
ucCopana	ucchopana	ucchopana	ucchopana	grade	7928	109-1	SCH-grade-12427_cases.xml	0
ucCmaSru	ucchmas4ru	ucchmaśru	ucchmaśru	grade	7931	109-1	SCH-grade-12427_cases.xml	0
ujjayantI	Ujjayanti1	ujjayantī	ujjayantī	grade	7936	109-2	SCH-grade-12427_cases.xml	0
ujjvalIkaraRa	ujjvali1karan2a	ujjvalīkaraṇa	ujjvalīkarana	grade	7949	109-2	SCH-grade-12427_cases.xml	0
uqugaRAyitam	ud2ugan2a1yitam	uḍugaṇāyitam	uḍuganāyitam	grade	7958	109-3	SCH-grade-12427_cases.xml	0
uquvITI	ud2uvi1thi1	uḍuvīthī	uḍuvīthī	grade	7963	109-3	SCH-grade-12427_cases.xml	0
uqqApana	ud2d2a1pana	uḍḍāpana	uḍḍāpana	grade	7966	109-3	SCH-grade-12427_cases.xml	0
uqqiqayizu	ud2d2id2ayis2u	uḍḍiḍayiṣu	uḍḍiḍayiṣu	grade	7968	109-3	SCH-grade-12427_cases.xml	0
uRqUka	un2d2u1ka	uṇḍūka	unḍūka	grade	7971	109-3	SCH-grade-12427_cases.xml	0
utkawatA	utkat2ata1	utkaṭatā	utkaṭatā	grade	7975	109-3	SCH-grade-12427_cases.xml	0
utkaRWatA	utkan2t2hata1	utkaṇṭhatā	utkanṭhatā	grade	7978	109-3	SCH-grade-12427_cases.xml	0
utkaMDarIBU	utkam2dhari1bhu1	utkaṃdharībhū	utkandharībhū	grade	7980	109-3	SCH-grade-12427_cases.xml	0
utkampikA	utkampika1	utkampikā	utkampikā	grade	7981	109-3	SCH-grade-12427_cases.xml	0
utkampitA	utkampita1	utkampitā	utkampitā	grade	7982	109-3	SCH-grade-12427_cases.xml	0
utkarRatA	utkarn2ata1	utkarṇatā	utkarnatā	grade	7985	109-3	SCH-grade-12427_cases.xml	0
utkarRika	utkarn2ika	utkarṇika	utkarnika	grade	7987	110-1	SCH-grade-12427_cases.xml	0
utkarRita	utkarn2ita	utkarṇita	utkarnita	grade	7988	110-1	SCH-grade-12427_cases.xml	0
utkarzatA	utkars2ata1	utkarṣatā	utkarṣatā	grade	7991	110-1	SCH-grade-12427_cases.xml	0
utkalakala	utkalakala	utkalakala	utkalakala	grade	7995	110-1	SCH-grade-12427_cases.xml	0
utkallola	utkallola	utkallola	utkallola	grade	7997	110-1	SCH-grade-12427_cases.xml	0
utkallolita	utkallolita=uttaran3gita	utkallolita	utkallolita	grade	7998	110-1	SCH-grade-12427_cases.xml	0
utkallolIkfta	utkalloli1kr2ta=taran3gita	utkallolīkṛta	utkallolīkṛta	grade	7999	110-1	SCH-grade-12427_cases.xml	0
utkAlana	utka1lana	utkālana	utkālana	grade	8003	110-1	SCH-grade-12427_cases.xml	0
utkASa	utka1s4a	utkāśa	utkāśa	grade	8004	110-1	SCH-grade-12427_cases.xml	0
utkesara	utkesara	utkesara	utkesara	grade	8018	110-2	SCH-grade-12427_cases.xml	0
utkowagrAhaka	utkot2agra1haka	utkoṭagrāhaka	utkoṭagrāhaka	grade	8021	110-2	SCH-grade-12427_cases.xml	0
utkowatrowana	utkot2atrot2ana	utkoṭatroṭana	utkoṭatroṭana	grade	8022	110-2	SCH-grade-12427_cases.xml	0
utkopana	utkopana	utkopana	utkopana	grade	8024	110-2	SCH-grade-12427_cases.xml	0
utkoSa	utkos4a	utkośa	utkośa	grade	8026	110-2	SCH-grade-12427_cases.xml	0
utkzIba	utks2i1ba	utkṣība	utkṣība	grade	8032	110-2	SCH-grade-12427_cases.xml	0
utkzepin	utks2epin	utkṣepin	utkṣepin	grade	8035	110-2	SCH-grade-12427_cases.xml	0
uttaMsIkfta	uttam2si1kr2ta	uttaṃsīkṛta	uttansīkṛta	grade	8039	110-3	SCH-grade-12427_cases.xml	0
uttapti	uttapti	uttapti	uttapti	grade	8041	110-3	SCH-grade-12427_cases.xml	0
uttamatama	uttamatama	uttamatama	uttamatama	grade	8046	110-3	SCH-grade-12427_cases.xml	0
uttamBIkfta	uttambhi1kr2ta=nis4cali1kr2ta	uttambhīkṛta	uttambhīkṛta	grade	8054	110-3	SCH-grade-12427_cases.xml	0
uttaramaTurA	Uttaramathura1	uttaramathurā	uttaramathurā	grade	8065	111-1	SCH-grade-12427_cases.xml	0
uttARqava	utta1n2d2ava	uttāṇḍava	uttānḍava	grade	8094	111-2	SCH-grade-12427_cases.xml	0
uttAnavedin	utta1navedin	uttānavedin	uttānavedin	grade	8097	111-2	SCH-grade-12427_cases.xml	0
uttAnaSaya	utta1nas4aya	uttānaśaya	uttānaśaya	grade	8098	111-2	SCH-grade-12427_cases.xml	0
uttAnasaMpuwa	utta1nasam2put2a	uttānasaṃpuṭa	uttānasampuṭa	grade	8099	111-2	SCH-grade-12427_cases.xml	0
uttAyaka	utta1yaka	uttāyaka	uttāyaka	grade	8103	111-2	SCH-grade-12427_cases.xml	0
uttAyakatva	utta1yakatva	uttāyakatva	uttāyakatva	grade	8104	111-2	SCH-grade-12427_cases.xml	0
uttAlana	utta1lana	uttālana	uttālana	grade	8106	111-2	SCH-grade-12427_cases.xml	0
uttAlay	utta1lay	uttālay	uttālay	grade	8107	111-3	SCH-grade-12427_cases.xml	0
uttAlIkfta	utta1li1kr2ta	uttālīkṛta	uttālīkṛta	grade	8108	111-3	SCH-grade-12427_cases.xml	0
uttAlottAlam	utta1lotta1lam	uttālottālam	uttālottālam	grade	8109	111-3	SCH-grade-12427_cases.xml	0
uttuNgayati	uttun3gay(ati)	uttuṅgayati	uttungayati	grade	8112	111-3	SCH-grade-12427_cases.xml	0
uttuRqa	uttun2d2a=u1rdhvamukha	uttuṇḍa	uttunḍa	grade	8114	111-3	SCH-grade-12427_cases.xml	0
utTIBavana	utthi1bhavana	utthībhavana	utthībhavana	grade	8129	112-1	SCH-grade-12427_cases.xml	0
utpaladala	utpaladala	utpaladala	utpaladala	grade	8140	112-1	SCH-grade-12427_cases.xml	0
utpaladfS	utpaladr2s4	utpaladṛś	utpaladṛś	grade	8141	112-1	SCH-grade-12427_cases.xml	0
utpalapattrikA	utpalapattrika1	utpalapattrikā	utpalapattrikā	grade	8144	112-1	SCH-grade-12427_cases.xml	0
utpalalocanA	utpalalocana1	utpalalocanā	utpalalocanā	grade	8145	112-1	SCH-grade-12427_cases.xml	0
utpalASa	utpala1s4a	utpalāśa	utpalāśa	grade	8146	112-1	SCH-grade-12427_cases.xml	0
utpARqurita	utpa1n2d2urita	utpāṇḍurita	utpānḍurita	grade	8151	112-1	SCH-grade-12427_cases.xml	0
utpipAdayizu	utpipa1dayis2u	utpipādayiṣu	utpipādayiṣu	grade	8160	112-2	SCH-grade-12427_cases.xml	0
utpipAsa	utpipa1sa	utpipāsa	utpipāsa	grade	8161	112-2	SCH-grade-12427_cases.xml	0
utpezwar	utpes2t2ar	utpeṣṭar	utpeṣṭar	grade	8168	112-2	SCH-grade-12427_cases.xml	0
utprakASa	utpraka1s4a	utprakāśa	utprakāśa	grade	8169	112-2	SCH-grade-12427_cases.xml	0
utpraboDa	utprabodha	utprabodha	utprabodha	grade	8170	112-2	SCH-grade-12427_cases.xml	0
utpravAha	utprava1ha	utpravāha	utpravāha	grade	8172	112-2	SCH-grade-12427_cases.xml	0
utpluti	utpluti	utpluti	utpluti	grade	8176	112-2	SCH-grade-12427_cases.xml	0
utPAlana	utpha1lana	utphālana	utphālana	grade	8178	112-2	SCH-grade-12427_cases.xml	0
utPullaka	utphullaka	utphullaka	utphullaka	grade	8179	112-2	SCH-grade-12427_cases.xml	0
utPullana	utphullana	utphullana	utphullana	grade	8181	112-3	SCH-grade-12427_cases.xml	0
utPullin	utphullin	utphullin	utphullin	grade	8182	112-3	SCH-grade-12427_cases.xml	0
utsaMKya	utsam2khya	utsaṃkhya	utsankhya	grade	8184	112-3	SCH-grade-12427_cases.xml	0
utsaNgADikaraRa	utsan3ga1dhikaran2a	utsaṅgādhikaraṇa	utsangādhikarana	grade	8186	112-3	SCH-grade-12427_cases.xml	0
utsatA	utsata1	utsatā	utsatā	grade	8188	112-3	SCH-grade-12427_cases.xml	0
utsarjanaka	utsarjanaka	utsarjanaka	utsarjanaka	grade	8194	112-3	SCH-grade-12427_cases.xml	0
utsavin	utsavin	utsavin	utsavin	grade	8196	112-3	SCH-grade-12427_cases.xml	0
utsAra	utsa1ra	utsāra	utsāra	grade	8199	112-3	SCH-grade-12427_cases.xml	0
utsAhatA	utsa1hata1	utsāhatā	utsāhatā	grade	8203	112-3	SCH-grade-12427_cases.xml	0
utsukotsukam	utsukotsukam	utsukotsukam	utsukotsukam	grade	8206	113-1	SCH-grade-12427_cases.xml	0
utsUrpa	utsu1rpa	utsūrpa	utsūrpa	grade	8208	113-1	SCH-grade-12427_cases.xml	0
utsekita	utsekita	utsekita	utsekita	grade	8211	113-1	SCH-grade-12427_cases.xml	0
utseDavant	utsedhavant	utsedhavant	utsedhavant	grade	8214	113-1	SCH-grade-12427_cases.xml	0
utseDin	utsedhin	utsedhin	utsedhin	grade	8215	113-1	SCH-grade-12427_cases.xml	0
utsvapnatA	utsvapnata1	utsvapnatā	utsvapnatā	grade	8218	113-1	SCH-grade-12427_cases.xml	0
udaMsa	udam2sa	udaṃsa	udansa	grade	8220	113-1	SCH-grade-12427_cases.xml	0
udakatara	udakatara	udakatara	udakatara	grade	8225	113-1	SCH-grade-12427_cases.xml	0
udakadvipa	udakadvipa	udakadvipa	udakadvipa	grade	8226	113-1	SCH-grade-12427_cases.xml	0
udagratA	udagrata1=unnatata1	udagratā	udagratā	grade	8245	113-2	SCH-grade-12427_cases.xml	0
udaYca	udan5ca	udañca	udanca	grade	8252	113-3	SCH-grade-12427_cases.xml	0
udaYcin	udan5cin	udañcin	udancin	grade	8254	113-3	SCH-grade-12427_cases.xml	0
udaYjara	udan5jara	udañjara	udanjara	grade	8255	113-3	SCH-grade-12427_cases.xml	0
udayasAnumant	udayasa1numant	udayasānumant	udayasānumant	grade	8265	113-3	SCH-grade-12427_cases.xml	0
udaradAsa	udarada1sa	udaradāsa	udaradāsa	grade	8269	113-3	SCH-grade-12427_cases.xml	0
udarasattva	udarasattva	udarasattva	udarasattva	grade	8272	113-3	SCH-grade-12427_cases.xml	0
udasu	udasu	udasu	udasu	grade	8281	114-1	SCH-grade-12427_cases.xml	0
udArava	uda1rava	udārava	udārava	grade	8292	114-1	SCH-grade-12427_cases.xml	0
udAsana	uda1sana	udāsana	udāsana	grade	8294	114-1	SCH-grade-12427_cases.xml	0
udAsInIBU	uda1si1ni1bhu1	udāsīnībhū	udāsīnībhū	grade	8296	114-1	SCH-grade-12427_cases.xml	0
udAhara	uda1hara	udāhara	udāhara	grade	8298	114-1	SCH-grade-12427_cases.xml	0
udgatvara	udgatvara	udgatvara	udgatvara	grade	8315	114-2	SCH-grade-12427_cases.xml	0
udgamanaka	udgamanaka	udgamanaka	udgamanaka	grade	8318	114-2	SCH-grade-12427_cases.xml	0
udgaraRa	udgaran2a	udgaraṇa	udgarana	grade	8320	114-2	SCH-grade-12427_cases.xml	0
udgarva	udgarva	udgarva	udgarva	grade	8321	114-2	SCH-grade-12427_cases.xml	0
udgavita	udgavita	udgavita	udgavita	grade	8322	114-2	SCH-grade-12427_cases.xml	0
udgITavid	udgi1thavid	udgīthavid	udgīthavid	grade	8327	114-2	SCH-grade-12427_cases.xml	0
udgrIvaRa	udgri1van2a	udgrīvaṇa	udgrīvana	grade	8338	114-3	SCH-grade-12427_cases.xml	0
udgrIvayati	udgri1vay(ati)	udgrīvayati	udgrīvayati	grade	8339	114-3	SCH-grade-12427_cases.xml	0
udGfzwaka	udghr2s2t2aka	udghṛṣṭaka	udghṛṣṭaka	grade	8349	114-3	SCH-grade-12427_cases.xml	0
uddaRqA	uddan2d2a1	uddaṇḍā	uddanḍā	grade	8352	114-3	SCH-grade-12427_cases.xml	0
uddaSana	uddas4ana	uddaśana	uddaśana	grade	8355	114-3	SCH-grade-12427_cases.xml	0
uddIpin	uddi1pin	uddīpin	uddīpin	grade	8361	115-1	SCH-grade-12427_cases.xml	0
uddIpIkriyamARa	uddi1pi1kriyama1n2a	uddīpīkriyamāṇa	uddīpīkriyamāna	grade	8362	115-1	SCH-grade-12427_cases.xml	0
uddIpIBU	uddi1pi1bhu1	uddīpībhū	uddīpībhū	grade	8363	115-1	SCH-grade-12427_cases.xml	0
uddIrGa	uddi1rgha	uddīrgha	uddīrgha	grade	8365	115-1	SCH-grade-12427_cases.xml	0
udDataNkuSa	Uddhatan3kus4a	uddhataṅkuśa	uddhatankuśa	grade	8370	115-1	SCH-grade-12427_cases.xml	0
udDatarasa	uddhatarasa	uddhatarasa	uddhatarasa	grade	8371	115-1	SCH-grade-12427_cases.xml	0
udDAman	uddha1man	uddhāman	uddhāman	grade	8378	115-1	SCH-grade-12427_cases.xml	0
udDUlanA	uddhu1lana1	uddhūlanā	uddhūlanā	grade	8386	115-2	SCH-grade-12427_cases.xml	0
udBa	udbha	udbha	udbha	grade	8391	115-2	SCH-grade-12427_cases.xml	0
udBatA	udbhata1	udbhatā	udbhatā	grade	8392	115-2	SCH-grade-12427_cases.xml	0
udBarIBU	udbhari1bhu1	udbharībhū	udbharībhū	grade	8393	115-2	SCH-grade-12427_cases.xml	0
udBAsana	udbha1sana	udbhāsana	udbhāsana	grade	8396	115-2	SCH-grade-12427_cases.xml	0
udBI	udbhi1	udbhī	udbhī	grade	8399	115-2	SCH-grade-12427_cases.xml	0
udBugnaka	udbhugnaka	udbhugnaka	udbhugnaka	grade	8400	115-2	SCH-grade-12427_cases.xml	0
udBUzRu	udbhu1s2n2u	udbhūṣṇu	udbhūṣnu	grade	8405	115-3	SCH-grade-12427_cases.xml	0
udyamanapawwa	udyamanapat2t2a	udyamanapaṭṭa	udyamanapaṭṭa	grade	8411	115-3	SCH-grade-12427_cases.xml	0
udrAga	udra1ga	udrāga	udrāga	grade	8421	115-3	SCH-grade-12427_cases.xml	0
udrApita	udra1pita	udrāpita	udrāpita	grade	8422	115-3	SCH-grade-12427_cases.xml	0
udrABasya	udra1bhasya	udrābhasya	udrābhasya	grade	8423	115-3	SCH-grade-12427_cases.xml	0
udvacana	udvacana	udvacana	udvacana	grade	8427	115-3	SCH-grade-12427_cases.xml	0
udvaSatva	udvas4atva	udvaśatva	udvaśatva	grade	8431	116-1	SCH-grade-12427_cases.xml	0
udvAsatA	udva1sata1	udvāsatā	udvāsatā	grade	8435	116-1	SCH-grade-12427_cases.xml	0
udvikAsa	udvika1sa	udvikāsa	udvikāsa	grade	8441	116-1	SCH-grade-12427_cases.xml	0
udvoQar	udvod2har	udvoḍhar	udvoḍhar	grade	8449	116-1	SCH-grade-12427_cases.xml	0
undara	undara	undara	undara	grade	8450	116-1	SCH-grade-12427_cases.xml	0
unnatatA	unnatata1=unnatatva	unnatatā	unnatatā	grade	8452	116-1	SCH-grade-12427_cases.xml	0
unnatiSrit	unnatis4rit	unnatiśrit	unnatiśrit	grade	8454	116-1	SCH-grade-12427_cases.xml	0
unnamrita	unnamrita	unnamrita	unnamrita	grade	8455	116-1	SCH-grade-12427_cases.xml	0
unnigala	unnigala	unnigala	unnigala	grade	8456	116-1	SCH-grade-12427_cases.xml	0
unmattIkfta	unmatti1kr2ta=unma1dita	unmattīkṛta	unmattīkṛta	grade	8465	116-2	SCH-grade-12427_cases.xml	0
unmalana	unmalana	unmalana	unmalana	grade	8468	116-2	SCH-grade-12427_cases.xml	0
unmastaka	unmastaka	unmastaka	unmastaka	grade	8469	116-2	SCH-grade-12427_cases.xml	0
unmIlanA	unmi1lana1	unmīlanā	unmīlanā	grade	8479	116-2	SCH-grade-12427_cases.xml	0
unmudraRa	unmudran2a	unmudraṇa	unmudrana	grade	8484	116-3	SCH-grade-12427_cases.xml	0
unmfta	unmr2ta	unmṛta	unmṛta	grade	8486	116-3	SCH-grade-12427_cases.xml	0
upakaRWatA	upakan2t2hata1	upakaṇṭhatā	upakanṭhatā	grade	8491	116-3	SCH-grade-12427_cases.xml	0
upakaraRIBAva	upakaran2i1bha1va	upakaraṇībhāva	upakaranībhāva	grade	8493	116-3	SCH-grade-12427_cases.xml	0
upagatvara	upagatvara	upagatvara	upagatvara	grade	8506	117-1	SCH-grade-12427_cases.xml	0
upagUha	upagu1ha	upagūha	upagūha	grade	8509	117-1	SCH-grade-12427_cases.xml	0
upadeSaka	upades4aka	upadeśaka	upadeśaka	grade	8537	117-2	SCH-grade-12427_cases.xml	0
upadeSA	upades4a1	upadeśā	upadeśā	grade	8542	117-2	SCH-grade-12427_cases.xml	0
upadeSika	upades4ika	upadeśika	upadeśika	grade	8543	117-2	SCH-grade-12427_cases.xml	0
upadravya	upadravya	upadravya	upadravya	grade	8546	117-2	SCH-grade-12427_cases.xml	0
upaDava	upadhava	upadhava	upadhava	grade	8550	117-2	SCH-grade-12427_cases.xml	0
upaDAnIkf	upadha1ni1kr2	upadhānīkṛ	upadhānīkṛ	grade	8554	117-2	SCH-grade-12427_cases.xml	0
upaDI	upadhi1	upadhī	upadhī	grade	8558	117-3	SCH-grade-12427_cases.xml	0
upaDva	upadhva	upadhva	upadhva	grade	8560	117-3	SCH-grade-12427_cases.xml	0
upapluti	upapluti	upapluti	upapluti	grade	8595	118-1	SCH-grade-12427_cases.xml	0
upamADara	upama1dhara	upamādhara	upamādhara	grade	8605	118-2	SCH-grade-12427_cases.xml	0
upayAga	upaya1ga	upayāga	upayāga	grade	8609	118-2	SCH-grade-12427_cases.xml	0
upayogIkf	upayogi1kr2	upayogīkṛ	upayogīkṛ	grade	8614	118-2	SCH-grade-12427_cases.xml	0
uparikrIqA	uparikri1d2a1	uparikrīḍā	uparikrīḍā	grade	8621	118-2	SCH-grade-12427_cases.xml	0
upariDAna	uparidha1na	uparidhāna	uparidhāna	grade	8624	118-2	SCH-grade-12427_cases.xml	0
upariplava	upariplava	upariplava	upariplava	grade	8625	118-2	SCH-grade-12427_cases.xml	0
upalamba	upalamba	upalamba	upalamba	grade	8643	118-3	SCH-grade-12427_cases.xml	0
upalASa	upala1s4a	upalāśa	upalāśa	grade	8646	118-3	SCH-grade-12427_cases.xml	0
upaliNgana	upalin3gana	upaliṅgana	upalingana	grade	8648	118-3	SCH-grade-12427_cases.xml	0
upavasati	upavasati	upavasati	upavasati	grade	8656	119-1	SCH-grade-12427_cases.xml	0
upavinyAsa	upavinya1sa	upavinyāsa	upavinyāsa	grade	8664	119-1	SCH-grade-12427_cases.xml	0
upavIRana	upavi1n2ana	upavīṇana	upavīnana	grade	8666	119-1	SCH-grade-12427_cases.xml	0
upaSamaka	upas4amaka	upaśamaka	upaśamaka	grade	8672	119-1	SCH-grade-12427_cases.xml	0
upasaMpannatA	upasam2pannata1	upasaṃpannatā	upasampannatā	grade	8692	119-2	SCH-grade-12427_cases.xml	0
upasavitrI	upasavitri1	upasavitrī	upasavitrī	grade	8698	119-2	SCH-grade-12427_cases.xml	0
upasfptaka	upasr2ptaka	upasṛptaka	upasṛptaka	grade	8702	119-2	SCH-grade-12427_cases.xml	0
upAMSudaRqa	upa1m2s4udan2d2a	upāṃśudaṇḍa	upānśudanḍa	grade	8719	119-3	SCH-grade-12427_cases.xml	0
upAjihIrzu	upa1jihi1rs2u	upājihīrṣu	upājihīrṣu	grade	8727	119-3	SCH-grade-12427_cases.xml	0
upAnatkara	upa1natkara	upānatkara	upānatkara	grade	8734	120-1	SCH-grade-12427_cases.xml	0
upAmarSana	upa1mars4ana	upāmarśana	upāmarśana	grade	8737	120-1	SCH-grade-12427_cases.xml	0
upAmbuniDi	upa1mbunidhi	upāmbunidhi	upāmbunidhi	grade	8738	120-1	SCH-grade-12427_cases.xml	0
upAyavid	upa1yavid	upāyavid	upāyavid	grade	8740	120-1	SCH-grade-12427_cases.xml	0
upAyasarvajYa	Upa1yasarvajn5a	upāyasarvajña	upāyasarvajna	grade	8741	120-1	SCH-grade-12427_cases.xml	0
upAliNga	upa1lin3ga	upāliṅga	upālinga	grade	8746	120-1	SCH-grade-12427_cases.xml	0
upAsaNgam	upa1san3gam	upāsaṅgam	upāsangam	grade	8752	120-1	SCH-grade-12427_cases.xml	0
upAsitin	upa1sitin	upāsitin	upāsitin	grade	8757	120-2	SCH-grade-12427_cases.xml	0
upAstimant	upa1stimant	upāstimant	upāstimant	grade	8759	120-2	SCH-grade-12427_cases.xml	0
upAharaRa	upa1haran2a	upāharaṇa	upāharana	grade	8760	120-2	SCH-grade-12427_cases.xml	0
uBayataHpASa	ubhayatah2pa1s4a	ubhayataḥpāśa	ubhayataḥpāśa	grade	8783	120-3	SCH-grade-12427_cases.xml	0
umAtmaja	Uma1tmaja	umātmaja	umātmaja	grade	8800	120-3	SCH-grade-12427_cases.xml	0
umAmaheSvarAyamARa	Uma1mahes4vara1yama1n2a	umāmaheśvarāyamāṇa	umāmaheśvarāyamāna	grade	8802	120-3	SCH-grade-12427_cases.xml	0
umBana	umbhana	umbhana	umbhana	grade	8804	121-1	SCH-grade-12427_cases.xml	0
uragagrAhin	uragagra1hin	uragagrāhin	uragagrāhin	grade	8806	121-1	SCH-grade-12427_cases.xml	0
uragados	uragados	uragados	uragados	grade	8807	121-1	SCH-grade-12427_cases.xml	0
uragalatA	uragalata1	uragalatā	uragalatā	grade	8808	121-1	SCH-grade-12427_cases.xml	0
uragADISa	uraga1dhi1s4a	uragādhīśa	uragādhīśa	grade	8809	121-1	SCH-grade-12427_cases.xml	0
uragASanaketu	uraga1s4anaketu	uragāśanaketu	uragāśanaketu	grade	8811	121-1	SCH-grade-12427_cases.xml	0
uragASin	uraga1s4in	uragāśin	uragāśin	grade	8812	121-1	SCH-grade-12427_cases.xml	0
uraHsPuwana	urah2sphut2ana	uraḥsphuṭana	uraḥsphuṭana	grade	8820	121-1	SCH-grade-12427_cases.xml	0
uruDAman	urudha1man	urudhāman	urudhāman	grade	8825	121-1	SCH-grade-12427_cases.xml	0
uromaRi	uroman2i	uromaṇi	uromani	grade	8832	121-1	SCH-grade-12427_cases.xml	0
urjayani	Urjayani	urjayani	urjayani	grade	8834	121-2	SCH-grade-12427_cases.xml	0
urvarIBft	urvari1bhr2t	urvarībhṛt	urvarībhṛt	grade	8837	121-2	SCH-grade-12427_cases.xml	0
urvAji	urva1ji	urvāji	urvāji	grade	8838	121-2	SCH-grade-12427_cases.xml	0
urvIja	urvi1ja	urvīja	urvīja	grade	8839	121-2	SCH-grade-12427_cases.xml	0
urvIDaraguru	urvi1dharaguru	urvīdharaguru	urvīdharaguru	grade	8841	121-2	SCH-grade-12427_cases.xml	0
urvIDra	urvi1dhra	urvīdhra	urvīdhra	grade	8842	121-2	SCH-grade-12427_cases.xml	0
urvIBid	urvi1bhid	urvībhid	urvībhid	grade	8843	121-2	SCH-grade-12427_cases.xml	0
ulmukin	ulmukin	ulmukin	ulmukin	grade	8852	121-2	SCH-grade-12427_cases.xml	0
ullambana	ullambana	ullambana	ullambana	grade	8856	121-2	SCH-grade-12427_cases.xml	0
ullasana	ullasana	ullasana	ullasana	grade	8859	121-3	SCH-grade-12427_cases.xml	0
ullAGava	ulla1ghava	ullāghava	ullāghava	grade	8861	121-3	SCH-grade-12427_cases.xml	0
ullilAsayizu	ullila1sayis2u	ullilāsayiṣu	ullilāsayiṣu	grade	8868	121-3	SCH-grade-12427_cases.xml	0
ullUkyadarSana	Ullu1kyadars4ana	ullūkyadarśana	ullūkyadarśana	grade	8870	121-3	SCH-grade-12427_cases.xml	0
uzwraka	us2t2raka	uṣṭraka	uṣṭraka	grade	8881	121-3	SCH-grade-12427_cases.xml	0
uzRatviz	us2n2atvis2	uṣṇatviṣ	uṣnatviṣ	grade	8885	122-1	SCH-grade-12427_cases.xml	0
uzRadyuti	us2n2adyuti	uṣṇadyuti	uṣnadyuti	grade	8886	122-1	SCH-grade-12427_cases.xml	0
uzRaDAman	us2n2adha1man	uṣṇadhāman	uṣnadhāman	grade	8887	122-1	SCH-grade-12427_cases.xml	0
uzRamayUKa	us2n2amayu1kha	uṣṇamayūkha	uṣnamayūkha	grade	8890	122-1	SCH-grade-12427_cases.xml	0
uzRamarIci	us2n2amari1ci	uṣṇamarīci	uṣnamarīci	grade	8891	122-1	SCH-grade-12427_cases.xml	0
uzRAMSuratna	us2n2a1m2s4uratna	uṣṇāṃśuratna	uṣnānśuratna	grade	8893	122-2	SCH-grade-12427_cases.xml	0
uzRAMSusUnu	us2n2a1m2s4usu1nu	uṣṇāṃśusūnu	uṣnānśusūnu	grade	8894	122-2	SCH-grade-12427_cases.xml	0
uzRAy	us2n2a1y	uṣṇāy	uṣnāy	grade	8895	122-2	SCH-grade-12427_cases.xml	0
uzRAlutA	us2n2a1luta1	uṣṇālutā	uṣnālutā	grade	8896	122-2	SCH-grade-12427_cases.xml	0
usIra	usi1ra	usīra	usīra	grade	8904	122-3	SCH-grade-12427_cases.xml	0
UnASa	u1na1s4a	ūnāśa	ūnāśa	grade	8918	122a-1	SCH-grade-12427_cases.xml	0
Ururuha	u1ruruha	ūruruha	ūruruha	grade	8927	122a-2	SCH-grade-12427_cases.xml	0
UrUpagUQa	u1ru1pagu1d2ha	ūrūpagūḍha	ūrūpagūḍha	grade	8928	122a-2	SCH-grade-12427_cases.xml	0
UrUpagUhana	u1ru1pagu1hana	ūrūpagūhana	ūrūpagūhana	grade	8929	122a-2	SCH-grade-12427_cases.xml	0
UrRalatA	u1rn2alata1	ūrṇalatā	ūrnalatā	grade	8935	122a-2	SCH-grade-12427_cases.xml	0
UrDapUram	u1rdhapu1ram	ūrdhapūram	ūrdhapūram	grade	8940	122a-2	SCH-grade-12427_cases.xml	0
UrDvagAmitA	u1rdhvaga1mita1	ūrdhvagāmitā	ūrdhvagāmitā	grade	8941	122a-3	SCH-grade-12427_cases.xml	0
UrDvapravAha	u1rdhvaprava1ha	ūrdhvapravāha	ūrdhvapravāha	grade	8951	122a-3	SCH-grade-12427_cases.xml	0
UrDvIBU	u1rdhvi1bhu1	ūrdhvībhū	ūrdhvībhū	grade	8968	123-2	SCH-grade-12427_cases.xml	0
UrmimatI	u1rmimati1	ūrmimatī	ūrmimatī	grade	8970	123-2	SCH-grade-12427_cases.xml	0
Uzmala	u1s2mala	ūṣmala	ūṣmala	grade	8978	123-2	SCH-grade-12427_cases.xml	0
fkzavIra	r2ks2avi1ra	ṛkṣavīra	ṛkṣavīra	grade	8992	123a-1	SCH-grade-12427_cases.xml	0
fjuman	r2juman	ṛjuman	ṛjuman	grade	9000	123a-2	SCH-grade-12427_cases.xml	0
ftukulapati	r2tukulapati	ṛtukulapati	ṛtukulapati	grade	9014	123a-3	SCH-grade-12427_cases.xml	0
ftukzitISa	r2tuks2iti1s4a	ṛtukṣitīśa	ṛtukṣitīśa	grade	9015	123a-3	SCH-grade-12427_cases.xml	0
ftugrahaRa	r2tugrahan2a	ṛtugrahaṇa	ṛtugrahana	grade	9017	123a-3	SCH-grade-12427_cases.xml	0
ftucakravartin	r2tucakravartin	ṛtucakravartin	ṛtucakravartin	grade	9018	123a-3	SCH-grade-12427_cases.xml	0
fzitApin	r2s2ita1pin	ṛṣitāpin	ṛṣitāpin	grade	9044	124-3	SCH-grade-12427_cases.xml	0
ekagatika	ekagatika	ekagatika	ekagatika	grade	9058	124a-1	SCH-grade-12427_cases.xml	0
ekacUqaka	ekacu1d2aka	ekacūḍaka	ekacūḍaka	grade	9062	124a-1	SCH-grade-12427_cases.xml	0
ekatAnya	ekata1nya	ekatānya	ekatānya	grade	9067	124a-2	SCH-grade-12427_cases.xml	0
ekatrIkaraRa	ekatri1karan2a	ekatrīkaraṇa	ekatrīkarana	grade	9071	124a-2	SCH-grade-12427_cases.xml	0
ekatrIBU	ekatri1bhu1	ekatrībhū	ekatrībhū	grade	9072	124a-2	SCH-grade-12427_cases.xml	0
ekadfS	ekadr2s4	ekadṛś	ekadṛś	grade	9077	124a-3	SCH-grade-12427_cases.xml	0
ekanAyika	ekana1yika	ekanāyika	ekanāyika	grade	9089	125-1	SCH-grade-12427_cases.xml	0
ekabanDu	ekabandhu	ekabandhu	ekabandhu	grade	9111	125-2	SCH-grade-12427_cases.xml	0
ekabARa	ekaba1n2a	ekabāṇa	ekabāna	grade	9112	125-2	SCH-grade-12427_cases.xml	0
ekamuKIkaraRa	ekamukhi1karan2a	ekamukhīkaraṇa	ekamukhīkarana	grade	9121	125-2	SCH-grade-12427_cases.xml	0
ekarasIkf	ekarasi1kr2	ekarasīkṛ	ekarasīkṛ	grade	9128	125-2	SCH-grade-12427_cases.xml	0
ekalolIBAva	ekaloli1bha1va	ekalolībhāva	ekalolībhāva	grade	9131	125-2	SCH-grade-12427_cases.xml	0
ekavant	ekavant	ekavant	ekavant	grade	9132	125-2	SCH-grade-12427_cases.xml	0
ekavapus	ekavapus	ekavapus	ekavapus	grade	9133	125-2	SCH-grade-12427_cases.xml	0
ekavarRA	ekavarn2a1	ekavarṇā	ekavarnā	grade	9136	125-3	SCH-grade-12427_cases.xml	0
ekaSara	ekas4ara	ekaśara	ekaśara	grade	9158	126-1	SCH-grade-12427_cases.xml	0
ekaSaraRa	ekas4aran2a	ekaśaraṇa	ekaśarana	grade	9159	126-1	SCH-grade-12427_cases.xml	0
ekaSAwa	Ekas4a1t2a	ekaśāṭa	ekaśāṭa	grade	9162	126-1	SCH-grade-12427_cases.xml	0
ekaSAlmalI	ekas4a1lmali1	ekaśālmalī	ekaśālmalī	grade	9163	126-1	SCH-grade-12427_cases.xml	0
ekaSfNga	ekas4r2n3ga	ekaśṛṅga	ekaśṛnga	grade	9169	126-1	SCH-grade-12427_cases.xml	0
ekAkzarapAda	eka1ks2arapa1da	ekākṣarapāda	ekākṣarapāda	grade	9190	126-2	SCH-grade-12427_cases.xml	0
ekAnasI	Eka1nasi1	ekānasī	ekānasī	grade	9205	126-3	SCH-grade-12427_cases.xml	0
ekAntAkftya	eka1nta1kr2tya	ekāntākṛtya	ekāntākṛtya	grade	9208	126-3	SCH-grade-12427_cases.xml	0
ekArka	eka1rka	ekārka	ekārka	grade	9214	126-3	SCH-grade-12427_cases.xml	0
ekAvasaram	eka1vasaram	ekāvasaram	ekāvasaram	grade	9218	126-3	SCH-grade-12427_cases.xml	0
ekEkika	ekaikika	ekaikika	ekaikika	grade	9227	127-1	SCH-grade-12427_cases.xml	0
ekoru	ekoru	ekoru	ekoru	grade	9231	127-1	SCH-grade-12427_cases.xml	0
eRacakzus	en2acaks2us	eṇacakṣus	enacakṣus	grade	9241	127-1	SCH-grade-12427_cases.xml	0
eRaTa	en2atha	eṇatha	enatha	grade	9243	127-1	SCH-grade-12427_cases.xml	0
eRadfS	en2adr2s4	eṇadṛś	enadṛś	grade	9244	127-1	SCH-grade-12427_cases.xml	0
eRadfzwi	en2adr2s2t2i	eṇadṛṣṭi	enadṛṣṭi	grade	9245	127-1	SCH-grade-12427_cases.xml	0
eRalakzman	en2alaks2man	eṇalakṣman	enalakṣman	grade	9248	127-1	SCH-grade-12427_cases.xml	0
eRANkana	en2a1n3kana	eṇāṅkana	enānkana	grade	9251	127-2	SCH-grade-12427_cases.xml	0
eRANkaSiKa	en2a1n3kas4ikha	eṇāṅkaśikha	enānkaśikha	grade	9252	127-2	SCH-grade-12427_cases.xml	0
eRAyate	en2a1yate	eṇāyate	enāyate	grade	9253	127-2	SCH-grade-12427_cases.xml	0
eRAri	en2a1ri	eṇāri	enāri	grade	9254	127-2	SCH-grade-12427_cases.xml	0
eDin	edhin	edhin	edhin	grade	9264	127-2	SCH-grade-12427_cases.xml	0
erikA	erika1	erikā	erikā	grade	9267	127-2	SCH-grade-12427_cases.xml	0
elI	eli1	elī	elī	grade	9268	127-2	SCH-grade-12427_cases.xml	0
EkyaBrama	aikyabhrama	aikyabhrama	aikyabhrama	grade	9305	128-1	SCH-grade-12427_cases.xml	0
Endavopala	aindavopala	aindavopala	aindavopala	grade	9317	128-2	SCH-grade-12427_cases.xml	0
EndrasUnava	Aindrasu1nava	aindrasūnava	aindrasūnava	grade	9319	128-2	SCH-grade-12427_cases.xml	0
ErAvatIya	aira1vati1ya	airāvatīya	airāvatīya	grade	9325	128-3	SCH-grade-12427_cases.xml	0
ErvAruka	airva1ruka	airvāruka	airvāruka	grade	9329	128-3	SCH-grade-12427_cases.xml	0
ESvarya	ais4varya	aiśvarya	aiśvarya	grade	9335	128-3	SCH-grade-12427_cases.xml	0
oQopitam	od2hopitam	oḍhopitam	oḍhopitam	grade	9352	128a-2	SCH-grade-12427_cases.xml	0
ozaDIramaRa	os2adhi1raman2a	oṣadhīramaṇa	oṣadhīramana	grade	9362	128a-3	SCH-grade-12427_cases.xml	0
OcityaprApta	aucityapra1pta	aucityaprāpta	aucityaprāpta	grade	9370	129-1	SCH-grade-12427_cases.xml	0
OttarapaTa	auttarapatha	auttarapatha	auttarapatha	grade	9376	129-1	SCH-grade-12427_cases.xml	0
Odaya	audaya	audaya	audaya	grade	9378	129-1	SCH-grade-12427_cases.xml	0
OddAyana	Audda1yana	auddāyana	auddāyana	grade	9385	129-1	SCH-grade-12427_cases.xml	0
ODasya	audhasya	audhasya	audhasya	grade	9392	129-2	SCH-grade-12427_cases.xml	0
OpaGAtika	aupagha1tika	aupaghātika	aupaghātika	grade	9397	129-2	SCH-grade-12427_cases.xml	0
OpaSAyika	aupas4a1yika	aupaśāyika	aupaśāyika	grade	9406	129-3	SCH-grade-12427_cases.xml	0
OrubUka	aurubu1ka	aurubūka	aurubūka	grade	9413	129-3	SCH-grade-12427_cases.xml	0
OrvilA	Aurvila1	aurvilā	aurvilā	grade	9416	129-3	SCH-grade-12427_cases.xml	0
OlbaRya	aulban2ya	aulbaṇya	aulbanya	grade	9419	129-3	SCH-grade-12427_cases.xml	0
OzaDabuDa	aus2adhabudha	auṣadhabudha	auṣadhabudha	grade	9422	129-3	SCH-grade-12427_cases.xml	0
kaMsAtatAyin	Kam2sa1tata1yin	kaṃsātatāyin	kansātatāyin	grade	9434	130-1	SCH-grade-12427_cases.xml	0
kaMsAyastittiri	kam2sa1yastittiri	kaṃsāyastittiri	kansāyastittiri	grade	9435	130-1	SCH-grade-12427_cases.xml	0
kaMsAsin	Kam2sa1sin	kaṃsāsin	kansāsin	grade	9437	130-1	SCH-grade-12427_cases.xml	0
kakupkumBin	kakupkumbhin	kakupkumbhin	kakupkumbhin	grade	9443	130-1	SCH-grade-12427_cases.xml	0
kakuppAla	kakuppa1la	kakuppāla	kakuppāla	grade	9444	130-1	SCH-grade-12427_cases.xml	0
kakupsinDura	kakupsindhura	kakupsindhura	kakupsindhura	grade	9445	130-1	SCH-grade-12427_cases.xml	0
kakupsImantinI	kakupsi1mantini1	kakupsīmantinī	kakupsīmantinī	grade	9446	130-1	SCH-grade-12427_cases.xml	0
kakubaNganA	kakuban3gana1	kakubaṅganā	kakubanganā	grade	9447	130-1	SCH-grade-12427_cases.xml	0
kaNkawita	kan3kat2ita	kaṅkaṭita	kankaṭita	grade	9464	130-2	SCH-grade-12427_cases.xml	0
kaNkaRIyati	kan3kan2i1y(ati)	kaṅkaṇīyati	kankanīyati	grade	9469	130-2	SCH-grade-12427_cases.xml	0
kaNkamuKAyamAna	kan3kamukha1yama1na	kaṅkamukhāyamāna	kankamukhāyamāna	grade	9472	130-3	SCH-grade-12427_cases.xml	0
kaNkAhi	Kan3ka1hi	kaṅkāhi	kankāhi	grade	9474	130-3	SCH-grade-12427_cases.xml	0
kaNkellaka	kan3kellaka	kaṅkellaka	kankellaka	grade	9475	130-3	SCH-grade-12427_cases.xml	0
kacCavi	kacchavi	kacchavi	kacchavi	grade	9490	130-3	SCH-grade-12427_cases.xml	0
kajjalati	kajjalati	kajjalati	kajjalati	grade	9493	130-3	SCH-grade-12427_cases.xml	0
kaYculIkA	kan5culi1ka1	kañculīkā	kanculīkā	grade	9501	131-1	SCH-grade-12427_cases.xml	0
kawakADipati	Kat2aka1dhipati	kaṭakādhipati	kaṭakādhipati	grade	9507	131-1	SCH-grade-12427_cases.xml	0
kawaNkara	kat2an3kara	kaṭaṅkara	kaṭankara	grade	9509	131-1	SCH-grade-12427_cases.xml	0
kawatka	kat2atka	kaṭatka	kaṭatka	grade	9510	131-1	SCH-grade-12427_cases.xml	0
kawatkaw	kat2atkat2	kaṭatkaṭ	kaṭatkaṭ	grade	9511	131-1	SCH-grade-12427_cases.xml	0
kawanI	kat2ani1	kaṭanī	kaṭanī	grade	9514	131-1	SCH-grade-12427_cases.xml	0
kawapala	kat2apala	kaṭapala	kaṭapala	grade	9515	131-1	SCH-grade-12427_cases.xml	0
kawapra	kat2apra	kaṭapra	kaṭapra	grade	9516	131-1	SCH-grade-12427_cases.xml	0
kawapru	kat2apru	kaṭapru	kaṭapru	grade	9517	131-1	SCH-grade-12427_cases.xml	0
kawavarDana	kat2avardhana	kaṭavardhana	kaṭavardhana	grade	9520	131-2	SCH-grade-12427_cases.xml	0
kawaSoDana	kat2as4odhana	kaṭaśodhana	kaṭaśodhana	grade	9521	131-2	SCH-grade-12427_cases.xml	0
kawahAra	kat2aha1ra	kaṭahāra	kaṭahāra	grade	9523	131-2	SCH-grade-12427_cases.xml	0
kawAraka	kat2a1raka	kaṭāraka	kaṭāraka	grade	9529	131-2	SCH-grade-12427_cases.xml	0
kawAhika	kat2a1hika	kaṭāhika	kaṭāhika	grade	9531	131-2	SCH-grade-12427_cases.xml	0
kawyA	kat2ya1	kaṭyā	kaṭyā	grade	9553	131-3	SCH-grade-12427_cases.xml	0
kawvada	kat2vada	kaṭvada	kaṭvada	grade	9554	131-3	SCH-grade-12427_cases.xml	0
kawvala	kat2vala	kaṭvala	kaṭvala	grade	9555	131-3	SCH-grade-12427_cases.xml	0
kaWinAMSu	kat2hina1m2s4u	kaṭhināṃśu	kaṭhinānśu	grade	9560	131-3	SCH-grade-12427_cases.xml	0
kaWoratviz	kat2horatvis2	kaṭhoratviṣ	kaṭhoratviṣ	grade	9564	131-3	SCH-grade-12427_cases.xml	0
kaqArapiNga	Kad2a1rapin3ga	kaḍārapiṅga	kaḍārapinga	grade	9566	131-3	SCH-grade-12427_cases.xml	0
kaRacara	Kan2acara	kaṇacara	kanacara	grade	9569	131-3	SCH-grade-12427_cases.xml	0
kaRatkAra	kan2atka1ra	kaṇatkāra	kanatkāra	grade	9570	131-3	SCH-grade-12427_cases.xml	0
kaRatkfti	kan2atkr2ti	kaṇatkṛti	kanatkṛti	grade	9571	132-1	SCH-grade-12427_cases.xml	0
kaRabIjin	kan2abi1jin	kaṇabījin	kanabījin	grade	9573	132-1	SCH-grade-12427_cases.xml	0
kaRaBojin	Kan2abhojin	kaṇabhojin	kanabhojin	grade	9574	132-1	SCH-grade-12427_cases.xml	0
kaRayakoRapa	Kan2ayakon2apa	kaṇayakoṇapa	kanayakonapa	grade	9577	132-1	SCH-grade-12427_cases.xml	0
kaRavrata	kan2avrata	kaṇavrata	kanavrata	grade	9578	132-1	SCH-grade-12427_cases.xml	0
kaRavratavineya	kan2avratavineya	kaṇavratavineya	kanavratavineya	grade	9579	132-1	SCH-grade-12427_cases.xml	0
kaRin	kan2in	kaṇin	kanin	grade	9584	132-1	SCH-grade-12427_cases.xml	0
kaRiSa	kan2is4a	kaṇiśa	kaniśa	grade	9585	132-1	SCH-grade-12427_cases.xml	0
kaRIkfta	kan2i1kr2ta	kaṇīkṛta	kanīkṛta	grade	9587	132-1	SCH-grade-12427_cases.xml	0
kaRwakayati	kan2t2akay(ati)	kaṇṭakayati	kanṭakayati	grade	9590	132-1	SCH-grade-12427_cases.xml	0
kaRwakavfti	kan2t2akavr2ti	kaṇṭakavṛti	kanṭakavṛti	grade	9591	132-1	SCH-grade-12427_cases.xml	0
kaRwakitatA	kan2t2akitata1	kaṇṭakitatā	kanṭakitatā	grade	9593	132-1	SCH-grade-12427_cases.xml	0
kaRWakandalI	kan2t2hakandali1	kaṇṭhakandalī	kanṭhakandalī	grade	9598	132-2	SCH-grade-12427_cases.xml	0
kaRWatra	kan2t2hatra	kaṇṭhatra	kanṭhatra	grade	9601	132-2	SCH-grade-12427_cases.xml	0
kaRWatratA	kan2t2hatrata1	kaṇṭhatratā	kanṭhatratā	grade	9602	132-2	SCH-grade-12427_cases.xml	0
kaRWabanDanasvanA	kan2t2habandhanasvana1	kaṇṭhabandhanasvanā	kanṭhabandhanasvanā	grade	9608	132-2	SCH-grade-12427_cases.xml	0
kaRWAravAyamARa	kan2t2ha1rava1yama1n2a	kaṇṭhāravāyamāṇa	kanṭhāravāyamāna	grade	9612	132-2	SCH-grade-12427_cases.xml	0
kaRqaramARikka	Kan2d2arama1n2ikka	kaṇḍaramāṇikka	kanḍaramānikka	grade	9618	132-2	SCH-grade-12427_cases.xml	0
kaRqaramARikya	Kan2d2arama1n2ikya	kaṇḍaramāṇikya	kanḍaramānikya	grade	9619	132-2	SCH-grade-12427_cases.xml	0
kaRqUlatA	kan2d2u1lata1	kaṇḍūlatā	kanḍūlatā	grade	9623	132-3	SCH-grade-12427_cases.xml	0
katTikA	katthika1	katthikā	katthikā	grade	9628	132-3	SCH-grade-12427_cases.xml	0
kadambA	kadamba1	kadambā	kadambā	grade	9647	133-1	SCH-grade-12427_cases.xml	0
kadarTin	kadarthin	kadarthin	kadarthin	grade	9649	133-1	SCH-grade-12427_cases.xml	0
kadaSana	kadas4ana	kadaśana	kadaśana	grade	9653	133-1	SCH-grade-12427_cases.xml	0
kadAcitka	kada1citka	kadācitka	kadācitka	grade	9654	133-1	SCH-grade-12427_cases.xml	0
kadikA	kadika1	kadikā	kadikā	grade	9657	133-1	SCH-grade-12427_cases.xml	0
kadEkaka	kadaikaka	kadaikaka	kadaikaka	grade	9659	133-1	SCH-grade-12427_cases.xml	0
kanakARqa	kanaka1n2d2a	kanakāṇḍa	kanakānḍa	grade	9676	133-2	SCH-grade-12427_cases.xml	0
kanakASman	kanaka1s4man	kanakāśman	kanakāśman	grade	9678	133-2	SCH-grade-12427_cases.xml	0
kanTaqika	kanthad2ika	kanthaḍika	kanthaḍika	grade	9685	133-2	SCH-grade-12427_cases.xml	0
kandarpageha	kandarpageha	kandarpageha	kandarpageha	grade	9695	133-2	SCH-grade-12427_cases.xml	0
kandarpajala	kandarpajala	kandarpajala	kandarpajala	grade	9696	133-3	SCH-grade-12427_cases.xml	0
kandarpadarpaRA	Kandarpadarpan2a1	kandarpadarpaṇā	kandarpadarpanā	grade	9697	133-3	SCH-grade-12427_cases.xml	0
kandarpanIra	kandarpani1ra	kandarpanīra	kandarpanīra	grade	9698	133-3	SCH-grade-12427_cases.xml	0
kandarpayati	kandarpayati	kandarpayati	kandarpayati	grade	9699	133-3	SCH-grade-12427_cases.xml	0
kandarpayudDa	kandarpayuddha	kandarpayuddha	kandarpayuddha	grade	9700	133-3	SCH-grade-12427_cases.xml	0
kandalati	kandala(ti)	kandalati	kandalati	grade	9702	133-3	SCH-grade-12427_cases.xml	0
kandalavilAsa	Kandalavila1sa	kandalavilāsa	kandalavilāsa	grade	9704	133-3	SCH-grade-12427_cases.xml	0
kandalikA	kandalika1	kandalikā	kandalikā	grade	9706	133-3	SCH-grade-12427_cases.xml	0
kandalIBU	kandali1bhu1	kandalībhū	kandalībhū	grade	9708	133-3	SCH-grade-12427_cases.xml	0
kandAyate	kanda1yate	kandāyate	kandāyate	grade	9709	133-3	SCH-grade-12427_cases.xml	0
kapawakEwaBArAti	Kapat2akait2abha1ra1ti	kapaṭakaiṭabhārāti	kapaṭakaiṭabhārāti	grade	9724	134-1	SCH-grade-12427_cases.xml	0
kapawabawu	kapat2abat2u	kapaṭabaṭu	kapaṭabaṭu	grade	9725	134-1	SCH-grade-12427_cases.xml	0
kapAlitva	kapa1litva	kapālitva	kapālitva	grade	9734	134-1	SCH-grade-12427_cases.xml	0
kapikzapAcara	kapiks2apa1cara	kapikṣapācara	kapikṣapācara	grade	9740	134-1	SCH-grade-12427_cases.xml	0
kapipravIra	kapipravi1ra	kapipravīra	kapipravīra	grade	9743	134-2	SCH-grade-12427_cases.xml	0
kapIna	kapi1na	kapīna	kapīna	grade	9754	134-2	SCH-grade-12427_cases.xml	0
kapolatalAyamAna	kapolatala1yama1na	kapolatalāyamāna	kapolatalāyamāna	grade	9757	134-2	SCH-grade-12427_cases.xml	0
kaPavant	kaphavant	kaphavant	kaphavant	grade	9760	134-2	SCH-grade-12427_cases.xml	0
kabanDavant	kabandhavant	kabandhavant	kabandhavant	grade	9762	134-2	SCH-grade-12427_cases.xml	0
kabarIka	kabari1ka	kabarīka	kabarīka	grade	9763	134-2	SCH-grade-12427_cases.xml	0
kamaladfS	kamaladr2s4	kamaladṛś	kamaladṛś	grade	9770	134-3	SCH-grade-12427_cases.xml	0
kamalapraBava	kamalaprabhava	kamalaprabhava	kamalaprabhava	grade	9772	134-3	SCH-grade-12427_cases.xml	0
kamalabanDu	kamalabandhu	kamalabandhu	kamalabandhu	grade	9773	134-3	SCH-grade-12427_cases.xml	0
kamalasaMBavatva	kamalasam2bhavatva	kamalasaṃbhavatva	kamalasambhavatva	grade	9777	134-3	SCH-grade-12427_cases.xml	0
kamalAkAmuka	Kamala1ka1muka	kamalākāmuka	kamalākāmuka	grade	9779	134-3	SCH-grade-12427_cases.xml	0
kamalApIqa	Kamala1pi1d2a	kamalāpīḍa	kamalāpīḍa	grade	9782	134-3	SCH-grade-12427_cases.xml	0
kamalAvatI	Kamala1vati1	kamalāvatī	kamalāvatī	grade	9784	134-3	SCH-grade-12427_cases.xml	0
kamalin	kamalin	kamalin	kamalin	grade	9786	134-3	SCH-grade-12427_cases.xml	0
kamaleSa	kamales4a	kamaleśa	kamaleśa	grade	9791	134-3	SCH-grade-12427_cases.xml	0
kampada	kampada	kampada	kampada	grade	9795	135-1	SCH-grade-12427_cases.xml	0
kambalI	kambali1	kambalī	kambalī	grade	9802	135-1	SCH-grade-12427_cases.xml	0
karakandalI	karakandali1	karakandalī	karakandalī	grade	9811	135-2	SCH-grade-12427_cases.xml	0
karakambA	karakamba1	karakambā	karakambā	grade	9812	135-2	SCH-grade-12427_cases.xml	0
karakarAyitam	karakara1yitam	karakarāyitam	karakarāyitam	grade	9813	135-2	SCH-grade-12427_cases.xml	0
karakarzaRa	karakars2an2a	karakarṣaṇa	karakarṣana	grade	9814	135-2	SCH-grade-12427_cases.xml	0
karakAkAraka	karaka1ka1raka	karakākāraka	karakākāraka	grade	9815	135-2	SCH-grade-12427_cases.xml	0
karajANka	karaja1n3ka	karajāṅka	karajānka	grade	9822	135-2	SCH-grade-12427_cases.xml	0
karawicarman	karat2icarman	karaṭicarman	karaṭicarman	grade	9826	135-2	SCH-grade-12427_cases.xml	0
karawita	karat2ita	karaṭita	karaṭita	grade	9827	135-3	SCH-grade-12427_cases.xml	0
karawiripu	karat2iripu	karaṭiripu	karaṭiripu	grade	9828	135-3	SCH-grade-12427_cases.xml	0
karawwikA	karat2t2ika1	karaṭṭikā	karaṭṭikā	grade	9829	135-3	SCH-grade-12427_cases.xml	0
karaRwa	karan2t2a	karaṇṭa	karanṭa	grade	9837	135-3	SCH-grade-12427_cases.xml	0
karaRqakArikA	karan2d2aka1rika1	karaṇḍakārikā	karanḍakārikā	grade	9839	135-3	SCH-grade-12427_cases.xml	0
karat	karat	karat	karat	grade	9840	135-3	SCH-grade-12427_cases.xml	0
karadIpa	karadi1pa	karadīpa	karadīpa	grade	9848	135-3	SCH-grade-12427_cases.xml	0
karadIpikA	karadi1pika1	karadīpikā	karadīpikā	grade	9849	135-3	SCH-grade-12427_cases.xml	0
karapattrAyita	karapattra1yita	karapattrāyita	karapattrāyita	grade	9853	136-1	SCH-grade-12427_cases.xml	0
karapAdikA	karapa1dika1	karapādikā	karapādikā	grade	9855	136-1	SCH-grade-12427_cases.xml	0
karapIqana	karapi1d2ana	karapīḍana	karapīḍana	grade	9857	136-1	SCH-grade-12427_cases.xml	0
karaBAj	karabha1j	karabhāj	karabhāj	grade	9861	136-1	SCH-grade-12427_cases.xml	0
karaBoru	karabhoru	karabhoru	karabhoru	grade	9864	136-1	SCH-grade-12427_cases.xml	0
karamAtra	karama1tra	karamātra	karamātra	grade	9866	136-1	SCH-grade-12427_cases.xml	0
karamUla	karamu1la	karamūla	karamūla	grade	9867	136-1	SCH-grade-12427_cases.xml	0
karambyamARa	karambyama1n2a	karambyamāṇa	karambyamāna	grade	9869	136-1	SCH-grade-12427_cases.xml	0
karala	karala	karala	karala	grade	9872	136-1	SCH-grade-12427_cases.xml	0
karavAdya	karava1dya	karavādya	karavādya	grade	9873	136-1	SCH-grade-12427_cases.xml	0
karavAlavIra	Karava1lavi1ra	karavālavīra	karavālavīra	grade	9875	136-1	SCH-grade-12427_cases.xml	0
karaSAKikA	karas4a1khika1	karaśākhikā	karaśākhikā	grade	9879	136-1	SCH-grade-12427_cases.xml	0
karasIkara	karasi1kara	karasīkara	karasīkara	grade	9880	136-1	SCH-grade-12427_cases.xml	0
karasIkarAyita	karasi1kara1yita	karasīkarāyita	karasīkarāyita	grade	9881	136-1	SCH-grade-12427_cases.xml	0
karAliman	kara1liman	karāliman	karāliman	grade	9889	136-2	SCH-grade-12427_cases.xml	0
karikarRaSaNKAy	karikarn2as4an3kha1y	karikarṇaśaṅkhāy	karikarnaśankhāy	grade	9891	136-2	SCH-grade-12427_cases.xml	0
karikalABa	Karikala1bha	karikalābha	karikalābha	grade	9893	136-2	SCH-grade-12427_cases.xml	0
karikesara	karikesara	karikesara	karikesara	grade	9895	136-2	SCH-grade-12427_cases.xml	0
karigiri	karigiri	karigiri	karigiri	grade	9896	136-2	SCH-grade-12427_cases.xml	0
kariRi	karin2i	kariṇi	karini	grade	9897	136-2	SCH-grade-12427_cases.xml	0
kariDAvaDaraRi	karidha1vadharan2i	karidhāvadharaṇi	karidhāvadharani	grade	9899	136-2	SCH-grade-12427_cases.xml	0
kariDAvanaDaraRi	karidha1vanadharan2i	karidhāvanadharaṇi	karidhāvanadharani	grade	9900	136-2	SCH-grade-12427_cases.xml	0
karipura	Karipura	karipura	karipura	grade	9902	136-2	SCH-grade-12427_cases.xml	0
karivaktramUrti	karivaktramu1rti	karivaktramūrti	karivaktramūrti	grade	9906	136-2	SCH-grade-12427_cases.xml	0
karivadana	karivadana	karivadana	karivadana	grade	9907	136-3	SCH-grade-12427_cases.xml	0
karivinodavilokanadohada	Karivinodavilokanadohada	karivinodavilokanadohada	karivinodavilokanadohada	grade	9908	136-3	SCH-grade-12427_cases.xml	0
karivErin	karivairin	karivairin	karivairin	grade	9909	136-3	SCH-grade-12427_cases.xml	0
karIrakAra	kari1raka1ra	karīrakāra	karīrakāra	grade	9911	136-3	SCH-grade-12427_cases.xml	0
karusI	karusi1	karusī	karusī	grade	9919	136-3	SCH-grade-12427_cases.xml	0
karowikA	karot2ika1	karoṭikā	karoṭikā	grade	9922	136-3	SCH-grade-12427_cases.xml	0
karotakarapattra	karotakarapattra	karotakarapattra	karotakarapattra	grade	9923	136-3	SCH-grade-12427_cases.xml	0
karkaSaka	karkas4aka	karkaśaka	karkaśaka	grade	9931	136-3	SCH-grade-12427_cases.xml	0
karkUra	karku1ra	karkūra	karkūra	grade	9933	137-1	SCH-grade-12427_cases.xml	0
karRagocaratA	karn2agocarata1	karṇagocaratā	karnagocaratā	grade	9936	137-1	SCH-grade-12427_cases.xml	0
karRacapewA	karn2acapet2a1	karṇacapeṭā	karnacapeṭā	grade	9937	137-1	SCH-grade-12427_cases.xml	0
karRaparRa	karn2aparn2a	karṇaparṇa	karnaparna	grade	9945	137-1	SCH-grade-12427_cases.xml	0
karRapUratA	karn2apu1rata1	karṇapūratā	karnapūratā	grade	9950	137-1	SCH-grade-12427_cases.xml	0
karRA	karn2a1	karṇā	karnā	grade	9962	137-2	SCH-grade-12427_cases.xml	0
karRAvataMsita	karn2a1vatam2sita	karṇāvataṃsita	karnāvatansita	grade	9967	137-2	SCH-grade-12427_cases.xml	0
karRAhati	karn2a1hati	karṇāhati	karnāhati	grade	9968	137-2	SCH-grade-12427_cases.xml	0
karRisuta	Karn2isuta	karṇisuta	karnisuta	grade	9970	137-2	SCH-grade-12427_cases.xml	0
kartarita	kartarita	kartarita	kartarita	grade	9974	137-2	SCH-grade-12427_cases.xml	0
kartfvAda	kartr2va1da	kartṛvāda	kartṛvāda	grade	9977	137-2	SCH-grade-12427_cases.xml	0
karpUrakaraRqIkfta	karpu1rakaran2d2i1kr2ta	karpūrakaraṇḍīkṛta	karpūrakaranḍīkṛta	grade	9989	137-3	SCH-grade-12427_cases.xml	0
karpUrapAlikA	karpu1rapa1lika1	karpūrapālikā	karpūrapālikā	grade	9990	137-3	SCH-grade-12427_cases.xml	0
karburita	karburita	karburita	karburita	grade	9994	137-3	SCH-grade-12427_cases.xml	0
karburIkf	karburi1kr2	karburīkṛ	karburīkṛ	grade	9995	137-3	SCH-grade-12427_cases.xml	0
karmakarIyati	karmakari1y(ati)	karmakarīyati	karmakarīyati	grade	9999	137-3	SCH-grade-12427_cases.xml	0
karmapriya	Karmapriya	karmapriya	karmapriya	grade	10013	138-1	SCH-grade-12427_cases.xml	0
karmodaka	karmodaka	karmodaka	karmodaka	grade	10031	138-2	SCH-grade-12427_cases.xml	0
karSin	kars4in	karśin	karśin	grade	10035	138-2	SCH-grade-12427_cases.xml	0
karzuka	kars2uka	karṣuka	karṣuka	grade	10038	138-2	SCH-grade-12427_cases.xml	0
kalakaRWatA	kalakan2t2hata1	kalakaṇṭhatā	kalakanṭhatā	grade	10046	138-3	SCH-grade-12427_cases.xml	0
kalakalAyamAna	kalakala1yama1na	kalakalāyamāna	kalakalāyamāna	grade	10048	138-3	SCH-grade-12427_cases.xml	0
kalatrapattra	kalatrapattra	kalatrapattra	kalatrapattra	grade	10053	138-3	SCH-grade-12427_cases.xml	0
kalatrapattrikA	kalatrapattrika1	kalatrapattrikā	kalatrapattrikā	grade	10054	138-3	SCH-grade-12427_cases.xml	0
kalatrayati	kalatray(ati)	kalatrayati	kalatrayati	grade	10055	138-3	SCH-grade-12427_cases.xml	0
kalatravAk	kalatrava1k	kalatravāk	kalatravāk	grade	10056	138-3	SCH-grade-12427_cases.xml	0
kalatrIkriyA	kalatri1kriya1	kalatrīkriyā	kalatrīkriyā	grade	10057	138-3	SCH-grade-12427_cases.xml	0
kalaDOtaSEla	kaladhautas4aila	kaladhautaśaila	kaladhautaśaila	grade	10058	138-3	SCH-grade-12427_cases.xml	0
kalaBAziRI	Kalabha1s2in2i1	kalabhāṣiṇī	kalabhāṣinī	grade	10061	138-3	SCH-grade-12427_cases.xml	0
kalaBhAmburASi	kalabhha1mbura1s4i	kalabhhāmburāśi	kalabhhāmburāśi	grade	10062	138-3	SCH-grade-12427_cases.xml	0
kalavAc	kalava1c	kalavāc	kalavāc	grade	10069	139-1	SCH-grade-12427_cases.xml	0
kalavARI	Kalava1n2i1	kalavāṇī	kalavānī	grade	10070	139-1	SCH-grade-12427_cases.xml	0
kalaviNkadfS	kalavin3kadr2s4	kalaviṅkadṛś	kalavinkadṛś	grade	10072	139-1	SCH-grade-12427_cases.xml	0
kalaSati	kalas4ati	kalaśati	kalaśati	grade	10073	139-1	SCH-grade-12427_cases.xml	0
kalaSAmBas	kalas4a1mbhas	kalaśāmbhas	kalaśāmbhas	grade	10075	139-1	SCH-grade-12427_cases.xml	0
kalaSikA	kalas4ika1	kalaśikā	kalaśikā	grade	10076	139-1	SCH-grade-12427_cases.xml	0
kalahita	kalahita	kalahita	kalahita	grade	10088	139-1	SCH-grade-12427_cases.xml	0
kalAkAnta	kala1ka1nta	kalākānta	kalākānta	grade	10090	139-2	SCH-grade-12427_cases.xml	0
kalAgraha	kala1graha	kalāgraha	kalāgraha	grade	10092	139-2	SCH-grade-12427_cases.xml	0
kalADinATa	kala1dhina1tha	kalādhinātha	kalādhinātha	grade	10097	139-2	SCH-grade-12427_cases.xml	0
kalAputtalikA	kala1puttalika1	kalāputtalikā	kalāputtalikā	grade	10104	139-2	SCH-grade-12427_cases.xml	0
kalAvataraRa	kala1vataran2a	kalāvataraṇa	kalāvatarana	grade	10108	139-2	SCH-grade-12427_cases.xml	0
kalAvattva	kala1vattva	kalāvattva	kalāvattva	grade	10110	139-2	SCH-grade-12427_cases.xml	0
kalAsamagra	kala1samagra	kalāsamagra	kalāsamagra	grade	10112	139-2	SCH-grade-12427_cases.xml	0
kaliNgI	Kalin3gi1	kaliṅgī	kalingī	grade	10117	139-3	SCH-grade-12427_cases.xml	0
kalindaputrI	Kalindaputri1	kalindaputrī	kalindaputrī	grade	10121	139-3	SCH-grade-12427_cases.xml	0
kalpakuja	kalpakuja	kalpakuja	kalpakuja	grade	10134	140-1	SCH-grade-12427_cases.xml	0
kalpagrAma	kalpagra1ma	kalpagrāma	kalpagrāma	grade	10135	140-1	SCH-grade-12427_cases.xml	0
kalpadrumAyita	kalpadruma1yita	kalpadrumāyita	kalpadrumāyita	grade	10140	140-1	SCH-grade-12427_cases.xml	0
kalpalatAvanAy	kalpalata1vana1y	kalpalatāvanāy	kalpalatāvanāy	grade	10147	140-1	SCH-grade-12427_cases.xml	0
kalpaloka	kalpaloka	kalpaloka	kalpaloka	grade	10148	140-1	SCH-grade-12427_cases.xml	0
kalpavallarI	kalpavallari1	kalpavallarī	kalpavallarī	grade	10149	140-1	SCH-grade-12427_cases.xml	0
kalpavallikA	kalpavallika1	kalpavallikā	kalpavallikā	grade	10150	140-1	SCH-grade-12427_cases.xml	0
kalpavAsin	kalpava1sin	kalpavāsin	kalpavāsin	grade	10151	140-1	SCH-grade-12427_cases.xml	0
kalpanokaha	kalpanokaha	kalpanokaha	kalpanokaha	grade	10158	140-2	SCH-grade-12427_cases.xml	0
kalpAyus	kalpa1yus	kalpāyus	kalpāyus	grade	10160	140-2	SCH-grade-12427_cases.xml	0
kalpAvanIruha	kalpa1vani1ruh(a)	kalpāvanīruha	kalpāvanīruha	grade	10161	140-2	SCH-grade-12427_cases.xml	0
kalpAvasAna	kalpa1vasa1na	kalpāvasāna	kalpāvasāna	grade	10162	140-2	SCH-grade-12427_cases.xml	0
kalmAzapAdatA	kalma1s2apa1data1	kalmāṣapādatā	kalmāṣapādatā	grade	10165	140-2	SCH-grade-12427_cases.xml	0
kalmAzay	kalma1s2ay	kalmāṣay	kalmāṣay	grade	10166	140-2	SCH-grade-12427_cases.xml	0
kalyaMSa	kalyam2s4a	kalyaṃśa	kalyanśa	grade	10169	140-2	SCH-grade-12427_cases.xml	0
kalyARaprakftitva	kalya1n2aprakr2titva	kalyāṇaprakṛtitva	kalyānaprakṛtitva	grade	10177	140-2	SCH-grade-12427_cases.xml	0
kallolin	kallolin	kallolin	kallolin	grade	10186	140-2	SCH-grade-12427_cases.xml	0
kavaYjanikA	kavan5janika1	kavañjanikā	kavanjanikā	grade	10195	140-2	SCH-grade-12427_cases.xml	0
kavalatva	kavalatva	kavalatva	kavalatva	grade	10199	140-2	SCH-grade-12427_cases.xml	0
kavalIkaraRa	kavali1karan2a	kavalīkaraṇa	kavalīkarana	grade	10200	140-2	SCH-grade-12427_cases.xml	0
kavalIBUta	kavali1bhu1ta	kavalībhūta	kavalībhūta	grade	10202	140-2	SCH-grade-12427_cases.xml	0
kavAwita	kava1t2ita	kavāṭita	kavāṭita	grade	10206	140-2	SCH-grade-12427_cases.xml	0
kavikuraNgakaRWIrava	Kavikuran3gakan2t2hi1rava	kavikuraṅgakaṇṭhīrava	kavikurangakanṭhīrava	grade	10212	141-1	SCH-grade-12427_cases.xml	0
kavikulaSeKara	Kavikulas4ekhara	kavikulaśekhara	kavikulaśekhara	grade	10213	141-1	SCH-grade-12427_cases.xml	0
kavikusumAyuDa	Kavikusuma1yudha	kavikusumāyudha	kavikusumāyudha	grade	10214	141-1	SCH-grade-12427_cases.xml	0
kavikovida	Kavikovida	kavikovida	kavikovida	grade	10215	141-1	SCH-grade-12427_cases.xml	0
kavikOmudIcandra	Kavikaumudi1candra	kavikaumudīcandra	kavikaumudīcandra	grade	10216	141-1	SCH-grade-12427_cases.xml	0
kaverakanyakA	Kaverakanyaka1	kaverakanyakā	kaverakanyakā	grade	10221	141-1	SCH-grade-12427_cases.xml	0
kaverajA	Kaveraja1	kaverajā	kaverajā	grade	10222	141-1	SCH-grade-12427_cases.xml	0
kazAyika	kas2a1yika	kaṣāyika	kaṣāyika	grade	10236	141-2	SCH-grade-12427_cases.xml	0
kastUrika	kastu1rika	kastūrika	kastūrika	grade	10244	141-2	SCH-grade-12427_cases.xml	0
kastUrIdala	kastu1ri1dala	kastūrīdala	kastūrīdala	grade	10246	141-2	SCH-grade-12427_cases.xml	0
kAkaravarga	ka1karavarga	kākaravarga	kākaravarga	grade	10262	141-3	SCH-grade-12427_cases.xml	0
kAkAndI	Ka1ka1ndi1	kākāndī	kākāndī	grade	10265	141-3	SCH-grade-12427_cases.xml	0
kAkutsTakaTA	Ka1kutsthakatha1	kākutsthakathā	kākutsthakathā	grade	10271	141-3	SCH-grade-12427_cases.xml	0
kANgUla	ka1n3gu1la	kāṅgūla	kāngūla	grade	10278	141-3	SCH-grade-12427_cases.xml	0
kAcacarcakamAla	ka1cacarcakama1la	kācacarcakamāla	kācacarcakamāla	grade	10281	141-3	SCH-grade-12427_cases.xml	0
kAcapacya	ka1capacya	kācapacya	kācapacya	grade	10282	141-3	SCH-grade-12427_cases.xml	0
kAcavah	ka1cavah	kācavah	kācavah	grade	10284	142-1	SCH-grade-12427_cases.xml	0
kAYcanaBUBft	ka1n5canabhu1bhr2t	kāñcanabhūbhṛt	kāncanabhūbhṛt	grade	10288	142-1	SCH-grade-12427_cases.xml	0
kAYcanalatA	Ka1n5canalata1	kāñcanalatā	kāncanalatā	grade	10290	142-1	SCH-grade-12427_cases.xml	0
kAYcanaSEla	ka1n5canas4aila	kāñcanaśaila	kāncanaśaila	grade	10291	142-1	SCH-grade-12427_cases.xml	0
kAYcanasundarI	Ka1n5canasundari1	kāñcanasundarī	kāncanasundarī	grade	10293	142-1	SCH-grade-12427_cases.xml	0
kAYcanIBU	ka1n5cani1bhu1	kāñcanībhū	kāncanībhū	grade	10295	142-1	SCH-grade-12427_cases.xml	0
kAYcikA	ka1n5cika1	kāñcikā	kāncikā	grade	10296	142-1	SCH-grade-12427_cases.xml	0
kAYcideSa	ka1n5cides4a	kāñcideśa	kāncideśa	grade	10297	142-1	SCH-grade-12427_cases.xml	0
kAYcIbanDa	ka1n5ci1bandha	kāñcībandha	kāncībandha	grade	10298	142-1	SCH-grade-12427_cases.xml	0
kAtarAkza	ka1tara1ks2a	kātarākṣa	kātarākṣa	grade	10312	142-2	SCH-grade-12427_cases.xml	0
kAtarita	ka1tarita	kātarita	kātarita	grade	10314	142-2	SCH-grade-12427_cases.xml	0
kAtarekzaRa	ka1tareks2an2a	kātarekṣaṇa	kātarekṣana	grade	10315	142-2	SCH-grade-12427_cases.xml	0
kAtyayinI	ka1tyayini1	kātyayinī	kātyayinī	grade	10319	142-2	SCH-grade-12427_cases.xml	0
kAtreyaka	ka1treyaka	kātreyaka	kātreyaka	grade	10320	142-2	SCH-grade-12427_cases.xml	0
kAdambayudDa	ka1dambayuddha	kādambayuddha	kādambayuddha	grade	10322	142-2	SCH-grade-12427_cases.xml	0
kAdambI	ka1dambi1	kādambī	kādambī	grade	10323	142-2	SCH-grade-12427_cases.xml	0
kAdraveyadviz	ka1draveyadvis2	kādraveyadviṣ	kādraveyadviṣ	grade	10326	142-2	SCH-grade-12427_cases.xml	0
kAnanakapota	ka1nanakapota	kānanakapota	kānanakapota	grade	10327	142-2	SCH-grade-12427_cases.xml	0
kAnanAyamAna	ka1nana1yama1na	kānanāyamāna	kānanāyamāna	grade	10329	142-2	SCH-grade-12427_cases.xml	0
kAmakallolamAla	ka1makallolama1la	kāmakallolamāla	kāmakallolamāla	grade	10355	142-3	SCH-grade-12427_cases.xml	0
kAmagfha	ka1magr2ha	kāmagṛha	kāmagṛha	grade	10357	143-1	SCH-grade-12427_cases.xml	0
kAmaRqalavya	ka1man2d2alavya	kāmaṇḍalavya	kāmanḍalavya	grade	10359	143-1	SCH-grade-12427_cases.xml	0
kAmatA	ka1mata1	kāmatā	kāmatā	grade	10360	143-1	SCH-grade-12427_cases.xml	0
kAmaDAman	ka1madha1man	kāmadhāman	kāmadhāman	grade	10364	143-1	SCH-grade-12427_cases.xml	0
kAmaDArA	ka1madha1ra1	kāmadhārā	kāmadhārā	grade	10365	143-1	SCH-grade-12427_cases.xml	0
kAmapASaka	ka1mapa1s4aka	kāmapāśaka	kāmapāśaka	grade	10367	143-1	SCH-grade-12427_cases.xml	0
kAmaBuvana	ka1mabhuvana	kāmabhuvana	kāmabhuvana	grade	10369	143-1	SCH-grade-12427_cases.xml	0
kAmaBrAnta	Ka1mabhra1nta	kāmabhrānta	kāmabhrānta	grade	10370	143-1	SCH-grade-12427_cases.xml	0
kAmavAr	ka1mava1r	kāmavār	kāmavār	grade	10377	143-1	SCH-grade-12427_cases.xml	0
kAmasalila	ka1masalila	kāmasalila	kāmasalila	grade	10381	143-2	SCH-grade-12427_cases.xml	0
kAmasundara	ka1masundara	kāmasundara	kāmasundara	grade	10382	143-2	SCH-grade-12427_cases.xml	0
kAmAgAra	ka1ma1ga1ra	kāmāgāra	kāmāgāra	grade	10385	143-2	SCH-grade-12427_cases.xml	0
kAmANkuSa	ka1ma1n3kus4a	kāmāṅkuśa	kāmānkuśa	grade	10386	143-2	SCH-grade-12427_cases.xml	0
kAmAcAra	ka1ma1ca1ra	kāmācāra	kāmācāra	grade	10387	143-2	SCH-grade-12427_cases.xml	0
kAmAtapatra	ka1ma1tapatra	kāmātapatra	kāmātapatra	grade	10388	143-2	SCH-grade-12427_cases.xml	0
kAmAntaka	Ka1ma1ntaka	kāmāntaka	kāmāntaka	grade	10389	143-2	SCH-grade-12427_cases.xml	0
kAmAmBas	ka1ma1mbhas	kāmāmbhas	kāmāmbhas	grade	10390	143-2	SCH-grade-12427_cases.xml	0
kAmAlaya	ka1ma1laya	kāmālaya	kāmālaya	grade	10391	143-2	SCH-grade-12427_cases.xml	0
kAmAvataMsa	ka1ma1vatam2sa	kāmāvataṃsa	kāmāvatansa	grade	10392	143-2	SCH-grade-12427_cases.xml	0
kAmASrama	ka1ma1s4rama	kāmāśrama	kāmāśrama	grade	10393	143-2	SCH-grade-12427_cases.xml	0
kAminIpriya	ka1mini1priya	kāminīpriya	kāminīpriya	grade	10395	143-2	SCH-grade-12427_cases.xml	0
kAmeSvara	ka1mes4vara	kāmeśvara	kāmeśvara	grade	10396	143-2	SCH-grade-12427_cases.xml	0
kAmOkas	ka1maukas	kāmaukas	kāmaukas	grade	10397	143-2	SCH-grade-12427_cases.xml	0
kAmbava	ka1mbava	kāmbava	kāmbava	grade	10399	143-2	SCH-grade-12427_cases.xml	0
kAyakAzWI	ka1yaka1s2t2hi1	kāyakāṣṭhī	kāyakāṣṭhī	grade	10407	143-3	SCH-grade-12427_cases.xml	0
kAyaja	ka1yaja	kāyaja	kāyaja	grade	10409	143-3	SCH-grade-12427_cases.xml	0
kAyaDara	ka1yadhara	kāyadhara	kāyadhara	grade	10410	143-3	SCH-grade-12427_cases.xml	0
kArAgfhIta	ka1ra1gr2hi1ta	kārāgṛhīta	kārāgṛhīta	grade	10432	144-1	SCH-grade-12427_cases.xml	0
kArApavaraka	ka1ra1pavaraka	kārāpavaraka	kārāpavaraka	grade	10437	144-1	SCH-grade-12427_cases.xml	0
kArkawaka	ka1rkat2aka	kārkaṭaka	kārkaṭaka	grade	10447	144-1	SCH-grade-12427_cases.xml	0
kArtAnta	ka1rta1nta	kārtānta	kārtānta	grade	10451	144-1	SCH-grade-12427_cases.xml	0
kArdraveya	ka1rdraveya	kārdraveya	kārdraveya	grade	10455	144-2	SCH-grade-12427_cases.xml	0
kArpARavI	ka1rpa1n2avi1	kārpāṇavī	kārpānavī	grade	10456	144-2	SCH-grade-12427_cases.xml	0
kArmamala	ka1rmamala	kārmamala	kārmamala	grade	10460	144-2	SCH-grade-12427_cases.xml	0
kAryakft	ka1ryakr2t	kāryakṛt	kāryakṛt	grade	10465	144-2	SCH-grade-12427_cases.xml	0
kAryayukti	ka1ryayukti	kāryayukti	kāryayukti	grade	10468	144-2	SCH-grade-12427_cases.xml	0
kAlakzepaRa	ka1laks2epan2a	kālakṣepaṇa	kālakṣepana	grade	10480	144-3	SCH-grade-12427_cases.xml	0
kAlajyezWa	ka1lajyes2t2ha	kālajyeṣṭha	kālajyeṣṭha	grade	10483	144-3	SCH-grade-12427_cases.xml	0
kAladamana	Ka1ladamana	kāladamana	kāladamana	grade	10485	144-3	SCH-grade-12427_cases.xml	0
kAladUtI	ka1ladu1ti1	kāladūtī	kāladūtī	grade	10487	144-3	SCH-grade-12427_cases.xml	0
kAlaDOta	ka1ladhauta	kāladhauta	kāladhauta	grade	10488	144-3	SCH-grade-12427_cases.xml	0
kAlamusala	Ka1lamusala	kālamusala	kālamusala	grade	10501	145-1	SCH-grade-12427_cases.xml	0
kAlavaktra	ka1lavaktra	kālavaktra	kālavaktra	grade	10506	145-1	SCH-grade-12427_cases.xml	0
kAlavallI	ka1lavalli1	kālavallī	kālavallī	grade	10508	145-1	SCH-grade-12427_cases.xml	0
kAlAkzamatva	ka1la1ks2amatva	kālākṣamatva	kālākṣamatva	grade	10520	145-1	SCH-grade-12427_cases.xml	0
kAlAgaru	ka1la1garu	kālāgaru	kālāgaru	grade	10522	145-1	SCH-grade-12427_cases.xml	0
kAlABa	ka1la1bha	kālābha	kālābha	grade	10528	145-2	SCH-grade-12427_cases.xml	0
kAlAsura	Ka1la1sura	kālāsura	kālāsura	grade	10530	145-2	SCH-grade-12427_cases.xml	0
kAlidAsakAnana	Ka1lida1saka1nana	kālidāsakānana	kālidāsakānana	grade	10537	145-2	SCH-grade-12427_cases.xml	0
kAloragAdri	ka1loraga1dri	kāloragādri	kāloragādri	grade	10548	145-2	SCH-grade-12427_cases.xml	0
kAvyakft	ka1vyakr2t	kāvyakṛt	kāvyakṛt	grade	10556	145-3	SCH-grade-12427_cases.xml	0
kAvyaSilpin	ka1vyas4ilpin	kāvyaśilpin	kāvyaśilpin	grade	10563	145-3	SCH-grade-12427_cases.xml	0
kASa	Ka1s4a	kāśa	kāśa	grade	10568	145-3	SCH-grade-12427_cases.xml	0
kASmIraka	ka1s4mi1raka	kāśmīraka	kāśmīraka	grade	10572	145-3	SCH-grade-12427_cases.xml	0
kASmIradrava	ka1s4mi1radrava	kāśmīradrava	kāśmīradrava	grade	10574	146-1	SCH-grade-12427_cases.xml	0
kASmIramaRi	ka1s4mi1raman2i	kāśmīramaṇi	kāśmīramani	grade	10575	146-1	SCH-grade-12427_cases.xml	0
kASmIropala	ka1s4mi1ropala	kāśmīropala	kāśmīropala	grade	10576	146-1	SCH-grade-12427_cases.xml	0
kASyapISvara	ka1s4yapi1s4vara	kāśyapīśvara	kāśyapīśvara	grade	10578	146-1	SCH-grade-12427_cases.xml	0
kAzaM	ka1s2am2	kāṣaṃ	kāṣam	grade	10581	146-1	SCH-grade-12427_cases.xml	0
kAzWAmuni	ka1s2t2ha1muni	kāṣṭhāmuni	kāṣṭhāmuni	grade	10588	146-1	SCH-grade-12427_cases.xml	0
kAsarAyamARa	ka1sara1yama1n2a	kāsarāyamāṇa	kāsarāyamāna	grade	10593	146-1	SCH-grade-12427_cases.xml	0
kAsarAsura	ka1sara1sura	kāsarāsura	kāsarāsura	grade	10594	146-1	SCH-grade-12427_cases.xml	0
kAhalatA	ka1halata1	kāhalatā	kāhalatā	grade	10597	146-2	SCH-grade-12427_cases.xml	0
kAhalika	ka1halika	kāhalika	kāhalika	grade	10599	146-2	SCH-grade-12427_cases.xml	0
kiMsAru	kim2sa1ru	kiṃsāru	kinsāru	grade	10603	146-2	SCH-grade-12427_cases.xml	0
kiMstyanABi	kim2styana1bhi	kiṃstyanābhi	kinstyanābhi	grade	10605	146-2	SCH-grade-12427_cases.xml	0
kiKara	kikhara	kikhara	kikhara	grade	10608	146-2	SCH-grade-12427_cases.xml	0
kiMkarIkf	kim2kari1kr2	kiṃkarīkṛ	kinkarīkṛ	grade	10611	146-2	SCH-grade-12427_cases.xml	0
kiMkarIkfta	kim2kari1kr2ta	kiṃkarīkṛta	kinkarīkṛta	grade	10612	146-2	SCH-grade-12427_cases.xml	0
kiMcarikA	kim2carika1	kiṃcarikā	kincarikā	grade	10615	146-2	SCH-grade-12427_cases.xml	0
kiMcijjYatva	kim2cijjn5atva	kiṃcijjñatva	kincijjnatva	grade	10616	146-2	SCH-grade-12427_cases.xml	0
kiMcitkartftva	kim2citkartr2tva	kiṃcitkartṛtva	kincitkartṛtva	grade	10617	146-2	SCH-grade-12427_cases.xml	0
kiYjalpa	kin5jalpa	kiñjalpa	kinjalpa	grade	10620	146-2	SCH-grade-12427_cases.xml	0
kiwakiwI	kit2akit2i1	kiṭakiṭī	kiṭakiṭī	grade	10621	146-2	SCH-grade-12427_cases.xml	0
kiwikA	kit2ika1	kiṭikā	kiṭikā	grade	10622	146-3	SCH-grade-12427_cases.xml	0
kiRAyamAna	kin2a1yama1na	kiṇāyamāna	kināyamāna	grade	10625	146-3	SCH-grade-12427_cases.xml	0
kiMdarpa	kim2darpa	kiṃdarpa	kindarpa	grade	10632	146-3	SCH-grade-12427_cases.xml	0
kiMnaragIta	Kim2naragi1ta	kiṃnaragīta	kinnaragīta	grade	10636	146-3	SCH-grade-12427_cases.xml	0
kimeka	kimeka	kimeka	kimeka	grade	10642	146-3	SCH-grade-12427_cases.xml	0
kiMpiriparyanta	kim2piriparyanta	kiṃpiriparyanta	kimpiriparyanta	grade	10645	146-3	SCH-grade-12427_cases.xml	0
kiMpuruzADirAja	kim2purus2a1dhira1ja	kiṃpuruṣādhirāja	kimpuruṣādhirāja	grade	10646	146-3	SCH-grade-12427_cases.xml	0
kiMprayojana	kim2prayojana	kiṃprayojana	kimprayojana	grade	10648	146-3	SCH-grade-12427_cases.xml	0
kirAtatA	kira1tata1	kirātatā	kirātatā	grade	10651	147-1	SCH-grade-12427_cases.xml	0
kirAtaveza	kira1taves2a	kirātaveṣa	kirātaveṣa	grade	10652	147-1	SCH-grade-12427_cases.xml	0
kirAtena	Kira1tena	kirātena	kirātena	grade	10653	147-1	SCH-grade-12427_cases.xml	0
kilikiYcita	kilikin5cita	kilikiñcita	kilikincita	grade	10665	147-1	SCH-grade-12427_cases.xml	0
kiSalaya	kis4alaya	kiśalaya	kiśalaya	grade	10672	147-1	SCH-grade-12427_cases.xml	0
kisalayin	kisalayin	kisalayin	kisalayin	grade	10677	147-1	SCH-grade-12427_cases.xml	0
kInASa	ki1na1s4a	kīnāśa	kīnāśa	grade	10686	147-2	SCH-grade-12427_cases.xml	0
kInASadiS	Ki1na1s4adis4	kīnāśadiś	kīnāśadiś	grade	10687	147-2	SCH-grade-12427_cases.xml	0
kIrapUH	ki1rapu1h2	kīrapūḥ	kīrapū	grade	10690	147-2	SCH-grade-12427_cases.xml	0
kIrRatA	ki1rn2ata1	kīrṇatā	kīrnatā	grade	10692	147-2	SCH-grade-12427_cases.xml	0
kIrtisAhAra	Ki1rtisa1ha1ra	kīrtisāhāra	kīrtisāhāra	grade	10701	147-3	SCH-grade-12427_cases.xml	0
kIlitatva	ki1litatva	kīlitatva	kīlitatva	grade	10706	147-3	SCH-grade-12427_cases.xml	0
kukarmaBAj	kukarmabha1j	kukarmabhāj	kukarmabhāj	grade	10711	147-3	SCH-grade-12427_cases.xml	0
kukAmin	kuka1min	kukāmin	kukāmin	grade	10712	147-3	SCH-grade-12427_cases.xml	0
kukuwika	kukut2ika	kukuṭika	kukuṭika	grade	10714	147-3	SCH-grade-12427_cases.xml	0
kukudin	kukudin	kukudin	kukudin	grade	10715	147-3	SCH-grade-12427_cases.xml	0
kukkuwabanDa	kukkut2abandha	kukkuṭabandha	kukkuṭabandha	grade	10718	147-3	SCH-grade-12427_cases.xml	0
kukkuwikAsana	kukkut2ika1sana	kukkuṭikāsana	kukkuṭikāsana	grade	10720	147-3	SCH-grade-12427_cases.xml	0
kukkU	kukku1	kukkū	kukkū	grade	10723	147-3	SCH-grade-12427_cases.xml	0
kukkoka	Kukkoka	kukkoka	kukkoka	grade	10724	147-3	SCH-grade-12427_cases.xml	0
kucapawa	kucapat2a	kucapaṭa	kucapaṭa	grade	10731	148-1	SCH-grade-12427_cases.xml	0
kucaBAra	Kucabha1ra	kucabhāra	kucabhāra	grade	10733	148-1	SCH-grade-12427_cases.xml	0
kucastamba	kucastamba	kucastamba	kucastamba	grade	10734	148-1	SCH-grade-12427_cases.xml	0
kujarAjIka	kujara1ji1ka	kujarājīka	kujarājīka	grade	10740	148-1	SCH-grade-12427_cases.xml	0
kuYcalikA	kun5calika1	kuñcalikā	kuncalikā	grade	10741	148-1	SCH-grade-12427_cases.xml	0
kuYjarAnana	kun5jara1nana	kuñjarānana	kunjarānana	grade	10745	148-1	SCH-grade-12427_cases.xml	0
kuwilita	kut2ilita	kuṭilita	kuṭilita	grade	10754	148-2	SCH-grade-12427_cases.xml	0
kuwwanA	kut2t2ana1	kuṭṭanā	kuṭṭanā	grade	10762	148-2	SCH-grade-12427_cases.xml	0
kuWAraDAra	kut2ha1radha1ra	kuṭhāradhāra	kuṭhāradhāra	grade	10766	148-2	SCH-grade-12427_cases.xml	0
kuWAraskanDa	kut2ha1raskandha	kuṭhāraskandha	kuṭhāraskandha	grade	10767	148-2	SCH-grade-12427_cases.xml	0
kuqaja	kud2aja	kuḍaja	kuḍaja	grade	10768	148-2	SCH-grade-12427_cases.xml	0
kuqUla	kud2u1la	kuḍūla	kuḍūla	grade	10770	148-2	SCH-grade-12427_cases.xml	0
kuqmalapAwalI	kud2malapa1t2ali1	kuḍmalapāṭalī	kuḍmalapāṭalī	grade	10772	148-3	SCH-grade-12427_cases.xml	0
kuRapASin	kun2apa1s4in	kuṇapāśin	kunapāśin	grade	10776	148-3	SCH-grade-12427_cases.xml	0
kuRqalamaRqita	Kun2d2alaman2d2ita	kuṇḍalamaṇḍita	kunḍalamanḍita	grade	10783	148-3	SCH-grade-12427_cases.xml	0
kuRqalIndra	kun2d2ali1ndra	kuṇḍalīndra	kunḍalīndra	grade	10786	148-3	SCH-grade-12427_cases.xml	0
kuRqalIyati	kun2d2ali1y(ati)	kuṇḍalīyati	kunḍalīyati	grade	10787	148-3	SCH-grade-12427_cases.xml	0
kuRqalISvara	kun2d2ali1s4vara	kuṇḍalīśvara	kunḍalīśvara	grade	10788	148-3	SCH-grade-12427_cases.xml	0
kutapin	kutapin	kutapin	kutapin	grade	10797	149-1	SCH-grade-12427_cases.xml	0
kutkIla	kutki1la	kutkīla	kutkīla	grade	10805	149-1	SCH-grade-12427_cases.xml	0
kuTahAra	kuthaha1ra	kuthahāra	kuthahāra	grade	10809	149-1	SCH-grade-12427_cases.xml	0
kudyUta	kudyu1ta	kudyūta	kudyūta	grade	10811	149-1	SCH-grade-12427_cases.xml	0
kuniraya	kuniraya	kuniraya	kuniraya	grade	10816	149-1	SCH-grade-12427_cases.xml	0
kuntapratApa	Kuntaprata1pa	kuntapratāpa	kuntapratāpa	grade	10818	149-1	SCH-grade-12427_cases.xml	0
kuntalin	kuntalin	kuntalin	kuntalin	grade	10821	149-2	SCH-grade-12427_cases.xml	0
kuntalI	Kuntali1	kuntalī	kuntalī	grade	10822	149-2	SCH-grade-12427_cases.xml	0
kuntin	kuntin	kuntin	kuntin	grade	10824	149-2	SCH-grade-12427_cases.xml	0
kunyAya	kunya1ya	kunyāya	kunyāya	grade	10829	149-2	SCH-grade-12427_cases.xml	0
kupala	kupala	kupala	kupala	grade	10833	149-2	SCH-grade-12427_cases.xml	0
kuprayukta	kuprayukta	kuprayukta	kuprayukta	grade	10836	149-2	SCH-grade-12427_cases.xml	0
kuBayA	kubhaya1	kubhayā	kubhayā	grade	10845	149-3	SCH-grade-12427_cases.xml	0
kumudakulapati	kumudakulapati	kumudakulapati	kumudakulapati	grade	10860	150-1	SCH-grade-12427_cases.xml	0
kumudakftin	Kumudakr2tin	kumudakṛtin	kumudakṛtin	grade	10861	150-1	SCH-grade-12427_cases.xml	0
kumudacakzus	kumudacaks2us	kumudacakṣus	kumudacakṣus	grade	10862	150-1	SCH-grade-12427_cases.xml	0
kumudaSAli	[°kumudas4a1li	kumudaśāli	kumudaśāli	grade	10864	150-1	SCH-grade-12427_cases.xml	0
kumudAvaha	kumuda1vaha	kumudāvaha	kumudāvaha	grade	10867	150-1	SCH-grade-12427_cases.xml	0
kumudinIkAnta	kumudini1ka1nta	kumudinīkānta	kumudinīkānta	grade	10868	150-1	SCH-grade-12427_cases.xml	0
kumudinIjIvabanDu	kumudini1ji1vabandhu	kumudinījīvabandhu	kumudinījīvabandhu	grade	10869	150-1	SCH-grade-12427_cases.xml	0
kumudinInATa	kumudini1na1tha	kumudinīnātha	kumudinīnātha	grade	10870	150-1	SCH-grade-12427_cases.xml	0
kumudvatIkulapati	kumudvati1kulapati	kumudvatīkulapati	kumudvatīkulapati	grade	10871	150-1	SCH-grade-12427_cases.xml	0
kumpala	kumpala	kumpala	kumpala	grade	10873	150-1	SCH-grade-12427_cases.xml	0
kumBaBedana	kumbhabhedana	kumbhabhedana	kumbhabhedana	grade	10877	150-1	SCH-grade-12427_cases.xml	0
kumBInasapraBu	kumbhi1nasaprabhu	kumbhīnasaprabhu	kumbhīnasaprabhu	grade	10882	150-1	SCH-grade-12427_cases.xml	0
kuraNgaketu	kuran3gaketu	kuraṅgaketu	kurangaketu	grade	10890	150-2	SCH-grade-12427_cases.xml	0
kuraNgacakzus	kuran3gacaks2us	kuraṅgacakṣus	kurangacakṣus	grade	10891	150-2	SCH-grade-12427_cases.xml	0
kuraNgatA	kuran3gata1	kuraṅgatā	kurangatā	grade	10892	150-2	SCH-grade-12427_cases.xml	0
kuraNganABI	kuran3gana1bhi1	kuraṅganābhī	kuranganābhī	grade	10894	150-2	SCH-grade-12427_cases.xml	0
kuraNgaBft	kuran3gabhr2t	kuraṅgabhṛt	kurangabhṛt	grade	10895	150-2	SCH-grade-12427_cases.xml	0
kuraNgaSAvanetrA	kuran3gas4a1vanetra1	kuraṅgaśāvanetrā	kurangaśāvanetrā	grade	10897	150-2	SCH-grade-12427_cases.xml	0
kuraNgANka	kuran3ga1n3ka	kuraṅgāṅka	kurangānka	grade	10898	150-2	SCH-grade-12427_cases.xml	0
kuracala	kuracala	kuracala	kuracala	grade	10901	150-2	SCH-grade-12427_cases.xml	0
kuralI	kurali1	kuralī	kuralī	grade	10906	150-2	SCH-grade-12427_cases.xml	0
kuruc	kuruc	kuruc	kuruc	grade	10913	150-3	SCH-grade-12427_cases.xml	0
kuruBUmi	kurubhu1mi	kurubhūmi	kurubhūmi	grade	10917	150-3	SCH-grade-12427_cases.xml	0
kuruvindakoza	kuruvindakos2a	kuruvindakoṣa	kuruvindakoṣa	grade	10921	150-3	SCH-grade-12427_cases.xml	0
kulakUwasTa	kulaku1t2astha	kulakūṭastha	kulakūṭastha	grade	10924	150-3	SCH-grade-12427_cases.xml	0
kulaNgApamArin	kulan3ga1pama1rin	kulaṅgāpamārin	kulangāpamārin	grade	10927	150-3	SCH-grade-12427_cases.xml	0
kulajanman	kulajanman	kulajanman	kulajanman	grade	10928	150-3	SCH-grade-12427_cases.xml	0
kulawAyate	kulat2a1y(ate)	kulaṭāyate	kulaṭāyate	grade	10929	150-3	SCH-grade-12427_cases.xml	0
kulaDana	kuladhana	kuladhana	kuladhana	grade	10933	150-3	SCH-grade-12427_cases.xml	0
kulaputratA	kulaputrata1	kulaputratā	kulaputratā	grade	10936	151-1	SCH-grade-12427_cases.xml	0
kulavyADi	Kulavya1dhi	kulavyādhi	kulavyādhi	grade	10944	151-1	SCH-grade-12427_cases.xml	0
kulaSeKara	kulas4ekhara	kulaśekhara	kulaśekhara	grade	10945	151-1	SCH-grade-12427_cases.xml	0
kulasuBrU	kulasubhru1	kulasubhrū	kulasubhrū	grade	10946	151-1	SCH-grade-12427_cases.xml	0
kulAcAryaka	kula1ca1ryaka	kulācāryaka	kulācāryaka	grade	10948	151-1	SCH-grade-12427_cases.xml	0
kulABimanin	kula1bhimanin	kulābhimanin	kulābhimanin	grade	10949	151-1	SCH-grade-12427_cases.xml	0
kulAvaniBft	kula1vanibhr2t	kulāvanibhṛt	kulāvanibhṛt	grade	10952	151-1	SCH-grade-12427_cases.xml	0
kuliNgin	kulin3gin	kuliṅgin	kulingin	grade	10955	151-1	SCH-grade-12427_cases.xml	0
kuliSa	kulis4a	kuliśa	kuliśa	grade	10957	151-1	SCH-grade-12427_cases.xml	0
kuliSakara	Kulis4akara	kuliśakara	kuliśakara	grade	10958	151-1	SCH-grade-12427_cases.xml	0
kuliSamuzwi	kulis4amus2t2i	kuliśamuṣṭi	kuliśamuṣṭi	grade	10960	151-1	SCH-grade-12427_cases.xml	0
kuliSAyuDa	kulis4a1yudha	kuliśāyudha	kuliśāyudha	grade	10961	151-1	SCH-grade-12427_cases.xml	0
kulyaka	kulyaka	kulyaka	kulyaka	grade	10969	151-2	SCH-grade-12427_cases.xml	0
kullaka	kullaka	kullaka	kullaka	grade	10971	151-2	SCH-grade-12427_cases.xml	0
kuvarasa	kuvarasa	kuvarasa	kuvarasa	grade	10973	151-2	SCH-grade-12427_cases.xml	0
kuvftta	kuvr2tta	kuvṛtta	kuvṛtta	grade	10978	151-2	SCH-grade-12427_cases.xml	0
kuSAgra	Kus4a1gra	kuśāgra	kuśāgra	grade	10991	151-2	SCH-grade-12427_cases.xml	0
kuSAgraDI	kus4a1gradhi1	kuśāgradhī	kuśāgradhī	grade	10992	151-3	SCH-grade-12427_cases.xml	0
kuSika	Kus4ika	kuśika	kuśika	grade	10994	151-3	SCH-grade-12427_cases.xml	0
kuSikasuta	kus4ikasuta	kuśikasuta	kuśikasuta	grade	10995	151-3	SCH-grade-12427_cases.xml	0
kuSIlin	kus4i1lin	kuśīlin	kuśīlin	grade	10997	151-3	SCH-grade-12427_cases.xml	0
kuSeSayadfS	kus4es4ayadr2s4	kuśeśayadṛś	kuśeśayadṛś	grade	10999	151-3	SCH-grade-12427_cases.xml	0
kuSeSayinI	kus4es4ayini1	kuśeśayinī	kuśeśayinī	grade	11001	151-3	SCH-grade-12427_cases.xml	0
kusumakiMsAru	kusumakim2sa1ru	kusumakiṃsāru	kusumakinsāru	grade	11007	151-3	SCH-grade-12427_cases.xml	0
kusumabanDu	kusumabandhu	kusumabandhu	kusumabandhu	grade	11011	151-3	SCH-grade-12427_cases.xml	0
kusumabAnDava	kusumaba1ndhava	kusumabāndhava	kusumabāndhava	grade	11013	151-3	SCH-grade-12427_cases.xml	0
kusumavarza	kusumavars2a	kusumavarṣa	kusumavarṣa	grade	11019	152-1	SCH-grade-12427_cases.xml	0
kusumavarzA	kusumavars2a1	kusumavarṣā	kusumavarṣā	grade	11020	152-1	SCH-grade-12427_cases.xml	0
kusumaSeKara	Kusumas4ekhara	kusumaśekhara	kusumaśekhara	grade	11022	152-1	SCH-grade-12427_cases.xml	0
kusumasara	kusumasara	kusumasara	kusumasara	grade	11023	152-1	SCH-grade-12427_cases.xml	0
kusumAcapadviz	Kusuma1capadvis2	kusumācapadviṣ	kusumācapadviṣ	grade	11025	152-1	SCH-grade-12427_cases.xml	0
kusumAnya	kusuma1nya	kusumānya	kusumānya	grade	11026	152-1	SCH-grade-12427_cases.xml	0
kusumezujala	kusumes2ujala	kusumeṣujala	kusumeṣujala	grade	11028	152-1	SCH-grade-12427_cases.xml	0
kusumezuveSman	kusumes2uves4man	kusumeṣuveśman	kusumeṣuveśman	grade	11029	152-1	SCH-grade-12427_cases.xml	0
kusumBaka	kusumbhaka	kusumbhaka	kusumbhaka	grade	11031	152-1	SCH-grade-12427_cases.xml	0
kuhakanaya	kuhakanaya	kuhakanaya	kuhakanaya	grade	11034	152-1	SCH-grade-12427_cases.xml	0
kuhakuhAnAda	kuhakuha1na1da	kuhakuhānāda	kuhakuhānāda	grade	11036	152-1	SCH-grade-12427_cases.xml	0
kuharAyita	kuhara1yita	kuharāyita	kuharāyita	grade	11041	152-1	SCH-grade-12427_cases.xml	0
kuhArAva	kuha1ra1va	kuhārāva	kuhārāva	grade	11046	152-2	SCH-grade-12427_cases.xml	0
kuhuka	kuhuka	kuhuka	kuhuka	grade	11047	152-2	SCH-grade-12427_cases.xml	0
kuhUtkAra	kuhu1tka1ra	kuhūtkāra	kuhūtkāra	grade	11049	152-2	SCH-grade-12427_cases.xml	0
kuhUrAva	kuhu1ra1va	kuhūrāva	kuhūrāva	grade	11050	152-2	SCH-grade-12427_cases.xml	0
kUjA	ku1ja1	kūjā	kūjā	grade	11053	152-2	SCH-grade-12427_cases.xml	0
kUwaraRa	ku1t2aran2a	kūṭaraṇa	kūṭarana	grade	11059	152-2	SCH-grade-12427_cases.xml	0
kUwaSalmali	ku1t2as4almali	kūṭaśalmali	kūṭaśalmali	grade	11061	152-2	SCH-grade-12427_cases.xml	0
kUwAtman	ku1t2a1tman	kūṭātman	kūṭātman	grade	11070	152-2	SCH-grade-12427_cases.xml	0
kUwIBU	ku1t2i1bhu1	kūṭībhū	kūṭībhū	grade	11072	152-3	SCH-grade-12427_cases.xml	0
kUtika	ku1tika	kūtika	kūtika	grade	11077	152-3	SCH-grade-12427_cases.xml	0
kUbari	ku1bari	kūbari	kūbari	grade	11083	152-3	SCH-grade-12427_cases.xml	0
kUbaritA	ku1barita1	kūbaritā	kūbaritā	grade	11084	152-3	SCH-grade-12427_cases.xml	0
kUrcakesara	ku1rcakesara	kūrcakesara	kūrcakesara	grade	11089	152-3	SCH-grade-12427_cases.xml	0
kUrcasTAna	ku1rcastha1na	kūrcasthāna	kūrcasthāna	grade	11090	153-1	SCH-grade-12427_cases.xml	0
kUrcA	ku1rca1	kūrcā	kūrcā	grade	11091	153-1	SCH-grade-12427_cases.xml	0
kUrpAsin	ku1rpa1sin	kūrpāsin	kūrpāsin	grade	11097	153-1	SCH-grade-12427_cases.xml	0
kUrmakuwIraka	ku1rmakut2i1raka	kūrmakuṭīraka	kūrmakuṭīraka	grade	11099	153-1	SCH-grade-12427_cases.xml	0
kUrmaketu	ku1rmaketu	kūrmaketu	kūrmaketu	grade	11100	153-1	SCH-grade-12427_cases.xml	0
kUrmagfha	ku1rmagr2ha	kūrmagṛha	kūrmagṛha	grade	11101	153-1	SCH-grade-12427_cases.xml	0
kUrmabanDa	ku1rmabandha	kūrmabandha	kūrmabandha	grade	11103	153-1	SCH-grade-12427_cases.xml	0
kUlavantI	ku1lavanti1	kūlavantī	kūlavantī	grade	11109	153-1	SCH-grade-12427_cases.xml	0
kUlAla	ku1la1la	kūlāla	kūlāla	grade	11110	153-1	SCH-grade-12427_cases.xml	0
kfkalAsatA	kr2kala1sata1	kṛkalāsatā	kṛkalāsatā	grade	11115	153-1	SCH-grade-12427_cases.xml	0
kfkilAsa	Kr2kila1sa	kṛkilāsa	kṛkilāsa	grade	11117	153-1	SCH-grade-12427_cases.xml	0
kfcCrayati	kr2cchray(ati)	kṛcchrayati	kṛcchrayati	grade	11119	153-1	SCH-grade-12427_cases.xml	0
kftaDfti	kr2tadhr2ti	kṛtadhṛti	kṛtadhṛti	grade	11128	153-2	SCH-grade-12427_cases.xml	0
kftapuNKatA	kr2tapun3khata1	kṛtapuṅkhatā	kṛtapunkhatā	grade	11133	153-2	SCH-grade-12427_cases.xml	0
kftavinaya	kr2tavinaya	kṛtavinaya	kṛtavinaya	grade	11148	153-3	SCH-grade-12427_cases.xml	0
kftaSakti	kr2tas4akti	kṛtaśakti	kṛtaśakti	grade	11150	153-3	SCH-grade-12427_cases.xml	0
kftasatkfti	kr2tasatkr2ti	kṛtasatkṛti	kṛtasatkṛti	grade	11151	153-3	SCH-grade-12427_cases.xml	0
kftAYjalI	kr2ta1n5jali1	kṛtāñjalī	kṛtānjalī	grade	11156	153-3	SCH-grade-12427_cases.xml	0
kftAvadAna	kr2ta1vada1na	kṛtāvadāna	kṛtāvadāna	grade	11159	153-3	SCH-grade-12427_cases.xml	0
kftAhnika	kr2ta1hnika	kṛtāhnika	kṛtāhnika	grade	11164	153-3	SCH-grade-12427_cases.xml	0
kfpaDarma	Kr2padharma	kṛpadharma	kṛpadharma	grade	11180	154-1	SCH-grade-12427_cases.xml	0
kfpARatA	kr2pa1n2ata1	kṛpāṇatā	kṛpānatā	grade	11182	154-1	SCH-grade-12427_cases.xml	0
kfpIwajanman	kr2pi1t2ajanman	kṛpīṭajanman	kṛpīṭajanman	grade	11186	154-1	SCH-grade-12427_cases.xml	0
kfSati	kr2s4ati	kṛśati	kṛśati	grade	11197	154-2	SCH-grade-12427_cases.xml	0
kfSayati	kr2s4ayati	kṛśayati	kṛśayati	grade	11198	154-2	SCH-grade-12427_cases.xml	0
kfSA	Kr2s4a1	kṛśā	kṛśā	grade	11199	154-2	SCH-grade-12427_cases.xml	0
kfSita	kr2s4ita	kṛśita	kṛśita	grade	11201	154-2	SCH-grade-12427_cases.xml	0
kfSIkaraRa	kr2s4i1karan2a	kṛśīkaraṇa	kṛśīkarana	grade	11202	154-2	SCH-grade-12427_cases.xml	0
kfzwarADika	kr2s2t2ara1dhika	kṛṣṭarādhika	kṛṣṭarādhika	grade	11208	154-2	SCH-grade-12427_cases.xml	0
kfzRakAhalIka	kr2s2n2aka1hali1ka	kṛṣṇakāhalīka	kṛṣnakāhalīka	grade	11212	154-2	SCH-grade-12427_cases.xml	0
kfzRapAzARa	kr2s2n2apa1s2a1n2a	kṛṣṇapāṣāṇa	kṛṣnapāṣāna	grade	11224	154-3	SCH-grade-12427_cases.xml	0
kfzRaBUmi	Kr2s2n2abhu1mi	kṛṣṇabhūmi	kṛṣnabhūmi	grade	11226	154-3	SCH-grade-12427_cases.xml	0
kfzRamARikya	kr2s2n2ama1n2ikya	kṛṣṇamāṇikya	kṛṣnamānikya	grade	11227	154-3	SCH-grade-12427_cases.xml	0
kfzRayati	kr2s2n2ayati	kṛṣṇayati	kṛṣnayati	grade	11228	154-3	SCH-grade-12427_cases.xml	0
kfzRaratna	kr2s2n2aratna	kṛṣṇaratna	kṛṣnaratna	grade	11230	154-3	SCH-grade-12427_cases.xml	0
kfzRavarRIkfta	kr2s2n2avarn2i1kr2ta	kṛṣṇavarṇīkṛta	kṛṣnavarnīkṛta	grade	11234	154-3	SCH-grade-12427_cases.xml	0
kfzRavartmakarma	kr2s2n2avartmakarma	kṛṣṇavartmakarma	kṛṣnavartmakarma	grade	11235	154-3	SCH-grade-12427_cases.xml	0
kekawi	Kekat2i	kekaṭi	kekaṭi	grade	11259	155-1	SCH-grade-12427_cases.xml	0
kekarAlokita	kekara1lokita	kekarālokita	kekarālokita	grade	11260	155-1	SCH-grade-12427_cases.xml	0
kekarita	kekarita	kekarita	kekarita	grade	11261	155-1	SCH-grade-12427_cases.xml	0
kekasI	Kekasi1	kekasī	kekasī	grade	11262	155-1	SCH-grade-12427_cases.xml	0
kekAda	keka1da	kekāda	kekāda	grade	11263	155-1	SCH-grade-12427_cases.xml	0
kekibanDu	kekibandhu	kekibandhu	kekibandhu	grade	11264	155-1	SCH-grade-12427_cases.xml	0
kekiva	kekiva	kekiva	kekiva	grade	11265	155-1	SCH-grade-12427_cases.xml	0
kekivikAra	kekivika1ra	kekivikāra	kekivikāra	grade	11266	155-1	SCH-grade-12427_cases.xml	0
kekISa	keki1s4a	kekīśa	kekīśa	grade	11268	155-2	SCH-grade-12427_cases.xml	0
ketakaSara	ketakas4ara	ketakaśara	ketakaśara	grade	11270	155-2	SCH-grade-12427_cases.xml	0
ketakikA	Ketakika1	ketakikā	ketakikā	grade	11271	155-2	SCH-grade-12427_cases.xml	0
ketubAhu	Ketuba1hu	ketubāhu	ketubāhu	grade	11276	155-2	SCH-grade-12427_cases.xml	0
ketuvastra	ketuvastra	ketuvastra	ketuvastra	grade	11281	155-2	SCH-grade-12427_cases.xml	0
kedArayati	keda1rayati	kedārayati	kedārayati	grade	11283	155-2	SCH-grade-12427_cases.xml	0
kedArika	keda1rika	kedārika	kedārika	grade	11284	155-2	SCH-grade-12427_cases.xml	0
kedArikAkozwikA	keda1rika1kos2t2ika1	kedārikākoṣṭikā	kedārikākoṣṭikā	grade	11285	155-2	SCH-grade-12427_cases.xml	0
kelikfti	kelikr2ti	kelikṛti	kelikṛti	grade	11299	155-3	SCH-grade-12427_cases.xml	0
kelinaga	kelinaga	kelinaga	kelinaga	grade	11301	155-3	SCH-grade-12427_cases.xml	0
kelinIkAmuka	Kelini1ka1muka	kelinīkāmuka	kelinīkāmuka	grade	11302	155-3	SCH-grade-12427_cases.xml	0
kelipaNkaja	kelipan3kaja	kelipaṅkaja	kelipankaja	grade	11303	155-3	SCH-grade-12427_cases.xml	0
keliparvata	keliparvata	keliparvata	keliparvata	grade	11304	155-3	SCH-grade-12427_cases.xml	0
kelivApI	keliva1pi1	kelivāpī	kelivāpī	grade	11306	155-3	SCH-grade-12427_cases.xml	0
kelIDarA	keli1dhara1	kelīdharā	kelīdharā	grade	11307	155-3	SCH-grade-12427_cases.xml	0
kelImfga	keli1mr2ga	kelīmṛga	kelīmṛga	grade	11308	155-3	SCH-grade-12427_cases.xml	0
kelIvayasyA	keli1vayasya1	kelīvayasyā	kelīvayasyā	grade	11309	155-3	SCH-grade-12427_cases.xml	0
kevalasevaka	kevalasevaka	kevalasevaka	kevalasevaka	grade	11312	155-3	SCH-grade-12427_cases.xml	0
keSakft	kes4akr2t	keśakṛt	keśakṛt	grade	11317	155-3	SCH-grade-12427_cases.xml	0
keSaBft	kes4abhr2t	keśabhṛt	keśabhṛt	grade	11319	155-3	SCH-grade-12427_cases.xml	0
keSamArga	kes4ama1rga	keśamārga	keśamārga	grade	11320	155-3	SCH-grade-12427_cases.xml	0
keSavApa	kes4ava1pa	keśavāpa	keśavāpa	grade	11323	156-1	SCH-grade-12427_cases.xml	0
keSAnta	kes4a1nta	keśānta	keśānta	grade	11327	156-1	SCH-grade-12427_cases.xml	0
kEkaseya	Kaikaseya	kaikaseya	kaikaseya	grade	11336	156-1	SCH-grade-12427_cases.xml	0
kEwaBanisUdana	Kait2abhanisu1dana	kaiṭabhanisūdana	kaiṭabhanisūdana	grade	11339	156-1	SCH-grade-12427_cases.xml	0
kEwaBArAti	Kait2abha1ra1ti	kaiṭabhārāti	kaiṭabhārāti	grade	11340	156-1	SCH-grade-12427_cases.xml	0
kEparya	kaiparya	kaiparya	kaiparya	grade	11348	156-1	SCH-grade-12427_cases.xml	0
kEMparya	kaim2parya	kaiṃparya	kaimparya	grade	11349	156-1	SCH-grade-12427_cases.xml	0
kEravIya	kairavi1ya	kairavīya	kairavīya	grade	11354	156-2	SCH-grade-12427_cases.xml	0
kokakuwumbinI	kokakut2umbini1	kokakuṭumbinī	kokakuṭumbinī	grade	11360	156-2	SCH-grade-12427_cases.xml	0
kokanadapattradfS	kokanadapattradr2s4	kokanadapattradṛś	kokanadapattradṛś	grade	11361	156-2	SCH-grade-12427_cases.xml	0
kokapriyatamA	kokapriyatama1	kokapriyatamā	kokapriyatamā	grade	11363	156-2	SCH-grade-12427_cases.xml	0
kokunda	kokunda	kokunda	kokunda	grade	11366	156-2	SCH-grade-12427_cases.xml	0
kowiDA	kot2idha1	koṭidhā	koṭidhā	grade	11377	156-2	SCH-grade-12427_cases.xml	0
kowiBawa	kot2ibhat2a	koṭibhaṭa	koṭibhaṭa	grade	11379	156-2	SCH-grade-12427_cases.xml	0
kowiSilAdeSa	Kot2is4ila1des4a	koṭiśilādeśa	koṭiśilādeśa	grade	11383	156-3	SCH-grade-12427_cases.xml	0
kowIBawa	kot2i1bhat2a	koṭībhaṭa	koṭībhaṭa	grade	11384	156-3	SCH-grade-12427_cases.xml	0
kowIraka	kot2i1raka	koṭīraka	koṭīraka	grade	11385	156-3	SCH-grade-12427_cases.xml	0
koRAGAta	kon2a1gha1ta	koṇāghāta	konāghāta	grade	11390	156-3	SCH-grade-12427_cases.xml	0
koRikA	kon2ika1	koṇikā	konikā	grade	11391	156-3	SCH-grade-12427_cases.xml	0
kodaRqamArtaRqa	Kodan2d2ama1rtan2d2a	kodaṇḍamārtaṇḍa	kodanḍamārtanḍa	grade	11392	156-3	SCH-grade-12427_cases.xml	0
kopanatA	kopanata1	kopanatā	kopanatā	grade	11396	156-3	SCH-grade-12427_cases.xml	0
kopala	kopala	kopala	kopala	grade	11397	156-3	SCH-grade-12427_cases.xml	0
kolAhalita	kola1halita	kolāhalita	kolāhalita	grade	11404	156-3	SCH-grade-12427_cases.xml	0
kollApura	Kolla1pura	kollāpura	kollāpura	grade	11407	157-1	SCH-grade-12427_cases.xml	0
kovidAraketu	kovida1raketu	kovidāraketu	kovidāraketu	grade	11408	157-1	SCH-grade-12427_cases.xml	0
koSa	kos4a	kośa	kośa	grade	11409	157-1	SCH-grade-12427_cases.xml	0
koSaka	kos4aka	kośaka	kośaka	grade	11410	157-1	SCH-grade-12427_cases.xml	0
koSalikA	kos4alika1	kośalikā	kośalikā	grade	11414	157-1	SCH-grade-12427_cases.xml	0
kohalinI	kohalini1	kohalinī	kohalinī	grade	11425	157-2	SCH-grade-12427_cases.xml	0
kOkzeyika	kauks2eyika	kaukṣeyika	kaukṣeyika	grade	11429	157-2	SCH-grade-12427_cases.xml	0
kONga	Kaun3ga	kauṅga	kaunga	grade	11430	157-2	SCH-grade-12427_cases.xml	0
kOwumbya	kaut2umbya	kauṭumbya	kauṭumbya	grade	11433	157-2	SCH-grade-12427_cases.xml	0
kOmudIjAgara	kaumudi1ja1gara	kaumudījāgara	kaumudījāgara	grade	11450	157-3	SCH-grade-12427_cases.xml	0
kOra	kaura	kaura	kaura	grade	11452	157-3	SCH-grade-12427_cases.xml	0
kOrmaka	kaurmaka	kaurmaka	kaurmaka	grade	11458	157-3	SCH-grade-12427_cases.xml	0
kOlInatA	kauli1nata1	kaulīnatā	kaulīnatā	grade	11464	157-3	SCH-grade-12427_cases.xml	0
kOSala	Kaus4ala	kauśala	kauśala	grade	11466	157-3	SCH-grade-12427_cases.xml	0
kOSikadiS	kaus4ikadis4	kauśikadiś	kauśikadiś	grade	11468	157-3	SCH-grade-12427_cases.xml	0
kOSikapalASa	kaus4ikapala1s4a	kauśikapalāśa	kauśikapalāśa	grade	11469	157-3	SCH-grade-12427_cases.xml	0
kOSiki	Kaus4iki	kauśiki	kauśiki	grade	11471	157-3	SCH-grade-12427_cases.xml	0
kOstuBANka	kaustubha1n3ka	kaustubhāṅka	kaustubhānka	grade	11479	158-1	SCH-grade-12427_cases.xml	0
kratudivizat	kratudivis2at	kratudiviṣat	kratudiviṣat	grade	11484	158-1	SCH-grade-12427_cases.xml	0
kramagati	kramagati	kramagati	kramagati	grade	11489	158-1	SCH-grade-12427_cases.xml	0
kramayogAt	kramayoga1t	kramayogāt	kramayogāt	grade	11490	158-2	SCH-grade-12427_cases.xml	0
kramaSIrzaka	kramas4i1rs2aka	kramaśīrṣaka	kramaśīrṣaka	grade	11492	158-2	SCH-grade-12427_cases.xml	0
krayaka	krayaka	krayaka	krayaka	grade	11496	158-2	SCH-grade-12427_cases.xml	0
krAtava	kra1tava	krātava	krātava	grade	11504	158-2	SCH-grade-12427_cases.xml	0
krIqAkArin	kri1d2a1ka1rin	krīḍākārin	krīḍākārin	grade	11517	158-3	SCH-grade-12427_cases.xml	0
krIqAkirAta	kri1d2a1kira1ta	krīḍākirāta	krīḍākirāta	grade	11518	158-3	SCH-grade-12427_cases.xml	0
krIqAkutkIla	kri1d2a1kutki1la	krīḍākutkīla	krīḍākutkīla	grade	11519	158-3	SCH-grade-12427_cases.xml	0
krIqAcala	kri1d2a1cala	krīḍācala	krīḍācala	grade	11520	158-3	SCH-grade-12427_cases.xml	0
krIqAtva	kri1d2a1tva	krīḍātva	krīḍātva	grade	11522	158-3	SCH-grade-12427_cases.xml	0
krIqAdarpaRati	kri1d2a1darpan2ati	krīḍādarpaṇati	krīḍādarpanati	grade	11523	158-3	SCH-grade-12427_cases.xml	0
krIqAdIrGikA	kri1d2a1di1rghika1	krīḍādīrghikā	krīḍādīrghikā	grade	11524	158-3	SCH-grade-12427_cases.xml	0
krIqABUmi	kri1d2a1bhu1mi	krīḍābhūmi	krīḍābhūmi	grade	11526	158-3	SCH-grade-12427_cases.xml	0
krIqAyita	kri1d2a1yita	krīḍāyita	krīḍāyita	grade	11527	158-3	SCH-grade-12427_cases.xml	0
krIqAsadman	kri1d2a1sadman	krīḍāsadman	krīḍāsadman	grade	11531	158-3	SCH-grade-12427_cases.xml	0
krukruwi	krukrut2i	krukruṭi	krukruṭi	grade	11533	158-3	SCH-grade-12427_cases.xml	0
krudDatA	kruddhata1	kruddhatā	kruddhatā	grade	11535	158-3	SCH-grade-12427_cases.xml	0
kruS	krus4	kruś	kruś	grade	11537	159-1	SCH-grade-12427_cases.xml	0
kreNkita	kren3kita	kreṅkita	krenkita	grade	11542	159-1	SCH-grade-12427_cases.xml	0
kreRika	kren2ika	kreṇika	krenika	grade	11543	159-1	SCH-grade-12427_cases.xml	0
kroqacarva	krod2acarva	kroḍacarva	kroḍacarva	grade	11546	159-1	SCH-grade-12427_cases.xml	0
kroqacarvita	krod2acarvita	kroḍacarvita	kroḍacarvita	grade	11547	159-1	SCH-grade-12427_cases.xml	0
kroDaputra	krodhaputra	krodhaputra	krodhaputra	grade	11551	159-1	SCH-grade-12427_cases.xml	0
kroDala	krodhala	krodhala	krodhala	grade	11552	159-1	SCH-grade-12427_cases.xml	0
kroDeSvara	Krodhes4vara	krodheśvara	krodheśvara	grade	11554	159-1	SCH-grade-12427_cases.xml	0
klAntirahitam	kla1ntirahitam	klāntirahitam	klāntirahitam	grade	11560	159-1	SCH-grade-12427_cases.xml	0
kledIkfta	kledi1kr2ta	kledīkṛta	kledīkṛta	grade	11569	159-2	SCH-grade-12427_cases.xml	0
kleSasaha	kles4asaha	kleśasaha	kleśasaha	grade	11570	159-2	SCH-grade-12427_cases.xml	0
kvATIBU	kva1thi1bhu1	kvāthībhū	kvāthībhū	grade	11575	159-2	SCH-grade-12427_cases.xml	0
kzaRadAkuwumba	ks2an2ada1kut2umba	kṣaṇadākuṭumba	kṣanadākuṭumba	grade	11579	159-2	SCH-grade-12427_cases.xml	0
kzaRadApriya	ks2an2ada1priya	kṣaṇadāpriya	kṣanadāpriya	grade	11582	159-2	SCH-grade-12427_cases.xml	0
kzaRadABujaMga	ks2an2ada1bhujam2ga	kṣaṇadābhujaṃga	kṣanadābhujanga	grade	11583	159-2	SCH-grade-12427_cases.xml	0
kzaRadAmbu	ks2an2ada1mbu	kṣaṇadāmbu	kṣanadāmbu	grade	11584	159-2	SCH-grade-12427_cases.xml	0
kzaRadeSa	ks2an2ades4a	kṣaṇadeśa	kṣanadeśa	grade	11585	159-2	SCH-grade-12427_cases.xml	0
kzaRaruc	ks2an2aruc	kṣaṇaruc	kṣanaruc	grade	11590	159-2	SCH-grade-12427_cases.xml	0
kzaRaruci	ks2an2aruci	kṣaṇaruci	kṣanaruci	grade	11591	159-3	SCH-grade-12427_cases.xml	0
kzatija	ks2atija	kṣatija	kṣatija	grade	11595	159-3	SCH-grade-12427_cases.xml	0
kzatraputra	ks2atraputra	kṣatraputra	kṣatraputra	grade	11599	159-3	SCH-grade-12427_cases.xml	0
kzatrabrahma	ks2atrabrahma	kṣatrabrahma	kṣatrabrahma	grade	11600	159-3	SCH-grade-12427_cases.xml	0
kzatrAri	ks2atra1ri	kṣatrāri	kṣatrāri	grade	11602	159-3	SCH-grade-12427_cases.xml	0
kzapaRi	ks2apan2i	kṣapaṇi	kṣapani	grade	11612	159-3	SCH-grade-12427_cases.xml	0
kzapAkAmuka	ks2apa1ka1muka	kṣapākāmuka	kṣapākāmuka	grade	11614	159-3	SCH-grade-12427_cases.xml	0
kzapAmBas	ks2apa1mbhas	kṣapāmbhas	kṣapāmbhas	grade	11620	159-3	SCH-grade-12427_cases.xml	0
kzamADara	ks2ama1dhara	kṣamādhara	kṣamādhara	grade	11622	160-1	SCH-grade-12427_cases.xml	0
kzayakzapA	ks2ayaks2apa1	kṣayakṣapā	kṣayakṣapā	grade	11630	160-1	SCH-grade-12427_cases.xml	0
kzayaGana	ks2ayaghana	kṣayaghana	kṣayaghana	grade	11631	160-1	SCH-grade-12427_cases.xml	0
kzayada	ks2ayada	kṣayada	kṣayada	grade	11632	160-1	SCH-grade-12427_cases.xml	0
kzayarAtri	ks2ayara1tri	kṣayarātri	kṣayarātri	grade	11636	160-1	SCH-grade-12427_cases.xml	0
kzayavant	ks2ayavant	kṣayavant	kṣayavant	grade	11637	160-1	SCH-grade-12427_cases.xml	0
kzayasaptasapti	ks2ayasaptasapti	kṣayasaptasapti	kṣayasaptasapti	grade	11639	160-1	SCH-grade-12427_cases.xml	0
kzayahutASa	ks2ayahuta1s4a	kṣayahutāśa	kṣayahutāśa	grade	11640	160-1	SCH-grade-12427_cases.xml	0
kzayAgni	ks2aya1gni	kṣayāgni	kṣayāgni	grade	11641	160-1	SCH-grade-12427_cases.xml	0
kzayAnila	ks2aya1nila	kṣayānila	kṣayānila	grade	11642	160-1	SCH-grade-12427_cases.xml	0
kzayAmaya	ks2aya1maya	kṣayāmaya	kṣayāmaya	grade	11643	160-1	SCH-grade-12427_cases.xml	0
kzayArka	ks2aya1rka	kṣayārka	kṣayārka	grade	11644	160-2	SCH-grade-12427_cases.xml	0
kzAmatarIkfta	ks2a1matari1kr2ta	kṣāmatarīkṛta	kṣāmatarīkṛta	grade	11654	160-2	SCH-grade-12427_cases.xml	0
kzArAbDi	ks2a1ra1bdhi	kṣārābdhi	kṣārābdhi	grade	11661	160-2	SCH-grade-12427_cases.xml	0
kzAlin	ks2a1lin	kṣālin	kṣālin	grade	11663	160-2	SCH-grade-12427_cases.xml	0
kzitiDaratanayA	ks2itidharatanaya1	kṣitidharatanayā	kṣitidharatanayā	grade	11668	160-2	SCH-grade-12427_cases.xml	0
kzitiDarapati	ks2itidharapati	kṣitidharapati	kṣitidharapati	grade	11669	160-2	SCH-grade-12427_cases.xml	0
kziptavAta	ks2iptava1ta	kṣiptavāta	kṣiptavāta	grade	11678	160-3	SCH-grade-12427_cases.xml	0
kzipraGawI	ks2ipraghat2i1	kṣipraghaṭī	kṣipraghaṭī	grade	11680	160-3	SCH-grade-12427_cases.xml	0
kziprataH	ks2ipratah2	kṣiprataḥ	kṣiprata	grade	11681	160-3	SCH-grade-12427_cases.xml	0
kzIRatarA	ks2i1n2atara1	kṣīṇatarā	kṣīnatarā	grade	11683	160-3	SCH-grade-12427_cases.xml	0
kzIrakadamba	Ks2i1rakadamba	kṣīrakadamba	kṣīrakadamba	grade	11689	160-3	SCH-grade-12427_cases.xml	0
kzIrajala	ks2i1rajala	kṣīrajala	kṣīrajala	grade	11690	160-3	SCH-grade-12427_cases.xml	0
kzIrajalaka	ks2i1rajalaka	kṣīrajalaka	kṣīrajalaka	grade	11691	160-3	SCH-grade-12427_cases.xml	0
kzIranIraka	ks2i1rani1raka	kṣīranīraka	kṣīranīraka	grade	11693	160-3	SCH-grade-12427_cases.xml	0
kzIravAyasI	ks2i1rava1yasi1	kṣīravāyasī	kṣīravāyasī	grade	11696	161-1	SCH-grade-12427_cases.xml	0
kzIrasarasvat	ks2i1rasarasvat	kṣīrasarasvat	kṣīrasarasvat	grade	11697	161-1	SCH-grade-12427_cases.xml	0
kzIrIvfkza	ks2i1ri1vr2ks2a	kṣīrīvṛkṣa	kṣīrīvṛkṣa	grade	11699	161-1	SCH-grade-12427_cases.xml	0
kzIrodaDayati	ks2i1rodadhay(ati)	kṣīrodadhayati	kṣīrodadhayati	grade	11702	161-1	SCH-grade-12427_cases.xml	0
kzIrodanvan	ks2i1rodanvan	kṣīrodanvan	kṣīrodanvan	grade	11703	161-1	SCH-grade-12427_cases.xml	0
kzIrodAy	ks2i1roda1y	kṣīrodāy	kṣīrodāy	grade	11704	161-1	SCH-grade-12427_cases.xml	0
kzudvinASaka	ks2udvina1s4aka	kṣudvināśaka	kṣudvināśaka	grade	11714	161-1	SCH-grade-12427_cases.xml	0
kzundan	ks2undan	kṣundan	kṣundan	grade	11715	161-1	SCH-grade-12427_cases.xml	0
kzuraprin	ks2uraprin	kṣuraprin	kṣuraprin	grade	11717	161-1	SCH-grade-12427_cases.xml	0
kzuravant	ks2uravant	kṣuravant	kṣuravant	grade	11718	161-1	SCH-grade-12427_cases.xml	0
kzetranATa	ks2etrana1tha	kṣetranātha	kṣetranātha	grade	11725	161-2	SCH-grade-12427_cases.xml	0
kzetrapAlaDUpa	ks2etrapa1ladhu1pa	kṣetrapāladhūpa	kṣetrapāladhūpa	grade	11728	161-2	SCH-grade-12427_cases.xml	0
kzEbya	ks2aibya	kṣaibya	kṣaibya	grade	11741	161-3	SCH-grade-12427_cases.xml	0
kzoRIDra	ks2on2i1dhra	kṣoṇīdhra	kṣonīdhra	grade	11743	161-3	SCH-grade-12427_cases.xml	0
kzoRIBartar	ks2on2i1bhartar	kṣoṇībhartar	kṣonībhartar	grade	11744	161-3	SCH-grade-12427_cases.xml	0
kzoRIBuj	ks2on2i1bhuj	kṣoṇībhuj	kṣonībhuj	grade	11745	161-3	SCH-grade-12427_cases.xml	0
kzoRIBft	ks2on2i1bhr2t	kṣoṇībhṛt	kṣonībhṛt	grade	11746	161-3	SCH-grade-12427_cases.xml	0
kzoRIBfttanayA	ks2on2i1bhr2ttanaya1	kṣoṇībhṛttanayā	kṣonībhṛttanayā	grade	11747	161-3	SCH-grade-12427_cases.xml	0
kzoRIrakzaka	ks2on2i1raks2aka	kṣoṇīrakṣaka	kṣonīrakṣaka	grade	11748	161-3	SCH-grade-12427_cases.xml	0
kzoRISa	ks2on2i1s4a	kṣoṇīśa	kṣonīśa	grade	11749	161-3	SCH-grade-12427_cases.xml	0
kzoRIsuta	Ks2on2i1suta	kṣoṇīsuta	kṣonīsuta	grade	11750	161-3	SCH-grade-12427_cases.xml	0
kzoBitva	ks2obhitva	kṣobhitva	kṣobhitva	grade	11753	161-3	SCH-grade-12427_cases.xml	0
kzoBin	ks2obhin	kṣobhin	kṣobhin	grade	11754	161-3	SCH-grade-12427_cases.xml	0
kzORIpASa	ks2aun2i1pa1s4a	kṣauṇīpāśa	kṣaunīpāśa	grade	11757	161-3	SCH-grade-12427_cases.xml	0
kzmABartar	ks2ma1bhartar	kṣmābhartar	kṣmābhartar	grade	11760	161-3	SCH-grade-12427_cases.xml	0
kzmABftkanyA	ks2ma1bhr2tkanya1	kṣmābhṛtkanyā	kṣmābhṛtkanyā	grade	11761	161-3	SCH-grade-12427_cases.xml	0
kzveqitanAda	ks2ved2itana1da	kṣveḍitanāda	kṣveḍitanāda	grade	11765	162-1	SCH-grade-12427_cases.xml	0
kzveda	ks2veda	kṣveda	kṣveda	grade	11766	162-1	SCH-grade-12427_cases.xml	0
kzvelanA	ks2velana1	kṣvelanā	kṣvelanā	grade	11767	162-1	SCH-grade-12427_cases.xml	0
Kagaketana	khagaketana	khagaketana	khagaketana	grade	11771	162-1	SCH-grade-12427_cases.xml	0
Kaguru	khaguru	khaguru	khaguru	grade	11772	162-1	SCH-grade-12427_cases.xml	0
KaYjanodaka	khan5janodaka	khañjanodaka	khanjanodaka	grade	11775	162-1	SCH-grade-12427_cases.xml	0
KaYjIBUta	khan5ji1bhu1ta	khañjībhūta	khanjībhūta	grade	11777	162-1	SCH-grade-12427_cases.xml	0
KawAKu	khat2a1khu	khaṭākhu	khaṭākhu	grade	11781	162-1	SCH-grade-12427_cases.xml	0
KawAlapattra	khat2a1lapattra	khaṭālapattra	khaṭālapattra	grade	11782	162-1	SCH-grade-12427_cases.xml	0
KawuNka	khat2un3ka	khaṭuṅka	khaṭunka	grade	11787	162-2	SCH-grade-12427_cases.xml	0
Kawwura	khat2t2ura	khaṭṭura	khaṭṭura	grade	11789	162-2	SCH-grade-12427_cases.xml	0
KawvANgatA	khat2va1n3gata1	khaṭvāṅgatā	khaṭvāngatā	grade	11792	162-2	SCH-grade-12427_cases.xml	0
KaqaKaqAyate	khad2akhad2a1yate	khaḍakhaḍāyate	khaḍakhaḍāyate	grade	11794	162-2	SCH-grade-12427_cases.xml	0
Kaqatkfti	khad2atkr2ti	khaḍatkṛti	khaḍatkṛti	grade	11795	162-2	SCH-grade-12427_cases.xml	0
KaqatKaqiti	khad2atkhad2(iti)	khaḍatkhaḍiti	khaḍatkhaḍiti	grade	11796	162-2	SCH-grade-12427_cases.xml	0
Kaqara	khad2ara	khaḍara	khaḍara	grade	11797	162-2	SCH-grade-12427_cases.xml	0
Kaqgavaha	khad2gavaha	khaḍgavaha	khaḍgavaha	grade	11804	162-2	SCH-grade-12427_cases.xml	0
KaRaKaRa	khan2akhan2a	khaṇakhaṇa	khanakhana	grade	11809	162-2	SCH-grade-12427_cases.xml	0
KaRatkAra	khan2atka1ra	khaṇatkāra	khanatkāra	grade	11810	162-2	SCH-grade-12427_cases.xml	0
KaRatkfti	khan2atkr2ti	khaṇatkṛti	khanatkṛti	grade	11811	162-2	SCH-grade-12427_cases.xml	0
KaRatKaRiti	khan2atkhan2[iti]	khaṇatkhaṇiti	khanatkhaniti	grade	11812	162-2	SCH-grade-12427_cases.xml	0
KaRqABraka	khan2d2a1bhraka	khaṇḍābhraka	khanḍābhraka	grade	11824	162-3	SCH-grade-12427_cases.xml	0
KaRqopala	khan2d2opala	khaṇḍopala	khanḍopala	grade	11830	162-3	SCH-grade-12427_cases.xml	0
KaRqenduSiromaRi	khan2dendus4iroman2i	khaṇḍenduśiromaṇi	khanḍenduśiromani	grade	11831	162-3	SCH-grade-12427_cases.xml	0
KadirikA	Khadirika1	khadirikā	khadirikā	grade	11835	162-3	SCH-grade-12427_cases.xml	0
KanyavAda	khanyava1da	khanyavāda	khanyavāda	grade	11839	162-3	SCH-grade-12427_cases.xml	0
Karakara	kharakara	kharakara	kharakara	grade	11843	162-3	SCH-grade-12427_cases.xml	0
KarakiraRa	kharakiran2a	kharakiraṇa	kharakirana	grade	11844	162-3	SCH-grade-12427_cases.xml	0
KaraKura	kharakhura	kharakhura	kharakhura	grade	11845	163-1	SCH-grade-12427_cases.xml	0
KarawikI	kharat2iki1	kharaṭikī	kharaṭikī	grade	11848	163-1	SCH-grade-12427_cases.xml	0
Karaqita	kharad2ita	kharaḍita	kharaḍita	grade	11849	163-1	SCH-grade-12427_cases.xml	0
Karatejas	kharatejas	kharatejas	kharatejas	grade	11851	163-1	SCH-grade-12427_cases.xml	0
KaradaRqinI	kharadan2d2ini1	kharadaṇḍinī	kharadanḍinī	grade	11853	163-1	SCH-grade-12427_cases.xml	0
KaraDAman	kharadha1man	kharadhāman	kharadhāman	grade	11854	163-1	SCH-grade-12427_cases.xml	0
Karapawa	kharapat2a	kharapaṭa	kharapaṭa	grade	11855	163-1	SCH-grade-12427_cases.xml	0
KarUcikA	kharu1cika1	kharūcikā	kharūcikā	grade	11862	163-1	SCH-grade-12427_cases.xml	0
Karjana	kharjana	kharjana	kharjana	grade	11864	163-1	SCH-grade-12427_cases.xml	0
KarjUmant	kharju1mant	kharjūmant	kharjūmant	grade	11866	163-1	SCH-grade-12427_cases.xml	0
KarjUrIkfta	kharju1ri1kr2ta	kharjūrīkṛta	kharjūrīkṛta	grade	11869	163-1	SCH-grade-12427_cases.xml	0
Karvay	kharvay	kharvay	kharvay	grade	11874	163-2	SCH-grade-12427_cases.xml	0
KalaKala	khalakhala	khalakhala	khalakhala	grade	11877	163-2	SCH-grade-12427_cases.xml	0
KalaKalA	khalakhala1	khalakhalā	khalakhalā	grade	11878	163-2	SCH-grade-12427_cases.xml	0
KalamuKa	khalamukha	khalamukha	khalamukha	grade	11883	163-2	SCH-grade-12427_cases.xml	0
KalAtkAra	khala1tka1ra	khalātkāra	khalātkāra	grade	11884	163-2	SCH-grade-12427_cases.xml	0
KaSa	khas4a	khaśa	khaśa	grade	11899	163-3	SCH-grade-12427_cases.xml	0
KAwakin	kha1t2akin	khāṭakin	khāṭakin	grade	11904	163-3	SCH-grade-12427_cases.xml	0
KARqavodyAna	kha1n2d2avodya1na	khāṇḍavodyāna	khānḍavodyāna	grade	11906	163-3	SCH-grade-12427_cases.xml	0
KAtakA	kha1taka1	khātakā	khātakā	grade	11908	163-3	SCH-grade-12427_cases.xml	0
KArvawika	kha1rvat2ika	khārvaṭika	khārvaṭika	grade	11918	164-1	SCH-grade-12427_cases.xml	0
KuraDAraRI	khuradha1ran2i1	khuradhāraṇī	khuradhāranī	grade	11925	164-1	SCH-grade-12427_cases.xml	0
KurASAna	Khura1s4a1na	khurāśāna	khurāśāna	grade	11927	164-1	SCH-grade-12427_cases.xml	0
KurulikA	khurulika1	khurulikā	khurulikā	grade	11928	164-2	SCH-grade-12427_cases.xml	0
KurulI	khuruli1	khurulī	khurulī	grade	11929	164-2	SCH-grade-12427_cases.xml	0
KurullikA	khurullika1	khurullikā	khurullikā	grade	11930	164-2	SCH-grade-12427_cases.xml	0
Kelita	khelita	khelita	khelita	grade	11942	164-3	SCH-grade-12427_cases.xml	0
gaganakamala	gaganakamala	gaganakamala	gaganakamala	grade	11950	164a-1	SCH-grade-12427_cases.xml	0
gaganagaRikA	gaganagan2ika1	gaganagaṇikā	gaganaganikā	grade	11952	164a-1	SCH-grade-12427_cases.xml	0
gaganagamana	gaganagamana	gaganagamana	gaganagamana	grade	11953	164a-1	SCH-grade-12427_cases.xml	0
gaganagrAsa	gaganagra1sa	gaganagrāsa	gaganagrāsa	grade	11955	164a-1	SCH-grade-12427_cases.xml	0
gagananadI	gagananadi1	gagananadī	gagananadī	grade	11957	164a-1	SCH-grade-12427_cases.xml	0
gaganAyita	gagana1yita	gaganāyita	gaganāyita	grade	11963	164a-2	SCH-grade-12427_cases.xml	0
gaNgaDArA	Gan3gadha1ra1	gaṅgadhārā	gangadhārā	grade	11965	164a-2	SCH-grade-12427_cases.xml	0
gajapippali	gajapippali	gajapippali	gajapippali	grade	11976	164a-3	SCH-grade-12427_cases.xml	0
gajabanDa	gajabandha	gajabandha	gajabandha	grade	11978	164a-3	SCH-grade-12427_cases.xml	0
gajabalA	gajabala1	gajabalā	gajabalā	grade	11979	164a-3	SCH-grade-12427_cases.xml	0
gajaSalka	Gajas4alka	gajaśalka	gajaśalka	grade	11986	164a-3	SCH-grade-12427_cases.xml	0
gajAyate	gaja1y(ate)	gajāyate	gajāyate	grade	11992	165-1	SCH-grade-12427_cases.xml	0
gajopajIvin	gajopaji1vin	gajopajīvin	gajopajīvin	grade	11998	165-1	SCH-grade-12427_cases.xml	0
gajopamardita	gajopamardita	gajopamardita	gajopamardita	grade	11999	165-1	SCH-grade-12427_cases.xml	0
gaYjAgfha	gan5ja1gr2ha	gañjāgṛha	ganjāgṛha	grade	12005	165-1	SCH-grade-12427_cases.xml	0
gaYjAgeha	gan5ja1geha	gañjāgeha	ganjāgeha	grade	12006	165-1	SCH-grade-12427_cases.xml	0
gaYjita	gan5jita	gañjita	ganjita	grade	12007	165-1	SCH-grade-12427_cases.xml	0
gaRatiTi	gan2atithi	gaṇatithi	ganatithi	grade	12017	165-1	SCH-grade-12427_cases.xml	0
gaRadatta	Gan2adatta	gaṇadatta	ganadatta	grade	12019	165-2	SCH-grade-12427_cases.xml	0
gaRaDaradeva	Gan2adharadeva	gaṇadharadeva	ganadharadeva	grade	12021	165-2	SCH-grade-12427_cases.xml	0
gaRapAlaka	gan2apa1laka	gaṇapālaka	ganapālaka	grade	12031	165-2	SCH-grade-12427_cases.xml	0
gaRANganA	gan2a1n3gana1	gaṇāṅganā	ganānganā	grade	12035	165-2	SCH-grade-12427_cases.xml	0
gaRAyate	gan2a1y(ate)	gaṇāyate	ganāyate	grade	12038	165-2	SCH-grade-12427_cases.xml	0
gaRiti	gan2iti	gaṇiti	ganiti	grade	12044	165-2	SCH-grade-12427_cases.xml	0
gaRqakIkfta	gan2d2aki1kr2ta	gaṇḍakīkṛta	ganḍakīkṛta	grade	12053	165-3	SCH-grade-12427_cases.xml	0
gaRqamasUra	gan2d2amasu1ra	gaṇḍamasūra	ganḍamasūra	grade	12055	165-3	SCH-grade-12427_cases.xml	0
gaRqavarDana	gan2d2avardhana	gaṇḍavardhana	ganḍavardhana	grade	12058	165-3	SCH-grade-12427_cases.xml	0
gataGfRa	gataghr2n2a	gataghṛṇa	gataghṛna	grade	12068	166-1	SCH-grade-12427_cases.xml	0
gatajalIyati	gatajali1y(ati)	gatajalīyati	gatajalīyati	grade	12069	166-1	SCH-grade-12427_cases.xml	0
gatatfzRa	gatatr2s2n2a	gatatṛṣṇa	gatatṛṣna	grade	12070	166-1	SCH-grade-12427_cases.xml	0
gatAgatika	gata1gatika	gatāgatika	gatāgatika	grade	12078	166-1	SCH-grade-12427_cases.xml	0
gatAyuzkatA	gata1yus2kata1	gatāyuṣkatā	gatāyuṣkatā	grade	12081	166-1	SCH-grade-12427_cases.xml	0
gadAvant	gada1vant	gadāvant	gadāvant	grade	12087	166-1	SCH-grade-12427_cases.xml	0
gadAvidyADara	Gada1vidya1dhara	gadāvidyādhara	gadāvidyādhara	grade	12088	166-2	SCH-grade-12427_cases.xml	0
ganDakara	gandhakara	gandhakara	gandhakara	grade	12093	166-2	SCH-grade-12427_cases.xml	0
ganDakarin	gandhakarin	gandhakarin	gandhakarin	grade	12094	166-2	SCH-grade-12427_cases.xml	0
ganDacAriRI	gandhaca1rin2i1	gandhacāriṇī	gandhacārinī	grade	12099	166-2	SCH-grade-12427_cases.xml	0
ganDacUrRa	gandhacu1rn2a	gandhacūrṇa	gandhacūrna	grade	12100	166-2	SCH-grade-12427_cases.xml	0
ganDadantin	gandhadantin	gandhadantin	gandhadantin	grade	12101	166-2	SCH-grade-12427_cases.xml	0
ganDarvin	gandharvi(n)	gandharvin	gandharvin	grade	12114	166-3	SCH-grade-12427_cases.xml	0
ganDAcala	gandha1cala	gandhācala	gandhācala	grade	12120	166-3	SCH-grade-12427_cases.xml	0
ganDAmalaka	gandha1malaka	gandhāmalaka	gandhāmalaka	grade	12121	166-3	SCH-grade-12427_cases.xml	0
ganDERa	gandhain2a	gandhaiṇa	gandhaina	grade	12124	166-3	SCH-grade-12427_cases.xml	0
gamagamana	gamagamana	gamagamana	gamagamana	grade	12130	167-1	SCH-grade-12427_cases.xml	0
gamBIrayati	gambhi1rayati	gambhīrayati	gambhīrayati	grade	12138	167-1	SCH-grade-12427_cases.xml	0
garuqamaRi	garud2aman2i	garuḍamaṇi	garuḍamani	grade	12152	167-2	SCH-grade-12427_cases.xml	0
gartapUrti	gartapu1rti	gartapūrti	gartapūrti	grade	12163	167-2	SCH-grade-12427_cases.xml	0
gardaBAkrAnta	gardabha1kra1nta	gardabhākrānta	gardabhākrānta	grade	12170	167-2	SCH-grade-12427_cases.xml	0
garBacCada	garbhacchada	garbhacchada	garbhacchada	grade	12173	167-2	SCH-grade-12427_cases.xml	0
garBanAga	garbhana1ga	garbhanāga	garbhanāga	grade	12174	167-2	SCH-grade-12427_cases.xml	0
garBanAma	garbhana1ma	garbhanāma	garbhanāma	grade	12175	167-2	SCH-grade-12427_cases.xml	0
garBavezwana	garbhaves2t2ana	garbhaveṣṭana	garbhaveṣṭana	grade	12185	167-3	SCH-grade-12427_cases.xml	0
garBaSayana	garbhas4ayana	garbhaśayana	garbhaśayana	grade	12186	167-3	SCH-grade-12427_cases.xml	0
garBastamBa	garbhastambha	garbhastambha	garbhastambha	grade	12191	167-3	SCH-grade-12427_cases.xml	0
garBIkfta	garbhi1kr2ta	garbhīkṛta	garbhīkṛta	grade	12197	167-3	SCH-grade-12427_cases.xml	0
garvaBARqa	garvabha1n2d2a	garvabhāṇḍa	garvabhānḍa	grade	12201	167-3	SCH-grade-12427_cases.xml	0
galakandalI	galakandali1	galakandalī	galakandalī	grade	12206	168-1	SCH-grade-12427_cases.xml	0
galagarjita	galagarjita	galagarjita	galagarjita	grade	12207	168-1	SCH-grade-12427_cases.xml	0
galatA	galata1	galatā	galatā	grade	12211	168-1	SCH-grade-12427_cases.xml	0
galavalita	galavalita	galavalita	galavalita	grade	12214	168-1	SCH-grade-12427_cases.xml	0
galavalgana	galavalgana	galavalgana	galavalgana	grade	12215	168-1	SCH-grade-12427_cases.xml	0
galahastana	galahastana	galahastana	galahastana	grade	12216	168-1	SCH-grade-12427_cases.xml	0
galahastikA	galahastika1	galahastikā	galahastikā	grade	12217	168-1	SCH-grade-12427_cases.xml	0
galAnta	gala1nta	galānta	galānta	grade	12219	168-1	SCH-grade-12427_cases.xml	0
galAhAra	gala1ha1ra	galāhāra	galāhāra	grade	12220	168-1	SCH-grade-12427_cases.xml	0
gallaPullana	gallaphullana	gallaphullana	gallaphullana	grade	12226	168-1	SCH-grade-12427_cases.xml	0
galvarkopala	galvarkopala	galvarkopala	galvarkopala	grade	12228	168-2	SCH-grade-12427_cases.xml	0
gavAlIQa	gava1li1d2ha	gavālīḍha	gavālīḍha	grade	12234	168-2	SCH-grade-12427_cases.xml	0
gavAsana	gava1sana	gavāsana	gavāsana	grade	12235	168-2	SCH-grade-12427_cases.xml	0
gARanikya	ga1n2anikya	gāṇanikya	gānanikya	grade	12250	168-3	SCH-grade-12427_cases.xml	0
gARqaraka	ga1n2d2araka	gāṇḍaraka	gānḍaraka	grade	12252	168-3	SCH-grade-12427_cases.xml	0
gAtrika	ga1trika	gātrika	gātrika	grade	12256	168-3	SCH-grade-12427_cases.xml	0
gAnDarvIkfta	ga1ndharvi1kr2ta	gāndharvīkṛta	gāndharvīkṛta	grade	12265	168-3	SCH-grade-12427_cases.xml	0
gAyanIkfta	ga1yani1kr2ta	gāyanīkṛta	gāyanīkṛta	grade	12272	168-3	SCH-grade-12427_cases.xml	0
gAraqaka	ga1rad2aka	gāraḍaka	gāraḍaka	grade	12273	168-3	SCH-grade-12427_cases.xml	0
garuqabanDa	garud2abandha	garuḍabandha	garuḍabandha	grade	12274	169-1	SCH-grade-12427_cases.xml	0
garBiRikAvarja	garbhi(n2i)ka1varja	garbhiṇikāvarja	garbhinikāvarja	grade	12275	169-1	SCH-grade-12427_cases.xml	0
gAnDArapaNka	ga1ndha1rapan3ka	gāndhārapaṅka	gāndhārapanka	grade	12276	169-1	SCH-grade-12427_cases.xml	0
gAruqIya	ga1rud2i1ya	gāruḍīya	gāruḍīya	grade	12277	169-1	SCH-grade-12427_cases.xml	0
gArdaBika	ga1rdabhika	gārdabhika	gārdabhika	grade	12281	169-1	SCH-grade-12427_cases.xml	0
gAhanika	ga1hanika	gāhanika	gāhanika	grade	12288	169-1	SCH-grade-12427_cases.xml	0
girikanyakA	girikanyaka1	girikanyakā	girikanyakā	grade	12290	169-2	SCH-grade-12427_cases.xml	0
giriguqaka	girigud2aka	giriguḍaka	giriguḍaka	grade	12292	169-2	SCH-grade-12427_cases.xml	0
girinAri	Girina1ri	girināri	girināri	grade	12296	169-2	SCH-grade-12427_cases.xml	0
giriputrI	giriputri1	giriputrī	giriputrī	grade	12297	169-2	SCH-grade-12427_cases.xml	0
girimeKala	Girimekhala	girimekhala	girimekhala	grade	12300	169-2	SCH-grade-12427_cases.xml	0
girirAjaBU	girira1jabhu1	girirājabhū	girirājabhū	grade	12303	169-2	SCH-grade-12427_cases.xml	0
girisopAnagara	Girisopa1nagara	girisopānagara	girisopānagara	grade	12307	169-2	SCH-grade-12427_cases.xml	0
gItaDavala	gi1tadhavala	gītadhavala	gītadhavala	grade	12309	169-2	SCH-grade-12427_cases.xml	0
gItArTasaMgraha	Gi1ta1rthasam2graha	gītārthasaṃgraha	gītārthasangraha	grade	12311	169-2	SCH-grade-12427_cases.xml	0
gIrvARAcala	gi1rva1n2a1cala	gīrvāṇācala	gīrvānācala	grade	12314	169-2	SCH-grade-12427_cases.xml	0
guggala	guggala	guggala	guggala	grade	12315	169-2	SCH-grade-12427_cases.xml	0
guqamadya	gud2amadya	guḍamadya	guḍamadya	grade	12326	169-3	SCH-grade-12427_cases.xml	0
guRagrAhitA	gun2agra1hita1	guṇagrāhitā	gunagrāhitā	grade	12332	169-3	SCH-grade-12427_cases.xml	0
guRapAla	Gun2apa1la	guṇapāla	gunapāla	grade	12336	170-1	SCH-grade-12427_cases.xml	0
guRamAla	Gun2ama1la	guṇamāla	gunamāla	grade	12337	170-1	SCH-grade-12427_cases.xml	0
guRahArin	gun2aha1rin	guṇahārin	gunahārin	grade	12344	170-1	SCH-grade-12427_cases.xml	0
guRANkuSa	Gun2a1n3kus4a	guṇāṅkuśa	gunānkuśa	grade	12346	170-1	SCH-grade-12427_cases.xml	0
guRikf	gun2ikr2	guṇikṛ	gunikṛ	grade	12349	170-1	SCH-grade-12427_cases.xml	0
guRitva	gun2itva	guṇitva	gunitva	grade	12351	170-1	SCH-grade-12427_cases.xml	0
guRinikA	gun2inika1	guṇinikā	guninikā	grade	12352	170-1	SCH-grade-12427_cases.xml	0
guRIkAra	gun2i1ka1ra	guṇīkāra	gunīkāra	grade	12353	170-1	SCH-grade-12427_cases.xml	0
guptaBAzaRa	guptabha1s2an2a	guptabhāṣaṇa	guptabhāṣana	grade	12359	170-2	SCH-grade-12427_cases.xml	0
guptitas	guptitas	guptitas	guptitas	grade	12360	170-2	SCH-grade-12427_cases.xml	0
guptisTAna	guptistha1na	guptisthāna	guptisthāna	grade	12361	170-2	SCH-grade-12427_cases.xml	0
gumBita	gumbhita	gumbhita	gumbhita	grade	12368	170-2	SCH-grade-12427_cases.xml	0
gurucandrikA	Gurucandrika1	gurucandrikā	gurucandrikā	grade	12370	170-2	SCH-grade-12427_cases.xml	0
gurUcI	guru1ci1	gurūcī	gurūcī	grade	12378	170-2	SCH-grade-12427_cases.xml	0
gulaka	gulaka	gulaka	gulaka	grade	12382	170-3	SCH-grade-12427_cases.xml	0
gulagulaka	gulagulaka	gulagulaka	gulagulaka	grade	12383	170-3	SCH-grade-12427_cases.xml	0
gulagulAyamAna	gulagula1yama1na	gulagulāyamāna	gulagulāyamāna	grade	12384	170-3	SCH-grade-12427_cases.xml	0
gulmatA	gulmata1	gulmatā	gulmatā	grade	12393	170-3	SCH-grade-12427_cases.xml	0
guhyA	guhya1	guhyā	guhyā	grade	12399	170-3	SCH-grade-12427_cases.xml	0
guhyAgAra	guhya1ga1ra	guhyāgāra	guhyāgāra	grade	12400	170-3	SCH-grade-12427_cases.xml	0
gUQaka	gu1d2haka	gūḍhaka	gūḍhaka	grade	12401	170-3	SCH-grade-12427_cases.xml	0
gUQakartfka	gu1d2hakartr2ka	gūḍhakartṛka	gūḍhakartṛka	grade	12402	171-1	SCH-grade-12427_cases.xml	0
gUQakriyAkarmakartfka	gu1d2hakriya1karmakartr2ka	gūḍhakriyākarmakartṛka	gūḍhakriyākarmakartṛka	grade	12403	171-1	SCH-grade-12427_cases.xml	0
gUQacaraRa	gud2hacaran2a	gūḍhacaraṇa	gūḍhacarana	grade	12405	171-1	SCH-grade-12427_cases.xml	0
gUQapada	gu1d2hapada	gūḍhapada	gūḍhapada	grade	12407	171-1	SCH-grade-12427_cases.xml	0
gUQAjIvin	gu1d2ha1ji1vin	gūḍhājīvin	gūḍhājīvin	grade	12414	171-1	SCH-grade-12427_cases.xml	0
gfhacandra	gr2hacandra	gṛhacandra	gṛhacandra	grade	12436	171-2	SCH-grade-12427_cases.xml	0
gfhacintaka	gr2hacintaka	gṛhacintaka	gṛhacintaka	grade	12438	171-2	SCH-grade-12427_cases.xml	0
gfhadIrGikA	gr2hadi1rghika1	gṛhadīrghikā	gṛhadīrghikā	grade	12439	171-2	SCH-grade-12427_cases.xml	0
gfhamarkawa	gr2hamarkat2a	gṛhamarkaṭa	gṛhamarkaṭa	grade	12446	171-2	SCH-grade-12427_cases.xml	0
gfhavApikA	gr2hava1pika1	gṛhavāpikā	gṛhavāpikā	grade	12450	171-2	SCH-grade-12427_cases.xml	0
gfhavApI	gr2hava1pi1	gṛhavāpī	gṛhavāpī	grade	12451	171-3	SCH-grade-12427_cases.xml	0
gfhaSakuntikA	gr2has4akuntika1	gṛhaśakuntikā	gṛhaśakuntikā	grade	12452	171-3	SCH-grade-12427_cases.xml	0
gfhASrita	gr2ha1s4rita	gṛhāśrita	gṛhāśrita	grade	12459	171-3	SCH-grade-12427_cases.xml	0
gfhItamuktatA	gr2hi1tamuktata1	gṛhītamuktatā	gṛhītamuktatā	grade	12462	171-3	SCH-grade-12427_cases.xml	0
gfhItavAc	gr2hi1tava1c	gṛhītavāc	gṛhītavāc	grade	12464	171-3	SCH-grade-12427_cases.xml	0
gehakAntA	gehaka1nta1	gehakāntā	gehakāntā	grade	12469	171-3	SCH-grade-12427_cases.xml	0
gehenandin	gehenandin	gehenandin	gehenandin	grade	12472	171-3	SCH-grade-12427_cases.xml	0
gokulikA	gokulika1	gokulikā	gokulikā	grade	12481	172-1	SCH-grade-12427_cases.xml	0
gogrAha	gogra1ha	gogrāha	gogrāha	grade	12483	172-1	SCH-grade-12427_cases.xml	0
gocarIcakra	gocari1cakra	gocarīcakra	gocarīcakra	grade	12490	172-1	SCH-grade-12427_cases.xml	0
gowA	got2a1	goṭā	goṭā	grade	12491	172-1	SCH-grade-12427_cases.xml	0
gotraDAtrIDara	gotradha1tri1dhara	gotradhātrīdhara	gotradhātrīdhara	grade	12496	172-1	SCH-grade-12427_cases.xml	0
gotraBeda	gotrabheda	gotrabheda	gotrabheda	grade	12497	172-1	SCH-grade-12427_cases.xml	0
gotrasKalana	gotraskhalana	gotraskhalana	gotraskhalana	grade	12498	172-1	SCH-grade-12427_cases.xml	0
gotrasKalita	gotraskhalita	gotraskhalita	gotraskhalita	grade	12499	172-1	SCH-grade-12427_cases.xml	0
gotrAkalatra	gotra1kalatra	gotrākalatra	gotrākalatra	grade	12500	172-2	SCH-grade-12427_cases.xml	0
gotrARakft	gotra1n2akr2t	gotrāṇakṛt	gotrānakṛt	grade	12501	172-2	SCH-grade-12427_cases.xml	0
gotrApatya	gotra1patya	gotrāpatya	gotrāpatya	grade	12502	172-2	SCH-grade-12427_cases.xml	0
goDAtmaja	godha1tmaja	godhātmaja	godhātmaja	grade	12512	172-2	SCH-grade-12427_cases.xml	0
goDUmapuYjikA	godhu1mapun5jika1	godhūmapuñjikā	godhūmapunjikā	grade	12514	172-2	SCH-grade-12427_cases.xml	0
goDUmavarRa	godhu1mavarn2a	godhūmavarṇa	godhūmavarna	grade	12515	172-2	SCH-grade-12427_cases.xml	0
gopucCA	gopuccha1	gopucchā	gopucchā	grade	12535	172-3	SCH-grade-12427_cases.xml	0
gopyatattva	gopyatattva	gopyatattva	gopyatattva	grade	12537	172-3	SCH-grade-12427_cases.xml	0
gomayacCanna	gomayacchanna	gomayacchanna	gomayacchanna	grade	12543	172-3	SCH-grade-12427_cases.xml	0
gomAyuka	goma1yuka	gomāyuka	gomāyuka	grade	12544	172-3	SCH-grade-12427_cases.xml	0
gominI	Gomini1	gominī	gominī	grade	12545	172-3	SCH-grade-12427_cases.xml	0
gomUtraganDi	gomu1tragandhi	gomūtragandhi	gomūtragandhi	grade	12549	172-3	SCH-grade-12427_cases.xml	0
goyUTika	goyu1thika	goyūthika	goyūthika	grade	12553	173-1	SCH-grade-12427_cases.xml	0
golaDara	goladhara	goladhara	goladhara	grade	12559	173-1	SCH-grade-12427_cases.xml	0
golAgoPaRi	gola1gophan2i	golāgophaṇi	golāgophani	grade	12561	173-1	SCH-grade-12427_cases.xml	0
gozWikakarma	gos2t2hikakarma	goṣṭhikakarma	goṣṭhikakarma	grade	12572	173-2	SCH-grade-12427_cases.xml	0
gozWiSAlA	gos2t2his4a1la1	goṣṭhiśālā	goṣṭhiśālā	grade	12573	173-2	SCH-grade-12427_cases.xml	0
gozWIpurImAhAtmya	Gos2t2hi1puri1ma1ha1tmya	goṣṭhīpurīmāhātmya	goṣṭhīpurīmāhātmya	grade	12575	173-2	SCH-grade-12427_cases.xml	0
gozpaRa	gos2pan2a	goṣpaṇa	goṣpana	grade	12577	173-2	SCH-grade-12427_cases.xml	0
gOtamaDarma	Gautamadharma	gautamadharma	gautamadharma	grade	12587	173-2	SCH-grade-12427_cases.xml	0
gOpyatattva	gaupyatattva	gaupyatattva	gaupyatattva	grade	12590	173-2	SCH-grade-12427_cases.xml	0
gOrakara	gaurakara	gaurakara	gaurakara	grade	12593	173-2	SCH-grade-12427_cases.xml	0
gOraKura	gaurakhura	gaurakhura	gaurakhura	grade	12594	173-2	SCH-grade-12427_cases.xml	0
gOratA	gaurata1	gauratā	gauratā	grade	12595	173-2	SCH-grade-12427_cases.xml	0
gOraDAman	gauradha1man	gauradhāman	gauradhāman	grade	12596	173-3	SCH-grade-12427_cases.xml	0
gOravapuz	gauravapus2	gauravapuṣ	gauravapuṣ	grade	12598	173-3	SCH-grade-12427_cases.xml	0
gOrArdra	gaura1rdra	gaurārdra	gaurārdra	grade	12599	173-3	SCH-grade-12427_cases.xml	0
gOrIpriya	gauri1priya	gaurīpriya	gaurīpriya	grade	12606	173-3	SCH-grade-12427_cases.xml	0
gOvarDanIya	gauvardhani1ya	gauvardhanīya	gauvardhanīya	grade	12610	173-3	SCH-grade-12427_cases.xml	0
grahaBft	grahabhr2t	grahabhṛt	grahabhṛt	grade	12629	174-1	SCH-grade-12427_cases.xml	0
grahamEtrI	grahamaitri1	grahamaitrī	grahamaitrī	grade	12631	174-1	SCH-grade-12427_cases.xml	0
grahavant	grahavant	grahavant	grahavant	grade	12632	174-1	SCH-grade-12427_cases.xml	0
grahilatva	grahilatva	grahilatva	grahilatva	grade	12639	174-2	SCH-grade-12427_cases.xml	0
grATilya	gra1thilya	grāthilya	grāthilya	grade	12641	174-2	SCH-grade-12427_cases.xml	0
grAmarzi	gra1mars2i	grāmarṣi	grāmarṣi	grade	12650	174-2	SCH-grade-12427_cases.xml	0
grAmeruka	Gra1meruka	grāmeruka	grāmeruka	grade	12657	174-2	SCH-grade-12427_cases.xml	0
grAmyarata	gra1myarata	grāmyarata	grāmyarata	grade	12660	174-2	SCH-grade-12427_cases.xml	0
grAmyarzi	gra1myars2i	grāmyarṣi	grāmyarṣi	grade	12661	174-2	SCH-grade-12427_cases.xml	0
grAsakatva	gra1sakatva	grāsakatva	grāsakatva	grade	12665	174-3	SCH-grade-12427_cases.xml	0
grIvAgrahana	gri1va1grahana	grīvāgrahana	grīvāgrahana	grade	12674	174-3	SCH-grade-12427_cases.xml	0
grIvAsUtra	gri1va1su1tra	grīvāsūtra	grīvāsūtra	grade	12675	174-3	SCH-grade-12427_cases.xml	0
glahIkf	glahi1kr2	glahīkṛ	glahīkṛ	grade	12682	174-3	SCH-grade-12427_cases.xml	0
GaNGa	ghan3gha	ghaṅgha	ghangha	grade	12687	175-1	SCH-grade-12427_cases.xml	0
GaNGala	ghan3ghala	ghaṅghala	ghanghala	grade	12688	175-1	SCH-grade-12427_cases.xml	0
GawamAna	ghat2ama1na	ghaṭamāna	ghaṭamāna	grade	12693	175-1	SCH-grade-12427_cases.xml	0
GawAyate	ghat2a1y(ate)	ghaṭāyate	ghaṭāyate	grade	12695	175-1	SCH-grade-12427_cases.xml	0
Gawwitaka	ghat2t2itaka	ghaṭṭitaka	ghaṭṭitaka	grade	12703	175-1	SCH-grade-12427_cases.xml	0
GaRikft	ghan2ikr2t	ghaṇikṛt	ghanikṛt	grade	12704	175-1	SCH-grade-12427_cases.xml	0
GaRwakikA	ghan2t2akika1	ghaṇṭakikā	ghanṭakikā	grade	12706	175-1	SCH-grade-12427_cases.xml	0
GattA	ghatta1	ghattā	ghattā	grade	12711	175-2	SCH-grade-12427_cases.xml	0
GananAda	ghanana1da	ghananāda	ghananāda	grade	12713	175-2	SCH-grade-12427_cases.xml	0
Ganamarut	ghanamarut	ghanamarut	ghanamarut	grade	12714	175-2	SCH-grade-12427_cases.xml	0
GanamArga	ghanama1rga	ghanamārga	ghanamārga	grade	12715	175-2	SCH-grade-12427_cases.xml	0
Ganaruci	ghanaruci	ghanaruci	ghanaruci	grade	12717	175-2	SCH-grade-12427_cases.xml	0
Ganartu	ghanartu	ghanartu	ghanartu	grade	12718	175-2	SCH-grade-12427_cases.xml	0
Ganasuzira	ghanasus2ira	ghanasuṣira	ghanasuṣira	grade	12720	175-2	SCH-grade-12427_cases.xml	0
Ganoru	ghanoru	ghanoru	ghanoru	grade	12725	175-2	SCH-grade-12427_cases.xml	0
GarGaramAlikA	ghargharama1lika1	ghargharamālikā	ghargharamālikā	grade	12732	175-2	SCH-grade-12427_cases.xml	0
GarmaGfRi	gharmaghr2n2i	gharmaghṛṇi	gharmaghṛni	grade	12735	175-3	SCH-grade-12427_cases.xml	0
Garmatviz	gharmatvis2	gharmatviṣ	gharmatviṣ	grade	12737	175-3	SCH-grade-12427_cases.xml	0
GarmapATas	gharmapa1thas	gharmapāthas	gharmapāthas	grade	12739	175-3	SCH-grade-12427_cases.xml	0
GarmaSIkara	gharmas4i1kara	gharmaśīkara	gharmaśīkara	grade	12743	175-3	SCH-grade-12427_cases.xml	0
Garmasalila	gharmasalila	gharmasalila	gharmasalila	grade	12744	175-3	SCH-grade-12427_cases.xml	0
Garmoda	gharmoda	gharmoda	gharmoda	grade	12747	175-3	SCH-grade-12427_cases.xml	0
Garmodabindu	gharmodabindu	gharmodabindu	gharmodabindu	grade	12748	175-3	SCH-grade-12427_cases.xml	0
GarzaRASman	ghars2an2a1s4man	gharṣaṇāśman	gharṣanāśman	grade	12749	175-3	SCH-grade-12427_cases.xml	0
GAwi	gha1t2i	ghāṭi	ghāṭi	grade	12755	175-3	SCH-grade-12427_cases.xml	0
GARapiNyAka	gha1n2apin3ya1ka	ghāṇapiṅyāka	ghānapinyāka	grade	12756	175-3	SCH-grade-12427_cases.xml	0
GAtakI	gha1taki1	ghātakī	ghātakī	grade	12758	175-3	SCH-grade-12427_cases.xml	0
GAtanIya	gha1tani1ya	ghātanīya	ghātanīya	grade	12759	175-3	SCH-grade-12427_cases.xml	0
GArta	gha1rta	ghārta	ghārta	grade	12762	176-1	SCH-grade-12427_cases.xml	0
GAsacarvan	gha1sacarvan	ghāsacarvan	ghāsacarvan	grade	12763	176-1	SCH-grade-12427_cases.xml	0
GAsika	gha1sika	ghāsika	ghāsika	grade	12764	176-1	SCH-grade-12427_cases.xml	0
GuRakIwa	ghun2aki1t2a	ghuṇakīṭa	ghunakīṭa	grade	12769	176-1	SCH-grade-12427_cases.xml	0
GuRAyamAna	ghun2a1yama1na	ghuṇāyamāna	ghunāyamāna	grade	12770	176-1	SCH-grade-12427_cases.xml	0
GumAyita	ghuma1yita	ghumāyita	ghumāyita	grade	12772	176-1	SCH-grade-12427_cases.xml	0
GuruGurArava	ghurughura1rava	ghurughurārava	ghurughurārava	grade	12775	176-1	SCH-grade-12427_cases.xml	0
GuruGuru	ghurughuru	ghurughuru	ghurughuru	grade	12776	176-1	SCH-grade-12427_cases.xml	0
GurGurmAlA	ghurghurma1la1	ghurghurmālā	ghurghurmālā	grade	12778	176-1	SCH-grade-12427_cases.xml	0
GfzwapfzWa	ghr2s2t2apr2s2t2ha	ghṛṣṭapṛṣṭha	ghṛṣṭapṛṣṭha	grade	12799	176-2	SCH-grade-12427_cases.xml	0
GowI	ghot2i1	ghoṭī	ghoṭī	grade	12805	176-3	SCH-grade-12427_cases.xml	0
GoRa	ghon2a	ghoṇa	ghona	grade	12806	176-3	SCH-grade-12427_cases.xml	0
GoraGfRi	ghoraghr2n2i	ghoraghṛṇi	ghoraghṛni	grade	12810	176-3	SCH-grade-12427_cases.xml	0
GoraRa	ghoran2a	ghoraṇa	ghorana	grade	12811	176-3	SCH-grade-12427_cases.xml	0
Goramuzwi	Ghoramus2t2i	ghoramuṣṭi	ghoramuṣṭi	grade	12812	176-3	SCH-grade-12427_cases.xml	0
GolA	ghola1	gholā	gholā	grade	12816	176-3	SCH-grade-12427_cases.xml	0
GrAyaM	ghra1yam2	ghrāyaṃ	ghrāyam	grade	12821	176-3	SCH-grade-12427_cases.xml	0
cakAravacana	caka1ravacana	cakāravacana	cakāravacana	grade	12824	176-3	SCH-grade-12427_cases.xml	0
cakAsin	caka1sin	cakāsin	cakāsin	grade	12826	176-3	SCH-grade-12427_cases.xml	0
cakoracakzus	cakoracaks2us	cakoracakṣus	cakoracakṣus	grade	12828	176-3	SCH-grade-12427_cases.xml	0
cakoradfzwi	cakoradr2s2t2i	cakoradṛṣṭi	cakoradṛṣṭi	grade	12830	176-3	SCH-grade-12427_cases.xml	0
cakoranetrA	cakoranetra1	cakoranetrā	cakoranetrā	grade	12832	176-3	SCH-grade-12427_cases.xml	0
cakoralocanA	cakoralocana1	cakoralocanā	cakoralocanā	grade	12833	176-3	SCH-grade-12427_cases.xml	0
cakorikA	cakorika1	cakorikā	cakorikā	grade	12834	176-3	SCH-grade-12427_cases.xml	0
cakorikAyate	cakorika1y(ate)	cakorikāyate	cakorikāyate	grade	12835	176-3	SCH-grade-12427_cases.xml	0
cakorIkfta	cakori1kr2ta	cakorīkṛta	cakorīkṛta	grade	12836	176-3	SCH-grade-12427_cases.xml	0
cakorIdfS	cakori1dr2s4	cakorīdṛś	cakorīdṛś	grade	12837	177-1	SCH-grade-12427_cases.xml	0
cakracaraRa	cakracaran2a	cakracaraṇa	cakracarana	grade	12842	177-1	SCH-grade-12427_cases.xml	0
cakrataru	cakrataru	cakrataru	cakrataru	grade	12843	177-1	SCH-grade-12427_cases.xml	0
cakrayantra	cakrayantra	cakrayantra	cakrayantra	grade	12853	177-1	SCH-grade-12427_cases.xml	0
cakraromikA	cakraromika1	cakraromikā	cakraromikā	grade	12855	177-1	SCH-grade-12427_cases.xml	0
cakravikrama	Cakravikrama	cakravikrama	cakravikrama	grade	12857	177-1	SCH-grade-12427_cases.xml	0
cakrAyate	cakra1y(ate)	cakrāyate	cakrāyate	grade	12858	177-2	SCH-grade-12427_cases.xml	0
cakrita	cakrita	cakrita	cakrita	grade	12861	177-2	SCH-grade-12427_cases.xml	0
cakriBuj	cakribhuj	cakribhuj	cakribhuj	grade	12863	177-2	SCH-grade-12427_cases.xml	0
cakzuHprIti	caks2uh2pri1ti	cakṣuḥprīti	cakṣuḥprīti	grade	12866	177-2	SCH-grade-12427_cases.xml	0
cakzurvizaBujaMga	caks2urvis2abhujam2ga	cakṣurviṣabhujaṃga	cakṣurviṣabhujanga	grade	12868	177-2	SCH-grade-12427_cases.xml	0
cakzuvihInatva	caks2uvihi1natva	cakṣuvihīnatva	cakṣuvihīnatva	grade	12869	177-2	SCH-grade-12427_cases.xml	0
cakzuHSravas	caks2uh2s4ravas	cakṣuḥśravas	cakṣuḥśravas	grade	12870	177-2	SCH-grade-12427_cases.xml	0
caYcalataratva	can5calataratva	cañcalataratva	cancalataratva	grade	12878	177-3	SCH-grade-12427_cases.xml	0
caYcaladIDiti	can5caladi1dhiti	cañcaladīdhiti	cancaladīdhiti	grade	12879	177-3	SCH-grade-12427_cases.xml	0
caYcalIka	can5cali1ka	cañcalīka	cancalīka	grade	12880	177-3	SCH-grade-12427_cases.xml	0
caYcalIkfta	can5cali1kr2ta	cañcalīkṛta	cancalīkṛta	grade	12881	177-3	SCH-grade-12427_cases.xml	0
caYcApAYcajana	can5ca1pa1n5cajana	cañcāpāñcajana	cancāpāncajana	grade	12882	177-3	SCH-grade-12427_cases.xml	0
caYcAvezA	can5ca1ves2a1	cañcāveṣā	cancāveṣā	grade	12883	177-3	SCH-grade-12427_cases.xml	0
caYcuratA	can5curata1	cañcuratā	cancuratā	grade	12886	177-3	SCH-grade-12427_cases.xml	0
caYcUrti	can5cu1rti	cañcūrti	cancūrti	grade	12887	177-3	SCH-grade-12427_cases.xml	0
cawakavilasita	cat2akavilasita	caṭakavilasita	caṭakavilasita	grade	12889	177-3	SCH-grade-12427_cases.xml	0
cawakavilAsa	cat2akavila1sa	caṭakavilāsa	caṭakavilāsa	grade	12890	177-3	SCH-grade-12427_cases.xml	0
cawaccawarava	cat2accat2arava	caṭaccaṭarava	caṭaccaṭarava	grade	12892	177-3	SCH-grade-12427_cases.xml	0
cawatitIrTa	Cat2atiti1rtha	caṭatitīrtha	caṭatitīrtha	grade	12893	177-3	SCH-grade-12427_cases.xml	0
cawulAtilaka	cat2ula1tilaka	caṭulātilaka	caṭulātilaka	grade	12899	177-3	SCH-grade-12427_cases.xml	0
cawulI	cat2uli1	caṭulī	caṭulī	grade	12901	177-3	SCH-grade-12427_cases.xml	0
caqulI	cad2uli1	caḍulī	caḍulī	grade	12902	177-3	SCH-grade-12427_cases.xml	0
caQ	cad2h	caḍh	caḍh	grade	12903	178-1	SCH-grade-12427_cases.xml	0
caQana	cad2hana	caḍhana	caḍhana	grade	12904	178-1	SCH-grade-12427_cases.xml	0
caQAyana	cad2ha1yana	caḍhāyana	caḍhāyana	grade	12905	178-1	SCH-grade-12427_cases.xml	0
caRqadyuti	can2d2adyuti	caṇḍadyuti	canḍadyuti	grade	12908	178-1	SCH-grade-12427_cases.xml	0
caRqaBaNga	can2d2abhan3ga	caṇḍabhaṅga	canḍabhanga	grade	12910	178-1	SCH-grade-12427_cases.xml	0
caRqaBAva	can2d2abha1va	caṇḍabhāva	canḍabhāva	grade	12911	178-1	SCH-grade-12427_cases.xml	0
caRqaBAs	can2d2abha1s	caṇḍabhās	canḍabhās	grade	12912	178-1	SCH-grade-12427_cases.xml	0
caRqamayUKamAlin	can2d2amayu1khama1lin	caṇḍamayūkhamālin	canḍamayūkhamālin	grade	12914	178-1	SCH-grade-12427_cases.xml	0
caRqamAri	Can2d2ama1ri	caṇḍamāri	canḍamāri	grade	12916	178-1	SCH-grade-12427_cases.xml	0
caRqarasA	Can2d2arasa1	caṇḍarasā	canḍarasā	grade	12917	178-1	SCH-grade-12427_cases.xml	0
caRqaroci	can2d2aroci	caṇḍaroci	canḍaroci	grade	12918	178-1	SCH-grade-12427_cases.xml	0
caRqaSocis	can2d2as4ocis	caṇḍaśocis	canḍaśocis	grade	12919	178-1	SCH-grade-12427_cases.xml	0
caRqArcis	can2d2a1rcis	caṇḍārcis	canḍārcis	grade	12924	178-1	SCH-grade-12427_cases.xml	0
caRqita	can2d2ita	caṇḍita	canḍita	grade	12929	178-1	SCH-grade-12427_cases.xml	0
caRqeSvara	Can2d2es4vara	caṇḍeśvara	canḍeśvara	grade	12931	178-2	SCH-grade-12427_cases.xml	0
caturaNka	caturan3ka	caturaṅka	caturanka	grade	12935	178-2	SCH-grade-12427_cases.xml	0
caturaNgaPalaka	caturan3gaphalaka	caturaṅgaphalaka	caturangaphalaka	grade	12936	178-2	SCH-grade-12427_cases.xml	0
caturaNgamalla	Caturan3gamalla	caturaṅgamalla	caturangamalla	grade	12937	178-2	SCH-grade-12427_cases.xml	0
caturaNgamallatva	caturan3gamallatva	caturaṅgamallatva	caturangamallatva	grade	12938	178-2	SCH-grade-12427_cases.xml	0
caturaNgASvapadapUraRa	caturan3ga1s4vapadapu1ran2a	caturaṅgāśvapadapūraṇa	caturangāśvapadapūrana	grade	12939	178-2	SCH-grade-12427_cases.xml	0
caturacitta	caturacitta	caturacitta	caturacitta	grade	12941	178-2	SCH-grade-12427_cases.xml	0
caturaSravAna	caturas4rava1na	caturaśravāna	caturaśravāna	grade	12948	178-2	SCH-grade-12427_cases.xml	0
caturaSrikA	caturas4rika1	caturaśrikā	caturaśrikā	grade	12949	178-2	SCH-grade-12427_cases.xml	0
caturastrIkfta	caturastri1kr2ta	caturastrīkṛta	caturastrīkṛta	grade	12951	178-2	SCH-grade-12427_cases.xml	0
caturasratA	caturasrata1	caturasratā	caturasratā	grade	12953	178-2	SCH-grade-12427_cases.xml	0
caturasrAkzI	caturasra1ks2i1	caturasrākṣī	caturasrākṣī	grade	12954	178-2	SCH-grade-12427_cases.xml	0
caturgopura	caturgopura	caturgopura	caturgopura	grade	12958	178-3	SCH-grade-12427_cases.xml	0
caturdaSatattvArTasArasaMgraha	Caturdas4atattva1rthasa1rasam2graha	caturdaśatattvārthasārasaṃgraha	caturdaśatattvārthasārasangraha	grade	12962	178-3	SCH-grade-12427_cases.xml	0
caturdvinAlika	caturdvina1lika	caturdvinālika	caturdvinālika	grade	12967	178-3	SCH-grade-12427_cases.xml	0
caturBAgika	caturbha1gika	caturbhāgika	caturbhāgika	grade	12970	178-3	SCH-grade-12427_cases.xml	0
caturmuKavaravarRinI	Caturmukhavaravarn2ini1	caturmukhavaravarṇinī	caturmukhavaravarninī	grade	12975	178-3	SCH-grade-12427_cases.xml	0
caturvidyAgama	caturvidya1gama	caturvidyāgama	caturvidyāgama	grade	12987	179-1	SCH-grade-12427_cases.xml	0
candanamAlA	Candanama1la1	candanamālā	candanamālā	grade	13012	179-2	SCH-grade-12427_cases.xml	0
candanaSEla	candanas4aila	candanaśaila	candanaśaila	grade	13013	179-2	SCH-grade-12427_cases.xml	0
candanaSElarAja	candanas4ailara1ja	candanaśailarāja	candanaśailarāja	grade	13014	179-2	SCH-grade-12427_cases.xml	0
candanATa	Candana1tha	candanātha	candanātha	grade	13016	179-2	SCH-grade-12427_cases.xml	0
candrakandala	Candrakandala	candrakandala	candrakandala	grade	13021	179-2	SCH-grade-12427_cases.xml	0
candrakavala	candrakavala	candrakavala	candrakavala	grade	13023	179-2	SCH-grade-12427_cases.xml	0
candrakirIwa	candrakiri1t2a	candrakirīṭa	candrakirīṭa	grade	13025	179-3	SCH-grade-12427_cases.xml	0
candragrahila	candragrahila	candragrahila	candragrahila	grade	13028	179-3	SCH-grade-12427_cases.xml	0
candragrAvan	candragra1van	candragrāvan	candragrāvan	grade	13029	179-3	SCH-grade-12427_cases.xml	0
candradfzad	candradr2s2ad	candradṛṣad	candradṛṣad	grade	13032	179-3	SCH-grade-12427_cases.xml	0
candramati	Candramati	candramati	candramati	grade	13036	179-3	SCH-grade-12427_cases.xml	0
candraSiKa	candras4ikha	candraśikha	candraśikha	grade	13044	179-3	SCH-grade-12427_cases.xml	0
candraSiKAmaRi	candras4ikha1man2i	candraśikhāmaṇi	candraśikhāmani	grade	13045	179-3	SCH-grade-12427_cases.xml	0
candraSeKara	candras4ekhara	candraśekhara	candraśekhara	grade	13046	179-3	SCH-grade-12427_cases.xml	0
candrasuhfd	candrasuhr2d	candrasuhṛd	candrasuhṛd	grade	13048	179-3	SCH-grade-12427_cases.xml	0
candrAkAra	candra1ka1ra	candrākāra	candrākāra	grade	13052	180-1	SCH-grade-12427_cases.xml	0
candrAnanA	Candra1nana1	candrānanā	candrānanā	grade	13056	180-1	SCH-grade-12427_cases.xml	0
candrABaraRaBanDa	candra1bharan2abhandha	candrābharaṇabhandha	candrābharanabhandha	grade	13057	180-1	SCH-grade-12427_cases.xml	0
candrAyaka	candra1yaka	candrāyaka	candrāyaka	grade	13058	180-1	SCH-grade-12427_cases.xml	0
candrAyaRISa	candra1yan2i1s4a	candrāyaṇīśa	candrāyanīśa	grade	13059	180-1	SCH-grade-12427_cases.xml	0
candrArDacUla	candra1rdhacu1la	candrārdhacūla	candrārdhacūla	grade	13060	180-1	SCH-grade-12427_cases.xml	0
candrAvacUla	candra1vacu1la	candrāvacūla	candrāvacūla	grade	13061	180-1	SCH-grade-12427_cases.xml	0
candrAvataMsa	candra1vatam2sa	candrāvataṃsa	candrāvatansa	grade	13062	180-1	SCH-grade-12427_cases.xml	0
candrottaMsa	candrottam2sa	candrottaṃsa	candrottansa	grade	13069	180-1	SCH-grade-12427_cases.xml	0
candropaka	candropaka	candropaka	candropaka	grade	13071	180-1	SCH-grade-12427_cases.xml	0
candropakIkfta	candropaki1kr2ta	candropakīkṛta	candropakīkṛta	grade	13072	180-1	SCH-grade-12427_cases.xml	0
capalAyati	capala1y(ati)	capalāyati	capalāyati	grade	13077	180-1	SCH-grade-12427_cases.xml	0
camaraDAriRI	camaradha1rin2i1	camaradhāriṇī	camaradhārinī	grade	13083	180-2	SCH-grade-12427_cases.xml	0
camarasena	Camarasena	camarasena	camarasena	grade	13084	180-2	SCH-grade-12427_cases.xml	0
camarIruha	camari1ruha	camarīruha	camarīruha	grade	13086	180-2	SCH-grade-12427_cases.xml	0
camin	camin	camin	camin	grade	13087	180-2	SCH-grade-12427_cases.xml	0
camUBft	camu1bhr2t	camūbhṛt	camūbhṛt	grade	13090	180-2	SCH-grade-12427_cases.xml	0
camUyate	camu1y(ate)	camūyate	camūyate	grade	13091	180-2	SCH-grade-12427_cases.xml	0
caraRaguru	caran2aguru	caraṇaguru	caranaguru	grade	13109	180-3	SCH-grade-12427_cases.xml	0
caraRamalita	caran2amalita	caraṇamalita	caranamalita	grade	13112	180-3	SCH-grade-12427_cases.xml	0
caraRalaNGana	caran2alan3ghana	caraṇalaṅghana	caranalanghana	grade	13115	180-3	SCH-grade-12427_cases.xml	0
caramANga	carama1n3ga	caramāṅga	caramānga	grade	13121	180-3	SCH-grade-12427_cases.xml	0
caramArDaniravadya	carama1rdhaniravadya	caramārdhaniravadya	caramārdhaniravadya	grade	13123	181-1	SCH-grade-12427_cases.xml	0
caroka	caroka	caroka	caroka	grade	13129	181-1	SCH-grade-12427_cases.xml	0
carcarIvataMsa	Carcari1vatam2sa	carcarīvataṃsa	carcarīvatansa	grade	13134	181-1	SCH-grade-12427_cases.xml	0
carnakupakakana	carNakUpakakaNa	carnakupakakana	carnakupakakana	grade	13137	181-1	SCH-grade-12427_cases.xml	0
carmacakzus	carmacaks2us	carmacakṣus	carmacakṣus	grade	13139	181-1	SCH-grade-12427_cases.xml	0
carmawaka	carmat2aka	carmaṭaka	carmaṭaka	grade	13141	181-1	SCH-grade-12427_cases.xml	0
carmaputrikA	carmaputrika1	carmaputrikā	carmaputrikā	grade	13145	181-1	SCH-grade-12427_cases.xml	0
carmaPalaka	carmaphalaka	carmaphalaka	carmaphalaka	grade	13146	181-1	SCH-grade-12427_cases.xml	0
carmitaru	carmitaru	carmitaru	carmitaru	grade	13149	181-1	SCH-grade-12427_cases.xml	0
calacakzus	calacaks2us	calacakṣus	calacakṣus	grade	13154	181-2	SCH-grade-12427_cases.xml	0
calayantra	calayantra	calayantra	calayantra	grade	13156	181-2	SCH-grade-12427_cases.xml	0
calaveDya	calavedhya	calavedhya	calavedhya	grade	13157	181-2	SCH-grade-12427_cases.xml	0
calasTA	calastha1	calasthā	calasthā	grade	13158	181-2	SCH-grade-12427_cases.xml	0
calitaka	calitaka	calitaka	calitaka	grade	13161	181-2	SCH-grade-12427_cases.xml	0
cava	cava	cava	cava	grade	13165	181-2	SCH-grade-12427_cases.xml	0
cAkravAlika	Ca1krava1lika	cākravālika	cākravālika	grade	13171	181-2	SCH-grade-12427_cases.xml	0
cAciReSvara	Ca1cin2es4vara	cāciṇeśvara	cācineśvara	grade	13175	181-2	SCH-grade-12427_cases.xml	0
cAwukaPeluka	ca1t2ukapheluka	cāṭukapheluka	cāṭukapheluka	grade	13176	181-2	SCH-grade-12427_cases.xml	0
cAwumant	ca1t2umant	cāṭumant	cāṭumant	grade	13178	181-3	SCH-grade-12427_cases.xml	0
cAturASrama	ca1tura1s4rama	cāturāśrama	cāturāśrama	grade	13183	181-3	SCH-grade-12427_cases.xml	0
cAturikA	ca1turika1	cāturikā	cāturikā	grade	13184	181-3	SCH-grade-12427_cases.xml	0
cAturIyA	ca1turi1ya1	cāturīyā	cāturīyā	grade	13186	181-3	SCH-grade-12427_cases.xml	0
cAturgatika	ca1turgatika	cāturgatika	cāturgatika	grade	13187	181-3	SCH-grade-12427_cases.xml	0
cAturmasI	ca1turmasi1	cāturmasī	cāturmasī	grade	13191	181-3	SCH-grade-12427_cases.xml	0
cAturyatA	ca1turyata1	cāturyatā	cāturyatā	grade	13196	181-3	SCH-grade-12427_cases.xml	0
cAtUrAtrika	ca1tu1ra1trika	cātūrātrika	cātūrātrika	grade	13203	182-1	SCH-grade-12427_cases.xml	0
cAndrakAnta	ca1ndraka1nta	cāndrakānta	cāndrakānta	grade	13206	182-1	SCH-grade-12427_cases.xml	0
cAndrAyaRI	ca1ndra1yan2i1	cāndrāyaṇī	cāndrāyanī	grade	13208	182-1	SCH-grade-12427_cases.xml	0
cAndrAyiRI	ca1ndra1yin2i1	cāndrāyiṇī	cāndrāyinī	grade	13209	182-1	SCH-grade-12427_cases.xml	0
cApaBft	ca1pabhr2t	cāpabhṛt	cāpabhṛt	grade	13211	182-1	SCH-grade-12427_cases.xml	0
cApayoDin	ca1payodhin	cāpayodhin	cāpayodhin	grade	13213	182-1	SCH-grade-12427_cases.xml	0
cApaSarin	ca1pas4arin	cāpaśarin	cāpaśarin	grade	13215	182-1	SCH-grade-12427_cases.xml	0
cApita	ca1pita	cāpita	cāpita	grade	13216	182-1	SCH-grade-12427_cases.xml	0
cApewika	ca1pet2ika	cāpeṭika	cāpeṭika	grade	13217	182-1	SCH-grade-12427_cases.xml	0
cAmaraDft	ca1maradhr2t	cāmaradhṛt	cāmaradhṛt	grade	13221	182-1	SCH-grade-12427_cases.xml	0
cAmuRqAmuKA	ca1mun2d2a1mukha1	cāmuṇḍāmukhā	cāmunḍāmukhā	grade	13224	182-1	SCH-grade-12427_cases.xml	0
cAraRatA	ca1ran2ata1	cāraṇatā	cāranatā	grade	13228	182-2	SCH-grade-12427_cases.xml	0
cAraRaBAwa	ca1ran2abha1t2a	cāraṇabhāṭa	cāranabhāṭa	grade	13229	182-2	SCH-grade-12427_cases.xml	0
cAraRA	ca1ran2a1	cāraṇā	cāranā	grade	13230	182-2	SCH-grade-12427_cases.xml	0
cAruBawa	ca1rubhat2a	cārubhaṭa	cārubhaṭa	grade	13239	182-2	SCH-grade-12427_cases.xml	0
cArumanta	ca1rumanta	cārumanta	cārumanta	grade	13240	182-2	SCH-grade-12427_cases.xml	0
cArvakzara	ca1rvaks2ara	cārvakṣara	cārvakṣara	grade	13245	182-2	SCH-grade-12427_cases.xml	0
cArvAkArin	ca1rva1ka1rin	cārvākārin	cārvākārin	grade	13246	182-2	SCH-grade-12427_cases.xml	0
cikitsAtantra	Cikitsa1tantra	cikitsātantra	cikitsātantra	grade	13254	182-3	SCH-grade-12427_cases.xml	0
cikira	cikira	cikira	cikira	grade	13256	182-3	SCH-grade-12427_cases.xml	0
cikuraBaNgI	cikurabhan3gi1	cikurabhaṅgī	cikurabhangī	grade	13259	182-3	SCH-grade-12427_cases.xml	0
cikva	cikva	cikva	cikva	grade	13262	182-3	SCH-grade-12427_cases.xml	0
cikza	ciks2a	cikṣa	cikṣa	grade	13264	182-3	SCH-grade-12427_cases.xml	0
ciYcinikA	cin5cinika1	ciñcinikā	cincinikā	grade	13268	182-3	SCH-grade-12427_cases.xml	0
citicakra	citicakra	citicakra	citicakra	grade	13271	182-3	SCH-grade-12427_cases.xml	0
citiBUmi	citibhu1mi	citibhūmi	citibhūmi	grade	13272	182-3	SCH-grade-12427_cases.xml	0
cittajanus	cittajanus	cittajanus	cittajanus	grade	13276	183-1	SCH-grade-12427_cases.xml	0
cittAtmatA	citta1tmata1	cittātmatā	cittātmatā	grade	13284	183-1	SCH-grade-12427_cases.xml	0
cittva	cittva	cittva	cittva	grade	13287	183-1	SCH-grade-12427_cases.xml	0
citpramAtar	citprama1tar	citpramātar	citpramātar	grade	13288	183-1	SCH-grade-12427_cases.xml	0
citradayitA	citradayita1	citradayitā	citradayitā	grade	13299	183-2	SCH-grade-12427_cases.xml	0
citrapiNgala	citrapin3gala	citrapiṅgala	citrapingala	grade	13302	183-2	SCH-grade-12427_cases.xml	0
citraprayoga	citraprayoga	citraprayoga	citraprayoga	grade	13303	183-2	SCH-grade-12427_cases.xml	0
citrapriyA	citrapriya1	citrapriyā	citrapriyā	grade	13304	183-2	SCH-grade-12427_cases.xml	0
citraleKa	Citralekha	citralekha	citralekha	grade	13309	183-2	SCH-grade-12427_cases.xml	0
citrAMSuka	citra1m2s4uka	citrāṃśuka	citrānśuka	grade	13312	183-2	SCH-grade-12427_cases.xml	0
cidEkAtmya	cidaika1tmya	cidaikātmya	cidaikātmya	grade	13323	183-3	SCH-grade-12427_cases.xml	0
cidEkya	cidaikya	cidaikya	cidaikya	grade	13324	183-3	SCH-grade-12427_cases.xml	0
cidgaganacarI	cidgaganacari1	cidgaganacarī	cidgaganacarī	grade	13325	183-3	SCH-grade-12427_cases.xml	0
cidBiwa	cidbhit2a	cidbhiṭa	cidbhiṭa	grade	13327	183-3	SCH-grade-12427_cases.xml	0
cintAparatA	cinta1parata1	cintāparatā	cintāparatā	grade	13330	183-3	SCH-grade-12427_cases.xml	0
cintAmaRIyamAna	cinta1man2i1yama1na	cintāmaṇīyamāna	cintāmanīyamāna	grade	13333	183-3	SCH-grade-12427_cases.xml	0
cintAyaka	cinta1yaka	cintāyaka	cintāyaka	grade	13334	183-3	SCH-grade-12427_cases.xml	0
cimicimAyate	cimicima1y(ate)	cimicimāyate	cimicimāyate	grade	13337	183-3	SCH-grade-12427_cases.xml	0
cimiya	cimiya	cimiya	cimiya	grade	13338	183-3	SCH-grade-12427_cases.xml	0
ciracela	ciracela	ciracela	ciracela	grade	13340	183-3	SCH-grade-12427_cases.xml	0
cirantanatA	cirantanata1	cirantanatā	cirantanatā	grade	13344	183-3	SCH-grade-12427_cases.xml	0
cirapaTika	cirapathika	cirapathika	cirapathika	grade	13345	183-3	SCH-grade-12427_cases.xml	0
ciravalla	ciravalla	ciravalla	ciravalla	grade	13349	184-1	SCH-grade-12427_cases.xml	0
cirikalla	Cirikalla	cirikalla	cirikalla	grade	13352	184-1	SCH-grade-12427_cases.xml	0
cirBawika	cirbhat2ika	cirbhaṭika	cirbhaṭika	grade	13355	184-1	SCH-grade-12427_cases.xml	0
cirBiwI	cirbhit2i1	cirbhiṭī	cirbhiṭī	grade	13357	184-1	SCH-grade-12427_cases.xml	0
cilIcima	cili1cima	cilīcima	cilīcima	grade	13358	184-1	SCH-grade-12427_cases.xml	0
cillImant	cilli1mant	cillīmant	cillīmant	grade	13361	184-1	SCH-grade-12427_cases.xml	0
cIwI	ci1t2i1	cīṭī	cīṭī	grade	13362	184-1	SCH-grade-12427_cases.xml	0
citkArin	citka1rin	citkārin	citkārin	grade	13363	184-1	SCH-grade-12427_cases.xml	0
cInasI	ci1nasi1	cīnasī	cīnasī	grade	13366	184-1	SCH-grade-12427_cases.xml	0
cIravant	ci1ravant	cīravant	cīravant	grade	13368	184-1	SCH-grade-12427_cases.xml	0
cIvariRI	ci1varin2i1	cīvariṇī	cīvarinī	grade	13371	184-1	SCH-grade-12427_cases.xml	0
cuNkAra	Cun3ka1ra	cuṅkāra	cunkāra	grade	13374	184-2	SCH-grade-12427_cases.xml	0
cucUlikA	cucu1lika1	cucūlikā	cucūlikā	grade	13376	184-2	SCH-grade-12427_cases.xml	0
cuYcuvAlukA	cun5cuva1luka1	cuñcuvālukā	cuncuvālukā	grade	13378	184-2	SCH-grade-12427_cases.xml	0
cuRwana	cun2t2ana	cuṇṭana	cunṭana	grade	13381	184-2	SCH-grade-12427_cases.xml	0
cumbitaka	cumbitaka	cumbitaka	cumbitaka	grade	13389	184-2	SCH-grade-12427_cases.xml	0
culukIkaraRa	culuki1karan2a	culukīkaraṇa	culukīkarana	grade	13395	184-3	SCH-grade-12427_cases.xml	0
culUkIputra	culu1ki1putra	culūkīputra	culūkīputra	grade	13397	184-3	SCH-grade-12427_cases.xml	0
cUcaka	cu1caka	cūcaka	cūcaka	grade	13402	184-3	SCH-grade-12427_cases.xml	0
cUtaBaYjikA	cu1tabhan5jika1	cūtabhañjikā	cūtabhanjikā	grade	13410	184-3	SCH-grade-12427_cases.xml	0
cUrRakaraRa	cu1rn2akaran2a	cūrṇakaraṇa	cūrnakarana	grade	13413	185-1	SCH-grade-12427_cases.xml	0
cUzayate	cu1s2ay(ate)	cūṣayate	cūṣayate	grade	13426	185-1	SCH-grade-12427_cases.xml	0
cetaHSilA	cetah2s4ila1	cetaḥśilā	cetaḥśilā	grade	13434	185-1	SCH-grade-12427_cases.xml	0
cetovAsa	cetova1sa	cetovāsa	cetovāsa	grade	13439	185-2	SCH-grade-12427_cases.xml	0
ceyakarma	ceyakarma	ceyakarma	ceyakarma	grade	13442	185-2	SCH-grade-12427_cases.xml	0
cerama	Cerama	cerama	cerama	grade	13443	185-2	SCH-grade-12427_cases.xml	0
celanaka	celanaka	celanaka	celanaka	grade	13445	185-2	SCH-grade-12427_cases.xml	0
celAlopam	cela1lopam	celālopam	celālopam	grade	13446	185-2	SCH-grade-12427_cases.xml	0
celinI	Celini1	celinī	celinī	grade	13447	185-2	SCH-grade-12427_cases.xml	0
cellamabollana	cella(ma)bollana	cellamabollana	cellamabollana	grade	13448	185-2	SCH-grade-12427_cases.xml	0
cEtyakarma	caityakarma	caityakarma	caityakarma	grade	13455	185-2	SCH-grade-12427_cases.xml	0
coNkaka	con3kaka	coṅkaka	conkaka	grade	13462	185-3	SCH-grade-12427_cases.xml	0
copawa	copat2a	copaṭa	copaṭa	grade	13466	185-3	SCH-grade-12427_cases.xml	0
corarajjuka	corarajjuka	corarajjuka	corarajjuka	grade	13470	185-3	SCH-grade-12427_cases.xml	0
corarajjU	corarajju1	corarajjū	corarajjū	grade	13471	185-3	SCH-grade-12427_cases.xml	0
corin	corin	corin	corin	grade	13472	185-3	SCH-grade-12427_cases.xml	0
cORQya	caun2d2hya	cauṇḍhya	caunḍhya	grade	13479	185-3	SCH-grade-12427_cases.xml	0
cOracCattra	cauracchattra	cauracchattra	cauracchattra	grade	13482	185-3	SCH-grade-12427_cases.xml	0
cOlUkeya	caulu1keya	caulūkeya	caulūkeya	grade	13486	186-1	SCH-grade-12427_cases.xml	0
CagalAjIvana	chagala1ji1vana	chagalājīvana	chagalājīvana	grade	13496	186a-1	SCH-grade-12427_cases.xml	0
CagikADara	chagika1dhara	chagikādhara	chagikādhara	grade	13499	186a-1	SCH-grade-12427_cases.xml	0
Cawaka	chat2aka	chaṭaka	chaṭaka	grade	13500	186a-1	SCH-grade-12427_cases.xml	0
Cawakita	chat2akita	chaṭakita	chaṭakita	grade	13501	186a-1	SCH-grade-12427_cases.xml	0
CawAyate	chat2a1y(ate)	chaṭāyate	chaṭāyate	grade	13502	186a-1	SCH-grade-12427_cases.xml	0
CattrakarI	chattrakari1	chattrakarī	chattrakarī	grade	13506	186a-1	SCH-grade-12427_cases.xml	0
Cattrodaka	chattrodaka	chattrodaka	chattrodaka	grade	13508	186a-1	SCH-grade-12427_cases.xml	0
CattropakAraka	chattropaka1raka	chattropakāraka	chattropakāraka	grade	13509	186a-1	SCH-grade-12427_cases.xml	0
Cadmagfha	chadmagr2ha	chadmagṛha	chadmagṛha	grade	13517	186a-2	SCH-grade-12427_cases.xml	0
CandAnuvartana	chanda1nuvartana	chandānuvartana	chandānuvartana	grade	13525	186a-2	SCH-grade-12427_cases.xml	0
CannakAma	channaka1ma	channakāma	channakāma	grade	13530	186a-3	SCH-grade-12427_cases.xml	0
Caraka	charaka	charaka	charaka	grade	13533	186a-3	SCH-grade-12427_cases.xml	0
CalIBUta	chali1bhu1ta	chalībhūta	chalībhūta	grade	13539	186a-3	SCH-grade-12427_cases.xml	0
CAgalaDenu	cha1galadhenu	chāgaladhenu	chāgaladhenu	grade	13545	186a-3	SCH-grade-12427_cases.xml	0
CAtkAra	cha1tka1ra	chātkāra	chātkāra	grade	13549	186a-3	SCH-grade-12427_cases.xml	0
CAttraSAlA	cha1ttras4a1la1	chāttraśālā	chāttraśālā	grade	13550	187-1	SCH-grade-12427_cases.xml	0
CAndya	cha1ndya	chāndya	chāndya	grade	13551	187-1	SCH-grade-12427_cases.xml	0
CAyAgata	cha1ya1gata	chāyāgata	chāyāgata	grade	13553	187-1	SCH-grade-12427_cases.xml	0
CAyAgrAhin	cha1ya1gra1hin	chāyāgrāhin	chāyāgrāhin	grade	13554	187-1	SCH-grade-12427_cases.xml	0
CAyApAdapa	cha1ya1pa1dapa	chāyāpādapa	chāyāpādapa	grade	13557	187-1	SCH-grade-12427_cases.xml	0
CAyApOruza	cha1ya1paurus2a	chāyāpauruṣa	chāyāpauruṣa	grade	13559	187-1	SCH-grade-12427_cases.xml	0
CAlA	cha1la1	chālā	chālā	grade	13563	187-2	SCH-grade-12427_cases.xml	0
CinnapAdin	chinnapa1din	chinnapādin	chinnapādin	grade	13569	187-2	SCH-grade-12427_cases.xml	0
CimpikA	chimpika1	chimpikā	chimpikā	grade	13574	187-2	SCH-grade-12427_cases.xml	0
CukAra	Chuka1ra	chukāra	chukāra	grade	13575	187-2	SCH-grade-12427_cases.xml	0
Cuww	chut2t2	chuṭṭ	chuṭṭ	grade	13577	187-3	SCH-grade-12427_cases.xml	0
Cupana	chupana	chupana	chupana	grade	13579	187-3	SCH-grade-12427_cases.xml	0
Cupi	chupi	chupi	chupi	grade	13580	187-3	SCH-grade-12427_cases.xml	0
Curitaka	churitaka	churitaka	churitaka	grade	13585	187-3	SCH-grade-12427_cases.xml	0
jagajjananI	jagajjanani1	jagajjananī	jagajjananī	grade	13589	187a-1	SCH-grade-12427_cases.xml	0
jagatISa	jagati1s4a	jagatīśa	jagatīśa	grade	13593	187a-2	SCH-grade-12427_cases.xml	0
jagDikA	jagdhika1	jagdhikā	jagdhikā	grade	13601	188-1	SCH-grade-12427_cases.xml	0
jaGanaroha	jaghanaroha	jaghanaroha	jaghanaroha	grade	13604	188-1	SCH-grade-12427_cases.xml	0
jaGanePala	jaghanephala	jaghanephala	jaghanephala	grade	13605	188-1	SCH-grade-12427_cases.xml	0
jaGanyatva	jaghanyatva	jaghanyatva	jaghanyatva	grade	13607	188-1	SCH-grade-12427_cases.xml	0
jaNGAcArika	Jan3gha1ca1rika	jaṅghācārika	janghācārika	grade	13611	188-1	SCH-grade-12427_cases.xml	0
jaNGArika	jan3gha1rika	jaṅghārika	janghārika	grade	13612	188-1	SCH-grade-12427_cases.xml	0
jawana	jat2ana	jaṭana	jaṭana	grade	13615	188-1	SCH-grade-12427_cases.xml	0
jawIkfta	jat2i1kr2ta	jaṭīkṛta	jaṭīkṛta	grade	13628	188-2	SCH-grade-12427_cases.xml	0
jaWarita	jat2harita	jaṭharita	jaṭharita	grade	13630	188-2	SCH-grade-12427_cases.xml	0
jaqagati	jad2agati	jaḍagati	jaḍagati	grade	13632	188-2	SCH-grade-12427_cases.xml	0
jaqagu	jad2agu	jaḍagu	jaḍagu	grade	13633	188-2	SCH-grade-12427_cases.xml	0
jaqaja	jad2aja	jaḍaja	jaḍaja	grade	13634	188-2	SCH-grade-12427_cases.xml	0
jaqatejas	jad2atejas	jaḍatejas	jaḍatejas	grade	13636	188-2	SCH-grade-12427_cases.xml	0
jaqadIDiti	jad2adi1dhiti	jaḍadīdhiti	jaḍadīdhiti	grade	13637	188-2	SCH-grade-12427_cases.xml	0
jaqaniDi	jad2anidhi	jaḍanidhi	jaḍanidhi	grade	13638	188-2	SCH-grade-12427_cases.xml	0
jaqaprIti	jad2apri1ti	jaḍaprīti	jaḍaprīti	grade	13640	188-2	SCH-grade-12427_cases.xml	0
jaqaraSmi	jad2aras4mi	jaḍaraśmi	jaḍaraśmi	grade	13641	188-2	SCH-grade-12427_cases.xml	0
jaqASaya	jad2a1s4aya	jaḍāśaya	jaḍāśaya	grade	13643	188-2	SCH-grade-12427_cases.xml	0
jaqASraya	jad2a1s4raya	jaḍāśraya	jaḍāśraya	grade	13644	188-2	SCH-grade-12427_cases.xml	0
jaqimatA	jad2imata1	jaḍimatā	jaḍimatā	grade	13646	188-2	SCH-grade-12427_cases.xml	0
janakaBakza	janakabhaks2a	janakabhakṣa	janakabhakṣa	grade	13651	188-3	SCH-grade-12427_cases.xml	0
janakaBuvan	janakabhuvan	janakabhuvan	janakabhuvan	grade	13652	188-3	SCH-grade-12427_cases.xml	0
janakayajYasTAna	Janakayajn5astha1na	janakayajñasthāna	janakayajnasthāna	grade	13653	188-3	SCH-grade-12427_cases.xml	0
janapakti	janapakti	janapakti	janapakti	grade	13660	188-3	SCH-grade-12427_cases.xml	0
janAntam	jana1ntam	janāntam	janāntam	grade	13670	188-3	SCH-grade-12427_cases.xml	0
jantuketu	Jantuketu	jantuketu	jantuketu	grade	13677	189-1	SCH-grade-12427_cases.xml	0
janyAsatA	janya1sata1	janyāsatā	janyāsatā	grade	13692	189-1	SCH-grade-12427_cases.xml	0
japamAlAyate	japama1la1y(ate)	japamālāyate	japamālāyate	grade	13694	189-1	SCH-grade-12427_cases.xml	0
jambAlaka	jamba1laka	jambālaka	jambālaka	grade	13696	189-2	SCH-grade-12427_cases.xml	0
jambAlita	jamba1lita	jambālita	jambālita	grade	13697	189-2	SCH-grade-12427_cases.xml	0
jambukI	jambuki1	jambukī	jambukī	grade	13699	189-2	SCH-grade-12427_cases.xml	0
jambUlakzman	jambu1laks2man	jambūlakṣman	jambūlakṣman	grade	13701	189-2	SCH-grade-12427_cases.xml	0
jayakumAra	jayakuma1ra	jayakumāra	jayakumāra	grade	13711	189-2	SCH-grade-12427_cases.xml	0
jayanaSAlA	jayanas4a1la1	jayanaśālā	jayanaśālā	grade	13715	189-2	SCH-grade-12427_cases.xml	0
jayapawwaka	jayapat2t2aka	jayapaṭṭaka	jayapaṭṭaka	grade	13718	189-2	SCH-grade-12427_cases.xml	0
jayabanDa	jayabandha	jayabandha	jayabandha	grade	13720	189-3	SCH-grade-12427_cases.xml	0
jayahaya	jayahaya	jayahaya	jayahaya	grade	13725	189-3	SCH-grade-12427_cases.xml	0
jayeSa	jayes4a	jayeśa	jayeśa	grade	13727	189-3	SCH-grade-12427_cases.xml	0
jaradgu	jaradgu	jaradgu	jaradgu	grade	13732	189-3	SCH-grade-12427_cases.xml	0
jarAsa	jara1sa	jarāsa	jarāsa	grade	13734	189-3	SCH-grade-12427_cases.xml	0
jarAsaMDavErin	Jara1sam2dhavairin	jarāsaṃdhavairin	jarāsandhavairin	grade	13735	189-3	SCH-grade-12427_cases.xml	0
jarjaray	jarjaray	jarjaray	jarjaray	grade	13740	189-3	SCH-grade-12427_cases.xml	0
jalakaRqU	jalakan2d2u1	jalakaṇḍū	jalakanḍū	grade	13743	189-3	SCH-grade-12427_cases.xml	0
jalakarin	jalakarin	jalakarin	jalakarin	grade	13745	189-3	SCH-grade-12427_cases.xml	0
jalakuYjara	jalakun5jara	jalakuñjara	jalakunjara	grade	13748	190-1	SCH-grade-12427_cases.xml	0
jalakelivilAsa	jalakelivila1sa	jalakelivilāsa	jalakelivilāsa	grade	13750	190-1	SCH-grade-12427_cases.xml	0
jalagaja	jalagaja	jalagaja	jalagaja	grade	13751	190-1	SCH-grade-12427_cases.xml	0
jalagrAha	jalagra1ha	jalagrāha	jalagrāha	grade	13752	190-1	SCH-grade-12427_cases.xml	0
jalacUrRa	jalacu1rn2a	jalacūrṇa	jalacūrna	grade	13754	190-1	SCH-grade-12427_cases.xml	0
jalacora	jalacora	jalacora	jalacora	grade	13755	190-1	SCH-grade-12427_cases.xml	0
jalaJaraRa	jalajharan2a	jalajharaṇa	jalajharana	grade	13758	190-1	SCH-grade-12427_cases.xml	0
jaladantin	jaladantin	jaladantin	jaladantin	grade	13760	190-1	SCH-grade-12427_cases.xml	0
jalaDI	jaladhi1	jaladhī	jaladhī	grade	13765	190-1	SCH-grade-12427_cases.xml	0
jalaniDIyati	jalanidhi1y(ati)	jalanidhīyati	jalanidhīyati	grade	13768	190-1	SCH-grade-12427_cases.xml	0
jalanilaya	jalanilaya	jalanilaya	jalanilaya	grade	13769	190-1	SCH-grade-12427_cases.xml	0
jalanIka	jalani1ka	jalanīka	jalanīka	grade	13770	190-1	SCH-grade-12427_cases.xml	0
jalamanuja	jalamanuja	jalamanuja	jalamanuja	grade	13777	190-2	SCH-grade-12427_cases.xml	0
jalayAnapAtra	jalaya1napa1tra	jalayānapātra	jalayānapātra	grade	13782	190-2	SCH-grade-12427_cases.xml	0
jalayoga	jalayoga	jalayoga	jalayoga	grade	13783	190-2	SCH-grade-12427_cases.xml	0
jalavAhinI	Jalava1hini1	jalavāhinī	jalavāhinī	grade	13788	190-2	SCH-grade-12427_cases.xml	0
jalasaraRi	jalasaran2i	jalasaraṇi	jalasarani	grade	13792	190-2	SCH-grade-12427_cases.xml	0
jalASva	jala1s4va	jalāśva	jalāśva	grade	13795	190-2	SCH-grade-12427_cases.xml	0
jaliman	jaliman	jaliman	jaliman	grade	13796	190-2	SCH-grade-12427_cases.xml	0
jaleja	jaleja	jaleja	jaleja	grade	13797	190-3	SCH-grade-12427_cases.xml	0
jalpAkatA	jalpa1kata1	jalpākatā	jalpākatā	grade	13801	190-3	SCH-grade-12427_cases.xml	0
javatA	javata1	javatā	javatā	grade	13804	190-3	SCH-grade-12427_cases.xml	0
javaBAj	javabha1j	javabhāj	javabhāj	grade	13808	190-3	SCH-grade-12427_cases.xml	0
javam	javam	javam	javam	grade	13809	190-3	SCH-grade-12427_cases.xml	0
javAnI	java1ni1	javānī	javānī	grade	13811	190-3	SCH-grade-12427_cases.xml	0
javIBAva	javi1bha1va	javībhāva	javībhāva	grade	13813	190-3	SCH-grade-12427_cases.xml	0
jAGana	ja1ghana	jāghana	jāghana	grade	13820	190-3	SCH-grade-12427_cases.xml	0
jANgalIvid	ja1n3gali1vid	jāṅgalīvid	jāngalīvid	grade	13825	190-3	SCH-grade-12427_cases.xml	0
jAwAmAMsI	ja1t2a1ma1m2si1	jāṭāmāṃsī	jāṭāmānsī	grade	13827	191-1	SCH-grade-12427_cases.xml	0
jAtakavid	ja1takavid	jātakavid	jātakavid	grade	13831	191-1	SCH-grade-12427_cases.xml	0
jAtakriyA	ja1takriya1	jātakriyā	jātakriyā	grade	13833	191-1	SCH-grade-12427_cases.xml	0
jAtikA	ja1tika1	jātikā	jātikā	grade	13843	191-1	SCH-grade-12427_cases.xml	0
jAtipattraka	ja1tipattraka	jātipattraka	jātipattraka	grade	13845	191-1	SCH-grade-12427_cases.xml	0
jAtipattrikA	ja1tipattrika1	jātipattrikā	jātipattrikā	grade	13846	191-1	SCH-grade-12427_cases.xml	0
jAtismfti	ja1tismr2ti	jātismṛti	jātismṛti	grade	13848	191-1	SCH-grade-12427_cases.xml	0
jAtIvarRa	ja1ti1varn2a	jātīvarṇa	jātīvarna	grade	13851	191-2	SCH-grade-12427_cases.xml	0
jAtyantarita	ja1tyantarita	jātyantarita	jātyantarita	grade	13852	191-2	SCH-grade-12427_cases.xml	0
jAnukUrpara	ja1nuku1rpara	jānukūrpara	jānukūrpara	grade	13861	191-2	SCH-grade-12427_cases.xml	0
jAnuBaNga	ja1nubhan3ga	jānubhaṅga	jānubhanga	grade	13862	191-2	SCH-grade-12427_cases.xml	0
jAnuBaYjanI	ja1nubhan5jani1	jānubhañjanī	jānubhanjanī	grade	13863	191-2	SCH-grade-12427_cases.xml	0
jAnuBaYjinI	ja1nubhan5jini1	jānubhañjinī	jānubhanjinī	grade	13864	191-2	SCH-grade-12427_cases.xml	0
jAmbavABa	ja1mbava1bha	jāmbavābha	jāmbavābha	grade	13874	191-2	SCH-grade-12427_cases.xml	0
jAyAvant	ja1ya1vant	jāyāvant	jāyāvant	grade	13877	191-3	SCH-grade-12427_cases.xml	0
jAli	ja1li	jāli	jāli	grade	13885	191-3	SCH-grade-12427_cases.xml	0
jAlita	ja1lita	jālita	jālita	grade	13888	191-3	SCH-grade-12427_cases.xml	0
jAlUTa	Ja1lu1tha	jālūtha	jālūtha	grade	13892	191-3	SCH-grade-12427_cases.xml	0
jiGitsA	jighitsa1	jighitsā	jighitsā	grade	13899	191-3	SCH-grade-12427_cases.xml	0
jitakAsin	jitaka1sin	jitakāsin	jitakāsin	grade	13903	192-1	SCH-grade-12427_cases.xml	0
jinendradatta	Jinendradatta	jinendradatta	jinendradatta	grade	13908	192-1	SCH-grade-12427_cases.xml	0
jinendraBakta	Jinendrabhakta	jinendrabhakta	jinendrabhakta	grade	13909	192-1	SCH-grade-12427_cases.xml	0
jimini	Jimini	jimini	jimini	grade	13910	192-1	SCH-grade-12427_cases.xml	0
jizRusUri	Jis2n2usu1ri	jiṣṇusūri	jiṣnusūri	grade	13912	192-1	SCH-grade-12427_cases.xml	0
jihatsu	jihatsu	jihatsu	jihatsu	grade	13913	192-1	SCH-grade-12427_cases.xml	0
jihmyamAna	jihmyama1na	jihmyamāna	jihmyamāna	grade	13918	192-1	SCH-grade-12427_cases.xml	0
jihvAyudDa	jihva1yuddha	jihvāyuddha	jihvāyuddha	grade	13920	192-1	SCH-grade-12427_cases.xml	0
jImUtapraBa	ji1mu1taprabha	jīmūtaprabha	jīmūtaprabha	grade	13925	192-1	SCH-grade-12427_cases.xml	0
jIvakA	ji1vaka1	jīvakā	jīvakā	grade	13931	192-2	SCH-grade-12427_cases.xml	0
jIvadAyin	ji1vada1yin	jīvadāyin	jīvadāyin	grade	13940	192-2	SCH-grade-12427_cases.xml	0
jIvAjIva	ji1va1ji1va	jīvājīva	jīvājīva	grade	13955	192-3	SCH-grade-12427_cases.xml	0
jIvAyakaSfNga	ji1va1yakas4r2n3ga	jīvāyakaśṛṅga	jīvāyakaśṛnga	grade	13958	192-3	SCH-grade-12427_cases.xml	0
jfmBitaka	jr2mbhitaka	jṛmbhitaka	jṛmbhitaka	grade	13976	193-1	SCH-grade-12427_cases.xml	0
jeRa	jen2a	jeṇa	jena	grade	13977	193-1	SCH-grade-12427_cases.xml	0
joNganI	jon3gani1	joṅganī	jonganī	grade	13985	193-1	SCH-grade-12427_cases.xml	0
jozaDizaRa	jos2adhis2an2a	joṣadhiṣaṇa	joṣadhiṣana	grade	13989	193-1	SCH-grade-12427_cases.xml	0
jYAnaSakti	jn5a1nas4akti	jñānaśakti	jnānaśakti	grade	14004	193-2	SCH-grade-12427_cases.xml	0
jYAyakatva	jn5a1yakatva	jñāyakatva	jnāyakatva	grade	14008	193-2	SCH-grade-12427_cases.xml	0
jyotIrasaka	jyoti1rasaka	jyotīrasaka	jyotīrasaka	grade	14041	194-1	SCH-grade-12427_cases.xml	0
jyotIrasASman	jyoti1rasa1s4man	jyotīrasāśman	jyotīrasāśman	grade	14042	194-1	SCH-grade-12427_cases.xml	0
jyotkAra	jyotka1ra	jyotkāra	jyotkāra	grade	14043	194-1	SCH-grade-12427_cases.xml	0
jvAlAmuKabanDa	jva1la1[mukha]bandha	jvālāmukhabandha	jvālāmukhabandha	grade	14054	194-3	SCH-grade-12427_cases.xml	0
jvAlAlAYCana	jva1la1la1n5chana	jvālālāñchana	jvālālānchana	grade	14055	194-3	SCH-grade-12427_cases.xml	0
Jakawaka	jhakat2aka	jhakaṭaka	jhakaṭaka	grade	14058	194a-1	SCH-grade-12427_cases.xml	0
JakawakasAra	Jhakat2akasa1ra	jhakaṭakasāra	jhakaṭakasāra	grade	14059	194a-1	SCH-grade-12427_cases.xml	0
JaRajJaRiti	jhan2ajjhan2(iti)	jhaṇajjhaṇiti	jhanajjhaniti	grade	14064	194a-1	SCH-grade-12427_cases.xml	0
JaRajJaRa	jhan2ajjhan2a	jhaṇajjhaṇa	jhanajjhana	grade	14065	194a-1	SCH-grade-12427_cases.xml	0
JaRaJaRatkAra	jhan2ajhan2atka1ra	jhaṇajhaṇatkāra	jhanajhanatkāra	grade	14067	194a-1	SCH-grade-12427_cases.xml	0
JaRaJaRAraRita	jhan2ajhan2a1ran2ita	jhaṇajhaṇāraṇita	jhanajhanāranita	grade	14069	194a-1	SCH-grade-12427_cases.xml	0
JaRatkArita	jhan2atka1rita	jhaṇatkārita	jhanatkārita	grade	14070	194a-1	SCH-grade-12427_cases.xml	0
Jamp	jhamp	jhamp	jhamp	grade	14071	194a-1	SCH-grade-12427_cases.xml	0
Jampati	jhampati	jhampati	jhampati	grade	14072	194a-1	SCH-grade-12427_cases.xml	0
JampAna	jhampa1na	jhampāna	jhampāna	grade	14074	194a-2	SCH-grade-12427_cases.xml	0
Jampiti	jhampiti	jhampiti	jhampiti	grade	14075	194a-2	SCH-grade-12427_cases.xml	0
JaraNka	jharan3ka	jharaṅka	jharanka	grade	14078	194a-2	SCH-grade-12427_cases.xml	0
JaraRa	jharan2a	jharaṇa	jharana	grade	14079	194a-2	SCH-grade-12427_cases.xml	0
Jazaketu	jhas2aketu	jhaṣaketu	jhaṣaketu	grade	14086	194a-2	SCH-grade-12427_cases.xml	0
JazaniDi	jhas2anidhi	jhaṣanidhi	jhaṣanidhi	grade	14087	194a-2	SCH-grade-12427_cases.xml	0
Jazalakzman	jhas2alaks2man	jhaṣalakṣman	jhaṣalakṣman	grade	14088	194a-2	SCH-grade-12427_cases.xml	0
JazAvacUla	jhas2a1vacu1la	jhaṣāvacūla	jhaṣāvacūla	grade	14090	194a-2	SCH-grade-12427_cases.xml	0
JAMkArita	jha1m2ka1rita	jhāṃkārita	jhānkārita	grade	14092	194a-3	SCH-grade-12427_cases.xml	0
JAMkfti	jha1m2kr2ti	jhāṃkṛti	jhānkṛti	grade	14095	194a-3	SCH-grade-12427_cases.xml	0
JAwkfta	jha1t2kr2ta	jhāṭkṛta	jhāṭkṛta	grade	14097	194a-3	SCH-grade-12427_cases.xml	0
JolikA	jholika1	jholikā	jholikā	grade	14105	194a-3	SCH-grade-12427_cases.xml	0
waMkfti	t2am2kr2ti	ṭaṃkṛti	ṭankṛti	grade	14113	195-1	SCH-grade-12427_cases.xml	0
waharita	t2aharita	ṭaharita	ṭaharita	grade	14116	195-1	SCH-grade-12427_cases.xml	0
wAMkAray	t2a1m2ka1ray	ṭāṃkāray	ṭānkāray	grade	14118	195-1	SCH-grade-12427_cases.xml	0
wANkArin	t2a1n3ka1rin	ṭāṅkārin	ṭānkārin	grade	14119	195-1	SCH-grade-12427_cases.xml	0
wAMkfti	t2a1m2kr2ti	ṭāṃkṛti	ṭānkṛti	grade	14120	195-1	SCH-grade-12427_cases.xml	0
wikkaqauvAla	T2ikkad2au0va1la	ṭikkaḍauvāla	ṭikkaḍauvāla	grade	14123	195-1	SCH-grade-12427_cases.xml	0
wiriwillita	t2irit2illita	ṭiriṭillita	ṭiriṭillita	grade	14126	195-2	SCH-grade-12427_cases.xml	0
wuppikA	t2uppika1	ṭuppikā	ṭuppikā	grade	14128	195-2	SCH-grade-12427_cases.xml	0
Waka	t2haka	ṭhaka	ṭhaka	grade	14129	195-2	SCH-grade-12427_cases.xml	0
WaWAtkAra	t2hat2ha1tka1ra	ṭhaṭhātkāra	ṭhaṭhātkāra	grade	14131	195-2	SCH-grade-12427_cases.xml	0
qaNkArin	d2an3ka1rin	ḍaṅkārin	ḍankārin	grade	14135	195-2	SCH-grade-12427_cases.xml	0
qambarika	d2ambarika	ḍambarika	ḍambarika	grade	14137	195-2	SCH-grade-12427_cases.xml	0
qamBodBava	D2ambhodbhava	ḍambhodbhava	ḍambhodbhava	grade	14139	195-2	SCH-grade-12427_cases.xml	0
qAmarita	d2a1marita	ḍāmarita	ḍāmarita	grade	14143	195-2	SCH-grade-12427_cases.xml	0
qimBavat	d2imbhavat	ḍimbhavat	ḍimbhavat	grade	14152	195-3	SCH-grade-12427_cases.xml	0
QOkanaka	d2haukanaka	ḍhaukanaka	ḍhaukanaka	grade	14164	195-3	SCH-grade-12427_cases.xml	0
QOkanikA	d2haukanika1	ḍhaukanikā	ḍhaukanikā	grade	14165	195-3	SCH-grade-12427_cases.xml	0
taNkita	tan3kita	taṅkita	tankita	grade	14175	196-1	SCH-grade-12427_cases.xml	0
tajjAta	tajja1ta	tajjāta	tajjāta	grade	14178	196-1	SCH-grade-12427_cases.xml	0
tajjAtika	tajja1tika	tajjātika	tajjātika	grade	14179	196-1	SCH-grade-12427_cases.xml	0
tajjIvana	tajji1vana	tajjīvana	tajjīvana	grade	14180	196-1	SCH-grade-12427_cases.xml	0
tawatawAyate	tat2atat2a1yate	taṭataṭāyate	taṭataṭāyate	grade	14183	196-1	SCH-grade-12427_cases.xml	0
tawaBewaka	tat2abhet2aka	taṭabheṭaka	taṭabheṭaka	grade	14185	196-1	SCH-grade-12427_cases.xml	0
tawamudruja	tat2amudruja	taṭamudruja	taṭamudruja	grade	14186	196-1	SCH-grade-12427_cases.xml	0
tawaruha	tat2aruha	taṭaruha	taṭaruha	grade	14187	196-1	SCH-grade-12427_cases.xml	0
tawikA	tat2ika1	taṭikā	taṭikā	grade	14190	196-1	SCH-grade-12427_cases.xml	0
tawid	tat2id	taṭid	taṭid	grade	14191	196-1	SCH-grade-12427_cases.xml	0
tawIDara	tat2i1dhara	taṭīdhara	taṭīdhara	grade	14192	196-1	SCH-grade-12427_cases.xml	0
tawIDra	tat2i1dhra	taṭīdhra	taṭīdhra	grade	14193	196-1	SCH-grade-12427_cases.xml	0
taqataqAyate	tad2atad2a1yate	taḍataḍāyate	taḍataḍāyate	grade	14194	196-1	SCH-grade-12427_cases.xml	0
taqattaqiti	tad2attad2(iti)	taḍattaḍiti	taḍattaḍiti	grade	14195	196-1	SCH-grade-12427_cases.xml	0
taqikArgala	tad2ika1rgala	taḍikārgala	taḍikārgala	grade	14197	196-2	SCH-grade-12427_cases.xml	0
taRqana	tan2d2ana	taṇḍana	tanḍana	grade	14201	196-2	SCH-grade-12427_cases.xml	0
tatavAha	tatava1ha	tatavāha	tatavāha	grade	14205	196-2	SCH-grade-12427_cases.xml	0
tatkAyika	tatka1yika	tatkāyika	tatkāyika	grade	14210	196-2	SCH-grade-12427_cases.xml	0
tatpuruzatva	tatpurus2atva	tatpuruṣatva	tatpuruṣatva	grade	14217	196-2	SCH-grade-12427_cases.xml	0
taTAvasTAna	tatha1vastha1na	tathāvasthāna	tathāvasthāna	grade	14233	196-3	SCH-grade-12427_cases.xml	0
taTAsTita	tatha1sthita	tathāsthita	tathāsthita	grade	14236	196-3	SCH-grade-12427_cases.xml	0
taTyagir	tathyagir	tathyagir	tathyagir	grade	14237	196-3	SCH-grade-12427_cases.xml	0
tadGawa	tadghat2a	tadghaṭa	tadghaṭa	grade	14247	197-1	SCH-grade-12427_cases.xml	0
tanana	tanana	tanana	tanana	grade	14264	197-1	SCH-grade-12427_cases.xml	0
tanujanin	tanujanin	tanujanin	tanujanin	grade	14268	197-2	SCH-grade-12427_cases.xml	0
tanUdvaha	tanu1dvaha	tanūdvaha	tanūdvaha	grade	14276	197-2	SCH-grade-12427_cases.xml	0
tanUruharAji	tanu1ruhara1ji	tanūruharāji	tanūruharāji	grade	14277	197-2	SCH-grade-12427_cases.xml	0
tantrIpawahikA	tantri1pat2ahika1	tantrīpaṭahikā	tantrīpaṭahikā	grade	14287	197-2	SCH-grade-12427_cases.xml	0
tandula	tandula	tandula	tandula	grade	14289	197-2	SCH-grade-12427_cases.xml	0
tanmayIBU	tanmayi1bhu1	tanmayībhū	tanmayībhū	grade	14294	197-3	SCH-grade-12427_cases.xml	0
tapatapanakAla	tapatapanaka1la	tapatapanakāla	tapatapanakāla	grade	14302	197-3	SCH-grade-12427_cases.xml	0
tapanaduhitf	tapanaduhitr2	tapanaduhitṛ	tapanaduhitṛ	grade	14304	197-3	SCH-grade-12427_cases.xml	0
tapanaSilA	tapanas4ila1	tapanaśilā	tapanaśilā	grade	14306	197-3	SCH-grade-12427_cases.xml	0
tapasviBUpa	tapasvibhu1pa	tapasvibhūpa	tapasvibhūpa	grade	14313	197-3	SCH-grade-12427_cases.xml	0
taptAMSu	tapta1m2s4u	taptāṃśu	taptānśu	grade	14317	198-1	SCH-grade-12427_cases.xml	0
tamastra	tamastra	tamastra	tamastra	grade	14327	198-1	SCH-grade-12427_cases.xml	0
tamasyate	tamasyate	tamasyate	tamasyate	grade	14328	198-1	SCH-grade-12427_cases.xml	0
tamAlita	tama1lita	tamālita	tamālita	grade	14332	198-1	SCH-grade-12427_cases.xml	0
tamIkuwumba	tami1kut2umba	tamīkuṭumba	tamīkuṭumba	grade	14334	198-1	SCH-grade-12427_cases.xml	0
tamIjIvAtu	tami1ji1va1tu	tamījīvātu	tamījīvātu	grade	14335	198-1	SCH-grade-12427_cases.xml	0
tamInATa	tami1na1tha	tamīnātha	tamīnātha	grade	14336	198-1	SCH-grade-12427_cases.xml	0
tamIBujaMga	tami1bhujam2ga	tamībhujaṃga	tamībhujanga	grade	14337	198-1	SCH-grade-12427_cases.xml	0
tamIvallaBa	tami1vallabha	tamīvallabha	tamīvallabha	grade	14338	198-1	SCH-grade-12427_cases.xml	0
tamoda	tamoda	tamoda	tamoda	grade	14341	198-1	SCH-grade-12427_cases.xml	0
tamorAti	tamora1ti	tamorāti	tamorāti	grade	14345	198-1	SCH-grade-12427_cases.xml	0
tarakzurakzas	taraks2uraks2as	tarakṣurakṣas	tarakṣurakṣas	grade	14351	198-2	SCH-grade-12427_cases.xml	0
taraNgaraNga	taran3garan3ga	taraṅgaraṅga	tarangaranga	grade	14352	198-2	SCH-grade-12427_cases.xml	0
taraNgaraNgaka	taran3garan3gaka	taraṅgaraṅgaka	tarangarangaka	grade	14353	198-2	SCH-grade-12427_cases.xml	0
taraNgAy	taran3ga1y	taraṅgāy	tarangāy	grade	14354	198-2	SCH-grade-12427_cases.xml	0
taraNgitadfS	taran3gitadr2s4	taraṅgitadṛś	tarangitadṛś	grade	14355	198-2	SCH-grade-12427_cases.xml	0
taraMgiman	taram2giman	taraṃgiman	tarangiman	grade	14356	198-2	SCH-grade-12427_cases.xml	0
taraMgeha	taram2geha	taraṃgeha	tarangeha	grade	14357	198-2	SCH-grade-12427_cases.xml	0
taraRitIriRI	Taran2iti1rin2i1	taraṇitīriṇī	taranitīrinī	grade	14359	198-2	SCH-grade-12427_cases.xml	0
taraRimaRi	taran2iman2i	taraṇimaṇi	taranimani	grade	14360	198-2	SCH-grade-12427_cases.xml	0
taradeya	taradeya	taradeya	taradeya	grade	14364	198-2	SCH-grade-12427_cases.xml	0
taralapratibanDaka	taralapratibandha(ka)	taralapratibandhaka	taralapratibandhaka	grade	14366	198-2	SCH-grade-12427_cases.xml	0
taralAkzI	tarala1ks2i1	taralākṣī	taralākṣī	grade	14367	198-2	SCH-grade-12427_cases.xml	0
taralIkf	tarali1kr2	taralīkṛ	taralīkṛ	grade	14369	198-3	SCH-grade-12427_cases.xml	0
taralIBAva	tarali1bha1va	taralībhāva	taralībhāva	grade	14370	198-3	SCH-grade-12427_cases.xml	0
tarAtyaya	tara1tyaya	tarātyaya	tarātyaya	grade	14374	198-3	SCH-grade-12427_cases.xml	0
tarIcara	tari1cara	tarīcara	tarīcara	grade	14377	198-3	SCH-grade-12427_cases.xml	0
taruRIlIlAvilAsa	Tarun2i1li1la1vila1sa	taruṇīlīlāvilāsa	tarunīlīlāvilāsa	grade	14381	198-3	SCH-grade-12427_cases.xml	0
tarumat	tarumat	tarumat	tarumat	grade	14383	198-3	SCH-grade-12427_cases.xml	0
taruhariRa	taruharin2a	taruhariṇa	taruharina	grade	14384	198-3	SCH-grade-12427_cases.xml	0
tarpa	tarpa	tarpa	tarpa	grade	14390	198-3	SCH-grade-12427_cases.xml	0
tarzin	tars2in	tarṣin	tarṣin	grade	14394	199-1	SCH-grade-12427_cases.xml	0
talavargIya	talavargi1ya	talavargīya	talavargīya	grade	14402	199-1	SCH-grade-12427_cases.xml	0
talAvapAta	tala1vapa1ta	talāvapāta	talāvapāta	grade	14407	199-1	SCH-grade-12427_cases.xml	0
talicCaka	talicchaka	talicchaka	talicchaka	grade	14410	199-1	SCH-grade-12427_cases.xml	0
talpalA	talpala1	talpalā	talpalā	grade	14414	199-1	SCH-grade-12427_cases.xml	0
tavargabanDa	tavargabandha	tavargabandha	tavargabandha	grade	14419	199-2	SCH-grade-12427_cases.xml	0
tAwaNkati	ta1t2an3kati	tāṭaṅkati	tāṭankati	grade	14426	199-2	SCH-grade-12427_cases.xml	0
tAqinI	ta1d2ini1	tāḍinī	tāḍinī	grade	14433	199-2	SCH-grade-12427_cases.xml	0
tARqavacaRqISa	Ta1n2d2avacan2d2i1s4a	tāṇḍavacaṇḍīśa	tānḍavacanḍīśa	grade	14436	199-2	SCH-grade-12427_cases.xml	0
tARqavana	ta1n2d2avana	tāṇḍavana	tānḍavana	grade	14437	199-2	SCH-grade-12427_cases.xml	0
tAdAtmika	ta1da1tmika	tādātmika	tādātmika	grade	14447	199-3	SCH-grade-12427_cases.xml	0
tAdAtvika	ta1da1tvika	tādātvika	tādātvika	grade	14448	199-3	SCH-grade-12427_cases.xml	0
tAnaka	ta1naka	tānaka	tānaka	grade	14450	199-3	SCH-grade-12427_cases.xml	0
tAmarasalocanA	ta1marasalocana1	tāmarasalocanā	tāmarasalocanā	grade	14463	200-1	SCH-grade-12427_cases.xml	0
tAmarasAkza	ta1marasa1ks2a	tāmarasākṣa	tāmarasākṣa	grade	14464	200-1	SCH-grade-12427_cases.xml	0
tAmarasinI	ta1marasini1	tāmarasinī	tāmarasinī	grade	14465	200-1	SCH-grade-12427_cases.xml	0
tAmalipti	Ta1malipti	tāmalipti	tāmalipti	grade	14467	200-1	SCH-grade-12427_cases.xml	0
tAmasadfS	ta1masadr2s4	tāmasadṛś	tāmasadṛś	grade	14469	200-1	SCH-grade-12427_cases.xml	0
tAmita	ta1mita	tāmita	tāmita	grade	14471	200-1	SCH-grade-12427_cases.xml	0
tAmbUlalatA	ta1mbu1lalata1	tāmbūlalatā	tāmbūlalatā	grade	14472	200-1	SCH-grade-12427_cases.xml	0
tAmracUla	ta1mracu1la	tāmracūla	tāmracūla	grade	14475	200-1	SCH-grade-12427_cases.xml	0
tAmranudI	ta1mranudi1	tāmranudī	tāmranudī	grade	14477	200-1	SCH-grade-12427_cases.xml	0
tAmraparRika	Ta1mraparn2ika	tāmraparṇika	tāmraparnika	grade	14478	200-1	SCH-grade-12427_cases.xml	0
tAmrapItaka	ta1mrapi1taka	tāmrapītaka	tāmrapītaka	grade	14479	200-1	SCH-grade-12427_cases.xml	0
tAmrarUpa	ta1mraru1pa	tāmrarūpa	tāmrarūpa	grade	14480	200-1	SCH-grade-12427_cases.xml	0
tArakamfga	ta1rakamr2ga	tārakamṛga	tārakamṛga	grade	14488	200-2	SCH-grade-12427_cases.xml	0
tArakarAja	ta1rakara1ja	tārakarāja	tārakarāja	grade	14489	200-2	SCH-grade-12427_cases.xml	0
tArakAntakAra	Ta1raka1ntaka1ra	tārakāntakāra	tārakāntakāra	grade	14492	200-2	SCH-grade-12427_cases.xml	0
tArakASrayaRa	ta1raka1s4rayan2a	tārakāśrayaṇa	tārakāśrayana	grade	14493	200-2	SCH-grade-12427_cases.xml	0
tArakiraRa	ta1rakiran2a	tārakiraṇa	tārakirana	grade	14495	200-2	SCH-grade-12427_cases.xml	0
tAraNga	ta1ran3ga	tāraṅga	tāranga	grade	14497	200-2	SCH-grade-12427_cases.xml	0
tArahAra	ta1raha1ra	tārahāra	tārahāra	grade	14500	200-2	SCH-grade-12427_cases.xml	0
tArADiBU	ta1ra1dhibhu1	tārādhibhū	tārādhibhū	grade	14501	200-2	SCH-grade-12427_cases.xml	0
tArApatana	ta1ra1patana	tārāpatana	tārāpatana	grade	14503	200-2	SCH-grade-12427_cases.xml	0
tAreSvara	ta1res4vara	tāreśvara	tāreśvara	grade	14509	200-2	SCH-grade-12427_cases.xml	0
tArodya	ta1rodya	tārodya	tārodya	grade	14510	200-2	SCH-grade-12427_cases.xml	0
tArkikavESezika	ta1rkikavais4es2ika	tārkikavaiśeṣika	tārkikavaiśeṣika	grade	14511	200-2	SCH-grade-12427_cases.xml	0
tArkzyamudrA	ta1rks2yamudra1	tārkṣyamudrā	tārkṣyamudrā	grade	14512	200-3	SCH-grade-12427_cases.xml	0
tArkzyavidyA	ta1rks2yavidya1	tārkṣyavidyā	tārkṣyavidyā	grade	14513	200-3	SCH-grade-12427_cases.xml	0
tArkzyIya	ta1rks2yi1ya	tārkṣyīya	tārkṣyīya	grade	14514	200-3	SCH-grade-12427_cases.xml	0
tArRagfha	ta1rn2agr2ha	tārṇagṛha	tārnagṛha	grade	14516	200-3	SCH-grade-12427_cases.xml	0
tArRasa	ta1rn2asa	tārṇasa	tārnasa	grade	14517	200-3	SCH-grade-12427_cases.xml	0
tAlamUla	ta1lamu1la	tālamūla	tālamūla	grade	14527	200-3	SCH-grade-12427_cases.xml	0
tAlavfntaputtalikA	ta1lavr2ntaputtalika1	tālavṛntaputtalikā	tālavṛntaputtalikā	grade	14529	200-3	SCH-grade-12427_cases.xml	0
tAlAvacAra	ta1la1vaca1ra	tālāvacāra	tālāvacāra	grade	14530	200-3	SCH-grade-12427_cases.xml	0
tigmatviz	tigmatvis2	tigmatviṣ	tigmatviṣ	grade	14540	201-1	SCH-grade-12427_cases.xml	0
tigmaBAnu	tigmabha1nu	tigmabhānu	tigmabhānu	grade	14542	201-1	SCH-grade-12427_cases.xml	0
tigmamarIci	tigmamari1ci	tigmamarīci	tigmamarīci	grade	14544	201-1	SCH-grade-12427_cases.xml	0
tigmaroci	tigmaroci	tigmaroci	tigmaroci	grade	14546	201-1	SCH-grade-12427_cases.xml	0
tiRqukerI	tin2d2ukeri1	tiṇḍukerī	tinḍukerī	grade	14548	201-1	SCH-grade-12427_cases.xml	0
tiTin	tithin	tithin	tithin	grade	14551	201-1	SCH-grade-12427_cases.xml	0
tintiRIkA	tintin2i1ka1	tintiṇīkā	tintinīkā	grade	14553	201-1	SCH-grade-12427_cases.xml	0
tindukeri	tindukeri	tindukeri	tindukeri	grade	14558	201-1	SCH-grade-12427_cases.xml	0
tindukerI	tindukeri1	tindukerī	tindukerī	grade	14559	201-1	SCH-grade-12427_cases.xml	0
timiradruh	timiradruh	timiradruh	timiradruh	grade	14566	201-2	SCH-grade-12427_cases.xml	0
timirASin	timira1s4in	timirāśin	timirāśin	grade	14569	201-2	SCH-grade-12427_cases.xml	0
timunta	[°timunta	timunta	timunta	grade	14572	201-2	SCH-grade-12427_cases.xml	0
tiraScInatA	tiras4ci1nata1	tiraścīnatā	tiraścīnatā	grade	14575	201-2	SCH-grade-12427_cases.xml	0
tiraskAraka	tiraska1raka	tiraskāraka	tiraskāraka	grade	14577	201-2	SCH-grade-12427_cases.xml	0
tiraskftAyamAna	tiraskr2ta1yama1na	tiraskṛtāyamāna	tiraskṛtāyamāna	grade	14580	201-2	SCH-grade-12427_cases.xml	0
tiroga	tiroga	tiroga	tiroga	grade	14583	201-2	SCH-grade-12427_cases.xml	0
tiryakkf	tiryakkr2	tiryakkṛ	tiryakkṛ	grade	14585	201-2	SCH-grade-12427_cases.xml	0
tiryaggatin	tiryaggatin	tiryaggatin	tiryaggatin	grade	14591	201-2	SCH-grade-12427_cases.xml	0
tilakati	tilakati	tilakati	tilakati	grade	14596	201-3	SCH-grade-12427_cases.xml	0
tilakIkfta	tilaki1kr2ta	tilakīkṛta	tilakīkṛta	grade	14598	201-3	SCH-grade-12427_cases.xml	0
tilataRqula	tilatan2d2ula	tilataṇḍula	tilatanḍula	grade	14600	201-3	SCH-grade-12427_cases.xml	0
tilataRqulayita	tilatan2d2ulayita	tilataṇḍulayita	tilatanḍulayita	grade	14602	201-3	SCH-grade-12427_cases.xml	0
tilataRqulita	tilatan2d2ulita	tilataṇḍulita	tilatanḍulita	grade	14603	201-3	SCH-grade-12427_cases.xml	0
tilatA	tilata1	tilatā	tilatā	grade	14604	201-3	SCH-grade-12427_cases.xml	0
tilatuA	tilatua1	tilatuā	tilatuā	grade	14605	201-3	SCH-grade-12427_cases.xml	0
tilapiSla	tilapis4la	tilapiśla	tilapiśla	grade	14609	201-3	SCH-grade-12427_cases.xml	0
tilaSoBin	tilas4obhin	tilaśobhin	tilaśobhin	grade	14612	201-3	SCH-grade-12427_cases.xml	0
tilAhuti	tila1huti	tilāhuti	tilāhuti	grade	14613	201-3	SCH-grade-12427_cases.xml	0
tisira	tisira	tisira	tisira	grade	14617	201-3	SCH-grade-12427_cases.xml	0
tIkzRatviz	ti1ks2n2atvis2	tīkṣṇatviṣ	tīkṣnatviṣ	grade	14621	202-1	SCH-grade-12427_cases.xml	0
tIkzRaDAtu	ti1ks2n2adha1tu	tīkṣṇadhātu	tīkṣnadhātu	grade	14622	202-1	SCH-grade-12427_cases.xml	0
tIkzRaBAnu	ti1ks2n2abha1nu	tīkṣṇabhānu	tīkṣnabhānu	grade	14623	202-1	SCH-grade-12427_cases.xml	0
tIkzRavartman	ti1ks2n2avartman	tīkṣṇavartman	tīkṣnavartman	grade	14626	202-1	SCH-grade-12427_cases.xml	0
tIriRI	ti1rin2i1	tīriṇī	tīrinī	grade	14631	202-1	SCH-grade-12427_cases.xml	0
tIrTapuruza	ti1rthapurus2a	tīrthapuruṣa	tīrthapuruṣa	grade	14634	202-1	SCH-grade-12427_cases.xml	0
tIrTayAtrika	ti1rthaya1trika	tīrthayātrika	tīrthayātrika	grade	14635	202-1	SCH-grade-12427_cases.xml	0
tIrTodDAra	ti1rthoddha1ra	tīrthoddhāra	tīrthoddhāra	grade	14638	202-2	SCH-grade-12427_cases.xml	0
tIvraBAnu	ti1vrabha1nu	tīvrabhānu	tīvrabhānu	grade	14639	202-2	SCH-grade-12427_cases.xml	0
tIvraruci	ti1vraruci	tīvraruci	tīvraruci	grade	14640	202-2	SCH-grade-12427_cases.xml	0
tuNgaprakfti	tun3gaprakr2ti	tuṅgaprakṛti	tungaprakṛti	grade	14643	202-2	SCH-grade-12427_cases.xml	0
tucCIBU	tucchi1bhu1	tucchībhū	tucchībhū	grade	14644	202-2	SCH-grade-12427_cases.xml	0
tuYjeS	tun5jes4	tuñjeś	tunjeś	grade	14646	202-2	SCH-grade-12427_cases.xml	0
tuRqIra	tun2d2i1ra	tuṇḍīra	tunḍīra	grade	14650	202-2	SCH-grade-12427_cases.xml	0
tundIkfta	tundi1kr2ta	tundīkṛta	tundīkṛta	grade	14658	202-2	SCH-grade-12427_cases.xml	0
tumaguma	tumaguma	tumaguma	tumaguma	grade	14661	202-2	SCH-grade-12427_cases.xml	0
turagADipati	turaga1dhipati	turagādhipati	turagādhipati	grade	14666	202-3	SCH-grade-12427_cases.xml	0
turagADirUQaka	turaga1dhiru1d2haka	turagādhirūḍhaka	turagādhirūḍhaka	grade	14667	202-3	SCH-grade-12427_cases.xml	0
turagArohaRa	turaga1rohan2a	turagārohaṇa	turagārohana	grade	14668	202-3	SCH-grade-12427_cases.xml	0
turagAstaraRa	turaga1staran2a	turagāstaraṇa	turagāstarana	grade	14669	202-3	SCH-grade-12427_cases.xml	0
turaMgaPala	turam2gaphala	turaṃgaphala	turangaphala	grade	14672	202-3	SCH-grade-12427_cases.xml	0
turaMgamA	turam2gama1	turaṃgamā	turangamā	grade	14674	202-3	SCH-grade-12427_cases.xml	0
turaMgaSatru	turam2gas4atru	turaṃgaśatru	turangaśatru	grade	14676	202-3	SCH-grade-12427_cases.xml	0
turumba	turumba	turumba	turumba	grade	14678	202-3	SCH-grade-12427_cases.xml	0
tulAkowika	tula1kot2ika	tulākoṭika	tulākoṭika	grade	14681	202-3	SCH-grade-12427_cases.xml	0
tulAdaRqa	tula1dan2d2a	tulādaṇḍa	tulādanḍa	grade	14683	202-3	SCH-grade-12427_cases.xml	0
tulAraRa	tula1ran2a	tulāraṇa	tulārana	grade	14689	202-3	SCH-grade-12427_cases.xml	0
tulAvizama	tula1vis2ama	tulāviṣama	tulāviṣama	grade	14690	202-3	SCH-grade-12427_cases.xml	0
tulitAmara	tulita1mara	tulitāmara	tulitāmara	grade	14691	202-3	SCH-grade-12427_cases.xml	0
tulyaBojana	tulyabhojana	tulyabhojana	tulyabhojana	grade	14699	203-1	SCH-grade-12427_cases.xml	0
tuvaNka	tuvan3ka	tuvaṅka	tuvanka	grade	14703	203-1	SCH-grade-12427_cases.xml	0
tuvarataraNga	tuvarataran3ga	tuvarataraṅga	tuvarataranga	grade	14704	203-1	SCH-grade-12427_cases.xml	0
tuSita	tus4ita	tuśita	tuśita	grade	14705	203-1	SCH-grade-12427_cases.xml	0
tuzArakAla	tus2a1raka1la	tuṣārakāla	tuṣārakāla	grade	14708	203-1	SCH-grade-12427_cases.xml	0
tuzAraDAman	tus2a1radha1man	tuṣāradhāman	tuṣāradhāman	grade	14712	203-1	SCH-grade-12427_cases.xml	0
tuzAraBAs	tus2a1rabha1s	tuṣārabhās	tuṣārabhās	grade	14713	203-1	SCH-grade-12427_cases.xml	0
tuzAramarIci	tus2a1ramari1ci	tuṣāramarīci	tuṣāramarīci	grade	14714	203-1	SCH-grade-12427_cases.xml	0
tuzAramahas	tus2a1ramahas	tuṣāramahas	tuṣāramahas	grade	14715	203-1	SCH-grade-12427_cases.xml	0
tuzAraruc	tus2a1raruc	tuṣāraruc	tuṣāraruc	grade	14717	203-1	SCH-grade-12427_cases.xml	0
tuzAraruci	tus2a1raruci	tuṣāraruci	tuṣāraruci	grade	14718	203-1	SCH-grade-12427_cases.xml	0
tuzAravipakzaBAs	tus2a1ravipaks2abha1s	tuṣāravipakṣabhās	tuṣāravipakṣabhās	grade	14719	203-1	SCH-grade-12427_cases.xml	0
tuzwipradAna	tus2t2iprada1na	tuṣṭipradāna	tuṣṭipradāna	grade	14721	203-1	SCH-grade-12427_cases.xml	0
tuhinataru	tuhinataru	tuhinataru	tuhinataru	grade	14725	203-2	SCH-grade-12427_cases.xml	0
tuhinaBAs	tuhinabha1s	tuhinabhās	tuhinabhās	grade	14726	203-2	SCH-grade-12427_cases.xml	0
tuhinaruc	tuhinaruc	tuhinaruc	tuhinaruc	grade	14728	203-2	SCH-grade-12427_cases.xml	0
tuhinaruci	tuhinaruci	tuhinaruci	tuhinaruci	grade	14729	203-2	SCH-grade-12427_cases.xml	0
tuhinaSiKarin	tuhinas4ikharin	tuhinaśikharin	tuhinaśikharin	grade	14730	203-2	SCH-grade-12427_cases.xml	0
tuhinAMsumAlin	tuhina1m2suma1lin	tuhināṃsumālin	tuhinānsumālin	grade	14732	203-2	SCH-grade-12427_cases.xml	0
tuhinAyate	tuhina1y(ate)	tuhināyate	tuhināyate	grade	14733	203-2	SCH-grade-12427_cases.xml	0
tUravAdaka	tu1rava1daka	tūravādaka	tūravādaka	grade	14737	203-2	SCH-grade-12427_cases.xml	0
tUrin	tu1rin	tūrin	tūrin	grade	14738	203-2	SCH-grade-12427_cases.xml	0
tfkzAtmaja	Tr2ks2a1tmaja	tṛkṣātmaja	tṛkṣātmaja	grade	14756	203-3	SCH-grade-12427_cases.xml	0
tfRakAminI	tr2n2aka1mini1	tṛṇakāminī	tṛnakāminī	grade	14757	203-3	SCH-grade-12427_cases.xml	0
tfRapuruza	tr2n2apurus2a	tṛṇapuruṣa	tṛnapuruṣa	grade	14762	203-3	SCH-grade-12427_cases.xml	0
tfRamuKa	tr2n2amukha	tṛṇamukha	tṛnamukha	grade	14765	203-3	SCH-grade-12427_cases.xml	0
tfRasvAdin	tr2n2asva1din	tṛṇasvādin	tṛnasvādin	grade	14768	203-3	SCH-grade-12427_cases.xml	0
tfRAhAra	tr2n2a1ha1ra	tṛṇāhāra	tṛnāhāra	grade	14769	203-3	SCH-grade-12427_cases.xml	0
tfRIkAra	tr2n2i1ka1ra	tṛṇīkāra	tṛnīkāra	grade	14770	203-3	SCH-grade-12427_cases.xml	0
tftIyajvarin	tr2ti1yajvarin	tṛtīyajvarin	tṛtīyajvarin	grade	14773	203-3	SCH-grade-12427_cases.xml	0
tfzRatva	tr2s2n2atva	tṛṣṇatva	tṛṣnatva	grade	14776	204-1	SCH-grade-12427_cases.xml	0
tfzRABUti	tr2s2n2a1bhu1ti	tṛṣṇābhūti	tṛṣnābhūti	grade	14777	204-1	SCH-grade-12427_cases.xml	0
tfzRAlutA	tr2s2n2a1luta1	tṛṣṇālutā	tṛṣnālutā	grade	14778	204-1	SCH-grade-12427_cases.xml	0
tejojAtya	tejoja1tya	tejojātya	tejojātya	grade	14783	204-1	SCH-grade-12427_cases.xml	0
tEttala	taittala	taittala	taittala	grade	14791	204-1	SCH-grade-12427_cases.xml	0
tEraSca	tairas4ca	tairaśca	tairaśca	grade	14794	204-1	SCH-grade-12427_cases.xml	0
tElipa	Tailipa	tailipa	tailipa	grade	14797	204-1	SCH-grade-12427_cases.xml	0
tottar	tottar	tottar	tottar	grade	14798	204-1	SCH-grade-12427_cases.xml	0
tottropavAhya	tottropava1hya	tottropavāhya	tottropavāhya	grade	14800	204-2	SCH-grade-12427_cases.xml	0
totratA	totrata1	totratā	totratā	grade	14801	204-2	SCH-grade-12427_cases.xml	0
totrin	totrin	totrin	totrin	grade	14802	204-2	SCH-grade-12427_cases.xml	0
todaka	todaka	todaka	todaka	grade	14804	204-2	SCH-grade-12427_cases.xml	0
toyakarmAntika	toyakarma1ntika	toyakarmāntika	toyakarmāntika	grade	14806	204-2	SCH-grade-12427_cases.xml	0
toyajanetra	toyajanetra	toyajanetra	toyajanetra	grade	14807	204-2	SCH-grade-12427_cases.xml	0
toyaturaMgama	toyaturam2gama	toyaturaṃgama	toyaturangama	grade	14808	204-2	SCH-grade-12427_cases.xml	0
toyadartu	toyadartu	toyadartu	toyadartu	grade	14810	204-2	SCH-grade-12427_cases.xml	0
toyAntika	toya1ntika	toyāntika	toyāntika	grade	14812	204-2	SCH-grade-12427_cases.xml	0
toyenDanAnala	toyendhana1nala	toyendhanānala	toyendhanānala	grade	14813	204-2	SCH-grade-12427_cases.xml	0
toraRamAlA	toran2ama1la1	toraṇamālā	toranamālā	grade	14814	204-2	SCH-grade-12427_cases.xml	0
toraRamAlikA	toran2ama1lika1	toraṇamālikā	toranamālikā	grade	14815	204-2	SCH-grade-12427_cases.xml	0
toraRasraj	toran2asraj	toraṇasraj	toranasraj	grade	14816	204-2	SCH-grade-12427_cases.xml	0
tORika	taun2ika	tauṇika	taunika	grade	14817	204-2	SCH-grade-12427_cases.xml	0
tOrUpa	tauru1pa	taurūpa	taurūpa	grade	14819	204-2	SCH-grade-12427_cases.xml	0
tOlana	taulana	taulana	taulana	grade	14822	204-2	SCH-grade-12427_cases.xml	0
tyakza	tyaks2a	tyakṣa	tyakṣa	grade	14826	204-3	SCH-grade-12427_cases.xml	0
trapatA	trapata1	trapatā	trapatā	grade	14829	204-3	SCH-grade-12427_cases.xml	0
trapuDAtu	trapudha1tu	trapudhātu	trapudhātu	grade	14830	204-3	SCH-grade-12427_cases.xml	0
trayIkavi	trayi1kavi	trayīkavi	trayīkavi	grade	14833	204-3	SCH-grade-12427_cases.xml	0
trastatA	trastata1	trastatā	trastatā	grade	14836	204-3	SCH-grade-12427_cases.xml	0
trAsikA	tra1sika1	trāsikā	trāsikā	grade	14840	204-3	SCH-grade-12427_cases.xml	0
triMSadrAtra	trim2s4adra1tra	triṃśadrātra	trinśadrātra	grade	14842	204-3	SCH-grade-12427_cases.xml	0
trikapawa	trikapat2a	trikapaṭa	trikapaṭa	grade	14847	204-3	SCH-grade-12427_cases.xml	0
trikamata	trikamata	trikamata	trikamata	grade	14848	205-1	SCH-grade-12427_cases.xml	0
triguRita	trigun2ita	triguṇita	trigunita	grade	14854	205-1	SCH-grade-12427_cases.xml	0
tritAla	trita1la	tritāla	tritāla	grade	14859	205-1	SCH-grade-12427_cases.xml	0
tridaSa	Tridas4a	tridaśa	tridaśa	grade	14861	205-1	SCH-grade-12427_cases.xml	0
tridaSagiri	tridas4agiri	tridaśagiri	tridaśagiri	grade	14862	205-1	SCH-grade-12427_cases.xml	0
tridaSataraNgiRI	tridas4ataran3gin2i1	tridaśataraṅgiṇī	tridaśataranginī	grade	14863	205-1	SCH-grade-12427_cases.xml	0
tridaSanadI	tridas4anadi1	tridaśanadī	tridaśanadī	grade	14864	205-1	SCH-grade-12427_cases.xml	0
tridaSanirJariRI	tridas4anirjharin2i1	tridaśanirjhariṇī	tridaśanirjharinī	grade	14865	205-1	SCH-grade-12427_cases.xml	0
tridaSapuraMDri	tridas4apuram2dhri	tridaśapuraṃdhri	tridaśapurandhri	grade	14866	205-1	SCH-grade-12427_cases.xml	0
tridaSamahIDra	tridas4amahi1dhra	tridaśamahīdhra	tridaśamahīdhra	grade	14867	205-1	SCH-grade-12427_cases.xml	0
tridaSamuni	tridas4amuni	tridaśamuni	tridaśamuni	grade	14868	205-1	SCH-grade-12427_cases.xml	0
tridaSasarit	tridas4asarit	tridaśasarit	tridaśasarit	grade	14870	205-1	SCH-grade-12427_cases.xml	0
tridaSasudfS	tridas4asudr2s4	tridaśasudṛś	tridaśasudṛś	grade	14871	205-1	SCH-grade-12427_cases.xml	0
tridaSApagA	tridas4a1paga1	tridaśāpagā	tridaśāpagā	grade	14873	205-1	SCH-grade-12427_cases.xml	0
tridivataru	tridivataru	tridivataru	tridivataru	grade	14875	205-1	SCH-grade-12427_cases.xml	0
tridivadruma	tridivadruma	tridivadruma	tridivadruma	grade	14876	205-1	SCH-grade-12427_cases.xml	0
tridivanivAsa	tridivaniva1sa	tridivanivāsa	tridivanivāsa	grade	14877	205-1	SCH-grade-12427_cases.xml	0
tridivapaTa	tridivapatha	tridivapatha	tridivapatha	grade	14878	205-1	SCH-grade-12427_cases.xml	0
tridivaparvata	tridivaparvata	tridivaparvata	tridivaparvata	grade	14879	205-2	SCH-grade-12427_cases.xml	0
tridivaBid	tridivabhid	tridivabhid	tridivabhid	grade	14880	205-2	SCH-grade-12427_cases.xml	0
tridivayuvati	tridivayuvati	tridivayuvati	tridivayuvati	grade	14881	205-2	SCH-grade-12427_cases.xml	0
tridivasad	tridivasad	tridivasad	tridivasad	grade	14882	205-2	SCH-grade-12427_cases.xml	0
tridivastrI	tridivastri1	tridivastrī	tridivastrī	grade	14883	205-2	SCH-grade-12427_cases.xml	0
tridivAlaya	tridiva1laya	tridivālaya	tridivālaya	grade	14884	205-2	SCH-grade-12427_cases.xml	0
trinikAya	trinika1ya	trinikāya	trinikāya	grade	14890	205-2	SCH-grade-12427_cases.xml	0
trinetrAcala	Trinetra1cala	trinetrācala	trinetrācala	grade	14892	205-2	SCH-grade-12427_cases.xml	0
tripaYcaBAgika	tripan5cabha1gika	tripañcabhāgika	tripancabhāgika	grade	14896	205-2	SCH-grade-12427_cases.xml	0
tripOruzI	tripaurus2i1	tripauruṣī	tripauruṣī	grade	14914	205-3	SCH-grade-12427_cases.xml	0
triprakfti	triprakr2ti	triprakṛti	triprakṛti	grade	14916	205-3	SCH-grade-12427_cases.xml	0
triPalaka	triphalaka	triphalaka	triphalaka	grade	14918	205-3	SCH-grade-12427_cases.xml	0
triBaNgin	tribhan3gin	tribhaṅgin	tribhangin	grade	14921	205-3	SCH-grade-12427_cases.xml	0
triBAgamUla	tribha1gamu1la	tribhāgamūla	tribhāgamūla	grade	14923	205-3	SCH-grade-12427_cases.xml	0
triBuvanatilaka	Tribhuvanatilaka	tribhuvanatilaka	tribhuvanatilaka	grade	14924	205-3	SCH-grade-12427_cases.xml	0
triBuvananATa	tribhuvanana1tha	tribhuvananātha	tribhuvananātha	grade	14925	205-3	SCH-grade-12427_cases.xml	0
trimastaka	trimastaka	trimastaka	trimastaka	grade	14929	206-1	SCH-grade-12427_cases.xml	0
trimArgA	trima1rga1	trimārgā	trimārgā	grade	14931	206-1	SCH-grade-12427_cases.xml	0
triyugIRa	triyugi1n2a	triyugīṇa	triyugīna	grade	14940	206-1	SCH-grade-12427_cases.xml	0
trilokaBartf	trilokabhartr2	trilokabhartṛ	trilokabhartṛ	grade	14943	206-1	SCH-grade-12427_cases.xml	0
trilokIsad	triloki1sad	trilokīsad	trilokīsad	grade	14944	206-1	SCH-grade-12427_cases.xml	0
trivallIbanDa	trivalli1bandha	trivallībandha	trivallībandha	grade	14948	206-1	SCH-grade-12427_cases.xml	0
trividrava	trividrava	trividrava	trividrava	grade	14951	206-1	SCH-grade-12427_cases.xml	0
trivila	trivila	trivila	trivila	grade	14953	206-1	SCH-grade-12427_cases.xml	0
trivelI	triveli1	trivelī	trivelī	grade	14960	206-2	SCH-grade-12427_cases.xml	0
triSara	tris4ara	triśara	triśara	grade	14966	206-2	SCH-grade-12427_cases.xml	0
triSiKAyuDa	tris4ikha1yudha	triśikhāyudha	triśikhāyudha	grade	14968	206-2	SCH-grade-12427_cases.xml	0
triSUla	tris4u1la	triśūla	triśūla	grade	14969	206-2	SCH-grade-12427_cases.xml	0
triSUlaBErava	Tris4u1labhairava	triśūlabhairava	triśūlabhairava	grade	14970	206-2	SCH-grade-12427_cases.xml	0
triSfNgAra	tris4r2n3ga1ra	triśṛṅgāra	triśṛngāra	grade	14971	206-2	SCH-grade-12427_cases.xml	0
trisaMDimat	trisam2dhimat	trisaṃdhimat	trisandhimat	grade	14978	206-2	SCH-grade-12427_cases.xml	0
trisaraRa	trisaran2a	trisaraṇa	trisarana	grade	14980	206-2	SCH-grade-12427_cases.xml	0
trisarikA	trisarika1	trisarikā	trisarikā	grade	14981	206-3	SCH-grade-12427_cases.xml	0
trEdaSa	traidas4a	traidaśa	traidaśa	grade	14992	206-3	SCH-grade-12427_cases.xml	0
trowana	trot2ana	troṭana	troṭana	grade	14998	206-3	SCH-grade-12427_cases.xml	0
tvakkoca	tvakkoca	tvakkoca	tvakkoca	grade	15010	207-1	SCH-grade-12427_cases.xml	0
tvaktaraMga	tvaktaram2ga	tvaktaraṃga	tvaktaranga	grade	15011	207-1	SCH-grade-12427_cases.xml	0
tvaksaMkoca	tvaksam2koca	tvaksaṃkoca	tvaksankoca	grade	15012	207-1	SCH-grade-12427_cases.xml	0
tvaganusArin	tvaganusa1rin	tvaganusārin	tvaganusārin	grade	15013	207-1	SCH-grade-12427_cases.xml	0
tvazwaki	Tvas2t2aki	tvaṣṭaki	tvaṣṭaki	grade	15020	207-2	SCH-grade-12427_cases.xml	0
tvazwfkarman	tvas2t2r2karman	tvaṣṭṛkarman	tvaṣṭṛkarman	grade	15022	207-2	SCH-grade-12427_cases.xml	0
TAhaqa	Tha1had2a	thāhaḍa	thāhaḍa	grade	15027	207-3	SCH-grade-12427_cases.xml	0
daMSin	dam2s4in	daṃśin	danśin	grade	15033	207a-1	SCH-grade-12427_cases.xml	0
dakzadviz	Daks2advis2	dakṣadviṣ	dakṣadviṣ	grade	15044	207a-1	SCH-grade-12427_cases.xml	0
dakziRapaScima	daks2in2apas4cima	dakṣiṇapaścima	dakṣinapaścima	grade	15053	207a-2	SCH-grade-12427_cases.xml	0
dakziRamaTurA	Daks2in2amathura1	dakṣiṇamathurā	dakṣinamathurā	grade	15057	207a-2	SCH-grade-12427_cases.xml	0
dakziRavftti	daks2in2avr2tti	dakṣiṇavṛtti	dakṣinavṛtti	grade	15058	207a-2	SCH-grade-12427_cases.xml	0
dagDamuRqa	dagdhamun2d2a	dagdhamuṇḍa	dagdhamunḍa	grade	15073	208-1	SCH-grade-12427_cases.xml	0
daRqatA	dan2d2ata1	daṇḍatā	danḍatā	grade	15079	208-1	SCH-grade-12427_cases.xml	0
daRqapratikariRI	dan2d2apratikarin2i1	daṇḍapratikariṇī	danḍapratikarinī	grade	15085	208-1	SCH-grade-12427_cases.xml	0
daRqapratikartf	dan2d2apratikartr2	daṇḍapratikartṛ	danḍapratikartṛ	grade	15086	208-1	SCH-grade-12427_cases.xml	0
daRqayakzma	dan2d2ayaks2ma	daṇḍayakṣma	danḍayakṣma	grade	15089	208-1	SCH-grade-12427_cases.xml	0
daRqayitf	dan2d2ayitr2	daṇḍayitṛ	danḍayitṛ	grade	15090	208-1	SCH-grade-12427_cases.xml	0
daRqAntara	dan2d2a1ntara	daṇḍāntara	danḍāntara	grade	15095	208-2	SCH-grade-12427_cases.xml	0
daRqIyati	dan2d2i1y(ati)	daṇḍīyati	danḍīyati	grade	15096	208-2	SCH-grade-12427_cases.xml	0
dattakapAwa	dattakapa1t2a	dattakapāṭa	dattakapāṭa	grade	15099	208-2	SCH-grade-12427_cases.xml	0
dattaharza	dattahars2a	dattaharṣa	dattaharṣa	grade	15100	208-2	SCH-grade-12427_cases.xml	0
dattAvakASIkfta	datta1vaka1s4i1kr2ta	dattāvakāśīkṛta	dattāvakāśīkṛta	grade	15102	208-2	SCH-grade-12427_cases.xml	0
daDimanTinI	dadhimanthini1	dadhimanthinī	dadhimanthinī	grade	15110	208-2	SCH-grade-12427_cases.xml	0
danujAnta	danuja1nta	danujānta	danujānta	grade	15115	208-2	SCH-grade-12427_cases.xml	0
danutanuja	danutanuja	danutanuja	danutanuja	grade	15116	208-2	SCH-grade-12427_cases.xml	0
danuBU	danubhu1	danubhū	danubhū	grade	15117	208-2	SCH-grade-12427_cases.xml	0
dantakARqa	dantaka1n2d2a	dantakāṇḍa	dantakānḍa	grade	15119	208-3	SCH-grade-12427_cases.xml	0
dantakoza	dantakos2a	dantakoṣa	dantakoṣa	grade	15120	208-3	SCH-grade-12427_cases.xml	0
dantakzata	dantaks2ata	dantakṣata	dantakṣata	grade	15121	208-3	SCH-grade-12427_cases.xml	0
dantaKaRqita	dantakhan2d2ita	dantakhaṇḍita	dantakhanḍita	grade	15122	208-3	SCH-grade-12427_cases.xml	0
dantacCeda	dantaccheda	dantaccheda	dantaccheda	grade	15124	208-3	SCH-grade-12427_cases.xml	0
dantatantrI	dantatantri1	dantatantrī	dantatantrī	grade	15125	208-3	SCH-grade-12427_cases.xml	0
dantapaNka	dantapan3ka	dantapaṅka	dantapanka	grade	15126	208-3	SCH-grade-12427_cases.xml	0
dantaSUka	[°dantas4u1ka	dantaśūka	dantaśūka	grade	15137	208-3	SCH-grade-12427_cases.xml	0
dantAra	danta1ra	dantāra	dantāra	grade	15139	208-3	SCH-grade-12427_cases.xml	0
dantAvalAsya	danta1vala1sya	dantāvalāsya	dantāvalāsya	grade	15140	208-3	SCH-grade-12427_cases.xml	0
dantAvalopamardita	danta1valopamardita	dantāvalopamardita	dantāvalopamardita	grade	15141	208-3	SCH-grade-12427_cases.xml	0
dandaSUkASana	dandas4u1ka1s4ana	dandaśūkāśana	dandaśūkāśana	grade	15148	209-1	SCH-grade-12427_cases.xml	0
dandaSUkeSvara	dandas4u1kes4vara	dandaśūkeśvara	dandaśūkeśvara	grade	15149	209-1	SCH-grade-12427_cases.xml	0
dayAdUra	daya1du1ra	dayādūra	dayādūra	grade	15158	209-1	SCH-grade-12427_cases.xml	0
dayAvattA	daya1vatta1	dayāvattā	dayāvattā	grade	15159	209-1	SCH-grade-12427_cases.xml	0
dayAvattva	daya1vattva	dayāvattva	dayāvattva	grade	15160	209-1	SCH-grade-12427_cases.xml	0
daridraputraka	daridraputraka	daridraputraka	daridraputraka	grade	15164	209-1	SCH-grade-12427_cases.xml	0
darihaqA	Darihad2a1	darihaḍā	darihaḍā	grade	15165	209-1	SCH-grade-12427_cases.xml	0
darpaRatA	darpan2ata1	darpaṇatā	darpanatā	grade	15173	209-2	SCH-grade-12427_cases.xml	0
darpadAna	darpada1na	darpadāna	darpadāna	grade	15175	209-2	SCH-grade-12427_cases.xml	0
darpabahulatA	darpabahulata1	darpabahulatā	darpabahulatā	grade	15176	209-2	SCH-grade-12427_cases.xml	0
darpavinASana	darpavina1s4ana	darpavināśana	darpavināśana	grade	15177	209-2	SCH-grade-12427_cases.xml	0
darSana	dars4ana	darśana	darśana	grade	15188	209-2	SCH-grade-12427_cases.xml	0
dalakalpatA	dalakalpata1	dalakalpatā	dalakalpatā	grade	15191	209-3	SCH-grade-12427_cases.xml	0
davad	davad	davad	davad	grade	15197	209-3	SCH-grade-12427_cases.xml	0
daSakulI	das4akuli1	daśakulī	daśakulī	grade	15199	209-3	SCH-grade-12427_cases.xml	0
daSatI	das4ati1	daśatī	daśatī	grade	15200	209-3	SCH-grade-12427_cases.xml	0
daSanakzata	das4anaks2ata	daśanakṣata	daśanakṣata	grade	15201	209-3	SCH-grade-12427_cases.xml	0
daSanacCedana	das4anacchedana	daśanacchedana	daśanacchedana	grade	15202	209-3	SCH-grade-12427_cases.xml	0
daSanacCedya	das4anacchedya	daśanacchedya	daśanacchedya	grade	15203	209-3	SCH-grade-12427_cases.xml	0
daSanavIRA	das4anavi1n2a1	daśanavīṇā	daśanavīnā	grade	15204	209-3	SCH-grade-12427_cases.xml	0
daSanAdaSani	das4ana1das4ani	daśanādaśani	daśanādaśani	grade	15205	209-3	SCH-grade-12427_cases.xml	0
daSanta	das4anta	daśanta	daśanta	grade	15208	209-3	SCH-grade-12427_cases.xml	0
daSapuruza	das4apurus2a	daśapuruṣa	daśapuruṣa	grade	15212	210-1	SCH-grade-12427_cases.xml	0
daSabanDa	das4abandha	daśabandha	daśabandha	grade	15215	210-1	SCH-grade-12427_cases.xml	0
daSaBAgika	das4abha1gika	daśabhāgika	daśabhāgika	grade	15219	210-1	SCH-grade-12427_cases.xml	0
daSamadvAra	das4amadva1ra	daśamadvāra	daśamadvāra	grade	15220	210-1	SCH-grade-12427_cases.xml	0
daSamIsTa	das4ami1stha	daśamīstha	daśamīstha	grade	15221	210-1	SCH-grade-12427_cases.xml	0
daSarAtrika	das4ara1trika	daśarātrika	daśarātrika	grade	15224	210-1	SCH-grade-12427_cases.xml	0
daSalocana	das4alocana	daśalocana	daśalocana	grade	15226	210-1	SCH-grade-12427_cases.xml	0
daSavargika	das4avargika	daśavargika	daśavargika	grade	15228	210-1	SCH-grade-12427_cases.xml	0
daSavarRa	das4avarn2a	daśavarṇa	daśavarna	grade	15229	210-1	SCH-grade-12427_cases.xml	0
daSaSatadfS	das4as4atadr2s4	daśaśatadṛś	daśaśatadṛś	grade	15232	210-1	SCH-grade-12427_cases.xml	0
daSaSataruci	das4as4ataruci	daśaśataruci	daśaśataruci	grade	15233	210-1	SCH-grade-12427_cases.xml	0
daSaSatalocana	das4as4atalocana	daśaśatalocana	daśaśatalocana	grade	15234	210-1	SCH-grade-12427_cases.xml	0
daSaSatABISu	das4as4ata1bhi1s4u	daśaśatābhīśu	daśaśatābhīśu	grade	15235	210-1	SCH-grade-12427_cases.xml	0
daSAnana	das4a1nana	daśānana	daśānana	grade	15237	210-2	SCH-grade-12427_cases.xml	0
daSAntara	das4a1ntara	daśāntara	daśāntara	grade	15238	210-2	SCH-grade-12427_cases.xml	0
daSArRa	Das4a1rn2a	daśārṇa	daśārna	grade	15241	210-2	SCH-grade-12427_cases.xml	0
daSAvasTa	das4a1vastha	daśāvastha	daśāvastha	grade	15244	210-2	SCH-grade-12427_cases.xml	0
dahanati	dahanati	dahanati	dahanati	grade	15249	210-2	SCH-grade-12427_cases.xml	0
dAkzAyaRIpriyatama	Da1ks2a1yan2i1priyatama	dākṣāyaṇīpriyatama	dākṣāyanīpriyatama	grade	15256	210-3	SCH-grade-12427_cases.xml	0
dARqapASika	da1n2d2apa1s4ika	dāṇḍapāśika	dānḍapāśika	grade	15260	210-3	SCH-grade-12427_cases.xml	0
dARqAjinaka	da1n2d2a1jinaka	dāṇḍājinaka	dānḍājinaka	grade	15261	210-3	SCH-grade-12427_cases.xml	0
dAtraraSmigrAhaka	da1traras4migra1haka	dātraraśmigrāhaka	dātraraśmigrāhaka	grade	15265	210-3	SCH-grade-12427_cases.xml	0
dAnaDArA	da1nadha1ra1	dānadhārā	dānadhārā	grade	15271	210-3	SCH-grade-12427_cases.xml	0
dAnamaRqapa	da1naman2d2apa	dānamaṇḍapa	dānamanḍapa	grade	15272	210-3	SCH-grade-12427_cases.xml	0
dAnamAtaNga	da1nama1tan3ga	dānamātaṅga	dānamātanga	grade	15274	210-3	SCH-grade-12427_cases.xml	0
dAnavapuz	da1navapus2	dānavapuṣ	dānavapuṣ	grade	15276	210-3	SCH-grade-12427_cases.xml	0
dAnaSORqa	da1nas4aun2d2a	dānaśauṇḍa	dānaśaunḍa	grade	15280	211-1	SCH-grade-12427_cases.xml	0
dAnitva	da1nitva	dānitva	dānitva	grade	15282	211-1	SCH-grade-12427_cases.xml	0
dAntavAhaka	da1ntava1haka	dāntavāhaka	dāntavāhaka	grade	15286	211-1	SCH-grade-12427_cases.xml	0
dAmin	da1min	dāmin	dāmin	grade	15290	211-1	SCH-grade-12427_cases.xml	0
dAyaBAginI	da1yabha1gini1	dāyabhāginī	dāyabhāginī	grade	15297	211-1	SCH-grade-12427_cases.xml	0
dAradaka	Da1radaka	dāradaka	dāradaka	grade	15302	211-1	SCH-grade-12427_cases.xml	0
dAraBU	da1rabhu1	dārabhū	dārabhū	grade	15303	211-1	SCH-grade-12427_cases.xml	0
dAridryaputraka	da1ridryaputraka	dāridryaputraka	dāridryaputraka	grade	15308	211-2	SCH-grade-12427_cases.xml	0
dASa	da1s4a	dāśa	dāśa	grade	15322	211-2	SCH-grade-12427_cases.xml	0
dAhagrAhin	da1hagra1hin	dāhagrāhin	dāhagrāhin	grade	15330	211-2	SCH-grade-12427_cases.xml	0
dAhavant	da1havant	dāhavant	dāhavant	grade	15331	211-2	SCH-grade-12427_cases.xml	0
dAhavAhin	da1hava1hin	dāhavāhin	dāhavāhin	grade	15332	211-2	SCH-grade-12427_cases.xml	0
dikkanyakA	dikkanyaka1	dikkanyakā	dikkanyakā	grade	15333	211-3	SCH-grade-12427_cases.xml	0
dikkarawin	dikkarat2in	dikkaraṭin	dikkaraṭin	grade	15334	211-3	SCH-grade-12427_cases.xml	0
dikkumBin	dikkumbhin	dikkumbhin	dikkumbhin	grade	15335	211-3	SCH-grade-12427_cases.xml	0
dikcarI	dikcari1	dikcarī	dikcarī	grade	15336	211-3	SCH-grade-12427_cases.xml	0
dikcarIcakra	dikcari1cakra	dikcarīcakra	dikcarīcakra	grade	15337	211-3	SCH-grade-12427_cases.xml	0
dikpAlatA	dikpa1lata1	dikpālatā	dikpālatā	grade	15339	211-3	SCH-grade-12427_cases.xml	0
digantamadAvala	digantamada1vala	digantamadāvala	digantamadāvala	grade	15340	211-3	SCH-grade-12427_cases.xml	0
digambarIya	digambari1ya	digambarīya	digambarīya	grade	15342	211-3	SCH-grade-12427_cases.xml	0
digdayitA	digdayita1	digdayitā	digdayitā	grade	15344	211-3	SCH-grade-12427_cases.xml	0
digdvipa	digdvipa	digdvipa	digdvipa	grade	15345	211-3	SCH-grade-12427_cases.xml	0
digruD	digrudh	digrudh	digrudh	grade	15347	211-3	SCH-grade-12427_cases.xml	0
digvanitA	digvanita1	digvanitā	digvanitā	grade	15348	211-3	SCH-grade-12427_cases.xml	0
digvalayavilokavilAsa	Digvalayavilokavila1sa	digvalayavilokavilāsa	digvalayavilokavilāsa	grade	15349	211-3	SCH-grade-12427_cases.xml	0
digvilAsinI	digvila1sini1	digvilāsinī	digvilāsinī	grade	15352	211-3	SCH-grade-12427_cases.xml	0
ditijanman	ditijanman	ditijanman	ditijanman	grade	15358	211-3	SCH-grade-12427_cases.xml	0
ditiBU	ditibhu1	ditibhū	ditibhū	grade	15359	211-3	SCH-grade-12427_cases.xml	0
ditisutaSatru	Ditisutas4atru	ditisutaśatru	ditisutaśatru	grade	15360	211-3	SCH-grade-12427_cases.xml	0
dinakarANgaBU	dinakara1n3gabhu1	dinakarāṅgabhū	dinakarāngabhū	grade	15362	212-1	SCH-grade-12427_cases.xml	0
dinakftkAnta	dinakr2tka1nta	dinakṛtkānta	dinakṛtkānta	grade	15363	212-1	SCH-grade-12427_cases.xml	0
dinaMmanya	dinam2manya	dinaṃmanya	dinammanya	grade	15367	212-1	SCH-grade-12427_cases.xml	0
dinADipa	dina1dhipa	dinādhipa	dinādhipa	grade	15371	212-1	SCH-grade-12427_cases.xml	0
divasAdIya	divasa1di1ya	divasādīya	divasādīya	grade	15374	212-1	SCH-grade-12427_cases.xml	0
divasADipa	divasa1dhipa	divasādhipa	divasādhipa	grade	15375	212-1	SCH-grade-12427_cases.xml	0
divAkAma	diva1ka1ma	divākāma	divākāma	grade	15376	212-1	SCH-grade-12427_cases.xml	0
divAkAmuka	diva1ka1muka	divākāmuka	divākāmuka	grade	15377	212-1	SCH-grade-12427_cases.xml	0
divABujaga	diva1bhujaga	divābhujaga	divābhujaga	grade	15381	212-1	SCH-grade-12427_cases.xml	0
divAraRa	diva1ran2a	divāraṇa	divārana	grade	15382	212-1	SCH-grade-12427_cases.xml	0
divijakuja	divijakuja	divijakuja	divijakuja	grade	15385	212-1	SCH-grade-12427_cases.xml	0
divyajYAnin	divyajn5a1nin	divyajñānin	divyajnānin	grade	15388	212-1	SCH-grade-12427_cases.xml	0
divyaDanus	divyadhanus	divyadhanus	divyadhanus	grade	15391	212-2	SCH-grade-12427_cases.xml	0
divyasinDu	divyasindhu	divyasindhu	divyasindhu	grade	15395	212-2	SCH-grade-12427_cases.xml	0
diS	dis4	diś	diś	grade	15396	212-2	SCH-grade-12427_cases.xml	0
diSAradanin	dis4a1radanin	diśāradanin	diśāradanin	grade	15398	212-2	SCH-grade-12427_cases.xml	0
diSAvaDU	dis4a1vadhu1	diśāvadhū	diśāvadhū	grade	15399	212-2	SCH-grade-12427_cases.xml	0
dIkzAdeSaka	di1ks2a1des4aka	dīkṣādeśaka	dīkṣādeśaka	grade	15404	212-2	SCH-grade-12427_cases.xml	0
dIpratA	di1prata1	dīpratā	dīpratā	grade	15418	212-3	SCH-grade-12427_cases.xml	0
dIpratva	di1pratva	dīpratva	dīpratva	grade	15419	212-3	SCH-grade-12427_cases.xml	0
dIrGAyuzkatA	di1rgha1yus2kata1	dīrghāyuṣkatā	dīrghāyuṣkatā	grade	15431	212-3	SCH-grade-12427_cases.xml	0
duHKIBU	duh2khi1bhu1	duḥkhībhū	duḥkhībhū	grade	15445	213-1	SCH-grade-12427_cases.xml	0
duHpravftti	duh2pravr2tti	duḥpravṛtti	duḥpravṛtti	grade	15446	213-1	SCH-grade-12427_cases.xml	0
dugDajalaka	dugdhajalaka	dugdhajalaka	dugdhajalaka	grade	15449	213-1	SCH-grade-12427_cases.xml	0
dugDajalaDi	dugdhajaladhi	dugdhajaladhi	dugdhajaladhi	grade	15450	213-1	SCH-grade-12427_cases.xml	0
dugDanIra	dugdhani1ra	dugdhanīra	dugdhanīra	grade	15451	213-1	SCH-grade-12427_cases.xml	0
dugDapUra	dugdhapu1ra	dugdhapūra	dugdhapūra	grade	15452	213-1	SCH-grade-12427_cases.xml	0
duDUnayizant	dudhu1nayis2ant	dudhūnayiṣant	dudhūnayiṣant	grade	15458	213-1	SCH-grade-12427_cases.xml	0
duraGa	duragha	duragha	duragha	grade	15462	213-2	SCH-grade-12427_cases.xml	0
duraBiniveSa	durabhinives4a	durabhiniveśa	durabhiniveśa	grade	15470	213-2	SCH-grade-12427_cases.xml	0
duraBiBavatva	durabhibhavatva	durabhibhavatva	durabhibhavatva	grade	15471	213-2	SCH-grade-12427_cases.xml	0
duraBiBavaSarIratA	durabhibhavas4ari1rata1	durabhibhavaśarīratā	durabhibhavaśarīratā	grade	15472	213-2	SCH-grade-12427_cases.xml	0
duraBiyoga	durabhiyoga	durabhiyoga	durabhiyoga	grade	15473	213-2	SCH-grade-12427_cases.xml	0
duravaloka	duravaloka	duravaloka	duravaloka	grade	15477	213-2	SCH-grade-12427_cases.xml	0
durAtmaka	dura1tmaka=dus2karman	durātmaka	durātmaka	grade	15479	213-2	SCH-grade-12427_cases.xml	0
durAlapana	dura1lapana	durālapana	durālapana	grade	15482	213-2	SCH-grade-12427_cases.xml	0
durAspada	dura1spada	durāspada	durāspada	grade	15486	213-3	SCH-grade-12427_cases.xml	0
durupadrava	durupadrava	durupadrava	durupadrava	grade	15492	213-3	SCH-grade-12427_cases.xml	0
durupaSruti	durupas4ruti	durupaśruti	durupaśruti	grade	15493	213-3	SCH-grade-12427_cases.xml	0
durgatatva	durgatatva	durgatatva	durgatatva	grade	15497	213-3	SCH-grade-12427_cases.xml	0
durgatika	durgatika	durgatika	durgatika	grade	15498	213-3	SCH-grade-12427_cases.xml	0
durgasAla	durgasa1la	durgasāla	durgasāla	grade	15499	213-3	SCH-grade-12427_cases.xml	0
durdarSika	durdars4ika	durdarśika	durdarśika	grade	15506	213-3	SCH-grade-12427_cases.xml	0
durdAra	durda1ra	durdāra	durdāra	grade	15508	213-3	SCH-grade-12427_cases.xml	0
durdinIkfta	durdini1kr2ta	durdinīkṛta	durdinīkṛta	grade	15510	213-3	SCH-grade-12427_cases.xml	0
durdinIBUta	durdini1bhu1ta	durdinībhūta	durdinībhūta	grade	15511	213-3	SCH-grade-12427_cases.xml	0
durnivAratA	durniva1rata1	durnivāratā	durnivāratā	grade	15518	214-1	SCH-grade-12427_cases.xml	0
durbanDu	durbandhu	durbandhu	durbandhu	grade	15522	214-1	SCH-grade-12427_cases.xml	0
durmUla	durmu1la	durmūla	durmūla	grade	15532	214-1	SCH-grade-12427_cases.xml	0
durmeDatA	durmedhata1	durmedhatā	durmedhatā	grade	15533	214-1	SCH-grade-12427_cases.xml	0
durlaBIBU	durlabhi1bhu1	durlabhībhū	durlabhībhū	grade	15536	214-1	SCH-grade-12427_cases.xml	0
durlalitatA	durlalitata1	durlalitatā	durlalitatā	grade	15537	214-1	SCH-grade-12427_cases.xml	0
durvarRayati	durvarn2ayati	durvarṇayati	durvarnayati	grade	15542	214-2	SCH-grade-12427_cases.xml	0
durvARIka	durva1n2i1ka	durvāṇīka	durvānīka	grade	15543	214-2	SCH-grade-12427_cases.xml	0
durviDatva	durvidhatva	durvidhatva	durvidhatva	grade	15546	214-2	SCH-grade-12427_cases.xml	0
durvilAsa	durvila1sa	durvilāsa	durvilāsa	grade	15547	214-2	SCH-grade-12427_cases.xml	0
duScarman	Dus4carman	duścarman	duścarman	grade	15552	214-2	SCH-grade-12427_cases.xml	0
duScintana	dus4cintana	duścintana	duścintana	grade	15554	214-2	SCH-grade-12427_cases.xml	0
duHSakunIBU	duh2s4akuni1bhu1	duḥśakunībhū	duḥśakunībhū	grade	15556	214-2	SCH-grade-12427_cases.xml	0
duzprasara	dus2prasara	duṣprasara	duṣprasara	grade	15569	214-3	SCH-grade-12427_cases.xml	0
duHsADa	duh2sa1dha	duḥsādha	duḥsādha	grade	15573	214-3	SCH-grade-12427_cases.xml	0
duHsOraBa	duh2saurabha	duḥsaurabha	duḥsaurabha	grade	15574	214-3	SCH-grade-12427_cases.xml	0
dUtAnupAtin	du1ta1nupa1tin	dūtānupātin	dūtānupātin	grade	15581	215-1	SCH-grade-12427_cases.xml	0
dUragir	du1ragir	dūragir	dūragir	grade	15582	215-1	SCH-grade-12427_cases.xml	0
dUrama	du1rama	dūrama	dūrama	grade	15586	215-1	SCH-grade-12427_cases.xml	0
dUravat	du1ravat	dūravat	dūravat	grade	15588	215-1	SCH-grade-12427_cases.xml	0
dUrADvan	du1ra1dhvan	dūrādhvan	dūrādhvan	grade	15591	215-1	SCH-grade-12427_cases.xml	0
dUrAva	du1ra1va	dūrāva	dūrāva	grade	15593	215-1	SCH-grade-12427_cases.xml	0
dfgambu	dr2gambu	dṛgambu	dṛgambu	grade	15600	215-1	SCH-grade-12427_cases.xml	0
dfgdoza	dr2gdos2a	dṛgdoṣa	dṛgdoṣa	grade	15601	215-1	SCH-grade-12427_cases.xml	0
dfQaBaktitva	dr2d2habhaktitva	dṛḍhabhaktitva	dṛḍhabhaktitva	grade	15606	215-2	SCH-grade-12427_cases.xml	0
dfptatva	dr2ptatva	dṛptatva	dṛptatva	grade	15609	215-2	SCH-grade-12427_cases.xml	0
dfzadBedaka	dr2s2adbhedaka	dṛṣadbhedaka	dṛṣadbhedaka	grade	15614	215-2	SCH-grade-12427_cases.xml	0
dfzwatA	dr2s2t2ata1	dṛṣṭatā	dṛṣṭatā	grade	15617	215-2	SCH-grade-12427_cases.xml	0
dfzwAntakIrti	dr2s2t2a1ntaki1rti	dṛṣṭāntakīrti	dṛṣṭāntakīrti	grade	15622	215-2	SCH-grade-12427_cases.xml	0
dfzwiprema	dr2s2t2iprema	dṛṣṭiprema	dṛṣṭiprema	grade	15628	215-3	SCH-grade-12427_cases.xml	0
dfzwiharaRa	dr2s2t2iharan2a	dṛṣṭiharaṇa	dṛṣṭiharana	grade	15632	215-3	SCH-grade-12427_cases.xml	0
dfzwIkaraRa	dr2s2t2i1karan2a	dṛṣṭīkaraṇa	dṛṣṭīkarana	grade	15633	215-3	SCH-grade-12427_cases.xml	0
dematI	Demati1	dematī	dematī	grade	15634	215-3	SCH-grade-12427_cases.xml	0
deyaloka	deyaloka	deyaloka	deyaloka	grade	15635	215-3	SCH-grade-12427_cases.xml	0
devakeSin	devakes4in	devakeśin	devakeśin	grade	15637	215-3	SCH-grade-12427_cases.xml	0
devatAvasara	devata1vasara	devatāvasara	devatāvasara	grade	15643	215-3	SCH-grade-12427_cases.xml	0
devatAveSa	devata1ves4a	devatāveśa	devatāveśa	grade	15644	215-3	SCH-grade-12427_cases.xml	0
devadaRqa	devadan2d2a	devadaṇḍa	devadanḍa	grade	15648	215-3	SCH-grade-12427_cases.xml	0
devadArikA	devada1rika1	devadārikā	devadārikā	grade	15649	216-1	SCH-grade-12427_cases.xml	0
devadiS	devadis4	devadiś	devadiś	grade	15650	216-1	SCH-grade-12427_cases.xml	0
devadruma	devadruma	devadruma	devadruma	grade	15652	216-1	SCH-grade-12427_cases.xml	0
devadruh	devadruh	devadruh	devadruh	grade	15653	216-1	SCH-grade-12427_cases.xml	0
devadvis	devadvis	devadvis	devadvis	grade	15654	216-1	SCH-grade-12427_cases.xml	0
devanaga	devanaga	devanaga	devanaga	grade	15655	216-1	SCH-grade-12427_cases.xml	0
devabanDa	devabandha	devabandha	devabandha	grade	15665	216-1	SCH-grade-12427_cases.xml	0
devaBogin	devabhogin	devabhogin	devabhogin	grade	15667	216-1	SCH-grade-12427_cases.xml	0
devavanitA	devavanita1	devavanitā	devavanitā	grade	15676	216-2	SCH-grade-12427_cases.xml	0
devasaras	devasaras	devasaras	devasaras	grade	15680	216-2	SCH-grade-12427_cases.xml	0
devAdi	deva1di	devādi	devādi	grade	15684	216-2	SCH-grade-12427_cases.xml	0
devAnAM	deva1na1m2	devānāṃ	devānām	grade	15685	216-2	SCH-grade-12427_cases.xml	0
devilA	Devila1	devilā	devilā	grade	15687	216-2	SCH-grade-12427_cases.xml	0
deSaka	des4aka	deśaka	deśaka	grade	15689	216-2	SCH-grade-12427_cases.xml	0
deSayati	des4ayati	deśayati	deśayati	grade	15693	216-2	SCH-grade-12427_cases.xml	0
deSavidDa	des4aviddha	deśaviddha	deśaviddha	grade	15694	216-2	SCH-grade-12427_cases.xml	0
deSavratin	des4avratin	deśavratin	deśavratin	grade	15695	216-2	SCH-grade-12427_cases.xml	0
deSasadBAvin	des4asadbha1vin	deśasadbhāvin	deśasadbhāvin	grade	15696	216-2	SCH-grade-12427_cases.xml	0
deSAntarIyatA	des4a1ntari1yata1	deśāntarīyatā	deśāntarīyatā	grade	15697	216-2	SCH-grade-12427_cases.xml	0
deSAntarIyatva	des4a1ntari1yatva	deśāntarīyatva	deśāntarīyatva	grade	15698	216-2	SCH-grade-12427_cases.xml	0
dehasAda	dehasa1da	dehasāda	dehasāda	grade	15707	216-3	SCH-grade-12427_cases.xml	0
dehasTiti	dehasthiti	dehasthiti	dehasthiti	grade	15708	216-3	SCH-grade-12427_cases.xml	0
dehAtmaka	deha1tmaka	dehātmaka	dehātmaka	grade	15709	216-3	SCH-grade-12427_cases.xml	0
dEtyadruh	daityadruh	daityadruh	daityadruh	grade	15713	216-3	SCH-grade-12427_cases.xml	0
dEnyakft	dainyakr2t	dainyakṛt	dainyakṛt	grade	15715	216-3	SCH-grade-12427_cases.xml	0
dErGikeya	dairghikeya	dairghikeya	dairghikeya	grade	15717	216-3	SCH-grade-12427_cases.xml	0
dEvamAnuza	daivama1nus2a	daivamānuṣa	daivamānuṣa	grade	15720	216-3	SCH-grade-12427_cases.xml	0
dEvavAda	daivava1da	daivavāda	daivavāda	grade	15722	216-3	SCH-grade-12427_cases.xml	0
dEvavAdin	daivava1din	daivavādin	daivavādin	grade	15723	216-3	SCH-grade-12427_cases.xml	0
dEvasaBeya	Daivasabheya	daivasabheya	daivasabheya	grade	15727	217-1	SCH-grade-12427_cases.xml	0
doNgaka	don3gaka	doṅgaka	dongaka	grade	15734	217-1	SCH-grade-12427_cases.xml	0
dodUyamAna	dodu1yama1na	dodūyamāna	dodūyamāna	grade	15735	217-1	SCH-grade-12427_cases.xml	0
dora	dora	dora	dora	grade	15737	217-1	SCH-grade-12427_cases.xml	0
dorahi	dorahi	dorahi	dorahi	grade	15738	217-1	SCH-grade-12427_cases.xml	0
dordaRqikA	dordan2d2ika1	dordaṇḍikā	dordanḍikā	grade	15739	217-1	SCH-grade-12427_cases.xml	0
dordru	dordru	dordru	dordru	grade	15740	217-1	SCH-grade-12427_cases.xml	0
dolABa	dola1bha	dolābha	dolābha	grade	15741	217-1	SCH-grade-12427_cases.xml	0
dolAyitabanDa	dola1yitabandha	dolāyitabandha	dolāyitabandha	grade	15742	217-1	SCH-grade-12427_cases.xml	0
dolitabanDa	dolitabandha	dolitabandha	dolitabandha	grade	15745	217-1	SCH-grade-12427_cases.xml	0
dovaraka	dovaraka	dovaraka	dovaraka	grade	15746	217-1	SCH-grade-12427_cases.xml	0
dozAgama	dos2a1gama	doṣāgama	doṣāgama	grade	15752	217-2	SCH-grade-12427_cases.xml	0
dozAnDatA	dos2a1ndhata1	doṣāndhatā	doṣāndhatā	grade	15753	217-2	SCH-grade-12427_cases.xml	0
dozitA	dos2ita1	doṣitā	doṣitā	grade	15754	217-2	SCH-grade-12427_cases.xml	0
dozitva	dos2itva	doṣitva	doṣitva	grade	15755	217-2	SCH-grade-12427_cases.xml	0
dozIBAva	dos2i1bha1va	doṣībhāva	doṣībhāva	grade	15756	217-2	SCH-grade-12427_cases.xml	0
doHsADika	doh2sa1dhika	doḥsādhika	doḥsādhika	grade	15757	217-2	SCH-grade-12427_cases.xml	0
dOgDikasasya	daugdhikasasya	daugdhikasasya	daugdhikasasya	grade	15761	217-2	SCH-grade-12427_cases.xml	0
dODikaPala	daudhikaphala	daudhikaphala	daudhikaphala	grade	15762	217-2	SCH-grade-12427_cases.xml	0
dOrgakarmika	daurgakarmika	daurgakarmika	daurgakarmika	grade	15763	217-2	SCH-grade-12427_cases.xml	0
dOrmuKya	daurmukhya	daurmukhya	daurmukhya	grade	15765	217-2	SCH-grade-12427_cases.xml	0
dOrviDya	daurvidhya	daurvidhya	daurvidhya	grade	15768	217-2	SCH-grade-12427_cases.xml	0
dOScittya	daus4cittya	dauścittya	dauścittya	grade	15770	217-2	SCH-grade-12427_cases.xml	0
dOsTitya	dausthitya	dausthitya	dausthitya	grade	15773	217-3	SCH-grade-12427_cases.xml	0
dyutigatividyADarapura	Dyutigatividya1dharapura	dyutigatividyādharapura	dyutigatividyādharapura	grade	15778	217-3	SCH-grade-12427_cases.xml	0
dyunaga	dyunaga	dyunaga	dyunaga	grade	15780	217-3	SCH-grade-12427_cases.xml	0
dyumaRijA	dyuman2ija1	dyumaṇijā	dyumanijā	grade	15783	217-3	SCH-grade-12427_cases.xml	0
dyuyuvati	dyuyuvati	dyuyuvati	dyuyuvati	grade	15787	217-3	SCH-grade-12427_cases.xml	0
dyurAj	dyura1j	dyurāj	dyurāj	grade	15789	217-3	SCH-grade-12427_cases.xml	0
dyulokanArI	dyulokana1ri1	dyulokanārī	dyulokanārī	grade	15790	217-3	SCH-grade-12427_cases.xml	0
dyusadasahfd	dyusadasahr2d	dyusadasahṛd	dyusadasahṛd	grade	15792	217-3	SCH-grade-12427_cases.xml	0
dyusaddviz	dyusaddvis2	dyusaddviṣ	dyusaddviṣ	grade	15793	217-3	SCH-grade-12427_cases.xml	0
dyusaritsuta	dyusaritsuta	dyusaritsuta	dyusaritsuta	grade	15795	217-3	SCH-grade-12427_cases.xml	0
dyusfRa	dyusr2n2a	dyusṛṇa	dyusṛna	grade	15797	217-3	SCH-grade-12427_cases.xml	0
dyUtakAma	dyu1taka1ma	dyūtakāma	dyūtakāma	grade	15798	217-3	SCH-grade-12427_cases.xml	0
dyUdyAna	dyu1dya1na	dyūdyāna	dyūdyāna	grade	15802	218-1	SCH-grade-12427_cases.xml	0
dyotala	dyotala	dyotala	dyotala	grade	15803	218-1	SCH-grade-12427_cases.xml	0
dragviRa	dragvin2a	dragviṇa	dragvina	grade	15805	218-1	SCH-grade-12427_cases.xml	0
dravAmla	drava1mla	dravāmla	dravāmla	grade	15815	218-1	SCH-grade-12427_cases.xml	0
draviRanATa	dravin2ana1tha	draviṇanātha	dravinanātha	grade	15816	218-1	SCH-grade-12427_cases.xml	0
draviRAgraha	dravin2a1graha	draviṇāgraha	dravināgraha	grade	15818	218-1	SCH-grade-12427_cases.xml	0
draviReSa	dravin2es4a	draviṇeśa	dravineśa	grade	15819	218-1	SCH-grade-12427_cases.xml	0
draviRodaS	dravin2odas4	draviṇodaś	dravinodaś	grade	15821	218-1	SCH-grade-12427_cases.xml	0
dravyagraha	dravyagraha	dravyagraha	dravyagraha	grade	15824	218-1	SCH-grade-12427_cases.xml	0
dravyaruci	dravyaruci	dravyaruci	dravyaruci	grade	15828	218-2	SCH-grade-12427_cases.xml	0
dravyavana	dravyavana	dravyavana	dravyavana	grade	15829	218-2	SCH-grade-12427_cases.xml	0
dravyavanacCid	dravyavanacchid	dravyavanacchid	dravyavanacchid	grade	15830	218-2	SCH-grade-12427_cases.xml	0
drutapAtin	drutapa1tin	drutapātin	drutapātin	grade	15834	218-2	SCH-grade-12427_cases.xml	0
drutamaDyetara	drutamadhyetara	drutamadhyetara	drutamadhyetara	grade	15835	218-2	SCH-grade-12427_cases.xml	0
drutA	druta1	drutā	drutā	grade	15836	218-2	SCH-grade-12427_cases.xml	0
drumasadman	drumasadman	drumasadman	drumasadman	grade	15841	218-3	SCH-grade-12427_cases.xml	0
drumAdana	druma1dana	drumādana	drumādana	grade	15842	218-3	SCH-grade-12427_cases.xml	0
druhiRadvija	druhin2advija	druhiṇadvija	druhinadvija	grade	15845	218-3	SCH-grade-12427_cases.xml	0
druhiRavAhana	druhin2ava1hana	druhiṇavāhana	druhinavāhana	grade	15846	218-3	SCH-grade-12427_cases.xml	0
dvakzIva	dvaks2i1va	dvakṣīva	dvakṣīva	grade	15853	218-3	SCH-grade-12427_cases.xml	0
dvandvatA	dvandvata1	dvandvatā	dvandvatā	grade	15855	218-3	SCH-grade-12427_cases.xml	0
dvandvaraRa	dvandvaran2a	dvandvaraṇa	dvandvarana	grade	15856	218-3	SCH-grade-12427_cases.xml	0
dvayASrayin	dvaya1s4rayin	dvayāśrayin	dvayāśrayin	grade	15860	218-3	SCH-grade-12427_cases.xml	0
dvayesTita	dvayesthita	dvayesthita	dvayesthita	grade	15861	218-3	SCH-grade-12427_cases.xml	0
dvAHpawwa	dva1h2pat2t2a	dvāḥpaṭṭa	dvāḥpaṭṭa	grade	15862	218-3	SCH-grade-12427_cases.xml	0
dvAdaSagrAmIya	Dva1das4agra1mi1ya	dvādaśagrāmīya	dvādaśagrāmīya	grade	15863	219-1	SCH-grade-12427_cases.xml	0
dvAdaSanAlika	dva1das4ana1lika	dvādaśanālika	dvādaśanālika	grade	15864	219-1	SCH-grade-12427_cases.xml	0
dvAdaSAnta	dva1das4a1nta	dvādaśānta	dvādaśānta	grade	15873	219-1	SCH-grade-12427_cases.xml	0
dvAdaSAntara	dva1das4a1ntara	dvādaśāntara	dvādaśāntara	grade	15874	219-1	SCH-grade-12427_cases.xml	0
dvArapuwa	dva1raput2a	dvārapuṭa	dvārapuṭa	grade	15883	219-1	SCH-grade-12427_cases.xml	0
dvAraBawwa	dva1rabhat2t2a	dvārabhaṭṭa	dvārabhaṭṭa	grade	15884	219-1	SCH-grade-12427_cases.xml	0
dvAramandira	dva1ramandira	dvāramandira	dvāramandira	grade	15885	219-2	SCH-grade-12427_cases.xml	0
dvArasaMpuwa	dva1rasam2put2a	dvārasaṃpuṭa	dvārasampuṭa	grade	15886	219-2	SCH-grade-12427_cases.xml	0
dvArAgrapawwa	dva1ra1grapat2t2a	dvārāgrapaṭṭa	dvārāgrapaṭṭa	grade	15888	219-2	SCH-grade-12427_cases.xml	0
dvArAyate	dva1ra1y(ate)	dvārāyate	dvārāyate	grade	15890	219-2	SCH-grade-12427_cases.xml	0
dviKaRqIkaraRa	dvikhan2d2i1karan2a	dvikhaṇḍīkaraṇa	dvikhanḍīkarana	grade	15895	219-2	SCH-grade-12427_cases.xml	0
dviKaRqIBU	dvikhan2d2i1bhu1	dvikhaṇḍībhū	dvikhanḍībhū	grade	15896	219-2	SCH-grade-12427_cases.xml	0
dvijADipa	dvija1dhipa	dvijādhipa	dvijādhipa	grade	15903	219-2	SCH-grade-12427_cases.xml	0
dvijADirAja	dvija1dhira1ja	dvijādhirāja	dvijādhirāja	grade	15904	219-2	SCH-grade-12427_cases.xml	0
dvijIra	dviji1ra	dvijīra	dvijīra	grade	15905	219-2	SCH-grade-12427_cases.xml	0
dvitala	dvitala	dvitala	dvitala	grade	15907	219-2	SCH-grade-12427_cases.xml	0
dviDaraRika	dvidharan2ika	dvidharaṇika	dvidharanika	grade	15912	219-3	SCH-grade-12427_cases.xml	0
dviDABAva	dvidha1bha1va	dvidhābhāva	dvidhābhāva	grade	15914	219-3	SCH-grade-12427_cases.xml	0
dvipakarRa	dvipakarn2a	dvipakarṇa	dvipakarna	grade	15918	219-3	SCH-grade-12427_cases.xml	0
dvipawI	dvipat2i1	dvipaṭī	dvipaṭī	grade	15921	219-3	SCH-grade-12427_cases.xml	0
dvipasaMpanna	dvipasam2panna	dvipasaṃpanna	dvipasampanna	grade	15924	219-3	SCH-grade-12427_cases.xml	0
dvipANganA	dvipa1n3gana1=hastini1	dvipāṅganā	dvipānganā	grade	15925	219-3	SCH-grade-12427_cases.xml	0
dvipI	dvipi1	dvipī	dvipī	grade	15928	219-3	SCH-grade-12427_cases.xml	0
dvipuzkara	dvipus2kara	dvipuṣkara	dvipuṣkara	grade	15929	219-3	SCH-grade-12427_cases.xml	0
dvimanaskatA	dvimanaskata1	dvimanaskatā	dvimanaskatā	grade	15934	220-1	SCH-grade-12427_cases.xml	0
dviradana	dviradana	dviradana	dviradana	grade	15937	220-1	SCH-grade-12427_cases.xml	0
dviradapippalI	dviradapippali1	dviradapippalī	dviradapippalī	grade	15939	220-1	SCH-grade-12427_cases.xml	0
dviradamuKa	dviradamukha	dviradamukha	dviradamukha	grade	15940	220-1	SCH-grade-12427_cases.xml	0
dviradANganA	dvirada1n3gana1	dviradāṅganā	dviradānganā	grade	15941	220-1	SCH-grade-12427_cases.xml	0
dvirnava	dvirnava	dvirnava	dvirnava	grade	15944	220-1	SCH-grade-12427_cases.xml	0
dviSarIra	dvis4ari1ra	dviśarīra	dviśarīra	grade	15949	220-2	SCH-grade-12427_cases.xml	0
dvizwakArin	dvis2t2aka1rin	dviṣṭakārin	dviṣṭakārin	grade	15956	220-2	SCH-grade-12427_cases.xml	0
dvIpidvija	dvi1pidvija	dvīpidvija	dvīpidvija	grade	15962	220-2	SCH-grade-12427_cases.xml	0
dvyaDizWAna	dvyadhis2t2ha1na	dvyadhiṣṭhāna	dvyadhiṣṭhāna	grade	15974	220-3	SCH-grade-12427_cases.xml	0
dvyayana	dvyayana	dvyayana	dvyayana	grade	15976	220-3	SCH-grade-12427_cases.xml	0
DagaDagAyamAna	dhagadhaga1yama1na	dhagadhagāyamāna	dhagadhagāyamāna	grade	15983	220a-1	SCH-grade-12427_cases.xml	0
DattA	dhatta1	dhattā	dhattā	grade	15985	220a-1	SCH-grade-12427_cases.xml	0
DanakIrti	Dhanaki1rti	dhanakīrti	dhanakīrti	grade	15987	220a-2	SCH-grade-12427_cases.xml	0
DanaDI	dhanadhi1	dhanadhī	dhanadhī	grade	15991	220a-2	SCH-grade-12427_cases.xml	0
DanabanDu	Dhanabandhu	dhanabandhu	dhanabandhu	grade	15993	220a-3	SCH-grade-12427_cases.xml	0
DanaBakzaka	dhanabhaks2aka	dhanabhakṣaka	dhanabhakṣaka	grade	15994	220a-3	SCH-grade-12427_cases.xml	0
DanaBAgin	dhanabha1gin	dhanabhāgin	dhanabhāgin	grade	15995	220a-3	SCH-grade-12427_cases.xml	0
Danav	dhanav	dhanav	dhanav	grade	15997	220a-3	SCH-grade-12427_cases.xml	0
DanADinATa	dhana1dhina1tha	dhanādhinātha	dhanādhinātha	grade	16004	221-1	SCH-grade-12427_cases.xml	0
DanAyate	dhana1yate	dhanāyate	dhanāyate	grade	16006	221-1	SCH-grade-12427_cases.xml	0
DanASin	dhana1s4in=dhanabhaks2aka	dhanāśin	dhanāśin	grade	16007	221-1	SCH-grade-12427_cases.xml	0
Danugraha	dhanugraha	dhanugraha	dhanugraha	grade	16008	221-1	SCH-grade-12427_cases.xml	0
Danurmuzwi	dhanurmus2t2i	dhanurmuṣṭi	dhanurmuṣṭi	grade	16011	221-1	SCH-grade-12427_cases.xml	0
DanvaBUmi	dhanvabhu1mi	dhanvabhūmi	dhanvabhūmi	grade	16021	221-1	SCH-grade-12427_cases.xml	0
DamanikA	dhamanika1	dhamanikā	dhamanikā	grade	16025	221-1	SCH-grade-12427_cases.xml	0
Daraka	dharaka	dharaka	dharaka	grade	16030	221-2	SCH-grade-12427_cases.xml	0
DaraRiga	Dharan2iga	dharaṇiga	dharaniga	grade	16032	221-2	SCH-grade-12427_cases.xml	0
DaraRiruha	dharan2iruha	dharaṇiruha	dharaniruha	grade	16035	221-2	SCH-grade-12427_cases.xml	0
DaraRendra	dharan2endra	dharaṇendra	dharanendra	grade	16037	221-2	SCH-grade-12427_cases.xml	0
DaranandinI	dharanandini1	dharanandinī	dharanandinī	grade	16038	221-2	SCH-grade-12427_cases.xml	0
DarADArin	dhara1dha1rin	dharādhārin	dharādhārin	grade	16044	221-2	SCH-grade-12427_cases.xml	0
DarADISvara	dhara1dhi1s4vara	dharādhīśvara	dharādhīśvara	grade	16045	221-2	SCH-grade-12427_cases.xml	0
DarADra	dhara1dhra	dharādhra	dharādhra	grade	16046	221-2	SCH-grade-12427_cases.xml	0
DarApfzWa	dhara1pr2s2t2ha	dharāpṛṣṭha	dharāpṛṣṭha	grade	16048	221-2	SCH-grade-12427_cases.xml	0
DaritrIDaravara	dharitri1dharavara	dharitrīdharavara	dharitrīdharavara	grade	16050	221-2	SCH-grade-12427_cases.xml	0
DareSa	dhares4a	dhareśa	dhareśa	grade	16053	221-3	SCH-grade-12427_cases.xml	0
DarmacAritA	dharmaca1rita1	dharmacāritā	dharmacāritā	grade	16057	221-3	SCH-grade-12427_cases.xml	0
DarmatanUja	Dharmatanu1ja	dharmatanūja	dharmatanūja	grade	16058	221-3	SCH-grade-12427_cases.xml	0
DarmapraRiDi	dharmapran2idhi	dharmapraṇidhi	dharmapranidhi	grade	16069	221-3	SCH-grade-12427_cases.xml	0
DarmabanDu	dharmabandhu	dharmabandhu	dharmabandhu	grade	16071	221-3	SCH-grade-12427_cases.xml	0
DarmaBU	Dharmabhu1	dharmabhū	dharmabhū	grade	16073	221-3	SCH-grade-12427_cases.xml	0
Darmavattva	dharmavattva	dharmavattva	dharmavattva	grade	16078	222-1	SCH-grade-12427_cases.xml	0
DarmasTIya	dharmasthi1ya	dharmasthīya	dharmasthīya	grade	16092	222-1	SCH-grade-12427_cases.xml	0
DarmasTIya	dharmasthi1ya	dharmasthīya	dharmasthīya	grade	16093	222-2	SCH-grade-12427_cases.xml	0
Darmahasta	dharmahasta	dharmahasta	dharmahasta	grade	16094	222-2	SCH-grade-12427_cases.xml	0
DarmAvasaTin	dharma1vasathin	dharmāvasathin	dharmāvasathin	grade	16096	222-2	SCH-grade-12427_cases.xml	0
Davana	dhavana	dhavana	dhavana	grade	16102	222-2	SCH-grade-12427_cases.xml	0
Davalageha	dhavalageha	dhavalageha	dhavalageha	grade	16104	222-2	SCH-grade-12427_cases.xml	0
Davalana	dhavalana	dhavalana	dhavalana	grade	16105	222-2	SCH-grade-12427_cases.xml	0
Davalavihaga	dhavalavihaga	dhavalavihaga	dhavalavihaga	grade	16107	222-2	SCH-grade-12427_cases.xml	0
DavalikA	Dhavalika1	dhavalikā	dhavalikā	grade	16109	222-2	SCH-grade-12427_cases.xml	0
DavalIkf	dhavali1kr2	dhavalīkṛ	dhavalīkṛ	grade	16110	222-2	SCH-grade-12427_cases.xml	0
DavitrI	dhavitri1	dhavitrī	dhavitrī	grade	16111	222-2	SCH-grade-12427_cases.xml	0
DAtukzaraRa	dha1tuks2aran2a	dhātukṣaraṇa	dhātukṣarana	grade	16116	222-3	SCH-grade-12427_cases.xml	0
DAtuvikfti	dha1tuvikr2ti	dhātuvikṛti	dhātuvikṛti	grade	16117	222-3	SCH-grade-12427_cases.xml	0
DAtfsUnu	dha1tr2su1nu	dhātṛsūnu	dhātṛsūnu	grade	16118	222-3	SCH-grade-12427_cases.xml	0
DAnurDarya	dha1nurdharya	dhānurdharya	dhānurdharya	grade	16119	222-3	SCH-grade-12427_cases.xml	0
DAnuza	dha1nus2a	dhānuṣa	dhānuṣa	grade	16121	222-3	SCH-grade-12427_cases.xml	0
DAmyati	dha1myati	dhāmyati	dhāmyati	grade	16134	223-1	SCH-grade-12427_cases.xml	0
DAraRika	dha1ran2ika	dhāraṇika	dhāranika	grade	16139	223-1	SCH-grade-12427_cases.xml	0
DArAvAhikA	dha1ra1va1hika1	dhārāvāhikā	dhārāvāhikā	grade	16149	223-2	SCH-grade-12427_cases.xml	0
DArAvAhin	dha1ra1va1hin	dhārāvāhin	dhārāvāhin	grade	16150	223-2	SCH-grade-12427_cases.xml	0
DArAsadana	dha1ra1sadana	dhārāsadana	dhārāsadana	grade	16151	223-2	SCH-grade-12427_cases.xml	0
Direya	dhireya	dhireya	dhireya	grade	16160	223-2	SCH-grade-12427_cases.xml	0
DIvaratA	dhi1varata1	dhīvaratā	dhīvaratā	grade	16168	223-2	SCH-grade-12427_cases.xml	0
Duti	dhuti	dhuti	dhuti	grade	16171	223-3	SCH-grade-12427_cases.xml	0
DunIna	dhuni1na	dhunīna	dhunīna	grade	16172	223-3	SCH-grade-12427_cases.xml	0
DunDukka	Dhundhukka	dhundhukka	dhundhukka	grade	16173	223-3	SCH-grade-12427_cases.xml	0
DuMDuMDumArava	dhum2dhum2dhuma1rava	dhuṃdhuṃdhumārava	dhundhundhumārava	grade	16174	223-3	SCH-grade-12427_cases.xml	0
DUpakUpikA	dhu1paku1pika1	dhūpakūpikā	dhūpakūpikā	grade	16184	223-3	SCH-grade-12427_cases.xml	0
DUpaGawikA	dhu1paghat2ika1	dhūpaghaṭikā	dhūpaghaṭikā	grade	16185	223-3	SCH-grade-12427_cases.xml	0
DUpanipa	dhu1panipa	dhūpanipa	dhūpanipa	grade	16186	223-3	SCH-grade-12427_cases.xml	0
DUmaGumAyita	dhu1maghuma1yita	dhūmaghumāyita	dhūmaghumāyita	grade	16188	223-3	SCH-grade-12427_cases.xml	0
DUraRa	dhu1ran2a	dhūraṇa	dhūrana	grade	16200	224-1	SCH-grade-12427_cases.xml	0
DUlipuwI	dhu1liput2i1	dhūlipuṭī	dhūlipuṭī	grade	16209	224-1	SCH-grade-12427_cases.xml	0
DUlipowalI	dhu1lipot2ali1	dhūlipoṭalī	dhūlipoṭalī	grade	16210	224-1	SCH-grade-12427_cases.xml	0
DUlIkadambAyate	dhu1li1kadamba1y(ate)	dhūlīkadambāyate	dhūlīkadambāyate	grade	16212	224-1	SCH-grade-12427_cases.xml	0
DUlISAla	dhu1li1s4a1la	dhūlīśāla	dhūlīśāla	grade	16213	224-2	SCH-grade-12427_cases.xml	0
DUsarIkf	dhu1sari1kr2	dhūsarīkṛ	dhūsarīkṛ	grade	16216	224-2	SCH-grade-12427_cases.xml	0
DftASa	dhr2ta1s4a	dhṛtāśa	dhṛtāśa	grade	16221	224-2	SCH-grade-12427_cases.xml	0
Dftikara	dhr2tikara	dhṛtikara	dhṛtikara	grade	16222	224-2	SCH-grade-12427_cases.xml	0
DftiBava	dhr2tibhava	dhṛtibhava	dhṛtibhava	grade	16223	224-2	SCH-grade-12427_cases.xml	0
DEryayuj	dhairyayuj	dhairyayuj	dhairyayuj	grade	16230	224-2	SCH-grade-12427_cases.xml	0
Doritika	dhoritika	dhoritika	dhoritika	grade	16233	224-2	SCH-grade-12427_cases.xml	0
DovaRikI	dhovan2iki1	dhovaṇikī	dhovanikī	grade	16234	224-2	SCH-grade-12427_cases.xml	0
DOrita	dhaurita	dhaurita	dhaurita	grade	16235	224-2	SCH-grade-12427_cases.xml	0
DmAyaka	dhma1yaka	dhmāyaka	dhmāyaka	grade	16237	224-2	SCH-grade-12427_cases.xml	0
DyAmanikA	dhya1manika1	dhyāmanikā	dhyāmanikā	grade	16242	224-3	SCH-grade-12427_cases.xml	0
DyAmalatA	dhya1malata1	dhyāmalatā	dhyāmalatā	grade	16244	224-3	SCH-grade-12427_cases.xml	0
DruvAgIti	dhruva1gi1ti	dhruvāgīti	dhruvāgīti	grade	16250	224-3	SCH-grade-12427_cases.xml	0
DvajadukUla	dhvajaduku1la	dhvajadukūla	dhvajadukūla	grade	16253	224-3	SCH-grade-12427_cases.xml	0
DvajabanDa	dhvajabandha	dhvajabandha	dhvajabandha	grade	16255	224-3	SCH-grade-12427_cases.xml	0
DvANkzarAkzasa	dhva1n3ks2ara1ks2asa	dhvāṅkṣarākṣasa	dhvānkṣarākṣasa	grade	16267	225-3	SCH-grade-12427_cases.xml	0
DvAnavant	dhva1navant	dhvānavant	dhvānavant	grade	16271	225-3	SCH-grade-12427_cases.xml	0
naktaMkara	naktam2kara	naktaṃkara	naktankara	grade	16277	225a-1	SCH-grade-12427_cases.xml	0
naktaMmuKa	naktam2mukha	naktaṃmukha	naktammukha	grade	16280	225a-1	SCH-grade-12427_cases.xml	0
nakriyA	nakriya1	nakriyā	nakriyā	grade	16282	225a-1	SCH-grade-12427_cases.xml	0
nakzatrakzetra	naks2atraks2etra	nakṣatrakṣetra	nakṣatrakṣetra	grade	16285	225a-1	SCH-grade-12427_cases.xml	0
nakzatramAsa	naks2atrama1sa	nakṣatramāsa	nakṣatramāsa	grade	16287	225a-1	SCH-grade-12427_cases.xml	0
nakzatravARija	naks2atrava1n2ija	nakṣatravāṇija	nakṣatravānija	grade	16288	225a-1	SCH-grade-12427_cases.xml	0
naKacCedinI	nakhacchedini1	nakhacchedinī	nakhacchedinī	grade	16292	225a-2	SCH-grade-12427_cases.xml	0
naKadAna	nakhada1na	nakhadāna	nakhadāna	grade	16294	225a-2	SCH-grade-12427_cases.xml	0
naKaniveSa	nakhanives4a	nakhaniveśa	nakhaniveśa	grade	16295	225a-2	SCH-grade-12427_cases.xml	0
naKamuKa	nakhamukha	nakhamukha	nakhamukha	grade	16296	225a-2	SCH-grade-12427_cases.xml	0
naKalu	nakhalu	nakhalu	nakhalu	grade	16298	225a-2	SCH-grade-12427_cases.xml	0
naKavileKana	nakhavilekhana	nakhavilekhana	nakhavilekhana	grade	16299	225a-2	SCH-grade-12427_cases.xml	0
naKArpaRa	nakha1rpan2a	nakhārpaṇa	nakhārpana	grade	16301	225a-2	SCH-grade-12427_cases.xml	0
nagajanman	nagajanman	nagajanman	nagajanman	grade	16303	225a-2	SCH-grade-12427_cases.xml	0
naganandanA	naganandana1	naganandanā	naganandanā	grade	16305	225a-2	SCH-grade-12427_cases.xml	0
nagaranAyaka	nagarana1yaka	nagaranāyaka	nagaranāyaka	grade	16308	225a-2	SCH-grade-12427_cases.xml	0
nagaravastu	nagaravastu	nagaravastu	nagaravastu	grade	16312	225a-3	SCH-grade-12427_cases.xml	0
nagarAja	nagara1ja	nagarāja	nagarāja	grade	16313	225a-3	SCH-grade-12427_cases.xml	0
nagA	naga1	nagā	nagā	grade	16314	225a-3	SCH-grade-12427_cases.xml	0
nagnapracCanna	nagnapracchanna	nagnapracchanna	nagnapracchanna	grade	16319	225a-3	SCH-grade-12427_cases.xml	0
naqin	nad2in	naḍin	naḍin	grade	16325	225a-3	SCH-grade-12427_cases.xml	0
natimant	natimant	natimant	natimant	grade	16328	225a-3	SCH-grade-12427_cases.xml	0
nadIpAla	nadi1pa1la	nadīpāla	nadīpāla	grade	16336	226-1	SCH-grade-12427_cases.xml	0
nadIBft	nadi1bhr2t	nadībhṛt	nadībhṛt	grade	16337	226-1	SCH-grade-12427_cases.xml	0
nadISa	Nadi1s4a	nadīśa	nadīśa	grade	16339	226-1	SCH-grade-12427_cases.xml	0
nanirvfta	nanirvr2ta	nanirvṛta	nanirvṛta	grade	16343	226-1	SCH-grade-12427_cases.xml	0
naBaHkaRqUyana	nabhah2kan2d2u1yana	nabhaḥkaṇḍūyana	nabhaḥkanḍūyana	grade	16363	226-2	SCH-grade-12427_cases.xml	0
naBaHpuraMDri	nabhah2puram2dhri	nabhaḥpuraṃdhri	nabhaḥpurandhri	grade	16364	226-2	SCH-grade-12427_cases.xml	0
naBasyate	nabhasyate	nabhasyate	nabhasyate	grade	16366	226-2	SCH-grade-12427_cases.xml	0
naBoBid	nabhobhid	nabhobhid	nabhobhid	grade	16372	226-2	SCH-grade-12427_cases.xml	0
naBoyuvati	nabhoyuvati	nabhoyuvati	nabhoyuvati	grade	16373	226-2	SCH-grade-12427_cases.xml	0
naBoruD	nabhorudh	nabhorudh	nabhorudh	grade	16374	226-2	SCH-grade-12427_cases.xml	0
naBovartman	nabhovartman	nabhovartman	nabhovartman	grade	16376	226-2	SCH-grade-12427_cases.xml	0
naBovyApta	nabhovya1pta	nabhovyāpta	nabhovyāpta	grade	16377	226-2	SCH-grade-12427_cases.xml	0
namaskartavyatA	namaskartavyata1	namaskartavyatā	namaskartavyatā	grade	16381	226-3	SCH-grade-12427_cases.xml	0
namuciBid	Namucibhid	namucibhid	namucibhid	grade	16385	226-3	SCH-grade-12427_cases.xml	0
namrIkaraRa	namri1karan2a	namrīkaraṇa	namrīkarana	grade	16386	226-3	SCH-grade-12427_cases.xml	0
nayacakra	Nayacakra	nayacakra	nayacakra	grade	16388	226-3	SCH-grade-12427_cases.xml	0
nayanAmBas	nayana1mbhas	nayanāmbhas	nayanāmbhas	grade	16397	226-3	SCH-grade-12427_cases.xml	0
nayanArDa	nayana1rdha	nayanārdha	nayanārdha	grade	16399	226-3	SCH-grade-12427_cases.xml	0
narakaBid	Narakabhid	narakabhid	narakabhid	grade	16407	227-1	SCH-grade-12427_cases.xml	0
narakavala	narakavala	narakavala	narakavala	grade	16409	227-1	SCH-grade-12427_cases.xml	0
narakAnta	Naraka1nta	narakānta	narakānta	grade	16410	227-1	SCH-grade-12427_cases.xml	0
narakesaritA	narakesarita1	narakesaritā	narakesaritā	grade	16412	227-1	SCH-grade-12427_cases.xml	0
narapatIyati	narapati1y(ati)	narapatīyati	narapatīyati	grade	16414	227-1	SCH-grade-12427_cases.xml	0
naravyAla	naravya1la	naravyāla	naravyāla	grade	16420	227-1	SCH-grade-12427_cases.xml	0
narAyita	nara1yita	narāyita	narāyita	grade	16421	227-1	SCH-grade-12427_cases.xml	0
narASin	nara1s4in	narāśin	narāśin	grade	16422	227-1	SCH-grade-12427_cases.xml	0
narendravidyA	narendravidya1	narendravidyā	narendravidyā	grade	16423	227-1	SCH-grade-12427_cases.xml	0
nartanageha	nartanageha	nartanageha	nartanageha	grade	16425	227-1	SCH-grade-12427_cases.xml	0
nartanaBUmi	nartanabhu1mi	nartanabhūmi	nartanabhūmi	grade	16426	227-1	SCH-grade-12427_cases.xml	0
nartanAyatana	nartana1yatana	nartanāyatana	nartanāyatana	grade	16427	227-1	SCH-grade-12427_cases.xml	0
nartAvanI	narta1vani1	nartāvanī	nartāvanī	grade	16428	227-1	SCH-grade-12427_cases.xml	0
narmaDarman	Narmadharman	narmadharman	narmadharman	grade	16432	227-2	SCH-grade-12427_cases.xml	0
narmabanDu	narmabandhu	narmabandhu	narmabandhu	grade	16434	227-2	SCH-grade-12427_cases.xml	0
narmaBarman	Narmabharman	narmabharman	narmabharman	grade	16435	227-2	SCH-grade-12427_cases.xml	0
nalatUlavarRa	nalatu1lavarn2a	nalatūlavarṇa	nalatūlavarna	grade	16444	227-2	SCH-grade-12427_cases.xml	0
nalatUlA	nalatu1la1	nalatūlā	nalatūlā	grade	16445	227-2	SCH-grade-12427_cases.xml	0
nalikavela	nalikavela	nalikavela	nalikavela	grade	16449	227-2	SCH-grade-12427_cases.xml	0
nalikaveli	nalikaveli	nalikaveli	nalikaveli	grade	16450	227-2	SCH-grade-12427_cases.xml	0
nalinanABi	nalinana1bhi	nalinanābhi	nalinanābhi	grade	16452	227-2	SCH-grade-12427_cases.xml	0
nalinayoni	nalinayoni	nalinayoni	nalinayoni	grade	16453	227-2	SCH-grade-12427_cases.xml	0
nalinavyUha	nalinavyu1ha	nalinavyūha	nalinavyūha	grade	16454	227-2	SCH-grade-12427_cases.xml	0
nalinAyita	nalina1yita	nalināyita	nalināyita	grade	16455	227-2	SCH-grade-12427_cases.xml	0
nalinekzaRA	nalineks2an2a1	nalinekṣaṇā	nalinekṣanā	grade	16456	227-2	SCH-grade-12427_cases.xml	0
nalinodBUta	nalinodbhu1ta	nalinodbhūta	nalinodbhūta	grade	16457	227-2	SCH-grade-12427_cases.xml	0
naleSaya	nales4aya	naleśaya	naleśaya	grade	16459	227-3	SCH-grade-12427_cases.xml	0
navakarma	navakarma	navakarma	navakarma	grade	16461	227-3	SCH-grade-12427_cases.xml	0
navaGana	Navaghana	navaghana	navaghana	grade	16463	227-3	SCH-grade-12427_cases.xml	0
navanItakalpa	navani1takalpa	navanītakalpa	navanītakalpa	grade	16465	227-3	SCH-grade-12427_cases.xml	0
navanItaganDi	navani1tagandhi	navanītagandhi	navanītagandhi	grade	16466	227-3	SCH-grade-12427_cases.xml	0
navanItavarRa	navani1tavarn2a	navanītavarṇa	navanītavarna	grade	16467	227-3	SCH-grade-12427_cases.xml	0
navanItahetu	navani1tahetu	navanītahetu	navanītahetu	grade	16468	227-3	SCH-grade-12427_cases.xml	0
navamAlikAganDi	navama1lika1gandhi	navamālikāgandhi	navamālikāgandhi	grade	16473	227-3	SCH-grade-12427_cases.xml	0
navalatotsava	navalatotsava	navalatotsava	navalatotsava	grade	16479	227-3	SCH-grade-12427_cases.xml	0
navasevaka	navasevaka	navasevaka	navasevaka	grade	16482	228-1	SCH-grade-12427_cases.xml	0
navAgra	nava1gra	navāgra	navāgra	grade	16484	228-1	SCH-grade-12427_cases.xml	0
navAtapa	nava1tapa	navātapa	navātapa	grade	16485	228-1	SCH-grade-12427_cases.xml	0
navInAyate	navi1na1y(ate)	navīnāyate	navīnāyate	grade	16490	228-1	SCH-grade-12427_cases.xml	0
navekzuBakzikA	naveks2ubhaks2ika1	navekṣubhakṣikā	navekṣubhakṣikā	grade	16491	228-1	SCH-grade-12427_cases.xml	0
navoQAyate	navod2ha1y(ate)	navoḍhāyate	navoḍhāyate	grade	16492	228-1	SCH-grade-12427_cases.xml	0
nazwakoRa	nas2t2akon2a	naṣṭakoṇa	naṣṭakona	grade	16495	228-1	SCH-grade-12427_cases.xml	0
nazwaruDira	nas2t2arudhira	naṣṭarudhira	naṣṭarudhira	grade	16498	228-2	SCH-grade-12427_cases.xml	0
nazwasaMjYatva	nas2t2asam2jn5atva	naṣṭasaṃjñatva	naṣṭasanjnatva	grade	16499	228-2	SCH-grade-12427_cases.xml	0
nasaMhata	nasam2hata	nasaṃhata	nasanhata	grade	16500	228-2	SCH-grade-12427_cases.xml	0
naso	naso	naso	naso	grade	16502	228-2	SCH-grade-12427_cases.xml	0
nahAru	naha1ru	nahāru	nahāru	grade	16504	228-2	SCH-grade-12427_cases.xml	0
nAkatalAy	na1katala1y	nākatalāy	nākatalāy	grade	16506	228-2	SCH-grade-12427_cases.xml	0
nAkatas	na1katas	nākatas	nākatas	grade	16507	228-2	SCH-grade-12427_cases.xml	0
nAkadruh	na1kadruh	nākadruh	nākadruh	grade	16508	228-2	SCH-grade-12427_cases.xml	0
nAkaDAman	na1kadha1man	nākadhāman	nākadhāman	grade	16509	228-2	SCH-grade-12427_cases.xml	0
nAkanitambinI	na1kanitambini1	nākanitambinī	nākanitambinī	grade	16511	228-2	SCH-grade-12427_cases.xml	0
nAkanimnagA	na1kanimnaga1	nākanimnagā	nākanimnagā	grade	16512	228-2	SCH-grade-12427_cases.xml	0
nAkapramadA	na1kapramada1	nākapramadā	nākapramadā	grade	16513	228-2	SCH-grade-12427_cases.xml	0
nAkamaRi	na1kaman2i	nākamaṇi	nākamani	grade	16514	228-2	SCH-grade-12427_cases.xml	0
nAkamArga	na1kama1rga	nākamārga	nākamārga	grade	16515	228-2	SCH-grade-12427_cases.xml	0
nAkarAmA	na1kara1ma1	nākarāmā	nākarāmā	grade	16516	228-2	SCH-grade-12427_cases.xml	0
nAkalaya	na1kalaya	nākalaya	nākalaya	grade	16517	228-2	SCH-grade-12427_cases.xml	0
nAkalalanA	na1kalalana1	nākalalanā	nākalalanā	grade	16518	228-2	SCH-grade-12427_cases.xml	0
nAkavErin	na1kavairin	nākavairin	nākavairin	grade	16519	228-2	SCH-grade-12427_cases.xml	0
nAkasarit	na1kasarit	nākasarit	nākasarit	grade	16520	228-2	SCH-grade-12427_cases.xml	0
nAkasinDu	na1kasindhu	nākasindhu	nākasindhu	grade	16521	228-2	SCH-grade-12427_cases.xml	0
nAkANganA	na1ka1n3gana1	nākāṅganā	nākānganā	grade	16522	228-2	SCH-grade-12427_cases.xml	0
nAkAnokaha	na1ka1nokaha	nākānokaha	nākānokaha	grade	16523	228-2	SCH-grade-12427_cases.xml	0
nAkAri	na1ka1ri	nākāri	nākāri	grade	16524	228-2	SCH-grade-12427_cases.xml	0
nAkAlaya	na1ka1laya	nākālaya	nākālaya	grade	16525	228-3	SCH-grade-12427_cases.xml	0
nAkidruma	na1kidruma	nākidruma	nākidruma	grade	16526	228-3	SCH-grade-12427_cases.xml	0
nAkiBIru	na1kibhi1ru	nākibhīru	nākibhīru	grade	16527	228-3	SCH-grade-12427_cases.xml	0
nAkivaDU	na1kivadhu1	nākivadhū	nākivadhū	grade	16528	228-3	SCH-grade-12427_cases.xml	0
nAkesad	na1kesad	nākesad	nākesad	grade	16531	228-3	SCH-grade-12427_cases.xml	0
nAgadamana	na1gadamana	nāgadamana	nāgadamana	grade	16536	228-3	SCH-grade-12427_cases.xml	0
nAgaparvataka	Na1gaparvataka	nāgaparvataka	nāgaparvataka	grade	16538	228-3	SCH-grade-12427_cases.xml	0
nAgamuKa	na1gamukha	nāgamukha	nāgamukha	grade	16541	228-3	SCH-grade-12427_cases.xml	0
nAgaratva	na1garatva	nāgaratva	nāgaratva	grade	16544	228-3	SCH-grade-12427_cases.xml	0
nAgarAyaRa	na1gara1yan2a	nāgarāyaṇa	nāgarāyana	grade	16545	228-3	SCH-grade-12427_cases.xml	0
nAgavaktra	na1gavaktra	nāgavaktra	nāgavaktra	grade	16546	228-3	SCH-grade-12427_cases.xml	0
nAgavanavITI	na1gavanavi1thi1	nāgavanavīthī	nāgavanavīthī	grade	16547	229-1	SCH-grade-12427_cases.xml	0
nAgavfkzaka	na1gavr2ks2aka	nāgavṛkṣaka	nāgavṛkṣaka	grade	16551	229-1	SCH-grade-12427_cases.xml	0
nAgasPuwA	na1gasphut2a1	nāgasphuṭā	nāgasphuṭā	grade	16553	229-1	SCH-grade-12427_cases.xml	0
nAgendramuKa	Na1gendramukha	nāgendramukha	nāgendramukha	grade	16557	229-1	SCH-grade-12427_cases.xml	0
nAgeSa	na1ges4a	nāgeśa	nāgeśa	grade	16558	229-1	SCH-grade-12427_cases.xml	0
nAgodarikA	na1godarika1	nāgodarikā	nāgodarikā	grade	16559	229-1	SCH-grade-12427_cases.xml	0
nAwyagfha	na1t2yagr2ha	nāṭyagṛha	nāṭyagṛha	grade	16563	229-1	SCH-grade-12427_cases.xml	0
nAwyageha	na1t2yageha	nāṭyageha	nāṭyageha	grade	16564	229-1	SCH-grade-12427_cases.xml	0
nAwyanilaya	na1t2yanilaya	nāṭyanilaya	nāṭyanilaya	grade	16565	229-1	SCH-grade-12427_cases.xml	0
nAwyayoktar	na1t2yayoktar	nāṭyayoktar	nāṭyayoktar	grade	16566	229-1	SCH-grade-12427_cases.xml	0
nAwyavidyADara	Na1t2yavidya1dhara	nāṭyavidyādhara	nāṭyavidyādhara	grade	16567	229-1	SCH-grade-12427_cases.xml	0
nAqIjaNgHa	na1d2i1jan3gh2a	nāḍījaṅgḥa	nāḍījangḥa	grade	16570	229-1	SCH-grade-12427_cases.xml	0
nAqIdarSana	na1d2i1dars4ana	nāḍīdarśana	nāḍīdarśana	grade	16571	229-2	SCH-grade-12427_cases.xml	0
nAqIdvaya	na1d2i1dvaya	nāḍīdvaya	nāḍīdvaya	grade	16572	229-2	SCH-grade-12427_cases.xml	0
nATamah	na1thamah	nāthamah	nāthamah	grade	16591	229-2	SCH-grade-12427_cases.xml	0
nAdada	na1dada	nādada	nādada	grade	16593	229-2	SCH-grade-12427_cases.xml	0
nAnAmuKa	na1na1mukha	nānāmukha	nānāmukha	grade	16608	229-3	SCH-grade-12427_cases.xml	0
nAnAmuKam	na1na1mukham	nānāmukham	nānāmukham	grade	16609	229-3	SCH-grade-12427_cases.xml	0
nAnASa	na1na1s4a	nānāśa	nānāśa	grade	16614	229-3	SCH-grade-12427_cases.xml	0
nAnASara	na1na1s4ara	nānāśara	nānāśara	grade	16615	229-3	SCH-grade-12427_cases.xml	0
nApatya	[°na1patya	nāpatya	nāpatya	grade	16620	230-1	SCH-grade-12427_cases.xml	0
nABigiri	Na1bhigiri	nābhigiri	nābhigiri	grade	16624	230-1	SCH-grade-12427_cases.xml	0
nABipadma	na1bhipadma	nābhipadma	nābhipadma	grade	16626	230-1	SCH-grade-12427_cases.xml	0
nAmakfta	na1makr2ta	nāmakṛta	nāmakṛta	grade	16629	230-1	SCH-grade-12427_cases.xml	0
nAyakI	na1yaki1	nāyakī	nāyakī	grade	16639	230-1	SCH-grade-12427_cases.xml	0
nAyakIBUta	na1yaki1bhu1ta	nāyakībhūta	nāyakībhūta	grade	16640	230-1	SCH-grade-12427_cases.xml	0
nArakayoDa	na1rakayodha	nārakayodha	nārakayodha	grade	16642	230-2	SCH-grade-12427_cases.xml	0
nArAcavErocana	Na1ra1cavairocana	nārācavairocana	nārācavairocana	grade	16644	230-2	SCH-grade-12427_cases.xml	0
nArozwa	na1ros2t2a	nāroṣṭa	nāroṣṭa	grade	16649	230-2	SCH-grade-12427_cases.xml	0
nArozwra	na1ros2t2ra	nāroṣṭra	nāroṣṭra	grade	16650	230-2	SCH-grade-12427_cases.xml	0
nArozwrakarman	na1ros2t2rakarman	nāroṣṭrakarman	nāroṣṭrakarman	grade	16651	230-2	SCH-grade-12427_cases.xml	0
nArpata	na1rpata	nārpata	nārpata	grade	16652	230-2	SCH-grade-12427_cases.xml	0
nAlakartana	na1lakartana	nālakartana	nālakartana	grade	16657	230-2	SCH-grade-12427_cases.xml	0
nAlapadma	na1lapadma	nālapadma	nālapadma	grade	16658	230-2	SCH-grade-12427_cases.xml	0
nAlina	na1lina	nālina	nālina	grade	16663	230-3	SCH-grade-12427_cases.xml	0
nAvaDyakza	na1vadhyaks2a	nāvadhyakṣa	nāvadhyakṣa	grade	16669	230-3	SCH-grade-12427_cases.xml	0
nASikA	na1s4ika1	nāśikā	nāśikā	grade	16673	230-3	SCH-grade-12427_cases.xml	0
nASiYja	na1s4in5ja	nāśiñja	nāśinja	grade	16674	230-3	SCH-grade-12427_cases.xml	0
nAsAroka	na1sa1roka	nāsāroka	nāsāroka	grade	16680	230-3	SCH-grade-12427_cases.xml	0
niHpitfka	nih2pitr2ka	niḥpitṛka	niḥpitṛka	grade	16685	230-3	SCH-grade-12427_cases.xml	0
nikawatA	nikat2ata1	nikaṭatā	nikaṭatā	grade	16687	230-3	SCH-grade-12427_cases.xml	0
nikaraRa	nikaran2a	nikaraṇa	nikarana	grade	16688	230-3	SCH-grade-12427_cases.xml	0
nikaramba	nikaramba	nikaramba	nikaramba	grade	16689	231-1	SCH-grade-12427_cases.xml	0
nikAca	nika1ca	nikāca	nikāca	grade	16693	231-1	SCH-grade-12427_cases.xml	0
nikAryatA	nika1ryata1	nikāryatā	nikāryatā	grade	16696	231-1	SCH-grade-12427_cases.xml	0
nikftti	nikr2tti	nikṛtti	nikṛtti	grade	16704	231-1	SCH-grade-12427_cases.xml	0
nikfzwatva	nikr2s2t2atva	nikṛṣṭatva	nikṛṣṭatva	grade	16706	231-1	SCH-grade-12427_cases.xml	0
niketin	niketin	niketin	niketin	grade	16707	231-1	SCH-grade-12427_cases.xml	0
niKilataH	nikhilatah2	nikhilataḥ	nikhilata	grade	16714	231-2	SCH-grade-12427_cases.xml	0
nigadyAgama	nigadya1gama	nigadyāgama	nigadyāgama	grade	16717	231-2	SCH-grade-12427_cases.xml	0
nigamagrAma	nigamagra1ma	nigamagrāma	nigamagrāma	grade	16718	231-2	SCH-grade-12427_cases.xml	0
nigrahaBawwa	nigrahabhat2t2a	nigrahabhaṭṭa	nigrahabhaṭṭa	grade	16723	231-2	SCH-grade-12427_cases.xml	0
niGfzwA	nighr2s2t2a1	nighṛṣṭā	nighṛṣṭā	grade	16726	231-2	SCH-grade-12427_cases.xml	0
niGnAyamAna	nighna1yama1na	nighnāyamāna	nighnāyamāna	grade	16727	231-2	SCH-grade-12427_cases.xml	0
nicayakarma	nicayakarma	nicayakarma	nicayakarma	grade	16728	231-2	SCH-grade-12427_cases.xml	0
nicala	nicala	nicala	nicala	grade	16730	231-2	SCH-grade-12427_cases.xml	0
nicAyika	nica1yika	nicāyika	nicāyika	grade	16731	231-2	SCH-grade-12427_cases.xml	0
nijaguptA	nijagupta1	nijaguptā	nijaguptā	grade	16736	231-2	SCH-grade-12427_cases.xml	0
nijatA	nijata1	nijatā	nijatā	grade	16737	231-2	SCH-grade-12427_cases.xml	0
nijaruci	nijaruci	nijaruci	nijaruci	grade	16738	231-2	SCH-grade-12427_cases.xml	0
nityajAgarUka	nityaja1garu1ka	nityajāgarūka	nityajāgarūka	grade	16746	231-3	SCH-grade-12427_cases.xml	0
nityamaRqita	Nityaman2d2ita	nityamaṇḍita	nityamanḍita	grade	16748	231-3	SCH-grade-12427_cases.xml	0
nityasaMBava	nityasam2bhava	nityasaṃbhava	nityasambhava	grade	16751	231-3	SCH-grade-12427_cases.xml	0
nidAGaraSmi	nida1gharas4mi	nidāgharaśmi	nidāgharaśmi	grade	16755	231-3	SCH-grade-12427_cases.xml	0
nidAGarocis	nida1gharocis	nidāgharocis	nidāgharocis	grade	16757	231-3	SCH-grade-12427_cases.xml	0
nidAnay	nida1nay	nidānay	nidānay	grade	16760	231-3	SCH-grade-12427_cases.xml	0
nidrAkalaSa	nidra1kalas4a	nidrākalaśa	nidrākalaśa	grade	16764	231-3	SCH-grade-12427_cases.xml	0
nidrAga	nidra1ga	nidrāga	nidrāga	grade	16765	231-3	SCH-grade-12427_cases.xml	0
nidrAyita	nidra1yita	nidrāyita	nidrāyita	grade	16766	231-3	SCH-grade-12427_cases.xml	0
nidrAvant	nidra1vant	nidrāvant	nidrāvant	grade	16767	231-3	SCH-grade-12427_cases.xml	0
nidrASabda	nidra1s4abda	nidrāśabda	nidrāśabda	grade	16768	231-3	SCH-grade-12427_cases.xml	0
niDanayati	nidhanayati	nidhanayati	nidhanayati	grade	16769	231-3	SCH-grade-12427_cases.xml	0
niDAnIkfta	nidha1ni1kr2ta	nidhānīkṛta	nidhānīkṛta	grade	16772	232-1	SCH-grade-12427_cases.xml	0
niDAyaka	nidha1yaka	nidhāyaka	nidhāyaka	grade	16773	232-1	SCH-grade-12427_cases.xml	0
niDyaYjanOzaDImUla	nidhyan5janaus2adhi1mu1la	nidhyañjanauṣadhīmūla	nidhyanjanauṣadhīmūla	grade	16779	232-1	SCH-grade-12427_cases.xml	0
ninaMsu	ninam2su	ninaṃsu	ninansu	grade	16783	232-1	SCH-grade-12427_cases.xml	0
nindAvant	ninda1vant	nindāvant	nindāvant	grade	16784	232-1	SCH-grade-12427_cases.xml	0
nipAjIva	nipa1ji1va	nipājīva	nipājīva	grade	16789	232-1	SCH-grade-12427_cases.xml	0
nibanDapustaka	nibandhapustaka	nibandhapustaka	nibandhapustaka	grade	16796	232-2	SCH-grade-12427_cases.xml	0
nibiqIBUta	nibid2i1bhu1ta	nibiḍībhūta	nibiḍībhūta	grade	16797	232-2	SCH-grade-12427_cases.xml	0
nibirISa	nibiri1s4a	nibirīśa	nibirīśa	grade	16798	232-2	SCH-grade-12427_cases.xml	0
niBftayati	nibhr2tay(ati)	nibhṛtayati	nibhṛtayati	grade	16801	232-2	SCH-grade-12427_cases.xml	0
niBrAntitA	nibhra1ntita1	nibhrāntitā	nibhrāntitā	grade	16803	232-2	SCH-grade-12427_cases.xml	0
nimitaka	nimitaka	nimitaka	nimitaka	grade	16807	232-2	SCH-grade-12427_cases.xml	0
nimnIkfta	nimni1kr2ta	nimnīkṛta	nimnīkṛta	grade	16817	232-2	SCH-grade-12427_cases.xml	0
nimnonnatIkfta	nimnonnati1kr2ta	nimnonnatīkṛta	nimnonnatīkṛta	grade	16818	232-2	SCH-grade-12427_cases.xml	0
niyatakAlatva	niyataka1latva	niyatakālatva	niyatakālatva	grade	16819	232-2	SCH-grade-12427_cases.xml	0
niyamin	niyamin	niyamin	niyamin	grade	16822	232-3	SCH-grade-12427_cases.xml	0
niyAmin	niya1min	niyāmin	niyāmin	grade	16826	232-3	SCH-grade-12427_cases.xml	0
niyogIkfta	niyogi1kr2ta	niyogīkṛta	niyogīkṛta	grade	16829	232-3	SCH-grade-12427_cases.xml	0
niraticAra	niratica1ra	niraticāra	niraticāra	grade	16831	232-3	SCH-grade-12427_cases.xml	0
niranuka	[°niranuka	niranuka	niranuka	grade	16833	232-3	SCH-grade-12427_cases.xml	0
nirayati	niraya(ti)	nirayati	nirayati	grade	16840	232-3	SCH-grade-12427_cases.xml	0
niravatAra	niravata1ra	niravatāra	niravatāra	grade	16841	232-3	SCH-grade-12427_cases.xml	0
niravalambanatA	niravalambanata1	niravalambanatā	niravalambanatā	grade	16843	232-3	SCH-grade-12427_cases.xml	0
niravaSezatA	niravas4es2ata1	niravaśeṣatā	niravaśeṣatā	grade	16844	232-3	SCH-grade-12427_cases.xml	0
niraSri	niras4ri	niraśri	niraśri	grade	16845	232-3	SCH-grade-12427_cases.xml	0
nirastIkaraRa	nirasti1karan2a	nirastīkaraṇa	nirastīkarana	grade	16847	232-3	SCH-grade-12427_cases.xml	0
nirAtmakatA	nira1tmakata1	nirātmakatā	nirātmakatā	grade	16854	233-1	SCH-grade-12427_cases.xml	0
nirAdaraRa	nira1daran2a	nirādaraṇa	nirādarana	grade	16856	233-1	SCH-grade-12427_cases.xml	0
nirAmAyI	nira1ma1yi1	nirāmāyī	nirāmāyī	grade	16857	233-1	SCH-grade-12427_cases.xml	0
nirASana	nira1s4ana	nirāśana	nirāśana	grade	16861	233-1	SCH-grade-12427_cases.xml	0
nirASrava	nira1s4rava	nirāśrava	nirāśrava	grade	16862	233-1	SCH-grade-12427_cases.xml	0
nirIwa	niri1t2a	nirīṭa	nirīṭa	grade	16866	233-1	SCH-grade-12427_cases.xml	0
nirISa	niri1s4a	nirīśa	nirīśa	grade	16867	233-1	SCH-grade-12427_cases.xml	0
nirucCvAsam	nirucchva1sam	nirucchvāsam	nirucchvāsam	grade	16869	233-1	SCH-grade-12427_cases.xml	0
nirutsAraRa	nirutsa1ran2a	nirutsāraṇa	nirutsārana	grade	16871	233-1	SCH-grade-12427_cases.xml	0
nirupapluti	nirupapluti	nirupapluti	nirupapluti	grade	16874	233-2	SCH-grade-12427_cases.xml	0
niroka	niroka	niroka	niroka	grade	16889	233-2	SCH-grade-12427_cases.xml	0
nirokajaWara	nirokajat2hara	nirokajaṭhara	nirokajaṭhara	grade	16890	233-2	SCH-grade-12427_cases.xml	0
nirguwa	nirgut2a	nirguṭa	nirguṭa	grade	16896	233-2	SCH-grade-12427_cases.xml	0
nirGarza	nirghars2a	nirgharṣa	nirgharṣa	grade	16898	233-2	SCH-grade-12427_cases.xml	0
nirGAwana	nirgha1t2ana	nirghāṭana	nirghāṭana	grade	16899	233-3	SCH-grade-12427_cases.xml	0
nirGAsa	nirgha1sa	nirghāsa	nirghāsa	grade	16901	233-3	SCH-grade-12427_cases.xml	0
nirjanAvasara	nirjana1vasara	nirjanāvasara	nirjanāvasara	grade	16902	233-3	SCH-grade-12427_cases.xml	0
nirjarataraMgavatI	nirjarataram2gavati1	nirjarataraṃgavatī	nirjaratarangavatī	grade	16903	233-3	SCH-grade-12427_cases.xml	0
nirjaradAsa	Nirjarada1sa	nirjaradāsa	nirjaradāsa	grade	16904	233-3	SCH-grade-12427_cases.xml	0
nirjaradviz	nirjaradvis2	nirjaradviṣ	nirjaradviṣ	grade	16905	233-3	SCH-grade-12427_cases.xml	0
nirjaranirJariRI	nirjaranirjharin2i1	nirjaranirjhariṇī	nirjaranirjharinī	grade	16906	233-3	SCH-grade-12427_cases.xml	0
nirjarapratiBU	nirjarapratibhu1	nirjarapratibhū	nirjarapratibhū	grade	16907	233-3	SCH-grade-12427_cases.xml	0
nirjararAja	nirjarara1ja	nirjararāja	nirjararāja	grade	16908	233-3	SCH-grade-12427_cases.xml	0
nirjalIkaraRa	nirjali1karan2a	nirjalīkaraṇa	nirjalīkarana	grade	16910	233-3	SCH-grade-12427_cases.xml	0
nirjigIzutA	nirjigi1s2uta1	nirjigīṣutā	nirjigīṣutā	grade	16912	233-3	SCH-grade-12427_cases.xml	0
nirRIti	nirn2i1ti	nirṇīti	nirnīti	grade	16918	233-3	SCH-grade-12427_cases.xml	0
nirdayatA	nirdayata1	nirdayatā	nirdayatā	grade	16920	233-3	SCH-grade-12427_cases.xml	0
nirdAkziRyam	nirda1ks2in2yam	nirdākṣiṇyam	nirdākṣinyam	grade	16923	234-1	SCH-grade-12427_cases.xml	0
nirDyAma	nirdhya1ma	nirdhyāma	nirdhyāma	grade	16929	234-1	SCH-grade-12427_cases.xml	0
nirbanDatA	nirbandhata1	nirbandhatā	nirbandhatā	grade	16934	234-1	SCH-grade-12427_cases.xml	0
nirbalatva	nirbalatva	nirbalatva	nirbalatva	grade	16937	234-1	SCH-grade-12427_cases.xml	0
nirbIjatA	nirbi1jata1	nirbījatā	nirbījatā	grade	16939	234-1	SCH-grade-12427_cases.xml	0
nirbIjIkaraRa	nirbi1ji1karan2a	nirbījīkaraṇa	nirbījīkarana	grade	16940	234-1	SCH-grade-12427_cases.xml	0
nirBayatva	nirbhayatva	nirbhayatva	nirbhayatva	grade	16941	234-1	SCH-grade-12427_cases.xml	0
nirBAgin	nirbha1gin	nirbhāgin	nirbhāgin	grade	16944	234-1	SCH-grade-12427_cases.xml	0
nirBojana	nirbhojana	nirbhojana	nirbhojana	grade	16947	234-1	SCH-grade-12427_cases.xml	0
nirBrAntitA	nirbhrantita1	nirbhrāntitā	nirbhrāntitā	grade	16948	234-1	SCH-grade-12427_cases.xml	0
nirmadIkfta	nirmadi1kr2ta	nirmadīkṛta	nirmadīkṛta	grade	16950	234-2	SCH-grade-12427_cases.xml	0
nirmaryAdatA	nirmarya1data1	nirmaryādatā	nirmaryādatā	grade	16951	234-2	SCH-grade-12427_cases.xml	0
nirmalita	nirmalita	nirmalita	nirmalita	grade	16953	234-2	SCH-grade-12427_cases.xml	0
nirmApaRa	nirma1pan2a	nirmāpaṇa	nirmāpana	grade	16957	234-2	SCH-grade-12427_cases.xml	0
nirmIlana	nirmi1lana	nirmīlana	nirmīlana	grade	16962	234-2	SCH-grade-12427_cases.xml	0
nirmuKa	nirmukha	nirmukha	nirmukha	grade	16964	234-2	SCH-grade-12427_cases.xml	0
nirmudra	nirmudra	nirmudra	nirmudra	grade	16965	234-2	SCH-grade-12427_cases.xml	0
nirmUlakAzam	nirmu1laka1s2am	nirmūlakāṣam	nirmūlakāṣam	grade	16966	234-2	SCH-grade-12427_cases.xml	0
nirmUlin	nirmu1lin	nirmūlin	nirmūlin	grade	16968	234-2	SCH-grade-12427_cases.xml	0
nirmfzwatA	nirmr2s2t2ata1	nirmṛṣṭatā	nirmṛṣṭatā	grade	16970	234-2	SCH-grade-12427_cases.xml	0
nirmoda	nirmoda	nirmoda	nirmoda	grade	16971	234-2	SCH-grade-12427_cases.xml	0
niryApaka	nirya1paka	niryāpaka	niryāpaka	grade	16973	234-2	SCH-grade-12427_cases.xml	0
nirlakzam	nirlaks2am	nirlakṣam	nirlakṣam	grade	16977	234-3	SCH-grade-12427_cases.xml	0
nirlUnita	nirlu1nita	nirlūnita	nirlūnita	grade	16979	234-3	SCH-grade-12427_cases.xml	0
nirloWa	nirlot2ha	nirloṭha	nirloṭha	grade	16980	234-3	SCH-grade-12427_cases.xml	0
nirlvayinI	nirlvayini1	nirlvayinī	nirlvayinī	grade	16982	234-3	SCH-grade-12427_cases.xml	0
nirvadanAvikAra	nirvadana1vika1ra	nirvadanāvikāra	nirvadanāvikāra	grade	16985	234-3	SCH-grade-12427_cases.xml	0
nirvAkU	Nirva1ku1	nirvākū	nirvākū	grade	16991	234-3	SCH-grade-12427_cases.xml	0
nirvikalpatA	nirvikalpata1	nirvikalpatā	nirvikalpatā	grade	16992	234-3	SCH-grade-12427_cases.xml	0
nirvinodatva	nirvinodatva	nirvinodatva	nirvinodatva	grade	16995	234-3	SCH-grade-12427_cases.xml	0
nirvinDyam	nirvindhyam	nirvindhyam	nirvindhyam	grade	16996	234-3	SCH-grade-12427_cases.xml	0
nirvipakza	nirvipaks2a	nirvipakṣa	nirvipakṣa	grade	16997	234-3	SCH-grade-12427_cases.xml	0
nirviplava	nirviplava	nirviplava	nirviplava	grade	16998	234-3	SCH-grade-12427_cases.xml	0
nirviBAga	nirvibha1ga	nirvibhāga	nirvibhāga	grade	16999	234-3	SCH-grade-12427_cases.xml	0
nirvyAbADa	nirvya1ba1dha	nirvyābādha	nirvyābādha	grade	17010	235-1	SCH-grade-12427_cases.xml	0
nirvyAma	nirvya1ma	nirvyāma	nirvyāma	grade	17011	235-1	SCH-grade-12427_cases.xml	0
nirhAti	nirha1ti	nirhāti	nirhāti	grade	17014	235-1	SCH-grade-12427_cases.xml	0
nirhAsa	nirha1sa	nirhāsa	nirhāsa	grade	17015	235-1	SCH-grade-12427_cases.xml	0
nirhAsya	nirha1sya	nirhāsya	nirhāsya	grade	17016	235-1	SCH-grade-12427_cases.xml	0
nirhrAsana	nirhra1sana	nirhrāsana	nirhrāsana	grade	17018	235-1	SCH-grade-12427_cases.xml	0
nilampa	[°nilampa	nilampa	nilampa	grade	17019	235-1	SCH-grade-12427_cases.xml	0
nilayin	nilayin	nilayin	nilayin	grade	17020	235-1	SCH-grade-12427_cases.xml	0
nilimpaka	nilimpaka	nilimpaka	nilimpaka	grade	17022	235-1	SCH-grade-12427_cases.xml	0
nivAsayazwi	niva1sayas2t2i	nivāsayaṣṭi	nivāsayaṣṭi	grade	17031	235-2	SCH-grade-12427_cases.xml	0
nivAsavant	niva1savant	nivāsavant	nivāsavant	grade	17033	235-2	SCH-grade-12427_cases.xml	0
nivAsIkfta	niva1si1kr2ta	nivāsīkṛta	nivāsīkṛta	grade	17035	235-2	SCH-grade-12427_cases.xml	0
niviBAsin	nivibha1sin	nivibhāsin	nivibhāsin	grade	17036	235-2	SCH-grade-12427_cases.xml	0
niveSa	nives4a	niveśa	niveśa	grade	17038	235-2	SCH-grade-12427_cases.xml	0
niSAkarman	nis4a1karman	niśākarman	niśākarman	grade	17041	235-2	SCH-grade-12427_cases.xml	0
niSAkft	nis4a1kr2t	niśākṛt	niśākṛt	grade	17042	235-2	SCH-grade-12427_cases.xml	0
niSAcara	nis4a1cara	niśācara	niśācara	grade	17043	235-2	SCH-grade-12427_cases.xml	0
niSAcArin	nis4a1ca1rin	niśācārin	niśācārin	grade	17044	235-2	SCH-grade-12427_cases.xml	0
niSAdarSa	nis4a1dars4a	niśādarśa	niśādarśa	grade	17046	235-2	SCH-grade-12427_cases.xml	0
niSAdvaya	nis4a1dvaya	niśādvaya	niśādvaya	grade	17049	235-2	SCH-grade-12427_cases.xml	0
niSAnana	nis4a1nana	niśānana	niśānana	grade	17050	235-2	SCH-grade-12427_cases.xml	0
niSAntasArI	nis4a1ntasa1ri1	niśāntasārī	niśāntasārī	grade	17053	235-2	SCH-grade-12427_cases.xml	0
niSApati	nis4a1pati	niśāpati	niśāpati	grade	17054	235-2	SCH-grade-12427_cases.xml	0
niSAmbu	nis4a1mbu	niśāmbu	niśāmbu	grade	17055	235-3	SCH-grade-12427_cases.xml	0
niSAyitam	nis4a1yitam	niśāyitam	niśāyitam	grade	17056	235-3	SCH-grade-12427_cases.xml	0
niSAyugma	nis4a1yugma	niśāyugma	niśāyugma	grade	17057	235-3	SCH-grade-12427_cases.xml	0
niSAraRa	nis4a1ran2a	niśāraṇa	niśārana	grade	17058	235-3	SCH-grade-12427_cases.xml	0
niSAramaRa	nis4a1raman2a	niśāramaṇa	niśāramana	grade	17059	235-3	SCH-grade-12427_cases.xml	0
niSITavatIpriya	nis4i1thavati1priya	niśīthavatīpriya	niśīthavatīpriya	grade	17060	235-3	SCH-grade-12427_cases.xml	0
niSITinIcArin	nis4i1thini1ca1rin	niśīthinīcārin	niśīthinīcārin	grade	17061	235-3	SCH-grade-12427_cases.xml	0
niSITinISa	nis4i1thini1s4a	niśīthinīśa	niśīthinīśa	grade	17063	235-3	SCH-grade-12427_cases.xml	0
niScalatA	nis4calata1	niścalatā	niścalatā	grade	17067	235-3	SCH-grade-12427_cases.xml	0
niScalIkar	nis4cali1kar	niścalīkar	niścalīkar	grade	17068	235-3	SCH-grade-12427_cases.xml	0
niScalIkaraRa	nis4cali1karan2a	niścalīkaraṇa	niścalīkarana	grade	17069	235-3	SCH-grade-12427_cases.xml	0
niScalIBU	nis4cali1bhu1	niścalībhū	niścalībhū	grade	17070	235-3	SCH-grade-12427_cases.xml	0
niScitIkfta	nis4citi1kr2ta	niścitīkṛta	niścitīkṛta	grade	17073	235-3	SCH-grade-12427_cases.xml	0
niScintatA	nis4cintata1	niścintatā	niścintatā	grade	17074	235-3	SCH-grade-12427_cases.xml	0
niScotana	nis4cotana	niścotana	niścotana	grade	17076	235-3	SCH-grade-12427_cases.xml	0
niScyota	nis4cyota	niścyota	niścyota	grade	17077	235-3	SCH-grade-12427_cases.xml	0
niSCidrIkfta	nis4chidri1kr2ta	niśchidrīkṛta	niśchidrīkṛta	grade	17078	235-3	SCH-grade-12427_cases.xml	0
niSreRi	nis4ren2i	niśreṇi	niśreni	grade	17080	236-1	SCH-grade-12427_cases.xml	0
niSreRikA	nis4ren2ika1	niśreṇikā	niśrenikā	grade	17081	236-1	SCH-grade-12427_cases.xml	0
niHSarIra	nih2s4ari1ra	niḥśarīra	niḥśarīra	grade	17083	236-1	SCH-grade-12427_cases.xml	0
niHSalAka	nih2s4ala1ka	niḥśalāka	niḥśalāka	grade	17084	236-1	SCH-grade-12427_cases.xml	0
niHSezam	nih2s4es2am	niḥśeṣam	niḥśeṣam	grade	17087	236-1	SCH-grade-12427_cases.xml	0
niHSreRi	nih2s4ren2i	niḥśreṇi	niḥśreni	grade	17088	236-1	SCH-grade-12427_cases.xml	0
nizakti	nis2akti	niṣakti	niṣakti	grade	17091	236-1	SCH-grade-12427_cases.xml	0
nizkaRwakIBU	nis2kan2t2aki1bhu1	niṣkaṇṭakībhū	niṣkanṭakībhū	grade	17104	236-1	SCH-grade-12427_cases.xml	0
nizkiMcanatA	nis2kim2canata1	niṣkiṃcanatā	niṣkincanatā	grade	17116	236-2	SCH-grade-12427_cases.xml	0
nizkuwaja	nis2kut2aja	niṣkuṭaja	niṣkuṭaja	grade	17118	236-2	SCH-grade-12427_cases.xml	0
nizkuradvAra	nis2kuradva1ra	niṣkuradvāra	niṣkuradvāra	grade	17119	236-2	SCH-grade-12427_cases.xml	0
nizkrAma	nis2kra1ma	niṣkrāma	niṣkrāma	grade	17124	236-2	SCH-grade-12427_cases.xml	0
nizkrAmya	nis2kra1mya	niṣkrāmya	niṣkrāmya	grade	17125	236-2	SCH-grade-12427_cases.xml	0
nizkriyANgatA	nis2kriya1n3gata1	niṣkriyāṅgatā	niṣkriyāngatā	grade	17126	236-2	SCH-grade-12427_cases.xml	0
nizwaNkita	nis2t2an3kita	niṣṭaṅkita	niṣṭankita	grade	17127	236-2	SCH-grade-12427_cases.xml	0
nizRatA	nis2n2ata1	niṣṇatā	niṣnatā	grade	17136	236-3	SCH-grade-12427_cases.xml	0
nizRAtatA	nis2n2a1tata1	niṣṇātatā	niṣnātatā	grade	17137	236-3	SCH-grade-12427_cases.xml	0
nizparigrahatva	nis2parigrahatva	niṣparigrahatva	niṣparigrahatva	grade	17142	236-3	SCH-grade-12427_cases.xml	0
nizpAka	nis2pa1ka	niṣpāka	niṣpāka	grade	17144	236-3	SCH-grade-12427_cases.xml	0
nizprakampitva	nis2prakampitva	niṣprakampitva	niṣprakampitva	grade	17155	236-3	SCH-grade-12427_cases.xml	0
nizpratiGatA	nis2pratighata1	niṣpratighatā	niṣpratighatā	grade	17159	237-1	SCH-grade-12427_cases.xml	0
nizpratipatti	nis2pratipatti	niṣpratipatti	niṣpratipatti	grade	17160	237-1	SCH-grade-12427_cases.xml	0
nizpratipattika	nis2pratipattika	niṣpratipattika	niṣpratipattika	grade	17161	237-1	SCH-grade-12427_cases.xml	0
nizpratipattikatva	nis2pratipattikatva	niṣpratipattikatva	niṣpratipattikatva	grade	17162	237-1	SCH-grade-12427_cases.xml	0
nizpramanda	nis2pramanda	niṣpramanda	niṣpramanda	grade	17165	237-1	SCH-grade-12427_cases.xml	0
nizprayAsam	nis2praya1sam	niṣprayāsam	niṣprayāsam	grade	17166	237-1	SCH-grade-12427_cases.xml	0
nizvananakanikA	nis2vananakanika1	niṣvananakanikā	niṣvananakanikā	grade	17170	237-1	SCH-grade-12427_cases.xml	0
nisfzwArTatva	nisr2s2t2a1rthatva	nisṛṣṭārthatva	nisṛṣṭārthatva	grade	17175	237-1	SCH-grade-12427_cases.xml	0
nisfzwileKa	nisr2s2t2i(lekha	nisṛṣṭilekha	nisṛṣṭilekha	grade	17176	237-1	SCH-grade-12427_cases.xml	0
nistimita	nistimita	nistimita	nistimita	grade	17180	237-2	SCH-grade-12427_cases.xml	0
nistoka	nistoka	nistoka	nistoka	grade	17185	237-2	SCH-grade-12427_cases.xml	0
nistriMSatA	nistrim2s4ata1	nistriṃśatā	nistrinśatā	grade	17186	237-2	SCH-grade-12427_cases.xml	0
nistriMSatva	nistrim2s4atva	nistriṃśatva	nistrinśatva	grade	17187	237-2	SCH-grade-12427_cases.xml	0
nistriMSapattra	nistrim2s4apattra	nistriṃśapattra	nistrinśapattra	grade	17188	237-2	SCH-grade-12427_cases.xml	0
nistviz	nistvis2	nistviṣ	nistviṣ	grade	17191	237-2	SCH-grade-12427_cases.xml	0
nisrAvaka	nisra1vaka	nisrāvaka	nisrāvaka	grade	17192	237-2	SCH-grade-12427_cases.xml	0
niHsaNgIkfta	nih2san3gi1kr2ta	niḥsaṅgīkṛta	niḥsangīkṛta	grade	17196	237-2	SCH-grade-12427_cases.xml	0
niHsaMgItam	nih2sam2gi1tam	niḥsaṃgītam	niḥsangītam	grade	17197	237-2	SCH-grade-12427_cases.xml	0
niHsaMcAratA	nih2sam2ca1rata1	niḥsaṃcāratā	niḥsancāratā	grade	17198	237-2	SCH-grade-12427_cases.xml	0
nissARa	nissa1n2a	nissāṇa	nissāna	grade	17203	237-3	SCH-grade-12427_cases.xml	0
niHsIraDvajadaSaraTIkf	nih2si1radhvajadas4arathi1kr2	niḥsīradhvajadaśarathīkṛ	niḥsīradhvajadaśarathīkṛ	grade	17206	237-3	SCH-grade-12427_cases.xml	0
niHsUka	nih2su1ka	niḥsūka	niḥsūka	grade	17208	237-3	SCH-grade-12427_cases.xml	0
niHsnigDa	nih2snigdha	niḥsnigdha	niḥsnigdha	grade	17209	237-3	SCH-grade-12427_cases.xml	0
niHsyandana	nih2syandana	niḥsyandana	niḥsyandana	grade	17210	237-3	SCH-grade-12427_cases.xml	0
niHsvAna	nih2sva1na	niḥsvāna	niḥsvāna	grade	17211	237-3	SCH-grade-12427_cases.xml	0
niHsveda	nih2sveda	niḥsveda	niḥsveda	grade	17212	237-3	SCH-grade-12427_cases.xml	0
nihAlana	niha1lana	nihālana	nihālana	grade	17213	237-3	SCH-grade-12427_cases.xml	0
nIcErgata	ni1cairgata	nīcairgata	nīcairgata	grade	17219	238-1	SCH-grade-12427_cases.xml	0
nIcEScara	ni1cais4cara	nīcaiścara	nīcaiścara	grade	17220	238-1	SCH-grade-12427_cases.xml	0
nItinetra	Ni1tinetra	nītinetra	nītinetra	grade	17224	238-1	SCH-grade-12427_cases.xml	0
nItipa	ni1tipa	nītipa	nītipa	grade	17225	238-1	SCH-grade-12427_cases.xml	0
nItibfhaspati	Ni1tibr2haspati	nītibṛhaspati	nītibṛhaspati	grade	17226	238-1	SCH-grade-12427_cases.xml	0
nItimattA	ni1timatta1	nītimattā	nītimattā	grade	17227	238-1	SCH-grade-12427_cases.xml	0
nIpaka	ni1paka	nīpaka	nīpaka	grade	17228	238-1	SCH-grade-12427_cases.xml	0
nIrakzIra	ni1raks2i1ra	nīrakṣīra	nīrakṣīra	grade	17229	238-1	SCH-grade-12427_cases.xml	0
nIrajAkza	ni1raja1ks2a	nīrajākṣa	nīrajākṣa	grade	17234	238-1	SCH-grade-12427_cases.xml	0
nIrajinI	ni1rajini1	nīrajinī	nīrajinī	grade	17235	238-1	SCH-grade-12427_cases.xml	0
nIratna	ni1ratna	nīratna	nīratna	grade	17236	238-1	SCH-grade-12427_cases.xml	0
nIrabanDa	ni1rabandha	nīrabandha	nīrabandha	grade	17241	238-1	SCH-grade-12427_cases.xml	0
nIrasika	ni1rasika	nīrasika	nīrasika	grade	17243	238-1	SCH-grade-12427_cases.xml	0
nIreKa	ni1rekha	nīrekha	nīrekha	grade	17246	238-1	SCH-grade-12427_cases.xml	0
nIreKatA	ni1rekhata1	nīrekhatā	nīrekhatā	grade	17247	238-1	SCH-grade-12427_cases.xml	0
nIrecara	ni1recara	nīrecara	nīrecara	grade	17248	238-2	SCH-grade-12427_cases.xml	0
nIreja	ni1reja	nīreja	nīreja	grade	17249	238-2	SCH-grade-12427_cases.xml	0
nIrepas	ni1repas	nīrepas	nīrepas	grade	17250	238-2	SCH-grade-12427_cases.xml	0
nIlakaMDara	ni1lakam2dhara	nīlakaṃdhara	nīlakandhara	grade	17252	238-2	SCH-grade-12427_cases.xml	0
nIlavarRIkfta	ni1lavarn2i1kr2ta	nīlavarṇīkṛta	nīlavarnīkṛta	grade	17260	238-2	SCH-grade-12427_cases.xml	0
nIlaSilA	ni1las4ila1	nīlaśilā	nīlaśilā	grade	17261	238-2	SCH-grade-12427_cases.xml	0
nIlAvalIyaka	ni1la1vali1ya(ka)	nīlāvalīyaka	nīlāvalīyaka	grade	17264	238-2	SCH-grade-12427_cases.xml	0
nIlotpalita	ni1lotpalita	nīlotpalita	nīlotpalita	grade	17268	238-2	SCH-grade-12427_cases.xml	0
nIvAramuzwipacana	ni1va1ramus2t2ipacana	nīvāramuṣṭipacana	nīvāramuṣṭipacana	grade	17271	238-2	SCH-grade-12427_cases.xml	0
nIvInivAraRa	ni1vi1niva1ran2a	nīvīnivāraṇa	nīvīnivārana	grade	17274	238-2	SCH-grade-12427_cases.xml	0
nIhAraDAman	ni1ha1radha1man	nīhāradhāman	nīhāradhāman	grade	17279	238-3	SCH-grade-12427_cases.xml	0
nIhAramahIDara	ni1ha1ramahi1dhara	nīhāramahīdhara	nīhāramahīdhara	grade	17280	238-3	SCH-grade-12427_cases.xml	0
nIhAraSEla	ni1ha1ras4aila	nīhāraśaila	nīhāraśaila	grade	17281	238-3	SCH-grade-12427_cases.xml	0
nIhArAyate	ni1ha1ra1yate	nīhārāyate	nīhārāyate	grade	17283	238-3	SCH-grade-12427_cases.xml	0
nunnAma	[°nunna1ma	nunnāma	nunnāma	grade	17289	238-3	SCH-grade-12427_cases.xml	0
nUtanIkf	nu1tani1kr2	nūtanīkṛ	nūtanīkṛ	grade	17290	238-3	SCH-grade-12427_cases.xml	0
nfjvAtA	nr2jva1ta1	nṛjvātā	nṛjvātā	grade	17295	238-3	SCH-grade-12427_cases.xml	0
nfttavfttAnta	nr2ttavr2tta1nta	nṛttavṛttānta	nṛttavṛttānta	grade	17297	238-3	SCH-grade-12427_cases.xml	0
nftyageha	nr2tyageha	nṛtyageha	nṛtyageha	grade	17298	238-3	SCH-grade-12427_cases.xml	0
nftyaBUmi	nr2tyabhu1mi	nṛtyabhūmi	nṛtyabhūmi	grade	17299	238-3	SCH-grade-12427_cases.xml	0
nftva	nr2tva	nṛtva	nṛtva	grade	17300	238-3	SCH-grade-12427_cases.xml	0
nfpatisTAna	nr2patistha1na	nṛpatisthāna	nṛpatisthāna	grade	17301	239-1	SCH-grade-12427_cases.xml	0
nfpatI	nr2pati1	nṛpatī	nṛpatī	grade	17302	239-1	SCH-grade-12427_cases.xml	0
nfpayajYa	nr2payajn5a	nṛpayajña	nṛpayajna	grade	17304	239-1	SCH-grade-12427_cases.xml	0
nfpABAsa	nr2pa1bha1sa	nṛpābhāsa	nṛpābhāsa	grade	17305	239-1	SCH-grade-12427_cases.xml	0
nfpAy	nr2pa1y	nṛpāy	nṛpāy	grade	17306	239-1	SCH-grade-12427_cases.xml	0
nfpurI	nr2puri1	nṛpurī	nṛpurī	grade	17308	239-1	SCH-grade-12427_cases.xml	0
nfBuj	nr2bhuj	nṛbhuj	nṛbhuj	grade	17310	239-1	SCH-grade-12427_cases.xml	0
nfmuRqa	nr2mun2d2a	nṛmuṇḍa	nṛmunḍa	grade	17311	239-1	SCH-grade-12427_cases.xml	0
netratriBAga	netratribha1ga	netratribhāga	netratribhāga	grade	17315	239-1	SCH-grade-12427_cases.xml	0
netrapawa	netrapat2a	netrapaṭa	netrapaṭa	grade	17316	239-1	SCH-grade-12427_cases.xml	0
netrapawala	netrapat2ala	netrapaṭala	netrapaṭala	grade	17317	239-1	SCH-grade-12427_cases.xml	0
netraSruti	netras4ruti	netraśruti	netraśruti	grade	17322	239-1	SCH-grade-12427_cases.xml	0
netrAYcala	netra1n5cala	netrāñcala	netrāncala	grade	17324	239-1	SCH-grade-12427_cases.xml	0
nepaTyapAtra	nepathyapa1tra	nepathyapātra	nepathyapātra	grade	17327	239-1	SCH-grade-12427_cases.xml	0
nepaTyaviDi	nepathyavidhi	nepathyavidhi	nepathyavidhi	grade	17328	239-1	SCH-grade-12427_cases.xml	0
nemideva	Nemideva	nemideva	nemideva	grade	17331	239-2	SCH-grade-12427_cases.xml	0
nEkadyuti	naikadyuti	naikadyuti	naikadyuti	grade	17334	239-2	SCH-grade-12427_cases.xml	0
nEpAlaka	Naipa1laka	naipālaka	naipālaka	grade	17342	239-2	SCH-grade-12427_cases.xml	0
nEyAyaka	naiya1yaka	naiyāyaka	naiyāyaka	grade	17347	239-2	SCH-grade-12427_cases.xml	0
nErada	nairada	nairada	nairada	grade	17350	239-2	SCH-grade-12427_cases.xml	0
nErftyakoRa	nairr2tyakon2a	nairṛtyakoṇa	nairṛtyakona	grade	17352	239-2	SCH-grade-12427_cases.xml	0
nErdAkziRya	nairda1ks2in2ya	nairdākṣiṇya	nairdākṣinya	grade	17356	239-3	SCH-grade-12427_cases.xml	0
nEveSanika	naives4anika	naiveśanika	naiveśanika	grade	17363	239-3	SCH-grade-12427_cases.xml	0
nEzAdI	nais2a1di1	naiṣādī	naiṣādī	grade	17366	239-3	SCH-grade-12427_cases.xml	0
nEsfzwika	naisr2s2t2ika	naisṛṣṭika	naisṛṣṭika	grade	17370	239-3	SCH-grade-12427_cases.xml	0
nOkahAwaka	naukaha1t2aka	naukahāṭaka	naukahāṭaka	grade	17377	239-3	SCH-grade-12427_cases.xml	0
nOvittaka	nauvittaka	nauvittaka	nauvittaka	grade	17386	240-1	SCH-grade-12427_cases.xml	0
nOhAwaka	nauha1t2aka	nauhāṭaka	nauhāṭaka	grade	17388	240-1	SCH-grade-12427_cases.xml	0
nyaktva	nyaktva	nyaktva	nyaktva	grade	17390	240-1	SCH-grade-12427_cases.xml	0
nyaggAmin	nyagga1min	nyaggāmin	nyaggāmin	grade	17392	240-2	SCH-grade-12427_cases.xml	0
nyAyaGaRwA	nya1yaghan2t2a1	nyāyaghaṇṭā	nyāyaghanṭā	grade	17403	240-3	SCH-grade-12427_cases.xml	0
nyuYCana	nyun5chana	nyuñchana	nyunchana	grade	17409	240-3	SCH-grade-12427_cases.xml	0
nyuYCanI	nyun5chani1	nyuñchanī	nyunchanī	grade	17410	240-3	SCH-grade-12427_cases.xml	0
nyUnonnata	nyu1nonnata	nyūnonnata	nyūnonnata	grade	17412	240-3	SCH-grade-12427_cases.xml	0
paMsa	pam2sa	paṃsa	pansa	grade	17415	240a-1	SCH-grade-12427_cases.xml	0
paktI	pakti1	paktī	paktī	grade	17418	240a-1	SCH-grade-12427_cases.xml	0
pakzarakta	paks2arakta	pakṣarakta	pakṣarakta	grade	17434	240a-2	SCH-grade-12427_cases.xml	0
pakzAy	paks2a1y	pakṣāy	pakṣāy	grade	17438	240a-3	SCH-grade-12427_cases.xml	0
pakzigfha	paks2igr2ha	pakṣigṛha	pakṣigṛha	grade	17440	240a-3	SCH-grade-12427_cases.xml	0
pakzigraha	paks2igraha	pakṣigraha	pakṣigraha	grade	17441	240a-3	SCH-grade-12427_cases.xml	0
pakzmalita	paks2malita	pakṣmalita	pakṣmalita	grade	17446	241-1	SCH-grade-12427_cases.xml	0
paNkajanayana	pan3kajanayana	paṅkajanayana	pankajanayana	grade	17450	241-1	SCH-grade-12427_cases.xml	0
paNkajapattra	pan3kajapattra	paṅkajapattra	pankajapattra	grade	17452	241-1	SCH-grade-12427_cases.xml	0
paNkajabanDu	pan3kajabandhu	paṅkajabandhu	pankajabandhu	grade	17453	241-1	SCH-grade-12427_cases.xml	0
paNkajaBU	pan3kajabhu1	paṅkajabhū	pankajabhū	grade	17454	241-1	SCH-grade-12427_cases.xml	0
paNkajayoni	pan3kajayoni	paṅkajayoni	pankajayoni	grade	17455	241-1	SCH-grade-12427_cases.xml	0
paNkajalocanA	pan3kajalocana1	paṅkajalocanā	pankajalocanā	grade	17456	241-1	SCH-grade-12427_cases.xml	0
paNkajasAyaka	pan3kajasa1yaka	paṅkajasāyaka	pankajasāyaka	grade	17457	241-1	SCH-grade-12427_cases.xml	0
paNkajAkara	pan3kaja1kara	paṅkajākara	pankajākara	grade	17458	241-1	SCH-grade-12427_cases.xml	0
paNkajAsana	pan3kaja1sana	paṅkajāsana	pankajāsana	grade	17461	241-1	SCH-grade-12427_cases.xml	0
paNkaDara	pan3kadhara	paṅkadhara	pankadhara	grade	17462	241-1	SCH-grade-12427_cases.xml	0
paNkaDi	pan3kadhi	paṅkadhi	pankadhi	grade	17463	241-1	SCH-grade-12427_cases.xml	0
paNkeruhadrohin	pan3keruhadrohin	paṅkeruhadrohin	pankeruhadrohin	grade	17468	241-1	SCH-grade-12427_cases.xml	0
paNktikft	pan3ktikr2t	paṅktikṛt	panktikṛt	grade	17471	241-1	SCH-grade-12427_cases.xml	0
pacanatA	pacanata1	pacanatā	pacanatā	grade	17477	241-2	SCH-grade-12427_cases.xml	0
pacelimatA	pacelimata1	pacelimatā	pacelimatā	grade	17482	241-2	SCH-grade-12427_cases.xml	0
paYcakalyARa	pan5cakalya1n2a	pañcakalyāṇa	pancakalyāna	grade	17486	241-2	SCH-grade-12427_cases.xml	0
paYcakula	pan5cakula	pañcakula	pancakula	grade	17487	241-2	SCH-grade-12427_cases.xml	0
paYcagrAma	Pan5cagra1ma	pañcagrāma	pancagrāma	grade	17493	241-2	SCH-grade-12427_cases.xml	0
paYcadrAmila	Pan5cadra1mila	pañcadrāmila	pancadrāmila	grade	17497	241-2	SCH-grade-12427_cases.xml	0
paYcadroRa	pan5cadron2a	pañcadroṇa	pancadrona	grade	17498	241-3	SCH-grade-12427_cases.xml	0
paYcaDarman	pan5cadharman	pañcadharman	pancadharman	grade	17499	241-3	SCH-grade-12427_cases.xml	0
paYcapARi	pan5capa1n2i	pañcapāṇi	pancapāni	grade	17503	241-3	SCH-grade-12427_cases.xml	0
paYcapuruza	pan5capurus2a	pañcapuruṣa	pancapuruṣa	grade	17504	241-3	SCH-grade-12427_cases.xml	0
paYcaprasUti	pan5caprasu1ti	pañcaprasūti	pancaprasūti	grade	17505	241-3	SCH-grade-12427_cases.xml	0
paYcaPalaka	pan5caphalaka	pañcaphalaka	pancaphalaka	grade	17506	241-3	SCH-grade-12427_cases.xml	0
paYcaBartfkA	pan5cabhartr2ka1	pañcabhartṛkā	pancabhartṛkā	grade	17510	241-3	SCH-grade-12427_cases.xml	0
paYcamaruci	pan5camaruci	pañcamaruci	pancamaruci	grade	17511	241-3	SCH-grade-12427_cases.xml	0
paYcamIkalalokapAla	pan5cami1kalalokapa1la	pañcamīkalalokapāla	pancamīkalalokapāla	grade	17514	241-3	SCH-grade-12427_cases.xml	0
paYcaSabdavAdaka	pan5cas4abdava1daka	pañcaśabdavādaka	pancaśabdavādaka	grade	17527	242-1	SCH-grade-12427_cases.xml	0
paYcaSarAntaka	pan5cas4ara1ntaka	pañcaśarāntaka	pancaśarāntaka	grade	17528	242-1	SCH-grade-12427_cases.xml	0
paYcaSiKIkfta	pan5cas4ikhi1kr2ta	pañcaśikhīkṛta	pancaśikhīkṛta	grade	17530	242-1	SCH-grade-12427_cases.xml	0
paYcaSElapura	Pan5cas4ailapura	pañcaśailapura	pancaśailapura	grade	17531	242-1	SCH-grade-12427_cases.xml	0
paYcANgulaya	pan5ca1n3gulaya	pañcāṅgulaya	pancāngulaya	grade	17536	242-1	SCH-grade-12427_cases.xml	0
paYcAratni	pan5ca1ratni	pañcāratni	pancāratni	grade	17537	242-1	SCH-grade-12427_cases.xml	0
paYcASara	Pan5ca1s4ara	pañcāśara	pancāśara	grade	17543	242-1	SCH-grade-12427_cases.xml	0
paYcAstra	pan5ca1stra	pañcāstra	pancāstra	grade	17544	242-1	SCH-grade-12427_cases.xml	0
pawakuwIka	pat2akut2i1ka	paṭakuṭīka	paṭakuṭīka	grade	17551	242-2	SCH-grade-12427_cases.xml	0
pawaNka	pat2an3ka	paṭaṅka	paṭanka	grade	17552	242-2	SCH-grade-12427_cases.xml	0
pawapallava	pat2apallava	paṭapallava	paṭapallava	grade	17554	242-2	SCH-grade-12427_cases.xml	0
pawaBedinI	pat2abhedini1	paṭabhedinī	paṭabhedinī	grade	17555	242-2	SCH-grade-12427_cases.xml	0
pawaliman	pat2aliman	paṭaliman	paṭaliman	grade	17559	242-2	SCH-grade-12427_cases.xml	0
pawIravastra	pat2i1ravastra	paṭīravastra	paṭīravastra	grade	17566	242-2	SCH-grade-12427_cases.xml	0
pawupraBa	pat2uprabha	paṭuprabha	paṭuprabha	grade	17568	242-3	SCH-grade-12427_cases.xml	0
pawU	pat2u1	paṭū	paṭū	grade	17569	242-3	SCH-grade-12427_cases.xml	0
pawolA	pat2ola1	paṭolā	paṭolā	grade	17571	242-3	SCH-grade-12427_cases.xml	0
pawwakUla	pat2t2aku1la	paṭṭakūla	paṭṭakūla	grade	17575	242-3	SCH-grade-12427_cases.xml	0
pawwalaka	pat2t2alaka	paṭṭalaka	paṭṭalaka	grade	17576	242-3	SCH-grade-12427_cases.xml	0
pawwalADarA	pat2t2ala1dhara1	paṭṭalādharā	paṭṭalādharā	grade	17577	242-3	SCH-grade-12427_cases.xml	0
pawwavarDana	Pat2t2avardhana	paṭṭavardhana	paṭṭavardhana	grade	17578	242-3	SCH-grade-12427_cases.xml	0
pawwavAsa	pat2t2ava1sa	paṭṭavāsa	paṭṭavāsa	grade	17579	242-3	SCH-grade-12427_cases.xml	0
pawwavAha	pat2t2ava1ha	paṭṭavāha	paṭṭavāha	grade	17580	242-3	SCH-grade-12427_cases.xml	0
pawwasa	pat2t2asa	paṭṭasa	paṭṭasa	grade	17581	242-3	SCH-grade-12427_cases.xml	0
pawwahastin	pat2t2ahastin	paṭṭahastin	paṭṭahastin	grade	17582	242-3	SCH-grade-12427_cases.xml	0
pawwikAkrIqA	pat2t2ika1kri1d2a1	paṭṭikākrīḍā	paṭṭikākrīḍā	grade	17585	242-3	SCH-grade-12427_cases.xml	0
paquka	pad2uka	paḍuka	paḍuka	grade	17588	242-3	SCH-grade-12427_cases.xml	0
paRacCedana	pan2acchedana	paṇacchedana	panacchedana	grade	17589	242-3	SCH-grade-12427_cases.xml	0
paRayAtrA	pan2aya1tra1	paṇayātrā	panayātrā	grade	17590	242-3	SCH-grade-12427_cases.xml	0
paRaramaRI	pan2araman2i1	paṇaramaṇī	panaramanī	grade	17591	242-3	SCH-grade-12427_cases.xml	0
paRasTita	pan2asthita	paṇasthita	panasthita	grade	17593	242-3	SCH-grade-12427_cases.xml	0
paRahariRIdfS	pan2aharin2i1dr2s4	paṇahariṇīdṛś	panaharinīdṛś	grade	17594	242-3	SCH-grade-12427_cases.xml	0
paRiputra	Pan2iputra	paṇiputra	paniputra	grade	17600	243-1	SCH-grade-12427_cases.xml	0
paRqitavEtaRqika	Pan2d2itavaitan2d2ika	paṇḍitavaitaṇḍika	panḍitavaitanḍika	grade	17605	243-1	SCH-grade-12427_cases.xml	0
paRyajIvana	pan2yaji1vana	paṇyajīvana	panyajīvana	grade	17608	243-1	SCH-grade-12427_cases.xml	0
paRyapattana	pan2yapattana	paṇyapattana	panyapattana	grade	17609	243-1	SCH-grade-12427_cases.xml	0
paRyapuwaBedana	pan2yaput2abhedana	paṇyapuṭabhedana	panyapuṭabhedana	grade	17610	243-1	SCH-grade-12427_cases.xml	0
paRyavahana	pan2yavahana	paṇyavahana	panyavahana	grade	17611	243-1	SCH-grade-12427_cases.xml	0
paRyasaMsTA	pan2yasam2stha1	paṇyasaṃsthā	panyasansthā	grade	17614	243-1	SCH-grade-12427_cases.xml	0
paRyAgArika	pan2ya1ga1rika	paṇyāgārika	panyāgārika	grade	17616	243-1	SCH-grade-12427_cases.xml	0
patakABaraRa	pataka1bharan2a	patakābharaṇa	patakābharana	grade	17619	243-2	SCH-grade-12427_cases.xml	0
pataMgajava	Patam2gajava	pataṃgajava	patangajava	grade	17622	243-2	SCH-grade-12427_cases.xml	0
pataMgajAli	patam2gaja1li	pataṃgajāli	patangajāli	grade	17623	243-2	SCH-grade-12427_cases.xml	0
pataMgendra	patam2gendra	pataṃgendra	patangendra	grade	17625	243-2	SCH-grade-12427_cases.xml	0
patatriRI	patatrin2i1	patatriṇī	patatrinī	grade	17627	243-2	SCH-grade-12427_cases.xml	0
patatsAra	patatsa1ra	patatsāra	patatsāra	grade	17628	243-2	SCH-grade-12427_cases.xml	0
patAkAvant	pata1ka1vant	patākāvant	patākāvant	grade	17634	243-2	SCH-grade-12427_cases.xml	0
patAkikA	pata1kika1	patākikā	patākikā	grade	17635	243-2	SCH-grade-12427_cases.xml	0
patAkita	pata1kita	patākita	patākita	grade	17636	243-2	SCH-grade-12427_cases.xml	0
patAkIkfta	pata1ki1kr2ta	patākīkṛta	patākīkṛta	grade	17638	243-2	SCH-grade-12427_cases.xml	0
pativratatva	pativratatva	pativratatva	pativratatva	grade	17642	243-3	SCH-grade-12427_cases.xml	0
pativratAMmanyA	pativrata1m2manya1	pativratāṃmanyā	pativratāmmanyā	grade	17643	243-3	SCH-grade-12427_cases.xml	0
pattrati	pattrati	pattrati	pattrati	grade	17654	243-3	SCH-grade-12427_cases.xml	0
pattraBaNgin	pattrabhan3gin	pattrabhaṅgin	pattrabhangin	grade	17659	243-3	SCH-grade-12427_cases.xml	0
pattraBaYjikA	pattrabhan5jika1	pattrabhañjikā	pattrabhanjikā	grade	17660	243-3	SCH-grade-12427_cases.xml	0
pattramakara	pattramakara	pattramakara	pattramakara	grade	17661	243-3	SCH-grade-12427_cases.xml	0
pattramakarI	pattramakari1	pattramakarī	pattramakarī	grade	17662	243-3	SCH-grade-12427_cases.xml	0
pattraracanA	pattraracana1	pattraracanā	pattraracanā	grade	17663	243-3	SCH-grade-12427_cases.xml	0
pattravIwA	pattravi1t2a18	pattravīṭā	pattravīṭā	grade	17667	244-1	SCH-grade-12427_cases.xml	0
pattraveli	pattraveli	pattraveli	pattraveli	grade	17668	244-1	SCH-grade-12427_cases.xml	0
pattraSAkApaRa	pattras4a1ka1pan2a	pattraśākāpaṇa	pattraśākāpana	grade	17669	244-1	SCH-grade-12427_cases.xml	0
pattrahArI	pattraha1ri1	pattrahārī	pattrahārī	grade	17670	244-1	SCH-grade-12427_cases.xml	0
pattrANkura	pattra1n3kura	pattrāṅkura	pattrānkura	grade	17671	244-1	SCH-grade-12427_cases.xml	0
pattrAvalikA	pattra1valika1	pattrāvalikā	pattrāvalikā	grade	17673	244-1	SCH-grade-12427_cases.xml	0
pattripati	pattripati	pattripati	pattripati	grade	17677	244-1	SCH-grade-12427_cases.xml	0
paTikotpaTika	pathikotpathika	pathikotpathika	pathikotpathika	grade	17682	244-1	SCH-grade-12427_cases.xml	0
paTivastu	pathivastu	pathivastu	pathivastu	grade	17683	244-1	SCH-grade-12427_cases.xml	0
paTyAkfta	pathya1kr2ta	pathyākṛta	pathyākṛta	grade	17686	244-1	SCH-grade-12427_cases.xml	0
paTyetara	pathyetara	pathyetara	pathyetara	grade	17687	244-1	SCH-grade-12427_cases.xml	0
padatrARa	padatra1n2a	padatrāṇa	padatrāna	grade	17693	244-2	SCH-grade-12427_cases.xml	0
padayAta	padaya1ta	padayāta	padayāta	grade	17695	244-2	SCH-grade-12427_cases.xml	0
padahaMsaka	padaham2saka	padahaṃsaka	padahansaka	grade	17698	244-2	SCH-grade-12427_cases.xml	0
padAyate	pada1y(ate)	padāyate	padāyate	grade	17700	244-3	SCH-grade-12427_cases.xml	0
padgraha	[°padgraha	padgraha	padgraha	grade	17704	244-3	SCH-grade-12427_cases.xml	0
padDatikA	paddhatika1	paddhatikā	paddhatikā	grade	17706	244-3	SCH-grade-12427_cases.xml	0
padmaganDinI	Padmagandhini1	padmagandhinī	padmagandhinī	grade	17710	244-3	SCH-grade-12427_cases.xml	0
padmagrAhavant	padmagra1havant	padmagrāhavant	padmagrāhavant	grade	17712	244-3	SCH-grade-12427_cases.xml	0
padmajanus	padmajanus	padmajanus	padmajanus	grade	17713	244-3	SCH-grade-12427_cases.xml	0
padmadrohin	padmadrohin	padmadrohin	padmadrohin	grade	17715	244-3	SCH-grade-12427_cases.xml	0
padmanayanA	padmanayana1	padmanayanā	padmanayanā	grade	17717	244-3	SCH-grade-12427_cases.xml	0
padmanetrA	padmanetra1	padmanetrā	padmanetrā	grade	17720	245-1	SCH-grade-12427_cases.xml	0
padmarAgAyamARa	padmara1ga1yama1n2a	padmarāgāyamāṇa	padmarāgāyamāna	grade	17725	245-1	SCH-grade-12427_cases.xml	0
padmarAgin	padmara1gin	padmarāgin	padmarāgin	grade	17726	245-1	SCH-grade-12427_cases.xml	0
padmavanI	padmavani1	padmavanī	padmavanī	grade	17727	245-1	SCH-grade-12427_cases.xml	0
padmasuhfd	padmasuhr2d	padmasuhṛd	padmasuhṛd	grade	17732	245-1	SCH-grade-12427_cases.xml	0
padmASin	padma1s4in	padmāśin	padmāśin	grade	17738	245-1	SCH-grade-12427_cases.xml	0
padyaganDi	padyagandhi	padyagandhi	padyagandhi	grade	17742	245-1	SCH-grade-12427_cases.xml	0
padyAbanDa	padya1bandha	padyābandha	padyābandha	grade	17744	245-1	SCH-grade-12427_cases.xml	0
pannagArAti	pannaga1ra1ti	pannagārāti	pannagārāti	grade	17749	245-2	SCH-grade-12427_cases.xml	0
payaHpataNga	payah2patan3ga	payaḥpataṅga	payaḥpatanga	grade	17752	245-2	SCH-grade-12427_cases.xml	0
payaHpayoDi	payah2payodhi	payaḥpayodhi	payaḥpayodhi	grade	17753	245-2	SCH-grade-12427_cases.xml	0
payasijanilaya	payasijanilaya	payasijanilaya	payasijanilaya	grade	17755	245-2	SCH-grade-12427_cases.xml	0
payoga	payoga	payoga	payoga	grade	17759	245-2	SCH-grade-12427_cases.xml	0
payoja	payoja	payoja	payoja	grade	17761	245-2	SCH-grade-12427_cases.xml	0
payojinI	payojini1	payojinī	payojinī	grade	17763	245-2	SCH-grade-12427_cases.xml	0
payodanAda	payodana1da	payodanāda	payodanāda	grade	17764	245-2	SCH-grade-12427_cases.xml	0
payodavITI	payodavi1thi1	payodavīthī	payodavīthī	grade	17765	245-2	SCH-grade-12427_cases.xml	0
payodAgama	payoda1gama	payodāgama	payodāgama	grade	17766	245-2	SCH-grade-12427_cases.xml	0
payoDarapaTa	payodharapatha	payodharapatha	payodharapatha	grade	17767	245-2	SCH-grade-12427_cases.xml	0
payoDarapuraMDrikA	payodharapuram2dhrika1	payodharapuraṃdhrikā	payodharapurandhrikā	grade	17768	245-2	SCH-grade-12427_cases.xml	0
payoDikanyA	payodhikanya1	payodhikanyā	payodhikanyā	grade	17769	245-2	SCH-grade-12427_cases.xml	0
payoniDinATa	payonidhina1tha	payonidhinātha	payonidhinātha	grade	17770	245-2	SCH-grade-12427_cases.xml	0
payomanuzya	payomanus2ya	payomanuṣya	payomanuṣya	grade	17772	245-2	SCH-grade-12427_cases.xml	0
paraMvayas	param2vayas	paraṃvayas	paranvayas	grade	17780	245-3	SCH-grade-12427_cases.xml	0
parakAra	paraka1ra	parakāra	parakāra	grade	17781	245-3	SCH-grade-12427_cases.xml	0
paracakrapramardana	Paracakrapramardana	paracakrapramardana	paracakrapramardana	grade	17782	245-3	SCH-grade-12427_cases.xml	0
paratantratva	paratantratva	paratantratva	paratantratva	grade	17783	245-3	SCH-grade-12427_cases.xml	0
paratastana	paratastana	paratastana	paratastana	grade	17785	245-3	SCH-grade-12427_cases.xml	0
paradeSa	parades4a	paradeśa	paradeśa	grade	17786	245-3	SCH-grade-12427_cases.xml	0
parapurapraveSavidyA	parapurapraves4avidya1	parapurapraveśavidyā	parapurapraveśavidyā	grade	17789	245-3	SCH-grade-12427_cases.xml	0
parapramAtar	paraprama1tar	parapramātar	parapramātar	grade	17790	245-3	SCH-grade-12427_cases.xml	0
parabalapralayAnala	Parabalapralaya1nala	parabalapralayānala	parabalapralayānala	grade	17793	245-3	SCH-grade-12427_cases.xml	0
paramatama	paramatama	paramatama	paramatama	grade	17799	246-1	SCH-grade-12427_cases.xml	0
paramaDvanitam	paramadhvanitam	paramadhvanitam	paramadhvanitam	grade	17800	246-1	SCH-grade-12427_cases.xml	0
paramaramA	paramarama1	paramaramā	paramaramā	grade	17803	246-1	SCH-grade-12427_cases.xml	0
paramardin	paramardin	paramardin	paramardin	grade	17804	246-1	SCH-grade-12427_cases.xml	0
paramaSiva	paramas4iva	paramaśiva	paramaśiva	grade	17806	246-1	SCH-grade-12427_cases.xml	0
paramaSivaBawwAraka	paramas4ivabhat2t2a1raka	paramaśivabhaṭṭāraka	paramaśivabhaṭṭāraka	grade	17807	246-1	SCH-grade-12427_cases.xml	0
paramasAMvatsarika	paramasa1m2vatsarika	paramasāṃvatsarika	paramasānvatsarika	grade	17808	246-1	SCH-grade-12427_cases.xml	0
paramArin	parama1rin	paramārin	paramārin	grade	17811	246-1	SCH-grade-12427_cases.xml	0
paramArTasant	parama1rthasant	paramārthasant	paramārthasant	grade	17814	246-1	SCH-grade-12427_cases.xml	0
paramASva	parama1s4va	paramāśva	paramāśva	grade	17817	246-2	SCH-grade-12427_cases.xml	0
paralokAgama	paraloka1gama	paralokāgama	paralokāgama	grade	17822	246-2	SCH-grade-12427_cases.xml	0
paralokin	paralokin	paralokin	paralokin	grade	17823	246-2	SCH-grade-12427_cases.xml	0
paravaSayati	paravas4ay(ati)	paravaśayati	paravaśayati	grade	17825	246-2	SCH-grade-12427_cases.xml	0
paravaSIkar	paravas4i1kar	paravaśīkar	paravaśīkar	grade	17826	246-2	SCH-grade-12427_cases.xml	0
paraSuDAra	paras4udha1ra	paraśudhāra	paraśudhāra	grade	17829	246-2	SCH-grade-12427_cases.xml	0
paraSuparAkrama	Paras4upara1krama	paraśuparākrama	paraśuparākrama	grade	17830	246-2	SCH-grade-12427_cases.xml	0
paraSupARi	paras4upa1n2i	paraśupāṇi	paraśupāni	grade	17832	246-2	SCH-grade-12427_cases.xml	0
paraSSata	paras4s4ata	paraśśata	paraśśata	grade	17834	246-2	SCH-grade-12427_cases.xml	0
parAgAnana	para1ga1nana	parāgānana	parāgānana	grade	17842	246-3	SCH-grade-12427_cases.xml	0
parAcInatA	para1ci1nata1	parācīnatā	parācīnatā	grade	17850	246-3	SCH-grade-12427_cases.xml	0
parAjayavant	para1jayavant	parājayavant	parājayavant	grade	17851	246-3	SCH-grade-12427_cases.xml	0
parADeya	para1dheya	parādheya	parādheya	grade	17853	246-3	SCH-grade-12427_cases.xml	0
parAmaya	para1maya	parāmaya	parāmaya	grade	17857	246-3	SCH-grade-12427_cases.xml	0
parAmarSin	para1mars4in	parāmarśin	parāmarśin	grade	17859	246-3	SCH-grade-12427_cases.xml	0
parAmarza	para1mars2a	parāmarṣa	parāmarṣa	grade	17860	246-3	SCH-grade-12427_cases.xml	0
parAmbA	para1mba1	parāmbā	parāmbā	grade	17861	246-3	SCH-grade-12427_cases.xml	0
parAyattatA	para1yattata1	parāyattatā	parāyattatā	grade	17863	246-3	SCH-grade-12427_cases.xml	0
parArDatA	para1rdhata1	parārdhatā	parārdhatā	grade	17866	247-1	SCH-grade-12427_cases.xml	0
parAvfttaka	para1vr2ttaka	parāvṛttaka	parāvṛttaka	grade	17869	247-1	SCH-grade-12427_cases.xml	0
parASaktiH	para1s4aktih2	parāśaktiḥ	parāśakti	grade	17870	247-1	SCH-grade-12427_cases.xml	0
parAsara	para1sara	parāsara	parāsara	grade	17871	247-1	SCH-grade-12427_cases.xml	0
parikuwwana	parikut2t2ana	parikuṭṭana	parikuṭṭana	grade	17882	247-1	SCH-grade-12427_cases.xml	0
parigfha	parigr2ha	parigṛha	parigṛha	grade	17889	247-1	SCH-grade-12427_cases.xml	0
parigrAham	parigra1ham	parigrāham	parigrāham	grade	17891	247-2	SCH-grade-12427_cases.xml	0
paricayana	paricayana	paricayana	paricayana	grade	17896	247-2	SCH-grade-12427_cases.xml	0
paricitatva	paricitatva	paricitatva	paricitatva	grade	17901	247-2	SCH-grade-12427_cases.xml	0
pariRayanasraj	parin2ayanasraj	pariṇayanasraj	parinayanasraj	grade	17908	247-2	SCH-grade-12427_cases.xml	0
paridAnaleKa	parida1nalekha	paridānalekha	paridānalekha	grade	17915	247-3	SCH-grade-12427_cases.xml	0
parideSa	parides4a	parideśa	parideśa	grade	17918	247-3	SCH-grade-12427_cases.xml	0
paridyUnatva	paridyu1natva	paridyūnatva	paridyūnatva	grade	17919	247-3	SCH-grade-12427_cases.xml	0
pariDUsaratA	paridhu1sarata1	paridhūsaratā	paridhūsaratā	grade	17923	247-3	SCH-grade-12427_cases.xml	0
paripacanatA	paripacanata1	paripacanatā	paripacanatā	grade	17928	247-3	SCH-grade-12427_cases.xml	0
paripAwalatA	paripa1t2alata1	paripāṭalatā	paripāṭalatā	grade	17931	247-3	SCH-grade-12427_cases.xml	0
paripAwalatva	paripa1t2alatva	paripāṭalatva	paripāṭalatva	grade	17932	247-3	SCH-grade-12427_cases.xml	0
paripAwikA	paripa1t2ika1	paripāṭikā	paripāṭikā	grade	17934	247-3	SCH-grade-12427_cases.xml	0
paripAwIka	paripa1t2i1ka	paripāṭīka	paripāṭīka	grade	17935	247-3	SCH-grade-12427_cases.xml	0
paripuNKa	paripun3kha	paripuṅkha	paripunkha	grade	17940	248-1	SCH-grade-12427_cases.xml	0
paripUrRavant	paripu1rn2avant	paripūrṇavant	paripūrnavant	grade	17946	248-1	SCH-grade-12427_cases.xml	0
pariBavada	paribhavada	paribhavada	paribhavada	grade	17954	248-1	SCH-grade-12427_cases.xml	0
parimalana	parimalana	parimalana	parimalana	grade	17970	248-2	SCH-grade-12427_cases.xml	0
parimalin	parimalin	parimalin	parimalin	grade	17972	248-2	SCH-grade-12427_cases.xml	0
parimARI	parima1n2i1	parimāṇī	parimānī	grade	17973	248-2	SCH-grade-12427_cases.xml	0
parimARqalya	parima1n2d2alya	parimāṇḍalya	parimānḍalya	grade	17974	248-2	SCH-grade-12427_cases.xml	0
parimitArTa	parimita1rtha	parimitārtha	parimitārtha	grade	17976	248-2	SCH-grade-12427_cases.xml	0
parimuKena	parimukhena	parimukhena	parimukhena	grade	17977	248-2	SCH-grade-12427_cases.xml	0
parimfzwaka	parimr2s2t2aka	parimṛṣṭaka	parimṛṣṭaka	grade	17978	248-2	SCH-grade-12427_cases.xml	0
parimlAni	parimla1ni	parimlāni	parimlāni	grade	17979	248-2	SCH-grade-12427_cases.xml	0
pariraya	pariraya	pariraya	pariraya	grade	17982	248-2	SCH-grade-12427_cases.xml	0
parirUkza	pariru1ks2a	parirūkṣa	parirūkṣa	grade	17984	248-3	SCH-grade-12427_cases.xml	0
parivartakam	parivartakam	parivartakam	parivartakam	grade	17987	248-3	SCH-grade-12427_cases.xml	0
parivartanaka	parivartanaka	parivartanaka	parivartanaka	grade	17989	248-3	SCH-grade-12427_cases.xml	0
parivartayitar	parivartayitar	parivartayitar	parivartayitar	grade	17990	248-3	SCH-grade-12427_cases.xml	0
parivikaca	parivikaca	parivikaca	parivikaca	grade	18001	248-3	SCH-grade-12427_cases.xml	0
pariSudDIkfta	paris4uddhi1kr2ta	pariśuddhīkṛta	pariśuddhīkṛta	grade	18017	249-1	SCH-grade-12427_cases.xml	0
parizizvaNkzu	paris2is2van3ks2u	pariṣiṣvaṅkṣu	pariṣiṣvankṣu	grade	18021	249-1	SCH-grade-12427_cases.xml	0
parizvaja	paris2vaja	pariṣvaja	pariṣvaja	grade	18023	249-1	SCH-grade-12427_cases.xml	0
parisaMharaRa	parisam2haran2a	parisaṃharaṇa	parisanharana	grade	18024	249-1	SCH-grade-12427_cases.xml	0
parisad	parisad	parisad	parisad	grade	18025	249-1	SCH-grade-12427_cases.xml	0
parisUnam	parisu1nam	parisūnam	parisūnam	grade	18027	249-1	SCH-grade-12427_cases.xml	0
parihAranOkA	pariha1ranauka1	parihāranaukā	parihāranaukā	grade	18038	249-2	SCH-grade-12427_cases.xml	0
parIkzakatA	pari1ks2akata1	parīkṣakatā	parīkṣakatā	grade	18040	249-2	SCH-grade-12427_cases.xml	0
parIkzitf	pari1ks2itr2	parīkṣitṛ	parīkṣitṛ	grade	18042	249-2	SCH-grade-12427_cases.xml	0
parIkzopala	pari1ks2opala	parīkṣopala	parīkṣopala	grade	18043	249-2	SCH-grade-12427_cases.xml	0
parIBoga	pari1bhoga	parībhoga	parībhoga	grade	18044	249-2	SCH-grade-12427_cases.xml	0
parImala	pari1mala	parīmala	parīmala	grade	18045	249-2	SCH-grade-12427_cases.xml	0
parIvAhita	pari1va1hita	parīvāhita	parīvāhita	grade	18047	249-2	SCH-grade-12427_cases.xml	0
parIsahajaya	pari1sahajaya	parīsahajaya	parīsahajaya	grade	18051	249-2	SCH-grade-12427_cases.xml	0
parIhAraleKa	pari1ha1ra(lekha)	parīhāralekha	parīhāralekha	grade	18052	249-2	SCH-grade-12427_cases.xml	0
paruzagir	parus2agir	paruṣagir	paruṣagir	grade	18056	249-3	SCH-grade-12427_cases.xml	0
paruzagu	parus2agu	paruṣagu	paruṣagu	grade	18057	249-3	SCH-grade-12427_cases.xml	0
paruzaBAzaka	parus2abha1s2aka	paruṣabhāṣaka	paruṣabhāṣaka	grade	18058	249-3	SCH-grade-12427_cases.xml	0
paruzamanIza	parus2amani1s2a	paruṣamanīṣa	paruṣamanīṣa	grade	18059	249-3	SCH-grade-12427_cases.xml	0
paruzaraSmi	[°parus2aras4mi	paruṣaraśmi	paruṣaraśmi	grade	18060	249-3	SCH-grade-12427_cases.xml	0
paretanATa	paretana1tha	paretanātha	paretanātha	grade	18061	249-3	SCH-grade-12427_cases.xml	0
paretapati	paretapati	paretapati	paretapati	grade	18062	249-3	SCH-grade-12427_cases.xml	0
paretavana	paretavana	paretavana	paretavana	grade	18063	249-3	SCH-grade-12427_cases.xml	0
pareteSa	paretes4a	pareteśa	pareteśa	grade	18064	249-3	SCH-grade-12427_cases.xml	0
parjanyaka	Parjanyaka	parjanyaka	parjanyaka	grade	18073	249-3	SCH-grade-12427_cases.xml	0
parRalaGuvidyA	parn2alaghu[vidya1]	parṇalaghuvidyā	parnalaghuvidyā	grade	18074	249-3	SCH-grade-12427_cases.xml	0
parya	parya	parya	parya	grade	18079	250-1	SCH-grade-12427_cases.xml	0
paryagra	paryagra	paryagra	paryagra	grade	18080	250-1	SCH-grade-12427_cases.xml	0
paryantadaSA	paryantadas4a1	paryantadaśā	paryantadaśā	grade	18083	250-1	SCH-grade-12427_cases.xml	0
paryavasAyitA	paryavasa1yita1	paryavasāyitā	paryavasāyitā	grade	18087	250-1	SCH-grade-12427_cases.xml	0
paryaSru	paryas4ru	paryaśru	paryaśru	grade	18090	250-1	SCH-grade-12427_cases.xml	0
paryAtma	[°parya1tma	paryātma	paryātma	grade	18093	250-1	SCH-grade-12427_cases.xml	0
paryAptatva	parya1ptatva	paryāptatva	paryāptatva	grade	18096	250-1	SCH-grade-12427_cases.xml	0
paryupAsti	paryupa1sti	paryupāsti	paryupāsti	grade	18103	250-2	SCH-grade-12427_cases.xml	0
parvatasaMDi	parvatasam2dhi	parvatasaṃdhi	parvatasandhi	grade	18111	250-2	SCH-grade-12427_cases.xml	0
parvarasa	parvarasa	parvarasa	parvarasa	grade	18115	250-2	SCH-grade-12427_cases.xml	0
parvAnaka	parva1naka	parvānaka	parvānaka	grade	18116	250-2	SCH-grade-12427_cases.xml	0
palawyamAna	palat2yama1na	palaṭyamāna	palaṭyamāna	grade	18118	250-2	SCH-grade-12427_cases.xml	0
palaBuj	palabhuj	palabhuj	palabhuj	grade	18119	250-2	SCH-grade-12427_cases.xml	0
paliSa	palis4a	paliśa	paliśa	grade	18130	250-3	SCH-grade-12427_cases.xml	0
pallavAyamAna	pallava1yama1na	pallavāyamāna	pallavāyamāna	grade	18139	250-3	SCH-grade-12427_cases.xml	0
palvalIkf	palvali1kr2	palvalīkṛ	palvalīkṛ	grade	18146	250-3	SCH-grade-12427_cases.xml	0
pavanakanyakA	pavanakanyaka1	pavanakanyakā	pavanakanyakā	grade	18147	250-3	SCH-grade-12427_cases.xml	0
pavanatanUja	pavanatanu1ja	pavanatanūja	pavanatanūja	grade	18149	250-3	SCH-grade-12427_cases.xml	0
pavanamArga	pavanama1rga	pavanamārga	pavanamārga	grade	18151	251-1	SCH-grade-12427_cases.xml	0
pavanavayasya	pavanavayasya	pavanavayasya	pavanavayasya	grade	18152	251-1	SCH-grade-12427_cases.xml	0
pavanavegA	Pavanavega1	pavanavegā	pavanavegā	grade	18153	251-1	SCH-grade-12427_cases.xml	0
pavamAnasaKi	pavama1nasakhi	pavamānasakhi	pavamānasakhi	grade	18155	251-1	SCH-grade-12427_cases.xml	0
pavarRa	pavarn2a	pavarṇa	pavarna	grade	18156	251-1	SCH-grade-12427_cases.xml	0
paSupati	pas4upati	paśupati	paśupati	grade	18166	251-1	SCH-grade-12427_cases.xml	0
paSupatinandana	pas4upatinandana	paśupatinandana	paśupatinandana	grade	18167	251-1	SCH-grade-12427_cases.xml	0
paSubanDa	pas4ubandha	paśubandha	paśubandha	grade	18169	251-1	SCH-grade-12427_cases.xml	0
paSuyukti	pas4uyukti	paśuyukti	paśuyukti	grade	18171	251-1	SCH-grade-12427_cases.xml	0
paScAtkAya	pas4ca1tka1ya	paścātkāya	paścātkāya	grade	18177	251-2	SCH-grade-12427_cases.xml	0
paScAtkAra	pas4ca1tka1ra	paścātkāra	paścātkāra	grade	18178	251-2	SCH-grade-12427_cases.xml	0
paScAdaNguli	pas4ca1dan3guli	paścādaṅguli	paścādanguli	grade	18180	251-2	SCH-grade-12427_cases.xml	0
paScima	pas4cima	paścima	paścima	grade	18182	251-2	SCH-grade-12427_cases.xml	0
paScimadakziRa	pas4cimadaks2in2a	paścimadakṣiṇa	paścimadakṣina	grade	18183	251-2	SCH-grade-12427_cases.xml	0
paScimAsanika	pas4cima1sanika	paścimāsanika	paścimāsanika	grade	18187	251-2	SCH-grade-12427_cases.xml	0
paScimottara	pas4cimottara	paścimottara	paścimottara	grade	18188	251-2	SCH-grade-12427_cases.xml	0
paSyantI	pas4yanti1	paśyantī	paśyantī	grade	18190	251-2	SCH-grade-12427_cases.xml	0
pAMSana	pa1m2s4ana	pāṃśana	pānśana	grade	18194	251-3	SCH-grade-12427_cases.xml	0
pAMSula	pa1m2s4ula	pāṃśula	pānśula	grade	18195	251-3	SCH-grade-12427_cases.xml	0
pAMSulatva	pa1m2s4ulatva	pāṃśulatva	pānśulatva	grade	18196	251-3	SCH-grade-12427_cases.xml	0
pAMsanA	pa1m2sana1	pāṃsanā	pānsanā	grade	18199	251-3	SCH-grade-12427_cases.xml	0
pAMsukriyA	pa1m2sukriya1	pāṃsukriyā	pānsukriyā	grade	18200	251-3	SCH-grade-12427_cases.xml	0
pAMsuDAvaka	pa1m2sudha1vaka	pāṃsudhāvaka	pānsudhāvaka	grade	18203	251-3	SCH-grade-12427_cases.xml	0
pAMsulakzaRa	pa1m2sulaks2an2a	pāṃsulakṣaṇa	pānsulakṣana	grade	18204	251-3	SCH-grade-12427_cases.xml	0
pAMsulatA	pa1m2sulata1	pāṃsulatā	pānsulatā	grade	18205	251-3	SCH-grade-12427_cases.xml	0
pAkapattra	pa1kapattra	pākapattra	pākapattra	grade	18209	251-3	SCH-grade-12427_cases.xml	0
pAkamukta	pa1kamukta	pākamukta	pākamukta	grade	18211	251-3	SCH-grade-12427_cases.xml	0
pAkayajYapaSu	pa1kayajn5apas4u	pākayajñapaśu	pākayajnapaśu	grade	18212	251-3	SCH-grade-12427_cases.xml	0
pAkasidDAnta	pa1kasiddha1nta	pākasiddhānta	pākasiddhānta	grade	18215	251-3	SCH-grade-12427_cases.xml	0
pAkArAti	Pa1ka1ra1ti	pākārāti	pākārāti	grade	18216	251-3	SCH-grade-12427_cases.xml	0
pAkonmuKa	pa1konmukha	pākonmukha	pākonmukha	grade	18217	251-3	SCH-grade-12427_cases.xml	0
pAkvamAMsika	pa1kvama1m2sika	pākvamāṃsika	pākvamānsika	grade	18218	251-3	SCH-grade-12427_cases.xml	0
pAKaRqin	pa1khan2d2in	pākhaṇḍin	pākhanḍin	grade	18220	252-1	SCH-grade-12427_cases.xml	0
pANkaja	pa1n3kaja	pāṅkaja	pānkaja	grade	18221	252-1	SCH-grade-12427_cases.xml	0
pAcanatA	pa1canata1	pācanatā	pācanatā	grade	18222	252-1	SCH-grade-12427_cases.xml	0
pAcin	pa1cin	pācin	pācin	grade	18224	252-1	SCH-grade-12427_cases.xml	0
pAYcajanyanAqiMDama	pa1n5cajanyana1d2im2dhama	pāñcajanyanāḍiṃdhama	pāncajanyanāḍindhama	grade	18228	252-1	SCH-grade-12427_cases.xml	0
pAway	pa1t2ay	pāṭay	pāṭay	grade	18235	252-1	SCH-grade-12427_cases.xml	0
pAwalatA	pa1t2alata1	pāṭalatā	pāṭalatā	grade	18239	252-1	SCH-grade-12427_cases.xml	0
pAwalamaRi	pa1t2alaman2i	pāṭalamaṇi	pāṭalamani	grade	18240	252-1	SCH-grade-12427_cases.xml	0
pAwalIpura	Pa1t2ali1pura	pāṭalīpura	pāṭalīpura	grade	18244	252-1	SCH-grade-12427_cases.xml	0
pAwavya	pa1t2avya	pāṭavya	pāṭavya	grade	18248	252-1	SCH-grade-12427_cases.xml	0
pAwIpati	pa1t2i1pati	pāṭīpati	pāṭīpati	grade	18249	252-2	SCH-grade-12427_cases.xml	0
pARipIqA	pa1n2ipi1d2a1	pāṇipīḍā	pānipīḍā	grade	18260	252-2	SCH-grade-12427_cases.xml	0
pARqaratA	pa1n2d2arata1	pāṇḍaratā	pānḍaratā	grade	18262	252-2	SCH-grade-12427_cases.xml	0
pARqavataru	pa1n2d2avataru	pāṇḍavataru	pānḍavataru	grade	18264	252-2	SCH-grade-12427_cases.xml	0
pARqukAla	pa1n2d2uka1la	pāṇḍukāla	pānḍukāla	grade	18269	252-2	SCH-grade-12427_cases.xml	0
pARquBU	pa1n2d2ubhu1	pāṇḍubhū	pānḍubhū	grade	18276	252-3	SCH-grade-12427_cases.xml	0
pARqurakta	pa1n2d2urakta	pāṇḍurakta	pānḍurakta	grade	18278	252-3	SCH-grade-12427_cases.xml	0
pARqurin	pa1n2d2urin	pāṇḍurin	pānḍurin	grade	18281	252-3	SCH-grade-12427_cases.xml	0
pARqUkfta	pa1n2d2u1kr2ta	pāṇḍūkṛta	pānḍūkṛta	grade	18285	252-3	SCH-grade-12427_cases.xml	0
pARqyakavAwaka	Pa1n2d2yakava1t2aka	pāṇḍyakavāṭaka	pānḍyakavāṭaka	grade	18286	252-3	SCH-grade-12427_cases.xml	0
pAtAka	Pa1ta1ka	pātāka	pātāka	grade	18292	252-3	SCH-grade-12427_cases.xml	0
pAtAlakanyA	pa1ta1lakanya1	pātālakanyā	pātālakanyā	grade	18294	252-3	SCH-grade-12427_cases.xml	0
pAtrasad	pa1trasad	pātrasad	pātrasad	grade	18302	253-1	SCH-grade-12427_cases.xml	0
pATeyIkar	pa1theyi1kar	pātheyīkar	pātheyīkar	grade	18304	253-1	SCH-grade-12427_cases.xml	0
pATodara	pa1thodara	pāthodara	pāthodara	grade	18306	253-1	SCH-grade-12427_cases.xml	0
pAToniDinATa	pa1thonidhina1tha	pāthonidhinātha	pāthonidhinātha	grade	18308	253-1	SCH-grade-12427_cases.xml	0
pAdanaKaMpaca	pa1danakham2paca	pādanakhaṃpaca	pādanakhampaca	grade	18313	253-1	SCH-grade-12427_cases.xml	0
pAdaniravadya	pa1daniravadya	pādaniravadya	pādaniravadya	grade	18314	253-1	SCH-grade-12427_cases.xml	0
pAdaparitrARa	pa1daparitra1n2a	pādaparitrāṇa	pādaparitrāna	grade	18315	253-1	SCH-grade-12427_cases.xml	0
pAdapAtin	pa1dapa1tin	pādapātin	pādapātin	grade	18316	253-1	SCH-grade-12427_cases.xml	0
pAdapASika	pa1dapa1s4ika	pādapāśika	pādapāśika	grade	18317	253-1	SCH-grade-12427_cases.xml	0
pAdaPalikA	pa1daphalika1	pādaphalikā	pādaphalikā	grade	18318	253-1	SCH-grade-12427_cases.xml	0
pAdaliptapura	Pa1daliptapura	pādaliptapura	pādaliptapura	grade	18322	253-1	SCH-grade-12427_cases.xml	0
pAdANgadIkf	pa1da1n3gadi1kr2	pādāṅgadīkṛ	pādāngadīkṛ	grade	18326	253-2	SCH-grade-12427_cases.xml	0
pAdAjIva	pa1da1ji1va	pādājīva	pādājīva	grade	18327	253-2	SCH-grade-12427_cases.xml	0
pAdAByAsa	pa1da1bhya1sa	pādābhyāsa	pādābhyāsa	grade	18329	253-2	SCH-grade-12427_cases.xml	0
pAdmarAga	pa1dmara1ga	pādmarāga	pādmarāga	grade	18335	253-2	SCH-grade-12427_cases.xml	0
pAnaparamparA	pa1naparampara1	pānaparamparā	pānaparamparā	grade	18339	253-2	SCH-grade-12427_cases.xml	0
pAnIyaSayyA	pa1ni1yas4ayya1	pānīyaśayyā	pānīyaśayyā	grade	18341	253-2	SCH-grade-12427_cases.xml	0
pAnoddeSa	pa1noddes4a	pānoddeśa	pānoddeśa	grade	18343	253-2	SCH-grade-12427_cases.xml	0
pApanaya	pa1panaya	pāpanaya	pāpanaya	grade	18344	253-2	SCH-grade-12427_cases.xml	0
pApardDin	pa1parddhin	pāparddhin	pāparddhin	grade	18350	253-3	SCH-grade-12427_cases.xml	0
pApISa	pa1pi1s4a	pāpīśa	pāpīśa	grade	18354	253-3	SCH-grade-12427_cases.xml	0
pApeyaka	Pa1peyaka	pāpeyaka	pāpeyaka	grade	18355	253-3	SCH-grade-12427_cases.xml	0
pAmarodAra	Pa1maroda1ra	pāmarodāra	pāmarodāra	grade	18357	253-3	SCH-grade-12427_cases.xml	0
pAyuDvani	pa1yudhvani	pāyudhvani	pāyudhvani	grade	18359	253-3	SCH-grade-12427_cases.xml	0
pAraYcika	pa1ran5cika	pārañcika	pārancika	grade	18363	253-3	SCH-grade-12427_cases.xml	0
pAradArikA	pa1rada1rika1	pāradārikā	pāradārikā	grade	18365	253-3	SCH-grade-12427_cases.xml	0
pArapaTika	pa1rapathika	pārapathika	pārapathika	grade	18366	253-3	SCH-grade-12427_cases.xml	0
pAramikA	pa1ramika1	pāramikā	pāramikā	grade	18370	253-3	SCH-grade-12427_cases.xml	0
pAralOhityaka	pa1ralauhityaka	pāralauhityaka	pāralauhityaka	grade	18373	254-1	SCH-grade-12427_cases.xml	0
pAravizayika	pa1ravis2ayika	pāraviṣayika	pāraviṣayika	grade	18374	254-1	SCH-grade-12427_cases.xml	0
pAraSama	pa1ras4ama	pāraśama	pāraśama	grade	18375	254-1	SCH-grade-12427_cases.xml	0
pArasamudraka	pa1rasamudraka	pārasamudraka	pārasamudraka	grade	18376	254-1	SCH-grade-12427_cases.xml	0
pArAcI	pa1ra1ci1	pārācī	pārācī	grade	18377	254-1	SCH-grade-12427_cases.xml	0
pArAsarin	pa1ra1sarin	pārāsarin	pārāsarin	grade	18383	254-1	SCH-grade-12427_cases.xml	0
pArijAtapuzpaka	pa1rija1tapus2paka	pārijātapuṣpaka	pārijātapuṣpaka	grade	18386	254-1	SCH-grade-12427_cases.xml	0
pAripuNKa	pa1ripun3kha	pāripuṅkha	pāripunkha	grade	18387	254-1	SCH-grade-12427_cases.xml	0
pAriplavIkf	pa1riplavi1kr2	pāriplavīkṛ	pāriplavīkṛ	grade	18389	254-1	SCH-grade-12427_cases.xml	0
pArihIRika	pa1rihi1n2ika	pārihīṇika	pārihīnika	grade	18397	254-1	SCH-grade-12427_cases.xml	0
pArIkzika	pa1ri1ks2ika	pārīkṣika	pārīkṣika	grade	18399	254-2	SCH-grade-12427_cases.xml	0
pAreSoRam	pa1res4on2am	pāreśoṇam	pāreśonam	grade	18403	254-2	SCH-grade-12427_cases.xml	0
pAreskanDam	pa1reskandham	pāreskandham	pāreskandham	grade	18404	254-2	SCH-grade-12427_cases.xml	0
pArTivapati	pa1rthivapati	pārthivapati	pārthivapati	grade	18407	254-2	SCH-grade-12427_cases.xml	0
pArvatIramaRa	Pa1rvati1raman2a	pārvatīramaṇa	pārvatīramana	grade	18409	254-2	SCH-grade-12427_cases.xml	0
pArvatIvallaBa	Pa1rvati1vallabha	pārvatīvallabha	pārvatīvallabha	grade	18410	254-2	SCH-grade-12427_cases.xml	0
pArSvasaMpuwa	pa1rs4vasam2put2a	pārśvasaṃpuṭa	pārśvasampuṭa	grade	18413	254-2	SCH-grade-12427_cases.xml	0
pArSvAnuvftta	pa1rs4va1nuvr2tta	pārśvānuvṛtta	pārśvānuvṛtta	grade	18414	254-2	SCH-grade-12427_cases.xml	0
pArSvApavftta	pa1rs4va1pavr2tta	pārśvāpavṛtta	pārśvāpavṛtta	grade	18415	254-2	SCH-grade-12427_cases.xml	0
pAlitARaka	Pa1lita1n2aka	pālitāṇaka	pālitānaka	grade	18425	254-3	SCH-grade-12427_cases.xml	0
pAliDvaja	pa1lidhvaja	pālidhvaja	pālidhvaja	grade	18426	254-3	SCH-grade-12427_cases.xml	0
pAliDvajIkfta	pa1lidhvaji1kr2ta	pālidhvajīkṛta	pālidhvajīkṛta	grade	18427	254-3	SCH-grade-12427_cases.xml	0
pAlindrI	pa1lindri1	pālindrī	pālindrī	grade	18431	254-3	SCH-grade-12427_cases.xml	0
pAllIkya	pa1lli1kya	pāllīkya	pāllīkya	grade	18436	254-3	SCH-grade-12427_cases.xml	0
pAvanIkfta	pa1vani1kr2ta	pāvanīkṛta	pāvanīkṛta	grade	18439	254-3	SCH-grade-12427_cases.xml	0
pASakasArI	pa1s4akasa1ri1	pāśakasārī	pāśakasārī	grade	18440	254-3	SCH-grade-12427_cases.xml	0
pASaBfddiS	pa1s4abhr2ddis4	pāśabhṛddiś	pāśabhṛddiś	grade	18441	254-3	SCH-grade-12427_cases.xml	0
pASikA	pa1s4ika1	pāśikā	pāśikā	grade	18444	254-3	SCH-grade-12427_cases.xml	0
pASikya	Pa1s4ikya	pāśikya	pāśikya	grade	18445	254-3	SCH-grade-12427_cases.xml	0
pASupata	pa1s4upata	pāśupata	pāśupata	grade	18447	255-1	SCH-grade-12427_cases.xml	0
pAScAtya	pa1s4ca1tya	pāścātya	pāścātya	grade	18449	255-1	SCH-grade-12427_cases.xml	0
pAhiRI	Pa1hin2i1	pāhiṇī	pāhinī	grade	18452	255-1	SCH-grade-12427_cases.xml	0
pikacCavi	pikacchavi	pikacchavi	pikacchavi	grade	18453	255-1	SCH-grade-12427_cases.xml	0
pikanayana	pikanayana	pikanayana	pikanayana	grade	18454	255-1	SCH-grade-12427_cases.xml	0
pikapAka	pikapa1ka	pikapāka	pikapāka	grade	18455	255-1	SCH-grade-12427_cases.xml	0
pikapriya	pikapriya	pikapriya	pikapriya	grade	18456	255-1	SCH-grade-12427_cases.xml	0
pikAtmaja	pika1tmaja	pikātmaja	pikātmaja	grade	18458	255-1	SCH-grade-12427_cases.xml	0
piNka	pin3ka	piṅka	pinka	grade	18459	255-1	SCH-grade-12427_cases.xml	0
piNgana	pin3gana	piṅgana	pingana	grade	18460	255-1	SCH-grade-12427_cases.xml	0
piNgalekzaRa	pin3galeks2an2a	piṅgalekṣaṇa	pingalekṣana	grade	18462	255-1	SCH-grade-12427_cases.xml	0
piNgita	pin3gita	piṅgita	pingita	grade	18465	255-1	SCH-grade-12427_cases.xml	0
piNgyamAna	pin3gyama1na	piṅgyamāna	pingyamāna	grade	18468	255-1	SCH-grade-12427_cases.xml	0
picUpUpa	picu1pu1pa	picūpūpa	picūpūpa	grade	18472	255-1	SCH-grade-12427_cases.xml	0
piYCola	pin5chola	piñchola	pinchola	grade	18479	255-2	SCH-grade-12427_cases.xml	0
piwakatraya	pit2akatraya	piṭakatraya	piṭakatraya	grade	18484	255-2	SCH-grade-12427_cases.xml	0
piRqakara	pin2d2akara	piṇḍakara	pinḍakara	grade	18487	255-2	SCH-grade-12427_cases.xml	0
piRqakAzWa	pin2d2aka1s2t2ha	piṇḍakāṣṭha	pinḍakāṣṭha	grade	18488	255-2	SCH-grade-12427_cases.xml	0
piRqagocarika	pin2d2agocarika	piṇḍagocarika	pinḍagocarika	grade	18489	255-2	SCH-grade-12427_cases.xml	0
piRqapAtaviDi	pin2d2apa1ta(vidhi)	piṇḍapātavidhi	pinḍapātavidhi	grade	18491	255-2	SCH-grade-12427_cases.xml	0
piRqapAtin	pin2d2apa1tin	piṇḍapātin	pinḍapātin	grade	18492	255-2	SCH-grade-12427_cases.xml	0
piRqalikA	pin2d2alika1	piṇḍalikā	pinḍalikā	grade	18495	255-2	SCH-grade-12427_cases.xml	0
piRqavAlukA	pin2d2ava1luka1	piṇḍavālukā	pinḍavālukā	grade	18496	255-2	SCH-grade-12427_cases.xml	0
piRqAlU	pin2d2a1lu1	piṇḍālū	pinḍālū	grade	18502	255-3	SCH-grade-12427_cases.xml	0
piRqIdruma	pin2d2i1druma	piṇḍīdruma	pinḍīdruma	grade	18507	255-3	SCH-grade-12427_cases.xml	0
piRqIyati	pin2d2i1y(ati)	piṇḍīyati	pinḍīyati	grade	18508	255-3	SCH-grade-12427_cases.xml	0
piRqIvfkza	pin2d2i1vr2ks2a	piṇḍīvṛkṣa	pinḍīvṛkṣa	grade	18510	255-3	SCH-grade-12427_cases.xml	0
piRqeSUra	pin2d2es4u1ra	piṇḍeśūra	pinḍeśūra	grade	18512	255-3	SCH-grade-12427_cases.xml	0
piRqodaka	pin2d2odaka	piṇḍodaka	pinḍodaka	grade	18513	255-3	SCH-grade-12427_cases.xml	0
piRyAkaganDa	Pin2ya1kagandha	piṇyākagandha	pinyākagandha	grade	18516	255-3	SCH-grade-12427_cases.xml	0
pitfvipina	pitr2vipina	pitṛvipina	pitṛvipina	grade	18525	255-3	SCH-grade-12427_cases.xml	0
pittaka	pittaka	pittaka	pittaka	grade	18528	256-1	SCH-grade-12427_cases.xml	0
piTura	pithura	pithura	pithura	grade	18531	256-1	SCH-grade-12427_cases.xml	0
pinAkaDanvan	pina1kadhanvan	pinākadhanvan	pinākadhanvan	grade	18533	256-1	SCH-grade-12427_cases.xml	0
pipAyayizu	pipa1yayis2u	pipāyayiṣu	pipāyayiṣu	grade	18537	256-1	SCH-grade-12427_cases.xml	0
pippoda	pippoda	pippoda	pippoda	grade	18543	256-1	SCH-grade-12427_cases.xml	0
pilapilatKalli	pilapilatkhalli	pilapilatkhalli	pilapilatkhalli	grade	18544	256-1	SCH-grade-12427_cases.xml	0
pillI	pilli1	pillī	pillī	grade	18546	256-1	SCH-grade-12427_cases.xml	0
piSAcakin	pis4a1cakin	piśācakin	piśācakin	grade	18549	256-1	SCH-grade-12427_cases.xml	0
piSAcikA	pis4a1cika1	piśācikā	piśācikā	grade	18552	256-1	SCH-grade-12427_cases.xml	0
piSikApisvApanasvAdaH	pis4ika1pi[sva1panasva1dah2]	piśikāpisvāpanasvādaḥ	piśikāpisvāpanasvāda	grade	18554	256-1	SCH-grade-12427_cases.xml	0
piSla	pis4la	piśla	piśla	grade	18561	256-2	SCH-grade-12427_cases.xml	0
pizwapaYcANgula	pis2t2apan5ca1n3gula	piṣṭapañcāṅgula	piṣṭapancāngula	grade	18564	256-2	SCH-grade-12427_cases.xml	0
pizwapAdaka	pis2t2apa1daka	piṣṭapādaka	piṣṭapādaka	grade	18565	256-2	SCH-grade-12427_cases.xml	0
pizwAtakita	pis2t2a1takita	piṣṭātakita	piṣṭātakita	grade	18568	256-2	SCH-grade-12427_cases.xml	0
pizwAsu	pis2t2a1su	piṣṭāsu	piṣṭāsu	grade	18569	256-2	SCH-grade-12427_cases.xml	0
pIWabanDa	pi1t2habandha	pīṭhabandha	pīṭhabandha	grade	18572	256-2	SCH-grade-12427_cases.xml	0
pIqAkArin	pi1d2a1ka1rin	pīḍākārin	pīḍākārin	grade	18578	256-3	SCH-grade-12427_cases.xml	0
pIqikA	pi1d2ika1	pīḍikā	pīḍikā	grade	18580	256-3	SCH-grade-12427_cases.xml	0
pItacara	pi1tacara	pītacara	pītacara	grade	18583	256-3	SCH-grade-12427_cases.xml	0
pItapAda	pi1tapa1da	pītapāda	pītapāda	grade	18585	256-3	SCH-grade-12427_cases.xml	0
pItaraktIkfta	pi1tarakti1kr2ta	pītaraktīkṛta	pītaraktīkṛta	grade	18589	256-3	SCH-grade-12427_cases.xml	0
pItavasana	pi1tavasana	pītavasana	pītavasana	grade	18591	256-3	SCH-grade-12427_cases.xml	0
pItIkfta	pi1ti1kr2ta	pītīkṛta	pītīkṛta	grade	18593	256-3	SCH-grade-12427_cases.xml	0
pIpalutA	Pi1paluta1	pīpalutā	pīpalutā	grade	18596	256-3	SCH-grade-12427_cases.xml	0
pIyUzajalaDi	pi1yu1s2ajaladhi	pīyūṣajaladhi	pīyūṣajaladhi	grade	18597	256-3	SCH-grade-12427_cases.xml	0
pIyUzapAnAyate	pi1yu1s2apa1na1y(ate)	pīyūṣapānāyate	pīyūṣapānāyate	grade	18599	256-3	SCH-grade-12427_cases.xml	0
pIlupa	pi1lupa	pīlupa	pīlupa	grade	18601	256-3	SCH-grade-12427_cases.xml	0
pIlU	pi1lu1	pīlū	pīlū	grade	18603	257-1	SCH-grade-12427_cases.xml	0
puNKAnupuNKa	pun3kha1nupun3kha	puṅkhānupuṅkha	punkhānupunkha	grade	18610	257-1	SCH-grade-12427_cases.xml	0
pucCay	pucchay	pucchay	pucchay	grade	18611	257-1	SCH-grade-12427_cases.xml	0
puYjIBAva	pun5ji1bha1va	puñjībhāva	punjībhāva	grade	18614	257-1	SCH-grade-12427_cases.xml	0
puwatA	put2ata1	puṭatā	puṭatā	grade	18619	257-1	SCH-grade-12427_cases.xml	0
puwApuwa	put2a1put2a	puṭāpuṭa	puṭāpuṭa	grade	18622	257-1	SCH-grade-12427_cases.xml	0
puRqrekzukA	pun2d2reks2uka1	puṇḍrekṣukā	punḍrekṣukā	grade	18633	257-2	SCH-grade-12427_cases.xml	0
puRyaBarat	pun2yabharat	puṇyabharat	punyabharat	grade	18637	257-2	SCH-grade-12427_cases.xml	0
puRyaBAgin	pun2yabha1gin	puṇyabhāgin	punyabhāgin	grade	18638	257-2	SCH-grade-12427_cases.xml	0
punarAgati	punara1gati	punarāgati	punarāgati	grade	18656	257-3	SCH-grade-12427_cases.xml	0
punaruktayati	punaruktayati	punaruktayati	punaruktayati	grade	18658	257-3	SCH-grade-12427_cases.xml	0
punarudIrita	punarudi1rita	punarudīrita	punarudīrita	grade	18659	257-3	SCH-grade-12427_cases.xml	0
punaHsaMjIvana	punah2sam2ji1vana	punaḥsaṃjīvana	punaḥsanjīvana	grade	18670	257-3	SCH-grade-12427_cases.xml	0
punda	punda	punda	punda	grade	18673	257-3	SCH-grade-12427_cases.xml	0
puMnAgatA	pum2na1gata1	puṃnāgatā	punnāgatā	grade	18674	258-1	SCH-grade-12427_cases.xml	0
puradrohin	puradrohin	puradrohin	puradrohin	grade	18677	258-1	SCH-grade-12427_cases.xml	0
puradvezin	puradves2in	puradveṣin	puradveṣin	grade	18678	258-1	SCH-grade-12427_cases.xml	0
puraDUrta	puradhu1rta	puradhūrta	puradhūrta	grade	18679	258-1	SCH-grade-12427_cases.xml	0
puraMdaragiri	Puram2daragiri	puraṃdaragiri	purandaragiri	grade	18680	258-1	SCH-grade-12427_cases.xml	0
puraMdaradiS	Puram2daradis4	puraṃdaradiś	purandaradiś	grade	18681	258-1	SCH-grade-12427_cases.xml	0
puranDrikA	purandhrika1	purandhrikā	purandhrikā	grade	18682	258-1	SCH-grade-12427_cases.xml	0
puraripu	puraripu	puraripu	puraripu	grade	18684	258-1	SCH-grade-12427_cases.xml	0
puravanyA	puravanya1	puravanyā	puravanyā	grade	18685	258-1	SCH-grade-12427_cases.xml	0
puraScAraka	puras4ca1raka	puraścāraka	puraścāraka	grade	18690	258-1	SCH-grade-12427_cases.xml	0
puraScArin	puras4ca1rin	puraścārin	puraścārin	grade	18691	258-1	SCH-grade-12427_cases.xml	0
puraHsaratA	purah2sarata1	puraḥsaratā	puraḥsaratā	grade	18697	258-1	SCH-grade-12427_cases.xml	0
purahara	purahara	purahara	purahara	grade	18699	258-1	SCH-grade-12427_cases.xml	0
purAgu	pura1gu	purāgu	purāgu	grade	18701	258-2	SCH-grade-12427_cases.xml	0
purARakavi	pura1n2akavi	purāṇakavi	purānakavi	grade	18702	258-2	SCH-grade-12427_cases.xml	0
purARakavitar	pura1n2akavitar	purāṇakavitar	purānakavitar	grade	18703	258-2	SCH-grade-12427_cases.xml	0
purAtanamuni	Pura1tanamuni	purātanamuni	purātanamuni	grade	18707	258-2	SCH-grade-12427_cases.xml	0
purADizWAyikA	pura1dhis2t2ha1yika1	purādhiṣṭhāyikā	purādhiṣṭhāyikā	grade	18708	258-2	SCH-grade-12427_cases.xml	0
purudaMSas	purudam2s4as	purudaṃśas	purudanśas	grade	18712	258-2	SCH-grade-12427_cases.xml	0
purudaMSoniSAcara	purudam2s4onis4a1cara	purudaṃśoniśācara	purudanśoniśācara	grade	18713	258-2	SCH-grade-12427_cases.xml	0
puruzataru	purus2ataru	puruṣataru	puruṣataru	grade	18718	258-2	SCH-grade-12427_cases.xml	0
puruzaBfti	purus2abhr2ti	puruṣabhṛti	puruṣabhṛti	grade	18720	258-2	SCH-grade-12427_cases.xml	0
puruzarata	purus2arata	puruṣarata	puruṣarata	grade	18721	258-2	SCH-grade-12427_cases.xml	0
puruzavfkza	purus2avr2ks2a	puruṣavṛkṣa	puruṣavṛkṣa	grade	18723	258-2	SCH-grade-12427_cases.xml	0
puruzopasfpta	purus2opasr2pta	puruṣopasṛpta	puruṣopasṛpta	grade	18726	258-3	SCH-grade-12427_cases.xml	0
puruzopasfptaka	purus2opasr2ptaka	puruṣopasṛptaka	puruṣopasṛptaka	grade	18727	258-3	SCH-grade-12427_cases.xml	0
puruhUtagopaka	puruhu1tagopaka	puruhūtagopaka	puruhūtagopaka	grade	18728	258-3	SCH-grade-12427_cases.xml	0
puruhUtasuta	Puruhu1tasuta	puruhūtasuta	puruhūtasuta	grade	18729	258-3	SCH-grade-12427_cases.xml	0
purojuz	purojus2	purojuṣ	purojuṣ	grade	18732	258-3	SCH-grade-12427_cases.xml	0
puroBAgitA	purobha1gita1	purobhāgitā	purobhāgitā	grade	18736	258-3	SCH-grade-12427_cases.xml	0
puroBAgitva	purobha1gitva	purobhāgitva	purobhāgitva	grade	18737	258-3	SCH-grade-12427_cases.xml	0
puroyAyin	puroya1yin	puroyāyin	puroyāyin	grade	18739	258-3	SCH-grade-12427_cases.xml	0
pulinAyate	pulina1y(ate)	pulināyate	pulināyate	grade	18750	259-1	SCH-grade-12427_cases.xml	0
pulomAtmajA	Puloma1tmaja1	pulomātmajā	pulomātmajā	grade	18753	259-1	SCH-grade-12427_cases.xml	0
pulkasaka	Pulkasaka	pulkasaka	pulkasaka	grade	18754	259-1	SCH-grade-12427_cases.xml	0
puzkaramaRi	pus2karaman2i	puṣkaramaṇi	puṣkaramani	grade	18758	259-1	SCH-grade-12427_cases.xml	0
puzpakadeva	Pus2pakadeva	puṣpakadeva	puṣpakadeva	grade	18764	259-1	SCH-grade-12427_cases.xml	0
puzpakAYcI	pus2paka1n5ci1	puṣpakāñcī	puṣpakāncī	grade	18766	259-1	SCH-grade-12427_cases.xml	0
puzpakodaRqa	pus2pakodan2d2a	puṣpakodaṇḍa	puṣpakodanḍa	grade	18768	259-1	SCH-grade-12427_cases.xml	0
puzpakodaRqapARi	pus2pakodan2d2apa1n2i	puṣpakodaṇḍapāṇi	puṣpakodanḍapāni	grade	18769	259-1	SCH-grade-12427_cases.xml	0
puzpacalanakA	pus2pacalanaka1	puṣpacalanakā	puṣpacalanakā	grade	18770	259-1	SCH-grade-12427_cases.xml	0
puzpacCidra	pus2pacchidra	puṣpacchidra	puṣpacchidra	grade	18772	259-2	SCH-grade-12427_cases.xml	0
puzpataru	pus2pataru	puṣpataru	puṣpataru	grade	18773	259-2	SCH-grade-12427_cases.xml	0
puzpapawwa	pus2papat2t2a	puṣpapaṭṭa	puṣpapaṭṭa	grade	18775	259-2	SCH-grade-12427_cases.xml	0
puzpapAyin	pus2papa1yin	puṣpapāyin	puṣpapāyin	grade	18777	259-2	SCH-grade-12427_cases.xml	0
puzpabawu	pus2pabat2u	puṣpabaṭu	puṣpabaṭu	grade	18779	259-2	SCH-grade-12427_cases.xml	0
puzpaSara	pus2pas4ara	puṣpaśara	puṣpaśara	grade	18791	259-2	SCH-grade-12427_cases.xml	0
puzpAkarasamaya	pus2pa1karasamaya	puṣpākarasamaya	puṣpākarasamaya	grade	18796	259-3	SCH-grade-12427_cases.xml	0
puzpAyamARa	pus2pa1yama1n2a	puṣpāyamāṇa	puṣpāyamāna	grade	18800	259-3	SCH-grade-12427_cases.xml	0
puzpAvacUla	pus2pa1vacu1la	puṣpāvacūla	puṣpāvacūla	grade	18801	259-3	SCH-grade-12427_cases.xml	0
pustakft	pustakr2t	pustakṛt	pustakṛt	grade	18808	259-3	SCH-grade-12427_cases.xml	0
pustaBARqa	pustabha1n2d2a	pustabhāṇḍa	pustabhānḍa	grade	18809	259-3	SCH-grade-12427_cases.xml	0
pUgatiTi	pu1gatithi	pūgatithi	pūgatithi	grade	18811	259-3	SCH-grade-12427_cases.xml	0
pUgIpAdapa	pu1gi1pa1dapa	pūgīpādapa	pūgīpādapa	grade	18813	259-3	SCH-grade-12427_cases.xml	0
pUtatA	pu1tata1	pūtatā	pūtatā	grade	18817	260-1	SCH-grade-12427_cases.xml	0
pUtaMmanya	pu1tam2manya	pūtaṃmanya	pūtammanya	grade	18819	260-1	SCH-grade-12427_cases.xml	0
pUtikiwwa	pu1tikit2t2a	pūtikiṭṭa	pūtikiṭṭa	grade	18822	260-1	SCH-grade-12427_cases.xml	0
pUtipuzpa	pu1tipus2pa	pūtipuṣpa	pūtipuṣpa	grade	18823	260-1	SCH-grade-12427_cases.xml	0
pUtkA	pu1tka1	pūtkā	pūtkā	grade	18827	260-1	SCH-grade-12427_cases.xml	0
pUpAyate	pu1pa1y(ate)	pūpāyate	pūpāyate	grade	18829	260-1	SCH-grade-12427_cases.xml	0
pUrayati	pu1r(ayati)	pūrayati	pūrayati	grade	18833	260-1	SCH-grade-12427_cases.xml	0
pUriman	pu1riman	pūriman	pūriman	grade	18834	260-1	SCH-grade-12427_cases.xml	0
pUruzAyitarata	pu1rus2a1yitarata	pūruṣāyitarata	pūruṣāyitarata	grade	18836	260-1	SCH-grade-12427_cases.xml	0
pUrRakadvIpaka	Pu1rn2akadvi1paka	pūrṇakadvīpaka	pūrnakadvīpaka	grade	18839	260-1	SCH-grade-12427_cases.xml	0
pUrRapramARa	pu1rn2aprama1n2a	pūrṇapramāṇa	pūrnapramāna	grade	18843	260-2	SCH-grade-12427_cases.xml	0
pUrRayate	pu1rn2ay(ate)	pūrṇayate	pūrnayate	grade	18846	260-2	SCH-grade-12427_cases.xml	0
pUrvagiri	pu1rvagiri	pūrvagiri	pūrvagiri	grade	18854	260-2	SCH-grade-12427_cases.xml	0
pUrvadUta	pu1rvadu1ta	pūrvadūta	pūrvadūta	grade	18858	260-2	SCH-grade-12427_cases.xml	0
pUrvapakzapAtin	pu1rvapaks2apa1tin	pūrvapakṣapātin	pūrvapakṣapātin	grade	18860	260-2	SCH-grade-12427_cases.xml	0
pUrvaBuktika	pu1rvabhuktika	pūrvabhuktika	pūrvabhuktika	grade	18864	260-2	SCH-grade-12427_cases.xml	0
pUrvaraNgatA	pu1rvaran3gata1	pūrvaraṅgatā	pūrvarangatā	grade	18866	260-3	SCH-grade-12427_cases.xml	0
pUrvasuhfd	pu1rvasuhr2d	pūrvasuhṛd	pūrvasuhṛd	grade	18870	260-3	SCH-grade-12427_cases.xml	0
pUrvApadAna	pu1rva1pada1na	pūrvāpadāna	pūrvāpadāna	grade	18872	260-3	SCH-grade-12427_cases.xml	0
pUrvAparagAmitva	pu1rva1paraga1mitva	pūrvāparagāmitva	pūrvāparagāmitva	grade	18873	260-3	SCH-grade-12427_cases.xml	0
pUrvAvasTA	pu1rva1vastha1	pūrvāvasthā	pūrvāvasthā	grade	18874	260-3	SCH-grade-12427_cases.xml	0
pUlI	pu1li1	pūlī	pūlī	grade	18879	260-3	SCH-grade-12427_cases.xml	0
pUzadfzad	pu1s2adr2s2ad	pūṣadṛṣad	pūṣadṛṣad	grade	18880	260-3	SCH-grade-12427_cases.xml	0
pfTagastfvacAlI	pr2thagastr2vaca1li1	pṛthagastṛvacālī	pṛthagastṛvacālī	grade	18886	260-3	SCH-grade-12427_cases.xml	0
pfTAtanUja	Pr2tha1tanu1ja	pṛthātanūja	pṛthātanūja	grade	18889	261-1	SCH-grade-12427_cases.xml	0
pfTIya	pr2thi1ya	pṛthīya	pṛthīya	grade	18893	261-1	SCH-grade-12427_cases.xml	0
pfTuDAman	pr2thudha1man	pṛthudhāman	pṛthudhāman	grade	18897	261-1	SCH-grade-12427_cases.xml	0
pfTvIpraSAstar	pr2thvi1pras4a1star	pṛthvīpraśāstar	pṛthvīpraśāstar	grade	18899	261-1	SCH-grade-12427_cases.xml	0
pfzadAku	pr2s2ada1ku	pṛṣadāku	pṛṣadāku	grade	18909	261-1	SCH-grade-12427_cases.xml	0
pfzwimAMsAdana	pr2s2t2ima1msa1dana	pṛṣṭimāṃsādana	pṛṣṭimānsādana	grade	18913	261-1	SCH-grade-12427_cases.xml	0
pfzwilagna	pr2s2t2ilagna	pṛṣṭilagna	pṛṣṭilagna	grade	18914	261-2	SCH-grade-12427_cases.xml	0
pfzWadAtf	pr2s2t2hada1tr2	pṛṣṭhadātṛ	pṛṣṭhadātṛ	grade	18919	261-2	SCH-grade-12427_cases.xml	0
pfzWIkfta	pr2s2t2hi1kr2ta	pṛṣṭhīkṛta	pṛṣṭhīkṛta	grade	18924	261-2	SCH-grade-12427_cases.xml	0
pewika	pet2ika	peṭika	peṭika	grade	18930	261-2	SCH-grade-12427_cases.xml	0
peWa	pet2ha	peṭha	peṭha	grade	18933	261-2	SCH-grade-12427_cases.xml	0
peRWAsTAna	pen2t2ha1stha1na	peṇṭhāsthāna	penṭhāsthāna	grade	18934	261-2	SCH-grade-12427_cases.xml	0
peSalaganDi	pes4alagandhi	peśalagandhi	peśalagandhi	grade	18940	261-3	SCH-grade-12427_cases.xml	0
peSikA	pes4ika1	peśikā	peśikā	grade	18941	261-3	SCH-grade-12427_cases.xml	0
pESAca	Pais4a1ca	paiśāca	paiśāca	grade	18947	261-3	SCH-grade-12427_cases.xml	0
pESAcya	pais4a1cya	paiśācya	paiśācya	grade	18948	261-3	SCH-grade-12427_cases.xml	0
poI	poi1	poī	poī	grade	18951	261-3	SCH-grade-12427_cases.xml	0
powana	pot2ana	poṭana	poṭana	grade	18956	261-3	SCH-grade-12427_cases.xml	0
powalita	pot2alita	poṭalita	poṭalita	grade	18957	261-3	SCH-grade-12427_cases.xml	0
pozaRatA	pos2an2ata1	poṣaṇatā	poṣanatā	grade	18967	262-1	SCH-grade-12427_cases.xml	0
pOtA	pauta1	pautā	pautā	grade	18975	262-1	SCH-grade-12427_cases.xml	0
pOdanapura	Paudanapura	paudanapura	paudanapura	grade	18976	262-1	SCH-grade-12427_cases.xml	0
pOravapura	Pauravapura	pauravapura	pauravapura	grade	18981	262-1	SCH-grade-12427_cases.xml	0
pOravyAvahArika	pauravya1vaha1rika	pauravyāvahārika	pauravyāvahārika	grade	18982	262-1	SCH-grade-12427_cases.xml	0
pOruzaBAzin	paurus2abha1s2in	pauruṣabhāṣin	pauruṣabhāṣin	grade	18983	262-1	SCH-grade-12427_cases.xml	0
pOruzavAdin	paurus2ava1din	pauruṣavādin	pauruṣavādin	grade	18984	262-1	SCH-grade-12427_cases.xml	0
pOzaDaveSman	paus2adhaves4man	pauṣadhaveśman	pauṣadhaveśman	grade	18990	262-2	SCH-grade-12427_cases.xml	0
pOzaDaSAlA	paus2adhas4a1la1	pauṣadhaśālā	pauṣadhaśālā	grade	18991	262-2	SCH-grade-12427_cases.xml	0
pOzaDOkas	paus2adhaukas	pauṣadhaukas	pauṣadhaukas	grade	18992	262-2	SCH-grade-12427_cases.xml	0
pOzkareya	paus2kareya	pauṣkareya	pauṣkareya	grade	18993	262-2	SCH-grade-12427_cases.xml	0
pOzpacApa	paus2paca1pa	pauṣpacāpa	pauṣpacāpa	grade	18994	262-2	SCH-grade-12427_cases.xml	0
pOzpikI	paus2piki1	pauṣpikī	pauṣpikī	grade	18995	262-2	SCH-grade-12427_cases.xml	0
prakawakandalAditya	Prakat2akandala1ditya	prakaṭakandalāditya	prakaṭakandalāditya	grade	18998	262-2	SCH-grade-12427_cases.xml	0
prakarAyate	prakara1y(ate)	prakarāyate	prakarāyate	grade	19002	262-2	SCH-grade-12427_cases.xml	0
prakarmamAsa	prakarmama1sa	prakarmamāsa	prakarmamāsa	grade	19003	262-2	SCH-grade-12427_cases.xml	0
prakAmya	praka1mya	prakāmya	prakāmya	grade	19006	262-2	SCH-grade-12427_cases.xml	0
prakASana	praka1s4ana	prakāśana	prakāśana	grade	19008	262-2	SCH-grade-12427_cases.xml	0
prakASamAnatva	praka1s4ama1natva	prakāśamānatva	prakāśamānatva	grade	19009	262-2	SCH-grade-12427_cases.xml	0
prakASayuvatI	praka1s4ayuvati1	prakāśayuvatī	prakāśayuvatī	grade	19010	262-2	SCH-grade-12427_cases.xml	0
prakASABeda	praka1s4a1bheda	prakāśābheda	prakāśābheda	grade	19011	262-3	SCH-grade-12427_cases.xml	0
prakirRakavIjikA	prakirn2akavi1jika1	prakirṇakavījikā	prakirnakavījikā	grade	19012	262-3	SCH-grade-12427_cases.xml	0
prakIrRakaDArin	praki1rn2akadha1rin	prakīrṇakadhārin	prakīrnakadhārin	grade	19015	262-3	SCH-grade-12427_cases.xml	0
prakIrRavAjikA	praki1rn2ava1jika1	prakīrṇavājikā	prakīrnavājikā	grade	19016	262-3	SCH-grade-12427_cases.xml	0
prakIrRottara	praki1rn2ottara	prakīrṇottara	prakīrnottara	grade	19017	262-3	SCH-grade-12427_cases.xml	0
prakoRi	prakon2i	prakoṇi	prakoni	grade	19021	262-3	SCH-grade-12427_cases.xml	0
prakzarita	praks2arita	prakṣarita	prakṣarita	grade	19026	262-3	SCH-grade-12427_cases.xml	0
prakzepaRI	praks2epan2i1	prakṣepaṇī	prakṣepanī	grade	19030	262-3	SCH-grade-12427_cases.xml	0
praGarzaka	praghars2aka	pragharṣaka	pragharṣaka	grade	19043	263-1	SCH-grade-12427_cases.xml	0
pracawikA	pracat2ika1	pracaṭikā	pracaṭikā	grade	19047	263-1	SCH-grade-12427_cases.xml	0
pracaRqakara	pracan2d2akara	pracaṇḍakara	pracanḍakara	grade	19048	263-1	SCH-grade-12427_cases.xml	0
pracaRqIkfta	pracan2d2i1kr2ta	pracaṇḍīkṛta	pracanḍīkṛta	grade	19050	263-1	SCH-grade-12427_cases.xml	0
pracaRqIBU	pracan2d2i1bhu1	pracaṇḍībhū	pracanḍībhū	grade	19051	263-1	SCH-grade-12427_cases.xml	0
pracayatA	pracayata1	pracayatā	pracayatā	grade	19053	263-1	SCH-grade-12427_cases.xml	0
pracayavant	pracayavant	pracayavant	pracayavant	grade	19054	263-1	SCH-grade-12427_cases.xml	0
pracarcya	pracarcya	pracarcya	pracarcya	grade	19055	263-1	SCH-grade-12427_cases.xml	0
pracalAkiketu	pracala1kiketu	pracalākiketu	pracalākiketu	grade	19056	263-1	SCH-grade-12427_cases.xml	0
pracikASayizu	pracika1s4ayis2u	pracikāśayiṣu	pracikāśayiṣu	grade	19062	263-2	SCH-grade-12427_cases.xml	0
praciKyApayizu	pracikhya1payis2u	pracikhyāpayiṣu	pracikhyāpayiṣu	grade	19063	263-2	SCH-grade-12427_cases.xml	0
pracumba	pracumba	pracumba	pracumba	grade	19065	263-2	SCH-grade-12427_cases.xml	0
prajApAlatA	praja1pa1lata1	prajāpālatā	prajāpālatā	grade	19084	263-2	SCH-grade-12427_cases.xml	0
prajijvalayizu	prajijvalayis2u	prajijvalayiṣu	prajijvalayiṣu	grade	19086	263-3	SCH-grade-12427_cases.xml	0
prajYApanA	prajn5a1pana1	prajñāpanā	prajnāpanā	grade	19090	263-3	SCH-grade-12427_cases.xml	0
prajvAlaka	prajva1laka	prajvālaka	prajvālaka	grade	19094	263-3	SCH-grade-12427_cases.xml	0
praRAdin	pran2a1din	praṇādin	pranādin	grade	19101	263-3	SCH-grade-12427_cases.xml	0
praRAli	pran2a1li	praṇāli	pranāli	grade	19103	263-3	SCH-grade-12427_cases.xml	0
praRipAtuka	pran2ipa1tuka	praṇipātuka	pranipātuka	grade	19105	263-3	SCH-grade-12427_cases.xml	0
praReyatA	pran2eyata1	praṇeyatā	praneyatā	grade	19109	263-3	SCH-grade-12427_cases.xml	0
pratanana	pratanana	pratanana	pratanana	grade	19112	264-1	SCH-grade-12427_cases.xml	0
pratAqana	prata1d2ana	pratāḍana	pratāḍana	grade	19117	264-1	SCH-grade-12427_cases.xml	0
pratAparaNga	Prata1paran3ga	pratāparaṅga	pratāparanga	grade	19121	264-1	SCH-grade-12427_cases.xml	0
pratApavarDana	Prata1pavardhana	pratāpavardhana	pratāpavardhana	grade	19123	264-1	SCH-grade-12427_cases.xml	0
pratikakuBam	pratikakubham	pratikakubham	pratikakubham	grade	19125	264-1	SCH-grade-12427_cases.xml	0
pratikarin	pratikarin	pratikarin	pratikarin	grade	19129	264-1	SCH-grade-12427_cases.xml	0
pratikAvyam	pratika1vyam	pratikāvyam	pratikāvyam	grade	19133	264-1	SCH-grade-12427_cases.xml	0
pratikiri	pratikiri	pratikiri	pratikiri	grade	19134	264-2	SCH-grade-12427_cases.xml	0
pratikUrpa	pratiku1rpa	pratikūrpa	pratikūrpa	grade	19135	264-2	SCH-grade-12427_cases.xml	0
pratikOSalikA	pratikaus4alika1	pratikauśalikā	pratikauśalikā	grade	19136	264-2	SCH-grade-12427_cases.xml	0
pratikretf	pratikretr2	pratikretṛ	pratikretṛ	grade	19138	264-2	SCH-grade-12427_cases.xml	0
pratikroSa	pratikros4a	pratikrośa	pratikrośa	grade	19139	264-2	SCH-grade-12427_cases.xml	0
pratikrozwar	pratikros2t2ar	pratikroṣṭar	pratikroṣṭar	grade	19140	264-2	SCH-grade-12427_cases.xml	0
pratigaRikA	pratigan2ika1	pratigaṇikā	pratiganikā	grade	19142	264-2	SCH-grade-12427_cases.xml	0
pratigehikA	pratigehika1	pratigehikā	pratigehikā	grade	19145	264-2	SCH-grade-12427_cases.xml	0
praticAturmAsya	pratica1turma1sya	praticāturmāsya	praticāturmāsya	grade	19150	264-2	SCH-grade-12427_cases.xml	0
praticAraka	pratica1raka	praticāraka	praticāraka	grade	19151	264-2	SCH-grade-12427_cases.xml	0
praticCandapawa	praticchandapat2a	praticchandapaṭa	praticchandapaṭa	grade	19155	264-2	SCH-grade-12427_cases.xml	0
praticCAdana	praticcha1dana	praticchādana	praticchādana	grade	19156	264-3	SCH-grade-12427_cases.xml	0
praticCAya	praticcha1ya	praticchāya	praticchāya	grade	19157	264-3	SCH-grade-12427_cases.xml	0
pratijani	pratijani	pratijani	pratijani	grade	19159	264-3	SCH-grade-12427_cases.xml	0
pratijanus	pratijanus	pratijanus	pratijanus	grade	19160	264-3	SCH-grade-12427_cases.xml	0
pratitanu	pratitanu	pratitanu	pratitanu	grade	19162	264-3	SCH-grade-12427_cases.xml	0
pratituwi	pratitut2i	pratituṭi	pratituṭi	grade	19164	264-3	SCH-grade-12427_cases.xml	0
pratidivasa	pratidivasa	pratidivasa	pratidivasa	grade	19168	264-3	SCH-grade-12427_cases.xml	0
pratidivAnehas	pratidiva1nehas	pratidivānehas	pratidivānehas	grade	19169	264-3	SCH-grade-12427_cases.xml	0
pratidvaMdvitA	pratidvam2dvita1	pratidvaṃdvitā	pratidvandvitā	grade	19173	264-3	SCH-grade-12427_cases.xml	0
pratinagara	pratinagara	pratinagara	pratinagara	grade	19176	264-3	SCH-grade-12427_cases.xml	0
pratinadI	pratinadi1	pratinadī	pratinadī	grade	19177	264-3	SCH-grade-12427_cases.xml	0
pratinikAyam	pratinika1yam	pratinikāyam	pratinikāyam	grade	19181	264-3	SCH-grade-12427_cases.xml	0
pratiniDIBU	pratinidhi1bhu1	pratinidhībhū	pratinidhībhū	grade	19182	264-3	SCH-grade-12427_cases.xml	0
pratiniBa	pratinibha	pratinibha	pratinibha	grade	19184	264-3	SCH-grade-12427_cases.xml	0
pratipakzayati	pratipaks2ay(ati)	pratipakṣayati	pratipakṣayati	grade	19188	265-1	SCH-grade-12427_cases.xml	0
pratipaRyatA	pratipan2yata1	pratipaṇyatā	pratipanyatā	grade	19191	265-1	SCH-grade-12427_cases.xml	0
pratipannatA	pratipannata1	pratipannatā	pratipannatā	grade	19197	265-1	SCH-grade-12427_cases.xml	0
pratipAta	pratipa1ta	pratipāta	pratipāta	grade	19200	265-1	SCH-grade-12427_cases.xml	0
pratipAdyatA	pratipa1dyata1	pratipādyatā	pratipādyatā	grade	19205	265-1	SCH-grade-12427_cases.xml	0
pratipAlayitar	pratipa1layitar	pratipālayitar	pratipālayitar	grade	19208	265-2	SCH-grade-12427_cases.xml	0
pratipranayapreyasi	pratipraNayapreyasI	pratipranayapreyasi	pratipranayapreyasi	grade	19210	265-2	SCH-grade-12427_cases.xml	0
pratipradeSam	pratiprades4am	pratipradeśam	pratipradeśam	grade	19212	265-2	SCH-grade-12427_cases.xml	0
pratiprANgaRam	pratipra1n3gan2am	pratiprāṅgaṇam	pratiprānganam	grade	19215	265-2	SCH-grade-12427_cases.xml	0
pratiprerakatA	pratiprerakata1	pratiprerakatā	pratiprerakatā	grade	19220	265-2	SCH-grade-12427_cases.xml	0
pratiPAla	pratipha1la	pratiphāla	pratiphāla	grade	19222	265-2	SCH-grade-12427_cases.xml	0
pratiBAryA	pratibha1rya1	pratibhāryā	pratibhāryā	grade	19227	265-2	SCH-grade-12427_cases.xml	0
pratiBUpati	pratibhu1pati	pratibhūpati	pratibhūpati	grade	19230	265-2	SCH-grade-12427_cases.xml	0
pratimASarIra	pratima1s4ari1ra	pratimāśarīra	pratimāśarīra	grade	19244	265-3	SCH-grade-12427_cases.xml	0
pratiyoDam	pratiyodham	pratiyodham	pratiyodham	grade	19254	265-3	SCH-grade-12427_cases.xml	0
pratirAgin	pratira1gin	pratirāgin	pratirāgin	grade	19256	266-1	SCH-grade-12427_cases.xml	0
pratilABana	pratila1bhana	pratilābhana	pratilābhana	grade	19260	266-1	SCH-grade-12427_cases.xml	0
pratilepin	pratilepin	pratilepin	pratilepin	grade	19263	266-1	SCH-grade-12427_cases.xml	0
pratilomatA	pratilomata1	pratilomatā	pratilomatā	grade	19265	266-1	SCH-grade-12427_cases.xml	0
pratilomana	pratilomana	pratilomana	pratilomana	grade	19266	266-1	SCH-grade-12427_cases.xml	0
prativapus	prativapus	prativapus	prativapus	grade	19269	266-1	SCH-grade-12427_cases.xml	0
prativarUTavatI	prativaru1thavati1	prativarūthavatī	prativarūthavatī	grade	19270	266-1	SCH-grade-12427_cases.xml	0
prativarRaka	prativarn2aka	prativarṇaka	prativarnaka	grade	19272	266-1	SCH-grade-12427_cases.xml	0
prativarRikA	prativarn2ika1	prativarṇikā	prativarnikā	grade	19273	266-1	SCH-grade-12427_cases.xml	0
prativeSmanikA	pratives4manika1	prativeśmanikā	prativeśmanikā	grade	19285	266-2	SCH-grade-12427_cases.xml	0
pratiSaWa	pratis4at2ha	pratiśaṭha	pratiśaṭha	grade	19286	266-2	SCH-grade-12427_cases.xml	0
pratiSarIra	pratis4ari1ra	pratiśarīra	pratiśarīra	grade	19290	266-2	SCH-grade-12427_cases.xml	0
pratizwamBana	pratis2t2ambhana	pratiṣṭambhana	pratiṣṭambhana	grade	19297	266-2	SCH-grade-12427_cases.xml	0
pratizWIpayizu	pratis2t2hi1payis2u	pratiṣṭhīpayiṣu	pratiṣṭhīpayiṣu	grade	19301	266-2	SCH-grade-12427_cases.xml	0
pratisamayam	pratisamayam	pratisamayam	pratisamayam	grade	19311	266-3	SCH-grade-12427_cases.xml	0
pratisamarpaRa	pratisamarpan2a	pratisamarpaṇa	pratisamarpana	grade	19312	266-3	SCH-grade-12427_cases.xml	0
pratisaMbanDa	pratisam2bandha	pratisaṃbandha	pratisambandha	grade	19315	266-3	SCH-grade-12427_cases.xml	0
pratisuBawa	pratisubhat2a	pratisubhaṭa	pratisubhaṭa	grade	19321	266-3	SCH-grade-12427_cases.xml	0
pratisvapnaviDi	pratisvapnavidhi	pratisvapnavidhi	pratisvapnavidhi	grade	19326	266-3	SCH-grade-12427_cases.xml	0
pratisvAda	pratisva1da	pratisvāda	pratisvāda	grade	19327	266-3	SCH-grade-12427_cases.xml	0
pratihArin	pratiha1rin	pratihārin	pratihārin	grade	19333	267-1	SCH-grade-12427_cases.xml	0
pratihuMkfta	pratihum2kr2ta	pratihuṃkṛta	pratihunkṛta	grade	19335	267-1	SCH-grade-12427_cases.xml	0
pratIcAra	prati1ca1ra	pratīcāra	pratīcāra	grade	19337	267-1	SCH-grade-12427_cases.xml	0
pratIhArapAlikA	prati1ha1rapa1lika1	pratīhārapālikā	pratīhārapālikā	grade	19342	267-1	SCH-grade-12427_cases.xml	0
pratoli	pratoli	pratoli	pratoli	grade	19344	267-1	SCH-grade-12427_cases.xml	0
pratolikA	pratolika1	pratolikā	pratolikā	grade	19345	267-1	SCH-grade-12427_cases.xml	0
pratyaMSa	pratyam2s4a	pratyaṃśa	pratyanśa	grade	19348	267-1	SCH-grade-12427_cases.xml	0
pratyakzatArkzya	Pratyaks2ata1rks2ya	pratyakṣatārkṣya	pratyakṣatārkṣya	grade	19351	267-2	SCH-grade-12427_cases.xml	0
pratyaYca	pratyan5ca	pratyañca	pratyanca	grade	19359	267-2	SCH-grade-12427_cases.xml	0
pratyaDvam	pratyadhvam	pratyadhvam	pratyadhvam	grade	19360	267-2	SCH-grade-12427_cases.xml	0
pratyanIkAyamAna	pratyani1ka1yama1na	pratyanīkāyamāna	pratyanīkāyamāna	grade	19361	267-2	SCH-grade-12427_cases.xml	0
pratyantarAlam	pratyantara1lam	pratyantarālam	pratyantarālam	grade	19365	267-2	SCH-grade-12427_cases.xml	0
pratyavasAdana	pratyavasa1dana	pratyavasādana	pratyavasādana	grade	19374	267-2	SCH-grade-12427_cases.xml	0
pratyAkASam	pratya1ka1s4am	pratyākāśam	pratyākāśam	grade	19378	267-3	SCH-grade-12427_cases.xml	0
pratyAdarSa	pratya1dars4a	pratyādarśa	pratyādarśa	grade	19382	267-3	SCH-grade-12427_cases.xml	0
pratyAmantraRa	pratya1mantran2a	pratyāmantraṇa	pratyāmantrana	grade	19386	267-3	SCH-grade-12427_cases.xml	0
pratyAlamBa	pratya1lambha	pratyālambha	pratyālambha	grade	19391	267-3	SCH-grade-12427_cases.xml	0
pratyutpada	pratyutpada	pratyutpada	pratyutpada	grade	19399	267-3	SCH-grade-12427_cases.xml	0
pratyupakfti	pratyupakr2ti	pratyupakṛti	pratyupakṛti	grade	19403	268-1	SCH-grade-12427_cases.xml	0
pratyupaQOkanikA	pratyupad2haukanika1	pratyupaḍhaukanikā	pratyupaḍhaukanikā	grade	19404	268-1	SCH-grade-12427_cases.xml	0
praTawakka	prathat2akka	prathaṭakka	prathaṭakka	grade	19412	268-1	SCH-grade-12427_cases.xml	0
praTamaDAtu	prathamadha1tu	prathamadhātu	prathamadhātu	grade	19414	268-1	SCH-grade-12427_cases.xml	0
praTamana	prathamana	prathamana	prathamana	grade	19415	268-1	SCH-grade-12427_cases.xml	0
praTamAdarSa	prathama1dars4a	prathamādarśa	prathamādarśa	grade	19418	268-1	SCH-grade-12427_cases.xml	0
praTamAdri	prathama1dri	prathamādri	prathamādri	grade	19419	268-1	SCH-grade-12427_cases.xml	0
praTamAvatAra	prathama1vata1ra	prathamāvatāra	prathamāvatāra	grade	19420	268-1	SCH-grade-12427_cases.xml	0
pradarSakatva	pradars4akatva	pradarśakatva	pradarśakatva	grade	19424	268-2	SCH-grade-12427_cases.xml	0
pradIpakalikA	pradi1pakalika1	pradīpakalikā	pradīpakalikā	grade	19431	268-2	SCH-grade-12427_cases.xml	0
pradUta	pradu1ta	pradūta	pradūta	grade	19432	268-2	SCH-grade-12427_cases.xml	0
pradeSaBAj	prades4abha1j	pradeśabhāj	pradeśabhāj	grade	19433	268-2	SCH-grade-12427_cases.xml	0
praDAnaputrAyamARa	pradha1naputra1yama1n2a	pradhānaputrāyamāṇa	pradhānaputrāyamāna	grade	19439	268-2	SCH-grade-12427_cases.xml	0
praDAnin	pradha1nin	pradhānin	pradhānin	grade	19442	268-2	SCH-grade-12427_cases.xml	0
praDAva	pradha1va	pradhāva	pradhāva	grade	19443	268-2	SCH-grade-12427_cases.xml	0
praDAvaDaraRi	pradha1vadharan2i	pradhāvadharaṇi	pradhāvadharani	grade	19444	268-2	SCH-grade-12427_cases.xml	0
praDAvaBUmi	pradha1vabhu1mi	pradhāvabhūmi	pradhāvabhūmi	grade	19445	268-2	SCH-grade-12427_cases.xml	0
praDAvitikA	pradha1vitika1	pradhāvitikā	pradhāvitikā	grade	19446	268-3	SCH-grade-12427_cases.xml	0
praDAvin	pradha1vin	pradhāvin	pradhāvin	grade	19447	268-3	SCH-grade-12427_cases.xml	0
praDUsarita	pradhu1sarita	pradhūsarita	pradhūsarita	grade	19449	268-3	SCH-grade-12427_cases.xml	0
pranartana	pranartana	pranartana	pranartana	grade	19451	268-3	SCH-grade-12427_cases.xml	0
prapaYciti	prapan5citi	prapañciti	prapanciti	grade	19456	268-3	SCH-grade-12427_cases.xml	0
prapAgfha	prapa1gr2ha	prapāgṛha	prapāgṛha	grade	19457	268-3	SCH-grade-12427_cases.xml	0
prapUlikA	prapu1lika1	prapūlikā	prapūlikā	grade	19462	268-3	SCH-grade-12427_cases.xml	0
prabalapaNka	prabalapan3ka	prabalapaṅka	prabalapanka	grade	19466	268-3	SCH-grade-12427_cases.xml	0
praBagnatA	prabhagnata1	prabhagnatā	prabhagnatā	grade	19472	268-3	SCH-grade-12427_cases.xml	0
praBavaBUDara	prabhavabhu1dhara	prabhavabhūdhara	prabhavabhūdhara	grade	19474	268-3	SCH-grade-12427_cases.xml	0
praBAnulepin	prabha1nulepin	prabhānulepin	prabhānulepin	grade	19476	269-1	SCH-grade-12427_cases.xml	0
praBAvakatA	prabha1vakata1	prabhāvakatā	prabhāvakatā	grade	19479	269-1	SCH-grade-12427_cases.xml	0
praBedin	prabhedin	prabhedin	prabhedin	grade	19491	269-1	SCH-grade-12427_cases.xml	0
pramAditva	prama1ditva	pramāditva	pramāditva	grade	19500	269-1	SCH-grade-12427_cases.xml	0
pramIqa	prami1d2a	pramīḍa	pramīḍa	grade	19503	269-2	SCH-grade-12427_cases.xml	0
pramItaBAva	prami1tabha1va	pramītabhāva	pramītabhāva	grade	19504	269-2	SCH-grade-12427_cases.xml	0
pramuKita	pramukhita	pramukhita	pramukhita	grade	19506	269-2	SCH-grade-12427_cases.xml	0
pramodavant	pramodavant	pramodavant	pramodavant	grade	19511	269-2	SCH-grade-12427_cases.xml	0
pramlAnayati	pramla1nay(ati)	pramlānayati	pramlānayati	grade	19513	269-2	SCH-grade-12427_cases.xml	0
prayogavid	prayogavid	prayogavid	prayogavid	grade	19522	269-2	SCH-grade-12427_cases.xml	0
pralayakevalin	pralayakevalin	pralayakevalin	pralayakevalin	grade	19530	269-3	SCH-grade-12427_cases.xml	0
pralIlA	prali1la1	pralīlā	pralīlā	grade	19533	269-3	SCH-grade-12427_cases.xml	0
pralopaka	pralopaka	pralopaka	pralopaka	grade	19534	269-3	SCH-grade-12427_cases.xml	0
pravartitva	pravartitva	pravartitva	pravartitva	grade	19542	269-3	SCH-grade-12427_cases.xml	0
pravarDanA	pravardhana1	pravardhanā	pravardhanā	grade	19544	269-3	SCH-grade-12427_cases.xml	0
pravarDin	pravardhin	pravardhin	pravardhin	grade	19545	269-3	SCH-grade-12427_cases.xml	0
pravAlakamaRi	prava1lakaman2i	pravālakamaṇi	pravālakamani	grade	19553	270-1	SCH-grade-12427_cases.xml	0
pravAlamaRi	prava1laman2i	pravālamaṇi	pravālamani	grade	19554	270-1	SCH-grade-12427_cases.xml	0
pravAhIkA	prava1hi1ka1	pravāhīkā	pravāhīkā	grade	19558	270-1	SCH-grade-12427_cases.xml	0
praviciti	praviciti	praviciti	praviciti	grade	19564	270-1	SCH-grade-12427_cases.xml	0
pravisArin	pravisa1rin	pravisārin	pravisārin	grade	19574	270-2	SCH-grade-12427_cases.xml	0
pravisfmara	pravisr2mara	pravisṛmara	pravisṛmara	grade	19575	270-2	SCH-grade-12427_cases.xml	0
pravihArin	praviha1rin	pravihārin	pravihārin	grade	19577	270-2	SCH-grade-12427_cases.xml	0
praveSa	praves4a	praveśa	praveśa	grade	19585	270-2	SCH-grade-12427_cases.xml	0
praveSana	praves4ana	praveśana	praveśana	grade	19586	270-2	SCH-grade-12427_cases.xml	0
pravezwanA	praves2t2ana1	praveṣṭanā	praveṣṭanā	grade	19588	270-2	SCH-grade-12427_cases.xml	0
praSakti	pras4akti	praśakti	praśakti	grade	19592	270-2	SCH-grade-12427_cases.xml	0
praSastipawa	pras4astipat2a	praśastipaṭa	praśastipaṭa	grade	19596	270-3	SCH-grade-12427_cases.xml	0
praSastiSilA	pras4astis4ila1	praśastiśilā	praśastiśilā	grade	19597	270-3	SCH-grade-12427_cases.xml	0
praSAstar	pras4a1star	praśāstar	praśāstar	grade	19599	270-3	SCH-grade-12427_cases.xml	0
praSna	pras4na	praśna	praśna	grade	19600	270-3	SCH-grade-12427_cases.xml	0
praSraya	pras4raya	praśraya	praśraya	grade	19603	270-3	SCH-grade-12427_cases.xml	0
praSravaRa	pras4ravan2a	praśravaṇa	praśravana	grade	19604	270-3	SCH-grade-12427_cases.xml	0
prasaNgati	prasan3gati	prasaṅgati	prasangati	grade	19610	270-3	SCH-grade-12427_cases.xml	0
prasaNgapatita	prasan3gapatita	prasaṅgapatita	prasangapatita	grade	19611	270-3	SCH-grade-12427_cases.xml	0
prasannIkaraRa	prasanni1karan2a	prasannīkaraṇa	prasannīkarana	grade	19618	270-3	SCH-grade-12427_cases.xml	0
prasannIBavana	prasanni1bhavana	prasannībhavana	prasannībhavana	grade	19619	271-1	SCH-grade-12427_cases.xml	0
prasannIBU	prasanni1bhu1	prasannībhū	prasannībhū	grade	19620	271-1	SCH-grade-12427_cases.xml	0
prasavanagfha	prasavanagr2ha	prasavanagṛha	prasavanagṛha	grade	19625	271-1	SCH-grade-12427_cases.xml	0
prasavarajas	prasavarajas	prasavarajas	prasavarajas	grade	19626	271-1	SCH-grade-12427_cases.xml	0
prasavAgama	prasava1gama	prasavāgama	prasavāgama	grade	19627	271-1	SCH-grade-12427_cases.xml	0
prasavAtmaka	prasava1tmaka	prasavātmaka	prasavātmaka	grade	19628	271-1	SCH-grade-12427_cases.xml	0
prasavAyuDa	prasava1yudha	prasavāyudha	prasavāyudha	grade	19629	271-1	SCH-grade-12427_cases.xml	0
prasAdalabDa	prasa1dalabdha	prasādalabdha	prasādalabdha	grade	19632	271-1	SCH-grade-12427_cases.xml	0
prasADanA	prasa1dhana1	prasādhanā	prasādhanā	grade	19634	271-1	SCH-grade-12427_cases.xml	0
prasADayitf	prasa1dhayitr2	prasādhayitṛ	prasādhayitṛ	grade	19635	271-1	SCH-grade-12427_cases.xml	0
prasADin	prasa1dhin	prasādhin	prasādhin	grade	19636	271-1	SCH-grade-12427_cases.xml	0
prasAraka	prasa1raka	prasāraka	prasāraka	grade	19638	271-1	SCH-grade-12427_cases.xml	0
prasAratA	prasa1rata1	prasāratā	prasāratā	grade	19639	271-1	SCH-grade-12427_cases.xml	0
prasidDitA	prasiddhita1	prasiddhitā	prasiddhitā	grade	19642	271-1	SCH-grade-12427_cases.xml	0
prasidDipAzARa	prasiddhipa1s2a1n2a	prasiddhipāṣāṇa	prasiddhipāṣāna	grade	19643	271-1	SCH-grade-12427_cases.xml	0
prasidDileKana	prasiddhilekhana	prasiddhilekhana	prasiddhilekhana	grade	19644	271-1	SCH-grade-12427_cases.xml	0
prasUtisTAna	prasu1tistha1na	prasūtisthāna	prasūtisthāna	grade	19648	271-2	SCH-grade-12427_cases.xml	0
prasUnaketu	prasu1naketu	prasūnaketu	prasūnaketu	grade	19649	271-2	SCH-grade-12427_cases.xml	0
prasUnaDanus	prasu1nadhanus	prasūnadhanus	prasūnadhanus	grade	19650	271-2	SCH-grade-12427_cases.xml	0
prasUnabARAsana	prasu1naba1n2a1sana	prasūnabāṇāsana	prasūnabānāsana	grade	19651	271-2	SCH-grade-12427_cases.xml	0
prasUnamArgaRa	prasu1nama1rgan2a	prasūnamārgaṇa	prasūnamārgana	grade	19652	271-2	SCH-grade-12427_cases.xml	0
prasUnaviSiKa	prasu1navis4ikha	prasūnaviśikha	prasūnaviśikha	grade	19653	271-2	SCH-grade-12427_cases.xml	0
prasftaka	prasr2taka	prasṛtaka	prasṛtaka	grade	19654	271-2	SCH-grade-12427_cases.xml	0
prasftABaraRa	prasr2ta1bharan2a	prasṛtābharaṇa	prasṛtābharana	grade	19656	271-2	SCH-grade-12427_cases.xml	0
prasfzwastrIka	prasr2s2t2astri1ka	prasṛṣṭastrīka	prasṛṣṭastrīka	grade	19659	271-2	SCH-grade-12427_cases.xml	0
prastaraDAtu	prastaradha1tu	prastaradhātu	prastaradhātu	grade	19664	271-2	SCH-grade-12427_cases.xml	0
prasnut	prasnut	prasnut	prasnut	grade	19673	271-3	SCH-grade-12427_cases.xml	0
prasvinnayati	prasvinnay(ati)	prasvinnayati	prasvinnayati	grade	19678	271-3	SCH-grade-12427_cases.xml	0
praharaRIkf	praharan2i1kr2	praharaṇīkṛ	praharanīkṛ	grade	19681	271-3	SCH-grade-12427_cases.xml	0
praharahastitA	praharahastita1	praharahastitā	praharahastitā	grade	19682	271-3	SCH-grade-12427_cases.xml	0
prahavaRa	prahavan2a	prahavaṇa	prahavana	grade	19683	271-3	SCH-grade-12427_cases.xml	0
prahfti	prahr2ti	prahṛti	prahṛti	grade	19692	271-3	SCH-grade-12427_cases.xml	0
prAkftakft	pra1kr2takr2t	prākṛtakṛt	prākṛtakṛt	grade	19697	271-3	SCH-grade-12427_cases.xml	0
prAkparvata	pra1kparvata	prākparvata	prākparvata	grade	19698	271-3	SCH-grade-12427_cases.xml	0
prAkziptaka	pra1ks2iptaka	prākṣiptaka	prākṣiptaka	grade	19699	272-1	SCH-grade-12427_cases.xml	0
prAgacala	pra1gacala	prāgacala	prāgacala	grade	19701	272-1	SCH-grade-12427_cases.xml	0
prAgadri	pra1gadri	prāgadri	prāgadri	grade	19702	272-1	SCH-grade-12427_cases.xml	0
prAgarDaniravadya	pra1gardhaniravadya	prāgardhaniravadya	prāgardhaniravadya	grade	19703	272-1	SCH-grade-12427_cases.xml	0
prAgBavIya	pra1gbhavi1ya	prāgbhavīya	prāgbhavīya	grade	19707	272-1	SCH-grade-12427_cases.xml	0
prAgvaMSa	pra1gvam2s4a	prāgvaṃśa	prāgvanśa	grade	19712	272-1	SCH-grade-12427_cases.xml	0
prAGuRikakriyA	pra1ghun2ikakriya1	prāghuṇikakriyā	prāghunikakriyā	grade	19715	272-1	SCH-grade-12427_cases.xml	0
prAjjURaka	pra1jju1n2aka	prājjūṇaka	prājjūnaka	grade	19724	272-2	SCH-grade-12427_cases.xml	0
prAYci	pra1n5ci	prāñci	prānci	grade	19725	272-2	SCH-grade-12427_cases.xml	0
prARanAqI	pra1n2ana1d2i1	prāṇanāḍī	prānanāḍī	grade	19728	272-2	SCH-grade-12427_cases.xml	0
prARasaMkalpa	pra1n2asam2kalpa	prāṇasaṃkalpa	prānasankalpa	grade	19730	272-2	SCH-grade-12427_cases.xml	0
prARADAra	pra1n2a1dha1ra	prāṇādhāra	prānādhāra	grade	19732	272-2	SCH-grade-12427_cases.xml	0
prARAbADika	pra1n2a1ba1dhika	prāṇābādhika	prānābādhika	grade	19733	272-2	SCH-grade-12427_cases.xml	0
prAtaHSEla	pra1tah2s4aila	prātaḥśaila	prātaḥśaila	grade	19740	272-2	SCH-grade-12427_cases.xml	0
prAtiBatA	pra1tibhata1	prātibhatā	prātibhatā	grade	19748	272-3	SCH-grade-12427_cases.xml	0
prAtiveDanika	pra1tivedhanika	prātivedhanika	prātivedhanika	grade	19750	272-3	SCH-grade-12427_cases.xml	0
prAtiveSika	pra1tives4ika	prātiveśika	prātiveśika	grade	19751	272-3	SCH-grade-12427_cases.xml	0
prAtiveSikA	pra1tives4ika1	prātiveśikā	prātiveśikā	grade	19752	272-3	SCH-grade-12427_cases.xml	0
prAtiveSinI	pra1tives4ini1	prātiveśinī	prātiveśinī	grade	19753	272-3	SCH-grade-12427_cases.xml	0
prAtiveSman	pra1tives4man	prātiveśman	prātiveśman	grade	19754	272-3	SCH-grade-12427_cases.xml	0
prAtiveSmikA	pra1tives4mika1	prātiveśmikā	prātiveśmikā	grade	19755	272-3	SCH-grade-12427_cases.xml	0
prAtiSIna	pra1tis4i1na	prātiśīna	prātiśīna	grade	19756	272-3	SCH-grade-12427_cases.xml	0
prAdIpika	pra1di1pika	prādīpika	prādīpika	grade	19762	272-3	SCH-grade-12427_cases.xml	0
prAdurBavana	pra1durbhavana	prādurbhavana	prādurbhavana	grade	19763	272-3	SCH-grade-12427_cases.xml	0
prAdurBUti	pra1durbhu1ti	prādurbhūti	prādurbhūti	grade	19764	272-3	SCH-grade-12427_cases.xml	0
prAduzkAra	pra1dus2ka1ra	prāduṣkāra	prāduṣkāra	grade	19765	272-3	SCH-grade-12427_cases.xml	0
prAntAra	pra1nta1ra	prāntāra	prāntāra	grade	19769	272-3	SCH-grade-12427_cases.xml	0
prAntyadivasa	pra1ntyadivasa	prāntyadivasa	prāntyadivasa	grade	19770	272-3	SCH-grade-12427_cases.xml	0
prApapakzin	pra1papaks2in	prāpapakṣin	prāpapakṣin	grade	19772	272-3	SCH-grade-12427_cases.xml	0
prApUrRaka	pra1pu1rn2aka	prāpūrṇaka	prāpūrnaka	grade	19774	273-1	SCH-grade-12427_cases.xml	0
prAptika	pra1ptika	prāptika	prāptika	grade	19779	273-1	SCH-grade-12427_cases.xml	0
prAptikara	pra1ptikara	prāptikara	prāptikara	grade	19780	273-1	SCH-grade-12427_cases.xml	0
prABftIkaraRa	pra1bhr2ti1karan2a	prābhṛtīkaraṇa	prābhṛtīkarana	grade	19784	273-1	SCH-grade-12427_cases.xml	0
prAmityaka	pra1mityaka	prāmityaka	prāmityaka	grade	19785	273-1	SCH-grade-12427_cases.xml	0
prAyatva	pra1yatva	prāyatva	prāyatva	grade	19786	273-1	SCH-grade-12427_cases.xml	0
prAlamBana	pra1lambhana	prālambhana	prālambhana	grade	19795	273-1	SCH-grade-12427_cases.xml	0
prAleyAcala	pra1leya1cala	prāleyācala	prāleyācala	grade	19797	273-2	SCH-grade-12427_cases.xml	0
prAvartima	pra1vartima	prāvartima	prāvartima	grade	19800	273-2	SCH-grade-12427_cases.xml	0
prAvahaRika	pra1vahan2ika	prāvahaṇika	prāvahanika	grade	19801	273-2	SCH-grade-12427_cases.xml	0
prAvAla	pra1va1la	prāvāla	prāvāla	grade	19802	273-2	SCH-grade-12427_cases.xml	0
prAveSikI	pra1ves4iki1	prāveśikī	prāveśikī	grade	19807	273-2	SCH-grade-12427_cases.xml	0
prASnika	pra1s4nika	prāśnika	prāśnika	grade	19810	273-2	SCH-grade-12427_cases.xml	0
prAsaprasara	Pra1saprasara	prāsaprasara	prāsaprasara	grade	19812	273-2	SCH-grade-12427_cases.xml	0
prAsAdapAla	pra1sa1dapa1la	prāsādapāla	prāsādapāla	grade	19814	273-2	SCH-grade-12427_cases.xml	0
prAsAdasiMha	pra1sa1dasim2ha	prāsādasiṃha	prāsādasinha	grade	19815	273-2	SCH-grade-12427_cases.xml	0
prAsin	pra1sin	prāsin	prāsin	grade	19819	273-2	SCH-grade-12427_cases.xml	0
prAstaraRa	pra1staran2a	prāstaraṇa	prāstarana	grade	19820	273-2	SCH-grade-12427_cases.xml	0
priyavAla	priyava1la	priyavāla	priyavāla	grade	19830	273-3	SCH-grade-12427_cases.xml	0
priyasuraBi	priyasurabhi	priyasurabhi	priyasurabhi	grade	19832	273-3	SCH-grade-12427_cases.xml	0
priyABa	priya1bha	priyābha	priyābha	grade	19837	273-3	SCH-grade-12427_cases.xml	0
priyArAma	priya1ra1ma	priyārāma	priyārāma	grade	19839	273-3	SCH-grade-12427_cases.xml	0
priyAlApitA	priya1la1pita1	priyālāpitā	priyālāpitā	grade	19840	273-3	SCH-grade-12427_cases.xml	0
prItikft	pri1tikr2t	prītikṛt	prītikṛt	grade	19844	273-3	SCH-grade-12427_cases.xml	0
preNKolitaka	pren3kholitaka	preṅkholitaka	prenkholitaka	grade	19853	273-3	SCH-grade-12427_cases.xml	0
pretAvanI	preta1vani1	pretāvanī	pretāvanī	grade	19859	274-1	SCH-grade-12427_cases.xml	0
premamaya	premamaya	premamaya	premamaya	grade	19862	274-1	SCH-grade-12427_cases.xml	0
procca	procca	procca	procca	grade	19868	274-1	SCH-grade-12427_cases.xml	0
protAra	prota1ra	protāra	protāra	grade	19870	274-1	SCH-grade-12427_cases.xml	0
protkURa	protku1n2a	protkūṇa	protkūna	grade	19871	274-1	SCH-grade-12427_cases.xml	0
protsAraRA	protsa1ran2a1	protsāraṇā	protsāranā	grade	19872	274-1	SCH-grade-12427_cases.xml	0
prodaYci	prodan5ci	prodañci	prodanci	grade	19874	274-2	SCH-grade-12427_cases.xml	0
prodGAta	prodgha1ta	prodghāta	prodghāta	grade	19875	274-2	SCH-grade-12427_cases.xml	0
prorDva	prordhva	prordhva	prordhva	grade	19881	274-2	SCH-grade-12427_cases.xml	0
prollAsa	prolla1sa	prollāsa	prollāsa	grade	19882	274-2	SCH-grade-12427_cases.xml	0
prOQapriyApANganavotpala	Praud2hapriya1pa1n3ganavotpala	prauḍhapriyāpāṅganavotpala	prauḍhapriyāpānganavotpala	grade	19887	274-2	SCH-grade-12427_cases.xml	0
prOQita	praud2hita	prauḍhita	prauḍhita	grade	19889	274-2	SCH-grade-12427_cases.xml	0
plavagarAja	plavagara1ja	plavagarāja	plavagarāja	grade	19894	274-3	SCH-grade-12427_cases.xml	0
plavagADipalakzman	plavaga1dhipalaks2man	plavagādhipalakṣman	plavagādhipalakṣman	grade	19895	274-3	SCH-grade-12427_cases.xml	0
plutyagamana	plutyagamana	plutyagamana	plutyagamana	grade	19901	274-3	SCH-grade-12427_cases.xml	0
pluzwi	plus2t2i	pluṣṭi	pluṣṭi	grade	19903	274-3	SCH-grade-12427_cases.xml	0
Pawat	phat2at	phaṭat	phaṭat	grade	19908	274a-1	SCH-grade-12427_cases.xml	0
Pawkfti	phat2kr2ti	phaṭkṛti	phaṭkṛti	grade	19909	274a-1	SCH-grade-12427_cases.xml	0
PaRABftpati	phan2a1bhr2tpati	phaṇābhṛtpati	phanābhṛtpati	grade	19910	274a-1	SCH-grade-12427_cases.xml	0
PaRinI	phan2ini1	phaṇinī	phaninī	grade	19912	274a-1	SCH-grade-12427_cases.xml	0
PaRipASa	phan2ipa1s4a	phaṇipāśa	phanipāśa	grade	19914	274a-1	SCH-grade-12427_cases.xml	0
PaRISa	phan2i1s4a	phaṇīśa	phanīśa	grade	19915	274a-2	SCH-grade-12427_cases.xml	0
Paratka	pharatka	pharatka	pharatka	grade	19917	274a-2	SCH-grade-12427_cases.xml	0
PalakahAra	phalakaha1ra	phalakahāra	phalakahāra	grade	19921	274a-3	SCH-grade-12427_cases.xml	0
Palagu	phalagu	phalagu	phalagu	grade	19923	274a-3	SCH-grade-12427_cases.xml	0
PalASana	phala1s4ana	phalāśana	phalāśana	grade	19930	275-1	SCH-grade-12427_cases.xml	0
PalInI	phali1ni1	phalīnī	phalīnī	grade	19934	275-1	SCH-grade-12427_cases.xml	0
Palguvalgita	phalguvalgita	phalguvalgita	phalguvalgita	grade	19936	275-1	SCH-grade-12427_cases.xml	0
PAlI	pha1li1	phālī	phālī	grade	19942	275-2	SCH-grade-12427_cases.xml	0
PuNkawamiSra	Phun3kat2amis4ra	phuṅkaṭamiśra	phunkaṭamiśra	grade	19944	275-2	SCH-grade-12427_cases.xml	0
Pulaqa	Phulad2a	phulaḍa	phulaḍa	grade	19948	275-2	SCH-grade-12427_cases.xml	0
PUtkA	phu1tka1	phūtkā	phūtkā	grade	19952	275-3	SCH-grade-12427_cases.xml	0
Petkfti	phetkr2ti	phetkṛti	phetkṛti	grade	19953	275-3	SCH-grade-12427_cases.xml	0
PenamAlinI	Phenama1lini1	phenamālinī	phenamālinī	grade	19955	275-3	SCH-grade-12427_cases.xml	0
PenAGAta	phena1gha1ta	phenāghāta	phenāghāta	grade	19956	275-3	SCH-grade-12427_cases.xml	0
PenAvartAyate	phena1varta1y(ate)	phenāvartāyate	phenāvartāyate	grade	19957	275-3	SCH-grade-12427_cases.xml	0
PeruRqin	pherun2d2in	pheruṇḍin	pherunḍin	grade	19959	275-3	SCH-grade-12427_cases.xml	0
PelABuj	phela1bhuj	phelābhuj	phelābhuj	grade	19961	275-3	SCH-grade-12427_cases.xml	0
baMhIyastva	bam2hi1yastva	baṃhīyastva	banhīyastva	grade	19964	275-3	SCH-grade-12427_cases.xml	0
bakacArin	bakaca1rin	bakacārin	bakacārin	grade	19966	275-3	SCH-grade-12427_cases.xml	0
bakapIqaka	bakapi1d2aka	bakapīḍaka	bakapīḍaka	grade	19967	275-3	SCH-grade-12427_cases.xml	0
bakulaka	bakulaka	bakulaka	bakulaka	grade	19969	275-3	SCH-grade-12427_cases.xml	0
bakulAvalI	Bakula1vali1	bakulāvalī	bakulāvalī	grade	19972	275-3	SCH-grade-12427_cases.xml	0
bagaulI	Bagau0li1	bagaulī	bagaulī	grade	19975	275-3	SCH-grade-12427_cases.xml	0
baWarayati	bat2haray(ati)	baṭharayati	baṭharayati	grade	19980	275-3	SCH-grade-12427_cases.xml	0
badDakakza	baddhakaks2a	baddhakakṣa	baddhakakṣa	grade	19986	275-3	SCH-grade-12427_cases.xml	0
badDakrama	baddhakrama	baddhakrama	baddhakrama	grade	19987	275-3	SCH-grade-12427_cases.xml	0
badDagAtrika	baddhaga1trika	baddhagātrika	baddhagātrika	grade	19988	275-3	SCH-grade-12427_cases.xml	0
badDaDaraRI	baddhadharan2i1	baddhadharaṇī	baddhadharanī	grade	19989	275-3	SCH-grade-12427_cases.xml	0
badDamuzwitA	baddhamus2t2ita1	baddhamuṣṭitā	baddhamuṣṭitā	grade	19992	275-3	SCH-grade-12427_cases.xml	0
badDaroza	baddharos2a	baddharoṣa	baddharoṣa	grade	19993	275-3	SCH-grade-12427_cases.xml	0
bandIgfha	bandi1gr2ha	bandīgṛha	bandīgṛha	grade	19999	276-1	SCH-grade-12427_cases.xml	0
bandIgrahaRa	bandi1grahan2a	bandīgrahaṇa	bandīgrahana	grade	20001	276-1	SCH-grade-12427_cases.xml	0
bandIBUta	bandi1bhu1ta	bandībhūta	bandībhūta	grade	20002	276-1	SCH-grade-12427_cases.xml	0
banDakIkfta	bandhaki1kr2ta	bandhakīkṛta	bandhakīkṛta	grade	20006	276-1	SCH-grade-12427_cases.xml	0
banDanapAsa	bandhanapa1sa	bandhanapāsa	bandhanapāsa	grade	20008	276-1	SCH-grade-12427_cases.xml	0
banDaBeda	bandhabheda	bandhabheda	bandhabheda	grade	20011	276-1	SCH-grade-12427_cases.xml	0
banDarAja	bandhara1ja	bandharāja	bandharāja	grade	20012	276-1	SCH-grade-12427_cases.xml	0
banDasUtra	bandhasu1tra	bandhasūtra	bandhasūtra	grade	20013	276-1	SCH-grade-12427_cases.xml	0
banDuratva	bandhuratva	bandhuratva	bandhuratva	grade	20020	276-2	SCH-grade-12427_cases.xml	0
banDuravant	bandhuravant	bandhuravant	bandhuravant	grade	20021	276-2	SCH-grade-12427_cases.xml	0
banDUkajIva	bandhu1kaji1va	bandhūkajīva	bandhūkajīva	grade	20024	276-2	SCH-grade-12427_cases.xml	0
bappIha	bappi1ha	bappīha	bappīha	grade	20027	276-2	SCH-grade-12427_cases.xml	0
baballa	baballa	baballa	baballa	grade	20029	276-2	SCH-grade-12427_cases.xml	0
baBruBAva	babhrubha1va	babhrubhāva	babhrubhāva	grade	20033	276-2	SCH-grade-12427_cases.xml	0
bambUla	bambu1la	bambūla	bambūla	grade	20035	276-2	SCH-grade-12427_cases.xml	0
bamberA	Bambera1	bamberā	bamberā	grade	20036	276-2	SCH-grade-12427_cases.xml	0
barbaraBAzaRa	barbarabha1s2an2a	barbarabhāṣaṇa	barbarabhāṣana	grade	20043	276-2	SCH-grade-12427_cases.xml	0
barhApIqin	barha1pi1d2in	barhāpīḍin	barhāpīḍin	grade	20045	276-2	SCH-grade-12427_cases.xml	0
balaBinmaRi	balabhinman2i	balabhinmaṇi	balabhinmani	grade	20055	276-3	SCH-grade-12427_cases.xml	0
balalABa	balala1bha	balalābha	balalābha	grade	20057	276-3	SCH-grade-12427_cases.xml	0
balavAhana	Balava1hana	balavāhana	balavāhana	grade	20059	276-3	SCH-grade-12427_cases.xml	0
balaveDya	balavedhya	balavedhya	balavedhya	grade	20061	276-3	SCH-grade-12427_cases.xml	0
balAtkftya	bala1tkr2tya	balātkṛtya	balātkṛtya	grade	20065	276-3	SCH-grade-12427_cases.xml	0
balADikftA	bala1dhikr2ta1	balādhikṛtā	balādhikṛtā	grade	20066	276-3	SCH-grade-12427_cases.xml	0
balADikfti	bala1dhikr2ti	balādhikṛti	balādhikṛti	grade	20067	276-3	SCH-grade-12427_cases.xml	0
balAla	bala1la	balāla	balāla	grade	20069	276-3	SCH-grade-12427_cases.xml	0
balASanA	bala1s4ana1	balāśanā	balāśanā	grade	20070	276-3	SCH-grade-12427_cases.xml	0
balAhakAnta	bala1haka1nta	balāhakānta	balāhakānta	grade	20073	277-1	SCH-grade-12427_cases.xml	0
balikriya	balikriya	balikriya	balikriya	grade	20074	277-1	SCH-grade-12427_cases.xml	0
balitva	balitva	balitva	balitva	grade	20075	277-1	SCH-grade-12427_cases.xml	0
balibanDakara	balibandhakara	balibandhakara	balibandhakara	grade	20078	277-1	SCH-grade-12427_cases.xml	0
baliBaNga	balibhan3ga	balibhaṅga	balibhanga	grade	20079	277-1	SCH-grade-12427_cases.xml	0
baliBuja	balibhuja	balibhuja	balibhuja	grade	20080	277-1	SCH-grade-12427_cases.xml	0
baliripu	Baliripu	baliripu	baliripu	grade	20082	277-1	SCH-grade-12427_cases.xml	0
bastamUtraganDin	bastamu1tragandhi(n)	bastamūtragandhin	bastamūtragandhin	grade	20093	277-1	SCH-grade-12427_cases.xml	0
bahitra	bahitra	bahitra	bahitra	grade	20098	277-2	SCH-grade-12427_cases.xml	0
bahirAtman	bahira1tman	bahirātman	bahirātman	grade	20099	277-2	SCH-grade-12427_cases.xml	0
bahirdfzwi	bahirdr2s2t2i	bahirdṛṣṭi	bahirdṛṣṭi	grade	20101	277-2	SCH-grade-12427_cases.xml	0
bahirmuKatA	bahirmukhata1	bahirmukhatā	bahirmukhatā	grade	20104	277-2	SCH-grade-12427_cases.xml	0
bahirmuKIBAva	bahirmukhi1bha1va	bahirmukhībhāva	bahirmukhībhāva	grade	20105	277-2	SCH-grade-12427_cases.xml	0
bahirvESravaRa	Bahirvrais4ravan2a	bahirvaiśravaṇa	bahirvaiśravana	grade	20108	277-2	SCH-grade-12427_cases.xml	0
bahutiTi	bahutithi	bahutithi	bahutithi	grade	20117	277-2	SCH-grade-12427_cases.xml	0
bahuBUzaRatA	bahubhu1s2an2ata1	bahubhūṣaṇatā	bahubhūṣanatā	grade	20120	277-2	SCH-grade-12427_cases.xml	0
bahumArgatA	bahuma1rgata1	bahumārgatā	bahumārgatā	grade	20125	277-3	SCH-grade-12427_cases.xml	0
bahulAsuta	Bahula1suta	bahulāsuta	bahulāsuta	grade	20134	277-3	SCH-grade-12427_cases.xml	0
bahuvaktavyatA	bahuvaktavyata1	bahuvaktavyatā	bahuvaktavyatā	grade	20138	277-3	SCH-grade-12427_cases.xml	0
bahuvayas	bahuvayas	bahuvayas	bahuvayas	grade	20139	277-3	SCH-grade-12427_cases.xml	0
bahuvAc	bahuva1c	bahuvāc	bahuvāc	grade	20142	277-3	SCH-grade-12427_cases.xml	0
bahUkf	bahu1kr2	bahūkṛ	bahūkṛ	grade	20149	278-1	SCH-grade-12427_cases.xml	0
bahvAbADa	bahva1ba1dha	bahvābādha	bahvābādha	grade	20150	278-1	SCH-grade-12427_cases.xml	0
bADAvant	ba1dha1vant	bādhāvant	bādhāvant	grade	20162	278-1	SCH-grade-12427_cases.xml	0
bArava	Ba1rava	bārava	bārava	grade	20165	278-1	SCH-grade-12427_cases.xml	0
bAlacakora	Ba1lacakora	bālacakora	bālacakora	grade	20174	278-2	SCH-grade-12427_cases.xml	0
bAlaDAraka	ba1ladha1raka	bāladhāraka	bāladhāraka	grade	20177	278-2	SCH-grade-12427_cases.xml	0
bAlavatI	ba1lavati1	bālavatī	bālavatī	grade	20182	278-2	SCH-grade-12427_cases.xml	0
bAlavyajanIkfta	ba1lavyajani1kr2ta	bālavyajanīkṛta	bālavyajanīkṛta	grade	20184	278-2	SCH-grade-12427_cases.xml	0
bAlAruRAyate	ba1la1run2a1y(ate)	bālāruṇāyate	bālārunāyate	grade	20187	278-2	SCH-grade-12427_cases.xml	0
bAlAruRIya	ba1la1run2i1ya	bālāruṇīya	bālārunīya	grade	20188	278-2	SCH-grade-12427_cases.xml	0
bAliSa	ba1lis4a	bāliśa	bāliśa	grade	20191	278-2	SCH-grade-12427_cases.xml	0
bAlyamitra	ba1lyamitra	bālyamitra	bālyamitra	grade	20192	278-2	SCH-grade-12427_cases.xml	0
bAlhaveya	Ba1lhaveya	bālhaveya	bālhaveya	grade	20193	278-2	SCH-grade-12427_cases.xml	0
bAzpacCedya	ba1s2pacchedya	bāṣpacchedya	bāṣpacchedya	grade	20195	278-2	SCH-grade-12427_cases.xml	0
bAhAbAhiraRa	ba1ha1ba1hiran2a	bāhābāhiraṇa	bāhābāhirana	grade	20200	278-3	SCH-grade-12427_cases.xml	0
bAhirika	ba1hirika	bāhirika	bāhirika	grade	20201	278-3	SCH-grade-12427_cases.xml	0
bAhirikA	ba1hirika1	bāhirikā	bāhirikā	grade	20202	278-3	SCH-grade-12427_cases.xml	0
bAhudantIputra	Ba1hudanti1putra	bāhudantīputra	bāhudantīputra	grade	20207	278-3	SCH-grade-12427_cases.xml	0
bAhunartana	ba1hunartana	bāhunartana	bāhunartana	grade	20208	278-3	SCH-grade-12427_cases.xml	0
bAhupawwa	ba1hupat2t2a	bāhupaṭṭa	bāhupaṭṭa	grade	20210	278-3	SCH-grade-12427_cases.xml	0
bAhurakza	ba1huraks2a	bāhurakṣa	bāhurakṣa	grade	20215	278-3	SCH-grade-12427_cases.xml	0
bAhuloqa	Ba1hulod2a	bāhuloḍa	bāhuloḍa	grade	20218	278-3	SCH-grade-12427_cases.xml	0
bAhuSAlitA	ba1hus4a1lita1	bāhuśālitā	bāhuśālitā	grade	20223	279-1	SCH-grade-12427_cases.xml	0
bAhyAnuvftta	ba1hya1nuvr2tta	bāhyānuvṛtta	bāhyānuvṛtta	grade	20226	279-1	SCH-grade-12427_cases.xml	0
bAhvIkuNkuma	ba1hvi1kun3kuma	bāhvīkuṅkuma	bāhvīkunkuma	grade	20230	279-1	SCH-grade-12427_cases.xml	0
bikka	bikka	bikka	bikka	grade	20231	279-1	SCH-grade-12427_cases.xml	0
biqa	bid2a	biḍa	biḍa	grade	20232	279-1	SCH-grade-12427_cases.xml	0
binducyutaka	binducyutaka	binducyutaka	binducyutaka	grade	20235	279-1	SCH-grade-12427_cases.xml	0
bindumAlaka	binduma1laka	bindumālaka	bindumālaka	grade	20237	279-1	SCH-grade-12427_cases.xml	0
bindumAlA	binduma1la1	bindumālā	bindumālā	grade	20238	279-1	SCH-grade-12427_cases.xml	0
bindUyamAna	bindu1yama1na	bindūyamāna	bindūyamāna	grade	20241	279-1	SCH-grade-12427_cases.xml	0
bibbokinI	bibbokini1	bibbokinī	bibbokinī	grade	20243	279-1	SCH-grade-12427_cases.xml	0
bimbAyamAna	bimba1yama1na	bimbāyamāna	bimbāyamāna	grade	20247	279-2	SCH-grade-12427_cases.xml	0
bimbozWI	bimbos2t2hi1	bimboṣṭhī	bimboṣṭhī	grade	20250	279-2	SCH-grade-12427_cases.xml	0
bimbOzWI	bimbaus2t2hi1	bimbauṣṭhī	bimbauṣṭhī	grade	20251	279-2	SCH-grade-12427_cases.xml	0
bilajAta	bilaja1ta	bilajāta	bilajāta	grade	20254	279-2	SCH-grade-12427_cases.xml	0
bilasad	bilasad	bilasad	bilasad	grade	20256	279-2	SCH-grade-12427_cases.xml	0
bisara	bisara	bisara	bisara	grade	20265	279-2	SCH-grade-12427_cases.xml	0
bIjanibanDa	bi1janibandha	bījanibandha	bījanibandha	grade	20270	279-2	SCH-grade-12427_cases.xml	0
bIjabanDa	bi1jabandha	bījabandha	bījabandha	grade	20271	279-3	SCH-grade-12427_cases.xml	0
bIjaBakzaka	bi1jabhaks2aka	bījabhakṣaka	bījabhakṣaka	grade	20272	279-3	SCH-grade-12427_cases.xml	0
bIjaBojin	bi1jabhojin	bījabhojin	bījabhojin	grade	20273	279-3	SCH-grade-12427_cases.xml	0
bIjastamBa	bi1jastambha	bījastambha	bījastambha	grade	20276	279-3	SCH-grade-12427_cases.xml	0
bIjottara	bi1jottara	bījottara	bījottara	grade	20277	279-3	SCH-grade-12427_cases.xml	0
budDadAsI	Buddhada1si1	buddhadāsī	buddhadāsī	grade	20284	279-3	SCH-grade-12427_cases.xml	0
budDARqa	buddha1n2d2a	buddhāṇḍa	buddhānḍa	grade	20285	279-3	SCH-grade-12427_cases.xml	0
budDigfhIta	buddhigr2hi1ta	buddhigṛhīta	buddhigṛhīta	grade	20288	279-3	SCH-grade-12427_cases.xml	0
buDapraboDa	Budhaprabodha	budhaprabodha	budhaprabodha	grade	20293	280-1	SCH-grade-12427_cases.xml	0
bumbArava	bumba1rava	bumbārava	bumbārava	grade	20295	280-1	SCH-grade-12427_cases.xml	0
burbura	burbura	burbura	burbura	grade	20296	280-1	SCH-grade-12427_cases.xml	0
bUwa	bu1t2a	būṭa	būṭa	grade	20299	280-1	SCH-grade-12427_cases.xml	0
bfMha	br2m2ha	bṛṃha	bṛnha	grade	20300	280-1	SCH-grade-12427_cases.xml	0
bfhadaSvavAra	br2hadas4vava1ra	bṛhadaśvavāra	bṛhadaśvavāra	grade	20312	280-1	SCH-grade-12427_cases.xml	0
bfhannaqA	Br2hannad2a1	bṛhannaḍā	bṛhannaḍā	grade	20317	280-2	SCH-grade-12427_cases.xml	0
bfhanniveSa	br2hannives4a	bṛhanniveśa	bṛhanniveśa	grade	20318	280-2	SCH-grade-12427_cases.xml	0
bfhanmuRqa	br2hanmun2d2a	bṛhanmuṇḍa	bṛhanmunḍa	grade	20319	280-2	SCH-grade-12427_cases.xml	0
bfhaspatinIti	Br2haspatini1ti	bṛhaspatinīti	bṛhaspatinīti	grade	20321	280-2	SCH-grade-12427_cases.xml	0
bEndavI	baindavi1	baindavī	baindavī	grade	20325	280-2	SCH-grade-12427_cases.xml	0
boDakAra	bodhaka1ra	bodhakāra	bodhakāra	grade	20327	280-2	SCH-grade-12427_cases.xml	0
boDADipati	bodha1dhipati	bodhādhipati	bodhādhipati	grade	20330	280-2	SCH-grade-12427_cases.xml	0
bOdbuda	baudbuda	baudbuda	baudbuda	grade	20338	280-2	SCH-grade-12427_cases.xml	0
brahmakoSa	brahmakos4a	brahmakośa	brahmakośa	grade	20340	280-2	SCH-grade-12427_cases.xml	0
brahmataru	brahmataru	brahmataru	brahmataru	grade	20344	280-3	SCH-grade-12427_cases.xml	0
brahmadeyika	brahmadeyika	brahmadeyika	brahmadeyika	grade	20346	280-3	SCH-grade-12427_cases.xml	0
brahmanAqI	brahmana1d2i1	brahmanāḍī	brahmanāḍī	grade	20349	280-3	SCH-grade-12427_cases.xml	0
brahmapakzin	brahmapaks2in	brahmapakṣin	brahmapakṣin	grade	20350	280-3	SCH-grade-12427_cases.xml	0
brahmavipruz	brahmaviprus2	brahmavipruṣ	brahmavipruṣ	grade	20357	280-3	SCH-grade-12427_cases.xml	0
brahmasAra	brahmasa1ra	brahmasāra	brahmasāra	grade	20362	280-3	SCH-grade-12427_cases.xml	0
brahmAdvEtavAdin	brahma1dvaitava1din	brahmādvaitavādin	brahmādvaitavādin	grade	20365	281-1	SCH-grade-12427_cases.xml	0
brahmASraya	brahma1s4raya	brahmāśraya	brahmāśraya	grade	20368	281-1	SCH-grade-12427_cases.xml	0
brAhmasamayAvarta	bra1hmasamaya1varta	brāhmasamayāvarta	brāhmasamayāvarta	grade	20378	281-2	SCH-grade-12427_cases.xml	0
brAhmIkA	bra1hmi1ka1	brāhmīkā	brāhmīkā	grade	20379	281-3	SCH-grade-12427_cases.xml	0
bruqana	brud2ana	bruḍana	bruḍana	grade	20382	281-3	SCH-grade-12427_cases.xml	0
brUca	bru1ca	brūca	brūca	grade	20383	281-3	SCH-grade-12427_cases.xml	0
broqana	brod2ana	broḍana	broḍana	grade	20384	281-3	SCH-grade-12427_cases.xml	0
BaktagrAsa	bhaktagra1sa	bhaktagrāsa	bhaktagrāsa	grade	20388	281-3	SCH-grade-12427_cases.xml	0
Baktajana	bhaktajana	bhaktajana	bhaktajana	grade	20389	281-3	SCH-grade-12427_cases.xml	0
BaktalavaRa	bhaktalavan2a	bhaktalavaṇa	bhaktalavana	grade	20390	281-3	SCH-grade-12427_cases.xml	0
BaktAyate	bhakta1y(ate)	bhaktāyate	bhaktāyate	grade	20393	281-3	SCH-grade-12427_cases.xml	0
BagaMdarin	bhagam2darin	bhagaṃdarin	bhagandarin	grade	20400	281-2	SCH-grade-12427_cases.xml	0
Bagavadviditam	bhagavadviditam	bhagavadviditam	bhagavadviditam	grade	20402	281-2	SCH-grade-12427_cases.xml	0
Bagnapuzwika	bhagnapus2t2ika	bhagnapuṣṭika	bhagnapuṣṭika	grade	20408	281-2	SCH-grade-12427_cases.xml	0
BagnamuKa	bhagnamukha	bhagnamukha	bhagnamukha	grade	20409	281-2	SCH-grade-12427_cases.xml	0
BagnAnana	bhagna1nana	bhagnānana	bhagnānana	grade	20411	281-3	SCH-grade-12427_cases.xml	0
Bagnotsfzwaka	bhagnotsr2s2t2aka	bhagnotsṛṣṭaka	bhagnotsṛṣṭaka	grade	20412	281-3	SCH-grade-12427_cases.xml	0
BaNgada	bhan3gada	bhaṅgada	bhangada	grade	20414	281-3	SCH-grade-12427_cases.xml	0
BaNgikA	bhan3gika1	bhaṅgikā	bhangikā	grade	20415	281-3	SCH-grade-12427_cases.xml	0
BaNguratva	bhan3guratva	bhaṅguratva	bhanguratva	grade	20416	281-3	SCH-grade-12427_cases.xml	0
BaNguradfS	bhan3guradr2s4	bhaṅguradṛś	bhanguradṛś	grade	20417	281-3	SCH-grade-12427_cases.xml	0
BaNguraBrU	bhan3gurabhru1	bhaṅgurabhrū	bhangurabhrū	grade	20418	281-3	SCH-grade-12427_cases.xml	0
BawitrIkfta	bhat2itri1kr2ta	bhaṭitrīkṛta	bhaṭitrīkṛta	grade	20423	282-1	SCH-grade-12427_cases.xml	0
BawI	bhat2i1	bhaṭī	bhaṭī	grade	20424	282-1	SCH-grade-12427_cases.xml	0
BadrakartarI	bhadrakartari1	bhadrakartarī	bhadrakartarī	grade	20438	282-1	SCH-grade-12427_cases.xml	0
BadrajAtya	bhadraja1tya	bhadrajātya	bhadrajātya	grade	20443	282-1	SCH-grade-12427_cases.xml	0
BadrapIWikA	bhadrapi1t2hika1	bhadrapīṭhikā	bhadrapīṭhikā	grade	20445	282-1	SCH-grade-12427_cases.xml	0
Badramitra	Bhadramitra	bhadramitra	bhadramitra	grade	20449	282-2	SCH-grade-12427_cases.xml	0
BadraSrIya	Bhadras4ri1ya	bhadraśrīya	bhadraśrīya	grade	20452	282-2	SCH-grade-12427_cases.xml	0
BadrASvAsa	bhadra1s4va1sa	bhadrāśvāsa	bhadrāśvāsa	grade	20456	282-2	SCH-grade-12427_cases.xml	0
BaraRISa	bharan2i1s4a	bharaṇīśa	bharanīśa	grade	20464	282-2	SCH-grade-12427_cases.xml	0
Barataprayoga	bharataprayoga	bharataprayoga	bharataprayoga	grade	20466	282-2	SCH-grade-12427_cases.xml	0
BaratabAla	Bharataba1la	bharatabāla	bharatabāla	grade	20467	282-2	SCH-grade-12427_cases.xml	0
Barataloka	bharataloka	bharataloka	bharataloka	grade	20468	282-2	SCH-grade-12427_cases.xml	0
Baratasuta	bharatasuta	bharatasuta	bharatasuta	grade	20469	282-2	SCH-grade-12427_cases.xml	0
Baravant	bharavant	bharavant	bharavant	grade	20471	282-2	SCH-grade-12427_cases.xml	0
BarIra	bhari1ra	bharīra	bharīra	grade	20473	282-3	SCH-grade-12427_cases.xml	0
Barerin	bharerin	bharerin	bharerin	grade	20475	282-3	SCH-grade-12427_cases.xml	0
BarjikA	bharjika1	bharjikā	bharjikā	grade	20476	282-3	SCH-grade-12427_cases.xml	0
Barmi	bharmi	bharmi	bharmi	grade	20483	282-3	SCH-grade-12427_cases.xml	0
BavanaBAj	bhavanabha1j	bhavanabhāj	bhavanabhāj	grade	20493	282-3	SCH-grade-12427_cases.xml	0
BavaBavana	Bhavabhavana	bhavabhavana	bhavabhavana	grade	20494	282-3	SCH-grade-12427_cases.xml	0
BavaBft	bhavabhr2t	bhavabhṛt	bhavabhṛt	grade	20495	282-3	SCH-grade-12427_cases.xml	0
BavavAriDi	bhavava1ridhi	bhavavāridhi	bhavavāridhi	grade	20496	282-3	SCH-grade-12427_cases.xml	0
Bavasena	Bhavasena	bhavasena	bhavasena	grade	20498	282-3	SCH-grade-12427_cases.xml	0
Bastra	bhastra	bhastra	bhastra	grade	20509	283-1	SCH-grade-12427_cases.xml	0
BastrABaraRa	bhastra1bharan2a	bhastrābharaṇa	bhastrābharana	grade	20511	283-1	SCH-grade-12427_cases.xml	0
BAgaDeyI	bha1gadheyi1	bhāgadheyī	bhāgadheyī	grade	20519	283-1	SCH-grade-12427_cases.xml	0
BAgAnupravizwaka	bha1ga1nupravis2t2aka	bhāgānupraviṣṭaka	bhāgānupraviṣṭaka	grade	20522	283-1	SCH-grade-12427_cases.xml	0
BAgyanATa	bha1gyana1tha	bhāgyanātha	bhāgyanātha	grade	20527	283-1	SCH-grade-12427_cases.xml	0
BAjanaleKita	bha1janalekhita	bhājanalekhita	bhājanalekhita	grade	20531	283-2	SCH-grade-12427_cases.xml	0
BARqavAhin	bha1n2d2ava1hin	bhāṇḍavāhin	bhānḍavāhin	grade	20537	283-2	SCH-grade-12427_cases.xml	0
BARqAgArin	bha1n2d2a1ga1rin	bhāṇḍāgārin	bhānḍāgārin	grade	20538	283-2	SCH-grade-12427_cases.xml	0
BAnumAlin	bha1numa1lin	bhānumālin	bhānumālin	grade	20545	283-2	SCH-grade-12427_cases.xml	0
BABa	bha1bha	bhābha	bhābha	grade	20547	283-2	SCH-grade-12427_cases.xml	0
BAMkfti	bha1mkr2ti	bhāṃkṛti	bhānkṛti	grade	20548	283-2	SCH-grade-12427_cases.xml	0
BAyasama	bha1yasama	bhāyasama	bhāyasama	grade	20549	283-2	SCH-grade-12427_cases.xml	0
BArati	bha1rati	bhārati	bhārati	grade	20551	283-2	SCH-grade-12427_cases.xml	0
BAratIBaYjaka	Bha1rati1bhan5jaka	bhāratībhañjaka	bhāratībhanjaka	grade	20552	283-2	SCH-grade-12427_cases.xml	0
BArapawwa	bha1rapat2t2a	bhārapaṭṭa	bhārapaṭṭa	grade	20554	283-2	SCH-grade-12427_cases.xml	0
BAraBawa	bha1rabhat2a	bhārabhaṭa	bhārabhaṭa	grade	20555	283-3	SCH-grade-12427_cases.xml	0
BAravAhya	bha1rava1hya	bhāravāhya	bhāravāhya	grade	20557	283-3	SCH-grade-12427_cases.xml	0
BAravoQar	bha1ravod2har	bhāravoḍhar	bhāravoḍhar	grade	20558	283-3	SCH-grade-12427_cases.xml	0
BAraSfNKalA	bha1ras4r2n3khala1	bhāraśṛṅkhalā	bhāraśṛnkhalā	grade	20559	283-3	SCH-grade-12427_cases.xml	0
BArita	bha1rita	bhārita	bhārita	grade	20561	283-3	SCH-grade-12427_cases.xml	0
BArgavaguru	Bha1rgavaguru	bhārgavaguru	bhārgavaguru	grade	20564	283-3	SCH-grade-12427_cases.xml	0
BAlaka	bha1laka	bhālaka	bhālaka	grade	20568	283-3	SCH-grade-12427_cases.xml	0
BAvant	bha1vant	bhāvant	bhāvant	grade	20573	283-3	SCH-grade-12427_cases.xml	0
BAviBaNga	bha1vibhan3ga	bhāvibhaṅga	bhāvibhanga	grade	20579	284-1	SCH-grade-12427_cases.xml	0
BAzAsamAveSa	bha1s2a1sama1ves4a	bhāṣāsamāveśa	bhāṣāsamāveśa	grade	20582	284-1	SCH-grade-12427_cases.xml	0
BAsat	bha1sat	bhāsat	bhāsat	grade	20586	284-1	SCH-grade-12427_cases.xml	0
BAsvarita	bha1svarita	bhāsvarita	bhāsvarita	grade	20589	284-1	SCH-grade-12427_cases.xml	0
BikzAkapAla	bhiks2a1kapa1la	bhikṣākapāla	bhikṣākapāla	grade	20591	284-1	SCH-grade-12427_cases.xml	0
BikzApAtrIkfta	bhiks2a1pa1tri1kr2ta	bhikṣāpātrīkṛta	bhikṣāpātrīkṛta	grade	20592	284-1	SCH-grade-12427_cases.xml	0
BiNgiriwi	Bhin3girit2i	bhiṅgiriṭi	bhingiriṭi	grade	20596	284-1	SCH-grade-12427_cases.xml	0
BiRwa	bhin2t2a	bhiṇṭa	bhinṭa	grade	20598	284-2	SCH-grade-12427_cases.xml	0
Bittilepya	bhittilepya	bhittilepya	bhittilepya	grade	20601	284-2	SCH-grade-12427_cases.xml	0
BindivAla	bhindiva1la	bhindivāla	bhindivāla	grade	20607	284-2	SCH-grade-12427_cases.xml	0
BinnadeSatA	bhinnades4ata1	bhinnadeśatā	bhinnadeśatā	grade	20611	284-2	SCH-grade-12427_cases.xml	0
BinnamastakA	bhinnamastaka1	bhinnamastakā	bhinnamastakā	grade	20612	284-2	SCH-grade-12427_cases.xml	0
Binnamudra	bhinnamudra	bhinnamudra	bhinnamudra	grade	20613	284-2	SCH-grade-12427_cases.xml	0
BillamAla	Bhillama1la	bhillamāla	bhillamāla	grade	20618	284-2	SCH-grade-12427_cases.xml	0
Billaveza	bhillaves2a	bhillaveṣa	bhillaveṣa	grade	20619	284-3	SCH-grade-12427_cases.xml	0
BItamUrti	bhi1tamu1rti	bhītamūrti	bhītamūrti	grade	20622	284-3	SCH-grade-12427_cases.xml	0
BItida	bhi1tida	bhītida	bhītida	grade	20623	284-3	SCH-grade-12427_cases.xml	0
BIda	bhi1da	bhīda	bhīda	grade	20624	284-3	SCH-grade-12427_cases.xml	0
BImavana	Bhi1mavana	bhīmavana	bhīmavana	grade	20626	284-3	SCH-grade-12427_cases.xml	0
BImAvaraja	Bhi1ma1varaja	bhīmāvaraja	bhīmāvaraja	grade	20628	284-3	SCH-grade-12427_cases.xml	0
BImoktar	bhi1moktar	bhīmoktar	bhīmoktar	grade	20629	284-3	SCH-grade-12427_cases.xml	0
BIrUyAqasAKaqa	Bhi1ru1ya1d2asa1khad2a	bhīrūyāḍasākhaḍa	bhīrūyāḍasākhaḍa	grade	20632	284-3	SCH-grade-12427_cases.xml	0
BIzaRatA	bhi1s2an2ata1	bhīṣaṇatā	bhīṣanatā	grade	20633	284-3	SCH-grade-12427_cases.xml	0
BuktakAMsya	bhuktaka1m2sya	bhuktakāṃsya	bhuktakānsya	grade	20635	284-3	SCH-grade-12427_cases.xml	0
Bugnaka	bhugnaka	bhugnaka	bhugnaka	grade	20638	284-3	SCH-grade-12427_cases.xml	0
BujagatA	bhujagata1	bhujagatā	bhujagatā	grade	20642	284-3	SCH-grade-12427_cases.xml	0
BujagaparivfQa	bhujagaparivr2d2ha	bhujagaparivṛḍha	bhujagaparivṛḍha	grade	20643	285-1	SCH-grade-12427_cases.xml	0
BujagaBAminI	bhujagabha1mini1	bhujagabhāminī	bhujagabhāminī	grade	20644	285-1	SCH-grade-12427_cases.xml	0
BujagaBuj	bhujagabhuj	bhujagabhuj	bhujagabhuj	grade	20645	285-1	SCH-grade-12427_cases.xml	0
BujagADirAja	bhujaga1dhira1ja	bhujagādhirāja	bhujagādhirāja	grade	20647	285-1	SCH-grade-12427_cases.xml	0
BujagAriketu	bhujaga1riketu	bhujagāriketu	bhujagāriketu	grade	20649	285-1	SCH-grade-12427_cases.xml	0
BujagASana	bhujaga1s4ana	bhujagāśana	bhujagāśana	grade	20650	285-1	SCH-grade-12427_cases.xml	0
BujaMgatA	bhujam2gata1	bhujaṃgatā	bhujangatā	grade	20653	285-1	SCH-grade-12427_cases.xml	0
BujaMganATa	bhujam2gana1tha	bhujaṃganātha	bhujanganātha	grade	20654	285-1	SCH-grade-12427_cases.xml	0
BujaMgaBuvana	bhujam2gabhuvana	bhujaṃgabhuvana	bhujangabhuvana	grade	20656	285-1	SCH-grade-12427_cases.xml	0
BujaMgavallika	bhujam2gavallika	bhujaṃgavallika	bhujangavallika	grade	20658	285-1	SCH-grade-12427_cases.xml	0
BujaMgavallI	bhujam2gavalli1	bhujaṃgavallī	bhujangavallī	grade	20659	285-1	SCH-grade-12427_cases.xml	0
BujaMgavErin	bhujam2gavairin	bhujaṃgavairin	bhujangavairin	grade	20660	285-1	SCH-grade-12427_cases.xml	0
BujaMgaSeKara	Bhujam2gas4ekhara	bhujaṃgaśekhara	bhujangaśekhara	grade	20661	285-1	SCH-grade-12427_cases.xml	0
BujaBft	bhujabhr2t	bhujabhṛt	bhujabhṛt	grade	20665	285-1	SCH-grade-12427_cases.xml	0
Bujamaya	bhujamaya	bhujamaya	bhujamaya	grade	20666	285-1	SCH-grade-12427_cases.xml	0
BujaSAlin	bhujas4a1lin	bhujaśālin	bhujaśālin	grade	20668	285-1	SCH-grade-12427_cases.xml	0
BujAMSa	bhuja1m2s4a	bhujāṃśa	bhujānśa	grade	20671	285-2	SCH-grade-12427_cases.xml	0
BuliNga	bhulin3ga	bhuliṅga	bhulinga	grade	20676	285-2	SCH-grade-12427_cases.xml	0
Buvanaguru	bhuvanaguru	bhuvanaguru	bhuvanaguru	grade	20679	285-2	SCH-grade-12427_cases.xml	0
BuvanajananI	bhuvanajanani1	bhuvanajananī	bhuvanajananī	grade	20680	285-2	SCH-grade-12427_cases.xml	0
Buvanavivara	bhuvanavivara	bhuvanavivara	bhuvanavivara	grade	20681	285-2	SCH-grade-12427_cases.xml	0
BUcarIcakra	bhu1cari1cakra	bhūcarīcakra	bhūcarīcakra	grade	20685	285-2	SCH-grade-12427_cases.xml	0
BUtaBavyaBavadISa	bhu1tabhavyabhavadi1s4a	bhūtabhavyabhavadīśa	bhūtabhavyabhavadīśa	grade	20694	285-3	SCH-grade-12427_cases.xml	0
BUtamudrA	bhu1tamudra1	bhūtamudrā	bhūtamudrā	grade	20696	285-3	SCH-grade-12427_cases.xml	0
BUtavAsara	bhu1tava1sara	bhūtavāsara	bhūtavāsara	grade	20697	285-3	SCH-grade-12427_cases.xml	0
BUtasfj	bhu1tasr2j	bhūtasṛj	bhūtasṛj	grade	20699	285-3	SCH-grade-12427_cases.xml	0
BUtArTavAdin	bhu1ta1rthava1din	bhūtārthavādin	bhūtārthavādin	grade	20701	285-3	SCH-grade-12427_cases.xml	0
BUtejyA	bhu1tejya1	bhūtejyā	bhūtejyā	grade	20703	285-3	SCH-grade-12427_cases.xml	0
BUDaraBU	bhu1dharabhu1	bhūdharabhū	bhūdharabhū	grade	20707	285-3	SCH-grade-12427_cases.xml	0
BUparamARu	bhu1parama1n2u	bhūparamāṇu	bhūparamānu	grade	20710	285-3	SCH-grade-12427_cases.xml	0
BUmaRikA	bhu1man2ika1	bhūmaṇikā	bhūmanikā	grade	20712	285-3	SCH-grade-12427_cases.xml	0
BUmiganDin	bhu1migandhi(n)	bhūmigandhin	bhūmigandhin	grade	20716	285-3	SCH-grade-12427_cases.xml	0
BUmitilakapura	Bhu1mitilakapura	bhūmitilakapura	bhūmitilakapura	grade	20719	286-1	SCH-grade-12427_cases.xml	0
BUmiBartf	bhu1mibhartr2	bhūmibhartṛ	bhūmibhartṛ	grade	20720	286-1	SCH-grade-12427_cases.xml	0
BUmiSayana	bhu1mis4ayana	bhūmiśayana	bhūmiśayana	grade	20725	286-1	SCH-grade-12427_cases.xml	0
BUyagaqa	Bhu1yagad2a	bhūyagaḍa	bhūyagaḍa	grade	20726	286-1	SCH-grade-12427_cases.xml	0
BUyAna	bhu1ya1na	bhūyāna	bhūyāna	grade	20730	286-1	SCH-grade-12427_cases.xml	0
BUriBI	bhu1ribhi1	bhūribhī	bhūribhī	grade	20736	286-1	SCH-grade-12427_cases.xml	0
BUvAsa	bhu1va1sa	bhūvāsa	bhūvāsa	grade	20741	286-2	SCH-grade-12427_cases.xml	0
BUvezwa	bhu1ves2t2a	bhūveṣṭa	bhūveṣṭa	grade	20742	286-2	SCH-grade-12427_cases.xml	0
BUzaRIkfta	bhu1s2an2i1kr2ta	bhūṣaṇīkṛta	bhūṣanīkṛta	grade	20744	286-2	SCH-grade-12427_cases.xml	0
BUzaRIBU	bhu1s2an2i1bhu1	bhūṣaṇībhū	bhūṣanībhū	grade	20745	286-2	SCH-grade-12427_cases.xml	0
BUsuparvan	bhu1suparvan	bhūsuparvan	bhūsuparvan	grade	20747	286-2	SCH-grade-12427_cases.xml	0
BfgakacCa	Bhr2gakaccha	bhṛgakaccha	bhṛgakaccha	grade	20748	286-2	SCH-grade-12427_cases.xml	0
BfNgAksI	bhr2n3ga1ksi1	bhṛṅgāksī	bhṛngāksī	grade	20754	286-2	SCH-grade-12427_cases.xml	0
BfNgAragrAhin	bhr2n3ga1ragra1hin	bhṛṅgāragrāhin	bhṛngāragrāhin	grade	20755	286-2	SCH-grade-12427_cases.xml	0
BfSaraya	bhr2s4araya	bhṛśaraya	bhṛśaraya	grade	20759	286-2	SCH-grade-12427_cases.xml	0
Bekapluta	bhekapluta	bhekapluta	bhekapluta	grade	20762	286-2	SCH-grade-12427_cases.xml	0
Bedagraha	bhedagraha	bhedagraha	bhedagraha	grade	20763	286-3	SCH-grade-12427_cases.xml	0
BEravamudrA	bhairavamudra1	bhairavamudrā	bhairavamudrā	grade	20773	286-3	SCH-grade-12427_cases.xml	0
BEravIyamudrA	bhairavi1yamudra1	bhairavīyamudrā	bhairavīyamudrā	grade	20774	286-3	SCH-grade-12427_cases.xml	0
BogahaMsa	bhogaham2sa	bhogahaṃsa	bhogahansa	grade	20782	286-3	SCH-grade-12427_cases.xml	0
BogANka	bhoga1n3ka	bhogāṅka	bhogānka	grade	20783	286-3	SCH-grade-12427_cases.xml	0
BogAvali	bhoga1vali	bhogāvali	bhogāvali	grade	20785	287-1	SCH-grade-12427_cases.xml	0
BogAvalIpAWin	bhoga1vali1pa1t2hin	bhogāvalīpāṭhin	bhogāvalīpāṭhin	grade	20786	287-1	SCH-grade-12427_cases.xml	0
BogAvAsaka	bhoga1va1saka	bhogāvāsaka	bhogāvāsaka	grade	20788	287-1	SCH-grade-12427_cases.xml	0
BogirAja	bhogira1ja	bhogirāja	bhogirāja	grade	20793	287-1	SCH-grade-12427_cases.xml	0
BojanaBawa	bhojanabhat2a	bhojanabhaṭa	bhojanabhaṭa	grade	20796	287-1	SCH-grade-12427_cases.xml	0
Bojanavant	bhojanavant	bhojanavant	bhojanavant	grade	20797	287-1	SCH-grade-12427_cases.xml	0
BOva	bhauva	bhauva	bhauva	grade	20802	287-1	SCH-grade-12427_cases.xml	0
Bramakarman	bhramakarman	bhramakarman	bhramakarman	grade	20808	287-2	SCH-grade-12427_cases.xml	0
BramaRikA	bhraman2ika1	bhramaṇikā	bhramanikā	grade	20810	287-2	SCH-grade-12427_cases.xml	0
Bramavant	bhramavant	bhramavant	bhramavant	grade	20815	287-2	SCH-grade-12427_cases.xml	0
Brasya	bhrasya	bhrasya	bhrasya	grade	20819	287-2	SCH-grade-12427_cases.xml	0
BrAjizRutva	bhra1jis2n2utva	bhrājiṣṇutva	bhrājiṣnutva	grade	20821	287-3	SCH-grade-12427_cases.xml	0
BrAntiBAj	bhra1ntibha1j	bhrāntibhāj	bhrāntibhāj	grade	20826	287-3	SCH-grade-12427_cases.xml	0
BrAmaraka	bhra1maraka	bhrāmaraka	bhrāmaraka	grade	20829	287-3	SCH-grade-12427_cases.xml	0
BruvaYcita	bhruvan5cita	bhruvañcita	bhruvancita	grade	20833	287-3	SCH-grade-12427_cases.xml	0
BrUBedana	bhru1bhedana	bhrūbhedana	bhrūbhedana	grade	20838	287-3	SCH-grade-12427_cases.xml	0
makaradantaka	makaradantaka	makaradantaka	makaradantaka	grade	20844	287-3	SCH-grade-12427_cases.xml	0
makaramandira	makaramandira	makaramandira	makaramandira	grade	20847	287-3	SCH-grade-12427_cases.xml	0
makaralakzman	makaralaks2man	makaralakṣman	makaralakṣman	grade	20849	287-3	SCH-grade-12427_cases.xml	0
makaravasati	makaravasati	makaravasati	makaravasati	grade	20850	288-1	SCH-grade-12427_cases.xml	0
makarasadman	makarasadman	makarasadman	makarasadman	grade	20851	288-1	SCH-grade-12427_cases.xml	0
makarAvacUla	makara1vacu1la	makarāvacūla	makarāvacūla	grade	20853	288-1	SCH-grade-12427_cases.xml	0
maKaBuj	makhabhuj	makhabhuj	makhabhuj	grade	20858	288-1	SCH-grade-12427_cases.xml	0
maKalih	makhalih	makhalih	makhalih	grade	20860	288-1	SCH-grade-12427_cases.xml	0
magaDasundarI	Magadhasundari1	magadhasundarī	magadhasundarī	grade	20861	288-1	SCH-grade-12427_cases.xml	0
maNkaqa	man3kad2a	maṅkaḍa	mankaḍa	grade	20863	288-1	SCH-grade-12427_cases.xml	0
maNgalapAlikA	man3galapa1lika1	maṅgalapālikā	mangalapālikā	grade	20871	288-1	SCH-grade-12427_cases.xml	0
maNgalamAlA	man3galama1la1	maṅgalamālā	mangalamālā	grade	20872	288-1	SCH-grade-12427_cases.xml	0
maNgalaSfNga	man3galas4r2n3ga	maṅgalaśṛṅga	mangalaśṛnga	grade	20874	288-1	SCH-grade-12427_cases.xml	0
maNgalasraj	man3galasraj	maṅgalasraj	mangalasraj	grade	20875	288-2	SCH-grade-12427_cases.xml	0
majjanada	majjanada	majjanada	majjanada	grade	20881	288-2	SCH-grade-12427_cases.xml	0
majjananiveSa	majjananives4a	majjananiveśa	majjananiveśa	grade	20882	288-2	SCH-grade-12427_cases.xml	0
maYcapfzWa	man5capr2s2t2ha	mañcapṛṣṭha	mancapṛṣṭha	grade	20884	288-2	SCH-grade-12427_cases.xml	0
maYcuka	man5cuka	mañcuka	mancuka	grade	20886	288-2	SCH-grade-12427_cases.xml	0
maYjizWAdeSa	Man5jis2t2ha1des4a	mañjiṣṭhādeśa	manjiṣṭhādeśa	grade	20890	288-2	SCH-grade-12427_cases.xml	0
maYjU	man5ju1	mañjū	manjū	grade	20894	288-2	SCH-grade-12427_cases.xml	0
mawaha	mat2aha	maṭaha	maṭaha	grade	20895	288-2	SCH-grade-12427_cases.xml	0
maWapati	mat2hapati	maṭhapati	maṭhapati	grade	20897	288-3	SCH-grade-12427_cases.xml	0
maWiBawwa	mat2hibhat2t2a	maṭhibhaṭṭa	maṭhibhaṭṭa	grade	20899	288-3	SCH-grade-12427_cases.xml	0
maqanmaqiti	mad2anmad2(iti)	maḍanmaḍiti	maḍanmaḍiti	grade	20900	288-3	SCH-grade-12427_cases.xml	0
maqamaqayate	mad2amad2ayate	maḍamaḍayate	maḍamaḍayate	grade	20901	288-3	SCH-grade-12427_cases.xml	0
maRalUrupura	Man2alu1rupura	maṇalūrupura	manalūrupura	grade	20904	288-3	SCH-grade-12427_cases.xml	0
maRikambu	man2ikambu	maṇikambu	manikambu	grade	20906	288-3	SCH-grade-12427_cases.xml	0
maRikundala	Man2ikundala	maṇikundala	manikundala	grade	20907	288-3	SCH-grade-12427_cases.xml	0
maRiDAtu	man2idha1tu	maṇidhātu	manidhātu	grade	20914	288-3	SCH-grade-12427_cases.xml	0
maRipiYjara	man2ipin5jara	maṇipiñjara	manipinjara	grade	20916	288-3	SCH-grade-12427_cases.xml	0
maRipradIpikA	man2ipradi1pika1	maṇipradīpikā	manipradīpikā	grade	20917	288-3	SCH-grade-12427_cases.xml	0
maRimantaka	Man2imantaka	maṇimantaka	manimantaka	grade	20920	289-1	SCH-grade-12427_cases.xml	0
maRiruc	man2iruc	maṇiruc	maniruc	grade	20924	289-1	SCH-grade-12427_cases.xml	0
maRiSukti	man2is4ukti	maṇiśukti	maniśukti	grade	20926	289-1	SCH-grade-12427_cases.xml	0
maRiSfNga	man2is4r2n3ga	maṇiśṛṅga	maniśṛnga	grade	20927	289-1	SCH-grade-12427_cases.xml	0
maRisopAnaka	man2isopa1naka	maṇisopānaka	manisopānaka	grade	20928	289-1	SCH-grade-12427_cases.xml	0
maRisnigDa	man2isnigdha	maṇisnigdha	manisnigdha	grade	20929	289-1	SCH-grade-12427_cases.xml	0
maRisnigDodakavAna	man2isnigdhodakava1na	maṇisnigdhodakavāna	manisnigdhodakavāna	grade	20930	289-1	SCH-grade-12427_cases.xml	0
maRqaRIBU	man2d2an2i1bhu1	maṇḍaṇībhū	manḍanībhū	grade	20935	289-1	SCH-grade-12427_cases.xml	0
maRqanAyamAna	man2d2ana1yama1na	maṇḍanāyamāna	manḍanāyamāna	grade	20937	289-1	SCH-grade-12427_cases.xml	0
maRqayate	man2d2ay(ate)	maṇḍayate	manḍayate	grade	20939	289-2	SCH-grade-12427_cases.xml	0
maRqalakartrI	man2d2alakartri1	maṇḍalakartrī	manḍalakartrī	grade	20942	289-2	SCH-grade-12427_cases.xml	0
maRqalakArikA	man2d2alaka1rika1	maṇḍalakārikā	manḍalakārikā	grade	20943	289-2	SCH-grade-12427_cases.xml	0
maRqalacitra	man2d2alacitra	maṇḍalacitra	manḍalacitra	grade	20944	289-2	SCH-grade-12427_cases.xml	0
maRqalADISa	man2d2ala1dhi1s4a	maṇḍalādhīśa	manḍalādhīśa	grade	20950	289-2	SCH-grade-12427_cases.xml	0
maRqalIka	man2d2ali1ka	maṇḍalīka	manḍalīka	grade	20954	289-2	SCH-grade-12427_cases.xml	0
maRqaleSvara	man2d2ales4vara	maṇḍaleśvara	manḍaleśvara	grade	20956	289-2	SCH-grade-12427_cases.xml	0
maRqUkaparvata	man2d2u1kaparvata	maṇḍūkaparvata	manḍūkaparvata	grade	20960	289-3	SCH-grade-12427_cases.xml	0
mataNgaganDA	matan3gagandha1	mataṅgagandhā	matangagandhā	grade	20964	289-3	SCH-grade-12427_cases.xml	0
mataNgajAnana	matan3gaja1nana	mataṅgajānana	matangajānana	grade	20965	289-3	SCH-grade-12427_cases.xml	0
matimattA	matimatta1	matimattā	matimattā	grade	20968	289-3	SCH-grade-12427_cases.xml	0
mattakASinI	mattaka1s4ini1	mattakāśinī	mattakāśinī	grade	20972	289-3	SCH-grade-12427_cases.xml	0
mattakokilA	Mattakokila1	mattakokilā	mattakokilā	grade	20973	289-3	SCH-grade-12427_cases.xml	0
matyanta	matyanta	matyanta	matyanta	grade	20975	289-3	SCH-grade-12427_cases.xml	0
matsarita	matsarita	matsarita	matsarita	grade	20977	289-3	SCH-grade-12427_cases.xml	0
matsaritA	matsarita1	matsaritā	matsaritā	grade	20978	289-3	SCH-grade-12427_cases.xml	0
matsyaganDin	matsyagandhi(n)	matsyagandhin	matsyagandhin	grade	20981	289-3	SCH-grade-12427_cases.xml	0
matsyaputrikA	matsyaputrika1	matsyaputrikā	matsyaputrikā	grade	20982	289-3	SCH-grade-12427_cases.xml	0
matsyabanDaka	matsyabandhaka	matsyabandhaka	matsyabandhaka	grade	20983	289-3	SCH-grade-12427_cases.xml	0
matsyaveDa	matsyavedha	matsyavedha	matsyavedha	grade	20984	289-3	SCH-grade-12427_cases.xml	0
matsyaveDin	matsyavedhin	matsyavedhin	matsyavedhin	grade	20985	289-3	SCH-grade-12427_cases.xml	0
madakarawin	madakarat2in	madakaraṭin	madakaraṭin	grade	20989	290-1	SCH-grade-12427_cases.xml	0
madakuYjara	madakun5jara	madakuñjara	madakunjara	grade	20990	290-1	SCH-grade-12427_cases.xml	0
madagaja	madagaja	madagaja	madagaja	grade	20991	290-1	SCH-grade-12427_cases.xml	0
madaganDavaha	madagandhavaha	madagandhavaha	madagandhavaha	grade	20992	290-1	SCH-grade-12427_cases.xml	0
madaganDi	madagandhi	madagandhi	madagandhi	grade	20993	290-1	SCH-grade-12427_cases.xml	0
madanakandalI	madanakandali1	madanakandalī	madanakandalī	grade	20998	290-1	SCH-grade-12427_cases.xml	0
madanakAraka	madanaka1raka	madanakāraka	madanakāraka	grade	20999	290-1	SCH-grade-12427_cases.xml	0
madanakodrava	madanakodrava	madanakodrava	madanakodrava	grade	21000	290-1	SCH-grade-12427_cases.xml	0
madanacCattra	madanacchattra	madanacchattra	madanacchattra	grade	21002	290-1	SCH-grade-12427_cases.xml	0
madanajala	madanajala	madanajala	madanajala	grade	21003	290-1	SCH-grade-12427_cases.xml	0
madanatoya	madanatoya	madanatoya	madanatoya	grade	21004	290-1	SCH-grade-12427_cases.xml	0
madanadamayantikA	Madanadamayantika1	madanadamayantikā	madanadamayantikā	grade	21005	290-1	SCH-grade-12427_cases.xml	0
madanadvezin	Madanadves2in	madanadveṣin	madanadveṣin	grade	21006	290-1	SCH-grade-12427_cases.xml	0
madananivAsa	madananiva1sa	madananivāsa	madananivāsa	grade	21007	290-1	SCH-grade-12427_cases.xml	0
madanaprakASa	madanapraka1s4a	madanaprakāśa	madanaprakāśa	grade	21009	290-2	SCH-grade-12427_cases.xml	0
madanamaYjarikA	Madanaman5jarika1	madanamañjarikā	madanamanjarikā	grade	21010	290-2	SCH-grade-12427_cases.xml	0
madanamadavinoda	Madanamadavinoda	madanamadavinoda	madanamadavinoda	grade	21011	290-2	SCH-grade-12427_cases.xml	0
madanamandira	madanamandira	madanamandira	madanamandira	grade	21012	290-2	SCH-grade-12427_cases.xml	0
madanayoga	madanayoga	madanayoga	madanayoga	grade	21013	290-2	SCH-grade-12427_cases.xml	0
madanaranDra	madanarandhra	madanarandhra	madanarandhra	grade	21014	290-2	SCH-grade-12427_cases.xml	0
madanavilAsa	Madanavila1sa	madanavilāsa	madanavilāsa	grade	21016	290-2	SCH-grade-12427_cases.xml	0
madanasadana	madanasadana	madanasadana	madanasadana	grade	21018	290-2	SCH-grade-12427_cases.xml	0
madanasadman	madanasadman	madanasadman	madanasadman	grade	21019	290-2	SCH-grade-12427_cases.xml	0
madanasTAna	madanastha1na	madanasthāna	madanasthāna	grade	21021	290-2	SCH-grade-12427_cases.xml	0
madanasyanda	madanasyanda	madanasyanda	madanasyanda	grade	21022	290-2	SCH-grade-12427_cases.xml	0
madanAgAra	madana1ga1ra	madanāgāra	madanāgāra	grade	21024	290-2	SCH-grade-12427_cases.xml	0
madanANkuSa	madana1n3kus4a	madanāṅkuśa	madanānkuśa	grade	21025	290-2	SCH-grade-12427_cases.xml	0
madanAmbu	madana1mbu	madanāmbu	madanāmbu	grade	21027	290-2	SCH-grade-12427_cases.xml	0
madanAmBas	madana1mbhas	madanāmbhas	madanāmbhas	grade	21028	290-2	SCH-grade-12427_cases.xml	0
madanAvaroDa	Madana1varodha	madanāvarodha	madanāvarodha	grade	21031	290-2	SCH-grade-12427_cases.xml	0
madanAvAsa	madana1va1sa	madanāvāsa	madanāvāsa	grade	21032	290-2	SCH-grade-12427_cases.xml	0
madapuruza	madapurus2a	madapuruṣa	madapuruṣa	grade	21035	290-3	SCH-grade-12427_cases.xml	0
madayant	madayant	madayant	madayant	grade	21036	290-3	SCH-grade-12427_cases.xml	0
madahastin	madahastin	madahastin	madahastin	grade	21039	290-3	SCH-grade-12427_cases.xml	0
madAbala	mada1bala	madābala	madābala	grade	21040	290-3	SCH-grade-12427_cases.xml	0
madAvala	mada1vala	madāvala	madāvala	grade	21045	290-3	SCH-grade-12427_cases.xml	0
madAvaSeza	mada1vas4es2a	madāvaśeṣa	madāvaśeṣa	grade	21046	290-3	SCH-grade-12427_cases.xml	0
madIyatva	madi1yatva	madīyatva	madīyatva	grade	21048	290-3	SCH-grade-12427_cases.xml	0
madyakAma	madyaka1ma	madyakāma	madyakāma	grade	21052	290-3	SCH-grade-12427_cases.xml	0
madyapatA	madyapata1	madyapatā	madyapatā	grade	21053	290-3	SCH-grade-12427_cases.xml	0
madyapAyin	madyapa1yin	madyapāyin	madyapāyin	grade	21054	290-3	SCH-grade-12427_cases.xml	0
madyIBU	madyi1bhu1	madyībhū	madyībhū	grade	21056	290-3	SCH-grade-12427_cases.xml	0
madreSa	Madres4a	madreśa	madreśa	grade	21058	290-3	SCH-grade-12427_cases.xml	0
maDuganDin	madhugandhin	madhugandhin	madhugandhin	grade	21064	291-1	SCH-grade-12427_cases.xml	0
maDujAla	madhuja1la	madhujāla	madhujāla	grade	21067	291-1	SCH-grade-12427_cases.xml	0
maDudvezaRa	Madhudves2an2a	madhudveṣaṇa	madhudveṣana	grade	21072	291-1	SCH-grade-12427_cases.xml	0
maDudvezin	Madhudves2in	madhudveṣin	madhudveṣin	grade	21073	291-1	SCH-grade-12427_cases.xml	0
maDunASana	Madhuna1s4ana	madhunāśana	madhunāśana	grade	21074	291-1	SCH-grade-12427_cases.xml	0
maDupiNgala	Madhupin3gala	madhupiṅgala	madhupingala	grade	21078	291-1	SCH-grade-12427_cases.xml	0
maDupI	madhupi1	madhupī	madhupī	grade	21079	291-1	SCH-grade-12427_cases.xml	0
maDupulaka	madhupulaka	madhupulaka	madhupulaka	grade	21080	291-1	SCH-grade-12427_cases.xml	0
maDumuKa	madhumukha	madhumukha	madhumukha	grade	21081	291-1	SCH-grade-12427_cases.xml	0
maDuradfS	madhuradr2s4	madhuradṛś	madhuradṛś	grade	21083	291-1	SCH-grade-12427_cases.xml	0
maDuravARI	Madhurava1n2i1	madhuravāṇī	madhuravānī	grade	21084	291-2	SCH-grade-12427_cases.xml	0
maDurAkza	Madhura1ks2a	madhurākṣa	madhurākṣa	grade	21085	291-2	SCH-grade-12427_cases.xml	0
maDurekzaRA	madhureks2an2a1	madhurekṣaṇā	madhurekṣanā	grade	21088	291-2	SCH-grade-12427_cases.xml	0
maDureza	Madhures2a	madhureṣa	madhureṣa	grade	21089	291-2	SCH-grade-12427_cases.xml	0
maDuliha	madhuliha	madhuliha	madhuliha	grade	21090	291-2	SCH-grade-12427_cases.xml	0
maDuSIBa	madhus4i1bha	madhuśībha	madhuśībha	grade	21092	291-2	SCH-grade-12427_cases.xml	0
maDuSIrzikA	madhus4i1rs2ika1	madhuśīrṣikā	madhuśīrṣikā	grade	21093	291-2	SCH-grade-12427_cases.xml	0
maDuSriya	madhus4riya	madhuśriya	madhuśriya	grade	21094	291-2	SCH-grade-12427_cases.xml	0
maDuzyandin	madhus2yandin	madhuṣyandin	madhuṣyandin	grade	21095	291-2	SCH-grade-12427_cases.xml	0
maDUzikA	madhu1s2ika1	madhūṣikā	madhūṣikā	grade	21101	291-2	SCH-grade-12427_cases.xml	0
maDyanAyaka	madhyana1yaka	madhyanāyaka	madhyanāyaka	grade	21103	291-2	SCH-grade-12427_cases.xml	0
maDyapuzpa	madhyapus2pa	madhyapuṣpa	madhyapuṣpa	grade	21105	291-2	SCH-grade-12427_cases.xml	0
maDyaBU	madhyabhu1	madhyabhū	madhyabhū	grade	21106	291-2	SCH-grade-12427_cases.xml	0
maDyamadarSana	madhyamadars4ana	madhyamadarśana	madhyamadarśana	grade	21108	291-2	SCH-grade-12427_cases.xml	0
maDyamarAzwraka	Madhyamara1s2t2raka	madhyamarāṣṭraka	madhyamarāṣṭraka	grade	21110	291-3	SCH-grade-12427_cases.xml	0
maDyedinam	madhyedinam	madhyedinam	madhyedinam	grade	21121	291-3	SCH-grade-12427_cases.xml	0
maDyenaBas	madhyenabhas	madhyenabhas	madhyenabhas	grade	21122	291-3	SCH-grade-12427_cases.xml	0
maDyepaTam	madhyepatham	madhyepatham	madhyepatham	grade	21123	291-3	SCH-grade-12427_cases.xml	0
maDyevahni	madhyevahni	madhyevahni	madhyevahni	grade	21125	291-3	SCH-grade-12427_cases.xml	0
maDvarAti	Madhvara1ti	madhvarāti	madhvarāti	grade	21128	291-3	SCH-grade-12427_cases.xml	0
manAgapika	mana1gapika	manāgapika	manāgapika	grade	21142	292-1	SCH-grade-12427_cases.xml	0
manujeSa	manujes4a	manujeśa	manujeśa	grade	21145	292-1	SCH-grade-12427_cases.xml	0
manuzyaga	manus2yaga	manuṣyaga	manuṣyaga	grade	21148	292-1	SCH-grade-12427_cases.xml	0
manojakuYjara	Manojakun5jara	manojakuñjara	manojakunjara	grade	21156	292-2	SCH-grade-12427_cases.xml	0
manojageha	manojageha	manojageha	manojageha	grade	21157	292-2	SCH-grade-12427_cases.xml	0
manojanIra	manojani1ra	manojanīra	manojanīra	grade	21158	292-2	SCH-grade-12427_cases.xml	0
manojavAri	manojava1ri	manojavāri	manojavāri	grade	21161	292-2	SCH-grade-12427_cases.xml	0
manoBavagfha	manobhavagr2ha	manobhavagṛha	manobhavagṛha	grade	21165	292-2	SCH-grade-12427_cases.xml	0
manoBavAri	Manobhava1ri	manobhavāri	manobhavāri	grade	21167	292-2	SCH-grade-12427_cases.xml	0
manoraTasAraTi	Manorathasa1rathi	manorathasārathi	manorathasārathi	grade	21168	292-2	SCH-grade-12427_cases.xml	0
manoharaRIyatA	manoharan2i1yata1	manoharaṇīyatā	manoharanīyatā	grade	21171	292-2	SCH-grade-12427_cases.xml	0
mantumattva	mantumattva	mantumattva	mantumattva	grade	21174	292-2	SCH-grade-12427_cases.xml	0
mantranizadyA	mantranis2adya1	mantraniṣadyā	mantraniṣadyā	grade	21177	292-3	SCH-grade-12427_cases.xml	0
mantraBedaka	mantrabhedaka	mantrabhedaka	mantrabhedaka	grade	21178	292-3	SCH-grade-12427_cases.xml	0
mantraBedin	mantrabhedin	mantrabhedin	mantrabhedin	grade	21179	292-3	SCH-grade-12427_cases.xml	0
mantraSAlA	mantras4a1la1	mantraśālā	mantraśālā	grade	21183	292-3	SCH-grade-12427_cases.xml	0
mantrADikArin	mantra1dhika1rin	mantrādhikārin	mantrādhikārin	grade	21184	292-3	SCH-grade-12427_cases.xml	0
mantrAvasara	mantra1vasara	mantrāvasara	mantrāvasara	grade	21185	292-3	SCH-grade-12427_cases.xml	0
mantreSvara	mantres4vara	mantreśvara	mantreśvara	grade	21186	292-3	SCH-grade-12427_cases.xml	0
manTariman	manthariman	manthariman	manthariman	grade	21190	292-3	SCH-grade-12427_cases.xml	0
manTAnAcala	mantha1na1cala	manthānācala	manthānācala	grade	21193	292-3	SCH-grade-12427_cases.xml	0
manTAnikA	mantha1nika1	manthānikā	manthānikā	grade	21194	292-3	SCH-grade-12427_cases.xml	0
manTura	manthura	manthura	manthura	grade	21196	292-3	SCH-grade-12427_cases.xml	0
mandacakzus	mandacaks2us	mandacakṣus	mandacakṣus	grade	21198	293-1	SCH-grade-12427_cases.xml	0
mandadyut	mandadyut	mandadyut	mandadyut	grade	21199	293-1	SCH-grade-12427_cases.xml	0
mandaBAgavant	mandabha1gavant	mandabhāgavant	mandabhāgavant	grade	21202	293-1	SCH-grade-12427_cases.xml	0
mandamud	mandamud	mandamud	mandamud	grade	21203	293-1	SCH-grade-12427_cases.xml	0
mandaspandIBU	mandaspandi1bhu1	mandaspandībhū	mandaspandībhū	grade	21210	293-1	SCH-grade-12427_cases.xml	0
mandAkinIpravAhAy	manda1kini1prava1ha1y	mandākinīpravāhāy	mandākinīpravāhāy	grade	21211	293-1	SCH-grade-12427_cases.xml	0
mandAkzita	manda1ks2ita	mandākṣita	mandākṣita	grade	21213	293-1	SCH-grade-12427_cases.xml	0
mandita	mandita	mandita	mandita	grade	21216	293-1	SCH-grade-12427_cases.xml	0
manditi	manditi	manditi	manditi	grade	21217	293-1	SCH-grade-12427_cases.xml	0
mandeSa	mandes4a	mandeśa	mandeśa	grade	21223	293-2	SCH-grade-12427_cases.xml	0
manmaTakalaha	manmathakalaha	manmathakalaha	manmathakalaha	grade	21226	293-2	SCH-grade-12427_cases.xml	0
manmaTakeli	manmathakeli	manmathakeli	manmathakeli	grade	21227	293-2	SCH-grade-12427_cases.xml	0
manmaTacCatra	manmathacchatra	manmathacchatra	manmathacchatra	grade	21228	293-2	SCH-grade-12427_cases.xml	0
manmaTajala	manmathajala	manmathajala	manmathajala	grade	21229	293-2	SCH-grade-12427_cases.xml	0
manmaTajit	Manmathajit	manmathajit	manmathajit	grade	21230	293-2	SCH-grade-12427_cases.xml	0
manmaTamaTana	Manmathamathana	manmathamathana	manmathamathana	grade	21231	293-2	SCH-grade-12427_cases.xml	0
manmaTamandira	manmathamandira	manmathamandira	manmathamandira	grade	21232	293-2	SCH-grade-12427_cases.xml	0
manmaTamATakft	Manmathama1thakr2t	manmathamāthakṛt	manmathamāthakṛt	grade	21233	293-2	SCH-grade-12427_cases.xml	0
manmaTavinoda	Manmathavinoda	manmathavinoda	manmathavinoda	grade	21235	293-2	SCH-grade-12427_cases.xml	0
manmaTasadman	manmathasadman	manmathasadman	manmathasadman	grade	21236	293-2	SCH-grade-12427_cases.xml	0
manmaTAgAra	manmatha1ga1ra	manmathāgāra	manmathāgāra	grade	21237	293-2	SCH-grade-12427_cases.xml	0
mamamaya	mamamaya	mamamaya	mamamaya	grade	21240	293-2	SCH-grade-12427_cases.xml	0
mamAri	mama1ri	mamāri	mamāri	grade	21241	293-2	SCH-grade-12427_cases.xml	0
mamAsa	mama1sa	mamāsa	mamāsa	grade	21242	293-2	SCH-grade-12427_cases.xml	0
mammARIya	Mamma1n2i1ya	mammāṇīya	mammānīya	grade	21243	293-2	SCH-grade-12427_cases.xml	0
mayUrapatiketana	mayu1rapatiketana	mayūrapatiketana	mayūrapatiketana	grade	21248	293-3	SCH-grade-12427_cases.xml	0
mayUrapattrAy	mayu1rapattra1y	mayūrapattrāy	mayūrapattrāy	grade	21249	293-3	SCH-grade-12427_cases.xml	0
mayUrapada	mayu1rapada	mayūrapada	mayūrapada	grade	21250	293-3	SCH-grade-12427_cases.xml	0
mayUrapAda	mayu1rapa1da	mayūrapāda	mayūrapāda	grade	21252	293-3	SCH-grade-12427_cases.xml	0
mayUrapitta	mayu1rapitta	mayūrapitta	mayūrapitta	grade	21253	293-3	SCH-grade-12427_cases.xml	0
mayUravAhinI	mayu1rava1hini1	mayūravāhinī	mayūravāhinī	grade	21254	293-3	SCH-grade-12427_cases.xml	0
maraqaSfNgI	marad2as4r2n3gi1	maraḍaśṛṅgī	maraḍaśṛngī	grade	21260	293-3	SCH-grade-12427_cases.xml	0
maravA	Marava1	maravā	maravā	grade	21261	293-3	SCH-grade-12427_cases.xml	0
marAlIyate	mara1li1y(ate)	marālīyate	marālīyate	grade	21265	293-3	SCH-grade-12427_cases.xml	0
maruccara	maruccara	maruccara	maruccara	grade	21268	293-3	SCH-grade-12427_cases.xml	0
marutsravantI	marutsravanti1	marutsravantī	marutsravantī	grade	21272	294-1	SCH-grade-12427_cases.xml	0
marudevi	Marudevi	marudevi	marudevi	grade	21273	294-1	SCH-grade-12427_cases.xml	0
marudBava	marudbhava	marudbhava	marudbhava	grade	21275	294-1	SCH-grade-12427_cases.xml	0
marunmArga	marunma1rga	marunmārga	marunmārga	grade	21277	294-1	SCH-grade-12427_cases.xml	0
marubaka	marubaka	marubaka	marubaka	grade	21278	294-1	SCH-grade-12427_cases.xml	0
maruvfdDa	Maruvr2ddha	maruvṛddha	maruvṛddha	grade	21284	294-1	SCH-grade-12427_cases.xml	0
marS	mars4	marś	marś	grade	21301	294-2	SCH-grade-12427_cases.xml	0
malakuTA	malakutha1	malakuthā	malakuthā	grade	21305	294-2	SCH-grade-12427_cases.xml	0
malagrAhin	malagra1hin	malagrāhin	malagrāhin	grade	21306	294-2	SCH-grade-12427_cases.xml	0
malayagupta	Malayagupta	malayagupta	malayagupta	grade	21310	294-2	SCH-grade-12427_cases.xml	0
malayaviwapin	malayavit2apin	malayaviṭapin	malayaviṭapin	grade	21312	294-2	SCH-grade-12427_cases.xml	0
malayavIruD	malayavi1rudh	malayavīrudh	malayavīrudh	grade	21313	294-2	SCH-grade-12427_cases.xml	0
malayApana	malaya1pana	malayāpana	malayāpana	grade	21314	294-2	SCH-grade-12427_cases.xml	0
malita	malita	malita	malita	grade	21315	294-2	SCH-grade-12427_cases.xml	0
malUzikA	malu1s2ika1	malūṣikā	malūṣikā	grade	21318	294-3	SCH-grade-12427_cases.xml	0
masfRIkfta	masr2n2i1kr2ta	masṛṇīkṛta	masṛnīkṛta	grade	21337	294-3	SCH-grade-12427_cases.xml	0
masyaYjana	masyan5jana	masyañjana	masyanjana	grade	21338	294-3	SCH-grade-12427_cases.xml	0
mahanikA	Mahanika1	mahanikā	mahanikā	grade	21345	295-1	SCH-grade-12427_cases.xml	0
mahAkacCavarDana	maha1kacchavardhana	mahākacchavardhana	mahākacchavardhana	grade	21355	295-1	SCH-grade-12427_cases.xml	0
mahAkAmeSvara	maha1ka1mes4vara	mahākāmeśvara	mahākāmeśvara	grade	21357	295-1	SCH-grade-12427_cases.xml	0
mahAkAlahfdaya	maha1ka1lahr2daya	mahākālahṛdaya	mahākālahṛdaya	grade	21358	295-1	SCH-grade-12427_cases.xml	0
mahAkAvyAy	maha1ka1vya1y	mahākāvyāy	mahākāvyāy	grade	21359	295-1	SCH-grade-12427_cases.xml	0
mahAkfpAlutA	maha1kr2pa1luta1	mahākṛpālutā	mahākṛpālutā	grade	21360	295-1	SCH-grade-12427_cases.xml	0
mahAgrahagrAha	maha1grahagra1ha	mahāgrahagrāha	mahāgrahagrāha	grade	21363	295-1	SCH-grade-12427_cases.xml	0
mahAjaNGA	maha1jan3gha1	mahājaṅghā	mahājanghā	grade	21366	295-2	SCH-grade-12427_cases.xml	0
mahAwopa	maha1t2opa	mahāṭopa	mahāṭopa	grade	21369	295-2	SCH-grade-12427_cases.xml	0
mAhAnasikI	ma1ha1nasiki1	māhānasikī	māhānasikī	grade	21377	295-2	SCH-grade-12427_cases.xml	0
mahAniveSa	maha1nives4a	mahāniveśa	mahāniveśa	grade	21380	295-2	SCH-grade-12427_cases.xml	0
mahAniSITa	maha1nis4i1tha	mahāniśītha	mahāniśītha	grade	21381	295-2	SCH-grade-12427_cases.xml	0
mahAnDya	maha1ndhya	mahāndhya	mahāndhya	grade	21385	295-2	SCH-grade-12427_cases.xml	0
mahApaYcapAtakin	maha1pan5capa1takin	mahāpañcapātakin	mahāpancapātakin	grade	21386	295-2	SCH-grade-12427_cases.xml	0
mahApatAkA	Maha1pata1ka1	mahāpatākā	mahāpatākā	grade	21387	295-2	SCH-grade-12427_cases.xml	0
mahAparizad	maha1paris2ad	mahāpariṣad	mahāpariṣad	grade	21389	295-2	SCH-grade-12427_cases.xml	0
mahAbisI	maha1bisi1	mahābisī	mahābisī	grade	21395	295-3	SCH-grade-12427_cases.xml	0
mahABara	maha1bhara	mahābhara	mahābhara	grade	21397	295-3	SCH-grade-12427_cases.xml	0
mahAmaRqanAyita	maha1man2d2ana1yita	mahāmaṇḍanāyita	mahāmanḍanāyita	grade	21401	295-3	SCH-grade-12427_cases.xml	0
mahAmAtrIya	maha1ma1tri1ya	mahāmātrīya	mahāmātrīya	grade	21403	295-3	SCH-grade-12427_cases.xml	0
mahAmunitA	maha1munita1	mahāmunitā	mahāmunitā	grade	21406	295-3	SCH-grade-12427_cases.xml	0
mahAyaSaskatva	maha1yas4askatva	mahāyaśaskatva	mahāyaśaskatva	grade	21408	295-3	SCH-grade-12427_cases.xml	0
mahAvagAha	maha1vaga1ha	mahāvagāha	mahāvagāha	grade	21415	295-3	SCH-grade-12427_cases.xml	0
mahAvftta	maha1vr2tta	mahāvṛtta	mahāvṛtta	grade	21419	295-3	SCH-grade-12427_cases.xml	0
mahAsarit	maha1sarit	mahāsarit	mahāsarit	grade	21429	296-1	SCH-grade-12427_cases.xml	0
mahAsAttvika	maha1sa1ttvika	mahāsāttvika	mahāsāttvika	grade	21430	296-1	SCH-grade-12427_cases.xml	0
mahAsurA	maha1sura1	mahāsurā	mahāsurā	grade	21433	296-1	SCH-grade-12427_cases.xml	0
mahitatama	mahitatama	mahitatama	mahitatama	grade	21439	296-1	SCH-grade-12427_cases.xml	0
mahIduhitf	mahi1duhitr2	mahīduhitṛ	mahīduhitṛ	grade	21449	296-2	SCH-grade-12427_cases.xml	0
mahIBfttva	mahi1bhr2ttva	mahībhṛttva	mahībhṛttva	grade	21450	296-2	SCH-grade-12427_cases.xml	0
mahendrakArmuka	mahendraka1rmuka	mahendrakārmuka	mahendrakārmuka	grade	21451	296-2	SCH-grade-12427_cases.xml	0
mahendrasinDu	mahendrasindhu	mahendrasindhu	mahendrasindhu	grade	21452	296-2	SCH-grade-12427_cases.xml	0
maheSa	mahes4a	maheśa	maheśa	grade	21454	296-2	SCH-grade-12427_cases.xml	0
maheSitar	mahes4itar	maheśitar	maheśitar	grade	21456	296-2	SCH-grade-12427_cases.xml	0
mAMsakAra	ma1m2saka1ra	māṃsakāra	mānsakāra	grade	21466	296-2	SCH-grade-12427_cases.xml	0
mAMsalay	ma1m2salay	māṃsalay	mānsalay	grade	21468	296-3	SCH-grade-12427_cases.xml	0
mAMsalIkf	ma1m2sali1kr2	māṃsalīkṛ	mānsalīkṛ	grade	21469	296-3	SCH-grade-12427_cases.xml	0
mAMsavarRa	ma1msavarn2a	māṃsavarṇa	mānsavarna	grade	21470	296-3	SCH-grade-12427_cases.xml	0
mAGyapuzpa	ma1ghyapus2pa	māghyapuṣpa	māghyapuṣpa	grade	21475	296-3	SCH-grade-12427_cases.xml	0
mANgU	Ma1n3gu1	māṅgū	māngū	grade	21478	296-3	SCH-grade-12427_cases.xml	0
mAYjizwa	[°ma1n5jis2t2a	māñjiṣṭa	mānjiṣṭa	grade	21479	296-3	SCH-grade-12427_cases.xml	0
mAYjU	ma1n5ju1	māñjū	mānjū	grade	21480	296-3	SCH-grade-12427_cases.xml	0
mAWapatya	ma1t2hapatya	māṭhapatya	māṭhapatya	grade	21481	296-3	SCH-grade-12427_cases.xml	0
mAWApatya	ma1t2ha1patya	māṭhāpatya	māṭhāpatya	grade	21483	296-3	SCH-grade-12427_cases.xml	0
mARikkakAra	ma1n2ikkaka1ra	māṇikkakāra	mānikkakāra	grade	21486	296-3	SCH-grade-12427_cases.xml	0
mARikyakambu	ma1n2ikyakambu	māṇikyakambu	mānikyakambu	grade	21488	296-3	SCH-grade-12427_cases.xml	0
mARikyavfkzAy	ma1n2ikyavr2ks2a1y	māṇikyavṛkṣāy	mānikyavṛkṣāy	grade	21489	296-3	SCH-grade-12427_cases.xml	0
mAtaNgabalA	ma1tan3gabala1	mātaṅgabalā	mātangabalā	grade	21492	296-3	SCH-grade-12427_cases.xml	0
mAtaNgikA	Ma1tan3gika1	mātaṅgikā	mātangikā	grade	21494	297-1	SCH-grade-12427_cases.xml	0
mAtulIya	ma1tuli1ya	mātulīya	mātulīya	grade	21501	297-1	SCH-grade-12427_cases.xml	0
mAtuluNgaganDi	ma1tulun3gagandhi	mātuluṅgagandhi	mātulungagandhi	grade	21502	297-1	SCH-grade-12427_cases.xml	0
mAtfmETuna	ma1tr2maithuna	mātṛmaithuna	mātṛmaithuna	grade	21507	297-1	SCH-grade-12427_cases.xml	0
mAtfzvasreyI	ma1tr2s2vasreyi1	mātṛṣvasreyī	mātṛṣvasreyī	grade	21510	297-1	SCH-grade-12427_cases.xml	0
mAtsyapuwa	ma1tsyaput2a	mātsyapuṭa	mātsyapuṭa	grade	21517	297-2	SCH-grade-12427_cases.xml	0
mAtsyabanDa	ma1tsyabandha	mātsyabandha	mātsyabandha	grade	21518	297-2	SCH-grade-12427_cases.xml	0
mATin	ma1thin	māthin	māthin	grade	21519	297-2	SCH-grade-12427_cases.xml	0
mADavadatta	Ma1dhavadatta	mādhavadatta	mādhavadatta	grade	21522	297-2	SCH-grade-12427_cases.xml	0
mADvIkir	ma1dhvi1kir	mādhvīkir	mādhvīkir	grade	21528	297-2	SCH-grade-12427_cases.xml	0
mADvImuc	ma1dhvi1muc	mādhvīmuc	mādhvīmuc	grade	21529	297-2	SCH-grade-12427_cases.xml	0
mAnakAma	ma1naka1ma	mānakāma	mānakāma	grade	21530	297-2	SCH-grade-12427_cases.xml	0
mAnaDanaMjaya	Ma1nadhanam2jaya	mānadhanaṃjaya	mānadhananjaya	grade	21531	297-2	SCH-grade-12427_cases.xml	0
mAnarajju	ma1narajju	mānarajju	mānarajju	grade	21533	297-2	SCH-grade-12427_cases.xml	0
mAnavyAji	ma1navya1ji	mānavyāji	mānavyāji	grade	21535	297-2	SCH-grade-12427_cases.xml	0
mAnasavasati	ma1nasavasati	mānasavasati	mānasavasati	grade	21536	297-2	SCH-grade-12427_cases.xml	0
mAnasIka	ma1nasi1ka	mānasīka	mānasīka	grade	21538	297-2	SCH-grade-12427_cases.xml	0
mAnasrAva	ma1nasra1va	mānasrāva	mānasrāva	grade	21540	297-2	SCH-grade-12427_cases.xml	0
mAnADyakza	ma1na1dhyaks2a	mānādhyakṣa	mānādhyakṣa	grade	21541	297-2	SCH-grade-12427_cases.xml	0
mAnonnatatA	ma1nonnatata1	mānonnatatā	mānonnatatā	grade	21547	297-3	SCH-grade-12427_cases.xml	0
mAnoBava	ma1nobhava	mānobhava	mānobhava	grade	21548	297-3	SCH-grade-12427_cases.xml	0
mAndurIya	ma1nduri1ya	māndurīya	māndurīya	grade	21550	297-3	SCH-grade-12427_cases.xml	0
mAndyaBAj	ma1ndyabha1j	māndyabhāj	māndyabhāj	grade	21551	297-3	SCH-grade-12427_cases.xml	0
mApa	ma1pa	māpa	māpa	grade	21552	297-3	SCH-grade-12427_cases.xml	0
mAmIya	ma1mi1ya	māmīya	māmīya	grade	21556	297-3	SCH-grade-12427_cases.xml	0
mAyaka	ma1yaka	māyaka	māyaka	grade	21557	297-3	SCH-grade-12427_cases.xml	0
mAyAcArin	ma1ya1ca1rin	māyācārin	māyācārin	grade	21560	297-3	SCH-grade-12427_cases.xml	0
mAyAdakza	ma1ya1daks2a	māyādakṣa	māyādakṣa	grade	21561	297-3	SCH-grade-12427_cases.xml	0
mAyApramAtar	ma1ya1prama1tar	māyāpramātar	māyāpramātar	grade	21562	297-3	SCH-grade-12427_cases.xml	0
mAyAmuni	ma1ya1muni	māyāmuni	māyāmuni	grade	21564	297-3	SCH-grade-12427_cases.xml	0
mAyAyudDa	ma1ya1yuddha	māyāyuddha	māyāyuddha	grade	21565	297-3	SCH-grade-12427_cases.xml	0
mAyASakti	ma1ya1s4akti	māyāśakti	māyāśakti	grade	21567	297-3	SCH-grade-12427_cases.xml	0
mAyitva	ma1yitva	māyitva	māyitva	grade	21568	298-1	SCH-grade-12427_cases.xml	0
mAyIyamala	ma1yi1yamala	māyīyamala	māyīyamala	grade	21571	298-1	SCH-grade-12427_cases.xml	0
mAyUravyajanAyamAna	ma1yu1ravyajana1yama1na	māyūravyajanāyamāna	māyūravyajanāyamāna	grade	21573	298-1	SCH-grade-12427_cases.xml	0
mAyUrANGrika	ma1yu1ra1n3ghrika	māyūrāṅghrika	māyūrānghrika	grade	21575	298-1	SCH-grade-12427_cases.xml	0
mAyeriRI	ma1yerin2i1	māyeriṇī	māyerinī	grade	21576	298-1	SCH-grade-12427_cases.xml	0
mAradatta	Ma1radatta	māradatta	māradatta	grade	21579	298-1	SCH-grade-12427_cases.xml	0
mAradruh	ma1radruh	māradruh	māradruh	grade	21580	298-1	SCH-grade-12427_cases.xml	0
mArAgAra	ma1ra1ga1ra	mārāgāra	mārāgāra	grade	21581	298-1	SCH-grade-12427_cases.xml	0
mArAvaroDa	Ma1ra1varodha	mārāvarodha	mārāvarodha	grade	21582	298-1	SCH-grade-12427_cases.xml	0
mArutaja	ma1rutaja	mārutaja	mārutaja	grade	21585	298-1	SCH-grade-12427_cases.xml	0
mArutaBU	ma1rutabhu1	mārutabhū	mārutabhū	grade	21586	298-1	SCH-grade-12427_cases.xml	0
mArkawika	ma1rkat2ika	mārkaṭika	mārkaṭika	grade	21589	298-1	SCH-grade-12427_cases.xml	0
mArgaRamalla	Ma1rgan2amalla	mārgaṇamalla	mārganamalla	grade	21592	298-1	SCH-grade-12427_cases.xml	0
mArgadUzaka	ma1rgadu1s2aka	mārgadūṣaka	mārgadūṣaka	grade	21593	298-2	SCH-grade-12427_cases.xml	0
mArgaBUmi	ma1rgabhu1mi	mārgabhūmi	mārgabhūmi	grade	21596	298-2	SCH-grade-12427_cases.xml	0
mArgamuRqana	ma1rgamun2d2ana	mārgamuṇḍana	mārgamunḍana	grade	21597	298-2	SCH-grade-12427_cases.xml	0
mArgavfkza	ma1rgavr2ks2a	mārgavṛkṣa	mārgavṛkṣa	grade	21598	298-2	SCH-grade-12427_cases.xml	0
mArgAyuka	ma1rga1yuka	mārgāyuka	mārgāyuka	grade	21601	298-2	SCH-grade-12427_cases.xml	0
mArgevastu	ma1rgevastu	mārgevastu	mārgevastu	grade	21602	298-2	SCH-grade-12427_cases.xml	0
mArjArakrIqitaka	ma1rja1rakri1d2itaka	mārjārakrīḍitaka	mārjārakrīḍitaka	grade	21608	298-2	SCH-grade-12427_cases.xml	0
mArjAralatitaka	ma1rja1ralatitaka	mārjāralatitaka	mārjāralatitaka	grade	21609	298-2	SCH-grade-12427_cases.xml	0
mArjArAkza	ma1rja1ra1ks2a	mārjārākṣa	mārjārākṣa	grade	21610	298-2	SCH-grade-12427_cases.xml	0
mArdaNgI	ma1rdan3gi1	mārdaṅgī	mārdangī	grade	21614	298-2	SCH-grade-12427_cases.xml	0
mAlakUpa	ma1laku1pa	mālakūpa	mālakūpa	grade	21619	298-3	SCH-grade-12427_cases.xml	0
mAlAkArin	ma1la1ka1rin	mālākārin	mālākārin	grade	21625	298-3	SCH-grade-12427_cases.xml	0
mAlukA	ma1luka1	mālukā	mālukā	grade	21627	298-3	SCH-grade-12427_cases.xml	0
mAleyaka	Ma1leyaka	māleyaka	māleyaka	grade	21631	298-3	SCH-grade-12427_cases.xml	0
mAlyati	ma1lyati	mālyati	mālyati	grade	21633	298-3	SCH-grade-12427_cases.xml	0
mAsalABa	ma1sala1bha	māsalābha	māsalābha	grade	21639	298-3	SCH-grade-12427_cases.xml	0
mAsavfdDi	ma1savr2ddhi	māsavṛddhi	māsavṛddhi	grade	21640	298-3	SCH-grade-12427_cases.xml	0
mAsottaram	ma1sottaram	māsottaram	māsottaram	grade	21642	298-3	SCH-grade-12427_cases.xml	0
mAhAnasika	ma1ha1nasika	māhānasika	māhānasika	grade	21645	299-1	SCH-grade-12427_cases.xml	0
mAhica	Ma1hica	māhica	māhica	grade	21647	299-1	SCH-grade-12427_cases.xml	0
mAheca	Ma1heca	māheca	māheca	grade	21650	299-1	SCH-grade-12427_cases.xml	0
mAhendrajvara	ma1hendrajvara	māhendrajvara	māhendrajvara	grade	21652	299-1	SCH-grade-12427_cases.xml	0
mAhendravijYAna	ma1hendravijn5a1na	māhendravijñāna	māhendravijnāna	grade	21653	299-1	SCH-grade-12427_cases.xml	0
miRWa	min2t2ha	miṇṭha	minṭha	grade	21658	299-1	SCH-grade-12427_cases.xml	0
mitadrava	mitadrava	mitadrava	mitadrava	grade	21660	299-1	SCH-grade-12427_cases.xml	0
mitaMdru	mitam2dru	mitaṃdru	mitandru	grade	21662	299-1	SCH-grade-12427_cases.xml	0
mitara	mitara	mitara	mitara	grade	21664	299-1	SCH-grade-12427_cases.xml	0
mitrIRa	mitri1n2a	mitrīṇa	mitrīna	grade	21672	299-2	SCH-grade-12427_cases.xml	0
miTunacara	mithunacara	mithunacara	mithunacara	grade	21675	299-2	SCH-grade-12427_cases.xml	0
miTunotsava	mithunotsava	mithunotsava	mithunotsava	grade	21677	299-2	SCH-grade-12427_cases.xml	0
miToviroDin	mithovirodhin	mithovirodhin	mithovirodhin	grade	21678	299-2	SCH-grade-12427_cases.xml	0
miTyAdfS	mithya1dr2s4	mithyādṛś	mithyādṛś	grade	21679	299-2	SCH-grade-12427_cases.xml	0
miTyAvftta	mithya1vr2tta	mithyāvṛtta	mithyāvṛtta	grade	21684	299-2	SCH-grade-12427_cases.xml	0
miTyASukla	Mithya1s4ukla	mithyāśukla	mithyāśukla	grade	21685	299-2	SCH-grade-12427_cases.xml	0
milApaka	mila1paka	milāpaka	milāpaka	grade	21690	299-2	SCH-grade-12427_cases.xml	0
miSraDarma	mis4radharma	miśradharma	miśradharma	grade	21692	299-2	SCH-grade-12427_cases.xml	0
mihirasuta	mihirasuta	mihirasuta	mihirasuta	grade	21698	299-3	SCH-grade-12427_cases.xml	0
mIWa	mi1t2ha	mīṭha	mīṭha	grade	21699	299-3	SCH-grade-12427_cases.xml	0
mInakaRwaka	mi1nakan2t2aka	mīnakaṇṭaka	mīnakanṭaka	grade	21701	299-3	SCH-grade-12427_cases.xml	0
mInadfS	mi1nadr2s4	mīnadṛś	mīnadṛś	grade	21704	299-3	SCH-grade-12427_cases.xml	0
mInavilocanA	mi1navilocana1	mīnavilocanā	mīnavilocanā	grade	21707	299-3	SCH-grade-12427_cases.xml	0
mInAvacUla	mi1na1vacu1la	mīnāvacūla	mīnāvacūla	grade	21710	299-3	SCH-grade-12427_cases.xml	0
mukuwita	mukut2ita	mukuṭita	mukuṭita	grade	21716	299-3	SCH-grade-12427_cases.xml	0
mukuwIkfta	mukut2i1kr2ta	mukuṭīkṛta	mukuṭīkṛta	grade	21717	299-3	SCH-grade-12427_cases.xml	0
mukuranda	mukuranda	mukuranda	mukuranda	grade	21719	299-3	SCH-grade-12427_cases.xml	0
mukurIBUta	mukuri1bhu1ta	mukurībhūta	mukurībhūta	grade	21722	300-1	SCH-grade-12427_cases.xml	0
mukurunda	mukurunda	mukurunda	mukurunda	grade	21723	300-1	SCH-grade-12427_cases.xml	0
mukurundIkfta	mukurundi1kr2ta	mukurundīkṛta	mukurundīkṛta	grade	21724	300-1	SCH-grade-12427_cases.xml	0
mukulatva	mukulatva	mukulatva	mukulatva	grade	21726	300-1	SCH-grade-12427_cases.xml	0
mukulana	mukulana	mukulana	mukulana	grade	21727	300-1	SCH-grade-12427_cases.xml	0
mukulastanI	mukulastani1	mukulastanī	mukulastanī	grade	21729	300-1	SCH-grade-12427_cases.xml	0
mukulIBU	mukuli1bhu1	mukulībhū	mukulībhū	grade	21731	300-1	SCH-grade-12427_cases.xml	0
muktagalam	muktagalam	muktagalam	muktagalam	grade	21733	300-1	SCH-grade-12427_cases.xml	0
muktabanDa	muktabandha	muktabandha	muktabandha	grade	21735	300-1	SCH-grade-12427_cases.xml	0
muktavaDa	muktavadha	muktavadha	muktavadha	grade	21737	300-1	SCH-grade-12427_cases.xml	0
muktAkzavawa	mukta1ks2avat2a	muktākṣavaṭa	muktākṣavaṭa	grade	21738	300-1	SCH-grade-12427_cases.xml	0
muktAcCa	mukta1ccha	muktāccha	muktāccha	grade	21739	300-1	SCH-grade-12427_cases.xml	0
muktAPalita	mukta1phalita	muktāphalita	muktāphalita	grade	21742	300-1	SCH-grade-12427_cases.xml	0
muktAPalIBUta	mukta1phali1bhu1ta	muktāphalībhūta	muktāphalībhūta	grade	21743	300-1	SCH-grade-12427_cases.xml	0
muktAsara	mukta1sara	muktāsara	muktāsara	grade	21746	300-2	SCH-grade-12427_cases.xml	0
muktAsPowaka	mukta1sphot2aka	muktāsphoṭaka	muktāsphoṭaka	grade	21748	300-2	SCH-grade-12427_cases.xml	0
muktAhArAyate	mukta1ha1ra1y(ate)	muktāhārāyate	muktāhārāyate	grade	21749	300-2	SCH-grade-12427_cases.xml	0
muktigAmin	muktiga1min	muktigāmin	muktigāmin	grade	21751	300-2	SCH-grade-12427_cases.xml	0
muktiBAj	muktibha1j	muktibhāj	muktibhāj	grade	21752	300-2	SCH-grade-12427_cases.xml	0
muktopahAra	muktopaha1ra	muktopahāra	muktopahāra	grade	21753	300-2	SCH-grade-12427_cases.xml	0
muktOzWatA	muktaus2t2hata1	muktauṣṭhatā	muktauṣṭhatā	grade	21754	300-2	SCH-grade-12427_cases.xml	0
muKakoSAH	mukhakos4a1h2	mukhakośāḥ	mukhakośā	grade	21756	300-2	SCH-grade-12427_cases.xml	0
muKaDAtu	mukhadha1tu	mukhadhātu	mukhadhātu	grade	21761	300-2	SCH-grade-12427_cases.xml	0
muKaprekzaRI	mukhapreks2an2i1	mukhaprekṣaṇī	mukhaprekṣanī	grade	21765	300-3	SCH-grade-12427_cases.xml	0
muKabADa	mukhaba1dha	mukhabādha	mukhabādha	grade	21768	300-3	SCH-grade-12427_cases.xml	0
muKarata	mukharata	mukharata	mukharata	grade	21770	300-3	SCH-grade-12427_cases.xml	0
muKaromarAji	mukharomara1ji	mukharomarāji	mukharomarāji	grade	21773	300-3	SCH-grade-12427_cases.xml	0
muKavarDana	mukhavardhana	mukhavardhana	mukhavardhana	grade	21776	300-3	SCH-grade-12427_cases.xml	0
muKavinAma	mukhavina1ma	mukhavināma	mukhavināma	grade	21778	300-3	SCH-grade-12427_cases.xml	0
muKAvayavatA	mukha1vayavata1	mukhāvayavatā	mukhāvayavatā	grade	21783	300-3	SCH-grade-12427_cases.xml	0
muKAvaraRa	mukha1varan2a	mukhāvaraṇa	mukhāvarana	grade	21784	300-3	SCH-grade-12427_cases.xml	0
mugDamuKI	mugdhamukhi1	mugdhamukhī	mugdhamukhī	grade	21788	300-3	SCH-grade-12427_cases.xml	0
mugDANganAkelikutUhala	Mugdha1n3gana1kelikutu1hala	mugdhāṅganākelikutūhala	mugdhānganākelikutūhala	grade	21789	300-3	SCH-grade-12427_cases.xml	0
muYjIbanDana	mun5ji1bandhana	muñjībandhana	munjībandhana	grade	21795	301-1	SCH-grade-12427_cases.xml	0
muRqakadvAra	mun2d2akadva1ra	muṇḍakadvāra	munḍakadvāra	grade	21801	301-1	SCH-grade-12427_cases.xml	0
muRqamAlikA	mun2d2ama1lika1	muṇḍamālikā	munḍamālikā	grade	21805	301-1	SCH-grade-12427_cases.xml	0
muRqaharmya	mun2d2aharmya	muṇḍaharmya	munḍaharmya	grade	21807	301-1	SCH-grade-12427_cases.xml	0
muRqIkahlArA	mun2d2i1kahla1ra1	muṇḍīkahlārā	munḍīkahlārā	grade	21809	301-2	SCH-grade-12427_cases.xml	0
muRqIkfta	mun2d2i1kr2ta	muṇḍīkṛta	munḍīkṛta	grade	21810	301-2	SCH-grade-12427_cases.xml	0
mudaSru	mudas4ru	mudaśru	mudaśru	grade	21816	301-2	SCH-grade-12427_cases.xml	0
mudgaraprahAra	Mudgarapraha1ra	mudgaraprahāra	mudgaraprahāra	grade	21819	301-2	SCH-grade-12427_cases.xml	0
mudgarin	mudgarin	mudgarin	mudgarin	grade	21820	301-2	SCH-grade-12427_cases.xml	0
mudgalaBawwa	Mudgalabhat2t2a	mudgalabhaṭṭa	mudgalabhaṭṭa	grade	21821	301-2	SCH-grade-12427_cases.xml	0
mudgavarRa	mudgavarn2a	mudgavarṇa	mudgavarna	grade	21822	301-2	SCH-grade-12427_cases.xml	0
mudrAkArin	mudra1ka1rin	mudrākārin	mudrākārin	grade	21825	301-2	SCH-grade-12427_cases.xml	0
mudrADyakza	mudra1dhyaks2a	mudrādhyakṣa	mudrādhyakṣa	grade	21826	301-3	SCH-grade-12427_cases.xml	0
mudrIkfta	mudri1kr2ta	mudrīkṛta	mudrīkṛta	grade	21827	301-3	SCH-grade-12427_cases.xml	0
muDAmuni	mudha1muni	mudhāmuni	mudhāmuni	grade	21828	301-3	SCH-grade-12427_cases.xml	0
munigupta	Munigupta	munigupta	munigupta	grade	21831	301-3	SCH-grade-12427_cases.xml	0
munidevAcArya	Munideva1ca1rya	munidevācārya	munidevācārya	grade	21833	301-3	SCH-grade-12427_cases.xml	0
munimanoharameKala	Munimanoharamekhala	munimanoharamekhala	munimanoharamekhala	grade	21836	301-3	SCH-grade-12427_cases.xml	0
muyuzwa	muyus2t2a	muyuṣṭa	muyuṣṭa	grade	21837	301-3	SCH-grade-12427_cases.xml	0
murajetar	Murajetar	murajetar	murajetar	grade	21839	301-3	SCH-grade-12427_cases.xml	0
murArAti	Mura1ra1ti	murārāti	murārāti	grade	21842	301-3	SCH-grade-12427_cases.xml	0
muruRqA	murun2d2a1	muruṇḍā	murunḍā	grade	21844	301-3	SCH-grade-12427_cases.xml	0
muSala	mus4ala	muśala	muśala	grade	21845	301-3	SCH-grade-12427_cases.xml	0
muSalya	mus4alya	muśalya	muśalya	grade	21846	301-3	SCH-grade-12427_cases.xml	0
musalabanDa	musalabandha	musalabandha	musalabandha	grade	21855	302-1	SCH-grade-12427_cases.xml	0
musalayazwi	musalayas2t2i	musalayaṣṭi	musalayaṣṭi	grade	21856	302-1	SCH-grade-12427_cases.xml	0
musfRWi	musr2n2t2hi	musṛṇṭhi	musṛnṭhi	grade	21858	302-1	SCH-grade-12427_cases.xml	0
mUkaka	mu1kaka	mūkaka	mūkaka	grade	21862	302-1	SCH-grade-12427_cases.xml	0
mUkamUzA	mu1kamu1s2a1	mūkamūṣā	mūkamūṣā	grade	21863	302-1	SCH-grade-12427_cases.xml	0
mUQatAvant	mu1d2hata1vant	mūḍhatāvant	mūḍhatāvant	grade	21868	302-1	SCH-grade-12427_cases.xml	0
mUQavAta	mu1d2hava1ta	mūḍhavāta	mūḍhavāta	grade	21869	302-1	SCH-grade-12427_cases.xml	0
mUQIkf	mu1d2hi1kr2	mūḍhīkṛ	mūḍhīkṛ	grade	21870	302-1	SCH-grade-12427_cases.xml	0
mUQIBU	mu1d2hi1bhu1	mūḍhībhū	mūḍhībhū	grade	21871	302-1	SCH-grade-12427_cases.xml	0
mUrCAgfhIta	mu1rcha1gr2hi1ta	mūrchāgṛhīta	mūrchāgṛhīta	grade	21873	302-1	SCH-grade-12427_cases.xml	0
mUrCin	mu1rchin	mūrchin	mūrchin	grade	21874	302-2	SCH-grade-12427_cases.xml	0
mUlanAyaka	Mu1lana1yaka	mūlanāyaka	mūlanāyaka	grade	21881	302-2	SCH-grade-12427_cases.xml	0
mUlaPalaka	mu1laphalaka	mūlaphalaka	mūlaphalaka	grade	21885	302-2	SCH-grade-12427_cases.xml	0
mUlastamBa	mu1lastambha	mūlastambha	mūlastambha	grade	21887	302-2	SCH-grade-12427_cases.xml	0
mUlAnvaya	mu1la1nvaya	mūlānvaya	mūlānvaya	grade	21890	302-2	SCH-grade-12427_cases.xml	0
mUleSvara	mu1les4vara	mūleśvara	mūleśvara	grade	21894	302-2	SCH-grade-12427_cases.xml	0
mfgacakzus	mr2gacaks2us	mṛgacakṣus	mṛgacakṣus	grade	21900	302-3	SCH-grade-12427_cases.xml	0
mfgacezwita	mr2gaces2t2ita	mṛgaceṣṭita	mṛgaceṣṭita	grade	21901	302-3	SCH-grade-12427_cases.xml	0
mfgatantu	mr2gatantu	mṛgatantu	mṛgatantu	grade	21902	302-3	SCH-grade-12427_cases.xml	0
mfganABI	mr2gana1bhi1	mṛganābhī	mṛganābhī	grade	21906	302-3	SCH-grade-12427_cases.xml	0
mfgabanDa	mr2gabandha	mṛgabandha	mṛgabandha	grade	21907	302-3	SCH-grade-12427_cases.xml	0
mfgabanDana	mr2gabandhana	mṛgabandhana	mṛgabandhana	grade	21908	302-3	SCH-grade-12427_cases.xml	0
mfgayAkAma	mr2gaya1ka1ma	mṛgayākāma	mṛgayākāma	grade	21910	302-3	SCH-grade-12427_cases.xml	0
mfgaroman	mr2garoman	mṛgaroman	mṛgaroman	grade	21911	302-3	SCH-grade-12427_cases.xml	0
mfgavaYcaka	mr2gavan5caka	mṛgavañcaka	mṛgavancaka	grade	21912	302-3	SCH-grade-12427_cases.xml	0
mfgavega	Mr2gavega	mṛgavega	mṛgavega	grade	21913	302-3	SCH-grade-12427_cases.xml	0
mfgaSarman	Mr2gas4arman	mṛgaśarman	mṛgaśarman	grade	21916	302-3	SCH-grade-12427_cases.xml	0
mfgaSAvacakzus	mr2gas4a1vacaks2us	mṛgaśāvacakṣus	mṛgaśāvacakṣus	grade	21917	302-3	SCH-grade-12427_cases.xml	0
mfgaSAvavilocanA	mr2gas4a1vavilocana1	mṛgaśāvavilocanā	mṛgaśāvavilocanā	grade	21918	302-3	SCH-grade-12427_cases.xml	0
mfgaSiSudfS	mr2gas4is4udr2s4	mṛgaśiśudṛś	mṛgaśiśudṛś	grade	21919	302-3	SCH-grade-12427_cases.xml	0
mfgasena	Mr2gasena	mṛgasena	mṛgasena	grade	21920	302-3	SCH-grade-12427_cases.xml	0
mfgANkacUqAmaRi	mr2ga1n3kacu1d2a1man2i	mṛgāṅkacūḍāmaṇi	mṛgānkacūḍāmani	grade	21922	302-3	SCH-grade-12427_cases.xml	0
mfgANkamukuwa	mr2ga1n3kamukut2a	mṛgāṅkamukuṭa	mṛgānkamukuṭa	grade	21923	302-3	SCH-grade-12427_cases.xml	0
mfgANkaSakalABaraRa	mr2ga1n3kas4akala1bharan2a	mṛgāṅkaśakalābharaṇa	mṛgānkaśakalābharana	grade	21925	302-3	SCH-grade-12427_cases.xml	0
mfgAyate	mr2ga1yate	mṛgāyate	mṛgāyate	grade	21927	302-3	SCH-grade-12427_cases.xml	0
mfgAvacUla	mr2ga1vacu1la	mṛgāvacūla	mṛgāvacūla	grade	21930	303-1	SCH-grade-12427_cases.xml	0
mfgIkzaRA	mr2gi1ks2an2a1	mṛgīkṣaṇā	mṛgīkṣanā	grade	21932	303-1	SCH-grade-12427_cases.xml	0
mfRAlavatI	Mr2n2a1lavati1	mṛṇālavatī	mṛnālavatī	grade	21936	303-1	SCH-grade-12427_cases.xml	0
mftakAgni	mr2taka1gni	mṛtakāgni	mṛtakāgni	grade	21940	303-1	SCH-grade-12427_cases.xml	0
mftaRqA	Mr2tan2d2a1	mṛtaṇḍā	mṛtanḍā	grade	21941	303-1	SCH-grade-12427_cases.xml	0
mftAgni	mr2ta1gni	mṛtāgni	mṛtāgni	grade	21943	303-1	SCH-grade-12427_cases.xml	0
mftABra	mr2ta1bhra	mṛtābhra	mṛtābhra	grade	21944	303-1	SCH-grade-12427_cases.xml	0
mftAyas	mr2ta1yas	mṛtāyas	mṛtāyas	grade	21945	303-1	SCH-grade-12427_cases.xml	0
mftpiRqIkfta	mr2tpin2d2i1kr2ta	mṛtpiṇḍīkṛta	mṛtpinḍīkṛta	grade	21946	303-1	SCH-grade-12427_cases.xml	0
mfdudaRqa	mr2dudan2d2a	mṛdudaṇḍa	mṛdudanḍa	grade	21950	303-1	SCH-grade-12427_cases.xml	0
mfdUkaraRa	mr2du1karan2a	mṛdūkaraṇa	mṛdūkarana	grade	21953	303-2	SCH-grade-12427_cases.xml	0
mfdUkf	mr2du1kr2	mṛdūkṛ	mṛdūkṛ	grade	21954	303-2	SCH-grade-12427_cases.xml	0
mfzwatva	mr2s2t2atva	mṛṣṭatva	mṛṣṭatva	grade	21957	303-2	SCH-grade-12427_cases.xml	0
meKalati	mekhalati	mekhalati	mekhalati	grade	21959	303-2	SCH-grade-12427_cases.xml	0
meKalApaTa	mekhala1patha	mekhalāpatha	mekhalāpatha	grade	21961	303-2	SCH-grade-12427_cases.xml	0
meKalAsTAna	mekhala1stha1na	mekhalāsthāna	mekhalāsthāna	grade	21962	303-2	SCH-grade-12427_cases.xml	0
meKalIyati	mekhali1y(ati)	mekhalīyati	mekhalīyati	grade	21963	303-2	SCH-grade-12427_cases.xml	0
meGaka	meghaka	meghaka	meghaka	grade	21965	303-2	SCH-grade-12427_cases.xml	0
meGakUwapawwana	Meghaku1t2apat2t2ana	meghakūṭapaṭṭana	meghakūṭapaṭṭana	grade	21966	303-2	SCH-grade-12427_cases.xml	0
meGaputtalikA	meghaputtalika1	meghaputtalikā	meghaputtalikā	grade	21969	303-2	SCH-grade-12427_cases.xml	0
meGamandira	meghamandira	meghamandira	meghamandira	grade	21971	303-2	SCH-grade-12427_cases.xml	0
meGavarzAmandira	meghavars2a1mandira	meghavarṣāmandira	meghavarṣāmandira	grade	21974	303-2	SCH-grade-12427_cases.xml	0
meGasamaya	meghasamaya	meghasamaya	meghasamaya	grade	21975	303-2	SCH-grade-12427_cases.xml	0
mecakatva	mecakatva	mecakatva	mecakatva	grade	21978	303-3	SCH-grade-12427_cases.xml	0
mecakamaRi	mecakaman2i	mecakamaṇi	mecakamani	grade	21979	303-3	SCH-grade-12427_cases.xml	0
meqUka	med2u1ka	meḍūka	meḍūka	grade	21982	303-3	SCH-grade-12427_cases.xml	0
medasvita	medasvita	medasvita	medasvita	grade	21989	303-3	SCH-grade-12427_cases.xml	0
medinIDra	medini1dhra	medinīdhra	medinīdhra	grade	21991	303-3	SCH-grade-12427_cases.xml	0
meDUlaka	medhu1laka	medhūlaka	medhūlaka	grade	21996	303-3	SCH-grade-12427_cases.xml	0
menikA	Menika1	menikā	menikā	grade	21998	303-3	SCH-grade-12427_cases.xml	0
melanA	melana1	melanā	melanā	grade	22001	303-3	SCH-grade-12427_cases.xml	0
melyAwI	Melya1t2i1	melyāṭī	melyāṭī	grade	22003	303-3	SCH-grade-12427_cases.xml	0
mEtrIy	maitri1y	maitrīy	maitrīy	grade	22011	304-1	SCH-grade-12427_cases.xml	0
mEtrIsTa	maitri1stha	maitrīstha	maitrīstha	grade	22012	304-1	SCH-grade-12427_cases.xml	0
mETunaka	maithunaka	maithunaka	maithunaka	grade	22015	304-1	SCH-grade-12427_cases.xml	0
mEleyaka	maileyaka	maileyaka	maileyaka	grade	22019	304-1	SCH-grade-12427_cases.xml	0
mokzavid	moks2avid	mokṣavid	mokṣavid	grade	22024	304-1	SCH-grade-12427_cases.xml	0
mogara	mogara	mogara	mogara	grade	22025	304-1	SCH-grade-12427_cases.xml	0
mogaraka	mogaraka	mogaraka	mogaraka	grade	22026	304-2	SCH-grade-12427_cases.xml	0
mocayitrI	mocayitri1	mocayitrī	mocayitrī	grade	22031	304-2	SCH-grade-12427_cases.xml	0
mocowa	mocot2a	mocoṭa	mocoṭa	grade	22032	304-2	SCH-grade-12427_cases.xml	0
moQerapura	Mod2herapura	moḍherapura	moḍherapura	grade	22037	304-2	SCH-grade-12427_cases.xml	0
mohanagfha	mohanagr2ha	mohanagṛha	mohanagṛha	grade	22039	304-2	SCH-grade-12427_cases.xml	0
mohalatA	mohalata1	mohalatā	mohalatā	grade	22040	304-2	SCH-grade-12427_cases.xml	0
mohApanoda	moha1panoda	mohāpanoda	mohāpanoda	grade	22041	304-2	SCH-grade-12427_cases.xml	0
mOnyA	maunya1	maunyā	maunyā	grade	22049	304-3	SCH-grade-12427_cases.xml	0
mOlapuruza	maulapurus2a	maulapuruṣa	maulapuruṣa	grade	22053	304-3	SCH-grade-12427_cases.xml	0
mOlikI	mauliki1	maulikī	maulikī	grade	22055	304-3	SCH-grade-12427_cases.xml	0
mOleyaka	Mauleyaka	mauleyaka	mauleyaka	grade	22056	304-3	SCH-grade-12427_cases.xml	0
mOza	maus2a	mauṣa	mauṣa	grade	22057	304-3	SCH-grade-12427_cases.xml	0
mOsalabanDa	mausalabandha	mausalabandha	mausalabandha	grade	22058	304-3	SCH-grade-12427_cases.xml	0
mlAnIkfta	mla1ni1kr2ta	mlānīkṛta	mlānīkṛta	grade	22064	304-3	SCH-grade-12427_cases.xml	0
yakzapAlita	yaks2apa1lita	yakṣapālita	yakṣapālita	grade	22071	304-2	SCH-grade-12427_cases.xml	0
yakzapuruza	yaks2apurus2a	yakṣapuruṣa	yakṣapuruṣa	grade	22072	304-2	SCH-grade-12427_cases.xml	0
yativid	yativid	yativid	yativid	grade	22092	305-1	SCH-grade-12427_cases.xml	0
yatkftya	yatkr2tya	yatkṛtya	yatkṛtya	grade	22095	305-1	SCH-grade-12427_cases.xml	0
yaTAgatakam	yatha1gatakam	yathāgatakam	yathāgatakam	grade	22099	305-2	SCH-grade-12427_cases.xml	0
yaTAdarSanasaMBavam	yatha1dars4anasam2bhavam	yathādarśanasaṃbhavam	yathādarśanasambhavam	grade	22101	305-2	SCH-grade-12427_cases.xml	0
yaTAnibanDam	yatha1nibandham	yathānibandham	yathānibandham	grade	22105	305-2	SCH-grade-12427_cases.xml	0
yaTApad	yatha1pad	yathāpad	yathāpad	grade	22106	305-2	SCH-grade-12427_cases.xml	0
yaTAyaTakaTa	yatha1yathakatha	yathāyathakatha	yathāyathakatha	grade	22114	305-2	SCH-grade-12427_cases.xml	0
yaTAyazwi	yatha1yas2t2i	yathāyaṣṭi	yathāyaṣṭi	grade	22115	305-2	SCH-grade-12427_cases.xml	0
yaTArTavant	yatha1rthavant	yathārthavant	yathārthavant	grade	22116	305-2	SCH-grade-12427_cases.xml	0
yaTArTavAdin	yatha1rthava1din	yathārthavādin	yathārthavādin	grade	22117	305-2	SCH-grade-12427_cases.xml	0
yaTAhastam	yatha1hastam	yathāhastam	yathāhastam	grade	22124	305-2	SCH-grade-12427_cases.xml	0
yaTopayozam	yathopayos2am	yathopayoṣam	yathopayoṣam	grade	22130	305-3	SCH-grade-12427_cases.xml	0
yadupa	Yadupa	yadupa	yadupa	grade	22135	305-3	SCH-grade-12427_cases.xml	0
yadUsa	yadu1sa	yadūsa	yadūsa	grade	22137	305-3	SCH-grade-12427_cases.xml	0
yadBavizyatA	yadbhavis2yata1	yadbhaviṣyatā	yadbhaviṣyatā	grade	22140	305-3	SCH-grade-12427_cases.xml	0
yantrajalaDara	yantrajaladhara	yantrajaladhara	yantrajaladhara	grade	22148	305-3	SCH-grade-12427_cases.xml	0
yantraqolA	yantrad2ola1	yantraḍolā	yantraḍolā	grade	22149	305-3	SCH-grade-12427_cases.xml	0
yantraDArAgAra	yantradha1ra1ga1ra	yantradhārāgāra	yantradhārāgāra	grade	22152	306-1	SCH-grade-12427_cases.xml	0
yantravyajanaputrikA	yantravyajanaputrika1	yantravyajanaputrikā	yantravyajanaputrikā	grade	22155	306-1	SCH-grade-12427_cases.xml	0
yantrastri	yantrastri	yantrastri	yantrastri	grade	22156	306-1	SCH-grade-12427_cases.xml	0
yamadolA	yamadola1	yamadolā	yamadolā	grade	22165	306-1	SCH-grade-12427_cases.xml	0
yamalakapattra	yamalakapattra	yamalakapattra	yamalakapattra	grade	22168	306-1	SCH-grade-12427_cases.xml	0
yamalakartarI	yamalakartari1	yamalakartarī	yamalakartarī	grade	22169	306-2	SCH-grade-12427_cases.xml	0
yamalatA	yamalata1	yamalatā	yamalatā	grade	22170	306-2	SCH-grade-12427_cases.xml	0
yamalapatra	yamalapatra	yamalapatra	yamalapatra	grade	22172	306-2	SCH-grade-12427_cases.xml	0
yamalaSaNKa	yamalas4an3kha	yamalaśaṅkha	yamalaśankha	grade	22173	306-2	SCH-grade-12427_cases.xml	0
yamunapura	Yamunapura	yamunapura	yamunapura	grade	22178	306-2	SCH-grade-12427_cases.xml	0
yaSaHpawaha	yas4ah2pat2aha	yaśaḥpaṭaha	yaśaḥpaṭaha	grade	22185	306-2	SCH-grade-12427_cases.xml	0
yaSoDvaja	Yas4odhvaja	yaśodhvaja	yaśodhvaja	grade	22186	306-2	SCH-grade-12427_cases.xml	0
yaSobanDu	Yas4obandhu	yaśobandhu	yaśobandhu	grade	22187	306-2	SCH-grade-12427_cases.xml	0
yaSobanDura	Yas4obandhura	yaśobandhura	yaśobandhura	grade	22188	306-2	SCH-grade-12427_cases.xml	0
yaSomati	Yas4omati	yaśomati	yaśomati	grade	22189	306-2	SCH-grade-12427_cases.xml	0
yaSorGa	Yas4orgha	yaśorgha	yaśorgha	grade	22190	306-2	SCH-grade-12427_cases.xml	0
yazwIrada	yas2t2i1rada	yaṣṭīrada	yaṣṭīrada	grade	22192	306-2	SCH-grade-12427_cases.xml	0
yazwyupavAhya	yas2t2yupava1hya	yaṣṭyupavāhya	yaṣṭyupavāhya	grade	22193	306-2	SCH-grade-12427_cases.xml	0
yAganAga	ya1gana1ga	yāganāga	yāganāga	grade	22196	306-3	SCH-grade-12427_cases.xml	0
yAgahastin	ya1gahastin	yāgahastin	yāgahastin	grade	22198	306-3	SCH-grade-12427_cases.xml	0
yAgAvani	ya1ga1vani	yāgāvani	yāgāvani	grade	22199	306-3	SCH-grade-12427_cases.xml	0
yAgeSvara	ya1ges4vara	yāgeśvara	yāgeśvara	grade	22200	306-3	SCH-grade-12427_cases.xml	0
yAcakatvavant	ya1cakatvavant	yācakatvavant	yācakatvavant	grade	22202	306-3	SCH-grade-12427_cases.xml	0
yAjYavalkyavAdDali	Ya1jn5valkyava1ddhali	yājñavalkyavāddhali	yājnavalkyavāddhali	grade	22205	306-3	SCH-grade-12427_cases.xml	0
yAtrAvetana	ya1tra1vetana	yātrāvetana	yātrāvetana	grade	22208	306-3	SCH-grade-12427_cases.xml	0
yAnaBAgaka	ya1nabha1gaka	yānabhāgaka	yānabhāgaka	grade	22213	306-3	SCH-grade-12427_cases.xml	0
yAmagajatA	ya1magajata1	yāmagajatā	yāmagajatā	grade	22221	307-1	SCH-grade-12427_cases.xml	0
yAmapawahatva	ya1mapat2ahatva	yāmapaṭahatva	yāmapaṭahatva	grade	22222	307-1	SCH-grade-12427_cases.xml	0
yAmikatva	ya1mikatva	yāmikatva	yāmikatva	grade	22226	307-1	SCH-grade-12427_cases.xml	0
yAmitakena	ya1mitakena	yāmitakena	yāmitakena	grade	22227	307-1	SCH-grade-12427_cases.xml	0
yAmunIya	ya1muni1ya	yāmunīya	yāmunīya	grade	22232	307-1	SCH-grade-12427_cases.xml	0
yAvakIya	ya1vaki1ya	yāvakīya	yāvakīya	grade	22233	307-1	SCH-grade-12427_cases.xml	0
yAvatkAlika	ya1vatka1lika	yāvatkālika	yāvatkālika	grade	22234	307-1	SCH-grade-12427_cases.xml	0
yAvadarAti	ya1vadara1ti	yāvadarāti	yāvadarāti	grade	22238	307-1	SCH-grade-12427_cases.xml	0
yASoDarIya	Ya1s4odhari1ya	yāśodharīya	yāśodharīya	grade	22242	307-1	SCH-grade-12427_cases.xml	0
yugalikA	yugalika1	yugalikā	yugalikā	grade	22251	307-2	SCH-grade-12427_cases.xml	0
yugalI	yugali1	yugalī	yugalī	grade	22252	307-2	SCH-grade-12427_cases.xml	0
yugavAhana	yugava1hana	yugavāhana	yugavāhana	grade	22253	307-2	SCH-grade-12427_cases.xml	0
yugaviNgana	yugavin3gana	yugaviṅgana	yugavingana	grade	22254	307-2	SCH-grade-12427_cases.xml	0
yugA	yuga1	yugā	yugā	grade	22255	307-2	SCH-grade-12427_cases.xml	0
yugekzaRa	yugeks2an2a	yugekṣaṇa	yugekṣana	grade	22257	307-2	SCH-grade-12427_cases.xml	0
yugmapada	yugmapada	yugmapada	yugmapada	grade	22259	307-2	SCH-grade-12427_cases.xml	0
yujjit	yujjit	yujjit	yujjit	grade	22261	307-2	SCH-grade-12427_cases.xml	0
yudda	yudda	yudda	yudda	grade	22262	307-2	SCH-grade-12427_cases.xml	0
yudDaBAj	yuddhabha1j	yuddhabhāj	yuddhabhāj	grade	22264	307-3	SCH-grade-12427_cases.xml	0
yuyutsutA	yuyutsuta1	yuyutsutā	yuyutsutā	grade	22270	307-3	SCH-grade-12427_cases.xml	0
yuvatikulaguru	yuvatikulaguru	yuvatikulaguru	yuvatikulaguru	grade	22272	307-3	SCH-grade-12427_cases.xml	0
yUkAmaDya	yu1ka1madhya	yūkāmadhya	yūkāmadhya	grade	22276	307-3	SCH-grade-12427_cases.xml	0
yUkAvihAra	Yu1ka1viha1ra	yūkāvihāra	yūkāvihāra	grade	22277	307-3	SCH-grade-12427_cases.xml	0
yUTakarma	yu1thakarma	yūthakarma	yūthakarma	grade	22278	307-3	SCH-grade-12427_cases.xml	0
yUh	yu1h	yūh	yūh	grade	22280	307-3	SCH-grade-12427_cases.xml	0
yogaDara	yogadhara	yogadhara	yogadhara	grade	22283	307-3	SCH-grade-12427_cases.xml	0
yogaDUma	yogadhu1ma	yogadhūma	yogadhūma	grade	22284	307-3	SCH-grade-12427_cases.xml	0
yogapawa	yogapat2a	yogapaṭa	yogapaṭa	grade	22285	308-1	SCH-grade-12427_cases.xml	0
yogapAna	yogapa1na	yogapāna	yogapāna	grade	22287	308-1	SCH-grade-12427_cases.xml	0
yogapuruza	yogapurus2a	yogapuruṣa	yogapuruṣa	grade	22288	308-1	SCH-grade-12427_cases.xml	0
yogavaracakzus	yogavaracaks2us	yogavaracakṣus	yogavaracakṣus	grade	22290	308-1	SCH-grade-12427_cases.xml	0
yogasurA	yogasura1	yogasurā	yogasurā	grade	22291	308-1	SCH-grade-12427_cases.xml	0
yogAnuviDAyin	yoga1nuvidha1yin	yogānuvidhāyin	yogānuvidhāyin	grade	22295	308-2	SCH-grade-12427_cases.xml	0
yogimarkawa	yogimarkat2a	yogimarkaṭa	yogimarkaṭa	grade	22297	308-2	SCH-grade-12427_cases.xml	0
yojanI	yojani1	yojanī	yojanī	grade	22299	308-2	SCH-grade-12427_cases.xml	0
yoma	yoma	yoma	yoma	grade	22303	308-3	SCH-grade-12427_cases.xml	0
yozitkulaguru	yos2itkulaguru	yoṣitkulaguru	yoṣitkulaguru	grade	22304	308-3	SCH-grade-12427_cases.xml	0
yOtavadaRqa	yautavadan2d2a	yautavadaṇḍa	yautavadanḍa	grade	22306	308-3	SCH-grade-12427_cases.xml	0
raMrama	ram2rama	raṃrama	ranrama	grade	22310	308-3	SCH-grade-12427_cases.xml	0
raktapIta	raktapi1ta	raktapīta	raktapīta	grade	22316	308-3	SCH-grade-12427_cases.xml	0
raktapItaka	raktapi1taka	raktapītaka	raktapītaka	grade	22317	308-3	SCH-grade-12427_cases.xml	0
raktamaRi	raktaman2i	raktamaṇi	raktamani	grade	22319	308-3	SCH-grade-12427_cases.xml	0
raktamaRiparvata	raktaman2iparvata	raktamaṇiparvata	raktamaniparvata	grade	22320	308-3	SCH-grade-12427_cases.xml	0
raktasruti	raktasruti	raktasruti	raktasruti	grade	22322	308-2	SCH-grade-12427_cases.xml	0
raktAkfzwi	rakta1kr2s2t2i	raktākṛṣṭi	raktākṛṣṭi	grade	22323	308-2	SCH-grade-12427_cases.xml	0
rakzastaru	raks2astaru	rakṣastaru	rakṣastaru	grade	22330	308-2	SCH-grade-12427_cases.xml	0
raNkA	ran3ka1	raṅkā	rankā	grade	22340	308-3	SCH-grade-12427_cases.xml	0
raNgavali	ran3gavali	raṅgavali	rangavali	grade	22345	308-3	SCH-grade-12427_cases.xml	0
raNgavalli	ran3gavalli	raṅgavalli	rangavalli	grade	22346	308-3	SCH-grade-12427_cases.xml	0
raNgasTalI	ran3gasthali1	raṅgasthalī	rangasthalī	grade	22348	308-3	SCH-grade-12427_cases.xml	0
raNgAjIvaka	ran3ga1ji1vaka	raṅgājīvaka	rangājīvaka	grade	22350	309-1	SCH-grade-12427_cases.xml	0
raNgI	ran3gi1	raṅgī	rangī	grade	22353	309-1	SCH-grade-12427_cases.xml	0
racCaka	racchaka	racchaka	racchaka	grade	22355	309-1	SCH-grade-12427_cases.xml	0
rajanijala	rajanijala	rajanijala	rajanijala	grade	22359	309-1	SCH-grade-12427_cases.xml	0
rajaninATa	rajanina1tha	rajaninātha	rajaninātha	grade	22360	309-1	SCH-grade-12427_cases.xml	0
rajanipati	rajanipati	rajanipati	rajanipati	grade	22361	309-1	SCH-grade-12427_cases.xml	0
rajanipayas	rajanipayas	rajanipayas	rajanipayas	grade	22362	309-1	SCH-grade-12427_cases.xml	0
rajaniBartar	rajanibhartar	rajanibhartar	rajanibhartar	grade	22363	309-1	SCH-grade-12427_cases.xml	0
rajaniBujaMga	rajanibhujam2ga	rajanibhujaṃga	rajanibhujanga	grade	22364	309-1	SCH-grade-12427_cases.xml	0
rajanimuKa	rajanimukha	rajanimukha	rajanimukha	grade	22365	309-1	SCH-grade-12427_cases.xml	0
rajanirasa	rajanirasa	rajanirasa	rajanirasa	grade	22366	309-1	SCH-grade-12427_cases.xml	0
rajanivadana	rajanivadana	rajanivadana	rajanivadana	grade	22367	309-1	SCH-grade-12427_cases.xml	0
rajanivallaBa	rajanivallabha	rajanivallabha	rajanivallabha	grade	22368	309-1	SCH-grade-12427_cases.xml	0
rajanIkAmuka	rajani1ka1muka	rajanīkāmuka	rajanīkāmuka	grade	22370	309-1	SCH-grade-12427_cases.xml	0
rajanIparivfQa	rajani1parivr2d2ha	rajanīparivṛḍha	rajanīparivṛḍha	grade	22372	309-1	SCH-grade-12427_cases.xml	0
rajanIvilAsin	rajani1vila1sin	rajanīvilāsin	rajanīvilāsin	grade	22374	309-1	SCH-grade-12427_cases.xml	0
rajjavati	rajjav(ati)	rajjavati	rajjavati	grade	22378	309-2	SCH-grade-12427_cases.xml	0
rajjumAna	rajjuma1na	rajjumāna	rajjumāna	grade	22381	309-2	SCH-grade-12427_cases.xml	0
rajjuvartaka	rajjuvartaka	rajjuvartaka	rajjuvartaka	grade	22382	309-2	SCH-grade-12427_cases.xml	0
rajjUvartaka	rajju1vartaka	rajjūvartaka	rajjūvartaka	grade	22385	309-2	SCH-grade-12427_cases.xml	0
rawi	rat2i	raṭi	raṭi	grade	22387	309-2	SCH-grade-12427_cases.xml	0
raRakftin	ran2akr2tin	raṇakṛtin	ranakṛtin	grade	22389	309-2	SCH-grade-12427_cases.xml	0
raRadakza	ran2adaks2a	raṇadakṣa	ranadakṣa	grade	22392	309-2	SCH-grade-12427_cases.xml	0
raRaDaraRI	ran2adharan2i1	raṇadharaṇī	ranadharanī	grade	22394	309-2	SCH-grade-12427_cases.xml	0
raRanarman	ran2anarman	raṇanarman	rananarman	grade	22395	309-2	SCH-grade-12427_cases.xml	0
raRaraRika	ran2aran2ika	raṇaraṇika	ranaranika	grade	22398	309-2	SCH-grade-12427_cases.xml	0
raRavIra	ran2avi1ra	raṇavīra	ranavīra	grade	22400	309-2	SCH-grade-12427_cases.xml	0
raRAtkaraRa	ran2a1tkaran2a	raṇātkaraṇa	ranātkarana	grade	22402	309-2	SCH-grade-12427_cases.xml	0
raRiti	ran2iti	raṇiti	raniti	grade	22403	309-2	SCH-grade-12427_cases.xml	0
raRqAtva	ran2d2a1tva	raṇḍātva	ranḍātva	grade	22404	309-2	SCH-grade-12427_cases.xml	0
ratakzamA	rataks2ama1	ratakṣamā	ratakṣamā	grade	22405	309-2	SCH-grade-12427_cases.xml	0
ratajala	ratajala	ratajala	ratajala	grade	22408	309-3	SCH-grade-12427_cases.xml	0
ratadrAva	ratadra1va	ratadrāva	ratadrāva	grade	22409	309-3	SCH-grade-12427_cases.xml	0
ratanIra	ratani1ra	ratanīra	ratanīra	grade	22410	309-3	SCH-grade-12427_cases.xml	0
ratasalila	ratasalila	ratasalila	ratasalila	grade	22411	309-3	SCH-grade-12427_cases.xml	0
ratAkzamA	rata1ks2ama1	ratākṣamā	ratākṣamā	grade	22412	309-3	SCH-grade-12427_cases.xml	0
ratAmbu	rata1mbu	ratāmbu	ratāmbu	grade	22413	309-3	SCH-grade-12427_cases.xml	0
ratikamitar	Ratikamitar	ratikamitar	ratikamitar	grade	22414	309-3	SCH-grade-12427_cases.xml	0
ratikAnta	Ratika1nta	ratikānta	ratikānta	grade	22415	309-3	SCH-grade-12427_cases.xml	0
ratikEtavya	ratikaitavya	ratikaitavya	ratikaitavya	grade	22416	309-3	SCH-grade-12427_cases.xml	0
raticaturavikira	raticaturavikira	raticaturavikira	raticaturavikira	grade	22417	309-3	SCH-grade-12427_cases.xml	0
ratidUtikA	ratidu1tika1	ratidūtikā	ratidūtikā	grade	22418	309-3	SCH-grade-12427_cases.xml	0
ratinATa	Ratina1tha	ratinātha	ratinātha	grade	22419	309-3	SCH-grade-12427_cases.xml	0
ratinilaya	ratinilaya	ratinilaya	ratinilaya	grade	22420	309-3	SCH-grade-12427_cases.xml	0
ratipariRetar	Ratiparin2etar	ratipariṇetar	ratiparinetar	grade	22421	309-3	SCH-grade-12427_cases.xml	0
ratiBartar	Ratibhartar	ratibhartar	ratibhartar	grade	22425	309-3	SCH-grade-12427_cases.xml	0
ratimalla	ratimalla	ratimalla	ratimalla	grade	22426	309-3	SCH-grade-12427_cases.xml	0
ratimallatA	ratimallata1	ratimallatā	ratimallatā	grade	22427	309-3	SCH-grade-12427_cases.xml	0
rativAsa	rativa1sa	rativāsa	rativāsa	grade	22431	309-3	SCH-grade-12427_cases.xml	0
rativeSman	ratives4man	rativeśman	rativeśman	grade	22432	309-3	SCH-grade-12427_cases.xml	0
rativyatyaya	rativyatyaya	rativyatyaya	rativyatyaya	grade	22433	309-3	SCH-grade-12427_cases.xml	0
ratisalila	ratisalila	ratisalila	ratisalila	grade	22434	309-3	SCH-grade-12427_cases.xml	0
ratISitar	Rati1s4itar	ratīśitar	ratīśitar	grade	22435	309-3	SCH-grade-12427_cases.xml	0
ratnakambu	ratnakambu	ratnakambu	ratnakambu	grade	22436	309-3	SCH-grade-12427_cases.xml	0
ratnagupta	Ratnagupta	ratnagupta	ratnagupta	grade	22438	310-1	SCH-grade-12427_cases.xml	0
ratnacCAya	ratnaccha1ya	ratnacchāya	ratnacchāya	grade	22440	310-1	SCH-grade-12427_cases.xml	0
ratnaDi	ratnadhi	ratnadhi	ratnadhi	grade	22441	310-1	SCH-grade-12427_cases.xml	0
ratnaparIkzakatA	ratnapari1ks2akata1	ratnaparīkṣakatā	ratnaparīkṣakatā	grade	22442	310-1	SCH-grade-12427_cases.xml	0
ratnapradIpikA	ratnapradi1pika1	ratnapradīpikā	ratnapradīpikā	grade	22444	310-1	SCH-grade-12427_cases.xml	0
ratnavallI	ratnavalli1	ratnavallī	ratnavallī	grade	22449	310-1	SCH-grade-12427_cases.xml	0
ratnaSiKaRqa	Ratnas4ikhan2d2a	ratnaśikhaṇḍa	ratnaśikhanḍa	grade	22450	310-1	SCH-grade-12427_cases.xml	0
ratnaSiKaRqin	Ratnas4ikhan2d2in	ratnaśikhaṇḍin	ratnaśikhanḍin	grade	22451	310-1	SCH-grade-12427_cases.xml	0
ratnApIqa	Ratna1pi1d2a	ratnāpīḍa	ratnāpīḍa	grade	22457	310-1	SCH-grade-12427_cases.xml	0
ratyambu	ratyambu	ratyambu	ratyambu	grade	22459	310-1	SCH-grade-12427_cases.xml	0
raTacaraRapARi	rathacaran2apa1n2i	rathacaraṇapāṇi	rathacaranapāni	grade	22462	310-1	SCH-grade-12427_cases.xml	0
raTacaraRAhvaya	rathacaran2a1hvaya	rathacaraṇāhvaya	rathacaranāhvaya	grade	22463	310-1	SCH-grade-12427_cases.xml	0
raTyApuruza	rathya1purus2a	rathyāpuruṣa	rathyāpuruṣa	grade	22477	310-2	SCH-grade-12427_cases.xml	0
radaja	radaja	radaja	radaja	grade	22478	310-2	SCH-grade-12427_cases.xml	0
radanayudDa	radanayuddha	radanayuddha	radanayuddha	grade	22479	310-2	SCH-grade-12427_cases.xml	0
radavAsas	radava1sas	radavāsas	radavāsas	grade	22481	310-2	SCH-grade-12427_cases.xml	0
radi	radi	radi	radi	grade	22482	310-2	SCH-grade-12427_cases.xml	0
ranDanI	randhani1	randhanī	randhanī	grade	22491	310-2	SCH-grade-12427_cases.xml	0
ranDrAyate	randhra1y(ate)	randhrāyate	randhrāyate	grade	22492	310-2	SCH-grade-12427_cases.xml	0
ramaRarata	raman2arata	ramaṇarata	ramanarata	grade	22500	310-3	SCH-grade-12427_cases.xml	0
ramaRasTala	raman2asthala	ramaṇasthala	ramanasthala	grade	22501	310-3	SCH-grade-12427_cases.xml	0
ramAvara	Rama1vara	ramāvara	ramāvara	grade	22504	310-3	SCH-grade-12427_cases.xml	0
ramBApriya	rambha1priya	rambhāpriya	rambhāpriya	grade	22506	310-3	SCH-grade-12427_cases.xml	0
ramyetara	ramyetara	ramyetara	ramyetara	grade	22508	310-3	SCH-grade-12427_cases.xml	0
rayiDAraRa	rayidha1ran2a	rayidhāraṇa	rayidhārana	grade	22509	310-3	SCH-grade-12427_cases.xml	0
ralI	rali1	ralī	ralī	grade	22511	310-3	SCH-grade-12427_cases.xml	0
ralla	ralla	ralla	ralla	grade	22512	310-3	SCH-grade-12427_cases.xml	0
rallikA	rallika1	rallikā	rallikā	grade	22513	310-3	SCH-grade-12427_cases.xml	0
ravibanDu	ravibandhu	ravibandhu	ravibandhu	grade	22518	310-3	SCH-grade-12427_cases.xml	0
raviripu	raviripu	raviripu	raviripu	grade	22520	310-3	SCH-grade-12427_cases.xml	0
raSitASin	ras4ita1s4in	raśitāśin	raśitāśin	grade	22524	311-1	SCH-grade-12427_cases.xml	0
rasakaraRa	rasakaran2a	rasakaraṇa	rasakarana	grade	22526	311-1	SCH-grade-12427_cases.xml	0
rasakAyika	rasaka1yika	rasakāyika	rasakāyika	grade	22527	311-1	SCH-grade-12427_cases.xml	0
rasaparivfQa	rasaparivr2d2ha	rasaparivṛḍha	rasaparivṛḍha	grade	22530	311-1	SCH-grade-12427_cases.xml	0
rasapAka	rasapa1ka	rasapāka	rasapāka	grade	22531	311-1	SCH-grade-12427_cases.xml	0
rasapArTiva	rasapa1rthiva	rasapārthiva	rasapārthiva	grade	22532	311-1	SCH-grade-12427_cases.xml	0
rasavatIpAka	rasavati1pa1ka	rasavatīpāka	rasavatīpāka	grade	22537	311-1	SCH-grade-12427_cases.xml	0
rasavAhinI	rasava1hini1	rasavāhinī	rasavāhinī	grade	22539	311-1	SCH-grade-12427_cases.xml	0
rasAyanasidDi	Rasa1yanasiddhi	rasāyanasiddhi	rasāyanasiddhi	grade	22543	311-1	SCH-grade-12427_cases.xml	0
rasAyamAna	rasa1yama1na	rasāyamāna	rasāyamāna	grade	22545	311-1	SCH-grade-12427_cases.xml	0
rasAyus	rasa1yus	rasāyus	rasāyus	grade	22546	311-1	SCH-grade-12427_cases.xml	0
rasAlikA	rasa1lika1	rasālikā	rasālikā	grade	22549	311-2	SCH-grade-12427_cases.xml	0
rasottara	rasottara	rasottara	rasottara	grade	22551	311-2	SCH-grade-12427_cases.xml	0
rahaHprANgaRa	rahah2pra1n3gan2a	rahaḥprāṅgaṇa	rahaḥprāngana	grade	22553	311-2	SCH-grade-12427_cases.xml	0
rahitatA	rahitata1	rahitatā	rahitatā	grade	22556	311-2	SCH-grade-12427_cases.xml	0
rahovftta	rahovr2tta	rahovṛtta	rahovṛtta	grade	22558	311-2	SCH-grade-12427_cases.xml	0
rAkAkalAniDi	ra1ka1kala1nidhi	rākākalānidhi	rākākalānidhi	grade	22562	311-2	SCH-grade-12427_cases.xml	0
rAkzasavfkza	ra1ks2asavr2ks2a	rākṣasavṛkṣa	rākṣasavṛkṣa	grade	22563	311-2	SCH-grade-12427_cases.xml	0
rAgatA	ra1gata1	rāgatā	rāgatā	grade	22565	311-2	SCH-grade-12427_cases.xml	0
rAgadIpana	ra1gadi1pana	rāgadīpana	rāgadīpana	grade	22566	311-2	SCH-grade-12427_cases.xml	0
rAgadrava	ra1gadrava	rāgadrava	rāgadrava	grade	22567	311-2	SCH-grade-12427_cases.xml	0
rAgaDft	ra1gadhr2t	rāgadhṛt	rāgadhṛt	grade	22568	311-3	SCH-grade-12427_cases.xml	0
rAgarAja	ra1gara1ja	rāgarāja	rāgarāja	grade	22569	311-3	SCH-grade-12427_cases.xml	0
rAgahfdayatA	ra1gahr2dayata1	rāgahṛdayatā	rāgahṛdayatā	grade	22570	311-3	SCH-grade-12427_cases.xml	0
rAgIkfta	ra1gi1kr2ta	rāgīkṛta	rāgīkṛta	grade	22572	311-3	SCH-grade-12427_cases.xml	0
rAjaqoqikA	ra1jad2od2ika1	rājaḍoḍikā	rājaḍoḍikā	grade	22575	311-3	SCH-grade-12427_cases.xml	0
rAjadvizwa	ra1jadvis2t2a	rājadviṣṭa	rājadviṣṭa	grade	22576	311-3	SCH-grade-12427_cases.xml	0
rAjaDarmya	ra1jadharmya	rājadharmya	rājadharmya	grade	22577	311-3	SCH-grade-12427_cases.xml	0
rAjanakzatra	ra1janaks2atra	rājanakṣatra	rājanakṣatra	grade	22579	311-3	SCH-grade-12427_cases.xml	0
rAjapaTIkf	ra1japathi1kr2	rājapathīkṛ	rājapathīkṛ	grade	22582	311-3	SCH-grade-12427_cases.xml	0
rAjayate	ra1jay(ate)	rājayate	rājayate	grade	22587	311-3	SCH-grade-12427_cases.xml	0
rAjarAdDAnta	ra1jara1ddha1nta	rājarāddhānta	rājarāddhānta	grade	22589	311-3	SCH-grade-12427_cases.xml	0
rAjaroga	ra1jaroga	rājaroga	rājaroga	grade	22590	311-3	SCH-grade-12427_cases.xml	0
rAjavarza	ra1javars2a	rājavarṣa	rājavarṣa	grade	22592	311-3	SCH-grade-12427_cases.xml	0
rAjavIjitA	ra1javi1jita1	rājavījitā	rājavījitā	grade	22593	311-3	SCH-grade-12427_cases.xml	0
rAjavfkzatA	ra1javr2ks2ata1	rājavṛkṣatā	rājavṛkṣatā	grade	22594	311-3	SCH-grade-12427_cases.xml	0
rAjaSrezWin	ra1jas4res2t2hin	rājaśreṣṭhin	rājaśreṣṭhin	grade	22595	312-1	SCH-grade-12427_cases.xml	0
rAjIvant	ra1ji1vant	rājīvant	rājīvant	grade	22608	312-1	SCH-grade-12427_cases.xml	0
rAjyacintAkArin	ra1jyacinta1ka1rin	rājyacintākārin	rājyacintākārin	grade	22609	312-1	SCH-grade-12427_cases.xml	0
rAtricarita	ra1tricarita	rātricarita	rātricarita	grade	22616	312-1	SCH-grade-12427_cases.xml	0
rAtridruh	ra1tridruh	rātridruh	rātridruh	grade	22618	312-1	SCH-grade-12427_cases.xml	0
rAtripati	ra1tripati	rātripati	rātripati	grade	22620	312-1	SCH-grade-12427_cases.xml	0
rAtriprAReSvara	ra1tripra1n2es4vara	rātriprāṇeśvara	rātriprāneśvara	grade	22621	312-1	SCH-grade-12427_cases.xml	0
rAtriBojin	ra1tribhojin	rātribhojin	rātribhojin	grade	22622	312-1	SCH-grade-12427_cases.xml	0
rAtrirAja	ra1trira1ja	rātrirāja	rātrirāja	grade	22624	312-2	SCH-grade-12427_cases.xml	0
rAtrivallaBa	ra1trivallabha	rātrivallabha	rātrivallabha	grade	22625	312-2	SCH-grade-12427_cases.xml	0
rADAvara	Ra1dha1vara	rādhāvara	rādhāvara	grade	22631	312-2	SCH-grade-12427_cases.xml	0
rADAveDa	ra1dha1vedha	rādhāvedha	rādhāvedha	grade	22632	312-2	SCH-grade-12427_cases.xml	0
rAmadattA	Ra1madatta1	rāmadattā	rāmadattā	grade	22639	312-2	SCH-grade-12427_cases.xml	0
rAmanAyaka	Ra1mana1yaka	rāmanāyaka	rāmanāyaka	grade	22640	312-2	SCH-grade-12427_cases.xml	0
rAmasAt	Ra1masa1t	rāmasāt	rāmasāt	grade	22642	312-2	SCH-grade-12427_cases.xml	0
rArAzwi	ra1ra1s2t2i	rārāṣṭi	rārāṣṭi	grade	22643	312-2	SCH-grade-12427_cases.xml	0
rArAsa	ra1ra1sa	rārāsa	rārāsa	grade	22644	312-2	SCH-grade-12427_cases.xml	0
rAvaqI	ra1vad2i1	rāvaḍī	rāvaḍī	grade	22647	312-3	SCH-grade-12427_cases.xml	0
rAvaRaSAka	Ra1van2as4a1ka	rāvaṇaśāka	rāvanaśāka	grade	22648	312-3	SCH-grade-12427_cases.xml	0
rAvali	ra1vali	rāvali	rāvali	grade	22649	312-3	SCH-grade-12427_cases.xml	0
rAvutta	ra1vutta	rāvutta	rāvutta	grade	22650	312-3	SCH-grade-12427_cases.xml	0
rASvAnadeSa	Ra1s4va1nades4a	rāśvānadeśa	rāśvānadeśa	grade	22652	312-3	SCH-grade-12427_cases.xml	0
rAsakamaRqala	ra1sakaman2d2ala	rāsakamaṇḍala	rāsakamanḍala	grade	22656	312-3	SCH-grade-12427_cases.xml	0
rAsaBIya	ra1sabhi1ya	rāsabhīya	rāsabhīya	grade	22658	312-3	SCH-grade-12427_cases.xml	0
rAsalAsya	ra1sala1sya	rāsalāsya	rāsalāsya	grade	22659	312-3	SCH-grade-12427_cases.xml	0
riNgiRI	rin3gin2i1	riṅgiṇī	ringinī	grade	22666	312-3	SCH-grade-12427_cases.xml	0
riYColikA	rin5cholika1	riñcholikā	rincholikā	grade	22668	312-3	SCH-grade-12427_cases.xml	0
ripumant	ripumant	ripumant	ripumant	grade	22674	313-1	SCH-grade-12427_cases.xml	0
ruMs	rum2s	ruṃs	runs	grade	22685	313-1	SCH-grade-12427_cases.xml	0
rucimant	rucimant	rucimant	rucimant	grade	22689	313-1	SCH-grade-12427_cases.xml	0
ruYjA	run5ja1	ruñjā	runjā	grade	22691	313-1	SCH-grade-12427_cases.xml	0
ruYjita	run5jita	ruñjita	runjita	grade	22692	313-1	SCH-grade-12427_cases.xml	0
rudrakalA	Rudrakala1	rudrakalā	rudrakalā	grade	22697	313-2	SCH-grade-12427_cases.xml	0
rudrAditya	Rudra1ditya	rudrāditya	rudrāditya	grade	22700	313-2	SCH-grade-12427_cases.xml	0
rurumAram	ruruma1ram	rurumāram	rurumāram	grade	22708	313-2	SCH-grade-12427_cases.xml	0
rUpada	ru1pada	rūpada	rūpada	grade	22717	313-3	SCH-grade-12427_cases.xml	0
rUpadarSaka	ru1padars4aka	rūpadarśaka	rūpadarśaka	grade	22718	313-3	SCH-grade-12427_cases.xml	0
rUpyaDAtu	ru1pyadha1tu	rūpyadhātu	rūpyadhātu	grade	22724	313-3	SCH-grade-12427_cases.xml	0
rUpyamAzaka	ru1pyama1s2aka	rūpyamāṣaka	rūpyamāṣaka	grade	22725	313-3	SCH-grade-12427_cases.xml	0
rUpyarUpa	ru1pyaru1pa	rūpyarūpa	rūpyarūpa	grade	22726	313-3	SCH-grade-12427_cases.xml	0
reKANkita	rekha1n3kita	rekhāṅkita	rekhānkita	grade	22729	313-3	SCH-grade-12427_cases.xml	0
reKAyita	rekha1yita	rekhāyita	rekhāyita	grade	22730	313-3	SCH-grade-12427_cases.xml	0
retaHpravAha	retah2prava1ha	retaḥpravāha	retaḥpravāha	grade	22734	314-1	SCH-grade-12427_cases.xml	0
retaScyuti	retas4cyuti	retaścyuti	retaścyuti	grade	22735	314-1	SCH-grade-12427_cases.xml	0
revatIpati	Revati1pati	revatīpati	revatīpati	grade	22742	314-1	SCH-grade-12427_cases.xml	0
reSin	res4in	reśin	reśin	grade	22743	314-1	SCH-grade-12427_cases.xml	0
romanTay	romanthay	romanthay	romanthay	grade	22753	314-2	SCH-grade-12427_cases.xml	0
rorujA	roruja1	rorujā	rorujā	grade	22759	314-2	SCH-grade-12427_cases.xml	0
roruha	roruha	roruha	roruha	grade	22760	314-2	SCH-grade-12427_cases.xml	0
rozARita	ros2a1n2ita	roṣāṇita	roṣānita	grade	22764	314-3	SCH-grade-12427_cases.xml	0
rOdrIkfta	raudri1kr2ta	raudrīkṛta	raudrīkṛta	grade	22774	314-3	SCH-grade-12427_cases.xml	0
lakzaRADyakza	laks2an2a1dhyaks2a	lakṣaṇādhyakṣa	lakṣanādhyakṣa	grade	22780	314-3	SCH-grade-12427_cases.xml	0
lakzaRAvatI	Laks2an2a1vati1	lakṣaṇāvatī	lakṣanāvatī	grade	22781	314-3	SCH-grade-12427_cases.xml	0
lakzadIpa	laks2adi1pa	lakṣadīpa	lakṣadīpa	grade	22783	314-3	SCH-grade-12427_cases.xml	0
lakzaDA	laks2adha1	lakṣadhā	lakṣadhā	grade	22784	314-3	SCH-grade-12427_cases.xml	0
lakzaBawa	laks2abhat2a	lakṣabhaṭa	lakṣabhaṭa	grade	22785	314-3	SCH-grade-12427_cases.xml	0
lakzarAja	Laks2ara1ja	lakṣarāja	lakṣarāja	grade	22788	314-3	SCH-grade-12427_cases.xml	0
lakzIkfti	laks2i1kr2ti	lakṣīkṛti	lakṣīkṛti	grade	22789	314-2	SCH-grade-12427_cases.xml	0
lakzmIjAni	Laks2mi1ja1ni	lakṣmījāni	lakṣmījāni	grade	22795	314-2	SCH-grade-12427_cases.xml	0
lakzmIBartar	Laks2mi1bhartar	lakṣmībhartar	lakṣmībhartar	grade	22798	314-2	SCH-grade-12427_cases.xml	0
lakzmIBft	laks2mi1bhr2t	lakṣmībhṛt	lakṣmībhṛt	grade	22799	315-1	SCH-grade-12427_cases.xml	0
lakzmImati	Laks2mi1mati	lakṣmīmati	lakṣmīmati	grade	22800	315-1	SCH-grade-12427_cases.xml	0
lakzmImatI	Laks2mi1mati1	lakṣmīmatī	lakṣmīmatī	grade	22801	315-1	SCH-grade-12427_cases.xml	0
lakzmIvara	Laks2mi1vara	lakṣmīvara	lakṣmīvara	grade	22802	315-1	SCH-grade-12427_cases.xml	0
laGujanman	laghujanman	laghujanman	laghujanman	grade	22807	315-1	SCH-grade-12427_cases.xml	0
laGuputra	laghuputra	laghuputra	laghuputra	grade	22808	315-1	SCH-grade-12427_cases.xml	0
laGuBaginItva	laghubhagini1tva	laghubhaginītva	laghubhaginītva	grade	22809	315-1	SCH-grade-12427_cases.xml	0
laNkAsad	Lan3ka1sad	laṅkāsad	lankāsad	grade	22812	315-1	SCH-grade-12427_cases.xml	0
lajjAsTAna	lajja1stha1na	lajjāsthāna	lajjāsthāna	grade	22818	315-1	SCH-grade-12427_cases.xml	0
laYcAluYca	lan5ca1lun5ca	lañcāluñca	lancālunca	grade	22820	315-1	SCH-grade-12427_cases.xml	0
laYculuYcana	lan5culun5cana	lañculuñcana	lanculuncana	grade	22821	315-2	SCH-grade-12427_cases.xml	0
lawumpaka	lat2umpaka	laṭumpaka	laṭumpaka	grade	22826	315-2	SCH-grade-12427_cases.xml	0
laRWa	lan2t2hA	laṇṭha	lanṭha	grade	22832	315-2	SCH-grade-12427_cases.xml	0
lapitar	lapitar	lapitar	lapitar	grade	22845	315-3	SCH-grade-12427_cases.xml	0
lambajAla	lambaja1la	lambajāla	lambajāla	grade	22853	315-3	SCH-grade-12427_cases.xml	0
lambAluYcana	lamba1lun5cana	lambāluñcana	lambāluncana	grade	22858	315-3	SCH-grade-12427_cases.xml	0
lalAwI	lala1t2i1	lalāṭī	lalāṭī	grade	22866	316-1	SCH-grade-12427_cases.xml	0
lalitatA	lalitata1	lalitatā	lalitatā	grade	22868	316-1	SCH-grade-12427_cases.xml	0
lalitApati	Lalita1pati	lalitāpati	lalitāpati	grade	22869	316-1	SCH-grade-12427_cases.xml	0
lallaka	lallaka	lallaka	lallaka	grade	22871	316-1	SCH-grade-12427_cases.xml	0
lavaRamfqIcI	lavan2amr2d2i1ci1	lavaṇamṛḍīcī	lavanamṛḍīcī	grade	22874	316-1	SCH-grade-12427_cases.xml	0
lavaRavITikA	lavan2avi1thika1	lavaṇavīthikā	lavanavīthikā	grade	22875	316-1	SCH-grade-12427_cases.xml	0
lavaRasAhaprasAda	Lavan2asa1haprasa1da	lavaṇasāhaprasāda	lavanasāhaprasāda	grade	22876	316-1	SCH-grade-12427_cases.xml	0
lavaRahawa	lavan2ahat2a	lavaṇahaṭa	lavanahaṭa	grade	22877	316-1	SCH-grade-12427_cases.xml	0
laharikA	laharika1	laharikā	laharikā	grade	22885	316-1	SCH-grade-12427_cases.xml	0
laharita	laharita	laharita	laharita	grade	22886	316-1	SCH-grade-12427_cases.xml	0
lAKAka	La1kha1ka	lākhāka	lākhāka	grade	22888	316-1	SCH-grade-12427_cases.xml	0
lAGavakaraRa	la1ghavakaran2a	lāghavakaraṇa	lāghavakarana	grade	22889	316-1	SCH-grade-12427_cases.xml	0
lANgalagarala	La1n3galagarala	lāṅgalagarala	lāngalagarala	grade	22891	316-2	SCH-grade-12427_cases.xml	0
lANgUlika	la1n3gu1lika	lāṅgūlika	lāngūlika	grade	22894	316-2	SCH-grade-12427_cases.xml	0
lAjaka	la1jaka	lājaka	lājaka	grade	22896	316-2	SCH-grade-12427_cases.xml	0
lAntavana	La1ntavana	lāntavana	lāntavana	grade	22902	316-2	SCH-grade-12427_cases.xml	0
lAlAsUtra	la1la1su1tra	lālāsūtra	lālāsūtra	grade	22908	316-2	SCH-grade-12427_cases.xml	0
lAvaRasinDu	la1van2asindhu	lāvaṇasindhu	lāvanasindhu	grade	22911	316-2	SCH-grade-12427_cases.xml	0
lAzAka	La1s2a1ka	lāṣāka	lāṣāka	grade	22914	316-2	SCH-grade-12427_cases.xml	0
liNgaBeda	lin3gabheda	liṅgabheda	lingabheda	grade	22919	316-3	SCH-grade-12427_cases.xml	0
liNgopajIvin	lin3gopaji1vin	liṅgopajīvin	lingopajīvin	grade	22921	316-3	SCH-grade-12427_cases.xml	0
liYjikA	[°lin5jika1	liñjikā	linjikā	grade	22922	316-3	SCH-grade-12427_cases.xml	0
lipikAriRI	lipika1rin2i1	lipikāriṇī	lipikārinī	grade	22925	316-3	SCH-grade-12427_cases.xml	0
limpin	limpin	limpin	limpin	grade	22926	316-3	SCH-grade-12427_cases.xml	0
lilaNGizu	lilan3ghis2u	lilaṅghiṣu	lilanghiṣu	grade	22927	316-3	SCH-grade-12427_cases.xml	0
lihaRikA	lihan2ika1	lihaṇikā	lihanikā	grade	22929	316-3	SCH-grade-12427_cases.xml	0
lIlAmarAlIyate	li1la1mara1li1y(ate)	līlāmarālīyate	līlāmarālīyate	grade	22934	316-3	SCH-grade-12427_cases.xml	0
lIlAsadana	li1la1sadana	līlāsadana	līlāsadana	grade	22936	316-3	SCH-grade-12427_cases.xml	0
lIlAsana	li1la1sana	līlāsana	līlāsana	grade	22937	316-3	SCH-grade-12427_cases.xml	0
lIva	li1va	līva	līva	grade	22938	316-3	SCH-grade-12427_cases.xml	0
luNK	lun3kh	luṅkh	lunkh	grade	22939	317-1	SCH-grade-12427_cases.xml	0
luYCi	lun5chi	luñchi	lunchi	grade	22942	317-1	SCH-grade-12427_cases.xml	0
luRwana	lun2t2ana	luṇṭana	lunṭana	grade	22945	317-1	SCH-grade-12427_cases.xml	0
luRWin	lun2t2hin	luṇṭhin	lunṭhin	grade	22951	317-1	SCH-grade-12427_cases.xml	0
luptajIvita	luptaji1vita	luptajīvita	luptajīvita	grade	22954	317-1	SCH-grade-12427_cases.xml	0
luptavyavAya	luptavyava1ya	luptavyavāya	luptavyavāya	grade	22955	317-1	SCH-grade-12427_cases.xml	0
lumbi	lumbi	lumbi	lumbi	grade	22957	317-2	SCH-grade-12427_cases.xml	0
lulUzA	lulu1s2a1	lulūṣā	lulūṣā	grade	22962	317-2	SCH-grade-12427_cases.xml	0
lURapAla	Lu1n2apa1la	lūṇapāla	lūnapāla	grade	22964	317-2	SCH-grade-12427_cases.xml	0
lURiga	Lu1n2iga	lūṇiga	lūniga	grade	22965	317-2	SCH-grade-12427_cases.xml	0
lUtAkft	[°lu1ta1kr2t	lūtākṛt	lūtākṛt	grade	22966	317-2	SCH-grade-12427_cases.xml	0
lUtiroga	lu1tiroga	lūtiroga	lūtiroga	grade	22967	317-2	SCH-grade-12427_cases.xml	0
leKaSAlA	lekhas4a1la1	lekhaśālā	lekhaśālā	grade	22974	317-2	SCH-grade-12427_cases.xml	0
leKasamAnAyaka	lekhasama1na1yaka	lekhasamānāyaka	lekhasamānāyaka	grade	22975	317-2	SCH-grade-12427_cases.xml	0
leKAvaSezI	lekha1vas4es2i1	lekhāvaśeṣī	lekhāvaśeṣī	grade	22978	317-2	SCH-grade-12427_cases.xml	0
leKIkar	lekhi1kar	lekhīkar	lekhīkar	grade	22979	317-3	SCH-grade-12427_cases.xml	0
lepikAra	lepika1ra	lepikāra	lepikāra	grade	22981	317-3	SCH-grade-12427_cases.xml	0
lepIkar	lepi1kar	lepīkar	lepīkar	grade	22982	317-3	SCH-grade-12427_cases.xml	0
lEkuca	laikuca	laikuca	laikuca	grade	22986	317-3	SCH-grade-12427_cases.xml	0
lokaprakASa	lokapraka1s4a	lokaprakāśa	lokaprakāśa	grade	22993	317-3	SCH-grade-12427_cases.xml	0
lokavittva	lokavittva	lokavittva	lokavittva	grade	22995	317-3	SCH-grade-12427_cases.xml	0
lokAntarIBUta	loka1ntari1bhu1ta	lokāntarībhūta	lokāntarībhūta	grade	22999	318-1	SCH-grade-12427_cases.xml	0
lokAlokAcala	loka1loka1cala	lokālokācala	lokālokācala	grade	23001	318-1	SCH-grade-12427_cases.xml	0
locanaroman	locanaroman	locanaroman	locanaroman	grade	23003	318-1	SCH-grade-12427_cases.xml	0
locanavant	locanavant	locanavant	locanavant	grade	23004	318-1	SCH-grade-12427_cases.xml	0
loWanatA	lot2hanata1	loṭhanatā	loṭhanatā	grade	23006	318-1	SCH-grade-12427_cases.xml	0
loWanatva	lot2hanatva	loṭhanatva	loṭhanatva	grade	23007	318-1	SCH-grade-12427_cases.xml	0
loBizWatA	lobhis2t2hata1	lobhiṣṭhatā	lobhiṣṭhatā	grade	23011	318-1	SCH-grade-12427_cases.xml	0
lomaSa	lomas4a	lomaśa	lomaśa	grade	23012	318-1	SCH-grade-12427_cases.xml	0
lolAyate	lola1y(ate)	lolāyate	lolāyate	grade	23017	318-2	SCH-grade-12427_cases.xml	0
lolika	lolika	lolika	lolika	grade	23018	318-2	SCH-grade-12427_cases.xml	0
lolin	lolin	lolin	lolin	grade	23020	318-2	SCH-grade-12427_cases.xml	0
lolIBAva	loli1bha1va	lolībhāva	lolībhāva	grade	23021	318-2	SCH-grade-12427_cases.xml	0
lohakarmAnta	lohakarma1nta	lohakarmānta	lohakarmānta	grade	23025	318-2	SCH-grade-12427_cases.xml	0
lohakavaca	(loha)kavaca	lohakavaca	lohakavaca	grade	23026	318-2	SCH-grade-12427_cases.xml	0
lohakAntamaRi	lohaka1ntaman2i	lohakāntamaṇi	lohakāntamani	grade	23028	318-2	SCH-grade-12427_cases.xml	0
lohajAlikA	lohaja1lika1	lohajālikā	lohajālikā	grade	23031	318-2	SCH-grade-12427_cases.xml	0
lohapawwa	(loha)pat2t2a	lohapaṭṭa	lohapaṭṭa	grade	23033	318-3	SCH-grade-12427_cases.xml	0
lohitamaRi	lohitaman2i	lohitamaṇi	lohitamani	grade	23041	318-3	SCH-grade-12427_cases.xml	0
lohitahft	lohitahr2t	lohitahṛt	lohitahṛt	grade	23043	318-3	SCH-grade-12427_cases.xml	0
lohitIkar	lohiti1kar	lohitīkar	lohitīkar	grade	23047	318-3	SCH-grade-12427_cases.xml	0
lOkAntika	lauka1ntika	laukāntika	laukāntika	grade	23049	318-3	SCH-grade-12427_cases.xml	0
lOhitaka	lauhitaka	lauhitaka	lauhitaka	grade	23050	318-3	SCH-grade-12427_cases.xml	0
vaMSa	vam2s4a	vaṃśa	vanśa	grade	23053	318-3	SCH-grade-12427_cases.xml	0
vaMSaja	vam2s4aja	vaṃśaja	vanśaja	grade	23056	318-3	SCH-grade-12427_cases.xml	0
vaMSajalatA	vam2s4ajalata1	vaṃśajalatā	vanśajalatā	grade	23057	318-3	SCH-grade-12427_cases.xml	0
vaMSanAqI	vam2s4ana1d2i1	vaṃśanāḍī	vanśanāḍī	grade	23058	318-3	SCH-grade-12427_cases.xml	0
vaMSanAlikA	vam2s4ana1lika1	vaṃśanālikā	vanśanālikā	grade	23059	318-2	SCH-grade-12427_cases.xml	0
vaMSapaYjara	vam2s4apan5jara	vaṃśapañjara	vanśapanjara	grade	23060	318-2	SCH-grade-12427_cases.xml	0
vaMSarAga	vam2s4ara1ga	vaṃśarāga	vanśarāga	grade	23061	318-2	SCH-grade-12427_cases.xml	0
vaMSavIRA	vam2s4avi1n2a1	vaṃśavīṇā	vanśavīnā	grade	23062	318-2	SCH-grade-12427_cases.xml	0
vaMSavfkza	vam2s4avr2ks2a	vaṃśavṛkṣa	vanśavṛkṣa	grade	23063	318-2	SCH-grade-12427_cases.xml	0
vaktrakuharAyita	vaktrakuhara1yita	vaktrakuharāyita	vaktrakuharāyita	grade	23067	318-3	SCH-grade-12427_cases.xml	0
vaktratara	vaktratara	vaktratara	vaktratara	grade	23068	318-3	SCH-grade-12427_cases.xml	0
vaktrasaMyoga	vaktrasam2yoga	vaktrasaṃyoga	vaktrasanyoga	grade	23070	318-3	SCH-grade-12427_cases.xml	0
vakzojavaktra	vaks2ojavaktra	vakṣojavaktra	vakṣojavaktra	grade	23072	318-3	SCH-grade-12427_cases.xml	0
vaNgImaRqala	Van3gi1man2d2ala	vaṅgīmaṇḍala	vangīmanḍala	grade	23077	319-1	SCH-grade-12427_cases.xml	0
vacodevatA	vacodevata1	vacodevatā	vacodevatā	grade	23082	319-1	SCH-grade-12427_cases.xml	0
vacodevI	vacodevi1	vacodevī	vacodevī	grade	23083	319-1	SCH-grade-12427_cases.xml	0
vacohAsya	vacoha1sya	vacohāsya	vacohāsya	grade	23085	319-1	SCH-grade-12427_cases.xml	0
vajrakaRa	vajrakan2a	vajrakaṇa	vajrakana	grade	23087	319-1	SCH-grade-12427_cases.xml	0
vajrakumAra	Vajrakuma1ra	vajrakumāra	vajrakumāra	grade	23089	319-1	SCH-grade-12427_cases.xml	0
vajragulaka	vajragulaka	vajragulaka	vajragulaka	grade	23090	319-1	SCH-grade-12427_cases.xml	0
vajraDaraRa	vajradharan2a	vajradharaṇa	vajradharana	grade	23091	319-1	SCH-grade-12427_cases.xml	0
vajralakzaRa	vajralaks2an2a	vajralakṣaṇa	vajralakṣana	grade	23097	319-2	SCH-grade-12427_cases.xml	0
vajrasnuhI	vajrasnuhi1	vajrasnuhī	vajrasnuhī	grade	23100	319-2	SCH-grade-12427_cases.xml	0
vajrAnala	Vajra1nala	vajrānala	vajrānala	grade	23102	319-2	SCH-grade-12427_cases.xml	0
vajrAyuDagopa	vajra1yudhagopa	vajrāyudhagopa	vajrāyudhagopa	grade	23103	319-2	SCH-grade-12427_cases.xml	0
vajrodaka	vajrodaka	vajrodaka	vajrodaka	grade	23106	319-2	SCH-grade-12427_cases.xml	0
vawadala	vat2adala	vaṭadala	vaṭadala	grade	23111	319-2	SCH-grade-12427_cases.xml	0
vawaDAnikA	vat2adha1nika1	vaṭadhānikā	vaṭadhānikā	grade	23112	319-2	SCH-grade-12427_cases.xml	0
vawapadraka	Vat2apadraka	vaṭapadraka	vaṭapadraka	grade	23113	319-2	SCH-grade-12427_cases.xml	0
vaqasara	Vad2asara	vaḍasara	vaḍasara	grade	23118	319-3	SCH-grade-12427_cases.xml	0
vaQIyAra	Vad2hi1ya1ra	vaḍhīyāra	vaḍhīyāra	grade	23119	319-3	SCH-grade-12427_cases.xml	0
vaRikpati	van2ikpati	vaṇikpati	vanikpati	grade	23121	319-3	SCH-grade-12427_cases.xml	0
vaRigAkAra	van2iga1ka1ra	vaṇigākāra	vanigākāra	grade	23122	319-3	SCH-grade-12427_cases.xml	0
vaRigmAtra	van2igma1tra	vaṇigmātra	vanigmātra	grade	23123	319-3	SCH-grade-12427_cases.xml	0
vaRijAraka	van2ija1raka	vaṇijāraka	vanijāraka	grade	23125	319-3	SCH-grade-12427_cases.xml	0
vataMsIkfta	vatam2si1kr2ta	vataṃsīkṛta	vatansīkṛta	grade	23128	319-3	SCH-grade-12427_cases.xml	0
vattura	vattura	vattura	vattura	grade	23129	319-3	SCH-grade-12427_cases.xml	0
vatsarUpaka	vatsaru1paka	vatsarūpaka	vatsarūpaka	grade	23131	319-3	SCH-grade-12427_cases.xml	0
vadanaka	vadanaka	vadanaka	vadanaka	grade	23135	319-3	SCH-grade-12427_cases.xml	0
vadanayudDa	vadanayuddha	vadanayuddha	vadanayuddha	grade	23136	319-3	SCH-grade-12427_cases.xml	0
vadula	vadula	vadula	vadula	grade	23139	319-3	SCH-grade-12427_cases.xml	0
vaDaprApta	vadhapra1pta	vadhaprāpta	vadhaprāpta	grade	23142	320-1	SCH-grade-12427_cases.xml	0
vaDAvaDa	vadha1vadha	vadhāvadha	vadhāvadha	grade	23143	320-1	SCH-grade-12427_cases.xml	0
vaDUyate	vadhu1y(ate)	vadhūyate	vadhūyate	grade	23147	320-1	SCH-grade-12427_cases.xml	0
vanagfzwi	vanagr2s2t2i	vanagṛṣṭi	vanagṛṣṭi	grade	23153	320-1	SCH-grade-12427_cases.xml	0
vanajekzaRA	vanajeks2an2a1	vanajekṣaṇā	vanajekṣanā	grade	23158	320-1	SCH-grade-12427_cases.xml	0
vanaDunI	vanadhuni1	vanadhunī	vanadhunī	grade	23159	320-1	SCH-grade-12427_cases.xml	0
vanapriyA	vanapriya1	vanapriyā	vanapriyā	grade	23163	320-1	SCH-grade-12427_cases.xml	0
vanareKA	vanarekha1	vanarekhā	vanarekhā	grade	23166	320-1	SCH-grade-12427_cases.xml	0
vanaSvan	vanas4van	vanaśvan	vanaśvan	grade	23167	320-2	SCH-grade-12427_cases.xml	0
vanAyamAna	vana1yama1na	vanāyamāna	vanāyamāna	grade	23169	320-2	SCH-grade-12427_cases.xml	0
vanAvani	vana1vani	vanāvani	vanāvani	grade	23170	320-2	SCH-grade-12427_cases.xml	0
vanAvAsa	vana1va1sa	vanāvāsa	vanāvāsa	grade	23171	320-2	SCH-grade-12427_cases.xml	0
vaneja	vaneja	vaneja	vaneja	grade	23176	320-2	SCH-grade-12427_cases.xml	0
vandanasraj	vandanasraj	vandanasraj	vandanasraj	grade	23181	320-2	SCH-grade-12427_cases.xml	0
vandArutA	vanda1ruta1	vandārutā	vandārutā	grade	23182	320-2	SCH-grade-12427_cases.xml	0
vandyatva	vandyatva	vandyatva	vandyatva	grade	23183	320-2	SCH-grade-12427_cases.xml	0
vapIha	vapi1ha	vapīha	vapīha	grade	23189	320-2	SCH-grade-12427_cases.xml	0
vapuzwA	vapus2t2a1	vapuṣṭā	vapuṣṭā	grade	23190	320-2	SCH-grade-12427_cases.xml	0
vayajaladeva	Vayajaladeva	vayajaladeva	vayajaladeva	grade	23198	320-3	SCH-grade-12427_cases.xml	0
vayajalladeva	Vayajalladeva	vayajalladeva	vayajalladeva	grade	23199	320-3	SCH-grade-12427_cases.xml	0
varakAra	varaka1ra	varakāra	varakāra	grade	23207	320-3	SCH-grade-12427_cases.xml	0
varadAyin	varada1yin	varadāyin	varadāyin	grade	23216	321-1	SCH-grade-12427_cases.xml	0
varamanuzyatA	varamanus2yata1	varamanuṣyatā	varamanuṣyatā	grade	23217	321-1	SCH-grade-12427_cases.xml	0
varavaragamana	varavaragamana	varavaragamana	varavaragamana	grade	23220	321-1	SCH-grade-12427_cases.xml	0
varANgA	vara1n3ga1	varāṅgā	varāngā	grade	23225	321-1	SCH-grade-12427_cases.xml	0
varAhaGAta	vara1hagha1ta	varāhaghāta	varāhaghāta	grade	23230	321-1	SCH-grade-12427_cases.xml	0
varAhaGAtaka	vara1hagha1taka	varāhaghātaka	varāhaghātaka	grade	23231	321-1	SCH-grade-12427_cases.xml	0
varAhaGfzwaka	vara1haghr2s2t2aka	varāhaghṛṣṭaka	varāhaghṛṣṭaka	grade	23232	321-1	SCH-grade-12427_cases.xml	0
varAhacarvitaka	vara1hacarvitaka	varāhacarvitaka	varāhacarvitaka	grade	23233	321-1	SCH-grade-12427_cases.xml	0
varAhaBawwa	Vara1habhat2t2a	varāhabhaṭṭa	varāhabhaṭṭa	grade	23234	321-1	SCH-grade-12427_cases.xml	0
varAhavErin	vara1havairin	varāhavairin	varāhavairin	grade	23235	321-1	SCH-grade-12427_cases.xml	0
varkaraka	varkaraka	varkaraka	varkaraka	grade	23244	321-2	SCH-grade-12427_cases.xml	0
varkarikA	varkarika1	varkarikā	varkarikā	grade	23245	321-2	SCH-grade-12427_cases.xml	0
varcaHsadana	varcah2sadana	varcaḥsadana	varcaḥsadana	grade	23247	321-2	SCH-grade-12427_cases.xml	0
varcogfha	varcogr2ha	varcogṛha	varcogṛha	grade	23249	321-2	SCH-grade-12427_cases.xml	0
varRasaMkIrRatA	varn2asam2ki1rn2ata1	varṇasaṃkīrṇatā	varnasankīrnatā	grade	23258	321-2	SCH-grade-12427_cases.xml	0
varRottara	varn2ottara	varṇottara	varnottara	grade	23262	321-3	SCH-grade-12427_cases.xml	0
varRyate	varn2yate	varṇyate	varnyate	grade	23263	321-3	SCH-grade-12427_cases.xml	0
varDApanikA	vardha1panika1	vardhāpanikā	vardhāpanikā	grade	23274	321-3	SCH-grade-12427_cases.xml	0
varpawaka	varpat2aka	varpaṭaka	varpaṭaka	grade	23276	321-3	SCH-grade-12427_cases.xml	0
varyatA	varyata1	varyatā	varyatā	grade	23278	322-1	SCH-grade-12427_cases.xml	0
varzamAna	vars2ama1na	varṣamāna	varṣamāna	grade	23281	322-1	SCH-grade-12427_cases.xml	0
varzavarDa	vars2avardha	varṣavardha	varṣavardha	grade	23282	322-1	SCH-grade-12427_cases.xml	0
varzavAraRa	vars2ava1ran2a	varṣavāraṇa	varṣavārana	grade	23283	322-1	SCH-grade-12427_cases.xml	0
varzAsrAvin	vars2a1sra1vin	varṣāsrāvin	varṣāsrāvin	grade	23292	322-1	SCH-grade-12427_cases.xml	0
valakatva	valakatva	valakatva	valakatva	grade	23296	322-2	SCH-grade-12427_cases.xml	0
valakzatA	valaks2ata1	valakṣatā	valakṣatā	grade	23298	322-2	SCH-grade-12427_cases.xml	0
valaBIkfta	valabhi1kr2ta	valabhīkṛta	valabhīkṛta	grade	23302	322-2	SCH-grade-12427_cases.xml	0
valayati	valayati	valayati	valayati	grade	23305	322-2	SCH-grade-12427_cases.xml	0
valAna	vala1na	valāna	valāna	grade	23308	322-2	SCH-grade-12427_cases.xml	0
valAri	Vala1ri	valāri	valāri	grade	23309	322-2	SCH-grade-12427_cases.xml	0
valikriyA	valikriya1	valikriyā	valikriyā	grade	23310	322-2	SCH-grade-12427_cases.xml	0
valiBuj	valibhuj	valibhuj	valibhuj	grade	23313	322-2	SCH-grade-12427_cases.xml	0
valguli	valguli	valguli	valguli	grade	23324	322-3	SCH-grade-12427_cases.xml	0
vallarivezwita	vallarives2t2ita	vallariveṣṭita	vallariveṣṭita	grade	23334	322-3	SCH-grade-12427_cases.xml	0
vallikya	vallikya	vallikya	vallikya	grade	23341	322-3	SCH-grade-12427_cases.xml	0
vallIgfha	valli1gr2ha	vallīgṛha	vallīgṛha	grade	23342	322-3	SCH-grade-12427_cases.xml	0
vallIbanDa	valli1bandha	vallībandha	vallībandha	grade	23343	322-3	SCH-grade-12427_cases.xml	0
vaS	vas4	vaś	vaś	grade	23347	323-1	SCH-grade-12427_cases.xml	0
vaSa	vas4a	vaśa	vaśa	grade	23348	323-1	SCH-grade-12427_cases.xml	0
vaSayitar	vas4ayitar	vaśayitar	vaśayitar	grade	23349	323-1	SCH-grade-12427_cases.xml	0
vaSavartana	vas4avartana	vaśavartana	vaśavartana	grade	23350	323-1	SCH-grade-12427_cases.xml	0
vaSopanayana	vas4opanayana	vaśopanayana	vaśopanayana	grade	23355	323-1	SCH-grade-12427_cases.xml	0
vaSyavAc	vas4yava1c	vaśyavāc	vaśyavāc	grade	23356	323-1	SCH-grade-12427_cases.xml	0
vasatikA	vasatika1	vasatikā	vasatikā	grade	23361	323-1	SCH-grade-12427_cases.xml	0
vasantamati	Vasantamati	vasantamati	vasantamati	grade	23364	323-1	SCH-grade-12427_cases.xml	0
vasantalIlA	Vasantali1la1	vasantalīlā	vasantalīlā	grade	23365	323-1	SCH-grade-12427_cases.xml	0
vasantavallI	vasantavalli1	vasantavallī	vasantavallī	grade	23366	323-1	SCH-grade-12427_cases.xml	0
vasahikA	vasahika1	vasahikā	vasahikā	grade	23368	323-1	SCH-grade-12427_cases.xml	0
vasAda	vasa1da	vasāda	vasāda	grade	23370	323-2	SCH-grade-12427_cases.xml	0
vasAsavaseva	vasa1savaseva	vasāsavaseva	vasāsavaseva	grade	23371	323-2	SCH-grade-12427_cases.xml	0
vasizWapreyasI	Vasis2t2hapreyasi1	vasiṣṭhapreyasī	vasiṣṭhapreyasī	grade	23372	323-2	SCH-grade-12427_cases.xml	0
vasudevagupta	Vasudevagupta	vasudevagupta	vasudevagupta	grade	23373	323-2	SCH-grade-12427_cases.xml	0
vasuDApa	vasudha1pa	vasudhāpa	vasudhāpa	grade	23374	323-2	SCH-grade-12427_cases.xml	0
vasuDABuj	vasudha1bhuj	vasudhābhuj	vasudhābhuj	grade	23375	323-2	SCH-grade-12427_cases.xml	0
vasuDAmavant	vasudha1mavant	vasudhāmavant	vasudhāmavant	grade	23376	323-2	SCH-grade-12427_cases.xml	0
vasuMDarAruha	vasum2dhara1ruha	vasuṃdharāruha	vasundharāruha	grade	23378	323-2	SCH-grade-12427_cases.xml	0
vasumatItilaka	Vasumati1tilaka	vasumatītilaka	vasumatītilaka	grade	23380	323-2	SCH-grade-12427_cases.xml	0
vasumatIsura	vasumati1sura	vasumatīsura	vasumatīsura	grade	23381	323-2	SCH-grade-12427_cases.xml	0
vasuvarDana	Vasuvardhana	vasuvardhana	vasuvardhana	grade	23382	323-2	SCH-grade-12427_cases.xml	0
vasuvarza	vasuvars2a	vasuvarṣa	vasuvarṣa	grade	23383	323-2	SCH-grade-12427_cases.xml	0
vasuvasati	vasuvasati	vasuvasati	vasuvasati	grade	23384	323-2	SCH-grade-12427_cases.xml	0
vasuviSvAvasu	Vasuvis4va1vasu	vasuviśvāvasu	vasuviśvāvasu	grade	23385	323-2	SCH-grade-12427_cases.xml	0
vastumuRqa	vastumun2d2a	vastumuṇḍa	vastumunḍa	grade	23387	323-2	SCH-grade-12427_cases.xml	0
vasturUpaka	vasturu1paka	vasturūpaka	vasturūpaka	grade	23388	323-2	SCH-grade-12427_cases.xml	0
vastUtTAna	vastu1ttha1na	vastūtthāna	vastūtthāna	grade	23391	323-2	SCH-grade-12427_cases.xml	0
vahitrapAtra	vahitrapa1tra	vahitrapātra	vahitrapātra	grade	23400	323-3	SCH-grade-12427_cases.xml	0
vahnicUrRa	vahnicu1rn2a	vahnicūrṇa	vahnicūrna	grade	23404	323-3	SCH-grade-12427_cases.xml	0
vahniSiKa	Vahnis4ikha	vahniśikha	vahniśikha	grade	23405	323-3	SCH-grade-12427_cases.xml	0
vahnisAda	vahnisa1da	vahnisāda	vahnisāda	grade	23406	323-3	SCH-grade-12427_cases.xml	0
vahnIyate	vahni1y(ate)	vahnīyate	vahnīyate	grade	23408	323-3	SCH-grade-12427_cases.xml	0
vAkyapaRya	va1kyapan2ya	vākyapaṇya	vākyapanya	grade	23416	324-1	SCH-grade-12427_cases.xml	0
vAkyaprabanDIkf	va1kyaprabandhi1kr2	vākyaprabandhīkṛ	vākyaprabandhīkṛ	grade	23417	324-1	SCH-grade-12427_cases.xml	0
vAkyavid	va1kyavid	vākyavid	vākyavid	grade	23418	324-1	SCH-grade-12427_cases.xml	0
vAkzamitvam	va1ks2a[mitvam	vākṣamitvam	vākṣamitvam	grade	23419	324-1	SCH-grade-12427_cases.xml	0
vAgarAja	Va1gara1ja	vāgarāja	vāgarāja	grade	23422	324-1	SCH-grade-12427_cases.xml	0
vAgurikA	va1gurika1	vāgurikā	vāgurikā	grade	23424	324-1	SCH-grade-12427_cases.xml	0
vAgjIva	va1gji1va	vāgjīva	vāgjīva	grade	23425	324-1	SCH-grade-12427_cases.xml	0
vAgjIvana	va1gji1vana	vāgjīvana	vāgjīvana	grade	23426	324-1	SCH-grade-12427_cases.xml	0
vAgvizayIBUta	va1gvis2ayi1bhu1ta	vāgviṣayībhūta	vāgviṣayībhūta	grade	23427	324-1	SCH-grade-12427_cases.xml	0
vaNgulIjAla	vAn3guli1ja1la	vaṅgulījāla	vangulījāla	grade	23429	324-1	SCH-grade-12427_cases.xml	0
vAcaMyamatA	va1cam2yamata1	vācaṃyamatā	vācanyamatā	grade	23431	324-1	SCH-grade-12427_cases.xml	0
vAcAliman	va1ca1liman	vācāliman	vācāliman	grade	23433	324-1	SCH-grade-12427_cases.xml	0
vAcAlIkfta	va1ca1li1kr2ta	vācālīkṛta	vācālīkṛta	grade	23434	324-1	SCH-grade-12427_cases.xml	0
vAjivinodamakaranda	Va1jivinodamakaranda	vājivinodamakaranda	vājivinodamakaranda	grade	23441	324-2	SCH-grade-12427_cases.xml	0
vAjyArUQa	va1jya1ru1d2ha	vājyārūḍha	vājyārūḍha	grade	23442	324-2	SCH-grade-12427_cases.xml	0
vAqavaka	va1d2avaka	vāḍavaka	vāḍavaka	grade	23444	324-2	SCH-grade-12427_cases.xml	0
vAtadUtI	va1tadu1ti1	vātadūtī	vātadūtī	grade	23450	324-2	SCH-grade-12427_cases.xml	0
vAtarAja	Va1tara1ja	vātarāja	vātarāja	grade	23453	324-2	SCH-grade-12427_cases.xml	0
vAtaretas	va1taretas	vātaretas	vātaretas	grade	23454	324-2	SCH-grade-12427_cases.xml	0
vAtalatA	va1talata1	vātalatā	vātalatā	grade	23455	324-2	SCH-grade-12427_cases.xml	0
vAtasUnu	va1tasu1nu	vātasūnu	vātasūnu	grade	23457	324-2	SCH-grade-12427_cases.xml	0
vAtApatya	va1ta1patya	vātāpatya	vātāpatya	grade	23459	324-2	SCH-grade-12427_cases.xml	0
vAtApiripu	Va1ta1piripu	vātāpiripu	vātāpiripu	grade	23460	324-2	SCH-grade-12427_cases.xml	0
vAtASana	va1ta1s4ana	vātāśana	vātāśana	grade	23462	324-2	SCH-grade-12427_cases.xml	0
vAtyAvarta	va1tya1varta	vātyāvarta	vātyāvarta	grade	23465	324-2	SCH-grade-12427_cases.xml	0
vAditA	va1dita1	vāditā	vāditā	grade	23471	324-3	SCH-grade-12427_cases.xml	0
vAdIBa	va1di1bha	vādībha	vādībha	grade	23474	324-3	SCH-grade-12427_cases.xml	0
vAdDali	Va1ddhali	vāddhali	vāddhali	grade	23476	324-3	SCH-grade-12427_cases.xml	0
vADika	va1dhika	vādhika	vādhika	grade	23478	324-3	SCH-grade-12427_cases.xml	0
vADrI	va1dhri1	vādhrī	vādhrī	grade	23479	324-3	SCH-grade-12427_cases.xml	0
vAnacitra	va1nacitra	vānacitra	vānacitra	grade	23481	324-3	SCH-grade-12427_cases.xml	0
vAnari	va1nari	vānari	vānari	grade	23483	324-3	SCH-grade-12427_cases.xml	0
vAnalawI	va1nalat2i1	vānalaṭī	vānalaṭī	grade	23484	324-3	SCH-grade-12427_cases.xml	0
vAntAdagaRin	va1nta1dagan2in	vāntādagaṇin	vāntādaganin	grade	23486	324-3	SCH-grade-12427_cases.xml	0
vAmacakzus	va1macaks2us	vāmacakṣus	vāmacakṣus	grade	23491	324-3	SCH-grade-12427_cases.xml	0
vAmanIBU	va1mani1bhu1	vāmanībhū	vāmanībhū	grade	23495	325-1	SCH-grade-12427_cases.xml	0
vAmanIyati	va1mani1y(ati)	vāmanīyati	vāmanīyati	grade	23496	325-1	SCH-grade-12427_cases.xml	0
vAmarASi	Va1mara1s4i	vāmarāśi	vāmarāśi	grade	23499	325-1	SCH-grade-12427_cases.xml	0
vAmavilocanA	va1mavilocana1	vāmavilocanā	vāmavilocanā	grade	23500	325-1	SCH-grade-12427_cases.xml	0
vAmANga	va1ma1n3ga	vāmāṅga	vāmānga	grade	23502	325-1	SCH-grade-12427_cases.xml	0
vAmAlakA	va1ma1laka1	vāmālakā	vāmālakā	grade	23504	325-1	SCH-grade-12427_cases.xml	0
vAmilA	Va1mila1	vāmilā	vāmilā	grade	23505	325-1	SCH-grade-12427_cases.xml	0
vAyawIya	Va1yat2i1ya	vāyaṭīya	vāyaṭīya	grade	23507	325-1	SCH-grade-12427_cases.xml	0
vAyaqIya	Va1yad2i1ya	vāyaḍīya	vāyaḍīya	grade	23508	325-1	SCH-grade-12427_cases.xml	0
vAyasADvI	va1yasa1dhvi1	vāyasādhvī	vāyasādhvī	grade	23511	325-1	SCH-grade-12427_cases.xml	0
vAyuvfkza	va1yuvr2ks2a	vāyuvṛkṣa	vāyuvṛkṣa	grade	23517	325-2	SCH-grade-12427_cases.xml	0
vArakAntA	va1raka1nta1	vārakāntā	vārakāntā	grade	23520	325-2	SCH-grade-12427_cases.xml	0
vArajIva	va1raji1va	vārajīva	vārajīva	grade	23521	325-2	SCH-grade-12427_cases.xml	0
vArajIvana	va1raji1vana	vārajīvana	vārajīvana	grade	23522	325-2	SCH-grade-12427_cases.xml	0
vAraRada	va1ran2ada	vāraṇada	vāranada	grade	23524	325-2	SCH-grade-12427_cases.xml	0
vAraRabUsA	va1ran2abu1sa1	vāraṇabūsā	vāranabūsā	grade	23525	325-2	SCH-grade-12427_cases.xml	0
vAraRavusA	va1ran2avusa1	vāraṇavusā	vāranavusā	grade	23526	325-2	SCH-grade-12427_cases.xml	0
vAranitambavatI	va1ranitambavati1	vāranitambavatī	vāranitambavatī	grade	23527	325-2	SCH-grade-12427_cases.xml	0
vArapAlijvara	va1rapa1lijvara	vārapālijvara	vārapālijvara	grade	23528	325-2	SCH-grade-12427_cases.xml	0
vAramfgIdfS	va1ramr2gi1dr2s4	vāramṛgīdṛś	vāramṛgīdṛś	grade	23529	325-2	SCH-grade-12427_cases.xml	0
vAraramBoru	va1rarambhoru	vārarambhoru	vārarambhoru	grade	23530	325-2	SCH-grade-12427_cases.xml	0
vAravarRikA	va1ravarn2ika1	vāravarṇikā	vāravarnikā	grade	23534	325-2	SCH-grade-12427_cases.xml	0
vAravAmadfS	va1rava1madr2s4	vāravāmadṛś	vāravāmadṛś	grade	23535	325-2	SCH-grade-12427_cases.xml	0
vAravAmAlakA	va1rava1ma1laka1	vāravāmālakā	vāravāmālakā	grade	23536	325-2	SCH-grade-12427_cases.xml	0
vArasudfS	va1rasudr2s4	vārasudṛś	vārasudṛś	grade	23537	325-2	SCH-grade-12427_cases.xml	0
vArastrERa	va1rastrain2a	vārastraiṇa	vārastraina	grade	23540	325-2	SCH-grade-12427_cases.xml	0
vArAkara	va1ra1kara	vārākara	vārākara	grade	23541	325-2	SCH-grade-12427_cases.xml	0
vArAhIsaMhitA	Va1ra1hi1sam2hita1	vārāhīsaṃhitā	vārāhīsanhitā	grade	23545	325-3	SCH-grade-12427_cases.xml	0
vArikANka	va1rika1n3ka	vārikāṅka	vārikānka	grade	23548	325-3	SCH-grade-12427_cases.xml	0
vArikrIqitaka	va1rikri1d2itaka	vārikrīḍitaka	vārikrīḍitaka	grade	23549	325-3	SCH-grade-12427_cases.xml	0
vArigaja	va1rigaja	vārigaja	vārigaja	grade	23550	325-3	SCH-grade-12427_cases.xml	0
vArigata	va1rigata	vārigata	vārigata	grade	23551	325-3	SCH-grade-12427_cases.xml	0
vArigati	va1rigati	vārigati	vārigati	grade	23552	325-3	SCH-grade-12427_cases.xml	0
vArijadfS	va1rijadr2s4	vārijadṛś	vārijadṛś	grade	23554	325-3	SCH-grade-12427_cases.xml	0
vArijanetra	va1rijanetra	vārijanetra	vārijanetra	grade	23555	325-3	SCH-grade-12427_cases.xml	0
vAruRIvAta	va1run2i1va1ta	vāruṇīvāta	vārunīvāta	grade	23568	326-1	SCH-grade-12427_cases.xml	0
vArgati	va1rgati	vārgati	vārgati	grade	23569	326-1	SCH-grade-12427_cases.xml	0
vArttIBUta	va1rtti1bhu1ta	vārttībhūta	vārttībhūta	grade	23573	326-1	SCH-grade-12427_cases.xml	0
vArdDikA	va1rddhika1	vārddhikā	vārddhikā	grade	23576	326-1	SCH-grade-12427_cases.xml	0
vArdDIRasa	va1rddhi1n2asa	vārddhīṇasa	vārddhīnasa	grade	23577	326-1	SCH-grade-12427_cases.xml	0
vArDakineya	va1rdhakineya	vārdhakineya	vārdhakineya	grade	23578	326-1	SCH-grade-12427_cases.xml	0
vArDIRasa	va1rdhi1n2asa	vārdhīṇasa	vārdhīnasa	grade	23580	326-1	SCH-grade-12427_cases.xml	0
vAlapatra	[°va1lapatra	vālapatra	vālapatra	grade	23586	326-1	SCH-grade-12427_cases.xml	0
vAlapASa	va1lapa1s4a	vālapāśa	vālapāśa	grade	23587	326-1	SCH-grade-12427_cases.xml	0
vAlAka	Va1la1ka	vālāka	vālāka	grade	23589	326-1	SCH-grade-12427_cases.xml	0
vAlukAdvIpa	va1luka1dvi1pa	vālukādvīpa	vālukādvīpa	grade	23593	326-1	SCH-grade-12427_cases.xml	0
vAleyaka	va1leyaka	vāleyaka	vāleyaka	grade	23595	326-2	SCH-grade-12427_cases.xml	0
vASI	va1s4i1	vāśī	vāśī	grade	23597	326-2	SCH-grade-12427_cases.xml	0
vAzpIha	va1s2pi1ha	vāṣpīha	vāṣpīha	grade	23598	326-2	SCH-grade-12427_cases.xml	0
vAsakasajjitA	va1sakasajjita1	vāsakasajjitā	vāsakasajjitā	grade	23599	326-2	SCH-grade-12427_cases.xml	0
vAsaneyI	va1saneyi1	vāsaneyī	vāsaneyī	grade	23601	326-2	SCH-grade-12427_cases.xml	0
vAsavant	va1savant	vāsavant	vāsavant	grade	23605	326-2	SCH-grade-12427_cases.xml	0
vAsavAji	Va1sava1ji	vāsavāji	vāsavāji	grade	23606	326-2	SCH-grade-12427_cases.xml	0
vAsavIyAvAsa	va1savi1ya1va1sa	vāsavīyāvāsa	vāsavīyāvāsa	grade	23608	326-2	SCH-grade-12427_cases.xml	0
vAsitaka	va1sitaka	vāsitaka	vāsitaka	grade	23609	326-2	SCH-grade-12427_cases.xml	0
vAsitam	[°va1sitam	vāsitam	vāsitam	grade	23610	326-2	SCH-grade-12427_cases.xml	0
vAstula	va1stula	vāstula	vāstula	grade	23614	326-2	SCH-grade-12427_cases.xml	0
vAhakeli	va1hakeli	vāhakeli	vāhakeli	grade	23616	326-2	SCH-grade-12427_cases.xml	0
vAhawikA	va1hat2ika1	vāhaṭikā	vāhaṭikā	grade	23617	326-2	SCH-grade-12427_cases.xml	0
vAhadviz	va1hadvis2	vāhadviṣ	vāhadviṣ	grade	23618	326-3	SCH-grade-12427_cases.xml	0
vAhanakozWa	va1hanakos2t2ha	vāhanakoṣṭha	vāhanakoṣṭha	grade	23619	326-3	SCH-grade-12427_cases.xml	0
vAharikA	va1harika1	vāharikā	vāharikā	grade	23621	326-3	SCH-grade-12427_cases.xml	0
vAhavAlI	va1hava1li1	vāhavālī	vāhavālī	grade	23622	326-3	SCH-grade-12427_cases.xml	0
vAhinInATa	va1hini1na1tha	vāhinīnātha	vāhinīnātha	grade	23628	326-3	SCH-grade-12427_cases.xml	0
vAhinInAyaka	va1hini1na1yaka	vāhinīnāyaka	vāhinīnāyaka	grade	23629	326-3	SCH-grade-12427_cases.xml	0
vAhinIBartf	va1hini1bhartr2	vāhinībhartṛ	vāhinībhartṛ	grade	23630	326-3	SCH-grade-12427_cases.xml	0
vAhinISa	va1hini1s4a	vāhinīśa	vāhinīśa	grade	23631	326-3	SCH-grade-12427_cases.xml	0
vAhirikA	va1hirika1	vāhirikā	vāhirikā	grade	23632	326-3	SCH-grade-12427_cases.xml	0
viMSatikulI	vim2s4atikuli1	viṃśatikulī	vinśatikulī	grade	23636	326-3	SCH-grade-12427_cases.xml	0
vikacatA	vikacata1	vikacatā	vikacatā	grade	23638	326-3	SCH-grade-12427_cases.xml	0
vikartarita	vikartarita	vikartarita	vikartarita	grade	23647	327-1	SCH-grade-12427_cases.xml	0
vikArakft	vika1rakr2t	vikārakṛt	vikārakṛt	grade	23653	327-1	SCH-grade-12427_cases.xml	0
vikArmuka	vika1rmuka	vikārmuka	vikārmuka	grade	23654	327-1	SCH-grade-12427_cases.xml	0
vikASa	vika1s4a	vikāśa	vikāśa	grade	23655	327-1	SCH-grade-12427_cases.xml	0
vikASaka	vika1s4aka	vikāśaka	vikāśaka	grade	23656	327-1	SCH-grade-12427_cases.xml	0
vikuwwana	vikut2t2ana	vikuṭṭana	vikuṭṭana	grade	23658	327-1	SCH-grade-12427_cases.xml	0
vikumBa	Vikumbha	vikumbha	vikumbha	grade	23659	327-1	SCH-grade-12427_cases.xml	0
vikocatva	vikocatva	vikocatva	vikocatva	grade	23663	327-2	SCH-grade-12427_cases.xml	0
vikoSIkfta	vikos4i1kr2ta	vikośīkṛta	vikośīkṛta	grade	23664	327-2	SCH-grade-12427_cases.xml	0
vikramEkarasatA	vikramaikarasata1	vikramaikarasatā	vikramaikarasatā	grade	23668	327-2	SCH-grade-12427_cases.xml	0
vikrayakArin	vikrayaka1rin	vikrayakārin	vikrayakārin	grade	23669	327-2	SCH-grade-12427_cases.xml	0
vikziptatA	viks2iptata1	vikṣiptatā	vikṣiptatā	grade	23674	327-2	SCH-grade-12427_cases.xml	0
vikzoBakawa	viks2obhakat2a	vikṣobhakaṭa	vikṣobhakaṭa	grade	23677	327-2	SCH-grade-12427_cases.xml	0
viKaRqana	vikhan2d2ana	vikhaṇḍana	vikhanḍana	grade	23679	327-2	SCH-grade-12427_cases.xml	0
viguRWana	vigun2t2hana	viguṇṭhana	vigunṭhana	grade	23687	327-3	SCH-grade-12427_cases.xml	0
vigrahadaRqa	vigrahadan2d2a	vigrahadaṇḍa	vigrahadanḍa	grade	23691	327-3	SCH-grade-12427_cases.xml	0
viGanarAgA	vighanara1ga1	vighanarāgā	vighanarāgā	grade	23695	327-3	SCH-grade-12427_cases.xml	0
viGnadviz	vighnadvis2	vighnadviṣ	vighnadviṣ	grade	23698	327-3	SCH-grade-12427_cases.xml	0
viGnanASana	vighnana1s4ana	vighnanāśana	vighnanāśana	grade	23699	327-3	SCH-grade-12427_cases.xml	0
viGnaviGna	vighnavighna	vighnavighna	vighnavighna	grade	23700	327-3	SCH-grade-12427_cases.xml	0
viGnavidviz	vighnavidvis2	vighnavidviṣ	vighnavidviṣ	grade	23701	327-3	SCH-grade-12427_cases.xml	0
viNgana	vin3gana	viṅgana	vingana	grade	23702	327-3	SCH-grade-12427_cases.xml	0
vicAracaturmuKa	vica1racaturmukha	vicāracaturmukha	vicāracaturmukha	grade	23708	327-3	SCH-grade-12427_cases.xml	0
vicikitsanA	vicikitsana1	vicikitsanā	vicikitsanā	grade	23709	327-3	SCH-grade-12427_cases.xml	0
vicikrIzu	vicikri1s2u	vicikrīṣu	vicikrīṣu	grade	23710	328-1	SCH-grade-12427_cases.xml	0
vicittavIrya	Vicittavi1rya	vicittavīrya	vicittavīrya	grade	23711	328-1	SCH-grade-12427_cases.xml	0
vicitravarRIkfta	vicitravarn2i1kr2ta	vicitravarṇīkṛta	vicitravarnīkṛta	grade	23714	328-1	SCH-grade-12427_cases.xml	0
vicitrIkfta	vicitri1kr2ta	vicitrīkṛta	vicitrīkṛta	grade	23716	328-1	SCH-grade-12427_cases.xml	0
vicinta	vicinta	vicinta	vicinta	grade	23717	328-1	SCH-grade-12427_cases.xml	0
vicumbana	vicumbana	vicumbana	vicumbana	grade	23718	328-1	SCH-grade-12427_cases.xml	0
vicetIkaraRa	viceti1karan2a	vicetīkaraṇa	vicetīkarana	grade	23719	328-1	SCH-grade-12427_cases.xml	0
vicezwin	vices2t2in	viceṣṭin	viceṣṭin	grade	23720	328-1	SCH-grade-12427_cases.xml	0
vicCAdaka	viccha1daka	vicchādaka	vicchādaka	grade	23721	328-1	SCH-grade-12427_cases.xml	0
vicCinnapiRqa	vicchinnapin2d2a	vicchinnapiṇḍa	vicchinnapinḍa	grade	23722	328-1	SCH-grade-12427_cases.xml	0
vicCoka	vicchoka	vicchoka	vicchoka	grade	23724	328-1	SCH-grade-12427_cases.xml	0
vijayajEtrAyuDa	Vijayajaitra1yudha	vijayajaitrāyudha	vijayajaitrāyudha	grade	23728	328-1	SCH-grade-12427_cases.xml	0
vijayamakaraDvaja	Vijayamakaradhvaja	vijayamakaradhvaja	vijayamakaradhvaja	grade	23729	328-1	SCH-grade-12427_cases.xml	0
vijayavarDana	Vijayavardhana	vijayavardhana	vijayavardhana	grade	23730	328-1	SCH-grade-12427_cases.xml	0
vijayavEnateya	Vijayavainateya	vijayavainateya	vijayavainateya	grade	23731	328-1	SCH-grade-12427_cases.xml	0
vijayaSeKara	Vijayas4ekhara	vijayaśekhara	vijayaśekhara	grade	23732	328-1	SCH-grade-12427_cases.xml	0
vijarjarita	vijarjarita	vijarjarita	vijarjarita	grade	23738	328-2	SCH-grade-12427_cases.xml	0
vijava	vijava	vijava	vijava	grade	23739	328-2	SCH-grade-12427_cases.xml	0
vijfmBi	vijr2mbhi	vijṛmbhi	vijṛmbhi	grade	23747	328-2	SCH-grade-12427_cases.xml	0
vijfmBitaka	vijr2mbhitaka	vijṛmbhitaka	vijṛmbhitaka	grade	23748	328-2	SCH-grade-12427_cases.xml	0
vijfmBitatA	vijr2mbhitata1	vijṛmbhitatā	vijṛmbhitatā	grade	23749	328-2	SCH-grade-12427_cases.xml	0
vijYAnAkalatA	vijn5a1na1kalata1	vijñānākalatā	vijnānākalatā	grade	23756	328-3	SCH-grade-12427_cases.xml	0
vijYAyaka	vijn5a1yaka	vijñāyaka	vijnāyaka	grade	23759	328-3	SCH-grade-12427_cases.xml	0
viwanawI	vit2anat2i1	viṭanaṭī	viṭanaṭī	grade	23763	328-3	SCH-grade-12427_cases.xml	0
viwapijanus	vit2apijanus	viṭapijanus	viṭapijanus	grade	23765	328-3	SCH-grade-12427_cases.xml	0
viwavanitA	vit2avanita1	viṭavanitā	viṭavanitā	grade	23768	328-3	SCH-grade-12427_cases.xml	0
viwaSeKara	vit2as4ekhara	viṭaśekhara	viṭaśekhara	grade	23769	328-3	SCH-grade-12427_cases.xml	0
viwADipatibanDa	vit2a1dhipatibandha	viṭādhipatibandha	viṭādhipatibandha	grade	23770	328-3	SCH-grade-12427_cases.xml	0
viRwikA	vin2t2ika1	viṇṭikā	vinṭikā	grade	23780	329-1	SCH-grade-12427_cases.xml	0
vitaRqAvant	vitan2d2a1vant	vitaṇḍāvant	vitanḍāvant	grade	23782	329-1	SCH-grade-12427_cases.xml	0
vitandra	vitandra	vitandra	vitandra	grade	23785	329-1	SCH-grade-12427_cases.xml	0
vitardita	vitardita	vitardita	vitardita	grade	23789	329-1	SCH-grade-12427_cases.xml	0
vitApa	vita1pa	vitāpa	vitāpa	grade	23792	329-1	SCH-grade-12427_cases.xml	0
vitIrRi	viti1rn2i	vitīrṇi	vitīrni	grade	23794	329-1	SCH-grade-12427_cases.xml	0
vidagDamugDa	Vidagdhamugdha	vidagdhamugdha	vidagdhamugdha	grade	23802	329-1	SCH-grade-12427_cases.xml	0
vidama	vidama	vidama	vidama	grade	23803	329-1	SCH-grade-12427_cases.xml	0
vididaMkzu	vididam2ks2u	vididaṃkṣu	vididankṣu	grade	23811	329-2	SCH-grade-12427_cases.xml	0
viduzvin	vidus2vin	viduṣvin	viduṣvin	grade	23814	329-2	SCH-grade-12427_cases.xml	0
vidUratara	vidu1ratara	vidūratara	vidūratara	grade	23816	329-2	SCH-grade-12427_cases.xml	0
vidUrita	vidu1rita	vidūrita	vidūrita	grade	23817	329-2	SCH-grade-12427_cases.xml	0
vidUrIkaraRa	vidu1ri1karan2a	vidūrīkaraṇa	vidūrīkarana	grade	23818	329-2	SCH-grade-12427_cases.xml	0
vidUzikA	vidu1s2ika1	vidūṣikā	vidūṣikā	grade	23819	329-2	SCH-grade-12427_cases.xml	0
vidfSIna	vidr2s4i1na	vidṛśīna	vidṛśīna	grade	23820	329-2	SCH-grade-12427_cases.xml	0
vidDA	viddha1	viddhā	viddhā	grade	23824	329-2	SCH-grade-12427_cases.xml	0
vidyAdevatA	vidya1devata1	vidyādevatā	vidyādevatā	grade	23828	329-2	SCH-grade-12427_cases.xml	0
vidyAnavadya	Vidya1navadya	vidyānavadya	vidyānavadya	grade	23830	329-2	SCH-grade-12427_cases.xml	0
vidyApraboDa	vidya1prabodha	vidyāprabodha	vidyāprabodha	grade	23831	329-2	SCH-grade-12427_cases.xml	0
vidyAmahodaDi	Vidya1mahodadhi	vidyāmahodadhi	vidyāmahodadhi	grade	23832	329-2	SCH-grade-12427_cases.xml	0
vidyASAlA	vidya1s4a1la1	vidyāśālā	vidyāśālā	grade	23834	329-2	SCH-grade-12427_cases.xml	0
vidrumavarRa	vidrumavarn2a	vidrumavarṇa	vidrumavarna	grade	23842	329-3	SCH-grade-12427_cases.xml	0
viDApAcaka	vidha1pa1caka	vidhāpācaka	vidhāpācaka	grade	23845	329-3	SCH-grade-12427_cases.xml	0
viDijA	vidhija1	vidhijā	vidhijā	grade	23848	329-3	SCH-grade-12427_cases.xml	0
viDitA	vidhita1	vidhitā	vidhitā	grade	23849	329-3	SCH-grade-12427_cases.xml	0
viDIyamAnatva	vidhi1yama1natva	vidhīyamānatva	vidhīyamānatva	grade	23851	329-3	SCH-grade-12427_cases.xml	0
viDuDa	vidhudha	vidhudha	vidhudha	grade	23852	329-3	SCH-grade-12427_cases.xml	0
viDunita	vidhunita	vidhunita	vidhunita	grade	23853	329-3	SCH-grade-12427_cases.xml	0
viDUpala	vidhu1pala	vidhūpala	vidhūpala	grade	23855	329-3	SCH-grade-12427_cases.xml	0
viDUsarita	vidhu1sarita	vidhūsarita	vidhūsarita	grade	23857	329-3	SCH-grade-12427_cases.xml	0
viDyApita	vidhya1pita	vidhyāpita	vidhyāpita	grade	23860	329-3	SCH-grade-12427_cases.xml	0
viDvastAtva	vidhvasta1tva	vidhvastātva	vidhvastātva	grade	23861	329-3	SCH-grade-12427_cases.xml	0
vinatAtanaya	Vinata1tanaya	vinatātanaya	vinatātanaya	grade	23863	330-1	SCH-grade-12427_cases.xml	0
vinatAnandana	Vinata1nandana	vinatānandana	vinatānandana	grade	23864	330-1	SCH-grade-12427_cases.xml	0
vinayaparizvajA	vinayaparis2vaja1	vinayapariṣvajā	vinayapariṣvajā	grade	23867	330-1	SCH-grade-12427_cases.xml	0
vinayavfto	[vinayavr2to	vinayavṛto	vinayavṛto	grade	23869	330-1	SCH-grade-12427_cases.xml	0
vinikuwwana	vinikut2t2ana	vinikuṭṭana	vinikuṭṭana	grade	23875	330-1	SCH-grade-12427_cases.xml	0
viniketana	viniketana	viniketana	viniketana	grade	23877	330-1	SCH-grade-12427_cases.xml	0
vinikriyA	vinikriya1	vinikriyā	vinikriyā	grade	23878	330-1	SCH-grade-12427_cases.xml	0
viniGfzwi	vinighr2s2t2i	vinighṛṣṭi	vinighṛṣṭi	grade	23879	330-1	SCH-grade-12427_cases.xml	0
vinipIqana	vinipi1d2ana	vinipīḍana	vinipīḍana	grade	23883	330-1	SCH-grade-12427_cases.xml	0
vinimIlikA	vinimi1lika1	vinimīlikā	vinimīlikā	grade	23887	330-1	SCH-grade-12427_cases.xml	0
vinimudra	vinimudra	vinimudra	vinimudra	grade	23888	330-2	SCH-grade-12427_cases.xml	0
viniyAti	viniya1ti	viniyāti	viniyāti	grade	23890	330-2	SCH-grade-12427_cases.xml	0
vinirgamana	vinirgamana	vinirgamana	vinirgamana	grade	23893	330-2	SCH-grade-12427_cases.xml	0
vinirgala	vinirgala	vinirgala	vinirgala	grade	23894	330-2	SCH-grade-12427_cases.xml	0
vinirmUlita	vinirmu1lita	vinirmūlita	vinirmūlita	grade	23897	330-2	SCH-grade-12427_cases.xml	0
vinirvAha	vinirva1ha	vinirvāha	vinirvāha	grade	23898	330-2	SCH-grade-12427_cases.xml	0
viniveSa	vinives4a	viniveśa	viniveśa	grade	23901	330-2	SCH-grade-12427_cases.xml	0
viniveSika	vinives4ika	viniveśika	viniveśika	grade	23903	330-2	SCH-grade-12427_cases.xml	0
vinItApura	Vini1ta1pura	vinītāpura	vinītāpura	grade	23907	330-2	SCH-grade-12427_cases.xml	0
vinuti	vinuti	vinuti	vinuti	grade	23911	330-2	SCH-grade-12427_cases.xml	0
vinodakalahaMsikA	Vinodakalaham2sika1	vinodakalahaṃsikā	vinodakalahansikā	grade	23914	330-2	SCH-grade-12427_cases.xml	0
vinodaradanin	vinodaradanin	vinodaradanin	vinodaradanin	grade	23916	330-2	SCH-grade-12427_cases.xml	0
vinodaradi	vinodaradi	vinodaradi	vinodaradi	grade	23917	330-3	SCH-grade-12427_cases.xml	0
vinyAsIkfta	vinya1si1kr2ta	vinyāsīkṛta	vinyāsīkṛta	grade	23920	330-3	SCH-grade-12427_cases.xml	0
vipaNka	vipan3ka	vipaṅka	vipanka	grade	23923	330-3	SCH-grade-12427_cases.xml	0
vipaYcana	vipan5cana	vipañcana	vipancana	grade	23924	330-3	SCH-grade-12427_cases.xml	0
vipaRiramaRI	vipan2iraman2i1	vipaṇiramaṇī	vipaniramanī	grade	23928	330-3	SCH-grade-12427_cases.xml	0
viparivartin	viparivartin	viparivartin	viparivartin	grade	23934	330-3	SCH-grade-12427_cases.xml	0
viparItabanDa	vipari1tabandha	viparītabandha	viparītabandha	grade	23935	330-3	SCH-grade-12427_cases.xml	0
viparItarUpa	vipari1taru1pa	viparītarūpa	viparītarūpa	grade	23936	330-3	SCH-grade-12427_cases.xml	0
viparyasti	viparyasti	viparyasti	viparyasti	grade	23938	330-3	SCH-grade-12427_cases.xml	0
viparyAsana	viparya1sana	viparyāsana	viparyāsana	grade	23939	330-3	SCH-grade-12427_cases.xml	0
vipallava	vipallava	vipallava	vipallava	grade	23940	330-3	SCH-grade-12427_cases.xml	0
vipAkaBUman	vipa1kabhu1man	vipākabhūman	vipākabhūman	grade	23942	330-3	SCH-grade-12427_cases.xml	0
vipuladfS	vipuladr2s4	vipuladṛś	vipuladṛś	grade	23946	331-1	SCH-grade-12427_cases.xml	0
vipulekzaRA	vipuleks2an2a1	vipulekṣaṇā	vipulekṣanā	grade	23948	331-1	SCH-grade-12427_cases.xml	0
vipUraRa	vipu1ran2a	vipūraṇa	vipūrana	grade	23951	331-1	SCH-grade-12427_cases.xml	0
vipfcCA	vipr2ccha1	vipṛcchā	vipṛcchā	grade	23952	331-1	SCH-grade-12427_cases.xml	0
viprakartar	viprakartar	viprakartar	viprakartar	grade	23954	331-1	SCH-grade-12427_cases.xml	0
viprakArzin	vipraka1rs2in	viprakārṣin	viprakārṣin	grade	23955	331-1	SCH-grade-12427_cases.xml	0
viprakfzwataH	viprakr2s2t2atah2	viprakṛṣṭataḥ	viprakṛṣṭata	grade	23956	331-1	SCH-grade-12427_cases.xml	0
vipratika	vipratika	vipratika	vipratika	grade	23958	331-1	SCH-grade-12427_cases.xml	0
vipramoza	vipramos2a	vipramoṣa	vipramoṣa	grade	23964	331-1	SCH-grade-12427_cases.xml	0
viprasUna	viprasu1na	viprasūna	viprasūna	grade	23970	331-2	SCH-grade-12427_cases.xml	0
viprARa	vipra1n2a	viprāṇa	viprāna	grade	23971	331-2	SCH-grade-12427_cases.xml	0
viprARAnta	vipra1n2a1nta	viprāṇānta	viprānānta	grade	23972	331-2	SCH-grade-12427_cases.xml	0
viprIti	vipri1ti	viprīti	viprīti	grade	23973	331-2	SCH-grade-12427_cases.xml	0
viplutabanDa	viplutabandha	viplutabandha	viplutabandha	grade	23978	331-2	SCH-grade-12427_cases.xml	0
vibuDaDunI	vibudhadhuni1	vibudhadhunī	vibudhadhunī	grade	23983	331-2	SCH-grade-12427_cases.xml	0
viBaktapitfdravya	vibhaktapitr2dravya	vibhaktapitṛdravya	vibhaktapitṛdravya	grade	23985	331-2	SCH-grade-12427_cases.xml	0
viBAvarIjala	vibha1vari1jala	vibhāvarījala	vibhāvarījala	grade	23993	331-2	SCH-grade-12427_cases.xml	0
viBAvitatA	vibha1vitata1	vibhāvitatā	vibhāvitatā	grade	23994	331-2	SCH-grade-12427_cases.xml	0
viBuj	vibhuj	vibhuj	vibhuj	grade	23998	331-3	SCH-grade-12427_cases.xml	0
viBrazwatA	vibhras2t2ata1	vibhraṣṭatā	vibhraṣṭatā	grade	24005	331-3	SCH-grade-12427_cases.xml	0
vimadIBU	vimadi1bhu1	vimadībhū	vimadībhū	grade	24008	331-3	SCH-grade-12427_cases.xml	0
vimanIBU	vimani1bhu1	vimanībhū	vimanībhū	grade	24013	331-3	SCH-grade-12427_cases.xml	0
vimardasaha	vimardasaha	vimardasaha	vimardasaha	grade	24015	331-3	SCH-grade-12427_cases.xml	0
vimarditaka	vimarditaka	vimarditaka	vimarditaka	grade	24016	331-3	SCH-grade-12427_cases.xml	0
vimAnanI	vima1nani1	vimānanī	vimānanī	grade	24023	331-3	SCH-grade-12427_cases.xml	0
vimuRqA	vimun2d2a1	vimuṇḍā	vimunḍā	grade	24026	332-1	SCH-grade-12427_cases.xml	0
viyadApagA	viyada1paga1	viyadāpagā	viyadāpagā	grade	24031	332-1	SCH-grade-12427_cases.xml	0
viyadgAmin	viyadga1min	viyadgāmin	viyadgāmin	grade	24032	332-1	SCH-grade-12427_cases.xml	0
viyadvihAriRI	viyadviha1rin2i1	viyadvihāriṇī	viyadvihārinī	grade	24033	332-1	SCH-grade-12427_cases.xml	0
viyutabanDa	viyutabandha	viyutabandha	viyutabandha	grade	24037	332-1	SCH-grade-12427_cases.xml	0
virantar	virantar	virantar	virantar	grade	24041	332-1	SCH-grade-12427_cases.xml	0
viralIkaraRa	virali1karan2a	viralīkaraṇa	viralīkarana	grade	24043	332-1	SCH-grade-12427_cases.xml	0
viralIBU	virali1bhu1	viralībhū	viralībhū	grade	24044	332-1	SCH-grade-12427_cases.xml	0
virasAla	virasa1la	virasāla	virasāla	grade	24046	332-1	SCH-grade-12427_cases.xml	0
virahaka	virahaka	virahaka	virahaka	grade	24049	332-1	SCH-grade-12427_cases.xml	0
virahitA	virahita1	virahitā	virahitā	grade	24050	332-1	SCH-grade-12427_cases.xml	0
virAgatva	vira1gatva	virāgatva	virāgatva	grade	24052	332-2	SCH-grade-12427_cases.xml	0
virAmavant	vira1mavant	virāmavant	virāmavant	grade	24058	332-2	SCH-grade-12427_cases.xml	0
virAsana	vira1sana	virāsana	virāsana	grade	24059	332-2	SCH-grade-12427_cases.xml	0
virukza	viruks2a	virukṣa	virukṣa	grade	24060	332-2	SCH-grade-12427_cases.xml	0
virudDacarita	viruddhacarita	viruddhacarita	viruddhacarita	grade	24062	332-2	SCH-grade-12427_cases.xml	0
virUpavant	viru1pavant	virūpavant	virūpavant	grade	24067	332-2	SCH-grade-12427_cases.xml	0
vireya	vireya	vireya	vireya	grade	24069	332-2	SCH-grade-12427_cases.xml	0
viroca	viroca	viroca	viroca	grade	24070	332-2	SCH-grade-12427_cases.xml	0
vilakzmIkfta	vilaks2mi1kr2ta	vilakṣmīkṛta	vilakṣmīkṛta	grade	24074	332-2	SCH-grade-12427_cases.xml	0
vilaNga	vilan3ga	vilaṅga	vilanga	grade	24075	332-2	SCH-grade-12427_cases.xml	0
vilayakAritA	vilayaka1rita1	vilayakāritā	vilayakāritā	grade	24078	332-3	SCH-grade-12427_cases.xml	0
vilayakArin	vilayaka1rin	vilayakārin	vilayakārin	grade	24079	332-3	SCH-grade-12427_cases.xml	0
vilavaRa	vilavan2a	vilavaṇa	vilavana	grade	24080	332-3	SCH-grade-12427_cases.xml	0
vilasIkf	vilasi1kr2	vilasīkṛ	vilasīkṛ	grade	24082	332-3	SCH-grade-12427_cases.xml	0
vilAyaM	[°vila1yam2	vilāyaṃ	vilāyam	grade	24084	332-3	SCH-grade-12427_cases.xml	0
vilAsahaMsa	vila1saham2sa	vilāsahaṃsa	vilāsahansa	grade	24087	332-3	SCH-grade-12427_cases.xml	0
vilAsAcala	vila1sa1cala	vilāsācala	vilāsācala	grade	24088	332-3	SCH-grade-12427_cases.xml	0
vilAsijana	vila1sijana	vilāsijana	vilāsijana	grade	24089	332-3	SCH-grade-12427_cases.xml	0
vilAsinIlocanakajjala	Vila1sini1locanakajjala	vilāsinīlocanakajjala	vilāsinīlocanakajjala	grade	24091	332-3	SCH-grade-12427_cases.xml	0
vilAsinIharidrA	vila1sini1haridra1	vilāsinīharidrā	vilāsinīharidrā	grade	24092	332-3	SCH-grade-12427_cases.xml	0
vilInANga	vili1na1n3ga	vilīnāṅga	vilīnānga	grade	24093	332-3	SCH-grade-12427_cases.xml	0
vilokayant	vilokayant	vilokayant	vilokayant	grade	24097	332-3	SCH-grade-12427_cases.xml	0
vilocanAmBas	vilocana1mbhas	vilocanāmbhas	vilocanāmbhas	grade	24098	332-3	SCH-grade-12427_cases.xml	0
vilopakatva	vilopakatva	vilopakatva	vilopakatva	grade	24100	332-3	SCH-grade-12427_cases.xml	0
vilolacakzus	vilolacaks2us	vilolacakṣus	vilolacakṣus	grade	24103	332-3	SCH-grade-12427_cases.xml	0
viloladfzwi	viloladr2s2t2i	viloladṛṣṭi	viloladṛṣṭi	grade	24105	332-3	SCH-grade-12427_cases.xml	0
vivadizA	vivadis2a1	vivadiṣā	vivadiṣā	grade	24108	333-1	SCH-grade-12427_cases.xml	0
vivarIkfta	vivari1kr2ta	vivarīkṛta	vivarīkṛta	grade	24111	333-1	SCH-grade-12427_cases.xml	0
vivalanA	vivalana1	vivalanā	vivalanā	grade	24118	333-1	SCH-grade-12427_cases.xml	0
vivalgana	vivalgana	vivalgana	vivalgana	grade	24119	333-1	SCH-grade-12427_cases.xml	0
vivaSa	vivas4a	vivaśa	vivaśa	grade	24120	333-1	SCH-grade-12427_cases.xml	0
vivaSayati	vivas4ay(ati)	vivaśayati	vivaśayati	grade	24121	333-1	SCH-grade-12427_cases.xml	0
viviDAtmaka	vividha1tmaka	vividhātmaka	vividhātmaka	grade	24126	333-1	SCH-grade-12427_cases.xml	0
viviSvant	vivis4vant	viviśvant	viviśvant	grade	24127	333-1	SCH-grade-12427_cases.xml	0
vivezwana	vives2t2ana	viveṣṭana	viveṣṭana	grade	24131	333-2	SCH-grade-12427_cases.xml	0
vivraRayizo	vivran2ayis2o	vivraṇayiṣo	vivranayiṣo	grade	24132	333-2	SCH-grade-12427_cases.xml	0
vivvokinI	vivvokini1	vivvokinī	vivvokinī	grade	24133	333-2	SCH-grade-12427_cases.xml	0
viS	vis4	viś	viś	grade	24134	333-2	SCH-grade-12427_cases.xml	0
viSaMsana	vis4am2sana	viśaṃsana	viśansana	grade	24135	333-2	SCH-grade-12427_cases.xml	0
viSaprasUna	[°vis4aprasu1na	viśaprasūna	viśaprasūna	grade	24136	333-2	SCH-grade-12427_cases.xml	0
viSara	vis4ara	viśara	viśara	grade	24137	333-2	SCH-grade-12427_cases.xml	0
viSAla	Vis4a1la	viśāla	viśāla	grade	24142	333-2	SCH-grade-12427_cases.xml	0
viSAlanayanA	vis4a1lanayana1	viśālanayanā	viśālanayanā	grade	24143	333-2	SCH-grade-12427_cases.xml	0
viSAlAkza	Vis4a1la1ks2a	viśālākṣa	viśālākṣa	grade	24144	333-2	SCH-grade-12427_cases.xml	0
viSiKavftti	vis4ikhavr2tti	viśikhavṛtti	viśikhavṛtti	grade	24145	333-2	SCH-grade-12427_cases.xml	0
viSiKAsana	vis4ikha1sana	viśikhāsana	viśikhāsana	grade	24146	333-2	SCH-grade-12427_cases.xml	0
viSizwaka	vis4is2t2aka	viśiṣṭaka	viśiṣṭaka	grade	24147	333-2	SCH-grade-12427_cases.xml	0
viSizwi	vis4is2t2i	viśiṣṭi	viśiṣṭi	grade	24148	333-2	SCH-grade-12427_cases.xml	0
viSIlatA	[vis4i1lata1]	viśīlatā	viśīlatā	grade	24149	333-2	SCH-grade-12427_cases.xml	0
viSfNKalIBU	vis4r2n3khali1bhu1	viśṛṅkhalībhū	viśṛnkhalībhū	grade	24151	333-2	SCH-grade-12427_cases.xml	0
viSezadfSya	vis4es2adr2s4ya	viśeṣadṛśya	viśeṣadṛśya	grade	24153	333-2	SCH-grade-12427_cases.xml	0
viSopaka	vis4opaka	viśopaka	viśopaka	grade	24156	333-2	SCH-grade-12427_cases.xml	0
viSramBin	vis4rambhin	viśrambhin	viśrambhin	grade	24160	333-3	SCH-grade-12427_cases.xml	0
viSrARa	vis4ra1n2a	viśrāṇa	viśrāna	grade	24161	333-3	SCH-grade-12427_cases.xml	0
viSrARaka	vis4ra1n2aka	viśrāṇaka	viśrānaka	grade	24162	333-3	SCH-grade-12427_cases.xml	0
viSrARita	vis4ra1n2ita	viśrāṇita	viśrānita	grade	24163	333-3	SCH-grade-12427_cases.xml	0
viSrAmaDAman	vis4ra1madha1man	viśrāmadhāman	viśrāmadhāman	grade	24165	333-3	SCH-grade-12427_cases.xml	0
viSrAmavizwara	vis4ra1mavis2t2ara	viśrāmaviṣṭara	viśrāmaviṣṭara	grade	24166	333-3	SCH-grade-12427_cases.xml	0
viSrAmin	vis4ra1min	viśrāmin	viśrāmin	grade	24167	333-3	SCH-grade-12427_cases.xml	0
viSrutatA	vis4rutata1	viśrutatā	viśrutatā	grade	24169	333-3	SCH-grade-12427_cases.xml	0
viSrutatva	vis4rutatva	viśrutatva	viśrutatva	grade	24170	333-3	SCH-grade-12427_cases.xml	0
viSvakadrU	vis4vakadru1	viśvakadrū	viśvakadrū	grade	24172	333-3	SCH-grade-12427_cases.xml	0
viSvadyuti	vis4vadyuti	viśvadyuti	viśvadyuti	grade	24173	333-3	SCH-grade-12427_cases.xml	0
viSvadruh	vis4vadruh	viśvadruh	viśvadruh	grade	24174	333-3	SCH-grade-12427_cases.xml	0
viSvaBUti	Vis4vabhu1ti	viśvabhūti	viśvabhūti	grade	24176	333-3	SCH-grade-12427_cases.xml	0
viSvaMBaratA	vis4vam2bharata1	viśvaṃbharatā	viśvambharatā	grade	24177	333-3	SCH-grade-12427_cases.xml	0
viSvaMBarADara	vis4vam2bhara1dhara	viśvaṃbharādhara	viśvambharādhara	grade	24178	333-3	SCH-grade-12427_cases.xml	0
viSvaMBarApati	vis4vam2bhara1pati	viśvaṃbharāpati	viśvambharāpati	grade	24179	333-3	SCH-grade-12427_cases.xml	0
viSvaMBarABft	vis4vam2bhara1bhr2t	viśvaṃbharābhṛt	viśvambharābhṛt	grade	24180	333-3	SCH-grade-12427_cases.xml	0
viSvaMBareSa	vis4vam2bhares4a	viśvaṃbhareśa	viśvambhareśa	grade	24182	333-3	SCH-grade-12427_cases.xml	0
viSvaMBareSvara	vis4vam2bhares4vara	viśvaṃbhareśvara	viśvambhareśvara	grade	24183	333-3	SCH-grade-12427_cases.xml	0
viSvarUpa	Vis4varu1pa	viśvarūpa	viśvarūpa	grade	24184	333-3	SCH-grade-12427_cases.xml	0
viSvala	Vis4vala	viśvala	viśvala	grade	24185	333-3	SCH-grade-12427_cases.xml	0
viSvastAtva	vis4vasta1tva	viśvastātva	viśvastātva	grade	24186	334-1	SCH-grade-12427_cases.xml	0
viSvAkAra	vis4va1ka1ra	viśvākāra	viśvākāra	grade	24187	334-1	SCH-grade-12427_cases.xml	0
viSvAkfti	vis4va1kr2ti	viśvākṛti	viśvākṛti	grade	24188	334-1	SCH-grade-12427_cases.xml	0
viSvAnuloma	Vis4va1nuloma	viśvānuloma	viśvānuloma	grade	24189	334-1	SCH-grade-12427_cases.xml	0
viSvApin	vis4va1pin	viśvāpin	viśvāpin	grade	24190	334-1	SCH-grade-12427_cases.xml	0
viSvAvaloka	Vis4va1valoka	viśvāvaloka	viśvāvaloka	grade	24192	334-1	SCH-grade-12427_cases.xml	0
viSvAvasu	Vis4va1vasu	viśvāvasu	viśvāvasu	grade	24193	334-1	SCH-grade-12427_cases.xml	0
viSvAsa	vis4va1sa	viśvāsa	viśvāsa	grade	24194	334-1	SCH-grade-12427_cases.xml	0
viSvAsagamana	vis4va1sagamana	viśvāsagamana	viśvāsagamana	grade	24195	334-1	SCH-grade-12427_cases.xml	0
viSvAsaGAtaka	Vis4va1sagha1taka	viśvāsaghātaka	viśvāsaghātaka	grade	24196	334-1	SCH-grade-12427_cases.xml	0
viSvAsaGAtin	vis4va1sagha1tin	viśvāsaghātin	viśvāsaghātin	grade	24197	334-1	SCH-grade-12427_cases.xml	0
vizagrAha	vis2agra1ha	viṣagrāha	viṣagrāha	grade	24203	334-1	SCH-grade-12427_cases.xml	0
vizaDaradamana	vis2adharadamana	viṣadharadamana	viṣadharadamana	grade	24205	334-1	SCH-grade-12427_cases.xml	0
vizamakara	vis2amakara	viṣamakara	viṣamakara	grade	24207	334-1	SCH-grade-12427_cases.xml	0
vizamakusumaviSiKa	vis2amakusumavis4ikha	viṣamakusumaviśikha	viṣamakusumaviśikha	grade	24208	334-1	SCH-grade-12427_cases.xml	0
vizamaruci	vis2amaruci	viṣamaruci	viṣamaruci	grade	24215	334-2	SCH-grade-12427_cases.xml	0
vizamaroci	vis2amaroci	viṣamaroci	viṣamaroci	grade	24216	334-2	SCH-grade-12427_cases.xml	0
vizamalocana	vis2amalocana	viṣamalocana	viṣamalocana	grade	24217	334-2	SCH-grade-12427_cases.xml	0
vizamASva	vis2ama1s4va	viṣamāśva	viṣamāśva	grade	24220	334-2	SCH-grade-12427_cases.xml	0
vizayajuz	vis2ayajus2	viṣayajuṣ	viṣayajuṣ	grade	24222	334-2	SCH-grade-12427_cases.xml	0
vizayatAqita	vis2ayata1d2ita	viṣayatāḍita	viṣayatāḍita	grade	24223	334-2	SCH-grade-12427_cases.xml	0
vizwarIkfta	vis2t2ari1kr2ta	viṣṭarīkṛta	viṣṭarīkṛta	grade	24233	334-2	SCH-grade-12427_cases.xml	0
vizwikarmakara	vis2t2ikarmakara	viṣṭikarmakara	viṣṭikarmakara	grade	24235	334-2	SCH-grade-12427_cases.xml	0
vizRutaru	vis2n2utaru	viṣṇutaru	viṣnutaru	grade	24237	334-2	SCH-grade-12427_cases.xml	0
vizPArIkfta	vis2pha1ri1kr2ta	viṣphārīkṛta	viṣphārīkṛta	grade	24239	334-3	SCH-grade-12427_cases.xml	0
visaMviDa	visam2vidha	visaṃvidha	visanvidha	grade	24246	334-3	SCH-grade-12427_cases.xml	0
visaMsTA	visam2stha1	visaṃsthā	visansthā	grade	24247	334-3	SCH-grade-12427_cases.xml	0
visaMBrama	visam2bhrama	visaṃbhrama	visambhrama	grade	24250	334-3	SCH-grade-12427_cases.xml	0
visaras	visaras	visaras	visaras	grade	24252	334-3	SCH-grade-12427_cases.xml	0
visADvasa	visa1dhvasa	visādhvasa	visādhvasa	grade	24256	334-3	SCH-grade-12427_cases.xml	0
visfzwapezwa	visr2s2t2apes2t2a	visṛṣṭapeṣṭa	visṛṣṭapeṣṭa	grade	24262	334-3	SCH-grade-12427_cases.xml	0
vistAravant	vista1ravant	vistāravant	vistāravant	grade	24268	335-1	SCH-grade-12427_cases.xml	0
visPowavant	visphot2avant	visphoṭavant	visphoṭavant	grade	24280	335-1	SCH-grade-12427_cases.xml	0
vismayalatA	Vismayalata1	vismayalatā	vismayalatā	grade	24282	335-1	SCH-grade-12427_cases.xml	0
vismAyin	visma1yin	vismāyin	vismāyin	grade	24284	335-1	SCH-grade-12427_cases.xml	0
visramBaRIyatA	visrambhan2i1yata1	visrambhaṇīyatā	visrambhanīyatā	grade	24289	335-1	SCH-grade-12427_cases.xml	0
visrAvin	visra1vin	visrāvin	visrāvin	grade	24293	335-1	SCH-grade-12427_cases.xml	0
visvAdutA	visva1duta1	visvādutā	visvādutā	grade	24294	335-2	SCH-grade-12427_cases.xml	0
vihaMgI	viham2gi1	vihaṃgī	vihangī	grade	24296	335-2	SCH-grade-12427_cases.xml	0
vihastamanas	vihastamanas	vihastamanas	vihastamanas	grade	24299	335-2	SCH-grade-12427_cases.xml	0
vihastay	vihastay	vihastay	vihastay	grade	24300	335-2	SCH-grade-12427_cases.xml	0
vihAyaka	viha1yaka	vihāyaka	vihāyaka	grade	24302	335-2	SCH-grade-12427_cases.xml	0
vihAyaScara	viha1yas4cara	vihāyaścara	vihāyaścara	grade	24303	335-2	SCH-grade-12427_cases.xml	0
vihAyoga	viha1yoga	vihāyoga	vihāyoga	grade	24305	335-2	SCH-grade-12427_cases.xml	0
vihAyogama	viha1yogama	vihāyogama	vihāyogama	grade	24306	335-2	SCH-grade-12427_cases.xml	0
vihAyovihAra	viha1yoviha1ra	vihāyovihāra	vihāyovihāra	grade	24307	335-2	SCH-grade-12427_cases.xml	0
vihAradAsa	viha1rada1sa	vihāradāsa	vihāradāsa	grade	24309	335-2	SCH-grade-12427_cases.xml	0
vihAradevI	viha1radevi1	vihāradevī	vihāradevī	grade	24310	335-2	SCH-grade-12427_cases.xml	0
vihAraDarA	viha1radhara1	vihāradharā	vihāradharā	grade	24311	335-2	SCH-grade-12427_cases.xml	0
vihArapakzin	viha1rapaks2in	vihārapakṣin	vihārapakṣin	grade	24312	335-2	SCH-grade-12427_cases.xml	0
vihAraBAj	viha1rabha1j	vihārabhāj	vihārabhāj	grade	24313	335-2	SCH-grade-12427_cases.xml	0
vihAravApikA	viha1rava1pika1	vihāravāpikā	vihāravāpikā	grade	24315	335-2	SCH-grade-12427_cases.xml	0
vihitaviDeya	vihitavidheya	vihitavidheya	vihitavidheya	grade	24317	335-2	SCH-grade-12427_cases.xml	0
vIcikA	vi1cika1	vīcikā	vīcikā	grade	24322	335-3	SCH-grade-12427_cases.xml	0
vIcimatI	vi1cimati1	vīcimatī	vīcimatī	grade	24324	335-3	SCH-grade-12427_cases.xml	0
vIcimant	vi1cimant	vīcimant	vīcimant	grade	24325	335-3	SCH-grade-12427_cases.xml	0
vIRAvarta	vi1n2a1varta	vīṇāvarta	vīnāvarta	grade	24329	335-3	SCH-grade-12427_cases.xml	0
vIRonnIti	vi1n2onni1ti	vīṇonnīti	vīnonnīti	grade	24331	335-3	SCH-grade-12427_cases.xml	0
vIrakzetrasaMBavatva	vi1raks2etrasam2bhavatva	vīrakṣetrasaṃbhavatva	vīrakṣetrasambhavatva	grade	24341	335-3	SCH-grade-12427_cases.xml	0
vIrajanatva	vi1rajanatva	vīrajanatva	vīrajanatva	grade	24342	335-3	SCH-grade-12427_cases.xml	0
vIrabanDu	vi1rabandhu	vīrabandhu	vīrabandhu	grade	24349	336-1	SCH-grade-12427_cases.xml	0
vIraBErava	Vi1rabhairava	vīrabhairava	vīrabhairava	grade	24350	336-1	SCH-grade-12427_cases.xml	0
vIramati	Vi1ramati	vīramati	vīramati	grade	24351	336-1	SCH-grade-12427_cases.xml	0
vIraMmanyatA	vi1ram2manyata1	vīraṃmanyatā	vīrammanyatā	grade	24352	336-1	SCH-grade-12427_cases.xml	0
vIraSrIviBramadarpaRa	Vi1ras4ri1vibhramadarpan2a	vīraśrīvibhramadarpaṇa	vīraśrīvibhramadarpana	grade	24353	336-1	SCH-grade-12427_cases.xml	0
vIrAyita	vi1ra1yita	vīrāyita	vīrāyita	grade	24355	336-1	SCH-grade-12427_cases.xml	0
vIryastamBa	vi1ryastambha	vīryastambha	vīryastambha	grade	24357	336-1	SCH-grade-12427_cases.xml	0
vIryasruti	vi1ryasruti	vīryasruti	vīryasruti	grade	24358	336-1	SCH-grade-12427_cases.xml	0
vIvaDin	vi1vadhin	vīvadhin	vīvadhin	grade	24359	336-1	SCH-grade-12427_cases.xml	0
vudvARqa	vudva1n2d2a	vudvāṇḍa	vudvānḍa	grade	24361	336-1	SCH-grade-12427_cases.xml	0
vfkadaMSa	vr2kadam2s4a	vṛkadaṃśa	vṛkadanśa	grade	24362	336-1	SCH-grade-12427_cases.xml	0
vfkodarI	Vr2kodari1	vṛkodarī	vṛkodarī	grade	24363	336-1	SCH-grade-12427_cases.xml	0
vfkzanArI	vr2ks2ana1ri1	vṛkṣanārī	vṛkṣanārī	grade	24364	336-1	SCH-grade-12427_cases.xml	0
vfkzADirUQa	vr2ks2a1dhiru1d2ha	vṛkṣādhirūḍha	vṛkṣādhirūḍha	grade	24365	336-1	SCH-grade-12427_cases.xml	0
vfkzArUQaka	vr2ks2a1ru1d2haka	vṛkṣārūḍhaka	vṛkṣārūḍhaka	grade	24367	336-1	SCH-grade-12427_cases.xml	0
vfttapucCA	vr2ttapuccha1	vṛttapucchā	vṛttapucchā	grade	24371	336-1	SCH-grade-12427_cases.xml	0
vfttikAma	vr2ttika1ma	vṛttikāma	vṛttikāma	grade	24374	336-2	SCH-grade-12427_cases.xml	0
vfttIkftya	vr2tti1kr2tya	vṛttīkṛtya	vṛttīkṛtya	grade	24375	336-2	SCH-grade-12427_cases.xml	0
vftrArAti	Vr2tra1ra1ti	vṛtrārāti	vṛtrārāti	grade	24377	336-2	SCH-grade-12427_cases.xml	0
vfdDAvasyandin	vr2ddha1vasyandin	vṛddhāvasyandin	vṛddhāvasyandin	grade	24382	336-2	SCH-grade-12427_cases.xml	0
vfndAwavI	vr2nda1t2avi1	vṛndāṭavī	vṛndāṭavī	grade	24384	336-2	SCH-grade-12427_cases.xml	0
vfndAdevI	Vr2nda1devi1	vṛndādevī	vṛndādevī	grade	24385	336-2	SCH-grade-12427_cases.xml	0
vfScikabanDa	vr2s4cikabandha	vṛścikabandha	vṛścikabandha	grade	24388	336-2	SCH-grade-12427_cases.xml	0
vfzakapiDvaja	vr2s2akapidhvaja	vṛṣakapidhvaja	vṛṣakapidhvaja	grade	24390	336-2	SCH-grade-12427_cases.xml	0
vfzaGAta	vr2s2agha1ta	vṛṣaghāta	vṛṣaghāta	grade	24392	336-2	SCH-grade-12427_cases.xml	0
vfzaBabanDa	vr2s2abhabandha	vṛṣabhabandha	vṛṣabhabandha	grade	24395	336-2	SCH-grade-12427_cases.xml	0
vfzarAjaketu	vr2s2ara1jaketu	vṛṣarājaketu	vṛṣarājaketu	grade	24398	336-2	SCH-grade-12427_cases.xml	0
vfzAGAta	vr2s2a1gha1ta	vṛṣāghāta	vṛṣāghāta	grade	24400	336-2	SCH-grade-12427_cases.xml	0
vfsIdaRqa	vr2si1dan2d2a	vṛsīdaṇḍa	vṛsīdanḍa	grade	24405	336-3	SCH-grade-12427_cases.xml	0
vekawika	vekat2ika	vekaṭika	vekaṭika	grade	24407	336-3	SCH-grade-12427_cases.xml	0
vegaBAj	vegabha1j	vegabhāj	vegabhāj	grade	24409	336-3	SCH-grade-12427_cases.xml	0
veqambara	ved2ambara	veḍambara	veḍambara	grade	24410	336-3	SCH-grade-12427_cases.xml	0
veqavana	ved2avana	veḍavana	veḍavana	grade	24411	336-3	SCH-grade-12427_cases.xml	0
veqikA	ved2ika1	veḍikā	veḍikā	grade	24412	336-3	SCH-grade-12427_cases.xml	0
veRibanDa	ven2ibandha	veṇibandha	venibandha	grade	24414	336-3	SCH-grade-12427_cases.xml	0
veRIkfta	ven2i1kr2ta	veṇīkṛta	venīkṛta	grade	24416	336-3	SCH-grade-12427_cases.xml	0
veRudArita	ven2uda1rita	veṇudārita	venudārita	grade	24417	336-3	SCH-grade-12427_cases.xml	0
veRudAritaka	ven2uda1ritaka	veṇudāritaka	venudāritaka	grade	24418	336-3	SCH-grade-12427_cases.xml	0
veRuvidArita	ven2uvida1rita	veṇuvidārita	venuvidārita	grade	24420	336-3	SCH-grade-12427_cases.xml	0
veRuvidAritaka	ven2uvida1ritaka	veṇuvidāritaka	venuvidāritaka	grade	24421	336-3	SCH-grade-12427_cases.xml	0
vetanopagrAhika	vetanopagra1hika	vetanopagrāhika	vetanopagrāhika	grade	24422	336-3	SCH-grade-12427_cases.xml	0
vetAlIya	veta1li1ya	vetālīya	vetālīya	grade	24423	336-3	SCH-grade-12427_cases.xml	0
vetrANkA	vetra1n3ka1	vetrāṅkā	vetrānkā	grade	24428	336-3	SCH-grade-12427_cases.xml	0
vetrAyamARa	vetra1yama1n2a	vetrāyamāṇa	vetrāyamāna	grade	24429	336-3	SCH-grade-12427_cases.xml	0
vedavedin	vedavedin	vedavedin	vedavedin	grade	24432	337-1	SCH-grade-12427_cases.xml	0
vedavEvaDika	vedavaivadhika	vedavaivadhika	vedavaivadhika	grade	24433	337-1	SCH-grade-12427_cases.xml	0
veDanAgra	vedhana1gra	vedhanāgra	vedhanāgra	grade	24440	337-1	SCH-grade-12427_cases.xml	0
veDaviDAyinI	vedhavidha1yini1	vedhavidhāyinī	vedhavidhāyinī	grade	24441	337-1	SCH-grade-12427_cases.xml	0
verama	Verama	verama	verama	grade	24442	337-1	SCH-grade-12427_cases.xml	0
velAcalakulAyate	vela1calakula1yate	velācalakulāyate	velācalakulāyate	grade	24444	337-1	SCH-grade-12427_cases.xml	0
vellanA	vellana1	vellanā	vellanā	grade	24449	337-1	SCH-grade-12427_cases.xml	0
vellika	vellika	vellika	vellika	grade	24451	337-1	SCH-grade-12427_cases.xml	0
veSavAwa	ves4ava1t2a	veśavāṭa	veśavāṭa	grade	24454	337-1	SCH-grade-12427_cases.xml	0
veSavITikA	ves4avi1thika1	veśavīthikā	veśavīthikā	grade	24455	337-2	SCH-grade-12427_cases.xml	0
veSmanIra	ves4mani1ra	veśmanīra	veśmanīra	grade	24456	337-2	SCH-grade-12427_cases.xml	0
vezakAraka	ves2aka1raka	veṣakāraka	veṣakāraka	grade	24459	337-2	SCH-grade-12427_cases.xml	0
vezaparAvarta	ves2apara1varta	veṣaparāvarta	veṣaparāvarta	grade	24460	337-2	SCH-grade-12427_cases.xml	0
vezaparivarta	ves2aparivarta	veṣaparivarta	veṣaparivarta	grade	24461	337-2	SCH-grade-12427_cases.xml	0
vezamuni	ves2amuni	veṣamuni	veṣamuni	grade	24462	337-2	SCH-grade-12427_cases.xml	0
vezwanA	ves2t2ana1	veṣṭanā	veṣṭanā	grade	24464	337-2	SCH-grade-12427_cases.xml	0
vEkartani	Vaikartani	vaikartani	vaikartani	grade	24472	337-2	SCH-grade-12427_cases.xml	0
vEkuRWatA	vaikun2t2hata1	vaikuṇṭhatā	vaikunṭhatā	grade	24474	337-2	SCH-grade-12427_cases.xml	0
vEkuRWamati	Vaikun2t2hamati	vaikuṇṭhamati	vaikunṭhamati	grade	24475	337-2	SCH-grade-12427_cases.xml	0
vEkfntakaDAtu	vaikr2ntakadha1tu	vaikṛntakadhātu	vaikṛntakadhātu	grade	24477	337-2	SCH-grade-12427_cases.xml	0
vEtra	vaitra	vaitra	vaitra	grade	24491	337-3	SCH-grade-12427_cases.xml	0
vEdyavidyAvilAsa	Vaidyavidya1vila1sa	vaidyavidyāvilāsa	vaidyavidyāvilāsa	grade	24496	337-3	SCH-grade-12427_cases.xml	0
vEDaraRa	vaidharan2a	vaidharaṇa	vaidharana	grade	24498	337-3	SCH-grade-12427_cases.xml	0
vEDrya	vaidhrya	vaidhrya	vaidhrya	grade	24500	337-3	SCH-grade-12427_cases.xml	0
vEnidrya	vainidrya	vainidrya	vainidrya	grade	24503	337-3	SCH-grade-12427_cases.xml	0
vEBAkara	vaibha1kara	vaibhākara	vaibhākara	grade	24505	338-1	SCH-grade-12427_cases.xml	0
vEyaYjana	vaiyan5jana	vaiyañjana	vaiyanjana	grade	24511	338-1	SCH-grade-12427_cases.xml	0
vEyyAvftyakara	vaiyya1vr2tyakara	vaiyyāvṛtyakara	vaiyyāvṛtyakara	grade	24514	338-1	SCH-grade-12427_cases.xml	0
vEyyAvftyavikraya	vaiyya1vr2tyavikraya	vaiyyāvṛtyavikraya	vaiyyāvṛtyavikraya	grade	24515	338-1	SCH-grade-12427_cases.xml	0
vEraYca	vairan5ca	vairañca	vairanca	grade	24517	338-1	SCH-grade-12427_cases.xml	0
vESasa	vais4asa	vaiśasa	vaiśasa	grade	24527	338-1	SCH-grade-12427_cases.xml	0
vESAKa	vais4a1kha	vaiśākha	vaiśākha	grade	24528	338-1	SCH-grade-12427_cases.xml	0
vESvalopa	vais4valopa	vaiśvalopa	vaiśvalopa	grade	24529	338-1	SCH-grade-12427_cases.xml	0
vESvAnarakarma	vais4va1narakarma	vaiśvānarakarma	vaiśvānarakarma	grade	24530	338-2	SCH-grade-12427_cases.xml	0
vEhAyaka	vaiha1yaka	vaihāyaka	vaihāyaka	grade	24533	338-2	SCH-grade-12427_cases.xml	0
vEhAyika	vaiha1yika	vaihāyika	vaihāyika	grade	24534	338-2	SCH-grade-12427_cases.xml	0
voGa	vogha	vogha	vogha	grade	24537	338-2	SCH-grade-12427_cases.xml	0
vowa	vot2a	voṭa	voṭa	grade	24538	338-2	SCH-grade-12427_cases.xml	0
vosa	Vosa	vosa	vosa	grade	24539	338-2	SCH-grade-12427_cases.xml	0
vyaktetarIkfta	vyaktetari1kr2ta	vyaktetarīkṛta	vyaktetarīkṛta	grade	24544	338-2	SCH-grade-12427_cases.xml	0
vyagriman	vyagriman	vyagriman	vyagriman	grade	24545	338-2	SCH-grade-12427_cases.xml	0
vyajanaputrikA	vyajanaputrika1	vyajanaputrikā	vyajanaputrikā	grade	24546	338-2	SCH-grade-12427_cases.xml	0
vyajanAyamAna	vyajana1yama1na	vyajanāyamāna	vyajanāyamāna	grade	24547	338-2	SCH-grade-12427_cases.xml	0
vyatikrAntavant	vyatikra1ntavant	vyatikrāntavant	vyatikrāntavant	grade	24551	338-2	SCH-grade-12427_cases.xml	0
vyaticalana	vyaticalana	vyaticalana	vyaticalana	grade	24552	338-2	SCH-grade-12427_cases.xml	0
vyatipativratA	vyatipativrata1	vyatipativratā	vyatipativratā	grade	24553	338-3	SCH-grade-12427_cases.xml	0
vyatilaNGana	vyatilan3ghana	vyatilaṅghana	vyatilanghana	grade	24554	338-3	SCH-grade-12427_cases.xml	0
vyatyasana	vyatyasana	vyatyasana	vyatyasana	grade	24556	338-3	SCH-grade-12427_cases.xml	0
vyatyAsana	vyatya1sana	vyatyāsana	vyatyāsana	grade	24557	338-3	SCH-grade-12427_cases.xml	0
vyaTAmant	vyatha1mant	vyathāmant	vyathāmant	grade	24560	338-3	SCH-grade-12427_cases.xml	0
vyapohana	vyapohana	vyapohana	vyapohana	grade	24567	338-3	SCH-grade-12427_cases.xml	0
vyayagrAhin	vyayagra1hin	vyayagrāhin	vyayagrāhin	grade	24571	338-3	SCH-grade-12427_cases.xml	0
vyasanAkara	Vyasana1kara	vyasanākara	vyasanākara	grade	24590	339-1	SCH-grade-12427_cases.xml	0
vyAGraGAtinI	vya1ghragha1tini1	vyāghraghātinī	vyāghraghātinī	grade	24601	339-1	SCH-grade-12427_cases.xml	0
vyAGraturA	vya1ghratura1	vyāghraturā	vyāghraturā	grade	24602	339-1	SCH-grade-12427_cases.xml	0
vyAGrapallI	vya1ghrapalli1	vyāghrapallī	vyāghrapallī	grade	24604	339-2	SCH-grade-12427_cases.xml	0
vyAGrapallIya	Vya1ghrapalli1(ya)	vyāghrapallīya	vyāghrapallīya	grade	24605	339-2	SCH-grade-12427_cases.xml	0
vyAGramAriRI	vya1ghrama1rin2i1	vyāghramāriṇī	vyāghramārinī	grade	24606	339-2	SCH-grade-12427_cases.xml	0
vyAGramArI	vya1ghrama1ri1	vyāghramārī	vyāghramārī	grade	24607	339-2	SCH-grade-12427_cases.xml	0
vyAGrahantrI	vya1ghrahantri1	vyāghrahantrī	vyāghrahantrī	grade	24609	339-2	SCH-grade-12427_cases.xml	0
vyAGrAvaskanDana	vya1ghra1vaskandhana	vyāghrāvaskandhana	vyāghrāvaskandhana	grade	24610	339-2	SCH-grade-12427_cases.xml	0
vyAjajYa	vya1jajn5a	vyājajña	vyājajna	grade	24611	339-2	SCH-grade-12427_cases.xml	0
vyAjfmBa	vya1jr2mbha	vyājṛmbha	vyājṛmbha	grade	24613	339-2	SCH-grade-12427_cases.xml	0
vyAditsA	vya1ditsa1	vyāditsā	vyāditsā	grade	24615	339-2	SCH-grade-12427_cases.xml	0
vyAnataka	vya1nataka	vyānataka	vyānataka	grade	24620	339-2	SCH-grade-12427_cases.xml	0
vyApa	vya1pa	vyāpa	vyāpa	grade	24621	339-2	SCH-grade-12427_cases.xml	0
vyApahAsI	vya1paha1si1	vyāpahāsī	vyāpahāsī	grade	24623	339-2	SCH-grade-12427_cases.xml	0
vyApft	vya1pr2t	vyāpṛt	vyāpṛt	grade	24627	339-2	SCH-grade-12427_cases.xml	0
vyApftatA	vya1pr2tata1	vyāpṛtatā	vyāpṛtatā	grade	24628	339-2	SCH-grade-12427_cases.xml	0
vyAyataka	vya1yataka	vyāyataka	vyāyataka	grade	24634	339-3	SCH-grade-12427_cases.xml	0
vyAlikA	Vya1lika1	vyālikā	vyālikā	grade	24637	339-3	SCH-grade-12427_cases.xml	0
vyAvarRana	vya1varn2ana	vyāvarṇana	vyāvarnana	grade	24639	339-3	SCH-grade-12427_cases.xml	0
vyAvalgana	vya1valgana	vyāvalgana	vyāvalgana	grade	24640	339-3	SCH-grade-12427_cases.xml	0
vyASAkula	vya1s4a1kula	vyāśākula	vyāśākula	grade	24642	339-3	SCH-grade-12427_cases.xml	0
vyASrayatva	vya1s4rayatva	vyāśrayatva	vyāśrayatva	grade	24643	339-3	SCH-grade-12427_cases.xml	0
vyAzidDA	vya1s2iddha1	vyāṣiddhā	vyāṣiddhā	grade	24644	339-3	SCH-grade-12427_cases.xml	0
vyAstAra	vya1sta1ra	vyāstāra	vyāstāra	grade	24647	339-3	SCH-grade-12427_cases.xml	0
vyUQatva	vyu1d2hatva	vyūḍhatva	vyūḍhatva	grade	24656	339-3	SCH-grade-12427_cases.xml	0
vyeya	vyeya	vyeya	vyeya	grade	24657	339-3	SCH-grade-12427_cases.xml	0
vyomapada	vyomapada	vyomapada	vyomapada	grade	24659	340-1	SCH-grade-12427_cases.xml	0
vyomApagA	vyoma1paga1	vyomāpagā	vyomāpagā	grade	24661	340-1	SCH-grade-12427_cases.xml	0
vrajavAsin	vrajava1sin	vrajavāsin	vrajavāsin	grade	24664	340-2	SCH-grade-12427_cases.xml	0
vratabanDa	vratabandha	vratabandha	vratabandha	grade	24668	340-2	SCH-grade-12427_cases.xml	0
vratApa	vrata1pa	vratāpa	vratāpa	grade	24670	340-2	SCH-grade-12427_cases.xml	0
vrIlA	vri1la1	vrīlā	vrīlā	grade	24675	340-3	SCH-grade-12427_cases.xml	0
Sa	s4a	śa	śa	grade	24681	340-3	SCH-grade-12427_cases.xml	0
SaMyeya	s4am2yeya	śaṃyeya	śanyeya	grade	24682	340-3	SCH-grade-12427_cases.xml	0
Sakawa	S4akat2a	śakaṭa	śakaṭa	grade	24686	340-3	SCH-grade-12427_cases.xml	0
SakaqAla	S4akad2a1la	śakaḍāla	śakaḍāla	grade	24688	340-3	SCH-grade-12427_cases.xml	0
Sakuna	s4akuna	śakuna	śakuna	grade	24694	340-3	SCH-grade-12427_cases.xml	0
SakunAgAra	s4akuna1ga1ra	śakunāgāra	śakunāgāra	grade	24695	340-3	SCH-grade-12427_cases.xml	0
SakunAvAsa	s4akuna1va1sa	śakunāvāsa	śakunāvāsa	grade	24696	340-3	SCH-grade-12427_cases.xml	0
SakunteSvara	s4akuntes4vara	śakunteśvara	śakunteśvara	grade	24698	340-2	SCH-grade-12427_cases.xml	0
Sakuli	s4akuli	śakuli	śakuli	grade	24700	340-2	SCH-grade-12427_cases.xml	0
Sakowa	s4akot2a	śakoṭa	śakoṭa	grade	24702	340-2	SCH-grade-12427_cases.xml	0
Sakti	s4akti	śakti	śakti	grade	24703	340-2	SCH-grade-12427_cases.xml	0
SaktikArtikeya	S4aktika1rtikeya	śaktikārtikeya	śaktikārtikeya	grade	24704	340-2	SCH-grade-12427_cases.xml	0
Saktitattva	s4aktitattva	śaktitattva	śaktitattva	grade	24705	340-2	SCH-grade-12427_cases.xml	0
Saktitva	s4aktitva	śaktitva	śaktitva	grade	24706	340-2	SCH-grade-12427_cases.xml	0
SaktipAta	s4aktipa1ta	śaktipāta	śaktipāta	grade	24707	340-2	SCH-grade-12427_cases.xml	0
SaktibanDa	s4aktibandha	śaktibandha	śaktibandha	grade	24708	340-2	SCH-grade-12427_cases.xml	0
Sakra	s4akra	śakra	śakra	grade	24709	340-2	SCH-grade-12427_cases.xml	0
SakratanUja	S4akratanu1ja	śakratanūja	śakratanūja	grade	24711	340-3	SCH-grade-12427_cases.xml	0
SakraBU	S4akrabhu1	śakrabhū	śakrabhū	grade	24713	340-3	SCH-grade-12427_cases.xml	0
SakrArcA	s4akra1rca1	śakrārcā	śakrārcā	grade	24716	340-3	SCH-grade-12427_cases.xml	0
SaNk	s4an3k	śaṅk	śank	grade	24718	340-3	SCH-grade-12427_cases.xml	0
SaNkana	s4an3kana	śaṅkana	śankana	grade	24719	340-3	SCH-grade-12427_cases.xml	0
SaMkara	S4am2kara	śaṃkara	śankara	grade	24720	340-3	SCH-grade-12427_cases.xml	0
SaNkABaNga	s4an3ka1bhan3ga	śaṅkābhaṅga	śankābhanga	grade	24723	340-3	SCH-grade-12427_cases.xml	0
SaNkAvaha	s4an3ka1vaha	śaṅkāvaha	śankāvaha	grade	24724	340-3	SCH-grade-12427_cases.xml	0
SaNkin	s4an3kin	śaṅkin	śankin	grade	24725	341-1	SCH-grade-12427_cases.xml	0
SaNkuSArdUla	S4an3kus4a1rdu1la	śaṅkuśārdūla	śankuśārdūla	grade	24727	341-1	SCH-grade-12427_cases.xml	0
SaNKagalA	s4an3khagala1	śaṅkhagalā	śankhagalā	grade	24729	341-1	SCH-grade-12427_cases.xml	0
SaNKanaka	S4an3khanaka	śaṅkhanaka	śankhanaka	grade	24730	341-1	SCH-grade-12427_cases.xml	0
SaNKabanDa	s4an3khabandha	śaṅkhabandha	śankhabandha	grade	24732	341-1	SCH-grade-12427_cases.xml	0
SaNKamuktAgrAhin	s4an3khamukta1gra1hin	śaṅkhamuktāgrāhin	śankhamuktāgrāhin	grade	24733	341-1	SCH-grade-12427_cases.xml	0
SaNKANkuSa	S4an3kha1n3kus4a	śaṅkhāṅkuśa	śankhānkuśa	grade	24737	341-1	SCH-grade-12427_cases.xml	0
SacISa	S4aci1s4a	śacīśa	śacīśa	grade	24739	341-1	SCH-grade-12427_cases.xml	0
SaWapratiSaWanyAya	s4at2hapratis4at2hanya1ya	śaṭhapratiśaṭhanyāya	śaṭhapratiśaṭhanyāya	grade	24742	341-1	SCH-grade-12427_cases.xml	0
SaRqa	s4an2d2a	śaṇḍa	śanḍa	grade	24744	341-1	SCH-grade-12427_cases.xml	0
SatakratucApa	s4atakratuca1pa	śatakratucāpa	śatakratucāpa	grade	24747	341-1	SCH-grade-12427_cases.xml	0
Satakratuvikrama	S4atakratuvikrama	śatakratuvikrama	śatakratuvikrama	grade	24748	341-1	SCH-grade-12427_cases.xml	0
SataKaRqakaraRa	s4atakhan2d2akaran2a	śatakhaṇḍakaraṇa	śatakhanḍakarana	grade	24749	341-2	SCH-grade-12427_cases.xml	0
SataKaRqatva	s4atakhan2d2atva	śatakhaṇḍatva	śatakhanḍatva	grade	24750	341-2	SCH-grade-12427_cases.xml	0
SataKaRqIkaraRa	s4atakhan2d2i1karan2a	śatakhaṇḍīkaraṇa	śatakhanḍīkarana	grade	24751	341-2	SCH-grade-12427_cases.xml	0
SataKaRqIkf	s4atakhan2d2i1kr2	śatakhaṇḍīkṛ	śatakhanḍīkṛ	grade	24752	341-2	SCH-grade-12427_cases.xml	0
SataKaRqIBavat	s4atakhan2d2i1bhavat	śatakhaṇḍībhavat	śatakhanḍībhavat	grade	24753	341-2	SCH-grade-12427_cases.xml	0
SataguRIkfta	s4atagun2i1kr2ta	śataguṇīkṛta	śatagunīkṛta	grade	24754	341-2	SCH-grade-12427_cases.xml	0
SatadunduBi	S4atadundubhi	śatadundubhi	śatadundubhi	grade	24757	341-2	SCH-grade-12427_cases.xml	0
SataparyA	[°s4ataparya1	śataparyā	śataparyā	grade	24761	341-2	SCH-grade-12427_cases.xml	0
SatamaKAnuja	S4atamakha1nuja	śatamakhānuja	śatamakhānuja	grade	24766	341-2	SCH-grade-12427_cases.xml	0
SatamaKIBAva	S4atamakhi1bha1va	śatamakhībhāva	śatamakhībhāva	grade	24767	341-2	SCH-grade-12427_cases.xml	0
SatamanyukAzWA	S4atamanyuka1s2t2ha1	śatamanyukāṣṭhā	śatamanyukāṣṭhā	grade	24768	341-2	SCH-grade-12427_cases.xml	0
SatamanyutA	s4atamanyuta1	śatamanyutā	śatamanyutā	grade	24769	341-2	SCH-grade-12427_cases.xml	0
SatamanyudiSA	S4atamanyudis4a1	śatamanyudiśā	śatamanyudiśā	grade	24770	341-2	SCH-grade-12427_cases.xml	0
SataraSmi	s4ataras4mi	śataraśmi	śataraśmi	grade	24773	341-2	SCH-grade-12427_cases.xml	0
SataveDin	s4atavedhin	śatavedhin	śatavedhin	grade	24774	341-2	SCH-grade-12427_cases.xml	0
SataSAKatA	s4atas4a1khata1	śataśākhatā	śataśākhatā	grade	24777	341-3	SCH-grade-12427_cases.xml	0
SataSiKara	s4atas4ikhara	śataśikhara	śataśikhara	grade	24778	341-3	SCH-grade-12427_cases.xml	0
SatAMSada	s4ata1m2s4ada	śatāṃśada	śatānśada	grade	24779	341-3	SCH-grade-12427_cases.xml	0
SatANga	s4ata1n3ga	śatāṅga	śatānga	grade	24780	341-3	SCH-grade-12427_cases.xml	0
SatAnandapura	S4ata1nandapura	śatānandapura	śatānandapura	grade	24782	341-3	SCH-grade-12427_cases.xml	0
SatASri	s4ata1s4ri	śatāśri	śatāśri	grade	24784	341-3	SCH-grade-12427_cases.xml	0
Sada	s4ada	śada	śada	grade	24787	341-3	SCH-grade-12427_cases.xml	0
Sadin	s4adin	śadin	śadin	grade	24788	341-3	SCH-grade-12427_cases.xml	0
SanEScaraBrAtar	s4anais4carabhra1tar	śanaiścarabhrātar	śanaiścarabhrātar	grade	24789	341-3	SCH-grade-12427_cases.xml	0
SaMtanuja	S4am2tanuja	śaṃtanuja	śantanuja	grade	24790	341-3	SCH-grade-12427_cases.xml	0
SaMdadat	s4am2dadat	śaṃdadat	śandadat	grade	24791	341-3	SCH-grade-12427_cases.xml	0
SapaTa	s4apatha	śapatha	śapatha	grade	24793	341-3	SCH-grade-12427_cases.xml	0
SaParaDvaja	s4apharadhvaja	śapharadhvaja	śapharadhvaja	grade	24794	341-3	SCH-grade-12427_cases.xml	0
SaParuka	s4apharuka	śapharuka	śapharuka	grade	24795	341-3	SCH-grade-12427_cases.xml	0
SabdakartarI	s4abdakartari1	śabdakartarī	śabdakartarī	grade	24801	341-3	SCH-grade-12427_cases.xml	0
SabdagarjitA	s4abdagarjita1	śabdagarjitā	śabdagarjitā	grade	24802	341-3	SCH-grade-12427_cases.xml	0
SabdasPowana	s4abdasphot2ana	śabdasphoṭana	śabdasphoṭana	grade	24805	341-3	SCH-grade-12427_cases.xml	0
SabdAnubanDin	s4abda1nubandhin	śabdānubandhin	śabdānubandhin	grade	24806	341-3	SCH-grade-12427_cases.xml	0
SabdAla	s4abda1la	śabdāla	śabdāla	grade	24807	342-1	SCH-grade-12427_cases.xml	0
SabdEtihya	s4abdaitihya	śabdaitihya	śabdaitihya	grade	24808	342-1	SCH-grade-12427_cases.xml	0
Sama	s4ama	śama	śama	grade	24810	342-1	SCH-grade-12427_cases.xml	0
Samada	s4amada	śamada	śamada	grade	24811	342-1	SCH-grade-12427_cases.xml	0
SamPalI	s4amphali1	śamphalī	śamphalī	grade	24816	342-1	SCH-grade-12427_cases.xml	0
SaMPallI	s4am2phalli1	śaṃphallī	śamphallī	grade	24817	342-1	SCH-grade-12427_cases.xml	0
SambaraBid	S4ambarabhid	śambarabhid	śambarabhid	grade	24819	342-1	SCH-grade-12427_cases.xml	0
SambaravErin	S4ambaravairin	śambaravairin	śambaravairin	grade	24820	342-1	SCH-grade-12427_cases.xml	0
SambaraSAna	S4ambaras4a1na	śambaraśāna	śambaraśāna	grade	24821	342-1	SCH-grade-12427_cases.xml	0
SamBalI	s4ambhali1	śambhalī	śambhalī	grade	24824	342-1	SCH-grade-12427_cases.xml	0
SamBuSiKarin	S4ambhus4ikharin	śambhuśikharin	śambhuśikharin	grade	24826	342-1	SCH-grade-12427_cases.xml	0
SayanAgAra	s4ayana1ga1ra	śayanāgāra	śayanāgāra	grade	24828	342-1	SCH-grade-12427_cases.xml	0
SarakuralI	s4arakurali1	śarakuralī	śarakuralī	grade	24833	342-1	SCH-grade-12427_cases.xml	0
SaraRa	s4aran2a	śaraṇa	śarana	grade	24835	342-2	SCH-grade-12427_cases.xml	0
Sarada	s4arada	śarada	śarada	grade	24837	342-2	SCH-grade-12427_cases.xml	0
SaraPara	s4araphara	śaraphara	śaraphara	grade	24839	342-2	SCH-grade-12427_cases.xml	0
SarabanDa	s4arabandha	śarabandha	śarabandha	grade	24840	342-2	SCH-grade-12427_cases.xml	0
SaraBakrIqita	s4arabhakri1d2ita	śarabhakrīḍita	śarabhakrīḍita	grade	24841	342-2	SCH-grade-12427_cases.xml	0
SaraBapluta	s4arabhapluta	śarabhapluta	śarabhapluta	grade	24842	342-2	SCH-grade-12427_cases.xml	0
SaramAsuta	s4arama1suta	śaramāsuta	śaramāsuta	grade	24845	342-2	SCH-grade-12427_cases.xml	0
SaravyIkfta	s4aravyi1kr2ta	śaravyīkṛta	śaravyīkṛta	grade	24846	342-2	SCH-grade-12427_cases.xml	0
SarAsicApin	s4ara1sica1pin	śarāsicāpin	śarāsicāpin	grade	24850	342-2	SCH-grade-12427_cases.xml	0
SarIra	s4ari1ra	śarīra	śarīra	grade	24851	342-2	SCH-grade-12427_cases.xml	0
SarIrakaRwaka	s4ari1rakan2t2aka	śarīrakaṇṭaka	śarīrakanṭaka	grade	24852	342-2	SCH-grade-12427_cases.xml	0
SarIrakAzWa	s4ari1raka1s2t2ha	śarīrakāṣṭha	śarīrakāṣṭha	grade	24853	342-2	SCH-grade-12427_cases.xml	0
SarvarIkuwumba	s4arvari1kut2umba	śarvarīkuṭumba	śarvarīkuṭumba	grade	24860	342-3	SCH-grade-12427_cases.xml	0
SarvEzin	s4arvais2in	śarvaiṣin	śarvaiṣin	grade	24861	342-3	SCH-grade-12427_cases.xml	0
Sala	s4ala	śala	śala	grade	24863	342-3	SCH-grade-12427_cases.xml	0
Salalin	s4alalin	śalalin	śalalin	grade	24866	342-3	SCH-grade-12427_cases.xml	0
salAkAnyAsa	sala1ka1nya1sa	salākānyāsa	salākānyāsa	grade	24868	342-3	SCH-grade-12427_cases.xml	0
SalAkApratigrAhaka	s4ala1ka1pratigra1haka	śalākāpratigrāhaka	śalākāpratigrāhaka	grade	24869	342-3	SCH-grade-12427_cases.xml	0
Salka	s4alka	śalka	śalka	grade	24872	342-3	SCH-grade-12427_cases.xml	0
Salya	s4alya	śalya	śalya	grade	24874	342-3	SCH-grade-12427_cases.xml	0
SalyabAla	s4alyaba1la	śalyabāla	śalyabāla	grade	24875	342-3	SCH-grade-12427_cases.xml	0
SalyasaNga	s4alyasan3ga	śalyasaṅga	śalyasanga	grade	24877	342-3	SCH-grade-12427_cases.xml	0
SalyIBavati	s4alyi1bhavati	śalyībhavati	śalyībhavati	grade	24879	342-3	SCH-grade-12427_cases.xml	0
SavadvAra	s4avadva1ra	śavadvāra	śavadvāra	grade	24880	343-1	SCH-grade-12427_cases.xml	0
SavaSIla	s4avas4i1la	śavaśīla	śavaśīla	grade	24881	343-1	SCH-grade-12427_cases.xml	0
SaSakapluta	s4as4akapluta	śaśakapluta	śaśakapluta	grade	24883	343-1	SCH-grade-12427_cases.xml	0
SaSakarRa	s4as4akarn2a	śaśakarṇa	śaśakarna	grade	24884	343-1	SCH-grade-12427_cases.xml	0
SaSadaMSa	s4as4adam2s4a	śaśadaṃśa	śaśadanśa	grade	24885	343-1	SCH-grade-12427_cases.xml	0
SaSaDarakalAmOli	s4as4adharakala1mauli	śaśadharakalāmauli	śaśadharakalāmauli	grade	24886	343-1	SCH-grade-12427_cases.xml	0
SaSaDaramaRi	s4as4adharaman2i	śaśadharamaṇi	śaśadharamani	grade	24887	343-1	SCH-grade-12427_cases.xml	0
SaSaDaramOli	s4as4adharamauli	śaśadharamauli	śaśadharamauli	grade	24888	343-1	SCH-grade-12427_cases.xml	0
SaSapluta	s4as4apluta	śaśapluta	śaśapluta	grade	24889	343-1	SCH-grade-12427_cases.xml	0
SaSaBfnmaRi	s4as4abhr2nman2i	śaśabhṛnmaṇi	śaśabhṛnmani	grade	24891	343-1	SCH-grade-12427_cases.xml	0
SaSalakzmaBft	s4as4alaks2mabhr2t	śaśalakṣmabhṛt	śaśalakṣmabhṛt	grade	24893	343-1	SCH-grade-12427_cases.xml	0
SaSalakzmamOli	s4as4alaks2mamauli	śaśalakṣmamauli	śaśalakṣmamauli	grade	24894	343-1	SCH-grade-12427_cases.xml	0
SaSaSASin	s4as4as4a1s4in	śaśaśāśin	śaśaśāśin	grade	24895	343-1	SCH-grade-12427_cases.xml	0
SaSANkakalAvacUla	s4as4a1n3kakala1vacu1la	śaśāṅkakalāvacūla	śaśānkakalāvacūla	grade	24896	343-1	SCH-grade-12427_cases.xml	0
SaSANkakalAvataMsa	s4as4a1n3kakala1vatam2sa	śaśāṅkakalāvataṃsa	śaśānkakalāvatansa	grade	24897	343-1	SCH-grade-12427_cases.xml	0
SaSANkakAnta	s4as4a1n3kaka1nta	śaśāṅkakānta	śaśānkakānta	grade	24898	343-1	SCH-grade-12427_cases.xml	0
SaSANkamOli	s4as4a1n3kamauli	śaśāṅkamauli	śaśānkamauli	grade	24899	343-1	SCH-grade-12427_cases.xml	0
SaSANkaSakalABaraRa	s4as4a1n3kas4akala1bharan2a	śaśāṅkaśakalābharaṇa	śaśānkaśakalābharana	grade	24900	343-1	SCH-grade-12427_cases.xml	0
SaSikalANkita	s4as4ikala1n3kita	śaśikalāṅkita	śaśikalānkita	grade	24902	343-1	SCH-grade-12427_cases.xml	0
SaSikalABaraRa	s4as4ikala1bharan2a	śaśikalābharaṇa	śaśikalābharana	grade	24903	343-1	SCH-grade-12427_cases.xml	0
SaSikalASiKa	s4as4ikala1s4ikha	śaśikalāśikha	śaśikalāśikha	grade	24904	343-1	SCH-grade-12427_cases.xml	0
SaSikeSa	s4as4ikes4a	śaśikeśa	śaśikeśa	grade	24905	343-1	SCH-grade-12427_cases.xml	0
SaSiKaRqamOli	s4as4ikhan2d2amauli	śaśikhaṇḍamauli	śaśikhanḍamauli	grade	24906	343-1	SCH-grade-12427_cases.xml	0
SaSidaMSa	s4as4idam2s4a	śaśidaṃśa	śaśidanśa	grade	24907	343-1	SCH-grade-12427_cases.xml	0
SaSiDara	s4as4idhara	śaśidhara	śaśidhara	grade	24908	343-1	SCH-grade-12427_cases.xml	0
SaSimukuwa	s4as4imukut2a	śaśimukuṭa	śaśimukuṭa	grade	24910	343-1	SCH-grade-12427_cases.xml	0
SaSiruc	s4as4iruc	śaśiruc	śaśiruc	grade	24911	343-2	SCH-grade-12427_cases.xml	0
SaSileKA	s4as4ilekha1	śaśilekhā	śaśilekhā	grade	24912	343-2	SCH-grade-12427_cases.xml	0
SaSiSiras	s4as4is4iras	śaśiśiras	śaśiśiras	grade	24913	343-2	SCH-grade-12427_cases.xml	0
SaSIra	s4as4i1ra	śaśīra	śaśīra	grade	24914	343-2	SCH-grade-12427_cases.xml	0
SazkulIkarRa	s4as2kuli1karn2a	śaṣkulīkarṇa	śaṣkulīkarna	grade	24915	343-2	SCH-grade-12427_cases.xml	0
SastragrAhin	s4astragra1hin	śastragrāhin	śastragrāhin	grade	24918	343-2	SCH-grade-12427_cases.xml	0
SastraSiKin	s4astras4ikhin	śastraśikhin	śastraśikhin	grade	24919	343-2	SCH-grade-12427_cases.xml	0
Sastrasajja	s4astrasajja	śastrasajja	śastrasajja	grade	24920	343-2	SCH-grade-12427_cases.xml	0
Sastrahasta	s4astrahasta	śastrahasta	śastrahasta	grade	24921	343-2	SCH-grade-12427_cases.xml	0
SastrAjIva	s4astra1ji1va	śastrājīva	śastrājīva	grade	24922	343-2	SCH-grade-12427_cases.xml	0
Sastrita	s4astrita	śastrita	śastrita	grade	24923	343-2	SCH-grade-12427_cases.xml	0
SAMSipa	s4a1m2s4ipa	śāṃśipa	śānśipa	grade	24925	343-2	SCH-grade-12427_cases.xml	0
SAkawikA	s4a1kat2ika1	śākaṭikā	śākaṭikā	grade	24926	343-2	SCH-grade-12427_cases.xml	0
SAkala	S4a1kala	śākala	śākala	grade	24929	343-2	SCH-grade-12427_cases.xml	0
SAkulA	s4a1kula1	śākulā	śākulā	grade	24932	343-2	SCH-grade-12427_cases.xml	0
SAKikA	s4a1khika1	śākhikā	śākhikā	grade	24936	343-2	SCH-grade-12427_cases.xml	0
SAKodakaDAra	s4a1khodakadha1ra	śākhodakadhāra	śākhodakadhāra	grade	24937	343-2	SCH-grade-12427_cases.xml	0
SAqala	s4a1d2ala	śāḍala	śāḍala	grade	24941	343-3	SCH-grade-12427_cases.xml	0
SARa	s4a1n2a	śāṇa	śāna	grade	24943	343-3	SCH-grade-12427_cases.xml	0
SAta	s4a1ta	śāta	śāta	grade	24944	343-3	SCH-grade-12427_cases.xml	0
SAtamaKa	s4a1tamakha	śātamakha	śātamakha	grade	24945	343-3	SCH-grade-12427_cases.xml	0
SAyana	s4a1yana	śāyana	śāyana	grade	24953	343-3	SCH-grade-12427_cases.xml	0
SArada	S4a1rada	śārada	śārada	grade	24955	343-3	SCH-grade-12427_cases.xml	0
SAradakarman	s4a1radakarman	śāradakarman	śāradakarman	grade	24956	343-3	SCH-grade-12427_cases.xml	0
SAradavfkza	s4a1radavr2ks2a	śāradavṛkṣa	śāradavṛkṣa	grade	24958	343-3	SCH-grade-12427_cases.xml	0
SArAjira	s4a1ra1jira	śārājira	śārājira	grade	24960	344-1	SCH-grade-12427_cases.xml	0
SArika	s4a1rika	śārika	śārika	grade	24962	344-1	SCH-grade-12427_cases.xml	0
SArIkf	s4a1ri1kr2	śārīkṛ	śārīkṛ	grade	24964	344-1	SCH-grade-12427_cases.xml	0
SArdUladAnava	s4a1rdu1lada1nava	śārdūladānava	śārdūladānava	grade	24968	344-1	SCH-grade-12427_cases.xml	0
SAlaka	s4a1laka	śālaka	śālaka	grade	24970	344-1	SCH-grade-12427_cases.xml	0
SAlanaka	s4a1lanaka	śālanaka	śālanaka	grade	24971	344-1	SCH-grade-12427_cases.xml	0
SAlaBaYjikA	s4a1labhan5jika1	śālabhañjikā	śālabhanjikā	grade	24972	344-1	SCH-grade-12427_cases.xml	0
SAlAjira	s4a1la1jira	śālājira	śālājira	grade	24973	344-1	SCH-grade-12427_cases.xml	0
SAlAvfka	s4a1la1vr2ka	śālāvṛka	śālāvṛka	grade	24974	344-1	SCH-grade-12427_cases.xml	0
SAliSikTa	S4a1lis4iktha	śāliśiktha	śāliśiktha	grade	24976	344-1	SCH-grade-12427_cases.xml	0
SAleya	s4a1leya	śāleya	śāleya	grade	24978	344-1	SCH-grade-12427_cases.xml	0
SASvatikatva	s4a1s4vatikatva	śāśvatikatva	śāśvatikatva	grade	24980	344-1	SCH-grade-12427_cases.xml	0
SAsaka	s4a1saka	śāsaka	śāsaka	grade	24982	344-1	SCH-grade-12427_cases.xml	0
SAsanapattrikA	s4a1sanapattrika1	śāsanapattrikā	śāsanapattrikā	grade	24983	344-1	SCH-grade-12427_cases.xml	0
SAsanavalaya	s4a1sanavalaya	śāsanavalaya	śāsanavalaya	grade	24984	344-1	SCH-grade-12427_cases.xml	0
SAstra	s4a1stra	śāstra	śāstra	grade	24987	344-1	SCH-grade-12427_cases.xml	0
SAstracakzuzmant	s4a1stracaks2us2mant	śāstracakṣuṣmant	śāstracakṣuṣmant	grade	24988	344-1	SCH-grade-12427_cases.xml	0
SiMSupa	s4im2s4upa	śiṃśupa	śinśupa	grade	24989	344-1	SCH-grade-12427_cases.xml	0
SiMSumArI	s4im2s4uma1ri1	śiṃśumārī	śinśumārī	grade	24990	344-1	SCH-grade-12427_cases.xml	0
Sikz	s4iks2	śikṣ	śikṣ	grade	24991	344-2	SCH-grade-12427_cases.xml	0
SikzAgfha	s4iks2a1gr2ha	śikṣāgṛha	śikṣāgṛha	grade	24992	344-2	SCH-grade-12427_cases.xml	0
SikzAdAyaka	s4iks2a1da1yaka	śikṣādāyaka	śikṣādāyaka	grade	24993	344-2	SCH-grade-12427_cases.xml	0
SikzApakzin	s4iks2a1paks2in	śikṣāpakṣin	śikṣāpakṣin	grade	24994	344-2	SCH-grade-12427_cases.xml	0
SikzApaRa	s4iks2a1pan2a	śikṣāpaṇa	śikṣāpana	grade	24995	344-2	SCH-grade-12427_cases.xml	0
SikzASakuni	s4iks2a1s4akuni	śikṣāśakuni	śikṣāśakuni	grade	24996	344-2	SCH-grade-12427_cases.xml	0
SiKaRqa	S4ikhan2d2a	śikhaṇḍa	śikhanḍa	grade	24997	344-2	SCH-grade-12427_cases.xml	0
SiKaRqagaRqikA	s4ikhan2d2agan2d2ika1	śikhaṇḍagaṇḍikā	śikhanḍaganḍikā	grade	24998	344-2	SCH-grade-12427_cases.xml	0
SiKaRqita	s4ikhan2d2ita	śikhaṇḍita	śikhanḍita	grade	24999	344-2	SCH-grade-12427_cases.xml	0
SiKaRqitanaya	s4ikhan2d2itanaya	śikhaṇḍitanaya	śikhanḍitanaya	grade	25000	344-2	SCH-grade-12427_cases.xml	0
SiKaRqitARqavamaRqana	S4ikhan2d2ita1n2d2avaman2d2ana	śikhaṇḍitāṇḍavamaṇḍana	śikhanḍitānḍavamanḍana	grade	25001	344-2	SCH-grade-12427_cases.xml	0
SiKaRqimaRqalI	s4ikhan2d2iman2d2ali1	śikhaṇḍimaṇḍalī	śikhanḍimanḍalī	grade	25002	344-2	SCH-grade-12427_cases.xml	0
SiKaratA	s4ikharata1	śikharatā	śikharatā	grade	25004	344-2	SCH-grade-12427_cases.xml	0
SiKaraBft	s4ikharabhr2t	śikharabhṛt	śikharabhṛt	grade	25005	344-2	SCH-grade-12427_cases.xml	0
SiKariduhitar	s4ikhariduhitar	śikhariduhitar	śikhariduhitar	grade	25006	344-2	SCH-grade-12427_cases.xml	0
SiKarisutA	s4ikharisuta1	śikharisutā	śikharisutā	grade	25008	344-2	SCH-grade-12427_cases.xml	0
SiKA	s4ikha1	śikhā	śikhā	grade	25009	344-2	SCH-grade-12427_cases.xml	0
SiKADaraja	s4ikha1dharaja	śikhādharaja	śikhādharaja	grade	25010	344-2	SCH-grade-12427_cases.xml	0
SiKADarat	s4ikha1dharat	śikhādharat	śikhādharat	grade	25011	344-2	SCH-grade-12427_cases.xml	0
SiKADArin	S4ikha1dha1rin	śikhādhārin	śikhādhārin	grade	25012	344-2	SCH-grade-12427_cases.xml	0
SiKAmaRIyate	s4ikha1man2i1yate	śikhāmaṇīyate	śikhāmanīyate	grade	25013	344-2	SCH-grade-12427_cases.xml	0
SiKAvala	s4ikha1vala	śikhāvala	śikhāvala	grade	25015	344-2	SCH-grade-12427_cases.xml	0
SiYjAna	s4in5ja1na	śiñjāna	śinjāna	grade	25021	344-3	SCH-grade-12427_cases.xml	0
Sit	s4it	śit	śit	grade	25024	344-3	SCH-grade-12427_cases.xml	0
Sitavartman	s4itavartman	śitavartman	śitavartman	grade	25025	344-3	SCH-grade-12427_cases.xml	0
SitaSUka	s4itas4u1ka	śitaśūka	śitaśūka	grade	25026	344-3	SCH-grade-12427_cases.xml	0
SitAMSu	s4ita1m2s4u	śitāṃśu	śitānśu	grade	25027	344-3	SCH-grade-12427_cases.xml	0
Sitigala	s4itigala	śitigala	śitigala	grade	25029	344-3	SCH-grade-12427_cases.xml	0
Sititva	s4ititva	śititva	śititva	grade	25030	344-3	SCH-grade-12427_cases.xml	0
SitimaRi	s4itiman2i	śitimaṇi	śitimani	grade	25031	344-3	SCH-grade-12427_cases.xml	0
Sitivartman	s4itivartman	śitivartman	śitivartman	grade	25033	344-3	SCH-grade-12427_cases.xml	0
SiTilIkfti	s4ithili1kr2ti	śithilīkṛti	śithilīkṛti	grade	25035	344-3	SCH-grade-12427_cases.xml	0
Sinija	S4inija	śinija	śinija	grade	25036	344-3	SCH-grade-12427_cases.xml	0
Sibira	s4ibira	śibira	śibira	grade	25038	344-3	SCH-grade-12427_cases.xml	0
SiraHSeKarI	s4irah2s4ekhari1	śiraḥśekharī	śiraḥśekharī	grade	25040	344-3	SCH-grade-12427_cases.xml	0
Siraspada	s4iraspada	śiraspada	śiraspada	grade	25042	344-3	SCH-grade-12427_cases.xml	0
SirA	s4ira1	śirā	śirā	grade	25044	344-3	SCH-grade-12427_cases.xml	0
SirIzapuzpaka	s4iri1s2apus2paka	śirīṣapuṣpaka	śirīṣapuṣpaka	grade	25047	344-3	SCH-grade-12427_cases.xml	0
SiroBAra	s4irobha1ra	śirobhāra	śirobhāra	grade	25050	345-1	SCH-grade-12427_cases.xml	0
Siromi	s4iromi	śiromi	śiromi	grade	25051	345-1	SCH-grade-12427_cases.xml	0
SilAkusuma	s4ila1kusuma	śilākusuma	śilākusuma	grade	25055	345-1	SCH-grade-12427_cases.xml	0
SilAtmaja	s4ila1tmaja	śilātmaja	śilātmaja	grade	25056	345-1	SCH-grade-12427_cases.xml	0
SilAdatanaya	S4ila1datanaya	śilādatanaya	śilādatanaya	grade	25057	345-1	SCH-grade-12427_cases.xml	0
SilAdasUnu	S4ila1dasu1nu	śilādasūnu	śilādasūnu	grade	25058	345-1	SCH-grade-12427_cases.xml	0
SilApravAlaka	s4ila1prava1laka	śilāpravālaka	śilāpravālaka	grade	25062	345-1	SCH-grade-12427_cases.xml	0
SilAsAra	s4ila1sa1ra	śilāsāra	śilāsāra	grade	25063	345-1	SCH-grade-12427_cases.xml	0
Silpakft	s4ilpakr2t	śilpakṛt	śilpakṛt	grade	25065	345-1	SCH-grade-12427_cases.xml	0
Silpina	s4ilpina	śilpina	śilpina	grade	25067	345-1	SCH-grade-12427_cases.xml	0
Silpotkarza	s4ilpotkars2a	śilpotkarṣa	śilpotkarṣa	grade	25068	345-1	SCH-grade-12427_cases.xml	0
Sivagupta	S4ivagupta	śivagupta	śivagupta	grade	25069	345-1	SCH-grade-12427_cases.xml	0
Sivatattva	S4ivatattva	śivatattva	śivatattva	grade	25070	345-1	SCH-grade-12427_cases.xml	0
SivaBawwAraka	S4ivabhat2t2a1raka	śivabhaṭṭāraka	śivabhaṭṭāraka	grade	25074	345-1	SCH-grade-12427_cases.xml	0
SivaBUti	S4ivabhu1ti	śivabhūti	śivabhūti	grade	25075	345-2	SCH-grade-12427_cases.xml	0
SivaSAsana	S4ivas4a1sana	śivaśāsana	śivaśāsana	grade	25076	345-2	SCH-grade-12427_cases.xml	0
SivaSiromaRi	S4ivas4iroman2i	śivaśiromaṇi	śivaśiromani	grade	25077	345-2	SCH-grade-12427_cases.xml	0
SivAPala	s4iva1phala	śivāphala	śivāphala	grade	25079	345-2	SCH-grade-12427_cases.xml	0
SivIBUta	s4ivi1bhu1ta	śivībhūta	śivībhūta	grade	25080	345-2	SCH-grade-12427_cases.xml	0
SiSirakarakirIwa	s4is4irakarakiri1t2a	śiśirakarakirīṭa	śiśirakarakirīṭa	grade	25081	345-2	SCH-grade-12427_cases.xml	0
SiSiragiri	s4is4iragiri	śiśiragiri	śiśiragiri	grade	25082	345-2	SCH-grade-12427_cases.xml	0
SiSiratviz	s4is4iratvis2	śiśiratviṣ	śiśiratviṣ	grade	25083	345-2	SCH-grade-12427_cases.xml	0
SiSiradIDiti	s4is4iradi1dhiti	śiśiradīdhiti	śiśiradīdhiti	grade	25084	345-2	SCH-grade-12427_cases.xml	0
SiSiraBAnu	s4is4irabha1nu	śiśirabhānu	śiśirabhānu	grade	25085	345-2	SCH-grade-12427_cases.xml	0
SiSiraBAs	s4is4irabha1s	śiśirabhās	śiśirabhās	grade	25086	345-2	SCH-grade-12427_cases.xml	0
SiSiramahas	s4is4iramahas	śiśiramahas	śiśiramahas	grade	25087	345-2	SCH-grade-12427_cases.xml	0
SiSiraraSmi	s4is4iraras4mi	śiśiraraśmi	śiśiraraśmi	grade	25088	345-2	SCH-grade-12427_cases.xml	0
SiSiraruci	s4is4iraruci	śiśiraruci	śiśiraruci	grade	25089	345-2	SCH-grade-12427_cases.xml	0
SiSiraSiKaraBft	s4is4iras4ikharabhr2t	śiśiraśikharabhṛt	śiśiraśikharabhṛt	grade	25090	345-2	SCH-grade-12427_cases.xml	0
SiSiraSEla	s4is4iras4aila	śiśiraśaila	śiśiraśaila	grade	25091	345-2	SCH-grade-12427_cases.xml	0
SiSirAMSuBft	s4is4ira1m2s4ubhr2t	śiśirāṃśubhṛt	śiśirānśubhṛt	grade	25092	345-2	SCH-grade-12427_cases.xml	0
SiSirAy	s4is4ira1y	śiśirāy	śiśirāy	grade	25093	345-2	SCH-grade-12427_cases.xml	0
SiSumAratA	s4is4uma1rata1	śiśumāratā	śiśumāratā	grade	25094	345-2	SCH-grade-12427_cases.xml	0
SiSumAratva	s4is4uma1ratva	śiśumāratva	śiśumāratva	grade	25095	345-2	SCH-grade-12427_cases.xml	0
SiSusU	s4is4usu1	śiśusū	śiśusū	grade	25096	345-2	SCH-grade-12427_cases.xml	0
SI	s4i1	śī	śī	grade	25098	345-2	SCH-grade-12427_cases.xml	0
SIkaraRa	s4i1karan2a	śīkaraṇa	śīkarana	grade	25099	345-2	SCH-grade-12427_cases.xml	0
SIkavallI	s4i1kavalli1	śīkavallī	śīkavallī	grade	25100	345-2	SCH-grade-12427_cases.xml	0
SIGravAhana	s4i1ghrava1hana	śīghravāhana	śīghravāhana	grade	25101	345-2	SCH-grade-12427_cases.xml	0
SItajyotis	s4i1tajyotis	śītajyotis	śītajyotis	grade	25103	345-2	SCH-grade-12427_cases.xml	0
SItatviz	s4i1tatvis2	śītatviṣ	śītatviṣ	grade	25104	345-3	SCH-grade-12427_cases.xml	0
SItamarIcimOli	s4i1tamari1cimauli	śītamarīcimauli	śītamarīcimauli	grade	25108	345-3	SCH-grade-12427_cases.xml	0
SItarakzA	s4i1taraks2a1	śītarakṣā	śītarakṣā	grade	25109	345-3	SCH-grade-12427_cases.xml	0
SItaraSmimOli	s4i1taras4mimauli	śītaraśmimauli	śītaraśmimauli	grade	25110	345-3	SCH-grade-12427_cases.xml	0
SItavfzwi	s4i1tavr2s2t2i	śītavṛṣṭi	śītavṛṣṭi	grade	25114	345-3	SCH-grade-12427_cases.xml	0
SItAMSumOli	s4i1ta1m2s4umauli	śītāṃśumauli	śītānśumauli	grade	25117	345-3	SCH-grade-12427_cases.xml	0
SItAMSUpala	s4i1ta1m2s4u1pala	śītāṃśūpala	śītānśūpala	grade	25118	345-3	SCH-grade-12427_cases.xml	0
SItABISu	s4i1ta1bhi1s4u	śītābhīśu	śītābhīśu	grade	25119	345-3	SCH-grade-12427_cases.xml	0
SItAlutva	s4i1ta1lutva	śītālutva	śītālutva	grade	25120	345-3	SCH-grade-12427_cases.xml	0
SItetarAMSu	s4i1tetara1m2s4u	śītetarāṃśu	śītetarānśu	grade	25121	345-3	SCH-grade-12427_cases.xml	0
SItodakIya	S4i1todaki1ya	śītodakīya	śītodakīya	grade	25122	345-3	SCH-grade-12427_cases.xml	0
SIDavya	s4i1dhavya	śīdhavya	śīdhavya	grade	25124	345-3	SCH-grade-12427_cases.xml	0
SIrRatA	s4i1rn2ata1	śīrṇatā	śīrnatā	grade	25126	345-3	SCH-grade-12427_cases.xml	0
SIrzaka	s4i1rs2aka	śīrṣaka	śīrṣaka	grade	25127	345-3	SCH-grade-12427_cases.xml	0
SIlakA	s4i1laka1	śīlakā	śīlakā	grade	25129	345-3	SCH-grade-12427_cases.xml	0
SIlana	s4i1lana	śīlana	śīlana	grade	25130	345-3	SCH-grade-12427_cases.xml	0
SIlikA	s4i1lika1	śīlikā	śīlikā	grade	25134	346-1	SCH-grade-12427_cases.xml	0
SIlitA	s4i1lita1	śīlitā	śīlitā	grade	25135	346-1	SCH-grade-12427_cases.xml	0
SIlIroga	s4i1li1roga	śīlīroga	śīlīroga	grade	25136	346-1	SCH-grade-12427_cases.xml	0
SukadeSa	S4ukades4a	śukadeśa	śukadeśa	grade	25138	346-1	SCH-grade-12427_cases.xml	0
SukanASa	S4ukana1s4a	śukanāśa	śukanāśa	grade	25139	346-1	SCH-grade-12427_cases.xml	0
SukapattrarAga	s4ukapattrara1ga	śukapattrarāga	śukapattrarāga	grade	25140	346-1	SCH-grade-12427_cases.xml	0
SukapAla	s4ukapa1la	śukapāla	śukapāla	grade	25141	346-1	SCH-grade-12427_cases.xml	0
SukaBAziRI	s4ukabha1s2in2i1	śukabhāṣiṇī	śukabhāṣinī	grade	25142	346-1	SCH-grade-12427_cases.xml	0
SukasaMvAda	S4ukasam2va1da	śukasaṃvāda	śukasanvāda	grade	25143	346-1	SCH-grade-12427_cases.xml	0
Sukin	s4ukin	śukin	śukin	grade	25144	346-1	SCH-grade-12427_cases.xml	0
SukticUrRaka	s4ukticu1rn2aka	śukticūrṇaka	śukticūrnaka	grade	25145	346-1	SCH-grade-12427_cases.xml	0
Suktya	s4uktya	śuktya	śuktya	grade	25146	346-1	SCH-grade-12427_cases.xml	0
Sukra	s4ukra	śukra	śukra	grade	25147	346-1	SCH-grade-12427_cases.xml	0
Sukrapulaka	s4ukrapulaka	śukrapulaka	śukrapulaka	grade	25148	346-1	SCH-grade-12427_cases.xml	0
SukramocanatA	s4ukramocanata1	śukramocanatā	śukramocanatā	grade	25149	346-1	SCH-grade-12427_cases.xml	0
Suklagarutmant	s4uklagarutmant	śuklagarutmant	śuklagarutmant	grade	25152	346-1	SCH-grade-12427_cases.xml	0
Suklavarza	s4uklavars2a	śuklavarṣa	śuklavarṣa	grade	25154	346-1	SCH-grade-12427_cases.xml	0
SucicCada	s4ucicchada	śucicchada	śucicchada	grade	25157	346-1	SCH-grade-12427_cases.xml	0
SucidUzitA	s4ucidu1s2ita1	śucidūṣitā	śucidūṣitā	grade	25158	346-1	SCH-grade-12427_cases.xml	0
Sucipakza	s4ucipaks2a	śucipakṣa	śucipakṣa	grade	25159	346-1	SCH-grade-12427_cases.xml	0
Suciruci	s4uciruci	śuciruci	śuciruci	grade	25160	346-1	SCH-grade-12427_cases.xml	0
SuRqavAla	S4un2d2ava1la	śuṇḍavāla	śunḍavāla	grade	25163	346-1	SCH-grade-12427_cases.xml	0
SutaSuta	s4utas4uta	śutaśuta	śutaśuta	grade	25166	346-2	SCH-grade-12427_cases.xml	0
SudDaboDa	s4uddhabodha	śuddhabodha	śuddhabodha	grade	25169	346-2	SCH-grade-12427_cases.xml	0
SudDarakta	s4uddharakta	śuddharakta	śuddharakta	grade	25170	346-2	SCH-grade-12427_cases.xml	0
SudDavidyA	s4uddhavidya1	śuddhavidyā	śuddhavidyā	grade	25171	346-2	SCH-grade-12427_cases.xml	0
SudDADvan	s4uddha1dhvan	śuddhādhvan	śuddhādhvan	grade	25172	346-2	SCH-grade-12427_cases.xml	0
SudDetarADvan	s4uddhetara1dhvan	śuddhetarādhvan	śuddhetarādhvan	grade	25173	346-2	SCH-grade-12427_cases.xml	0
SudDopavAhya	s4uddhopava1hya	śuddhopavāhya	śuddhopavāhya	grade	25174	346-2	SCH-grade-12427_cases.xml	0
SunakapAla	s4unakapa1la	śunakapāla	śunakapāla	grade	25176	346-2	SCH-grade-12427_cases.xml	0
Sunakavftti	s4unakavr2tti	śunakavṛtti	śunakavṛtti	grade	25177	346-2	SCH-grade-12427_cases.xml	0
SunDi	s4undhi	śundhi	śundhi	grade	25178	346-2	SCH-grade-12427_cases.xml	0
SuBaMyuj	s4ubham2yuj	śubhaṃyuj	śubhanyuj	grade	25180	346-2	SCH-grade-12427_cases.xml	0
SuBakeSin	S4ubhakes4in	śubhakeśin	śubhakeśin	grade	25181	346-2	SCH-grade-12427_cases.xml	0
SuBagraha	s4ubhagraha	śubhagraha	śubhagraha	grade	25183	346-2	SCH-grade-12427_cases.xml	0
SuBacandra	S4ubhacandra	śubhacandra	śubhacandra	grade	25184	346-2	SCH-grade-12427_cases.xml	0
SuBadvezitA	s4ubhadves2ita1	śubhadveṣitā	śubhadveṣitā	grade	25186	346-3	SCH-grade-12427_cases.xml	0
SuBaloha	s4ubhaloha	śubhaloha	śubhaloha	grade	25187	346-3	SCH-grade-12427_cases.xml	0
SuBavant	s4ubhavant	śubhavant	śubhavant	grade	25188	346-3	SCH-grade-12427_cases.xml	0
SuBrayati	s4ubhray(ati)	śubhrayati	śubhrayati	grade	25189	346-3	SCH-grade-12427_cases.xml	0
SumP	s4umph	śumph	śumph	grade	25190	346-3	SCH-grade-12427_cases.xml	0
SulkAdAyin	s4ulka1da1yin	śulkādāyin	śulkādāyin	grade	25193	346-3	SCH-grade-12427_cases.xml	0
SulkADyakza	s4ulka1dhyaks2a	śulkādhyakṣa	śulkādhyakṣa	grade	25194	346-3	SCH-grade-12427_cases.xml	0
Sulba	s4ulba	śulba	śulba	grade	25195	346-3	SCH-grade-12427_cases.xml	0
SuSira	s4us4ira	śuśira	śuśira	grade	25196	346-3	SCH-grade-12427_cases.xml	0
Suzira	s4us2ira	śuṣira	śuṣira	grade	25198	346-3	SCH-grade-12427_cases.xml	0
Suzmavant	s4us2mavant	śuṣmavant	śuṣmavant	grade	25199	346-3	SCH-grade-12427_cases.xml	0
SUkaramuKa	s4u1karamukha	śūkaramukha	śūkaramukha	grade	25200	346-3	SCH-grade-12427_cases.xml	0
SUkA	s4u1ka1	śūkā	śūkā	grade	25201	346-3	SCH-grade-12427_cases.xml	0
SUtkArin	s4u1tka1rin	śūtkārin	śūtkārin	grade	25202	346-3	SCH-grade-12427_cases.xml	0
SUtkfta	s4u1tkr2ta	śūtkṛta	śūtkṛta	grade	25203	346-3	SCH-grade-12427_cases.xml	0
SUtkfti	s4u1tkr2ti	śūtkṛti	śūtkṛti	grade	25204	346-3	SCH-grade-12427_cases.xml	0
SUnyapramAtar	s4u1nyaprama1tar	śūnyapramātar	śūnyapramātar	grade	25206	346-3	SCH-grade-12427_cases.xml	0
SUnyapramAtftA	s4u1nyaprama1tr2ta1	śūnyapramātṛtā	śūnyapramātṛtā	grade	25207	346-3	SCH-grade-12427_cases.xml	0
SUnyaBU	s4u1nyabhu1	śūnyabhū	śūnyabhū	grade	25208	346-3	SCH-grade-12427_cases.xml	0
SUnyavAda	s4u1nyava1da	śūnyavāda	śūnyavāda	grade	25209	346-3	SCH-grade-12427_cases.xml	0
SUnyahfdayatA	s4u1nyahr2dayata1	śūnyahṛdayatā	śūnyahṛdayatā	grade	25210	347-1	SCH-grade-12427_cases.xml	0
SUnyahfdayatva	s4u1nyahr2dayatva	śūnyahṛdayatva	śūnyahṛdayatva	grade	25211	347-1	SCH-grade-12427_cases.xml	0
SUraSiromaRi	S4u1ras4iroman2i	śūraśiromaṇi	śūraśiromani	grade	25216	347-1	SCH-grade-12427_cases.xml	0
SUrin	s4u1rin	śūrin	śūrin	grade	25217	347-1	SCH-grade-12427_cases.xml	0
SUrpakaSAsana	S4u1rpakas4a1sana	śūrpakaśāsana	śūrpakaśāsana	grade	25218	347-1	SCH-grade-12427_cases.xml	0
SUlakara	s4u1lakara	śūlakara	śūlakara	grade	25221	347-1	SCH-grade-12427_cases.xml	0
SUlacita	s4u1lacita	śūlacita	śūlacita	grade	25222	347-1	SCH-grade-12427_cases.xml	0
SUlabanDa	s4u1labandha	śūlabandha	śūlabandha	grade	25223	347-1	SCH-grade-12427_cases.xml	0
SUlAkzapati	s4u1la1ks2apati	śūlākṣapati	śūlākṣapati	grade	25225	347-1	SCH-grade-12427_cases.xml	0
SUlAcitaka	s4u1la1citaka	śūlācitaka	śūlācitaka	grade	25226	347-1	SCH-grade-12427_cases.xml	0
SUlAy	s4u1la1y	śūlāy	śūlāy	grade	25227	347-1	SCH-grade-12427_cases.xml	0
SUlAyuDa	s4u1la1yudha	śūlāyudha	śūlāyudha	grade	25228	347-1	SCH-grade-12427_cases.xml	0
SfNgataru	s4r2n3gataru	śṛṅgataru	śṛngataru	grade	25230	347-1	SCH-grade-12427_cases.xml	0
SfNgAwaka	s4r2n3ga1t2aka	śṛṅgāṭaka	śṛngāṭaka	grade	25231	347-1	SCH-grade-12427_cases.xml	0
SfNgArakArikA	s4r2n3ga1raka1rika1	śṛṅgārakārikā	śṛngārakārikā	grade	25232	347-1	SCH-grade-12427_cases.xml	0
SfNgArabanDu	s4r2n3ga1rabandhu	śṛṅgārabandhu	śṛngārabandhu	grade	25233	347-1	SCH-grade-12427_cases.xml	0
SfNgAramaRqapa	s4r2n3ga1raman2d2apa	śṛṅgāramaṇḍapa	śṛngāramanḍapa	grade	25234	347-1	SCH-grade-12427_cases.xml	0
SfNgArayati	s4r2n3ga1ray(ati)	śṛṅgārayati	śṛngārayati	grade	25235	347-1	SCH-grade-12427_cases.xml	0
SfNgAravITikA	s4r2n3ga1ravi1thika1	śṛṅgāravīthikā	śṛngāravīthikā	grade	25237	347-2	SCH-grade-12427_cases.xml	0
SfNgArasamAgama	s4r2n3ga1rasama1gama	śṛṅgārasamāgama	śṛngārasamāgama	grade	25238	347-2	SCH-grade-12427_cases.xml	0
SfNgArasAra	S4r2n3ga1rasa1ra	śṛṅgārasāra	śṛngārasāra	grade	25239	347-2	SCH-grade-12427_cases.xml	0
SfNgArahAra	s4r2n3ga1raha1ra	śṛṅgārahāra	śṛngārahāra	grade	25240	347-2	SCH-grade-12427_cases.xml	0
SfNgibera	s4r2n3gibera	śṛṅgibera	śṛngibera	grade	25243	347-2	SCH-grade-12427_cases.xml	0
SfNgiSuktija	S4r2n3gis4uktija	śṛṅgiśuktija	śṛngiśuktija	grade	25244	347-2	SCH-grade-12427_cases.xml	0
SfNgI	s4r2n3gi1	śṛṅgī	śṛngī	grade	25245	347-2	SCH-grade-12427_cases.xml	0
SfRi	s4r2n2i	śṛṇi	śṛni	grade	25246	347-2	SCH-grade-12427_cases.xml	0
SeKara	s4ekhara	śekhara	śekhara	grade	25247	347-2	SCH-grade-12427_cases.xml	0
SeKaratva	s4ekharatva	śekharatva	śekharatva	grade	25248	347-2	SCH-grade-12427_cases.xml	0
SeKarika	s4ekharika	śekharika	śekharika	grade	25250	347-2	SCH-grade-12427_cases.xml	0
SePAlitA	s4epha1lita1	śephālitā	śephālitā	grade	25252	347-2	SCH-grade-12427_cases.xml	0
SezaBojana	s4es2abhojana	śeṣabhojana	śeṣabhojana	grade	25258	347-2	SCH-grade-12427_cases.xml	0
SezaSayana	S4es2as4ayana	śeṣaśayana	śeṣaśayana	grade	25259	347-2	SCH-grade-12427_cases.xml	0
SezA	s4es2a1	śeṣā	śeṣā	grade	25260	347-2	SCH-grade-12427_cases.xml	0
SEtya	s4aitya	śaitya	śaitya	grade	25261	347-2	SCH-grade-12427_cases.xml	0
SEbya	s4aibya	śaibya	śaibya	grade	25262	347-2	SCH-grade-12427_cases.xml	0
SEla	s4aila	śaila	śaila	grade	25264	347-3	SCH-grade-12427_cases.xml	0
SElaBU	s4ailabhu1	śailabhū	śailabhū	grade	25266	347-3	SCH-grade-12427_cases.xml	0
SElAtmajA	s4aila1tmaja1	śailātmajā	śailātmajā	grade	25267	347-3	SCH-grade-12427_cases.xml	0
SElAlin	s4aila1lin	śailālin	śailālin	grade	25269	347-3	SCH-grade-12427_cases.xml	0
SEvalavarRa	s4aivalavarn2a	śaivalavarṇa	śaivalavarna	grade	25272	347-3	SCH-grade-12427_cases.xml	0
SEvali	s4aivali	śaivali	śaivali	grade	25273	347-3	SCH-grade-12427_cases.xml	0
SEveya	S4aiveya	śaiveya	śaiveya	grade	25275	347-3	SCH-grade-12427_cases.xml	0
SESirya	s4ais4irya	śaiśirya	śaiśirya	grade	25276	347-3	SCH-grade-12427_cases.xml	0
SokavallI	s4okavalli1	śokavallī	śokavallī	grade	25277	347-3	SCH-grade-12427_cases.xml	0
SokAlu	s4oka1lu	śokālu	śokālu	grade	25280	347-3	SCH-grade-12427_cases.xml	0
SoRamaRi	s4on2aman2i	śoṇamaṇi	śonamani	grade	25283	347-3	SCH-grade-12427_cases.xml	0
SoRamARikya	s4on2ama1n2ikya	śoṇamāṇikya	śonamānikya	grade	25284	347-3	SCH-grade-12427_cases.xml	0
SoRayazwI	s4on2ayas2t2i1	śoṇayaṣṭī	śonayaṣṭī	grade	25285	347-3	SCH-grade-12427_cases.xml	0
SoRAmlAna	s4on2a1mla1na	śoṇāmlāna	śonāmlāna	grade	25286	347-3	SCH-grade-12427_cases.xml	0
SoRita	s4on2ita	śoṇita	śonita	grade	25288	347-3	SCH-grade-12427_cases.xml	0
SoDana	s4odhana	śodhana	śodhana	grade	25291	347-3	SCH-grade-12427_cases.xml	0
SoBanadeva	S4obhanadeva	śobhanadeva	śobhanadeva	grade	25292	347-3	SCH-grade-12427_cases.xml	0
SoBAvant	s4obha1vant	śobhāvant	śobhāvant	grade	25294	347-3	SCH-grade-12427_cases.xml	0
SOcopakaraRa	s4aucopakaran2a	śaucopakaraṇa	śaucopakarana	grade	25298	348-1	SCH-grade-12427_cases.xml	0
SOWya	s4aut2hya	śauṭhya	śauṭhya	grade	25299	348-1	SCH-grade-12427_cases.xml	0
SOna	s4auna	śauna	śauna	grade	25301	348-1	SCH-grade-12427_cases.xml	0
SOnaka	s4aunaka	śaunaka	śaunaka	grade	25302	348-1	SCH-grade-12427_cases.xml	0
SOryaSAlitA	s4auryas4a1lita1	śauryaśālitā	śauryaśālitā	grade	25303	348-1	SCH-grade-12427_cases.xml	0
SOlka	s4aulka	śaulka	śaulka	grade	25304	348-1	SCH-grade-12427_cases.xml	0
SyAnatA	s4ya1nata1	śyānatā	śyānatā	grade	25307	348-1	SCH-grade-12427_cases.xml	0
SyAmalA	S4ya1mala1	śyāmalā	śyāmalā	grade	25309	348-1	SCH-grade-12427_cases.xml	0
SyAmalikA	s4ya1malika1	śyāmalikā	śyāmalikā	grade	25310	348-1	SCH-grade-12427_cases.xml	0
SyAmavarRIkfta	s4ya1mavarn2i1kr2ta	śyāmavarṇīkṛta	śyāmavarnīkṛta	grade	25312	348-1	SCH-grade-12427_cases.xml	0
SyAmABujaMga	s4ya1ma1bhujam2ga	śyāmābhujaṃga	śyāmābhujanga	grade	25315	348-1	SCH-grade-12427_cases.xml	0
SyAmASman	s4ya1ma1s4man	śyāmāśman	śyāmāśman	grade	25318	348-1	SCH-grade-12427_cases.xml	0
SyAmikA	s4ya1mika1	śyāmikā	śyāmikā	grade	25319	348-1	SCH-grade-12427_cases.xml	0
SyAmIBAva	s4ya1mi1bha1va	śyāmībhāva	śyāmībhāva	grade	25320	348-1	SCH-grade-12427_cases.xml	0
Syena	s4yena	śyena	śyena	grade	25321	348-1	SCH-grade-12427_cases.xml	0
Sra	s4ra	śra	śra	grade	25323	348-2	SCH-grade-12427_cases.xml	0
SradDAlu	s4raddha1lu	śraddhālu	śraddhālu	grade	25330	348-2	SCH-grade-12427_cases.xml	0
SradDAlutA	s4raddha1luta1	śraddhālutā	śraddhālutā	grade	25331	348-2	SCH-grade-12427_cases.xml	0
SradDeya	s4raddheya	śraddheya	śraddheya	grade	25333	348-2	SCH-grade-12427_cases.xml	0
Srama	s4rama	śrama	śrama	grade	25336	348-2	SCH-grade-12427_cases.xml	0
Sramada	s4ramada	śramada	śramada	grade	25339	348-2	SCH-grade-12427_cases.xml	0
SramanIra	s4ramani1ra	śramanīra	śramanīra	grade	25340	348-2	SCH-grade-12427_cases.xml	0
Sramasalila	s4ramasalila	śramasalila	śramasalila	grade	25341	348-2	SCH-grade-12427_cases.xml	0
SramAmBas	s4rama1mbhas	śramāmbhas	śramāmbhas	grade	25342	348-2	SCH-grade-12427_cases.xml	0
Srayin	s4rayin	śrayin	śrayin	grade	25344	348-3	SCH-grade-12427_cases.xml	0
SravaRaka	s4ravan2aka	śravaṇaka	śravanaka	grade	25346	348-3	SCH-grade-12427_cases.xml	0
SravaRagatatva	s4ravan2agatatva	śravaṇagatatva	śravanagatatva	grade	25347	348-3	SCH-grade-12427_cases.xml	0
SravaRagocaratA	[s4ravan2agocarata1]	śravaṇagocaratā	śravanagocaratā	grade	25348	348-3	SCH-grade-12427_cases.xml	0
SravaRatAqana	s4ravan2ata1d2ana	śravaṇatāḍana	śravanatāḍana	grade	25349	348-3	SCH-grade-12427_cases.xml	0
SravaRavezwana	s4ravan2aves2t2ana	śravaṇaveṣṭana	śravanaveṣṭana	grade	25351	348-3	SCH-grade-12427_cases.xml	0
SrAk	s4ra1k	śrāk	śrāk	grade	25354	348-3	SCH-grade-12427_cases.xml	0
SrAva	s4ra1va	śrāva	śrāva	grade	25357	348-3	SCH-grade-12427_cases.xml	0
Sri	s4ri	śri	śri	grade	25358	348-3	SCH-grade-12427_cases.xml	0
SrIkawanaka	S4ri1kat2anaka	śrīkaṭanaka	śrīkaṭanaka	grade	25362	348-3	SCH-grade-12427_cases.xml	0
SrIKaRqAdri	s4ri1khan2d2a1dri	śrīkhaṇḍādri	śrīkhanḍādri	grade	25364	348-3	SCH-grade-12427_cases.xml	0
SrICattrakarI	s4ri1chattrakari1	śrīchattrakarī	śrīchattrakarī	grade	25365	348-3	SCH-grade-12427_cases.xml	0
SrInAyaka	S4ri1na1yaka	śrīnāyaka	śrīnāyaka	grade	25367	348-3	SCH-grade-12427_cases.xml	0
SrIpuYja	S4ri1pun5ja	śrīpuñja	śrīpunja	grade	25369	349-1	SCH-grade-12427_cases.xml	0
SrIBUti	S4ri1bhu1ti	śrībhūti	śrībhūti	grade	25372	349-1	SCH-grade-12427_cases.xml	0
SrImuKa	s4ri1mukha	śrīmukha	śrīmukha	grade	25373	349-1	SCH-grade-12427_cases.xml	0
SrImunigupta	S4ri1munigupta	śrīmunigupta	śrīmunigupta	grade	25374	349-1	SCH-grade-12427_cases.xml	0
SrIra	s4ri1ra	śrīra	śrīra	grade	25375	349-1	SCH-grade-12427_cases.xml	0
SrIvatsa	s4ri1vatsa	śrīvatsa	śrīvatsa	grade	25376	349-1	SCH-grade-12427_cases.xml	0
SrIvatsalakzman	s4ri1vatsalaks2man	śrīvatsalakṣman	śrīvatsalakṣman	grade	25377	349-1	SCH-grade-12427_cases.xml	0
SrIvarman	S4ri1varman	śrīvarman	śrīvarman	grade	25379	349-1	SCH-grade-12427_cases.xml	0
SrIvfkza	s4ri1vr2ks2a	śrīvṛkṣa	śrīvṛkṣa	grade	25380	349-1	SCH-grade-12427_cases.xml	0
SrISAla	S4ri1s4a1la	śrīśāla	śrīśāla	grade	25381	349-1	SCH-grade-12427_cases.xml	0
SrIsaMGa	s4ri1sam2gha	śrīsaṃgha	śrīsangha	grade	25382	349-1	SCH-grade-12427_cases.xml	0
SrutasAgara	S4rutasa1gara	śrutasāgara	śrutasāgara	grade	25386	349-1	SCH-grade-12427_cases.xml	0
Sruti	[s4ruti	śruti	śruti	grade	25387	349-1	SCH-grade-12427_cases.xml	0
Srutikavitar	s4rutikavitar	śrutikavitar	śrutikavitar	grade	25388	349-1	SCH-grade-12427_cases.xml	0
SrutidAna	s4rutida1na	śrutidāna	śrutidāna	grade	25389	349-1	SCH-grade-12427_cases.xml	0
SrutiDfti	s4rutidhr2ti	śrutidhṛti	śrutidhṛti	grade	25390	349-1	SCH-grade-12427_cases.xml	0
SrutipASa	s4rutipa1s4a	śrutipāśa	śrutipāśa	grade	25391	349-1	SCH-grade-12427_cases.xml	0
Srutimukuwa	s4rutimukut2a	śrutimukuṭa	śrutimukuṭa	grade	25392	349-1	SCH-grade-12427_cases.xml	0
Srutyanta	s4rutyanta	śrutyanta	śrutyanta	grade	25393	349-1	SCH-grade-12427_cases.xml	0
Srutyantavid	s4rutyantavid	śrutyantavid	śrutyantavid	grade	25394	349-1	SCH-grade-12427_cases.xml	0
SreRika	s4ren2ika	śreṇika	śrenika	grade	25395	349-1	SCH-grade-12427_cases.xml	0
SreRIBU	s4ren2i1bhu1	śreṇībhū	śrenībhū	grade	25396	349-1	SCH-grade-12427_cases.xml	0
SreRIsiMha	s4ren2i1sim2ha	śreṇīsiṃha	śrenīsinha	grade	25397	349-2	SCH-grade-12427_cases.xml	0
SrezWi	s4res2t2hi	śreṣṭhi	śreṣṭhi	grade	25400	349-2	SCH-grade-12427_cases.xml	0
SrEgarBi	S4raigarbhi	śraigarbhi	śraigarbhi	grade	25402	349-2	SCH-grade-12427_cases.xml	0
SroRIsadman	s4ron2i1sadman	śroṇīsadman	śronīsadman	grade	25405	349-2	SCH-grade-12427_cases.xml	0
Srotar	s4rotar	śrotar	śrotar	grade	25406	349-2	SCH-grade-12427_cases.xml	0
Srotriyakitava	S4rotriyakitava	śrotriyakitava	śrotriyakitava	grade	25408	349-2	SCH-grade-12427_cases.xml	0
SlakzRaparRI	s4laks2n2aparn2i1	ślakṣṇaparṇī	ślakṣnaparnī	grade	25410	349-2	SCH-grade-12427_cases.xml	0
SlaTaBU	s4lathabhu1	ślathabhū	ślathabhū	grade	25411	349-2	SCH-grade-12427_cases.xml	0
SlAGita	s4la1ghita	ślāghita	ślāghita	grade	25413	349-2	SCH-grade-12427_cases.xml	0
SlokabanDa	s4lokabandha	ślokabandha	ślokabandha	grade	25418	349-2	SCH-grade-12427_cases.xml	0
SvadaMzwrA	s4vadam2s2t2ra1	śvadaṃṣṭrā	śvadanṣṭrā	grade	25422	349-2	SCH-grade-12427_cases.xml	0
Svitray	s4vitray	śvitray	śvitray	grade	25429	349-3	SCH-grade-12427_cases.xml	0
SvetatA	s4vetata1	śvetatā	śvetatā	grade	25433	349-3	SCH-grade-12427_cases.xml	0
SvetatAra	s4vetata1ra	śvetatāra	śvetatāra	grade	25434	349-3	SCH-grade-12427_cases.xml	0
SvetaprAya	s4vetapra1ya	śvetaprāya	śvetaprāya	grade	25436	349-3	SCH-grade-12427_cases.xml	0
SvetaBaNga	s4vetabhan3ga	śvetabhaṅga	śvetabhanga	grade	25437	349-3	SCH-grade-12427_cases.xml	0
SvetaBikzu	s4vetabhiks2u	śvetabhikṣu	śvetabhikṣu	grade	25438	349-3	SCH-grade-12427_cases.xml	0
SvetamAna	s4vetama1na	śvetamāna	śvetamāna	grade	25439	349-3	SCH-grade-12427_cases.xml	0
Svetaraktatva	s4vetaraktatva	śvetaraktatva	śvetaraktatva	grade	25441	349-3	SCH-grade-12427_cases.xml	0
SvetaraktIkfta	s4vetarakti1kr2ta	śvetaraktīkṛta	śvetaraktīkṛta	grade	25442	349-3	SCH-grade-12427_cases.xml	0
SvetasurA	s4vetasura1	śvetasurā	śvetasurā	grade	25444	349-3	SCH-grade-12427_cases.xml	0
SvetASman	s4veta1s4man	śvetāśman	śvetāśman	grade	25445	349-3	SCH-grade-12427_cases.xml	0
SvetIkf	s4veti1kr2	śvetīkṛ	śvetīkṛ	grade	25448	349-3	SCH-grade-12427_cases.xml	0
zajaka	S2ajaka	ṣajaka	ṣajaka	grade	25451	350-1	SCH-grade-12427_cases.xml	0
zawtarkIrasa	s2at2tarki1rasa	ṣaṭtarkīrasa	ṣaṭtarkīrasa	grade	25454	350-1	SCH-grade-12427_cases.xml	0
zawpadma	s2at2padma	ṣaṭpadma	ṣaṭpadma	grade	25457	350-1	SCH-grade-12427_cases.xml	0
zawpAzARaka	s2at2pa1s2a1n2aka	ṣaṭpāṣāṇaka	ṣaṭpāṣānaka	grade	25458	350-1	SCH-grade-12427_cases.xml	0
zaqantara	s2ad2antara	ṣaḍantara	ṣaḍantara	grade	25462	350-2	SCH-grade-12427_cases.xml	0
zaqAsya	s2ad2a1sya	ṣaḍāsya	ṣaḍāsya	grade	25465	350-2	SCH-grade-12427_cases.xml	0
zaqAhuta	s2ad2a1huta	ṣaḍāhuta	ṣaḍāhuta	grade	25466	350-2	SCH-grade-12427_cases.xml	0
zaqIkzaRa	s2ad2i1ks2an2a	ṣaḍīkṣaṇa	ṣaḍīkṣana	grade	25467	350-2	SCH-grade-12427_cases.xml	0
zaqBakzaRa	s2ad2bhaks2an2a	ṣaḍbhakṣaṇa	ṣaḍbhakṣana	grade	25469	350-2	SCH-grade-12427_cases.xml	0
zaQAnya	s2ad2ha1nya	ṣaḍhānya	ṣaḍhānya	grade	25474	350-3	SCH-grade-12427_cases.xml	0
zazwitamIdfSa	s2as2t2itami1dr2s4a	ṣaṣṭitamīdṛśa	ṣaṣṭitamīdṛśa	grade	25475	350-3	SCH-grade-12427_cases.xml	0
zazwimfttikA	s2as2t2imr2ttika1	ṣaṣṭimṛttikā	ṣaṣṭimṛttikā	grade	25476	350-3	SCH-grade-12427_cases.xml	0
zAqAhuta	s2a1d2a1huta	ṣāḍāhuta	ṣāḍāhuta	grade	25477	350-3	SCH-grade-12427_cases.xml	0
zAqguRyaprastAva	S2a1d2gun2yaprasta1va	ṣāḍguṇyaprastāva	ṣāḍgunyaprastāva	grade	25479	350-3	SCH-grade-12427_cases.xml	0
zARmAsI	s2a1n2ma1si1	ṣāṇmāsī	ṣānmāsī	grade	25480	350-3	SCH-grade-12427_cases.xml	0
zARmuKa	s2a1n2mukha	ṣāṇmukha	ṣānmukha	grade	25481	350-3	SCH-grade-12427_cases.xml	0
zAzwIka	s2a1s2t2i1ka	ṣāṣṭīka	ṣāṣṭīka	grade	25482	350-3	SCH-grade-12427_cases.xml	0
zoDAvaSyaka	S2odha1vas4yaka	ṣodhāvaśyaka	ṣodhāvaśyaka	grade	25484	350-3	SCH-grade-12427_cases.xml	0
zwA	s2t2a1	ṣṭā	ṣṭā	grade	25485	350-3	SCH-grade-12427_cases.xml	0
saMyamaDara	Sam2yamadhara	saṃyamadhara	sanyamadhara	grade	25488	350-3	SCH-grade-12427_cases.xml	0
saMyAtI	sam2ya1ti1	saṃyātī	sanyātī	grade	25492	350-3	SCH-grade-12427_cases.xml	0
saMyugya	sam2yugya	saṃyugya	sanyugya	grade	25496	350-3	SCH-grade-12427_cases.xml	0
saMyutabanDa	sam2yutabandha	saṃyutabandha	sanyutabandha	grade	25497	350-2	SCH-grade-12427_cases.xml	0
saMyUhya	sam2yu1hya	saṃyūhya	sanyūhya	grade	25498	350-2	SCH-grade-12427_cases.xml	0
saMvatsarottara	sam2vatsarottara	saṃvatsarottara	sanvatsarottara	grade	25509	350-2	SCH-grade-12427_cases.xml	0
saMvIRa	sam2vi1n2a	saṃvīṇa	sanvīna	grade	25528	351-1	SCH-grade-12427_cases.xml	0
saMvIRatA	sam2vi1n2ata1	saṃvīṇatā	sanvīnatā	grade	25529	351-1	SCH-grade-12427_cases.xml	0
saMSabdAyamAna	sam2s4abda1yama1na	saṃśabdāyamāna	sanśabdāyamāna	grade	25534	351-1	SCH-grade-12427_cases.xml	0
saMstamBaka	sam2stambhaka	saṃstambhaka	sanstambhaka	grade	25541	351-1	SCH-grade-12427_cases.xml	0
saMsPuraRa	sam2sphuran2a	saṃsphuraṇa	sansphurana	grade	25549	351-2	SCH-grade-12427_cases.xml	0
saMhatakeSa	sam2hatakes4a	saṃhatakeśa	sanhatakeśa	grade	25553	351-2	SCH-grade-12427_cases.xml	0
saMhartftA	sam2hartr2ta1	saṃhartṛtā	sanhartṛtā	grade	25555	351-2	SCH-grade-12427_cases.xml	0
saMhAraBAj	sam2ha1rabha1j	saṃhārabhāj	sanhārabhāj	grade	25556	351-2	SCH-grade-12427_cases.xml	0
saMhAraSarvarI	sam2ha1ras4arvari1	saṃhāraśarvarī	sanhāraśarvarī	grade	25557	351-2	SCH-grade-12427_cases.xml	0
saMhvaya	sam2hvaya	saṃhvaya	sanhvaya	grade	25558	351-2	SCH-grade-12427_cases.xml	0
sakaYcukin	sakan5cukin	sakañcukin	sakancukin	grade	25559	351-2	SCH-grade-12427_cases.xml	0
sakawukakzyA	sakat2ukaks2ya1	sakaṭukakṣyā	sakaṭukakṣyā	grade	25560	351-2	SCH-grade-12427_cases.xml	0
sakapawa	sakapat2a	sakapaṭa	sakapaṭa	grade	25561	351-2	SCH-grade-12427_cases.xml	0
sakarRajAha	sakarn2aja1ha	sakarṇajāha	sakarnajāha	grade	25562	351-2	SCH-grade-12427_cases.xml	0
sakarRapallava	sakarn2apallava	sakarṇapallava	sakarnapallava	grade	25563	351-2	SCH-grade-12427_cases.xml	0
sakardama	sakardama	sakardama	sakardama	grade	25564	351-2	SCH-grade-12427_cases.xml	0
sakalarasaBft	sakalarasabhr2t	sakalarasabhṛt	sakalarasabhṛt	grade	25567	351-2	SCH-grade-12427_cases.xml	0
sakalartucakravartin	sakalartucakravartin	sakalartucakravartin	sakalartucakravartin	grade	25568	351-2	SCH-grade-12427_cases.xml	0
sakalIkaraRa	sakali1karan2a	sakalīkaraṇa	sakalīkarana	grade	25569	351-2	SCH-grade-12427_cases.xml	0
sakallola	sakallola	sakallola	sakallola	grade	25570	351-2	SCH-grade-12427_cases.xml	0
sakARqa	saka1n2d2a	sakāṇḍa	sakānḍa	grade	25572	351-2	SCH-grade-12427_cases.xml	0
sakAsUka	saka1su1ka	sakāsūka	sakāsūka	grade	25575	351-3	SCH-grade-12427_cases.xml	0
sakuwI	sakut2i1	sakuṭī	sakuṭī	grade	25577	351-3	SCH-grade-12427_cases.xml	0
sakftprasU	sakr2tprasu1	sakṛtprasū	sakṛtprasū	grade	25579	351-3	SCH-grade-12427_cases.xml	0
saKIkfta	sakhi1kr2ta	sakhīkṛta	sakhīkṛta	grade	25587	351-3	SCH-grade-12427_cases.xml	0
saganDatva	sagandhatva	sagandhatva	sagandhatva	grade	25590	351-3	SCH-grade-12427_cases.xml	0
saguha	saguha	saguha	saguha	grade	25593	351-3	SCH-grade-12427_cases.xml	0
saGanatva	saghanatva	saghanatva	saghanatva	grade	25595	351-3	SCH-grade-12427_cases.xml	0
saMkarRana	sam2karn2ana	saṃkarṇana	sankarnana	grade	25599	351-3	SCH-grade-12427_cases.xml	0
saMkarzaRI	sam2kars2an2i1	saṃkarṣaṇī	sankarṣanī	grade	25600	351-3	SCH-grade-12427_cases.xml	0
saMketavyAGAtin	sam2ketavya1gha1tin	saṃketavyāghātin	sanketavyāghātin	grade	25608	352-1	SCH-grade-12427_cases.xml	0
saMkocanA	sam2kocana1	saṃkocanā	sankocanā	grade	25610	352-1	SCH-grade-12427_cases.xml	0
saMkocaBAj	sam2kocabha1j	saṃkocabhāj	sankocabhāj	grade	25611	352-1	SCH-grade-12427_cases.xml	0
saMkrAntaka	sam2kra1ntaka	saṃkrāntaka	sankrāntaka	grade	25615	352-1	SCH-grade-12427_cases.xml	0
saMKyAtIta	sam2khya1ti1ta	saṃkhyātīta	sankhyātīta	grade	25623	352-1	SCH-grade-12427_cases.xml	0
saMKyApaka	sam2khya1paka	saṃkhyāpaka	sankhyāpaka	grade	25624	352-1	SCH-grade-12427_cases.xml	0
saMKyAyaka	sam2khya1yaka	saṃkhyāyaka	sankhyāyaka	grade	25625	352-1	SCH-grade-12427_cases.xml	0
saMgadizRu	sam2gadis2n2u	saṃgadiṣṇu	sangadiṣnu	grade	25627	352-1	SCH-grade-12427_cases.xml	0
saMgantar	sam2gantar	saṃgantar	sangantar	grade	25628	352-1	SCH-grade-12427_cases.xml	0
saNgaBAj	san3gabha1j	saṅgabhāj	sangabhāj	grade	25629	352-1	SCH-grade-12427_cases.xml	0
saMgarBa	sam2garbha	saṃgarbha	sangarbha	grade	25633	352-2	SCH-grade-12427_cases.xml	0
saNgApura	San3ga1pura	saṅgāpura	sangāpura	grade	25634	352-2	SCH-grade-12427_cases.xml	0
saNgitA	san3gita1	saṅgitā	sangitā	grade	25635	352-2	SCH-grade-12427_cases.xml	0
saMgfhiRI	sam2gr2hin2i1	saṃgṛhiṇī	sangṛhinī	grade	25638	352-2	SCH-grade-12427_cases.xml	0
saMgrAmavisara	Sam2gra1mavisara	saṃgrāmavisara	sangrāmavisara	grade	25641	352-2	SCH-grade-12427_cases.xml	0
saMglApana	sam2gla1pana	saṃglāpana	sanglāpana	grade	25644	352-2	SCH-grade-12427_cases.xml	0
saMGatiTi	sam2ghatithi	saṃghatithi	sanghatithi	grade	25646	352-2	SCH-grade-12427_cases.xml	0
saMGaBfta	sam2ghabhr2ta	saṃghabhṛta	sanghabhṛta	grade	25647	352-2	SCH-grade-12427_cases.xml	0
saMGAwaka	sam2gha1t2aka	saṃghāṭaka	sanghāṭaka	grade	25651	352-2	SCH-grade-12427_cases.xml	0
sacAwu	saca1t2u	sacāṭu	sacāṭu	grade	25658	352-3	SCH-grade-12427_cases.xml	0
sacAwukam	saca1t2ukam	sacāṭukam	sacāṭukam	grade	25659	352-3	SCH-grade-12427_cases.xml	0
sacitraka	sacitraka	sacitraka	sacitraka	grade	25660	352-3	SCH-grade-12427_cases.xml	0
sacetaka	sacetaka	sacetaka	sacetaka	grade	25662	352-3	SCH-grade-12427_cases.xml	0
sacetanI	sacetani1	sacetanī	sacetanī	grade	25663	352-3	SCH-grade-12427_cases.xml	0
sajfmBaRa	sajr2mbhan2a	sajṛmbhaṇa	sajṛmbhana	grade	25668	352-3	SCH-grade-12427_cases.xml	0
sajjanatA	sajjanata1	sajjanatā	sajjanatā	grade	25669	352-3	SCH-grade-12427_cases.xml	0
sajjin	sajjin	sajjin	sajjin	grade	25670	352-3	SCH-grade-12427_cases.xml	0
saMcumbana	sam2cumbana	saṃcumbana	sancumbana	grade	25681	353-1	SCH-grade-12427_cases.xml	0
saMcetukAma	sam2cetuka1ma	saṃcetukāma	sancetukāma	grade	25682	353-1	SCH-grade-12427_cases.xml	0
saMyAtatilakA	sam2ya1tatilaka1	saṃyātatilakā	sanyātatilakā	grade	25686	353-1	SCH-grade-12427_cases.xml	0
saMjIna	sam2ji1na	saṃjīna	sanjīna	grade	25687	353-1	SCH-grade-12427_cases.xml	0
saMjvarin	sam2jvarin	saṃjvarin	sanjvarin	grade	25689	353-1	SCH-grade-12427_cases.xml	0
sawaNka	sat2an3ka	saṭaṅka	saṭanka	grade	25690	353-1	SCH-grade-12427_cases.xml	0
saMwaNkita	sam2t2an3kita	saṃṭaṅkita	sanṭankita	grade	25692	353-1	SCH-grade-12427_cases.xml	0
satkajAtIya	satkaja1ti1ya	satkajātīya	satkajātīya	grade	25695	353-1	SCH-grade-12427_cases.xml	0
satkarmin	satkarmin	satkarmin	satkarmin	grade	25696	353-1	SCH-grade-12427_cases.xml	0
sattramaRqapa	sattraman2d2apa	sattramaṇḍapa	sattramanḍapa	grade	25701	353-1	SCH-grade-12427_cases.xml	0
sattrasAlA	sattrasa1la1	sattrasālā	sattrasālā	grade	25702	353-2	SCH-grade-12427_cases.xml	0
satpada	satpada	satpada	satpada	grade	25709	353-2	SCH-grade-12427_cases.xml	0
satpuruzatA	satpurus2ata1	satpuruṣatā	satpuruṣatā	grade	25712	353-2	SCH-grade-12427_cases.xml	0
satyaGoza	Satyaghos2a	satyaghoṣa	satyaghoṣa	grade	25714	353-2	SCH-grade-12427_cases.xml	0
satyaBaRiti	satyabhan2iti	satyabhaṇiti	satyabhaniti	grade	25716	353-2	SCH-grade-12427_cases.xml	0
satyArTatAM	satya1rthata1m2	satyārthatāṃ	satyārthatām	grade	25719	353-2	SCH-grade-12427_cases.xml	0
satvaraRa	satvaran2a	satvaraṇa	satvarana	grade	25722	353-2	SCH-grade-12427_cases.xml	0
sadayatA	sadayata1	sadayatā	sadayatā	grade	25729	353-3	SCH-grade-12427_cases.xml	0
sadastra	sadastra	sadastra	sadastra	grade	25731	353-3	SCH-grade-12427_cases.xml	0
sadArAva	sada1ra1va	sadārāva	sadārāva	grade	25740	353-3	SCH-grade-12427_cases.xml	0
sadAru	sada1ru	sadāru	sadāru	grade	25741	353-3	SCH-grade-12427_cases.xml	0
sadASivatattva	sada1s4ivatattva	sadāśivatattva	sadāśivatattva	grade	25742	353-3	SCH-grade-12427_cases.xml	0
sadASivaBawwAraka	sada1s4ivabhat2t2a1raka	sadāśivabhaṭṭāraka	sadāśivabhaṭṭāraka	grade	25743	353-3	SCH-grade-12427_cases.xml	0
sadAha	sada1ha	sadāha	sadāha	grade	25744	354-1	SCH-grade-12427_cases.xml	0
sadupala	sadupala	sadupala	sadupala	grade	25745	354-1	SCH-grade-12427_cases.xml	0
sadurga	sadurga	sadurga	sadurga	grade	25746	354-1	SCH-grade-12427_cases.xml	0
sadfSa	sadr2s4a	sadṛśa	sadṛśa	grade	25747	354-1	SCH-grade-12427_cases.xml	0
sadfSAtmatA	sadr2s4a1tmata1	sadṛśātmatā	sadṛśātmatā	grade	25748	354-1	SCH-grade-12427_cases.xml	0
sadEnya	sadainya	sadainya	sadainya	grade	25750	354-1	SCH-grade-12427_cases.xml	0
sadDAsa	saddha1sa	saddhāsa	saddhāsa	grade	25753	354-1	SCH-grade-12427_cases.xml	0
sadbanDu	sadbandhu	sadbandhu	sadbandhu	grade	25755	354-1	SCH-grade-12427_cases.xml	0
sadbudDi	sadbuddhi	sadbuddhi	sadbuddhi	grade	25756	354-1	SCH-grade-12427_cases.xml	0
sadvARinI	sadva1n2ini1	sadvāṇinī	sadvāninī	grade	25762	354-1	SCH-grade-12427_cases.xml	0
sadvfttatA	sadvr2ttata1	sadvṛttatā	sadvṛttatā	grade	25763	354-1	SCH-grade-12427_cases.xml	0
sadveza	sadves2a	sadveṣa	sadveṣa	grade	25764	354-1	SCH-grade-12427_cases.xml	0
saDErya	sadhairya	sadhairya	sadhairya	grade	25765	354-1	SCH-grade-12427_cases.xml	0
sanalada	sanalada	sanalada	sanalada	grade	25768	354-1	SCH-grade-12427_cases.xml	0
sanAda	sana1da	sanāda	sanāda	grade	25771	354-1	SCH-grade-12427_cases.xml	0
sanikAram	sanika1ram	sanikāram	sanikāram	grade	25772	354-1	SCH-grade-12427_cases.xml	0
sanimitta	sanimitta	sanimitta	sanimitta	grade	25773	354-1	SCH-grade-12427_cases.xml	0
sanIqaBAj	sani1d2abha1j	sanīḍabhāj	sanīḍabhāj	grade	25774	354-1	SCH-grade-12427_cases.xml	0
saMtamasIBU	sam2tamasi1bhu1	saṃtamasībhū	santamasībhū	grade	25776	354-2	SCH-grade-12427_cases.xml	0
saMtarpa	sam2tarpa	saṃtarpa	santarpa	grade	25777	354-2	SCH-grade-12427_cases.xml	0
saMtAqita	sam2ta1d2ita	saṃtāḍita	santāḍita	grade	25778	354-2	SCH-grade-12427_cases.xml	0
saMtApaka	sam2ta1paka	saṃtāpaka	santāpaka	grade	25781	354-2	SCH-grade-12427_cases.xml	0
saMtApatA	sam2ta1pata1	saṃtāpatā	santāpatā	grade	25782	354-2	SCH-grade-12427_cases.xml	0
saMtozitva	sam2tos2itva	saṃtoṣitva	santoṣitva	grade	25784	354-2	SCH-grade-12427_cases.xml	0
saMdaMSa	sam2dam2s4a	saṃdaṃśa	sandanśa	grade	25785	354-2	SCH-grade-12427_cases.xml	0
saMdaMSana	sam2dam2s4ana	saṃdaṃśana	sandanśana	grade	25786	354-2	SCH-grade-12427_cases.xml	0
saMdaMSikA	sam2dam2s4ika1	saṃdaṃśikā	sandanśikā	grade	25787	354-2	SCH-grade-12427_cases.xml	0
saMdAmita	sam2da1mita	saṃdāmita	sandāmita	grade	25792	354-2	SCH-grade-12427_cases.xml	0
saMdeSapattra	sam2des4apattra	saṃdeśapattra	sandeśapattra	grade	25796	354-2	SCH-grade-12427_cases.xml	0
saMdehakArin	sam2dehaka1rin	saṃdehakārin	sandehakārin	grade	25797	354-2	SCH-grade-12427_cases.xml	0
saMdehaDft	sam2dehadhr2t	saṃdehadhṛt	sandehadhṛt	grade	25798	354-2	SCH-grade-12427_cases.xml	0
saMdravaRa	sam2dravan2a	saṃdravaṇa	sandravana	grade	25799	354-2	SCH-grade-12427_cases.xml	0
saMDAva	sam2dha1va	saṃdhāva	sandhāva	grade	25802	354-3	SCH-grade-12427_cases.xml	0
saMDAvant	sam2dha1vant	saṃdhāvant	sandhāvant	grade	25803	354-3	SCH-grade-12427_cases.xml	0
saMDivigrahin	sam2dhivigrahin	saṃdhivigrahin	sandhivigrahin	grade	25807	354-3	SCH-grade-12427_cases.xml	0
saMDukzin	sam2dhuks2in	saṃdhukṣin	sandhukṣin	grade	25808	354-3	SCH-grade-12427_cases.xml	0
sannatA	sannata1	sannatā	sannatā	grade	25813	354-3	SCH-grade-12427_cases.xml	0
sannaSrotra	sannas4rotra	sannaśrotra	sannaśrotra	grade	25814	354-3	SCH-grade-12427_cases.xml	0
sannABi	sanna1bhi	sannābhi	sannābhi	grade	25815	354-3	SCH-grade-12427_cases.xml	0
saMnAminI	sam2na1mini1	saṃnāminī	sannāminī	grade	25816	354-3	SCH-grade-12427_cases.xml	0
saMnASa	sam2na1s4a	saṃnāśa	sannāśa	grade	25817	354-3	SCH-grade-12427_cases.xml	0
saMnAhavant	sam2na1havant	saṃnāhavant	sannāhavant	grade	25818	354-3	SCH-grade-12427_cases.xml	0
saMnikAya	sam2nika1ya	saṃnikāya	sannikāya	grade	25819	354-3	SCH-grade-12427_cases.xml	0
sanniputra	sanniputra	sanniputra	sanniputra	grade	25823	354-3	SCH-grade-12427_cases.xml	0
saMnihitIkfta	sam2nihiti1kr2ta	saṃnihitīkṛta	sannihitīkṛta	grade	25824	354-3	SCH-grade-12427_cases.xml	0
sannemi	sannemi	sannemi	sannemi	grade	25825	354-3	SCH-grade-12427_cases.xml	0
sanneha	sanneha	sanneha	sanneha	grade	25826	354-3	SCH-grade-12427_cases.xml	0
sapaMsa	sapam2sa	sapaṃsa	sapansa	grade	25829	355-1	SCH-grade-12427_cases.xml	0
sapaNkti	sapan3kti	sapaṅkti	sapankti	grade	25831	355-1	SCH-grade-12427_cases.xml	0
sapatnapuraDUmaketu	Sapatnapuradhu1maketu	sapatnapuradhūmaketu	sapatnapuradhūmaketu	grade	25832	355-1	SCH-grade-12427_cases.xml	0
sapariBARqa	saparibha1n2d2a	saparibhāṇḍa	saparibhānḍa	grade	25834	355-1	SCH-grade-12427_cases.xml	0
sapAdalakzIya	Sapa1dalaks2i1ya	sapādalakṣīya	sapādalakṣīya	grade	25837	355-1	SCH-grade-12427_cases.xml	0
sapApa	sapa1pa	sapāpa	sapāpa	grade	25838	355-1	SCH-grade-12427_cases.xml	0
sapAriplava	sapa1riplava	sapāriplava	sapāriplava	grade	25839	355-1	SCH-grade-12427_cases.xml	0
sapUrvatA	sapu1rvata1	sapūrvatā	sapūrvatā	grade	25842	355-1	SCH-grade-12427_cases.xml	0
saptatala	saptatala	saptatala	saptatala	grade	25848	355-1	SCH-grade-12427_cases.xml	0
saptaDAsTitatva	saptadha1sthitatva	saptadhāsthitatva	saptadhāsthitatva	grade	25849	355-1	SCH-grade-12427_cases.xml	0
saptamaDAtu	saptamadha1tu	saptamadhātu	saptamadhātu	grade	25852	355-1	SCH-grade-12427_cases.xml	0
saptavyaYjanabanDa	saptavyan5janabandha	saptavyañjanabandha	saptavyanjanabandha	grade	25855	355-2	SCH-grade-12427_cases.xml	0
saptAMSu	sapta1m2s4u	saptāṃśu	saptānśu	grade	25860	355-2	SCH-grade-12427_cases.xml	0
saptAratni	sapta1ratni	saptāratni	saptāratni	grade	25861	355-2	SCH-grade-12427_cases.xml	0
saprakASa	sapraka1s4a	saprakāśa	saprakāśa	grade	25864	355-2	SCH-grade-12427_cases.xml	0
sapratyaYca	sapratyan5ca	sapratyañca	sapratyanca	grade	25867	355-2	SCH-grade-12427_cases.xml	0
sapramoda	sapramoda	sapramoda	sapramoda	grade	25870	355-2	SCH-grade-12427_cases.xml	0
saprahAra	sapraha1ra	saprahāra	saprahāra	grade	25872	355-2	SCH-grade-12427_cases.xml	0
saprIti	sapri1ti	saprīti	saprīti	grade	25873	355-2	SCH-grade-12427_cases.xml	0
sabIjaka	sabi1jaka	sabījaka	sabījaka	grade	25878	355-2	SCH-grade-12427_cases.xml	0
sabrahmacAritA	sabrahmaca1rita1	sabrahmacāritā	sabrahmacāritā	grade	25880	355-2	SCH-grade-12427_cases.xml	0
saBAnugraha	sabha1nugraha	sabhānugraha	sabhānugraha	grade	25884	355-3	SCH-grade-12427_cases.xml	0
saBApatI	sabha1pati1	sabhāpatī	sabhāpatī	grade	25885	355-3	SCH-grade-12427_cases.xml	0
saBAra	sabha1ra	sabhāra	sabhāra	grade	25886	355-3	SCH-grade-12427_cases.xml	0
saBArAzwraka	Sabha1ra1s2t2raka	sabhārāṣṭraka	sabhārāṣṭraka	grade	25887	355-3	SCH-grade-12427_cases.xml	0
saBAvAsin	sabha1va1sin	sabhāvāsin	sabhāvāsin	grade	25888	355-3	SCH-grade-12427_cases.xml	0
saBAs	sabha1s	sabhās	sabhās	grade	25889	355-3	SCH-grade-12427_cases.xml	0
saBAsali	Sabha1sali	sabhāsali	sabhāsali	grade	25890	355-3	SCH-grade-12427_cases.xml	0
saBuja	sabhuja	sabhuja	sabhuja	grade	25893	355-3	SCH-grade-12427_cases.xml	0
saBoga	sabhoga	sabhoga	sabhoga	grade	25894	355-3	SCH-grade-12427_cases.xml	0
saBrama	sabhrama	sabhrama	sabhrama	grade	25895	355-3	SCH-grade-12427_cases.xml	0
samakowika	samakot2ika	samakoṭika	samakoṭika	grade	25896	355-3	SCH-grade-12427_cases.xml	0
samagrahaRa	samagrahan2a	samagrahaṇa	samagrahana	grade	25899	355-3	SCH-grade-12427_cases.xml	0
samacezwin	samaces2t2in	samaceṣṭin	samaceṣṭin	grade	25901	355-3	SCH-grade-12427_cases.xml	0
samajanman	samajanman	samajanman	samajanman	grade	25902	355-3	SCH-grade-12427_cases.xml	0
samaRi	saman2i	samaṇi	samani	grade	25905	355-3	SCH-grade-12427_cases.xml	0
samatala	samatala	samatala	samatala	grade	25906	356-1	SCH-grade-12427_cases.xml	0
samatalaka	samatalaka	samatalaka	samatalaka	grade	25907	356-1	SCH-grade-12427_cases.xml	0
samadAs	samada1s	samadās	samadās	grade	25910	356-1	SCH-grade-12427_cases.xml	0
samadehatA	samadehata1	samadehatā	samadehatā	grade	25911	356-1	SCH-grade-12427_cases.xml	0
samadvandva	samadvandva	samadvandva	samadvandva	grade	25912	356-1	SCH-grade-12427_cases.xml	0
samaDyAsin	samadhya1sin	samadhyāsin	samadhyāsin	grade	25915	356-1	SCH-grade-12427_cases.xml	0
samanoraTa	samanoratha	samanoratha	samanoratha	grade	25916	356-1	SCH-grade-12427_cases.xml	0
samantaBadraka	samantabhadraka	samantabhadraka	samantabhadraka	grade	25918	356-1	SCH-grade-12427_cases.xml	0
samapARi	samapa1n2i	samapāṇi	samapāni	grade	25924	356-1	SCH-grade-12427_cases.xml	0
samapraDAna	samapradha1na	samapradhāna	samapradhāna	grade	25926	356-1	SCH-grade-12427_cases.xml	0
samaprADAnya	samapra1dha1nya	samaprādhānya	samaprādhānya	grade	25927	356-1	SCH-grade-12427_cases.xml	0
samaBAgatA	samabha1gata1	samabhāgatā	samabhāgatā	grade	25928	356-1	SCH-grade-12427_cases.xml	0
samaByunnati	samabhyunnati	samabhyunnati	samabhyunnati	grade	25931	356-2	SCH-grade-12427_cases.xml	0
samama	samama	samama	samama	grade	25932	356-2	SCH-grade-12427_cases.xml	0
samayadIpaka	samayadi1paka	samayadīpaka	samayadīpaka	grade	25933	356-2	SCH-grade-12427_cases.xml	0
samayabanDa	samayabandha	samayabandha	samayabandha	grade	25934	356-2	SCH-grade-12427_cases.xml	0
samarati	samarati	samarati	samarati	grade	25936	356-2	SCH-grade-12427_cases.xml	0
samaraSORqatA	samaras4aun2d2ata1	samaraśauṇḍatā	samaraśaunḍatā	grade	25937	356-2	SCH-grade-12427_cases.xml	0
samarasiMhapraBAva	Samarasim2haprabha1va	samarasiṃhaprabhāva	samarasinhaprabhāva	grade	25939	356-2	SCH-grade-12427_cases.xml	0
samarAga	samara1ga	samarāga	samarāga	grade	25941	356-2	SCH-grade-12427_cases.xml	0
samarAgin	samara1gin	samarāgin	samarāgin	grade	25942	356-2	SCH-grade-12427_cases.xml	0
samarut	samarut	samarut	samarut	grade	25943	356-2	SCH-grade-12427_cases.xml	0
samarTasTAna	samarthastha1na	samarthasthāna	samarthasthāna	grade	25946	356-2	SCH-grade-12427_cases.xml	0
samarTIkaraRa	samarthi1karan2a	samarthīkaraṇa	samarthīkarana	grade	25947	356-2	SCH-grade-12427_cases.xml	0
samava	samava	samava	samava	grade	25948	356-2	SCH-grade-12427_cases.xml	0
samavaSaraRa	samavas4aran2a	samavaśaraṇa	samavaśarana	grade	25950	356-2	SCH-grade-12427_cases.xml	0
samavasrAva	samavasra1va	samavasrāva	samavasrāva	grade	25953	356-2	SCH-grade-12427_cases.xml	0
samavetanA	samavetana1	samavetanā	samavetanā	grade	25957	356-3	SCH-grade-12427_cases.xml	0
samasaptaka	samasaptaka	samasaptaka	samasaptaka	grade	25960	356-3	SCH-grade-12427_cases.xml	0
samastamaya	samastamaya	samastamaya	samastamaya	grade	25961	356-3	SCH-grade-12427_cases.xml	0
samasyAkAraka	samasya1ka1raka	samasyākāraka	samasyākāraka	grade	25963	356-3	SCH-grade-12427_cases.xml	0
samahasta	samahasta	samahasta	samahasta	grade	25965	356-3	SCH-grade-12427_cases.xml	0
samahastaka	samahastaka	samahastaka	samahastaka	grade	25966	356-3	SCH-grade-12427_cases.xml	0
samahiman	samahiman	samahiman	samahiman	grade	25967	356-3	SCH-grade-12427_cases.xml	0
samAMSatA	sama1m2s4ata1	samāṃśatā	samānśatā	grade	25969	356-3	SCH-grade-12427_cases.xml	0
samAkrAnti	sama1kra1nti	samākrānti	samākrānti	grade	25972	356-3	SCH-grade-12427_cases.xml	0
samAjIva	sama1ji1va	samājīva	samājīva	grade	25976	356-3	SCH-grade-12427_cases.xml	0
samADimaraRa	sama1dhimaran2a	samādhimaraṇa	samādhimarana	grade	25979	356-3	SCH-grade-12427_cases.xml	0
samAnajAtitA	sama1naja1tita1	samānajātitā	samānajātitā	grade	25982	357-1	SCH-grade-12427_cases.xml	0
samAnatIrTya	sama1nati1rthya	samānatīrthya	samānatīrthya	grade	25984	357-1	SCH-grade-12427_cases.xml	0
samAnamana	sama1namana	samānamana	samānamana	grade	25987	357-1	SCH-grade-12427_cases.xml	0
samAnaSIlatA	sama1nas4i1lata1	samānaśīlatā	samānaśīlatā	grade	25988	357-1	SCH-grade-12427_cases.xml	0
samAnAyaka	sama1na1yaka	samānāyaka	samānāyaka	grade	25990	357-1	SCH-grade-12427_cases.xml	0
samAnIka	sama1ni1ka	samānīka	samānīka	grade	25991	357-1	SCH-grade-12427_cases.xml	0
samArakzaka	sama1raks2aka	samārakṣaka	samārakṣaka	grade	25995	357-1	SCH-grade-12427_cases.xml	0
samArakzaRa	sama1raks2an2a	samārakṣaṇa	samārakṣana	grade	25996	357-1	SCH-grade-12427_cases.xml	0
samAracana	sama1racana	samāracana	samāracana	grade	25997	357-1	SCH-grade-12427_cases.xml	0
samAveSa	sama1ves4a	samāveśa	samāveśa	grade	26004	357-1	SCH-grade-12427_cases.xml	0
samASAKA	sama1s4a1kha1	samāśākhā	samāśākhā	grade	26006	357-2	SCH-grade-12427_cases.xml	0
samAstaraRa	sama1staran2a	samāstaraṇa	samāstarana	grade	26008	357-2	SCH-grade-12427_cases.xml	0
samIkaSiras	sami1kas4iras	samīkaśiras	samīkaśiras	grade	26016	357-2	SCH-grade-12427_cases.xml	0
samIkzAsidDAnta	sami1ks2a1siddha1nta	samīkṣāsiddhānta	samīkṣāsiddhānta	grade	26017	357-2	SCH-grade-12427_cases.xml	0
samIcikzu	sami1ciks2u	samīcikṣu	samīcikṣu	grade	26018	357-2	SCH-grade-12427_cases.xml	0
samIpavftti	sami1pavr2tti	samīpavṛtti	samīpavṛtti	grade	26020	357-2	SCH-grade-12427_cases.xml	0
samIpaSoka	sami1pas4oka	samīpaśoka	samīpaśoka	grade	26021	357-2	SCH-grade-12427_cases.xml	0
samIraRA	sami1ran2a1	samīraṇā	samīranā	grade	26024	357-2	SCH-grade-12427_cases.xml	0
samIrapaTa	sami1rapatha	samīrapatha	samīrapatha	grade	26025	357-2	SCH-grade-12427_cases.xml	0
samIramArga	sami1rama1rga	samīramārga	samīramārga	grade	26026	357-2	SCH-grade-12427_cases.xml	0
samIrasUnu	sami1rasu1nu	samīrasūnu	samīrasūnu	grade	26027	357-2	SCH-grade-12427_cases.xml	0
samIrASana	sami1ra1s4ana	samīrāśana	samīrāśana	grade	26028	357-2	SCH-grade-12427_cases.xml	0
samuccela	samuccela	samuccela	samuccela	grade	26031	357-2	SCH-grade-12427_cases.xml	0
samujjfmBaRa	samujjr2mbhan2a	samujjṛmbhaṇa	samujjṛmbhana	grade	26034	357-3	SCH-grade-12427_cases.xml	0
samuwwaNkana	samut2t2an3kana	samuṭṭaṅkana	samuṭṭankana	grade	26036	357-3	SCH-grade-12427_cases.xml	0
samutplava	samutplava	samutplava	samutplava	grade	26045	357-3	SCH-grade-12427_cases.xml	0
samudayin	samudayin	samudayin	samudayin	grade	26049	357-3	SCH-grade-12427_cases.xml	0
samudgamaka	samudgamaka	samudgamaka	samudgamaka	grade	26057	357-3	SCH-grade-12427_cases.xml	0
samudrakaRWa	Samudrakan2t2ha	samudrakaṇṭha	samudrakanṭha	grade	26062	358-1	SCH-grade-12427_cases.xml	0
samudragfhaka	samudragr2haka	samudragṛhaka	samudragṛhaka	grade	26066	358-1	SCH-grade-12427_cases.xml	0
samudrarAja	samudrara1ja	samudrarāja	samudrarāja	grade	26068	358-1	SCH-grade-12427_cases.xml	0
samupAdAna	samupa1da1na	samupādāna	samupādāna	grade	26073	358-1	SCH-grade-12427_cases.xml	0
samupodvalita	samupodvalita	samupodvalita	samupodvalita	grade	26075	358-1	SCH-grade-12427_cases.xml	0
samullAsana	samulla1sana	samullāsana	samullāsana	grade	26076	358-1	SCH-grade-12427_cases.xml	0
samodam	samodam	samodam	samodam	grade	26081	358-1	SCH-grade-12427_cases.xml	0
samOzWa	samaus2t2ha	samauṣṭha	samauṣṭha	grade	26082	358-1	SCH-grade-12427_cases.xml	0
saMparAyaDarA	sam2para1yadhara1	saṃparāyadharā	samparāyadharā	grade	26085	358-2	SCH-grade-12427_cases.xml	0
saMparkakArin	sam2parkaka1rin	saṃparkakārin	samparkakārin	grade	26087	358-2	SCH-grade-12427_cases.xml	0
saMpAwana	sam2pa1t2ana	saṃpāṭana	sampāṭana	grade	26088	358-2	SCH-grade-12427_cases.xml	0
saMpAtya	sam2pa1tya	saṃpātya	sampātya	grade	26092	358-2	SCH-grade-12427_cases.xml	0
saMpuwayamaka	sam2put2ayamaka	saṃpuṭayamaka	sampuṭayamaka	grade	26095	358-2	SCH-grade-12427_cases.xml	0
saMpradAnakAlika	sam2prada1naka1lika	saṃpradānakālika	sampradānakālika	grade	26108	358-3	SCH-grade-12427_cases.xml	0
saMpriyatva	sam2priyatva	saṃpriyatva	sampriyatva	grade	26116	358-3	SCH-grade-12427_cases.xml	0
saMprezyA	sam2pres2ya1	saṃpreṣyā	sampreṣyā	grade	26117	358-3	SCH-grade-12427_cases.xml	0
saMbADA	sam2ba1dha1	saṃbādhā	sambādhā	grade	26121	358-3	SCH-grade-12427_cases.xml	0
saMBaYjana	sam2bhan5jana	saṃbhañjana	sambhanjana	grade	26125	358-3	SCH-grade-12427_cases.xml	0
saMBavatva	sam2bhavatva	saṃbhavatva	sambhavatva	grade	26128	358-3	SCH-grade-12427_cases.xml	0
saMBArikI	sam2bha1riki1	saṃbhārikī	sambhārikī	grade	26129	359-1	SCH-grade-12427_cases.xml	0
saMBAlana	sam2bha1lana	saṃbhālana	sambhālana	grade	26130	359-1	SCH-grade-12427_cases.xml	0
saMBinnamadamaryAdA	sam2bhinnamadamarya1da1	saṃbhinnamadamaryādā	sambhinnamadamaryādā	grade	26133	359-1	SCH-grade-12427_cases.xml	0
saMBUyasamutTAtar	sam2bhu1yasamuttha1tar	saṃbhūyasamutthātar	sambhūyasamutthātar	grade	26135	359-1	SCH-grade-12427_cases.xml	0
saMmUrCaka	sam2mu1rchaka	saṃmūrchaka	sammūrchaka	grade	26140	359-1	SCH-grade-12427_cases.xml	0
saMmocana	sam2mocana	saṃmocana	sammocana	grade	26141	359-1	SCH-grade-12427_cases.xml	0
saMmohanA	sam2mohana1	saṃmohanā	sammohanā	grade	26144	359-1	SCH-grade-12427_cases.xml	0
saraRika	saran2ika	saraṇika	saranika	grade	26155	359-2	SCH-grade-12427_cases.xml	0
saratna	saratna	saratna	saratna	grade	26157	359-2	SCH-grade-12427_cases.xml	0
sarasayati	sarasay(ati)	sarasayati	sarasayati	grade	26163	359-2	SCH-grade-12427_cases.xml	0
sarasijajanman	sarasijajanman	sarasijajanman	sarasijajanman	grade	26165	359-2	SCH-grade-12427_cases.xml	0
sarasijanetra	sarasijanetra	sarasijanetra	sarasijanetra	grade	26166	359-2	SCH-grade-12427_cases.xml	0
sarasijaBartar	sarasijabhartar	sarasijabhartar	sarasijabhartar	grade	26167	359-2	SCH-grade-12427_cases.xml	0
sarasita	sarasita	sarasita	sarasita	grade	26168	359-2	SCH-grade-12427_cases.xml	0
sarasvatItuqaga	Sarasvati1tud2aga	sarasvatītuḍaga	sarasvatītuḍaga	grade	26171	359-3	SCH-grade-12427_cases.xml	0
sarasvatIdrohin	Sarasvati1drohin	sarasvatīdrohin	sarasvatīdrohin	grade	26172	359-3	SCH-grade-12427_cases.xml	0
sarasvatIvAhana	Sarasvati1va1hana	sarasvatīvāhana	sarasvatīvāhana	grade	26173	359-3	SCH-grade-12427_cases.xml	0
sarAma	sara1ma	sarāma	sarāma	grade	26177	359-3	SCH-grade-12427_cases.xml	0
sarAla	sara1la	sarāla	sarāla	grade	26178	359-3	SCH-grade-12427_cases.xml	0
sariRI	sarin2i1	sariṇī	sarinī	grade	26179	359-3	SCH-grade-12427_cases.xml	0
saritsUnu	saritsu1nu	saritsūnu	saritsūnu	grade	26181	359-3	SCH-grade-12427_cases.xml	0
saridBujaMga	saridbhujam2ga	saridbhujaṃga	saridbhujanga	grade	26183	359-3	SCH-grade-12427_cases.xml	0
sarojajanman	sarojajanman	sarojajanman	sarojajanman	grade	26190	359-3	SCH-grade-12427_cases.xml	0
sarojanayana	sarojanayana	sarojanayana	sarojanayana	grade	26191	359-3	SCH-grade-12427_cases.xml	0
sarojanABi	sarojana1bhi	sarojanābhi	sarojanābhi	grade	26192	359-3	SCH-grade-12427_cases.xml	0
sarojabanDu	sarojabandhu	sarojabandhu	sarojabandhu	grade	26194	359-3	SCH-grade-12427_cases.xml	0
sarojamuKI	sarojamukhi1	sarojamukhī	sarojamukhī	grade	26195	359-3	SCH-grade-12427_cases.xml	0
sarojasuhfd	sarojasuhr2d	sarojasuhṛd	sarojasuhṛd	grade	26196	359-3	SCH-grade-12427_cases.xml	0
sarojAkara	saroja1kara	sarojākara	sarojākara	grade	26197	359-3	SCH-grade-12427_cases.xml	0
sarojAkzI	saroja1ks2i1	sarojākṣī	sarojākṣī	grade	26198	359-3	SCH-grade-12427_cases.xml	0
sarojinIkAnta	sarojini1ka1nta	sarojinīkānta	sarojinīkānta	grade	26199	359-3	SCH-grade-12427_cases.xml	0
saroruhadfS	saroruhadr2s4	saroruhadṛś	saroruhadṛś	grade	26201	359-3	SCH-grade-12427_cases.xml	0
sarjanaka	sarjanaka	sarjanaka	sarjanaka	grade	26206	360-1	SCH-grade-12427_cases.xml	0
sarpagrAha	sarpagra1ha	sarpagrāha	sarpagrāha	grade	26208	360-1	SCH-grade-12427_cases.xml	0
sarpaveRI	sarpaven2i1	sarpaveṇī	sarpavenī	grade	26211	360-1	SCH-grade-12427_cases.xml	0
sarvakalA	Sarvakala1	sarvakalā	sarvakalā	grade	26216	360-1	SCH-grade-12427_cases.xml	0
sarvakAraRatva	sarvaka1ran2atva	sarvakāraṇatva	sarvakāranatva	grade	26217	360-1	SCH-grade-12427_cases.xml	0
sarvajanAndana	Sarvajana1ndana	sarvajanāndana	sarvajanāndana	grade	26222	360-2	SCH-grade-12427_cases.xml	0
sarvatomuKabanDa	sarvatomukhabandha	sarvatomukhabandha	sarvatomukhabandha	grade	26233	360-2	SCH-grade-12427_cases.xml	0
sarvaDAra	sarvadha1ra	sarvadhāra	sarvadhāra	grade	26237	360-3	SCH-grade-12427_cases.xml	0
sarvaprARam	sarvapra1n2am	sarvaprāṇam	sarvaprānam	grade	26240	360-3	SCH-grade-12427_cases.xml	0
sarvavant	sarvavant	sarvavant	sarvavant	grade	26244	360-3	SCH-grade-12427_cases.xml	0
sarvaviSvAsitA	sarvavis4va1sita1	sarvaviśvāsitā	sarvaviśvāsitā	grade	26245	360-3	SCH-grade-12427_cases.xml	0
sarvasamayaka	sarvasamayaka	sarvasamayaka	sarvasamayaka	grade	26249	360-3	SCH-grade-12427_cases.xml	0
sarvANgamardana	sarva1n3gamardana	sarvāṅgamardana	sarvāngamardana	grade	26250	360-3	SCH-grade-12427_cases.xml	0
sarvAvasTa	sarva1vastha	sarvāvastha	sarvāvastha	grade	26256	361-1	SCH-grade-12427_cases.xml	0
sarvASa	sarva1s4a	sarvāśa	sarvāśa	grade	26257	361-1	SCH-grade-12427_cases.xml	0
salapU	salapu1	salapū	salapū	grade	26259	361-1	SCH-grade-12427_cases.xml	0
salilaturaga	salilaturaga	salilaturaga	salilaturaga	grade	26262	361-1	SCH-grade-12427_cases.xml	0
salilatUlikA	salilatu1lika1	salilatūlikā	salilatūlikā	grade	26263	361-1	SCH-grade-12427_cases.xml	0
salilaDi	saliladhi	saliladhi	saliladhi	grade	26264	361-1	SCH-grade-12427_cases.xml	0
salleKanA	sallekhana1	sallekhanā	sallekhanā	grade	26269	361-1	SCH-grade-12427_cases.xml	0
savanagfha	savanagr2ha	savanagṛha	savanagṛha	grade	26271	361-1	SCH-grade-12427_cases.xml	0
savanalih	savanalih	savanalih	savanalih	grade	26272	361-1	SCH-grade-12427_cases.xml	0
savaBuj	savabhuj	savabhuj	savabhuj	grade	26274	361-1	SCH-grade-12427_cases.xml	0
savaraka	Savaraka	savaraka	savaraka	grade	26276	361-1	SCH-grade-12427_cases.xml	0
savarkaram	savarkaram	savarkaram	savarkaram	grade	26277	361-1	SCH-grade-12427_cases.xml	0
savikAsa	savika1sa	savikāsa	savikāsa	grade	26280	361-1	SCH-grade-12427_cases.xml	0
savin	savin	savin	savin	grade	26281	361-2	SCH-grade-12427_cases.xml	0
savirAma	savira1ma	savirāma	savirāma	grade	26283	361-2	SCH-grade-12427_cases.xml	0
savisara	savisara	savisara	savisara	grade	26284	361-2	SCH-grade-12427_cases.xml	0
savendu	savendu	savendu	savendu	grade	26287	361-2	SCH-grade-12427_cases.xml	0
saSarkara	sas4arkara	saśarkara	saśarkara	grade	26290	361-2	SCH-grade-12427_cases.xml	0
sasaMyati	sasam2yati	sasaṃyati	sasanyati	grade	26293	361-2	SCH-grade-12427_cases.xml	0
sasaMbADam	sasam2ba1dham	sasaṃbādham	sasambādham	grade	26294	361-2	SCH-grade-12427_cases.xml	0
sasiram	sasiram	sasiram	sasiram	grade	26298	361-2	SCH-grade-12427_cases.xml	0
sasIsa	sasi1sa	sasīsa	sasīsa	grade	26300	361-2	SCH-grade-12427_cases.xml	0
sasOzWavam	sasaus2t2havam	sasauṣṭhavam	sasauṣṭhavam	grade	26302	361-2	SCH-grade-12427_cases.xml	0
sasyanizpatti	sasyanis2patti	sasyaniṣpatti	sasyaniṣpatti	grade	26304	361-2	SCH-grade-12427_cases.xml	0
sasyanda	sasyanda	sasyanda	sasyanda	grade	26305	361-3	SCH-grade-12427_cases.xml	0
sahakArasurA	sahaka1rasura1	sahakārasurā	sahakārasurā	grade	26307	361-3	SCH-grade-12427_cases.xml	0
sahakrIqita	sahakri1d2ita	sahakrīḍita	sahakrīḍita	grade	26308	361-3	SCH-grade-12427_cases.xml	0
sahagrAhin	sahagra1hin	sahagrāhin	sahagrāhin	grade	26309	361-3	SCH-grade-12427_cases.xml	0
sahati	sahati	sahati	sahati	grade	26311	361-3	SCH-grade-12427_cases.xml	0
saharABasya	sahara1bhasya	saharābhasya	saharābhasya	grade	26317	361-3	SCH-grade-12427_cases.xml	0
saharita	saharita	saharita	saharita	grade	26318	361-3	SCH-grade-12427_cases.xml	0
sahasaMBUti	sahasam2bhu1ti	sahasaṃbhūti	sahasambhūti	grade	26319	361-3	SCH-grade-12427_cases.xml	0
sahasrakUwa	Sahasraku1t2a	sahasrakūṭa	sahasrakūṭa	grade	26320	361-3	SCH-grade-12427_cases.xml	0
sahasragaRanAvant	sahasragan2ana1vant	sahasragaṇanāvant	sahasragananāvant	grade	26321	361-3	SCH-grade-12427_cases.xml	0
sahasratviz	sahasratvis2	sahasratviṣ	sahasratviṣ	grade	26322	361-3	SCH-grade-12427_cases.xml	0
sahasraBawa	sahasrabhat2a	sahasrabhaṭa	sahasrabhaṭa	grade	26325	361-3	SCH-grade-12427_cases.xml	0
sahasramAya	Sahasrama1ya	sahasramāya	sahasramāya	grade	26329	361-3	SCH-grade-12427_cases.xml	0
sahasraliNgasarovara	Sahasralin3gasarovara	sahasraliṅgasarovara	sahasralingasarovara	grade	26331	362-1	SCH-grade-12427_cases.xml	0
sahArava	saha1rava	sahārava	sahārava	grade	26337	362-1	SCH-grade-12427_cases.xml	0
sahAsya	saha1sya	sahāsya	sahāsya	grade	26340	362-1	SCH-grade-12427_cases.xml	0
sahyatanayA	Sahyatanaya1	sahyatanayā	sahyatanayā	grade	26349	362-1	SCH-grade-12427_cases.xml	0
sAMvaryA	sa1m2varya1	sāṃvaryā	sānvaryā	grade	26351	362-1	SCH-grade-12427_cases.xml	0
sAMSu	sa1m2s4u	sāṃśu	sānśu	grade	26354	362-1	SCH-grade-12427_cases.xml	0
sAgaramala	sa1garamala	sāgaramala	sāgaramala	grade	26360	362-2	SCH-grade-12427_cases.xml	0
sAgaraSAyin	sa1garas4a1yin	sāgaraśāyin	sāgaraśāyin	grade	26361	362-2	SCH-grade-12427_cases.xml	0
sAgarIya	sa1gari1ya	sāgarīya	sāgarīya	grade	26364	362-2	SCH-grade-12427_cases.xml	0
sAgaska	sa1gaska	sāgaska	sāgaska	grade	26365	362-2	SCH-grade-12427_cases.xml	0
sAMkawya	sa1m2kat2ya	sāṃkaṭya	sānkaṭya	grade	26366	362-2	SCH-grade-12427_cases.xml	0
sAMkarikI	sa1m2kariki1	sāṃkarikī	sānkarikī	grade	26367	362-2	SCH-grade-12427_cases.xml	0
sANkurIBUta	sa1n3kuri1bhu1ta	sāṅkurībhūta	sānkurībhūta	grade	26371	362-2	SCH-grade-12427_cases.xml	0
sAcivyatva	sa1civyatva	sācivyatva	sācivyatva	grade	26375	362-2	SCH-grade-12427_cases.xml	0
sAtana	sa1tana	sātana	sātana	grade	26377	362-2	SCH-grade-12427_cases.xml	0
sAtAna	sa1ta1na	sātāna	sātāna	grade	26379	362-2	SCH-grade-12427_cases.xml	0
sAtina	sa1tina	sātina	sātina	grade	26380	362-2	SCH-grade-12427_cases.xml	0
sAttvikatva	sa1ttvikatva	sāttvikatva	sāttvikatva	grade	26383	362-2	SCH-grade-12427_cases.xml	0
sADikya	sa1dhikya	sādhikya	sādhikya	grade	26389	362-3	SCH-grade-12427_cases.xml	0
sAnUkatA	sa1nu1kata14	sānūkatā	sānūkatā	grade	26395	362-3	SCH-grade-12427_cases.xml	0
sAntU	Sa1ntu1	sāntū	sāntū	grade	26397	362-3	SCH-grade-12427_cases.xml	0
sAndrita	sa1ndrita	sāndrita	sāndrita	grade	26399	362-3	SCH-grade-12427_cases.xml	0
sAMnahya	sa1m2nahya	sāṃnahya	sānnahya	grade	26401	362-3	SCH-grade-12427_cases.xml	0
sAMnAhya	sa1m2na1hya	sāṃnāhya	sānnāhya	grade	26402	362-3	SCH-grade-12427_cases.xml	0
sApasAra	sa1pasa1ra	sāpasāra	sāpasāra	grade	26408	363-1	SCH-grade-12427_cases.xml	0
sAbanDa	sa1bandha	sābandha	sābandha	grade	26411	363-1	SCH-grade-12427_cases.xml	0
sAmajatva	sa1majatva	sāmajatva	sāmajatva	grade	26416	363-1	SCH-grade-12427_cases.xml	0
sAmantya	sa1mantya	sāmantya	sāmantya	grade	26419	363-1	SCH-grade-12427_cases.xml	0
sAmapara	sa1mapara	sāmapara	sāmapara	grade	26420	363-1	SCH-grade-12427_cases.xml	0
sAmarasena	sa1marasena	sāmarasena	sāmarasena	grade	26422	363-1	SCH-grade-12427_cases.xml	0
sAmarasya	sa1marasya	sāmarasya	sāmarasya	grade	26423	363-1	SCH-grade-12427_cases.xml	0
sAmala	Sa1mala	sāmala	sāmala	grade	26424	363-1	SCH-grade-12427_cases.xml	0
sAmutTAyaka	sa1muttha1yaka	sāmutthāyaka	sāmutthāyaka	grade	26432	363-2	SCH-grade-12427_cases.xml	0
sAmUra	sa1mu1ra	sāmūra	sāmūra	grade	26435	363-2	SCH-grade-12427_cases.xml	0
sAmeDika	sa1medhika	sāmedhika	sāmedhika	grade	26437	363-2	SCH-grade-12427_cases.xml	0
sAmodam	sa1modam	sāmodam	sāmodam	grade	26438	363-2	SCH-grade-12427_cases.xml	0
sAmyaDarma	sa1myadharma	sāmyadharma	sāmyadharma	grade	26440	363-2	SCH-grade-12427_cases.xml	0
sAmyaBAj	sa1myabha1j	sāmyabhāj	sāmyabhāj	grade	26441	363-2	SCH-grade-12427_cases.xml	0
sAmyuktitas	sa1myuktitas	sāmyuktitas	sāmyuktitas	grade	26442	363-2	SCH-grade-12427_cases.xml	0
sArakucA	sa1rakuca1	sārakucā	sārakucā	grade	26447	363-2	SCH-grade-12427_cases.xml	0
sArakeli	sa1rakeli	sārakeli	sārakeli	grade	26448	363-2	SCH-grade-12427_cases.xml	0
sAraNgaketu	sa1ran3gaketu	sāraṅgaketu	sārangaketu	grade	26450	363-2	SCH-grade-12427_cases.xml	0
sAraNgatva	sa1ran3gatva	sāraṅgatva	sārangatva	grade	26451	363-2	SCH-grade-12427_cases.xml	0
sAraNgadfS	sa1ran3gadr2s4	sāraṅgadṛś	sārangadṛś	grade	26452	363-2	SCH-grade-12427_cases.xml	0
sAraNgalakzman	sa1ran3galaks2man	sāraṅgalakṣman	sārangalakṣman	grade	26453	363-2	SCH-grade-12427_cases.xml	0
sAraNgikA	Sa1ran3gika1	sāraṅgikā	sārangikā	grade	26454	363-2	SCH-grade-12427_cases.xml	0
sArasadfS	sa1rasadr2s4	sārasadṛś	sārasadṛś	grade	26459	363-3	SCH-grade-12427_cases.xml	0
sArasanAyate	sa1rasana1y(ate)	sārasanāyate	sārasanāyate	grade	26461	363-3	SCH-grade-12427_cases.xml	0
sArastanIkEtavakOtuka	Sa1rastani1kaitavakautuka	sārastanīkaitavakautuka	sārastanīkaitavakautuka	grade	26463	363-3	SCH-grade-12427_cases.xml	0
sArasvatatA	sa1rasvatata1	sārasvatatā	sārasvatatā	grade	26464	363-3	SCH-grade-12427_cases.xml	0
sArasvatatva	sa1rasvatatva	sārasvatatva	sārasvatatva	grade	26465	363-3	SCH-grade-12427_cases.xml	0
sArAsa	sa1ra1sa	sārāsa	sārāsa	grade	26467	363-3	SCH-grade-12427_cases.xml	0
sArAsam	sa1ra1sam	sārāsam	sārāsam	grade	26468	363-3	SCH-grade-12427_cases.xml	0
sAriRi	sa1rin2i	sāriṇi	sārini	grade	26469	363-3	SCH-grade-12427_cases.xml	0
sArita	sa1rita	sārita	sārita	grade	26470	363-3	SCH-grade-12427_cases.xml	0
sAripAsakrIqA	sa1ripa1sakri1d2a1	sāripāsakrīḍā	sāripāsakrīḍā	grade	26472	363-3	SCH-grade-12427_cases.xml	0
sAroda	sa1roda	sāroda	sāroda	grade	26475	363-3	SCH-grade-12427_cases.xml	0
sArTapArTiva	sa1rthapa1rthiva	sārthapārthiva	sārthapārthiva	grade	26478	363-3	SCH-grade-12427_cases.xml	0
sArTapramARa	sa1rthaprama1n2a	sārthapramāṇa	sārthapramāna	grade	26479	363-3	SCH-grade-12427_cases.xml	0
sArTaramaRI	sa1rtharaman2i1	sārtharamaṇī	sārtharamanī	grade	26480	363-3	SCH-grade-12427_cases.xml	0
sArTADISa	sa1rtha1dhi1s4a	sārthādhīśa	sārthādhīśa	grade	26482	364-1	SCH-grade-12427_cases.xml	0
sArDayAma	sa1rdhaya1ma	sārdhayāma	sārdhayāma	grade	26484	364-1	SCH-grade-12427_cases.xml	0
sArDuka	sa1rdhuka	sārdhuka	sārdhuka	grade	26485	364-1	SCH-grade-12427_cases.xml	0
sArpabanDa	sa1rpabandha	sārpabandha	sārpabandha	grade	26486	364-1	SCH-grade-12427_cases.xml	0
sAlaktakapada	sa1laktakapada	sālaktakapada	sālaktakapada	grade	26489	364-1	SCH-grade-12427_cases.xml	0
sAlanaka	sa1lanaka	sālanaka	sālanaka	grade	26491	364-1	SCH-grade-12427_cases.xml	0
sAlasya	sa1lasya	sālasya	sālasya	grade	26492	364-1	SCH-grade-12427_cases.xml	0
sAlAta	sa1la1ta	sālāta	sālāta	grade	26493	364-1	SCH-grade-12427_cases.xml	0
sAligavasahikA	Sa1ligavasahika1	sāligavasahikā	sāligavasahikā	grade	26494	364-1	SCH-grade-12427_cases.xml	0
sAvaKyam	sa1vakhyam	sāvakhyam	sāvakhyam	grade	26498	364-1	SCH-grade-12427_cases.xml	0
sASa	sa1s4a	sāśa	sāśa	grade	26501	364-1	SCH-grade-12427_cases.xml	0
sASaMsa	sa1s4am2sa	sāśaṃsa	sāśansa	grade	26502	364-1	SCH-grade-12427_cases.xml	0
sASam	sa1s4am	sāśam	sāśam	grade	26503	364-1	SCH-grade-12427_cases.xml	0
sASIH	sa1s4i1h2	sāśīḥ	sāśī	grade	26504	364-1	SCH-grade-12427_cases.xml	0
sAsin	sa1sin	sāsin	sāsin	grade	26506	364-1	SCH-grade-12427_cases.xml	0
sAhasya	sa1hasya	sāhasya	sāhasya	grade	26509	364-2	SCH-grade-12427_cases.xml	0
sAhAyyadAyikA	sa1ha1yyada1yika1	sāhāyyadāyikā	sāhāyyadāyikā	grade	26511	364-2	SCH-grade-12427_cases.xml	0
siMhakIrti	Sim2haki1rti	siṃhakīrti	sinhakīrti	grade	26513	364-2	SCH-grade-12427_cases.xml	0
siMhanAdavant	sim2hana1davant	siṃhanādavant	sinhanādavant	grade	26514	364-2	SCH-grade-12427_cases.xml	0
siMhanikA	sim2hanika1	siṃhanikā	sinhanikā	grade	26515	364-2	SCH-grade-12427_cases.xml	0
siMhamudrA	sim2hamudra1	siṃhamudrā	sinhamudrā	grade	26517	364-2	SCH-grade-12427_cases.xml	0
siMhAyata	sim2ha1yata	siṃhāyata	sinhāyata	grade	26521	364-2	SCH-grade-12427_cases.xml	0
siktaka	siktaka	siktaka	siktaka	grade	26529	364-2	SCH-grade-12427_cases.xml	0
sikvaka	sikvaka	sikvaka	sikvaka	grade	26530	364-2	SCH-grade-12427_cases.xml	0
siYcita	sin5cita	siñcita	sincita	grade	26533	364-3	SCH-grade-12427_cases.xml	0
siYjana	sin5jana	siñjana	sinjana	grade	26535	364-3	SCH-grade-12427_cases.xml	0
sitakokila	sitakokila	sitakokila	sitakokila	grade	26540	364-3	SCH-grade-12427_cases.xml	0
sitataru	sitataru	sitataru	sitataru	grade	26542	364-3	SCH-grade-12427_cases.xml	0
sitatva	sitatva	sitatva	sitatva	grade	26544	364-3	SCH-grade-12427_cases.xml	0
sitadyuti	sitadyuti	sitadyuti	sitadyuti	grade	26545	364-3	SCH-grade-12427_cases.xml	0
sitapika	sitapika	sitapika	sitapika	grade	26546	364-3	SCH-grade-12427_cases.xml	0
sitaBAnu	sitabha1nu	sitabhānu	sitabhānu	grade	26547	364-3	SCH-grade-12427_cases.xml	0
sitaravi	sitaravi	sitaravi	sitaravi	grade	26549	364-3	SCH-grade-12427_cases.xml	0
sitavasana	sitavasana	sitavasana	sitavasana	grade	26550	364-3	SCH-grade-12427_cases.xml	0
sitavihaga	sitavihaga	sitavihaga	sitavihaga	grade	26552	364-3	SCH-grade-12427_cases.xml	0
sitaSilA	sitas4ila1	sitaśilā	sitaśilā	grade	26553	364-3	SCH-grade-12427_cases.xml	0
sitaSUka	sitas4u1ka	sitaśūka	sitaśūka	grade	26554	364-3	SCH-grade-12427_cases.xml	0
sitAmalaka	sita1malaka	sitāmalaka	sitāmalaka	grade	26556	364-3	SCH-grade-12427_cases.xml	0
sitAyate	sita1y(ate)	sitāyate	sitāyate	grade	26557	364-3	SCH-grade-12427_cases.xml	0
sitAsitasarit	sita1sitasarit	sitāsitasarit	sitāsitasarit	grade	26558	364-3	SCH-grade-12427_cases.xml	0
sitetararatna	sitetararatna	sitetararatna	sitetararatna	grade	26560	365-1	SCH-grade-12427_cases.xml	0
sidDacUrRa	siddhacu1rn2a	siddhacūrṇa	siddhacūrna	grade	26561	365-1	SCH-grade-12427_cases.xml	0
sidDamantrAyate	siddhamantra1y(ate)	siddhamantrāyate	siddhamantrāyate	grade	26564	365-1	SCH-grade-12427_cases.xml	0
sidDamUlikA	siddhamu1lika1	siddhamūlikā	siddhamūlikā	grade	26565	365-1	SCH-grade-12427_cases.xml	0
sidDaveza	siddhaves2a	siddhaveṣa	siddhaveṣa	grade	26569	365-1	SCH-grade-12427_cases.xml	0
sidDasADyatA	siddhasa1dhyata1	siddhasādhyatā	siddhasādhyatā	grade	26570	365-1	SCH-grade-12427_cases.xml	0
sidDAdeSa	Siddha1des4a	siddhādeśa	siddhādeśa	grade	26572	365-1	SCH-grade-12427_cases.xml	0
sidDAmantraRa	siddha1mantran2a	siddhāmantraṇa	siddhāmantrana	grade	26573	365-1	SCH-grade-12427_cases.xml	0
sidDAya	siddha1ya	siddhāya	siddhāya	grade	26574	365-1	SCH-grade-12427_cases.xml	0
sindUryamARa	sindu1ryama1n2a	sindūryamāṇa	sindūryamāna	grade	26580	365-1	SCH-grade-12427_cases.xml	0
sinDutaru	sindhutaru	sindhutaru	sindhutaru	grade	26581	365-1	SCH-grade-12427_cases.xml	0
sinDuradviz	sindhuradvis2	sindhuradviṣ	sindhuradviṣ	grade	26584	365-1	SCH-grade-12427_cases.xml	0
sinDurava	sindhurava	sindhurava	sindhurava	grade	26585	365-1	SCH-grade-12427_cases.xml	0
sinDuravaDU	sindhuravadhu1	sindhuravadhū	sindhuravadhū	grade	26586	365-1	SCH-grade-12427_cases.xml	0
sinDurAnana	sindhura1nana	sindhurānana	sindhurānana	grade	26587	365-1	SCH-grade-12427_cases.xml	0
sivantI	sivanti1	sivantī	sivantī	grade	26589	365-2	SCH-grade-12427_cases.xml	0
sisADayizitA	sisa1dhayis2ita1	sisādhayiṣitā	sisādhayiṣitā	grade	26592	365-2	SCH-grade-12427_cases.xml	0
sItADyakza	si1ta1dhyaks2a	sītādhyakṣa	sītādhyakṣa	grade	26595	365-2	SCH-grade-12427_cases.xml	0
sItApawa	si1ta1pat2a	sītāpaṭa	sītāpaṭa	grade	26596	365-2	SCH-grade-12427_cases.xml	0
sItka	si1tka	sītka	sītka	grade	26597	365-2	SCH-grade-12427_cases.xml	0
sItkfti	si1tkr2ti	sītkṛti	sītkṛti	grade	26598	365-2	SCH-grade-12427_cases.xml	0
sIDura	si1dhura	sīdhura	sīdhura	grade	26599	365-2	SCH-grade-12427_cases.xml	0
sInDala	Si1ndhala	sīndhala	sīndhala	grade	26600	365-2	SCH-grade-12427_cases.xml	0
sImAgfha	si1ma1gr2ha	sīmāgṛha	sīmāgṛha	grade	26604	365-2	SCH-grade-12427_cases.xml	0
sIlana	Si1lana	sīlana	sīlana	grade	26609	365-2	SCH-grade-12427_cases.xml	0
sIsaDAtu	si1sadha1tu	sīsadhātu	sīsadhātu	grade	26610	365-2	SCH-grade-12427_cases.xml	0
sukarmaBAj	sukarmabha1j	sukarmabhāj	sukarmabhāj	grade	26614	365-2	SCH-grade-12427_cases.xml	0
sukutUhala	sukutu1hala	sukutūhala	sukutūhala	grade	26615	365-2	SCH-grade-12427_cases.xml	0
sukuntalA	Sukuntala1	sukuntalā	sukuntalā	grade	26616	365-2	SCH-grade-12427_cases.xml	0
sukumArikABigraha	sukuma1rika1bhigraha	sukumārikābhigraha	sukumārikābhigraha	grade	26618	365-3	SCH-grade-12427_cases.xml	0
sukoSa	sukos4a	sukośa	sukośa	grade	26621	365-3	SCH-grade-12427_cases.xml	0
suKakrIqA	sukhakri1d2a1	sukhakrīḍā	sukhakrīḍā	grade	26622	365-3	SCH-grade-12427_cases.xml	0
suKagrahaRa	sukhagrahan2a	sukhagrahaṇa	sukhagrahana	grade	26623	365-3	SCH-grade-12427_cases.xml	0
suKaBakzikA	sukhabhaks2ika1	sukhabhakṣikā	sukhabhakṣikā	grade	26625	365-3	SCH-grade-12427_cases.xml	0
suKasADin	sukhasa1dhin	sukhasādhin	sukhasādhin	grade	26629	365-3	SCH-grade-12427_cases.xml	0
suKasparSana	sukhaspars4ana	sukhasparśana	sukhasparśana	grade	26632	365-3	SCH-grade-12427_cases.xml	0
suKAvasTa	sukha1vastha	sukhāvastha	sukhāvastha	grade	26634	365-3	SCH-grade-12427_cases.xml	0
suKAsanavAhin	sukha1sanava1hin	sukhāsanavāhin	sukhāsanavāhin	grade	26635	365-3	SCH-grade-12427_cases.xml	0
suKIBUta	sukhi1bhu1ta	sukhībhūta	sukhībhūta	grade	26636	365-3	SCH-grade-12427_cases.xml	0
sugatakIrti	Sugataki1rti	sugatakīrti	sugatakīrti	grade	26640	366-1	SCH-grade-12427_cases.xml	0
sugatAgama	sugata1gama	sugatāgama	sugatāgama	grade	26641	366-1	SCH-grade-12427_cases.xml	0
suganDavAha	sugandhava1ha	sugandhavāha	sugandhavāha	grade	26646	366-1	SCH-grade-12427_cases.xml	0
suganDikUrpa	sugandhiku1rpa	sugandhikūrpa	sugandhikūrpa	grade	26648	366-1	SCH-grade-12427_cases.xml	0
suganDIkaraRa	sugandhi1karan2a	sugandhīkaraṇa	sugandhīkarana	grade	26649	366-1	SCH-grade-12427_cases.xml	0
sugarBA	sugarbha1	sugarbhā	sugarbhā	grade	26650	366-1	SCH-grade-12427_cases.xml	0
sugAha	suga1ha	sugāha	sugāha	grade	26651	366-1	SCH-grade-12427_cases.xml	0
sujanajIvita	Sujanaji1vita	sujanajīvita	sujanajīvita	grade	26659	366-1	SCH-grade-12427_cases.xml	0
suRWi	sun2t2hi	suṇṭhi	sunṭhi	grade	26660	366-1	SCH-grade-12427_cases.xml	0
suRqivAla	Sun2d2iva1la	suṇḍivāla	sunḍivāla	grade	26661	366-1	SCH-grade-12427_cases.xml	0
sutatA	sutata1	sutatā	sutatā	grade	26662	366-1	SCH-grade-12427_cases.xml	0
sutamas	sutamas	sutamas	sutamas	grade	26663	366-1	SCH-grade-12427_cases.xml	0
sutaras	sutaras	sutaras	sutaras	grade	26664	366-1	SCH-grade-12427_cases.xml	0
sutAnta	suta1nta	sutānta	sutānta	grade	26666	366-1	SCH-grade-12427_cases.xml	0
sutApa	suta1pa	sutāpa	sutāpa	grade	26667	366-1	SCH-grade-12427_cases.xml	0
sutrAmatA	sutra1mata1	sutrāmatā	sutrāmatā	grade	26669	366-2	SCH-grade-12427_cases.xml	0
sudarSanaheti	sudars4anaheti	sudarśanaheti	sudarśanaheti	grade	26672	366-2	SCH-grade-12427_cases.xml	0
suduHKayati	suduh2khayati	suduḥkhayati	suduḥkhayati	grade	26675	366-2	SCH-grade-12427_cases.xml	0
suDarmatA	sudharmata1	sudharmatā	sudharmatā	grade	26680	366-2	SCH-grade-12427_cases.xml	0
suDAkaragrAvan	sudha1karagra1van	sudhākaragrāvan	sudhākaragrāvan	grade	26682	366-2	SCH-grade-12427_cases.xml	0
suDAkiraRa	sudha1kiran2a	sudhākiraṇa	sudhākirana	grade	26683	366-2	SCH-grade-12427_cases.xml	0
suDAkumBa	sudha1kumbha	sudhākumbha	sudhākumbha	grade	26684	366-2	SCH-grade-12427_cases.xml	0
suDAkumBAyate	sudha1kumbha1y(ate)	sudhākumbhāyate	sudhākumbhāyate	grade	26685	366-2	SCH-grade-12427_cases.xml	0
suDAgaBasti	sudha1gabhasti	sudhāgabhasti	sudhāgabhasti	grade	26686	366-2	SCH-grade-12427_cases.xml	0
suDApa	sudha1pa	sudhāpa	sudhāpa	grade	26689	366-2	SCH-grade-12427_cases.xml	0
suDApayoDi	sudha1payodhi	sudhāpayodhi	sudhāpayodhi	grade	26690	366-2	SCH-grade-12427_cases.xml	0
suDAbDi	sudha1bdhi	sudhābdhi	sudhābdhi	grade	26691	366-2	SCH-grade-12427_cases.xml	0
suDABAnu	sudha1bha1nu	sudhābhānu	sudhābhānu	grade	26692	366-2	SCH-grade-12427_cases.xml	0
suDAmarIci	sudha1mari1ci	sudhāmarīci	sudhāmarīci	grade	26694	366-2	SCH-grade-12427_cases.xml	0
suDAmBoDi	sudha1mbhodhi	sudhāmbhodhi	sudhāmbhodhi	grade	26695	366-2	SCH-grade-12427_cases.xml	0
suDArRavatva	sudha1rn2avatva	sudhārṇavatva	sudhārnavatva	grade	26696	366-2	SCH-grade-12427_cases.xml	0
suDAlih	sudha1lih	sudhālih	sudhālih	grade	26697	366-2	SCH-grade-12427_cases.xml	0
suDAviDa	sudha1vidha	sudhāvidha	sudhāvidha	grade	26698	366-3	SCH-grade-12427_cases.xml	0
suDASana	sudha1s4ana	sudhāśana	sudhāśana	grade	26699	366-3	SCH-grade-12427_cases.xml	0
suDAsrut	sudha1srut	sudhāsrut	sudhāsrut	grade	26700	366-3	SCH-grade-12427_cases.xml	0
suDodaDitva	sudhodadhitva	sudhodadhitva	sudhodadhitva	grade	26701	366-3	SCH-grade-12427_cases.xml	0
suDopala	sudhopala	sudhopala	sudhopala	grade	26702	366-3	SCH-grade-12427_cases.xml	0
sunimIlitakA	sunimi1litaka1	sunimīlitakā	sunimīlitakā	grade	26707	366-3	SCH-grade-12427_cases.xml	0
sundaradatta	Sundaradatta	sundaradatta	sundaradatta	grade	26709	366-3	SCH-grade-12427_cases.xml	0
sundarIkar	sundari1kar	sundarīkar	sundarīkar	grade	26710	366-3	SCH-grade-12427_cases.xml	0
sundareSa	Sundares4a	sundareśa	sundareśa	grade	26711	366-3	SCH-grade-12427_cases.xml	0
suparvadviz	suparvadvis2	suparvadviṣ	suparvadviṣ	grade	26714	366-3	SCH-grade-12427_cases.xml	0
suparvavAhinI	suparvava1hini1	suparvavāhinī	suparvavāhinī	grade	26716	366-3	SCH-grade-12427_cases.xml	0
suparvANganA	suparva1n3gana1	suparvāṅganā	suparvānganā	grade	26717	366-3	SCH-grade-12427_cases.xml	0
supAd	supa1d	supād	supād	grade	26718	366-3	SCH-grade-12427_cases.xml	0
suptapralApa	suptaprala1pa	suptapralāpa	suptapralāpa	grade	26721	366-3	SCH-grade-12427_cases.xml	0
supratIkAra	suprati1ka1ra	supratīkāra	supratīkāra	grade	26726	366-3	SCH-grade-12427_cases.xml	0
supraBasUri	Suprabhasu1ri	suprabhasūri	suprabhasūri	grade	26727	367-1	SCH-grade-12427_cases.xml	0
supraSasya	supras4asya	supraśasya	supraśasya	grade	26730	367-1	SCH-grade-12427_cases.xml	0
subalatanayA	Subalatanaya1	subalatanayā	subalatanayā	grade	26732	367-1	SCH-grade-12427_cases.xml	0
suBagakandarpa	Subhagakandarpa	subhagakandarpa	subhagakandarpa	grade	26734	367-1	SCH-grade-12427_cases.xml	0
suBawaGawAprAkAra	Subhat2aghat2a1pra1ka1ra	subhaṭaghaṭāprākāra	subhaṭaghaṭāprākāra	grade	26736	367-1	SCH-grade-12427_cases.xml	0
suBawatva	subhat2atva	subhaṭatva	subhaṭatva	grade	26738	367-1	SCH-grade-12427_cases.xml	0
suBawasOhArda	Subhat2asauha1rda	subhaṭasauhārda	subhaṭasauhārda	grade	26739	367-1	SCH-grade-12427_cases.xml	0
suBAzitavarza	Subha1s2itavars2a	subhāṣitavarṣa	subhāṣitavarṣa	grade	26742	367-1	SCH-grade-12427_cases.xml	0
suBUza	subhu1s2a	subhūṣa	subhūṣa	grade	26743	367-1	SCH-grade-12427_cases.xml	0
sumaYjarI	Suman5jari1	sumañjarī	sumanjarī	grade	26745	367-1	SCH-grade-12427_cases.xml	0
sumanaHSilImuKa	sumanah2s4ili1mukha	sumanaḥśilīmukha	sumanaḥśilīmukha	grade	26747	367-1	SCH-grade-12427_cases.xml	0
sumanastA	sumanasta1	sumanastā	sumanastā	grade	26748	367-1	SCH-grade-12427_cases.xml	0
sumanastva	sumanastva	sumanastva	sumanastva	grade	26749	367-1	SCH-grade-12427_cases.xml	0
sumAlaka	suma1laka	sumālaka	sumālaka	grade	26754	367-2	SCH-grade-12427_cases.xml	0
suyuD	suyudh	suyudh	suyudh	grade	26759	367-2	SCH-grade-12427_cases.xml	0
surakA	suraka1	surakā	surakā	grade	26760	367-2	SCH-grade-12427_cases.xml	0
surakAmavatI	suraka1mavati1	surakāmavatī	surakāmavatī	grade	26761	367-2	SCH-grade-12427_cases.xml	0
suragopa	suragopa	suragopa	suragopa	grade	26763	367-2	SCH-grade-12427_cases.xml	0
suragopaka	suragopaka	suragopaka	suragopaka	grade	26764	367-2	SCH-grade-12427_cases.xml	0
suratapayas	suratapayas	suratapayas	suratapayas	grade	26765	367-2	SCH-grade-12427_cases.xml	0
suratavilAsa	Suratavila1sa	suratavilāsa	suratavilāsa	grade	26767	367-2	SCH-grade-12427_cases.xml	0
suratAmbu	surata1mbu	suratāmbu	suratāmbu	grade	26768	367-2	SCH-grade-12427_cases.xml	0
suratAyamAna	surata1yama1na	suratāyamāna	suratāyamāna	grade	26769	367-2	SCH-grade-12427_cases.xml	0
suratAvasAnika	surata1vasa1nika	suratāvasānika	suratāvasānika	grade	26770	367-2	SCH-grade-12427_cases.xml	0
suratrARa	suratra1n2a	suratrāṇa	suratrāna	grade	26771	367-2	SCH-grade-12427_cases.xml	0
suradAra	surada1ra	suradāra	suradāra	grade	26772	367-2	SCH-grade-12427_cases.xml	0
suradruh	suradruh	suradruh	suradruh	grade	26775	367-2	SCH-grade-12427_cases.xml	0
suranArI	surana1ri1	suranārī	suranārī	grade	26777	367-2	SCH-grade-12427_cases.xml	0
surapatisUnu	surapatisu1nu	surapatisūnu	surapatisūnu	grade	26780	367-2	SCH-grade-12427_cases.xml	0
surapada	surapada	surapada	surapada	grade	26781	367-2	SCH-grade-12427_cases.xml	0
suraparivfQa	suraparivr2d2ha	suraparivṛḍha	suraparivṛḍha	grade	26782	367-3	SCH-grade-12427_cases.xml	0
suraparRi	suraparn2i	suraparṇi	suraparni	grade	26783	367-3	SCH-grade-12427_cases.xml	0
surapreyasI	surapreyasi1	surapreyasī	surapreyasī	grade	26786	367-3	SCH-grade-12427_cases.xml	0
suraPalagrahi	suraphalagrahi	suraphalagrahi	suraphalagrahi	grade	26787	367-3	SCH-grade-12427_cases.xml	0
suraBila	surabhila	surabhila	surabhila	grade	26789	367-3	SCH-grade-12427_cases.xml	0
suralokanArI	suralokana1ri1	suralokanārī	suralokanārī	grade	26793	367-3	SCH-grade-12427_cases.xml	0
suravAraRa	surava1ran2a	suravāraṇa	suravārana	grade	26795	367-3	SCH-grade-12427_cases.xml	0
suraviroDin	suravirodhin	suravirodhin	suravirodhin	grade	26798	367-3	SCH-grade-12427_cases.xml	0
suravIruD	suravi1rudh	suravīrudh	suravīrudh	grade	26799	367-3	SCH-grade-12427_cases.xml	0
suraSarAsana	suras4ara1sana	suraśarāsana	suraśarāsana	grade	26800	367-3	SCH-grade-12427_cases.xml	0
suraSiKarin	suras4ikharin	suraśikharin	suraśikharin	grade	26801	367-3	SCH-grade-12427_cases.xml	0
suraSiloccaya	suras4iloccaya	suraśiloccaya	suraśiloccaya	grade	26802	367-3	SCH-grade-12427_cases.xml	0
suraSEla	suras4aila	suraśaila	suraśaila	grade	26803	367-3	SCH-grade-12427_cases.xml	0
suraSEvalinI	suras4aivalini1	suraśaivalinī	suraśaivalinī	grade	26804	367-3	SCH-grade-12427_cases.xml	0
surasaja	surasaja	surasaja	surasaja	grade	26806	367-3	SCH-grade-12427_cases.xml	0
surasattva	surasattva	surasattva	surasattva	grade	26807	367-3	SCH-grade-12427_cases.xml	0
surasatva	surasatva	surasatva	surasatva	grade	26808	367-3	SCH-grade-12427_cases.xml	0
surasinDunandana	surasindhunandana	surasindhunandana	surasindhunandana	grade	26810	367-3	SCH-grade-12427_cases.xml	0
surasuraBi	surasurabhi	surasurabhi	surasurabhi	grade	26812	368-1	SCH-grade-12427_cases.xml	0
surasyandinI	surasyandini1	surasyandinī	surasyandinī	grade	26813	368-1	SCH-grade-12427_cases.xml	0
surAga	sura1ga	surāga	surāga	grade	26815	368-1	SCH-grade-12427_cases.xml	0
surAcala	sura1cala	surācala	surācala	grade	26816	368-1	SCH-grade-12427_cases.xml	0
surADISvara	sura1dhi1s4vara	surādhīśvara	surādhīśvara	grade	26817	368-1	SCH-grade-12427_cases.xml	0
surAnokaha	sura1nokaha	surānokaha	surānokaha	grade	26818	368-1	SCH-grade-12427_cases.xml	0
surArivErin	sura1rivairin	surārivairin	surārivairin	grade	26819	368-1	SCH-grade-12427_cases.xml	0
surAhita	sura1hita	surāhita	surāhita	grade	26822	368-1	SCH-grade-12427_cases.xml	0
surendrayantar	surendrayantar	surendrayantar	surendrayantar	grade	26824	368-1	SCH-grade-12427_cases.xml	0
surendrAyuDa	surendra1yudha	surendrāyudha	surendrāyudha	grade	26825	368-1	SCH-grade-12427_cases.xml	0
suropajIvin	suropaji1vin	suropajīvin	suropajīvin	grade	26827	368-1	SCH-grade-12427_cases.xml	0
sulaBaka	sulabhaka	sulabhaka	sulabhaka	grade	26828	368-1	SCH-grade-12427_cases.xml	0
sulasA	Sulasa1	sulasā	sulasā	grade	26829	368-1	SCH-grade-12427_cases.xml	0
suvarRacandana	suvarn2acandana	suvarṇacandana	suvarnacandana	grade	26833	368-1	SCH-grade-12427_cases.xml	0
suvarRaDAtu	suvarn2adha1tu	suvarṇadhātu	suvarnadhātu	grade	26834	368-1	SCH-grade-12427_cases.xml	0
suvarRapAka	suvarn2apa1ka	suvarṇapāka	suvarnapāka	grade	26835	368-1	SCH-grade-12427_cases.xml	0
suvarRaSEla	suvarn2as4aila	suvarṇaśaila	suvarnaśaila	grade	26836	368-1	SCH-grade-12427_cases.xml	0
suvarRasAnu	suvarn2asa1nu	suvarṇasānu	suvarnasānu	grade	26837	368-1	SCH-grade-12427_cases.xml	0
suvAkyamUrti	Suva1kyamu1rti	suvākyamūrti	suvākyamūrti	grade	26839	368-2	SCH-grade-12427_cases.xml	0
suvijYAta	suvijn5a1ta	suvijñāta	suvijnāta	grade	26840	368-2	SCH-grade-12427_cases.xml	0
suviparyaya	suviparyaya	suviparyaya	suviparyaya	grade	26842	368-2	SCH-grade-12427_cases.xml	0
suvizAdin	suvis2a1din	suviṣādin	suviṣādin	grade	26845	368-2	SCH-grade-12427_cases.xml	0
suvfsI	suvr2si1	suvṛsī	suvṛsī	grade	26846	368-2	SCH-grade-12427_cases.xml	0
suveRI	suven2i1	suveṇī	suvenī	grade	26847	368-2	SCH-grade-12427_cases.xml	0
suSakunIbHU	sus4akuni1bh2u1	suśakunībḥū	suśakunībḥū	grade	26853	368-2	SCH-grade-12427_cases.xml	0
suSIma	sus4i1ma	suśīma	suśīma	grade	26856	368-2	SCH-grade-12427_cases.xml	0
suzumA	sus2uma1	suṣumā	suṣumā	grade	26859	368-2	SCH-grade-12427_cases.xml	0
susamagratA	susamagrata1	susamagratā	susamagratā	grade	26864	368-2	SCH-grade-12427_cases.xml	0
susAMsa	susa1m2sa	susāṃsa	susānsa	grade	26867	368-3	SCH-grade-12427_cases.xml	0
suhastikA	suhastika1	suhastikā	suhastikā	grade	26871	368-3	SCH-grade-12427_cases.xml	0
suhitI	suhiti1	suhitī	suhitī	grade	26872	368-3	SCH-grade-12427_cases.xml	0
suhutASana	suhuta1s4ana	suhutāśana	suhutāśana	grade	26873	368-3	SCH-grade-12427_cases.xml	0
sUkaraGfzwaka	su1karaghr2s2t2aka	sūkaraghṛṣṭaka	sūkaraghṛṣṭaka	grade	26876	368-3	SCH-grade-12427_cases.xml	0
sUktidevI	su1ktidevi1	sūktidevī	sūktidevī	grade	26878	368-3	SCH-grade-12427_cases.xml	0
sUkzmaRa	su1ks2man2a	sūkṣmaṇa	sūkṣmana	grade	26879	368-3	SCH-grade-12427_cases.xml	0
sUkzmamuKa	su1ks2mamukha	sūkṣmamukha	sūkṣmamukha	grade	26881	368-3	SCH-grade-12427_cases.xml	0
sUciloman	Su1ciloman	sūciloman	sūciloman	grade	26886	368-3	SCH-grade-12427_cases.xml	0
sUtarasa	su1tarasa	sūtarasa	sūtarasa	grade	26889	368-3	SCH-grade-12427_cases.xml	0
sUtikAkUpa	su1tika1ku1pa	sūtikākūpa	sūtikākūpa	grade	26891	369-1	SCH-grade-12427_cases.xml	0
sUtikAsadma	su1tika1sadma	sūtikāsadma	sūtikāsadma	grade	26892	369-1	SCH-grade-12427_cases.xml	0
sUtka	su1tka	sūtka	sūtka	grade	26893	369-1	SCH-grade-12427_cases.xml	0
sUtkar	su1tkar	sūtkar	sūtkar	grade	26894	369-1	SCH-grade-12427_cases.xml	0
sUtkArin	su1tka1rin	sūtkārin	sūtkārin	grade	26896	369-1	SCH-grade-12427_cases.xml	0
sUtrakaNkawa	su1trakan3kat2a	sūtrakaṅkaṭa	sūtrakankaṭa	grade	26898	369-1	SCH-grade-12427_cases.xml	0
sUtragrAhaka	su1tragra1haka	sūtragrāhaka	sūtragrāhaka	grade	26899	369-1	SCH-grade-12427_cases.xml	0
sUtraDArAyamARa	su1tradha1ra1yama1n2a	sūtradhārāyamāṇa	sūtradhārāyamāna	grade	26900	369-1	SCH-grade-12427_cases.xml	0
sUtrapAtAyamAna	su1trapa1ta1yama1na	sūtrapātāyamāna	sūtrapātāyamāna	grade	26902	369-1	SCH-grade-12427_cases.xml	0
sUtravAna	su1trava1na	sūtravāna	sūtravāna	grade	26905	369-1	SCH-grade-12427_cases.xml	0
sutraSAlA	sutras4a1la1	sutraśālā	sutraśālā	grade	26906	369-1	SCH-grade-12427_cases.xml	0
sUtrAyamARa	su1tra1yama1n2a	sūtrāyamāṇa	sūtrāyamāna	grade	26907	369-1	SCH-grade-12427_cases.xml	0
sUtrAropaRa	su1tra1ropan2a	sūtrāropaṇa	sūtrāropana	grade	26908	369-1	SCH-grade-12427_cases.xml	0
sUdanta	su1danta	sūdanta	sūdanta	grade	26912	369-1	SCH-grade-12427_cases.xml	0
sUdgata	su1dgata	sūdgata	sūdgata	grade	26914	369-1	SCH-grade-12427_cases.xml	0
sUnamada	su1namada	sūnamada	sūnamada	grade	26916	369-2	SCH-grade-12427_cases.xml	0
sUnAkft	su1na1kr2t	sūnākṛt	sūnākṛt	grade	26918	369-2	SCH-grade-12427_cases.xml	0
sUnAsUkta	Su1na1su1kta	sūnāsūkta	sūnāsūkta	grade	26919	369-2	SCH-grade-12427_cases.xml	0
sUparakroqin	su1parakrod2in	sūparakroḍin	sūparakroḍin	grade	26923	369-2	SCH-grade-12427_cases.xml	0
sUpaSAstra	su1pas4a1stra	sūpaśāstra	sūpaśāstra	grade	26924	369-2	SCH-grade-12427_cases.xml	0
sUpasTalam	su1pasthalam	sūpasthalam	sūpasthalam	grade	26926	369-2	SCH-grade-12427_cases.xml	0
sUmI	su1mi1	sūmī	sūmī	grade	26927	369-2	SCH-grade-12427_cases.xml	0
sUryagrAvan	su1ryagra1van	sūryagrāvan	sūryagrāvan	grade	26928	369-2	SCH-grade-12427_cases.xml	0
sUryopala	su1ryopala	sūryopala	sūryopala	grade	26933	369-2	SCH-grade-12427_cases.xml	0
sUhava	Su1hava	sūhava	sūhava	grade	26934	369-2	SCH-grade-12427_cases.xml	0
sfpAtI	sr2pa1ti1	sṛpātī	sṛpātī	grade	26940	369-2	SCH-grade-12427_cases.xml	0
sfzwikartar	sr2s2t2ikartar	sṛṣṭikartar	sṛṣṭikartar	grade	26942	369-2	SCH-grade-12427_cases.xml	0
sekasAraRi	sekasa1ran2i	sekasāraṇi	sekasārani	grade	26943	369-2	SCH-grade-12427_cases.xml	0
sejavAlI	sejava1li1	sejavālī	sejavālī	grade	26944	369-2	SCH-grade-12427_cases.xml	0
seqI	Sed2i1	seḍī	seḍī	grade	26945	369-2	SCH-grade-12427_cases.xml	0
setucCid	setucchid	setucchid	setucchid	grade	26946	369-3	SCH-grade-12427_cases.xml	0
seturUpa	seturu1pa	seturūpa	seturūpa	grade	26948	369-3	SCH-grade-12427_cases.xml	0
senADipatya	sena1dhipatya	senādhipatya	senādhipatya	grade	26949	369-3	SCH-grade-12427_cases.xml	0
senApatitA	sena1patita1	senāpatitā	senāpatitā	grade	26950	369-3	SCH-grade-12427_cases.xml	0
senABakta	sena1bhakta	senābhakta	senābhakta	grade	26951	369-3	SCH-grade-12427_cases.xml	0
seraka	seraka	seraka	seraka	grade	26954	369-3	SCH-grade-12427_cases.xml	0
seriBI	seribhi1	seribhī	seribhī	grade	26955	369-3	SCH-grade-12427_cases.xml	0
selaBft	selabhr2t	selabhṛt	selabhṛt	grade	26956	369-3	SCH-grade-12427_cases.xml	0
sellaBft	sellabhr2t	sellabhṛt	sellabhṛt	grade	26958	369-3	SCH-grade-12427_cases.xml	0
sevaqa	sevad2a	sevaḍa	sevaḍa	grade	26959	369-3	SCH-grade-12427_cases.xml	0
seSa	ses4a	seśa	seśa	grade	26962	369-3	SCH-grade-12427_cases.xml	0
sehula	sehula	sehula	sehula	grade	26963	369-3	SCH-grade-12427_cases.xml	0
sEdDAntavESezika	saiddha1ntavais4es2ika	saiddhāntavaiśeṣika	saiddhāntavaiśeṣika	grade	26966	369-3	SCH-grade-12427_cases.xml	0
sEnDavikA	saindhavika1	saindhavikā	saindhavikā	grade	26968	369-3	SCH-grade-12427_cases.xml	0
sEmika	saimika	saimika	saimika	grade	26969	369-3	SCH-grade-12427_cases.xml	0
sottAlam	sotta1lam	sottālam	sottālam	grade	26975	370-1	SCH-grade-12427_cases.xml	0
sotsarga	sotsarga	sotsarga	sotsarga	grade	26976	370-1	SCH-grade-12427_cases.xml	0
sodaratva	sodaratva	sodaratva	sodaratva	grade	26977	370-1	SCH-grade-12427_cases.xml	0
sodaryatA	sodaryata1	sodaryatā	sodaryatā	grade	26978	370-1	SCH-grade-12427_cases.xml	0
soddyota	soddyota	soddyota	soddyota	grade	26979	370-1	SCH-grade-12427_cases.xml	0
sodDava	soddhava	soddhava	soddhava	grade	26980	370-1	SCH-grade-12427_cases.xml	0
sopArapura	Sopa1rapura	sopārapura	sopārapura	grade	26984	370-1	SCH-grade-12427_cases.xml	0
soBAjana	sobha1jana	sobhājana	sobhājana	grade	26985	370-1	SCH-grade-12427_cases.xml	0
somama	somama	somama	somama	grade	26988	370-1	SCH-grade-12427_cases.xml	0
somahAsa	somaha1sa	somahāsa	somahāsa	grade	26990	370-1	SCH-grade-12427_cases.xml	0
somApyAna	soma1pya1na	somāpyāna	somāpyāna	grade	26991	370-1	SCH-grade-12427_cases.xml	0
somArDaBft	soma1rdhabhr2t	somārdhabhṛt	somārdhabhṛt	grade	26994	370-1	SCH-grade-12427_cases.xml	0
somArDaSiromaRi	soma1rdhas4iroman2i	somārdhaśiromaṇi	somārdhaśiromani	grade	26995	370-1	SCH-grade-12427_cases.xml	0
somAvacUla	soma1vacu1la	somāvacūla	somāvacūla	grade	26996	370-1	SCH-grade-12427_cases.xml	0
somAvacCedana	soma1vacchedana	somāvacchedana	somāvacchedana	grade	26997	370-1	SCH-grade-12427_cases.xml	0
solAka	Sola1ka	solāka	solāka	grade	26998	370-1	SCH-grade-12427_cases.xml	0
sohaqa	Sohad2a	sohaḍa	sohaḍa	grade	26999	370-2	SCH-grade-12427_cases.xml	0
sOcittya	saucittya	saucittya	saucittya	grade	27003	370-2	SCH-grade-12427_cases.xml	0
sOqIra	saud2i1ra	sauḍīra	sauḍīra	grade	27005	370-2	SCH-grade-12427_cases.xml	0
sODati	saudh(ati)	saudhati	saudhati	grade	27010	370-2	SCH-grade-12427_cases.xml	0
sOpatya	saupatya	saupatya	saupatya	grade	27014	370-2	SCH-grade-12427_cases.xml	0
sOparRaka	sauparn2aka	sauparṇaka	sauparnaka	grade	27015	370-2	SCH-grade-12427_cases.xml	0
sOBawya	saubhat2ya	saubhaṭya	saubhaṭya	grade	27017	370-2	SCH-grade-12427_cases.xml	0
sOBadrohin	Saubhadrohin	saubhadrohin	saubhadrohin	grade	27018	370-2	SCH-grade-12427_cases.xml	0
sOmitikA	saumitika1	saumitikā	saumitikā	grade	27021	370-2	SCH-grade-12427_cases.xml	0
sOraBi	Saurabhi	saurabhi	saurabhi	grade	27025	370-3	SCH-grade-12427_cases.xml	0
sOraByagarBa	saurabhyagarbha	saurabhyagarbha	saurabhyagarbha	grade	27026	370-3	SCH-grade-12427_cases.xml	0
sOrUpya	sauru1pya	saurūpya	saurūpya	grade	27028	370-3	SCH-grade-12427_cases.xml	0
sOlkikeya	saulkikeya	saulkikeya	saulkikeya	grade	27029	370-3	SCH-grade-12427_cases.xml	0
sOvarga	sauvarga	sauvarga	sauvarga	grade	27030	370-3	SCH-grade-12427_cases.xml	0
sOvavant	sauvavant	sauvavant	sauvavant	grade	27033	370-3	SCH-grade-12427_cases.xml	0
sOzWavaMmanya	saus2t2havam2manya	sauṣṭhavaṃmanya	sauṣṭhavammanya	grade	27040	370-3	SCH-grade-12427_cases.xml	0
skanDakeSa	skandhakes4a	skandhakeśa	skandhakeśa	grade	27045	371-1	SCH-grade-12427_cases.xml	0
skanDagata	skandhagata	skandhagata	skandhagata	grade	27046	371-1	SCH-grade-12427_cases.xml	0
skanDagada	skandhagada	skandhagada	skandhagada	grade	27047	371-1	SCH-grade-12427_cases.xml	0
skanDapraroha	skandhapraroha	skandhapraroha	skandhapraroha	grade	27049	371-1	SCH-grade-12427_cases.xml	0
skanDabanDa	skandhabandha	skandhabandha	skandhabandha	grade	27050	371-1	SCH-grade-12427_cases.xml	0
skAraRa	ska1ran2a	skāraṇa	skārana	grade	27054	371-1	SCH-grade-12427_cases.xml	0
sKalinatA	skhalinata1	skhalinatā	skhalinatā	grade	27056	371-1	SCH-grade-12427_cases.xml	0
stanadAyikA	stanada1yika1	stanadāyikā	stanadāyikā	grade	27057	371-1	SCH-grade-12427_cases.xml	0
stanadAyinI	stanada1yini1	stanadāyinī	stanadāyinī	grade	27058	371-1	SCH-grade-12427_cases.xml	0
stanAliNgana	stana1lin3gana	stanāliṅgana	stanālingana	grade	27060	371-1	SCH-grade-12427_cases.xml	0
stamBagata	stambhagata	stambhagata	stambhagata	grade	27067	371-1	SCH-grade-12427_cases.xml	0
stamBanawa	stambhanat2a	stambhanaṭa	stambhanaṭa	grade	27069	371-2	SCH-grade-12427_cases.xml	0
stamBananawa	stambhananat2a	stambhananaṭa	stambhananaṭa	grade	27070	371-2	SCH-grade-12427_cases.xml	0
stamBasevaka	stambhasevaka	stambhasevaka	stambhasevaka	grade	27071	371-2	SCH-grade-12427_cases.xml	0
stamBAyate	stambha1y(ate)	stambhāyate	stambhāyate	grade	27072	371-2	SCH-grade-12427_cases.xml	0
stastamasta	stastamasta	stastamasta	stastamasta	grade	27080	371-2	SCH-grade-12427_cases.xml	0
stAvizI	sta1vis2i1	stāviṣī	stāviṣī	grade	27081	371-2	SCH-grade-12427_cases.xml	0
stimitAyate	stimita1y(ate)	stimitāyate	stimitāyate	grade	27082	371-2	SCH-grade-12427_cases.xml	0
stutipAWa	stutipa1t2ha	stutipāṭha	stutipāṭha	grade	27083	371-2	SCH-grade-12427_cases.xml	0
stutraka	stutraka	stutraka	stutraka	grade	27084	371-2	SCH-grade-12427_cases.xml	0
stUpatA	stu1pata1	stūpatā	stūpatā	grade	27086	371-2	SCH-grade-12427_cases.xml	0
stehitam	[°stehitam	stehitam	stehitam	grade	27089	371-2	SCH-grade-12427_cases.xml	0
stokIkfta	stoki1kr2ta	stokīkṛta	stokīkṛta	grade	27091	371-2	SCH-grade-12427_cases.xml	0
strasA	strasa1	strasā	strasā	grade	27095	371-3	SCH-grade-12427_cases.xml	0
strIpaDAna	stri1padha1na	strīpadhāna	strīpadhāna	grade	27096	371-3	SCH-grade-12427_cases.xml	0
strImelaka	stri1melaka	strīmelaka	strīmelaka	grade	27097	371-3	SCH-grade-12427_cases.xml	0
strIsamAKyA	stri14sama1khya1	strīsamākhyā	strīsamākhyā	grade	27098	371-3	SCH-grade-12427_cases.xml	0
strIsarga	stri1sarga	strīsarga	strīsarga	grade	27099	371-3	SCH-grade-12427_cases.xml	0
sTaRqilatA	sthan2d2ilata1	sthaṇḍilatā	sthanḍilatā	grade	27102	371-3	SCH-grade-12427_cases.xml	0
sTapateya	sthapateya	sthapateya	sthapateya	grade	27103	371-3	SCH-grade-12427_cases.xml	0
sTapanikArTam	sthapanika1(rtham	sthapanikārtham	sthapanikārtham	grade	27104	371-3	SCH-grade-12427_cases.xml	0
sTalajalaja	sthalajalaja	sthalajalaja	sthalajalaja	grade	27107	371-3	SCH-grade-12427_cases.xml	0
sTalajAta	sthalaja1ta	sthalajāta	sthalajāta	grade	27108	371-3	SCH-grade-12427_cases.xml	0
sTalapati	sthalapati	sthalapati	sthalapati	grade	27109	371-3	SCH-grade-12427_cases.xml	0
sTAnapuruza	stha1napurus2a	sthānapuruṣa	sthānapuruṣa	grade	27121	372-1	SCH-grade-12427_cases.xml	0
sTApakatA	stha1pakata1	sthāpakatā	sthāpakatā	grade	27125	372-1	SCH-grade-12427_cases.xml	0
sTApateya	stha1pateya	sthāpateya	sthāpateya	grade	27126	372-1	SCH-grade-12427_cases.xml	0
sTApanikA	stha1panika1	sthāpanikā	sthāpanikā	grade	27129	372-2	SCH-grade-12427_cases.xml	0
sTAlikA	stha1lika1	sthālikā	sthālikā	grade	27133	372-2	SCH-grade-12427_cases.xml	0
sTAlya	stha1lya	sthālya	sthālya	grade	27134	372-2	SCH-grade-12427_cases.xml	0
sTAvarikA	stha1varika1	sthāvarikā	sthāvarikā	grade	27136	372-2	SCH-grade-12427_cases.xml	0
sTAsa	stha1sa	sthāsa	sthāsa	grade	27137	372-2	SCH-grade-12427_cases.xml	0
sTitaBojana	sthitabhojana	sthitabhojana	sthitabhojana	grade	27139	372-2	SCH-grade-12427_cases.xml	0
sTitayantra	sthitayantra	sthitayantra	sthitayantra	grade	27140	372-2	SCH-grade-12427_cases.xml	0
sTitAsu	sthita1su	sthitāsu	sthitāsu	grade	27141	372-2	SCH-grade-12427_cases.xml	0
sTitikarman	sthitikarman	sthitikarman	sthitikarman	grade	27143	372-2	SCH-grade-12427_cases.xml	0
sTitiBojana	sthitibhojana	sthitibhojana	sthitibhojana	grade	27144	372-2	SCH-grade-12427_cases.xml	0
sTitiBojitA	sthitibhojita1	sthitibhojitā	sthitibhojitā	grade	27145	372-2	SCH-grade-12427_cases.xml	0
sTirakIrti	sthiraki1rti	sthirakīrti	sthirakīrti	grade	27146	372-2	SCH-grade-12427_cases.xml	0
sTURikA	sthu1n2ika1	sthūṇikā	sthūnikā	grade	27151	372-2	SCH-grade-12427_cases.xml	0
sTUlekzaRa	sthu1leks2an2a	sthūlekṣaṇa	sthūlekṣana	grade	27156	372-2	SCH-grade-12427_cases.xml	0
snAnaBUmikA	sna1nabhu1mika1	snānabhūmikā	snānabhūmikā	grade	27160	372-3	SCH-grade-12427_cases.xml	0
snAnAlaya	sna1na1laya	snānālaya	snānālaya	grade	27161	372-3	SCH-grade-12427_cases.xml	0
snApanA	sna1pana1	snāpanā	snāpanā	grade	27162	372-3	SCH-grade-12427_cases.xml	0
snigDapItaka	snigdhapi1taka	snigdhapītaka	snigdhapītaka	grade	27163	372-3	SCH-grade-12427_cases.xml	0
snehanisyandin	snehanisyandin	snehanisyandin	snehanisyandin	grade	27167	372-3	SCH-grade-12427_cases.xml	0
snehAtmaka	sneha1tmaka	snehātmaka	snehātmaka	grade	27168	372-3	SCH-grade-12427_cases.xml	0
snehitva	snehitva	snehitva	snehitva	grade	27169	372-3	SCH-grade-12427_cases.xml	0
spanditaka	spanditaka	spanditaka	spanditaka	grade	27170	372-3	SCH-grade-12427_cases.xml	0
sparSaviza	spars4avis2a	sparśaviṣa	sparśaviṣa	grade	27175	372-3	SCH-grade-12427_cases.xml	0
spazwAkUtam	spas2t2a1ku1tam	spaṣṭākūtam	spaṣṭākūtam	grade	27177	372-3	SCH-grade-12427_cases.xml	0
spfktalA	spr2ktala1	spṛktalā	spṛktalā	grade	27178	372-3	SCH-grade-12427_cases.xml	0
spfhayantIvrata	spr2hayanti1vrata	spṛhayantīvrata	spṛhayantīvrata	grade	27180	373-1	SCH-grade-12427_cases.xml	0
sPawikAtmaka	sphat2ika1tmaka	sphaṭikātmaka	sphaṭikātmaka	grade	27186	373-1	SCH-grade-12427_cases.xml	0
sPAtIkf	spha1ti1kr2	sphātīkṛ	sphātīkṛ	grade	27192	373-1	SCH-grade-12427_cases.xml	0
sPArin	spha1rin	sphārin	sphārin	grade	27194	373-1	SCH-grade-12427_cases.xml	0
sPArIkf	spha1ri1kr2	sphārīkṛ	sphārīkṛ	grade	27195	373-1	SCH-grade-12427_cases.xml	0
sPuritaka	sphuritaka	sphuritaka	sphuritaka	grade	27201	373-2	SCH-grade-12427_cases.xml	0
sPuritiman	sphuritiman	sphuritiman	sphuritiman	grade	27202	373-2	SCH-grade-12427_cases.xml	0
sPUryati	sphu1ryati	sphūryati	sphūryati	grade	27207	373-2	SCH-grade-12427_cases.xml	0
sPewana	sphet2ana	spheṭana	spheṭana	grade	27208	373-2	SCH-grade-12427_cases.xml	0
smayavatI	smayavati1	smayavatī	smayavatī	grade	27210	373-2	SCH-grade-12427_cases.xml	0
smarageha	smarageha	smarageha	smarageha	grade	27213	373-2	SCH-grade-12427_cases.xml	0
smarajala	smarajala	smarajala	smarajala	grade	27215	373-2	SCH-grade-12427_cases.xml	0
smarajit	Smarajit	smarajit	smarajit	grade	27216	373-2	SCH-grade-12427_cases.xml	0
smarayantra	smarayantra	smarayantra	smarayantra	grade	27221	373-2	SCH-grade-12427_cases.xml	0
smarayantrageha	smarayantrageha	smarayantrageha	smarayantrageha	grade	27222	373-2	SCH-grade-12427_cases.xml	0
smararanDra	smararandhra	smararandhra	smararandhra	grade	27223	373-2	SCH-grade-12427_cases.xml	0
smararipu	Smararipu	smararipu	smararipu	grade	27224	373-2	SCH-grade-12427_cases.xml	0
smaravAri	smarava1ri	smaravāri	smaravāri	grade	27225	373-2	SCH-grade-12427_cases.xml	0
smaraveSman	smaraves4man	smaraveśman	smaraveśman	grade	27226	373-2	SCH-grade-12427_cases.xml	0
smarasadana	smarasadana	smarasadana	smarasadana	grade	27227	373-3	SCH-grade-12427_cases.xml	0
smarasadman	smarasadman	smarasadman	smarasadman	grade	27228	373-3	SCH-grade-12427_cases.xml	0
smarasalila	smarasalila	smarasalila	smarasalila	grade	27229	373-3	SCH-grade-12427_cases.xml	0
smarasOmanasa	Smarasaumanasa	smarasaumanasa	smarasaumanasa	grade	27230	373-3	SCH-grade-12427_cases.xml	0
smarANganA	smara1n3gana1	smarāṅganā	smarānganā	grade	27232	373-3	SCH-grade-12427_cases.xml	0
smarAmbu	smara1mbu	smarāmbu	smarāmbu	grade	27233	373-3	SCH-grade-12427_cases.xml	0
smarArAti	Smara1ra1ti	smarārāti	smarārāti	grade	27234	373-3	SCH-grade-12427_cases.xml	0
smarAlaya	smara1laya	smarālaya	smarālaya	grade	27236	373-3	SCH-grade-12427_cases.xml	0
smarAvAsa	smara1va1sa	smarāvāsa	smarāvāsa	grade	27237	373-3	SCH-grade-12427_cases.xml	0
smaSAna	smas4a1na	smaśāna	smaśāna	grade	27238	373-3	SCH-grade-12427_cases.xml	0
smeradfS	smeradr2s4	smeradṛś	smeradṛś	grade	27250	373-3	SCH-grade-12427_cases.xml	0
syAdvAdeSvara	Sya1dva1des4vara	syādvādeśvara	syādvādeśvara	grade	27254	373-3	SCH-grade-12427_cases.xml	0
srakkapAla	srakkapa1la	srakkapāla	srakkapāla	grade	27255	373-3	SCH-grade-12427_cases.xml	0
sragAjIvin	sraga1ji1vin	sragājīvin	sragājīvin	grade	27256	373-3	SCH-grade-12427_cases.xml	0
sravanmaDya	sravanmadhya	sravanmadhya	sravanmadhya	grade	27258	373-3	SCH-grade-12427_cases.xml	0
srotoyantra	srotoyantra	srotoyantra	srotoyantra	grade	27270	374-1	SCH-grade-12427_cases.xml	0
srotra	srotra	srotra	srotra	grade	27271	374-1	SCH-grade-12427_cases.xml	0
srOtasIya	Srautasi1ya	srautasīya	srautasīya	grade	27272	374-1	SCH-grade-12427_cases.xml	0
svaMsa	svam2sa	svaṃsa	svansa	grade	27273	374-1	SCH-grade-12427_cases.xml	0
svacCagucCa	Svacchaguccha	svacchaguccha	svacchaguccha	grade	27277	374-1	SCH-grade-12427_cases.xml	0
svacCandAcAra	svacchanda1ca1ra	svacchandācāra	svacchandācāra	grade	27279	374-1	SCH-grade-12427_cases.xml	0
svajanAyate	svajana1y(ate)	svajanāyate	svajanāyate	grade	27280	374-1	SCH-grade-12427_cases.xml	0
svajanIyati	svajani1y(ati)	svajanīyati	svajanīyati	grade	27281	374-1	SCH-grade-12427_cases.xml	0
svadeSa	svades4a	svadeśa	svadeśa	grade	27282	374-2	SCH-grade-12427_cases.xml	0
svapaTu	svapathu	svapathu	svapathu	grade	27286	374-2	SCH-grade-12427_cases.xml	0
svapratyaya	svapratyaya	svapratyaya	svapratyaya	grade	27288	374-2	SCH-grade-12427_cases.xml	0
svayaMvaramAlA	svayam2varama1la1	svayaṃvaramālā	svayanvaramālā	grade	27292	374-2	SCH-grade-12427_cases.xml	0
svayaMvAdin	svayam2va1din	svayaṃvādin	svayanvādin	grade	27293	374-2	SCH-grade-12427_cases.xml	0
svayaMdUtI	svayam2du1ti1	svayaṃdūtī	svayandūtī	grade	27295	374-2	SCH-grade-12427_cases.xml	0
svayaMBUramaRa	Svayam2bhu1raman2a	svayaṃbhūramaṇa	svayambhūramana	grade	27298	374-2	SCH-grade-12427_cases.xml	0
svarada	svarada	svarada	svarada	grade	27299	374-2	SCH-grade-12427_cases.xml	0
svarabalA	svarabala1	svarabalā	svarabalā	grade	27300	374-2	SCH-grade-12427_cases.xml	0
svarAnyatA	svara1nyata1	svarānyatā	svarānyatā	grade	27301	374-2	SCH-grade-12427_cases.xml	0
svargadruma	svargadruma	svargadruma	svargadruma	grade	27304	374-2	SCH-grade-12427_cases.xml	0
svarganArI	svargana1ri1	svarganārī	svarganārī	grade	27305	374-2	SCH-grade-12427_cases.xml	0
svargayozit	svargayos2it	svargayoṣit	svargayoṣit	grade	27306	374-2	SCH-grade-12427_cases.xml	0
svargaveSyA	svargaves4ya1	svargaveśyā	svargaveśyā	grade	27307	374-2	SCH-grade-12427_cases.xml	0
svargasarit	svargasarit	svargasarit	svargasarit	grade	27308	374-2	SCH-grade-12427_cases.xml	0
svargasinDu	svargasindhu	svargasindhu	svargasindhu	grade	27309	374-2	SCH-grade-12427_cases.xml	0
svargANganA	svarga1n3gana1	svargāṅganā	svargānganā	grade	27310	374-3	SCH-grade-12427_cases.xml	0
svargeBameRWa	svargebhamen2t2ha	svargebhameṇṭha	svargebhamenṭha	grade	27312	374-3	SCH-grade-12427_cases.xml	0
svargesad	svargesad	svargesad	svargesad	grade	27313	374-3	SCH-grade-12427_cases.xml	0
svarRatva	svarn2atva	svarṇatva	svarnatva	grade	27315	374-3	SCH-grade-12427_cases.xml	0
svarRavalayin	svarn2avalayin	svarṇavalayin	svarnavalayin	grade	27318	374-3	SCH-grade-12427_cases.xml	0
svarRANgarAgita	svarn2a1n3gara1gita	svarṇāṅgarāgita	svarnāngarāgita	grade	27320	374-3	SCH-grade-12427_cases.xml	0
svarRAcala	svarn2a1cala	svarṇācala	svarnācala	grade	27321	374-3	SCH-grade-12427_cases.xml	0
svardru	svardru	svardru	svardru	grade	27323	374-3	SCH-grade-12427_cases.xml	0
svardruma	svardruma	svardruma	svardruma	grade	27324	374-3	SCH-grade-12427_cases.xml	0
svardruh	svardruh	svardruh	svardruh	grade	27325	374-3	SCH-grade-12427_cases.xml	0
svarnATa	svarna1tha	svarnātha	svarnātha	grade	27326	374-3	SCH-grade-12427_cases.xml	0
svarnArI	svarna1ri1	svarnārī	svarnārī	grade	27327	374-3	SCH-grade-12427_cases.xml	0
svarbandistrI	svarbandistri1	svarbandistrī	svarbandistrī	grade	27328	374-3	SCH-grade-12427_cases.xml	0
svarbanDa	svarbandha	svarbandha	svarbandha	grade	27329	374-3	SCH-grade-12427_cases.xml	0
svarlokasinDu	svarlokasindhu	svarlokasindhu	svarlokasindhu	grade	27331	374-3	SCH-grade-12427_cases.xml	0
svarlolAkzI	svarlola1ks2i1	svarlolākṣī	svarlolākṣī	grade	27332	374-3	SCH-grade-12427_cases.xml	0
svarvArayozA	svarva1rayos2a1	svarvārayoṣā	svarvārayoṣā	grade	27334	374-3	SCH-grade-12427_cases.xml	0
svarvAravanitA	svarva1ravanita1	svarvāravanitā	svarvāravanitā	grade	27335	374-3	SCH-grade-12427_cases.xml	0
svalpaBida	svalpabhida	svalpabhida	svalpabhida	grade	27337	374-3	SCH-grade-12427_cases.xml	0
svavalepa	svavalepa	svavalepa	svavalepa	grade	27339	374-3	SCH-grade-12427_cases.xml	0
svaSaya	svas4aya	svaśaya	svaśaya	grade	27341	374-3	SCH-grade-12427_cases.xml	0
svastaraMgiRI	svastaram2gin2i1	svastaraṃgiṇī	svastaranginī	grade	27342	375-1	SCH-grade-12427_cases.xml	0
svastikabanDa	svastikabandha	svastikabandha	svastikabandha	grade	27344	375-1	SCH-grade-12427_cases.xml	0
svaHsvEriRI	svah2svairin2i1	svaḥsvairiṇī	svaḥsvairinī	grade	27349	375-1	SCH-grade-12427_cases.xml	0
svAdayitar	sva1dayitar	svādayitar	svādayitar	grade	27351	375-1	SCH-grade-12427_cases.xml	0
svAduka	sva1duka	svāduka	svāduka	grade	27352	375-1	SCH-grade-12427_cases.xml	0
svAdyatva	sva1dyatva	svādyatva	svādyatva	grade	27356	375-2	SCH-grade-12427_cases.xml	0
svADUta	sva1dhu1ta	svādhūta	svādhūta	grade	27357	375-2	SCH-grade-12427_cases.xml	0
svAnapara	sva1napara	svānapara	svānapara	grade	27359	375-2	SCH-grade-12427_cases.xml	0
svAntaka	sva1ntaka	svāntaka	svāntaka	grade	27360	375-2	SCH-grade-12427_cases.xml	0
svAntodBava	sva1ntodbhava	svāntodbhava	svāntodbhava	grade	27361	375-2	SCH-grade-12427_cases.xml	0
svApateSadiS	sva1pates4adis4	svāpateśadiś	svāpateśadiś	grade	27363	375-2	SCH-grade-12427_cases.xml	0
svApara	sva1para	svāpara	svāpara	grade	27365	375-2	SCH-grade-12427_cases.xml	0
svArAja	sva1ra1ja	svārāja	svārāja	grade	27368	375-2	SCH-grade-12427_cases.xml	0
svArADya	sva1ra1dhya	svārādhya	svārādhya	grade	27370	375-3	SCH-grade-12427_cases.xml	0
svArgika	sva1rgika	svārgika	svārgika	grade	27371	375-3	SCH-grade-12427_cases.xml	0
svAvAsinI	sva1va1sini1	svāvāsinī	svāvāsinī	grade	27372	375-3	SCH-grade-12427_cases.xml	0
svAhasTAna	sva1hastha1na	svāhasthāna	svāhasthāna	grade	27374	375-3	SCH-grade-12427_cases.xml	0
svAhAkuwumba	sva1ha1kut2umba	svāhākuṭumba	svāhākuṭumba	grade	27375	375-3	SCH-grade-12427_cases.xml	0
svAhABujaMga	sva1ha1bhujam2ga	svāhābhujaṃga	svāhābhujanga	grade	27376	375-3	SCH-grade-12427_cases.xml	0
svAhAhfdayeSvara	sva1ha1hr2dayes4vara	svāhāhṛdayeśvara	svāhāhṛdayeśvara	grade	27377	375-3	SCH-grade-12427_cases.xml	0
svecCAcaraRa	sveccha1caran2a	svecchācaraṇa	svecchācarana	grade	27378	375-3	SCH-grade-12427_cases.xml	0
sveCAvArttA	svecha1va1rtta1	svechāvārttā	svechāvārttā	grade	27380	375-3	SCH-grade-12427_cases.xml	0
svErapracAram	svairapraca1ram	svairapracāram	svairapracāram	grade	27383	375-3	SCH-grade-12427_cases.xml	0
haMsabanDa	ham2sabandha	haṃsabandha	hansabandha	grade	27387	375-3	SCH-grade-12427_cases.xml	0
haMsayUTAy	ham2sayu1tha1y	haṃsayūthāy	hansayūthāy	grade	27388	375-3	SCH-grade-12427_cases.xml	0
haMsalIlaka	ham2sali1laka	haṃsalīlaka	hansalīlaka	grade	27389	375-3	SCH-grade-12427_cases.xml	0
haMsIyati	ham2si1y(ati)	haṃsīyati	hansīyati	grade	27391	375-3	SCH-grade-12427_cases.xml	0
hakvita	hakvita	hakvita	hakvita	grade	27393	375-2	SCH-grade-12427_cases.xml	0
haggaulI	Haggau0li1	haggaulī	haggaulī	grade	27394	375-2	SCH-grade-12427_cases.xml	0
hawwaSoBA	hat2t2as4obha1	haṭṭaśobhā	haṭṭaśobhā	grade	27397	375-2	SCH-grade-12427_cases.xml	0
haWakaWina	hat2hakat2hina	haṭhakaṭhina	haṭhakaṭhina	grade	27398	375-2	SCH-grade-12427_cases.xml	0
haWadIrGa	hat2hadi1rgha	haṭhadīrgha	haṭhadīrgha	grade	27399	375-2	SCH-grade-12427_cases.xml	0
haqivAqi	Had2iva1d2i	haḍivāḍi	haḍivāḍi	grade	27400	375-2	SCH-grade-12427_cases.xml	0
haRWA	han2tha1	haṇṭhā	hanṭhā	grade	27402	375-2	SCH-grade-12427_cases.xml	0
hatajIva	hataji1va	hatajīva	hatajīva	grade	27403	375-2	SCH-grade-12427_cases.xml	0
hatasaMgati	hatasam2gati	hatasaṃgati	hatasangati	grade	27405	375-3	SCH-grade-12427_cases.xml	0
hatASman	hata1s4man	hatāśman	hatāśman	grade	27407	375-3	SCH-grade-12427_cases.xml	0
haTagOra	hathagaura	hathagaura	hathagaura	grade	27409	375-3	SCH-grade-12427_cases.xml	0
hayanaya	hayanaya	hayanaya	hayanaya	grade	27416	376-1	SCH-grade-12427_cases.xml	0
hayanArI	hayana1ri1	hayanārī	hayanārī	grade	27417	376-1	SCH-grade-12427_cases.xml	0
hayamUrDan	hayamu1rdhan	hayamūrdhan	hayamūrdhan	grade	27419	376-1	SCH-grade-12427_cases.xml	0
hayaripu	hayaripu	hayaripu	hayaripu	grade	27420	376-1	SCH-grade-12427_cases.xml	0
haragirayati	haragiray(ati)	haragirayati	haragirayati	grade	27425	376-1	SCH-grade-12427_cases.xml	0
haragiri	Haragiri	haragiri	haragiri	grade	27426	376-1	SCH-grade-12427_cases.xml	0
haraRI	haran2i1	haraṇī	haranī	grade	27428	376-1	SCH-grade-12427_cases.xml	0
harapraboDa	Haraprabodha	haraprabodha	haraprabodha	grade	27429	376-1	SCH-grade-12427_cases.xml	0
haraSiromaRi	Haras4iroman2i	haraśiromaṇi	haraśiromani	grade	27431	376-1	SCH-grade-12427_cases.xml	0
haraharA	harahara1	haraharā	haraharā	grade	27432	376-1	SCH-grade-12427_cases.xml	0
harAcala	Hara1cala	harācala	harācala	grade	27433	376-1	SCH-grade-12427_cases.xml	0
harABa	hara1bha	harābha	harābha	grade	27434	376-1	SCH-grade-12427_cases.xml	0
harikaMDara	Harikam2dhara	harikaṃdhara	harikandhara	grade	27436	376-2	SCH-grade-12427_cases.xml	0
harikesara	harikesara	harikesara	harikesara	grade	27437	376-2	SCH-grade-12427_cases.xml	0
hariRacakzus	harin2acaks2us	hariṇacakṣus	harinacakṣus	grade	27441	376-2	SCH-grade-12427_cases.xml	0
hariRadfS	harin2adr2s4	hariṇadṛś	harinadṛś	grade	27442	376-2	SCH-grade-12427_cases.xml	0
hariRapatnI	harin2apatni1	hariṇapatnī	harinapatnī	grade	27443	376-2	SCH-grade-12427_cases.xml	0
hariRaSiSudfS	harin2as4is4udr2s4	hariṇaśiśudṛś	harinaśiśudṛś	grade	27444	376-2	SCH-grade-12427_cases.xml	0
hariRANkana	harin2a1n3kana	hariṇāṅkana	harinānkana	grade	27446	376-2	SCH-grade-12427_cases.xml	0
hariRADipati	harin2a1dhipati	hariṇādhipati	harinādhipati	grade	27447	376-2	SCH-grade-12427_cases.xml	0
hariRikA	harin2ika1	hariṇikā	harinikā	grade	27449	376-2	SCH-grade-12427_cases.xml	0
haritanaya	Haritanaya	haritanaya	haritanaya	grade	27453	376-2	SCH-grade-12427_cases.xml	0
haritamaRi	haritaman2i	haritamaṇi	haritamani	grade	27454	376-2	SCH-grade-12427_cases.xml	0
haritaratna	haritaratna	haritaratna	haritaratna	grade	27455	376-2	SCH-grade-12427_cases.xml	0
haritavAhavAhana	haritava1hava1hana	haritavāhavāhana	haritavāhavāhana	grade	27456	376-2	SCH-grade-12427_cases.xml	0
haritASman	harita1s4man	haritāśman	haritāśman	grade	27459	376-3	SCH-grade-12427_cases.xml	0
haritiman	haritiman	haritiman	haritiman	grade	27460	376-3	SCH-grade-12427_cases.xml	0
haridaYcala	haridan5cala	haridañcala	haridancala	grade	27462	376-3	SCH-grade-12427_cases.xml	0
haridratna	haridratna	haridratna	haridratna	grade	27463	376-3	SCH-grade-12427_cases.xml	0
haridrita	haridrita	haridrita	haridrita	grade	27465	376-3	SCH-grade-12427_cases.xml	0
harirohaRa	harirohan2a	harirohaṇa	harirohana	grade	27469	376-3	SCH-grade-12427_cases.xml	0
harirohiRa	harirohin2a	harirohiṇa	harirohina	grade	27470	376-3	SCH-grade-12427_cases.xml	0
harivikrama	harivikrama	harivikrama	harivikrama	grade	27471	376-3	SCH-grade-12427_cases.xml	0
harivizwara	harivis2t2ara	hariviṣṭara	hariviṣṭara	grade	27472	376-3	SCH-grade-12427_cases.xml	0
hariScandrapurI	Haris4candrapuri1	hariścandrapurī	hariścandrapurī	grade	27473	376-3	SCH-grade-12427_cases.xml	0
hariharit	Hariharit	hariharit	hariharit	grade	27477	376-3	SCH-grade-12427_cases.xml	0
harzada	hars2ada	harṣada	harṣada	grade	27480	376-3	SCH-grade-12427_cases.xml	0
harzapawa	[°hars2apat2a	harṣapaṭa	harṣapaṭa	grade	27481	376-3	SCH-grade-12427_cases.xml	0
harzapradAna	hars2aprada1na	harṣapradāna	harṣapradāna	grade	27482	376-3	SCH-grade-12427_cases.xml	0
harzalIlaka	hars2ali1laka	harṣalīlaka	harṣalīlaka	grade	27483	376-3	SCH-grade-12427_cases.xml	0
halajIvika	halaji1vika	halajīvika	halajīvika	grade	27487	377-1	SCH-grade-12427_cases.xml	0
halaheti	halaheti	halaheti	halaheti	grade	27489	377-1	SCH-grade-12427_cases.xml	0
halAjIva	hala1ji1va	halājīva	halājīva	grade	27490	377-1	SCH-grade-12427_cases.xml	0
halopajIva	halopaji1va	halopajīva	halopajīva	grade	27494	377-1	SCH-grade-12427_cases.xml	0
havyagrAsin	havyagra1sin	havyagrāsin	havyagrāsin	grade	27498	377-1	SCH-grade-12427_cases.xml	0
hasanikA	hasanika1	hasanikā	hasanikā	grade	27503	377-1	SCH-grade-12427_cases.xml	0
hastadIpikA	hastadi1pika1	hastadīpikā	hastadīpikā	grade	27509	377-2	SCH-grade-12427_cases.xml	0
hastapASa	hastapa1s4a	hastapāśa	hastapāśa	grade	27510	377-2	SCH-grade-12427_cases.xml	0
hastavAcanika	hastava1canika	hastavācanika	hastavācanika	grade	27511	377-2	SCH-grade-12427_cases.xml	0
hastavAdya	hastava1dya	hastavādya	hastavādya	grade	27512	377-2	SCH-grade-12427_cases.xml	0
hastaSAKA	hastas4a1kha1	hastaśākhā	hastaśākhā	grade	27514	377-2	SCH-grade-12427_cases.xml	0
hastAyata	hasta1yata	hastāyata	hastāyata	grade	27517	377-2	SCH-grade-12427_cases.xml	0
hasticCavika	hasticchavika	hasticchavika	hasticchavika	grade	27522	377-2	SCH-grade-12427_cases.xml	0
hastinAgapura	Hastina1gapura	hastināgapura	hastināgapura	grade	27524	377-2	SCH-grade-12427_cases.xml	0
hastiroDin	hastirodhin	hastirodhin	hastirodhin	grade	27526	377-2	SCH-grade-12427_cases.xml	0
hastivaDU	hastivadhu1	hastivadhū	hastivadhū	grade	27527	377-2	SCH-grade-12427_cases.xml	0
hastivAraka	hastiva1raka	hastivāraka	hastivāraka	grade	27528	377-2	SCH-grade-12427_cases.xml	0
hastivAhA	hastiva1ha1	hastivāhā	hastivāhā	grade	27529	377-2	SCH-grade-12427_cases.xml	0
hastIkfta	hasti1kr2ta	hastīkṛta	hastīkṛta	grade	27531	377-2	SCH-grade-12427_cases.xml	0
hAkazwa	ha1kas2ta	hākaṣṭa	hākaṣṭa	grade	27534	377-2	SCH-grade-12427_cases.xml	0
hAwakAdri	ha1t2aka1dri	hāṭakādri	hāṭakādri	grade	27537	377-3	SCH-grade-12427_cases.xml	0
hAnumata	Ha1numata	hānumata	hānumata	grade	27538	377-3	SCH-grade-12427_cases.xml	0
hArapada	ha1rapada	hārapada	hārapada	grade	27540	377-3	SCH-grade-12427_cases.xml	0
hAralatAPala	ha1ralata1phala	hāralatāphala	hāralatāphala	grade	27543	377-3	SCH-grade-12427_cases.xml	0
hAravant	Ha1ravant	hāravant	hāravant	grade	27544	377-3	SCH-grade-12427_cases.xml	0
hArahUraka	ha1rahu1raka	hārahūraka	hārahūraka	grade	27546	377-3	SCH-grade-12427_cases.xml	0
hArAva	ha1ra1va	hārāva	hārāva	grade	27548	377-3	SCH-grade-12427_cases.xml	0
hAridaSva	ha1ridas4va	hāridaśva	hāridaśva	grade	27551	377-3	SCH-grade-12427_cases.xml	0
hArIkfta	ha1ri1kr2ta	hārīkṛta	hārīkṛta	grade	27555	377-3	SCH-grade-12427_cases.xml	0
hAlApa	ha1la1pa	hālāpa	hālāpa	grade	27557	377-3	SCH-grade-12427_cases.xml	0
hAsati	ha1sati	hāsati	hāsati	grade	27560	378-1	SCH-grade-12427_cases.xml	0
hAsAyate	ha1sa1y(ate)	hāsāyate	hāsāyate	grade	27562	378-1	SCH-grade-12427_cases.xml	0
hAstikabanDa	ha1stikabandha	hāstikabandha	hāstikabandha	grade	27564	378-1	SCH-grade-12427_cases.xml	0
hiYc	hin5c	hiñc	hinc	grade	27568	378-1	SCH-grade-12427_cases.xml	0
hiYjIraka	hin5ji1raka	hiñjīraka	hinjīraka	grade	27570	378-1	SCH-grade-12427_cases.xml	0
hiRqolA	hin2d2ola1	hiṇḍolā	hinḍolā	grade	27573	378-1	SCH-grade-12427_cases.xml	0
hitatA	hitata1	hitatā	hitatā	grade	27574	378-1	SCH-grade-12427_cases.xml	0
hitada	hitada	hitada	hitada	grade	27575	378-1	SCH-grade-12427_cases.xml	0
hiRqanaka	hind2anaka	hiṇḍanaka	hinḍanaka	grade	27576	378-1	SCH-grade-12427_cases.xml	0
himamahas	himamahas	himamahas	himamahas	grade	27578	378-1	SCH-grade-12427_cases.xml	0
himarocis	himarocis	himarocis	himarocis	grade	27579	378-1	SCH-grade-12427_cases.xml	0
himaSilASarkarA	himas4ila1s4arkara1	himaśilāśarkarā	himaśilāśarkarā	grade	27581	378-1	SCH-grade-12427_cases.xml	0
himAnin	hima1nin	himānin	himānin	grade	27583	378-1	SCH-grade-12427_cases.xml	0
himAnInilaya	hima1ni1nilaya	himānīnilaya	himānīnilaya	grade	27584	378-1	SCH-grade-12427_cases.xml	0
himApAta	hima1pa1ta	himāpāta	himāpāta	grade	27585	378-1	SCH-grade-12427_cases.xml	0
himetaradIDiti	himetaradi1dhiti	himetaradīdhiti	himetaradīdhiti	grade	27587	378-2	SCH-grade-12427_cases.xml	0
hiraRmayAdri	hiran2maya1dri	hiraṇmayādri	hiranmayādri	grade	27588	378-2	SCH-grade-12427_cases.xml	0
hInAma	hi1na1ma	hīnāma	hīnāma	grade	27595	378-2	SCH-grade-12427_cases.xml	0
hIrabera	hi1rabera	hīrabera	hīrabera	grade	27597	378-2	SCH-grade-12427_cases.xml	0
hIhIhIkfta	hi1hi1hi1kr2ta	hīhīhīkṛta	hīhīhīkṛta	grade	27599	378-2	SCH-grade-12427_cases.xml	0
huMkAraRa	hum2ka1ran2a	huṃkāraṇa	hunkārana	grade	27601	378-2	SCH-grade-12427_cases.xml	0
huMkArin	hum2ka1rin	huṃkārin	hunkārin	grade	27602	378-2	SCH-grade-12427_cases.xml	0
hutaprIti	hutapri1ti	hutaprīti	hutaprīti	grade	27605	378-2	SCH-grade-12427_cases.xml	0
hutavAha	hutava1ha	hutavāha	hutavāha	grade	27606	378-2	SCH-grade-12427_cases.xml	0
hutAnDas	huta1ndhas	hutāndhas	hutāndhas	grade	27607	378-2	SCH-grade-12427_cases.xml	0
hutASanatA	huta1s4anata1	hutāśanatā	hutāśanatā	grade	27608	378-2	SCH-grade-12427_cases.xml	0
hutASanaviSudDi	huta1s4anavis4uddhi	hutāśanaviśuddhi	hutāśanaviśuddhi	grade	27609	378-2	SCH-grade-12427_cases.xml	0
hudukA	huduka1	hudukā	hudukā	grade	27610	378-2	SCH-grade-12427_cases.xml	0
hulamuKa	hulamukha	hulamukha	hulamukha	grade	27612	378-3	SCH-grade-12427_cases.xml	0
hftacCavi	hr2tacchavi	hṛtacchavi	hṛtacchavi	grade	27616	378-3	SCH-grade-12427_cases.xml	0
hfdambuja	hr2dambuja	hṛdambuja	hṛdambuja	grade	27618	378-3	SCH-grade-12427_cases.xml	0
hfdayasTala	hr2dayasthala	hṛdayasthala	hṛdayasthala	grade	27620	378-3	SCH-grade-12427_cases.xml	0
hfdaruMtuda	hr2darum2tuda	hṛdaruṃtuda	hṛdaruntuda	grade	27623	378-3	SCH-grade-12427_cases.xml	0
hfdyAMSu	hr2dya1m2s4u	hṛdyāṃśu	hṛdyānśu	grade	27624	378-3	SCH-grade-12427_cases.xml	0
hflleKA	hr2llekha1	hṛllekhā	hṛllekhā	grade	27625	378-3	SCH-grade-12427_cases.xml	0
hetakAra	hetaka1ra	hetakāra	hetakāra	grade	27627	378-3	SCH-grade-12427_cases.xml	0
hetiSAlA	hetis4a1la1	hetiśālā	hetiśālā	grade	27629	378-3	SCH-grade-12427_cases.xml	0
hetuPala	hetuphala	hetuphala	hetuphala	grade	27630	378-3	SCH-grade-12427_cases.xml	0
hemaKaRqa	Hemakhan2d2a	hemakhaṇḍa	hemakhanḍa	grade	27633	378-3	SCH-grade-12427_cases.xml	0
hemaqa	Hemad2a	hemaḍa	hemaḍa	grade	27635	378-3	SCH-grade-12427_cases.xml	0
hemANgI	Hema1n3gi1	hemāṅgī	hemāngī	grade	27637	378-3	SCH-grade-12427_cases.xml	0
herambaguru	Herambaguru	herambaguru	herambaguru	grade	27642	379-1	SCH-grade-12427_cases.xml	0
hevAkinI	heva1kini1	hevākinī	hevākinī	grade	27646	379-1	SCH-grade-12427_cases.xml	0
hEmanya	Haimanya	haimanya	haimanya	grade	27650	379-2	SCH-grade-12427_cases.xml	0
hrasvIkf	hrasvi1kr2	hrasvīkṛ	hrasvīkṛ	grade	27653	379-2	SCH-grade-12427_cases.xml	0
hrasvIBU	hrasvi1bhu1	hrasvībhū	hrasvībhū	grade	27654	379-3	SCH-grade-12427_cases.xml	0
hrAdIya	hra1di1ya	hrādīya	hrādīya	grade	27657	379-3	SCH-grade-12427_cases.xml	0
aMSuBartf	am2s4ubhartr2	aṃśubhartṛ	anśubhartṛ	grade	27661	381-1	SCH-grade-12427_cases.xml	0
aMsavAripaTa	am2sava1ripatha	aṃsavāripatha	ansavāripatha	grade	27663	381-1	SCH-grade-12427_cases.xml	0
akaRwakin	akan2t2akin	akaṇṭakin	akanṭakin	grade	27665	381-1	SCH-grade-12427_cases.xml	0
akarada	akarada	akarada	akarada	grade	27667	381-1	SCH-grade-12427_cases.xml	0
akAnti	aka1nti	akānti	akānti	grade	27668	381-1	SCH-grade-12427_cases.xml	0
akAryakAritA	aka1ryaka1rita1	akāryakāritā	akāryakāritā	grade	27669	381-1	SCH-grade-12427_cases.xml	0
akulasPIti	akulasphi1ti	akulasphīti	akulasphīti	grade	27671	381-1	SCH-grade-12427_cases.xml	0
akftaSulka	akr2tas4ulka	akṛtaśulka	akṛtaśulka	grade	27672	381-1	SCH-grade-12427_cases.xml	0
akzatAyate	aks2ata1y(ate)	akṣatāyate	akṣatāyate	grade	27676	381-1	SCH-grade-12427_cases.xml	0
akzatriya	aks2atriya	akṣatriya	akṣatriya	grade	27677	381-1	SCH-grade-12427_cases.xml	0
aksaya	akSaya	aksaya	aksaya	grade	27678	381-1	SCH-grade-12427_cases.xml	0
akzaracCedinI	aks2aracchedini1	akṣaracchedinī	akṣaracchedinī	grade	27679	381-1	SCH-grade-12427_cases.xml	0
akzavawa	aks2avat2a	akṣavaṭa	akṣavaṭa	grade	27680	381-1	SCH-grade-12427_cases.xml	0
akzaSAlA	aks2as4a1la1	akṣaśālā	akṣaśālā	grade	27681	381-1	SCH-grade-12427_cases.xml	0
akzasraj	aks2asraj	akṣasraj	akṣasraj	grade	27682	381-2	SCH-grade-12427_cases.xml	0
akziBAj	aks2ibha1j	akṣibhāj	akṣibhāj	grade	27683	381-2	SCH-grade-12427_cases.xml	0
akzepaRIya	aks2epan2i1ya	akṣepaṇīya	akṣepanīya	grade	27685	381-2	SCH-grade-12427_cases.xml	0
akzoBita	aks2obhita	akṣobhita	akṣobhita	grade	27686	381-2	SCH-grade-12427_cases.xml	0
agatvara	agatvara	agatvara	agatvara	grade	27689	381-2	SCH-grade-12427_cases.xml	0
agadaMkArin	agadam2ka1rin	agadaṃkārin	agadankārin	grade	27690	381-2	SCH-grade-12427_cases.xml	0
agarIyaMs	agari1yam2s	agarīyaṃs	agarīyans	grade	27691	381-2	SCH-grade-12427_cases.xml	0
agarukAla	agaruka1la	agarukāla	agarukāla	grade	27693	381-2	SCH-grade-12427_cases.xml	0
agADatA	aga1dhata1	agādhatā	agādhatā	grade	27694	381-2	SCH-grade-12427_cases.xml	0
agniSudDi	agnis4uddhi	agniśuddhi	agniśuddhi	grade	27696	381-2	SCH-grade-12427_cases.xml	0
agnisaMyoga	agnisam2yoga	agnisaṃyoga	agnisanyoga	grade	27698	381-2	SCH-grade-12427_cases.xml	0
agnisaha	agnisaha	agnisaha	agnisaha	grade	27699	381-2	SCH-grade-12427_cases.xml	0
agresarIkfta	agresari1kr2ta	agresarīkṛta	agresarīkṛta	grade	27702	381-2	SCH-grade-12427_cases.xml	0
aGopaGAta	aghopagha1ta	aghopaghāta	aghopaghāta	grade	27703	381-2	SCH-grade-12427_cases.xml	0
aNkacarman	an3kacarman	aṅkacarman	ankacarman	grade	27704	381-2	SCH-grade-12427_cases.xml	0
aNkurIkfta	an3kuri1kr2ta	aṅkurīkṛta	ankurīkṛta	grade	27705	381-3	SCH-grade-12427_cases.xml	0
aNganAkulaguru	an3gana1kulaguru	aṅganākulaguru	anganākulaguru	grade	27707	381-3	SCH-grade-12427_cases.xml	0
aNgapAlI	an3gapa1li1	aṅgapālī	angapālī	grade	27708	381-3	SCH-grade-12427_cases.xml	0
aNgaleKaka	an3galekhaka	aṅgalekhaka	angalekhaka	grade	27709	381-3	SCH-grade-12427_cases.xml	0
aNgasevA	an3gaseva1	aṅgasevā	angasevā	grade	27710	381-3	SCH-grade-12427_cases.xml	0
aNgAla	an3ga1la	aṅgāla	angāla	grade	27711	381-3	SCH-grade-12427_cases.xml	0
ajabindu	Ajabindu	ajabindu	ajabindu	grade	27714	381-3	SCH-grade-12427_cases.xml	0
ajinacitra	ajinacitra	ajinacitra	ajinacitra	grade	27715	381-3	SCH-grade-12427_cases.xml	0
ajihAsu	ajiha1su	ajihāsu	ajihāsu	grade	27716	381-3	SCH-grade-12427_cases.xml	0
ajIrRaBAj	aji1rn2abha1j	ajīrṇabhāj	ajīrnabhāj	grade	27717	381-3	SCH-grade-12427_cases.xml	0
ajeyatA	ajeyata1	ajeyatā	ajeyatā	grade	27718	381-3	SCH-grade-12427_cases.xml	0
aYcitatara	an5citatara	añcitatara	ancitatara	grade	27719	381-3	SCH-grade-12427_cases.xml	0
aYjanamUlaka	an5janamu1laka	añjanamūlaka	anjanamūlaka	grade	27720	381-3	SCH-grade-12427_cases.xml	0
aYjanavarRa	an5janavarn2a	añjanavarṇa	anjanavarna	grade	27721	381-3	SCH-grade-12427_cases.xml	0
aRahilla	An2ahilla	aṇahilla	anahilla	grade	27722	381-3	SCH-grade-12427_cases.xml	0
aRidvAra	an2idva1ra	aṇidvāra	anidvāra	grade	27723	381-3	SCH-grade-12427_cases.xml	0
atidyuti	atidyuti	atidyuti	atidyuti	grade	27728	382-1	SCH-grade-12427_cases.xml	0
atipAtana	atipa1tana	atipātana	atipātana	grade	27729	382-1	SCH-grade-12427_cases.xml	0
atimeGamArga	atimeghama1rga	atimeghamārga	atimeghamārga	grade	27732	382-1	SCH-grade-12427_cases.xml	0
atiSravaRa	atis4ravan2a	atiśravaṇa	atiśravana	grade	27734	382-1	SCH-grade-12427_cases.xml	0
atisuKama	atisukhama	atisukhama	atisukhama	grade	27735	382-1	SCH-grade-12427_cases.xml	0
atfptiBAj	atr2ptibha1j	atṛptibhāj	atṛptibhāj	grade	27739	382-1	SCH-grade-12427_cases.xml	0
atyAvega	atya1vega	atyāvega	atyāvega	grade	27740	382-1	SCH-grade-12427_cases.xml	0
adaRqakara	adan2d2akara	adaṇḍakara	adanḍakara	grade	27741	382-1	SCH-grade-12427_cases.xml	0
adaSana	adas4ana	adaśana	adaśana	grade	27742	382-1	SCH-grade-12427_cases.xml	0
adAyAdaka	ada1ya1daka	adāyādaka	adāyādaka	grade	27743	382-1	SCH-grade-12427_cases.xml	0
adivya	adivya	adivya	adivya	grade	27745	382-1	SCH-grade-12427_cases.xml	0
adeSaja	ades4aja	adeśaja	adeśaja	grade	27747	382-1	SCH-grade-12427_cases.xml	0
adozavant	ados2avant	adoṣavant	adoṣavant	grade	27748	382-1	SCH-grade-12427_cases.xml	0
aDamarRatA	adhamarn2ata1	adhamarṇatā	adhamarnatā	grade	27750	382-1	SCH-grade-12427_cases.xml	0
aDaScikIrzu	adhas4ciki1rs2u	adhaścikīrṣu	adhaścikīrṣu	grade	27751	382-1	SCH-grade-12427_cases.xml	0
aDijagati	adhijagati	adhijagati	adhijagati	grade	27754	382-2	SCH-grade-12427_cases.xml	0
aDijyI	adhijyi1	adhijyī	adhijyī	grade	27755	382-2	SCH-grade-12427_cases.xml	0
aDipayoDi	adhipayodhi	adhipayodhi	adhipayodhi	grade	27756	382-2	SCH-grade-12427_cases.xml	0
aDiBavAwavi	adhibhava1t2avi	adhibhavāṭavi	adhibhavāṭavi	grade	27757	382-2	SCH-grade-12427_cases.xml	0
aDivanam	adhivanam	adhivanam	adhivanam	grade	27760	382-2	SCH-grade-12427_cases.xml	0
aDivAsacUrRaka	adhiva1sacu1rn2aka	adhivāsacūrṇaka	adhivāsacūrnaka	grade	27761	382-2	SCH-grade-12427_cases.xml	0
aDihfdayam	adhihr2dayam	adhihṛdayam	adhihṛdayam	grade	27762	382-2	SCH-grade-12427_cases.xml	0
aDodeSa	adhodes4a	adhodeśa	adhodeśa	grade	27763	382-2	SCH-grade-12427_cases.xml	0
aDvagaveza	adhvagaves2a	adhvagaveṣa	adhvagaveṣa	grade	27764	382-2	SCH-grade-12427_cases.xml	0
aDvaraBuj	adhvarabhuj	adhvarabhuj	adhvarabhuj	grade	27765	382-2	SCH-grade-12427_cases.xml	0
anaMSada	anam2s4ada	anaṃśada	ananśada	grade	27767	382-2	SCH-grade-12427_cases.xml	0
anaNgaSAli	anan3gas4a1li	anaṅgaśāli	anangaśāli	grade	27768	382-2	SCH-grade-12427_cases.xml	0
anativartana	anativartana	anativartana	anativartana	grade	27769	382-2	SCH-grade-12427_cases.xml	0
anaDvan	anadhvan	anadhvan	anadhvan	grade	27770	382-2	SCH-grade-12427_cases.xml	0
ananyadohI	ananyadohi1	ananyadohī	ananyadohī	grade	27771	382-2	SCH-grade-12427_cases.xml	0
ananyayoni	ananyayoni	ananyayoni	ananyayoni	grade	27772	382-2	SCH-grade-12427_cases.xml	0
ananyA	ananya1	ananyā	ananyā	grade	27773	382-2	SCH-grade-12427_cases.xml	0
anapasAra	anapasa1ra	anapasāra	anapasāra	grade	27774	382-2	SCH-grade-12427_cases.xml	0
anapetakAlam	anapetaka1lam	anapetakālam	anapetakālam	grade	27775	382-2	SCH-grade-12427_cases.xml	0
anaBiyoga	anabhiyoga	anabhiyoga	anabhiyoga	grade	27776	382-3	SCH-grade-12427_cases.xml	0
anaBiyojakatva	anabhiyojakatva	anabhiyojakatva	anabhiyojakatva	grade	27777	382-3	SCH-grade-12427_cases.xml	0
anaByarRa	anabhyarn2a	anabhyarṇa	anabhyarna	grade	27778	382-3	SCH-grade-12427_cases.xml	0
anarcA	anarca1	anarcā	anarcā	grade	27779	382-3	SCH-grade-12427_cases.xml	0
anarTasaMyoga	anarthasam2yoga	anarthasaṃyoga	anarthasanyoga	grade	27780	382-3	SCH-grade-12427_cases.xml	0
anavatAraRa	anavata1ran2a	anavatāraṇa	anavatārana	grade	27784	382-3	SCH-grade-12427_cases.xml	0
anavadyarAga	anavadyara1ga	anavadyarāga	anavadyarāga	grade	27785	382-3	SCH-grade-12427_cases.xml	0
anavadyavarRa	anavadyavarn2a	anavadyavarṇa	anavadyavarna	grade	27786	382-3	SCH-grade-12427_cases.xml	0
anavamA	Anavama1	anavamā	anavamā	grade	27787	382-3	SCH-grade-12427_cases.xml	0
anahaMkftatva	anaham2kr2tatva	anahaṃkṛtatva	anahankṛtatva	grade	27789	382-3	SCH-grade-12427_cases.xml	0
anAkarRitatayA	ana1karn2itataya1	anākarṇitatayā	anākarnitatayā	grade	27790	382-3	SCH-grade-12427_cases.xml	0
anAkASa	ana1ka1s4a	anākāśa	anākāśa	grade	27791	382-3	SCH-grade-12427_cases.xml	0
anAdinizWa	ana1dinis2t2ha	anādiniṣṭha	anādiniṣṭha	grade	27792	382-3	SCH-grade-12427_cases.xml	0
anAmfSant	ana1mr2s4ant	anāmṛśant	anāmṛśant	grade	27793	382-3	SCH-grade-12427_cases.xml	0
anAyativyaya	ana1yativyaya	anāyativyaya	anāyativyaya	grade	27794	382-3	SCH-grade-12427_cases.xml	0
anAyukta	ana1yukta	anāyukta	anāyukta	grade	27795	382-3	SCH-grade-12427_cases.xml	0
anAlokanIyatA	ana1lokani1yata1	anālokanīyatā	anālokanīyatā	grade	27796	382-3	SCH-grade-12427_cases.xml	0
anAveditatva	ana1veditatva	anāveditatva	anāveditatva	grade	27797	382-3	SCH-grade-12427_cases.xml	0
anAvedin	ana1vedin	anāvedin	anāvedin	grade	27798	382-3	SCH-grade-12427_cases.xml	0
aniBfti	anibhr2ti	anibhṛti	anibhṛti	grade	27801	383-1	SCH-grade-12427_cases.xml	0
anirRayana	anirn2ayana	anirṇayana	anirnayana	grade	27802	383-1	SCH-grade-12427_cases.xml	0
anizkAsinI	anis2ka1sini1	aniṣkāsinī	aniṣkāsinī	grade	27803	383-1	SCH-grade-12427_cases.xml	0
anisfzwopajIvin	anisr2s2t2opaji1vin	anisṛṣṭopajīvin	anisṛṣṭopajīvin	grade	27804	383-1	SCH-grade-12427_cases.xml	0
aniHsrAvin	ani[h2]sra1vin	aniḥsrāvin	aniḥsrāvin	grade	27805	383-1	SCH-grade-12427_cases.xml	0
anISvara	ani1s4vara	anīśvara	anīśvara	grade	27807	383-1	SCH-grade-12427_cases.xml	0
anISvara	ani1s4vara	anīśvara	anīśvara	grade	27808	383-1	SCH-grade-12427_cases.xml	0
anujanus	anujanus	anujanus	anujanus	grade	27809	383-1	SCH-grade-12427_cases.xml	0
anekamArga	anekama1rga	anekamārga	anekamārga	grade	27821	383-1	SCH-grade-12427_cases.xml	0
anekamuKya	anekamukhya	anekamukhya	anekamukhya	grade	27823	383-2	SCH-grade-12427_cases.xml	0
anekaSiKa	anekas4ikha	anekaśikha	anekaśikha	grade	27824	383-2	SCH-grade-12427_cases.xml	0
anekasTatva	anekasthatva	anekasthatva	anekasthatva	grade	27825	383-2	SCH-grade-12427_cases.xml	0
anOjaskatA	anaujaskata1	anaujaskatā	anaujaskatā	grade	27826	383-2	SCH-grade-12427_cases.xml	0
antaHkalaNka	antah2kalan3ka	antaḥkalaṅka	antaḥkalanka	grade	27828	383-2	SCH-grade-12427_cases.xml	0
antaHprasyandin	antah2prasyandin	antaḥprasyandin	antaḥprasyandin	grade	27829	383-2	SCH-grade-12427_cases.xml	0
antarmAnasa	antarma1nasa	antarmānasa	antarmānasa	grade	27835	383-2	SCH-grade-12427_cases.xml	0
antyArADana	antya1ra1dhana	antyārādhana	antyārādhana	grade	27836	383-2	SCH-grade-12427_cases.xml	0
anyaTAtmaka	anyatha1tmaka	anyathātmaka	anyathātmaka	grade	27839	383-2	SCH-grade-12427_cases.xml	0
anyUnAtiriktatA	anyu1na1tiriktata1	anyūnātiriktatā	anyūnātiriktatā	grade	27840	383-2	SCH-grade-12427_cases.xml	0
anvayavAsin	anvayava1sin	anvayavāsin	anvayavāsin	grade	27841	383-2	SCH-grade-12427_cases.xml	0
apaklama	apaklama	apaklama	apaklama	grade	27845	383-2	SCH-grade-12427_cases.xml	0
apatyakftikA	apatyakr2tika1	apatyakṛtikā	apatyakṛtikā	grade	27848	383-3	SCH-grade-12427_cases.xml	0
apaneyiman	apaneyiman	apaneyiman	apaneyiman	grade	27850	383-3	SCH-grade-12427_cases.xml	0
apapAtagata	apapa1tagata	apapātagata	apapātagata	grade	27851	383-3	SCH-grade-12427_cases.xml	0
aparamAtfka	aparama1tr2ka	aparamātṛka	aparamātṛka	grade	27852	383-3	SCH-grade-12427_cases.xml	0
apareta	apareta	apareta	apareta	grade	27853	383-3	SCH-grade-12427_cases.xml	0
apaSada	apas4ada	apaśada	apaśada	grade	27856	383-3	SCH-grade-12427_cases.xml	0
apasAraka	apasa1raka	apasāraka	apasāraka	grade	27857	383-3	SCH-grade-12427_cases.xml	0
apasOraBa	apasaurabha	apasaurabha	apasaurabha	grade	27858	383-3	SCH-grade-12427_cases.xml	0
apANgayati	apa1n3gay(ati)	apāṅgayati	apāngayati	grade	27859	383-3	SCH-grade-12427_cases.xml	0
apAmaDISa	apa1madhi1s4a	apāmadhīśa	apāmadhīśa	grade	27861	383-3	SCH-grade-12427_cases.xml	0
apAyanitya	apa1yanitya	apāyanitya	apāyanitya	grade	27862	383-3	SCH-grade-12427_cases.xml	0
apASrayavant	apa1s4rayavant	apāśrayavant	apāśrayavant	grade	27864	383-3	SCH-grade-12427_cases.xml	0
apitfdravya	apitr2dravya	apitṛdravya	apitṛdravya	grade	27865	383-3	SCH-grade-12427_cases.xml	0
apuRqarIka	apun2d2ari1ka	apuṇḍarīka	apunḍarīka	grade	27866	383-3	SCH-grade-12427_cases.xml	0
apfTagASraya	apr2thaga1s4raya	apṛthagāśraya	apṛthagāśraya	grade	27868	383-3	SCH-grade-12427_cases.xml	0
apetaSaNkam	apetas4an3kam	apetaśaṅkam	apetaśankam	grade	27869	383-3	SCH-grade-12427_cases.xml	0
apratirAgin	apratira1gin	apratirāgin	apratirāgin	grade	27871	384-1	SCH-grade-12427_cases.xml	0
apratividDa	apratividdha	apratividdha	apratividdha	grade	27872	384-1	SCH-grade-12427_cases.xml	0
apraBUzRu	aprabhu1s2n2u	aprabhūṣṇu	aprabhūṣnu	grade	27875	384-1	SCH-grade-12427_cases.xml	0
apraveSana	apraves4ana	apraveśana	apraveśana	grade	27876	384-1	SCH-grade-12427_cases.xml	0
aprAptaka	apra1ptaka	aprāptaka	aprāptaka	grade	27878	384-1	SCH-grade-12427_cases.xml	0
abDiSaya	abdhis4aya	abdhiśaya	abdhiśaya	grade	27880	384-1	SCH-grade-12427_cases.xml	0
aBayavana	abhayavana	abhayavana	abhayavana	grade	27881	384-1	SCH-grade-12427_cases.xml	0
aBirUpadAyaka	abhiru1pada1yaka	abhirūpadāyaka	abhirūpadāyaka	grade	27887	384-1	SCH-grade-12427_cases.xml	0
aBivIkzA	abhivi1ks2a1	abhivīkṣā	abhivīkṣā	grade	27888	384-1	SCH-grade-12427_cases.xml	0
aBisaBam	abhisabham	abhisabham	abhisabham	grade	27889	384-1	SCH-grade-12427_cases.xml	0
aBisftvarI	abhisr2tvari1	abhisṛtvarī	abhisṛtvarī	grade	27890	384-1	SCH-grade-12427_cases.xml	0
aBUmiDara	abhu1midhara	abhūmidhara	abhūmidhara	grade	27891	384-1	SCH-grade-12427_cases.xml	0
aByarRajuz	abhyarn2ajus2	abhyarṇajuṣ	abhyarnajuṣ	grade	27893	384-1	SCH-grade-12427_cases.xml	0
aByavapatti	abhyavapatti	abhyavapatti	abhyavapatti	grade	27894	384-1	SCH-grade-12427_cases.xml	0
aByASajuz	abhya1s4ajus2	abhyāśajuṣ	abhyāśajuṣ	grade	27896	384-2	SCH-grade-12427_cases.xml	0
aByukza	abhyuks2a	abhyukṣa	abhyukṣa	grade	27897	384-2	SCH-grade-12427_cases.xml	0
aByujjvalana	abhyujjvalana	abhyujjvalana	abhyujjvalana	grade	27898	384-2	SCH-grade-12427_cases.xml	0
aByudayika	abhyudayika	abhyudayika	abhyudayika	grade	27899	384-2	SCH-grade-12427_cases.xml	0
aBravilAyam	abhravila1yam	abhravilāyam	abhravilāyam	grade	27900	384-2	SCH-grade-12427_cases.xml	0
aBrasarit	abhrasarit	abhrasarit	abhrasarit	grade	27901	384-2	SCH-grade-12427_cases.xml	0
amandarAga	amandara1ga	amandarāga	amandarāga	grade	27902	384-2	SCH-grade-12427_cases.xml	0
amarayozit	amarayos2it	amarayoṣit	amarayoṣit	grade	27904	384-2	SCH-grade-12427_cases.xml	0
amArikAripaYcakula	ama1rika1ri(pan5cakula)	amārikāripañcakula	amārikāripancakula	grade	27907	384-2	SCH-grade-12427_cases.xml	0
amUrKa	amu1rkha	amūrkha	amūrkha	grade	27909	384-2	SCH-grade-12427_cases.xml	0
amftakaramuKI	amr2takaramukhi1	amṛtakaramukhī	amṛtakaramukhī	grade	27910	384-2	SCH-grade-12427_cases.xml	0
amftaBAnu	amr2tabha1nu	amṛtabhānu	amṛtabhānu	grade	27911	384-2	SCH-grade-12427_cases.xml	0
amftamarIci	amr2tamari1ci	amṛtamarīci	amṛtamarīci	grade	27913	384-2	SCH-grade-12427_cases.xml	0
amftavant	amr2tavant	amṛtavant	amṛtavant	grade	27914	384-2	SCH-grade-12427_cases.xml	0
amftAMSuka	amr2ta1m2s4uka	amṛtāṃśuka	amṛtānśuka	grade	27916	384-2	SCH-grade-12427_cases.xml	0
amftodaka	amr2todaka	amṛtodaka	amṛtodaka	grade	27918	384-2	SCH-grade-12427_cases.xml	0
amokzya	amoks2ya	amokṣya	amokṣya	grade	27921	384-2	SCH-grade-12427_cases.xml	0
ambujalocanA	ambujalocana1	ambujalocanā	ambujalocanā	grade	27925	384-3	SCH-grade-12427_cases.xml	0
amBojarAga	ambhojara1ga	ambhojarāga	ambhojarāga	grade	27927	384-3	SCH-grade-12427_cases.xml	0
amBojinIpati	ambhojini1pati	ambhojinīpati	ambhojinīpati	grade	27928	384-3	SCH-grade-12427_cases.xml	0
amBojinIvallaBa	ambhojini1vallabha	ambhojinīvallabha	ambhojinīvallabha	grade	27929	384-3	SCH-grade-12427_cases.xml	0
amBoruhalocanA	ambhoruhalocana1	ambhoruhalocanā	ambhoruhalocanā	grade	27930	384-3	SCH-grade-12427_cases.xml	0
amBoruhAkfti	ambhoruha1kr2ti	ambhoruhākṛti	ambhoruhākṛti	grade	27931	384-3	SCH-grade-12427_cases.xml	0
amBoruhAkzI	ambhoruha1ks2i1	ambhoruhākṣī	ambhoruhākṣī	grade	27932	384-3	SCH-grade-12427_cases.xml	0
amlaSIDu	amlas4i1dhu	amlaśīdhu	amlaśīdhu	grade	27933	384-3	SCH-grade-12427_cases.xml	0
ayatAtmatA	ayata1tmata1	ayatātmatā	ayatātmatā	grade	27934	384-3	SCH-grade-12427_cases.xml	0
ayuktakArin	ayuktaka1rin	ayuktakārin	ayuktakārin	grade	27936	384-3	SCH-grade-12427_cases.xml	0
ayugalocana	ayugalocana	ayugalocana	ayugalocana	grade	27939	384-3	SCH-grade-12427_cases.xml	0
ayugmabARa	ayugmaba1n2a	ayugmabāṇa	ayugmabāna	grade	27941	384-3	SCH-grade-12427_cases.xml	0
ayonijanman	ayonijanman	ayonijanman	ayonijanman	grade	27943	384-3	SCH-grade-12427_cases.xml	0
araRyasad	aran2yasad	araṇyasad	aranyasad	grade	27945	384-3	SCH-grade-12427_cases.xml	0
arAjapaRya	ara1japan2ya	arājapaṇya	arājapanya	grade	27947	385-1	SCH-grade-12427_cases.xml	0
aruRamaRI	arun2aman2i1	aruṇamaṇī	arunamanī	grade	27950	385-1	SCH-grade-12427_cases.xml	0
arkaBU	arkabhu1	arkabhū	arkabhū	grade	27952	385-1	SCH-grade-12427_cases.xml	0
arjunakIrti	arjunaki1rti	arjunakīrti	arjunakīrti	grade	27953	385-1	SCH-grade-12427_cases.xml	0
arjunIyati	arjuni1y(ati)	arjunīyati	arjunīyati	grade	27955	385-1	SCH-grade-12427_cases.xml	0
arTasaMyoga	arthasam2yoga	arthasaṃyoga	arthasanyoga	grade	27958	385-1	SCH-grade-12427_cases.xml	0
arDakavi	ardhakavi	ardhakavi	ardhakavi	grade	27959	385-1	SCH-grade-12427_cases.xml	0
arDakAkaRI	ardhaka1kan2i1	ardhakākaṇī	ardhakākanī	grade	27960	385-1	SCH-grade-12427_cases.xml	0
arDacandracUqa	ardhacandracu1d2a	ardhacandracūḍa	ardhacandracūḍa	grade	27963	385-1	SCH-grade-12427_cases.xml	0
arDamayUra	ardhamayu1ra	ardhamayūra	ardhamayūra	grade	27966	385-1	SCH-grade-12427_cases.xml	0
arDamAzaka	ardhama1s2aka	ardhamāṣaka	ardhamāṣaka	grade	27968	385-1	SCH-grade-12427_cases.xml	0
arDavArAha	ardhava1ra1ha	ardhavārāha	ardhavārāha	grade	27969	385-1	SCH-grade-12427_cases.xml	0
arDaSulka	ardhas4ulka	ardhaśulka	ardhaśulka	grade	27970	385-2	SCH-grade-12427_cases.xml	0
arDaSuzka	ardhas4us2ka	ardhaśuṣka	ardhaśuṣka	grade	27971	385-2	SCH-grade-12427_cases.xml	0
arDasItikA	ardhasi1tika1	ardhasītikā	ardhasītikā	grade	27972	385-2	SCH-grade-12427_cases.xml	0
arDasuvAsinI	ardhasuva1sini1	ardhasuvāsinī	ardhasuvāsinī	grade	27973	385-2	SCH-grade-12427_cases.xml	0
arDAzwama	Ardha1s2t2ama	ardhāṣṭama	ardhāṣṭama	grade	27974	385-2	SCH-grade-12427_cases.xml	0
arDAsikA	ardha1sika1	ardhāsikā	ardhāsikā	grade	27975	385-2	SCH-grade-12427_cases.xml	0
arDAhAra	ardha1ha1ra	ardhāhāra	ardhāhāra	grade	27976	385-2	SCH-grade-12427_cases.xml	0
arhaccUqAmaRi	Arhaccu1d2a1man2i	arhaccūḍāmaṇi	arhaccūḍāmani	grade	27978	385-2	SCH-grade-12427_cases.xml	0
alitaruRI	alitarun2i1	alitaruṇī	alitarunī	grade	27981	385-2	SCH-grade-12427_cases.xml	0
aleSEja	ales4aija	aleśaija	aleśaija	grade	27983	385-2	SCH-grade-12427_cases.xml	0
avakarakUpikA	avakaraku1pika1	avakarakūpikā	avakarakūpikā	grade	27985	385-2	SCH-grade-12427_cases.xml	0
avakIrRitA	avaki1rn2ita1	avakīrṇitā	avakīrnitā	grade	27986	385-2	SCH-grade-12427_cases.xml	0
avakuRqalita	avakun2d2alita	avakuṇḍalita	avakunḍalita	grade	27987	385-2	SCH-grade-12427_cases.xml	0
avakeSin	avakes4in	avakeśin	avakeśin	grade	27988	385-2	SCH-grade-12427_cases.xml	0
avakrayin	avakrayin	avakrayin	avakrayin	grade	27989	385-2	SCH-grade-12427_cases.xml	0
avakzepasopAna	avaks2epasopa1na	avakṣepasopāna	avakṣepasopāna	grade	27991	385-2	SCH-grade-12427_cases.xml	0
avaguRWa	avagun2t2ha	avaguṇṭha	avagunṭha	grade	27993	385-2	SCH-grade-12427_cases.xml	0
avaGAwaka	avagha1t2aka	avaghāṭaka	avaghāṭaka	grade	27994	385-2	SCH-grade-12427_cases.xml	0
avacaYcU	avacan5cu1	avacañcū	avacancū	grade	27995	385-2	SCH-grade-12427_cases.xml	0
avacAya	avaca1ya	avacāya	avacāya	grade	27998	385-3	SCH-grade-12427_cases.xml	0
avaDiBUDara	avadhibhu1dhara	avadhibhūdhara	avadhibhūdhara	grade	28003	385-3	SCH-grade-12427_cases.xml	0
avaDvaMsana	avadhvam2sana	avadhvaṃsana	avadhvansana	grade	28004	385-3	SCH-grade-12427_cases.xml	0
avanIpa	avani1pa	avanīpa	avanīpa	grade	28006	385-3	SCH-grade-12427_cases.xml	0
avaneyiman	avaneyiman	avaneyiman	avaneyiman	grade	28007	385-3	SCH-grade-12427_cases.xml	0
avanDyakopa	avandhyakopa	avandhyakopa	avandhyakopa	grade	28009	385-3	SCH-grade-12427_cases.xml	0
avarAgin	avara1gin	avarāgin	avarāgin	grade	28011	385-3	SCH-grade-12427_cases.xml	0
avalepya	avalepya	avalepya	avalepya	grade	28013	385-3	SCH-grade-12427_cases.xml	0
avaSyakavandanAniryukti	Avas4yakavandana1niryukti	avaśyakavandanāniryukti	avaśyakavandanāniryukti	grade	28014	385-3	SCH-grade-12427_cases.xml	0
avANmuKIna	ava1n3mukhi1na	avāṅmukhīna	avānmukhīna	grade	28019	385-3	SCH-grade-12427_cases.xml	0
avicCeditva	aviccheditva	aviccheditva	aviccheditva	grade	28024	385-3	SCH-grade-12427_cases.xml	0
avinItatA	avini1tata1	avinītatā	avinītatā	grade	28026	386-1	SCH-grade-12427_cases.xml	0
avipatti	avipatti	avipatti	avipatti	grade	28028	386-1	SCH-grade-12427_cases.xml	0
avimfSya	avimr2s4ya	avimṛśya	avimṛśya	grade	28032	386-1	SCH-grade-12427_cases.xml	0
avEritva	avairitva	avairitva	avairitva	grade	28034	386-1	SCH-grade-12427_cases.xml	0
aSaWatA	as4at2hata1	aśaṭhatā	aśaṭhatā	grade	28035	386-1	SCH-grade-12427_cases.xml	0
aSastrita	as4astrita	aśastrita	aśastrita	grade	28036	386-1	SCH-grade-12427_cases.xml	0
aSulka	as4ulka	aśulka	aśulka	grade	28037	386-1	SCH-grade-12427_cases.xml	0
aSezitakriya	as4es2itakriya	aśeṣitakriya	aśeṣitakriya	grade	28038	386-1	SCH-grade-12427_cases.xml	0
aSokagrAmika	As4okagra1mika	aśokagrāmika	aśokagrāmika	grade	28039	386-1	SCH-grade-12427_cases.xml	0
aSokatA	as4okata1	aśokatā	aśokatā	grade	28040	386-1	SCH-grade-12427_cases.xml	0
aSyAna	as4ya1na	aśyāna	aśyāna	grade	28041	386-1	SCH-grade-12427_cases.xml	0
aSruti	as4ruti	aśruti	aśruti	grade	28042	386-1	SCH-grade-12427_cases.xml	0
aSvadamaka	as4vadamaka	aśvadamaka	aśvadamaka	grade	28043	386-1	SCH-grade-12427_cases.xml	0
aSvapati	As4vapati	aśvapati	aśvapati	grade	28044	386-1	SCH-grade-12427_cases.xml	0
aSvavAhA	as4vava1ha1	aśvavāhā	aśvavāhā	grade	28045	386-1	SCH-grade-12427_cases.xml	0
aSvIya	as4vi1ya	aśvīya	aśvīya	grade	28046	386-1	SCH-grade-12427_cases.xml	0
azwaBAgika	as2t2abha1gika	aṣṭabhāgika	aṣṭabhāgika	grade	28048	386-1	SCH-grade-12427_cases.xml	0
azwApadaprAsAda	As2t2a1pada(pra1sa1da)	aṣṭāpadaprāsāda	aṣṭāpadaprāsāda	grade	28049	386-1	SCH-grade-12427_cases.xml	0
asaganDa	asagandha	asagandha	asagandha	grade	28053	386-2	SCH-grade-12427_cases.xml	0
asaMcArin	asam2ca1rin	asaṃcārin	asancārin	grade	28055	386-2	SCH-grade-12427_cases.xml	0
asamAnarzi	asama1nars2i	asamānarṣi	asamānarṣi	grade	28057	386-2	SCH-grade-12427_cases.xml	0
asaMpAtin	asam2pa1tin	asaṃpātin	asampātin	grade	28059	386-2	SCH-grade-12427_cases.xml	0
asaMbanDin	asam2bandhin	asaṃbandhin	asambandhin	grade	28060	386-2	SCH-grade-12427_cases.xml	0
asitetaraBAs	asitetarabha1s	asitetarabhās	asitetarabhās	grade	28061	386-2	SCH-grade-12427_cases.xml	0
asiBft	asibhr2t	asibhṛt	asibhṛt	grade	28062	386-2	SCH-grade-12427_cases.xml	0
asurakzya	asuraks2ya	asurakṣya	asurakṣya	grade	28064	386-2	SCH-grade-12427_cases.xml	0
asOKya	asaukhya	asaukhya	asaukhya	grade	28065	386-2	SCH-grade-12427_cases.xml	0
astasaMKyam	astasam2khyam	astasaṃkhyam	astasankhyam	grade	28067	386-2	SCH-grade-12427_cases.xml	0
astrapAraga	astrapa1raga	astrapāraga	astrapāraga	grade	28068	386-2	SCH-grade-12427_cases.xml	0
asTibIja	asthibi1ja	asthibīja	asthibīja	grade	28069	386-2	SCH-grade-12427_cases.xml	0
asparSanIya	aspars4ani1ya	asparśanīya	asparśanīya	grade	28070	386-2	SCH-grade-12427_cases.xml	0
ahimaruc	ahimaruc	ahimaruc	ahimaruc	grade	28075	386-3	SCH-grade-12427_cases.xml	0
Akampin	a1kampin	ākampin	ākampin	grade	28079	386-3	SCH-grade-12427_cases.xml	0
AkarRAnta	a1karn2a1nta	ākarṇānta	ākarnānta	grade	28082	386-3	SCH-grade-12427_cases.xml	0
AkASakaRqUyana	a1ka1s4akan2d2u1yana	ākāśakaṇḍūyana	ākāśakanḍūyana	grade	28084	386-3	SCH-grade-12427_cases.xml	0
AkASasarit	a1ka1s4asarit	ākāśasarit	ākāśasarit	grade	28085	386-3	SCH-grade-12427_cases.xml	0
AkASasinDu	a1ka1s4asindhu	ākāśasindhu	ākāśasindhu	grade	28086	386-3	SCH-grade-12427_cases.xml	0
AkekarAkzI	a1kekara1ks2i1	ākekarākṣī	ākekarākṣī	grade	28087	386-3	SCH-grade-12427_cases.xml	0
AkevAlIyA	A1keva1li1ya1	ākevālīyā	ākevālīyā	grade	28088	386-3	SCH-grade-12427_cases.xml	0
AcandratAram	a1candrata1ram	ācandratāram	ācandratāram	grade	28092	386-3	SCH-grade-12427_cases.xml	0
AcAmla	a1ca1mla	ācāmla	ācāmla	grade	28094	386-3	SCH-grade-12427_cases.xml	0
AjyaganDi	a1jyagandhi	ājyagandhi	ājyagandhi	grade	28095	386-3	SCH-grade-12427_cases.xml	0
ARidvAra	a1n2idva1ra	āṇidvāra	ānidvāra	grade	28098	387-1	SCH-grade-12427_cases.xml	0
ARiharmya	a1n2iharmya	āṇiharmya	āniharmya	grade	28099	387-1	SCH-grade-12427_cases.xml	0
AtivAhaka	a1tiva1haka	ātivāhaka	ātivāhaka	grade	28102	387-1	SCH-grade-12427_cases.xml	0
Atmarakzitaka	a1tmaraks2itaka	ātmarakṣitaka	ātmarakṣitaka	grade	28105	387-1	SCH-grade-12427_cases.xml	0
AtmIyIkfta	a1tmi1yi1kr2ta	ātmīyīkṛta	ātmīyīkṛta	grade	28107	387-1	SCH-grade-12427_cases.xml	0
AdarSatA	a1dars4ata1	ādarśatā	ādarśatā	grade	28108	387-1	SCH-grade-12427_cases.xml	0
Aditala	a1ditala	āditala	āditala	grade	28109	387-1	SCH-grade-12427_cases.xml	0
AdiBikzu	a1dibhiks2u	ādibhikṣu	ādibhikṣu	grade	28110	387-1	SCH-grade-12427_cases.xml	0
ADAnavatI	a1dha1navati1	ādhānavatī	ādhānavatī	grade	28114	387-1	SCH-grade-12427_cases.xml	0
ADidviz	a1dhidvis2	ādhidviṣ	ādhidviṣ	grade	28115	387-1	SCH-grade-12427_cases.xml	0
AnandanAndIka	a1nandana1ndi1ka	ānandanāndīka	ānandanāndīka	grade	28116	387-1	SCH-grade-12427_cases.xml	0
AnugrAhika	a1nugra1hika	ānugrāhika	ānugrāhika	grade	28117	387-1	SCH-grade-12427_cases.xml	0
AnupadikIBAva	a1nupadiki1bha1va	ānupadikībhāva	ānupadikībhāva	grade	28119	387-1	SCH-grade-12427_cases.xml	0
AnuzaNgin	a1nus2an3gin	ānuṣaṅgin	ānuṣangin	grade	28120	387-2	SCH-grade-12427_cases.xml	0
Antarapatya	A1ntarapatya	āntarapatya	āntarapatya	grade	28123	387-2	SCH-grade-12427_cases.xml	0
AparAntaka	A1para1ntaka	āparāntaka	āparāntaka	grade	28127	387-2	SCH-grade-12427_cases.xml	0
ApARqiman	a1pa1n2d2iman	āpāṇḍiman	āpānḍiman	grade	28128	387-2	SCH-grade-12427_cases.xml	0
ApfcCana	a1pr2cchana	āpṛcchana	āpṛcchana	grade	28131	387-2	SCH-grade-12427_cases.xml	0
AbaDya	a1badhya	ābadhya	ābadhya	grade	28133	387-2	SCH-grade-12427_cases.xml	0
ABaqa	A1bhad2a	ābhaḍa	ābhaḍa	grade	28134	387-2	SCH-grade-12427_cases.xml	0
ABavam	a1bhavam	ābhavam	ābhavam	grade	28135	387-2	SCH-grade-12427_cases.xml	0
ABiyAnika	a1bhiya1nika	ābhiyānika	ābhiyānika	grade	28137	387-2	SCH-grade-12427_cases.xml	0
Amiga	A1miga	āmiga	āmiga	grade	28139	387-2	SCH-grade-12427_cases.xml	0
AmUlacUqam	a1mu1lacu1d2am	āmūlacūḍam	āmūlacūḍam	grade	28140	387-2	SCH-grade-12427_cases.xml	0
Ambaqa	A1mbad2a	āmbaḍa	āmbaḍa	grade	28142	387-2	SCH-grade-12427_cases.xml	0
AmBIya	A1mbhi1ya	āmbhīya	āmbhīya	grade	28143	387-3	SCH-grade-12427_cases.xml	0
AmraganDin	a1mragandhi(n)	āmragandhin	āmragandhin	grade	28144	387-3	SCH-grade-12427_cases.xml	0
AmraBawa	A1mrabhat2a	āmrabhaṭa	āmrabhaṭa	grade	28145	387-3	SCH-grade-12427_cases.xml	0
AmramAtra	a1mrama1tra	āmramātra	āmramātra	grade	28146	387-3	SCH-grade-12427_cases.xml	0
AyamAna	a1yama1na	āyamāna	āyamāna	grade	28148	387-3	SCH-grade-12427_cases.xml	0
AyamAnI	a1yama1ni1	āyamānī	āyamānī	grade	28149	387-3	SCH-grade-12427_cases.xml	0
AyAmaSAlin	a1ya1mas4a1lin	āyāmaśālin	āyāmaśālin	grade	28151	387-3	SCH-grade-12427_cases.xml	0
AyuDeSvara	a1yudhes4vara	āyudheśvara	āyudheśvara	grade	28154	387-3	SCH-grade-12427_cases.xml	0
ArabDar	a1rabdhar	ārabdhar	ārabdhar	grade	28155	387-3	SCH-grade-12427_cases.xml	0
Arohaja	A1rohaja	ārohaja	ārohaja	grade	28159	387-3	SCH-grade-12427_cases.xml	0
ArdrIBUta	a1rdri1bhu1ta	ārdrībhūta	ārdrībhūta	grade	28161	387-3	SCH-grade-12427_cases.xml	0
ArDavAstuka	a1rdhava1stuka	ārdhavāstuka	ārdhavāstuka	grade	28162	387-3	SCH-grade-12427_cases.xml	0
Alakandaka	A1lakandaka	ālakandaka	ālakandaka	grade	28163	387-3	SCH-grade-12427_cases.xml	0
Alima	A1lima	ālima	ālima	grade	28165	387-3	SCH-grade-12427_cases.xml	0
AlIQapluta	a1li1d2hapluta	ālīḍhapluta	ālīḍhapluta	grade	28166	387-3	SCH-grade-12427_cases.xml	0
AleKyarUpa	a1lekhyaru1pa	ālekhyarūpa	ālekhyarūpa	grade	28167	387-3	SCH-grade-12427_cases.xml	0
Avegavant	a1vegavant	āvegavant	āvegavant	grade	28170	388-1	SCH-grade-12427_cases.xml	0
AveSanin	a1ves4anin	āveśanin	āveśanin	grade	28172	388-1	SCH-grade-12427_cases.xml	0
ASarAja	A1s4ara1ja	āśarāja	āśarāja	grade	28173	388-1	SCH-grade-12427_cases.xml	0
ASAnta	a1s4a1nta	āśānta	āśānta	grade	28174	388-1	SCH-grade-12427_cases.xml	0
ASApallI	A1s4a1palli1	āśāpallī	āśāpallī	grade	28175	388-1	SCH-grade-12427_cases.xml	0
ASAmbara	a1s4a1mbara	āśāmbara	āśāmbara	grade	28176	388-1	SCH-grade-12427_cases.xml	0
ASAmbilI	A1s4a1mbili1	āśāmbilī	āśāmbilī	grade	28177	388-1	SCH-grade-12427_cases.xml	0
ASiza	a1s4is2a	āśiṣa	āśiṣa	grade	28178	388-1	SCH-grade-12427_cases.xml	0
ASugranTa	a1s4ugrantha	āśugrantha	āśugrantha	grade	28180	388-1	SCH-grade-12427_cases.xml	0
AsannakArya	a1sannaka1rya	āsannakārya	āsannakārya	grade	28182	388-1	SCH-grade-12427_cases.xml	0
AsannaBAj	a1sannabha1j	āsannabhāj	āsannabhāj	grade	28183	388-1	SCH-grade-12427_cases.xml	0
AsannI	a1sanni1	āsannī	āsannī	grade	28184	388-1	SCH-grade-12427_cases.xml	0
Astaraka	a1staraka	āstaraka	āstaraka	grade	28188	388-1	SCH-grade-12427_cases.xml	0
AsTAnika	a1stha1nika	āsthānika	āsthānika	grade	28189	388-1	SCH-grade-12427_cases.xml	0
AsPAwima	a1spha1t2ima	āsphāṭima	āsphāṭima	grade	28190	388-1	SCH-grade-12427_cases.xml	0
AsyapaNkti	a1syapan3kti	āsyapaṅkti	āsyapankti	grade	28191	388-1	SCH-grade-12427_cases.xml	0
AsyavAsya	a1syava1sya	āsyavāsya	āsyavāsya	grade	28192	388-1	SCH-grade-12427_cases.xml	0
AhicCatraka	A1hicchatraka	āhicchatraka	āhicchatraka	grade	28195	388-2	SCH-grade-12427_cases.xml	0
ikzuDanvan	iks2udhanvan	ikṣudhanvan	ikṣudhanvan	grade	28198	388-2	SCH-grade-12427_cases.xml	0
idDaSAsana	iddhas4a1sana	iddhaśāsana	iddhaśāsana	grade	28199	388-2	SCH-grade-12427_cases.xml	0
indirApati	Indira1pati	indirāpati	indirāpati	grade	28200	388-2	SCH-grade-12427_cases.xml	0
indramaRi	indraman2i	indramaṇi	indramani	grade	28203	388-2	SCH-grade-12427_cases.xml	0
indravAnaka	Indrava1naka	indravānaka	indravānaka	grade	28204	388-2	SCH-grade-12427_cases.xml	0
ilApAla	ila1pa1la	ilāpāla	ilāpāla	grade	28206	388-2	SCH-grade-12427_cases.xml	0
izwaguRa	is2t2agun2a	iṣṭaguṇa	iṣṭaguna	grade	28207	388-2	SCH-grade-12427_cases.xml	0
IqyataratA	i1d2yatarata1	īḍyataratā	īḍyataratā	grade	28210	388-2	SCH-grade-12427_cases.xml	0
IriBa	i1ribha	īribha	īribha	grade	28211	388-2	SCH-grade-12427_cases.xml	0
uktatattva	uktatattva	uktatattva	uktatattva	grade	28212	388-2	SCH-grade-12427_cases.xml	0
ugraDAman	ugradha1man	ugradhāman	ugradhāman	grade	28214	388-2	SCH-grade-12427_cases.xml	0
ugraraMhas	ugraram2has	ugraraṃhas	ugraranhas	grade	28215	388-2	SCH-grade-12427_cases.xml	0
uccaDI	uccadhi1	uccadhī	uccadhī	grade	28217	388-2	SCH-grade-12427_cases.xml	0
uccErvAda	uccairva1da	uccairvāda	uccairvāda	grade	28218	388-2	SCH-grade-12427_cases.xml	0
ucCulka	ucchulka	ucchulka	ucchulka	grade	28219	388-2	SCH-grade-12427_cases.xml	0
uYJA	Un5jha1	uñjhā	unjhā	grade	28221	388-3	SCH-grade-12427_cases.xml	0
utkawAyate	utkat2a1y(ate)	utkaṭāyate	utkaṭāyate	grade	28224	388-3	SCH-grade-12427_cases.xml	0
utkarRikA	utkarn2ika1	utkarṇikā	utkarnikā	grade	28227	388-3	SCH-grade-12427_cases.xml	0
utkIrRikA	utki1rn2ika1	utkīrṇikā	utkīrnikā	grade	28228	388-3	SCH-grade-12427_cases.xml	0
utkroSaka	utkros4aka	utkrośaka	utkrośaka	grade	28229	388-3	SCH-grade-12427_cases.xml	0
uttamAgAra	uttama1ga1ra	uttamāgāra	uttamāgāra	grade	28230	388-3	SCH-grade-12427_cases.xml	0
uttarakartf	uttarakartr2	uttarakartṛ	uttarakartṛ	grade	28231	388-3	SCH-grade-12427_cases.xml	0
uttarapaScima	uttarapas4cima	uttarapaścima	uttarapaścima	grade	28232	388-3	SCH-grade-12427_cases.xml	0
uttarADyakza	uttara1dhyaks2a	uttarādhyakṣa	uttarādhyakṣa	grade	28235	388-3	SCH-grade-12427_cases.xml	0
utTApanikA	uttha1panika1	utthāpanikā	utthāpanikā	grade	28236	388-3	SCH-grade-12427_cases.xml	0
utpalaganDi	utpalagandhi	utpalagandhi	utpalagandhi	grade	28239	388-3	SCH-grade-12427_cases.xml	0
utpalavarRa	utpalavarn2a	utpalavarṇa	utpalavarna	grade	28240	388-3	SCH-grade-12427_cases.xml	0
utpAwima	utpa1t2ima	utpāṭima	utpāṭima	grade	28241	388-3	SCH-grade-12427_cases.xml	0
utsavajuz	utsavajus2	utsavajuṣ	utsavajuṣ	grade	28246	388-3	SCH-grade-12427_cases.xml	0
utsecaka	utsecaka	utsecaka	utsecaka	grade	28247	389-1	SCH-grade-12427_cases.xml	0
udakaparicAraka	udakaparica1raka	udakaparicāraka	udakaparicāraka	grade	28249	389-1	SCH-grade-12427_cases.xml	0
udakavarRa	udakavarn2a	udakavarṇa	udakavarna	grade	28250	389-1	SCH-grade-12427_cases.xml	0
udaYjara	udan5jara	udañjara	udanjara	grade	28251	389-1	SCH-grade-12427_cases.xml	0
udapAnaka	udapa1naka	udapānaka	udapānaka	grade	28252	389-1	SCH-grade-12427_cases.xml	0
udayapraBadeva	Udayaprabhadeva	udayaprabhadeva	udayaprabhadeva	grade	28253	389-1	SCH-grade-12427_cases.xml	0
udayamati	Udayamati	udayamati	udayamati	grade	28254	389-1	SCH-grade-12427_cases.xml	0
udarIkf	udari1kr2	udarīkṛ	udarīkṛ	grade	28255	389-1	SCH-grade-12427_cases.xml	0
udgrAhaRaka	udgra1han2aka	udgrāhaṇaka	udgrāhanaka	grade	28257	389-1	SCH-grade-12427_cases.xml	0
udGAwima	udgha1t2ima	udghāṭima	udghāṭima	grade	28260	389-1	SCH-grade-12427_cases.xml	0
uddaRqam	uddan2d2am	uddaṇḍam	uddanḍam	grade	28261	389-1	SCH-grade-12427_cases.xml	0
uddeSa	uddes4a	uddeśa	uddeśa	grade	28262	389-1	SCH-grade-12427_cases.xml	0
udDUmakeSa	uddhu1ma(kes4a)	uddhūmakeśa	uddhūmakeśa	grade	28264	389-1	SCH-grade-12427_cases.xml	0
udBARqIkfta	udbha1n2d2i1kr2ta	udbhāṇḍīkṛta	udbhānḍīkṛta	grade	28265	389-1	SCH-grade-12427_cases.xml	0
udBedaja	udbhedaja	udbhedaja	udbhedaja	grade	28266	389-1	SCH-grade-12427_cases.xml	0
udyacCilInDra	udyacchili1ndhra	udyacchilīndhra	udyacchilīndhra	grade	28268	389-1	SCH-grade-12427_cases.xml	0
udvelatA	udvelata1	udvelatā	udvelatā	grade	28270	389-1	SCH-grade-12427_cases.xml	0
unmuKIna	unmukhi1na	unmukhīna	unmukhīna	grade	28272	389-2	SCH-grade-12427_cases.xml	0
unmfjA	unmr2ja1	unmṛjā	unmṛjā	grade	28273	389-2	SCH-grade-12427_cases.xml	0
upakaRWI	upakan2t2hi1	upakaṇṭhī	upakanṭhī	grade	28275	389-2	SCH-grade-12427_cases.xml	0
upajava	upajava	upajava	upajava	grade	28277	389-2	SCH-grade-12427_cases.xml	0
upapAtika	upapa1tika	upapātika	upapātika	grade	28279	389-2	SCH-grade-12427_cases.xml	0
upaBojana	upabhojana	upabhojana	upabhojana	grade	28280	389-2	SCH-grade-12427_cases.xml	0
upariBAvin	uparibha1vin	uparibhāvin	uparibhāvin	grade	28283	389-2	SCH-grade-12427_cases.xml	0
upaveRuka	upaven2uka	upaveṇuka	upavenuka	grade	28286	389-2	SCH-grade-12427_cases.xml	0
upaSAKA	upas4a1kha1	upaśākhā	upaśākhā	grade	28287	389-2	SCH-grade-12427_cases.xml	0
upaSAKin	upas4a1khin	upaśākhin	upaśākhin	grade	28288	389-2	SCH-grade-12427_cases.xml	0
upaSAla	upas4a1la	upaśāla	upaśāla	grade	28289	389-2	SCH-grade-12427_cases.xml	0
upaSilA	upas4ila1	upaśilā	upaśilā	grade	28290	389-2	SCH-grade-12427_cases.xml	0
upaSIrzaka	upas4i1rs2aka	upaśīrṣaka	upaśīrṣaka	grade	28291	389-2	SCH-grade-12427_cases.xml	0
upaSlokaka	upas4lokaka	upaślokaka	upaślokaka	grade	28292	389-2	SCH-grade-12427_cases.xml	0
upaskandanapAdukA	upaskandanapa1duka1	upaskandanapādukā	upaskandanapādukā	grade	28293	389-2	SCH-grade-12427_cases.xml	0
upAMSuBUmi	upa1m2s4ubhu1mi	upāṃśubhūmi	upānśubhūmi	grade	28296	389-3	SCH-grade-12427_cases.xml	0
uBayatorAtram	ubhayatora1tram	ubhayatorātram	ubhayatorātram	grade	28298	389-3	SCH-grade-12427_cases.xml	0
ummARI	Umma1n2i1	ummāṇī	ummānī	grade	28299	389-3	SCH-grade-12427_cases.xml	0
urajaka	urajaka	urajaka	urajaka	grade	28300	389-3	SCH-grade-12427_cases.xml	0
uruDfti	urudhr2ti	urudhṛti	urudhṛti	grade	28302	389-3	SCH-grade-12427_cases.xml	0
uSIraganDi	us4i1ragandhi	uśīragandhi	uśīragandhi	grade	28304	389-3	SCH-grade-12427_cases.xml	0
uSIravarRa	us4i1ravarn2a	uśīravarṇa	uśīravarna	grade	28305	389-3	SCH-grade-12427_cases.xml	0
uzwragrIvI	us2t2ragri1vi1	uṣṭragrīvī	uṣṭragrīvī	grade	28307	389-3	SCH-grade-12427_cases.xml	0
uzRaBAnu	us2n2abha1nu	uṣṇabhānu	uṣnabhānu	grade	28308	389-3	SCH-grade-12427_cases.xml	0
uzRasaha	us2n2asaha	uṣṇasaha	uṣnasaha	grade	28309	389-3	SCH-grade-12427_cases.xml	0
UrDvacaya	u1rdhvacaya	ūrdhvacaya	ūrdhvacaya	grade	28310	389-3	SCH-grade-12427_cases.xml	0
UrmimArga	u1rmima1rga	ūrmimārga	ūrmimārga	grade	28312	389-3	SCH-grade-12427_cases.xml	0
ftugAmitva	r2tuga1mitva	ṛtugāmitva	ṛtugāmitva	grade	28315	389-3	SCH-grade-12427_cases.xml	0
ftusuKa	r2tusukha	ṛtusukha	ṛtusukha	grade	28316	389-3	SCH-grade-12427_cases.xml	0
ekakriyApaTa	ekakriya1patha	ekakriyāpatha	ekakriyāpatha	grade	28317	390-1	SCH-grade-12427_cases.xml	0
ekapAdapluta	ekapa1dapluta	ekapādapluta	ekapādapluta	grade	28319	390-1	SCH-grade-12427_cases.xml	0
ekapragraha	ekapragraha	ekapragraha	ekapragraha	grade	28320	390-1	SCH-grade-12427_cases.xml	0
ekapluta	ekapluta	ekapluta	ekapluta	grade	28321	390-1	SCH-grade-12427_cases.xml	0
ekabanDu	ekabandhu	ekabandhu	ekabandhu	grade	28322	390-1	SCH-grade-12427_cases.xml	0
ekaSIrzaka	ekas4i1rs2aka	ekaśīrṣaka	ekaśīrṣaka	grade	28325	390-1	SCH-grade-12427_cases.xml	0
ekAMSuka	eka1m2s4uka	ekāṃśuka	ekānśuka	grade	28326	390-1	SCH-grade-12427_cases.xml	0
ekAkara	eka1kara	ekākara	ekākara	grade	28327	390-1	SCH-grade-12427_cases.xml	0
ekAdaSAtman	eka1das4a1tman	ekādaśātman	ekādaśātman	grade	28328	390-1	SCH-grade-12427_cases.xml	0
Ekapuruzika	aikapurus2ika	aikapuruṣika	aikapuruṣika	grade	28332	390-1	SCH-grade-12427_cases.xml	0
Ottaraparvataka	auttaraparvataka	auttaraparvataka	auttaraparvataka	grade	28335	390-1	SCH-grade-12427_cases.xml	0
OdDAwima	auddha1t2ima	auddhāṭima	auddhāṭima	grade	28339	390-2	SCH-grade-12427_cases.xml	0
OpagrAhika	aupagra1hika	aupagrāhika	aupagrāhika	grade	28342	390-2	SCH-grade-12427_cases.xml	0
OpaGAtika	aupagha1tika	aupaghātika	aupaghātika	grade	28343	390-2	SCH-grade-12427_cases.xml	0
OpavAhyaka	aupava1hyaka	aupavāhyaka	aupavāhyaka	grade	28347	390-2	SCH-grade-12427_cases.xml	0
OpaSAyika	aupas4a1yika	aupaśāyika	aupaśāyika	grade	28348	390-2	SCH-grade-12427_cases.xml	0
OpasTAyika	aupastha1yika	aupasthāyika	aupasthāyika	grade	28349	390-2	SCH-grade-12427_cases.xml	0
OpAyanika	aupa1yanika	aupāyanika	aupāyanika	grade	28350	390-2	SCH-grade-12427_cases.xml	0
kaMsaDvaMsakft	Kam2sadhvam2sakr2t	kaṃsadhvaṃsakṛt	kansadhvansakṛt	grade	28355	390-2	SCH-grade-12427_cases.xml	0
kakzyAkarma	kaks2ya1karma	kakṣyākarma	kakṣyākarma	grade	28358	390-2	SCH-grade-12427_cases.xml	0
kaNkarOla	Kan3karaula	kaṅkaraula	kankaraula	grade	28359	390-2	SCH-grade-12427_cases.xml	0
kacagrahaRI	kacagrahan2i1	kacagrahaṇī	kacagrahanī	grade	28361	390-3	SCH-grade-12427_cases.xml	0
kaccolaka	kaccolaka	kaccolaka	kaccolaka	grade	28362	390-3	SCH-grade-12427_cases.xml	0
kawakabanDa	kat2akabandha	kaṭakabandha	kaṭakabandha	grade	28363	390-3	SCH-grade-12427_cases.xml	0
kawavAnaka	kat2ava1naka	kaṭavānaka	kaṭavānaka	grade	28364	390-3	SCH-grade-12427_cases.xml	0
kawAhikA	kat2a1hika1	kaṭāhikā	kaṭāhikā	grade	28365	390-3	SCH-grade-12427_cases.xml	0
kawuSarkarA	kat2us4arkara1	kaṭuśarkarā	kaṭuśarkarā	grade	28366	390-3	SCH-grade-12427_cases.xml	0
kaqakaqa	kad2akad2a	kaḍakaḍa	kaḍakaḍa	grade	28367	390-3	SCH-grade-12427_cases.xml	0
kaRakuRqaka	kan2akun2d2aka	kaṇakuṇḍaka	kanakunḍaka	grade	28370	390-3	SCH-grade-12427_cases.xml	0
kaRaSIkara	kan2as4i1kara	kaṇaśīkara	kanaśīkara	grade	28371	390-3	SCH-grade-12427_cases.xml	0
kaRwakapratisara	kan2t2akapratisara	kaṇṭakapratisara	kanṭakapratisara	grade	28372	390-3	SCH-grade-12427_cases.xml	0
kaRwakaBallUka	kan2t2akabhallu1ka	kaṇṭakabhallūka	kanṭakabhallūka	grade	28373	390-3	SCH-grade-12427_cases.xml	0
kaRwakaSoDana	kan2t2akas4odhana	kaṇṭakaśodhana	kanṭakaśodhana	grade	28374	390-3	SCH-grade-12427_cases.xml	0
kaRwelIyApAzARa	Kan2t2eli1ya1(pa1s2a1n2a)	kaṇṭelīyāpāṣāṇa	kanṭelīyāpāṣāna	grade	28375	390-3	SCH-grade-12427_cases.xml	0
kaRWAvagraha	kan2t2ha1vagraha	kaṇṭhāvagraha	kanṭhāvagraha	grade	28377	390-3	SCH-grade-12427_cases.xml	0
kaRWeSvarI	Kan2t2hes4vari1	kaṇṭheśvarī	kanṭheśvarī	grade	28378	390-3	SCH-grade-12427_cases.xml	0
kanakacakzus	Kanakacaks2us	kanakacakṣus	kanakacakṣus	grade	28381	390-3	SCH-grade-12427_cases.xml	0
kandalana	kandalana	kandalana	kandalana	grade	28383	391-1	SCH-grade-12427_cases.xml	0
kanyAprasavinI	kanya1prasavini1	kanyāprasavinī	kanyāprasavinī	grade	28384	391-1	SCH-grade-12427_cases.xml	0
kapipluta	kapipluta	kapipluta	kapipluta	grade	28386	391-1	SCH-grade-12427_cases.xml	0
kapilakowi	Kapilakot2i	kapilakoṭi	kapilakoṭi	grade	28387	391-1	SCH-grade-12427_cases.xml	0
kapivfzaRAsya	kapivr2s2an2a1sya	kapivṛṣaṇāsya	kapivṛṣanāsya	grade	28388	391-1	SCH-grade-12427_cases.xml	0
kamaladalAkzI	kamaladala1ks2i1	kamaladalākṣī	kamaladalākṣī	grade	28391	391-1	SCH-grade-12427_cases.xml	0
kamalASraya	kamala1s4raya	kamalāśraya	kamalāśraya	grade	28392	391-1	SCH-grade-12427_cases.xml	0
kamalinIsUtra	kamalini1su1tra	kamalinīsūtra	kamalinīsūtra	grade	28393	391-1	SCH-grade-12427_cases.xml	0
kambikA	kambika1	kambikā	kambikā	grade	28394	391-1	SCH-grade-12427_cases.xml	0
kamBAri	kambha1ri	kambhāri	kambhāri	grade	28395	391-1	SCH-grade-12427_cases.xml	0
karawukamuKa	karat2ukamukha	karaṭukamukha	karaṭukamukha	grade	28398	391-1	SCH-grade-12427_cases.xml	0
karaRacakra	karan2acakra	karaṇacakra	karanacakra	grade	28399	391-1	SCH-grade-12427_cases.xml	0
karaRamudrA	karan2amudra1	karaṇamudrā	karanamudrā	grade	28400	391-1	SCH-grade-12427_cases.xml	0
karaReSvarI	karan2es4vari1	karaṇeśvarī	karaneśvarī	grade	28401	391-1	SCH-grade-12427_cases.xml	0
karaRqayati	karan2d2ay(ati)	karaṇḍayati	karanḍayati	grade	28402	391-2	SCH-grade-12427_cases.xml	0
karapAta	karapa1ta	karapāta	karapāta	grade	28403	391-2	SCH-grade-12427_cases.xml	0
karapratikara	karapratikara	karapratikara	karapratikara	grade	28404	391-2	SCH-grade-12427_cases.xml	0
karambavihAra	Karambaviha1ra	karambavihāra	karambavihāra	grade	28406	391-2	SCH-grade-12427_cases.xml	0
karavaqI	karavad2i1	karavaḍī	karavaḍī	grade	28407	391-2	SCH-grade-12427_cases.xml	0
karRameru	Karn2ameru	karṇameru	karnameru	grade	28409	391-2	SCH-grade-12427_cases.xml	0
karRasAgara	Karn2asa1gara	karṇasāgara	karnasāgara	grade	28410	391-2	SCH-grade-12427_cases.xml	0
karRAkarRIkftya	karn2a1karn2i1kr2tya	karṇākarṇīkṛtya	karnākarnīkṛtya	grade	28411	391-2	SCH-grade-12427_cases.xml	0
karRAvatI	Karn2a1vati1	karṇāvatī	karnāvatī	grade	28412	391-2	SCH-grade-12427_cases.xml	0
karReSvara	Karn2es4vara	karṇeśvara	karneśvara	grade	28413	391-2	SCH-grade-12427_cases.xml	0
karpUrArAtrika	karpu1ra1ra1trika	karpūrārātrika	karpūrārātrika	grade	28416	391-2	SCH-grade-12427_cases.xml	0
karmacCeda	karmaccheda	karmaccheda	karmaccheda	grade	28417	391-2	SCH-grade-12427_cases.xml	0
karmanizadyA	karmanis2adya1	karmaniṣadyā	karmaniṣadyā	grade	28418	391-2	SCH-grade-12427_cases.xml	0
karmaSaNkita	karmas4an3kita	karmaśaṅkita	karmaśankita	grade	28419	391-2	SCH-grade-12427_cases.xml	0
karmasAra	karmasa1ra	karmasāra	karmasāra	grade	28420	391-2	SCH-grade-12427_cases.xml	0
karmasTAya	karmastha1ya	karmasthāya	karmasthāya	grade	28421	391-2	SCH-grade-12427_cases.xml	0
kalaNkaSfNgAra	kalan3kas4r2n3ga1ra	kalaṅkaśṛṅgāra	kalankaśṛngāra	grade	28425	391-2	SCH-grade-12427_cases.xml	0
kalaviRi	Kalavin2i	kalaviṇi	kalavini	grade	28426	391-2	SCH-grade-12427_cases.xml	0
kalahapaYcAnana	Kalahapan5ca1nana	kalahapañcānana	kalahapancānana	grade	28427	391-3	SCH-grade-12427_cases.xml	0
kalAguru	kala1guru	kalāguru	kalāguru	grade	28428	391-3	SCH-grade-12427_cases.xml	0
kalAsikA	kala1sika1	kalāsikā	kalāsikā	grade	28431	391-3	SCH-grade-12427_cases.xml	0
kallolamAlin	kallolama1lin	kallolamālin	kallolamālin	grade	28435	391-3	SCH-grade-12427_cases.xml	0
kallolinIkAmuka	kallolini1ka1muka	kallolinīkāmuka	kallolinīkāmuka	grade	28436	391-3	SCH-grade-12427_cases.xml	0
kaSAmra	kas4a1mra	kaśāmra	kaśāmra	grade	28440	391-3	SCH-grade-12427_cases.xml	0
kAMsyakAraka	ka1m2syaka1raka	kāṃsyakāraka	kānsyakāraka	grade	28441	391-3	SCH-grade-12427_cases.xml	0
kAkaRika	ka1kan2ika	kākaṇika	kākanika	grade	28442	391-3	SCH-grade-12427_cases.xml	0
kAkanASam	ka1kana1s4am	kākanāśam	kākanāśam	grade	28444	391-3	SCH-grade-12427_cases.xml	0
kAkapadaka	ka1kapadaka	kākapadaka	kākapadaka	grade	28445	391-3	SCH-grade-12427_cases.xml	0
kAkara	Ka1kara	kākara	kākara	grade	28446	391-3	SCH-grade-12427_cases.xml	0
kAkU	Ka1ku1	kākū	kākū	grade	28448	391-3	SCH-grade-12427_cases.xml	0
kANka	ka1n3ka	kāṅka	kānka	grade	28449	391-3	SCH-grade-12427_cases.xml	0
kAcakarman	ka1cakarman	kācakarman	kācakarman	grade	28451	392-1	SCH-grade-12427_cases.xml	0
kARqacCedana	ka1n2d2acchedana	kāṇḍacchedana	kānḍacchedana	grade	28452	392-1	SCH-grade-12427_cases.xml	0
kARqabIja	ka1n2d2abi1ja	kāṇḍabīja	kānḍabīja	grade	28453	392-1	SCH-grade-12427_cases.xml	0
kAntanAvaka	Ka1ntana1vaka	kāntanāvaka	kāntanāvaka	grade	28455	392-1	SCH-grade-12427_cases.xml	0
kAntIya	Ka1nti1ya	kāntīya	kāntīya	grade	28457	392-1	SCH-grade-12427_cases.xml	0
kAntIrarAzwraka	Ka1nti1rara1s2t2raka	kāntīrarāṣṭraka	kāntīrarāṣṭraka	grade	28458	392-1	SCH-grade-12427_cases.xml	0
kAnha	Ka1nha	kānha	kānha	grade	28459	392-1	SCH-grade-12427_cases.xml	0
kAnhaqadeva	Ka1nhad2adeva	kānhaḍadeva	kānhaḍadeva	grade	28460	392-1	SCH-grade-12427_cases.xml	0
kAmakAraRIya	ka1maka1ran2i1ya	kāmakāraṇīya	kāmakāranīya	grade	28462	392-1	SCH-grade-12427_cases.xml	0
kAmbuka	ka1mbuka	kāmbuka	kāmbuka	grade	28466	392-1	SCH-grade-12427_cases.xml	0
kAyaBAj	ka1yabha1j	kāyabhāj	kāyabhāj	grade	28468	392-1	SCH-grade-12427_cases.xml	0
kAyaBAra	ka1yabha1ra	kāyabhāra	kāyabhāra	grade	28469	392-1	SCH-grade-12427_cases.xml	0
kArAgfhIta	ka1ra1gr2hi1ta	kārāgṛhīta	kārāgṛhīta	grade	28471	392-1	SCH-grade-12427_cases.xml	0
kArAniketa	ka1ra1niketa	kārāniketa	kārāniketa	grade	28472	392-1	SCH-grade-12427_cases.xml	0
kAruRyavant	ka1run2yavant	kāruṇyavant	kārunyavant	grade	28474	392-1	SCH-grade-12427_cases.xml	0
kArmaRaka	ka1rman2aka	kārmaṇaka	kārmanaka	grade	28477	392-2	SCH-grade-12427_cases.xml	0
kArmAntika	ka1rma1ntika	kārmāntika	kārmāntika	grade	28478	392-2	SCH-grade-12427_cases.xml	0
kArmArika	ka1rma1rika	kārmārika	kārmārika	grade	28479	392-2	SCH-grade-12427_cases.xml	0
kAlacitra	ka1lacitra	kālacitra	kālacitra	grade	28481	392-2	SCH-grade-12427_cases.xml	0
kAlatAmra	ka1lata1mra	kālatāmra	kālatāmra	grade	28483	392-2	SCH-grade-12427_cases.xml	0
kAlapattraka	ka1lapattraka	kālapattraka	kālapattraka	grade	28484	392-2	SCH-grade-12427_cases.xml	0
kAlaparvataka	ka1laparvataka	kālaparvataka	kālaparvataka	grade	28485	392-2	SCH-grade-12427_cases.xml	0
kAlarUpa	ka1laru1pa	kālarūpa	kālarūpa	grade	28486	392-2	SCH-grade-12427_cases.xml	0
kAlasnigDa	ka1lasnigdha	kālasnigdha	kālasnigdha	grade	28487	392-2	SCH-grade-12427_cases.xml	0
kAlAkzI	Ka1la1ks2i1	kālākṣī	kālākṣī	grade	28488	392-2	SCH-grade-12427_cases.xml	0
kAlInAga	ka1li1na1ga	kālīnāga	kālīnāga	grade	28492	392-2	SCH-grade-12427_cases.xml	0
kASahrada	Ka1s4ahrada	kāśahrada	kāśahrada	grade	28494	392-2	SCH-grade-12427_cases.xml	0
kASmakarAzwraka	Ka1s4makara1s2t2raka	kāśmakarāṣṭraka	kāśmakarāṣṭraka	grade	28495	392-2	SCH-grade-12427_cases.xml	0
kASmIrIrasa	ka1s4mi1ri1rasa	kāśmīrīrasa	kāśmīrīrasa	grade	28496	392-2	SCH-grade-12427_cases.xml	0
kAzWAkara	ka1s2t2ha1kara	kāṣṭhākara	kāṣṭhākara	grade	28497	392-2	SCH-grade-12427_cases.xml	0
kAzWAyate	ka1s2t2ha1y(ate)	kāṣṭhāyate	kāṣṭhāyate	grade	28498	392-2	SCH-grade-12427_cases.xml	0
kisaliya	kisaliya	kisaliya	kisaliya	grade	28505	392-3	SCH-grade-12427_cases.xml	0
kuYjarOpavAhya	kun5jaraupava1hya	kuñjaraupavāhya	kunjaraupavāhya	grade	28509	392-3	SCH-grade-12427_cases.xml	0
kuwIrakzaka	kut2i1raks2aka	kuṭīrakṣaka	kuṭīrakṣaka	grade	28510	392-3	SCH-grade-12427_cases.xml	0
kuWArAyate	kut2ha1ra1y(ate)	kuṭhārāyate	kuṭhārāyate	grade	28514	392-3	SCH-grade-12427_cases.xml	0
kuqaNgeSvara	Kud2an3ges4vara	kuḍaṅgeśvara	kuḍangeśvara	grade	28516	392-3	SCH-grade-12427_cases.xml	0
kuqumba	kud2umba	kuḍumba	kuḍumba	grade	28517	392-3	SCH-grade-12427_cases.xml	0
kuntalita	kuntalita	kuntalita	kuntalita	grade	28522	392-3	SCH-grade-12427_cases.xml	0
kupyagfha	kupyagr2ha	kupyagṛha	kupyagṛha	grade	28523	392-3	SCH-grade-12427_cases.xml	0
kumpaka	kumpaka	kumpaka	kumpaka	grade	28525	392-3	SCH-grade-12427_cases.xml	0
kupyADyakza	kupya1dhyaks2a	kupyādhyakṣa	kupyādhyakṣa	grade	28526	393-1	SCH-grade-12427_cases.xml	0
kupyopajIvin	kupyopaji1vin	kupyopajīvin	kupyopajīvin	grade	28527	393-1	SCH-grade-12427_cases.xml	0
kumBakukzika	kumbhakuks2ika	kumbhakukṣika	kumbhakukṣika	grade	28530	393-1	SCH-grade-12427_cases.xml	0
kuraNgakadfS	kuran3gakadr2s4	kuraṅgakadṛś	kurangakadṛś	grade	28531	393-1	SCH-grade-12427_cases.xml	0
kuSa	kus4a	kuśa	kuśa	grade	28533	393-1	SCH-grade-12427_cases.xml	0
kuSikyA	kus4ikya1	kuśikyā	kuśikyā	grade	28534	393-1	SCH-grade-12427_cases.xml	0
kuhunA	kuhuna1	kuhunā	kuhunā	grade	28536	393-1	SCH-grade-12427_cases.xml	0
kUwamudrA	ku1t2amudra1	kūṭamudrā	kūṭamudrā	grade	28537	393-1	SCH-grade-12427_cases.xml	0
kUwAvapAta	ku1t2a1vapa1ta	kūṭāvapāta	kūṭāvapāta	grade	28538	393-1	SCH-grade-12427_cases.xml	0
kftakarRika	kr2takarn2ika	kṛtakarṇika	kṛtakarnika	grade	28544	393-1	SCH-grade-12427_cases.xml	0
kftaSulka	kr2tas4ulka	kṛtaśulka	kṛtaśulka	grade	28545	393-1	SCH-grade-12427_cases.xml	0
kftASaMsa	kr2ta1s4am2sa	kṛtāśaṃsa	kṛtāśansa	grade	28546	393-1	SCH-grade-12427_cases.xml	0
kftivid	kr2tivid	kṛtivid	kṛtivid	grade	28547	393-1	SCH-grade-12427_cases.xml	0
kftyetara	kr2tyetara	kṛtyetara	kṛtyetara	grade	28548	393-1	SCH-grade-12427_cases.xml	0
kelimant	kelimant	kelimant	kelimant	grade	28550	393-1	SCH-grade-12427_cases.xml	0
kevalaBft	kevalabhr2t	kevalabhṛt	kevalabhṛt	grade	28551	393-1	SCH-grade-12427_cases.xml	0
keSakAra	kes4aka1ra	keśakāra	keśakāra	grade	28552	393-2	SCH-grade-12427_cases.xml	0
kEraveSa	kairaves4a	kairaveśa	kairaveśa	grade	28553	393-2	SCH-grade-12427_cases.xml	0
kokilasaMcArin	kokilasam2ca1rin	kokilasaṃcārin	kokilasancārin	grade	28554	393-2	SCH-grade-12427_cases.xml	0
koCarabA	Kocharaba1	kocharabā	kocharabā	grade	28555	393-2	SCH-grade-12427_cases.xml	0
kowiveDarasa	kot2ivedharasa	koṭivedharasa	koṭivedharasa	grade	28556	393-2	SCH-grade-12427_cases.xml	0
koWamaRqalacitra	kot2haman2d2alacitra	koṭhamaṇḍalacitra	koṭhamanḍalacitra	grade	28557	393-2	SCH-grade-12427_cases.xml	0
koSAkAraparvataka	Kos4a1ka1raparvataka	kośākāraparvataka	kośākāraparvataka	grade	28558	393-2	SCH-grade-12427_cases.xml	0
koSADipa	kos4a1dhipa	kośādhipa	kośādhipa	grade	28559	393-2	SCH-grade-12427_cases.xml	0
koSIDAnya	kos4i1dha1nya	kośīdhānya	kośīdhānya	grade	28560	393-2	SCH-grade-12427_cases.xml	0
kONkaRaka	Kaun3kan2aka	kauṅkaṇaka	kaunkanaka	grade	28561	393-2	SCH-grade-12427_cases.xml	0
kONkuRadeSIya	Kaun3kun2ades4i1ya	kauṅkuṇadeśīya	kaunkunadeśīya	grade	28562	393-2	SCH-grade-12427_cases.xml	0
kOmudacandra	Kaumudacandra	kaumudacandra	kaumudacandra	grade	28565	393-2	SCH-grade-12427_cases.xml	0
kOzWeyaka	kaus2t2heyaka	kauṣṭheyaka	kauṣṭheyaka	grade	28567	393-2	SCH-grade-12427_cases.xml	0
kramamudrA	kramamudra1	kramamudrā	kramamudrā	grade	28568	393-2	SCH-grade-12427_cases.xml	0
krayima	krayima	krayima	krayima	grade	28570	393-2	SCH-grade-12427_cases.xml	0
kriyAvipanna	kriya1vipanna	kriyāvipanna	kriyāvipanna	grade	28572	393-2	SCH-grade-12427_cases.xml	0
krIqASuka	kri1d2a1s4uka	krīḍāśuka	krīḍāśuka	grade	28573	393-2	SCH-grade-12427_cases.xml	0
kreNkita	kren3kita	kreṅkita	krenkita	grade	28575	393-2	SCH-grade-12427_cases.xml	0
krozwfka	kros2t2r2ka	kroṣṭṛka	kroṣṭṛka	grade	28576	393-2	SCH-grade-12427_cases.xml	0
klizwaGAtam	klis2t2agha1tam	kliṣṭaghātam	kliṣṭaghātam	grade	28578	393-3	SCH-grade-12427_cases.xml	0
kzatta	ks2atta	kṣatta	kṣatta	grade	28579	393-3	SCH-grade-12427_cases.xml	0
kzayAhan	ks2aya1han	kṣayāhan	kṣayāhan	grade	28580	393-3	SCH-grade-12427_cases.xml	0
kzurapramAlA	ks2uraprama1la1	kṣurapramālā	kṣurapramālā	grade	28584	393-3	SCH-grade-12427_cases.xml	0
kzetrADipati	ks2etra1dhipati	kṣetrādhipati	kṣetrādhipati	grade	28587	393-3	SCH-grade-12427_cases.xml	0
kzemarAtri	ks2emara1tri	kṣemarātri	kṣemarātri	grade	28590	393-3	SCH-grade-12427_cases.xml	0
kzoRIpa	ks2on2i1pa	kṣoṇīpa	kṣonīpa	grade	28591	393-3	SCH-grade-12427_cases.xml	0
Kacaya	khacaya	khacaya	khacaya	grade	28593	393-3	SCH-grade-12427_cases.xml	0
KaRqapraSasti	khan2d2apras4asti	khaṇḍapraśasti	khanḍapraśasti	grade	28594	393-3	SCH-grade-12427_cases.xml	0
KaRqaPulla	khan2d2aphulla	khaṇḍaphulla	khanḍaphulla	grade	28595	393-3	SCH-grade-12427_cases.xml	0
KaRqasaMGAtya	khan2d2asam2gha1tya	khaṇḍasaṃghātya	khanḍasanghātya	grade	28596	393-3	SCH-grade-12427_cases.xml	0
Kattaka	khattaka	khattaka	khattaka	grade	28597	393-3	SCH-grade-12427_cases.xml	0
KanyaDyakza	khanyadhyaks2a	khanyadhyakṣa	khanyadhyakṣa	grade	28599	393-3	SCH-grade-12427_cases.xml	0
KAtapOruza	kha1tapaurus2a	khātapauruṣa	khātapauruṣa	grade	28601	394-1	SCH-grade-12427_cases.xml	0
KilatA	khilata1	khilatā	khilatā	grade	28604	394-1	SCH-grade-12427_cases.xml	0
KecarIcakra	khecari1cakra	khecarīcakra	khecarīcakra	grade	28606	394-1	SCH-grade-12427_cases.xml	0
gaganagAminI	gaganaga1mini1	gaganagāminī	gaganagāminī	grade	28608	394-1	SCH-grade-12427_cases.xml	0
gatagara	gatagara	gatagara	gatagara	grade	28614	394-1	SCH-grade-12427_cases.xml	0
ganDasuKa	gandhasukha	gandhasukha	gandhasukha	grade	28616	394-1	SCH-grade-12427_cases.xml	0
gamBIriman	gambhi1riman	gambhīriman	gambhīriman	grade	28617	394-1	SCH-grade-12427_cases.xml	0
gartApUrI	garta1pu1ri1	gartāpūrī	gartāpūrī	grade	28618	394-1	SCH-grade-12427_cases.xml	0
gardaBadanta	gardabhadanta	gardabhadanta	gardabhadanta	grade	28619	394-1	SCH-grade-12427_cases.xml	0
garBastamBa	garbhastambha	garbhastambha	garbhastambha	grade	28621	394-1	SCH-grade-12427_cases.xml	0
galiNga	galin3ga	galiṅga	galinga	grade	28622	394-1	SCH-grade-12427_cases.xml	0
gAqarAraGawwa	Ga1d2ara1raghat2t2a	gāḍarāraghaṭṭa	gāḍarāraghaṭṭa	grade	28625	394-2	SCH-grade-12427_cases.xml	0
giRigiRat	gin2igin2at	giṇigiṇat	giniginat	grade	28628	394-2	SCH-grade-12427_cases.xml	0
giriDArin	Giridha1rin	giridhārin	giridhārin	grade	28629	394-2	SCH-grade-12427_cases.xml	0
giriSAgAra	giris4a1ga1ra	giriśāgāra	giriśāgāra	grade	28630	394-2	SCH-grade-12427_cases.xml	0
gItarasikA	Gi1tarasika1	gītarasikā	gītarasikā	grade	28631	394-2	SCH-grade-12427_cases.xml	0
guptavfttyA	guptavr2ttya1	guptavṛttyā	guptavṛttyā	grade	28632	394-2	SCH-grade-12427_cases.xml	0
guptisTAna	guptistha1na	guptisthāna	guptisthāna	grade	28634	394-2	SCH-grade-12427_cases.xml	0
gUQAjIva	gu1d2ha1ji1va	gūḍhājīva	gūḍhājīva	grade	28637	394-2	SCH-grade-12427_cases.xml	0
gUQAjIvin	gu1d2ha1ji1vin	gūḍhājīvin	gūḍhājīvin	grade	28638	394-2	SCH-grade-12427_cases.xml	0
goRqita	gon2d2ita	goṇḍita	gonḍita	grade	28639	394-2	SCH-grade-12427_cases.xml	0
gotrajA	gotraja1	gotrajā	gotrajā	grade	28640	394-2	SCH-grade-12427_cases.xml	0
gonaSa	Gonas4a	gonaśa	gonaśa	grade	28642	394-2	SCH-grade-12427_cases.xml	0
grahagati	grahagati	grahagati	grahagati	grade	28649	394-3	SCH-grade-12427_cases.xml	0
grEveyakarma	graiveyakarma	graiveyakarma	graiveyakarma	grade	28651	394-3	SCH-grade-12427_cases.xml	0
GawaSatAyate	ghat2as4ata1y(ate)	ghaṭaśatāyate	ghaṭaśatāyate	grade	28653	394-3	SCH-grade-12427_cases.xml	0
GawAyate	ghat2a1y(ate)	ghaṭāyate	ghaṭāyate	grade	28654	394-3	SCH-grade-12427_cases.xml	0
GawikAgfha	ghat2ika1gr2ha	ghaṭikāgṛha	ghaṭikāgṛha	grade	28656	394-3	SCH-grade-12427_cases.xml	0
caRquka	can2d2uka	caṇḍuka	canḍuka	grade	28665	394-3	SCH-grade-12427_cases.xml	0
catuHsarika	catuh2sarika	catuḥsarika	catuḥsarika	grade	28666	394-3	SCH-grade-12427_cases.xml	0
catvAriMSatkulI	catva1rim2s4atkuli1	catvāriṃśatkulī	catvārinśatkulī	grade	28667	394-3	SCH-grade-12427_cases.xml	0
camarikA	Camarika1	camarikā	camarikā	grade	28671	395-1	SCH-grade-12427_cases.xml	0
carmacakzus	carmacaks2us	carmacakṣus	carmacakṣus	grade	28675	395-1	SCH-grade-12427_cases.xml	0
calatpraBuj	calatprabhuj	calatprabhuj	calatprabhuj	grade	28676	395-1	SCH-grade-12427_cases.xml	0
calAcalatA	cala1calata1	calācalatā	calācalatā	grade	28678	395-1	SCH-grade-12427_cases.xml	0
caulAdevI	Cau0la1devi1	caulādevī	caulādevī	grade	28679	395-1	SCH-grade-12427_cases.xml	0
cauliNga	Cau0lin3ga	cauliṅga	caulinga	grade	28680	395-1	SCH-grade-12427_cases.xml	0
cANgadeva	Ca1n3gadeva	cāṅgadeva	cāngadeva	grade	28681	395-1	SCH-grade-12427_cases.xml	0
cAturyatA	ca1turyata1	cāturyatā	cāturyatā	grade	28682	395-1	SCH-grade-12427_cases.xml	0
cAdiga	Ca1diga	cādiga	cādiga	grade	28683	395-1	SCH-grade-12427_cases.xml	0
cArarAtri	ca1rara1tri	cārarātri	cārarātri	grade	28685	395-1	SCH-grade-12427_cases.xml	0
cAviga	Ca1viga	cāviga	cāviga	grade	28686	395-1	SCH-grade-12427_cases.xml	0
cAhaqa	Ca1had2a	cāhaḍa	cāhaḍa	grade	28687	395-1	SCH-grade-12427_cases.xml	0
cittaraNga	cittaran3ga	cittaraṅga	cittaranga	grade	28689	395-1	SCH-grade-12427_cases.xml	0
citrakasidDi	citrakasiddhi	citrakasiddhi	citrakasiddhi	grade	28690	395-1	SCH-grade-12427_cases.xml	0
citrakArin	citraka1rin	citrakārin	citrakārin	grade	28691	395-1	SCH-grade-12427_cases.xml	0
citrapadAti	citrapada1ti	citrapadāti	citrapadāti	grade	28692	395-1	SCH-grade-12427_cases.xml	0
cintAyikatva	cinta1yikatva	cintāyikatva	cintāyikatva	grade	28693	395-1	SCH-grade-12427_cases.xml	0
culukanIya	culukani1ya	culukanīya	culukanīya	grade	28694	395-1	SCH-grade-12427_cases.xml	0
culhI	culhi1	culhī	culhī	grade	28696	395-1	SCH-grade-12427_cases.xml	0
cetam	cetam2 cetam	cetam	cetam	grade	28697	395-1	SCH-grade-12427_cases.xml	0
cetanAcetanika	cetana1cetanika	cetanācetanika	cetanācetanika	grade	28698	395-2	SCH-grade-12427_cases.xml	0
cEtyaSalAkA	caityas4ala1ka1	caityaśalākā	caityaśalākā	grade	28699	395-2	SCH-grade-12427_cases.xml	0
CattraSilA	chattras4ila1	chattraśilā	chattraśilā	grade	28700	395-2	SCH-grade-12427_cases.xml	0
CalaGAtin	chalagha1tin	chalaghātin	chalaghātin	grade	28701	395-2	SCH-grade-12427_cases.xml	0
jagadISitar	jagadi1s4itar	jagadīśitar	jagadīśitar	grade	28702	395-2	SCH-grade-12427_cases.xml	0
jaNGAgra	jan3gha1gra	jaṅghāgra	janghāgra	grade	28703	395-2	SCH-grade-12427_cases.xml	0
janakfSa	janakr2s4a	janakṛśa	janakṛśa	grade	28704	395-2	SCH-grade-12427_cases.xml	0
janiBft	janibhr2t	janibhṛt	janibhṛt	grade	28705	395-2	SCH-grade-12427_cases.xml	0
jayataladevI	Jayataladevi1	jayataladevī	jayataladevī	grade	28706	395-2	SCH-grade-12427_cases.xml	0
jalajanetra	jalajanetra	jalajanetra	jalajanetra	grade	28708	395-2	SCH-grade-12427_cases.xml	0
jahnujA	Jahnuja1	jahnujā	jahnujā	grade	28711	395-2	SCH-grade-12427_cases.xml	0
jANgulIvid	ja1n3guli1vid	jāṅgulīvid	jāngulīvid	grade	28713	395-2	SCH-grade-12427_cases.xml	0
jAnakIjAni	Ja1naki1ja1ni	jānakījāni	jānakījāni	grade	28714	395-2	SCH-grade-12427_cases.xml	0
jAbAlipura	Ja1ba1lipura	jābālipura	jābālipura	grade	28715	395-2	SCH-grade-12427_cases.xml	0
jitakASitA	jitaka1s4ita1	jitakāśitā	jitakāśitā	grade	28718	395-2	SCH-grade-12427_cases.xml	0
jIrRaBuj	ji1rn2abhuj	jīrṇabhuj	jīrnabhuj	grade	28719	395-2	SCH-grade-12427_cases.xml	0
jyotizkendra	jyotis2kendra	jyotiṣkendra	jyotiṣkendra	grade	28723	395-2	SCH-grade-12427_cases.xml	0
JaRaJaRat	jhan2ajhan2at	jhaṇajhaṇat	jhanajhanat	grade	28724	395-2	SCH-grade-12427_cases.xml	0
JolikAvihAra	Jholika1viha1ra	jholikāvihāra	jholikāvihāra	grade	28725	395-3	SCH-grade-12427_cases.xml	0
waMkArayati	t2am2ka1ray(ati)	ṭaṃkārayati	ṭankārayati	grade	28726	395-3	SCH-grade-12427_cases.xml	0
qamPa	d2ampha	ḍampha	ḍampha	grade	28727	395-3	SCH-grade-12427_cases.xml	0
QaNkaSAlA	d2han3kas4a1la1	ḍhaṅkaśālā	ḍhankaśālā	grade	28728	395-3	SCH-grade-12427_cases.xml	0
taraRitanUjA	taran2itanu1ja1	taraṇitanūjā	taranitanūjā	grade	28731	395-3	SCH-grade-12427_cases.xml	0
tarRakapAla	tarn2akapa1la	tarṇakapāla	tarnakapāla	grade	28732	395-3	SCH-grade-12427_cases.xml	0
tArADipAsyA	ta1ra1dhipa1sya1	tārādhipāsyā	tārādhipāsyā	grade	28734	395-3	SCH-grade-12427_cases.xml	0
tAlApacAra	ta1la1paca1ra	tālāpacāra	tālāpacāra	grade	28735	395-3	SCH-grade-12427_cases.xml	0
tigmatviz	tigmatvis2	tigmatviṣ	tigmatviṣ	grade	28736	395-3	SCH-grade-12427_cases.xml	0
tirojanapada	tirojanapada	tirojanapada	tirojanapada	grade	28737	395-3	SCH-grade-12427_cases.xml	0
tuhinagirinandinI	tuhinagirinandini1	tuhinagirinandinī	tuhinagirinandinī	grade	28739	395-3	SCH-grade-12427_cases.xml	0
tfRAvartaka	Tr2n2a1vartaka	tṛṇāvartaka	tṛnāvartaka	grade	28740	395-3	SCH-grade-12427_cases.xml	0
tfzRAvArin	tr2s2n2a1va1rin	tṛṣṇāvārin	tṛṣnāvārin	grade	28741	395-3	SCH-grade-12427_cases.xml	0
toqara	Tod2ara	toḍara	toḍara	grade	28742	395-3	SCH-grade-12427_cases.xml	0
tridivati	tridiva(ti)	tridivati	tridivati	grade	28743	395-3	SCH-grade-12427_cases.xml	0
danutanuja	Danutanuja	danutanuja	danutanuja	grade	28746	395-3	SCH-grade-12427_cases.xml	0
dalatA	dalata1	dalatā	dalatā	grade	28747	395-3	SCH-grade-12427_cases.xml	0
daSamitA	das4amita1	daśamitā	daśamitā	grade	28748	396-1	SCH-grade-12427_cases.xml	0
daSAsyatA	Das4a1syata1	daśāsyatā	daśāsyatā	grade	28749	396-1	SCH-grade-12427_cases.xml	0
daSAsyArAti	Das4a1sya1ra1ti	daśāsyārāti	daśāsyārāti	grade	28750	396-1	SCH-grade-12427_cases.xml	0
dAvapAvaka	da1vapa1vaka	dāvapāvaka	dāvapāvaka	grade	28751	396-2	SCH-grade-12427_cases.xml	0
dAsati	da1sa(ti)	dāsati	dāsati	grade	28752	396-2	SCH-grade-12427_cases.xml	0
dUradUzaRa	du1radu1s2an2a	dūradūṣaṇa	dūradūṣana	grade	28753	396-2	SCH-grade-12427_cases.xml	0
dfgaMSa	dr2gam2s4a	dṛgaṃśa	dṛganśa	grade	28754	396-3	SCH-grade-12427_cases.xml	0
acArmaRa	aca1rman2a	acārmaṇa	acārmana	pw-comparison	708	010-3	SCH-pw-comparison_319_cases.xml	0
aDyAsanA	adhya1sana1	adhyāsanā	adhyāsanā	pw-comparison	1883	026-1	SCH-pw-comparison_319_cases.xml	0
anapaspfS	a4napaspr2s4	anapaspṛś	anapaspṛś	pw-comparison	2117	029-1	SCH-pw-comparison_319_cases.xml	0
anOkaha	anaukaha	anaukaha	anaukaha	pw-comparison	2989	041-1	SCH-pw-comparison_319_cases.xml	0
apatrapizRutA	apatrapis2n2uta1	apatrapiṣṇutā	apatrapiṣnutā	pw-comparison	3292	045-2	SCH-pw-comparison_319_cases.xml	0
apahastayate	apahastayate	apahastayate	apahastayate	pw-comparison	3539	048-3	SCH-pw-comparison_319_cases.xml	0
apratna	apratna	apratna	apratna	pw-comparison	3794	052-1	SCH-pw-comparison_319_cases.xml	0
aBiSrAva	abhis4ra1va4	abhiśrāva	abhiśrāva	pw-comparison	4194	057-3	SCH-pw-comparison_319_cases.xml	0
avAcAwa	ava1ca1t2a	avācāṭa	avācāṭa	pw-comparison	5476	075-1	SCH-pw-comparison_319_cases.xml	0
aSana	as4ana	aśana	aśana	pw-comparison	5795	079-2	SCH-pw-comparison_319_cases.xml	0
aSiSvidAna	as4is4vida1na	aśiśvidāna	aśiśvidāna	pw-comparison	5835	080-1	SCH-pw-comparison_319_cases.xml	0
aSri	as4ri	aśri	aśri	pw-comparison	5894	080-3	SCH-pw-comparison_319_cases.xml	0
aSvasani	as4vasa4ni	aśvasani	aśvasani	pw-comparison	5946	081-3	SCH-pw-comparison_319_cases.xml	0
asutyajatva	asutyajatva	asutyajatva	asutyajatva	pw-comparison	6283	086-2	SCH-pw-comparison_319_cases.xml	0
asfgvarA	asr2gvara1	asṛgvarā	asṛgvarā	pw-comparison	6317	086-3	SCH-pw-comparison_319_cases.xml	0
ahivalli	ahivalli	ahivalli	ahivalli	pw-comparison	6490	089-1	SCH-pw-comparison_319_cases.xml	0
ahIraRI	ahi1ran2i1	ahīraṇī	ahīranī	pw-comparison	6500	089-2	SCH-pw-comparison_319_cases.xml	0
Akekakaraka	a1kekakaraka	ākekakaraka	ākekakaraka	pw-comparison	6585	090-2	SCH-pw-comparison_319_cases.xml	0
AvESika	a1vais4ika	āvaiśika	āvaiśika	pw-comparison	7417	101-2	SCH-pw-comparison_319_cases.xml	0
ASuSukzaRI	a1s4us4uks2an2i1	āśuśukṣaṇī	āśuśukṣanī	pw-comparison	7464	102-1	SCH-pw-comparison_319_cases.xml	0
ASuSukziRi	a1s4us4uks2in2i	āśuśukṣiṇi	āśuśukṣini	pw-comparison	7465	102-1	SCH-pw-comparison_319_cases.xml	0
utkASa	utka1s4a	utkāśa	utkāśa	pw-comparison	8004	110-1	SCH-pw-comparison_319_cases.xml	0
uparispfS	uparispr24s4	uparispṛś	uparispṛś	pw-comparison	8636	118-3	SCH-pw-comparison_319_cases.xml	0
upAMSudaRqa	upa1m2s4udan2d2a	upāṃśudaṇḍa	upānśudanḍa	pw-comparison	8719	119-3	SCH-pw-comparison_319_cases.xml	0
ekadfS	ekadr2s4	ekadṛś	ekadṛś	pw-comparison	9077	124a-3	SCH-pw-comparison_319_cases.xml	0
OccEHSravasa	auccaih2s4ravasa4	auccaiḥśravasa	auccaiḥśravasa	pw-comparison	9371	129-1	SCH-pw-comparison_319_cases.xml	0
OpaveSi	au4paves4i	aupaveśi	aupaveśi	pw-comparison	9405	129-3	SCH-pw-comparison_319_cases.xml	0
kaRqelagacCa	Kan2d2elagaccha	kaṇḍelagaccha	kanḍelagaccha	pw-comparison	9624	132-3	SCH-pw-comparison_319_cases.xml	0
karaRwa	karan2t2a	karaṇṭa	karanṭa	pw-comparison	9837	135-3	SCH-pw-comparison_319_cases.xml	0
kAtyayinI	ka1tyayini1	kātyayinī	kātyayinī	pw-comparison	10319	142-2	SCH-pw-comparison_319_cases.xml	0
kAtreyaka	ka1treyaka	kātreyaka	kātreyaka	pw-comparison	10320	142-2	SCH-pw-comparison_319_cases.xml	0
kAdambI	ka1dambi1	kādambī	kādambī	pw-comparison	10323	142-2	SCH-pw-comparison_319_cases.xml	0
kAmarupin	ka1marupi4n	kāmarupin	kāmarupin	pw-comparison	10372	143-1	SCH-pw-comparison_319_cases.xml	0
kAlAgaru	ka1la1garu	kālāgaru	kālāgaru	pw-comparison	10522	145-1	SCH-pw-comparison_319_cases.xml	0
kiMsAru	kim2sa1ru	kiṃsāru	kinsāru	pw-comparison	10603	146-2	SCH-pw-comparison_319_cases.xml	0
kurupiSaNgila	kurupis4an3gila4	kurupiśaṅgila	kurupiśangila	pw-comparison	10916	150-3	SCH-pw-comparison_319_cases.xml	0
kUbari	ku1bari	kūbari	kūbari	pw-comparison	11083	152-3	SCH-pw-comparison_319_cases.xml	0
kUrcasTAna	ku1rcastha1na	kūrcasthāna	kūrcasthāna	pw-comparison	11090	153-1	SCH-pw-comparison_319_cases.xml	0
koSa	kos4a	kośa	kośa	pw-comparison	11409	157-1	SCH-pw-comparison_319_cases.xml	0
koSalikA	kos4alika1	kośalikā	kośalikā	pw-comparison	11414	157-1	SCH-pw-comparison_319_cases.xml	0
KurulI	khuruli1	khurulī	khurulī	pw-comparison	11929	164-2	SCH-pw-comparison_319_cases.xml	0
gajapippali	gajapippali	gajapippali	gajapippali	pw-comparison	11976	164a-3	SCH-pw-comparison_319_cases.xml	0
gaRatiTi	gan2atithi	gaṇatithi	ganatithi	pw-comparison	12017	165-1	SCH-pw-comparison_319_cases.xml	0
gaRqamasUra	gan2d2amasu1ra	gaṇḍamasūra	ganḍamasūra	pw-comparison	12055	165-3	SCH-pw-comparison_319_cases.xml	0
garvaBARqa	garvabha1n2d2a	garvabhāṇḍa	garvabhānḍa	pw-comparison	12201	167-3	SCH-pw-comparison_319_cases.xml	0
galakandalI	galakandali1	galakandalī	galakandalī	pw-comparison	12206	168-1	SCH-pw-comparison_319_cases.xml	0
giriSaya	giris4aya4	giriśaya	giriśaya	pw-comparison	12305	169-2	SCH-pw-comparison_319_cases.xml	0
gurUcI	guru1ci1	gurūcī	gurūcī	pw-comparison	12378	170-2	SCH-pw-comparison_319_cases.xml	0
gOraKura	gaurakhura	gaurakhura	gaurakhura	pw-comparison	12594	173-2	SCH-pw-comparison_319_cases.xml	0
gOrArdra	gaura1rdra	gaurārdra	gaurārdra	pw-comparison	12599	173-3	SCH-pw-comparison_319_cases.xml	0
GaNGa	ghan3gha	ghaṅgha	ghangha	pw-comparison	12687	175-1	SCH-pw-comparison_319_cases.xml	0
GoRa	ghon2a	ghoṇa	ghona	pw-comparison	12806	176-3	SCH-pw-comparison_319_cases.xml	0
cIwI	ci1t2i1	cīṭī	cīṭī	pw-comparison	13362	184-1	SCH-pw-comparison_319_cases.xml	0
cIvariRI	ci1varin2i1	cīvariṇī	cīvarinī	pw-comparison	13371	184-1	SCH-pw-comparison_319_cases.xml	0
copawa	copat2a	copaṭa	copaṭa	pw-comparison	13466	185-3	SCH-pw-comparison_319_cases.xml	0
jaGanePala	jaghanephala	jaghanephala	jaghanephala	pw-comparison	13605	188-1	SCH-pw-comparison_319_cases.xml	0
jalakarin	jalakarin	jalakarin	jalakarin	pw-comparison	13745	189-3	SCH-pw-comparison_319_cases.xml	0
jANgalIvid	ja1n3gali1vid	jāṅgalīvid	jāngalīvid	pw-comparison	13825	190-3	SCH-pw-comparison_319_cases.xml	0
jihmyamAna	jihmyama1na	jihmyamāna	jihmyamāna	pw-comparison	13918	192-1	SCH-pw-comparison_319_cases.xml	0
taNkaka	tan3kaka	taṅkaka	tankaka	pw-comparison	14174	196-1	SCH-pw-comparison_319_cases.xml	0
taNkita	tan3kita	taṅkita	tankita	pw-comparison	14175	196-1	SCH-pw-comparison_319_cases.xml	0
taqattaqiti	tad2attad2(iti)	taḍattaḍiti	taḍattaḍiti	pw-comparison	14195	196-1	SCH-pw-comparison_319_cases.xml	0
tAqinI	ta1d2ini1	tāḍinī	tāḍinī	pw-comparison	14433	199-2	SCH-pw-comparison_319_cases.xml	0
tAmalipti	Ta1malipti	tāmalipti	tāmalipti	pw-comparison	14467	200-1	SCH-pw-comparison_319_cases.xml	0
tArakarAja	ta1rakara1ja	tārakarāja	tārakarāja	pw-comparison	14489	200-2	SCH-pw-comparison_319_cases.xml	0
tilapiSla	tilapis4la	tilapiśla	tilapiśla	pw-comparison	14609	201-3	SCH-pw-comparison_319_cases.xml	0
trivizwiDatu	trivis2t2idhatu	triviṣṭidhatu	triviṣṭidhatu	pw-comparison	14956	206-1	SCH-pw-comparison_319_cases.xml	0
triSara	tris4ara	triśara	triśara	pw-comparison	14966	206-2	SCH-pw-comparison_319_cases.xml	0
dARqAjinaka	da1n2d2a1jinaka	dāṇḍājinaka	dānḍājinaka	pw-comparison	15261	210-3	SCH-pw-comparison_319_cases.xml	0
duHpravftti	duh2pravr2tti	duḥpravṛtti	duḥpravṛtti	pw-comparison	15446	213-1	SCH-pw-comparison_319_cases.xml	0
dora	dora	dora	dora	pw-comparison	15737	217-1	SCH-pw-comparison_319_cases.xml	0
DUlIkadambAyate	dhu1li1kadamba1y(ate)	dhūlīkadambāyate	dhūlīkadambāyate	pw-comparison	16212	224-1	SCH-pw-comparison_319_cases.xml	0
Doritika	dhoritika	dhoritika	dhoritika	pw-comparison	16233	224-2	SCH-pw-comparison_319_cases.xml	0
nibirISa	nibiri1s4a	nibirīśa	nibirīśa	pw-comparison	16798	232-2	SCH-pw-comparison_319_cases.xml	0
nirlvayinI	nirlvayini1	nirlvayinī	nirlvayinī	pw-comparison	16982	234-3	SCH-pw-comparison_319_cases.xml	0
netratriBAga	netratribha1ga	netratribhāga	netratribhāga	pw-comparison	17315	239-1	SCH-pw-comparison_319_cases.xml	0
padyAbanDa	padya1bandha	padyābandha	padyābandha	pw-comparison	17744	245-1	SCH-pw-comparison_319_cases.xml	0
pariDUsaratA	paridhu1sarata1	paridhūsaratā	paridhūsaratā	pw-comparison	17923	247-3	SCH-pw-comparison_319_cases.xml	0
pARqyakavAwaka	Pa1n2d2yakava1t2aka	pāṇḍyakavāṭaka	pānḍyakavāṭaka	pw-comparison	18286	252-3	SCH-pw-comparison_319_cases.xml	0
pikapriya	pikapriya	pikapriya	pikapriya	pw-comparison	18456	255-1	SCH-pw-comparison_319_cases.xml	0
pItapAda	pi1tapa1da	pītapāda	pītapāda	pw-comparison	18585	256-3	SCH-pw-comparison_319_cases.xml	0
puzpacCidra	pus2pacchidra	puṣpacchidra	puṣpacchidra	pw-comparison	18772	259-2	SCH-pw-comparison_319_cases.xml	0
puzpabawu	pus2pabat2u	puṣpabaṭu	puṣpabaṭu	pw-comparison	18779	259-2	SCH-pw-comparison_319_cases.xml	0
pUgatiTi	pu1gatithi	pūgatithi	pūgatithi	pw-comparison	18811	259-3	SCH-pw-comparison_319_cases.xml	0
pfzwimAMsAdana	pr2s2t2ima1msa1dana	pṛṣṭimāṃsādana	pṛṣṭimānsādana	pw-comparison	18913	261-1	SCH-pw-comparison_319_cases.xml	0
prakzepaRI	praks2epan2i1	prakṣepaṇī	prakṣepanī	pw-comparison	19030	262-3	SCH-pw-comparison_319_cases.xml	0
baWarayati	bat2haray(ati)	baṭharayati	baṭharayati	pw-comparison	19980	275-3	SCH-pw-comparison_319_cases.xml	0
bappIha	bappi1ha	bappīha	bappīha	pw-comparison	20027	276-2	SCH-pw-comparison_319_cases.xml	0
bahitra	bahitra	bahitra	bahitra	pw-comparison	20098	277-2	SCH-pw-comparison_319_cases.xml	0
bisara	bisara	bisara	bisara	pw-comparison	20265	279-2	SCH-pw-comparison_319_cases.xml	0
bfhannaqA	Br2hannad2a1	bṛhannaḍā	bṛhannaḍā	pw-comparison	20317	280-2	SCH-pw-comparison_319_cases.xml	0
Basmamay	bhasmamay	bhasmamay	bhasmamay	pw-comparison	20513	283-1	SCH-pw-comparison_319_cases.xml	0
BuliNga	bhulin3ga	bhuliṅga	bhulinga	pw-comparison	20676	285-2	SCH-pw-comparison_319_cases.xml	0
BrAjizRutva	bhra1jis2n2utva	bhrājiṣṇutva	bhrājiṣnutva	pw-comparison	20821	287-3	SCH-pw-comparison_319_cases.xml	0
mAtfzvasreyI	ma1tr2s2vasreyi1	mātṛṣvasreyī	mātṛṣvasreyī	pw-comparison	21510	297-1	SCH-pw-comparison_319_cases.xml	0
mArdaNgI	ma1rdan3gi1	mārdaṅgī	mārdangī	pw-comparison	21614	298-2	SCH-pw-comparison_319_cases.xml	0
murajetar	Murajetar	murajetar	murajetar	pw-comparison	21839	301-3	SCH-pw-comparison_319_cases.xml	0
yaSaHpawaha	yas4ah2pat2aha	yaśaḥpaṭaha	yaśaḥpaṭaha	pw-comparison	22185	306-2	SCH-pw-comparison_319_cases.xml	0
rasAyus	rasa1yus	rasāyus	rasāyus	pw-comparison	22546	311-1	SCH-pw-comparison_319_cases.xml	0
romanTay	romanthay	romanthay	romanthay	pw-comparison	22753	314-2	SCH-pw-comparison_319_cases.xml	0
vanapriyA	vanapriya1	vanapriyā	vanapriyā	pw-comparison	23163	320-1	SCH-pw-comparison_319_cases.xml	0
varkaraka	varkaraka	varkaraka	varkaraka	pw-comparison	23244	321-2	SCH-pw-comparison_319_cases.xml	0
vAraRabUsA	va1ran2abu1sa1	vāraṇabūsā	vāranabūsā	pw-comparison	23525	325-2	SCH-pw-comparison_319_cases.xml	0
vAleyaka	va1leyaka	vāleyaka	vāleyaka	pw-comparison	23595	326-2	SCH-pw-comparison_319_cases.xml	0
vireya	vireya	vireya	vireya	pw-comparison	24069	332-2	SCH-pw-comparison_319_cases.xml	0
viSAKikA	vis4a1khika1	viśākhikā	viśākhikā	pw-comparison	24139	333-2	SCH-pw-comparison_319_cases.xml	0
viSruta	Vis4ruta	viśruta	viśruta	pw-comparison	24168	333-3	SCH-pw-comparison_319_cases.xml	0
vEyyAvftyakara	vaiyya1vr2tyakara	vaiyyāvṛtyakara	vaiyyāvṛtyakara	pw-comparison	24514	338-1	SCH-pw-comparison_319_cases.xml	0
Sakawi	s4akat2i	śakaṭi	śakaṭi	pw-comparison	24687	340-3	SCH-pw-comparison_319_cases.xml	0
SaNk	s4an3k	śaṅk	śank	pw-comparison	24718	340-3	SCH-pw-comparison_319_cases.xml	0
SamanasTala	s4amanasthala	śamanasthala	śamanasthala	pw-comparison	24812	342-1	SCH-pw-comparison_319_cases.xml	0
SalmalI	s4almali1	śalmalī	śalmalī	pw-comparison	24873	342-3	SCH-pw-comparison_319_cases.xml	0
SAlAvfka	s4a1la1vr2ka	śālāvṛka	śālāvṛka	pw-comparison	24974	344-1	SCH-pw-comparison_319_cases.xml	0
SUr	s4u1r	śūr	śūr	pw-comparison	25212	347-1	SCH-pw-comparison_319_cases.xml	0
SUrin	s4u1rin	śūrin	śūrin	pw-comparison	25217	347-1	SCH-pw-comparison_319_cases.xml	0
SfNgAwaka	s4r2n3ga1t2aka	śṛṅgāṭaka	śṛngāṭaka	pw-comparison	25231	347-1	SCH-pw-comparison_319_cases.xml	0
Sebala	s4ebala	śebala	śebala	pw-comparison	25254	347-2	SCH-pw-comparison_319_cases.xml	0
SyAmA	s4ya1ma1	śyāmā	śyāmā	pw-comparison	25313	348-1	SCH-pw-comparison_319_cases.xml	0
SreRIBU	s4ren2i1bhu1	śreṇībhū	śrenībhū	pw-comparison	25396	349-1	SCH-pw-comparison_319_cases.xml	0
saMGatiTi	sam2ghatithi	saṃghatithi	sanghatithi	pw-comparison	25646	352-2	SCH-pw-comparison_319_cases.xml	0
saMdehaDft	sam2dehadhr2t	saṃdehadhṛt	sandehadhṛt	pw-comparison	25798	354-2	SCH-pw-comparison_319_cases.xml	0
harzalIlaka	hars2ali1laka	harṣalīlaka	harṣalīlaka	pw-comparison	27483	376-3	SCH-pw-comparison_319_cases.xml	0
hudukA	huduka1	hudukā	hudukā	pw-comparison	27610	378-2	SCH-pw-comparison_319_cases.xml	0
AhicCatraka	A1hicchatraka	āhicchatraka	āhicchatraka	pw-comparison	28195	388-2	SCH-pw-comparison_319_cases.xml	0
kambikA	kambika1	kambikā	kambikā	pw-comparison	28394	391-1	SCH-pw-comparison_319_cases.xml	0
kAMsyakAraka	ka1m2syaka1raka	kāṃsyakāraka	kānsyakāraka	pw-comparison	28441	391-3	SCH-pw-comparison_319_cases.xml	0
tAlApacAra	ta1la1paca1ra	tālāpacāra	tālāpacāra	pw-comparison	28735	395-3	SCH-pw-comparison_319_cases.xml	0
anftapaSu	anr2tapas4u4	anṛtapaśu	anṛtapaśu	zu-betonen	2948	040-3	SCH-zu betonen-83_cases.xml	0
apsavyA	apsavya13	apsavyā	apsavyā	zu-betonen	3884	053-3	SCH-zu betonen-83_cases.xml	0
aBirodDAr	abhiroddha1r	abhiroddhār	abhiroddhār	zu-betonen	4156	057-2	SCH-zu betonen-83_cases.xml	0
arasayitAr	arasayita1r	arasayitār	arasayitār	zu-betonen	4747	064-3	SCH-zu betonen-83_cases.xml	0
aSezas	as4e4s2as	aśeṣas	aśeṣas	zu-betonen	5862	080-2	SCH-zu betonen-83_cases.xml	0
AticCandaSa	a1ticchandas4a	āticchandaśa	āticchandaśa	zu-betonen	6811	093-2	SCH-zu betonen-83_cases.xml	0
AzwApada	a1s2t2a1pada	āṣṭāpada	āṣṭāpada	zu-betonen	7487	102-2	SCH-zu betonen-83_cases.xml	0
caturdaSAkzara	ca4turdas4a1ks2ara	caturdaśākṣara	caturdaśākṣara	zu-betonen	12963	178-3	SCH-zu betonen-83_cases.xml	0
caturviMSatyaha	caturvim2s4atyaha4	caturviṃśatyaha	caturvinśatyaha	zu-betonen	12985	179-1	SCH-zu betonen-83_cases.xml	0
cedI	cedi1	cedī	cedī	zu-betonen	13441	185-2	SCH-zu betonen-83_cases.xml	0
pratyekarUpa	pra4tyekaru1pa	pratyekarūpa	pratyekarūpa	zu-betonen	19409	268-1	SCH-zu betonen-83_cases.xml	0
anapaspfS	a4napaspr2s4	anapaspṛś	anapaspṛś	zu-betonen	2117	029-1	SCH-zu betonen-83_cases.xml	0
aBiSrAva	abhis4ra1va4	abhiśrāva	abhiśrāva	zu-betonen	4194	057-3	SCH-zu betonen-83_cases.xml	0
aSana	as4ana	aśana	aśana	zu-betonen	5795	079-2	SCH-zu betonen-83_cases.xml	0
aSri	as4ri	aśri	aśri	zu-betonen	5894	080-3	SCH-zu betonen-83_cases.xml	0
aSvasani	as4vasa4ni	aśvasani	aśvasani	zu-betonen	5946	081-3	SCH-zu betonen-83_cases.xml	0
uparispfS	uparispr24s4	uparispṛś	uparispṛś	zu-betonen	8636	118-3	SCH-zu betonen-83_cases.xml	0
OccEHSravasa	auccaih2s4ravasa4	auccaiḥśravasa	auccaiḥśravasa	zu-betonen	9371	129-1	SCH-zu betonen-83_cases.xml	0
OpaveSi	au4paves4i	aupaveśi	aupaveśi	zu-betonen	9405	129-3	SCH-zu betonen-83_cases.xml	0
kAmarupin	ka1marupi4n	kāmarupin	kāmarupin	zu-betonen	10372	143-1	SCH-zu betonen-83_cases.xml	0
kurupiSaNgila	kurupis4an3gila4	kurupiśaṅgila	kurupiśangila	zu-betonen	10916	150-3	SCH-zu betonen-83_cases.xml	0
giriSaya	giris4aya4	giriśaya	giriśaya	zu-betonen	12305	169-2	SCH-zu betonen-83_cases.xml	0
trivizwiDatu	trivis2t2idhatu	triviṣṭidhatu	triviṣṭidhatu	zu-betonen	14956	206-1	SCH-zu betonen-83_cases.xml	0
aRika	an2ika	aṇika	anika	zu-lesen	898	013-2	SCH-zu-lesen_181_cases.xml	0
ativigrahin	ativigrahin	ativigrahin	ativigrahin	zu-lesen	1248	017-3	SCH-zu-lesen_181_cases.xml	0
adAyAd	a4da1ya1d	adāyād	adāyād	zu-lesen	1535	021-2	SCH-zu-lesen_181_cases.xml	0
anantAnubanDaka	ananta1nubandhaka	anantānubandhaka	anantānubandhaka	zu-lesen	2057	028-2	SCH-zu-lesen_181_cases.xml	0
anAraByavigarhita	ana1rabhyavigarhita	anārabhyavigarhita	anārabhyavigarhita	zu-lesen	2396	033-1	SCH-zu-lesen_181_cases.xml	0
antarAvedi	antara1vedi	antarāvedi	antarāvedi	zu-lesen	3041	041-3	SCH-zu-lesen_181_cases.xml	0
apakarzaRIya	apakars2an2i1ya	apakarṣaṇīya	apakarṣanīya	zu-lesen	3233	044-2	SCH-zu-lesen_181_cases.xml	0
aparADavant	apara1dhavant	aparādhavant	aparādhavant	zu-lesen	3376	046-2	SCH-zu-lesen_181_cases.xml	0
apAduka	apa1duka	apāduka	apāduka	zu-lesen	3568	049-1	SCH-zu-lesen_181_cases.xml	0
amBaHSyAmAka	ambhah2s4ya1ma1ka	ambhaḥśyāmāka	ambhaḥśyāmāka	zu-lesen	4584	062-2	SCH-zu-lesen_181_cases.xml	0
avazwamBanatA	avas2t2ambhanata1	avaṣṭambhanatā	avaṣṭambhanatā	zu-lesen	5418	074-1	SCH-zu-lesen_181_cases.xml	0
aSakyasamucCeda	as4akyasamuccheda	aśakyasamuccheda	aśakyasamuccheda	zu-lesen	5787	079-2	SCH-zu-lesen_181_cases.xml	0
aSvaprapadana	as4vaprapadana	aśvaprapadana	aśvaprapadana	zu-lesen	5935	081-2	SCH-zu-lesen_181_cases.xml	0
Ajyota	a1jyota	ājyota	ājyota	zu-lesen	6759	092-2	SCH-zu-lesen_181_cases.xml	0
Awopitam	a1t2opitam	āṭopitam	āṭopitam	zu-lesen	6773	092-3	SCH-zu-lesen_181_cases.xml	0
ASokeya	A1s4okeya	āśokeya	āśokeya	zu-lesen	7468	102-1	SCH-zu-lesen_181_cases.xml	0
idaMkavi	idam2kavi	idaṃkavi	idankavi	zu-lesen	7625	104a-3	SCH-zu-lesen_181_cases.xml	0
indrapASa	indrapa1s4a	indrapāśa	indrapāśa	zu-lesen	7688	105-3	SCH-zu-lesen_181_cases.xml	0
kacolaka	kacolaka	kacolaka	kacolaka	zu-lesen	9485	130-3	SCH-zu-lesen_181_cases.xml	0
KalaKalA	khalakhala1	khalakhalā	khalakhalā	zu-lesen	11878	163-2	SCH-zu-lesen_181_cases.xml	0
gozWaSva	gos2t2has4va	goṣṭhaśva	goṣṭhaśva	zu-lesen	12571	173-1	SCH-zu-lesen_181_cases.xml	0
gOpyatattva	gaupyatattva	gaupyatattva	gaupyatattva	zu-lesen	12590	173-2	SCH-zu-lesen_181_cases.xml	0
jAnuBaYjanI	ja1nubhan5jani1	jānubhañjanī	jānubhanjanī	zu-lesen	13863	191-2	SCH-zu-lesen_181_cases.xml	0
QuRQika	d2hun2d2hika	ḍhuṇḍhika	ḍhunḍhika	zu-lesen	14159	195-3	SCH-zu-lesen_181_cases.xml	0
trivallIbanDa	trivalli1bandha	trivallībandha	trivallībandha	zu-lesen	14948	206-1	SCH-zu-lesen_181_cases.xml	0
trivelI	triveli1	trivelī	trivelī	zu-lesen	14960	206-2	SCH-zu-lesen_181_cases.xml	0
daSaraTalalitAvrata	das4arathalalita1vrata	daśarathalalitāvrata	daśarathalalitāvrata	zu-lesen	15223	210-1	SCH-zu-lesen_181_cases.xml	0
dAvadahanajvAlAkalApAy	da1vadahanajva1la1kala1pa1y	dāvadahanajvālākalāpāy	dāvadahanajvālākalāpāy	zu-lesen	15319	211-2	SCH-zu-lesen_181_cases.xml	0
dvivfntAyate	dvivr2nta1y(ate)	dvivṛntāyate	dvivṛntāyate	zu-lesen	15945	220-1	SCH-zu-lesen_181_cases.xml	0
nipAnI	nipa1ni1	nipānī	nipānī	zu-lesen	16791	232-1	SCH-zu-lesen_181_cases.xml	0
nisamIkzA	nisami1ks2a1	nisamīkṣā	nisamīkṣā	zu-lesen	17173	237-1	SCH-zu-lesen_181_cases.xml	0
pAllIkya	pa1lli1kya	pāllīkya	pāllīkya	zu-lesen	18436	254-3	SCH-zu-lesen_181_cases.xml	0
BUyaSCandika	bhu1yas4chandika	bhūyaśchandika	bhūyaśchandika	zu-lesen	20727	286-1	SCH-zu-lesen_181_cases.xml	0
BUyastvA	[bhu1yastva1]	bhūyastvā	bhūyastvā	zu-lesen	20729	286-1	SCH-zu-lesen_181_cases.xml	0
majman	majma4n	majman	majman	zu-lesen	20883	288-2	SCH-zu-lesen_181_cases.xml	0
maRimantaka	Man2imantaka	maṇimantaka	manimantaka	zu-lesen	20920	289-1	SCH-zu-lesen_181_cases.xml	0
yuyutsutA	yuyutsuta1	yuyutsutā	yuyutsutā	zu-lesen	22270	307-3	SCH-zu-lesen_181_cases.xml	0
vijfmBi	vijr2mbhi	vijṛmbhi	vijṛmbhi	zu-lesen	23747	328-2	SCH-zu-lesen_181_cases.xml	0
viwapi	vit2api	viṭapi	viṭapi	zu-lesen	23764	328-3	SCH-zu-lesen_181_cases.xml	0
vinodaradi	vinodaradi	vinodaradi	vinodaradi	zu-lesen	23917	330-3	SCH-zu-lesen_181_cases.xml	0
Sabalita	s4abalita	śabalita	śabalita	zu-lesen	24799	341-3	SCH-zu-lesen_181_cases.xml	0
SabdaprAS	s4abdapra1s4	śabdaprāś	śabdaprāś	zu-lesen	24804	341-3	SCH-zu-lesen_181_cases.xml	0
Sri	s4ri	śri	śri	zu-lesen	25358	348-3	SCH-zu-lesen_181_cases.xml	0
saMsneha	sam2sneha	saṃsneha	sansneha	zu-lesen	25548	351-2	SCH-zu-lesen_181_cases.xml	0
sadayatA	sadayata1	sadayatā	sadayatā	zu-lesen	25729	353-3	SCH-zu-lesen_181_cases.xml	0
samudrakaleKaka	samudrakalekhaka	samudrakalekhaka	samudrakalekhaka	zu-lesen	26063	358-1	SCH-zu-lesen_181_cases.xml	0
saMprezyA	sam2pres2ya1	saṃpreṣyā	sampreṣyā	zu-lesen	26117	358-3	SCH-zu-lesen_181_cases.xml	0
sarvaDarmapraveSamudra	sarvadharmapraves4amudra	sarvadharmapraveśamudra	sarvadharmapraveśamudra	zu-lesen	26236	360-3	SCH-zu-lesen_181_cases.xml	0
sArDuka	sa1rdhuka	sārdhuka	sārdhuka	zu-lesen	26485	364-1	SCH-zu-lesen_181_cases.xml	0
sUtrakaNkawa	su1trakan3kat2a	sūtrakaṅkaṭa	sūtrakankaṭa	zu-lesen	26898	369-1	SCH-zu-lesen_181_cases.xml	0
sTapateya	sthapateya	sthapateya	sthapateya	zu-lesen	27103	371-3	SCH-zu-lesen_181_cases.xml	0
svApateSadiS	sva1pates4adis4	svāpateśadiś	svāpateśadiś	zu-lesen	27363	375-2	SCH-zu-lesen_181_cases.xml	0
avakrayin	avakrayin	avakrayin	avakrayin	zu-lesen	27989	385-2	SCH-zu-lesen_181_cases.xml	0
AnESvarya	a1nais4varya	ānaiśvarya	ānaiśvarya	zu-lesen	28122	387-2	SCH-zu-lesen_181_cases.xml	0
kawAhikA	kat2a1hika1	kaṭāhikā	kaṭāhikā	zu-lesen	28365	390-3	SCH-zu-lesen_181_cases.xml	0
daSamitA	das4amita1	daśamitā	daśamitā	zu-lesen	28748	396-1	SCH-zu-lesen_181_cases.xml	0
