{
  "n_lemmas": 1316,
  "base_rate": 0.49772036474164133,
  "aucs": {
    "0 size": 0.6995576907530807,
    "A lemma-genre": 0.7160490120220345,
    "B sense-genre": 0.7101165248120475,
    "A+B": 0.7139575706482199
  },
  "delta_B_minus_A": -0.0060867460748013505,
  "delta_ci95": [
    -0.02023491126070345,
    0.008676999215066723
  ],
  "verdict": "INCONCLUSIVE",
  "per_genre_lift": {
    "veda": {
      "pure_OR": 1.0556282466133367,
      "pure_OR_ci95": [
        0.8413411926698591,
        1.3244935642717508
      ],
      "union_OR": 1.1426159401535598,
      "n_pure": 456,
      "n_union": 647
    },
    "kavya": {
      "pure_OR": 3.3323398436130303,
      "pure_OR_ci95": [
        2.2798416980397795,
        4.870728017159531
      ],
      "union_OR": 2.8599791013584115,
      "n_pure": 153,
      "n_union": 390
    },
    "epic": {
      "pure_OR": 1.2574003995985599,
      "pure_OR_ci95": [
        0.9935303480920153,
        1.5913512535846457
      ],
      "union_OR": 1.560248429094196,
      "n_pure": 398,
      "n_union": 634
    },
    "sastra": {
      "pure_OR": 2.170867029517452,
      "pure_OR_ci95": [
        1.543921403012537,
        3.0523986847066578
      ],
      "union_OR": 1.9138159204562755,
      "n_pure": 166,
      "n_union": 395
    },
    "purana": {
      "pure_OR": 3.1003908610039086,
      "pure_OR_ci95": [
        2.087334061475916,
        4.605119836064854
      ],
      "union_OR": 3.393334916947179,
      "n_pure": 136,
      "n_union": 375
    },
    "kosha": {
      "pure_OR": 3.54986378112889,
      "pure_OR_ci95": [
        1.7676508036342637,
        7.128971875362563
      ],
      "union_OR": 2.6330353341847594,
      "n_pure": 45,
      "n_union": 145
    }
  }
}