hw_slp1	iast	src	pwk_L	pwk_pc	also_pwkvn	body_chars	mahavy	mahavy_refs	mw_stem_variant	mw_near	corr_n	corr_n_ex_mw72	corr_dicts	dcs_lemma	dcs_form	verdict	rec_score	recommendation	review_note
ABIrapallikA	ābhīrapallikā	pw	15098.1	1-179-a	0	23	0		0		2	2	lrv;pwg	0	0	confirmed-missing	4	add	
ABizikta	ābhiṣikta	pw	15090	1-178-c	0	56	0		0	aBizikta:1.000	2	2	pwg;vcp	0	0	confirmed-missing	2	add-check	vowel-length/case variant of MW headword 'aBizikta' (fold-twin - same lexeme or distinct word needs eyes)
ADAraRamudra	ādhāraṇamudra	pw	214115	7-318-a	1	118	1	21	0		1	1	sch	0	0	confirmed-missing	5	check	
ADArmika	ādhārmika	pw	14553	1-172-a	0	54	0		0	ADarmika:1.000	2	2	bur;pwg	0	0	confirmed-missing	2	add-check	vowel-length/case variant of MW headword 'ADarmika' (fold-twin - same lexeme or distinct word needs eyes)
AKAta	ākhāta	pw	206732	5-248-c	1	76	0		0	aKAta:1.000	9	8	armh;bur;lrv;mw72;pwg;sch;shs;wil;yat	0	0	confirmed-missing	17	add-check	vowel-length/case variant of MW headword 'aKAta' (fold-twin - same lexeme or distinct word needs eyes)
AKaRqayitar	ākhaṇḍayitar	pw	13549	1-160-b	0	70	0		0		1	1	pwg	0	0	confirmed-missing	3	check	
AKuPalA	ākhuphalā	pw	13574	1-160-c	0	119	0		0		1	1	ap	0	0	confirmed-missing	3	check	
AKunaKI	ākhunakhī	pw	13571	1-160-c	0	81	0		0		0	0		0	0	confirmed-missing	1	low-priority	
APUka	āphūka	pw	15032.1	1-178-b	0	23	0		0		4	3	lrv;mw72;pwg;vcp	1	0	confirmed-missing	10	add	
AQakIPala	āḍhakīphala	pw	14007	1-165-c	0	60	0		0		0	0		0	0	confirmed-missing	0	low-priority	
AQyaMBAvuka	āḍhyaṃbhāvuka	pw	14016.1	1-165-c	0	23	0		0	AQyamBAvuka:1.000	4	4	ap;ap90;lrv;sch	0	0	confirmed-missing	6	add-check	vowel-length/case variant of MW headword 'AQyamBAvuka' (fold-twin - same lexeme or distinct word needs eyes)
AQyaMBavizRu	āḍhyaṃbhaviṣṇu	pw	14016	1-165-c	0	78	0		0	AQyamBavizRu:1.000	4	4	ap;ap90;lrv;pwg	0	0	confirmed-missing	7	add-check	vowel-length/case variant of MW headword 'AQyamBavizRu' (fold-twin - same lexeme or distinct word needs eyes)
ARavay	āṇavay	pw	206759	5-248-c	1	129	0		0		2	2	pwg;sch	0	0	confirmed-missing	5	add	
ARipratyARInirhArayoga	āṇipratyāṇīnirhārayoga	pw	214004	7-317-c	1	81	1	245,460	0		0	0		0	0	confirmed-missing	3	low-priority	
ARqIra	āṇḍīra	pw	14034	1-166-a	1	50	0		0	aRqIra:1.000	11	10	ap;lrv;mw72;pui;pwg;sch;shs;stc;vcp;wil;yat	0	0	confirmed-missing	20	add-check	vowel-length/case variant of MW headword 'aRqIra' (fold-twin - same lexeme or distinct word needs eyes)
ARqIvant	āṇḍīvant	pw	14035.1	1-166-a	0	23	0		0	ARqIvat:0.933	0	0		0	0	confirmed-missing	-2	low-priority	false-friend near form 'ARqIvat' (0.933) - different word, omission stands
ARqIvata	āṇḍīvata	pw	14035	1-166-a	0	87	0		0	ARqIvat:0.933	2	2	pwg;vcp	0	0	confirmed-missing	3	add-check	false-friend near form 'ARqIvat' (0.933) - different word, omission stands
ARqavant	āṇḍavant	pw	206761	5-248-c	1	108	0		0		2	2	pwg;sch	0	0	confirmed-missing	5	add	
ASApurasaMBava	āśāpurasaṃbhava	pw	16100	1-190-c	0	81	0		0	ASApurasamBava:1.000	0	0		0	0	confirmed-missing	-1	low-priority	vowel-length/case variant of MW headword 'ASApurasamBava' (fold-twin - same lexeme or distinct word needs eyes)
AScary	āścary	pw	16181	1-191-b	0	53	0		1	AScarya:0.923	2	2	pwg;sch	0	0	variant-form-in-MW	2	add-check	false-friend near form 'AScarya' (0.923) - different word, omission stands
ASmaBArika	āśmabhārika	pw	16193	1-191-c	0	87	0		0		2	2	ap;pwg	0	0	confirmed-missing	5	add	
ASmaki	āśmaki	pw	16190	1-191-c	0	67	0		0	aSmakI:1.000	1	1	pwg	0	0	confirmed-missing	1	check	vowel-length/case variant of MW headword 'aSmakI' (fold-twin - same lexeme or distinct word needs eyes)
ASmanya	āśmanya	pw	16192	1-191-c	0	52	0		0	asAmanya:0.933	2	2	pwg;vcp	0	0	confirmed-missing	2	add-check	false-friend near form 'asAmanya' (0.933) - different word, omission stands
ASudDya	āśuddhya	pw	16157	1-191-b	0	64	0		0	aSudDa:0.923	0	0		0	0	confirmed-missing	-1	low-priority	false-friend near form 'aSudDa' (0.923) - different word, omission stands
ASukarman	āśukarman	pw	16147	1-191-a	0	66	0		0	aSrukarman:0.947	1	1	pwg	0	0	confirmed-missing	1	check	false-friend near form 'aSrukarman' (0.947) - different word, omission stands
ASvAvatAna	āśvāvatāna	pw	16269	1-192-c	0	80	0		0	aSvAvatAna:1.000	2	2	pwg;vcp	0	0	confirmed-missing	3	add-check	vowel-length/case variant of MW headword 'aSvAvatAna' (fold-twin - same lexeme or distinct word needs eyes)
ASvatTIya	āśvatthīya	pw	16247	1-192-b	0	56	0		0	aSvatTIya:1.000	1	1	pwg	0	0	confirmed-missing	0	check	vowel-length/case variant of MW headword 'aSvatTIya' (fold-twin - same lexeme or distinct word needs eyes)
ASvatTikIya	āśvatthikīya	pw	16246	1-192-b	0	60	0		0		0	0		0	0	confirmed-missing	0	low-priority	
AYjanikya	āñjanikya	pw	13965	1-165-b	0	76	0		0	AjAnikya:0.941	2	2	pwg;vcp	0	0	confirmed-missing	3	add-check	false-friend near form 'AjAnikya' (0.941) - different word, omission stands
AcArAtikrama	ācārātikrama	pw	13794	1-163-b	0	69	0		0		2	2	armh;pwg	0	0	confirmed-missing	5	add	
AcCAdanaPala	ācchādanaphala	pw	13831	1-163-c	0	84	0		0		0	0		0	0	confirmed-missing	1	low-priority	
AcCowa	ācchoṭa	pw	13838	1-164-a	0	92	0		0		1	1	sch	0	0	confirmed-missing	3	check	
AdIDyaka	ādīdhyaka	pw	14486	1-171-b	0	98	0		0		1	1	pwg	1	0	confirmed-missing	5	check	
AdIDyana	ādīdhyana	pw	14486.1	1-171-b	0	23	0		0	aDIyAna:0.933	0	0		1	0	confirmed-missing	0	low-priority	false-friend near form 'aDIyAna' (0.933) - different word, omission stands
AdarSamuKa	ādarśamukha	pw	214068	7-317-d	1	115	1	167	0		2	2	bhs;sch	1	0	confirmed-missing	9	add	
AdeSanAprAtihArya	ādeśanāprātihārya	pw	214097	7-318-a	1	146	1	16	0		1	1	sch	0	0	confirmed-missing	5	check	
Adftatva	ādṛtatva	pw	206785	5-249-a	1	107	0		0		1	1	sch	0	0	confirmed-missing	3	check	
Adivfkza	ādivṛkṣa	pw	14474	1-171-a	0	89	0		0		0	0		0	0	confirmed-missing	1	low-priority	
AdyavasAna	ādyavasāna	pw	14519	1-171-c	0	102	0		0	aDyavasAna:1.000	0	0		0	0	confirmed-missing	-1	low-priority	vowel-length/case variant of MW headword 'aDyavasAna' (fold-twin - same lexeme or distinct word needs eyes)
AgnimAruti	āgnimāruti	pw	13675	1-161-c	0	97	0		1	agnimAruti:1.000	0	0		0	0	variant-form-in-MW	-1	low-priority	vowel-length/case variant of MW headword 'agnimAruti' (fold-twin - same lexeme or distinct word needs eyes)
Ahananavant	āhananavant	pw	16521	1-196-b	0	71	0		0		1	1	pwg	0	0	confirmed-missing	3	check	
AharacelA	āharacelā	pw	16526.1	1-196-b	0	23	0		0		1	1	ap	0	0	confirmed-missing	2	check	
AhicCattrIya	āhicchattrīya	pw	16559	1-196-c	0	62	0		0		0	0		0	0	confirmed-missing	1	low-priority	
Ahikam	āhikam	pw	16556	1-196-c	0	40	0		1		2	1	mw72;pwg	0	1	variant-form-in-MW	2	add-check	
AhitTa	āhittha	pw	16567	1-197-a	0	53	0		0		1	1	pwg	0	0	confirmed-missing	2	check	
Ahvaray	āhvaray	pw	16614	1-197-b	0	73	0		0	Ahvara:0.923	1	1	pwg	0	0	confirmed-missing	1	check	false-friend near form 'Ahvara' (0.923) - different word, omission stands
AjYApanIya	ājñāpanīya	pw	213978	7-317-b	1	112	1	20,27	0		1	1	sch	0	0	confirmed-missing	5	check	
AjYeya	ājñeya	pw	213980	7-317-b	1	90	1	20	0	ajYeya:1.000	2	2	bhs;sch	0	0	confirmed-missing	5	add-check	vowel-length/case variant of MW headword 'ajYeya' (fold-twin - same lexeme or distinct word needs eyes)
AjakarORa	ājakarauṇa	pw	13845	1-164-a	0	73	0		0	AjakaroRa:1.000	1	1	pwg	0	0	confirmed-missing	1	check	vowel-length/case variant of MW headword 'AjakaroRa' (fold-twin - same lexeme or distinct word needs eyes)
AjinIya	ājinīya	pw	13895	1-164-b	0	52	0		0		2	2	pwg;vcp	0	0	confirmed-missing	4	add	
AkASAsaNgavimuktinirupalepa	ākāśāsaṅgavimuktinirupalepa	pw	213861	7-316-c	1	133	1	21	0		2	2	bhs;sch	0	0	confirmed-missing	7	add	
AkASajananin	ākāśajananin	pw	13412	1-158-c	0	60	0		0	AkASajananI:0.957	5	5	ap;pwg;shs;wil;yat	0	0	confirmed-missing	8	add-check	probable orthographic doublet of MW headword 'AkASajananI' (0.957)
AkASapawala	ākāśapaṭala	pw	13415	1-159-a	0	67	0		0		0	0		0	0	confirmed-missing	1	low-priority	
AkASasParaRa	ākāśaspharaṇa	pw	213859	7-316-c	1	118	1	21	0		2	2	bhs;sch	0	0	confirmed-missing	7	add	
AkArABinirhAra	ākārābhinirhāra	pw	213849	7-316-c	1	100	0		0		2	2	bhs;sch	0	0	confirmed-missing	5	add	
AkArAnapakAra	ākārānapakāra	pw	213848	7-316-c	1	119	1	21	0		1	1	sch	0	0	confirmed-missing	5	check	
AkArakaraBa	ākārakarabha	pw	13390	1-158-c	0	71	0		0		1	1	sch	1	1	confirmed-missing	5	check	
AkArika	ākārika	pw	13394	1-158-c	0	65	0		0	Akarika:1.000	1	1	pwg	0	0	confirmed-missing	1	check	vowel-length/case variant of MW headword 'Akarika' (fold-twin - same lexeme or distinct word needs eyes)
AkalI	ākalī	pw	13370	1-158-b	0	74	0		1	akali:1.000	0	0		0	0	variant-form-in-MW	-1	low-priority	vowel-length/case variant of MW headword 'akali' (fold-twin - same lexeme or distinct word needs eyes)
Akampya	ākampya	pw	213834	7-316-b	1	113	1	24	0	akampya:1.000	2	2	bhs;sch	0	0	confirmed-missing	5	add-check	vowel-length/case variant of MW headword 'akampya' (fold-twin - same lexeme or distinct word needs eyes)
AkarAkara	ākarākara	pw	13352	1-158-a	0	69	0		0	akzarakara:0.947	0	0		0	0	confirmed-missing	-1	low-priority	false-friend near form 'akzarakara' (0.947) - different word, omission stands
AkaraRA	ākaraṇā	pw	13350.1	1-158-a	0	23	0		0	AkAraRA:1.000	1	1	ap90	0	0	confirmed-missing	0	check	vowel-length/case variant of MW headword 'AkAraRA' (fold-twin - same lexeme or distinct word needs eyes)
AkaraRa	ākaraṇa	pw	13350	1-158-a	0	95	0		0	AkAraRa:1.000	2	1	mw72;pwg	0	0	confirmed-missing	3	add-check	vowel-length/case variant of MW headword 'AkAraRa' (fold-twin - same lexeme or distinct word needs eyes)
Akfzwimant	ākṛṣṭimant	pw	213868	7-316-c	1	99	1	143	0	Akfzwiman:0.947	2	2	bhs;sch	0	0	confirmed-missing	5	add-check	false-friend near form 'Akfzwiman' (0.947) - different word, omission stands
AlabDI	ālabdhī	pw	15790.1	1-186-c	0	23	0		1		0	0		0	0	variant-form-in-MW	-2	low-priority	
AlabDi	ālabdhi	pw	15790	1-186-c	0	74	0		1		2	2	pwg;vcp	0	0	variant-form-in-MW	3	add-check	
AlajI	ālajī	pw	15785.1	1-186-c	0	23	0		1	Alaji:1.000	0	0		0	0	variant-form-in-MW	-2	low-priority	vowel-length/case variant of MW headword 'Alaji' (fold-twin - same lexeme or distinct word needs eyes)
AlakzI	ālakṣī	pw	15783.1	1-186-c	0	23	0		1	Alakzi:1.000	0	0		0	0	variant-form-in-MW	-2	low-priority	vowel-length/case variant of MW headword 'Alakzi' (fold-twin - same lexeme or distinct word needs eyes)
Alasyavant	ālasyavant	pw	206813	5-249-b	1	95	0		0	Alasyavat:0.947	1	1	sch	0	0	confirmed-missing	1	check	false-friend near form 'Alasyavat' (0.947) - different word, omission stands
AliNgi	āliṅgi	pw	15850	1-187-c	0	92	0		1	AliNgin:0.923	0	0		0	1	variant-form-in-MW	-1	low-priority	false-friend near form 'AliNgin' (0.923) - different word, omission stands
Alindaka	ālindaka	pw	15856.1	1-187-c	0	23	0		0	alindaka:1.000	3	3	pwg;sch;stc	0	0	confirmed-missing	4	add-check	vowel-length/case variant of MW headword 'alindaka' (fold-twin - same lexeme or distinct word needs eyes)
AmIla	āmīla	pw	15203	1-180-a	0	76	0		1		1	1	pwg	0	0	variant-form-in-MW	1	check	
AmaGnI	āmaghnī	pw	15130	1-179-b	0	66	0		0		0	0		1	1	confirmed-missing	3	low-priority	
Amala	āmala	pw	15168	1-179-c	0	81	0		0	amala:1.000	2	2	pwg;sch	1	0	confirmed-missing	5	add-check	vowel-length/case variant of MW headword 'amala' (fold-twin - same lexeme or distinct word needs eyes)
Amantrayitar	āmantrayitar	pw	15145	1-179-b	0	78	0		0		1	1	pwg	0	0	confirmed-missing	3	check	
AmapattrikA	āmapattrikā	pw	15150	1-179-c	0	77	0		0		0	0		0	0	confirmed-missing	1	low-priority	
AmiDI	āmidhī	pw	15193	1-180-a	0	129	0		0		0	0		0	0	confirmed-missing	1	low-priority	
AmizakiMcitka	āmiṣakiṃcitka	pw	214234	7-319-a	1	138	1	261,26	0		1	1	sch	0	0	confirmed-missing	5	check	
AmraganDaDfk	āmragandhadhṛk	pw	15248.2	1-180-c	0	23	0		0		0	0		0	0	confirmed-missing	0	low-priority	
AmraganDaDft	āmragandhadhṛt	pw	15248.3	1-180-c	0	23	0		0		0	0		0	0	confirmed-missing	0	low-priority	
AmraganDakft	āmragandhakṛt	pw	15248.1	1-180-c	0	23	0		0		0	0		0	0	confirmed-missing	0	low-priority	
AmratIrTa	āmratīrtha	pw	214246	7-319-a	1	115	1	167	0		2	2	bhs;sch	0	0	confirmed-missing	7	add	
AmuzyakulIna	āmuṣyakulīna	pw	15213	1-180-a	0	42	0		0		1	1	vcp	0	0	confirmed-missing	2	check	
Amuzyakulaka	āmuṣyakulaka	pw	15212	1-180-a	0	115	0		0		3	2	mw72;pwg;vcp	0	0	confirmed-missing	7	add	
Amuzyaputraka	āmuṣyaputraka	pw	15214	1-180-a	0	115	0		0	AmuzyaputrikA:0.923	1	1	pwg	0	0	confirmed-missing	1	check	false-friend near form 'AmuzyaputrikA' (0.923) - different word, omission stands
AnApAnasmfti	ānāpānasmṛti	pw	214136	7-318-b	1	121	1	53	0		1	1	sch	0	0	confirmed-missing	5	check	
Anaki	ānaki	pw	14611	1-172-c	0	34	0		1		0	0		0	0	variant-form-in-MW	-2	low-priority	
Anayuga	ānayuga	pw	14697	1-173-c	0	57	0		0		1	1	pwg	0	0	confirmed-missing	2	check	
AntarAhati	āntarāhati	pw	14811	1-175-a	0	105	0		0		0	0		0	0	confirmed-missing	1	low-priority	
AntarIpa	āntarīpa	pw	14813	1-175-a	0	69	0		0	antarIpa:1.000	0	0		0	0	confirmed-missing	-1	low-priority	vowel-length/case variant of MW headword 'antarIpa' (fold-twin - same lexeme or distinct word needs eyes)
Anulepika	ānulepika	pw	14768	1-174-b	0	58	0		0	anulepikA:1.000	4	4	ap;ap90;pwg;vcp	0	0	confirmed-missing	6	add-check	vowel-length/case variant of MW headword 'anulepikA' (fold-twin - same lexeme or distinct word needs eyes)
Anumati	ānumati	pw	14759	1-174-b	0	102	0		1	anumati:1.000	0	0		0	0	variant-form-in-MW	-1	low-priority	vowel-length/case variant of MW headword 'anumati' (fold-twin - same lexeme or distinct word needs eyes)
Anuseya	ānuseya	pw	14788	1-174-c	0	89	0		0	anusEnya:0.933	1	1	pwg	0	0	confirmed-missing	1	check	false-friend near form 'anusEnya' (0.933) - different word, omission stands
AnuzaRqaka	ānuṣaṇḍaka	pw	14780.1	1-174-c	0	23	0		0		0	0		0	0	confirmed-missing	0	low-priority	
ApAri	āpāri	pw	14929	1-177-a	0	95	0		0	apARi:1.000	0	0		0	0	confirmed-missing	-1	low-priority	vowel-length/case variant of MW headword 'apARi' (fold-twin - same lexeme or distinct word needs eyes)
Apaccika	āpaccika	pw	14852	1-176-b	0	69	0		0		3	3	ap;pwg;vcp	0	0	confirmed-missing	7	add	
Apakziti	āpakṣiti	pw	14849	1-176-b	0	102	0		0		2	2	pwg;vcp	0	0	confirmed-missing	5	add	
Apanika	āpanika	pw	14880	1-176-c	0	143	0		0	apAnika:1.000	7	6	lrv;mw72;pwg;shs;vcp;wil;yat	0	0	confirmed-missing	13	add-check	vowel-length/case variant of MW headword 'apAnika' (fold-twin - same lexeme or distinct word needs eyes)
ApiSalyA	āpiśalyā	pw	14942	1-177-a	0	52	0		0	ApiSala:0.933	0	0		0	0	confirmed-missing	-2	low-priority	false-friend near form 'ApiSala' (0.933) - different word, omission stands
ArAkara	ārākara	pw	15467	1-183-a	0	65	0		0	agrakara:0.933	0	0		0	0	confirmed-missing	-1	low-priority	false-friend near form 'agrakara' (0.933) - different word, omission stands
ArAmavallikA	ārāmavallikā	pw	15495	1-183-b	0	91	0		0		0	0		1	0	confirmed-missing	3	low-priority	
ArDadroRika	ārdhadroṇika	pw	15674.3	1-185-b	0	23	0		0	ArDadrORika:1.000	0	0		0	0	confirmed-missing	-2	low-priority	vowel-length/case variant of MW headword 'ArDadrORika' (fold-twin - same lexeme or distinct word needs eyes)
ArDapura	ārdhapura	pw	15679	1-185-c	0	80	0		0	arDapUrRa:0.941	1	1	pwg	0	0	confirmed-missing	1	check	false-friend near form 'arDapUrRa' (0.941) - different word, omission stands
ArDavAhanika	ārdhavāhanika	pw	15684	1-185-c	0	69	0		0		1	1	pwg	0	0	confirmed-missing	3	check	
ArDavAhika	ārdhavāhika	pw	15685	1-185-c	0	112	0		0		0	0		0	0	confirmed-missing	1	low-priority	
ArISvIya	ārīśvīya	pw	15514	1-183-c	0	81	0		0		0	0		0	0	confirmed-missing	1	low-priority	
ArIhaRaka	ārīhaṇaka	pw	15515	1-183-c	0	88	0		0		2	2	pwg;vcp	0	0	confirmed-missing	5	add	
AraRyamudrA	āraṇyamudrā	pw	15431	1-182-c	0	78	0		0		0	0		0	0	confirmed-missing	1	low-priority	
AragvAyanabanDakI	āragvāyanabandhakī	pw	15410	1-182-b	0	76	0		0		1	1	pwg	0	0	confirmed-missing	3	check	
ArambaRaka	ārambaṇaka	pw	214284	7-319-b	1	95	1	226	0		2	2	bhs;sch	0	0	confirmed-missing	7	add	
AramuKI	āramukhī	pw	15448	1-183-a	0	90	0		0		0	0		0	0	confirmed-missing	1	low-priority	
Araraka	āraraka	pw	15460	1-183-a	0	55	0		0	ararakA:1.000	1	1	pwg	0	0	confirmed-missing	0	check	vowel-length/case variant of MW headword 'ararakA' (fold-twin - same lexeme or distinct word needs eyes)
Ararakya	ārarakya	pw	15461	1-183-a	0	70	0		0	ararakA:0.933	1	1	pwg	0	0	confirmed-missing	1	check	false-friend near form 'ararakA' (0.933) - different word, omission stands
Arcana	ārcana	pw	15599	1-184-c	0	80	0		0	arcana:1.000	0	0		0	0	confirmed-missing	-1	low-priority	vowel-length/case variant of MW headword 'arcana' (fold-twin - same lexeme or distinct word needs eyes)
ArdrapadI	ārdrapadī	pw	15657	1-185-b	0	71	0		1		2	2	ap;vcp	0	0	variant-form-in-MW	3	add-check	
ArhantI	ārhantī	pw	15777	1-186-c	0	104	0		0	ahanti:0.923	4	4	ap;lrv;pwg;vcp	0	0	confirmed-missing	7	add-check	false-friend near form 'ahanti' (0.923) - different word, omission stands
Ari	āri	pw	214296	7-319-b	1	104	0		1	ARi:1.000	1	1	sch	0	0	variant-form-in-MW	1	check	vowel-length/case variant of MW headword 'ARi' (fold-twin - same lexeme or distinct word needs eyes); pratyayhara/short-form class (PWK lists grammatical elements MW does not headword)
AriSmIya	āriśmīya	pw	15511	1-183-c	0	82	0		0		1	1	pwg	0	0	confirmed-missing	3	check	
ArikA	ārikā	pw	15506	1-183-c	0	62	0		0		1	1	sch	0	0	confirmed-missing	3	check	
ArizwIya	āriṣṭīya	pw	15512	1-183-c	0	54	0		0		0	0		0	0	confirmed-missing	0	low-priority	
Arjawa	ārjaṭa	pw	15606	1-184-c	0	92	0		0		0	0		0	0	confirmed-missing	1	low-priority	
Arji	ārji	pw	15610	1-184-c	0	38	0		0		1	1	pwg	0	0	confirmed-missing	0	check	pratyayhara/short-form class (PWK lists grammatical elements MW does not headword)
ArjunAda	ārjunāda	pw	15614	1-184-c	0	133	0		0		0	0		0	0	confirmed-missing	1	low-priority	
ArjunAvaka	ārjunāvaka	pw	15617	1-184-c	0	75	0		0		1	1	pwg	0	0	confirmed-missing	3	check	
Arohavant	ārohavant	pw	15578	1-184-b	0	54	0		0		1	1	pwg	0	0	confirmed-missing	2	check	
AryaSis	āryaśis	pw	15739	1-186-b	0	66	0		0		1	1	pwg	0	0	confirmed-missing	3	check	
AryaSveta	āryaśveta	pw	15741	1-186-b	0	94	0		0	aryaSveta:1.000	1	1	pwg	0	0	confirmed-missing	1	check	vowel-length/case variant of MW headword 'aryaSveta' (fold-twin - same lexeme or distinct word needs eyes)
AryabrahmaviSezacittaparipfcCA	āryabrahmaviśeṣacittaparipṛcchā	pw	214332	7-319-c	1	115	1	65	0		1	1	sch	0	0	confirmed-missing	5	check	
AryasTAna	āryasthāna	pw	15749	1-186-b	0	67	0		0	AyasTAna:0.941	0	0		0	0	confirmed-missing	-1	low-priority	false-friend near form 'AyasTAna' (0.941) - different word, omission stands
ArzamBya	ārṣambhya	pw	15768	1-186-c	0	94	0		0	ArzaBya:0.933	0	0		0	0	confirmed-missing	-1	low-priority	false-friend near form 'ArzaBya' (0.933) - different word, omission stands
Arzika	ārṣika	pw	15769	1-186-c	0	68	0		0	Arzikya:0.923	1	1	pwg	0	0	confirmed-missing	1	check	false-friend near form 'Arzikya' (0.923) - different word, omission stands
AsParaRakasamADi	āspharaṇakasamādhi	pw	214470	7-320-c	1	131	1	67	0		2	2	bhs;sch	0	0	confirmed-missing	7	add	
Asevitin	āsevitin	pw	16425	1-195-a	0	59	0		0		1	1	pwg	0	0	confirmed-missing	2	check	
AsibanDaki	āsibandhaki	pw	16388.1	1-194-c	0	23	0		0		1	1	vcp	0	0	confirmed-missing	2	check	
AsrAyaRa	āsrāyaṇa	pw	16500	1-196-a	0	71	0		0	ASrayaRa:1.000	1	1	pwg	0	0	confirmed-missing	1	check	vowel-length/case variant of MW headword 'ASrayaRa' (fold-twin - same lexeme or distinct word needs eyes)
AstIkArTada	āstīkārthada	pw	16448	1-195-b	0	109	0		0	AstikArTada:1.000	0	0		0	0	confirmed-missing	-1	low-priority	vowel-length/case variant of MW headword 'AstikArTada' (fold-twin - same lexeme or distinct word needs eyes)
AsurAhati	āsurāhati	pw	16410	1-195-a	0	104	0		0		0	0		0	0	confirmed-missing	1	low-priority	
AsutIya	āsutīya	pw	16403	1-195-a	0	51	0		0		1	1	pwg	0	0	confirmed-missing	2	check	
Asutimant	āsutimant	pw	16402	1-195-a	0	68	0		0	Asutimat:0.941	1	1	pwg	0	0	confirmed-missing	1	check	false-friend near form 'Asutimat' (0.941) - different word, omission stands
AsyaPala	āsyaphala	pw	16488	1-196-a	0	86	0		0	ASApAla:0.933	0	0		0	0	confirmed-missing	-1	low-priority	false-friend near form 'ASApAla' (0.933) - different word, omission stands
Asyandanavant	āsyandanavant	pw	16484	1-196-a	0	63	0		0		0	0		0	0	confirmed-missing	1	low-priority	
Asyapuzpa	āsyapuṣpa	pw	16487	1-196-a	0	77	0		0		0	0		0	0	confirmed-missing	1	low-priority	
AtaNkaka	ātaṅkaka	pw	14040	1-166-a	0	61	0		0		0	0		0	0	confirmed-missing	1	low-priority	
Atapatraka	ātapatraka	pw	14054	1-166-b	0	53	0		0		4	4	pwg;shs;wil;yat	0	0	confirmed-missing	8	add	
AtapatrapattrA	ātapatrapattrā	pw	14055	1-166-b	0	88	0		0		0	0		0	0	confirmed-missing	1	low-priority	
AtaptakArin	ātaptakārin	pw	214011	7-317-c	1	106	1	98	0		2	2	bhs;sch	0	0	confirmed-missing	7	add	
AtiSvAyana	ātiśvāyana	pw	14098	1-166-c	0	57	0		0	AtisvAyana:1.000	2	2	pwg;vcp	0	0	confirmed-missing	2	add-check	vowel-length/case variant of MW headword 'AtisvAyana' (fold-twin - same lexeme or distinct word needs eyes)
Atmacintana	ātmacintana	pw	14148	1-167-b	0	72	0		0		0	0		0	0	confirmed-missing	1	low-priority	
AtmaganDaka	ātmagandhaka	pw	14140	1-167-b	0	69	0		0		0	0		0	0	confirmed-missing	1	low-priority	
AtmaganDiharidrA	ātmagandhiharidrā	pw	14141	1-167-b	0	92	0		0	AmraganDiharidrA:0.938	0	0		0	0	confirmed-missing	-1	low-priority	false-friend near form 'AmraganDiharidrA' (0.938) - different word, omission stands
AvAsita	āvāsita	pw	15974	1-189-b	0	67	0		0	Avasita:1.000	1	1	pwg	0	0	confirmed-missing	1	check	vowel-length/case variant of MW headword 'Avasita' (fold-twin - same lexeme or distinct word needs eyes)
AvAya	āvāya	pw	15969	1-189-b	0	58	0		0	Avaya:1.000	1	1	pwg	0	0	confirmed-missing	0	check	vowel-length/case variant of MW headword 'Avaya' (fold-twin - same lexeme or distinct word needs eyes)
AvantyaSmaka	āvantyaśmaka	pw	15909	1-188-b	0	147	0		0	avantyaSmaka:1.000	0	0		0	0	confirmed-missing	-1	low-priority	vowel-length/case variant of MW headword 'avantyaSmaka' (fold-twin - same lexeme or distinct word needs eyes)
AvapanizkirA	āvapaniṣkirā	pw	15912	1-188-b	0	84	0		0		2	2	pwg;vcp	0	0	confirmed-missing	5	add	
AvartamaRi	āvartamaṇi	pw	15941	1-188-c	0	95	0		0		0	0		1	1	confirmed-missing	3	low-priority	
AvartapUlikA	āvartapūlikā	pw	15940	1-188-c	0	95	0		0		0	0		0	0	confirmed-missing	1	low-priority	
AvawyAyanI	āvaṭyāyanī	pw	15897	1-188-a	0	69	0		0	avawyAyanI:1.000	0	0		0	0	confirmed-missing	-1	low-priority	vowel-length/case variant of MW headword 'avawyAyanI' (fold-twin - same lexeme or distinct word needs eyes)
AvayAsIya	āvayāsīya	pw	15922	1-188-b	0	104	0		0		0	0		0	0	confirmed-missing	1	low-priority	
AvayAtaka	āvayātaka	pw	15921	1-188-b	0	101	0		0		0	0		0	0	confirmed-missing	1	low-priority	
Avevyaka	āvevyaka	pw	16036	1-190-a	0	70	0		0		1	1	pwg	1	0	confirmed-missing	5	check	
AvezaRa	āveṣaṇa	pw	16041	1-190-a	0	71	0		0	anvezaRa:0.933	0	0		0	0	confirmed-missing	-1	low-priority	false-friend near form 'anvezaRa' (0.933) - different word, omission stands
AvizpIta	āviṣpīta	pw	16009	1-189-c	0	72	0		0		0	0		0	0	confirmed-missing	1	low-priority	
AwarUzaka	āṭarūṣaka	pw	13978.2	1-165-b	0	23	0		0		3	3	armh;sch;stc	1	1	confirmed-missing	8	add	
Awaru	āṭaru	pw	13978	1-165-b	0	106	0		0		0	0		0	0	confirmed-missing	1	low-priority	
Awavakayakza	āṭavakayakṣa	pw	213992	7-317-b	1	133	1	169	0		1	1	sch	0	0	confirmed-missing	5	check	
AyAvasIya	āyāvasīya	pw	15323	1-181-b	0	135	0		0		0	0		0	0	confirmed-missing	1	low-priority	
AyaHSulika	āyaḥśulika	pw	15306	1-181-b	0	108	0		0	AyaHSUlika:1.000	0	0		0	0	confirmed-missing	-1	low-priority	vowel-length/case variant of MW headword 'AyaHSUlika' (fold-twin - same lexeme or distinct word needs eyes)
AyuDi	āyudhi	pw	15345	1-181-c	0	114	0		1		0	0		0	1	variant-form-in-MW	-1	low-priority	
AyuDya	āyudhya	pw	15347	1-181-c	0	82	0		0	ayuDya:1.000	2	2	pwg;vcp	0	0	confirmed-missing	3	add-check	vowel-length/case variant of MW headword 'ayuDya' (fold-twin - same lexeme or distinct word needs eyes)
Ayuzay	āyuṣay	pw	15367	1-182-a	0	63	0		1	Ayuzaya:0.923	1	1	pwg	0	0	variant-form-in-MW	1	check	false-friend near form 'Ayuzaya' (0.923) - different word, omission stands
AzAQapUrvaja	āṣāḍhapūrvaja	pw	16290	1-193-a	0	73	0		0		0	0		0	0	confirmed-missing	1	low-priority	
AzwamAtura	āṣṭamātura	pw	16303	1-193-a	0	64	0		0		1	1	pwg	0	0	confirmed-missing	3	check	
Azwi	āṣṭi	pw	16306	1-193-a	0	64	0		0	azwi:1.000	1	1	pwg	0	0	confirmed-missing	1	check	vowel-length/case variant of MW headword 'azwi' (fold-twin - same lexeme or distinct word needs eyes); pratyayhara/short-form class (PWK lists grammatical elements MW does not headword)
BAHKara	bhāḥkhara	pw	79243	4-257-b	0	84	0		0	BAHkara:1.000	2	1	mw72;pwg	0	0	confirmed-missing	3	add-check	vowel-length/case variant of MW headword 'BAHkara' (fold-twin - same lexeme or distinct word needs eyes)
BAHPeru	bhāḥpheru	pw	79243.2	4-257-b	0	23	0		0		0	0		0	0	confirmed-missing	0	low-priority	
BAHkaraRa	bhāḥkaraṇa	pw	79241	4-257-a	0	57	0		0		1	1	pwg	0	0	confirmed-missing	2	check	
BAHpati	bhāḥpati	pw	79243.1	4-257-b	0	23	0		0	Bapati:0.923	0	0		0	0	confirmed-missing	-2	low-priority	false-friend near form 'Bapati' (0.923) - different word, omission stands
BARqalI	bhāṇḍalī	pw	79361.1	4-259-a	0	23	0		0		0	0		0	0	confirmed-missing	0	low-priority	
BARqala	bhāṇḍala	pw	79361	4-259-a	0	60	0		0		2	2	pwg;vcp	0	0	confirmed-missing	4	add	
BARqava	bhāṇḍava	pw	79362	4-259-a	0	53	0		0	BaRqatva:0.933	2	2	pwg;vcp	0	0	confirmed-missing	2	add-check	false-friend near form 'BaRqatva' (0.933) - different word, omission stands
BAgamAtar	bhāgamātar	pw	79267	4-257-c	0	77	0		0		1	1	pwg	0	0	confirmed-missing	3	check	
BAjanavant	bhājanavant	pw	79333	4-258-c	0	70	0		0	BAjanavat:0.947	1	1	pwg	0	0	confirmed-missing	1	check	false-friend near form 'BAjanavat' (0.947) - different word, omission stands
BAkuwa	bhākuṭa	pw	79244	4-257-b	0	64	0		0	BAkUwa:1.000	3	2	mw72;pwg;vcp	0	0	confirmed-missing	5	add-check	vowel-length/case variant of MW headword 'BAkUwa' (fold-twin - same lexeme or distinct word needs eyes)
BAnuBawwa	bhānubhaṭṭa	pw	79415	4-259-c	0	67	0		0		2	2	acc;pwg	0	0	confirmed-missing	5	add	
BAtkUwa	bhātkūṭa	pw	207986	5-262-b	1	104	0		0	BAkUwa:0.923	1	1	sch	0	0	confirmed-missing	1	check	false-friend near form 'BAkUwa' (0.923) - different word, omission stands
BAvaBawa	bhāvabhaṭa	pw	220158	7-365-b	1	120	1	177,7	0	BAvaBawwa:0.941	1	1	sch	0	0	confirmed-missing	3	check	false-friend near form 'BAvaBawwa' (0.941) - different word, omission stands
BUmant	bhūmant	pw	80491	4-278-b	0	52	0		0		2	2	pwg;sch	1	1	confirmed-missing	6	add	
BUmimant	bhūmimant	pw	80557	4-279-a	0	58	0		0	BUmimat:0.933	1	1	pwg	0	0	confirmed-missing	0	check	false-friend near form 'BUmimat' (0.933) - different word, omission stands
BUmisaMBavA	bhūmisaṃbhavā	pw	80571	4-279-b	0	75	0		0	BUmisamBavA:1.000	3	3	ap;lrv;pwg	0	0	confirmed-missing	5	add-check	vowel-length/case variant of MW headword 'BUmisamBavA' (fold-twin - same lexeme or distinct word needs eyes)
BUnetar	bhūnetar	pw	80449	4-277-c	0	53	0		0		1	1	pwg	0	0	confirmed-missing	2	check	
BaNkArI	bhaṅkārī	pw	78509	4-245-b	0	47	0		0	bakAri:0.923	8	7	ap;mw72;pwg;shs;skd;vcp;wil;yat	0	0	confirmed-missing	14	add-check	false-friend near form 'bakAri' (0.923) - different word, omission stands
BadrAyanIya	bhadrāyanīya	pw	78785.1	4-250-a	0	23	0		0	BadrayAnIya:1.000	0	0		0	0	confirmed-missing	-2	low-priority	vowel-length/case variant of MW headword 'BadrayAnIya' (fold-twin - same lexeme or distinct word needs eyes)
BadrAyana	bhadrāyana	pw	78785	4-250-a	0	101	0		0	BadrayAna:1.000	0	0		0	0	confirmed-missing	-1	low-priority	vowel-length/case variant of MW headword 'BadrayAna' (fold-twin - same lexeme or distinct word needs eyes)
BadramAtar	bhadramātar	pw	78725	4-249-b	0	56	0		0		1	1	pwg	0	0	confirmed-missing	2	check	
BallAtakI	bhallātakī	pw	79014.2	4-253-c	0	23	0		1		2	2	sch;skd	0	1	variant-form-in-MW	2	add-check	
Banda	bhanda	pw	207974	5-262-a	1	58	0		1	BAnda:1.000	2	2	sch;vcp	0	0	variant-form-in-MW	2	add-check	vowel-length/case variant of MW headword 'BAnda' (fold-twin - same lexeme or distinct word needs eyes)
Bar	bhar	pw	78865	4-251-c	0	95	0		1	BaR:1.000	4	4	ccs;fri;pwg;sch	0	0	variant-form-in-MW	7	add-check	vowel-length/case variant of MW headword 'BaR' (fold-twin - same lexeme or distinct word needs eyes); pratyayhara/short-form class (PWK lists grammatical elements MW does not headword)
BarS	bharś	pw	78989	4-253-b	0	54	0		0		2	1	mw72;pwg	0	0	confirmed-missing	2	add-check	pratyayhara/short-form class (PWK lists grammatical elements MW does not headword)
BaraRy	bharaṇy	pw	78879	4-252-a	0	51	0		1	BaraRya:0.923	1	1	pwg	0	0	variant-form-in-MW	0	check	false-friend near form 'BaraRya' (0.923) - different word, omission stands
Bedura	bhedura	pw	80888	4-283-c	0	50	0		0		8	7	ap90;lrv;mw72;pwg;shs;vcp;wil;yat	0	0	confirmed-missing	16	add	
BeraRqa	bheraṇḍa	pw	80898	4-283-c	0	65	0		0		4	4	ben;bhs;pwg;stc	0	0	confirmed-missing	9	add	
BfRIy	bhṛṇīy	pw	80820	4-282-b	0	52	0		1		1	1	pwg	0	0	variant-form-in-MW	0	check	
BfSI	bhṛśī	pw	80849	4-282-c	0	60	0		1	bfsI:1.000	1	1	pui	0	0	variant-form-in-MW	0	check	vowel-length/case variant of MW headword 'bfsI' (fold-twin - same lexeme or distinct word needs eyes); pratyayhara/short-form class (PWK lists grammatical elements MW does not headword)
BiRqamAla	bhiṇḍamāla	pw	79797	4-265-c	0	80	0		0		0	0		0	0	confirmed-missing	1	low-priority	
BiRqipAla	bhiṇḍipāla	pw	220167	7-365-b	1	91	1	238,33	0		2	2	bhs;sch	0	1	confirmed-missing	7	add	
Bikzy	bhikṣy	pw	79795	4-265-c	0	52	0		1		1	1	pwg	0	0	variant-form-in-MW	0	check	
BindamAla	bhindamāla	pw	79818.1	4-267-a	0	23	0		0		0	0		0	0	confirmed-missing	0	low-priority	
BindapAla	bhindapāla	pw	79818	4-267-a	0	73	0		0		5	4	bur;mw72;pwg;wil;yat	0	0	confirmed-missing	11	add	
BindumAla	bhindumāla	pw	79821	4-267-a	0	67	0		0		0	0		0	0	confirmed-missing	1	low-priority	
BizaNmAtar	bhiṣaṅmātar	pw	79884	4-267-c	0	130	0		0		1	1	pwg	0	0	confirmed-missing	3	check	
BogAvatI	bhogāvatī	pw	81027	4-285-b	0	71	0		0	BogavatI:1.000	1	1	pwg	0	0	confirmed-missing	1	check	vowel-length/case variant of MW headword 'BogavatI' (fold-twin - same lexeme or distinct word needs eyes)
Bogaka	bhogaka	pw	80993	4-285-a	0	64	0		0	BOgaka:1.000	2	2	pwg;vcp	1	0	confirmed-missing	5	add-check	vowel-length/case variant of MW headword 'BOgaka' (fold-twin - same lexeme or distinct word needs eyes)
Bojaduhitar	bhojaduhitar	pw	81053	4-285-c	0	79	0		0		1	1	pwg	0	0	confirmed-missing	3	check	
Bojam	bhojam	pw	81081	4-286-b	0	95	0		1		0	0		0	1	variant-form-in-MW	-1	low-priority	
BojyasaMBava	bhojyasaṃbhava	pw	81099	4-286-b	0	52	0		0	BojyasamBava:1.000	2	2	lrv;pwg	0	0	confirmed-missing	2	add-check	vowel-length/case variant of MW headword 'BojyasamBava' (fold-twin - same lexeme or distinct word needs eyes)
BrAtfSvara	bhrātṛśvara	pw	81272	4-289-c	0	70	0		0		0	0		0	0	confirmed-missing	1	low-priority	
BrAturjAyA	bhrāturjāyā	pw	81245	4-289-b	0	60	0		0		2	2	lrv;pwg	0	0	confirmed-missing	4	add	
BrAtuzputra	bhrātuṣputra	pw	81246	4-289-b	0	61	0		0		2	2	pwg;vcp	0	0	confirmed-missing	5	add	
BrENgarika	bhraiṅgarika	pw	81338	4-290-c	0	58	0		0		2	2	bhs;pwg	0	0	confirmed-missing	4	add	
BrUkuwi	bhrūkuṭi	pw	81314	4-290-b	0	73	0		1	BrUkuwI:1.000	7	7	ben;lrv;pwg;sch;shs;wil;yat	1	1	variant-form-in-MW	15	add-check	vowel-length/case variant of MW headword 'BrUkuwI' (fold-twin - same lexeme or distinct word needs eyes)
BrUkuwika	bhrūkuṭika	pw	220249	7-366-a	1	113	1	126,56	0		2	2	bhs;sch	0	0	confirmed-missing	7	add	
BraMSakalA	bhraṃśakalā	pw	81162	4-287-c	0	70	0		0		2	2	pwg;vcp	0	0	confirmed-missing	5	add	
BramAy	bhramāy	pw	81209	4-289-a	0	84	0		1	BramAya:0.923	1	1	pwg	0	0	variant-form-in-MW	1	check	false-friend near form 'BramAya' (0.923) - different word, omission stands
BramatkuwI	bhramatkuṭī	pw	81185	4-288-c	0	85	0		1	Bramatkuwi:1.000	9	9	ap;ben;lrv;pwg;shs;skd;vcp;wil;yat	0	0	variant-form-in-MW	17	add-check	vowel-length/case variant of MW headword 'Bramatkuwi' (fold-twin - same lexeme or distinct word needs eyes)
Braq	bhraḍ	pw	81177	4-288-a	0	48	0		0		1	1	pwg	0	0	confirmed-missing	0	check	pratyayhara/short-form class (PWK lists grammatical elements MW does not headword)
BujaMgadamaMnI	bhujaṃgadamaṃnī	pw	80071	4-270-c	0	75	0		0	BujaMgadamanI:0.963	0	0		0	0	confirmed-missing	-1	low-priority	probable orthographic doublet of MW headword 'BujaMgadamanI' (0.963)
Buktvasuhita	bhuktvasuhita	pw	80042	4-270-a	0	74	0		0	BuktvAsuhita:1.000	0	0		0	0	confirmed-missing	-1	low-priority	vowel-length/case variant of MW headword 'BuktvAsuhita' (fold-twin - same lexeme or distinct word needs eyes)
BuvaMmanya	bhuvaṃmanya	pw	80191	4-272-a	0	40	0		0		1	1	pwg	0	0	confirmed-missing	2	check	
CAgaBojin	chāgabhojin	pw	41024	2-243-b	0	69	0		0		7	7	ap;lrv;pwg;shs;vcp;wil;yat	0	0	confirmed-missing	15	add	
CAyABartar	chāyābhartar	pw	41094	2-244-a	0	66	0		0		0	0		0	0	confirmed-missing	1	low-priority	
CaRqikAvArika	chaṇḍikāvārika	pw	217394	7-342-b	1	120	1	274,20	0		1	1	sch	0	0	confirmed-missing	5	check	
CandadAyaka	chandadāyaka	pw	217405	7-342-b	1	112	1	281,207	0		1	1	sch	0	0	confirmed-missing	5	check	
CandapariSudDi	chandapariśuddhi	pw	217406	7-342-b	1	119	1	265,19	0		1	1	sch	0	0	confirmed-missing	5	check	
CandapratyudDAra	chandapratyuddhāra	pw	217407	7-342-b	1	147	1	261,57	0		1	1	sch	0	0	confirmed-missing	5	check	
CandavAsin	chandavāsin	pw	217408	7-342-b	1	123	1	281,248	0		1	1	sch	0	0	confirmed-missing	5	check	
CardApanikA	chardāpanikā	pw	40985	2-242-c	0	81	0		0	CardApanIkA:1.000	2	1	mw72;pwg	0	0	confirmed-missing	3	add-check	vowel-length/case variant of MW headword 'CardApanIkA' (fold-twin - same lexeme or distinct word needs eyes)
Carp	charp	pw	40994	2-242-c	0	67	0		0		1	1	pwg	0	0	confirmed-missing	1	check	pratyayhara/short-form class (PWK lists grammatical elements MW does not headword)
Cepya	chepya	pw	41196	2-246-a	0	32	0		0		1	1	pwg	0	0	confirmed-missing	2	check	
CidrAnta	chidrānta	pw	41135	2-245-a	0	68	0		0	CidrAntar:0.941	0	0		0	0	confirmed-missing	-1	low-priority	false-friend near form 'CidrAntar' (0.941) - different word, omission stands
CidrApay	chidrāpay	pw	41136	2-245-a	0	51	0		1	CidrApaya:0.941	1	1	pwg	0	0	variant-form-in-MW	0	check	false-friend near form 'CidrApaya' (0.941) - different word, omission stands
Cinnaplotika	chinnaplotika	pw	217426	7-342-c	1	111	1	63,27	0		1	1	sch	0	0	confirmed-missing	5	check	
DAnyakozWaka	dhānyakoṣṭhaka	pw	55163	3-157-a	0	56	0		0	DAnyakozwaka:1.000	6	6	armh;lrv;pwg;shs;vcp;wil	0	0	confirmed-missing	10	add-check	vowel-length/case variant of MW headword 'DAnyakozwaka' (fold-twin - same lexeme or distinct word needs eyes)
DAnyamAtar	dhānyamātar	pw	55180	3-157-b	0	83	0		0		1	1	pwg	0	0	confirmed-missing	3	check	
DArAkadambaka	dhārākadambaka	pw	55275	3-158-c	0	72	0		0		4	4	bur;shs;wil;yat	1	0	confirmed-missing	11	add	
DAritaka	dhāritaka	pw	55320.1	3-159-a	0	23	0		0		0	0		0	0	confirmed-missing	0	low-priority	
DAtuBat	dhātubhat	pw	55083	3-156-b	0	45	0		0		0	0		0	0	confirmed-missing	0	low-priority	
DAtusaMBava	dhātusaṃbhava	pw	55110	3-156-b	0	35	0		0	DAtusamBava:1.000	2	2	lrv;pwg	0	0	confirmed-missing	2	add-check	vowel-length/case variant of MW headword 'DAtusamBava' (fold-twin - same lexeme or distinct word needs eyes)
DAyaka	dhāyaka	pw	55232	3-157-c	0	62	0		0	dAyaka:1.000	3	3	ap;ap90;pwg	0	0	confirmed-missing	5	add-check	vowel-length/case variant of MW headword 'dAyaka' (fold-twin - same lexeme or distinct word needs eyes)
DOtakOSoya	dhautakauśoya	pw	55830.1	3-167-b	0	23	0		0		0	0		0	0	confirmed-missing	0	low-priority	
DUHpati	dhūḥpati	pw	55516	3-163-b	0	50	0		0		1	1	pwg	0	0	confirmed-missing	2	check	
DUlaka	dhūlaka	pw	55680	3-165-b	0	44	0		0		8	7	bur;lrv;mw72;pwg;shs;vcp;wil;yat	0	0	confirmed-missing	16	add	
DUrpati	dhūrpati	pw	55669	3-165-b	0	50	0		0		1	1	pwg	0	0	confirmed-missing	2	check	
DUrvant	dhūrvant	pw	55673	3-165-b	0	50	0		0	durvAnta:0.933	1	1	pwg	0	0	confirmed-missing	0	check	false-friend near form 'durvAnta' (0.933) - different word, omission stands
DUsI	dhūsī	pw	55705	3-165-c	0	47	0		1		2	2	pwg;vcp	0	0	variant-form-in-MW	2	add-check	pratyayhara/short-form class (PWK lists grammatical elements MW does not headword)
DUstarA	dhūstarā	pw	55706	3-165-c	0	64	0		0	dustara:1.000	2	2	pwg;vcp	0	0	confirmed-missing	3	add-check	vowel-length/case variant of MW headword 'dustara' (fold-twin - same lexeme or distinct word needs eyes)
DanAka	dhanāka	pw	54437	3-141-b	0	90	0		0	DAnAka:1.000	1	1	pwg	0	0	confirmed-missing	1	check	vowel-length/case variant of MW headword 'DAnAka' (fold-twin - same lexeme or distinct word needs eyes)
DanIy	dhanīy	pw	54464	3-141-c	0	61	0		1		2	2	ccs;pwg	0	0	variant-form-in-MW	3	add-check	
Dananetar	dhananetar	pw	54395	3-141-a	0	68	0		0		0	0		0	0	confirmed-missing	1	low-priority	
DanuzkalApaka	dhanuṣkalāpaka	pw	218426	7-350-b	1	108	1	217,33	0		2	2	bhs;sch	0	0	confirmed-missing	7	add	
DanuzketakI	dhanuṣketakī	pw	218427	7-350-b	1	111	1	240,34	0	DanuketakI:0.952	2	2	bhs;sch	0	0	confirmed-missing	5	add-check	probable orthographic doublet of MW headword 'DanuketakI' (0.952)
Dar	dhar	pw	54597	3-145-b	0	60	0		1	DaR:1.000	4	4	ccs;fri;pwg;sch	0	0	variant-form-in-MW	6	add-check	vowel-length/case variant of MW headword 'DaR' (fold-twin - same lexeme or distinct word needs eyes); pratyayhara/short-form class (PWK lists grammatical elements MW does not headword)
DarANkura	dharāṅkura	pw	54632	3-145-c	0	53	0		0	DArANkura:1.000	1	1	pwg	0	0	confirmed-missing	0	check	vowel-length/case variant of MW headword 'DArANkura' (fold-twin - same lexeme or distinct word needs eyes)
DaraRIpalava	dharaṇīpalava	pw	54618.1	3-145-c	0	23	0		0	DaraRIplava:0.957	0	0		0	0	confirmed-missing	-2	low-priority	probable orthographic doublet of MW headword 'DaraRIplava' (0.957)
Darj	dharj	pw	54658	3-146-a	0	44	0		0		1	1	pwg	0	0	confirmed-missing	0	check	pratyayhara/short-form class (PWK lists grammatical elements MW does not headword)
Darm	dharm	pw	54668	3-146-b	0	55	0		1		1	1	pwg	0	0	variant-form-in-MW	0	check	pratyayhara/short-form class (PWK lists grammatical elements MW does not headword)
DarmADikAraRin	dharmādhikāraṇin	pw	54936.1	3-149-c	0	23	0		0	DarmADikArin:0.923	0	0		0	0	confirmed-missing	-2	low-priority	false-friend near form 'DarmADikArin' (0.923) - different word, omission stands
DarmAy	dharmāy	pw	54953	3-149-c	0	56	0		1	DarmAya:0.923	1	1	pwg	0	0	variant-form-in-MW	0	check	false-friend near form 'DarmAya' (0.923) - different word, omission stands
DarmakIlaka	dharmakīlaka	pw	54682	3-146-c	0	106	0		0		0	0		0	0	confirmed-missing	1	low-priority	
DarmakaTika	dharmakathika	pw	54671.1	3-146-b	0	23	0		0		2	2	bhs;ieg	0	0	confirmed-missing	4	add	
Darmodrata	dharmodrata	pw	218470	7-350-d	1	119	1	21,63	0		0	0		0	0	confirmed-missing	3	low-priority	
DenudugDakara	dhenudugdhakara	pw	55794	3-167-a	0	100	0		0		2	2	pwg;vcp	0	0	confirmed-missing	5	add	
Diy	dhiy	pw	55387	3-160-c	0	72	0		1		1	1	pwg	0	0	variant-form-in-MW	1	check	pratyayhara/short-form class (PWK lists grammatical elements MW does not headword)
DiyAMpati	dhiyāṃpati	pw	55393	3-160-c	0	122	0		0	DiyAmpati:1.000	2	2	lrv;pwg	0	0	confirmed-missing	3	add-check	vowel-length/case variant of MW headword 'DiyAmpati' (fold-twin - same lexeme or distinct word needs eyes)
DrAkzAmant	dhrākṣāmant	pw	55936	3-168-c	0	56	0		0	DrAkzAmat:0.947	0	0		0	0	confirmed-missing	-2	low-priority	false-friend near form 'DrAkzAmat' (0.947) - different word, omission stands
DvANkzanASikA	dhvāṅkṣanāśikā	pw	56096.1	3-171-b	0	23	0		0	DvANkzanAsikA:1.000	0	0		0	0	confirmed-missing	-2	low-priority	vowel-length/case variant of MW headword 'DvANkzanAsikA' (fold-twin - same lexeme or distinct word needs eyes)
DvAjavadAyani	dhvājavadāyani	pw	207513	5-257-b	1	118	0		0		1	1	sch	0	0	confirmed-missing	3	check	
DvAjavatAyani	dhvājavatāyani	pw	207512	5-257-b	1	118	0		0		1	1	sch	0	0	confirmed-missing	3	check	
DvAjavata	dhvājavata	pw	207511	5-257-a	1	143	0		0	Dvajavat:0.941	1	1	sch	0	0	confirmed-missing	1	check	false-friend near form 'Dvajavat' (0.941) - different word, omission stands
DvAntavitta	dhvāntavitta	pw	56109	3-171-b	0	58	0		0		4	4	shs;vcp;wil;yat	0	0	confirmed-missing	8	add	
DvaMsakalA	dhvaṃsakalā	pw	56007	3-170-a	0	53	0		0		2	2	pwg;vcp	0	0	confirmed-missing	4	add	
DvanilAlA	dhvanilālā	pw	207508	5-257-a	1	132	0		0		1	1	sch	0	0	confirmed-missing	3	check	
DvanilIlA	dhvanilīlā	pw	207508.1	5-257-a	1	24	0		0		0	0		0	0	confirmed-missing	0	low-priority	
DyAmI	dhyāmī	pw	55917	3-168-c	0	66	0		1		0	0		0	0	variant-form-in-MW	-1	low-priority	
DyAman	dhyāman	pw	55916	3-168-c	0	148	0		1		9	8	ap;ap90;lrv;mw72;pwg;shs;vcp;wil;yat	0	0	variant-form-in-MW	17	add-check	
EcCantika	aicchantika	pw	215523	7-328-a	1	119	1	110	0		1	1	sch	0	0	confirmed-missing	5	check	
EhipaSyika	aihipaśyika	pw	215535	7-328-b	1	116	1	63	0		2	2	bhs;sch	0	0	confirmed-missing	7	add	
Ejya	aijya	pw	22448	1-274-b	0	62	0		0	ejya:1.000	1	1	pwg	0	0	confirmed-missing	1	check	vowel-length/case variant of MW headword 'ejya' (fold-twin - same lexeme or distinct word needs eyes); pratyayhara/short-form class (PWK lists grammatical elements MW does not headword)
EkAgra	aikāgra	pw	22420	1-274-b	0	64	0		0	ekAgra:1.000	4	4	ap;ap90;pwg;vcp	0	0	confirmed-missing	7	add-check	vowel-length/case variant of MW headword 'ekAgra' (fold-twin - same lexeme or distinct word needs eyes)
EkIya	aikīya	pw	22437	1-274-b	0	48	0		0	ekIya:1.000	1	1	pwg	0	0	confirmed-missing	0	check	vowel-length/case variant of MW headword 'ekIya' (fold-twin - same lexeme or distinct word needs eyes)
Eli	aili	pw	22561	1-276-a	0	87	0		1		0	0		0	0	variant-form-in-MW	-1	low-priority	pratyayhara/short-form class (PWK lists grammatical elements MW does not headword)
EndrajAlya	aindrajālya	pw	22492	1-275-a	0	120	0		0	EndrajAla:0.947	0	0		0	0	confirmed-missing	-1	low-priority	false-friend near form 'EndrajAla' (0.947) - different word, omission stands
Erakya	airakya	pw	22539	1-275-c	0	66	0		0		2	2	pwg;vcp	0	0	confirmed-missing	5	add	
Ezikya	aiṣikya	pw	22581	1-276-a	0	119	0		0		0	0		0	0	confirmed-missing	1	low-priority	
EzwakAvata	aiṣṭakāvata	pw	22589	1-276-b	0	60	0		0		1	1	pwg	0	0	confirmed-missing	2	check	
GanodBava	ghanodbhava	pw	37824	2-198-a	0	88	0		0		0	0		0	0	confirmed-missing	1	low-priority	
GarGUGA	gharghūghā	pw	37839.1	2-198-b	0	23	0		0	GarGurGA:0.933	2	2	wil;yat	0	0	confirmed-missing	2	add-check	false-friend near form 'GarGurGA' (0.933) - different word, omission stands
GarR	gharṇ	pw	37840	2-198-b	0	77	0		0		1	1	pwg	0	0	confirmed-missing	1	check	pratyayhara/short-form class (PWK lists grammatical elements MW does not headword)
Garz	gharṣ	pw	37880	2-198-c	0	61	0		1		3	3	ccs;pwg;stc	0	0	variant-form-in-MW	5	add-check	pratyayhara/short-form class (PWK lists grammatical elements MW does not headword)
GftAcIgarBasaMBavA	ghṛtācīgarbhasaṃbhavā	pw	38065	2-201-a	0	90	0		0	GftAcIgarBasamBavA:1.000	2	2	ap;pwg	0	0	confirmed-missing	3	add-check	vowel-length/case variant of MW headword 'GftAcIgarBasamBavA' (fold-twin - same lexeme or distinct word needs eyes)
GiR	ghiṇ	pw	37923	2-199-b	0	46	0		0	gir:1.000	2	2	bop;yat	0	0	confirmed-missing	2	add-check	vowel-length/case variant of MW headword 'gir' (fold-twin - same lexeme or distinct word needs eyes); pratyayhara/short-form class (PWK lists grammatical elements MW does not headword)
Gowakamfga	ghoṭakamṛga	pw	217102	7-340-a	1	139	1	213,29	0		2	2	bhs;sch	0	0	confirmed-missing	7	add	
GraRR	ghraṇṇ	pw	38162	2-202-b	0	48	0		0		1	1	pwg	0	0	confirmed-missing	2	check	
GuMz	ghuṃṣ	pw	37926	2-199-b	0	51	0		0		3	2	ben;mw72;pwg	0	0	confirmed-missing	4	add-check	pratyayhara/short-form class (PWK lists grammatical elements MW does not headword)
IRmant	īṇmant	pw	17457	1-212-b	0	62	0		0	IrmAnta:0.923	1	1	pwg	0	0	confirmed-missing	1	check	false-friend near form 'IrmAnta' (0.923) - different word, omission stands
ISay	īśay	pw	17518	1-213-b	0	68	0		0		1	1	pwg	0	0	confirmed-missing	1	check	pratyayhara/short-form class (PWK lists grammatical elements MW does not headword)
ISvaramallikA	īśvaramallikā	pw	17553	1-214-a	0	91	0		0		0	0		1	1	confirmed-missing	3	low-priority	
IzADara	īṣādhara	pw	214658	7-322-a	1	193	1	194	0	IzADAra:1.000	2	2	bhs;sch	0	0	confirmed-missing	5	add-check	vowel-length/case variant of MW headword 'IzADAra' (fold-twin - same lexeme or distinct word needs eyes)
IzadAdyaMBava	īṣadādyaṃbhava	pw	17580	1-214-b	0	86	0		0	IzadAQyaMBava:0.923	0	0		0	0	confirmed-missing	-1	low-priority	false-friend near form 'IzadAQyaMBava' (0.923) - different word, omission stands
IzadAdyaMkara	īṣadādyaṃkara	pw	17579	1-214-b	0	71	0		0	IzadAQyaMkara:0.923	0	0		0	0	confirmed-missing	-1	low-priority	false-friend near form 'IzadAQyaMkara' (0.923) - different word, omission stands
Izadvilaya	īṣadvilaya	pw	17586	1-214-b	0	64	0		0		0	0		0	0	confirmed-missing	1	low-priority	
Izatpramaya	īṣatpramaya	pw	205428	4-296-b	1	80	0		0		1	1	sch	0	0	confirmed-missing	3	check	
Jakawa	jhakaṭa	pw	207314	5-255-a	1	59	0		0		1	1	sch	0	0	confirmed-missing	2	check	
JazANka	jhaṣāṅka	pw	43745	2-281-c	0	93	0		0	jAzaka:0.923	6	6	pwg;sch;shs;vcp;wil;yat	1	1	confirmed-missing	13	add-check	false-friend near form 'jAzaka' (0.923) - different word, omission stands
JiYJarizwA	jhiñjhariṣṭā	pw	43766	2-281-c	0	70	0		0		0	0		0	0	confirmed-missing	1	low-priority	
KARu	khāṇu	pw	216676	7-336-c	1	106	1	245,564	0	Karu:1.000	3	3	bhs;ieg;sch	1	1	confirmed-missing	9	add-check	vowel-length/case variant of MW headword 'Karu' (fold-twin - same lexeme or distinct word needs eyes); pratyayhara/short-form class (PWK lists grammatical elements MW does not headword)
KAYjArAyaRa	khāñjārāyaṇa	pw	33687.1	2-139-b	0	23	0		0		0	0		0	0	confirmed-missing	0	low-priority	
KAdatAcAmatA	khādatācāmatā	pw	33739	2-140-a	0	91	0		0	KAdatAcamatA:1.000	0	0		0	0	confirmed-missing	-1	low-priority	vowel-length/case variant of MW headword 'KAdatAcamatA' (fold-twin - same lexeme or distinct word needs eyes)
KAdyakacAraka	khādyakacāraka	pw	216681	7-336-c	1	140	1	274,4	0		2	2	bhs;sch	0	0	confirmed-missing	7	add	
KaNkara	khaṅkara	pw	33202	2-133-c	0	50	0		0	KaNKara:1.000	7	6	bur;mw72;pwg;shs;vcp;wil;yat	0	0	confirmed-missing	12	add-check	vowel-length/case variant of MW headword 'KaNKara' (fold-twin - same lexeme or distinct word needs eyes)
KaRqaPulla	khaṇḍaphulla	pw	216639	7-336-b	1	106	1	281,225	0		1	1	sch	0	0	confirmed-missing	5	check	
KaYjAhva	khañjāhva	pw	216625	7-336-b	1	94	1	213,140	0		2	2	bhs;sch	0	0	confirmed-missing	7	add	
KaYjarIwarata	khañjarīṭarata	pw	33235	2-134-a	0	73	0		0		0	0		0	0	confirmed-missing	1	low-priority	
KadirIya	khadirīya	pw	33433	2-136-b	0	54	0		0		1	1	pwg	0	0	confirmed-missing	2	check	
Kadiravant	khadiravant	pw	33427	2-136-b	0	172	0		0		1	1	pwg	0	0	confirmed-missing	3	check	
Kalaka	khalaka	pw	33596	2-138-b	0	48	0		0	kalaka:1.000	5	5	bhs;ieg;lrv;pwg;vcp	1	0	confirmed-missing	10	add-check	vowel-length/case variant of MW headword 'kalaka' (fold-twin - same lexeme or distinct word needs eyes)
Kaleha	khaleha	pw	33633.2	2-139-a	0	23	0		0		0	0		0	0	confirmed-missing	0	low-priority	
Kallaka	khallaka	pw	33639	2-139-a	0	126	0		0	kalaka:0.923	1	1	bhs	0	0	confirmed-missing	1	check	false-friend near form 'kalaka' (0.923) - different word, omission stands
Kaluc	khaluc	pw	33625.1	2-138-c	0	23	0		0		1	1	sch	0	0	confirmed-missing	2	check	
Kaluk	khaluk	pw	33625	2-138-c	0	78	0		0		2	2	skd;vcp	0	0	confirmed-missing	5	add	
KalupaScAdBaktika	khalupaścādbhaktika	pw	216665	7-336-c	1	159	1	49	0		2	2	bhs;sch	0	0	confirmed-missing	7	add	
KamBIrapati	khambhīrapati	pw	216651	7-336-b	1	85	1	186,33	0		2	2	bhs;sch	0	0	confirmed-missing	7	add	
Kaqavant	khaḍavant	pw	33288	2-134-c	0	52	0		0	Kaqavat:0.933	1	1	pwg	0	0	confirmed-missing	0	check	false-friend near form 'Kaqavat' (0.933) - different word, omission stands
KaqgArIwa	khaḍgārīṭa	pw	33322	2-135-a	0	139	0		0	KaqgAriwa:1.000	3	2	mw72;pwg;vcp	0	0	confirmed-missing	5	add-check	vowel-length/case variant of MW headword 'KaqgAriwa' (fold-twin - same lexeme or distinct word needs eyes)
KarIkA	kharīkā	pw	33551	2-137-c	0	95	0		0	KarikA:1.000	0	0		0	0	confirmed-missing	-1	low-priority	vowel-length/case variant of MW headword 'KarikA' (fold-twin - same lexeme or distinct word needs eyes)
KarakkARa	kharakkāṇa	pw	33483	2-137-a	0	53	0		0	kArakara:0.941	0	0		0	0	confirmed-missing	-2	low-priority	false-friend near form 'kArakara' (0.941) - different word, omission stands
Karba	kharba	pw	33579	2-138-a	0	45	0		1		13	13	ap;ap90;ben;bop;bur;krm;lrv;pwg;shs;stc;vcp;wil;yat	0	0	variant-form-in-MW	24	add-check	
KaruKarA	kharukharā	pw	216657	7-336-c	1	90	1	192	0	karUkara:1.000	2	2	bhs;sch	0	0	confirmed-missing	5	add-check	vowel-length/case variant of MW headword 'karUkara' (fold-twin - same lexeme or distinct word needs eyes)
KasAlmaja	khasālmaja	pw	33671	2-139-b	0	62	0		0		0	0		0	0	confirmed-missing	1	low-priority	
KasaMBavA	khasaṃbhavā	pw	33668	2-139-b	0	71	0		0	KasamBavA:1.000	1	1	pwg	0	0	confirmed-missing	1	check	vowel-length/case variant of MW headword 'KasamBavA' (fold-twin - same lexeme or distinct word needs eyes)
Kasakanna	khasakanna	pw	33663.1	2-139-b	0	23	0		0		0	0		0	0	confirmed-missing	0	low-priority	
Kavant	khavant	pw	33651	2-139-a	0	90	0		0		2	2	pwg;sch	0	0	confirmed-missing	5	add	
KawvASa	khaṭvāśa	pw	33279	2-134-b	0	63	0		0	kawivAsa:0.933	0	0		0	0	confirmed-missing	-1	low-priority	false-friend near form 'kawivAsa' (0.933) - different word, omission stands
KawvIy	khaṭvīy	pw	33281	2-134-b	0	64	0		1	KawvIya:0.923	1	1	pwg	0	0	variant-form-in-MW	1	check	false-friend near form 'KawvIya' (0.923) - different word, omission stands
KelAy	khelāy	pw	33917	2-142-a	0	55	0		1		1	1	pwg	0	0	variant-form-in-MW	0	check	
Keqaka	kheḍaka	pw	33898	2-142-a	0	35	0		0		0	0		0	0	confirmed-missing	0	low-priority	
Keqqa	kheḍḍa	pw	207140	5-253-a	1	73	0		0		1	1	sch	0	0	confirmed-missing	3	check	
KeqqatAla	kheḍḍatāla	pw	207140.1	5-253-a	1	24	0		0		0	0		0	0	confirmed-missing	0	low-priority	
KewwitAla	kheṭṭitāla	pw	33895	2-141-c	0	53	0		0	KewitAla:0.941	0	0		0	0	confirmed-missing	-2	low-priority	false-friend near form 'KewitAla' (0.941) - different word, omission stands
KiNga	khiṅga	pw	33810	2-140-c	0	46	0		0		2	2	pwg;sch	0	0	confirmed-missing	4	add	
KuluNgikA	khuluṅgikā	pw	33867	2-141-b	0	66	0		0		0	0		0	0	confirmed-missing	1	low-priority	
KuroparibanDana	khuroparibandhana	pw	33865	2-141-b	0	70	0		0		0	0		0	0	confirmed-missing	1	low-priority	
LaNkoyikA	ḻaṅkoyikā	pw	95592.1	5-214-b	0	23	0		0	laNkoyikA:1.000	0	0		0	0	confirmed-missing	-2	low-priority	vowel-length/case variant of MW headword 'laNkoyikA' (fold-twin - same lexeme or distinct word needs eyes)
OdaYci	audañci	pw	22836	1-278-c	0	107	0		0		2	2	pwg;vcp	0	0	confirmed-missing	5	add	
OdameGeya	audamegheya	pw	22848	1-279-a	0	57	0		0	OdameGyA:0.941	0	0		0	0	confirmed-missing	-2	low-priority	false-friend near form 'OdameGyA' (0.941) - different word, omission stands
Odameyi	audameyi	pw	22850	1-279-a	0	102	0		0		2	2	pwg;vcp	0	0	confirmed-missing	5	add	
OdgAhamAnIya	audgāhamānīya	pw	22881	1-279-b	0	62	0		0		0	0		0	0	confirmed-missing	1	low-priority	
Olandaka	aulandaka	pw	23069	1-281-b	0	54	0		0		1	1	pwg	0	0	confirmed-missing	2	check	
OpacAkavi	aupacākavi	pw	22917	1-279-c	0	71	0		0		1	1	pwg	0	0	confirmed-missing	3	check	
OpakUla	aupakūla	pw	22909	1-279-c	0	58	0		0		1	1	pwg	0	0	confirmed-missing	2	check	
OparEDika	auparaidhika	pw	22960	1-280-b	0	97	0		0		2	1	mw72;pwg	0	0	confirmed-missing	5	add	
OparODika	auparaudhika	pw	22960.1	1-280-b	0	23	0		0	OparoDika:1.000	4	3	ap;ap90;mw72;pwg	0	0	confirmed-missing	6	add-check	vowel-length/case variant of MW headword 'OparoDika' (fold-twin - same lexeme or distinct word needs eyes)
Opavastika	aupavastika	pw	22965	1-280-b	0	73	0		0	OpavasaTika:0.952	1	1	pwg	0	0	confirmed-missing	1	check	probable orthographic doublet of MW headword 'OpavasaTika' (0.952)
OpaveSika	aupaveśika	pw	22975	1-280-b	0	93	0		0		5	4	ap90;lrv;mw72;pwg;vcp	0	0	confirmed-missing	11	add	
OqI	auḍī	pw	22780.1	1-278-b	0	23	0		0		0	0		0	0	confirmed-missing	-2	low-priority	pratyayhara/short-form class (PWK lists grammatical elements MW does not headword)
Oqa	auḍa	pw	22780	1-278-b	0	70	0		0	oqa:1.000	4	4	ap;ap90;pwg;vcp	0	0	confirmed-missing	7	add-check	vowel-length/case variant of MW headword 'oqa' (fold-twin - same lexeme or distinct word needs eyes); pratyayhara/short-form class (PWK lists grammatical elements MW does not headword)
OqulomyA	auḍulomyā	pw	22788	1-278-b	0	70	0		0		1	1	pwg	0	0	confirmed-missing	3	check	
OrRAvata	aurṇāvata	pw	23043	1-281-a	0	87	0		0	OrRAvatya:0.941	1	1	pwg	0	0	confirmed-missing	1	check	false-friend near form 'OrRAvatya' (0.941) - different word, omission stands
Otputika	autputika	pw	22819	1-278-c	0	54	0		0		2	2	pwg;vcp	0	0	confirmed-missing	4	add	
PaNgA	phaṅgā	pw	207891	5-261-b	1	102	0		0		1	1	sch	0	0	confirmed-missing	3	check	
PaYjiputrikA	phañjiputrikā	pw	75228.1	4-200-a	0	23	0		0	PaYjiputtrikA:0.960	4	4	pwg;shs;wil;yat	0	0	confirmed-missing	6	add-check	probable orthographic doublet of MW headword 'PaYjiputtrikA' (0.960)
PalasaMBArA	phalasaṃbhārā	pw	75393	4-202-b	0	75	0		0	PalasamBArA:1.000	1	1	pwg	0	0	confirmed-missing	1	check	vowel-length/case variant of MW headword 'PalasamBArA' (fold-twin - same lexeme or distinct word needs eyes)
PalasaMbadDa	phalasaṃbaddha	pw	75392	4-202-b	0	72	0		0	PalasambadDa:1.000	1	1	pwg	0	0	confirmed-missing	1	check	vowel-length/case variant of MW headword 'PalasambadDa' (fold-twin - same lexeme or distinct word needs eyes)
Paraka	pharaka	pw	207892	5-261-b	1	201	0		0	paraka:1.000	1	1	sch	0	0	confirmed-missing	1	check	vowel-length/case variant of MW headword 'paraka' (fold-twin - same lexeme or distinct word needs eyes)
Pullavant	phullavant	pw	75554	4-204-a	0	52	0		0	Pullavat:0.941	1	1	pwg	0	0	confirmed-missing	0	check	false-friend near form 'Pullavat' (0.941) - different word, omission stands
SA	śā	pw	111157	6-217-c	0	55	0		1	Sa:1.000	9	9	cae;ccs;fri;gra;md;pwg;sch;shs;stc	1	1	variant-form-in-MW	18	add-check	vowel-length/case variant of MW headword 'Sa' (fold-twin - same lexeme or distinct word needs eyes); pratyayhara/short-form class (PWK lists grammatical elements MW does not headword)
SADI	śādhī	pw	111486.1	6-221-c	0	24	0		0	saDI:1.000	0	0		0	0	confirmed-missing	-2	low-priority	vowel-length/case variant of MW headword 'saDI' (fold-twin - same lexeme or distinct word needs eyes); pratyayhara/short-form class (PWK lists grammatical elements MW does not headword)
SADi	śādhi	pw	111486	6-221-c	0	73	0		0	sAdi:1.000	2	2	bur;pwg	0	1	confirmed-missing	3	add-check	vowel-length/case variant of MW headword 'sAdi' (fold-twin - same lexeme or distinct word needs eyes); pratyayhara/short-form class (PWK lists grammatical elements MW does not headword)
SARottarIya	śāṇottarīya	pw	111413	6-221-a	0	78	0		0		1	1	pwg	0	0	confirmed-missing	3	check	
SAkanDeya	śākandheya	pw	111189	6-218-a	0	71	0		0		0	0		0	0	confirmed-missing	1	low-priority	
SAkuRa	śākuṇa	pw	111256	6-219-a	0	54	0		0	Sakura:1.000	9	8	ap;ap90;bur;mw72;pwg;shs;vcp;wil;yat	0	0	confirmed-missing	16	add-check	vowel-length/case variant of MW headword 'Sakura' (fold-twin - same lexeme or distinct word needs eyes)
SAkyaboDi	śākyabodhi	pw	111296.1	6-219-b	0	24	0		0		0	0		0	0	confirmed-missing	0	low-priority	
SAkyavarDana	śākyavardhana	pw	111304.1	6-219-c	0	24	0		0		0	0		0	0	confirmed-missing	0	low-priority	
SAlIBartar	śālībhartar	pw	111910	6-227-b	0	88	0		0		0	0		0	0	confirmed-missing	1	low-priority	
SAlaNkAyanajIvasU	śālaṅkāyanajīvasū	pw	111790	6-226-a	0	77	0		0		4	4	ap;shs;wil;yat	0	0	confirmed-missing	9	add	
SAlinIkaraRa	śālinīkaraṇa	pw	111881	6-227-a	0	68	0		0	SAlInIkaraRa:1.000	4	4	pwg;shs;wil;yat	0	0	confirmed-missing	7	add-check	vowel-length/case variant of MW headword 'SAlInIkaraRa' (fold-twin - same lexeme or distinct word needs eyes)
SAlyUhI	śālyūhī	pw	111942	6-228-a	0	79	0		0		1	1	pwg	0	0	confirmed-missing	3	check	
SAntiguha	śāntiguha	pw	111532	6-222-b	0	86	0		0		0	0		0	0	confirmed-missing	1	low-priority	
SArNgaravin	śārṅgaravin	pw	111749	6-225-b	0	92	0		0	SArNgaravI:0.952	1	1	pwg	0	0	confirmed-missing	1	check	probable orthographic doublet of MW headword 'SArNgaravI' (0.952)
SAralomi	śāralomi	pw	111689	6-224-b	0	109	0		1	SAralomI:1.000	0	0		0	0	variant-form-in-MW	-1	low-priority	vowel-length/case variant of MW headword 'SAralomI' (fold-twin - same lexeme or distinct word needs eyes)
SAstraSilpan	śāstraśilpan	pw	112037	6-229-c	0	89	0		0		0	0		0	0	confirmed-missing	1	low-priority	
SAtayitar	śātayitar	pw	111461	6-221-b	0	74	0		0		1	1	pwg	0	0	confirmed-missing	3	check	
SElasaMBUta	śailasaṃbhūta	pw	114234	6-260-b	0	60	0		0	SElasamBUta:1.000	1	1	pwg	0	0	confirmed-missing	0	check	vowel-length/case variant of MW headword 'SElasamBUta' (fold-twin - same lexeme or distinct word needs eyes)
SElasaMBava	śailasaṃbhava	pw	114233	6-260-b	0	52	0		0	SElasamBava:1.000	1	1	pwg	0	0	confirmed-missing	0	check	vowel-length/case variant of MW headword 'SElasamBava' (fold-twin - same lexeme or distinct word needs eyes)
SErIzikA	śairīṣikā	pw	114181	6-260-a	0	54	0		1	SErIzika:1.000	0	0		0	0	variant-form-in-MW	-2	low-priority	vowel-length/case variant of MW headword 'SErIzika' (fold-twin - same lexeme or distinct word needs eyes)
SIBava	śībhava	pw	113047	6-244-a	0	48	0		0		6	5	bur;mw72;pwg;shs;wil;yat	0	0	confirmed-missing	12	add	
SORAyana	śauṇāyana	pw	114523	6-264-a	0	67	0		0	SORqAyana:0.941	1	1	pwg	0	0	confirmed-missing	1	check	false-friend near form 'SORqAyana' (0.941) - different word, omission stands
SOcivfkzI	śaucivṛkṣī	pw	114514	6-263-c	0	74	0		1	SOcivfkzi:1.000	0	0		0	0	variant-form-in-MW	-1	low-priority	vowel-length/case variant of MW headword 'SOcivfkzi' (fold-twin - same lexeme or distinct word needs eyes)
SUkavant	śūkavant	pw	113762	6-254-b	0	281	0		0	SUkavat:0.933	1	1	pwg	0	0	confirmed-missing	1	check	false-friend near form 'SUkavat' (0.933) - different word, omission stands
SUravajra	śūravajra	pw	113861	6-255-c	0	68	0		0	suravara:0.941	1	1	pwg	0	0	confirmed-missing	1	check	false-friend near form 'suravara' (0.941) - different word, omission stands
SUray	śūray	pw	113860	6-255-c	0	48	0		0		0	0		0	0	confirmed-missing	0	low-priority	
SUrpay	śūrpay	pw	113890	6-256-a	0	45	0		0		1	1	pwg	0	0	confirmed-missing	2	check	
SaMBUvartani	śaṃbhūvartani	pw	110440	6-208-c	0	98	0		0	SamBUvartani:1.000	0	0		0	0	confirmed-missing	-1	low-priority	vowel-length/case variant of MW headword 'SamBUvartani' (fold-twin - same lexeme or distinct word needs eyes)
SaMBuBawwa	śaṃbhubhaṭṭa	pw	110428	6-208-b	0	90	0		0		2	2	acc;pwg	0	0	confirmed-missing	5	add	
SaMBunATarasa	śaṃbhunātharasa	pw	110426	6-208-b	0	96	0		0	SamBunATarasa:1.000	0	0		0	0	confirmed-missing	-1	low-priority	vowel-length/case variant of MW headword 'SamBunATarasa' (fold-twin - same lexeme or distinct word needs eyes)
SaMBunandana	śaṃbhunandana	pw	110424	6-208-b	0	76	0		0	SamBunandana:1.000	1	1	pwg	0	0	confirmed-missing	1	check	vowel-length/case variant of MW headword 'SamBunandana' (fold-twin - same lexeme or distinct word needs eyes)
SaMBupriyA	śaṃbhupriyā	pw	110427	6-208-b	0	59	0		0	SamBupriyA:1.000	3	3	ap;lrv;pwg	0	0	confirmed-missing	4	add-check	vowel-length/case variant of MW headword 'SamBupriyA' (fold-twin - same lexeme or distinct word needs eyes)
SaMButanaya	śaṃbhutanaya	pw	110423	6-208-b	0	75	0		0	SamButanaya:1.000	2	2	lrv;pwg	0	0	confirmed-missing	3	add-check	vowel-length/case variant of MW headword 'SamButanaya' (fold-twin - same lexeme or distinct word needs eyes)
SaMBuvallaBa	śaṃbhuvallabha	pw	110435	6-208-c	0	69	0		0	SamBuvallaBa:1.000	2	2	lrv;pwg	0	0	confirmed-missing	3	add-check	vowel-length/case variant of MW headword 'SamBuvallaBa' (fold-twin - same lexeme or distinct word needs eyes)
SaMSAmam	śaṃśāmam	pw	109197.1	6-190-b	0	24	0		0	SaMSamam:1.000	0	0		0	0	confirmed-missing	-2	low-priority	vowel-length/case variant of MW headword 'SaMSamam' (fold-twin - same lexeme or distinct word needs eyes)
SaNKacUqaka	śaṅkhacūḍaka	pw	109587	6-196-b	0	78	0		0		1	1	pwg	0	0	confirmed-missing	3	check	
SaNKavant	śaṅkhavant	pw	109638	6-197-a	0	87	0		0	SaNKavat:0.941	1	1	pwg	0	0	confirmed-missing	1	check	false-friend near form 'SaNKavat' (0.941) - different word, omission stands
SaRakavAsa	śaṇakavāsa	pw	109690	6-197-c	0	57	0		0	SARakavAsa:1.000	1	1	pwg	0	0	confirmed-missing	0	check	vowel-length/case variant of MW headword 'SARakavAsa' (fold-twin - same lexeme or distinct word needs eyes)
SaRqAkI	śaṇḍākī	pw	109714	6-198-a	0	77	0		0	SARqAkI:1.000	1	1	pwg	0	0	confirmed-missing	1	check	vowel-length/case variant of MW headword 'SARqAkI' (fold-twin - same lexeme or distinct word needs eyes)
SaSv	śaśv	pw	111056	6-216-b	0	66	0		1		1	1	pwg	0	0	variant-form-in-MW	1	check	pratyayhara/short-form class (PWK lists grammatical elements MW does not headword)
SaSvAy	śaśvāy	pw	111061	6-216-b	0	67	0		1	SaSvAya:0.923	1	1	pwg	0	0	variant-form-in-MW	1	check	false-friend near form 'SaSvAya' (0.923) - different word, omission stands
SabdaprAC	śabdaprāch	pw	110235	6-205-a	0	96	0		0		1	1	pwg	0	0	confirmed-missing	3	check	
SakalA	śakalā	pw	109262	6-191-c	0	64	0		1	Sakala:1.000	2	2	bhs;pwg	0	0	variant-form-in-MW	3	add-check	vowel-length/case variant of MW headword 'Sakala' (fold-twin - same lexeme or distinct word needs eyes)
Sakalavant	śakalavant	pw	109261	6-191-c	0	56	0		0	Sakalavat:0.947	1	1	pwg	0	0	confirmed-missing	0	check	false-friend near form 'Sakalavat' (0.947) - different word, omission stands
Sakfdita	śakṛdita	pw	109324	6-192-c	0	67	0		0		1	1	pwg	0	0	confirmed-missing	3	check	
SakramAtar	śakramātar	pw	109442	6-194-a	0	102	0		0		1	1	pwg	0	0	confirmed-missing	3	check	
SalAkAvant	śalākāvant	pw	110858	6-214-b	0	56	0		0	SalAkAvat:0.947	1	1	pwg	0	0	confirmed-missing	0	check	false-friend near form 'SalAkAvat' (0.947) - different word, omission stands
SalAvant	śalāvant	pw	110870	6-214-b	0	66	0		0	SalAvat:0.933	1	1	pwg	0	0	confirmed-missing	1	check	false-friend near form 'SalAvat' (0.933) - different word, omission stands
SamIpattrA	śamīpattrā	pw	110375	6-207-c	0	107	0		1	SamIpattra:1.000	1	1	pwg	0	1	variant-form-in-MW	1	check	vowel-length/case variant of MW headword 'SamIpattra' (fold-twin - same lexeme or distinct word needs eyes)
SamIvant	śamīvant	pw	110381	6-207-c	0	66	0		0	SamIvat:0.933	1	1	pwg	1	0	confirmed-missing	3	check	false-friend near form 'SamIvat' (0.933) - different word, omission stands
Samam	śamam	pw	110337	6-207-b	0	95	0		1	SAmam:1.000	0	0		0	1	variant-form-in-MW	-1	low-priority	vowel-length/case variant of MW headword 'SAmam' (fold-twin - same lexeme or distinct word needs eyes)
Samanasvasar	śamanasvasar	pw	110331	6-207-a	0	106	0		0		1	1	pwg	0	0	confirmed-missing	3	check	
Samayitar	śamayitar	pw	110338	6-207-b	0	85	0		0		2	2	ccs;pwg	0	0	confirmed-missing	5	add	
SanDa	śandha	pw	110144	6-203-c	0	69	0		0		1	1	pwg	0	0	confirmed-missing	3	check	
SapaRqa	śapaṇḍa	pw	110151	6-204-a	0	101	0		0	sapaRa:0.923	1	1	pwg	0	0	confirmed-missing	1	check	false-friend near form 'sapaRa' (0.923) - different word, omission stands
SarD	śardh	pw	110776	6-213-a	0	69	0		1		7	7	cae;ccs;fri;gra;lan;pwg;shs	0	0	variant-form-in-MW	13	add-check	pratyayhara/short-form class (PWK lists grammatical elements MW does not headword)
SarkarAvant	śarkarāvant	pw	110756	6-212-c	0	73	0		0	SarkarAvat:0.952	2	2	ben;pwg	0	0	confirmed-missing	3	add-check	probable orthographic doublet of MW headword 'SarkarAvat' (0.952)
SarpaRAvant	śarpaṇāvant	pw	110789	6-213-a	0	104	0		0	SarpaRAvat:0.952	0	0		0	0	confirmed-missing	-1	low-priority	probable orthographic doublet of MW headword 'SarpaRAvat' (0.952)
Sarvan	śarvan	pw	110818	6-213-c	0	46	0		1		1	1	pwg	0	0	variant-form-in-MW	0	check	
SaryARavant	śaryāṇavant	pw	110809	6-213-b	0	62	0		0	SaryARavat:0.952	0	0		0	0	confirmed-missing	-1	low-priority	probable orthographic doublet of MW headword 'SaryARavat' (0.952)
Satala	śatala	pw	109921	6-200-c	0	64	0		0	satala:1.000	1	1	pwg	0	0	confirmed-missing	1	check	vowel-length/case variant of MW headword 'satala' (fold-twin - same lexeme or distinct word needs eyes)
Sayitar	śayitar	pw	110481	6-209-b	0	66	0		0	Sayita:0.923	1	1	pwg	0	0	confirmed-missing	1	check	false-friend near form 'Sayita' (0.923) - different word, omission stands
Scyota	ścyota	pw	114625	6-265-a	0	77	0		0		7	7	bhs;bur;lrv;shs;vcp;wil;yat	0	0	confirmed-missing	15	add	
SelAy	śelāy	pw	114080	6-258-b	0	60	0		1		1	1	pwg	0	0	variant-form-in-MW	0	check	
Sewa	śeṭa	pw	114061	6-258-b	0	65	0		0	sewa:1.000	1	1	pwg	0	0	confirmed-missing	1	check	vowel-length/case variant of MW headword 'sewa' (fold-twin - same lexeme or distinct word needs eyes); pratyayhara/short-form class (PWK lists grammatical elements MW does not headword)
SfNgaveraka	śṛṅgaveraka	pw	113979	6-257-a	0	60	0		0		1	1	pwg	0	0	confirmed-missing	2	check	
SiKAgradant	śikhāgradant	pw	112129	6-231-b	0	57	0		1	SiKAgradanta:0.957	1	1	pwg	0	0	variant-form-in-MW	0	check	probable orthographic doublet of MW headword 'SiKAgradanta' (0.957)
SiKAlu	śikhālu	pw	112146	6-231-c	0	88	0		0		4	3	lrv;mw72;shs;vcp	1	0	confirmed-missing	11	add	
SiYjAsTa	śiñjāstha	pw	112189.1	6-232-b	0	24	0		0		0	0		0	0	confirmed-missing	0	low-priority	
SilIMDraka	śilīṃdhraka	pw	112507	6-236-a	0	72	0		0		3	3	ap90;lrv;pwg	0	0	confirmed-missing	7	add	
Sirasy	śirasy	pw	112352	6-234-b	0	53	0		1	Sirasya:0.923	1	1	pwg	0	1	variant-form-in-MW	0	check	false-friend near form 'Sirasya' (0.923) - different word, omission stands
SitAgra	śitāgra	pw	112202	6-232-b	0	87	0		0	sitAgra:1.000	6	6	lrv;pwg;shs;vcp;wil;yat	0	0	confirmed-missing	11	add-check	vowel-length/case variant of MW headword 'sitAgra' (fold-twin - same lexeme or distinct word needs eyes)
Sitapuzpa	śitapuṣpa	pw	112201	6-232-b	0	96	0		0	SItapuzpa:1.000	0	0		0	0	confirmed-missing	-1	low-priority	vowel-length/case variant of MW headword 'SItapuzpa' (fold-twin - same lexeme or distinct word needs eyes)
SivIy	śivīy	pw	112752	6-239-a	0	73	0		1		1	1	pwg	0	0	variant-form-in-MW	1	check	
SlezmADmA	śleṣmādhmā	pw	115673	6-282-c	0	128	0		0		1	1	pwg	0	0	confirmed-missing	3	check	
SlezmaGanA	śleṣmaghanā	pw	115654	6-282-b	0	132	0		1	SlezmaGana:1.000	1	1	pwg	0	0	variant-form-in-MW	1	check	vowel-length/case variant of MW headword 'SlezmaGana' (fold-twin - same lexeme or distinct word needs eyes)
SoBavyUha	śobhavyūha	pw	114455	6-263-a	0	74	0		0		1	1	pwg	0	0	confirmed-missing	3	check	
SoDayitar	śodhayitar	pw	114431	6-262-c	0	55	0		0		1	1	pwg	0	0	confirmed-missing	2	check	
SoRasaMBava	śoṇasaṃbhava	pw	114376	6-262-a	0	97	0		0	SoRasamBava:1.000	0	0		0	0	confirmed-missing	-1	low-priority	vowel-length/case variant of MW headword 'SoRasamBava' (fold-twin - same lexeme or distinct word needs eyes)
SozasaMBava	śoṣasaṃbhava	pw	114476	6-263-b	0	74	0		0	SozasamBava:1.000	2	2	lrv;pwg	0	0	confirmed-missing	3	add-check	vowel-length/case variant of MW headword 'SozasamBava' (fold-twin - same lexeme or distinct word needs eyes)
SrAvaRaSIrzaka	śrāvaṇaśīrṣaka	pw	114991	6-270-c	0	133	0		0	SravaRaSIrzikA:0.929	0	0		0	0	confirmed-missing	-1	low-priority	false-friend near form 'SravaRaSIrzikA' (0.929) - different word, omission stands
SrIBrAtar	śrībhrātar	pw	115197	6-275-a	0	70	0		0		1	1	pwg	0	0	confirmed-missing	3	check	
SrIDanakawaka	śrīdhanakaṭaka	pw	115124	6-274-b	0	66	0		0		1	1	pwg	0	0	confirmed-missing	3	check	
SrIvaraboDiBagavant	śrīvarabodhibhagavant	pw	115263	6-276-a	0	77	0		0	SrIvaraboDiBagavat:0.973	1	1	pwg	0	0	confirmed-missing	1	check	probable orthographic doublet of MW headword 'SrIvaraboDiBagavat' (0.973)
Sravaka	śravaka	pw	114870	6-269-a	0	69	0		0	SrAvaka:1.000	2	1	mw72;pwg	0	0	confirmed-missing	3	add-check	vowel-length/case variant of MW headword 'SrAvaka' (fold-twin - same lexeme or distinct word needs eyes)
SroTa	śrotha	pw	115567	6-280-c	0	85	0		0	Srota:1.000	1	1	pwg	0	0	confirmed-missing	1	check	vowel-length/case variant of MW headword 'Srota' (fold-twin - same lexeme or distinct word needs eyes)
Srumant	śrumant	pw	115446	6-279-a	0	65	0		0	Srumat:0.923	1	1	pwg	0	0	confirmed-missing	1	check	false-friend near form 'Srumat' (0.923) - different word, omission stands
SuBasaMyukta	śubhasaṃyukta	pw	113607	6-252-a	0	94	0		0	SuBasaMyuta:0.957	0	0		0	0	confirmed-missing	-1	low-priority	probable orthographic doublet of MW headword 'SuBasaMyuta' (0.957)
SuBavAstu	śubhavāstu	pw	113599	6-252-a	0	50	0		0	SuBavastu:1.000	1	1	pwg	0	0	confirmed-missing	0	check	vowel-length/case variant of MW headword 'SuBavastu' (fold-twin - same lexeme or distinct word needs eyes)
SuBradant	śubhradant	pw	113642	6-252-c	0	90	0		1	SuBradantI:0.947	2	2	cae;pwg	0	0	variant-form-in-MW	3	add-check	false-friend near form 'SuBradantI' (0.947) - different word, omission stands
SucIy	śucīy	pw	113402	6-248-c	0	58	0		1		1	1	pwg	0	0	variant-form-in-MW	0	check	
SucinetraratisaMBava	śucinetraratisaṃbhava	pw	113371	6-248-b	0	102	0		0	SucinetraratisamBava:1.000	2	2	bhs;pwg	0	0	confirmed-missing	3	add-check	vowel-length/case variant of MW headword 'SucinetraratisamBava' (fold-twin - same lexeme or distinct word needs eyes)
SucivarcAy	śucivarcāy	pw	113387	6-248-c	0	75	0		1	SucivarcAya:0.952	0	0		0	0	variant-form-in-MW	-1	low-priority	probable orthographic doublet of MW headword 'SucivarcAya' (0.952)
SuklakzIrA	śuklakṣīrā	pw	113294	6-247-a	0	52	0		1	SuklakzIra:1.000	3	3	pwg;skd;vcp	0	0	variant-form-in-MW	4	add-check	vowel-length/case variant of MW headword 'SuklakzIra' (fold-twin - same lexeme or distinct word needs eyes)
Sulbay	śulbay	pw	113678	6-253-a	0	84	0		0		1	1	pwg	0	0	confirmed-missing	3	check	
Sulkay	śulkay	pw	113672	6-253-a	0	132	0		0		1	1	pwg	1	0	confirmed-missing	5	check	
SunakacaYcuka	śunakacañcuka	pw	113521	6-250-c	0	96	0		0	SunakakaYcuka:0.923	0	0		0	0	confirmed-missing	-1	low-priority	false-friend near form 'SunakakaYcuka' (0.923) - different word, omission stands
Sutudri	śutudri	pw	113429	6-249-a	0	145	0		1	SutudrI:1.000	6	5	lrv;mw72;pwg;shs;wil;yat	0	1	variant-form-in-MW	11	add-check	vowel-length/case variant of MW headword 'SutudrI' (fold-twin - same lexeme or distinct word needs eyes)
Sutudru	śutudru	pw	113429.2	6-249-a	0	24	0		1		6	5	lrv;mw72;pwg;shs;wil;yat	0	0	variant-form-in-MW	10	add-check	
SuzkasaMBava	śuṣkasaṃbhava	pw	113728	6-253-c	0	109	0		0	SuzkasamBava:1.000	1	1	pwg	0	0	confirmed-missing	1	check	vowel-length/case variant of MW headword 'SuzkasamBava' (fold-twin - same lexeme or distinct word needs eyes)
SvAdaMzwri	śvādaṃṣṭri	pw	115834	6-284-c	0	55	0		1	SvadaMzwrin:0.952	1	1	pwg	0	0	variant-form-in-MW	0	check	probable orthographic doublet of MW headword 'SvadaMzwrin' (0.952)
SvaBray	śvabhray	pw	115764	6-283-b	0	114	0		0	SvaBra:0.923	1	1	pwg	0	0	confirmed-missing	1	check	false-friend near form 'SvaBra' (0.923) - different word, omission stands
SvaSrUSvaSurO	śvaśrūśvaśurau	pw	115796	6-283-c	0	246	0		0	SvaSrUSvaSura:0.923	2	2	ap;skd	0	0	confirmed-missing	3	add-check	false-friend near form 'SvaSrUSvaSura' (0.923) - different word, omission stands
Svasanavant	śvasanavant	pw	115805	6-284-b	0	97	0		0	Svasanavat:0.952	0	0		0	0	confirmed-missing	-1	low-priority	probable orthographic doublet of MW headword 'Svasanavat' (0.952)
SvetapattraTa	śvetapattratha	pw	115951	6-286-b	0	76	0		0	SvetapattraraTa:0.929	0	0		0	0	confirmed-missing	-1	low-priority	false-friend near form 'SvetapattraraTa' (0.929) - different word, omission stands
Svetay	śvetay	pw	115991	6-286-c	0	84	0		1	Svetaya:0.923	1	1	pwg	0	0	variant-form-in-MW	1	check	false-friend near form 'Svetaya' (0.923) - different word, omission stands
SyEnaMpAta	śyainaṃpāta	pw	114793	6-267-b	0	125	0		0	SyEnampAta:1.000	1	1	pwg	0	0	confirmed-missing	1	check	vowel-length/case variant of MW headword 'SyEnampAta' (fold-twin - same lexeme or distinct word needs eyes)
Syetay	śyetay	pw	114758	6-267-a	0	53	0		0		1	1	pwg	0	0	confirmed-missing	2	check	
UKala	ūkhala	pw	204268	3-257-c	1	92	0		0	uKala:1.000	1	1	sch	0	0	confirmed-missing	1	check	vowel-length/case variant of MW headword 'uKala' (fold-twin - same lexeme or distinct word needs eyes)
UQakaNkawa	ūḍhakaṅkaṭa	pw	20972	1-256-a	0	86	0		0		6	6	ap;pwg;shs;vcp;wil;yat	0	0	confirmed-missing	13	add	
UQay	ūḍhay	pw	20974	1-256-a	0	71	0		1		1	1	pwg	0	0	variant-form-in-MW	1	check	pratyayhara/short-form class (PWK lists grammatical elements MW does not headword)
UhApohasamarTa	ūhāpohasamartha	pw	215308	7-326-c	1	151	1	245,1061	0		1	1	sch	0	0	confirmed-missing	5	check	
UhanA	ūhanā	pw	215307	7-326-c	1	116	1	245,1060	1	Uhana:1.000	1	1	sch	0	0	variant-form-in-MW	3	check	vowel-length/case variant of MW headword 'Uhana' (fold-twin - same lexeme or distinct word needs eyes)
UnaviMSativarzopasaMpAdana	ūnaviṃśativarṣopasaṃpādana	pw	215261	7-326-b	1	145	1	261	0		1	1	sch	0	0	confirmed-missing	5	check	
UrDvaBAgIya	ūrdhvabhāgīya	pw	215286	7-326-c	1	143	1	109	0		2	2	bhs;sch	0	0	confirmed-missing	7	add	
UrRAparikarmaRa	ūrṇāparikarmaṇa	pw	215276	7-326-b	1	168	1	260	0		1	1	sch	0	0	confirmed-missing	5	check	
UrdI	ūrdī	pw	21068.1	1-257-a	0	23	0		1	urdi:1.000	0	0		0	0	variant-form-in-MW	-2	low-priority	vowel-length/case variant of MW headword 'urdi' (fold-twin - same lexeme or distinct word needs eyes); pratyayhara/short-form class (PWK lists grammatical elements MW does not headword)
Urdi	ūrdi	pw	21070	1-257-a	0	54	0		1	urdi:1.000	0	0		0	0	variant-form-in-MW	-2	low-priority	vowel-length/case variant of MW headword 'urdi' (fold-twin - same lexeme or distinct word needs eyes); pratyayhara/short-form class (PWK lists grammatical elements MW does not headword)
Urjana	ūrjana	pw	21033	1-256-c	0	77	0		0		1	1	pwg	0	0	confirmed-missing	3	check	
UrvyaNga	ūrvyaṅga	pw	21215	1-259-a	0	46	0		0	UrvaNga:0.933	2	1	mw72;pwg	0	0	confirmed-missing	2	add-check	false-friend near form 'UrvaNga' (0.933) - different word, omission stands
UyamAnavarDana	ūyamānavardhana	pw	215265	7-326-b	1	199	1	260	0		1	1	sch	0	0	confirmed-missing	5	check	
UzRa	ūṣṇa	pw	21232	1-259-a	0	43	0		0	uzRa:1.000	1	1	pwg	0	0	confirmed-missing	0	check	vowel-length/case variant of MW headword 'uzRa' (fold-twin - same lexeme or distinct word needs eyes); pratyayhara/short-form class (PWK lists grammatical elements MW does not headword)
Uzavant	ūṣavant	pw	21229	1-259-a	0	50	0		0	Uzavat:0.923	1	1	pwg	1	1	confirmed-missing	2	check	false-friend near form 'Uzavat' (0.923) - different word, omission stands
UzmAy	ūṣmāy	pw	21246	1-259-b	0	68	0		1		2	2	pwg;sch	1	0	variant-form-in-MW	5	add-check	
UzmaRa	ūṣmaṇa	pw	21236	1-259-b	0	81	0		0	UzmaRya:0.923	5	4	ap;ap90;mw72;pwg;vcp	0	0	confirmed-missing	9	add-check	false-friend near form 'UzmaRya' (0.923) - different word, omission stands
WuWuka	ṭhuṭhuka	pw	43891	2-283-b	0	51	0		0	wuwuka:1.000	0	0		0	0	confirmed-missing	-2	low-priority	vowel-length/case variant of MW headword 'wuwuka' (fold-twin - same lexeme or distinct word needs eyes)
aBedyaparivAra	abhedyaparivāra	pw	212343	7-306-d	1	130	1	244	0		1	1	sch	0	0	confirmed-missing	5	check	
aBedyaratracUqa	abhedyaratracūḍa	pw	212344	7-306-d	1	120	1	172	0		0	0		0	0	confirmed-missing	3	low-priority	
aBilapanatA	abhilapanatā	pw	212273	7-306-b	1	103	1	138	0		2	2	bhs;sch	0	0	confirmed-missing	7	add	
aBilowaka	abhiloṭaka	pw	7580	1-089-a	0	51	0		0		1	1	pwg	0	0	confirmed-missing	2	check	
aBimanAy	abhimanāy	pw	7498	1-088-a	0	104	0		1	aBimanAya:0.941	3	3	gst;pwg;sch	1	0	variant-form-in-MW	7	add-check	false-friend near form 'aBimanAya' (0.941) - different word, omission stands
aBinamana	abhinamana	pw	212203	7-305-d	1	106	1	97	0		2	2	bhs;sch	0	0	confirmed-missing	7	add	
aBisAvakIy	abhisāvakīy	pw	7743	1-090-c	0	52	0		1	aBisAvakIya:0.952	2	2	gst;pwg	0	0	variant-form-in-MW	2	add-check	probable orthographic doublet of MW headword 'aBisAvakIya' (0.952)
aBisaMDita	abhisaṃdhita	pw	7717	1-090-b	0	131	0		0		1	1	ben	0	0	confirmed-missing	3	check	
aBisaMkzepikam	abhisaṃkṣepikam	pw	212307	7-306-c	1	110	1	245	0		1	1	sch	0	0	confirmed-missing	5	check	
aBisaMpAta	abhisaṃpāta	pw	7724	1-090-b	0	64	0		0	aBisampAta:1.000	1	1	pwg	0	0	confirmed-missing	1	check	vowel-length/case variant of MW headword 'aBisampAta' (fold-twin - same lexeme or distinct word needs eyes)
aBisamitAvin	abhisamitāvin	pw	212311	7-306-c	1	113	1	142	0		2	2	bhs;sch	0	0	confirmed-missing	7	add	
aBisusUs	abhisusūs	pw	7744	1-090-c	0	38	0		0		1	1	pwg	0	0	confirmed-missing	2	check	
aBizecanI	abhiṣecanī	pw	212302	7-306-c	1	116	1	25	1		2	2	bhs;sch	0	0	variant-form-in-MW	5	add-check	
aBrAy	abhrāy	pw	8046	1-094-b	0	51	0		1		1	1	pwg	0	0	variant-form-in-MW	0	check	
aBrI	abhrī	pw	8048.1	1-094-b	0	22	0		1	aBri:1.000	6	6	ap;ap90;lrv;pwg;skd;yat	0	0	variant-form-in-MW	10	add-check	vowel-length/case variant of MW headword 'aBri' (fold-twin - same lexeme or distinct word needs eyes); pratyayhara/short-form class (PWK lists grammatical elements MW does not headword)
aBramataNgaja	abhramataṅgaja	pw	8025	1-094-a	0	72	0		0		1	1	pwg	0	0	confirmed-missing	3	check	
aBrasAra	abhrasāra	pw	8038	1-094-a	0	67	0		0		0	0		0	0	confirmed-missing	1	low-priority	
aByASI	abhyāśī	pw	7953	1-093-a	0	64	0		1	aByAsic:0.923	0	0		0	0	variant-form-in-MW	-1	low-priority	false-friend near form 'aByAsic' (0.923) - different word, omission stands
aByamanavant	abhyamanavant	pw	7874	1-092-b	0	67	0		0	aByamanavat:0.957	1	1	pwg	0	0	confirmed-missing	1	check	probable orthographic doublet of MW headword 'aByamanavat' (0.957)
aByezIya	abhyeṣīya	pw	8008.1	1-093-c	0	22	0		0		0	0		0	0	confirmed-missing	0	low-priority	
aByeza	abhyeṣa	pw	8008	1-093-c	0	108	0		0		1	1	pwg	0	0	confirmed-missing	3	check	
aDISitar	adhīśitar	pw	2979	1-035-b	0	94	0		0		2	2	pwg;sch	0	0	confirmed-missing	5	add	
aDaHSalya	adhaḥśalya	pw	2747	1-032-b	0	93	0		0	aDaHSaya:0.941	0	0		1	0	confirmed-missing	1	low-priority	false-friend near form 'aDaHSaya' (0.941) - different word, omission stands
aDaHpawu	adhaḥpaṭu	pw	2690	1-031-c	0	62	0		0		0	0		0	0	confirmed-missing	1	low-priority	
aDaHpuwa	adhaḥpuṭa	pw	2694	1-031-c	0	100	0		0		0	0		0	0	confirmed-missing	1	low-priority	
aDaScOra	adhaścaura	pw	2742	1-032-b	0	46	0		0		7	7	bur;gst;pwg;shs;vcp;wil;yat	0	0	confirmed-missing	14	add	
aDamaSAKIya	adhamaśākhīya	pw	2707.1	1-031-c	0	22	0		0		1	1	pwg	0	0	confirmed-missing	2	check	
aDamadvija	adhamadvija	pw	2703	1-031-c	0	94	0		0		1	1	armh	0	0	confirmed-missing	3	check	
aDarakaRwaka	adharakaṇṭaka	pw	2712	1-032-a	0	207	0		0		0	0		0	0	confirmed-missing	1	low-priority	
aDareRa	adhareṇa	pw	2726	1-032-a	0	147	0		0		9	9	ap;ap90;gst;pwg;shs;skd;vcp;wil;yat	0	1	confirmed-missing	19	add	
aDaroruka	adharoruka	pw	2729	1-032-a	0	151	0		0		0	0		0	0	confirmed-missing	1	low-priority	
aDikakaRwaka	adhikakaṇṭaka	pw	2770	1-033-a	0	93	0		0		0	0		1	0	confirmed-missing	3	low-priority	
aDikfzRam	adhikṛṣṇam	pw	2807	1-033-c	0	72	0		0		0	0		0	0	confirmed-missing	1	low-priority	
aDimuktikA	adhimuktikā	pw	2883	1-034-b	0	72	0		1	aDimuktika:1.000	1	1	ap	0	0	variant-form-in-MW	1	check	vowel-length/case variant of MW headword 'aDimuktika' (fold-twin - same lexeme or distinct word needs eyes)
aDivedikA	adhivedikā	pw	2936	1-035-a	0	114	0		0		0	0		0	0	confirmed-missing	1	low-priority	
aDivedinI	adhivedinī	pw	2936.1	1-035-a	0	22	0		0		0	0		0	0	confirmed-missing	0	low-priority	
aDiyAga	adhiyāga	pw	2887	1-034-b	0	54	0		0		1	1	pwg	0	0	confirmed-missing	2	check	
aDoSuka	adhośuka	pw	2992	1-035-c	0	53	0		0	aDoMSuka:0.933	3	3	cae;gst;pwg	0	0	confirmed-missing	4	add-check	false-friend near form 'aDoMSuka' (0.933) - different word, omission stands
aDrasmAt	adhrasmāt	pw	2719.1	1-032-a	0	22	0		0	aDarasmAt:0.941	0	0		0	0	confirmed-missing	-2	low-priority	false-friend near form 'aDarasmAt' (0.941) - different word, omission stands
aDvakzamin	adhvakṣamin	pw	3131	1-037-a	0	67	0		0		0	0		0	0	confirmed-missing	1	low-priority	
aDyaSva	adhyaśva	pw	3079	1-036-b	0	60	0		0	adyaSva:1.000	1	1	pwg	0	0	confirmed-missing	0	check	vowel-length/case variant of MW headword 'adyaSva' (fold-twin - same lexeme or distinct word needs eyes)
aGavant	aghavant	pw	831	1-010-b	0	53	0		0	aGavat:0.923	1	1	pwg	0	0	confirmed-missing	0	check	false-friend near form 'aGavat' (0.923) - different word, omission stands
aGay	aghay	pw	827	1-010-b	0	44	0		1		1	1	pwg	0	0	variant-form-in-MW	0	check	pratyayhara/short-form class (PWK lists grammatical elements MW does not headword)
aMSay	aṃśay	pw	16	1-001-a	0	47	0		0		1	1	pwg	0	0	confirmed-missing	2	check	
aNGrigranTika	aṅghrigranthika	pw	1088	1-013-b	0	91	0		0		0	0		0	0	confirmed-missing	1	low-priority	
aNGrikaraka	aṅghrikaraka	pw	1086	1-013-b	0	95	0		0		0	0		0	0	confirmed-missing	1	low-priority	
aNGrikavaca	aṅghrikavaca	pw	1087	1-013-b	0	68	0		0		0	0		0	0	confirmed-missing	1	low-priority	
aNGripicCa	aṅghripiccha	pw	1091	1-013-b	0	62	0		0		0	0		0	0	confirmed-missing	1	low-priority	
aNGrya	aṅghrya	pw	1094	1-013-b	0	68	0		0	aNgAryA:0.923	0	0		0	0	confirmed-missing	-1	low-priority	false-friend near form 'aNgAryA' (0.923) - different word, omission stands
aNgAraBakzaka	aṅgārabhakṣaka	pw	1009	1-012-b	0	81	0		0		0	0		0	0	confirmed-missing	1	low-priority	
aNgAraDARI	aṅgāradhāṇī	pw	1003.1	1-012-b	0	22	0		0		0	0		0	0	confirmed-missing	0	low-priority	
aNgAraDArikA	aṅgāradhārikā	pw	1003.2	1-012-b	0	22	0		0		0	0		0	0	confirmed-missing	0	low-priority	
aNgAragranTi	aṅgāragranthi	pw	1001	1-012-b	0	86	0		0		0	0		0	0	confirmed-missing	1	low-priority	
aNgArakarkawI	aṅgārakarkaṭī	pw	994	1-012-b	0	75	0		0		0	0		0	0	confirmed-missing	1	low-priority	
aNgAramaRi	aṅgāramaṇi	pw	1011	1-012-b	0	64	0		0		0	0		0	0	confirmed-missing	1	low-priority	
aNgAramaRqaka	aṅgāramaṇḍaka	pw	1012	1-012-b	0	75	0		0		0	0		0	0	confirmed-missing	1	low-priority	
aNgArapUrikA	aṅgārapūrikā	pw	1008	1-012-b	0	80	0		0		1	1	ap	0	0	confirmed-missing	3	check	
aNgArasAra	aṅgārasāra	pw	1019	1-012-c	0	95	0		0		0	0		0	0	confirmed-missing	1	low-priority	
aNgArasadana	aṅgārasadana	pw	1018	1-012-c	0	76	0		0		0	0		0	0	confirmed-missing	1	low-priority	
aNgAravfkza	aṅgāravṛkṣa	pw	1016	1-012-c	0	92	0		0		0	0		0	0	confirmed-missing	1	low-priority	
aNgaBaNga	aṅgabhaṅga	pw	948	1-012-a	0	71	0		0		3	3	cae;ccs;sch	1	1	confirmed-missing	9	add	
aNgabalin	aṅgabalin	pw	946	1-011-c	0	67	0		0		0	0		0	0	confirmed-missing	1	low-priority	
aNgacaya	aṅgacaya	pw	928	1-011-c	0	69	0		0		0	0		0	0	confirmed-missing	1	low-priority	
aNgamArdin	aṅgamārdin	pw	954.2	1-012-a	0	21	0		0	aNgamardin:1.000	0	0		0	0	confirmed-missing	-2	low-priority	vowel-length/case variant of MW headword 'aNgamardin' (fold-twin - same lexeme or distinct word needs eyes)
aNgavastrotTA	aṅgavastrotthā	pw	968	1-012-a	0	71	0		0		1	1	ap	0	0	confirmed-missing	3	check	
aNgovCana	aṅgovchana	pw	1079.1	1-013-b	0	22	0		0		0	0		0	0	confirmed-missing	0	low-priority	
aNgulIBava	aṅgulībhava	pw	1064	1-013-a	0	73	0		0		0	0		0	0	confirmed-missing	1	low-priority	
aNgulIPaRahastaka	aṅgulīphaṇahastaka	pw	204985	4-291-a	1	101	0		0		2	2	bhs;sch	0	0	confirmed-missing	5	add	
aNgulIPalA	aṅgulīphalā	pw	1063	1-013-a	0	76	0		0		0	0		1	1	confirmed-missing	3	low-priority	
aNgulIka	aṅgulīka	pw	1060	1-013-a	0	52	0		0	ANgulika:1.000	6	5	gst;mw72;pwg;shs;wil;yat	1	0	confirmed-missing	12	add-check	vowel-length/case variant of MW headword 'ANgulika' (fold-twin - same lexeme or distinct word needs eyes)
aNgulIsaMBUta	aṅgulīsaṃbhūta	pw	1068	1-013-a	0	58	0		0	aNgulIsamBUta:1.000	1	1	pwg	0	0	confirmed-missing	0	check	vowel-length/case variant of MW headword 'aNgulIsamBUta' (fold-twin - same lexeme or distinct word needs eyes)
aNgulimuwrika	aṅgulimuṭrika	pw	1053.1	1-013-a	0	22	0		0	aNgulimudrikA:0.923	0	0		0	0	confirmed-missing	-2	low-priority	false-friend near form 'aNgulimudrikA' (0.923) - different word, omission stands
aNgulisaMdaMSa	aṅgulisaṃdaṃśa	pw	1058	1-013-a	0	114	0		0		0	0		0	0	confirmed-missing	1	low-priority	
aRIva	aṇīva	pw	1537	1-019-a	0	46	0		0		1	1	pwg	0	0	confirmed-missing	2	check	
aRqAraka	aṇḍāraka	pw	200247	1-284-b	1	144	0		0	AqAraka:0.933	1	1	sch	0	0	confirmed-missing	1	check	false-friend near form 'AqAraka' (0.933) - different word, omission stands
aRqakoSaka	aṇḍakośaka	pw	1565	1-019-b	0	53	0		0		0	0		0	0	confirmed-missing	0	low-priority	
aRqarAy	aṇḍarāy	pw	1570.1	1-019-b	0	22	0		1	aRqarAya:0.933	1	1	pwg	0	0	variant-form-in-MW	0	check	false-friend near form 'aRqarAya' (0.933) - different word, omission stands
aRqasamudBavA	aṇḍasamudbhavā	pw	1572	1-019-b	0	77	0		0		0	0		0	0	confirmed-missing	1	low-priority	
aRqira	aṇḍira	pw	1575	1-019-b	0	59	0		0	aRqIra:1.000	1	1	vcp	0	0	confirmed-missing	0	check	vowel-length/case variant of MW headword 'aRqIra' (fold-twin - same lexeme or distinct word needs eyes)
aSAntaganDAQyA	aśāntagandhāḍhyā	pw	11517	1-136-a	0	73	0		0		0	0		0	0	confirmed-missing	1	low-priority	
aSOklya	aśauklya	pw	208509	6-296-c	1	113	0		0		1	1	sch	0	0	confirmed-missing	3	check	
aSUkamuRqa	aśūkamuṇḍa	pw	11598	1-136-c	0	72	0		0		0	0		1	0	confirmed-missing	3	low-priority	
aSaka	aśaka	pw	11447	1-135-a	0	85	0		0	ASaka:1.000	0	0		0	0	confirmed-missing	-1	low-priority	vowel-length/case variant of MW headword 'ASaka' (fold-twin - same lexeme or distinct word needs eyes)
aSalka	aśalka	pw	11501	1-135-c	0	45	0		0		0	0		0	0	confirmed-missing	0	low-priority	
aSanIy	aśanīy	pw	11486	1-135-c	0	59	0		1	aSanIya:0.923	1	1	pwg	0	0	variant-form-in-MW	0	check	false-friend near form 'aSanIya' (0.923) - different word, omission stands
aSanavant	aśanavant	pw	11472	1-135-b	0	56	0		0	aSanavat:0.941	1	1	pwg	0	0	confirmed-missing	0	check	false-friend near form 'aSanavat' (0.941) - different word, omission stands
aSiTilatva	aśithilatva	pw	208499	6-296-b	1	115	0		0		1	1	sch	0	0	confirmed-missing	3	check	
aSirzin	aśirṣin	pw	11574.3	1-136-b	0	23	0		0	aSIrzin:1.000	0	0		0	0	confirmed-missing	-2	low-priority	vowel-length/case variant of MW headword 'aSIrzin' (fold-twin - same lexeme or distinct word needs eyes)
aSlIladfQarUpa	aślīladṛḍharūpa	pw	11780	1-138-c	0	130	0		1	aSlIladfQarUpA:1.000	0	0		0	0	variant-form-in-MW	-1	low-priority	vowel-length/case variant of MW headword 'aSlIladfQarUpA' (fold-twin - same lexeme or distinct word needs eyes)
aSlIlarUpa	aślīlarūpa	pw	11783	1-138-c	0	89	0		0		0	0		0	0	confirmed-missing	1	low-priority	
aSmIra	aśmīra	pw	11722	1-138-a	0	62	0		0		7	6	bur;mw72;pwg;shs;vcp;wil;yat	0	0	confirmed-missing	15	add	
aSmIya	aśmīya	pw	11721	1-138-a	0	65	0		0		1	1	pwg	0	0	confirmed-missing	3	check	
aSmaBAra	aśmabhāra	pw	11693	1-137-c	0	83	0		0	asamabARa:0.941	0	0		0	0	confirmed-missing	-1	low-priority	false-friend near form 'asamabARa' (0.941) - different word, omission stands
aSmajatuka	aśmajatuka	pw	11677	1-137-c	0	51	0		0		5	5	lrv;pwg;shs;wil;yat	1	0	confirmed-missing	12	add	
aSmajit	aśmajit	pw	11678	1-137-c	0	68	0		0		0	0		1	1	confirmed-missing	3	low-priority	
aSmalAkzA	aśmalākṣā	pw	11704	1-138-a	0	72	0		0		0	0		1	1	confirmed-missing	3	low-priority	
aSmaloha	aśmaloha	pw	11705	1-138-a	0	60	0		0		0	0		0	0	confirmed-missing	0	low-priority	
aSmaraTa	aśmaratha	pw	11699	1-137-c	0	66	0		0	ASmaraTa:1.000	2	2	pwg;vcp	0	0	confirmed-missing	3	add-check	vowel-length/case variant of MW headword 'ASmaraTa' (fold-twin - same lexeme or distinct word needs eyes)
aSnItapibatIy	aśnītapibatīy	pw	11661	1-137-b	0	92	0		1	aSnItapibatIya:0.963	0	0		0	0	variant-form-in-MW	-1	low-priority	probable orthographic doublet of MW headword 'aSnItapibatIya' (0.963)
aSokavartikA	aśokavartikā	pw	11635	1-137-b	0	85	0		0		0	0		0	0	confirmed-missing	1	low-priority	
aSrAmaRya	aśrāmaṇya	pw	213393	7-313-b	1	121	1	127	0	aSramaRa:0.941	2	2	bhs;sch	0	0	confirmed-missing	5	add-check	false-friend near form 'aSramaRa' (0.941) - different word, omission stands
aSuBaBAvanA	aśubhabhāvanā	pw	213366	7-313-b	1	162	1	52	0		2	2	bhs;sch	0	0	confirmed-missing	7	add	
aSukAhva	aśukāhva	pw	11579	1-136-c	0	69	0		0		0	0		0	0	confirmed-missing	1	low-priority	
aSv	aśv	pw	11788	1-138-c	0	61	0		1		1	1	pwg	0	0	variant-form-in-MW	1	check	pratyayhara/short-form class (PWK lists grammatical elements MW does not headword)
aSvAlu	aśvālu	pw	11985	1-140-c	0	67	0		0		0	0		0	0	confirmed-missing	1	low-priority	
aSvAvaraja	aśvāvaraja	pw	11988	1-140-c	0	96	0		0		0	0		0	0	confirmed-missing	1	low-priority	
aSvIy	aśvīy	pw	12000	1-141-a	0	56	0		1		1	1	pwg	0	0	variant-form-in-MW	0	check	
aSvaBakzakA	aśvabhakṣakā	pw	11873	1-139-c	0	85	0		0		0	0		0	0	confirmed-missing	1	low-priority	
aSvaKaraja	aśvakharaja	pw	11802	1-139-a	0	75	0		0		2	2	lrv;vcp	0	0	confirmed-missing	5	add	
aSvabrahmacaryaka	aśvabrahmacaryaka	pw	11872	1-139-c	0	205	0		0		0	0		0	0	confirmed-missing	1	low-priority	
aSvajIvana	aśvajīvana	pw	11818	1-139-a	0	67	0		0		0	0		0	0	confirmed-missing	1	low-priority	
aSvakAya	aśvakāya	pw	213411	7-313-c	1	90	1	183	0		1	1	sch	0	0	confirmed-missing	5	check	
aSvakanTarikA	aśvakantharikā	pw	11791	1-138-c	0	94	0		0		0	0		0	0	confirmed-missing	1	low-priority	
aSvamAtar	aśvamātar	pw	11877	1-139-c	0	86	0		0		0	0		0	0	confirmed-missing	1	low-priority	
aSvanAsikA	aśvanāsikā	pw	11843	1-139-b	0	75	0		0		0	0		0	0	confirmed-missing	1	low-priority	
aSvaprapatanIya	aśvaprapatanīya	pw	11863.1	1-139-c	0	23	0		0	aSvaprapadanIya:0.933	0	0		0	0	confirmed-missing	-2	low-priority	false-friend near form 'aSvaprapadanIya' (0.933) - different word, omission stands
aSvaprapatana	aśvaprapatana	pw	11863	1-139-c	0	82	0		0	aSvaprapadana:0.923	1	1	pwg	0	0	confirmed-missing	1	check	false-friend near form 'aSvaprapadana' (0.923) - different word, omission stands
aSvapucCA	aśvapucchā	pw	11856	1-139-c	0	95	0		0		0	0		1	1	confirmed-missing	3	low-priority	
aSvaputrI	aśvaputrī	pw	11857	1-139-c	0	91	0		0		0	0		0	0	confirmed-missing	1	low-priority	
aSvasenanfpanandana	aśvasenanṛpanandana	pw	11952	1-140-c	0	88	0		0		4	4	shs;vcp;wil;yat	0	0	confirmed-missing	9	add	
aSvasta	aśvasta	pw	208518	6-296-c	1	141	0		0	asvasTa:1.000	1	1	sch	0	0	confirmed-missing	1	check	vowel-length/case variant of MW headword 'asvasTa' (fold-twin - same lexeme or distinct word needs eyes)
aSvasy	aśvasy	pw	11961	1-140-c	0	65	0		1	aSvasya:0.923	1	1	pwg	0	0	variant-form-in-MW	1	check	false-friend near form 'aSvasya' (0.923) - different word, omission stands
aSvatTala	aśvatthala	pw	11827	1-139-b	0	66	0		0		1	1	pwg	0	0	confirmed-missing	3	check	
aSvatTasaMniBA	aśvatthasaṃnibhā	pw	11828	1-139-b	0	80	0		0		0	0		0	0	confirmed-missing	1	low-priority	
aSvay	aśvay	pw	11893	1-140-a	0	54	0		1		2	2	gra;pwg	0	0	variant-form-in-MW	2	add-check	
aSvimant	aśvimant	pw	11998	1-141-a	0	77	0		0	aSvimat:0.933	1	1	pwg	0	0	confirmed-missing	1	check	false-friend near form 'aSvimat' (0.933) - different word, omission stands
aSvinIBezaja	aśvinībheṣaja	pw	11996	1-141-a	0	92	0		0		0	0		0	0	confirmed-missing	1	low-priority	
aSvinIputra	aśvinīputra	pw	11995	1-141-a	0	76	0		0		3	3	lrv;shs;wil	1	0	confirmed-missing	9	add	
aSvinIsuta	aśvinīsuta	pw	11997	1-141-a	0	75	0		0		4	4	lrv;pe;shs;wil	1	0	confirmed-missing	11	add	
aSvininI	aśvininī	pw	11993	1-141-a	0	66	0		0		0	0		0	0	confirmed-missing	1	low-priority	
aTary	athary	pw	2365	1-028-a	0	53	0		1		2	2	gst;pwg	0	0	variant-form-in-MW	2	add-check	
aYjAsA	añjāsā	pw	1463	1-018-a	0	62	0		0	aYjasA:1.000	1	1	pwg	0	0	confirmed-missing	1	check	vowel-length/case variant of MW headword 'aYjasA' (fold-twin - same lexeme or distinct word needs eyes)
aYjaliSukti	añjaliśukti	pw	1455	1-018-a	0	88	0		0		0	0		0	0	confirmed-missing	1	low-priority	
aYjanAnvaya	añjanānvaya	pw	1446	1-018-a	0	97	0		0		0	0		0	0	confirmed-missing	1	low-priority	
aYjanakoSI	añjanakośī	pw	1435	1-017-c	0	98	0		0		0	0		0	0	confirmed-missing	1	low-priority	
aYjanapraBa	añjanaprabha	pw	1442	1-018-a	0	106	0		0		0	0		0	0	confirmed-missing	1	low-priority	
aYjanatraya	añjanatraya	pw	1438	1-017-c	0	109	0		0		0	0		1	0	confirmed-missing	3	low-priority	
aYjanatritaya	añjanatritaya	pw	1438.1	1-017-c	0	22	0		0		0	0		1	0	confirmed-missing	2	low-priority	
aYjanika	añjanika	pw	200238	1-284-a	1	69	0		1	aYjanikA:1.000	4	3	gst;mw72;pwg;sch	0	0	variant-form-in-MW	7	add-check	vowel-length/case variant of MW headword 'aYjanikA' (fold-twin - same lexeme or distinct word needs eyes)
aYjihIzA	añjihīṣā	pw	1471	1-018-b	0	60	0		0	aYjihizA:1.000	0	0		0	0	confirmed-missing	-2	low-priority	vowel-length/case variant of MW headword 'aYjihizA' (fold-twin - same lexeme or distinct word needs eyes)
abBogIna	abbhogīna	pw	205226	4-294-a	1	79	0		0		1	1	sch	0	0	confirmed-missing	3	check	
abDiPala	abdhiphala	pw	7175	1-084-a	0	96	0		0	aBipAla:0.933	1	1	gst	1	0	confirmed-missing	3	check	false-friend near form 'aBipAla' (0.933) - different word, omission stands
abDisadman	abdhisadman	pw	7181	1-084-a	0	86	0		0		0	0		0	0	confirmed-missing	1	low-priority	
abDisetukft	abdhisetukṛt	pw	7183	1-084-a	0	84	0		0		0	0		0	0	confirmed-missing	1	low-priority	
abDivallaBa	abdhivallabha	pw	7178	1-084-a	0	65	0		0		0	0		0	0	confirmed-missing	1	low-priority	
abarbara	abarbara	pw	7080	1-083-a	0	49	0		0	ABaraRa:0.933	0	0		0	0	confirmed-missing	-2	low-priority	false-friend near form 'ABaraRa' (0.933) - different word, omission stands
abazkayaRI	abaṣkayaṇī	pw	7090	1-083-a	0	77	0		0		0	0		0	0	confirmed-missing	1	low-priority	
abjabIjakft	abjabījakṛt	pw	7138	1-083-c	0	79	0		0		0	0		0	0	confirmed-missing	1	low-priority	
abjakarRikA	abjakarṇikā	pw	7133	1-083-c	0	89	0		0		3	3	ap;gst;lrv	0	0	confirmed-missing	7	add	
abjas	abjas	pw	7143	1-083-c	0	46	0		1		6	5	ap;ap90;gst;mw72;pwg;vcp	0	0	variant-form-in-MW	10	add-check	
abjinIbanDu	abjinībandhu	pw	7153	1-083-c	0	68	0		0		0	0		0	0	confirmed-missing	1	low-priority	
abrajas	abrajas	pw	212130	7-305-b	1	108	1	251	0	arajas:0.923	2	2	bhs;sch	0	0	confirmed-missing	5	add-check	false-friend near form 'arajas' (0.923) - different word, omission stands
acAra	acāra	pw	1125	1-014-a	0	60	0		1	AcAra:1.000	1	1	bhs	0	0	variant-form-in-MW	0	check	vowel-length/case variant of MW headword 'AcAra' (fold-twin - same lexeme or distinct word needs eyes)
acCamaRqaka	acchamaṇḍaka	pw	206033	5-241-a	1	64	0		0		1	1	sch	0	0	confirmed-missing	3	check	
acalaBrAtar	acalabhrātar	pw	1116	1-013-c	0	104	0		0		1	1	pwg	0	0	confirmed-missing	3	check	
acikkaRa	acikkaṇa	pw	1130	1-014-a	0	61	0		0		4	3	gst;mw72;pwg;vcp	0	0	confirmed-missing	9	add	
acintyaja	acintyaja	pw	203318	3-247-b	1	94	0		0		1	1	sch	1	0	confirmed-missing	5	check	
adButADyApaka	adbhutādhyāpaka	pw	2570	1-030-b	0	100	0		0		1	1	pwg	0	0	confirmed-missing	3	check	
adUratriMSa	adūratriṃśa	pw	2497	1-029-b	0	101	0		0		0	0		0	0	confirmed-missing	1	low-priority	
adasy	adasy	pw	2439	1-029-a	0	62	0		1		2	2	gst;pwg	0	0	variant-form-in-MW	3	add-check	
adfkpaTa	adṛkpatha	pw	2502	1-029-c	0	61	0		0		0	0		0	0	confirmed-missing	1	low-priority	
aditidevatya	aditidevatya	pw	2466	1-029-b	0	90	0		0		0	0		0	0	confirmed-missing	1	low-priority	
aditiputra	aditiputra	pw	2467.1	1-029-b	0	22	0		0		0	0		0	0	confirmed-missing	0	low-priority	
adivyaganDa	adivyagandha	pw	2471	1-029-b	0	66	0		0		0	0		0	0	confirmed-missing	1	low-priority	
adrezka	adreṣka	pw	2640	1-031-a	0	88	0		0		0	0		0	0	confirmed-missing	1	low-priority	
adriDanvan	adridhanvan	pw	2617	1-031-a	0	83	0		0		0	0		0	0	confirmed-missing	1	low-priority	
adrijatu	adrijatu	pw	2611	1-030-c	0	67	0		0		1	1	sch	1	1	confirmed-missing	5	check	
adrikadalI	adrikadalī	pw	2605	1-030-c	0	89	0		0		0	0		0	0	confirmed-missing	1	low-priority	
adrimAza	adrimāṣa	pw	2625	1-031-a	0	87	0		0		0	0		0	0	confirmed-missing	1	low-priority	
adrisAnujA	adrisānujā	pw	2633	1-031-a	0	89	0		0		0	0		0	0	confirmed-missing	1	low-priority	
agArdaBaraTika	agārdabharathika	pw	201859	2-285-c	1	117	0		0		1	1	sch	0	0	confirmed-missing	3	check	
agady	agady	pw	435	1-006-a	0	111	0		1		2	2	gst;pwg	0	0	variant-form-in-MW	3	add-check	
agfhapati	agṛhapati	pw	200115	1-283-a	1	80	0		0		1	1	sch	0	0	confirmed-missing	3	check	
agfhapatika	agṛhapatika	pw	200115.1	1-283-a	1	24	0		0		0	0		0	0	confirmed-missing	0	low-priority	
agkolaka	agkolaka	pw	912.3	1-011-b	0	21	0		0		0	0		0	0	confirmed-missing	0	low-priority	
aglAsnu	aglāsnu	pw	818	1-010-b	0	62	0		0		1	1	sch	0	0	confirmed-missing	3	check	
agnAmarut	agnāmarut	pw	502	1-006-c	0	84	0		0	agnAmarutO:0.947	3	3	gst;pwg;vcp	0	0	confirmed-missing	5	add-check	false-friend near form 'agnAmarutO' (0.947) - different word, omission stands
agnIvaruRa	agnīvaruṇa	pw	701	1-008-c	0	86	0		0	AgnivAruRa:1.000	3	3	pwg;sch;vcp	1	0	confirmed-missing	7	add-check	vowel-length/case variant of MW headword 'AgnivAruRa' (fold-twin - same lexeme or distinct word needs eyes)
agniDamanI	agnidhamanī	pw	562	1-007-b	0	84	0		0	agnidamanI:1.000	0	0		0	0	confirmed-missing	-1	low-priority	vowel-length/case variant of MW headword 'agnidamanI' (fold-twin - same lexeme or distinct word needs eyes)
agnicitvant	agnicitvant	pw	530	1-007-a	0	74	0		0	agnicitvat:0.952	1	1	pwg	0	0	confirmed-missing	1	check	probable orthographic doublet of MW headword 'agnicitvat' (0.952)
agnikaSyapIya	agnikaśyapīya	pw	510	1-006-c	0	105	0		0		1	1	pwg	0	0	confirmed-missing	3	check	
agnisaMBava	agnisaṃbhava	pw	663	1-008-b	0	141	0		0	agnisamBava:1.000	1	1	pwg	0	0	confirmed-missing	1	check	vowel-length/case variant of MW headword 'agnisamBava' (fold-twin - same lexeme or distinct word needs eyes)
agnisuta	agnisuta	pw	672	1-008-c	0	103	0		0	agnisUtra:0.941	1	1	inm	0	0	confirmed-missing	1	check	false-friend near form 'agnisUtra' (0.941) - different word, omission stands
agnyucCizwa	agnyucchiṣṭa	pw	718	1-009-a	0	63	0		0		0	0		0	0	confirmed-missing	1	low-priority	
agopa	agopa	pw	200120	1-283-a	1	115	0		1	agopA:1.000	1	1	sch	1	0	variant-form-in-MW	3	check	vowel-length/case variant of MW headword 'agopA' (fold-twin - same lexeme or distinct word needs eyes)
agozpada	agoṣpada	pw	201873	2-286-a	1	86	0		0		1	1	sch	0	0	confirmed-missing	3	check	
agrAmyakanda	agrāmyakanda	pw	201890	2-286-a	1	96	0		0		1	1	sch	0	0	confirmed-missing	3	check	
agraBojana	agrabhojana	pw	200153	1-283-b	1	110	0		0		1	1	sch	0	0	confirmed-missing	3	check	
aguruSiMSapA	aguruśiṃśapā	pw	484	1-006-b	0	73	0		0		8	8	ap;gst;pwg;shs;skd;vcp;wil;yat	0	0	confirmed-missing	17	add	
agurusAra	agurusāra	pw	485	1-006-b	0	68	0		0		3	3	md;pwg;sch	0	0	confirmed-missing	7	add	
ahaMkAravant	ahaṃkāravant	pw	13096	1-155-a	0	80	0		0	ahaMkAravat:0.957	1	1	pwg	0	0	confirmed-missing	1	check	probable orthographic doublet of MW headword 'ahaMkAravat' (0.957)
ahaMmuni	ahaṃmuni	pw	13136	1-155-c	0	73	0		0		0	0		0	0	confirmed-missing	1	low-priority	
ahaMpuruzikA	ahaṃpuruṣikā	pw	13125	1-155-b	0	99	0		0		0	0		0	0	confirmed-missing	1	low-priority	
aharniSivyApaka	aharniśivyāpaka	pw	13151	1-155-c	0	74	0		0		0	0		0	0	confirmed-missing	1	low-priority	
ahiPala	ahiphala	pw	13231	1-156-c	0	283	0		0		0	0		0	0	confirmed-missing	1	low-priority	
ahibIja	ahibīja	pw	13234	1-156-c	0	68	0		0		0	0		0	0	confirmed-missing	1	low-priority	
ahidant	ahidant	pw	13219	1-156-b	0	58	0		1	ahidanta:0.933	1	1	pwg	0	0	variant-form-in-MW	0	check	false-friend near form 'ahidanta' (0.933) - different word, omission stands
ahiganDA	ahigandhā	pw	13202	1-156-b	0	80	0		0		0	0		0	0	confirmed-missing	1	low-priority	
ahijAhaka	ahijāhaka	pw	13211	1-156-b	0	69	0		0		0	0		0	0	confirmed-missing	1	low-priority	
ahijihvikA	ahijihvikā	pw	13212	1-156-b	0	92	0		0		0	0		0	0	confirmed-missing	1	low-priority	
ahikuwin	ahikuṭin	pw	13198	1-156-b	0	70	0		0		0	0		0	0	confirmed-missing	1	low-priority	
ahimant	ahimant	pw	13244	1-156-c	0	84	0		0	ahimat:0.923	0	0		0	0	confirmed-missing	-1	low-priority	false-friend near form 'ahimat' (0.923) - different word, omission stands
ahimuktA	ahimuktā	pw	13251	1-156-c	0	69	0		0		0	0		0	0	confirmed-missing	1	low-priority	
ahirbuDna	ahirbudhna	pw	13256	1-156-c	0	66	0		0	ahirbuDnya:0.947	3	3	armh;pui;pwg	1	0	confirmed-missing	7	add-check	false-friend near form 'ahirbuDnya' (0.947) - different word, omission stands
ahituRqa	ahituṇḍa	pw	13218	1-156-b	0	82	0		0		0	0		0	0	confirmed-missing	1	low-priority	
ahni	ahni	pw	13320	1-157-c	0	94	0		1		0	0		0	1	variant-form-in-MW	-1	low-priority	pratyayhara/short-form class (PWK lists grammatical elements MW does not headword)
ahoraTaMtara	ahorathaṃtara	pw	13313	1-157-c	0	70	0		0		1	1	pwg	0	0	confirmed-missing	3	check	
ajAkzI	ajākṣī	pw	1293	1-016-a	0	93	0		0		0	0		1	1	confirmed-missing	3	low-priority	
ajAmikft	ajāmikṛt	pw	1325	1-016-b	0	46	0		0		0	0		0	0	confirmed-missing	0	low-priority	
ajAneya	ajāneya	pw	1320	1-016-b	0	168	0		0	AjAneya:1.000	8	7	ap;ap90;bur;gst;mw72;pwg;vcp;wil	0	0	confirmed-missing	15	add-check	vowel-length/case variant of MW headword 'AjAneya' (fold-twin - same lexeme or distinct word needs eyes)
ajAnika	ajānika	pw	1318.1	1-016-b	0	22	0		0	AjAnikya:0.933	6	6	ap;ap90;gst;lrv;pwg;vcp	0	0	confirmed-missing	10	add-check	false-friend near form 'AjAnikya' (0.933) - different word, omission stands
ajApAla	ajāpāla	pw	1323	1-016-b	0	86	0		0	ajapAla:1.000	1	1	sch	0	0	confirmed-missing	1	check	vowel-length/case variant of MW headword 'ajapAla' (fold-twin - same lexeme or distinct word needs eyes)
ajApalaka	ajāpalaka	pw	1323.1	1-016-b	0	22	0		0	ajApAlaka:1.000	0	0		0	0	confirmed-missing	-2	low-priority	vowel-length/case variant of MW headword 'ajApAlaka' (fold-twin - same lexeme or distinct word needs eyes)
ajEkapAdadEvatya	ajaikapādadaivatya	pw	1389	1-017-a	0	163	0		0		0	0		0	0	confirmed-missing	1	low-priority	
ajEkapada	ajaikapada	pw	1388.1	1-017-a	0	22	0		0	ajEkapAd:0.941	0	0		0	0	confirmed-missing	-2	low-priority	false-friend near form 'ajEkapAd' (0.941) - different word, omission stands
ajIlA	ajīlā	pw	1373	1-016-c	0	79	0		0		0	0		0	0	confirmed-missing	1	low-priority	
ajIrRajaraRa	ajīrṇajaraṇa	pw	1369	1-016-c	0	80	0		0		0	0		0	0	confirmed-missing	1	low-priority	
ajYaka	ajñaka	pw	1398	1-017-a	0	94	0		1	ajYakA:1.000	0	0		0	0	variant-form-in-MW	-1	low-priority	vowel-length/case variant of MW headword 'ajYakA' (fold-twin - same lexeme or distinct word needs eyes)
ajaBadra	ajabhadra	pw	1257	1-015-b	0	82	0		0		0	0		0	0	confirmed-missing	1	low-priority	
ajaBakzA	ajabhakṣā	pw	1256.1	1-015-b	0	22	0		1	ajaBakza:1.000	0	0		0	1	variant-form-in-MW	-2	low-priority	vowel-length/case variant of MW headword 'ajaBakza' (fold-twin - same lexeme or distinct word needs eyes)
ajaSrI	ajaśrī	pw	1286	1-015-c	0	63	0		0		0	0		0	0	confirmed-missing	1	low-priority	
ajabanDu	ajabandhu	pw	200227	1-284-a	1	110	0		0		2	2	sch;vcp	0	0	confirmed-missing	5	add	
ajakranda	ajakranda	pw	200219	1-284-a	1	131	0		0		1	1	sch	0	0	confirmed-missing	3	check	
ajanASam	ajanāśam	pw	200226	1-284-a	1	122	0		0		1	1	sch	0	0	confirmed-missing	3	check	
ajanASana	ajanāśana	pw	1245	1-015-b	0	68	0		0		0	0		0	0	confirmed-missing	1	low-priority	
ajarasa	ajarasa	pw	1273.2	1-015-c	0	22	0		0	Ajarasam:0.933	0	0		0	0	confirmed-missing	-2	low-priority	false-friend near form 'Ajarasam' (0.933) - different word, omission stands
ajatunda	ajatunda	pw	1232	1-015-b	0	71	0		0	ajastunda:0.941	0	0		0	0	confirmed-missing	-1	low-priority	false-friend near form 'ajastunda' (0.941) - different word, omission stands
ajinin	ajinin	pw	1351	1-016-c	0	69	0		0		2	2	pwg;sch	1	0	confirmed-missing	7	add	
ajoqumbaraPalA	ajoḍumbaraphalā	pw	1391	1-017-a	0	88	0		0		0	0		0	0	confirmed-missing	1	low-priority	
akARqatikta	akāṇḍatikta	pw	124	1-002-b	0	81	0		0		0	0		0	0	confirmed-missing	1	low-priority	
akaSApa	akaśāpa	pw	200022	1-282-a	1	128	0		0		1	1	sch	0	0	confirmed-missing	3	check	
akarmakft	akarmakṛt	pw	100	1-002-a	0	99	0		0		6	6	ap;cae;gst;lrv;md;sch	0	0	confirmed-missing	13	add	
akata	akata	pw	200012	1-282-a	1	73	0		0	aKAta:1.000	1	1	sch	0	0	confirmed-missing	1	check	vowel-length/case variant of MW headword 'aKAta' (fold-twin - same lexeme or distinct word needs eyes)
akzaSaRqa	akṣaśaṇḍa	pw	336	1-004-c	0	65	0		0		0	0		0	0	confirmed-missing	1	low-priority	
akzapiRqa	akṣapiṇḍa	pw	283	1-004-b	0	53	0		0	akzapIqa:0.941	1	1	pwg	0	0	confirmed-missing	0	check	false-friend near form 'akzapIqa' (0.941) - different word, omission stands
akzarADAra	akṣarādhāra	pw	332	1-004-c	0	69	0		0		0	0		0	0	confirmed-missing	1	low-priority	
akzarakoSa	akṣarakośa	pw	306	1-004-b	0	125	0		0		0	0		0	0	confirmed-missing	1	low-priority	
akzikanInikA	akṣikanīnikā	pw	350	1-005-a	0	69	0		0		0	0		0	0	confirmed-missing	1	low-priority	
alAbunI	alābunī	pw	9988	1-117-c	0	68	0		0		0	0		0	1	confirmed-missing	1	low-priority	
alIkAy	alīkāy	pw	10047	1-118-b	0	53	0		1	alIkAya:0.923	1	1	pwg	0	0	variant-form-in-MW	0	check	false-friend near form 'alIkAya' (0.923) - different word, omission stands
alIzwa	alīṣṭa	pw	10050	1-118-b	0	96	0		0	aSlizwa:0.923	0	0		0	0	confirmed-missing	-1	low-priority	false-friend near form 'aSlizwa' (0.923) - different word, omission stands
alaMbusa	alaṃbusa	pw	9957	1-117-b	0	89	0		0		0	0		0	0	confirmed-missing	1	low-priority	
alaMkartar	alaṃkartar	pw	9905	1-116-c	0	57	0		0		3	3	ccs;pwg;sch	0	0	confirmed-missing	6	add	
alakAhvaya	alakāhvaya	pw	9885	1-116-b	0	106	0		0		0	0		0	0	confirmed-missing	1	low-priority	
aliganDa	aligandha	pw	10010	1-118-a	0	88	0		0		0	0		0	0	confirmed-missing	1	low-priority	
alikulasaMkula	alikulasaṃkula	pw	10008	1-118-a	0	178	0		1	alikulasaMkulA:1.000	1	1	pwg	0	0	variant-form-in-MW	1	check	vowel-length/case variant of MW headword 'alikulasaMkulA' (fold-twin - same lexeme or distinct word needs eyes)
alipattrI	alipattrī	pw	10025	1-118-a	0	83	0		0		0	0		0	0	confirmed-missing	1	low-priority	
alipta	alipta	pw	212880	7-310-a	1	89	1	19	0	Alipta:1.000	1	1	sch	0	0	confirmed-missing	3	check	vowel-length/case variant of MW headword 'Alipta' (fold-twin - same lexeme or distinct word needs eyes)
alisamAkula	alisamākula	pw	10038	1-118-b	0	95	0		0		0	0		0	0	confirmed-missing	1	low-priority	
alpaMpaca	alpaṃpaca	pw	10122	1-119-b	0	58	0		0	alpampaca:1.000	3	3	ap;ap90;pwg	0	0	confirmed-missing	4	add-check	vowel-length/case variant of MW headword 'alpampaca' (fold-twin - same lexeme or distinct word needs eyes)
alpapattrikA	alpapattrikā	pw	10100	1-119-a	0	102	0		0		0	0		1	1	confirmed-missing	3	low-priority	
alpapuzpikA	alpapuṣpikā	pw	10106	1-119-a	0	78	0		0		1	1	ap	0	0	confirmed-missing	3	check	
alpavartikA	alpavartikā	pw	10126	1-119-b	0	100	0		0	apavartikA:0.952	1	1	ap	0	0	confirmed-missing	1	check	probable orthographic doublet of MW headword 'apavartikA' (0.952)
amAtfjYa	amātṛjña	pw	212442	7-307-b	1	108	1	127	0		2	2	bhs;sch	0	0	confirmed-missing	7	add	
amAyAvin	amāyāvin	pw	212449	7-307-c	1	100	1	126	0	AmayAvin:1.000	1	1	sch	0	0	confirmed-missing	3	check	vowel-length/case variant of MW headword 'AmayAvin' (fold-twin - same lexeme or distinct word needs eyes)
amBobIja	ambhobīja	pw	8635	1-101-a	0	60	0		0		0	0		0	0	confirmed-missing	0	low-priority	
amUlaka	amūlaka	pw	212467	7-307-c	1	179	1	258	0	amlaka:0.923	4	4	ap;ap90;bhs;sch	0	0	confirmed-missing	9	add-check	false-friend near form 'amlaka' (0.923) - different word, omission stands
amahattara	amahattara	pw	8204	1-096-a	0	75	0		0		0	0		0	0	confirmed-missing	1	low-priority	
amalAjJawA	amalājjhaṭā	pw	8192	1-096-a	0	81	0		0		1	1	pwg	0	0	confirmed-missing	3	check	
amanasikAra	amanasikāra	pw	212407	7-307-b	1	121	1	68	0		2	2	bhs;sch	0	0	confirmed-missing	7	add	
ambariza	ambariṣa	pw	8523	1-099-c	0	52	0		0	ambarIza:1.000	6	6	lrv;pwg;sch;shs;vcp;wil	0	0	confirmed-missing	10	add-check	vowel-length/case variant of MW headword 'ambarIza' (fold-twin - same lexeme or distinct word needs eyes)
ambary	ambary	pw	8528	1-099-c	0	53	0		1	ambarya:0.923	1	1	pwg	0	0	variant-form-in-MW	0	check	false-friend near form 'ambarya' (0.923) - different word, omission stands
ambikeyaka	ambikeyaka	pw	8545	1-100-a	0	57	0		0		4	4	pwg;shs;wil;yat	0	0	confirmed-missing	8	add	
ambla	ambla	pw	8613	1-100-c	0	37	0		0		5	5	bur;pwg;shs;vcp;wil	0	0	confirmed-missing	10	add	
ambuBava	ambubhava	pw	8584	1-100-b	0	71	0		0		1	1	lrv	0	0	confirmed-missing	3	check	
ambucatvara	ambucatvara	pw	8559	1-100-b	0	88	0		0		1	1	lrv	0	0	confirmed-missing	3	check	
ambudEvatya	ambudaivatya	pw	8572.2	1-100-b	0	22	0		0		0	0		0	0	confirmed-missing	0	low-priority	
ambuka	ambuka	pw	8548	1-100-a	0	99	0		0		0	0		1	0	confirmed-missing	3	low-priority	
ambukanda	ambukanda	pw	8551	1-100-a	0	200	0		0		0	0		0	0	confirmed-missing	1	low-priority	
ambukesara	ambukesara	pw	8556	1-100-a	0	56	0		0	ambukeSara:1.000	0	0		0	0	confirmed-missing	-2	low-priority	vowel-length/case variant of MW headword 'ambukeSara' (fold-twin - same lexeme or distinct word needs eyes)
ambukfzRA	ambukṛṣṇā	pw	8555	1-100-a	0	93	0		0		0	0		0	0	confirmed-missing	1	low-priority	
ambuspfhA	ambuspṛhā	pw	8609	1-100-c	0	61	0		0		0	0		0	0	confirmed-missing	1	low-priority	
ambuvallikA	ambuvallikā	pw	8595	1-100-c	0	97	0		0		0	0		1	1	confirmed-missing	3	low-priority	
amftAsaMgama	amṛtāsaṃgama	pw	8437.1	1-098-c	0	22	0		0		0	0		0	0	confirmed-missing	0	low-priority	
amftakanda	amṛtakanda	pw	8360	1-098-a	0	93	0		0		0	0		0	0	confirmed-missing	1	low-priority	
amftanirgama	amṛtanirgama	pw	206374	5-244-c	1	95	0		0		1	1	sch	0	0	confirmed-missing	3	check	
amftasArajA	amṛtasārajā	pw	8416.1	1-098-b	0	22	0		1	amftasAraja:1.000	0	0		0	0	variant-form-in-MW	-2	low-priority	vowel-length/case variant of MW headword 'amftasAraja' (fold-twin - same lexeme or distinct word needs eyes)
amftasaMgama	amṛtasaṃgama	pw	8413	1-098-b	0	70	0		0		0	0		0	0	confirmed-missing	1	low-priority	
amftataraMgiRI	amṛtataraṃgiṇī	pw	8373	1-098-a	0	58	0		0	amftataraNgiRI:0.929	3	3	lrv;pwg;sch	0	0	confirmed-missing	4	add-check	false-friend near form 'amftataraNgiRI' (0.929) - different word, omission stands
amftavarziRI	amṛtavarṣiṇī	pw	8409	1-098-b	0	64	0		0		1	1	acc	0	0	confirmed-missing	3	check	
amftopahitA	amṛtopahitā	pw	8455	1-099-a	0	91	0		0		0	0		0	0	confirmed-missing	1	low-priority	
amftotTa	amṛtottha	pw	8450	1-098-c	0	68	0		0		0	0		0	0	confirmed-missing	1	low-priority	
amilAnaka	amilānaka	pw	8311.1	1-097-a	0	22	0		0		0	0		0	0	confirmed-missing	0	low-priority	
amirI	amirī	pw	8310	1-097-a	0	111	0		0		0	0		0	0	confirmed-missing	1	low-priority	
amitraka	amitraka	pw	8285	1-097-a	0	60	0		0		1	1	bhs	1	0	confirmed-missing	4	check	
amlAtaka	amlātaka	pw	8688	1-101-b	0	153	0		0	amalAtaka:0.941	3	3	pwg;sch;vcp	1	0	confirmed-missing	7	add-check	false-friend near form 'amalAtaka' (0.941) - different word, omission stands
amlIya	amlīya	pw	8694	1-101-c	0	69	0		0		0	0		0	0	confirmed-missing	1	low-priority	
amlabIja	amlabīja	pw	8669	1-101-b	0	75	0		0		0	0		1	0	confirmed-missing	3	low-priority	
amlagorasa	amlagorasa	pw	8652	1-101-a	0	73	0		0		1	1	lrv	0	0	confirmed-missing	3	check	
amlakAsikA	amlakāsikā	pw	8650	1-101-a	0	105	0		0		0	0		0	0	confirmed-missing	1	low-priority	
amlakesara	amlakesara	pw	8651	1-101-a	0	56	0		0	amlakeSara:1.000	0	0		1	0	confirmed-missing	0	low-priority	vowel-length/case variant of MW headword 'amlakeSara' (fold-twin - same lexeme or distinct word needs eyes)
amlakuYcikA	amlakuñcikā	pw	8650.1	1-101-a	0	22	0		0		0	0		0	0	confirmed-missing	0	low-priority	
amlapAdapa	amlapādapa	pw	8665	1-101-b	0	90	0		0		0	0		0	0	confirmed-missing	1	low-priority	
amlapUra	amlapūra	pw	8667	1-101-b	0	52	0		0		2	2	pwg;vcp	1	0	confirmed-missing	6	add	
amlapajcaPala	amlapajcaphala	pw	8661.1	1-101-b	0	22	0		0	amlapaYcaPala:0.923	0	0		0	0	confirmed-missing	-2	low-priority	false-friend near form 'amlapaYcaPala' (0.923) - different word, omission stands
amlapattraka	amlapattraka	pw	8663	1-101-b	0	184	0		0		0	0		1	0	confirmed-missing	3	low-priority	
amlasAraka	amlasāraka	pw	8684	1-101-b	0	84	0		0		0	0		1	0	confirmed-missing	3	low-priority	
amlastamBanikA	amlastambhanikā	pw	8685	1-101-b	0	75	0		0		0	0		0	0	confirmed-missing	1	low-priority	
amlatvac	amlatvac	pw	8656	1-101-b	0	91	0		0		0	0		0	0	confirmed-missing	1	low-priority	
amlavAwI	amlavāṭī	pw	8677	1-101-b	0	82	0		0		0	0		1	1	confirmed-missing	3	low-priority	
amlavatI	amlavatī	pw	8673	1-101-b	0	62	0		0		3	3	pwg;skd;vcp	1	1	confirmed-missing	9	add	
amlavizA	amlaviṣā	pw	8679	1-101-b	0	98	0		0		0	0		0	0	confirmed-missing	1	low-priority	
amlowaka	amloṭaka	pw	8695	1-101-c	0	71	0		0		2	2	pwg;vcp	0	0	confirmed-missing	5	add	
amoGAtanaya	amoghātanaya	pw	8497	1-099-b	0	101	0		0		0	0		0	0	confirmed-missing	1	low-priority	
anAQyaMBavizRu	anāḍhyaṃbhaviṣṇu	pw	3837	1-045-a	0	79	0		0	anAQyamBavizRu:1.000	0	0		0	0	confirmed-missing	-1	low-priority	vowel-length/case variant of MW headword 'anAQyamBavizRu' (fold-twin - same lexeme or distinct word needs eyes)
anATakuwI	anāthakuṭī	pw	200630	1-288-a	1	107	0		0		1	1	sch	0	0	confirmed-missing	3	check	
anAdivArttA	anādivārttā	pw	3873	1-045-b	0	59	0		0		1	1	pwg	0	0	confirmed-missing	2	check	
anAmA	anāmā	pw	3921	1-046-a	0	66	0		1	anama:1.000	7	7	ap;ap90;lrv;pwg;sch;skd;vcp	1	1	variant-form-in-MW	15	add-check	vowel-length/case variant of MW headword 'anama' (fold-twin - same lexeme or distinct word needs eyes)
anAtaNka	anātaṅka	pw	3838	1-045-a	0	72	0		0		0	0		1	0	confirmed-missing	3	low-priority	
anDAka	andhāka	pw	5522	1-065-b	0	74	0		0	anDaka:1.000	0	0		0	0	confirmed-missing	-1	low-priority	vowel-length/case variant of MW headword 'anDaka' (fold-twin - same lexeme or distinct word needs eyes)
anDAtamasa	andhātamasa	pw	5523	1-065-b	0	56	0		0	anDatamasa:1.000	4	4	gst;lrv;pwg;vcp	0	0	confirmed-missing	6	add-check	vowel-length/case variant of MW headword 'anDatamasa' (fold-twin - same lexeme or distinct word needs eyes)
anDaMBavizRu	andhaṃbhaviṣṇu	pw	5518	1-065-b	0	81	0		0	anDamBavizRu:1.000	3	3	ap;pwg;sch	0	0	confirmed-missing	5	add-check	vowel-length/case variant of MW headword 'anDamBavizRu' (fold-twin - same lexeme or distinct word needs eyes)
anDapuzpikA	andhapuṣpikā	pw	5515	1-065-b	0	93	0		0		0	0		0	0	confirmed-missing	1	low-priority	
anUpotTa	anūpottha	pw	5032	1-059-b	0	70	0		0		0	0		0	0	confirmed-missing	1	low-priority	
anaByASamitya	anabhyāśamitya	pw	3580	1-042-b	0	84	0		0	anaByAsamitya:1.000	0	0		0	0	confirmed-missing	-1	low-priority	vowel-length/case variant of MW headword 'anaByAsamitya' (fold-twin - same lexeme or distinct word needs eyes)
anaSanA	anaśanā	pw	3752.2	1-044-a	0	22	0		1	anaSana:1.000	0	0		0	0	variant-form-in-MW	-2	low-priority	vowel-length/case variant of MW headword 'anaSana' (fold-twin - same lexeme or distinct word needs eyes)
anadas	anadas	pw	3297	1-039-a	0	119	0		1	anaDas:1.000	0	0		0	0	variant-form-in-MW	-1	low-priority	vowel-length/case variant of MW headword 'anaDas' (fold-twin - same lexeme or distinct word needs eyes)
anagADa	anagādha	pw	3187	1-037-c	0	73	0		0	aNgadA:0.923	0	0		0	0	confirmed-missing	-1	low-priority	false-friend near form 'aNgadA' (0.923) - different word, omission stands
analavivarDanI	analavivardhanī	pw	3655	1-043-a	0	71	0		0		0	0		0	0	confirmed-missing	1	low-priority	
anamitaMpaca	anamitaṃpaca	pw	3594	1-042-b	0	54	0		0	anamitampaca:1.000	5	5	ap;ap90;bur;lrv;pwg	0	0	confirmed-missing	8	add-check	vowel-length/case variant of MW headword 'anamitampaca' (fold-twin - same lexeme or distinct word needs eyes)
anantadazwi	anantadaṣṭi	pw	3361	1-040-a	0	71	0		0		0	0		0	0	confirmed-missing	1	low-priority	
anantamUlI	anantamūlī	pw	3375	1-040-a	0	88	0		1		0	0		0	0	variant-form-in-MW	-1	low-priority	
anantaranDrakA	anantarandhrakā	pw	3380	1-040-a	0	97	0		0		0	0		0	0	confirmed-missing	1	low-priority	
ananyavikfti	ananyavikṛti	pw	3429	1-040-c	0	69	0		0		0	0		0	0	confirmed-missing	1	low-priority	
anaquham	anaḍuham	pw	3245	1-038-b	0	39	0		1	anaquha:0.933	0	0		0	1	variant-form-in-MW	-2	low-priority	false-friend near form 'anaquha' (0.933) - different word, omission stands
anaquhy	anaḍuhy	pw	3246	1-038-b	0	58	0		0	Anaquhya:0.933	1	1	pwg	0	0	confirmed-missing	0	check	false-friend near form 'Anaquhya' (0.933) - different word, omission stands
anasa	anasa	pw	3769	1-044-b	0	49	0		0	Anasa:1.000	2	2	pe;pwg	0	1	confirmed-missing	2	add-check	vowel-length/case variant of MW headword 'Anasa' (fold-twin - same lexeme or distinct word needs eyes)
andolay	andolay	pw	5496	1-065-a	0	48	0		1	andolaya:0.933	4	4	cae;ccs;pwg;sch	0	0	variant-form-in-MW	6	add-check	false-friend near form 'andolaya' (0.933) - different word, omission stands
aneza	aneṣa	pw	200831	1-290-a	1	116	0		0		2	2	bhs;sch	0	0	confirmed-missing	5	add	
anfcavant	anṛcavant	pw	5054	1-059-c	0	147	0		0		1	1	pwg	0	0	confirmed-missing	3	check	
anilaniryAsa	anilaniryāsa	pw	4157	1-049-a	0	126	0		0		0	0		0	0	confirmed-missing	1	low-priority	
annapAkaSUla	annapākaśūla	pw	5554.1	1-065-c	0	22	0		0		0	0		0	0	confirmed-missing	0	low-priority	
annapAkatoda	annapākatoda	pw	5554	1-065-c	0	84	0		0		0	0		0	0	confirmed-missing	1	low-priority	
antaGarna	antagharna	pw	5297.1	1-063-a	0	22	0		0		0	0		0	0	confirmed-missing	0	low-priority	
antaHsnehaPalA	antaḥsnehaphalā	pw	5435	1-064-b	0	122	0		0		0	0		0	0	confirmed-missing	1	low-priority	
antarIkzajala	antarīkṣajala	pw	5281	1-062-c	0	69	0		0		4	4	gst;pwg;skd;vcp	0	0	confirmed-missing	9	add	
antarikzaja	antarikṣaja	pw	5266	1-062-c	0	63	0		0		0	0		0	0	confirmed-missing	1	low-priority	
antarmahAnAda	antarmahānāda	pw	5342	1-063-b	0	77	0		0		0	0		1	0	confirmed-missing	3	low-priority	
antaruhA	antaruhā	pw	5287	1-062-c	0	98	0		0		0	0		0	0	confirmed-missing	1	low-priority	
antarvakra	antarvakra	pw	5359	1-063-c	0	64	0		0	antarvaRa:0.947	0	0		0	0	confirmed-missing	-1	low-priority	false-friend near form 'antarvaRa' (0.947) - different word, omission stands
antarveSika	antarveśika	pw	5378	1-063-c	0	97	0		0	antarveSmika:0.957	2	2	lrv;vcp	0	0	confirmed-missing	3	add-check	probable orthographic doublet of MW headword 'antarveSmika' (0.957)
antaryARIya	antaryāṇīya	pw	5351	1-063-b	0	61	0		0		1	1	pwg	0	0	confirmed-missing	3	check	
antasTIya	antasthīya	pw	5416	1-064-a	0	84	0		0	antastya:0.941	2	2	gst;pwg	0	0	confirmed-missing	3	add-check	false-friend near form 'antastya' (0.941) - different word, omission stands
anteguru	anteguru	pw	5459	1-064-c	0	65	0		0		2	2	gst;pwg	0	0	confirmed-missing	5	add	
antikAdAgata	antikādāgata	pw	5445	1-064-b	0	101	0		0		1	1	gst	0	0	confirmed-missing	3	check	
antrAvaraRa	antrāvaraṇa	pw	206257	5-243-b	1	121	0		0		1	1	sch	0	0	confirmed-missing	3	check	
antraguRa	antraguṇa	pw	5484	1-065-a	0	51	0		0		2	2	bhs;pwg	0	0	confirmed-missing	4	add	
antravallikA	antravallikā	pw	5488	1-065-a	0	97	0		0		0	0		1	1	confirmed-missing	3	low-priority	
antrikA	antrikā	pw	5492	1-065-a	0	81	0		0	Antrika:1.000	0	0		0	0	confirmed-missing	-1	low-priority	vowel-length/case variant of MW headword 'Antrika' (fold-twin - same lexeme or distinct word needs eyes)
anuKaqgam	anukhaḍgam	pw	200711	1-289-a	1	106	0		0		1	1	sch	0	0	confirmed-missing	3	check	
anuSAya	anuśāya	pw	4872	1-057-c	0	68	0		0	anuSaya:1.000	2	2	gst;pwg	0	0	confirmed-missing	3	add-check	vowel-length/case variant of MW headword 'anuSaya' (fold-twin - same lexeme or distinct word needs eyes)
anuScota	anuścota	pw	4890	1-058-a	0	83	0		0		0	0		0	0	confirmed-missing	1	low-priority	
anuSoRam	anuśoṇam	pw	4888	1-058-a	0	67	0		0		1	1	pwg	0	0	confirmed-missing	3	check	
anuSrAdDa	anuśrāddha	pw	4892	1-058-a	0	66	0		0	anurAdDa:0.941	0	0		0	0	confirmed-missing	-1	low-priority	false-friend near form 'anurAdDa' (0.941) - different word, omission stands
anugAmIna	anugāmīna	pw	4337	1-051-a	0	80	0		0	anugAmin:0.941	0	0		0	0	confirmed-missing	-1	low-priority	false-friend near form 'anugAmin' (0.941) - different word, omission stands
anugava	anugava	pw	4332	1-051-a	0	74	0		1	anugavam:0.933	4	4	ap;ap90;pwg;vcp	0	0	variant-form-in-MW	7	add-check	false-friend near form 'anugavam' (0.933) - different word, omission stands
anugraDanvan	anugradhanvan	pw	4349	1-051-b	0	86	0		0		0	0		0	0	confirmed-missing	1	low-priority	
anukUlakA	anukūlakā	pw	4292	1-050-c	0	204	0		0		0	0		0	0	confirmed-missing	1	low-priority	
anukUlinI	anukūlinī	pw	4300	1-050-c	0	72	0		0		0	0		0	0	confirmed-missing	1	low-priority	
anukadalI	anukadalī	pw	4255	1-050-a	0	74	0		0		0	0		0	0	confirmed-missing	1	low-priority	
anukanIyaMs	anukanīyaṃs	pw	4257	1-050-a	0	65	0		0	anukanIyas:0.952	1	1	pwg	0	0	confirmed-missing	1	check	probable orthographic doublet of MW headword 'anukanIyas' (0.952)
anulAsaka	anulāsaka	pw	4773	1-056-b	0	69	0		0		1	1	pwg	0	0	confirmed-missing	3	check	
anunASa	anunāśa	pw	4491	1-053-a	0	64	0		0	AnunASya:0.933	3	3	gst;pwg;vcp	0	0	confirmed-missing	5	add-check	false-friend near form 'AnunASya' (0.933) - different word, omission stands
anupraveSam	anupraveśam	pw	4635	1-054-c	0	122	0		1	anupraveSa:0.952	1	1	gst	0	1	variant-form-in-MW	1	check	probable orthographic doublet of MW headword 'anupraveSa' (0.952)
anurecanI	anurecanī	pw	4764	1-056-b	0	99	0		0		0	0		0	0	confirmed-missing	1	low-priority	
anurohant	anurohant	pw	4770	1-056-b	0	67	0		0		1	1	pwg	0	0	confirmed-missing	3	check	
anusAmam	anusāmam	pw	4956	1-058-c	0	58	0		1	anusAma:0.933	0	0		0	0	variant-form-in-MW	-2	low-priority	false-friend near form 'anusAma' (0.933) - different word, omission stands
anusaMcaraRa	anusaṃcaraṇa	pw	4937	1-058-b	0	77	0		0		1	1	pwg	0	0	confirmed-missing	3	check	
anusaMvaraRa	anusaṃvaraṇa	pw	4932	1-058-b	0	71	0		0		2	2	pwg;vcp	0	0	confirmed-missing	5	add	
anusfzwi	anusṛṣṭi	pw	4968	1-058-c	0	73	0		1		4	4	gst;pwg;sch;vcp	1	0	variant-form-in-MW	9	add-check	
anutUlay	anutūlay	pw	4401	1-052-a	0	84	0		1	anutUlaya:0.941	1	1	pwg	0	0	variant-form-in-MW	1	check	false-friend near form 'anutUlaya' (0.941) - different word, omission stands
anuvAcanIya	anuvācanīya	pw	4816	1-057-a	0	60	0		0	anuvacanIya:1.000	2	2	gst;pwg	0	0	confirmed-missing	2	add-check	vowel-length/case variant of MW headword 'anuvacanIya' (fold-twin - same lexeme or distinct word needs eyes)
anuzRavallI	anuṣṇavallī	pw	4925.1	1-058-b	0	22	0		0		0	0		0	0	confirmed-missing	0	low-priority	
anuzUka	anuṣūka	pw	4901	1-058-a	0	96	0		0	AnuzUka:1.000	1	1	pwg	0	0	confirmed-missing	1	check	vowel-length/case variant of MW headword 'AnuzUka' (fold-twin - same lexeme or distinct word needs eyes)
anyadAsTA	anyadāsthā	pw	5653.2	1-067-a	0	22	0		0	anyadASA:0.941	3	3	ap;gst;vcp	0	0	confirmed-missing	4	add-check	false-friend near form 'anyadASA' (0.941) - different word, omission stands
anyadAsTita	anyadāsthita	pw	5653.3	1-067-a	0	22	0		0		2	2	gst;vcp	0	0	confirmed-missing	4	add	
anyadUti	anyadūti	pw	5656.1	1-067-a	0	22	0		0		2	2	gst;vcp	0	0	confirmed-missing	4	add	
anyadarTa	anyadartha	pw	5651	1-067-a	0	44	0		0		4	4	ap;gst;pwg;vcp	0	0	confirmed-missing	8	add	
anyadrAga	anyadrāga	pw	5659	1-067-a	0	57	0		0		3	3	gst;pwg;vcp	0	0	confirmed-missing	6	add	
anyadurvacaleKanI	anyadurvacalekhanī	pw	5657	1-067-a	0	94	0		0		0	0		0	0	confirmed-missing	1	low-priority	
anyadutsuka	anyadutsuka	pw	5656	1-067-a	0	93	0		0		4	4	ap;gst;pwg;vcp	0	0	confirmed-missing	9	add	
anyopaBuktapatikA	anyopabhuktapatikā	pw	5717	1-067-c	0	102	0		0		0	0		0	0	confirmed-missing	1	low-priority	
apAMnaptar	apāṃnaptar	pw	6425	1-075-c	0	56	0		0		1	1	pwg	0	0	confirmed-missing	2	check	
apAMpitta	apāṃpitta	pw	6441	1-075-c	0	48	0		0	apAmpitta:1.000	6	6	ap;ap90;armh;lrv;pwg;vcp	0	0	confirmed-missing	10	add-check	vowel-length/case variant of MW headword 'apAmpitta' (fold-twin - same lexeme or distinct word needs eyes)
apAgBava	apāgbhava	pw	6381	1-075-a	0	66	0		0		0	0		0	0	confirmed-missing	1	low-priority	
apAkartos	apākartos	pw	6371	1-075-a	0	88	0		0		2	2	gst;sch	0	0	confirmed-missing	5	add	
apAtyaya	apātyaya	pw	6402	1-075-b	0	70	0		0	alpAtyaya:0.941	2	2	armh;pwg	0	0	confirmed-missing	3	add-check	false-friend near form 'alpAtyaya' (0.941) - different word, omission stands
apaTakalpanA	apathakalpanā	pw	205115	4-292-c	1	91	0		0		1	1	sch	0	0	confirmed-missing	3	check	
apadarohiRI	apadarohiṇī	pw	5943.1	1-070-b	0	22	0		1	apadarohiRi:1.000	2	2	ap;gst	0	0	variant-form-in-MW	2	add-check	vowel-length/case variant of MW headword 'apadarohiRi' (fold-twin - same lexeme or distinct word needs eyes)
apajagDa	apajagdha	pw	5882	1-069-c	0	66	0		0		2	2	gst;pwg	0	0	confirmed-missing	5	add	
apakara	apakara	pw	5804	1-068-c	0	119	0		0	Apakara:1.000	3	3	bhs;gst;pwg	1	0	confirmed-missing	7	add-check	vowel-length/case variant of MW headword 'Apakara' (fold-twin - same lexeme or distinct word needs eyes)
apamityaka	apamityaka	pw	6022.1	1-071-a	0	22	0		0	Apamityaka:1.000	7	7	armh;gst;pwg;shs;vcp;wil;yat	0	0	confirmed-missing	12	add-check	vowel-length/case variant of MW headword 'Apamityaka' (fold-twin - same lexeme or distinct word needs eyes)
aparADaya	aparādhaya	pw	6098	1-072-a	0	53	0		0	AparADayya:0.947	3	3	gst;pwg;vcp	0	0	confirmed-missing	4	add-check	false-friend near form 'AparADayya' (0.947) - different word, omission stands
aparApahAraRA	aparāpahāraṇā	pw	6107	1-072-a	0	86	0		0		0	0		0	0	confirmed-missing	1	low-priority	
aparEzukAmaSama	aparaiṣukāmaśama	pw	6185	1-073-a	0	71	0		0		1	1	gst	0	0	confirmed-missing	3	check	
aparacAnarAwa	aparacānarāṭa	pw	202271	2-290-a	1	122	0		0		1	1	sch	0	0	confirmed-missing	3	check	
aparakASakftsna	aparakāśakṛtsna	pw	6039	1-071-b	0	117	0		0		2	2	gst;pwg	0	0	confirmed-missing	5	add	
aparakfzRamfttikA	aparakṛṣṇamṛttikā	pw	6042	1-071-b	0	75	0		0		2	2	gst;pwg	0	0	confirmed-missing	5	add	
aparamAgaDaka	aparamāgadhaka	pw	6070	1-071-c	0	89	0		0		0	0		0	0	confirmed-missing	1	low-priority	
aparapAYcAlaka	aparapāñcālaka	pw	6064	1-071-c	0	66	0		0	aparapaYcAla:0.923	2	2	gst;pwg	0	0	confirmed-missing	3	add-check	false-friend near form 'aparapaYcAla' (0.923) - different word, omission stands
aparasamam	aparasamam	pw	6082	1-071-c	0	91	0		0		1	1	gst	0	0	confirmed-missing	3	check	
aparati	aparati	pw	6051	1-071-b	0	50	0		1	aprati:0.923	9	8	bur;gst;lrv;mw72;pwg;shs;vcp;wil;yat	1	1	variant-form-in-MW	18	add-check	false-friend near form 'aprati' (0.923) - different word, omission stands
aparatrEgartaka	aparatraigartaka	pw	6053	1-071-c	0	91	0		0		0	0		0	0	confirmed-missing	1	low-priority	
aparavideha	aparavideha	pw	6076	1-071-c	0	88	0		0		1	1	pwg	0	0	confirmed-missing	3	check	
aparayAyAta	aparayāyāta	pw	6071	1-071-c	0	62	0		0		2	2	gst;pwg	0	0	confirmed-missing	5	add	
aparezukAzaSamI	apareṣukāṣaśamī	pw	200937	1-291-b	1	104	0		0		1	1	sch	0	0	confirmed-missing	3	check	
apary	apary	pw	6197	1-073-a	0	65	0		0		2	2	gst;pwg	0	0	confirmed-missing	5	add	
apasArvaseni	apasārvaseni	pw	6306	1-074-b	0	110	0		0		1	1	gst	0	0	confirmed-missing	3	check	
apasIra	apasīra	pw	6309	1-074-b	0	42	0		0	apaSiras:0.933	2	2	gst;pwg	0	0	confirmed-missing	2	add-check	false-friend near form 'apaSiras' (0.933) - different word, omission stands
apasOvIram	apasauvīram	pw	6312	1-074-b	0	106	0		0		1	1	gst	0	0	confirmed-missing	3	check	
apatrApya	apatrāpya	pw	5929	1-070-b	0	60	0		0	apatrapA:0.941	3	3	bhs;gst;pwg	1	1	confirmed-missing	6	add-check	false-friend near form 'apatrapA' (0.941) - different word, omission stands
apatrigartam	apatrigartam	pw	5930	1-070-b	0	115	0		0		1	1	gst	0	0	confirmed-missing	3	check	
apatyajIvaka	apatyajīvaka	pw	5917.1	1-070-a	0	22	0		0		0	0		1	0	confirmed-missing	2	low-priority	
apatyasidDikft	apatyasiddhikṛt	pw	5925	1-070-a	0	78	0		0		1	1	gst	0	0	confirmed-missing	3	check	
apatyavallikA	apatyavallikā	pw	5922	1-070-a	0	89	0		0		0	0		0	0	confirmed-missing	1	low-priority	
apehidvitIyA	apehidvitīyā	pw	6631.2	1-078-a	0	22	0		0		2	2	gst;lrv	0	0	confirmed-missing	4	add	
apehikawA	apehikaṭā	pw	6631	1-078-a	0	174	0		0		3	3	gst;pwg;vcp	0	0	confirmed-missing	7	add	
apehisvAgatA	apehisvāgatā	pw	6631.5	1-078-a	0	22	0		0		1	1	gst	0	0	confirmed-missing	2	check	
apicCA	apicchā	pw	6484	1-076-b	0	77	0		0		0	0		0	0	confirmed-missing	1	low-priority	
apohakardamA	apohakardamā	pw	6643.1	1-078-a	0	22	0		0		0	0		0	0	confirmed-missing	0	low-priority	
apohakawA	apohakaṭā	pw	6643	1-078-a	0	115	0		0		0	0		0	0	confirmed-missing	1	low-priority	
aponaptar	aponaptar	pw	6639	1-078-a	0	60	0		0		0	0		0	0	confirmed-missing	0	low-priority	
aprapaYca	aprapañca	pw	212025	7-304-d	1	111	1	144	0		2	2	bhs;sch	1	1	confirmed-missing	9	add	
apratiSaraRa	apratiśaraṇa	pw	211989	7-304-c	1	99	1	63	0		2	2	bhs;sch	0	0	confirmed-missing	7	add	
apratipudgala	apratipudgala	pw	211967	7-304-b	1	102	1	1	0		2	2	bhs;sch	0	0	confirmed-missing	7	add	
apratisKalita	apratiskhalita	pw	6820	1-080-a	0	93	0		0		1	1	gst	0	0	confirmed-missing	3	check	
apratisama	apratisama	pw	212002	7-304-c	1	124	1	19	0		2	2	bhs;sch	1	0	confirmed-missing	9	add	
aprativirata	aprativirata	pw	211987	7-304-c	1	130	1	245,893	0		2	2	bhs;sch	0	0	confirmed-missing	7	add	
apratyudAvartya	apratyudāvartya	pw	212019	7-304-d	1	103	1	278	0		2	2	bhs;sch	0	0	confirmed-missing	7	add	
apratyudDArya	apratyuddhārya	pw	222185	7-385-d	1	103	1	278	0		2	2	bhs;sch	0	0	confirmed-missing	7	add	
aprowa	aproṭa	pw	7023	1-082-b	0	64	0		0		1	1	gst	0	0	confirmed-missing	3	check	
apsarAy	apsarāy	pw	7036	1-082-c	0	82	0		1	apsarAya:0.933	3	3	gst;pwg;sch	0	0	variant-form-in-MW	5	add-check	false-friend near form 'apsarAya' (0.933) - different word, omission stands
apsumati	apsumati	pw	7046	1-082-c	0	51	0		0	apsumat:0.933	2	2	gst;pwg	0	0	confirmed-missing	2	add-check	false-friend near form 'apsumat' (0.933) - different word, omission stands
apunargeya	apunargeya	pw	6543	1-077-a	0	102	0		0		0	0		0	0	confirmed-missing	1	low-priority	
aqagaja	aḍagaja	pw	1517	1-018-c	0	81	0		0		0	0		0	0	confirmed-missing	1	low-priority	
aqinI	aḍinī	pw	1518	1-018-c	0	64	0		0		0	0		0	0	confirmed-missing	1	low-priority	
arAlu	arālu	pw	9069	1-106-a	0	74	0		1	aralu:1.000	1	1	pwg	0	0	variant-form-in-MW	1	check	vowel-length/case variant of MW headword 'aralu' (fold-twin - same lexeme or distinct word needs eyes)
arAluka	arāluka	pw	9070	1-106-a	0	85	0		0	araluka:1.000	0	0		0	0	confirmed-missing	-1	low-priority	vowel-length/case variant of MW headword 'araluka' (fold-twin - same lexeme or distinct word needs eyes)
arDAliga	ardhāliga	pw	9752	1-114-c	0	100	0		0		0	0		0	0	confirmed-missing	1	low-priority	
arDaBojana	ardhabhojana	pw	9670	1-113-c	0	71	0		0		0	0		0	0	confirmed-missing	1	low-priority	
arDaSana	ardhaśana	pw	9711	1-114-a	0	52	0		0	arDASana:1.000	1	1	pwg	0	0	confirmed-missing	0	check	vowel-length/case variant of MW headword 'arDASana' (fold-twin - same lexeme or distinct word needs eyes)
arDaSfNga	ardhaśṛṅga	pw	9715	1-114-b	0	89	0		0		0	0		0	0	confirmed-missing	1	low-priority	
arDadroRika	ardhadroṇika	pw	9632	1-113-b	0	54	0		0	arDadrORika:1.000	0	0		0	0	confirmed-missing	-2	low-priority	vowel-length/case variant of MW headword 'arDadrORika' (fold-twin - same lexeme or distinct word needs eyes)
arDakuqyaka	ardhakuḍyaka	pw	9595	1-113-a	0	66	0		0		0	0		0	0	confirmed-missing	1	low-priority	
arDamuzwika	ardhamuṣṭika	pw	9684.1	1-114-a	0	22	0		0		0	0		0	0	confirmed-missing	0	low-priority	
arDasAra	ardhasāra	pw	9725	1-114-b	0	50	0		0		1	1	pwg	0	0	confirmed-missing	2	check	
arDasaha	ardhasaha	pw	9724	1-114-b	0	93	0		0		0	0		0	0	confirmed-missing	1	low-priority	
arDavAha	ardhavāha	pw	9700	1-114-a	0	121	0		0		0	0		0	0	confirmed-missing	1	low-priority	
arDuzwa	ardhuṣṭa	pw	212813	7-309-d	1	90	1	250	0	aduzwa:0.923	2	2	bhs;sch	0	0	confirmed-missing	5	add-check	false-friend near form 'aduzwa' (0.923) - different word, omission stands
arISva	arīśva	pw	9133	1-106-c	0	122	0		0		0	0		0	0	confirmed-missing	1	low-priority	
arR	arṇ	pw	9373	1-109-c	0	77	0		1		1	1	pwg	0	0	variant-form-in-MW	1	check	pratyayhara/short-form class (PWK lists grammatical elements MW does not headword)
arRasvant	arṇasvant	pw	9389	1-110-a	0	57	0		0	arRasvat:0.941	1	1	pwg	0	0	confirmed-missing	0	check	false-friend near form 'arRasvat' (0.941) - different word, omission stands
arSoGnavalkalA	arśoghnavalkalā	pw	9854	1-115-c	0	211	0		0		0	0		0	0	confirmed-missing	1	low-priority	
arTApay	arthāpay	pw	9541	1-112-a	0	63	0		1	arTApaya:0.933	3	3	ap;pwg;sch	0	0	variant-form-in-MW	5	add-check	false-friend near form 'arTApaya' (0.933) - different word, omission stands
arTacampikA	arthacampikā	pw	9425	1-110-c	0	103	0		0		0	0		0	0	confirmed-missing	1	low-priority	
arTaprasAdanI	arthaprasādanī	pw	9470	1-111-a	0	207	0		0		0	0		0	0	confirmed-missing	1	low-priority	
arTavarjana	arthavarjana	pw	9487	1-111-b	0	84	0		0		0	0		0	0	confirmed-missing	1	low-priority	
arU	arū	pw	9202	1-107-c	0	60	0		1	ArU:1.000	1	1	sch	0	0	variant-form-in-MW	0	check	vowel-length/case variant of MW headword 'ArU' (fold-twin - same lexeme or distinct word needs eyes); pratyayhara/short-form class (PWK lists grammatical elements MW does not headword)
arUpabrahmaDAtu	arūpabrahmadhātu	pw	212666	7-308-d	1	171	1	155	0		1	1	sch	0	0	confirmed-missing	5	check	
arUpyabrahmaDAtu	arūpyabrahmadhātu	pw	212668	7-308-d	1	70	0		0		1	1	sch	0	0	confirmed-missing	3	check	
araRasamavasaraRa	araṇasamavasaraṇa	pw	212611	7-308-b	1	177	1	21	0		2	2	bhs;sch	0	0	confirmed-missing	7	add	
araRasaraRasarvasamavasaraRa	araṇasaraṇasarvasamavasaraṇa	pw	212611.1	7-308-b	0	24	0		0		1	1	bhs	0	0	confirmed-missing	2	check	
araRyacArI	araṇyacārī	pw	206400	5-245-a	1	108	0		0		1	1	sch	0	0	confirmed-missing	3	check	
aragvaDa	aragvadha	pw	8912	1-104-b	0	52	0		0	AragvaDa:1.000	3	3	pwg;shs;yat	0	0	confirmed-missing	4	add-check	vowel-length/case variant of MW headword 'AragvaDa' (fold-twin - same lexeme or distinct word needs eyes)
arajAy	arajāy	pw	8924	1-104-c	0	64	0		1	arajAya:0.923	1	1	pwg	0	0	variant-form-in-MW	1	check	false-friend near form 'arajAya' (0.923) - different word, omission stands
arajovirajonayayukta	arajovirajonayayukta	pw	212606	7-308-b	1	126	1	21	0		2	2	bhs;sch	0	0	confirmed-missing	7	add	
araraka	araraka	pw	9016	1-105-b	0	314	0		1	ararakA:1.000	1	1	pwg	0	0	variant-form-in-MW	1	check	vowel-length/case variant of MW headword 'ararakA' (fold-twin - same lexeme or distinct word needs eyes)
arary	arary	pw	9022	1-105-b	0	50	0		1		1	1	pwg	0	0	variant-form-in-MW	0	check	
aravAqa	aravāḍa	pw	212622	7-308-c	1	112	1	167	0		2	2	bhs;sch	0	0	confirmed-missing	7	add	
aravant	aravant	pw	9024	1-105-b	0	64	0		0	arAvan:0.923	1	1	pwg	0	0	confirmed-missing	1	check	false-friend near form 'arAvan' (0.923) - different word, omission stands
arevata	arevata	pw	9222	1-107-c	0	95	0		0		0	0		0	0	confirmed-missing	1	low-priority	
arhadGawIcakra	arhadghaṭīcakra	pw	212829	7-309-d	1	123	1	139	0		1	1	sch	0	0	confirmed-missing	5	check	
arhata	arhata	pw	9869	1-116-b	0	72	0		0	Arhata:1.000	1	1	pui	0	1	confirmed-missing	1	check	vowel-length/case variant of MW headword 'Arhata' (fold-twin - same lexeme or distinct word needs eyes)
ariSma	ariśma	pw	9100	1-106-b	0	95	0		0	arisoma:0.923	1	1	pwg	0	0	confirmed-missing	1	check	false-friend near form 'arisoma' (0.923) - different word, omission stands
arizwaPala	ariṣṭaphala	pw	9114	1-106-c	0	95	0		0		0	0		1	0	confirmed-missing	3	low-priority	
arizwasudana	ariṣṭasudana	pw	9121	1-106-c	0	92	0		0	arizwasUdana:1.000	0	0		0	0	confirmed-missing	-1	low-priority	vowel-length/case variant of MW headword 'arizwasUdana' (fold-twin - same lexeme or distinct word needs eyes)
arjala	arjala	pw	9351	1-109-c	0	73	0		0		0	0		0	0	confirmed-missing	1	low-priority	
arkAtmaja	arkātmaja	pw	203886	3-253-c	1	100	0		1	arkAtmajA:1.000	1	1	sch	1	0	variant-form-in-MW	3	check	vowel-length/case variant of MW headword 'arkAtmajA' (fold-twin - same lexeme or distinct word needs eyes)
arkadala	arkadala	pw	9250	1-108-a	0	72	0		0		1	1	pwg	1	1	confirmed-missing	5	check	
arkamArga	arkamārga	pw	9270	1-108-b	0	67	0		0		0	0		0	0	confirmed-missing	1	low-priority	
arkaparyAya	arkaparyāya	pw	9258	1-108-b	0	115	0		0		0	0		0	0	confirmed-missing	1	low-priority	
arkay	arkay	pw	9273	1-108-b	0	57	0		1		1	1	pwg	0	0	variant-form-in-MW	0	check	
arkz	arkṣ	pw	9304	1-108-c	0	48	0		0		1	1	pwg	0	0	confirmed-missing	0	check	pratyayhara/short-form class (PWK lists grammatical elements MW does not headword)
arokadant	arokadant	pw	9224	1-107-c	0	67	0		1	arokadanta:0.947	0	0		0	0	variant-form-in-MW	-1	low-priority	false-friend near form 'arokadanta' (0.947) - different word, omission stands
arpaRA	arpaṇā	pw	212816	7-309-d	1	116	1	245,1021	1	arpaRa:1.000	2	2	bhs;sch	0	1	variant-form-in-MW	5	add-check	vowel-length/case variant of MW headword 'arpaRa' (fold-twin - same lexeme or distinct word needs eyes)
art	art	pw	9395	1-110-a	0	273	0		1	arT:1.000	4	4	ae;bor;gra;pwg	0	0	variant-form-in-MW	7	add-check	vowel-length/case variant of MW headword 'arT' (fold-twin - same lexeme or distinct word needs eyes); pratyayhara/short-form class (PWK lists grammatical elements MW does not headword)
artni	artni	pw	206428	5-245-a	1	149	0		0	ArtnI:1.000	1	1	sch	0	0	confirmed-missing	1	check	vowel-length/case variant of MW headword 'ArtnI' (fold-twin - same lexeme or distinct word needs eyes)
aruRABa	aruṇābha	pw	9170	1-107-a	0	55	0		0		1	1	pwg	0	0	confirmed-missing	2	check	
aruRaSatapattrI	aruṇaśatapattrī	pw	9163	1-107-a	0	89	0		0		0	0		0	0	confirmed-missing	1	low-priority	
arvAgBAga	arvāgbhāga	pw	9840	1-115-c	0	77	0		0	avAgBAga:0.941	0	0		0	0	confirmed-missing	-1	low-priority	false-friend near form 'avAgBAga' (0.941) - different word, omission stands
arvanas	arvanas	pw	9824	1-115-b	0	63	0		0	avanaS:0.923	1	1	pwg	0	0	confirmed-missing	1	check	false-friend near form 'avanaS' (0.923) - different word, omission stands
arvant	arvant	pw	9823	1-115-b	0	75	0		0	aRvanta:0.923	2	2	cae;vei	1	1	confirmed-missing	5	add-check	false-friend near form 'aRvanta' (0.923) - different word, omission stands
asPowaka	asphoṭaka	pw	12982	1-153-c	0	85	0		0	AsPowaka:1.000	0	0		0	0	confirmed-missing	-1	low-priority	vowel-length/case variant of MW headword 'AsPowaka' (fold-twin - same lexeme or distinct word needs eyes)
asTAga	asthāga	pw	12893	1-152-c	0	70	0		0	asTAGa:1.000	10	9	ap;ap90;armh;bur;mw72;pwg;shs;vcp;wil;yat	0	0	confirmed-missing	19	add-check	vowel-length/case variant of MW headword 'asTAGa' (fold-twin - same lexeme or distinct word needs eyes)
asTAra	asthāra	pw	12903	1-153-a	0	54	0		0	AstAra:1.000	3	3	shs;wil;yat	0	0	confirmed-missing	4	add-check	vowel-length/case variant of MW headword 'AstAra' (fold-twin - same lexeme or distinct word needs eyes)
asTAya	asthāya	pw	12901	1-153-a	0	58	0		0	AsTAya:1.000	2	2	shs;wil	0	0	confirmed-missing	2	add-check	vowel-length/case variant of MW headword 'AsTAya' (fold-twin - same lexeme or distinct word needs eyes)
asTI	asthī	pw	213739	7-315-d	1	126	1	99	1	asTi:1.000	1	1	sch	0	1	variant-form-in-MW	3	check	vowel-length/case variant of MW headword 'asTi' (fold-twin - same lexeme or distinct word needs eyes); pratyayhara/short-form class (PWK lists grammatical elements MW does not headword)
asTiSETilya	asthiśaithilya	pw	12935	1-153-b	0	65	0		0		0	0		0	0	confirmed-missing	1	low-priority	
asTisaMDAnakara	asthisaṃdhānakara	pw	12940	1-153-b	0	72	0		0		0	0		0	0	confirmed-missing	1	low-priority	
asTisnehasaMjYaka	asthisnehasaṃjñaka	pw	12946.1	1-153-b	0	23	0		0		0	0		0	0	confirmed-missing	0	low-priority	
asTivigraha	asthivigraha	pw	12932	1-153-b	0	88	0		0		6	6	ap;pwg;shs;vcp;wil;yat	0	0	confirmed-missing	13	add	
asUkzaRa	asūkṣaṇa	pw	12732	1-151-a	0	70	0		0	asUrkzaRa:0.941	7	6	lrv;mw72;pwg;shs;vcp;wil;yat	0	0	confirmed-missing	13	add-check	false-friend near form 'asUrkzaRa' (0.941) - different word, omission stands
asaMlulita	asaṃlulita	pw	206672	5-248-a	1	103	0		0		1	1	sch	0	0	confirmed-missing	3	check	
asaMmatAvavAda	asaṃmatāvavāda	pw	213623	7-315-a	1	109	1	261	0		1	1	sch	0	0	confirmed-missing	5	check	
asaMpraKyAna	asaṃprakhyāna	pw	213606	7-314-d	1	139	1	127	0		2	2	bhs;sch	0	0	confirmed-missing	7	add	
asaMprajYAna	asaṃprajñāna	pw	213609	7-314-d	1	104	1	245,488	0	asamprajYAna:1.000	2	2	bhs;sch	0	0	confirmed-missing	5	add-check	vowel-length/case variant of MW headword 'asamprajYAna' (fold-twin - same lexeme or distinct word needs eyes)
asaMprajanya	asaṃprajanya	pw	213607	7-314-d	1	128	1	104	0		2	2	bhs;sch	0	0	confirmed-missing	7	add	
asadaDyetar	asadadhyetar	pw	12331	1-146-b	0	87	0		0		1	1	pwg	0	0	confirmed-missing	3	check	
asamayavimukta	asamayavimukta	pw	213585	7-314-c	1	201	1	46	0		2	2	bhs;sch	0	0	confirmed-missing	7	add	
asatIja	asatīja	pw	12309	1-146-a	0	140	0		0	asTija:0.923	0	0		0	0	confirmed-missing	-1	low-priority	false-friend near form 'asTija' (0.923) - different word, omission stands
asatIputra	asatīputra	pw	12309.1	1-146-a	0	23	0		0	asatputra:0.947	0	0		0	0	confirmed-missing	-2	low-priority	false-friend near form 'asatputra' (0.947) - different word, omission stands
asfgbinducCadA	asṛgbinducchadā	pw	12760	1-151-b	0	88	0		0		0	0		0	0	confirmed-missing	1	low-priority	
asiBaritA	asibharitā	pw	12640	1-150-a	0	74	0		0		0	0		0	0	confirmed-missing	1	low-priority	
asiDAra	asidhāra	pw	213666	7-315-b	1	104	1	215	1	AsiDAra:1.000	1	1	sch	0	0	variant-form-in-MW	3	check	vowel-length/case variant of MW headword 'AsiDAra' (fold-twin - same lexeme or distinct word needs eyes)
asitAYjanI	asitāñjanī	pw	12610	1-149-c	0	96	0		0		1	1	ap	1	1	confirmed-missing	5	check	
asitasAra	asitasāra	pw	12608	1-149-c	0	104	0		0		0	0		0	0	confirmed-missing	1	low-priority	
asitasAraka	asitasāraka	pw	12608.1	1-149-c	0	23	0		0		0	0		0	0	confirmed-missing	0	low-priority	
asitavallI	asitavallī	pw	12607	1-149-c	0	89	0		0		0	0		0	0	confirmed-missing	1	low-priority	
asmay	asmay	pw	12996	1-154-a	0	75	0		1		1	1	pwg	0	0	variant-form-in-MW	1	check	
asrAy	asrāy	pw	13032	1-154-b	0	68	0		1		0	0		0	0	variant-form-in-MW	-1	low-priority	
asraGna	asraghna	pw	13020	1-154-a	0	204	0		0		0	0		0	0	confirmed-missing	1	low-priority	
asrakaRWa	asrakaṇṭha	pw	13017	1-154-a	0	80	0		0		5	5	pwg;shs;vcp;wil;yat	0	0	confirmed-missing	11	add	
asramAtar	asramātar	pw	13026	1-154-b	0	82	0		0		0	0		0	0	confirmed-missing	1	low-priority	
asrareRu	asrareṇu	pw	13027	1-154-b	0	66	0		0		0	0		0	0	confirmed-missing	1	low-priority	
astAga	astāga	pw	12837	1-152-b	0	98	0		0	astAGa:1.000	2	1	mw72;pwg	0	0	confirmed-missing	3	add-check	vowel-length/case variant of MW headword 'astAGa' (fold-twin - same lexeme or distinct word needs eyes)
astAra	astāra	pw	12840	1-152-b	0	63	0		0	AstAra:1.000	0	0		0	1	confirmed-missing	-1	low-priority	vowel-length/case variant of MW headword 'AstAra' (fold-twin - same lexeme or distinct word needs eyes)
astamatI	astamatī	pw	12811	1-152-a	0	76	0		0	asamAti:0.933	8	7	bur;mw72;pwg;shs;skd;vcp;wil;yat	0	0	confirmed-missing	15	add-check	false-friend near form 'asamAti' (0.933) - different word, omission stands
astamitAvavAda	astamitāvavāda	pw	213711	7-315-c	1	119	1	261	0		1	1	sch	0	0	confirmed-missing	5	check	
astaraRa	astaraṇa	pw	12825	1-152-a	0	91	0		0	AstaraRa:1.000	2	2	pwg;vcp	0	0	confirmed-missing	3	add-check	vowel-length/case variant of MW headword 'AstaraRa' (fold-twin - same lexeme or distinct word needs eyes)
astarkzaRa	astarkṣaṇa	pw	12827	1-152-a	0	72	0		0		2	1	mw72;pwg	0	0	confirmed-missing	5	add	
astibala	astibala	pw	12847	1-152-b	0	85	0		0	atibala:0.933	0	0		0	0	confirmed-missing	-1	low-priority	false-friend near form 'atibala' (0.933) - different word, omission stands
astimant	astimant	pw	12848	1-152-b	0	54	0		0	astimat:0.933	1	1	pwg	0	0	confirmed-missing	0	check	false-friend near form 'astimat' (0.933) - different word, omission stands
astraKadira	astrakhadira	pw	206699	5-248-b	1	124	0		0	asraKadira:0.952	1	1	sch	0	0	confirmed-missing	1	check	probable orthographic doublet of MW headword 'asraKadira' (0.952)
asuBagaMBavizRu	asubhagaṃbhaviṣṇu	pw	12682	1-150-c	0	77	0		0		0	0		0	0	confirmed-missing	1	low-priority	
asukzaRa	asukṣaṇa	pw	12656	1-150-b	0	70	0		0	asUrkzaRa:0.941	5	4	mw72;pwg;shs;wil;yat	0	0	confirmed-missing	9	add-check	false-friend near form 'asUrkzaRa' (0.941) - different word, omission stands
asurkzaRa	asurkṣaṇa	pw	12715	1-151-a	0	71	0		0	asUrkzaRa:1.000	3	3	pwg;shs;wil	0	0	confirmed-missing	5	add-check	vowel-length/case variant of MW headword 'asUrkzaRa' (fold-twin - same lexeme or distinct word needs eyes)
atalesparSa	atalesparśa	pw	1615.2	1-019-c	0	22	0		0		0	0		0	0	confirmed-missing	0	low-priority	
atanavant	atanavant	pw	1595.1	1-019-c	0	22	0		0	atanavat:0.941	0	0		0	0	confirmed-missing	-2	low-priority	false-friend near form 'atanavat' (0.941) - different word, omission stands
atfptikft	atṛptikṛt	pw	202054	2-287-c	1	89	0		0		1	1	sch	0	0	confirmed-missing	3	check	
atiBavatI	atibhavatī	pw	1898	1-023-a	0	37	0		0		1	1	pwg	0	0	confirmed-missing	2	check	
atiSUka	atiśūka	pw	2090	1-025-a	0	65	0		0	atiSukla:0.933	0	0		0	0	confirmed-missing	-1	low-priority	false-friend near form 'atiSukla' (0.933) - different word, omission stands
atiSUkaja	atiśūkaja	pw	2091	1-025-a	0	75	0		0		0	0		0	0	confirmed-missing	1	low-priority	
atiSakawi	atiśakaṭi	pw	2064	1-024-c	0	39	0		0		1	1	pwg	0	0	confirmed-missing	2	check	
atiTyarcA	atithyarcā	pw	1758	1-021-b	0	66	0		0		0	0		0	0	confirmed-missing	1	low-priority	
atibIja	atibīja	pw	1890	1-022-c	0	84	0		0		0	0		0	0	confirmed-missing	1	low-priority	
atibfhatPala	atibṛhatphala	pw	1893	1-023-a	0	78	0		0		0	0		0	0	confirmed-missing	1	low-priority	
atibrAhmaRa	atibrāhmaṇa	pw	1895	1-023-a	0	94	0		0		0	0		0	0	confirmed-missing	1	low-priority	
atidIpti	atidīpti	pw	1771	1-021-c	0	88	0		0		1	1	sch	1	0	confirmed-missing	5	check	
atiduzwa	atiduṣṭa	pw	1784	1-021-c	0	94	0		0		2	2	cae;sch	1	0	confirmed-missing	7	add	
atiganDaka	atigandhaka	pw	1669	1-020-b	0	84	0		0		0	0		1	0	confirmed-missing	3	low-priority	
atihastay	atihastay	pw	2172	1-025-c	0	93	0		1	atihastaya:0.947	2	2	gst;pwg	0	0	variant-form-in-MW	3	add-check	false-friend near form 'atihastaya' (0.947) - different word, omission stands
atikAmuka	atikāmuka	pw	1638	1-020-a	0	69	0		0		0	0		0	0	confirmed-missing	1	low-priority	
atikArIzaganDya	atikārīṣagandhya	pw	1641	1-020-a	0	71	0		0		0	0		0	0	confirmed-missing	1	low-priority	
atikAraka	atikāraka	pw	1640	1-020-a	0	65	0		0		1	1	pwg	0	0	confirmed-missing	3	check	
atikaRwa	atikaṇṭa	pw	1629	1-020-a	0	139	0		0	atiKara:0.933	0	0		0	0	confirmed-missing	-1	low-priority	false-friend near form 'atiKara' (0.933) - different word, omission stands
atikaRwaka	atikaṇṭaka	pw	1629.1	1-020-a	0	22	0		0		0	0		1	0	confirmed-missing	2	low-priority	
atikaWinataRqula	atikaṭhinataṇḍula	pw	1627	1-020-a	0	74	0		0		0	0		0	0	confirmed-missing	1	low-priority	
atikanda	atikanda	pw	1632	1-020-a	0	104	0		0		0	0		0	0	confirmed-missing	1	low-priority	
atila	atila	pw	1995	1-024-a	0	100	0		0		1	1	sch	0	0	confirmed-missing	3	check	
atilaka	atilaka	pw	1995.1	1-024-a	0	22	0		0		0	0		0	0	confirmed-missing	0	low-priority	
atimAnavant	atimānavant	pw	1930	1-023-b	0	63	0		0		0	0		0	0	confirmed-missing	1	low-priority	
atima	atima	pw	1914	1-023-a	0	35	0		1		1	1	pwg	0	0	variant-form-in-MW	0	check	
atimaYjulA	atimañjulā	pw	1916	1-023-a	0	79	0		0		0	0		0	0	confirmed-missing	1	low-priority	
atimahiman	atimahiman	pw	200305	1-285-a	1	109	0		0		1	1	sch	0	0	confirmed-missing	3	check	
atipanTAs	atipanthās	pw	1830	1-022-a	0	70	0		0		0	0		0	0	confirmed-missing	1	low-priority	
atipattraka	atipattraka	pw	1827	1-022-a	0	93	0		0		0	0		1	0	confirmed-missing	3	low-priority	
atipicCila	atipicchila	pw	1844	1-022-b	0	156	0		0		0	0		1	0	confirmed-missing	3	low-priority	
atirAjay	atirājay	pw	1976	1-023-c	0	77	0		1	atirAjaya:0.941	2	2	gst;pwg	0	0	variant-form-in-MW	3	add-check	false-friend near form 'atirAjaya' (0.941) - different word, omission stands
atirUQa	atirūḍha	pw	1983	1-023-c	0	73	0		0		1	1	sch	0	1	confirmed-missing	3	check	
atiraktANga	atiraktāṅga	pw	1967	1-023-c	0	97	0		0		0	0		0	0	confirmed-missing	1	low-priority	
atiruhA	atiruhā	pw	1982	1-023-c	0	99	0		1	atiruh:0.923	0	0		1	1	variant-form-in-MW	1	low-priority	false-friend near form 'atiruh' (0.923) - different word, omission stands
atisAraGnI	atisāraghnī	pw	2136	1-025-b	0	67	0		0		0	0		1	1	confirmed-missing	3	low-priority	
atisOmyA	atisaumyā	pw	2152	1-025-b	0	82	0		0		0	0		0	0	confirmed-missing	1	low-priority	
atisikta	atisikta	pw	2139	1-025-b	0	126	0		0		0	0		0	0	confirmed-missing	1	low-priority	
atiskanDA	atiskandhā	pw	2155	1-025-c	0	88	0		0		0	0		0	0	confirmed-missing	1	low-priority	
atisravA	atisravā	pw	2167	1-025-c	0	95	0		0		0	0		0	0	confirmed-missing	1	low-priority	
atisvan	atisvan	pw	200348	1-285-b	1	116	0		1	atiSva:0.923	1	1	sch	0	0	variant-form-in-MW	1	check	false-friend near form 'atiSva' (0.923) - different word, omission stands
atitejanI	atitejanī	pw	1738	1-021-b	0	103	0		0		0	0		0	0	confirmed-missing	1	low-priority	
ativfzala	ativṛṣala	pw	2047	1-024-b	0	100	0		0		0	0		0	0	confirmed-missing	1	low-priority	
atriBaradvAjikA	atribharadvājikā	pw	2354	1-027-c	0	143	0		0	atriBAradvAjikA:1.000	1	1	pwg	0	0	confirmed-missing	1	check	vowel-length/case variant of MW headword 'atriBAradvAjikA' (fold-twin - same lexeme or distinct word needs eyes)
atridagja	atridagja	pw	2351	1-027-c	0	51	0		0		0	0		0	0	confirmed-missing	0	low-priority	
atvaramARa	atvaramāṇa	pw	2360.1	1-027-c	0	22	0		0		1	1	pwg	1	0	confirmed-missing	4	check	
atyAmarda	atyāmarda	pw	2294	1-027-a	0	61	0		0		0	0		0	0	confirmed-missing	1	low-priority	
atyaNga	atyaṅga	pw	2243	1-026-b	0	89	0		0		1	1	pwg	0	0	confirmed-missing	3	check	
atyamlarasA	atyamlarasā	pw	2266	1-026-c	0	85	0		0		0	0		0	0	confirmed-missing	1	low-priority	
atyantaSoRita	atyantaśoṇita	pw	2256	1-026-c	0	71	0		0		0	0		0	0	confirmed-missing	1	low-priority	
atyantapadmA	atyantapadmā	pw	2253	1-026-c	0	73	0		0		0	0		0	0	confirmed-missing	1	low-priority	
atyantara	atyantara	pw	2254	1-026-c	0	81	0		0		0	0		0	0	confirmed-missing	1	low-priority	
atyarka	atyarka	pw	2270	1-026-c	0	104	0		0	atarka:0.923	0	0		1	0	confirmed-missing	1	low-priority	false-friend near form 'atarka' (0.923) - different word, omission stands
atyugraganDA	atyugragandhā	pw	2316	1-027-b	0	97	0		0		0	0		0	0	confirmed-missing	1	low-priority	
avApitaDAnya	avāpitadhānya	pw	10863	1-128-a	0	105	0		0		0	0		0	0	confirmed-missing	1	low-priority	
avEvartacakra	avaivartacakra	pw	213279	7-312-c	1	99	1	651	0		1	1	sch	0	0	confirmed-missing	5	check	
avaRa	avaṇa	pw	10321	1-121-b	0	63	0		0	avara:1.000	0	0		0	0	confirmed-missing	-1	low-priority	vowel-length/case variant of MW headword 'avara' (fold-twin - same lexeme or distinct word needs eyes)
avaSyAyabindu	avaśyāyabindu	pw	10703	1-126-a	0	88	0		0		0	0		0	0	confirmed-missing	1	low-priority	
avaSyavizaya	avaśyaviṣaya	pw	10699	1-126-a	0	65	0		0		0	0		0	0	confirmed-missing	1	low-priority	
avadAhezwakApaTa	avadāheṣṭakāpatha	pw	10378.2	1-122-a	0	23	0		0		4	4	shs;vcp;wil;yat	0	0	confirmed-missing	8	add	
avadAlaka	avadālaka	pw	10376	1-122-a	0	69	0		0		0	0		0	0	confirmed-missing	1	low-priority	
avadAtakara	avadātakara	pw	10363	1-122-a	0	66	0		0		0	0		0	0	confirmed-missing	1	low-priority	
avadAya	avadāya	pw	10372	1-122-a	0	70	0		0	aSvadAya:0.933	1	1	pwg	0	1	confirmed-missing	1	check	false-friend near form 'aSvadAya' (0.933) - different word, omission stands
avadravya	avadravya	pw	206509	5-246-a	1	109	0		0		1	1	sch	0	0	confirmed-missing	3	check	
avagAda	avagāda	pw	10244	1-120-c	0	77	0		0	avagaDa:1.000	6	5	bur;mw72;pwg;shs;wil;yat	0	0	confirmed-missing	11	add-check	vowel-length/case variant of MW headword 'avagaDa' (fold-twin - same lexeme or distinct word needs eyes)
avagAhe	avagāhe	pw	10249	1-120-c	0	112	0		1	avagAh:0.923	2	2	bur;pwg	0	1	variant-form-in-MW	3	add-check	false-friend near form 'avagAh' (0.923) - different word, omission stands
avagAhitavya	avagāhitavya	pw	10247	1-120-c	0	102	0		0		0	0		0	0	confirmed-missing	1	low-priority	
avagUlikA	avagūlikā	pw	10255	1-120-c	0	60	0		0		0	0		0	0	confirmed-missing	0	low-priority	
avaga	avaga	pw	212928	7-310-c	1	105	1	246.	1	avagA:1.000	2	2	bhs;sch	0	0	variant-form-in-MW	5	add-check	vowel-length/case variant of MW headword 'avagA' (fold-twin - same lexeme or distinct word needs eyes)
avagaRanA	avagaṇanā	pw	206497	5-246-a	1	108	0		1	avagaRana:1.000	1	1	sch	0	0	variant-form-in-MW	1	check	vowel-length/case variant of MW headword 'avagaRana' (fold-twin - same lexeme or distinct word needs eyes)
avagalBAy	avagalbhāy	pw	10242.1	1-120-c	0	23	0		0		0	0		0	0	confirmed-missing	0	low-priority	
avaha	avaha	pw	10786	1-127-a	0	60	0		1	Avaha:1.000	4	4	ap;ap90;ieg;vcp	0	0	variant-form-in-MW	6	add-check	vowel-length/case variant of MW headword 'Avaha' (fold-twin - same lexeme or distinct word needs eyes)
avakASaka	avakāśaka	pw	10193	1-120-a	0	69	0		0	avAkSAKa:0.941	0	0		1	0	confirmed-missing	1	low-priority	false-friend near form 'avAkSAKa' (0.941) - different word, omission stands
avakalpanA	avakalpanā	pw	212919	7-310-b	1	104	1	245	0	avakalana:0.947	2	2	bhs;sch	0	0	confirmed-missing	5	add-check	false-friend near form 'avakalana' (0.947) - different word, omission stands
avakalpitin	avakalpitin	pw	10189	1-120-a	0	69	0		0		1	1	pwg	0	0	confirmed-missing	3	check	
avalattikA	avalattikā	pw	10631	1-125-a	0	59	0		0		2	2	pwg;vcp	0	0	confirmed-missing	4	add	
avalinda	avalinda	pw	10637	1-125-b	0	53	0		0	avalIna:0.933	1	1	pwg	0	0	confirmed-missing	0	check	false-friend near form 'avalIna' (0.933) - different word, omission stands
avamUrDa	avamūrdha	pw	212996	7-310-d	1	113	1	154	0		2	2	bhs;sch	1	1	confirmed-missing	9	add	
avanaha	avanaha	pw	212973	7-310-d	1	93	1	261,90	1	avanAha:1.000	1	1	sch	0	0	variant-form-in-MW	3	check	vowel-length/case variant of MW headword 'avanAha' (fold-twin - same lexeme or distinct word needs eyes)
avantyaka	avantyaka	pw	10473	1-123-a	0	101	0		0	avantaka:0.941	0	0		0	0	confirmed-missing	-1	low-priority	false-friend near form 'avantaka' (0.941) - different word, omission stands
avaracAmara	avaracāmara	pw	213006	7-311-a	1	115	1	154	0		1	1	sch	0	0	confirmed-missing	5	check	
avaragodAnIya	avaragodānīya	pw	213005	7-311-a	1	92	1	154	0		2	2	bhs;sch	0	0	confirmed-missing	7	add	
avarahasa	avarahasa	pw	10574	1-124-b	0	57	0		0		4	4	ap;ap90;pwg;vcp	0	0	confirmed-missing	8	add	
avaravarRaka	avaravarṇaka	pw	10569.1	1-124-b	0	23	0		0		4	4	pwg;shs;wil;yat	0	0	confirmed-missing	8	add	
avarikA	avarikā	pw	10579	1-124-b	0	50	0		0	AvarikA:1.000	1	1	pwg	0	0	confirmed-missing	0	check	vowel-length/case variant of MW headword 'AvarikA' (fold-twin - same lexeme or distinct word needs eyes)
avarohadru	avarohadru	pw	10604	1-124-c	0	91	0		0		0	0		0	0	confirmed-missing	1	low-priority	
avary	avary	pw	10623	1-125-a	0	62	0		1		1	1	pwg	0	0	variant-form-in-MW	1	check	
avasAdinI	avasādinī	pw	10735	1-126-b	0	83	0		0		0	0		0	1	confirmed-missing	1	low-priority	
avasakTi	avasakthi	pw	10715	1-126-a	0	219	0		0	Avasati:0.933	0	0		0	0	confirmed-missing	-1	low-priority	false-friend near form 'Avasati' (0.933) - different word, omission stands
avaskandIya	avaskandīya	pw	10756	1-126-c	0	105	0		0		0	0		0	0	confirmed-missing	1	low-priority	
avasnAna	avasnāna	pw	206535	5-246-b	1	114	0		0	avasAna:0.933	1	1	sch	0	0	confirmed-missing	1	check	false-friend near form 'avasAna' (0.933) - different word, omission stands
avasyandI	avasyandī	pw	10782	1-127-a	0	127	0		1	avasyand:0.941	0	0		0	0	variant-form-in-MW	-1	low-priority	false-friend near form 'avasyand' (0.941) - different word, omission stands
avatUlay	avatūlay	pw	10349	1-121-c	0	58	0		1	avatUlaya:0.941	1	1	pwg	0	0	variant-form-in-MW	0	check	false-friend near form 'avatUlaya' (0.941) - different word, omission stands
avayasa	avayasa	pw	10552	1-124-a	0	79	0		0	avayAsa:1.000	1	1	pwg	0	0	confirmed-missing	1	check	vowel-length/case variant of MW headword 'avayAsa' (fold-twin - same lexeme or distinct word needs eyes)
avazwamBanatA	avaṣṭambhanatā	pw	213050	7-311-b	1	146	1	192	0		1	1	sch	0	0	confirmed-missing	5	check	
avegagamana	avegagamana	pw	11283	1-132-c	0	82	0		0		0	0		0	0	confirmed-missing	1	low-priority	
avfzalIka	avṛṣalīka	pw	11271	1-132-c	0	103	0		0		0	0		0	0	confirmed-missing	1	low-priority	
avfzala	avṛṣala	pw	11269	1-132-c	0	84	0		0		0	0		0	0	confirmed-missing	1	low-priority	
avfzalaka	avṛṣalaka	pw	11270	1-132-c	0	64	0		0		1	1	pwg	0	0	confirmed-missing	3	check	
aviBUti	avibhūti	pw	11082	1-130-b	0	67	0		0	AvirBUti:0.933	0	0		0	0	confirmed-missing	-1	low-priority	false-friend near form 'AvirBUti' (0.933) - different word, omission stands
avidDakarRa	aviddhakarṇa	pw	10999	1-129-b	0	84	0		1	AvidDakarRa:1.000	1	1	sch	0	0	variant-form-in-MW	1	check	vowel-length/case variant of MW headword 'AvidDakarRa' (fold-twin - same lexeme or distinct word needs eyes)
avijYapti	avijñapti	pw	213144	7-311-d	1	136	1	101	0		1	1	sch	0	0	confirmed-missing	5	check	
avilAlita	avilālita	pw	11131	1-131-a	0	62	0		0		0	0		0	0	confirmed-missing	1	low-priority	
avimuktaka	avimuktaka	pw	11095	1-130-c	0	256	0		0		0	0		1	0	confirmed-missing	3	low-priority	
avinivartanIya	avinivartanīya	pw	213174	7-312-a	1	120	1	24	0		2	2	bhs;sch	0	0	confirmed-missing	7	add	
avipariRAmavartin	avipariṇāmavartin	pw	213179	7-312-a	1	148	1	245,881	0		1	1	sch	0	0	confirmed-missing	5	check	
avirajas	avirajas	pw	213205	7-312-b	1	116	1	251	0		2	2	bhs;sch	0	0	confirmed-missing	7	add	
avityajYa	avityajña	pw	10983	1-129-b	0	68	0		0	avityaja:0.941	0	0		0	0	confirmed-missing	-1	low-priority	false-friend near form 'avityaja' (0.941) - different word, omission stands
avivfkza	avivṛkṣa	pw	11153	1-131-b	0	88	0		0		0	0		0	0	confirmed-missing	1	low-priority	
avrIqa	avrīḍa	pw	11444	1-134-c	0	64	0		0		1	1	pwg	0	0	confirmed-missing	3	check	
avyAda	avyāda	pw	11404	1-134-b	0	79	0		0	AvyADa:1.000	0	0		0	0	confirmed-missing	-1	low-priority	vowel-length/case variant of MW headword 'AvyADa' (fold-twin - same lexeme or distinct word needs eyes)
avyaRqa	avyaṇḍa	pw	11340	1-133-b	0	241	0		1	avyaRqA:1.000	0	0		1	0	variant-form-in-MW	1	low-priority	vowel-length/case variant of MW headword 'avyaRqA' (fold-twin - same lexeme or distinct word needs eyes)
avyantIkfta	avyantīkṛta	pw	213291	7-312-d	1	116	1	245,637	0		1	1	sch	0	0	confirmed-missing	5	check	
awAy	aṭāy	pw	1487	1-018-b	0	63	0		1		2	2	gst;pwg	0	0	variant-form-in-MW	3	add-check	pratyayhara/short-form class (PWK lists grammatical elements MW does not headword)
awaja	aṭaja	pw	1477	1-018-b	0	73	0		0		0	0		0	0	confirmed-missing	1	low-priority	
awwAy	aṭṭāy	pw	1505	1-018-c	0	33	0		1		2	2	gst;pwg	0	0	variant-form-in-MW	2	add-check	
ayAcitavallI	ayācitavallī	pw	8788	1-102-c	0	86	0		0		0	0		0	0	confirmed-missing	1	low-priority	
ayAvas	ayāvas	pw	8810	1-103-a	0	87	0		1	ayavas:1.000	0	0		0	0	variant-form-in-MW	-1	low-priority	vowel-length/case variant of MW headword 'ayavas' (fold-twin - same lexeme or distinct word needs eyes)
ayaHSalmalIvana	ayaḥśalmalīvana	pw	212549	7-308-a	1	112	1	215	0		1	1	sch	0	0	confirmed-missing	5	check	
ayavana	ayavana	pw	206386	5-244-c	1	132	0		0	Ayavana:1.000	1	1	sch	0	0	confirmed-missing	1	check	vowel-length/case variant of MW headword 'Ayavana' (fold-twin - same lexeme or distinct word needs eyes)
ayocCizwa	ayocchiṣṭa	pw	8873	1-103-c	0	74	0		0		1	0	mw72	0	0	confirmed-missing	3	check	
ayonitva	ayonitva	pw	208420	6-295-c	1	113	0		0		1	1	sch	0	0	confirmed-missing	3	check	
ayugalaparRa	ayugalaparṇa	pw	206390	5-244-c	1	110	0		0		1	1	sch	0	0	confirmed-missing	3	check	
ayukparRa	ayukparṇa	pw	206389	5-244-c	1	116	0		0		1	1	sch	0	0	confirmed-missing	3	check	
azawprajYa	aṣaṭprajña	pw	12007	1-141-a	0	71	0		0		0	0		0	0	confirmed-missing	1	low-priority	
azwAdaSavivAdAnuSAsana	aṣṭādaśavivādānuśāsana	pw	12128	1-142-b	0	118	0		0		0	0		0	0	confirmed-missing	1	low-priority	
azwAracakravant	aṣṭāracakravant	pw	12146	1-142-c	0	81	0		0	azwAracakravat:0.966	1	1	pwg	0	0	confirmed-missing	1	check	probable orthographic doublet of MW headword 'azwAracakravat' (0.966)
azwahAyanI	aṣṭahāyanī	pw	12100	1-142-a	0	72	0		0		0	0		0	0	confirmed-missing	1	low-priority	
azwakika	aṣṭakika	pw	206663	5-248-a	1	91	0		0		5	5	ap;ap90;pwg;sch;vcp	0	0	confirmed-missing	11	add	
azwalohaka	aṣṭalohaka	pw	12078	1-142-a	0	73	0		0		5	5	pwg;shs;vcp;wil;yat	1	0	confirmed-missing	13	add	
azwamakaBUmi	aṣṭamakabhūmi	pw	213453	7-313-d	1	129	1	150	0		1	1	sch	0	0	confirmed-missing	5	check	
bADyOga	bādhyauga	pw	76675.1	4-220-c	0	23	0		0	bADyoga:1.000	0	0		0	0	confirmed-missing	-2	low-priority	vowel-length/case variant of MW headword 'bADyoga' (fold-twin - same lexeme or distinct word needs eyes)
bAhugartaka	bāhugartaka	pw	76894.1	4-223-c	0	23	0		0		0	0		0	0	confirmed-missing	0	low-priority	
bAhusaMBava	bāhusaṃbhava	pw	76958	4-224-b	0	66	0		0	bAhusamBava:1.000	2	2	lrv;pwg	0	0	confirmed-missing	3	add-check	vowel-length/case variant of MW headword 'bAhusamBava' (fold-twin - same lexeme or distinct word needs eyes)
bAlaja	bālaja	pw	130150.1	7-195-c	0	24	0		0	balaja:1.000	3	3	ap;lrv;pwg	0	0	confirmed-missing	4	add-check	vowel-length/case variant of MW headword 'balaja' (fold-twin - same lexeme or distinct word needs eyes)
bAlhaka	bālhaka	pw	76840	4-222-c	0	126	0		0	bAlAhaka:0.933	4	3	lrv;mw72;pwg;vcp	0	0	confirmed-missing	7	add-check	false-friend near form 'bAlAhaka' (0.933) - different word, omission stands
bIjaruhA	bījaruhā	pw	77174	4-227-a	0	72	0		1	bIjaruha:1.000	0	0		0	0	variant-form-in-MW	-1	low-priority	vowel-length/case variant of MW headword 'bIjaruha' (fold-twin - same lexeme or distinct word needs eyes)
badaraPalI	badaraphalī	pw	75655	4-205-b	0	106	0		0	badaraPallI:0.952	3	3	pwg;skd;vcp	1	1	confirmed-missing	7	add-check	probable orthographic doublet of MW headword 'badaraPallI' (0.952)
bahay	bahay	pw	76163	4-214-a	0	75	0		1		1	1	pwg	0	0	variant-form-in-MW	1	check	
bahudalakaRiSa	bahudalakaṇiśa	pw	76330	4-216-a	0	97	0		0	bahudalakaniSa:0.929	0	0		1	0	confirmed-missing	1	low-priority	false-friend near form 'bahudalakaniSa' (0.929) - different word, omission stands
bahumArga	bahumārga	pw	76433	4-217-b	0	111	0		1		4	4	shs;vcp;wil;yat	0	0	variant-form-in-MW	7	add-check	
bahupAdikA	bahupādikā	pw	76379	4-216-c	0	209	0		0		0	0		1	1	confirmed-missing	3	low-priority	
bahusaMpuwa	bahusaṃpuṭa	pw	76542	4-218-c	0	78	0		0	bahusampuwa:1.000	1	1	pwg	0	0	confirmed-missing	1	check	vowel-length/case variant of MW headword 'bahusampuwa' (fold-twin - same lexeme or distinct word needs eyes)
bahusravA	bahusravā	pw	76560	4-219-a	0	73	0		0	bahusava:0.941	2	2	skd;vcp	0	0	confirmed-missing	3	add-check	false-friend near form 'bahusava' (0.941) - different word, omission stands
baladevasvasar	baladevasvasar	pw	75966	4-211-b	0	85	0		0		0	0		0	0	confirmed-missing	1	low-priority	
balasa	balasa	pw	76009	4-212-a	0	64	0		0	balAsa:1.000	1	1	pwg	0	0	confirmed-missing	1	check	vowel-length/case variant of MW headword 'balAsa' (fold-twin - same lexeme or distinct word needs eyes)
balhIka	balhīka	pw	76139	4-213-c	0	52	0		0	bAlhIka:1.000	3	2	lrv;mw72;pwg	0	0	confirmed-missing	4	add-check	vowel-length/case variant of MW headword 'bAlhIka' (fold-twin - same lexeme or distinct word needs eyes)
baliSI	baliśī	pw	207911.1	5-261-b	1	24	0		1		2	2	ap;skd	0	0	variant-form-in-MW	2	add-check	
baliSi	baliśi	pw	207911	5-261-b	1	99	0		1		1	1	sch	0	0	variant-form-in-MW	1	check	
barbaraka	barbaraka	pw	75873	4-209-c	0	165	0		0	bArbaraka:1.000	2	1	mw72;pwg	1	0	confirmed-missing	5	add-check	vowel-length/case variant of MW headword 'bArbaraka' (fold-twin - same lexeme or distinct word needs eyes)
barbarila	barbarila	pw	75877	4-209-c	0	56	0		0		1	1	pwg	0	0	confirmed-missing	2	check	
barhavant	barhavant	pw	75902	4-210-b	0	54	0		0	barhavat:0.941	1	1	pwg	0	0	confirmed-missing	0	check	false-friend near form 'barhavat' (0.941) - different word, omission stands
barhiRavAhan	barhiṇavāhan	pw	75914	4-210-b	0	74	0		0	barhiRavAhana:0.960	0	0		0	0	confirmed-missing	-1	low-priority	probable orthographic doublet of MW headword 'barhiRavAhana' (0.960)
barhirjyotas	barhirjyotas	pw	75920	4-210-c	0	72	0		0		0	0		0	0	confirmed-missing	1	low-priority	
bfMhayitar	bṛṃhayitar	pw	220036	7-364-a	1	98	1	126,88	0		2	2	bhs;sch	0	0	confirmed-missing	7	add	
biWa	biṭha	pw	76990	4-224-c	0	49	0		0		2	1	mw72;vcp	0	0	confirmed-missing	2	add-check	pratyayhara/short-form class (PWK lists grammatical elements MW does not headword)
binducita	binducita	pw	77015	4-225-b	0	106	0		0	binducitra:0.947	1	1	pwg	0	0	confirmed-missing	1	check	false-friend near form 'binducitra' (0.947) - different word, omission stands
bizAkAra	biṣākāra	pw	77140.1	4-226-c	0	23	0		0	Bizaktara:0.941	0	0		0	0	confirmed-missing	-2	low-priority	false-friend near form 'Bizaktara' (0.941) - different word, omission stands
boDipakzanirdeSa	bodhipakṣanirdeśa	pw	220050	7-364-b	1	120	1	65,57	0		2	2	bhs;sch	0	0	confirmed-missing	7	add	
brADnAyana	brādhnāyana	pw	78213	4-240-c	0	174	0		0	brADnAyanya:0.952	2	1	mw72;pwg	0	0	confirmed-missing	3	add-check	probable orthographic doublet of MW headword 'brADnAyanya' (0.952)
brahmasaMbanDa	brahmasaṃbandha	pw	78103	4-239-b	0	61	0		0	brahmasambanDa:1.000	1	1	pwg	0	0	confirmed-missing	1	check	vowel-length/case variant of MW headword 'brahmasambanDa' (fold-twin - same lexeme or distinct word needs eyes)
brahmopanetar	brahmopanetar	pw	78211	4-240-c	0	94	0		0		0	0		0	0	confirmed-missing	1	low-priority	
budDika	buddhika	pw	77280	4-228-b	0	74	0		0		2	2	bhs;pwg	1	0	confirmed-missing	7	add	
cAKAyitar	cākhāyitar	pw	39498	2-221-b	0	75	0		0		1	1	pwg	0	0	confirmed-missing	3	check	
cAmarajju	cāmarajju	pw	207241	5-254-b	1	133	0		0		1	1	sch	0	0	confirmed-missing	3	check	
cApodara	cāpodara	pw	217276	7-341-b	1	163	1	223,133	0		2	2	bhs;sch	0	0	confirmed-missing	7	add	
cArakARqa	cārakāṇḍa	pw	39668	2-223-c	0	103	0		0	caraKaRqa:1.000	4	4	pwg;shs;wil;yat	0	0	confirmed-missing	7	add-check	vowel-length/case variant of MW headword 'caraKaRqa' (fold-twin - same lexeme or distinct word needs eyes)
cArumanta	cārumanta	pw	217287	7-341-b	1	102	1	180,10	0	carmAnta:0.941	2	2	bhs;sch	0	0	confirmed-missing	5	add-check	false-friend near form 'carmAnta' (0.941) - different word, omission stands
cAturdvIpaka	cāturdvīpaka	pw	217260	7-341-a	1	113	1	154,1	0		2	2	bhs;sch	1	0	confirmed-missing	9	add	
cAya	cāya	pw	39658	2-223-b	0	48	0		1	CAya:1.000	5	5	pwg;shs;skd;vcp;wil	0	0	variant-form-in-MW	8	add-check	vowel-length/case variant of MW headword 'CAya' (fold-twin - same lexeme or distinct word needs eyes); pratyayhara/short-form class (PWK lists grammatical elements MW does not headword)
cEnyaBawwa	cainyabhaṭṭa	pw	40703	2-238-a	0	72	0		0		1	1	pwg	0	0	confirmed-missing	3	check	
cEtanaka	caitanaka	pw	217372	7-342-a	1	150	1	260,10	0	cetanakA:1.000	2	2	bhs;sch	0	0	confirmed-missing	5	add-check	vowel-length/case variant of MW headword 'cetanakA' (fold-twin - same lexeme or distinct word needs eyes)
cEtradaRqika	caitradaṇḍika	pw	217373	7-342-a	1	113	1	186,65	0		2	2	bhs;sch	0	0	confirmed-missing	7	add	
cIRakarkawikA	cīṇakarkaṭikā	pw	40335	2-233-a	0	83	0		0	cInakarkawikA:0.923	0	0		0	0	confirmed-missing	-1	low-priority	false-friend near form 'cInakarkawikA' (0.923) - different word, omission stands
cInanI	cīnanī	pw	40346	2-233-b	0	52	0		0		1	1	pwg	0	0	confirmed-missing	2	check	
cIrIlli	cīrīlli	pw	40380.1	2-233-c	0	23	0		0	cirillI:1.000	1	1	pwg	0	0	confirmed-missing	0	check	vowel-length/case variant of MW headword 'cirillI' (fold-twin - same lexeme or distinct word needs eyes)
cIrilli	cīrilli	pw	40380	2-233-c	0	53	0		0	cirillI:1.000	2	2	armh;pwg	0	0	confirmed-missing	2	add-check	vowel-length/case variant of MW headword 'cirillI' (fold-twin - same lexeme or distinct word needs eyes)
cOluka	cauluka	pw	40803	2-239-b	0	53	0		0	cOlukya:0.923	2	1	mw72;pwg	0	0	confirmed-missing	2	add-check	false-friend near form 'cOlukya' (0.923) - different word, omission stands
caYcumant	cañcumant	pw	38425.1	2-206-b	0	23	0		0	caYcumat:0.941	1	1	pwg	0	0	confirmed-missing	0	check	false-friend near form 'caYcumat' (0.941) - different word, omission stands
caYcuqa	cañcuḍa	pw	38421	2-206-b	0	67	0		0	caYcUqa:1.000	0	0		0	0	confirmed-missing	-1	low-priority	vowel-length/case variant of MW headword 'caYcUqa' (fold-twin - same lexeme or distinct word needs eyes)
cadelavAla	cadelavāla	pw	38874	2-211-c	0	73	0		0		1	1	pwg	0	0	confirmed-missing	3	check	
cakralakzaRa	cakralakṣaṇa	pw	38283	2-204-b	0	122	0		1	cakralakzaRA:1.000	0	0		0	0	variant-form-in-MW	-1	low-priority	vowel-length/case variant of MW headword 'cakralakzaRA' (fold-twin - same lexeme or distinct word needs eyes)
campakolva	campakolva	pw	39212	2-215-c	0	77	0		0		1	1	pwg	0	0	confirmed-missing	3	check	
candragola	candragola	pw	38953	2-213-a	0	106	0		0		5	5	pwg;shs;vcp;wil;yat	0	0	confirmed-missing	11	add	
candrakavant	candrakavant	pw	38923	2-212-c	0	50	0		0	candrakavat:0.957	1	1	pwg	0	0	confirmed-missing	0	check	probable orthographic doublet of MW headword 'candrakavat' (0.957)
candrasaMBava	candrasaṃbhava	pw	39080	2-214-b	0	166	0		0	candrasamBava:1.000	1	1	pwg	0	0	confirmed-missing	1	check	vowel-length/case variant of MW headword 'candrasamBava' (fold-twin - same lexeme or distinct word needs eyes)
caramy	caramy	pw	39286	2-218-b	0	55	0		1	caramya:0.923	1	1	pwg	0	0	variant-form-in-MW	0	check	false-friend near form 'caramya' (0.923) - different word, omission stands
carmasaMBavA	carmasaṃbhavā	pw	39397	2-219-c	0	56	0		0	carmasamBavA:1.000	3	3	ap;lrv;pwg	0	0	confirmed-missing	4	add-check	vowel-length/case variant of MW headword 'carmasamBavA' (fold-twin - same lexeme or distinct word needs eyes)
carmawI	carmaṭī	pw	39359	2-219-b	0	71	0		0	carawI:0.923	0	0		1	1	confirmed-missing	1	low-priority	false-friend near form 'carawI' (0.923) - different word, omission stands
carp	carp	pw	39333	2-219-a	0	67	0		0		3	3	ae;bor;pwg	0	0	confirmed-missing	5	add-check	pratyayhara/short-form class (PWK lists grammatical elements MW does not headword)
caturagnivant	caturagnivant	pw	38584	2-208-a	0	66	0		0	caturagnivat:0.960	1	1	pwg	0	0	confirmed-missing	1	check	probable orthographic doublet of MW headword 'caturagnivat' (0.960)
caturdant	caturdant	pw	217155	7-340-b	1	107	0		1	caturdanta:0.947	1	1	sch	0	0	variant-form-in-MW	1	check	false-friend near form 'caturdanta' (0.947) - different word, omission stands
catury	catury	pw	38710	2-209-c	0	54	0		1	caturya:0.923	1	1	pwg	0	0	variant-form-in-MW	0	check	false-friend near form 'caturya' (0.923) - different word, omission stands
caturyoginIsaMpuwa	caturyoginīsaṃpuṭa	pw	208897	6-301-a	1	89	0		0		1	1	sch	0	0	confirmed-missing	3	check	
catuzkumBikA	catuṣkumbhikā	pw	217183	7-340-c	1	85	1	281,111	0		2	2	bhs;sch	0	0	confirmed-missing	7	add	
cedAra	cedāra	pw	40612	2-237-a	0	68	0		0		5	4	mw72;pwg;shs;wil;yat	0	0	confirmed-missing	11	add	
cetAy	cetāy	pw	40598	2-236-c	0	63	0		1		1	1	pwg	0	0	variant-form-in-MW	1	check	
cetaHparyAyajYAna	cetaḥparyāyajñāna	pw	217365	7-342-a	1	136	1	14	0		1	1	sch	0	0	confirmed-missing	5	check	
ciNgawI	ciṅgaṭī	pw	39852.1	2-226-c	0	23	0		1		2	2	ap;skd	0	0	variant-form-in-MW	2	add-check	
cikKilla	cikkhilla	pw	39843	2-226-c	0	39	0		0		1	1	pwg	0	0	confirmed-missing	2	check	
cika	cika	pw	39792	2-226-a	0	74	0		0		2	2	pwg;vcp	1	1	confirmed-missing	5	add-check	pratyayhara/short-form class (PWK lists grammatical elements MW does not headword)
cintAvant	cintāvant	pw	40200	2-231-c	0	57	0		0	cintAvat:0.941	1	1	pwg	0	0	confirmed-missing	0	check	false-friend near form 'cintAvat' (0.941) - different word, omission stands
citraraTabAlhIka	citrarathabālhīka	pw	40065	2-229-c	0	88	0		0	citraraTabAhlika:0.938	0	0		0	0	confirmed-missing	-1	low-priority	false-friend near form 'citraraTabAhlika' (0.938) - different word, omission stands
citravartinI	citravartinī	pw	40086	2-230-a	0	108	0		0		0	0		0	0	confirmed-missing	1	low-priority	
cittAnuparivartin	cittānuparivartin	pw	222382	7-387-d	1	114	1	109,85	0		1	1	sch	0	0	confirmed-missing	5	check	
cittonnati	cittonnati	pw	39956	2-228-a	0	59	0		0	cittonnatti:0.952	6	6	lrv;pwg;shs;vcp;wil;yat	0	0	confirmed-missing	10	add-check	probable orthographic doublet of MW headword 'cittonnatti' (0.952)
culUpin	culūpin	pw	40483.1	2-235-a	0	23	0		0	culumpin:0.933	0	0		0	0	confirmed-missing	-2	low-priority	false-friend near form 'culumpin' (0.933) - different word, omission stands
cullaka	cullaka	pw	40487	2-235-a	0	242	0		1	cullAkza:0.933	6	5	ieg;mw72;pwg;shs;wil;yat	0	0	variant-form-in-MW	11	add-check	false-friend near form 'cullAkza' (0.933) - different word, omission stands
curaRa	curaṇa	pw	40462	2-234-c	0	51	0		0	CuraRa:1.000	3	2	mw72;pwg;vcp	0	0	confirmed-missing	4	add-check	vowel-length/case variant of MW headword 'CuraRa' (fold-twin - same lexeme or distinct word needs eyes)
curaRy	curaṇy	pw	40463	2-234-c	0	50	0		1	curaRya:0.923	0	0		0	0	variant-form-in-MW	-2	low-priority	false-friend near form 'curaRya' (0.923) - different word, omission stands
cyAvayitar	cyāvayitar	pw	40816	2-239-c	0	69	0		0		1	1	pwg	0	0	confirmed-missing	3	check	
cyutisaMkrama	cyutisaṃkrama	pw	217390	7-342-a	1	123	1	148,13	0		1	1	sch	0	0	confirmed-missing	5	check	
cyutyupapatti	cyutyupapatti	pw	217391	7-342-a	1	139	1	7	0		1	1	sch	0	0	confirmed-missing	5	check	
cyuz	cyuṣ	pw	40831	2-240-b	0	97	0		0		0	0		0	0	confirmed-missing	-1	low-priority	pratyayhara/short-form class (PWK lists grammatical elements MW does not headword)
dASya	dāśya	pw	49958	3-085-a	0	57	0		0	dAsya:1.000	2	2	pwg;vcp	0	0	confirmed-missing	2	add-check	vowel-length/case variant of MW headword 'dAsya' (fold-twin - same lexeme or distinct word needs eyes)
dAkzAyiRIpa	dākṣāyiṇīpa	pw	49531	3-080-a	0	117	0		0		3	3	shs;wil;yat	0	0	confirmed-missing	7	add	
dAkziGoza	dākṣighoṣa	pw	49544	3-080-a	0	73	0		0		1	1	pwg	0	0	confirmed-missing	3	check	
dAkzihradIya	dākṣihradīya	pw	49564	3-080-b	0	62	0		0		0	0		0	0	confirmed-missing	1	low-priority	
dAkzikanTIya	dākṣikanthīya	pw	49536	3-080-a	0	62	0		0	dAkzikanTiya:1.000	3	3	shs;wil;yat	0	0	confirmed-missing	5	add-check	vowel-length/case variant of MW headword 'dAkzikanTiya' (fold-twin - same lexeme or distinct word needs eyes)
dAkzikarzIya	dākṣikarṣīya	pw	49538	3-080-a	0	62	0		0		0	0		0	0	confirmed-missing	1	low-priority	
dAkzikawa	dākṣikaṭa	pw	49534	3-080-a	0	71	0		0		1	1	pwg	0	0	confirmed-missing	3	check	
dAkzipaladIya	dākṣipaladīya	pw	49561	3-080-b	0	64	0		0		0	0		0	0	confirmed-missing	1	low-priority	
dAkziprasTa	dākṣiprastha	pw	49562	3-080-b	0	74	0		0	dakziRasTa:0.952	1	1	pwg	0	0	confirmed-missing	1	check	probable orthographic doublet of MW headword 'dakziRasTa' (0.952)
dAlatraka	dālatraka	pw	49887	3-084-b	0	56	0		0		1	1	pwg	0	0	confirmed-missing	2	check	
dAlvA	dālvā	pw	49903	3-084-b	0	80	0		0		0	0		0	0	confirmed-missing	1	low-priority	
dAlveya	dālveya	pw	49904	3-084-b	0	67	0		0		0	0		0	0	confirmed-missing	1	low-priority	
dAmakaputra	dāmakaputra	pw	49711	3-082-a	0	99	0		0		0	0		0	0	confirmed-missing	1	low-priority	
dAmalihy	dāmalihy	pw	49734	3-082-b	0	59	0		1	dAmalihya:0.941	0	0		0	0	variant-form-in-MW	-2	low-priority	false-friend near form 'dAmalihya' (0.941) - different word, omission stands
dAqimIvant	dāḍimīvant	pw	49575	3-080-b	0	70	0		0	dAqimIvat:0.947	1	1	pwg	0	0	confirmed-missing	1	check	false-friend near form 'dAqimIvat' (0.947) - different word, omission stands
dAqimapuzpaka	dāḍimapuṣpaka	pw	49573.1	3-080-b	0	23	0		0		3	3	shs;wil;yat	1	0	confirmed-missing	8	add	
dAqimva	dāḍimva	pw	49576.1	3-080-c	0	23	0		0	dAqima:0.923	0	0		0	0	confirmed-missing	-2	low-priority	false-friend near form 'dAqima' (0.923) - different word, omission stands
dAradikA	dāradikā	pw	49789	3-083-a	0	68	0		0		1	1	pwg	0	0	confirmed-missing	3	check	
dArumatsyAhvayA	dārumatsyāhvayā	pw	49834	3-083-c	0	79	0		1	dArumatsyAhvaya:1.000	0	0		0	0	variant-form-in-MW	-1	low-priority	vowel-length/case variant of MW headword 'dArumatsyAhvaya' (fold-twin - same lexeme or distinct word needs eyes)
dArumuKyAhvA	dārumukhyāhvā	pw	49836.1	3-083-c	0	23	0		1	dArumuKyAhva:1.000	2	2	ap;lrv	0	0	variant-form-in-MW	2	add-check	vowel-length/case variant of MW headword 'dArumuKyAhva' (fold-twin - same lexeme or distinct word needs eyes)
dArumuKyAhvayA	dārumukhyāhvayā	pw	49836	3-083-c	0	108	0		1	dArumuKyAhvaya:1.000	5	5	ap;lrv;pwg;skd;vcp	0	0	variant-form-in-MW	9	add-check	vowel-length/case variant of MW headword 'dArumuKyAhvaya' (fold-twin - same lexeme or distinct word needs eyes)
dArveya	dārveya	pw	49872	3-084-a	0	55	0		0	darvya:0.923	1	1	pwg	0	0	confirmed-missing	0	check	false-friend near form 'darvya' (0.923) - different word, omission stands
dArviyA	dārviyā	pw	49868	3-084-a	0	147	0		0	dAravIya:0.933	1	1	pwg	0	0	confirmed-missing	1	check	false-friend near form 'dAravIya' (0.933) - different word, omission stands
dAsIBAra	dāsībhāra	pw	50008	3-085-c	0	56	0		0		1	1	pwg	0	0	confirmed-missing	2	check	
dAsIPalI	dāsīphalī	pw	50007	3-085-c	0	92	0		0		0	0		0	0	confirmed-missing	1	low-priority	
dAsIpAda	dāsīpāda	pw	50005	3-085-c	0	66	0		0		1	1	pwg	0	0	confirmed-missing	3	check	
dAsIpadI	dāsīpadī	pw	50004	3-085-c	0	84	0		0		0	0		0	0	confirmed-missing	1	low-priority	
dAsapUra	dāsapūra	pw	49983	3-085-b	0	52	0		0	dASapura:1.000	7	6	bur;mw72;pwg;shs;vcp;wil;yat	0	0	confirmed-missing	12	add-check	vowel-length/case variant of MW headword 'dASapura' (fold-twin - same lexeme or distinct word needs eyes)
dAsarUpya	dāsarūpya	pw	49992	3-085-b	0	50	0		0	dASarUpya:1.000	0	0		0	0	confirmed-missing	-2	low-priority	vowel-length/case variant of MW headword 'dASarUpya' (fold-twin - same lexeme or distinct word needs eyes)
dEnAra	daināra	pw	52862	3-122-a	0	94	0		0		5	4	mw72;pwg;shs;wil;yat	0	0	confirmed-missing	11	add	
dEvadattyA	daivadattyā	pw	52908	3-122-c	0	80	0		0	devadattIya:0.952	0	0		0	0	confirmed-missing	-1	low-priority	probable orthographic doublet of MW headword 'devadattIya' (0.952)
dEvakovidA	daivakovidā	pw	52881	3-122-b	0	55	0		1	dEvakovida:1.000	1	1	skd	0	0	variant-form-in-MW	0	check	vowel-length/case variant of MW headword 'dEvakovida' (fold-twin - same lexeme or distinct word needs eyes)
dEvati	daivati	pw	52901	3-122-c	0	61	0		1		2	2	pwg;vcp	0	0	variant-form-in-MW	3	add-check	
dEvayajYyA	daivayajñyā	pw	52920	3-122-c	0	56	0		0	devayajyA:0.947	0	0		0	0	confirmed-missing	-2	low-priority	false-friend near form 'devayajyA' (0.947) - different word, omission stands
dIkzitar	dīkṣitar	pw	50474	3-092-c	0	54	0		0	dIkzita:0.933	1	1	pwg	0	0	confirmed-missing	0	check	false-friend near form 'dIkzita' (0.933) - different word, omission stands
dIkzya	dīkṣya	pw	207428	5-256-b	1	98	0		0		1	1	sch	0	1	confirmed-missing	3	check	
dIpIya	dīpīya	pw	50552	3-094-b	0	50	0		0		2	2	pwg;vcp	0	0	confirmed-missing	4	add	
dIpitar	dīpitar	pw	50550	3-094-b	0	52	0		0	dIpita:0.923	1	1	pwg	0	0	confirmed-missing	0	check	false-friend near form 'dIpita' (0.923) - different word, omission stands
dIptya	dīptya	pw	50590	3-094-c	0	51	0		0		2	2	pwg;vcp	0	0	confirmed-missing	4	add	
dIrGapawolI	dīrghapaṭolī	pw	50652.1	3-095-c	0	23	0		0		0	0		0	0	confirmed-missing	0	low-priority	
dOHzWulya	dauḥṣṭhulya	pw	218327.1	7-349-c	1	24	0		0		1	1	sch	0	0	confirmed-missing	2	check	
dOgUla	daugūla	pw	53079.1	3-124-c	0	23	0		0		3	2	lrv;mw72;pwg	0	0	confirmed-missing	6	add	
dOkUlaka	daukūlaka	pw	53079	3-124-c	0	71	0		0		1	1	bhs	0	0	confirmed-missing	3	check	
dOzWulya	dauṣṭhulya	pw	218327	7-349-c	1	105	1	109,20	0		1	1	bhs	1	1	confirmed-missing	7	check	
dOzakagati	dauṣakagati	pw	53126	3-125-b	0	126	0		0		0	0		0	0	confirmed-missing	1	low-priority	
dUrAdAgata	dūrādāgata	pw	51837	3-110-a	0	90	0		0		1	1	lrv	0	0	confirmed-missing	3	check	
dUrAdDi	dūrāddhi	pw	204864	3-264-a	1	68	0		0	durADi:0.923	1	1	sch	0	0	confirmed-missing	1	check	false-friend near form 'durADi' (0.923) - different word, omission stands
dUraMBavizRu	dūraṃbhaviṣṇu	pw	51824	3-110-a	0	68	0		0	dUramBavizRu:1.000	1	1	pwg	0	0	confirmed-missing	1	check	vowel-length/case variant of MW headword 'dUramBavizRu' (fold-twin - same lexeme or distinct word needs eyes)
dUrepAka	dūrepāka	pw	51854	3-110-b	0	103	0		0		2	2	pwg;vcp	0	0	confirmed-missing	5	add	
dUtIkA	dūtīkā	pw	51781	3-109-b	0	51	0		0	dUtikA:1.000	3	2	mw72;pwg;skd	0	0	confirmed-missing	4	add-check	vowel-length/case variant of MW headword 'dUtikA' (fold-twin - same lexeme or distinct word needs eyes)
daDisy	dadhisy	pw	48811	3-067-a	0	67	0		1	daDisya:0.923	1	1	pwg	0	0	variant-form-in-MW	1	check	false-friend near form 'daDisya' (0.923) - different word, omission stands
daDyAlI	dadhyālī	pw	48828.1	3-067-b	0	23	0		0		1	1	pwg	0	0	confirmed-missing	2	check	
daDyasy	dadhyasy	pw	48826	3-067-b	0	67	0		1	daDyasya:0.933	1	1	pwg	0	0	variant-form-in-MW	1	check	false-friend near form 'daDyasya' (0.933) - different word, omission stands
daMsayitar	daṃsayitar	pw	48382	3-061-b	0	57	0		0		1	1	pwg	0	0	confirmed-missing	2	check	
daRqAyAma	daṇḍāyāma	pw	48667	3-065-c	0	54	0		0	daRqayAma:1.000	1	1	pwg	0	0	confirmed-missing	0	check	vowel-length/case variant of MW headword 'daRqayAma' (fold-twin - same lexeme or distinct word needs eyes)
daRqarI	daṇḍarī	pw	48633	3-065-a	0	88	0		0	daRqaSrI:0.933	4	3	mw72;pwg;skd;vcp	0	0	confirmed-missing	7	add-check	false-friend near form 'daRqaSrI' (0.933) - different word, omission stands
daRqimant	daṇḍimant	pw	48681	3-065-c	0	69	0		0	daRqiman:0.941	1	1	pwg	0	0	confirmed-missing	1	check	false-friend near form 'daRqiman' (0.941) - different word, omission stands
daSaBUmisUtra	daśabhūmisūtra	pw	49334	3-075-b	0	85	0		0		0	0		0	0	confirmed-missing	1	low-priority	
daSagAgrya	daśagāgrya	pw	49248	3-074-b	0	96	0		0		0	0		0	0	confirmed-missing	1	low-priority	
dadfkzeRya	dadṛkṣeṇya	pw	48743	3-066-b	0	89	0		0		2	1	mw72;pwg	0	0	confirmed-missing	5	add	
dagDikA	dagdhikā	pw	48545	3-063-c	0	146	0		0	dADikA:0.923	10	9	ap;ap90;lrv;mw72;pwg;shs;skd;vcp;wil;yat	1	1	confirmed-missing	21	add-check	false-friend near form 'dADikA' (0.923) - different word, omission stands
daha	daha	pw	49487	3-077-c	0	37	0		1	dAha:1.000	7	7	krm;pe;pwg;shs;skd;vcp;wil	1	1	variant-form-in-MW	14	add-check	vowel-length/case variant of MW headword 'dAha' (fold-twin - same lexeme or distinct word needs eyes); pratyayhara/short-form class (PWK lists grammatical elements MW does not headword)
dalatar	dalatar	pw	49189	3-073-c	0	54	0		1	dalataru:0.933	1	1	pwg	0	0	variant-form-in-MW	0	check	false-friend near form 'dalataru' (0.933) - different word, omission stands
dalmimant	dalmimant	pw	49222	3-074-a	0	72	0		0	dalmimat:0.941	1	1	pwg	0	0	confirmed-missing	1	check	false-friend near form 'dalmimat' (0.941) - different word, omission stands
damadamAy	damadamāy	pw	48989	3-069-b	0	70	0		1	damadamAya:0.947	1	1	pwg	0	0	variant-form-in-MW	1	check	false-friend near form 'damadamAya' (0.947) - different word, omission stands
dantaSawa	dantaśaṭa	pw	48917	3-068-b	0	63	0		0	dantaSaWa:1.000	4	4	pwg;shs;wil;yat	0	0	confirmed-missing	7	add-check	vowel-length/case variant of MW headword 'dantaSaWa' (fold-twin - same lexeme or distinct word needs eyes)
dantaloka	dantaloka	pw	48901	3-068-a	0	67	0		0		1	1	pwg	0	0	confirmed-missing	3	check	
dantavant	dantavant	pw	48903	3-068-a	0	63	0		0	dantavat:0.941	1	1	pwg	0	0	confirmed-missing	1	check	false-friend near form 'dantavat' (0.941) - different word, omission stands
darB	darbh	pw	49097	3-071-b	0	76	0		1		5	5	ccs;fri;gra;pwg;sch	0	0	variant-form-in-MW	9	add-check	pratyayhara/short-form class (PWK lists grammatical elements MW does not headword)
darP	darph	pw	49095	3-071-b	0	46	0		0		1	1	pwg	0	0	confirmed-missing	0	check	pratyayhara/short-form class (PWK lists grammatical elements MW does not headword)
dardrUrogin	dardrūrogin	pw	49081	3-071-a	0	59	0		0	dadrUrogin:0.952	2	2	shs;yat	0	0	confirmed-missing	2	add-check	probable orthographic doublet of MW headword 'dadrUrogin' (0.952)
dardruGna	dardrughna	pw	49076	3-071-a	0	86	0		0	dadruGna:0.941	2	2	pwg;vcp	0	0	confirmed-missing	3	add-check	false-friend near form 'dadruGna' (0.941) - different word, omission stands
dardrunASinI	dardrunāśinī	pw	49078	3-071-a	0	71	0		0	dadrunASinI:0.957	2	2	pwg;vcp	0	0	confirmed-missing	3	add-check	probable orthographic doublet of MW headword 'dadrunASinI' (0.957)
dardrurogin	dardrurogin	pw	49079	3-071-a	0	59	0		0	dadrurogin:0.952	2	2	pwg;wil	0	0	confirmed-missing	2	add-check	probable orthographic doublet of MW headword 'dadrurogin' (0.952)
darduraparRi	darduraparṇi	pw	49072.1	3-071-a	0	23	0		1	darduraparRI:1.000	0	0		0	0	variant-form-in-MW	-2	low-priority	vowel-length/case variant of MW headword 'darduraparRI' (fold-twin - same lexeme or distinct word needs eyes)
daridritar	daridritar	pw	49057.2	3-070-c	0	23	0		0	daridrita:0.947	1	1	pwg	0	0	confirmed-missing	0	check	false-friend near form 'daridrita' (0.947) - different word, omission stands
darp	darp	pw	49084	3-071-a	0	81	0		1		3	3	ccs;fri;pwg	0	0	variant-form-in-MW	5	add-check	pratyayhara/short-form class (PWK lists grammatical elements MW does not headword)
dattatIrTakft	dattatīrthakṛt	pw	48696	3-066-a	0	99	0		0		1	1	pwg	0	0	confirmed-missing	3	check	
dayU	dayū	pw	49035	3-070-a	0	50	0		1	DAyu:1.000	2	2	pwg;vcp	0	0	variant-form-in-MW	2	add-check	vowel-length/case variant of MW headword 'DAyu' (fold-twin - same lexeme or distinct word needs eyes); pratyayhara/short-form class (PWK lists grammatical elements MW does not headword)
dehAzWIlaDAraka	dehāṣṭhīladhāraka	pw	52826	3-121-c	0	69	0		0		0	0		0	0	confirmed-missing	1	low-priority	
devIDiyaka	devīdhiyaka	pw	52682	3-120-a	0	85	0		0	devIMDiyaka:0.952	0	0		0	0	confirmed-missing	-1	low-priority	probable orthographic doublet of MW headword 'devIMDiyaka' (0.952)
devadattaSaWa	devadattaśaṭha	pw	52279	3-115-c	0	119	0		0	devadattaSaTa:0.923	0	0		0	0	confirmed-missing	-1	low-priority	false-friend near form 'devadattaSaTa' (0.923) - different word, omission stands
devadiRa	devadiṇa	pw	52293	3-116-a	0	91	0		0	devadiRRa:0.941	0	0		0	0	confirmed-missing	-1	low-priority	false-friend near form 'devadiRRa' (0.941) - different word, omission stands
devanIti	devanīti	pw	52335	3-116-b	0	47	0		0		1	1	pwg	0	0	confirmed-missing	2	check	
devaraka	devaraka	pw	52457	3-117-c	0	50	0		0	devArcaka:0.941	1	1	pwg	1	0	confirmed-missing	2	check	false-friend near form 'devArcaka' (0.941) - different word, omission stands
devayitar	devayitar	pw	52446	3-117-c	0	82	0		0		1	1	pwg	0	0	confirmed-missing	3	check	
dftya	dṛtya	pw	52034	3-112-c	0	92	0		0		2	2	pwg;vcp	0	0	confirmed-missing	5	add	
dfzady	dṛṣady	pw	52076	3-113-a	0	65	0		1	dfzadya:0.923	1	1	pwg	0	1	variant-form-in-MW	1	check	false-friend near form 'dfzadya' (0.923) - different word, omission stands
diDIzU	didhīṣū	pw	50170	3-087-c	0	53	0		1	diDIzu:1.000	4	3	lrv;mw72;pwg;vcp	0	0	variant-form-in-MW	6	add-check	vowel-length/case variant of MW headword 'diDIzu' (fold-twin - same lexeme or distinct word needs eyes)
digambaraka	digambaraka	pw	50074	3-086-b	0	61	0		0		1	1	pwg	0	0	confirmed-missing	3	check	
digvilokita	digvilokita	pw	218141	7-348-a	1	120	1	21,19	0		2	2	bhs;sch	0	0	confirmed-missing	7	add	
dinakarAtmajA	dinakarātmajā	pw	50178	3-087-c	0	78	0		1	dinakarAtmaja:1.000	5	5	armh;pwg;shs;skd;wil	0	0	variant-form-in-MW	9	add-check	vowel-length/case variant of MW headword 'dinakarAtmaja' (fold-twin - same lexeme or distinct word needs eyes)
divAwana	divāṭana	pw	50292	3-089-a	0	47	0		0		7	7	bur;lrv;pwg;shs;vcp;wil;yat	0	0	confirmed-missing	14	add	
divy	divy	pw	50358	3-089-c	0	74	0		1		1	1	pwg	0	1	variant-form-in-MW	1	check	pratyayhara/short-form class (PWK lists grammatical elements MW does not headword)
dohApanayana	dohāpanayana	pw	53073	3-124-c	0	51	0		0		0	0		0	0	confirmed-missing	0	low-priority	
dohIyasI	dohīyasī	pw	53076	3-124-c	0	69	0		0	dohIyas:0.933	0	0		0	0	confirmed-missing	-1	low-priority	false-friend near form 'dohIyas' (0.933) - different word, omission stands
dozaka	doṣaka	pw	53006	3-124-a	0	44	0		0		5	4	mw72;pwg;shs;wil;yat	0	0	confirmed-missing	10	add	
drAkzAmant	drākṣāmant	pw	53405	3-128-c	0	70	0		0	drAkzAmat:0.947	1	1	pwg	0	0	confirmed-missing	1	check	false-friend near form 'drAkzAmat' (0.947) - different word, omission stands
drOGa	draugha	pw	53590	3-131-c	0	110	0		0	droGa:1.000	0	0		0	0	confirmed-missing	-1	low-priority	vowel-length/case variant of MW headword 'droGa' (fold-twin - same lexeme or distinct word needs eyes)
drOGaRaka	draughaṇaka	pw	53591.1	3-131-c	0	23	0		0		1	1	pwg	0	0	confirmed-missing	2	check	
drOvaya	drauvaya	pw	53604	3-131-c	0	57	0		0	DrOvya:0.923	1	1	pwg	0	0	confirmed-missing	0	check	false-friend near form 'DrOvya' (0.923) - different word, omission stands
draQIyaMs	draḍhīyaṃs	pw	53304	3-127-b	0	69	0		0	draQIyas:0.941	2	2	cae;ccs	0	0	confirmed-missing	3	add-check	false-friend near form 'draQIyas' (0.941) - different word, omission stands
dramP	dramph	pw	53314.1	3-127-b	0	23	0		0		0	0		0	0	confirmed-missing	0	low-priority	
dramp	dramp	pw	53314	3-127-b	0	100	0		0		0	0		0	0	confirmed-missing	1	low-priority	
dravAyya	dravāyya	pw	53340	3-127-c	0	65	0		0	dravaya:0.933	2	2	pwg;vcp	0	0	confirmed-missing	3	add-check	false-friend near form 'dravaya' (0.933) - different word, omission stands
dravasy	dravasy	pw	53337	3-127-c	0	63	0		1	dravasya:0.933	0	0		0	0	variant-form-in-MW	-1	low-priority	false-friend near form 'dravasya' (0.933) - different word, omission stands
dravaty	dravaty	pw	53325	3-127-c	0	55	0		1	dravatya:0.933	1	1	pwg	0	0	variant-form-in-MW	0	check	false-friend near form 'dravatya' (0.933) - different word, omission stands
draviRIy	draviṇīy	pw	53353	3-128-a	0	68	0		1	draviRIya:0.941	1	1	pwg	0	0	variant-form-in-MW	1	check	false-friend near form 'draviRIya' (0.941) - different word, omission stands
droRaMpaca	droṇaṃpaca	pw	53561	3-131-b	0	96	0		0	droRampaca:1.000	2	2	ap;pwg	0	0	confirmed-missing	3	add-check	vowel-length/case variant of MW headword 'droRampaca' (fold-twin - same lexeme or distinct word needs eyes)
druGana	drughana	pw	53455	3-130-a	0	48	0		0		1	1	pwg	0	0	confirmed-missing	2	check	
druRAsa	druṇāsa	pw	53462	3-130-a	0	59	0		0	druRasa:1.000	0	0		0	0	confirmed-missing	-2	low-priority	vowel-length/case variant of MW headword 'druRasa' (fold-twin - same lexeme or distinct word needs eyes)
druRi	druṇi	pw	53463	3-130-a	0	58	0		1	druRI:1.000	8	7	bur;lrv;mw72;pwg;shs;vcp;wil;yat	0	1	variant-form-in-MW	14	add-check	vowel-length/case variant of MW headword 'druRI' (fold-twin - same lexeme or distinct word needs eyes)
drumant	drumant	pw	53492	3-130-b	0	60	0		0	drumat:0.923	1	1	pwg	0	0	confirmed-missing	0	check	false-friend near form 'drumat' (0.923) - different word, omission stands
duHKilatA	duḥkhilatā	pw	218183	7-348-c	1	80	1	85,16	0		2	2	bhs;sch	0	0	confirmed-missing	7	add	
duHKy	duḥkhy	pw	50819	3-097-c	0	59	0		1		1	1	pwg	0	0	variant-form-in-MW	0	check	
duHzAman	duḥṣāman	pw	51678	3-108-a	0	50	0		0	duHzama:0.933	1	1	pwg	0	0	confirmed-missing	0	check	false-friend near form 'duHzama' (0.933) - different word, omission stands
duHzUti	duḥṣūti	pw	51680	3-108-a	0	41	0		0	duHzwuti:0.933	5	5	pwg;shs;vcp;wil;yat	0	0	confirmed-missing	8	add-check	false-friend near form 'duHzwuti' (0.933) - different word, omission stands
duHzaMDi	duḥṣaṃdhi	pw	51673	3-108-a	0	50	0		0		1	1	pwg	0	0	confirmed-missing	2	check	
duHzeDa	duḥṣedha	pw	51681	3-108-a	0	49	0		0		2	2	pwg;vcp	0	0	confirmed-missing	4	add	
duddoli	duddoli	pw	50864	3-098-a	0	35	0		0		1	1	pwg	0	0	confirmed-missing	2	check	
dulay	dulay	pw	51486	3-105-c	0	83	0		0		1	1	pwg	0	0	confirmed-missing	3	check	
dunduBizevaRa	dundubhiṣevaṇa	pw	50886	3-098-b	0	69	0		0		1	1	pwg	0	0	confirmed-missing	3	check	
durAQyaMBava	durāḍhyaṃbhava	pw	50978	3-099-b	0	68	0		0	durAQyamBava:1.000	1	1	pwg	0	0	confirmed-missing	1	check	vowel-length/case variant of MW headword 'durAQyamBava' (fold-twin - same lexeme or distinct word needs eyes)
durGarzA	durgharṣā	pw	51163	3-101-c	0	74	0		0		0	0		0	0	confirmed-missing	1	low-priority	
duraMgamA	duraṃgamā	pw	50905	3-098-c	0	54	0		0	dUraMgama:1.000	1	1	pwg	0	0	confirmed-missing	0	check	vowel-length/case variant of MW headword 'dUraMgama' (fold-twin - same lexeme or distinct word needs eyes)
duray	duray	pw	50942	3-099-a	0	69	0		0		1	1	pwg	0	0	confirmed-missing	3	check	
durdinAy	durdināy	pw	51202	3-102-a	0	65	0		1	durdinAya:0.941	1	1	pwg	0	0	variant-form-in-MW	1	check	false-friend near form 'durdinAya' (0.941) - different word, omission stands
durgAhva	durgāhva	pw	204857	3-264-a	1	53	0		0	durgAha:0.933	3	3	pwg;sch;vcp	0	0	confirmed-missing	4	add-check	false-friend near form 'durgAha' (0.933) - different word, omission stands
durizWa	duriṣṭha	pw	51042	3-100-a	0	64	0		0	durizwa:1.000	5	5	bur;pwg;shs;wil;yat	0	0	confirmed-missing	9	add-check	vowel-length/case variant of MW headword 'durizwa' (fold-twin - same lexeme or distinct word needs eyes)
durnazwa	durnaṣṭa	pw	51234	3-102-c	0	38	0		0		1	1	pwg	0	0	confirmed-missing	2	check	
dustarIpa	dustarīpa	pw	51692	3-108-a	0	53	0		0		1	1	pwg	0	0	confirmed-missing	2	check	
duzWulArocana	duṣṭhulārocana	pw	218227	7-348-d	1	152	1	261,6	0		1	1	sch	0	0	confirmed-missing	5	check	
duzWulapraticCAdana	duṣṭhulapraticchādana	pw	218226	7-348-d	1	163	1	261,54	0		1	1	sch	0	0	confirmed-missing	5	check	
duzwIy	duṣṭīy	pw	51605	3-107-a	0	64	0		1	duzwIya:0.923	1	1	pwg	0	0	variant-form-in-MW	1	check	false-friend near form 'duzwIya' (0.923) - different word, omission stands
duzyA	duṣyā	pw	51670	3-107-c	0	89	0		0	dUzyA:1.000	0	0		0	0	confirmed-missing	-1	low-priority	vowel-length/case variant of MW headword 'dUzyA' (fold-twin - same lexeme or distinct word needs eyes)
dvAHsTitadarSaka	dvāḥsthitadarśaka	pw	53796.1	3-134-a	0	23	0		0		3	3	shs;wil;yat	0	0	confirmed-missing	6	add	
dvIpasaMBava	dvīpasaṃbhava	pw	54204	3-138-c	0	317	0		0	dvIpasamBava:1.000	1	1	pwg	0	0	confirmed-missing	1	check	vowel-length/case variant of MW headword 'dvIpasamBava' (fold-twin - same lexeme or distinct word needs eyes)
dvar	dvar	pw	53639	3-132-b	0	93	0		1	dvAr:1.000	2	2	gra;pwg	0	0	variant-form-in-MW	3	add-check	vowel-length/case variant of MW headword 'dvAr' (fold-twin - same lexeme or distinct word needs eyes); pratyayhara/short-form class (PWK lists grammatical elements MW does not headword)
dvidant	dvidant	pw	53926	3-135-c	0	110	0		1	dvidanta:0.933	1	1	pwg	0	0	variant-form-in-MW	1	check	false-friend near form 'dvidanta' (0.933) - different word, omission stands
dvikaMsa	dvikaṃsa	pw	53802	3-134-a	0	73	0		0		0	0		0	0	confirmed-missing	1	low-priority	
dviraTa	dviratha	pw	54045	3-137-a	0	55	0		0	diviraTa:0.933	1	1	pwg	0	0	confirmed-missing	0	check	false-friend near form 'diviraTa' (0.933) - different word, omission stands
dviraTya	dvirathya	pw	54045.1	3-137-a	0	23	0		0		0	0		0	0	confirmed-missing	0	low-priority	
dviruttara	dviruttara	pw	54067	3-137-a	0	67	0		0		0	0		0	0	confirmed-missing	1	low-priority	
dvitantra	dvitantra	pw	53897	3-135-b	0	64	0		0	devItantra:0.947	0	0		0	0	confirmed-missing	-1	low-priority	false-friend near form 'devItantra' (0.947) - different word, omission stands
dvyaNgulautkarzam	dvyaṅgulautkarṣam	pw	54299	3-139-c	0	131	0		0		0	0		0	0	confirmed-missing	1	low-priority	
dyA	dyā	pw	53159	3-125-c	0	77	0		1	DyA:1.000	2	1	mw72;pwg	0	1	variant-form-in-MW	3	add-check	vowel-length/case variant of MW headword 'DyA' (fold-twin - same lexeme or distinct word needs eyes); pratyayhara/short-form class (PWK lists grammatical elements MW does not headword)
dyAMpAta	dyāṃpāta	pw	53161	3-125-c	0	93	0		0	dyAmpAta:1.000	1	1	pwg	0	0	confirmed-missing	1	check	vowel-length/case variant of MW headword 'dyAmpAta' (fold-twin - same lexeme or distinct word needs eyes)
dyUtAlaya	dyūtālaya	pw	53266	3-127-a	0	52	0		0		1	1	pwg	0	0	confirmed-missing	2	check	
dyUtapOrRamI	dyūtapaurṇamī	pw	53254.1	3-126-c	0	23	0		0		0	0		0	0	confirmed-missing	0	low-priority	
dyuma	dyuma	pw	53210	3-126-b	0	62	0		1		2	2	pwg;vcp	0	0	variant-form-in-MW	3	add-check	
ehIqa	ehīḍa	pw	22390.3	1-274-a	0	23	0		0		1	1	vcp	0	0	confirmed-missing	2	check	
ehireyAhirA	ehireyāhirā	pw	22388.1	1-274-a	0	23	0		0		0	0		0	0	confirmed-missing	0	low-priority	
ehisvAgatA	ehisvāgatā	pw	22390.2	1-274-a	0	23	0		0		0	0		0	0	confirmed-missing	0	low-priority	
ehivARijA	ehivāṇijā	pw	22390	1-274-a	0	163	0		0		0	0		0	0	confirmed-missing	1	low-priority	
ehiviGasA	ehivighasā	pw	22390.1	1-274-a	0	23	0		0		0	0		0	0	confirmed-missing	0	low-priority	
ehiyava	ehiyava	pw	22388	1-274-a	0	106	0		0		1	1	pwg	0	0	confirmed-missing	3	check	
ekAMSamala	ekāṃśamala	pw	22035	1-269-b	0	71	0		0		0	0		0	0	confirmed-missing	1	low-priority	
ekANka	ekāṅka	pw	22052	1-269-c	0	64	0		0		1	1	pwg	0	0	confirmed-missing	3	check	
ekAkAra	ekākāra	pw	215445	7-327-c	1	113	1	21	0	ekakara:1.000	2	2	bhs;sch	0	0	confirmed-missing	5	add-check	vowel-length/case variant of MW headword 'ekakara' (fold-twin - same lexeme or distinct word needs eyes)
ekAvacAraka	ekāvacāraka	pw	215465	7-327-d	1	85	1	245,1027	0		2	2	bhs;sch	0	0	confirmed-missing	7	add	
ekaDyam	ekadhyam	pw	215381	7-327-a	1	189	1	245	0	EkaDyam:1.000	2	2	bhs;sch	0	0	confirmed-missing	5	add-check	vowel-length/case variant of MW headword 'EkaDyam' (fold-twin - same lexeme or distinct word needs eyes)
ekagraha	ekagraha	pw	202825	2-296-b	1	94	0		0		1	1	sch	0	0	confirmed-missing	3	check	
ekajvAlI	ekajvālī	pw	215367	7-327-a	1	118	1	223,178	0	ekAvalI:0.933	1	1	sch	0	0	confirmed-missing	3	check	false-friend near form 'ekAvalI' (0.933) - different word, omission stands
ekareRuBU	ekareṇubhū	pw	21908	1-268-a	0	87	0		0		0	0		0	0	confirmed-missing	1	low-priority	
ekavIcika	ekavīcika	pw	215412	7-327-b	1	171	1	46	0		2	2	bhs;sch	0	0	confirmed-missing	7	add	
elAhva	elāhva	pw	22303	1-273-a	0	71	0		0		0	0		1	0	confirmed-missing	3	low-priority	
elAvalI	elāvalī	pw	22302	1-273-a	0	68	0		1	elAvali:1.000	1	1	pwg	0	0	variant-form-in-MW	1	check	vowel-length/case variant of MW headword 'elAvali' (fold-twin - same lexeme or distinct word needs eyes)
elAy	elāy	pw	22301	1-273-a	0	44	0		1		1	1	pwg	0	0	variant-form-in-MW	0	check	pratyayhara/short-form class (PWK lists grammatical elements MW does not headword)
eqAkzipuzpa	eḍākṣipuṣpa	pw	215480	7-327-d	1	144	0		0		2	2	bhs;sch	0	0	confirmed-missing	5	add	
eqakIy	eḍakīy	pw	22184	1-271-b	0	118	0		1	eqakIya:0.923	1	1	pwg	0	0	variant-form-in-MW	1	check	false-friend near form 'eqakIya' (0.923) - different word, omission stands
eqakamuKa	eḍakamukha	pw	22183	1-271-b	0	76	0		0		0	0		0	0	confirmed-missing	1	low-priority	
eqameqa	eḍameḍa	pw	215478	7-327-d	1	93	0		0		2	2	bhs;sch	0	0	confirmed-missing	5	add	
eqavaRa	eḍavaṇa	pw	215479	7-327-d	1	111	0		0		1	1	sch	0	0	confirmed-missing	3	check	
eqavarRa	eḍavarṇa	pw	215479.1	7-327-d	1	24	0		0		0	0		0	0	confirmed-missing	0	low-priority	
etasa	etasa	pw	22239.1	1-272-a	0	23	0		0	etaSa:1.000	0	0		0	0	confirmed-missing	-2	low-priority	vowel-length/case variant of MW headword 'etaSa' (fold-twin - same lexeme or distinct word needs eyes)
etay	etay	pw	22233	1-272-a	0	48	0		0		1	1	pwg	0	0	confirmed-missing	0	check	pratyayhara/short-form class (PWK lists grammatical elements MW does not headword)
evaMBAgIya	evaṃbhāgīya	pw	215512	7-328-a	1	99	1	104	0		1	1	sch	0	0	confirmed-missing	5	check	
evaMpramuKa	evaṃpramukha	pw	215510	7-328-a	1	113	1	244	0		1	1	sch	1	0	confirmed-missing	7	check	
evaMsaMjYin	evaṃsaṃjñin	pw	215500	7-328-a	1	114	1	15	0		1	1	sch	0	0	confirmed-missing	5	check	
evaMyukta	evaṃyukta	pw	205499	4-297-b	1	99	0		1	evaMyuktam:0.947	1	1	sch	1	0	variant-form-in-MW	3	check	false-friend near form 'evaMyuktam' (0.947) - different word, omission stands
evamAyuzyaparyanta	evamāyuṣyaparyanta	pw	215507	7-328-a	1	114	1	15	0		1	1	sch	0	0	confirmed-missing	5	check	
ezaka	eṣaka	pw	22361	1-273-c	0	102	0		1	ezakA:1.000	1	1	bhs	0	0	variant-form-in-MW	1	check	vowel-length/case variant of MW headword 'ezakA' (fold-twin - same lexeme or distinct word needs eyes)
ezika	eṣika	pw	22369	1-273-c	0	69	0		1	ezikA:1.000	0	0		0	0	variant-form-in-MW	-1	low-priority	vowel-length/case variant of MW headword 'ezikA' (fold-twin - same lexeme or distinct word needs eyes)
ezitar	eṣitar	pw	22370	1-273-c	0	94	0		0		0	0		0	0	confirmed-missing	1	low-priority	
ezwar	eṣṭar	pw	22376	1-273-c	0	86	0		0		1	1	sch	0	0	confirmed-missing	3	check	
fBukzIn	ṛbhukṣīn	pw	21592	1-264-a	0	68	0		0	fBukzin:1.000	1	1	pwg	0	0	confirmed-missing	1	check	vowel-length/case variant of MW headword 'fBukzin' (fold-twin - same lexeme or distinct word needs eyes)
fRaSopana	ṛṇaśopana	pw	21421	1-261-c	0	119	0		0		0	0		0	0	confirmed-missing	1	low-priority	
fRagrAhaRa	ṛṇagrāhaṇa	pw	21402	1-261-c	0	71	0		0		0	0		0	0	confirmed-missing	1	low-priority	
fcCakA	ṛcchakā	pw	21346	1-261-a	0	80	0		1	fcCaka:1.000	5	4	ap;ap90;lrv;mw72;pwg	0	0	variant-form-in-MW	9	add-check	vowel-length/case variant of MW headword 'fcCaka' (fold-twin - same lexeme or distinct word needs eyes)
fcatka	ṛcatka	pw	21338	1-261-a	0	64	0		0		1	1	gra	0	0	confirmed-missing	3	check	
fgmant	ṛgmant	pw	21319	1-260-c	0	66	0		0		1	1	pwg	0	0	confirmed-missing	3	check	
fkzanemi	ṛkṣanemi	pw	21287	1-260-b	0	69	0		0		1	1	pwg	0	0	confirmed-missing	3	check	
ftaboDa	ṛtabodha	pw	21458	1-262-b	0	65	0		0		1	1	pwg	0	0	confirmed-missing	3	check	
fzyagatA	ṛṣyagatā	pw	21678	1-265-a	0	54	0		0		7	7	ap;pwg;shs;skd;vcp;wil;yat	0	0	confirmed-missing	14	add	
gAYjIva	gāñjīva	pw	35181	2-163-a	0	66	0		0		0	0		0	0	confirmed-missing	1	low-priority	
gAloqay	gāloḍay	pw	35397	2-165-c	0	84	0		1	gAloqaya:0.933	0	0		0	0	variant-form-in-MW	-1	low-priority	false-friend near form 'gAloqaya' (0.933) - different word, omission stands
gAqiki	gāḍiki	pw	35184	2-163-a	0	52	0		0		1	1	pwg	0	0	confirmed-missing	2	check	
gArDa	gārdha	pw	216854	7-338-a	1	102	1	110,36	0	garDa:1.000	4	4	bhs;bur;pwg;sch	0	0	confirmed-missing	9	add-check	vowel-length/case variant of MW headword 'garDa' (fold-twin - same lexeme or distinct word needs eyes)
gArgIy	gārgīy	pw	35354	2-165-a	0	146	0		1	gArgIya:0.923	1	1	pwg	0	0	variant-form-in-MW	1	check	false-friend near form 'gArgIya' (0.923) - different word, omission stands
gAtrasaMplava	gātrasaṃplava	pw	35244	2-163-c	0	77	0		0	gAtrasamplava:1.000	2	2	lrv;pwg	0	0	confirmed-missing	3	add-check	vowel-length/case variant of MW headword 'gAtrasamplava' (fold-twin - same lexeme or distinct word needs eyes)
gAtray	gātray	pw	35235	2-163-b	0	48	0		1	gAtraya:0.923	1	1	pwg	0	0	variant-form-in-MW	0	check	false-friend near form 'gAtraya' (0.923) - different word, omission stands
gIHkAmy	gīḥkāmy	pw	35542	2-167-b	0	87	0		1	gIHkAmya:0.933	0	0		0	0	variant-form-in-MW	-1	low-priority	false-friend near form 'gIHkAmya' (0.933) - different word, omission stands
gIrvant	gīrvant	pw	216868	7-338-b	1	81	0		0	gIrvat:0.923	2	2	pwg;sch	0	0	confirmed-missing	3	add-check	false-friend near form 'gIrvat' (0.923) - different word, omission stands
gOha	gauha	pw	37251	2-188-a	0	70	0		0	goha:1.000	2	2	pwg;sch	0	0	confirmed-missing	3	add-check	vowel-length/case variant of MW headword 'goha' (fold-twin - same lexeme or distinct word needs eyes); pratyayhara/short-form class (PWK lists grammatical elements MW does not headword)
gOlandya	gaulandya	pw	37229	2-187-c	0	70	0		0	gOlanda:0.933	2	2	pwg;vcp	0	0	confirmed-missing	3	add-check	false-friend near form 'gOlanda' (0.933) - different word, omission stands
gOpileya	gaupileya	pw	37141	2-186-c	0	54	0		0	gOPileya:1.000	2	2	pwg;vcp	0	0	confirmed-missing	2	add-check	vowel-length/case variant of MW headword 'gOPileya' (fold-twin - same lexeme or distinct word needs eyes)
gOrimant	gaurimant	pw	37193	2-187-b	0	81	0		0	gOriman:0.933	1	1	pwg	0	0	confirmed-missing	1	check	false-friend near form 'gOriman' (0.933) - different word, omission stands
gOtamasaMBavA	gautamasaṃbhavā	pw	37109	2-186-b	0	110	0		0	gOtamasamBavA:1.000	2	2	lrv;pwg	0	0	confirmed-missing	3	add-check	vowel-length/case variant of MW headword 'gOtamasamBavA' (fold-twin - same lexeme or distinct word needs eyes)
gaNgApAradeSa	gaṅgāpāradeśa	pw	34021	2-143-c	0	77	0		0		1	1	pwg	0	0	confirmed-missing	3	check	
gaNgezwikA	gaṅgeṣṭikā	pw	207146	5-253-b	1	105	0		0		1	1	sch	0	0	confirmed-missing	3	check	
gaRimant	gaṇimant	pw	34282	2-146-c	0	88	0		0	gaRimat:0.933	0	0		0	0	confirmed-missing	-1	low-priority	false-friend near form 'gaRimat' (0.933) - different word, omission stands
gaRqIkowanaka	gaṇḍīkoṭanaka	pw	216748	7-337-b	1	174	1	279	0		1	1	sch	0	0	confirmed-missing	5	check	
gaRqakavatI	gaṇḍakavatī	pw	34309	2-147-b	0	57	0		0		2	2	ap;pwg	0	0	confirmed-missing	4	add	
gaYjapati	gañjapati	pw	216717	7-336-d	1	102	1	186,32	0	gajapati:0.941	2	2	ieg;sch	0	0	confirmed-missing	5	add-check	false-friend near form 'gajapati' (0.941) - different word, omission stands
gadDi	gaddhi	pw	216919	7-338-c	1	84	1	110,35	0		0	0		0	0	confirmed-missing	3	low-priority	
gadgady	gadgady	pw	34449	2-149-a	0	49	0		1	gadgadya:0.933	1	1	pwg	0	0	variant-form-in-MW	0	check	false-friend near form 'gadgadya' (0.933) - different word, omission stands
gahanAy	gahanāy	pw	35150	2-161-c	0	69	0		1	gahanAya:0.933	1	1	pwg	0	0	variant-form-in-MW	1	check	false-friend near form 'gahanAya' (0.933) - different word, omission stands
gahay	gahay	pw	35153	2-161-c	0	84	0		0		0	0		0	0	confirmed-missing	1	low-priority	
galBAy	galbhāy	pw	35061	2-160-c	0	76	0		1	galBAya:0.923	0	0		0	0	variant-form-in-MW	-1	low-priority	false-friend near form 'galBAya' (0.923) - different word, omission stands
galu	galu	pw	35050	2-160-b	0	99	0		1	galU:1.000	1	1	pwg	0	0	variant-form-in-MW	1	check	vowel-length/case variant of MW headword 'galU' (fold-twin - same lexeme or distinct word needs eyes); pratyayhara/short-form class (PWK lists grammatical elements MW does not headword)
gamBIraGozasvaranAdita	gambhīraghoṣasvaranādita	pw	216789	7-337-c	1	134	1	23,42	0		2	2	bhs;sch	0	0	confirmed-missing	7	add	
gamBIrasIla	gambhīrasīla	pw	34709	2-155-b	0	72	0		0	gamBIraSIla:1.000	0	0		0	0	confirmed-missing	-1	low-priority	vowel-length/case variant of MW headword 'gamBIraSIla' (fold-twin - same lexeme or distinct word needs eyes)
ganDamAtar	gandhamātar	pw	34544	2-150-b	0	52	0		0		1	1	pwg	0	0	confirmed-missing	2	check	
ganDamodinI	gandhamodinī	pw	34563	2-150-c	0	71	0		0		0	0		1	1	confirmed-missing	3	low-priority	
ganDanAli	gandhanāli	pw	34515.1	2-150-a	0	23	0		1	ganDanAlI:1.000	0	0		0	0	variant-form-in-MW	-2	low-priority	vowel-length/case variant of MW headword 'ganDanAlI' (fold-twin - same lexeme or distinct word needs eyes)
ganqolapAda	ganḍolapāda	pw	34358.1	2-147-c	0	23	0		0		0	0		0	0	confirmed-missing	0	low-priority	
gaqyAlaka	gaḍyālaka	pw	34173	2-145-b	0	57	0		0		0	0		0	0	confirmed-missing	0	low-priority	
gar	gar	pw	34734	2-156-b	0	58	0		1	Gar:1.000	5	5	ccs;fri;gra;pwg;sch	1	1	variant-form-in-MW	10	add-check	vowel-length/case variant of MW headword 'Gar' (fold-twin - same lexeme or distinct word needs eyes); pratyayhara/short-form class (PWK lists grammatical elements MW does not headword)
garArAti	garārāti	pw	34757	2-156-b	0	64	0		0		0	0		0	0	confirmed-missing	1	low-priority	
garBaGAtin	garbhaghātin	pw	34885	2-158-b	0	158	0		1	garBaGAtinI:0.952	6	6	ap;lrv;pwg;shs;wil;yat	0	0	variant-form-in-MW	11	add-check	probable orthographic doublet of MW headword 'garBaGAtinI' (0.952)
garBapAtin	garbhapātin	pw	34913	2-158-c	0	149	0		1	garBapAtinI:0.952	4	4	pwg;shs;wil;yat	0	0	variant-form-in-MW	7	add-check	probable orthographic doublet of MW headword 'garBapAtinI' (0.952)
garBasaMBavA	garbhasaṃbhavā	pw	34956	2-159-a	0	78	0		0	garBasamBavA:1.000	1	1	ap	0	0	confirmed-missing	1	check	vowel-length/case variant of MW headword 'garBasamBavA' (fold-twin - same lexeme or distinct word needs eyes)
garaRavant	garaṇavant	pw	34742	2-156-b	0	80	0		0	garaRavat:0.947	1	1	pwg	0	0	confirmed-missing	1	check	false-friend near form 'garaRavat' (0.947) - different word, omission stands
garahana	garahana	pw	34753	2-156-b	0	67	0		0	garahan:0.933	0	0		0	0	confirmed-missing	-1	low-priority	false-friend near form 'garahan' (0.933) - different word, omission stands
gardaBay	gardabhay	pw	34842	2-157-c	0	68	0		1	gardaBaya:0.941	1	1	pwg	0	0	variant-form-in-MW	1	check	false-friend near form 'gardaBaya' (0.941) - different word, omission stands
garmUwiwA	garmūṭiṭā	pw	34996.1	2-159-b	0	23	0		0		0	0		0	0	confirmed-missing	0	low-priority	
garuqakA	garuḍakā	pw	34769	2-156-c	0	79	0		0	garuqANka:0.941	0	0		0	0	confirmed-missing	-1	low-priority	false-friend near form 'garuqANka' (0.941) - different word, omission stands
gatakrama	gatakrama	pw	34363	2-148-a	0	82	0		0		0	0		0	0	confirmed-missing	1	low-priority	
gavAzikA	gavāṣikā	pw	35107	2-161-a	0	52	0		0		6	5	mw72;pwg;shs;skd;wil;yat	0	0	confirmed-missing	12	add	
gavay	gavay	pw	35079	2-160-c	0	74	0		1		1	1	pwg	0	0	variant-form-in-MW	1	check	
gavodDa	gavoddha	pw	35137	2-161-b	0	65	0		0		0	0		0	0	confirmed-missing	1	low-priority	
gehAnuskandam	gehānuskandam	pw	36380	2-178-a	0	87	0		0		0	0		0	0	confirmed-missing	1	low-priority	
gfDrajamBUka	gṛdhrajambhūka	pw	36169	2-175-c	0	117	0		0	gfDrajambUka:1.000	0	0		0	0	confirmed-missing	-1	low-priority	vowel-length/case variant of MW headword 'gfDrajambUka' (fold-twin - same lexeme or distinct word needs eyes)
gfDyin	gṛdhyin	pw	36166	2-175-c	0	185	0		0		3	3	cae;ccs;pwg	0	0	confirmed-missing	7	add	
gfRqIva	gṛṇḍīva	pw	36151.1	2-175-b	0	23	0		0	gfRqiva:1.000	5	5	bur;shs;vcp;wil;yat	0	0	confirmed-missing	8	add-check	vowel-length/case variant of MW headword 'gfRqiva' (fold-twin - same lexeme or distinct word needs eyes)
gfhAvagfhaRI	gṛhāvagṛhaṇī	pw	36316	2-177-b	0	76	0		0		0	0		0	0	confirmed-missing	1	low-priority	
gfhItaka	gṛhītaka	pw	36324	2-177-b	0	100	0		0		1	1	bhs	1	0	confirmed-missing	5	check	
gfhItar	gṛhītar	pw	36328	2-177-b	0	78	0		0	gfhIta:0.923	1	1	pwg	0	0	confirmed-missing	1	check	false-friend near form 'gfhIta' (0.923) - different word, omission stands
gfhapraveSanIya	gṛhapraveśanīya	pw	36250	2-176-c	0	99	0		0		0	0		0	0	confirmed-missing	1	low-priority	
gfhay	gṛhay	pw	36273	2-176-c	0	70	0		1		1	1	pwg	0	0	variant-form-in-MW	1	check	
girIyaka	girīyaka	pw	35524	2-167-b	0	51	0		0	giriyaka:1.000	1	1	pwg	0	0	confirmed-missing	0	check	vowel-length/case variant of MW headword 'giriyaka' (fold-twin - same lexeme or distinct word needs eyes)
girisaMBava	girisaṃbhava	pw	35513	2-167-b	0	138	0		0	girisamBava:1.000	0	0		0	0	confirmed-missing	-1	low-priority	vowel-length/case variant of MW headword 'girisamBava' (fold-twin - same lexeme or distinct word needs eyes)
glAtar	glātar	pw	37627	2-195-a	0	66	0		0		1	1	pwg	0	0	confirmed-missing	3	check	
glaTamlaTa	glathamlatha	pw	217057	7-339-d	1	86	1	245,1166	0		1	1	sch	0	0	confirmed-missing	5	check	
goBartar	gobhartar	pw	36768	2-182-c	0	60	0		0		0	0		0	0	confirmed-missing	0	low-priority	
goDAy	godhāy	pw	36593	2-180-c	0	91	0		1		1	1	pwg	0	0	variant-form-in-MW	1	check	
goDUmasaMBava	godhūmasaṃbhava	pw	36609	2-180-c	0	64	0		0	goDUmasamBava:1.000	1	1	pwg	0	0	confirmed-missing	1	check	vowel-length/case variant of MW headword 'goDUmasamBava' (fold-twin - same lexeme or distinct word needs eyes)
goDra	godhra	pw	36614	2-180-c	0	60	0		0		3	3	lrv;pwg;vcp	0	0	confirmed-missing	6	add	
goKA	gokhā	pw	36452	2-179-a	0	74	0		1	goKa:1.000	5	4	ap;lrv;mw72;pwg;vcp	0	0	variant-form-in-MW	9	add-check	vowel-length/case variant of MW headword 'goKa' (fold-twin - same lexeme or distinct word needs eyes); pratyayhara/short-form class (PWK lists grammatical elements MW does not headword)
goSAlIputra	gośālīputra	pw	216995	7-339-b	1	120	1	179	0		1	1	sch	1	0	confirmed-missing	7	check	
gocI	gocī	pw	36483	2-179-b	0	63	0		0		2	2	pwg;vcp	0	0	confirmed-missing	3	add-check	pratyayhara/short-form class (PWK lists grammatical elements MW does not headword)
gocarapariSudDa	gocarapariśuddha	pw	216956	7-339-a	1	103	1	65,51	0		2	2	bhs;sch	0	0	confirmed-missing	7	add	
godaka	godaka	pw	36562.1	2-180-b	0	23	0		0		0	0		0	0	confirmed-missing	0	low-priority	
gokaRWaka	gokaṇṭhaka	pw	36422	2-178-b	0	72	0		0	gokaRwaka:1.000	0	0		0	0	confirmed-missing	-1	low-priority	vowel-length/case variant of MW headword 'gokaRwaka' (fold-twin - same lexeme or distinct word needs eyes)
golanda	golanda	pw	36873	2-184-a	0	65	0		0	gOlanda:1.000	3	2	mw72;pwg;vcp	0	0	confirmed-missing	5	add-check	vowel-length/case variant of MW headword 'gOlanda' (fold-twin - same lexeme or distinct word needs eyes)
gomant	gomant	pw	36789	2-182-c	0	92	0		1	gomanta:0.923	5	5	ben;cae;ccs;pwg;stc	1	0	variant-form-in-MW	11	add-check	false-friend near form 'gomanta' (0.923) - different word, omission stands
gomaty	gomaty	pw	36785	2-182-c	0	79	0		1	gomatya:0.923	1	1	pwg	0	1	variant-form-in-MW	1	check	false-friend near form 'gomatya' (0.923) - different word, omission stands
gomay	gomay	pw	36792	2-183-a	0	49	0		1		1	1	pwg	0	0	variant-form-in-MW	0	check	
gonAdIca	gonādīca	pw	36623.1	2-181-a	0	23	0		0		0	0		0	0	confirmed-missing	0	low-priority	
gonar	gonar	pw	36616	2-180-c	0	57	0		0		0	0		0	0	confirmed-missing	0	low-priority	
gonizpanda	goniṣpanda	pw	36634	2-181-a	0	51	0		0		0	0		0	0	confirmed-missing	0	low-priority	
gopAwavika	gopāṭavika	pw	36673	2-181-c	0	55	0		0		4	4	pwg;shs;wil;yat	0	0	confirmed-missing	8	add	
gopin	gopin	pw	36716	2-182-a	0	155	0		1		7	6	ap;ap90;mw72;pwg;shs;vcp;wil	0	0	variant-form-in-MW	13	add-check	
gopotAlikA	gopotālikā	pw	36746	2-182-b	0	47	0		0	gopotalikA:1.000	1	1	pwg	0	0	confirmed-missing	0	check	vowel-length/case variant of MW headword 'gopotalikA' (fold-twin - same lexeme or distinct word needs eyes)
gopuraga	gopuraga	pw	36738	2-182-b	0	70	0		0		0	0		0	0	confirmed-missing	1	low-priority	
gosrava	gosrava	pw	37056	2-185-c	0	66	0		0	gorava:0.923	0	0		1	0	confirmed-missing	1	low-priority	false-friend near form 'gorava' (0.923) - different word, omission stands
govicandra	govicandra	pw	36918	2-184-b	0	69	0		0		2	1	mw72;pwg	0	0	confirmed-missing	5	add	
gozw	goṣṭ	pw	36997	2-185-a	0	47	0		1		4	3	ben;lrv;mw72;pwg	0	0	variant-form-in-MW	6	add-check	pratyayhara/short-form class (PWK lists grammatical elements MW does not headword)
grAmaKaRqaka	grāmakhaṇḍaka	pw	37448	2-192-c	0	96	0		0		0	0		0	0	confirmed-missing	1	low-priority	
grAmakulAlaka	grāmakulālaka	pw	37444	2-192-c	0	83	0		0	grAmakulAlikA:0.923	0	0		0	0	confirmed-missing	-1	low-priority	false-friend near form 'grAmakulAlikA' (0.923) - different word, omission stands
grAmakumAraka	grāmakumāraka	pw	37442	2-192-c	0	83	0		0	grAmakumArikA:0.923	0	0		0	0	confirmed-missing	-1	low-priority	false-friend near form 'grAmakumArikA' (0.923) - different word, omission stands
grAmaputraka	grāmaputraka	pw	37486	2-193-a	0	81	0		0		0	0		0	0	confirmed-missing	1	low-priority	
grAmay	grāmay	pw	37496	2-193-a	0	50	0		1	grAmaya:0.923	1	1	pwg	0	0	variant-form-in-MW	0	check	false-friend near form 'grAmaya' (0.923) - different word, omission stands
grAmazaRqaka	grāmaṣaṇḍaka	pw	37507	2-193-a	0	81	0		0		0	0		0	0	confirmed-missing	1	low-priority	
grAvaReya	grāvaṇeya	pw	203184	2-300-b	1	190	0		0		1	1	sch	0	0	confirmed-missing	3	check	
grahelikA	grahelikā	pw	37428	2-192-b	0	67	0		0		1	1	pwg	0	0	confirmed-missing	3	check	
grahika	grahika	pw	217031	7-339-c	1	94	1	127,8	1	grAhika:1.000	2	2	bhs;sch	0	0	variant-form-in-MW	5	add-check	vowel-length/case variant of MW headword 'grAhika' (fold-twin - same lexeme or distinct word needs eyes)
granTakartar	granthakartar	pw	37275	2-188-b	0	64	0		0		1	1	pwg	0	0	confirmed-missing	3	check	
granTipatra	granthipatra	pw	37293	2-188-c	0	70	0		0	granTipattra:0.957	2	2	pwg;vcp	0	0	confirmed-missing	3	add-check	probable orthographic doublet of MW headword 'granTipattra' (0.957)
greDa	gredha	pw	217056	7-339-c	1	152	1	245,1145	0		2	2	bhs;sch	0	0	confirmed-missing	7	add	
guNkvaRa	guṅkvaṇa	pw	35596	2-168-a	0	64	0		0		0	0		0	0	confirmed-missing	1	low-priority	
guRastU	guṇastū	pw	216887.1	7-338-b	1	24	0		0		0	0		0	0	confirmed-missing	0	low-priority	
guRastu	guṇastu	pw	216887	7-338-b	1	137	0		0		1	1	sch	0	0	confirmed-missing	3	check	
guRqAsinI	guṇḍāsinī	pw	35824.1	2-171-a	0	23	0		0	guRqASinI:1.000	4	3	mw72;pwg;skd;vcp	1	1	confirmed-missing	8	add-check	vowel-length/case variant of MW headword 'guRqASinI' (fold-twin - same lexeme or distinct word needs eyes)
guRqarocanikA	guṇḍarocanikā	pw	35822	2-171-a	0	139	0		0	guRqArocanikA:1.000	0	0		0	0	confirmed-missing	-1	low-priority	vowel-length/case variant of MW headword 'guRqArocanikA' (fold-twin - same lexeme or distinct word needs eyes)
guSli	guśli	pw	36031	2-174-a	0	87	0		0		0	0		0	0	confirmed-missing	1	low-priority	
gudara	gudara	pw	35842	2-171-b	0	50	0		0		1	1	pwg	0	0	confirmed-missing	2	check	
gulPaka	gulphaka	pw	36012	2-173-c	0	64	0		0		0	0		0	0	confirmed-missing	1	low-priority	
guqaliRmant	guḍaliṇmant	pw	35651	2-168-c	0	66	0		0	guqaliRmat:0.952	0	0		0	0	confirmed-missing	-1	low-priority	probable orthographic doublet of MW headword 'guqaliRmat' (0.952)
gurdI	gurdī	pw	35989.1	2-173-b	0	23	0		1	gUrdI:1.000	0	0		0	0	variant-form-in-MW	-2	low-priority	vowel-length/case variant of MW headword 'gUrdI' (fold-twin - same lexeme or distinct word needs eyes)
gurda	gurda	pw	35989	2-173-b	0	95	0		1	gUrda:1.000	4	4	krm;pwg;shs;wil	0	0	variant-form-in-MW	7	add-check	vowel-length/case variant of MW headword 'gUrda' (fold-twin - same lexeme or distinct word needs eyes)
guruvAsana	guruvāsana	pw	35963	2-173-a	0	82	0		0		0	0		0	0	confirmed-missing	1	low-priority	
hAstiSIrzyA	hāstiśīrṣyā	pw	134520	7-272-b	0	55	0		0		1	1	pwg	0	0	confirmed-missing	2	check	
hEtanAma	haitanāma	pw	135480	7-284-b	0	116	0		1	hEtanAman:0.941	1	1	pwg	0	0	variant-form-in-MW	1	check	false-friend near form 'hEtanAman' (0.941) - different word, omission stands
hIrarAja	hīrarāja	pw	134965	7-278-b	0	113	0		0	hiraRyajA:0.941	1	1	pwg	0	0	confirmed-missing	1	check	false-friend near form 'hiraRyajA' (0.941) - different word, omission stands
hUralola	hūralola	pw	135066	7-279-c	0	137	0		0		0	0		0	0	confirmed-missing	1	low-priority	
haMsagadradA	haṃsagadradā	pw	133293	7-249-a	0	72	0		0		0	0		0	0	confirmed-missing	1	low-priority	
halay	halay	pw	134007	7-264-a	0	53	0		1		1	1	pwg	0	0	variant-form-in-MW	0	check	
haledvizadikA	haledviṣadikā	pw	134033	7-264-b	0	88	0		0	haledvipadikA:0.923	0	0		0	0	confirmed-missing	-1	low-priority	false-friend near form 'haledvipadikA' (0.923) - different word, omission stands
hananIy	hananīy	pw	133461	7-253-a	0	102	0		1	hananIya:0.933	1	1	pwg	0	0	variant-form-in-MW	1	check	false-friend near form 'hananIya' (0.933) - different word, omission stands
haratejaMs	haratejaṃs	pw	133589	7-258-a	0	119	0		0	haratejas:0.947	0	0		0	0	confirmed-missing	-1	low-priority	false-friend near form 'haratejas' (0.947) - different word, omission stands
haridrumant	haridrumant	pw	133756	7-260-b	0	69	0		0	haridrumat:0.952	1	1	pwg	0	0	confirmed-missing	1	check	probable orthographic doublet of MW headword 'haridrumat' (0.952)
haritmant	haritmant	pw	133724	7-260-a	0	54	0		0	haritmat:0.941	1	1	pwg	0	0	confirmed-missing	0	check	false-friend near form 'haritmat' (0.941) - different word, omission stands
hastagrAham	hastagrāham	pw	134176	7-266-c	0	83	0		1	hastagrAha:0.952	2	2	pwg;sch	0	0	variant-form-in-MW	3	add-check	probable orthographic doublet of MW headword 'hastagrAha' (0.952)
hastajoqi	hastajoḍi	pw	134181	7-266-c	0	92	0		0	hastajyoqi:0.947	1	1	vcp	0	0	confirmed-missing	1	check	false-friend near form 'hastajyoqi' (0.947) - different word, omission stands
hastiSiram	hastiśiram	pw	134321	7-268-b	0	68	0		1		0	0		0	0	variant-form-in-MW	-1	low-priority	
hastimant	hastimant	pw	134298	7-268-a	0	68	0		0	hastimat:0.941	1	1	pwg	0	0	confirmed-missing	1	check	false-friend near form 'hastimat' (0.941) - different word, omission stands
hastinIpura	hastinīpura	pw	134281	7-268-a	0	58	0		0		2	1	mw72;pwg	0	0	confirmed-missing	4	add	
hatapitar	hatapitar	pw	133426	7-250-b	0	69	0		0		1	1	pwg	0	0	confirmed-missing	3	check	
havava	havava	pw	134054	7-264-c	0	36	0		1	havavat:0.923	2	2	bhs;pwg	0	0	variant-form-in-MW	2	add-check	false-friend near form 'havavat' (0.923) - different word, omission stands
hawaparRi	haṭaparṇi	pw	133387	7-249-c	0	67	0		1	hawaparRI:1.000	4	3	mw72;pwg;skd;vcp	0	0	variant-form-in-MW	7	add-check	vowel-length/case variant of MW headword 'hawaparRI' (fold-twin - same lexeme or distinct word needs eyes)
hayAnanda	hayānanda	pw	133561	7-254-b	0	69	0		0	haryAnanda:0.947	5	5	pwg;shs;vcp;wil;yat	1	0	confirmed-missing	11	add-check	false-friend near form 'haryAnanda' (0.947) - different word, omission stands
hayadvizant	hayadviṣant	pw	133532	7-254-a	0	51	0		0	hayadvizat:0.952	1	1	pwg	0	0	confirmed-missing	0	check	probable orthographic doublet of MW headword 'hayadvizat' (0.952)
hayantAt	hayantāt	pw	133534	7-254-a	0	43	0		0		1	1	pwg	0	0	confirmed-missing	2	check	
hehE	hehai	pw	135473	7-284-b	0	62	0		0		3	3	pwg;skd;vcp	0	0	confirmed-missing	5	add-check	pratyayhara/short-form class (PWK lists grammatical elements MW does not headword)
helaYcI	helañcī	pw	135446	7-284-a	0	179	0		1	helaYci:1.000	9	8	ap;bur;mw72;pwg;shs;skd;vcp;wil;yat	0	0	variant-form-in-MW	17	add-check	vowel-length/case variant of MW headword 'helaYci' (fold-twin - same lexeme or distinct word needs eyes)
hemana	hemana	pw	135356	7-283-a	0	65	0		0	hEmana:1.000	1	1	pwg	0	0	confirmed-missing	1	check	vowel-length/case variant of MW headword 'hEmana' (fold-twin - same lexeme or distinct word needs eyes)
hemavarcas	hemavarcas	pw	135393	7-283-b	0	68	0		0		1	1	pwg	0	0	confirmed-missing	3	check	
hemavata	hemavata	pw	135391	7-283-b	0	112	0		0	hEmavata:1.000	1	1	bur	0	0	confirmed-missing	1	check	vowel-length/case variant of MW headword 'hEmavata' (fold-twin - same lexeme or distinct word needs eyes)
hfdayArRavarasa	hṛdayārṇavarasa	pw	135168	7-280-c	0	97	0		0		0	0		0	0	confirmed-missing	1	low-priority	
hfdayavant	hṛdayavant	pw	135143	7-280-c	0	70	0		0	hfdayavat:0.947	2	2	ben;pwg	0	0	confirmed-missing	3	add-check	false-friend near form 'hfdayavat' (0.947) - different word, omission stands
hfdinI	hṛdinī	pw	135190	7-281-a	0	59	0		0		1	1	pwg	0	0	confirmed-missing	2	check	
hillolay	hillolay	pw	134922	7-277-c	0	55	0		1	hillolaya:0.941	1	1	pwg	0	0	variant-form-in-MW	0	check	false-friend near form 'hillolaya' (0.941) - different word, omission stands
hoQ	hoḍh	pw	135532	7-285-a	0	56	0		1	hoq:1.000	1	1	pwg	0	0	variant-form-in-MW	0	check	vowel-length/case variant of MW headword 'hoq' (fold-twin - same lexeme or distinct word needs eyes); pratyayhara/short-form class (PWK lists grammatical elements MW does not headword)
hoQAy	hoḍhāy	pw	135534	7-285-a	0	58	0		0		0	0		0	0	confirmed-missing	0	low-priority	
hoqar	hoḍar	pw	135530	7-285-a	0	66	0		0		1	1	pwg	0	0	confirmed-missing	3	check	
hoturantevAsin	hoturantevāsin	pw	135540	7-285-b	0	80	0		0	hoturantevasin:1.000	1	1	pwg	0	0	confirmed-missing	1	check	vowel-length/case variant of MW headword 'hoturantevasin' (fold-twin - same lexeme or distinct word needs eyes)
hrasvagarBa	hrasvagarbha	pw	135673.1	7-287-a	0	24	0		0		4	4	lrv;pwg;shs;vcp	0	0	confirmed-missing	8	add	
hulamAtfkA	hulamātṛkā	pw	135036	7-279-b	0	60	0		0		1	1	pwg	0	0	confirmed-missing	2	check	
hvAyakIy	hvāyakīy	pw	135784	7-288-c	0	107	0		1	hvAyakIya:0.941	0	0		0	0	variant-form-in-MW	-1	low-priority	false-friend near form 'hvAyakIya' (0.941) - different word, omission stands
iBAvant	ibhāvant	pw	17189	1-207-c	0	65	0		0		1	1	pwg	0	0	confirmed-missing	3	check	
iBamUlaka	ibhamūlaka	pw	17186	1-207-b	0	84	0		0		0	0		1	0	confirmed-missing	3	low-priority	
iBaniBIlikA	ibhanibhīlikā	pw	17183	1-207-b	0	84	0		0		0	0		0	0	confirmed-missing	1	low-priority	
iByakA	ibhyakā	pw	17191	1-207-c	0	82	0		0		2	2	lrv;pwg	0	0	confirmed-missing	5	add	
iByikA	ibhyikā	pw	17191.1	1-207-c	0	23	0		0		1	1	lrv	0	0	confirmed-missing	2	check	
iDmAbarhizI	idhmābarhiṣī	pw	16858	1-204-a	0	91	0		0		0	0		0	1	confirmed-missing	1	low-priority	
iDmapravaScana	idhmapravaścana	pw	16853	1-204-a	0	87	0		0	iDmapravraScana:0.966	0	0		0	0	confirmed-missing	-1	low-priority	probable orthographic doublet of MW headword 'iDmapravraScana' (0.966)
iNgala	iṅgala	pw	16686	1-201-c	0	115	0		0		0	0		0	0	confirmed-missing	1	low-priority	
iYj	iñj	pw	16709	1-201-c	0	96	0		0	IYj:1.000	1	1	pwg	1	0	confirmed-missing	3	check	vowel-length/case variant of MW headword 'IYj' (fold-twin - same lexeme or distinct word needs eyes); pratyayhara/short-form class (PWK lists grammatical elements MW does not headword)
icCAvant	icchāvant	pw	16700	1-201-c	0	64	0		0	icCAvat:0.933	1	1	pwg	0	0	confirmed-missing	1	check	false-friend near form 'icCAvat' (0.933) - different word, omission stands
icCantika	icchantika	pw	214515	7-321-a	1	129	1	110	0		2	2	bhs;sch	1	1	confirmed-missing	9	add	
idAm	idām	pw	16837	1-203-c	0	60	0		0	idam:1.000	1	1	pwg	0	0	confirmed-missing	0	check	vowel-length/case variant of MW headword 'idam' (fold-twin - same lexeme or distinct word needs eyes); pratyayhara/short-form class (PWK lists grammatical elements MW does not headword)
idDA	iddhā	pw	16844	1-203-c	0	74	0		1	idDa:1.000	3	3	ap;pwg;vcp	1	1	variant-form-in-MW	7	add-check	vowel-length/case variant of MW headword 'idDa' (fold-twin - same lexeme or distinct word needs eyes); pratyayhara/short-form class (PWK lists grammatical elements MW does not headword)
idaMdvitIya	idaṃdvitīya	pw	16823	1-203-b	0	111	0		0	idamdvitIya:1.000	0	0		0	0	confirmed-missing	-1	low-priority	vowel-length/case variant of MW headword 'idamdvitIya' (fold-twin - same lexeme or distinct word needs eyes)
idaMkAyA	idaṃkāyā	pw	16817	1-203-b	0	69	0		0		0	0		0	0	confirmed-missing	1	low-priority	
idaMpara	idaṃpara	pw	16825	1-203-c	0	90	0		0		0	0		0	0	confirmed-missing	1	low-priority	
idaMpraDAna	idaṃpradhāna	pw	16829	1-203-c	0	111	0		0		0	0		0	0	confirmed-missing	1	low-priority	
idaMpraTama	idaṃprathama	pw	16828	1-203-c	0	217	0		0	idampraTama:1.000	0	0		0	0	confirmed-missing	-1	low-priority	vowel-length/case variant of MW headword 'idampraTama' (fold-twin - same lexeme or distinct word needs eyes)
idaMprakAram	idaṃprakāram	pw	16826	1-203-c	0	63	0		0	idamprakAram:1.000	1	1	pwg	0	0	confirmed-missing	1	check	vowel-length/case variant of MW headword 'idamprakAram' (fold-twin - same lexeme or distinct word needs eyes)
idaMtftIya	idaṃtṛtīya	pw	16821	1-203-b	0	110	0		0		0	0		0	0	confirmed-missing	1	low-priority	
ikawI	ikaṭī	pw	206832	5-249-c	1	121	0		0		1	1	sch	0	0	confirmed-missing	3	check	
ikkawI	ikkaṭī	pw	206832.1	5-249-c	0	24	0		1		0	0		0	0	variant-form-in-MW	-2	low-priority	
ikzulatA	ikṣulatā	pw	16662	1-201-b	0	78	0		0		0	0		0	0	confirmed-missing	1	low-priority	
ikzulocana	ikṣulocana	pw	16664	1-201-b	0	68	0		0		0	0		0	0	confirmed-missing	1	low-priority	
ikzurataRqulA	ikṣurataṇḍulā	pw	16657	1-201-b	0	96	0		0		0	0		0	0	confirmed-missing	1	low-priority	
ikzuvArDi	ikṣuvārdhi	pw	16670	1-201-b	0	75	0		0	ikzuvAri:0.941	0	0		0	0	confirmed-missing	-1	low-priority	false-friend near form 'ikzuvAri' (0.941) - different word, omission stands
illIsa	illīsa	pw	17270.2	1-208-b	0	23	0		0	illisa:1.000	1	1	pwg	0	0	confirmed-missing	0	check	vowel-length/case variant of MW headword 'illisa' (fold-twin - same lexeme or distinct word needs eyes)
indIvAra	indīvāra	pw	16876	1-204-b	0	55	0		0	indIvara:1.000	6	6	lrv;pwg;shs;vcp;wil;yat	0	0	confirmed-missing	10	add-check	vowel-length/case variant of MW headword 'indIvara' (fold-twin - same lexeme or distinct word needs eyes)
indindira	indindira	pw	206836.1	5-249-c	1	24	0		1	indindirA:1.000	10	9	armh;bur;lrv;mw72;pwg;sch;shs;vcp;wil;yat	0	0	variant-form-in-MW	18	add-check	vowel-length/case variant of MW headword 'indindirA' (fold-twin - same lexeme or distinct word needs eyes)
indivara	indivara	pw	16870.1	1-204-a	0	23	0		0	indIvara:1.000	5	5	ccs;pwg;shs;vcp;wil	0	0	confirmed-missing	8	add-check	vowel-length/case variant of MW headword 'indIvara' (fold-twin - same lexeme or distinct word needs eyes)
indrAdfSa	indrādṛśa	pw	17111	1-206-c	0	50	0		0		2	2	pwg;vcp	0	0	confirmed-missing	4	add	
indrAgnidEvatya	indrāgnidaivatya	pw	17101.1	1-206-b	0	23	0		0	indrAgnidEvata:0.966	0	0		0	0	confirmed-missing	-2	low-priority	probable orthographic doublet of MW headword 'indrAgnidEvata' (0.966)
indrAliSa	indrāliśa	pw	17125	1-206-c	0	50	0		0		2	2	pwg;vcp	0	0	confirmed-missing	4	add	
indrAvasAna	indrāvasāna	pw	17129	1-206-c	0	51	0		0		2	2	pwg;vcp	0	0	confirmed-missing	4	add	
indrIy	indrīy	pw	17159	1-207-a	0	95	0		0	indriya:0.923	1	1	pwg	0	0	confirmed-missing	1	check	false-friend near form 'indriya' (0.923) - different word, omission stands
indraSira	indraśira	pw	17068	1-206-a	0	59	0		0		1	1	pwg	0	0	confirmed-missing	2	check	
indracirBiwA	indracirbhiṭā	pw	16947	1-205-a	0	84	0		1		0	0		1	1	variant-form-in-MW	1	low-priority	
indradyuti	indradyuti	pw	16980	1-205-b	0	54	0		0		1	1	ap	0	0	confirmed-missing	2	check	
indrajAli	indrajāli	pw	16957	1-205-a	0	142	0		1	indrajAlin:0.947	0	0		0	0	variant-form-in-MW	-1	low-priority	false-friend near form 'indrajAlin' (0.947) - different word, omission stands
indralAjI	indralājī	pw	17038	1-206-a	0	82	0		0		2	2	pwg;vcp	0	0	confirmed-missing	5	add	
indrotTApana	indrotthāpana	pw	206840	5-249-c	1	162	0		0		1	1	sch	0	0	confirmed-missing	3	check	
inducandana	inducandana	pw	16889	1-204-b	0	77	0		0		1	1	sch	0	0	confirmed-missing	3	check	
indurAjI	indurājī	pw	16911	1-204-c	0	214	0		1		0	0		1	0	variant-form-in-MW	1	low-priority	
iqaviq	iḍaviḍ	pw	16721	1-202-a	0	52	0		1	iqaviqA:0.923	1	1	pwg	0	0	variant-form-in-MW	0	check	false-friend near form 'iqaviqA' (0.923) - different word, omission stands
irAmbara	irāmbara	pw	17229	1-208-a	0	55	0		0		3	3	lrv;pwg;vcp	0	0	confirmed-missing	6	add	
irkuwa	irkuṭa	pw	17240	1-208-a	0	107	0		0		0	0		0	0	confirmed-missing	1	low-priority	
irkuwin	irkuṭin	pw	17240.1	1-208-a	0	23	0		0		0	0		0	0	confirmed-missing	0	low-priority	
iry	iry	pw	17242	1-208-b	0	51	0		1		1	1	pwg	0	0	variant-form-in-MW	0	check	pratyayhara/short-form class (PWK lists grammatical elements MW does not headword)
itTaMkAram	itthaṃkāram	pw	16790	1-203-a	0	53	0		0	itTamkAram:1.000	2	2	pwg;sch	0	0	confirmed-missing	2	add-check	vowel-length/case variant of MW headword 'itTamkAram' (fold-twin - same lexeme or distinct word needs eyes)
itaray	itaray	pw	16756	1-202-c	0	79	0		0		1	1	pwg	0	0	confirmed-missing	3	check	
itika	itika	pw	16768	1-203-a	0	63	0		0	itIka:1.000	3	3	ap;pwg;vcp	0	0	confirmed-missing	5	add-check	vowel-length/case variant of MW headword 'itIka' (fold-twin - same lexeme or distinct word needs eyes)
izupuNKA	iṣupuṅkhā	pw	17321	1-209-c	0	96	0		0		5	5	ap;pwg;sch;skd;vcp	1	1	confirmed-missing	13	add	
izupuNKikA	iṣupuṅkhikā	pw	17321.1	1-209-c	0	23	0		0		0	0		1	1	confirmed-missing	2	low-priority	
izwaganDi	iṣṭagandhi	pw	17355	1-210-a	0	70	0		1		0	0		0	0	variant-form-in-MW	-1	low-priority	
izwakAva	iṣṭakāva	pw	17350	1-210-a	0	69	0		1	izwakAvat:0.941	2	2	pwg;vcp	0	0	variant-form-in-MW	3	add-check	false-friend near form 'izwakAvat' (0.941) - different word, omission stands
izwakAvant	iṣṭakāvant	pw	17350.1	1-210-a	0	23	0		0	izwakAvat:0.947	0	0		0	0	confirmed-missing	-2	low-priority	false-friend near form 'izwakAvat' (0.947) - different word, omission stands
izwikApaTa	iṣṭikāpatha	pw	17381	1-210-b	0	56	0		0		0	0		0	0	confirmed-missing	0	low-priority	
jANGAprahUtika	jāṅghāprahūtika	pw	42400	2-261-c	0	116	0		0	jANGAprahatika:0.929	0	0		0	0	confirmed-missing	-1	low-priority	false-friend near form 'jANGAprahatika' (0.929) - different word, omission stands
jANGanI	jāṅghanī	pw	42398	2-261-c	0	62	0		0	jAGanI:0.923	6	5	bur;mw72;pwg;shs;wil;yat	0	0	confirmed-missing	11	add-check	false-friend near form 'jAGanI' (0.923) - different word, omission stands
jAgaritar	jāgaritar	pw	42371	2-261-b	0	60	0		0	jAgarita:0.941	1	1	pwg	0	0	confirmed-missing	0	check	false-friend near form 'jAgarita' (0.941) - different word, omission stands
jAlakIya	jālakīya	pw	42678	2-265-b	0	100	0		0	jalakriyA:0.941	2	1	mw72;pwg	0	0	confirmed-missing	3	add-check	false-friend near form 'jalakriyA' (0.941) - different word, omission stands
jAmbavanta	jāmbavanta	pw	42606	2-264-b	0	130	0		0	jAmbavata:0.947	0	0		0	0	confirmed-missing	-1	low-priority	false-friend near form 'jAmbavata' (0.947) - different word, omission stands
jAmbavantaka	jāmbavantaka	pw	42606.1	2-264-b	0	23	0		0	jAmbavataka:0.957	0	0		0	0	confirmed-missing	-2	low-priority	probable orthographic doublet of MW headword 'jAmbavataka' (0.957)
jAmivant	jāmivant	pw	42595	2-264-b	0	50	0		0	jAmivat:0.933	0	0		0	0	confirmed-missing	-2	low-priority	false-friend near form 'jAmivat' (0.933) - different word, omission stands
jAmunadeSa	jāmunadeśa	pw	42597	2-264-b	0	78	0		0		1	1	pwg	0	0	confirmed-missing	3	check	
jAnana	jānana	pw	217543	7-343-b	1	104	1	101,12	0	jAnAna:1.000	5	5	bhs;sch;shs;wil;yat	0	0	confirmed-missing	11	add-check	vowel-length/case variant of MW headword 'jAnAna' (fold-twin - same lexeme or distinct word needs eyes)
jAnuprahUta	jānuprahūta	pw	42553	2-263-c	0	125	0		0		0	0		0	0	confirmed-missing	1	low-priority	
jAraBara	jārabhara	pw	42652	2-265-a	0	86	0		1	jAraBarA:1.000	2	2	pwg;vcp	0	0	variant-form-in-MW	3	add-check	vowel-length/case variant of MW headword 'jAraBarA' (fold-twin - same lexeme or distinct word needs eyes)
jAramARya	jāramāṇya	pw	42654	2-265-a	0	72	0		0	jAramaRya:1.000	2	1	mw72;pwg	0	0	confirmed-missing	3	add-check	vowel-length/case variant of MW headword 'jAramaRya' (fold-twin - same lexeme or distinct word needs eyes)
jArutTa	jāruttha	pw	42659	2-265-a	0	49	0		0	jarUTa:0.923	4	3	mw72;shs;wil;yat	0	0	confirmed-missing	6	add-check	false-friend near form 'jarUTa' (0.923) - different word, omission stands
jAtasArA	jātasārā	pw	42450	2-262-c	0	83	0		0		0	0		0	0	confirmed-missing	1	low-priority	
jAva	jāva	pw	217557	7-343-c	1	76	1	104,82	1	java:1.000	2	2	bhs;sch	0	0	variant-form-in-MW	5	add-check	vowel-length/case variant of MW headword 'java' (fold-twin - same lexeme or distinct word needs eyes); pratyayhara/short-form class (PWK lists grammatical elements MW does not headword)
jAvita	jāvita	pw	217558	7-343-c	1	78	1	217,27	0	javita:1.000	2	2	bhs;sch	0	0	confirmed-missing	5	add-check	vowel-length/case variant of MW headword 'javita' (fold-twin - same lexeme or distinct word needs eyes)
jEhlavaka	jaihlavaka	pw	43276	2-274-a	0	71	0		0		1	1	pwg	0	0	confirmed-missing	3	check	
jEhvavaka	jaihvavaka	pw	43278	2-274-a	0	67	0		0		1	1	pwg	0	0	confirmed-missing	3	check	
jIvika	jīvika	pw	106183.1	6-146-b	0	24	0		1	jIvikA:1.000	1	1	bhs	0	0	variant-form-in-MW	0	check	vowel-length/case variant of MW headword 'jIvikA' (fold-twin - same lexeme or distinct word needs eyes)
jOlAyana	jaulāyana	pw	43304	2-274-b	0	118	0		0		2	2	pwg;vcp	0	0	confirmed-missing	5	add	
jYAnAnuparivartin	jñānānuparivartin	pw	217620	7-344-a	1	123	1	9,14	0		1	1	sch	0	0	confirmed-missing	5	check	
jYAnIy	jñānīy	pw	43423	2-277-a	0	67	0		1	jYAnIya:0.923	1	1	pwg	0	0	variant-form-in-MW	1	check	false-friend near form 'jYAnIya' (0.923) - different word, omission stands
jYAnavatI	jñānavatī	pw	217617	7-344-a	1	128	1	25,2	0	jYAnavat:0.941	2	2	bhs;sch	0	1	confirmed-missing	5	add-check	false-friend near form 'jYAnavat' (0.941) - different word, omission stands
jYAtala	jñātala	pw	43324	2-276-a	0	100	0		0		3	2	mw72;pwg;vcp	0	0	confirmed-missing	7	add	
jYOdAnIy	jñaudānīy	pw	43446	2-277-b	0	116	0		0	jYOdanIya:0.941	0	0		0	0	confirmed-missing	-1	low-priority	false-friend near form 'jYOdanIya' (0.941) - different word, omission stands
jYikA	jñikā	pw	43438	2-277-a	0	92	0		0		1	1	pwg	0	0	confirmed-missing	3	check	
jaGanyaka	jaghanyaka	pw	41328	2-247-c	0	66	0		0		0	0		0	0	confirmed-missing	1	low-priority	
jaNGAprahUta	jaṅghāprahūta	pw	41359.1	2-248-a	0	23	0		0		0	0		0	0	confirmed-missing	0	low-priority	
jaWarAma	jaṭharāma	pw	41428	2-249-a	0	80	0		0		0	0		0	0	confirmed-missing	1	low-priority	
jabDar	jabdhar	pw	41696	2-253-b	0	51	0		0		1	1	pwg	0	0	confirmed-missing	2	check	
jagalu	jagalu	pw	41309	2-247-c	0	39	0		1		2	2	bur;pwg	0	0	variant-form-in-MW	2	add-check	
jagatkartar	jagatkartar	pw	41237	2-246-c	0	101	0		0		1	1	pwg	0	0	confirmed-missing	3	check	
jagaty	jagaty	pw	41250	2-246-c	0	65	0		1	jagatya:0.923	1	1	pwg	0	1	variant-form-in-MW	1	check	false-friend near form 'jagatya' (0.923) - different word, omission stands
jahistamba	jahistamba	pw	42349	2-261-a	0	74	0		0	jahistamBa:1.000	1	1	pwg	0	0	confirmed-missing	1	check	vowel-length/case variant of MW headword 'jahistamBa' (fold-twin - same lexeme or distinct word needs eyes)
jakza	jakṣa	pw	41217	2-246-b	0	46	0		1	jakzA:1.000	7	6	krm;mw72;pwg;shs;skd;vcp;wil	0	0	variant-form-in-MW	12	add-check	vowel-length/case variant of MW headword 'jakzA' (fold-twin - same lexeme or distinct word needs eyes)
jakzman	jakṣman	pw	41219.1	2-246-b	0	23	0		1	jakzma:0.923	4	4	ap;shs;wil;yat	0	0	variant-form-in-MW	6	add-check	false-friend near form 'jakzma' (0.923) - different word, omission stands
jalappikA	jalappikā	pw	42099	2-258-b	0	48	0		0		0	0		0	0	confirmed-missing	0	low-priority	
jalasaMBava	jalasaṃbhava	pw	42189	2-259-b	0	92	0		0	jalasamBava:1.000	0	0		0	0	confirmed-missing	-1	low-priority	vowel-length/case variant of MW headword 'jalasamBava' (fold-twin - same lexeme or distinct word needs eyes)
jamBam	jambham	pw	217484	7-343-a	1	81	0		1		1	1	sch	0	1	variant-form-in-MW	1	check	
jamBi	jambhi	pw	217487	7-343-a	1	95	1	189,25	1	jamBI:1.000	2	2	bhs;sch	0	0	variant-form-in-MW	5	add-check	vowel-length/case variant of MW headword 'jamBI' (fold-twin - same lexeme or distinct word needs eyes)
jambumant	jambumant	pw	41727	2-254-a	0	172	0		0	jambumat:0.941	1	1	pwg	0	0	confirmed-missing	1	check	false-friend near form 'jambumat' (0.941) - different word, omission stands
janagaty	janagaty	pw	41493	2-251-a	0	84	0		1	janagatya:0.941	0	0		0	0	variant-form-in-MW	-1	low-priority	false-friend near form 'janagatya' (0.941) - different word, omission stands
janapadakalyARa	janapadakalyāṇa	pw	217458	7-342-d	1	109	1	245,1222	0		1	1	sch	0	0	confirmed-missing	5	check	
jarAwa	jarāṭa	pw	41922	2-256-c	0	79	0		0	jaraWa:1.000	1	1	pwg	0	0	confirmed-missing	1	check	vowel-length/case variant of MW headword 'jaraWa' (fold-twin - same lexeme or distinct word needs eyes)
jarAwaka	jarāṭaka	pw	41923	2-256-c	0	60	0		0		0	0		0	0	confirmed-missing	0	low-priority	
jarayitar	jarayitar	pw	41914	2-256-c	0	56	0		0		1	1	pwg	0	0	confirmed-missing	2	check	
javanaprajYa	javanaprajña	pw	217523	7-343-b	1	106	1	48,29	0		1	1	sch	0	0	confirmed-missing	5	check	
jawAmaha	jaṭāmaha	pw	217445	7-342-c	1	103	1	229	0		1	1	sch	0	0	confirmed-missing	5	check	
jawAvant	jaṭāvant	pw	41401	2-248-c	0	214	0		0	jawAvat:0.933	1	1	pwg	0	0	confirmed-missing	1	check	false-friend near form 'jawAvat' (0.933) - different word, omission stands
jawAwaNka	jaṭāṭaṅka	pw	41388	2-248-c	0	87	0		0		5	5	pwg;shs;vcp;wil;yat	0	0	confirmed-missing	11	add	
jfmBAvant	jṛmbhāvant	pw	43208	2-273-b	0	52	0		0	jfmBAvat:0.941	1	1	pwg	0	0	confirmed-missing	0	check	false-friend near form 'jfmBAvat' (0.941) - different word, omission stands
jiGAMsIyaMs	jighāṃsīyaṃs	pw	42754	2-267-a	0	70	0		0	jiGAMsIyas:0.952	1	1	pwg	0	0	confirmed-missing	1	check	probable orthographic doublet of MW headword 'jiGAMsIyas' (0.952)
jihvAniScAraka	jihvāniścāraka	pw	217569	7-343-c	1	118	1	263,58	0		1	1	sch	0	0	confirmed-missing	5	check	
jihvAsPowakam	jihvāsphoṭakam	pw	217570	7-343-c	1	114	1	263,63	0		1	1	sch	0	0	confirmed-missing	5	check	
jihvu	jihvu	pw	42908	2-268-c	0	45	0		1		2	1	mw72;pwg	0	0	variant-form-in-MW	2	add-check	
jijYAsTi	jijñāsthi	pw	217562	7-343-c	1	254	0		0		3	3	pwg;sch;vcp	0	0	confirmed-missing	7	add	
jinabanDu	jinabandhu	pw	42818.1	2-267-c	0	23	0		0		1	1	pwg	0	0	confirmed-missing	2	check	
jinatrAta	jinatrāta	pw	42809	2-267-c	0	67	0		0		1	1	pwg	0	0	confirmed-missing	3	check	
jizRuka	jiṣṇuka	pw	42857	2-268-a	0	58	0		0	JirukA:0.923	0	0		0	0	confirmed-missing	-2	low-priority	false-friend near form 'JirukA' (0.923) - different word, omission stands
jontAlA	jontālā	pw	43288	2-274-a	0	87	0		0		7	7	ap;bur;shs;skd;vcp;wil;yat	0	0	confirmed-missing	15	add	
juhUvant	juhūvant	pw	43174	2-272-c	0	47	0		0	juhUvat:0.933	1	1	pwg	0	0	confirmed-missing	0	check	false-friend near form 'juhUvat' (0.933) - different word, omission stands
jvalanolka	jvalanolka	pw	217647	7-344-b	1	119	1	21,94	0		2	2	bhs;sch	0	0	confirmed-missing	7	add	
jyApay	jyāpay	pw	43463	2-277-b	0	73	0		0		1	1	pwg	0	0	confirmed-missing	3	check	
jyEzWasAman	jyaiṣṭhasāman	pw	43522	2-278-b	0	69	0		0	jyezWasAman:1.000	4	4	pwg;shs;wil;yat	0	0	confirmed-missing	7	add-check	vowel-length/case variant of MW headword 'jyezWasAman' (fold-twin - same lexeme or distinct word needs eyes)
jyotIrata	jyotīrata	pw	43598	2-279-b	0	76	0		0	jyotIraTa:1.000	1	1	pwg	0	0	confirmed-missing	1	check	vowel-length/case variant of MW headword 'jyotIraTa' (fold-twin - same lexeme or distinct word needs eyes)
jyotirjyotizparAyaRa	jyotirjyotiṣparāyaṇa	pw	217638	7-344-b	1	91	1	147,4	0		1	1	sch	0	0	confirmed-missing	5	check	
jyotistamaHparAyaRa	jyotistamaḥparāyaṇa	pw	217643	7-344-b	1	90	1	147,3	0		1	1	sch	0	0	confirmed-missing	5	check	
jyotizmati	jyotiṣmati	pw	217642	7-344-b	1	126	1	23,54	1	jyotizmatI:1.000	1	1	bhs	0	1	variant-form-in-MW	3	check	vowel-length/case variant of MW headword 'jyotizmatI' (fold-twin - same lexeme or distinct word needs eyes)
jyotizpraBaratna	jyotiṣprabharatna	pw	217641	7-344-b	1	148	1	235,21	0		1	1	sch	0	0	confirmed-missing	5	check	
kANguzWa	kāṅguṣṭha	pw	207030	5-252-a	1	61	0		0		1	1	sch	0	0	confirmed-missing	3	check	
kARqarika	kāṇḍarika	pw	215953	7-331-b	1	81	1	271,28	0	kaRqarIka:1.000	2	2	bhs;sch	0	0	confirmed-missing	5	add-check	vowel-length/case variant of MW headword 'kaRqarIka' (fold-twin - same lexeme or distinct word needs eyes)
kARqasaMDi	kāṇḍasaṃdhi	pw	26289	2-045-b	0	59	0		0		1	1	pwg	0	0	confirmed-missing	2	check	
kARqavant	kāṇḍavant	pw	26284	2-045-b	0	66	0		0	kARqavat:0.941	1	1	pwg	0	0	confirmed-missing	1	check	false-friend near form 'kARqavat' (0.941) - different word, omission stands
kASAyin	kāśāyin	pw	27525	2-061-b	0	151	0		0		0	0		0	0	confirmed-missing	1	low-priority	
kASaparI	kāśaparī	pw	27520	2-061-b	0	88	0		0	kASaParI:1.000	3	2	mw72;pwg;vcp	0	0	confirmed-missing	5	add-check	vowel-length/case variant of MW headword 'kASaParI' (fold-twin - same lexeme or distinct word needs eyes)
kASmIrasaMBava	kāśmīrasaṃbhava	pw	27577	2-062-b	0	66	0		0	kASmIrasamBava:1.000	0	0		0	0	confirmed-missing	-1	low-priority	vowel-length/case variant of MW headword 'kASmIrasamBava' (fold-twin - same lexeme or distinct word needs eyes)
kATaMcitka	kāthaṃcitka	pw	26337	2-046-a	0	94	0		0		4	4	ap;ap90;lrv;pwg	0	0	confirmed-missing	9	add	
kAcapawala	kācapaṭala	pw	215941	7-331-b	1	119	1	284,68	0		0	0		0	0	confirmed-missing	3	low-priority	
kAcasaMBava	kācasaṃbhava	pw	26163	2-044-a	0	103	0		0	kAcasamBava:1.000	1	1	pwg	0	0	confirmed-missing	1	check	vowel-length/case variant of MW headword 'kAcasamBava' (fold-twin - same lexeme or distinct word needs eyes)
kAkacI	kākacī	pw	25985	2-042-a	0	64	0		0	kAkAYcI:0.923	1	1	pwg	0	0	confirmed-missing	1	check	false-friend near form 'kAkAYcI' (0.923) - different word, omission stands
kAkajambu	kākajambu	pw	25988	2-042-a	0	108	0		1	kAkajambU:1.000	5	5	pwg;shs;vcp;wil;yat	0	0	variant-form-in-MW	9	add-check	vowel-length/case variant of MW headword 'kAkajambU' (fold-twin - same lexeme or distinct word needs eyes)
kAkanIla	kākanīla	pw	207029	5-251-c	1	89	0		1	kAkanIlA:1.000	1	1	sch	0	0	variant-form-in-MW	1	check	vowel-length/case variant of MW headword 'kAkanIlA' (fold-twin - same lexeme or distinct word needs eyes)
kAkapelava	kākapelava	pw	26028	2-042-b	0	63	0		0		1	1	pwg	0	0	confirmed-missing	3	check	
kAkini	kākini	pw	26092	2-043-a	0	50	0		1	kAkinI:1.000	0	0		0	0	variant-form-in-MW	-2	low-priority	vowel-length/case variant of MW headword 'kAkinI' (fold-twin - same lexeme or distinct word needs eyes)
kAlAmla	kālāmla	pw	27356	2-059-b	0	90	0		0	kAlamAla:0.933	0	0		0	0	confirmed-missing	-1	low-priority	false-friend near form 'kAlamAla' (0.933) - different word, omission stands
kAlAnusAri	kālānusāri	pw	27340	2-059-a	0	54	0		0	kAlAnusArin:0.952	5	5	bhs;pwg;shs;wil;yat	0	1	confirmed-missing	8	add-check	probable orthographic doublet of MW headword 'kAlAnusArin' (0.952)
kAlAtikrAnta	kālātikrānta	pw	216064	7-332-a	1	101	1	281,5	0		1	1	sch	0	0	confirmed-missing	5	check	
kAlUtara	kālūtara	pw	27436	2-060-a	0	69	0		0	kalUtara:1.000	1	1	pwg	0	0	confirmed-missing	1	check	vowel-length/case variant of MW headword 'kalUtara' (fold-twin - same lexeme or distinct word needs eyes)
kAlUtaraka	kālūtaraka	pw	27436.1	2-060-a	0	23	0		0		0	0		0	0	confirmed-missing	0	low-priority	
kAlaYjarapati	kālañjarapati	pw	27133	2-057-a	0	86	0		0		0	0		0	0	confirmed-missing	1	low-priority	
kAlakUcI	kālakūcī	pw	27087	2-056-b	0	51	0		0		0	0		0	0	confirmed-missing	0	low-priority	
kAlakUcikA	kālakūcikā	pw	27086	2-056-b	0	96	0		0		0	0		0	0	confirmed-missing	1	low-priority	
kAlakUwaNkawa	kālakūṭaṅkaṭa	pw	27090	2-056-b	0	61	0		0	kAlakawaNkawa:0.923	4	4	pwg;shs;wil;yat	0	0	confirmed-missing	7	add-check	false-friend near form 'kAlakawaNkawa' (0.923) - different word, omission stands
kAlakeSI	kālakeśī	pw	27100	2-056-b	0	91	0		0		1	1	vcp	0	0	confirmed-missing	3	check	
kAlamorikA	kālamorikā	pw	27222	2-057-c	0	211	0		0		0	0		0	0	confirmed-missing	1	low-priority	
kAlanaka	kālanaka	pw	27155	2-057-a	0	54	0		0	kalAnaka:1.000	1	1	pwg	0	0	confirmed-missing	0	check	vowel-length/case variant of MW headword 'kalAnaka' (fold-twin - same lexeme or distinct word needs eyes)
kAlaparRikA	kālaparṇikā	pw	27175	2-057-b	0	79	0		0		0	0		0	0	confirmed-missing	1	low-priority	
kAlapattrI	kālapattrī	pw	27171	2-057-b	0	76	0		0		0	0		0	0	confirmed-missing	1	low-priority	
kAlapriyakarI	kālapriyakarī	pw	27196	2-057-b	0	87	0		0	kAmapriyakarI:0.923	0	0		1	1	confirmed-missing	1	low-priority	false-friend near form 'kAmapriyakarI' (0.923) - different word, omission stands
kAlavalana	kālavalana	pw	27243	2-058-a	0	69	0		0		2	2	pwg;yat	0	0	confirmed-missing	5	add	
kAlavallara	kālavallara	pw	27244	2-058-a	0	72	0		0		0	0		0	0	confirmed-missing	1	low-priority	
kAlavarRI	kālavarṇī	pw	27242	2-058-a	0	70	0		0		0	0		1	1	confirmed-missing	3	low-priority	
kAlaviroDin	kālavirodhin	pw	27257	2-058-a	0	83	0		0		0	0		0	0	confirmed-missing	1	low-priority	
kAlay	kālay	pw	27224	2-057-c	0	87	0		1		1	1	pwg	1	0	variant-form-in-MW	3	check	
kAleyavErin	kāleyavairin	pw	27443	2-060-b	0	66	0		0		0	0		0	0	confirmed-missing	1	low-priority	
kAlyAyana	kālyāyana	pw	27459	2-060-b	0	69	0		0	kAlAyana:0.941	1	1	pwg	0	0	confirmed-missing	1	check	false-friend near form 'kAlAyana' (0.941) - different word, omission stands
kAmAlikA	kāmālikā	pw	26670	2-050-a	0	67	0		0	kAmalika:1.000	5	4	ap;ap90;mw72;pwg;vcp	0	0	confirmed-missing	9	add-check	vowel-length/case variant of MW headword 'kAmalika' (fold-twin - same lexeme or distinct word needs eyes)
kAmAlu	kāmālu	pw	26671	2-050-a	0	69	0		0		7	6	bur;mw72;pwg;shs;vcp;wil;yat	0	0	confirmed-missing	15	add	
kAmaKaNgadalA	kāmakhaṅgadalā	pw	26497	2-048-a	0	102	0		0	kAmaKaqgadalA:0.923	0	0		0	0	confirmed-missing	-1	low-priority	false-friend near form 'kAmaKaqgadalA' (0.923) - different word, omission stands
kAmamiTyAcAra	kāmamithyācāra	pw	215980	7-331-c	1	194	1	92	0		1	1	sch	0	0	confirmed-missing	5	check	
kAmayitar	kāmayitar	pw	26591	2-049-b	0	73	0		0		1	1	pwg	0	0	confirmed-missing	3	check	
kArAkAra	kārākāra	pw	216008	7-331-c	1	131	1	21,53	0	kArakara:1.000	2	2	bhs;sch	0	0	confirmed-missing	5	add-check	vowel-length/case variant of MW headword 'kArakara' (fold-twin - same lexeme or distinct word needs eyes)
kArIzaganDi	kārīṣagandhi	pw	26859	2-053-a	0	160	0		0	karIzaganDi:1.000	1	1	vcp	0	0	confirmed-missing	1	check	vowel-length/case variant of MW headword 'karIzaganDi' (fold-twin - same lexeme or distinct word needs eyes)
kArRaKariki	kārṇakhariki	pw	26901.1	2-053-b	0	23	0		0		1	1	pwg	0	0	confirmed-missing	2	check	
kArRacCidraka	kārṇacchidraka	pw	26903	2-053-b	0	99	0		0	kArRacCidrika:0.923	3	2	mw72;pwg;shs	0	0	confirmed-missing	5	add-check	false-friend near form 'kArRacCidrika' (0.923) - different word, omission stands
kArRagrAhika	kārṇagrāhika	pw	26902	2-053-b	0	77	0		0		1	1	pwg	0	0	confirmed-missing	3	check	
kAraBU	kārabhū	pw	26814	2-052-b	0	45	0		1	kArABU:1.000	3	3	lrv;pwg;vcp	0	0	variant-form-in-MW	4	add-check	vowel-length/case variant of MW headword 'kArABU' (fold-twin - same lexeme or distinct word needs eyes)
kAraRin	kāraṇin	pw	26803	2-052-a	0	54	0		0	karaRin:1.000	0	0		0	0	confirmed-missing	-2	low-priority	vowel-length/case variant of MW headword 'karaRin' (fold-twin - same lexeme or distinct word needs eyes)
kAraRyakAraka	kāraṇyakāraka	pw	216002	7-331-c	1	142	1	186,167	0		1	1	sch	0	0	confirmed-missing	5	check	
kArakavant	kārakavant	pw	26773	2-051-c	0	56	0		0	kArakavat:0.947	1	1	pwg	0	0	confirmed-missing	0	check	false-friend near form 'kArakavat' (0.947) - different word, omission stands
kAravAlika	kāravālika	pw	216006	7-331-c	1	112	1	186,59	0	karavAlikA:1.000	2	2	bhs;sch	0	0	confirmed-missing	5	add-check	vowel-length/case variant of MW headword 'karavAlikA' (fold-twin - same lexeme or distinct word needs eyes)
kAravIreya	kāravīreya	pw	26826	2-052-b	0	58	0		0	karavIrya:0.947	2	2	pwg;vcp	0	0	confirmed-missing	2	add-check	false-friend near form 'karavIrya' (0.947) - different word, omission stands
kAravatIra	kāravatīra	pw	26823	2-052-b	0	82	0		0		1	1	pwg	0	0	confirmed-missing	3	check	
kArawaka	kāraṭaka	pw	26781	2-051-c	0	80	0		0	karawaka:1.000	1	1	sch	0	0	confirmed-missing	1	check	vowel-length/case variant of MW headword 'karawaka' (fold-twin - same lexeme or distinct word needs eyes)
kArdantika	kārdantika	pw	26936	2-053-c	0	87	0		0		1	1	pwg	0	0	confirmed-missing	3	check	
kArikeyI	kārikeyī	pw	26848	2-052-c	0	120	0		0		0	0		0	0	confirmed-missing	1	low-priority	
kArikeyIy	kārikeyīy	pw	26849	2-052-c	0	85	0		0		0	0		0	0	confirmed-missing	1	low-priority	
kArikeya	kārikeya	pw	26846	2-052-c	0	128	0		0	KARqikeya:0.941	0	0		0	0	confirmed-missing	-1	low-priority	false-friend near form 'KARqikeya' (0.941) - different word, omission stands
kArikeyi	kārikeyi	pw	26847	2-052-c	0	111	0		0		1	1	pwg	0	0	confirmed-missing	3	check	
kAritra	kāritra	pw	216013	7-331-d	1	141	1	245	0	kArita:0.923	2	2	bhs;sch	0	0	confirmed-missing	5	add-check	false-friend near form 'kArita' (0.923) - different word, omission stands
kArkawelava	kārkaṭelava	pw	26887	2-053-b	0	60	0		0		1	1	pwg	0	0	confirmed-missing	2	check	
kArmuta	kārmuta	pw	202991.1	2-298-a	1	24	0		0		0	0		0	0	confirmed-missing	0	low-priority	
kArtrAyaRi	kārtrāyaṇi	pw	26933	2-053-c	0	71	0		0		0	0		0	0	confirmed-missing	1	low-priority	
kArtra	kārtra	pw	26932	2-053-c	0	67	0		0	kartra:1.000	1	1	pwg	0	0	confirmed-missing	1	check	vowel-length/case variant of MW headword 'kartra' (fold-twin - same lexeme or distinct word needs eyes)
kArtrya	kārtrya	pw	26934	2-053-c	0	68	0		0	kartrIya:0.933	1	1	pwg	0	0	confirmed-missing	1	check	false-friend near form 'kartrIya' (0.933) - different word, omission stands
kArttikAtyayika	kārttikātyayika	pw	216021	7-331-d	1	201	1	260,30	0		1	1	sch	0	0	confirmed-missing	5	check	
kAryaSabdika	kāryaśabdika	pw	26998	2-054-c	0	71	0		0		1	1	pwg	0	0	confirmed-missing	3	check	
kArzwya	kārṣṭya	pw	27036	2-055-a	0	71	0		0	kArzya:0.923	2	2	pwg;vcp	0	0	confirmed-missing	3	add-check	false-friend near form 'kArzya' (0.923) - different word, omission stands
kAvAcikA	kāvācikā	pw	216075	7-332-a	1	90	1	238	0	kAvacika:1.000	1	1	sch	0	0	confirmed-missing	3	check	vowel-length/case variant of MW headword 'kAvacika' (fold-twin - same lexeme or distinct word needs eyes)
kAvaruka	kāvaruka	pw	27467	2-060-b	0	51	0		0		5	4	mw72;pwg;shs;wil;yat	0	0	confirmed-missing	10	add	
kAvyacOra	kāvyacaura	pw	27485	2-060-c	0	77	0		0	kAvyacOrya:0.947	6	6	lrv;pwg;shs;vcp;wil;yat	0	0	confirmed-missing	11	add-check	false-friend near form 'kAvyacOrya' (0.947) - different word, omission stands
kAyakalisaMpramaTana	kāyakalisaṃpramathana	pw	215992	7-331-c	1	130	1	21,116	0		2	2	bhs;sch	0	0	confirmed-missing	7	add	
kAzWaSak	kāṣṭhaśak	pw	27653	2-063-a	0	55	0		0		1	1	pwg	0	0	confirmed-missing	2	check	
kAzWahAraka	kāṣṭhahāraka	pw	216090	7-332-b	1	97	1	186,106	0		2	2	bhs;sch	0	0	confirmed-missing	7	add	
kAzWakIyA	kāṣṭhakīyā	pw	27615.1	2-062-c	0	23	0		1	kAzWakIya:1.000	1	1	pwg	0	0	variant-form-in-MW	0	check	vowel-length/case variant of MW headword 'kAzWakIya' (fold-twin - same lexeme or distinct word needs eyes)
kEraRika	kairaṇika	pw	30904	2-101-c	0	54	0		0		0	0		0	0	confirmed-missing	0	low-priority	
kI	kī	pw	111450.1	6-221-b	0	24	0		1	ki:1.000	2	2	ieg;vcp	1	1	variant-form-in-MW	4	add-check	vowel-length/case variant of MW headword 'ki' (fold-twin - same lexeme or distinct word needs eyes); pratyayhara/short-form class (PWK lists grammatical elements MW does not headword)
kIkasakAsTi	kīkasakāsthi	pw	28014	2-067-c	0	83	0		0		1	1	sch	0	0	confirmed-missing	3	check	
kIkasaka	kīkasaka	pw	203018	2-298-b	1	88	0		0		1	1	sch	1	0	confirmed-missing	5	check	
kIwasaMBavA	kīṭasaṃbhavā	pw	28032	2-067-c	0	72	0		0		0	0		0	0	confirmed-missing	1	low-priority	
kORqIbfsI	kauṇḍībṛsī	pw	31343	2-106-c	0	64	0		0		0	0		0	0	confirmed-missing	1	low-priority	
kORqIbfsya	kauṇḍībṛsya	pw	31343.1	2-106-c	0	23	0		0		0	0		0	0	confirmed-missing	0	low-priority	
kOkkuwIvah	kaukkuṭīvah	pw	31266	2-106-a	0	120	0		0		0	0		0	0	confirmed-missing	1	low-priority	
kOndrAyaRaka	kaundrāyaṇaka	pw	31392.1	2-107-b	0	23	0		0	kOdrAyaRaka:0.957	0	0		0	0	confirmed-missing	-2	low-priority	probable orthographic doublet of MW headword 'kOdrAyaRaka' (0.957)
kOvidyAsIya	kauvidyāsīya	pw	31524	2-109-a	0	60	0		0		1	1	pwg	0	0	confirmed-missing	2	check	
kUkula	kūkula	pw	29667	2-087-b	0	77	0		0	kukUla:1.000	0	0		0	0	confirmed-missing	-1	low-priority	vowel-length/case variant of MW headword 'kukUla' (fold-twin - same lexeme or distinct word needs eyes)
kUlaBaNga	kūlabhaṅga	pw	29832	2-089-b	0	51	0		0		1	1	pwg	0	0	confirmed-missing	2	check	
kUlavant	kūlavant	pw	29836	2-089-b	0	150	0		0	kUlavat:0.933	1	1	pwg	0	0	confirmed-missing	1	check	false-friend near form 'kUlavat' (0.933) - different word, omission stands
kUpakin	kūpakin	pw	29754	2-088-c	0	53	0		0		1	1	pwg	0	0	confirmed-missing	2	check	
kUpay	kūpay	pw	29764	2-088-c	0	48	0		0		0	0		0	0	confirmed-missing	0	low-priority	
kUrparaka	kūrparaka	pw	216300	7-333-d	1	92	1	189,44	0		2	2	bhs;sch	0	0	confirmed-missing	7	add	
kUwAgAraDAraRI	kūṭāgāradhāraṇī	pw	216288	7-333-c	1	116	1	65,64	0		1	1	sch	0	0	confirmed-missing	5	check	
kUwakin	kūṭakin	pw	29691	2-087-c	0	80	0		0		0	0		0	0	confirmed-missing	1	low-priority	
kUway	kūṭay	pw	29710	2-088-a	0	156	0		0		0	0		1	0	confirmed-missing	3	low-priority	
kaNkapfzWin	kaṅkapṛṣṭhin	pw	23254	2-003-b	0	82	0		0	kaNkapfzWI:0.952	0	0		0	0	confirmed-missing	-1	low-priority	probable orthographic doublet of MW headword 'kaNkapfzWI' (0.952)
kaRIcI	kaṇīcī	pw	23612.1	2-007-a	0	23	0		1	kaRIci:1.000	2	2	ap;ap90	0	0	variant-form-in-MW	2	add-check	vowel-length/case variant of MW headword 'kaRIci' (fold-twin - same lexeme or distinct word needs eyes)
kaRIyaMs	kaṇīyaṃs	pw	23613	2-007-b	0	71	0		0	kaRIyas:0.933	1	1	pwg	0	0	confirmed-missing	1	check	false-friend near form 'kaRIyas' (0.933) - different word, omission stands
kaRqagolika	kaṇḍagolika	pw	23723	2-008-b	0	76	0		0		0	0		0	0	confirmed-missing	1	low-priority	
kaRqolakapAda	kaṇḍolakapāda	pw	23756	2-008-c	0	76	0		0		1	1	pwg	0	0	confirmed-missing	3	check	
kaRvAy	kaṇvāy	pw	23771	2-009-a	0	49	0		1	kaRvAya:0.923	1	1	pwg	0	0	variant-form-in-MW	0	check	false-friend near form 'kaRvAya' (0.923) - different word, omission stands
kaRwakIPala	kaṇṭakīphala	pw	23649	2-007-c	0	58	0		0	kaRwakiPala:1.000	5	5	pwg;shs;vcp;wil;yat	0	0	confirmed-missing	8	add-check	vowel-length/case variant of MW headword 'kaRwakiPala' (fold-twin - same lexeme or distinct word needs eyes)
kaRwakIdruma	kaṇṭakīdruma	pw	23648	2-007-c	0	71	0		0		2	2	pwg;vcp	0	0	confirmed-missing	5	add	
kaSambakajAta	kaśambakajāta	pw	215921	7-331-a	1	148	1	278	0		2	2	bhs;sch	0	0	confirmed-missing	7	add	
kaWIy	kaṭhīy	pw	23556	2-006-c	0	62	0		0		1	1	pwg	0	0	confirmed-missing	3	check	
kaYcumAlinI	kañcumālinī	pw	23358	2-004-b	0	90	0		0		0	0		0	0	confirmed-missing	1	low-priority	
kaYjasU	kañjasū	pw	23369	2-004-c	0	68	0		0		0	0		0	0	confirmed-missing	1	low-priority	
kabarAkza	kabarākṣa	pw	24386	2-016-c	0	73	0		0		0	0		0	0	confirmed-missing	1	low-priority	
kabarapucCI	kabarapucchī	pw	24385	2-016-c	0	99	0		0		0	0		0	0	confirmed-missing	1	low-priority	
kacCUla	kacchūla	pw	23329	2-004-a	0	66	0		0		1	1	pwg	0	0	confirmed-missing	3	check	
kacCUlila	kacchūlila	pw	23329.1	2-004-a	0	23	0		0		0	0		0	0	confirmed-missing	0	low-priority	
kacavara	kacavara	pw	206983	5-251-b	1	88	0		0		1	1	sch	0	0	confirmed-missing	3	check	
kacika	kacika	pw	23300	2-003-c	0	50	0		0	kAYcika:0.923	2	2	pwg;vcp	0	0	confirmed-missing	2	add-check	false-friend near form 'kAYcika' (0.923) - different word, omission stands
kadAcitkatva	kadācitkatva	pw	215687	7-329-b	1	108	1	245,159	0	kAdAcitkatva:1.000	1	1	sch	0	0	confirmed-missing	3	check	vowel-length/case variant of MW headword 'kAdAcitkatva' (fold-twin - same lexeme or distinct word needs eyes)
kajjalArma	kajjalārma	pw	23342	2-004-b	0	58	0		0		1	1	pwg	0	0	confirmed-missing	2	check	
kakkiRqa	kakkiṇḍa	pw	206980	5-251-b	1	88	0		0		1	1	sch	0	0	confirmed-missing	3	check	
kakzAy	kakṣāy	pw	23207	2-002-c	0	65	0		1	kakzAya:0.923	1	1	pwg	0	0	variant-form-in-MW	1	check	false-friend near form 'kakzAya' (0.923) - different word, omission stands
kakzyAvant	kakṣyāvant	pw	23222	2-003-a	0	73	0		0	kakzyAvat:0.947	1	1	pwg	0	0	confirmed-missing	1	check	false-friend near form 'kakzyAvat' (0.947) - different word, omission stands
kalAma	kalāma	pw	215866	7-330-c	1	129	1	233	0	kAlAma:1.000	1	1	sch	0	0	confirmed-missing	3	check	vowel-length/case variant of MW headword 'kAlAma' (fold-twin - same lexeme or distinct word needs eyes)
kalAmava	kalāmava	pw	25493	2-034-b	0	55	0		0		0	0		0	0	confirmed-missing	0	low-priority	
kalApUrA	kalāpūrā	pw	25488.1	2-034-b	0	23	0		1	kalApUra:1.000	0	0		0	0	variant-form-in-MW	-2	low-priority	vowel-length/case variant of MW headword 'kalApUra' (fold-twin - same lexeme or distinct word needs eyes)
kalahatTadeSa	kalahatthadeśa	pw	25444	2-033-c	0	75	0		0		1	1	pwg	0	0	confirmed-missing	3	check	
kalandu	kalandu	pw	25393	2-033-a	0	104	0		0	kalanDu:1.000	0	0		1	0	confirmed-missing	1	low-priority	vowel-length/case variant of MW headword 'kalanDu' (fold-twin - same lexeme or distinct word needs eyes)
kalay	kalay	pw	25410	2-033-b	0	92	0		1		1	1	pwg	1	0	variant-form-in-MW	3	check	
kalikAlI	kalikālī	pw	25528	2-035-a	0	82	0		1		0	0		0	0	variant-form-in-MW	-1	low-priority	
kaliva	kaliva	pw	25555	2-035-b	0	96	0		0	kAlivya:0.923	0	0		0	0	confirmed-missing	-1	low-priority	false-friend near form 'kAlivya' (0.923) - different word, omission stands
kamaRqalutaru	kamaṇḍalutaru	pw	24398	2-017-a	0	74	0		0		2	2	pwg;vcp	0	0	confirmed-missing	5	add	
kamalakIkara	kamalakīkara	pw	24412	2-017-a	0	131	0		0	kAmalakIkara:1.000	1	1	pwg	0	0	confirmed-missing	1	check	vowel-length/case variant of MW headword 'kAmalakIkara' (fold-twin - same lexeme or distinct word needs eyes)
kambaladAya	kambaladāya	pw	215743	7-329-d	1	158	0		0		1	1	sch	0	0	confirmed-missing	3	check	
kampala	kampala	pw	24471	2-018-a	0	55	0		0	kAmaPala:0.933	1	1	ieg	0	0	confirmed-missing	0	check	false-friend near form 'kAmaPala' (0.933) - different word, omission stands
kanakadaRqaka	kanakadaṇḍaka	pw	23944	2-011-c	0	75	0		0		4	4	pwg;shs;wil;yat	0	0	confirmed-missing	9	add	
kanay	kanay	pw	24002	2-012-a	0	59	0		1		2	2	lrv;pwg	0	0	variant-form-in-MW	2	add-check	
kandDivicakzaRA	kanddhivicakṣaṇā	pw	30153.1	2-093-b	0	23	0		0	kfndDivicakzaRA:0.933	0	0		0	0	confirmed-missing	-2	low-priority	false-friend near form 'kfndDivicakzaRA' (0.933) - different word, omission stands
kandagudUcI	kandagudūcī	pw	24043	2-012-c	0	82	0		0		0	0		0	0	confirmed-missing	1	low-priority	
kandarodBavA	kandarodbhavā	pw	24054	2-013-a	0	111	0		0		3	3	pwg;skd;vcp	1	1	confirmed-missing	9	add	
kandarpamAtar	kandarpamātar	pw	24063	2-013-a	0	90	0		0		0	0		0	0	confirmed-missing	1	low-priority	
kapAlIna	kapālīna	pw	24203	2-014-c	0	65	0		0	kapAlina:1.000	0	0		0	0	confirmed-missing	-1	low-priority	vowel-length/case variant of MW headword 'kapAlina' (fold-twin - same lexeme or distinct word needs eyes)
kapAlalAsikA	kapālalāsikā	pw	24193	2-014-c	0	73	0		0		1	1	sch	0	0	confirmed-missing	3	check	
kapAwinI	kapāṭinī	pw	24179	2-014-b	0	96	0		0	kapawinI:1.000	0	0		1	1	confirmed-missing	1	low-priority	vowel-length/case variant of MW headword 'kapawinI' (fold-twin - same lexeme or distinct word needs eyes)
kapInfpa	kapīnṛpa	pw	207000	5-251-b	1	139	0		0		1	1	sch	0	0	confirmed-missing	3	check	
kapiSekzaRa	kapiśekṣaṇa	pw	24304	2-015-c	0	92	0		0		0	0		0	0	confirmed-missing	1	low-priority	
kapicUqA	kapicūḍā	pw	24215.1	2-014-c	0	23	0		1	kapicUqa:1.000	4	4	ap;pwg;skd;vcp	0	0	variant-form-in-MW	6	add-check	vowel-length/case variant of MW headword 'kapicUqa' (fold-twin - same lexeme or distinct word needs eyes)
kapikacCU	kapikacchū	pw	24206.1	2-014-c	0	23	0		1	kapikacCu:1.000	3	3	sch;snp;vcp	0	1	variant-form-in-MW	4	add-check	vowel-length/case variant of MW headword 'kapikacCu' (fold-twin - same lexeme or distinct word needs eyes)
kapillaka	kapillaka	pw	24291	2-015-c	0	189	0		0	kampillaka:0.947	0	0		0	0	confirmed-missing	-1	low-priority	false-friend near form 'kampillaka' (0.947) - different word, omission stands
kapisTA	kapisthā	pw	24308	2-015-c	0	73	0		0	kapiSita:0.933	0	0		0	0	confirmed-missing	-1	low-priority	false-friend near form 'kapiSita' (0.933) - different word, omission stands
kapitTila	kapitthila	pw	24232	2-015-a	0	56	0		0		1	1	pwg	0	0	confirmed-missing	2	check	
kapotaparRI	kapotaparṇī	pw	24330	2-016-a	0	100	0		0		0	0		0	0	confirmed-missing	1	low-priority	
kapyAsya	kapyāsya	pw	24361	2-016-b	0	87	0		0	kapyAsa:0.933	1	1	pwg	0	0	confirmed-missing	1	check	false-friend near form 'kapyAsa' (0.933) - different word, omission stands
kaqaNkarIya	kaḍaṅkarīya	pw	23572	2-006-c	0	87	0		0		3	3	shs;wil;yat	0	0	confirmed-missing	7	add	
kaqaNkarya	kaḍaṅkarya	pw	23572.1	2-006-c	0	23	0		0		0	0		0	0	confirmed-missing	0	low-priority	
kaqintala	kaḍintala	pw	215651	7-329-a	1	77	1	238	0		1	1	sch	0	0	confirmed-missing	5	check	
kar	kar	pw	24530	2-021-a	0	191	0		1	kaR:1.000	5	5	ccs;fri;gra;pwg;sch	0	1	variant-form-in-MW	9	add-check	vowel-length/case variant of MW headword 'kaR' (fold-twin - same lexeme or distinct word needs eyes); pratyayhara/short-form class (PWK lists grammatical elements MW does not headword)
karRacCidraka	karṇacchidraka	pw	202932	2-297-b	1	77	0		0	kArRacCidrika:0.923	1	1	sch	0	0	confirmed-missing	1	check	false-friend near form 'kArRacCidrika' (0.923) - different word, omission stands
karRalAlikA	karṇalālikā	pw	207013	5-251-c	1	94	0		0		1	1	sch	0	0	confirmed-missing	3	check	
karRapASI	karṇapāśī	pw	207010	5-251-c	1	110	0		1		1	1	sch	0	0	variant-form-in-MW	1	check	
karRapAsI	karṇapāsī	pw	207010.1	5-251-c	1	24	0		0		0	0		0	0	confirmed-missing	0	low-priority	
karRapitar	karṇapitar	pw	24960	2-026-b	0	82	0		0		0	0		0	0	confirmed-missing	1	low-priority	
karRasuvarRa	karṇasuvarṇa	pw	207015	5-251-c	1	96	0		0		1	1	sch	0	0	confirmed-missing	3	check	
karRay	karṇay	pw	24989	2-026-c	0	112	0		0		1	1	fri	1	0	confirmed-missing	5	check	
karaBIra	karabhīra	pw	24651	2-022-c	0	46	0		0		7	6	bur;mw72;pwg;shs;vcp;wil;yat	0	0	confirmed-missing	14	add	
karaReSvara	karaṇeśvara	pw	207004	5-251-c	1	90	0		0		1	1	sch	0	0	confirmed-missing	3	check	
karakekzu	karakekṣu	pw	24549	2-021-b	0	75	0		0		0	0		0	0	confirmed-missing	1	low-priority	
karakuqmala	karakuḍmala	pw	24547.1	2-021-b	0	23	0		0		0	0		0	0	confirmed-missing	0	low-priority	
karapattracCadA	karapattracchadā	pw	24624	2-022-b	0	81	0		0		0	0		0	0	confirmed-missing	1	low-priority	
karapattravant	karapattravant	pw	24625	2-022-b	0	82	0		0	karapattravat:0.963	0	0		0	0	confirmed-missing	-1	low-priority	probable orthographic doublet of MW headword 'karapattravat' (0.963)
karavIrakanda	karavīrakanda	pw	24694	2-023-b	0	102	0		0		0	0		1	1	confirmed-missing	3	low-priority	
karavatIra	karavatīra	pw	24679	2-023-a	0	65	0		0		0	0		0	0	confirmed-missing	1	low-priority	
karavera	karavera	pw	24701	2-023-b	0	69	0		0		0	0		0	0	confirmed-missing	1	low-priority	
karera	karera	pw	24829	2-024-c	0	63	0		0	kaRera:1.000	0	0		0	0	confirmed-missing	-1	low-priority	vowel-length/case variant of MW headword 'kaRera' (fold-twin - same lexeme or distinct word needs eyes)
kariva	kariva	pw	24776	2-024-a	0	47	0		0	karitva:0.923	2	2	pwg;vcp	0	0	confirmed-missing	2	add-check	false-friend near form 'karitva' (0.923) - different word, omission stands
karkarAla	karkarāla	pw	24871	2-025-b	0	66	0		0		7	6	lrv;mw72;pwg;shs;vcp;wil;yat	0	0	confirmed-missing	15	add	
karkarAnDa	karkarāndha	pw	24870	2-025-b	0	117	0		0		0	0		0	0	confirmed-missing	1	low-priority	
karkaru	karkaru	pw	215788	7-330-a	1	152	1	240	1	karkAru:1.000	1	1	sch	0	0	variant-form-in-MW	3	check	vowel-length/case variant of MW headword 'karkAru' (fold-twin - same lexeme or distinct word needs eyes)
karkawelu	karkaṭelu	pw	24855	2-025-a	0	53	0		0		1	1	pwg	0	0	confirmed-missing	2	check	
karmAvaraRapratipramrabDi	karmāvaraṇapratipramrabdhi	pw	215840	7-330-b	1	127	1	65,58	0		0	0		0	0	confirmed-missing	3	low-priority	
karmadAna	karmadāna	pw	215820	7-330-b	1	80	1	281,160	0	kAmadAna:0.941	1	1	sch	0	0	confirmed-missing	3	check	false-friend near form 'kAmadAna' (0.941) - different word, omission stands
karmakIla	karmakīla	pw	25196	2-029-a	0	79	0		0		0	0		0	0	confirmed-missing	1	low-priority	
karmakaRwaka	karmakaṇṭaka	pw	208779	6-299-c	1	316	0		0	karakaRwaka:0.957	1	1	sch	0	0	confirmed-missing	1	check	probable orthographic doublet of MW headword 'karakaRwaka' (0.957)
karmavAcanA	karmavācanā	pw	215830	7-330-b	1	155	1	266	0	karmavacana:1.000	2	2	bhs;sch	0	0	confirmed-missing	5	add-check	vowel-length/case variant of MW headword 'karmavacana' (fold-twin - same lexeme or distinct word needs eyes)
karmavaSin	karmavaśin	pw	25268	2-030-a	0	146	0		0	kAmavAsin:0.947	1	1	pwg	0	0	confirmed-missing	1	check	false-friend near form 'kAmavAsin' (0.947) - different word, omission stands
karmaviBaNga	karmavibhaṅga	pw	215832	7-330-b	1	100	1	65,47	0		2	2	bhs;sch	0	0	confirmed-missing	7	add	
karodvejana	karodvejana	pw	24836	2-024-c	0	63	0		0		0	0		0	0	confirmed-missing	1	low-priority	
karowikA	karoṭikā	pw	207008	5-251-c	1	116	0		1	karowika:1.000	1	1	sch	0	0	variant-form-in-MW	1	check	vowel-length/case variant of MW headword 'karowika' (fold-twin - same lexeme or distinct word needs eyes)
kartay	kartay	pw	25083	2-027-c	0	151	0		0		0	0		1	0	confirmed-missing	3	low-priority	
kartfmant	kartṛmant	pw	25107	2-028-a	0	55	0		0	kartfmat:0.941	1	1	pwg	0	0	confirmed-missing	0	check	false-friend near form 'kartfmat' (0.941) - different word, omission stands
kartrIy	kartrīy	pw	25118	2-028-b	0	66	0		1	kartrIya:0.933	1	1	pwg	0	0	variant-form-in-MW	1	check	false-friend near form 'kartrIya' (0.933) - different word, omission stands
karttray	karttray	pw	25114	2-028-b	0	50	0		0		0	0		0	0	confirmed-missing	0	low-priority	
karuRAkUrca	karuṇākūrca	pw	24805	2-024-b	0	71	0		0		0	0		0	0	confirmed-missing	1	low-priority	
karus	karus	pw	24815	2-024-c	0	68	0		0		0	0		0	0	confirmed-missing	1	low-priority	
karvAru	karvāru	pw	25325	2-030-c	0	81	0		0		0	0		0	0	confirmed-missing	1	low-priority	
karvawika	karvaṭika	pw	25323	2-030-c	0	63	0		0	kArvawika:1.000	0	0		0	0	confirmed-missing	-1	low-priority	vowel-length/case variant of MW headword 'kArvawika' (fold-twin - same lexeme or distinct word needs eyes)
kaseruyajYa	kaseruyajña	pw	25922	2-041-a	0	92	0		0	kaSeruyajYa:1.000	0	0		0	0	confirmed-missing	-1	low-priority	vowel-length/case variant of MW headword 'kaSeruyajYa' (fold-twin - same lexeme or distinct word needs eyes)
kastUrikARqaja	kastūrikāṇḍaja	pw	25928	2-041-b	0	77	0		0		3	3	shs;wil;yat	0	0	confirmed-missing	7	add	
kasturikA	kasturikā	pw	25926	2-041-a	0	113	0		0	kastUrikA:1.000	12	11	ap;ap90;bur;cae;ccs;lrv;mw72;pwg;shs;skd;wil;yat	0	0	confirmed-missing	23	add-check	vowel-length/case variant of MW headword 'kastUrikA' (fold-twin - same lexeme or distinct word needs eyes)
katray	katray	pw	23810	2-009-b	0	79	0		0		0	0		0	0	confirmed-missing	1	low-priority	
kavacikA	kavacikā	pw	215907	7-331-a	1	105	1	238	0	kAvacika:1.000	2	2	bhs;sch	0	0	confirmed-missing	5	add-check	vowel-length/case variant of MW headword 'kAvacika' (fold-twin - same lexeme or distinct word needs eyes)
kavaqiMkArAhAra	kavaḍiṃkārāhāra	pw	215910	7-331-a	1	150	1	118	0		1	1	sch	0	0	confirmed-missing	5	check	
kavijyozWa	kavijyoṣṭha	pw	25789	2-039-b	0	73	0		0		0	0		0	0	confirmed-missing	1	low-priority	
kavitar	kavitar	pw	25791	2-039-b	0	82	0		1	kavitara:0.933	1	1	pwg	0	0	variant-form-in-MW	1	check	false-friend near form 'kavitara' (0.933) - different word, omission stands
kavy	kavy	pw	25833	2-039-c	0	77	0		1		2	2	pwg;sch	0	0	variant-form-in-MW	3	add-check	pratyayhara/short-form class (PWK lists grammatical elements MW does not headword)
kawapra	kaṭapra	pw	202890	2-297-a	1	84	0		1	kaWara:0.923	1	1	sch	0	0	variant-form-in-MW	1	check	false-friend near form 'kaWara' (0.923) - different word, omission stands
kawidAna	kaṭidāna	pw	23436	2-005-b	0	72	0		0		2	2	pwg;sch	0	0	confirmed-missing	5	add	
kawinAdikA	kaṭinādikā	pw	23438	2-005-b	0	63	0		0		0	0		0	0	confirmed-missing	1	low-priority	
kawipa	kaṭipa	pw	23439	2-005-b	0	49	0		0	kAwipya:0.923	2	2	pwg;vcp	0	0	confirmed-missing	2	add-check	false-friend near form 'kAwipya' (0.923) - different word, omission stands
kawuSfNgAla	kaṭuśṛṅgāla	pw	23511.1	2-006-a	0	23	0		0		2	2	pwg;vcp	0	0	confirmed-missing	4	add	
kawvAYjanI	kaṭvāñjanī	pw	23530	2-006-b	0	69	0		0		0	0		0	0	confirmed-missing	1	low-priority	
kawvaYjanI	kaṭvañjanī	pw	23526	2-006-b	0	93	0		0		0	0		0	0	confirmed-missing	1	low-priority	
kayyu	kayyu	pw	23120.3	2-001-b	0	23	0		1		0	0		0	0	variant-form-in-MW	-2	low-priority	
kelAy	kelāy	pw	30678	2-099-a	0	55	0		1		1	1	pwg	1	0	variant-form-in-MW	2	check	
kelikilAvatI	kelikilāvatī	pw	30686	2-099-b	0	61	0		0		3	3	ap;lrv;vcp	0	0	confirmed-missing	7	add	
kelu	kelu	pw	30712	2-099-b	0	71	0		1		2	2	bhs;pwg	0	0	variant-form-in-MW	3	add-check	pratyayhara/short-form class (PWK lists grammatical elements MW does not headword)
kesarAmla	kesarāmla	pw	30857	2-101-b	0	55	0		0	keSarAmla:1.000	5	5	pwg;shs;vcp;wil;yat	1	0	confirmed-missing	10	add-check	vowel-length/case variant of MW headword 'keSarAmla' (fold-twin - same lexeme or distinct word needs eyes)
kesarApIqa	kesarāpīḍa	pw	30856	2-101-a	0	93	0		0	keSarApIqa:1.000	0	0		0	0	confirmed-missing	-1	low-priority	vowel-length/case variant of MW headword 'keSarApIqa' (fold-twin - same lexeme or distinct word needs eyes)
kesarikA	kesarikā	pw	30860	2-101-b	0	203	0		0	keSarikA:1.000	5	5	ap;pwg;sch;skd;vcp	1	1	confirmed-missing	11	add-check	vowel-length/case variant of MW headword 'keSarikA' (fold-twin - same lexeme or distinct word needs eyes)
kesaroccawA	kesaroccaṭā	pw	30863	2-101-b	0	83	0		0	keSaroccawA:1.000	0	0		0	0	confirmed-missing	-1	low-priority	vowel-length/case variant of MW headword 'keSaroccawA' (fold-twin - same lexeme or distinct word needs eyes)
ketavatA	ketavatā	pw	30602	2-098-a	0	66	0		0		1	1	pwg	0	0	confirmed-missing	3	check	
kevAlI	kevālī	pw	30739	2-099-c	0	80	0		1	kevalI:1.000	1	1	vcp	0	0	variant-form-in-MW	1	check	vowel-length/case variant of MW headword 'kevalI' (fold-twin - same lexeme or distinct word needs eyes)
kevAla	kevāla	pw	30738	2-099-c	0	77	0		1	kevAlA:1.000	1	1	pwg	0	0	variant-form-in-MW	1	check	vowel-length/case variant of MW headword 'kevAlA' (fold-twin - same lexeme or distinct word needs eyes)
kfpaRAy	kṛpaṇāy	pw	30162	2-093-c	0	55	0		1	kfpaRAya:0.933	1	1	pwg	0	0	variant-form-in-MW	0	check	false-friend near form 'kfpaRAya' (0.933) - different word, omission stands
kftay	kṛtay	pw	29986	2-091-b	0	76	0		1		1	1	pwg	0	0	variant-form-in-MW	1	check	
kftsnAyatana	kṛtsnāyatana	pw	216334	7-334-a	1	176	1	72	0		2	2	bhs;sch	0	0	confirmed-missing	7	add	
kfttikAsaMBava	kṛttikāsaṃbhava	pw	30091.1	2-092-c	0	23	0		0	kfttikAsamBava:1.000	0	0		0	0	confirmed-missing	-2	low-priority	vowel-length/case variant of MW headword 'kfttikAsamBava' (fold-twin - same lexeme or distinct word needs eyes)
kfzR	kṛṣṇ	pw	30311	2-095-a	0	74	0		1		1	1	pwg	0	0	variant-form-in-MW	1	check	pratyayhara/short-form class (PWK lists grammatical elements MW does not headword)
kfzRAgruja	kṛṣṇāgruja	pw	30528	2-097-b	0	87	0		0		0	0		0	0	confirmed-missing	1	low-priority	
kfzRakarburabarRa	kṛṣṇakarburabarṇa	pw	30320	2-095-c	0	89	0		0	kfzRakarburavarRa:0.941	0	0		0	0	confirmed-missing	-1	low-priority	false-friend near form 'kfzRakarburavarRa' (0.941) - different word, omission stands
kfzRapAdacihnita	kṛṣṇapādacihnita	pw	30405	2-096-b	0	109	0		0		0	0		0	0	confirmed-missing	1	low-priority	
kfzRasvasar	kṛṣṇasvasar	pw	30524	2-097-b	0	74	0		0		1	1	pwg	0	0	confirmed-missing	3	check	
kfzwiman	kṛṣṭiman	pw	30307	2-095-a	0	72	0		0		1	1	pwg	0	0	confirmed-missing	3	check	
kiMBarA	kiṃbharā	pw	27908	2-066-a	0	76	0		0	kimBarA:1.000	1	1	pwg	0	0	confirmed-missing	1	check	vowel-length/case variant of MW headword 'kimBarA' (fold-twin - same lexeme or distinct word needs eyes)
kiMSulukAgiri	kiṃśulukāgiri	pw	27745	2-064-a	0	76	0		0	kiMSulakAgiri:0.923	0	0		0	0	confirmed-missing	-1	low-priority	false-friend near form 'kiMSulakAgiri' (0.923) - different word, omission stands
kiMcitpuruzalakzaRa	kiṃcitpuruṣalakṣaṇa	pw	27805	2-064-c	0	67	0		0		0	0		0	0	confirmed-missing	1	low-priority	
kiMdarA	kiṃdarā	pw	207056	5-252-a	1	145	0		0	kiMdarBa:0.933	1	1	sch	0	0	confirmed-missing	1	check	false-friend near form 'kiMdarBa' (0.933) - different word, omission stands
kiMkAmy	kiṃkāmy	pw	27780	2-064-b	0	53	0		1	kiMkAmyA:0.933	1	1	pwg	0	0	variant-form-in-MW	0	check	false-friend near form 'kiMkAmyA' (0.933) - different word, omission stands
kiMkaraRIyatA	kiṃkaraṇīyatā	pw	216098	7-332-b	1	100	1	245	0		1	1	sch	0	0	confirmed-missing	5	check	
kiMpacAna	kiṃpacāna	pw	27889.1	2-065-c	0	23	0		0	kimpacAna:1.000	2	2	lrv;pwg	0	0	confirmed-missing	2	add-check	vowel-length/case variant of MW headword 'kimpacAna' (fold-twin - same lexeme or distinct word needs eyes)
kiMpaca	kiṃpaca	pw	27889	2-065-c	0	66	0		0	kimpaca:1.000	4	4	acc;lrv;pwg;sch	0	0	confirmed-missing	7	add-check	vowel-length/case variant of MW headword 'kimpaca' (fold-twin - same lexeme or distinct word needs eyes)
kiMprakAram	kiṃprakāram	pw	27901	2-066-a	0	63	0		0	kimprakAram:1.000	2	2	lrv;pwg	0	0	confirmed-missing	3	add-check	vowel-length/case variant of MW headword 'kimprakAram' (fold-twin - same lexeme or distinct word needs eyes)
kiMpuruzeSvara	kiṃpuruṣeśvara	pw	27899	2-066-a	0	76	0		0	kimpuruzeSvara:1.000	1	1	lrv	0	0	confirmed-missing	1	check	vowel-length/case variant of MW headword 'kimpuruzeSvara' (fold-twin - same lexeme or distinct word needs eyes)
kiMvant	kiṃvant	pw	27724	2-063-c	0	69	0		0	kiMvat:0.923	1	1	pwg	0	0	confirmed-missing	1	check	false-friend near form 'kiMvat' (0.923) - different word, omission stands
kiYja	kiñja	pw	27810	2-064-c	0	91	0		0		6	5	ap;mw72;pwg;shs;wil;yat	1	0	confirmed-missing	15	add	
kikira	kikira	pw	27759	2-064-a	0	93	0		1	kikirA:1.000	1	1	vcp	0	0	variant-form-in-MW	1	check	vowel-length/case variant of MW headword 'kikirA' (fold-twin - same lexeme or distinct word needs eyes)
kilAla	kilāla	pw	216121.1	7-332-c	1	24	0		0	kIlAla:1.000	0	0		0	0	confirmed-missing	-2	low-priority	vowel-length/case variant of MW headword 'kIlAla' (fold-twin - same lexeme or distinct word needs eyes)
kilAqa	kilāḍa	pw	216121	7-332-c	1	114	1	230,9	0		1	1	sch	0	0	confirmed-missing	5	check	
kilikilAyita	kilikilāyita	pw	216124	7-332-c	1	122	1	138,28	0		1	1	sch	0	0	confirmed-missing	5	check	
kintamAm	kintamām	pw	216104	7-332-b	1	93	0		0		7	7	bur;sch;shs;skd;vcp;wil;yat	0	0	confirmed-missing	15	add	
kintarAm	kintarām	pw	216104.1	7-332-b	1	24	0		0		5	5	bur;shs;vcp;wil;yat	0	0	confirmed-missing	10	add	
kinvya	kinvya	pw	27838.1	2-065-a	0	23	0		0		0	0		0	0	confirmed-missing	0	low-priority	
kirikARa	kirikāṇa	pw	203013	2-298-b	1	95	0		0	kIrtikara:0.941	1	1	sch	0	0	confirmed-missing	1	check	false-friend near form 'kIrtikara' (0.941) - different word, omission stands
kiroqAwy	kiroḍāṭy	pw	27951	2-066-c	0	50	0		1	kiroqAwya:0.941	1	1	pwg	0	0	variant-form-in-MW	0	check	false-friend near form 'kiroqAwya' (0.941) - different word, omission stands
kisarAvant	kisarāvant	pw	28005	2-067-b	0	96	0		0	kiSarAvat:0.947	0	0		0	0	confirmed-missing	-1	low-priority	false-friend near form 'kiSarAvat' (0.947) - different word, omission stands
kisarika	kisarika	pw	28006	2-067-b	0	89	0		0	kiSarika:1.000	1	0	mw72	0	0	confirmed-missing	1	check	vowel-length/case variant of MW headword 'kiSarika' (fold-twin - same lexeme or distinct word needs eyes)
kiwwama	kiṭṭama	pw	27828	2-065-a	0	63	0		0		0	0		0	0	confirmed-missing	1	low-priority	
klIbAy	klībāy	pw	32138	2-119-a	0	46	0		1	klIbAya:0.923	0	0		0	0	variant-form-in-MW	-2	low-priority	false-friend near form 'klIbAya' (0.923) - different word, omission stands
klomaka	klomaka	pw	216530	7-335-c	1	90	1	189,90	0		2	2	bhs;sch	0	0	confirmed-missing	7	add	
knUyitar	knūyitar	pw	31623	2-110-a	0	54	0		0		1	1	pwg	0	0	confirmed-missing	2	check	
kolikA	kolikā	pw	31162.1	2-104-c	0	23	0		0	kOlika:1.000	0	0		0	0	confirmed-missing	-2	low-priority	vowel-length/case variant of MW headword 'kOlika' (fold-twin - same lexeme or distinct word needs eyes)
kowAy	koṭāy	pw	31022	2-103-a	0	62	0		1		1	1	pwg	0	0	variant-form-in-MW	1	check	
kowambaka	koṭambaka	pw	216431	7-334-d	1	96	1	280,5	0		2	2	bhs;sch	0	0	confirmed-missing	7	add	
kowanaka	koṭanaka	pw	216430	7-334-d	1	91	0		0		3	3	bhs;mci;sch	1	0	confirmed-missing	9	add	
krOYcaka	krauñcaka	pw	32061	2-117-c	0	71	0		0		1	1	pwg	1	0	confirmed-missing	5	check	
kramitar	kramitar	pw	31756	2-113-c	0	54	0		0		1	1	pwg	0	0	confirmed-missing	2	check	
krav	krav	pw	31784	2-114-a	0	72	0		1		0	0		0	0	variant-form-in-MW	-1	low-priority	pratyayhara/short-form class (PWK lists grammatical elements MW does not headword)
kroqin	kroḍin	pw	32013	2-117-a	0	63	0		0		0	0		0	0	confirmed-missing	1	low-priority	
kruYcAmant	kruñcāmant	pw	31938	2-116-a	0	56	0		0	kruYcAmat:0.947	1	1	pwg	0	0	confirmed-missing	0	check	false-friend near form 'kruYcAmat' (0.947) - different word, omission stands
kuRaYjar	kuṇañjar	pw	28410.2	2-072-b	0	23	0		1	kuRaYjara:0.941	0	0		0	0	variant-form-in-MW	-2	low-priority	false-friend near form 'kuRaYjara' (0.941) - different word, omission stands
kuRqaNga	kuṇḍaṅga	pw	28448	2-073-a	0	74	0		0	kuqaNga:0.933	7	6	bur;mw72;pwg;shs;vcp;wil;yat	0	0	confirmed-missing	13	add-check	false-friend near form 'kuqaNga' (0.933) - different word, omission stands
kuRqalara	kuṇḍalara	pw	28465	2-073-b	0	56	0		0		1	1	pwg	0	0	confirmed-missing	2	check	
kuRqavihAradeSa	kuṇḍavihāradeśa	pw	28476	2-073-b	0	83	0		0		1	1	pwg	0	0	confirmed-missing	3	check	
kuSavAka	kuśavāka	pw	29443	2-085-a	0	68	0		0		0	0		0	0	confirmed-missing	1	low-priority	
kuSumADirAj	kuśumādhirāj	pw	29581.1	2-086-b	0	23	0		0	kusumADirAj:1.000	0	0		0	0	confirmed-missing	-2	low-priority	vowel-length/case variant of MW headword 'kusumADirAj' (fold-twin - same lexeme or distinct word needs eyes)
kuWAtaNka	kuṭhātaṅka	pw	28369	2-072-a	0	60	0		0		0	0		0	0	confirmed-missing	0	low-priority	
kubara	kubara	pw	28711	2-076-b	0	61	0		0	kUbara:1.000	0	0		0	0	confirmed-missing	-1	low-priority	vowel-length/case variant of MW headword 'kUbara' (fold-twin - same lexeme or distinct word needs eyes)
kuberagupta	kuberagupta	pw	28719	2-076-b	0	110	0		0		0	0		0	0	confirmed-missing	1	low-priority	
kugaRa	kugaṇa	pw	216150	7-332-d	1	93	1	245,206	0		1	1	sch	0	0	confirmed-missing	5	check	
kuhay	kuhay	pw	29635	2-087-a	0	82	0		1		1	1	pwg	0	0	variant-form-in-MW	1	check	
kujamBila	kujambhila	pw	28242.2	2-070-b	0	23	0		0		3	3	shs;wil;yat	0	0	confirmed-missing	6	add	
kujamBira	kujambhira	pw	28242.1	2-070-b	0	23	0		0		0	0		0	0	confirmed-missing	0	low-priority	
kukkusa	kukkusa	pw	203021	2-298-b	1	75	0		0		1	1	sch	0	0	confirmed-missing	3	check	
kukkuwamarda	kukkuṭamarda	pw	28161.1	2-069-b	0	23	0		0	kukkuwamardaka:0.923	0	0		0	0	confirmed-missing	-2	low-priority	false-friend near form 'kukkuwamardaka' (0.923) - different word, omission stands
kuladUzaka	kuladūṣaka	pw	216234	7-333-b	1	105	1	258	0		2	2	bhs;sch	0	0	confirmed-missing	7	add	
kulasaMBava	kulasaṃbhava	pw	29209.1	2-082-a	0	23	0		0	kulasamBava:1.000	3	3	ap;lrv;pwg	0	0	confirmed-missing	4	add-check	vowel-length/case variant of MW headword 'kulasamBava' (fold-twin - same lexeme or distinct word needs eyes)
kulasaMmata	kulasaṃmata	pw	29210	2-082-b	0	97	0		0		0	0		0	0	confirmed-missing	1	low-priority	
kulla	kulla	pw	29332	2-083-c	0	89	0		0	Kulla:1.000	0	0		0	0	confirmed-missing	-1	low-priority	vowel-length/case variant of MW headword 'Kulla' (fold-twin - same lexeme or distinct word needs eyes)
kullaliNga	kullaliṅga	pw	29333	2-083-c	0	62	0		0		0	0		0	0	confirmed-missing	1	low-priority	
kumAlay	kumālay	pw	28846	2-077-c	0	50	0		1	kumAlaya:0.933	1	1	pwg	0	0	variant-form-in-MW	0	check	false-friend near form 'kumAlaya' (0.933) - different word, omission stands
kumAralIla	kumāralīla	pw	28805	2-077-b	0	58	0		0		1	1	pwg	0	0	confirmed-missing	2	check	
kumArava	kumārava	pw	28806	2-077-b	0	54	0		1	kumAratva:0.941	1	1	pwg	0	0	variant-form-in-MW	0	check	false-friend near form 'kumAratva' (0.941) - different word, omission stands
kumAray	kumāray	pw	28801	2-077-b	0	50	0		1	kumAraya:0.933	1	1	pwg	0	0	variant-form-in-MW	0	check	false-friend near form 'kumAraya' (0.933) - different word, omission stands
kumBagrIva	kumbhagrīva	pw	203041	2-298-c	1	97	0		0		2	2	pui;sch	0	0	confirmed-missing	5	add	
kumBakAraSAlA	kumbhakāraśālā	pw	28897	2-078-c	0	76	0		0		0	0		0	0	confirmed-missing	1	low-priority	
kumBakArakukkuwa	kumbhakārakukkuṭa	pw	28896	2-078-c	0	77	0		0	kumBakArakakukkuwa:0.941	1	1	pwg	0	0	confirmed-missing	1	check	false-friend near form 'kumBakArakakukkuwa' (0.941) - different word, omission stands
kumBakarRaniyantar	kumbhakarṇaniyantar	pw	28891	2-078-c	0	92	0		0		0	0		0	0	confirmed-missing	1	low-priority	
kumBamAtraka	kumbhamātraka	pw	28918	2-079-a	0	78	0		0		0	0		0	0	confirmed-missing	1	low-priority	
kumBolu	kumbholu	pw	28960	2-079-b	0	50	0		0		1	1	pwg	0	0	confirmed-missing	2	check	
kumudAnvaya	kumudānvaya	pw	28866	2-078-a	0	101	0		0		0	0		0	0	confirmed-missing	1	low-priority	
kundakundAcArya	kundakundācārya	pw	28650	2-075-c	0	100	0		0		1	1	pwg	0	0	confirmed-missing	3	check	
kunduma	kunduma	pw	28660	2-075-c	0	75	0		0		1	1	pwg	0	0	confirmed-missing	3	check	
kupAla	kupāla	pw	28687	2-076-a	0	87	0		0		0	0		0	0	confirmed-missing	1	low-priority	
kupyaMjara	kupyaṃjara	pw	28700	2-076-a	0	92	0		0		0	0		0	0	confirmed-missing	1	low-priority	
kuqmalAgradant	kuḍmalāgradant	pw	28398	2-072-b	0	101	0		1	kuqmalAgradanta:0.966	0	0		0	0	variant-form-in-MW	-1	low-priority	probable orthographic doublet of MW headword 'kuqmalAgradanta' (0.966)
kurAha	kurāha	pw	29010.1	2-080-a	0	23	0		0	kugraha:0.923	1	1	vcp	0	0	confirmed-missing	0	check	false-friend near form 'kugraha' (0.923) - different word, omission stands
kurAla	kurāla	pw	29010	2-080-a	0	81	0		0	kuRAla:1.000	5	4	mw72;pwg;shs;wil;yat	0	0	confirmed-missing	9	add-check	vowel-length/case variant of MW headword 'kuRAla' (fold-twin - same lexeme or distinct word needs eyes)
kuraWa	kuraṭha	pw	28988	2-079-c	0	85	0		0	kurawa:1.000	0	0		0	0	confirmed-missing	-1	low-priority	vowel-length/case variant of MW headword 'kurawa' (fold-twin - same lexeme or distinct word needs eyes)
kurapI	kurapī	pw	28993	2-079-c	0	68	0		0	kuRapI:1.000	0	0		0	0	confirmed-missing	-1	low-priority	vowel-length/case variant of MW headword 'kuRapI' (fold-twin - same lexeme or distinct word needs eyes)
kurkurIy	kurkurīy	pw	29080	2-080-c	0	68	0		1	kurkurIya:0.941	1	1	pwg	0	0	variant-form-in-MW	1	check	false-friend near form 'kurkurIya' (0.941) - different word, omission stands
kuruRqavfdDi	kuruṇḍavṛddhi	pw	29037	2-080-b	0	63	0		0		0	0		0	0	confirmed-missing	1	low-priority	
kurukuci	kurukuci	pw	216225	7-333-b	1	99	1	127,50	0		2	2	bhs;sch	0	0	confirmed-missing	7	add	
kurukuru	kurukuru	pw	29019	2-080-a	0	95	0		0		0	0		0	0	confirmed-missing	1	low-priority	
kuruvIraka	kuruvīraka	pw	29066	2-080-c	0	209	0		0		0	0		1	0	confirmed-missing	3	low-priority	
kusi	kusi	pw	29533	2-086-a	0	66	0		1	kuSi:1.000	1	1	krm	0	0	variant-form-in-MW	1	check	vowel-length/case variant of MW headword 'kuSi' (fold-twin - same lexeme or distinct word needs eyes); pratyayhara/short-form class (PWK lists grammatical elements MW does not headword)
kusmay	kusmay	pw	29618	2-086-c	0	64	0		1	kusmaya:0.923	1	1	pwg	0	0	variant-form-in-MW	1	check	false-friend near form 'kusmaya' (0.923) - different word, omission stands
kusumavant	kusumavant	pw	29568	2-086-b	0	194	0		0	kusumavat:0.947	1	1	pwg	0	0	confirmed-missing	1	check	false-friend near form 'kusumavat' (0.947) - different word, omission stands
kusumy	kusumy	pw	29600	2-086-c	0	51	0		1	kusumya:0.923	1	1	pwg	0	0	variant-form-in-MW	0	check	false-friend near form 'kusumya' (0.923) - different word, omission stands
kutsanIya	kutsanīya	pw	216183	7-333-a	1	95	1	132	0		2	2	bhs;sch	0	0	confirmed-missing	7	add	
kuvaRi	kuvaṇi	pw	29343	2-083-c	0	92	0		0	kuvarI:1.000	0	0		0	0	confirmed-missing	-1	low-priority	vowel-length/case variant of MW headword 'kuvarI' (fold-twin - same lexeme or distinct word needs eyes)
kuveRi	kuveṇi	pw	29398	2-084-b	0	66	0		1	kuveRI:1.000	1	1	vcp	0	0	variant-form-in-MW	1	check	vowel-length/case variant of MW headword 'kuveRI' (fold-twin - same lexeme or distinct word needs eyes)
kuvi	kuvi	pw	29383	2-084-a	0	93	0		1		0	0		1	0	variant-form-in-MW	1	low-priority	pratyayhara/short-form class (PWK lists grammatical elements MW does not headword)
kuviRA	kuviṇā	pw	29386	2-084-a	0	61	0		0	kuvIRA:1.000	0	0		0	0	confirmed-missing	-1	low-priority	vowel-length/case variant of MW headword 'kuvIRA' (fold-twin - same lexeme or distinct word needs eyes)
kuwIy	kuṭīy	pw	28333	2-071-b	0	68	0		1		1	1	pwg	0	0	variant-form-in-MW	1	check	
kuwakaRWa	kuṭakaṇṭha	pw	207062	5-252-b	1	106	0		0	kUwakAra:0.941	1	1	sch	0	0	confirmed-missing	1	check	false-friend near form 'kUwakAra' (0.941) - different word, omission stands
kuwilacitta	kuṭilacitta	pw	28311	2-071-b	0	67	0		0		0	0		0	0	confirmed-missing	1	low-priority	
kuwimaha	kuṭimaha	pw	216160	7-332-d	1	90	1	229	0	kuwImaha:1.000	1	1	sch	0	0	confirmed-missing	3	check	vowel-length/case variant of MW headword 'kuwImaha' (fold-twin - same lexeme or distinct word needs eyes)
kuwumbay	kuṭumbay	pw	28341	2-071-c	0	65	0		1	kuwumbaya:0.941	1	1	pwg	0	0	variant-form-in-MW	1	check	false-friend near form 'kuwumbaya' (0.941) - different word, omission stands
kuwunI	kuṭunī	pw	28338	2-071-c	0	72	0		0		6	5	ap;ap90;lrv;mw72;pwg;vcp	0	0	confirmed-missing	13	add	
kuwwihArikA	kuṭṭihārikā	pw	28362	2-072-a	0	71	0		0		11	10	ap;ap90;bur;lrv;mw72;pwg;shs;skd;vcp;wil;yat	0	0	confirmed-missing	23	add	
kuzWahantar	kuṣṭhahantar	pw	29517	2-085-c	0	338	0		0		1	1	pwg	0	0	confirmed-missing	3	check	
kuzuB	kuṣubh	pw	29498	2-085-b	0	48	0		0		0	0		0	0	confirmed-missing	0	low-priority	
kzAmimant	kṣāmimant	pw	32437	2-123-b	0	84	0		0	kzAmimat:0.941	0	0		0	0	confirmed-missing	-1	low-priority	false-friend near form 'kzAmimat' (0.941) - different word, omission stands
kzEtayatAyani	kṣaitayatāyani	pw	33050	2-131-c	0	77	0		0		0	0		0	0	confirmed-missing	1	low-priority	
kzEtayata	kṣaitayata	pw	33049	2-131-c	0	67	0		0		2	2	pwg;vcp	0	0	confirmed-missing	5	add	
kzIrIy	kṣīrīy	pw	32701	2-127-c	0	59	0		1	kzIrIya:0.923	1	1	pwg	0	0	variant-form-in-MW	0	check	false-friend near form 'kzIrIya' (0.923) - different word, omission stands
kzIrasaMBava	kṣīrasaṃbhava	pw	32675	2-127-c	0	70	0		0	kzIrasamBava:1.000	0	0		0	0	confirmed-missing	-1	low-priority	vowel-length/case variant of MW headword 'kzIrasamBava' (fold-twin - same lexeme or distinct word needs eyes)
kzIrasy	kṣīrasy	pw	32682	2-127-c	0	79	0		1	kzIrasya:0.933	1	1	pwg	0	0	variant-form-in-MW	1	check	false-friend near form 'kzIrasya' (0.933) - different word, omission stands
kzIravidAri	kṣīravidāri	pw	32661.1	2-127-b	0	23	0		1	kzIravidArI:1.000	0	0		0	0	variant-form-in-MW	-2	low-priority	vowel-length/case variant of MW headword 'kzIravidArI' (fold-twin - same lexeme or distinct word needs eyes)
kzaRatu	kṣaṇatu	pw	32194	2-120-a	0	58	0		0	kzaRAt:0.923	8	7	bur;lrv;mw72;pwg;shs;vcp;wil;yat	0	0	confirmed-missing	14	add-check	false-friend near form 'kzaRAt' (0.923) - different word, omission stands
kzamitar	kṣamitar	pw	32352	2-122-b	0	63	0		0	kzamita:0.933	1	1	pwg	0	0	confirmed-missing	1	check	false-friend near form 'kzamita' (0.933) - different word, omission stands
kzetrasaMBUta	kṣetrasaṃbhūta	pw	32956	2-130-c	0	92	0		0	kzetrasamBUta:1.000	1	1	pwg	0	0	confirmed-missing	1	check	vowel-length/case variant of MW headword 'kzetrasamBUta' (fold-twin - same lexeme or distinct word needs eyes)
kzetrasaMBava	kṣetrasaṃbhava	pw	32955	2-130-c	0	240	0		0	kzetrasamBava:1.000	1	1	pwg	0	0	confirmed-missing	1	check	vowel-length/case variant of MW headword 'kzetrasamBava' (fold-twin - same lexeme or distinct word needs eyes)
kziprapAMkin	kṣiprapāṃkin	pw	32563	2-126-b	0	78	0		0	kziprapAkin:0.957	0	0		0	0	confirmed-missing	-1	low-priority	probable orthographic doublet of MW headword 'kziprapAkin' (0.957)
kziptaka	kṣiptaka	pw	32548	2-126-a	0	63	0		0	kzipaka:0.933	0	0		0	0	confirmed-missing	-1	low-priority	false-friend near form 'kzipaka' (0.933) - different word, omission stands
kzmAyitar	kṣmāyitar	pw	33145	2-132-c	0	56	0		0	kzmAyita:0.941	1	1	pwg	0	0	confirmed-missing	0	check	false-friend near form 'kzmAyita' (0.941) - different word, omission stands
kzottar	kṣottar	pw	33081	2-132-a	0	56	0		0		1	1	pwg	0	0	confirmed-missing	2	check	
kzuRaka	kṣuṇaka	pw	32721	2-128-a	0	57	0		0	kzuraka:1.000	1	1	bhs	0	0	confirmed-missing	0	check	vowel-length/case variant of MW headword 'kzuraka' (fold-twin - same lexeme or distinct word needs eyes)
kzubDaka	kṣubdhaka	pw	32868	2-129-b	0	68	0		0		0	0		0	0	confirmed-missing	1	low-priority	
kzudraGAlI	kṣudraghālī	pw	32746	2-128-b	0	99	0		0		0	0		0	0	confirmed-missing	1	low-priority	
kzudracirBiwA	kṣudracirbhiṭā	pw	32750	2-128-b	0	82	0		0	kzudracirBitA:0.923	2	2	pwg;skd	0	0	confirmed-missing	3	add-check	false-friend near form 'kzudracirBitA' (0.923) - different word, omission stands
kzudrakAravelli	kṣudrakāravelli	pw	32738.1	2-128-b	0	23	0		1	kzudrakAravellI:1.000	0	0		0	0	variant-form-in-MW	-2	low-priority	vowel-length/case variant of MW headword 'kzudrakAravellI' (fold-twin - same lexeme or distinct word needs eyes)
kzudvant	kṣudvant	pw	32844	2-129-a	0	51	0		0	kzudvat:0.933	1	1	pwg	0	0	confirmed-missing	0	check	false-friend near form 'kzudvat' (0.933) - different word, omission stands
lAYCavI	lāñchavī	pw	96045	5-223-b	0	75	0		0		0	0		0	0	confirmed-missing	1	low-priority	
lAYCikA	lāñchikā	pw	96045.1	5-223-b	0	23	0		0		0	0		0	0	confirmed-missing	0	low-priority	
lAlay	lālay	pw	96107	5-224-a	0	105	0		0		1	1	pwg	1	0	confirmed-missing	5	check	
lAvU	lāvū	pw	96154.1	5-224-b	0	23	0		1	lAvu:1.000	0	0		0	0	variant-form-in-MW	-2	low-priority	vowel-length/case variant of MW headword 'lAvu' (fold-twin - same lexeme or distinct word needs eyes); pratyayhara/short-form class (PWK lists grammatical elements MW does not headword)
lAvukI	lāvukī	pw	96154.2	5-224-b	0	23	0		0		0	0		0	0	confirmed-missing	0	low-priority	
lAwy	lāṭy	pw	96053	5-223-b	0	96	0		0		0	0		0	0	confirmed-missing	-1	low-priority	pratyayhara/short-form class (PWK lists grammatical elements MW does not headword)
lInay	līnay	pw	96295	5-228-b	0	102	0		1		0	0		0	0	variant-form-in-MW	-1	low-priority	
lOhakAri	lauhakāri	pw	97059	5-240-a	0	71	0		1	lohakArI:1.000	1	1	pwg	0	0	variant-form-in-MW	1	check	vowel-length/case variant of MW headword 'lohakArI' (fold-twin - same lexeme or distinct word needs eyes)
lOhitaDvajya	lauhitadhvajya	pw	97077	5-240-a	0	87	0		0	lOhitaDvaja:0.957	1	1	pwg	0	0	confirmed-missing	1	check	probable orthographic doublet of MW headword 'lOhitaDvaja' (0.957)
lUnIy	lūnīy	pw	96422	5-231-b	0	53	0		1		1	1	pwg	0	0	variant-form-in-MW	0	check	
laNgUla	laṅgūla	pw	95601	5-214-b	0	50	0		1	lANgUla:1.000	7	6	ben;bur;mw72;pwg;shs;wil;yat	0	0	variant-form-in-MW	12	add-check	vowel-length/case variant of MW headword 'lANgUla' (fold-twin - same lexeme or distinct word needs eyes)
laNgaka	laṅgaka	pw	95596	5-214-b	0	50	0		0	laNGaka:1.000	4	3	ben;bhs;mw72;pwg	0	0	confirmed-missing	6	add-check	vowel-length/case variant of MW headword 'laNGaka' (fold-twin - same lexeme or distinct word needs eyes)
laYjApay	lañjāpay	pw	95636	5-215-b	0	52	0		0		0	0		0	0	confirmed-missing	0	low-priority	
lakzmaRaka	lakṣmaṇaka	pw	95323	5-210-b	0	103	0		0	lakzaRaka:0.947	0	0		1	0	confirmed-missing	1	low-priority	false-friend near form 'lakzaRaka' (0.947) - different word, omission stands
lamBam	lambham	pw	95795	5-219-b	0	49	0		1		2	1	mw72;pwg	0	0	variant-form-in-MW	2	add-check	
lambAviSvayasO	lambāviśvayasau	pw	95782	5-219-a	0	113	0		0	lambAviSvavayasO:0.933	0	0		0	0	confirmed-missing	-1	low-priority	false-friend near form 'lambAviSvavayasO' (0.933) - different word, omission stands
lapanA	lapanā	pw	220863	7-371-d	1	95	1	127,59	1	lapana:1.000	1	1	sch	0	0	variant-form-in-MW	3	check	vowel-length/case variant of MW headword 'lapana' (fold-twin - same lexeme or distinct word needs eyes)
lavARaka	lavāṇaka	pw	95944	5-221-c	0	76	0		0	lAvARaka:1.000	5	4	mw72;pwg;shs;wil;yat	0	0	confirmed-missing	9	add-check	vowel-length/case variant of MW headword 'lAvARaka' (fold-twin - same lexeme or distinct word needs eyes)
lavaNgakalikA	lavaṅgakalikā	pw	95882	5-220-c	0	80	0		0	lavaMgakalikA:0.923	4	4	ap;pwg;skd;vcp	0	0	confirmed-missing	7	add-check	false-friend near form 'lavaMgakalikA' (0.923) - different word, omission stands
lavaNgalatA	lavaṅgalatā	pw	95883	5-221-a	0	108	0		0		1	1	skd	0	0	confirmed-missing	3	check	
lavaRIy	lavaṇīy	pw	95926	5-221-b	0	68	0		1	lavaRIya:0.933	1	1	pwg	0	0	variant-form-in-MW	1	check	false-friend near form 'lavaRIya' (0.933) - different word, omission stands
lavaRasy	lavaṇasy	pw	95913	5-221-b	0	61	0		1	lavaRasya:0.941	1	1	pwg	0	0	variant-form-in-MW	1	check	false-friend near form 'lavaRasya' (0.941) - different word, omission stands
lavay	lavay	pw	95938	5-221-b	0	54	0		1		1	1	pwg	0	0	variant-form-in-MW	0	check	
lawy	laṭy	pw	95649	5-215-c	0	54	0		1		1	1	pwg	0	0	variant-form-in-MW	0	check	pratyayhara/short-form class (PWK lists grammatical elements MW does not headword)
leKAy	lekhāy	pw	96453	5-231-c	0	55	0		1		2	2	pwg;sch	1	0	variant-form-in-MW	4	add-check	
leKy	lekhy	pw	96460	5-232-a	0	48	0		1		1	1	pwg	0	0	variant-form-in-MW	0	check	pratyayhara/short-form class (PWK lists grammatical elements MW does not headword)
lewy	leṭy	pw	96470	5-232-a	0	68	0		1		1	1	pwg	0	0	variant-form-in-MW	1	check	pratyayhara/short-form class (PWK lists grammatical elements MW does not headword)
liNgasaMBUtA	liṅgasaṃbhūtā	pw	96232	5-226-a	0	73	0		0	liNgasamBUtA:1.000	1	1	pwg	0	0	confirmed-missing	1	check	vowel-length/case variant of MW headword 'liNgasamBUtA' (fold-twin - same lexeme or distinct word needs eyes)
liNgavarDinI	liṅgavardhinī	pw	96226	5-226-a	0	100	0		1	liNgavarDin:0.957	0	0		0	0	variant-form-in-MW	-1	low-priority	probable orthographic doublet of MW headword 'liNgavarDin' (0.957)
likkA	likkā	pw	96176	5-224-c	0	46	0		0	lIkkA:1.000	6	6	bur;pwg;shs;skd;vcp;yat	0	0	confirmed-missing	10	add-check	vowel-length/case variant of MW headword 'lIkkA' (fold-twin - same lexeme or distinct word needs eyes)
livI	livī	pw	96280	5-227-b	0	60	0		1	livi:1.000	0	0		0	0	variant-form-in-MW	-2	low-priority	vowel-length/case variant of MW headword 'livi' (fold-twin - same lexeme or distinct word needs eyes); pratyayhara/short-form class (PWK lists grammatical elements MW does not headword)
liwy	liṭy	pw	96249	5-226-b	0	55	0		1		1	1	pwg	0	1	variant-form-in-MW	0	check	pratyayhara/short-form class (PWK lists grammatical elements MW does not headword)
lohitI	lohitī	pw	97016	5-239-b	0	77	0		1		0	0		0	0	variant-form-in-MW	-1	low-priority	
lohitaSavala	lohitaśavala	pw	96984	5-239-a	0	60	0		0		1	1	ap	0	0	confirmed-missing	2	check	
lohitapAdadeSa	lohitapādadeśa	pw	96967	5-239-a	0	82	0		0	lohitapAddeSa:0.963	1	1	pwg	0	0	confirmed-missing	1	check	probable orthographic doublet of MW headword 'lohitapAddeSa' (0.963)
lolUyam	lolūyam	pw	96855	5-237-c	0	118	0		1	lolUya:0.923	0	0		0	0	variant-form-in-MW	-1	low-priority	false-friend near form 'lolUya' (0.923) - different word, omission stands
lomasikA	lomasikā	pw	96826	5-237-b	0	103	0		0	lomASikA:1.000	1	1	pwg	0	0	confirmed-missing	1	check	vowel-length/case variant of MW headword 'lomASikA' (fold-twin - same lexeme or distinct word needs eyes)
lorAy	lorāy	pw	96838	5-237-b	0	45	0		1		1	1	pwg	0	0	variant-form-in-MW	0	check	
lulAyakAntA	lulāyakāntā	pw	96401	5-231-a	0	76	0		0		0	0		0	0	confirmed-missing	1	low-priority	
lulAyakanda	lulāyakanda	pw	96400	5-231-a	0	99	0		0		0	0		1	0	confirmed-missing	3	low-priority	
mAMsakIlaka	māṃsakīlaka	pw	85549	5-060-a	0	92	0		0		0	0		1	0	confirmed-missing	3	low-priority	
mAMsarohiRA	māṃsarohiṇā	pw	85587.3	5-060-b	0	23	0		1		0	0		0	0	variant-form-in-MW	-2	low-priority	
mAQI	māḍhī	pw	85724	5-062-a	0	49	0		1	mAQi:1.000	4	3	mw72;pwg;sch;skd	0	0	variant-form-in-MW	6	add-check	vowel-length/case variant of MW headword 'mAQi' (fold-twin - same lexeme or distinct word needs eyes); pratyayhara/short-form class (PWK lists grammatical elements MW does not headword)
mAdayitar	mādayitar	pw	85943	5-065-b	0	123	0		0		0	0		0	0	confirmed-missing	1	low-priority	
mAhIyala	māhīyala	pw	86736	5-076-b	0	166	0		0		0	0		0	0	confirmed-missing	1	low-priority	
mAlI	mālī	pw	47595.1	3-051-c	0	23	0		1	mAli:1.000	2	2	pe;skd	0	1	variant-form-in-MW	2	add-check	vowel-length/case variant of MW headword 'mAli' (fold-twin - same lexeme or distinct word needs eyes); pratyayhara/short-form class (PWK lists grammatical elements MW does not headword)
mAlIy	mālīy	pw	86577	5-074-c	0	62	0		1		1	1	pwg	0	0	variant-form-in-MW	1	check	
mAlatItIrasaMBava	mālatītīrasaṃbhava	pw	86514	5-073-c	0	86	0		0	mAlatItIrasamBava:1.000	1	1	pwg	0	0	confirmed-missing	1	check	vowel-length/case variant of MW headword 'mAlatItIrasamBava' (fold-twin - same lexeme or distinct word needs eyes)
mAnaMpaca	mānaṃpaca	pw	86099	5-067-c	0	77	0		0	mAnampaca:1.000	1	1	pwg	0	0	confirmed-missing	1	check	vowel-length/case variant of MW headword 'mAnampaca' (fold-twin - same lexeme or distinct word needs eyes)
mAnasTalI	mānasthalī	pw	86164	5-068-c	0	63	0		0		2	1	mw72;pwg	0	0	confirmed-missing	5	add	
mAqAdruma	māḍādruma	pw	85719	5-062-a	0	81	0		0		0	0		0	0	confirmed-missing	1	low-priority	
mArdaNga	mārdaṅga	pw	86486	5-073-a	0	114	0		0	mardana:0.933	4	3	ben;bur;mw72;pwg	0	0	confirmed-missing	7	add-check	false-friend near form 'mardana' (0.933) - different word, omission stands
mArkara	mārkara	pw	86389	5-071-c	0	63	0		0	markara:1.000	1	1	pwg	0	0	confirmed-missing	1	check	vowel-length/case variant of MW headword 'markara' (fold-twin - same lexeme or distinct word needs eyes)
mAtaNgamakara	mātaṅgamakara	pw	85782	5-062-c	0	108	0		0	mAtaMgamakara:0.923	2	2	pwg;vcp	0	0	confirmed-missing	3	add-check	false-friend near form 'mAtaMgamakara' (0.923) - different word, omission stands
mAtaNgavedI	mātaṅgavedī	pw	209263.1	6-305-b	0	24	0		0		0	0		0	0	confirmed-missing	0	low-priority	
mAtaNgavedi	mātaṅgavedi	pw	209263	6-305-b	1	137	0		0		1	1	sch	0	0	confirmed-missing	3	check	
mAtay	mātay	pw	85785	5-063-a	0	92	0		1		1	1	pwg	0	0	variant-form-in-MW	1	check	
mAtfmAtar	mātṛmātar	pw	85879	5-064-b	0	74	0		0		1	1	pwg	0	0	confirmed-missing	3	check	
mAtrI	mātrī	pw	85919	5-065-a	0	70	0		1		2	2	bhs;lrv	0	1	variant-form-in-MW	3	add-check	
mAtuHsvasar	mātuḥsvasar	pw	85832.1	5-063-c	0	23	0		0		0	0		0	0	confirmed-missing	0	low-priority	
mAtuHzvasar	mātuḥṣvasar	pw	85832	5-063-c	0	77	0		0		1	1	pwg	0	0	confirmed-missing	3	check	
mAtuli	mātuli	pw	85826	5-063-c	0	58	0		1	mAtulI:1.000	4	4	pwg;shs;wil;yat	0	0	variant-form-in-MW	6	add-check	vowel-length/case variant of MW headword 'mAtulI' (fold-twin - same lexeme or distinct word needs eyes)
mAzaSarAvin	māṣaśarāvin	pw	86621	5-075-a	0	86	0		0	mAzaSarAvi:0.952	1	1	pwg	0	0	confirmed-missing	1	check	probable orthographic doublet of MW headword 'mAzaSarAvi' (0.952)
mEnAkasvasar	mainākasvasar	pw	88979	5-108-c	0	77	0		0		0	0		0	0	confirmed-missing	1	low-priority	
mIlaha	mīlaha	pw	87077.1	5-081-c	0	23	0		0		0	0		0	0	confirmed-missing	0	low-priority	
mInARqI	mīnāṇḍī	pw	87105	5-082-a	0	73	0		1	mInAri:0.923	2	2	pwg;skd	0	1	variant-form-in-MW	3	add-check	false-friend near form 'mInAri' (0.923) - different word, omission stands
mInAstrIRa	mīnāstrīṇa	pw	87108	5-082-a	0	59	0		0		0	0		0	0	confirmed-missing	0	low-priority	
mOdgalyIya	maudgalyīya	pw	89198	5-111-c	0	59	0		0	mOdgalIya:0.947	2	1	mw72;pwg	0	0	confirmed-missing	2	add-check	false-friend near form 'mOdgalIya' (0.947) - different word, omission stands
mUrDawaka	mūrdhaṭaka	pw	87911	5-095-b	0	104	0		0		2	2	bhs;pwg	0	0	confirmed-missing	5	add	
mUzikAdant	mūṣikādant	pw	88076	5-097-c	0	69	0		1	mUzikAdanta:0.952	1	1	pwg	0	0	variant-form-in-MW	1	check	probable orthographic doublet of MW headword 'mUzikAdanta' (0.952)
maDUy	madhūy	pw	82597	5-018-b	0	64	0		1		1	1	pwg	0	0	variant-form-in-MW	1	check	
maDuSreRI	madhuśreṇī	pw	82551	5-017-c	0	98	0		1	maDuSreRi:1.000	6	6	pwg;shs;skd;vcp;wil;yat	1	1	variant-form-in-MW	13	add-check	vowel-length/case variant of MW headword 'maDuSreRi' (fold-twin - same lexeme or distinct word needs eyes)
maDunetar	madhunetar	pw	82392	5-015-c	0	48	0		0		1	1	pwg	0	0	confirmed-missing	2	check	
maDusy	madhusy	pw	82578	5-018-a	0	62	0		1	maDusya:0.923	1	1	pwg	0	0	variant-form-in-MW	1	check	false-friend near form 'maDusya' (0.923) - different word, omission stands
maDvasy	madhvasy	pw	82753	5-020-b	0	67	0		1	maDvasya:0.933	1	1	pwg	0	0	variant-form-in-MW	1	check	false-friend near form 'maDvasya' (0.933) - different word, omission stands
maKatrAtar	makhatrātar	pw	81435	5-002-a	0	104	0		0		1	1	pwg	0	0	confirmed-missing	3	check	
maNktar	maṅktar	pw	81491	5-002-c	0	53	0		0		1	1	pwg	0	0	confirmed-missing	2	check	
maRinda	maṇinda	pw	209233	6-305-a	1	131	0		0	maRIndra:0.933	1	1	sch	0	0	confirmed-missing	1	check	false-friend near form 'maRIndra' (0.933) - different word, omission stands
maRqUkamAtar	maṇḍūkamātar	pw	81910	5-008-c	0	225	0		0		1	1	pwg	0	0	confirmed-missing	3	check	
maTIn	mathīn	pw	82087	5-011-b	0	79	0		1	maTin:1.000	1	1	pwg	0	0	variant-form-in-MW	1	check	vowel-length/case variant of MW headword 'maTin' (fold-twin - same lexeme or distinct word needs eyes)
maYjuzA	mañjuṣā	pw	81680	5-005-b	0	66	0		0	maYjUzA:1.000	5	5	ap;bur;fri;pwg;skd	0	0	confirmed-missing	9	add-check	vowel-length/case variant of MW headword 'maYjUzA' (fold-twin - same lexeme or distinct word needs eyes)
madaka	madaka	pw	82101	5-012-b	0	67	0		0	mAdaka:1.000	0	0		0	0	confirmed-missing	-1	low-priority	vowel-length/case variant of MW headword 'mAdaka' (fold-twin - same lexeme or distinct word needs eyes)
madakawa	madakaṭa	pw	82102	5-012-b	0	82	0		0		2	2	pwg;vcp	0	0	confirmed-missing	5	add	
madanapAWaka	madanapāṭhaka	pw	82139	5-012-c	0	66	0		0		7	7	ben;lrv;pwg;shs;vcp;wil;yat	1	0	confirmed-missing	17	add	
madavfnda	madavṛnda	pw	82216	5-013-c	0	51	0		0		4	4	pwg;shs;wil;yat	0	0	confirmed-missing	8	add	
madrAy	madrāy	pw	82307	5-014-c	0	57	0		1	madrAya:0.923	1	1	pwg	0	0	variant-form-in-MW	0	check	false-friend near form 'madrAya' (0.923) - different word, omission stands
madrikAy	madrikāy	pw	82310	5-014-c	0	84	0		1	madrikAya:0.941	1	1	pwg	0	0	variant-form-in-MW	1	check	false-friend near form 'madrikAya' (0.941) - different word, omission stands
madvagIyi	madvagīyi	pw	82317.1	5-014-c	0	23	0		0		0	0		0	0	confirmed-missing	0	low-priority	
madvagya	madvagya	pw	82317.2	5-014-c	0	23	0		0	madvargya:0.941	0	0		0	0	confirmed-missing	-2	low-priority	false-friend near form 'madvargya' (0.941) - different word, omission stands
mady	mady	pw	82273	5-014-b	0	72	0		1		1	1	pwg	0	0	variant-form-in-MW	1	check	pratyayhara/short-form class (PWK lists grammatical elements MW does not headword)
magaDy	magadhy	pw	81464	5-002-b	0	67	0		1	magaDya:0.923	1	1	pwg	0	0	variant-form-in-MW	1	check	false-friend near form 'magaDya' (0.923) - different word, omission stands
mahAcitrapawala	mahācitrapaṭala	pw	84286	5-043-b	0	62	0		0	mahAcitrapAwala:1.000	0	0		0	0	confirmed-missing	-1	low-priority	vowel-length/case variant of MW headword 'mahAcitrapAwala' (fold-twin - same lexeme or distinct word needs eyes)
mahAdvaMdva	mahādvaṃdva	pw	84416	5-045-a	0	70	0		0		1	1	pwg	0	0	confirmed-missing	3	check	
mahAkarkaru	mahākarkaru	pw	215788.1	7-330-a	1	24	0		0	mahAkarkAru:1.000	1	1	sch	0	0	confirmed-missing	0	check	vowel-length/case variant of MW headword 'mahAkarkAru' (fold-twin - same lexeme or distinct word needs eyes)
mahAprItivegasaMBavamudrA	mahāprītivegasaṃbhavamudrā	pw	84623	5-047-b	0	111	0		0	mahAprItivegasamBavamudrA:1.000	1	1	pwg	0	0	confirmed-missing	1	check	vowel-length/case variant of MW headword 'mahAprItivegasamBavamudrA' (fold-twin - same lexeme or distinct word needs eyes)
mahAputrIy	mahāputrīy	pw	84569	5-046-c	0	74	0		1	mahAputrIya:0.952	1	1	pwg	0	0	variant-form-in-MW	1	check	probable orthographic doublet of MW headword 'mahAputrIya' (0.952)
mahAsaMmatIya	mahāsaṃmatīya	pw	85166	5-054-b	0	100	0		0	mahAsammatIya:1.000	1	1	pwg	0	0	confirmed-missing	1	check	vowel-length/case variant of MW headword 'mahAsammatIya' (fold-twin - same lexeme or distinct word needs eyes)
mahAsaMmata	mahāsaṃmata	pw	85165	5-054-b	0	71	0		0	mahAsammata:1.000	2	2	bhs;pwg	0	0	confirmed-missing	3	add-check	vowel-length/case variant of MW headword 'mahAsammata' (fold-twin - same lexeme or distinct word needs eyes)
mahAtiwiBi	mahātiṭibhi	pw	84349	5-044-a	0	77	0		1		0	0		0	0	variant-form-in-MW	-1	low-priority	
mahizAsuramajjotTa	mahiṣāsuramajjottha	pw	85329	5-056-b	0	85	0		0	mahizAsuramajjoTA:0.971	0	0		0	0	confirmed-missing	-1	low-priority	probable orthographic doublet of MW headword 'mahizAsuramajjoTA' (0.971)
mahizAsurasaMBava	mahiṣāsurasaṃbhava	pw	85331	5-056-b	0	91	0		0	mahizAsurasamBava:1.000	1	1	pwg	0	0	confirmed-missing	1	check	vowel-length/case variant of MW headword 'mahizAsurasamBava' (fold-twin - same lexeme or distinct word needs eyes)
mahizamaTanI	mahiṣamathanī	pw	85319	5-056-b	0	75	0		0		0	0		0	0	confirmed-missing	1	low-priority	
majjAra	majjāra	pw	81611	5-004-c	0	72	0		0	majjara:1.000	0	0		0	0	confirmed-missing	-1	low-priority	vowel-length/case variant of MW headword 'majjara' (fold-twin - same lexeme or distinct word needs eyes)
malahantar	malahantar	pw	83846	5-038-a	0	234	0		0		1	1	pwg	0	0	confirmed-missing	3	check	
manI	manī	pw	82855	5-022-c	0	67	0		1	mAnI:1.000	0	0		0	0	variant-form-in-MW	-1	low-priority	vowel-length/case variant of MW headword 'mAnI' (fold-twin - same lexeme or distinct word needs eyes); pratyayhara/short-form class (PWK lists grammatical elements MW does not headword)
manayitar	manayitar	pw	82789	5-021-c	0	115	0		0		0	0		0	0	confirmed-missing	1	low-priority	
mandodarITa	mandodarītha	pw	83362	5-030-a	0	73	0		0		0	0		0	0	confirmed-missing	1	low-priority	
mandray	mandray	pw	83371	5-030-a	0	54	0		1	mandraya:0.933	1	1	pwg	0	0	variant-form-in-MW	0	check	false-friend near form 'mandraya' (0.933) - different word, omission stands
mantUy	mantūy	pw	83062	5-025-c	0	139	0		1	mantUya:0.923	1	1	pwg	0	0	variant-form-in-MW	1	check	false-friend near form 'mantUya' (0.923) - different word, omission stands
mantraRArha	mantraṇārha	pw	83086	5-026-a	0	53	0		0	mantraRAha:0.952	0	0		0	0	confirmed-missing	-2	low-priority	probable orthographic doublet of MW headword 'mantraRAha' (0.952)
maqurakanTa	maḍurakantha	pw	81709	5-005-c	0	115	0		0		0	0		0	0	confirmed-missing	1	low-priority	
marata	marata	pw	83529	5-032-a	0	43	0		0	marakta:0.923	9	8	ben;bur;lrv;mw72;pwg;shs;vcp;wil;yat	0	0	confirmed-missing	16	add-check	false-friend near form 'marakta' (0.923) - different word, omission stands
martyendramAtar	martyendramātar	pw	83691	5-035-a	0	212	0		0		0	0		0	0	confirmed-missing	1	low-priority	
maruDvaja	marudhvaja	pw	83616	5-033-b	0	68	0		0	marudDvaja:0.947	0	0		0	0	confirmed-missing	-1	low-priority	false-friend near form 'marudDvaja' (0.947) - different word, omission stands
marusaMBava	marusaṃbhava	pw	83636	5-033-c	0	229	0		0	marusamBava:1.000	2	2	lrv;pwg	0	0	confirmed-missing	3	add-check	vowel-length/case variant of MW headword 'marusamBava' (fold-twin - same lexeme or distinct word needs eyes)
marutmant	marutmant	pw	83584	5-033-a	0	56	0		0	marutmat:0.941	1	1	pwg	0	0	confirmed-missing	0	check	false-friend near form 'marutmat' (0.941) - different word, omission stands
masAraka	masāraka	pw	84001.1	5-039-c	0	23	0		0		2	2	lrv;pwg	0	0	confirmed-missing	4	add	
matIyaMs	matīyaṃs	pw	81971	5-009-c	0	75	0		0		1	1	pwg	0	0	confirmed-missing	3	check	
mataka	mataka	pw	81919	5-008-c	0	50	0		0	maTaka:1.000	1	1	pwg	0	0	confirmed-missing	0	check	vowel-length/case variant of MW headword 'maTaka' (fold-twin - same lexeme or distinct word needs eyes)
matizWa	matiṣṭha	pw	81968	5-009-c	0	71	0		0		1	1	pwg	0	0	confirmed-missing	3	check	
mawAmawAy	maṭāmaṭāy	pw	81689	5-005-c	0	53	0		0	mawamawAya:0.947	1	1	pwg	0	0	confirmed-missing	0	check	false-friend near form 'mawamawAya' (0.947) - different word, omission stands
mazIDAnI	maṣīdhānī	pw	83986	5-039-c	0	52	0		0	mazIDanI:1.000	0	0		0	0	confirmed-missing	-2	low-priority	vowel-length/case variant of MW headword 'mazIDanI' (fold-twin - same lexeme or distinct word needs eyes)
mazpI	maṣpī	pw	82283.1	5-014-b	0	23	0		0		0	0		0	0	confirmed-missing	0	low-priority	
meDAy	medhāy	pw	88788	5-106-a	0	65	0		0		1	1	pwg	0	0	confirmed-missing	3	check	
meDIyaMs	medhīyaṃs	pw	88799.1	5-106-b	0	23	0		0	meDIyas:0.933	0	0		0	0	confirmed-missing	-2	low-priority	false-friend near form 'meDIyas' (0.933) - different word, omission stands
meGasaMBava	meghasaṃbhava	pw	88662	5-104-c	0	78	0		0	meGasamBava:1.000	2	2	bhs;pwg	0	0	confirmed-missing	3	add-check	vowel-length/case variant of MW headword 'meGasamBava' (fold-twin - same lexeme or distinct word needs eyes)
mekalakanyA	mekalakanyā	pw	88562.1	5-103-b	0	23	0		0		4	4	ap;armh;lrv;pwg	1	1	confirmed-missing	10	add	
meruSiKaraDarakamAraBata	meruśikharadharakamārabhata	pw	88851	5-106-c	0	96	0		0		0	0		0	0	confirmed-missing	1	low-priority	
merudu	merudu	pw	88833	5-106-c	0	73	0		0		2	1	mw72;pwg	0	0	confirmed-missing	5	add	
merukadambaka	merukadambaka	pw	208128	5-263-c	1	66	0		0		1	1	sch	0	0	confirmed-missing	3	check	
merususaMBava	merususaṃbhava	pw	88857	5-107-a	0	95	0		0	merususamBava:1.000	2	2	bhs;pwg	0	0	confirmed-missing	3	add-check	vowel-length/case variant of MW headword 'merususamBava' (fold-twin - same lexeme or distinct word needs eyes)
mezAhvaya	meṣāhvaya	pw	88895	5-107-b	0	87	0		1	mezAhvayA:1.000	1	1	pwg	1	0	variant-form-in-MW	3	check	vowel-length/case variant of MW headword 'mezAhvayA' (fold-twin - same lexeme or distinct word needs eyes)
mezavizARikA	meṣaviṣāṇikā	pw	88882	5-107-b	0	70	0		0	mezavizaRikA:1.000	5	5	pwg;shs;skd;wil;yat	0	0	confirmed-missing	9	add-check	vowel-length/case variant of MW headword 'mezavizaRikA' (fold-twin - same lexeme or distinct word needs eyes)
mfdaNgaPalinI	mṛdaṅgaphalinī	pw	88442	5-102-a	0	111	0		0	mfdaMgaPalinI:0.923	4	4	ap;pwg;skd;vcp	1	1	confirmed-missing	9	add-check	false-friend near form 'mfdaMgaPalinI' (0.923) - different word, omission stands
mfduromavant	mṛduromavant	pw	88492	5-102-c	0	50	0		0	mfduromavat:0.957	1	1	pwg	0	0	confirmed-missing	0	check	probable orthographic doublet of MW headword 'mfduromavat' (0.957)
mfqaNkaRa	mṛḍaṅkaṇa	pw	88283	5-100-a	0	54	0		0		7	6	ben;bur;mw72;pwg;shs;wil;yat	0	0	confirmed-missing	14	add	
mftasvamoktar	mṛtasvamoktar	pw	88350	5-100-c	0	83	0		0		1	1	pwg	0	0	confirmed-missing	3	check	
mfzArTakA	mṛṣārthakā	pw	88538.1	5-103-a	0	23	0		1	mfzArTaka:1.000	0	0		0	0	variant-form-in-MW	-2	low-priority	vowel-length/case variant of MW headword 'mfzArTaka' (fold-twin - same lexeme or distinct word needs eyes)
miTunAy	mithunāy	pw	86902	5-079-a	0	66	0		1	miTunAya:0.933	1	1	pwg	0	0	variant-form-in-MW	1	check	false-friend near form 'miTunAya' (0.933) - different word, omission stands
mits	mits	pw	86887	5-078-c	0	88	0		0		0	0		0	0	confirmed-missing	-1	low-priority	pratyayhara/short-form class (PWK lists grammatical elements MW does not headword)
mlAnIya	mlānīya	pw	89289	5-113-b	0	80	0		0		0	0		0	0	confirmed-missing	1	low-priority	
mocastrAva	mocastrāva	pw	89051.2	5-109-c	0	23	0		0	mocasrAva:0.947	0	0		0	0	confirmed-missing	-2	low-priority	false-friend near form 'mocasrAva' (0.947) - different word, omission stands
mocastrut	mocastrut	pw	89051.3	5-109-c	0	23	0		0	mocasrut:0.941	0	0		0	0	confirmed-missing	-2	low-priority	false-friend near form 'mocasrut' (0.941) - different word, omission stands
modayantikA	modayantikā	pw	89081	5-110-a	0	205	0		0		3	2	ap;mw72;pwg	0	0	confirmed-missing	7	add	
mozwar	moṣṭar	pw	89106	5-110-b	0	56	0		0		1	1	pwg	0	0	confirmed-missing	2	check	
muKI	mukhī	pw	87381	5-086-a	0	46	0		1		0	0		1	1	variant-form-in-MW	0	low-priority	pratyayhara/short-form class (PWK lists grammatical elements MW does not headword)
muKaMpaca	mukhaṃpaca	pw	87315	5-085-a	0	50	0		0	muKampaca:1.000	2	2	lrv;pwg	0	0	confirmed-missing	2	add-check	vowel-length/case variant of MW headword 'muKampaca' (fold-twin - same lexeme or distinct word needs eyes)
muKasaMBava	mukhasaṃbhava	pw	87355	5-085-c	0	57	0		0	muKasamBava:1.000	2	2	lrv;pwg	0	0	confirmed-missing	2	add-check	vowel-length/case variant of MW headword 'muKasamBava' (fold-twin - same lexeme or distinct word needs eyes)
muRqarikA	muṇḍarikā	pw	87494	5-089-a	0	70	0		0		1	1	pwg	0	0	confirmed-missing	3	check	
muRqinikA	muṇḍinikā	pw	87506	5-089-a	0	90	0		0		1	1	pwg	0	0	confirmed-missing	3	check	
muYjanaka	muñjanaka	pw	87452	5-088-b	0	204	0		0		0	0		1	0	confirmed-missing	3	low-priority	
mudgavant	mudgavant	pw	87550	5-089-c	0	71	0		0	mudgavat:0.941	1	1	pwg	0	0	confirmed-missing	1	check	false-friend near form 'mudgavat' (0.941) - different word, omission stands
mukayI	mukayī	pw	87129.1	5-082-c	0	23	0		1		0	0		0	0	variant-form-in-MW	-2	low-priority	
muktAmAtar	muktāmātar	pw	87220	5-084-a	0	80	0		0		1	1	pwg	0	0	confirmed-missing	3	check	
murmurIy	murmurīy	pw	87682	5-091-b	0	69	0		1	murmurIya:0.941	1	1	pwg	0	0	variant-form-in-MW	1	check	false-friend near form 'murmurIya' (0.941) - different word, omission stands
murucikA	murucikā	pw	220552	7-368-d	1	80	1	273,47	0		2	2	bhs;sch	0	0	confirmed-missing	7	add	
musuntikA	musuntikā	pw	220555	7-368-d	1	82	1	245,667	0		1	1	sch	0	0	confirmed-missing	5	check	
nABikUpikA	nābhikūpikā	pw	57851	3-195-b	0	80	0		0	nABikupikA:1.000	1	1	ap	0	0	confirmed-missing	1	check	vowel-length/case variant of MW headword 'nABikupikA' (fold-twin - same lexeme or distinct word needs eyes)
nAciketu	nāciketu	pw	57562	3-191-c	0	69	0		1		5	5	bur;inm;shs;wil;yat	0	0	variant-form-in-MW	9	add-check	
nAgakumArikA	nāgakumārikā	pw	57370	3-189-b	0	118	0		0		2	2	skd;vcp	1	1	confirmed-missing	7	add	
nAgasaMBava	nāgasaṃbhava	pw	57503	3-191-a	0	51	0		0	nAgasamBava:1.000	2	2	lrv;pwg	0	1	confirmed-missing	2	add-check	vowel-length/case variant of MW headword 'nAgasamBava' (fold-twin - same lexeme or distinct word needs eyes)
nAgavIwa	nāgavīṭa	pw	57495	3-191-a	0	57	0		0		7	6	lrv;mw72;pwg;shs;vcp;wil;yat	0	0	confirmed-missing	14	add	
nAgavallikA	nāgavallikā	pw	57491	3-191-a	0	67	0		0		5	5	pwg;shs;skd;wil;yat	1	1	confirmed-missing	13	add	
nAkapfzWa	nākapṛṣṭha	pw	57341	3-189-a	0	109	0		0		3	3	cae;ccs;pwg	0	0	confirmed-missing	7	add	
nAlARqA	nālāṇḍā	pw	58068	3-198-b	0	50	0		0		0	0		0	0	confirmed-missing	0	low-priority	
nAnta	nānta	pw	57807	3-194-c	0	33	0		0		3	2	ap;mw72;pwg	1	0	confirmed-missing	8	add	
nApinaBARqa	nāpinabhāṇḍa	pw	218655	7-352-b	1	98	1	273,99	0		0	0		0	0	confirmed-missing	3	low-priority	
nArAla	nārāla	pw	58017	3-197-c	0	102	0		0		0	0		0	0	confirmed-missing	1	low-priority	
nArakIya	nārakīya	pw	57958	3-196-c	0	56	0		0		6	5	ap;ap90;bhs;lrv;mw72;pwg	1	0	confirmed-missing	14	add	
nArikelI	nārikelī	pw	58027.1	3-197-c	0	23	0		1	nArIkelI:1.000	2	2	lrv;sch	0	0	variant-form-in-MW	2	add-check	vowel-length/case variant of MW headword 'nArIkelI' (fold-twin - same lexeme or distinct word needs eyes)
nArikeli	nārikeli	pw	58027	3-197-c	0	65	0		1	nArIkelI:1.000	1	1	lrv	0	0	variant-form-in-MW	1	check	vowel-length/case variant of MW headword 'nArIkelI' (fold-twin - same lexeme or distinct word needs eyes)
nArnamani	nārnamani	pw	58051	3-198-a	0	72	0		1		1	1	pwg	0	0	variant-form-in-MW	1	check	
nAsikyaka	nāsikyaka	pw	58163	3-199-b	0	47	0		0		5	4	mw72;pwg;shs;wil;yat	0	0	confirmed-missing	10	add	
nAsotTa	nāsottha	pw	58166	3-199-b	0	58	0		0	nasotTa:1.000	0	0		0	0	confirmed-missing	-2	low-priority	vowel-length/case variant of MW headword 'nasotTa' (fold-twin - same lexeme or distinct word needs eyes)
nESnya	naiśnya	pw	61319	3-243-b	0	70	0		0		1	1	pwg	0	0	confirmed-missing	3	check	
nEruktika	nairuktika	pw	61271	3-242-c	0	55	0		0		3	2	mw72;pwg;vcp	0	0	confirmed-missing	6	add	
nEvaSEkzASEkza	naivaśaikṣāśaikṣa	pw	218931	7-354-c	1	186	1	95,10	0		1	1	sch	0	0	confirmed-missing	5	check	
nEzpeSikatva	naiṣpeśikatva	pw	61352	3-243-c	0	85	0		0		1	1	pwg	0	0	confirmed-missing	3	check	
nEzya	naiṣya	pw	61356	3-243-c	0	73	0		0		0	0		0	0	confirmed-missing	1	low-priority	
nIcy	nīcy	pw	60538	3-233-b	0	92	0		1		1	1	pwg	0	1	variant-form-in-MW	1	check	pratyayhara/short-form class (PWK lists grammatical elements MW does not headword)
nIhArAy	nīhārāy	pw	60821	3-237-a	0	56	0		1	nIhArAya:0.933	1	1	pwg	0	0	variant-form-in-MW	0	check	false-friend near form 'nIhArAya' (0.933) - different word, omission stands
nIlAparAjitA	nīlāparājitā	pw	60761.1	3-236-b	0	23	0		0		2	2	pwg;skd	0	0	confirmed-missing	4	add	
nIlAruRa	nīlāruṇa	pw	60771	3-236-b	0	82	0		0		2	2	lrv;pwg	0	0	confirmed-missing	5	add	
nIlakaRWaka	nīlakaṇṭhaka	pw	60631	3-235-a	0	76	0		0	nIlakaRWAkza:0.957	0	0		1	0	confirmed-missing	1	low-priority	probable orthographic doublet of MW headword 'nIlakaRWAkza' (0.957)
nIlasinduka	nīlasinduka	pw	60748	3-236-b	0	203	0		0	nIlasinDuka:1.000	0	0		1	0	confirmed-missing	1	low-priority	vowel-length/case variant of MW headword 'nIlasinDuka' (fold-twin - same lexeme or distinct word needs eyes)
naMzwar	naṃṣṭar	pw	56121	3-172-a	0	66	0		0		1	1	pwg	0	0	confirmed-missing	3	check	
naSitar	naśitar	pw	57254	3-187-b	0	79	0		0	nASita:0.923	1	1	pwg	0	0	confirmed-missing	1	check	false-friend near form 'nASita' (0.923) - different word, omission stands
nacyuta	nacyuta	pw	56375	3-174-c	0	35	0		0	nayuta:0.923	3	2	mw72;pwg;vcp	0	0	confirmed-missing	4	add-check	false-friend near form 'nayuta' (0.923) - different word, omission stands
nadIkukuwwikA	nadīkukuṭṭikā	pw	56465	3-176-a	0	56	0		0		0	0		0	0	confirmed-missing	0	low-priority	
nagaraDanasaMDArAma	nagaradhanasaṃdhārāma	pw	56307.1	3-174-a	0	23	0		0	nagaraDanasaMGArAma:0.947	0	0		0	0	confirmed-missing	-2	low-priority	false-friend near form 'nagaraDanasaMGArAma' (0.947) - different word, omission stands
nagaraGAtaka	nagaraghātaka	pw	56303	3-174-a	0	67	0		0		0	0		0	0	confirmed-missing	1	low-priority	
nagnaMBavizRu	nagnaṃbhaviṣṇu	pw	56359	3-174-b	0	64	0		0	nagnamBavizRu:1.000	4	4	ap;ap90;lrv;pwg	0	0	confirmed-missing	7	add-check	vowel-length/case variant of MW headword 'nagnamBavizRu' (fold-twin - same lexeme or distinct word needs eyes)
nakrarAja	nakrarāja	pw	56180.1	3-172-c	0	23	0		1	nakrarAj:0.941	2	2	pwg;vcp	0	0	variant-form-in-MW	2	add-check	false-friend near form 'nakrarAj' (0.941) - different word, omission stands
nakulAQyA	nakulāḍhyā	pw	204927	3-264-c	1	122	0		0		4	4	pwg;sch;skd;vcp	1	1	confirmed-missing	11	add	
nalya	nalya	pw	57060	3-185-a	0	49	0		0	nAlya:1.000	2	2	pwg;vcp	0	0	confirmed-missing	2	add-check	vowel-length/case variant of MW headword 'nAlya' (fold-twin - same lexeme or distinct word needs eyes)
nanandar	nanandar	pw	56509.1	3-176-b	0	23	0		0		1	1	pwg	0	0	confirmed-missing	2	check	
nandy	nandy	pw	56618	3-178-b	0	52	0		0		1	1	pwg	0	0	confirmed-missing	2	check	
naqvant	naḍvant	pw	56425	3-175-a	0	65	0		0	naqvat:0.923	1	1	pwg	0	0	confirmed-missing	1	check	false-friend near form 'naqvat' (0.923) - different word, omission stands
nar	nar	pw	56816	3-181-c	0	56	0		1	nAr:1.000	4	4	ccs;fri;gra;pwg	0	1	variant-form-in-MW	6	add-check	vowel-length/case variant of MW headword 'nAr' (fold-twin - same lexeme or distinct word needs eyes); pratyayhara/short-form class (PWK lists grammatical elements MW does not headword)
narAli	narāli	pw	56932	3-183-a	0	69	0		0		0	0		0	0	confirmed-missing	1	low-priority	
naraMmanya	naraṃmanya	pw	56879	3-182-b	0	130	0		0	narammanya:1.000	2	2	pwg;sch	0	0	confirmed-missing	3	add-check	vowel-length/case variant of MW headword 'narammanya' (fold-twin - same lexeme or distinct word needs eyes)
narakavartman	narakavartman	pw	218584	7-351-d	1	102	0		0		1	1	sch	0	0	confirmed-missing	3	check	
narmAlI	narmālī	pw	207534	5-257-b	1	74	0		0		1	1	sch	0	0	confirmed-missing	3	check	
nasatta	nasatta	pw	57301	3-188-a	0	51	0		0		2	2	pwg;vcp	1	1	confirmed-missing	6	add	
navAlAbu	navālābu	pw	204935	3-264-c	1	127	0		0		1	1	sch	0	0	confirmed-missing	3	check	
navaPalA	navaphalā	pw	57143	3-185-c	0	70	0		0		0	0		0	0	confirmed-missing	1	low-priority	
navaraNgaka	navaraṅgaka	pw	57161	3-186-a	0	60	0		0		0	0		0	0	confirmed-missing	0	low-priority	
nawAnDikA	naṭāndhikā	pw	56397.1	3-175-a	0	23	0		0		0	0		0	0	confirmed-missing	0	low-priority	
nfkuwI	nṛkuṭī	pw	60853	3-238-a	0	77	0		0		0	0		0	0	confirmed-missing	1	low-priority	
nfmant	nṛmant	pw	60959	3-239-a	0	64	0		0		1	1	pwg	0	0	confirmed-missing	3	check	
nfpativallaBa	nṛpativallabha	pw	60901	3-238-b	0	126	0		0		2	2	pwg;vcp	0	0	confirmed-missing	5	add	
niHSrayiRI	niḥśrayiṇī	pw	60010.1	3-224-c	0	23	0		0		3	3	ap;ap90;skd	0	0	confirmed-missing	6	add	
niHsaraDArA	niḥsaradhārā	pw	218866	7-354-a	1	97	1	195,25	0		1	1	sch	0	0	confirmed-missing	5	check	
niHsaraRIya	niḥsaraṇīya	pw	218865	7-354-a	1	117	1	82,1	0		2	2	bhs;sch	0	0	confirmed-missing	7	add	
niHzAman	niḥṣāman	pw	60323	3-228-c	0	50	0		1		2	2	pwg;vcp	0	0	variant-form-in-MW	2	add-check	
niHzamam	niḥṣamam	pw	60321	3-228-c	0	54	0		0	niHzAmam:1.000	5	4	bur;mw72;shs;wil;yat	0	0	confirmed-missing	8	add-check	vowel-length/case variant of MW headword 'niHzAmam' (fold-twin - same lexeme or distinct word needs eyes)
niSAdAru	niśādāru	pw	59873	3-223-a	0	70	0		0		1	1	sch	0	0	confirmed-missing	3	check	
niScikIrzA	niścikīrṣā	pw	218814	7-353-c	1	134	1	127,15	0		2	2	bhs;sch	0	0	confirmed-missing	7	add	
niScuNkawa	niścuṅkaṭa	pw	59953.2	3-224-a	0	23	0		0		0	0		0	0	confirmed-missing	0	low-priority	
niScukvaRa	niścukvaṇa	pw	59953.1	3-224-a	0	23	0		0		1	1	shs	0	0	confirmed-missing	2	check	
nibodDar	niboddhar	pw	58690	3-206-c	0	81	0		0		0	0		0	0	confirmed-missing	1	low-priority	
nicudAra	nicudāra	pw	58393	3-202-b	0	93	0		0		1	1	pwg	0	0	confirmed-missing	3	check	
nidezaruc	nideṣaruc	pw	58755.1	3-207-b	0	23	0		0		0	0		0	0	confirmed-missing	0	low-priority	
nigarhaRIya	nigarhaṇīya	pw	218693	7-352-c	1	139	1	265,5	0		2	2	bhs;sch	0	0	confirmed-missing	7	add	
nijimant	nijimant	pw	58420	3-202-c	0	52	0		0	nijimat:0.933	0	0		0	0	confirmed-missing	-2	low-priority	false-friend near form 'nijimat' (0.933) - different word, omission stands
nikAlya	nikālya	pw	58228	3-200-b	0	65	0		0	nikAya:0.923	2	2	pwg;vcp	0	0	confirmed-missing	3	add-check	false-friend near form 'nikAya' (0.923) - different word, omission stands
nikoWaka	nikoṭhaka	pw	58267	3-200-c	0	52	0		0		3	2	mw72;pwg;vcp	0	0	confirmed-missing	6	add	
nikvARa	nikvāṇa	pw	58273.1	3-200-c	0	23	0		0	nikvaRa:1.000	5	5	lrv;pwg;sch;stc;vcp	1	0	confirmed-missing	10	add-check	vowel-length/case variant of MW headword 'nikvaRa' (fold-twin - same lexeme or distinct word needs eyes)
nilopam	nilopam	pw	207595	5-258-a	1	146	0		0		1	1	sch	0	0	confirmed-missing	3	check	
nimbaka	nimbaka	pw	58765.1	3-207-c	0	23	0		0	nimbArka:0.933	1	1	pwg	1	1	confirmed-missing	2	check	false-friend near form 'nimbArka' (0.933) - different word, omission stands
nirDAway	nirdhāṭay	pw	59359	3-216-a	0	75	0		1	nirDAwaya:0.941	0	0		0	0	variant-form-in-MW	-1	low-priority	false-friend near form 'nirDAwaya' (0.941) - different word, omission stands
niraMSuka	niraṃśuka	pw	58849	3-208-c	0	57	0		0		1	1	pwg	0	0	confirmed-missing	2	check	
niraMSula	niraṃśula	pw	58849.1	3-208-c	0	23	0		0		0	0		0	0	confirmed-missing	0	low-priority	
nirakzin	nirakṣin	pw	58852	3-208-c	0	63	0		0		1	1	pwg	0	0	confirmed-missing	3	check	
nirasa	nirasa	pw	58968	3-210-b	0	135	0		0	nIrasa:1.000	9	8	ap;ap90;lrv;mw72;pwg;shs;vcp;wil;yat	0	0	confirmed-missing	17	add-check	vowel-length/case variant of MW headword 'nIrasa' (fold-twin - same lexeme or distinct word needs eyes)
nirbusI	nirbusī	pw	59398	3-216-b	0	64	0		1		0	0		0	0	variant-form-in-MW	-1	low-priority	
nirdigDikA	nirdigdhikā	pw	59335.1	3-215-c	0	23	0		0	nidigDikA:0.947	3	2	mw72;pwg;vcp	0	0	confirmed-missing	4	add-check	false-friend near form 'nidigDikA' (0.947) - different word, omission stands
nirgaRqA	nirgaṇḍā	pw	59212	3-214-a	0	115	0		0		0	0		0	0	confirmed-missing	1	low-priority	
nirganDana	nirgandhana	pw	59215	3-214-a	0	60	0		0		7	6	bur;mw72;pwg;shs;vcp;wil;yat	0	0	confirmed-missing	14	add	
nirgrahasTAna	nirgrahasthāna	pw	218756	7-353-a	1	111	1	200,18	0	nigrahasTAna:0.960	1	1	sch	0	0	confirmed-missing	3	check	probable orthographic doublet of MW headword 'nigrahasTAna' (0.960)
niriNgitI	niriṅgitī	pw	59093	3-212-b	0	78	0		0		0	0		0	0	confirmed-missing	1	low-priority	
nirjaras	nirjaras	pw	59265	3-214-c	0	88	0		1	nirjara:0.933	2	1	mw72;pwg	1	0	variant-form-in-MW	5	add-check	false-friend near form 'nirjara' (0.933) - different word, omission stands
nirlUyanI	nirlūyanī	pw	59548	3-218-b	0	68	0		0		0	0		0	0	confirmed-missing	1	low-priority	
nirvaha	nirvaha	pw	59582	3-218-c	0	47	0		1	nirvAha:1.000	1	1	pwg	0	0	variant-form-in-MW	0	check	vowel-length/case variant of MW headword 'nirvAha' (fold-twin - same lexeme or distinct word needs eyes)
nirvikalpana	nirvikalpana	pw	59632	3-219-b	0	60	0		0		1	1	pwg	0	0	confirmed-missing	2	check	
nirvivAdI	nirvivādī	pw	59651	3-219-c	0	66	0		1		0	0		0	0	variant-form-in-MW	-1	low-priority	
nisaMpAta	nisaṃpāta	pw	60335	3-229-a	0	65	0		0	nisampAta:1.000	4	4	ap;ap90;lrv;pwg	0	0	confirmed-missing	7	add-check	vowel-length/case variant of MW headword 'nisampAta' (fold-twin - same lexeme or distinct word needs eyes)
nisusUs	nisusūs	pw	60343	3-229-a	0	80	0		0		1	1	pwg	0	0	confirmed-missing	3	check	
nitAntAvfkzIya	nitāntāvṛkṣīya	pw	58445.1	3-203-a	0	23	0		0	nitAntavfkzIya:1.000	1	1	pwg	0	0	confirmed-missing	0	check	vowel-length/case variant of MW headword 'nitAntavfkzIya' (fold-twin - same lexeme or distinct word needs eyes)
nivAsaka	nivāsaka	pw	59796	3-221-c	0	54	0		0		1	1	pwg	1	0	confirmed-missing	4	check	
nivAtaka	nivātaka	pw	59778	3-221-c	0	54	0		0	nivartaka:0.941	1	1	pwg	0	0	confirmed-missing	0	check	false-friend near form 'nivartaka' (0.941) - different word, omission stands
niyAga	niyāga	pw	58812	3-208-b	0	79	0		0		0	0		0	0	confirmed-missing	1	low-priority	
niyodDar	niyoddhar	pw	58844	3-208-c	0	123	0		0		1	1	pwg	0	0	confirmed-missing	3	check	
nizAdakarzU	niṣādakarṣū	pw	60045	3-225-a	0	55	0		1	nizAdakarzu:1.000	1	1	vcp	0	0	variant-form-in-MW	0	check	vowel-length/case variant of MW headword 'nizAdakarzu' (fold-twin - same lexeme or distinct word needs eyes)
nizWuti	niṣṭhuti	pw	60198.1	3-227-b	0	23	0		0	nizWUti:1.000	0	0		0	0	confirmed-missing	-2	low-priority	vowel-length/case variant of MW headword 'nizWUti' (fold-twin - same lexeme or distinct word needs eyes)
nizkay	niṣkay	pw	60086	3-225-c	0	48	0		0		0	0		0	0	confirmed-missing	0	low-priority	
nizpandana	niṣpandana	pw	60226	3-227-c	0	67	0		0	nizpAdana:0.947	1	1	pwg	0	0	confirmed-missing	1	check	false-friend near form 'nizpAdana' (0.947) - different word, omission stands
nizpravaRa	niṣpravaṇa	pw	60306.1	3-228-c	0	23	0		1	nizpravARa:1.000	0	0		0	0	variant-form-in-MW	-2	low-priority	vowel-length/case variant of MW headword 'nizpravARa' (fold-twin - same lexeme or distinct word needs eyes)
nyAyadvAratArakaSAstra	nyāyadvāratārakaśāstra	pw	61465.5	3-245-b	0	23	0		0		1	1	pwg	0	0	confirmed-missing	2	check	
nyakArukA	nyakārukā	pw	61410	3-244-b	0	68	0		0		3	3	pwg;skd;vcp	0	0	confirmed-missing	7	add	
nyubjaKaNga	nyubjakhaṅga	pw	61518	3-246-a	0	62	0		0		0	0		0	0	confirmed-missing	1	low-priority	
oGopakaraRa	oghopakaraṇa	pw	206967	5-251-a	1	118	0		0		1	1	sch	0	0	confirmed-missing	3	check	
oMkArIy	oṃkārīy	pw	22627	1-276-c	0	65	0		1	oMkArIya:0.933	1	1	pwg	0	0	variant-form-in-MW	1	check	false-friend near form 'oMkArIya' (0.933) - different word, omission stands
oQIy	oḍhīy	pw	22657	1-277-a	0	59	0		0		0	0		0	0	confirmed-missing	-2	low-priority	pratyayhara/short-form class (PWK lists grammatical elements MW does not headword)
ojApratyAhAriRI	ojāpratyāhāriṇī	pw	215544	7-328-b	1	173	1	197	0		1	1	sch	0	0	confirmed-missing	5	check	
ojasy	ojasy	pw	22634	1-276-c	0	62	0		1		1	1	pwg	0	1	variant-form-in-MW	1	check	
olla	olla	pw	22700	1-277-b	0	63	0		0		5	5	ap;ap90;lrv;pwg;vcp	0	0	confirmed-missing	9	add-check	pratyayhara/short-form class (PWK lists grammatical elements MW does not headword)
oqI	oḍī	pw	22651.1	1-277-a	0	23	0		1		7	7	ap;ap90;shs;skd;vcp;wil;yat	0	0	variant-form-in-MW	12	add-check	pratyayhara/short-form class (PWK lists grammatical elements MW does not headword)
oqaka	oḍaka	pw	22648	1-277-a	0	46	0		0		6	5	ap;ap90;mw72;shs;wil;yat	0	0	confirmed-missing	12	add	
oqrakAKyA	oḍrakākhyā	pw	22654	1-277-a	0	99	0		0		0	0		0	0	confirmed-missing	1	low-priority	
ozWapuzpa	oṣṭhapuṣpa	pw	22733	1-277-c	0	97	0		0		2	2	pwg;vcp	1	0	confirmed-missing	7	add	
pAMsukAsIsa	pāṃsukāsīsa	pw	65322	4-060-c	0	79	0		0	pAMsukasIsa:1.000	3	3	lrv;pwg;vcp	0	0	confirmed-missing	5	add-check	vowel-length/case variant of MW headword 'pAMsukasIsa' (fold-twin - same lexeme or distinct word needs eyes)
pAMsusaMcAra	pāṃsusaṃcāra	pw	207733	5-259-c	1	87	0		0		1	1	sch	0	0	confirmed-missing	3	check	
pARigfhItA	pāṇigṛhītā	pw	65561	4-063-c	0	67	0		1	pARigfhIta:1.000	1	1	sch	1	0	variant-form-in-MW	3	check	vowel-length/case variant of MW headword 'pARigfhIta' (fold-twin - same lexeme or distinct word needs eyes)
pARigfhItI	pāṇigṛhītī	pw	65561.1	4-063-c	0	23	0		1	parigfhIti:1.000	7	7	ap;lrv;shs;skd;vcp;wil;yat	0	1	variant-form-in-MW	12	add-check	vowel-length/case variant of MW headword 'parigfhIti' (fold-twin - same lexeme or distinct word needs eyes)
pARqAra	pāṇḍāra	pw	65640	4-064-c	0	62	0		0	pARqara:1.000	2	2	pwg;vcp	0	0	confirmed-missing	3	add-check	vowel-length/case variant of MW headword 'pARqara' (fold-twin - same lexeme or distinct word needs eyes)
pARqaraka	pāṇḍaraka	pw	65620	4-064-b	0	76	0		0	paRqraka:0.941	2	1	mw72;pwg	0	0	confirmed-missing	3	add-check	false-friend near form 'paRqraka' (0.941) - different word, omission stands
pARqavikA	pāṇḍavikā	pw	65637	4-064-c	0	83	0		1	pARqavika:1.000	0	0		1	1	variant-form-in-MW	1	low-priority	vowel-length/case variant of MW headword 'pARqavika' (fold-twin - same lexeme or distinct word needs eyes)
pAScAtyAkarasaMBava	pāścātyākarasaṃbhava	pw	66665	4-078-c	0	66	0		0	pAScAtyAkarasamBava:1.000	0	0		0	0	confirmed-missing	-1	low-priority	vowel-length/case variant of MW headword 'pAScAtyAkarasamBava' (fold-twin - same lexeme or distinct word needs eyes)
pAWIkuwa	pāṭhīkuṭa	pw	65544	4-063-c	0	71	0		0		2	2	pwg;vcp	0	0	confirmed-missing	5	add	
pAWaBU	pāṭhabhū	pw	65535	4-063-b	0	93	0		0		5	5	pwg;shs;vcp;wil;yat	0	0	confirmed-missing	11	add	
pAYcalikA	pāñcalikā	pw	65467	4-062-b	0	64	0		0	pAYcAlikA:1.000	7	7	bur;pwg;shs;skd;stc;wil;yat	0	0	confirmed-missing	13	add-check	vowel-length/case variant of MW headword 'pAYcAlikA' (fold-twin - same lexeme or distinct word needs eyes)
pAcayitar	pācayitar	pw	65428	4-062-a	0	87	0		0		1	1	pwg	0	0	confirmed-missing	3	check	
pAdavalmIka	pādavalmīka	pw	65895	4-068-b	0	80	0		0	padavalmIka:1.000	6	6	armh;pwg;shs;vcp;wil;yat	1	0	confirmed-missing	13	add-check	vowel-length/case variant of MW headword 'padavalmIka' (fold-twin - same lexeme or distinct word needs eyes)
pAday	pāday	pw	65881	4-068-a	0	54	0		1		1	1	pwg	1	0	variant-form-in-MW	2	check	
pAjipakzin	pājipakṣin	pw	207735	5-259-c	1	99	0		0	prAjipakzin:0.952	1	1	sch	0	0	confirmed-missing	1	check	probable orthographic doublet of MW headword 'prAjipakzin' (0.952)
pAkAyana	pākāyana	pw	65395	4-061-b	0	52	0		0		1	1	pwg	0	0	confirmed-missing	2	check	
pAlASaka	pālāśaka	pw	66568	4-077-b	0	54	0		0	pAlaSaka:1.000	1	1	pwg	0	0	confirmed-missing	0	check	vowel-length/case variant of MW headword 'pAlaSaka' (fold-twin - same lexeme or distinct word needs eyes)
pAlIza	pālīṣa	pw	205889	4-302-a	1	61	0		0		1	1	sch	0	0	confirmed-missing	3	check	
pAmavant	pāmavant	pw	66140	4-071-a	0	51	0		0	pAmavat:0.933	1	1	pwg	0	0	confirmed-missing	0	check	false-friend near form 'pAmavat' (0.933) - different word, omission stands
pApASaya	pāpāśaya	pw	66124	4-071-a	0	65	0		0	pApASya:0.933	6	6	ap;lrv;pwg;shs;wil;yat	0	0	confirmed-missing	11	add-check	false-friend near form 'pApASya' (0.933) - different word, omission stands
pApAy	pāpāy	pw	66122	4-070-c	0	64	0		1		1	1	pwg	0	0	variant-form-in-MW	1	check	
pApakfty	pāpakṛty	pw	66045	4-070-a	0	71	0		1	pApakftyA:0.941	1	1	pwg	0	0	variant-form-in-MW	1	check	false-friend near form 'pApakftyA' (0.941) - different word, omission stands
pArAvatANGri	pārāvatāṅghri	pw	66283	4-073-a	0	82	0		0		3	3	pwg;shs;vcp	1	0	confirmed-missing	9	add	
pArdAvant	pārdāvant	pw	66440	4-075-a	0	86	0		0	pArdAvat:0.941	0	0		0	0	confirmed-missing	-1	low-priority	false-friend near form 'pArdAvat' (0.941) - different word, omission stands
pArevaqabA	pārevaḍabā	pw	66400	4-074-c	0	59	0		0		0	0		0	0	confirmed-missing	0	low-priority	
pAripAtraka	pāripātraka	pw	66332.1	4-073-c	0	23	0		0		5	4	mw72;pwg;shs;wil;yat	0	0	confirmed-missing	10	add	
pAriyAtraka	pāriyātraka	pw	66354	4-074-a	0	59	0		0		3	2	mw72;pui;pwg	1	1	confirmed-missing	8	add	
pAtI	pātī	pw	219290	7-357-d	1	121	1	197,115	1	pAti:1.000	1	1	sch	0	1	variant-form-in-MW	3	check	vowel-length/case variant of MW headword 'pAti' (fold-twin - same lexeme or distinct word needs eyes); pratyayhara/short-form class (PWK lists grammatical elements MW does not headword)
pAtar	pātar	pw	65719	4-066-a	0	68	0		0		2	2	ccs;pwg	0	0	confirmed-missing	5	add	
pAtrAvalehakam	pātrāvalehakam	pw	219294	7-357-d	1	111	1	263,65	0	pAtrAvaleham:0.923	1	1	sch	0	0	confirmed-missing	3	check	false-friend near form 'pAtrAvaleham' (0.923) - different word, omission stands
pAwUpawA	pāṭūpaṭā	pw	65523.1	4-063-b	0	23	0		1	pAwUpawa:1.000	0	0		0	0	variant-form-in-MW	-2	low-priority	vowel-length/case variant of MW headword 'pAwUpawa' (fold-twin - same lexeme or distinct word needs eyes)
pAwupawa	pāṭupaṭa	pw	65523	4-063-b	0	69	0		0	pAwUpawa:1.000	3	3	pwg;vcp;yat	0	0	confirmed-missing	5	add-check	vowel-length/case variant of MW headword 'pAwUpawa' (fold-twin - same lexeme or distinct word needs eyes)
pENgalOdayani	paiṅgalaudayani	pw	69795	4-121-c	0	58	0		0	pENgalOdAyani:1.000	0	0		0	0	confirmed-missing	-2	low-priority	vowel-length/case variant of MW headword 'pENgalOdAyani' (fold-twin - same lexeme or distinct word needs eyes)
pElottika	pailottika	pw	219522	7-359-d	1	126	1	281,242	0		2	2	bhs;sch	0	0	confirmed-missing	7	add	
pEppalIkacCaka	paippalīkacchaka	pw	69863	4-122-b	0	73	0		0	pEppalIkacCapa:0.929	0	0		0	0	confirmed-missing	-1	low-priority	false-friend near form 'pEppalIkacCapa' (0.929) - different word, omission stands
pIlusAragiri	pīlusāragiri	pw	67442.1	4-090-b	0	23	0		0		0	0		0	0	confirmed-missing	0	low-priority	
pItataRqulikA	pītataṇḍulikā	pw	67319	4-089-a	0	74	0		0		0	0		0	0	confirmed-missing	1	low-priority	
pItvAnam	pītvānam	pw	67390.2	4-089-c	0	23	0		0		0	0		0	0	confirmed-missing	0	low-priority	
pIv	pīv	pw	67444	4-090-b	0	44	0		1		9	8	ap;ap90;ben;bop;bur;lrv;mw72;pwg;yat	0	0	variant-form-in-MW	16	add-check	pratyayhara/short-form class (PWK lists grammatical elements MW does not headword)
pORikyA	pauṇikyā	pw	69989	4-123-c	0	50	0		0	pOtrikya:0.933	2	2	pwg;vcp	0	0	confirmed-missing	2	add-check	false-friend near form 'pOtrikya' (0.933) - different word, omission stands
pORqravivarDana	pauṇḍravivardhana	pw	69999	4-123-c	0	81	0		0	pORqravarDana:0.929	0	0		0	0	confirmed-missing	-1	low-priority	false-friend near form 'pORqravarDana' (0.929) - different word, omission stands
pOrAgIya	paurāgīya	pw	70070	4-124-c	0	54	0		0	pOragIya:1.000	1	1	pwg	0	0	confirmed-missing	0	check	vowel-length/case variant of MW headword 'pOragIya' (fold-twin - same lexeme or distinct word needs eyes)
pOroqASika	pauroḍāśika	pw	70099	4-125-a	0	80	0		0		5	4	mw72;pwg;shs;wil;yat	1	0	confirmed-missing	13	add	
pUHkAmy	pūḥkāmy	pw	68753	4-108-b	0	75	0		1	pUHkAmya:0.933	0	0		0	0	variant-form-in-MW	-1	low-priority	false-friend near form 'pUHkAmya' (0.933) - different word, omission stands
pUlAsakakaraRqa	pūlāsakakaraṇḍa	pw	69310	4-115-c	0	157	0		0	pUlAsakakuraRqa:0.933	0	0		0	0	confirmed-missing	-1	low-priority	false-friend near form 'pUlAsakakuraRqa' (0.933) - different word, omission stands
pUraRadvitIyA	pūraṇadvitīyā	pw	219471	7-359-b	1	69	0		0	purARadvitIyA:1.000	1	1	sch	0	0	confirmed-missing	1	check	vowel-length/case variant of MW headword 'purARadvitIyA' (fold-twin - same lexeme or distinct word needs eyes)
pUrowi	pūroṭi	pw	207806	5-260-b	1	72	0		0	purowi:1.000	1	1	sch	0	0	confirmed-missing	1	check	vowel-length/case variant of MW headword 'purowi' (fold-twin - same lexeme or distinct word needs eyes)
pUrv	pūrv	pw	69019	4-112-a	0	82	0		1	purv:1.000	5	4	ap;ben;bur;mw72;pwg	0	0	variant-form-in-MW	9	add-check	vowel-length/case variant of MW headword 'purv' (fold-twin - same lexeme or distinct word needs eyes); pratyayhara/short-form class (PWK lists grammatical elements MW does not headword)
pUrvApahARA	pūrvāpahāṇā	pw	69248	4-115-a	0	77	0		0		1	1	pwg	0	0	confirmed-missing	3	check	
pUtikarRika	pūtikarṇika	pw	68827	4-109-c	0	99	0		0		0	0		1	0	confirmed-missing	3	low-priority	
pUzaBAzA	pūṣabhāṣā	pw	69320.1	4-116-a	0	23	0		0		1	1	skd	0	0	confirmed-missing	2	check	
pUzaka	pūṣaka	pw	69314	4-115-c	0	47	0		0	puzpaka:0.923	4	3	lrv;mw72;pwg;vcp	0	0	confirmed-missing	6	add-check	false-friend near form 'puzpaka' (0.923) - different word, omission stands
paKOqa	pakhauḍa	pw	61683.1	4-003-a	0	23	0		0		0	0		0	0	confirmed-missing	0	low-priority	
paNgagati	paṅgagati	pw	61689.2	4-003-b	0	23	0		0		0	0		0	0	confirmed-missing	0	low-priority	
paNgutvahAriRI	paṅgutvahāriṇī	pw	61757	4-004-a	0	74	0		0	paNgutAhAriRI:0.963	2	2	pwg;vcp	1	1	confirmed-missing	5	add-check	probable orthographic doublet of MW headword 'paNgutAhAriRI' (0.963)
paNktibIjaka	paṅktibījaka	pw	61745	4-003-c	0	102	0		0		0	0		1	0	confirmed-missing	3	low-priority	
paRAy	paṇāy	pw	62395	4-012-c	0	80	0		1		4	4	cae;ccs;pwg;sch	1	0	variant-form-in-MW	9	add-check	
paRWa	paṇṭha	pw	62406	4-012-c	0	59	0		0	pARwa:1.000	1	1	pwg	0	0	confirmed-missing	0	check	vowel-length/case variant of MW headword 'pARwa' (fold-twin - same lexeme or distinct word needs eyes)
paRasy	paṇasy	pw	62392	4-012-c	0	45	0		0	parAsya:0.923	1	1	pwg	0	0	confirmed-missing	0	check	false-friend near form 'parAsya' (0.923) - different word, omission stands
paRitaka	paṇitaka	pw	219031	7-355-c	1	89	1	281,215	0	pARItaka:1.000	2	2	bhs;sch	0	0	confirmed-missing	5	add-check	vowel-length/case variant of MW headword 'pARItaka' (fold-twin - same lexeme or distinct word needs eyes)
paRqitAy	paṇḍitāy	pw	62422	4-013-a	0	68	0		1	paRqitAya:0.941	1	1	pwg	0	0	variant-form-in-MW	1	check	false-friend near form 'paRqitAya' (0.941) - different word, omission stands
paSuyUkA	paśuyūkā	pw	65196	4-058-b	0	63	0		1	paSuyUka:1.000	0	0		0	0	variant-form-in-MW	-1	low-priority	vowel-length/case variant of MW headword 'paSuyUka' (fold-twin - same lexeme or distinct word needs eyes)
paSyaka	paśyaka	pw	65280	4-059-b	0	59	0		0	pASaka:0.923	2	2	bhs;pwg	0	0	confirmed-missing	2	add-check	false-friend near form 'pASaka' (0.923) - different word, omission stands
paTIn	pathīn	pw	62705	4-018-b	0	88	0		0	paTin:1.000	1	1	pwg	0	0	confirmed-missing	1	check	vowel-length/case variant of MW headword 'paTin' (fold-twin - same lexeme or distinct word needs eyes)
paTant	pathant	pw	62684	4-018-a	0	49	0		0		1	1	pwg	0	0	confirmed-missing	2	check	
paYcakrozwar	pañcakroṣṭar	pw	61820	4-005-a	0	100	0		0		0	0		0	0	confirmed-missing	1	low-priority	
paYcalakzman	pañcalakṣman	pw	62029	4-007-c	0	63	0		0		0	0		0	0	confirmed-missing	1	low-priority	
paYcamavant	pañcamavant	pw	61988	4-007-a	0	82	0		0	paYcamavat:0.952	1	1	pwg	0	0	confirmed-missing	1	check	probable orthographic doublet of MW headword 'paYcamavat' (0.952)
paYcanaKin	pañcanakhin	pw	61908	4-006-a	0	62	0		0		0	0		0	0	confirmed-missing	1	low-priority	
pacaMbacA	pacaṃbacā	pw	61774.1	4-004-b	0	23	0		0		0	0		0	0	confirmed-missing	0	low-priority	
pacanika	pacanika	pw	61771	4-004-b	0	52	0		1	pacanikA:1.000	3	2	mw72;pwg;sch	0	0	variant-form-in-MW	4	add-check	vowel-length/case variant of MW headword 'pacanikA' (fold-twin - same lexeme or distinct word needs eyes)
padDatI	paddhatī	pw	62842.1	4-023-b	0	23	0		1	padDati:1.000	3	3	lrv;skd;vcp	0	0	variant-form-in-MW	4	add-check	vowel-length/case variant of MW headword 'padDati' (fold-twin - same lexeme or distinct word needs eyes)
padaYjala	padañjala	pw	62734	4-022-a	0	101	0		0	pAdajala:0.941	2	2	pwg;vcp	0	0	confirmed-missing	3	add-check	false-friend near form 'pAdajala' (0.941) - different word, omission stands
paday	paday	pw	62758	4-022-b	0	47	0		0		0	0		0	0	confirmed-missing	0	low-priority	
padmavyUhA	padmavyūhā	pw	219072	7-355-d	1	133	1	25,7	1	padmavyUha:1.000	2	2	bhs;sch	0	0	variant-form-in-MW	5	add-check	vowel-length/case variant of MW headword 'padmavyUha' (fold-twin - same lexeme or distinct word needs eyes)
pakvala	pakvala	pw	61577	4-001-b	0	57	0		0	pAkala:0.923	1	1	pwg	0	0	confirmed-missing	0	check	false-friend near form 'pAkala' (0.923) - different word, omission stands
pakzajanman	pakṣajanman	pw	61606	4-002-a	0	53	0		0		4	4	pwg;shs;wil;yat	0	0	confirmed-missing	8	add	
pakzanaKarA	pakṣanakharā	pw	61615	4-002-b	0	77	0		0		0	0		0	0	confirmed-missing	1	low-priority	
palalASaya	palalāśaya	pw	64970	4-054-c	0	49	0		0		5	5	pwg;shs;vcp;wil;yat	0	0	confirmed-missing	10	add	
paligoDa	paligodha	pw	219229	7-357-b	1	183	1	245,122	0		2	2	bhs;sch	0	0	confirmed-missing	7	add	
palitaMBAvuka	palitaṃbhāvuka	pw	65015.1	4-055-b	0	23	0		0	palitamBAvuka:1.000	1	1	ap	0	0	confirmed-missing	0	check	vowel-length/case variant of MW headword 'palitamBAvuka' (fold-twin - same lexeme or distinct word needs eyes)
palitaMBavizRu	palitaṃbhaviṣṇu	pw	65015	4-055-b	0	79	0		0	palitamBavizRu:1.000	4	4	ap;ap90;lrv;pwg	0	0	confirmed-missing	7	add-check	vowel-length/case variant of MW headword 'palitamBavizRu' (fold-twin - same lexeme or distinct word needs eyes)
palyAna	palyāna	pw	65032	4-055-b	0	74	0		0	palAyana:0.933	0	0		0	0	confirmed-missing	-1	low-priority	false-friend near form 'palAyana' (0.933) - different word, omission stands
palyUlay	palyūlay	pw	65033.1	4-055-c	0	23	0		0	palyUla:0.933	0	0		0	0	confirmed-missing	-2	low-priority	false-friend near form 'palyUla' (0.933) - different word, omission stands
palyulay	palyulay	pw	65033	4-055-c	0	76	0		0	palyula:0.933	1	1	pwg	0	0	confirmed-missing	1	check	false-friend near form 'palyula' (0.933) - different word, omission stands
pampasy	pampasy	pw	63067	4-026-c	0	58	0		1	pampasya:0.933	1	1	pwg	0	0	variant-form-in-MW	0	check	false-friend near form 'pampasya' (0.933) - different word, omission stands
papasy	papasy	pw	63056	4-026-c	0	70	0		1	papasya:0.923	1	1	pwg	0	0	variant-form-in-MW	1	check	false-friend near form 'papasya' (0.923) - different word, omission stands
parASAtayitar	parāśātayitar	pw	63603	4-035-c	0	77	0		0		1	1	pwg	0	0	confirmed-missing	3	check	
parAYjana	parāñjana	pw	63496	4-034-b	0	84	0		0	prAYjana:0.941	1	1	pwg	0	0	confirmed-missing	1	check	false-friend near form 'prAYjana' (0.941) - different word, omission stands
parAgantar	parāgantar	pw	63464	4-033-c	0	103	0		0		0	0		0	0	confirmed-missing	1	low-priority	
parRalI	parṇalī	pw	64672	4-050-c	0	67	0		1		0	0		0	0	variant-form-in-MW	-1	low-priority	
parRay	parṇay	pw	64666	4-050-c	0	51	0		1	parRaya:0.923	1	1	pwg	0	0	variant-form-in-MW	0	check	false-friend near form 'parRaya' (0.923) - different word, omission stands
parSula	parśula	pw	64940	4-054-b	0	80	0		0	parSUla:1.000	1	1	vcp	0	0	confirmed-missing	1	check	vowel-length/case variant of MW headword 'parSUla' (fold-twin - same lexeme or distinct word needs eyes)
parT	parth	pw	64711	4-051-b	0	73	0		0		0	0		0	0	confirmed-missing	-1	low-priority	pratyayhara/short-form class (PWK lists grammatical elements MW does not headword)
paraMparAka	paraṃparāka	pw	63353	4-032-a	0	78	0		0	paraparAka:0.952	4	4	ap;ap90;lrv;pwg	0	0	confirmed-missing	7	add-check	probable orthographic doublet of MW headword 'paraparAka' (0.952)
paraMparaBojana	paraṃparabhojana	pw	219103	7-356-b	1	126	1	261,35	0	paramparaBojana:1.000	2	2	bhs;sch	0	0	confirmed-missing	5	add-check	vowel-length/case variant of MW headword 'paramparaBojana' (fold-twin - same lexeme or distinct word needs eyes)
paraSula	paraśula	pw	63402	4-032-c	0	115	0		0	parSUla:0.933	0	0		0	0	confirmed-missing	-1	low-priority	false-friend near form 'parSUla' (0.933) - different word, omission stands
paraSurAmaka	paraśurāmaka	pw	63397	4-032-c	0	61	0		0		0	0		0	0	confirmed-missing	1	low-priority	
paraYja	parañja	pw	63188	4-029-c	0	310	0		0	ParaYja:1.000	5	5	pwg;shs;vcp;wil;yat	0	0	confirmed-missing	9	add-check	vowel-length/case variant of MW headword 'ParaYja' (fold-twin - same lexeme or distinct word needs eyes)
paraYjana	parañjana	pw	63189	4-029-c	0	71	0		0	parajana:0.941	5	5	pwg;shs;vcp;wil;yat	0	0	confirmed-missing	9	add-check	false-friend near form 'parajana' (0.941) - different word, omission stands
paracCandavant	paracchandavant	pw	63183	4-029-c	0	59	0		0		1	1	pwg	0	0	confirmed-missing	2	check	
paradArika	paradārika	pw	63212	4-030-a	0	55	0		0	pAradArika:1.000	1	1	pwg	0	0	confirmed-missing	0	check	vowel-length/case variant of MW headword 'pAradArika' (fold-twin - same lexeme or distinct word needs eyes)
parajita	parajita	pw	63186.1	4-029-c	0	23	0		0	parAjita:1.000	7	7	ap;lrv;pwg;shs;vcp;wil;yat	0	0	confirmed-missing	12	add-check	vowel-length/case variant of MW headword 'parAjita' (fold-twin - same lexeme or distinct word needs eyes)
paramarAja	paramarāja	pw	63288	4-031-b	0	73	0		0	paramaraja:1.000	4	4	ieg;shs;wil;yat	0	0	confirmed-missing	7	add-check	vowel-length/case variant of MW headword 'paramaraja' (fold-twin - same lexeme or distinct word needs eyes)
paraprapOtra	paraprapautra	pw	63245.1	4-030-c	0	23	0		0		3	3	shs;vcp;yat	0	0	confirmed-missing	6	add	
parapratinaptar	parapratinaptar	pw	63245	4-030-c	0	125	0		0		1	1	pwg	0	0	confirmed-missing	3	check	
pararIRa	pararīṇa	pw	63362	4-032-b	0	169	0		0	parparIRa:0.941	1	1	pwg	0	0	confirmed-missing	1	check	false-friend near form 'parparIRa' (0.941) - different word, omission stands
pareNKaRa	pareṅkhaṇa	pw	64565	4-049-a	0	104	0		0	preNKaRa:0.941	1	1	pwg	0	0	confirmed-missing	1	check	false-friend near form 'preNKaRa' (0.941) - different word, omission stands
pareNgaRa	pareṅgaṇa	pw	64566	4-049-a	0	91	0		0	preNgaRa:0.941	0	0		0	0	confirmed-missing	-1	low-priority	false-friend near form 'preNgaRa' (0.941) - different word, omission stands
pariRAdaka	pariṇādaka	pw	63815	4-039-a	0	66	0		0		1	1	pwg	0	0	confirmed-missing	3	check	
paridraQay	paridraḍhay	pw	63892	4-040-a	0	54	0		1	paridraQaya:0.952	0	0		0	0	variant-form-in-MW	-2	low-priority	probable orthographic doublet of MW headword 'paridraQaya' (0.952)
parigrAmam	parigrāmam	pw	63727	4-037-c	0	63	0		0		1	1	pwg	0	0	confirmed-missing	3	check	
parihanu	parihanu	pw	64435	4-047-b	0	38	0		0	parihan:0.933	2	2	pwg;vcp	0	0	confirmed-missing	2	add-check	false-friend near form 'parihan' (0.933) - different word, omission stands
parijetar	parijetar	pw	219136	7-356-c	1	94	1	126,62	0		2	2	bhs;sch	0	0	confirmed-missing	7	add	
parimaNkana	parimaṅkana	pw	64071	4-042-b	0	67	0		0		1	1	pwg	0	0	confirmed-missing	3	check	
parinandana	parinandana	pw	63919	4-040-b	0	95	0		0		2	2	pwg;vcp	0	0	confirmed-missing	5	add	
paripUri	paripūri	pw	219153	7-356-c	1	118	1	244,71	0	paripUrin:0.941	2	2	bhs;sch	1	0	confirmed-missing	7	add-check	false-friend near form 'paripUrin' (0.941) - different word, omission stands
paripela	paripela	pw	64006	4-041-c	0	113	0		0	pAripela:1.000	7	6	bur;mw72;pwg;shs;vcp;wil;yat	0	0	confirmed-missing	13	add-check	vowel-length/case variant of MW headword 'pAripela' (fold-twin - same lexeme or distinct word needs eyes)
paripucCay	paripucchay	pw	63984	4-041-b	0	66	0		1	paripucCaya:0.952	1	1	pwg	0	0	variant-form-in-MW	1	check	probable orthographic doublet of MW headword 'paripucCaya' (0.952)
parisAvakIy	parisāvakīy	pw	64394	4-047-a	0	56	0		1	parisAvakIya:0.957	1	1	pwg	0	0	variant-form-in-MW	0	check	probable orthographic doublet of MW headword 'parisAvakIya' (0.957)
parivAhavant	parivāhavant	pw	64217	4-044-b	0	51	0		0	parivAhavat:0.957	1	1	pwg	0	0	confirmed-missing	0	check	probable orthographic doublet of MW headword 'parivAhavat' (0.957)
parivfttaka	parivṛttaka	pw	64242	4-044-c	0	67	0		0		0	0		0	0	confirmed-missing	1	low-priority	
parivraQay	parivraḍhay	pw	64278	4-045-a	0	95	0		1	parivraQaya:0.952	0	0		0	0	variant-form-in-MW	-1	low-priority	probable orthographic doublet of MW headword 'parivraQaya' (0.952)
pariyAnika	pariyānika	pw	64137	4-043-b	0	67	0		0	pAriyAnika:1.000	0	0		0	0	confirmed-missing	-1	low-priority	vowel-length/case variant of MW headword 'pAriyAnika' (fold-twin - same lexeme or distinct word needs eyes)
parizeRay	pariṣeṇay	pw	64338	4-046-a	0	100	0		1	parizeRaya:0.947	1	1	pwg	0	0	variant-form-in-MW	1	check	false-friend near form 'parizeRaya' (0.947) - different word, omission stands
parizkanna	pariṣkanna	pw	64342	4-046-a	0	164	0		0	parizanna:0.947	7	7	ap;ap90;lrv;pwg;shs;wil;yat	0	0	confirmed-missing	13	add-check	false-friend near form 'parizanna' (0.947) - different word, omission stands
parj	parj	pw	64625	4-050-a	0	81	0		0		2	2	pwg;sch	0	0	confirmed-missing	3	add-check	pratyayhara/short-form class (PWK lists grammatical elements MW does not headword)
parkawi	parkaṭi	pw	64623	4-050-a	0	55	0		1	parkawI:1.000	2	2	sch;vcp	0	0	variant-form-in-MW	2	add-check	vowel-length/case variant of MW headword 'parkawI' (fold-twin - same lexeme or distinct word needs eyes)
parozwI	paroṣṭī	pw	64616	4-049-c	0	53	0		0	prozWI:0.923	0	0		0	0	confirmed-missing	-2	low-priority	false-friend near form 'prozWI' (0.923) - different word, omission stands
parvavant	parvavant	pw	64919	4-054-a	0	125	0		0	parvavat:0.941	1	1	pwg	0	0	confirmed-missing	1	check	false-friend near form 'parvavat' (0.941) - different word, omission stands
patraSreRI	patraśreṇī	pw	62620.1	4-017-b	0	23	0		0	pattraSreRI:0.952	1	1	skd	0	0	confirmed-missing	0	check	probable orthographic doublet of MW headword 'pattraSreRI' (0.952)
pattrI	pattrī	pw	110375.1	6-207-c	0	24	0		1	pattri:1.000	2	2	pwg;vcp	1	1	variant-form-in-MW	4	add-check	vowel-length/case variant of MW headword 'pattri' (fold-twin - same lexeme or distinct word needs eyes)
pattrIya	pattrīya	pw	62644	4-017-c	0	54	0		0	pAttrikya:0.941	1	1	pwg	0	0	confirmed-missing	0	check	false-friend near form 'pAttrikya' (0.941) - different word, omission stands
pattralI	pattralī	pw	62609	4-017-b	0	63	0		1	pattrAlI:1.000	0	0		0	0	variant-form-in-MW	-1	low-priority	vowel-length/case variant of MW headword 'pattrAlI' (fold-twin - same lexeme or distinct word needs eyes)
pattrataRqulI	pattrataṇḍulī	pw	62577	4-017-a	0	102	0		1	pattrataRqulA:0.923	2	2	pwg;vcp	0	0	variant-form-in-MW	3	add-check	false-friend near form 'pattrataRqulA' (0.923) - different word, omission stands
pattrya	pattrya	pw	62651	4-017-c	0	53	0		0	pattrAya:0.933	2	2	pwg;vcp	0	0	confirmed-missing	2	add-check	false-friend near form 'pattrAya' (0.933) - different word, omission stands
pawaSAwaka	paṭaśāṭaka	pw	62264	4-010-c	0	40	0		0	pawwaSAwaka:0.952	1	1	pwg	0	0	confirmed-missing	0	check	probable orthographic doublet of MW headword 'pawwaSAwaka' (0.952)
pawapawAy	paṭapaṭāy	pw	62247	4-010-c	0	84	0		1	pawapawAya:0.947	0	0		0	0	variant-form-in-MW	-1	low-priority	false-friend near form 'pawapawAya' (0.947) - different word, omission stands
pawatpawaditi	paṭatpaṭaditi	pw	62245	4-010-c	0	98	0		0		0	0		0	0	confirmed-missing	1	low-priority	
pawatpaweti	paṭatpaṭeti	pw	62245.2	4-010-c	0	23	0		0		0	0		0	0	confirmed-missing	0	low-priority	
pawatpawiti	paṭatpaṭiti	pw	62245.1	4-010-c	0	23	0		0		0	0		0	0	confirmed-missing	0	low-priority	
pawavAsinIM	paṭavāsinīṃ	pw	219024	7-355-b	1	100	1	281,249	0	pawavAsinI:0.952	0	0		0	0	confirmed-missing	1	low-priority	probable orthographic doublet of MW headword 'pawavAsinI' (0.952)
pawavya	paṭavya	pw	62263	4-010-c	0	51	0		0	pAwava:0.923	1	1	pwg	0	0	confirmed-missing	0	check	false-friend near form 'pAwava' (0.923) - different word, omission stands
paway	paṭay	pw	62251	4-010-c	0	62	0		0		1	1	pwg	0	0	confirmed-missing	3	check	
pawiti	paṭiti	pw	62277	4-011-a	0	52	0		0	paWiti:1.000	1	1	pwg	0	0	confirmed-missing	0	check	vowel-length/case variant of MW headword 'paWiti' (fold-twin - same lexeme or distinct word needs eyes)
payAy	payāy	pw	63099	4-027-a	0	48	0		1		1	1	pwg	0	0	variant-form-in-MW	0	check	
payaskAmy	payaskāmy	pw	63086	4-027-a	0	91	0		1	payaskAmya:0.947	0	0		0	0	variant-form-in-MW	-1	low-priority	false-friend near form 'payaskAmya' (0.947) - different word, omission stands
payasy	payasy	pw	63093	4-027-a	0	99	0		1	payasyA:0.923	1	1	pwg	0	1	variant-form-in-MW	1	check	false-friend near form 'payasyA' (0.923) - different word, omission stands
payoDrA	payodhrā	pw	63119	4-027-b	0	67	0		1	payoDra:1.000	0	0		0	0	variant-form-in-MW	-1	low-priority	vowel-length/case variant of MW headword 'payoDra' (fold-twin - same lexeme or distinct word needs eyes)
pesala	pesala	pw	69784	4-121-b	0	73	0		0	peSala:1.000	9	8	ap;ap90;bur;lrv;mw72;pwg;shs;wil;yat	0	0	confirmed-missing	17	add-check	vowel-length/case variant of MW headword 'peSala' (fold-twin - same lexeme or distinct word needs eyes)
pewwa	peṭṭa	pw	69718	4-120-c	0	51	0		0		1	1	pwg	0	0	confirmed-missing	2	check	
pezaRavant	peṣaṇavant	pw	69771	4-121-b	0	74	0		0	pezaRavat:0.947	1	1	pwg	0	0	confirmed-missing	1	check	false-friend near form 'pezaRavat' (0.947) - different word, omission stands
pezala	peṣala	pw	69774	4-121-b	0	73	0		0		9	8	ap;ap90;bur;lrv;mw72;pwg;shs;wil;yat	0	0	confirmed-missing	19	add	
pfSanya	pṛśanya	pw	69584	4-119-a	0	158	0		0	pfSana:0.923	1	1	vcp	0	0	confirmed-missing	1	check	false-friend near form 'pfSana' (0.923) - different word, omission stands
pfTivImant	pṛthivīmant	pw	69460	4-117-b	0	56	0		0		1	1	pwg	0	0	confirmed-missing	2	check	
pfTukalpinI	pṛthukalpinī	pw	69479	4-117-c	0	75	0		0		1	1	pwg	0	0	confirmed-missing	3	check	
pftsuDas	pṛtsudhas	pw	69360	4-116-b	0	68	0		1	pftsuDa:0.933	0	0		0	0	variant-form-in-MW	-1	low-priority	false-friend near form 'pftsuDa' (0.933) - different word, omission stands
pfzWI	pṛṣṭhī	pw	219510	7-359-c	1	180	1	130,44	1	pfzwi:1.000	1	1	sch	0	0	variant-form-in-MW	3	check	vowel-length/case variant of MW headword 'pfzwi' (fold-twin - same lexeme or distinct word needs eyes)
pfzodvAna	pṛṣodvāna	pw	69632	4-119-b	0	118	0		1		0	0		0	0	variant-form-in-MW	-1	low-priority	
piNgARaka	piṅgāṇaka	pw	207761	5-259-c	1	70	0		0		1	1	sch	0	0	confirmed-missing	3	check	
piRqaKarjUrikA	piṇḍakharjūrikā	pw	66833.1	4-081-c	0	23	0		0	piRqaKarjUra:0.923	0	0		1	1	confirmed-missing	0	low-priority	false-friend near form 'piRqaKarjUra' (0.923) - different word, omission stands
piRqarohaRika	piṇḍarohaṇika	pw	66864	4-082-a	0	97	0		0	piRqarohiRika:0.923	0	0		0	0	confirmed-missing	-1	low-priority	false-friend near form 'piRqarohiRika' (0.923) - different word, omission stands
piRqasa	piṇḍasa	pw	66871	4-082-a	0	48	0		0	piRqaSa:1.000	6	5	mw72;pwg;shs;vcp;wil;yat	0	0	confirmed-missing	10	add-check	vowel-length/case variant of MW headword 'piRqaSa' (fold-twin - same lexeme or distinct word needs eyes)
piYjolA	piñjolā	pw	66809	4-081-a	0	65	0		0		8	7	ap;mw72;pwg;shs;skd;vcp;wil;yat	0	0	confirmed-missing	17	add	
piYjulikA	piñjulikā	pw	207766	5-259-c	1	80	0		0		0	0		0	0	confirmed-missing	1	low-priority	
piciRqavant	piciṇḍavant	pw	66751	4-080-a	0	58	0		0	piciRqavat:0.952	1	1	pwg	0	0	confirmed-missing	0	check	probable orthographic doublet of MW headword 'piciRqavat' (0.952)
piculikA	piculikā	pw	207763	5-259-c	1	79	0		0		1	1	sch	0	0	confirmed-missing	3	check	
pitfcewA	pitṛceṭā	pw	66951	4-083-b	0	70	0		1	pitfcewa:1.000	0	0		0	0	variant-form-in-MW	-1	low-priority	vowel-length/case variant of MW headword 'pitfcewa' (fold-twin - same lexeme or distinct word needs eyes)
pitfpitar	pitṛpitar	pw	66975	4-083-b	0	59	0		0	pitfpIta:0.941	1	1	pwg	0	0	confirmed-missing	0	check	false-friend near form 'pitfpIta' (0.941) - different word, omission stands
pitfvyaka	pitṛvyaka	pw	67014	4-084-a	0	66	0		0		1	1	sch	0	0	confirmed-missing	3	check	
pittavant	pittavant	pw	67045	4-084-b	0	51	0		0	pittavat:0.941	1	1	pwg	0	0	confirmed-missing	0	check	false-friend near form 'pittavat' (0.941) - different word, omission stands
pituHsvasar	pituḥsvasar	pw	66933	4-083-a	0	65	0		0		0	0		0	0	confirmed-missing	1	low-priority	
pituHzvasar	pituḥṣvasar	pw	66931	4-083-a	0	65	0		0		1	1	pwg	0	0	confirmed-missing	3	check	
pluzwAy	pluṣṭāy	pw	75203	4-199-c	0	64	0		1	pluzwAya:0.933	1	1	pwg	0	0	variant-form-in-MW	1	check	false-friend near form 'pluzwAya' (0.933) - different word, omission stands
pnA	pnā	pw	70191	4-126-b	0	65	0		0		6	5	bur;mw72;pwg;shs;wil;yat	0	0	confirmed-missing	11	add-check	pratyayhara/short-form class (PWK lists grammatical elements MW does not headword)
popPala	popphala	pw	219528	7-359-d	1	106	1	231,33	0		2	2	bhs;sch	0	0	confirmed-missing	7	add	
powAy	poṭāy	pw	69897	4-122-c	0	52	0		1		1	1	pwg	0	0	variant-form-in-MW	0	check	
pozayitar	poṣayitar	pw	69960	4-123-b	0	87	0		0		1	1	pwg	0	0	confirmed-missing	3	check	
prARaBAsvant	prāṇabhāsvant	pw	74139	4-184-b	0	54	0		0	prARaBAsvat:0.957	1	1	pwg	0	0	confirmed-missing	0	check	probable orthographic doublet of MW headword 'prARaBAsvat' (0.957)
prARasaMBfta	prāṇasaṃbhṛta	pw	74178	4-185-a	0	50	0		0	prARasamBfta:1.000	1	1	pwg	0	0	confirmed-missing	0	check	vowel-length/case variant of MW headword 'prARasamBfta' (fold-twin - same lexeme or distinct word needs eyes)
prARimAtar	prāṇimātar	pw	74229	4-185-b	0	92	0		0		1	1	pwg	0	0	confirmed-missing	3	check	
prAjayA	prājayā	pw	74037	4-182-b	0	66	0		0	prajaya:1.000	3	2	mw72;pwg;vcp	0	0	confirmed-missing	5	add-check	vowel-length/case variant of MW headword 'prajaya' (fold-twin - same lexeme or distinct word needs eyes)
prAjitar	prājitar	pw	74048	4-182-c	0	108	0		0	prajita:0.933	1	1	pwg	0	0	confirmed-missing	1	check	false-friend near form 'prajita' (0.933) - different word, omission stands
prAlkArIy	prālkārīy	pw	74553	4-190-a	0	55	0		1	prAlkArIya:0.947	1	1	pwg	0	0	variant-form-in-MW	0	check	false-friend near form 'prAlkArIya' (0.947) - different word, omission stands
prAntaSUnya	prāntaśūnya	pw	74401.1	4-187-c	0	23	0		0		2	2	ap;vcp	0	0	confirmed-missing	4	add	
prArCaka	prārchaka	pw	74522	4-189-c	0	38	0		0	prArcCaka:0.941	1	1	pwg	0	0	confirmed-missing	0	check	false-friend near form 'prArcCaka' (0.941) - different word, omission stands
prArjayitar	prārjayitar	pw	74523	4-189-c	0	75	0		0		1	1	pwg	0	0	confirmed-missing	3	check	
prArkzIy	prārkṣīy	pw	74521	4-189-c	0	53	0		1	prArkzIya:0.941	1	1	pwg	0	0	variant-form-in-MW	0	check	false-friend near form 'prArkzIya' (0.941) - different word, omission stands
prArzaBIy	prārṣabhīy	pw	74542	4-189-c	0	55	0		1	prArzaBIya:0.947	1	1	pwg	0	0	variant-form-in-MW	0	check	false-friend near form 'prArzaBIya' (0.947) - different word, omission stands
prAsAdIy	prāsādīy	pw	74673	4-191-b	0	72	0		1	prAsAdIya:0.941	1	1	pwg	0	0	variant-form-in-MW	1	check	false-friend near form 'prAsAdIya' (0.941) - different word, omission stands
prAtarBoktar	prātarbhoktar	pw	74270	4-186-a	0	51	0		0		1	1	pwg	0	0	confirmed-missing	2	check	
prAtarIya	prātarīya	pw	74261	4-185-c	0	73	0		0	pratarIya:1.000	1	1	pwg	0	0	confirmed-missing	1	check	vowel-length/case variant of MW headword 'pratarIya' (fold-twin - same lexeme or distinct word needs eyes)
prAvArIy	prāvārīy	pw	74579	4-190-b	0	79	0		1	prAvArIya:0.941	1	1	pwg	0	0	variant-form-in-MW	1	check	false-friend near form 'prAvArIya' (0.941) - different word, omission stands
prAvikya	prāvikya	pw	74587	4-190-b	0	123	0		0	pravika:0.933	0	0		0	0	confirmed-missing	-1	low-priority	false-friend near form 'pravika' (0.933) - different word, omission stands
prAyuDezin	prāyudheṣin	pw	74499.1	4-189-b	0	23	0		0	prAyudDezin:0.952	3	3	shs;wil;yat	0	0	confirmed-missing	4	add-check	probable orthographic doublet of MW headword 'prAyudDezin' (0.952)
prEkIy	praikīy	pw	75015	4-196-b	0	49	0		1	prEkIya:0.923	1	1	pwg	0	0	variant-form-in-MW	0	check	false-friend near form 'prEkIya' (0.923) - different word, omission stands
prOGIy	praughīy	pw	75107	4-197-b	0	49	0		1	prOGIya:0.923	1	1	pwg	0	0	variant-form-in-MW	0	check	false-friend near form 'prOGIya' (0.923) - different word, omission stands
praGozaka	praghoṣaka	pw	70486	4-131-b	0	55	0		0		6	5	bur;mw72;pwg;shs;wil;yat	0	0	confirmed-missing	12	add	
praSAntaviniScayaprAtihAryanirdeSa	praśāntaviniścayaprātihāryanirdeśa	pw	219795	7-362-a	1	130	1	65,52	0	praSAntaviniScayapratihAryanirdeSa:1.000	2	2	bhs;sch	0	0	confirmed-missing	5	add-check	vowel-length/case variant of MW headword 'praSAntaviniScayapratihAryanirdeSa' (fold-twin - same lexeme or distinct word needs eyes)
pracetar	pracetar	pw	70551	4-132-a	0	79	0		0		1	1	pwg	0	0	confirmed-missing	3	check	
pradakziRagrAhin	pradakṣiṇagrāhin	pw	72264	4-156-c	0	95	0		0		2	2	bhs;pwg	0	0	confirmed-missing	5	add	
pragaRqaka	pragaṇḍaka	pw	70419	4-130-a	0	73	0		0		0	0		1	0	confirmed-missing	3	low-priority	
prahAraka	prahāraka	pw	73733	4-178-c	0	72	0		0	praharaka:1.000	1	1	pwg	1	0	confirmed-missing	3	check	vowel-length/case variant of MW headword 'praharaka' (fold-twin - same lexeme or distinct word needs eyes)
praharaRavant	praharaṇavant	pw	73705	4-178-b	0	85	0		0	praharaRavat:0.960	0	0		0	0	confirmed-missing	-1	low-priority	probable orthographic doublet of MW headword 'praharaRavat' (0.960)
prahvalAkA	prahvalākā	pw	73782	4-179-b	0	81	0		0	pravAlaka:0.947	0	0		0	0	confirmed-missing	-1	low-priority	false-friend near form 'pravAlaka' (0.947) - different word, omission stands
prajIna	prajīna	pw	70668	4-134-a	0	45	0		0	prajina:1.000	3	3	pwg;wil;yat	0	0	confirmed-missing	4	add-check	vowel-length/case variant of MW headword 'prajina' (fold-twin - same lexeme or distinct word needs eyes)
prajYAnetra	prajñānetra	pw	70704	4-134-c	0	90	0		0		0	0		0	0	confirmed-missing	1	low-priority	
prakASakaprajYAtar	prakāśakaprajñātar	pw	70267	4-127-c	0	56	0		0		0	0		0	0	confirmed-missing	0	low-priority	
prakASanavant	prakāśanavant	pw	70275	4-128-a	0	71	0		0	prakASanavat:0.960	1	1	pwg	0	0	confirmed-missing	1	check	probable orthographic doublet of MW headword 'prakASanavat' (0.960)
prakramitar	prakramitar	pw	70359	4-129-b	0	83	0		0		1	1	pwg	0	0	confirmed-missing	3	check	
prakrantar	prakrantar	pw	70355	4-129-b	0	101	0		0	prakrAnta:0.947	1	1	pwg	0	0	confirmed-missing	1	check	false-friend near form 'prakrAnta' (0.947) - different word, omission stands
prakzveqanA	prakṣveḍanā	pw	70400.1	4-130-a	0	23	0		1	prakzveqana:1.000	2	2	ap;skd	0	0	variant-form-in-MW	2	add-check	vowel-length/case variant of MW headword 'prakzveqana' (fold-twin - same lexeme or distinct word needs eyes)
pralambahantar	pralambahantar	pw	72994.2	4-167-b	0	23	0		0		0	0		0	0	confirmed-missing	0	low-priority	
pralavitar	pralavitar	pw	73013	4-167-c	0	84	0		0		1	1	pwg	0	0	confirmed-missing	3	check	
pralkArIy	pralkārīy	pw	73039	4-168-a	0	82	0		1	pralkArIya:0.947	1	1	pwg	0	0	variant-form-in-MW	1	check	false-friend near form 'pralkArIya' (0.947) - different word, omission stands
pramAdavant	pramādavant	pw	72784	4-164-b	0	60	0		0	pramAdavat:0.952	2	2	pwg;sch	0	0	confirmed-missing	2	add-check	probable orthographic doublet of MW headword 'pramAdavat' (0.952)
pramApana	pramāpana	pw	72790	4-164-b	0	71	0		0	praDmApana:0.947	0	0		0	0	confirmed-missing	-1	low-priority	false-friend near form 'praDmApana' (0.947) - different word, omission stands
pramaNganIya	pramaṅganīya	pw	72687	4-163-a	0	98	0		0		1	0	mw72	0	0	confirmed-missing	3	check	
pramadaka	pramadaka	pw	72704	4-163-a	0	88	0		0	pramardaka:0.947	5	4	ap;ap90;mw72;pwg;vcp	0	0	confirmed-missing	9	add-check	false-friend near form 'pramardaka' (0.947) - different word, omission stands
pranaptar	pranaptar	pw	72412	4-158-c	0	50	0		0		1	1	pwg	0	0	confirmed-missing	2	check	
prarCaka	prarchaka	pw	72979	4-167-b	0	76	0		0	prarcCaka:0.941	1	1	pwg	0	0	confirmed-missing	1	check	false-friend near form 'prarcCaka' (0.941) - different word, omission stands
prarkzIy	prarkṣīy	pw	72978	4-167-b	0	70	0		1	prarkzIya:0.941	1	1	pwg	0	0	variant-form-in-MW	1	check	false-friend near form 'prarkzIya' (0.941) - different word, omission stands
prarkza	prarkṣa	pw	72977	4-167-b	0	73	0		0	prarakza:0.933	0	0		0	0	confirmed-missing	-1	low-priority	false-friend near form 'prarakza' (0.933) - different word, omission stands
prarzaBIy	prarṣabhīy	pw	72981	4-167-b	0	72	0		1	prarzaBIya:0.947	1	1	pwg	0	0	variant-form-in-MW	1	check	false-friend near form 'prarzaBIya' (0.947) - different word, omission stands
prarzaBa	prarṣabha	pw	72980	4-167-b	0	75	0		0		1	1	pwg	0	0	confirmed-missing	3	check	
prasTaMpaca	prasthaṃpaca	pw	73630	4-177-a	0	108	0		0	prasTampaca:1.000	4	4	ap;ap90;lrv;pwg	0	0	confirmed-missing	7	add-check	vowel-length/case variant of MW headword 'prasTampaca' (fold-twin - same lexeme or distinct word needs eyes)
prasTavAhA	prasthavāhā	pw	73633	4-177-a	0	95	0		0		1	1	pwg	0	0	confirmed-missing	3	check	
prasTavant	prasthavant	pw	73632	4-177-a	0	69	0		0	prasTavat:0.947	0	0		1	0	confirmed-missing	1	low-priority	false-friend near form 'prasTavat' (0.947) - different word, omission stands
prasTupuzpa	prasthupuṣpa	pw	73629.1	4-177-a	0	23	0		0		0	0		0	0	confirmed-missing	0	low-priority	
prasnAtar	prasnātar	pw	73656	4-177-b	0	75	0		0		1	1	pwg	0	0	confirmed-missing	3	check	
prasnavitar	prasnavitar	pw	73654	4-177-b	0	82	0		0		1	1	pwg	0	0	confirmed-missing	3	check	
prasnavitrIy	prasnavitrīy	pw	73655	4-177-b	0	64	0		1	prasnavitrIya:0.960	1	1	pwg	0	0	variant-form-in-MW	1	check	probable orthographic doublet of MW headword 'prasnavitrIya' (0.960)
pratAn	pratān	pw	70827	4-136-b	0	66	0		1	pratan:1.000	1	1	pwg	0	0	variant-form-in-MW	1	check	vowel-length/case variant of MW headword 'pratan' (fold-twin - same lexeme or distinct word needs eyes)
pratIpAy	pratīpāy	pw	71784	4-149-c	0	114	0		1	pratIpAya:0.941	1	1	pwg	0	0	variant-form-in-MW	1	check	false-friend near form 'pratIpAya' (0.941) - different word, omission stands
pratIsIrA	pratīsīrā	pw	71798	4-150-a	0	90	0		0	pratisIrA:1.000	0	0		0	0	confirmed-missing	-1	low-priority	vowel-length/case variant of MW headword 'pratisIrA' (fold-twin - same lexeme or distinct word needs eyes)
pratiBUka	pratibhūka	pw	71308	4-143-b	0	68	0		0	pratiBukta:0.947	0	0		0	0	confirmed-missing	-1	low-priority	false-friend near form 'pratiBukta' (0.947) - different word, omission stands
pratinaptar	pratinaptar	pw	71103	4-140-b	0	52	0		0		1	1	pwg	0	0	confirmed-missing	2	check	
pratinisarga	pratinisarga	pw	71137	4-140-c	0	104	0		0	pratiniHsarga:0.960	2	2	bhs;pwg	0	0	confirmed-missing	3	add-check	probable orthographic doublet of MW headword 'pratiniHsarga' (0.960)
pratinisfjya	pratinisṛjya	pw	219607	7-360-c	1	119	1	130,1	0	pratiniHsfjya:0.960	0	0		0	0	confirmed-missing	1	low-priority	probable orthographic doublet of MW headword 'pratiniHsfjya' (0.960)
pratisyAya	pratisyāya	pw	71687	4-148-b	0	65	0		0	pratiSyAya:1.000	5	4	mw72;pwg;shs;wil;yat	0	0	confirmed-missing	9	add-check	vowel-length/case variant of MW headword 'pratiSyAya' (fold-twin - same lexeme or distinct word needs eyes)
pratizIvya	pratiṣīvya	pw	71557	4-146-b	0	61	0		0		1	1	pwg	1	1	confirmed-missing	5	check	
pratyAsAra	pratyāsāra	pw	72109.1	4-154-b	0	23	0		0	pratyAsvara:0.952	8	7	armh;lrv;mw72;pwg;shs;vcp;wil;yat	1	0	confirmed-missing	16	add-check	probable orthographic doublet of MW headword 'pratyAsvara' (0.952)
pratyAsArin	pratyāsārin	pw	72110	4-154-b	0	41	0		0		1	1	pwg	0	0	confirmed-missing	2	check	
pratyAsara	pratyāsara	pw	72109	4-154-b	0	80	0		0	pratyAsvara:0.952	8	7	ben;bur;lrv;mw72;pwg;vcp;wil;yat	0	0	confirmed-missing	15	add-check	probable orthographic doublet of MW headword 'pratyAsvara' (0.952)
pratyAstAra	pratyāstāra	pw	72111	4-154-b	0	94	0		0	pratyastra:0.952	3	2	bhs;mw72;pwg	0	0	confirmed-missing	5	add-check	probable orthographic doublet of MW headword 'pratyastra' (0.952)
pratyavasTAtar	pratyavasthātar	pw	72027	4-153-a	0	71	0		0		1	1	pwg	0	0	confirmed-missing	3	check	
pravAritArTAtisevA	pravāritārthātisevā	pw	219769	7-362-a	1	162	1	261,78	0		1	1	sch	0	0	confirmed-missing	5	check	
pravIqa	pravīḍa	pw	73235	4-171-a	0	57	0		0		2	2	pwg;sch	0	0	confirmed-missing	4	add	
pravaRavant	pravaṇavant	pw	73056	4-168-b	0	76	0		0	pravaRavat:0.952	1	1	pwg	0	0	confirmed-missing	1	check	probable orthographic doublet of MW headword 'pravaRavat' (0.952)
prayApani	prayāpani	pw	72908	4-166-a	0	54	0		1		0	0		0	0	variant-form-in-MW	-2	low-priority	
preR	preṇ	pw	74897	4-195-a	0	59	0		1	prER:1.000	1	1	pwg	0	0	variant-form-in-MW	0	check	vowel-length/case variant of MW headword 'prER' (fold-twin - same lexeme or distinct word needs eyes); pratyayhara/short-form class (PWK lists grammatical elements MW does not headword)
prehivARijA	prehivāṇijā	pw	75014	4-196-b	0	91	0		0	prehivaRijA:1.000	3	2	ap;mw72;pwg	0	0	confirmed-missing	5	add-check	vowel-length/case variant of MW headword 'prehivaRijA' (fold-twin - same lexeme or distinct word needs eyes)
prekIy	prekīy	pw	74864	4-194-b	0	74	0		1	prekIya:0.923	1	1	pwg	0	0	variant-form-in-MW	1	check	false-friend near form 'prekIya' (0.923) - different word, omission stands
preze	preṣe	pw	75000	4-196-a	0	118	0		1		0	0		0	1	variant-form-in-MW	-1	low-priority	
priyaMBavizRu	priyaṃbhaviṣṇu	pw	74764	4-192-c	0	73	0		0	priyamBavizRu:1.000	4	4	ap;ap90;lrv;pwg	0	0	confirmed-missing	7	add-check	vowel-length/case variant of MW headword 'priyamBavizRu' (fold-twin - same lexeme or distinct word needs eyes)
proGIy	proghīy	pw	75045	4-196-c	0	88	0		1	proGIya:0.923	1	1	pwg	0	0	variant-form-in-MW	1	check	false-friend near form 'proGIya' (0.923) - different word, omission stands
prohakardamA	prohakardamā	pw	75102	4-197-b	0	92	0		0		1	1	pwg	0	0	confirmed-missing	3	check	
prohakawA	prohakaṭā	pw	75101	4-197-b	0	126	0		0		0	0		0	0	confirmed-missing	1	low-priority	
prozyapApIyaMs	proṣyapāpīyaṃs	pw	75099	4-197-a	0	129	0		0	prozyapApIyas:0.963	1	1	pwg	0	0	confirmed-missing	1	check	probable orthographic doublet of MW headword 'prozyapApIyas' (0.963)
prpuMnAla	prpuṃnāla	pw	72496.5	4-160-a	0	23	0		0	prapuMnAla:0.947	0	0		0	0	confirmed-missing	-2	low-priority	false-friend near form 'prapuMnAla' (0.947) - different word, omission stands
pruzvAy	pruṣvāy	pw	74861	4-194-b	0	48	0		1	pruzvAya:0.933	1	1	pwg	0	0	variant-form-in-MW	0	check	false-friend near form 'pruzvAya' (0.933) - different word, omission stands
pruzwAy	pruṣṭāy	pw	74859	4-194-b	0	64	0		0	pruzwA:0.923	0	0		0	0	confirmed-missing	-1	low-priority	false-friend near form 'pruzwA' (0.923) - different word, omission stands
pucCawI	pucchaṭī	pw	67526	4-091-b	0	68	0		1	pucCawi:1.000	5	5	ap;ap90;lrv;skd;vcp	0	0	variant-form-in-MW	9	add-check	vowel-length/case variant of MW headword 'pucCawi' (fold-twin - same lexeme or distinct word needs eyes)
purARy	purāṇy	pw	68083	4-099-a	0	75	0		1	purARya:0.923	1	1	pwg	0	1	variant-form-in-MW	1	check	false-friend near form 'purARya' (0.923) - different word, omission stands
purIzay	purīṣay	pw	68126	4-099-b	0	49	0		1	purIzaya:0.933	1	1	pwg	0	0	variant-form-in-MW	0	check	false-friend near form 'purIzaya' (0.933) - different word, omission stands
purasaMskAra	purasaṃskāra	pw	68019	4-098-a	0	54	0		0	puruzasaMskAra:0.923	3	3	pwg;shs;vcp	0	0	confirmed-missing	4	add-check	false-friend near form 'puruzasaMskAra' (0.923) - different word, omission stands
purodBavA	purodbhavā	pw	68387.1	4-102-c	0	23	0		1	purodBava:1.000	4	4	bur;pwg;skd;vcp	0	0	variant-form-in-MW	6	add-check	vowel-length/case variant of MW headword 'purodBava' (fold-twin - same lexeme or distinct word needs eyes)
purudaMSas	purudaṃśas	pw	68161	4-100-a	0	101	0		0	purudaMsas:1.000	7	7	ben;bur;pwg;sch;vcp;wil;yat	0	0	confirmed-missing	13	add-check	vowel-length/case variant of MW headword 'purudaMsas' (fold-twin - same lexeme or distinct word needs eyes)
purut	purut	pw	68156	4-099-c	0	55	0		0		1	1	pwg	0	0	confirmed-missing	2	check	
puruzAsaka	puruṣāsaka	pw	68320	4-102-a	0	147	0		0	puruzAMsaka:0.952	0	0		0	0	confirmed-missing	-1	low-priority	probable orthographic doublet of MW headword 'puruzAMsaka' (0.952)
putrAdin	putrādin	pw	67757	4-094-b	0	153	0		1	putrAdinI:0.941	1	1	vcp	0	0	variant-form-in-MW	1	check	false-friend near form 'putrAdinI' (0.941) - different word, omission stands
putrIyitar	putrīyitar	pw	67772	4-094-c	0	75	0		0		1	1	pwg	0	0	confirmed-missing	3	check	
putrika	putrika	pw	67759	4-094-b	0	200	0		1	putrikA:1.000	2	2	pwg;vcp	0	0	variant-form-in-MW	3	add-check	vowel-length/case variant of MW headword 'putrikA' (fold-twin - same lexeme or distinct word needs eyes)
puwoja	puṭoja	pw	67577	4-092-a	0	52	0		0		0	0		0	0	confirmed-missing	0	low-priority	
puzpI	puṣpī	pw	109433.1	6-194-a	0	24	0		1		0	0		1	1	variant-form-in-MW	0	low-priority	
puzpadantaka	puṣpadantaka	pw	68588	4-106-a	0	65	0		0		6	6	pui;pwg;shs;vcp;wil;yat	0	0	confirmed-missing	13	add	
puzpalAvin	puṣpalāvin	pw	68648	4-106-c	0	58	0		0	puzpalAvI:0.947	1	1	pwg	0	0	confirmed-missing	0	check	false-friend near form 'puzpalAvI' (0.947) - different word, omission stands
puzpasADArana	puṣpasādhārana	pw	68676.1	4-107-a	0	23	0		0	puzpasADAraRa:0.923	0	0		0	0	confirmed-missing	-2	low-priority	false-friend near form 'puzpasADAraRa' (0.923) - different word, omission stands
qikkarI	ḍikkarī	pw	43938	2-283-c	0	63	0		0		7	6	ap;ap90;mw72;pwg;shs;wil;yat	0	0	confirmed-missing	15	add	
qiqiva	ḍiḍiva	pw	43942	2-283-c	0	66	0		0		0	0		0	0	confirmed-missing	1	low-priority	
quRquka	ḍuṇḍuka	pw	43971	2-284-b	0	52	0		0		0	0		0	0	confirmed-missing	0	low-priority	
rAgAQvyA	rāgāḍhvyā	pw	93208.1	5-177-a	0	23	0		0	rAgAQyA:0.933	0	0		0	0	confirmed-missing	-2	low-priority	false-friend near form 'rAgAQyA' (0.933) - different word, omission stands
rAgAdyA	rāgādyā	pw	93208.2	5-177-a	0	23	0		0	rAgadA:0.923	0	0		0	0	confirmed-missing	-2	low-priority	false-friend near form 'rAgadA' (0.923) - different word, omission stands
rAjAn	rājān	pw	93606	5-182-a	0	78	0		1	rAjan:1.000	1	1	pwg	0	0	variant-form-in-MW	1	check	vowel-length/case variant of MW headword 'rAjan' (fold-twin - same lexeme or distinct word needs eyes)
rAjAtana	rājātana	pw	93594	5-182-a	0	200	0		0		5	5	pwg;shs;vcp;wil;yat	0	0	confirmed-missing	11	add	
rAjIy	rājīy	pw	93642	5-182-b	0	79	0		1		1	1	pwg	0	0	variant-form-in-MW	1	check	
rAjaSAkanikA	rājaśākanikā	pw	93529	5-181-a	0	118	0		0		1	1	pwg	0	0	confirmed-missing	3	check	
rAjaSAkinI	rājaśākinī	pw	93529.1	5-181-a	0	23	0		0		1	1	pwg	1	1	confirmed-missing	4	check	
rAjaSayyA	rājaśayyā	pw	93527.1	5-181-a	0	23	0		0	rAjaSAyyA:1.000	5	5	pwg;shs;skd;wil;yat	0	0	confirmed-missing	8	add-check	vowel-length/case variant of MW headword 'rAjaSAyyA' (fold-twin - same lexeme or distinct word needs eyes)
rAjapawolaka	rājapaṭolaka	pw	93378	5-179-b	0	61	0		0		0	0		0	0	confirmed-missing	1	low-priority	
rAjyaktA	rājyaktā	pw	93673	5-182-c	0	96	0		0		1	1	skd	0	0	confirmed-missing	3	check	
rAmAcCardanaka	rāmācchardanaka	pw	93992	5-187-a	0	81	0		0	rAmacCardanaka:1.000	1	1	pwg	0	0	confirmed-missing	1	check	vowel-length/case variant of MW headword 'rAmacCardanaka' (fold-twin - same lexeme or distinct word needs eyes)
rAtriMmanya	rātriṃmanya	pw	93761	5-183-c	0	85	0		0	rAtrimmanya:1.000	5	5	ap;ap90;lrv;pwg;sch	0	0	confirmed-missing	9	add-check	vowel-length/case variant of MW headword 'rAtrimmanya' (fold-twin - same lexeme or distinct word needs eyes)
rEy	raiy	pw	94888	5-203-b	0	57	0		1		1	1	pwg	0	0	variant-form-in-MW	0	check	pratyayhara/short-form class (PWK lists grammatical elements MW does not headword)
rORa	rauṇa	pw	95198	5-207-c	0	48	0		0	rOra:1.000	1	1	pwg	0	0	confirmed-missing	0	check	vowel-length/case variant of MW headword 'rOra' (fold-twin - same lexeme or distinct word needs eyes); pratyayhara/short-form class (PWK lists grammatical elements MW does not headword)
rUkzaRAtmikA	rūkṣaṇātmikā	pw	94627	5-199-c	0	100	0		0		2	2	pwg;skd	1	1	confirmed-missing	7	add	
raNgabIja	raṅgabīja	pw	92006	5-159-c	0	49	0		0		2	2	pwg;vcp	0	0	confirmed-missing	4	add	
raNgamAtar	raṅgamātar	pw	92013	5-159-c	0	156	0		0		1	1	pwg	0	0	confirmed-missing	3	check	
raNgamAtfkA	raṅgamātṛkā	pw	92014	5-159-c	0	59	0		0		5	5	pwg;shs;skd;wil;yat	0	0	confirmed-missing	10	add	
raNgezWAlu	raṅgeṣṭhālu	pw	92041	5-160-a	0	72	0		0	raNgezwAlu:1.000	0	0		0	0	confirmed-missing	-1	low-priority	vowel-length/case variant of MW headword 'raNgezwAlu' (fold-twin - same lexeme or distinct word needs eyes)
raRatUya	raṇatūya	pw	92187	5-162-c	0	55	0		0	raRatUrya:0.941	0	0		0	0	confirmed-missing	-2	low-priority	false-friend near form 'raRatUrya' (0.941) - different word, omission stands
raTasyA	rathasyā	pw	92596	5-167-b	0	90	0		0	raTayA:0.923	3	2	bhs;mw72;pwg	0	0	confirmed-missing	5	add-check	false-friend near form 'raTayA' (0.923) - different word, omission stands
rabDar	rabdhar	pw	92711	5-169-a	0	94	0		0		1	1	pwg	0	0	confirmed-missing	3	check	
rahAy	rahāy	pw	93132	5-176-a	0	79	0		1		1	1	pwg	0	0	variant-form-in-MW	1	check	
rajI	rajī	pw	92122	5-161-c	0	71	0		1	rAjI:1.000	0	0		0	1	variant-form-in-MW	-1	low-priority	vowel-length/case variant of MW headword 'rAjI' (fold-twin - same lexeme or distinct word needs eyes); pratyayhara/short-form class (PWK lists grammatical elements MW does not headword)
rajIyaMs	rajīyaṃs	pw	92123	5-161-c	0	71	0		0	rajIyas:0.933	1	1	pwg	0	0	confirmed-missing	1	check	false-friend near form 'rajIyas' (0.933) - different word, omission stands
rajasay	rajasay	pw	92105	5-161-b	0	57	0		1	rajasaya:0.933	1	1	pwg	0	0	variant-form-in-MW	0	check	false-friend near form 'rajasaya' (0.933) - different word, omission stands
rajasy	rajasy	pw	92112	5-161-c	0	66	0		1	rajasya:0.923	1	1	pwg	0	1	variant-form-in-MW	1	check	false-friend near form 'rajasya' (0.923) - different word, omission stands
raktAKya	raktākhya	pw	91817	5-157-a	0	84	0		0	raktaka:0.933	0	0		0	0	confirmed-missing	-1	low-priority	false-friend near form 'raktaka' (0.933) - different word, omission stands
raktANkura	raktāṅkura	pw	91819	5-157-a	0	92	0		0		0	0		1	1	confirmed-missing	3	low-priority	
raktAmlAtaka	raktāmlātaka	pw	91835	5-157-b	0	122	0		0		0	0		0	0	confirmed-missing	1	low-priority	
raktakAYjana	raktakāñjana	pw	91646	5-155-a	0	75	0		0		0	0		0	0	confirmed-missing	1	low-priority	
raktakusuma	raktakusuma	pw	91651	5-155-a	0	94	0		0		1	1	vcp	1	0	confirmed-missing	5	check	
raktamelaka	raktamelaka	pw	91755	5-156-b	0	78	0		0		0	0		0	0	confirmed-missing	1	low-priority	
raktar	raktar	pw	91761	5-156-b	0	76	0		0		1	1	pwg	0	0	confirmed-missing	3	check	
raktareRukA	raktareṇukā	pw	91764	5-156-b	0	86	0		0		2	2	pwg;skd	0	0	confirmed-missing	5	add	
raktasUryAy	raktasūryāy	pw	91807	5-157-a	0	84	0		1	raktasUryAya:0.957	1	1	pwg	1	0	variant-form-in-MW	3	check	probable orthographic doublet of MW headword 'raktasUryAya' (0.957)
raktavarawI	raktavaraṭī	pw	91770	5-156-b	0	53	0		1	raktavarawi:1.000	7	7	ap;lrv;pwg;shs;skd;wil;yat	0	0	variant-form-in-MW	12	add-check	vowel-length/case variant of MW headword 'raktavarawi' (fold-twin - same lexeme or distinct word needs eyes)
rasamAtar	rasamātar	pw	92991	5-174-a	0	95	0		0		0	0		0	0	confirmed-missing	1	low-priority	
rasarasAgratA	rasarasāgratā	pw	220770	7-370-d	1	204	1	17,10	0		2	2	bhs;sch	0	0	confirmed-missing	7	add	
rasodBUta	rasodbhūta	pw	93092	5-175-c	0	102	0		0		0	0		1	0	confirmed-missing	3	low-priority	
ratirAgA	ratirāgā	pw	220740	7-370-c	1	124	1	197,56	0	rAtrirAga:0.941	2	2	bhs;sch	0	0	confirmed-missing	5	add-check	false-friend near form 'rAtrirAga' (0.941) - different word, omission stands
reKAy	rekhāy	pw	94752	5-201-c	0	54	0		1		1	1	pwg	0	0	variant-form-in-MW	0	check	
reSayadASin	reśayadāśin	pw	94860.1	5-203-b	0	23	0		0		0	0		0	0	confirmed-missing	0	low-priority	
rehAy	rehāy	pw	94876	5-203-b	0	80	0		1		1	1	pwg	0	0	variant-form-in-MW	1	check	
rehas	rehas	pw	94875.1	5-203-b	0	23	0		1		0	0		0	0	variant-form-in-MW	-2	low-priority	
rihvan	rihvan	pw	94275	5-191-a	0	47	0		0		4	3	ap;ap90;mw72;pwg	0	0	confirmed-missing	8	add	
riy	riy	pw	94237	5-190-c	0	125	0		1		1	1	pwg	0	0	variant-form-in-MW	1	check	pratyayhara/short-form class (PWK lists grammatical elements MW does not headword)
rizwIy	riṣṭīy	pw	94267	5-191-a	0	53	0		1	rizwIya:0.923	1	1	pwg	0	0	variant-form-in-MW	0	check	false-friend near form 'rizwIya' (0.923) - different word, omission stands
roQar	roḍhar	pw	94973	5-204-c	0	64	0		0		1	1	pwg	0	0	confirmed-missing	3	check	
rohAy	rohāy	pw	95129	5-206-c	0	110	0		1		1	1	pwg	0	0	variant-form-in-MW	1	check	
rohiReya	rohiṇeya	pw	95158	5-207-a	0	74	0		0	rOhiReya:1.000	2	2	inm;pwg	0	0	confirmed-missing	3	add-check	vowel-length/case variant of MW headword 'rOhiReya' (fold-twin - same lexeme or distinct word needs eyes)
romASrayakalA	romāśrayakalā	pw	95087	5-206-a	0	122	0		0	romASrayaPalA:0.923	0	0		0	0	confirmed-missing	-1	low-priority	false-friend near form 'romASrayaPalA' (0.923) - different word, omission stands
rucirapraBAsasaMBava	ruciraprabhāsasaṃbhava	pw	94378	5-193-b	0	87	0		0	rucirapraBAvasamBava:0.950	2	2	bhs;pwg	0	0	confirmed-missing	3	add-check	probable orthographic doublet of MW headword 'rucirapraBAvasamBava' (0.950)
ruzwimant	ruṣṭimant	pw	94614	5-197-c	0	54	0		0	ruzwimat:0.941	0	0		0	0	confirmed-missing	-2	low-priority	false-friend near form 'ruzwimat' (0.941) - different word, omission stands
ruzyamant	ruṣyamant	pw	94616	5-197-c	0	54	0		0	ruzyamat:0.941	0	0		0	0	confirmed-missing	-2	low-priority	false-friend near form 'ruzyamat' (0.941) - different word, omission stands
rvedin	rvedin	pw	15360.1	1-181-c	0	23	0		0		0	0		0	0	confirmed-missing	0	low-priority	
sAMBAzya	sāṃbhāṣya	pw	124247	7-119-b	0	53	0		0	sAmBAzya:1.000	1	1	pwg	0	0	confirmed-missing	0	check	vowel-length/case variant of MW headword 'sAmBAzya' (fold-twin - same lexeme or distinct word needs eyes)
sAMBUyi	sāṃbhūyi	pw	124248	7-119-b	0	71	0		0	sAmBUyi:1.000	1	1	pwg	0	0	confirmed-missing	1	check	vowel-length/case variant of MW headword 'sAmBUyi' (fold-twin - same lexeme or distinct word needs eyes)
sAMBara	sāṃbhara	pw	124243	7-119-b	0	89	0		0	sAmBara:1.000	0	0		0	0	confirmed-missing	-1	low-priority	vowel-length/case variant of MW headword 'sAmBara' (fold-twin - same lexeme or distinct word needs eyes)
sAMkASikA	sāṃkāśikā	pw	221861	7-382-c	1	193	0		0	sAmAsika:0.941	1	1	sch	0	0	confirmed-missing	1	check	false-friend near form 'sAmAsika' (0.941) - different word, omission stands
sAMkASyaka	sāṃkāśyaka	pw	123547	7-109-a	0	122	0		0		1	1	pwg	0	0	confirmed-missing	3	check	
sAMmArjina	sāṃmārjina	pw	124253	7-119-b	0	59	0		0	sAmmArjina:1.000	1	1	pwg	0	0	confirmed-missing	0	check	vowel-length/case variant of MW headword 'sAmmArjina' (fold-twin - same lexeme or distinct word needs eyes)
sAMmAtra	sāṃmātra	pw	124252.1	7-119-b	0	24	0		0	sAmmAtra:1.000	1	1	pwg	0	0	confirmed-missing	0	check	vowel-length/case variant of MW headword 'sAmmAtra' (fold-twin - same lexeme or distinct word needs eyes)
sAMmAtura	sāṃmātura	pw	124252	7-119-b	0	122	0		0	sAmmAtura:1.000	1	1	pwg	0	0	confirmed-missing	1	check	vowel-length/case variant of MW headword 'sAmmAtura' (fold-twin - same lexeme or distinct word needs eyes)
sAMmatya	sāṃmatya	pw	124249	7-119-b	0	58	0		0	sAmmatya:1.000	1	1	pwg	0	0	confirmed-missing	0	check	vowel-length/case variant of MW headword 'sAmmatya' (fold-twin - same lexeme or distinct word needs eyes)
sAMmitikAyani	sāṃmitikāyani	pw	124254	7-119-b	0	58	0		0	sAmmitikAyani:1.000	1	1	pwg	0	0	confirmed-missing	0	check	vowel-length/case variant of MW headword 'sAmmitikAyani' (fold-twin - same lexeme or distinct word needs eyes)
sAMmodanika	sāṃmodanika	pw	124258	7-119-b	0	70	0		0	sAmmodanika:1.000	1	1	pwg	0	0	confirmed-missing	1	check	vowel-length/case variant of MW headword 'sAmmodanika' (fold-twin - same lexeme or distinct word needs eyes)
sAMpezika	sāṃpeṣika	pw	124221	7-119-a	0	66	0		0		1	1	pwg	0	0	confirmed-missing	3	check	
sAMpraSnika	sāṃpraśnika	pw	124227	7-119-a	0	72	0		0	sAmpraSnika:1.000	1	1	pwg	0	0	confirmed-missing	1	check	vowel-length/case variant of MW headword 'sAmpraSnika' (fold-twin - same lexeme or distinct word needs eyes)
sAMpradAnika	sāṃpradānika	pw	124224	7-119-a	0	62	0		0	sAmpradAnika:1.000	1	1	pwg	0	0	confirmed-missing	1	check	vowel-length/case variant of MW headword 'sAmpradAnika' (fold-twin - same lexeme or distinct word needs eyes)
sAMpriyaka	sāṃpriyaka	pw	124228	7-119-a	0	102	0		0	sAmpriyaka:1.000	2	2	ap;pwg	0	0	confirmed-missing	3	add-check	vowel-length/case variant of MW headword 'sAmpriyaka' (fold-twin - same lexeme or distinct word needs eyes)
sAQvA	sāḍhvā	pw	123638	7-110-a	0	62	0		0		1	1	pwg	1	1	confirmed-missing	5	check	
sAcIvid	sācīvid	pw	123613	7-110-a	0	53	0		0	sacivid:1.000	1	1	pwg	0	0	confirmed-missing	0	check	vowel-length/case variant of MW headword 'sacivid' (fold-twin - same lexeme or distinct word needs eyes)
sAmalAyana	sāmalāyana	pw	124106	7-117-b	0	88	0		0	saMlayana:0.947	1	1	pwg	0	0	confirmed-missing	1	check	false-friend near form 'saMlayana' (0.947) - different word, omission stands
sAmaleya	sāmaleya	pw	124106.1	7-117-b	0	24	0		0	samAlya:0.933	1	1	pwg	0	0	confirmed-missing	0	check	false-friend near form 'samAlya' (0.933) - different word, omission stands
sAmalya	sāmalya	pw	124106.2	7-117-b	0	24	0		0	samAlya:1.000	1	1	pwg	0	0	confirmed-missing	0	check	vowel-length/case variant of MW headword 'samAlya' (fold-twin - same lexeme or distinct word needs eyes)
sAmay	sāmay	pw	124088	7-117-a	0	53	0		1		1	1	pwg	0	0	variant-form-in-MW	0	check	
sAray	sāray	pw	124416	7-121-c	0	47	0		1		1	1	pwg	1	0	variant-form-in-MW	2	check	
sAreta	sāreta	pwkvn	21792.1	7-381-c	1	23	0		0	saretas:0.923	0	0		0	0	confirmed-missing	-2	low-priority	false-friend near form 'saretas' (0.923) - different word, omission stands
sArpya	sārpya	pw	124548	7-123-b	0	62	0		0	sarpya:1.000	4	3	ben;lrv;mw72;pwg	0	0	confirmed-missing	7	add-check	vowel-length/case variant of MW headword 'sarpya' (fold-twin - same lexeme or distinct word needs eyes)
sAtyaMkAmi	sātyaṃkāmi	pw	123682	7-110-c	0	68	0		0	sAtyakAmi:0.947	1	1	pwg	0	0	confirmed-missing	1	check	false-friend near form 'sAtyakAmi' (0.947) - different word, omission stands
sAway	sāṭay	pw	123627	7-110-a	0	46	0		0		1	1	pwg	0	0	confirmed-missing	2	check	
sEpurika	saipurika	pw	129386	7-186-b	0	86	0		0		1	1	pwg	0	0	confirmed-missing	3	check	
sErinDraka	sairindhraka	pw	129399	7-186-c	0	105	0		0	sEriDraka:0.947	1	1	pwg	0	0	confirmed-missing	1	check	false-friend near form 'sEriDraka' (0.947) - different word, omission stands
sIlamA	sīlamā	pw	125588	7-137-c	0	116	0		0	Silamba:0.923	1	0	mw72	0	0	confirmed-missing	1	check	false-friend near form 'Silamba' (0.923) - different word, omission stands
sIpAlila	sīpālila	pw	125533.1	7-137-a	0	24	0		0	SIpAlila:1.000	0	0		0	0	confirmed-missing	-2	low-priority	vowel-length/case variant of MW headword 'SIpAlila' (fold-twin - same lexeme or distinct word needs eyes)
sKadya	skhadya	pw	130341	7-198-b	0	51	0		1	sKadyA:1.000	1	1	pwg	0	0	variant-form-in-MW	0	check	vowel-length/case variant of MW headword 'sKadyA' (fold-twin - same lexeme or distinct word needs eyes)
sKuqa	skhuḍa	pw	130346	7-198-c	0	47	0		1		0	0		0	0	variant-form-in-MW	-2	low-priority	
sOparRIya	sauparṇīya	pw	129945	7-193-a	0	210	0		0	sOparRya:0.941	0	0		0	0	confirmed-missing	-1	low-priority	false-friend near form 'sOparRya' (0.941) - different word, omission stands
sOtaMgami	sautaṃgami	pw	129868	7-192-a	0	80	0		1		1	1	pwg	0	0	variant-form-in-MW	1	check	
sPUrtimant	sphūrtimant	pw	131609	7-224-b	0	54	0		0	sPUrtimat:0.947	2	2	ben;pwg	0	0	confirmed-missing	2	add-check	false-friend near form 'sPUrtimat' (0.947) - different word, omission stands
sPawikAtman	sphaṭikātman	pw	131512	7-222-b	0	102	0		0		2	2	ap;pwg	0	0	confirmed-missing	5	add	
sPeyaMs	spheyaṃs	pw	131611	7-224-b	0	85	0		0	sPeyas:0.923	2	2	ben;pwg	0	0	confirmed-missing	3	add-check	false-friend near form 'sPeyas' (0.923) - different word, omission stands
sTUlaBittikatA	sthūlabhittikatā	pw	222002	7-384-a	1	82	1	85	0		1	1	sch	0	0	confirmed-missing	5	check	
sTUlaMBavizRu	sthūlaṃbhaviṣṇu	pw	131178	7-217-a	0	115	0		0	sTUlamBavizRu:1.000	2	2	ap;pwg	0	0	confirmed-missing	3	add-check	vowel-length/case variant of MW headword 'sTUlamBavizRu' (fold-twin - same lexeme or distinct word needs eyes)
sTUlaSAwi	sthūlaśāṭi	pw	131195	7-217-a	0	69	0		1	sTUlaSAwI:1.000	6	6	ben;lrv;pwg;shs;wil;yat	0	0	variant-form-in-MW	11	add-check	vowel-length/case variant of MW headword 'sTUlaSAwI' (fold-twin - same lexeme or distinct word needs eyes)
sTUlay	sthūlay	pw	131180	7-217-a	0	49	0		0		1	1	pwg	0	0	confirmed-missing	2	check	
sTUpaka	sthūpaka	pw	131108	7-216-a	0	38	0		0		0	0		0	0	confirmed-missing	0	low-priority	
sUcIpaNki	sūcīpaṅki	pw	128661	7-177-a	0	59	0		0		0	0		0	0	confirmed-missing	0	low-priority	
sUcivant	sūcivant	pw	128650	7-176-c	0	70	0		0	sUcivat:0.933	1	1	pwg	0	0	confirmed-missing	1	check	false-friend near form 'sUcivat' (0.933) - different word, omission stands
sUditar	sūditar	pw	128823	7-179-a	0	67	0		0	sUdita:0.923	1	1	pwg	0	0	confirmed-missing	1	check	false-friend near form 'sUdita' (0.923) - different word, omission stands
sUkzmamakzikA	sūkṣmamakṣikā	pw	128605	7-176-a	0	52	0		1	sUkzmamakzika:1.000	6	6	ap;lrv;pwg;shs;wil;yat	0	1	variant-form-in-MW	10	add-check	vowel-length/case variant of MW headword 'sUkzmamakzika' (fold-twin - same lexeme or distinct word needs eyes)
sUpasaMpanna	sūpasaṃpanna	pw	221966	7-383-c	1	110	1	48	0	sUpasampanna:1.000	1	1	sch	0	0	confirmed-missing	3	check	vowel-length/case variant of MW headword 'sUpasampanna' (fold-twin - same lexeme or distinct word needs eyes)
sUtaduhitar	sūtaduhitar	pw	128700	7-177-b	0	56	0		0		1	1	pwg	0	0	confirmed-missing	2	check	
saMBUyaMs	saṃbhūyaṃs	pw	121177	7-073-b	0	50	0		0	samBUyas:0.941	1	1	pwg	0	0	confirmed-missing	0	check	false-friend near form 'samBUyas' (0.941) - different word, omission stands
saMBUyasy	saṃbhūyasy	pw	121178	7-073-b	0	57	0		0	samBUyasya:0.947	1	1	pwg	0	0	confirmed-missing	0	check	false-friend near form 'samBUyasya' (0.947) - different word, omission stands
saMBalIya	saṃbhalīya	pw	121140	7-072-b	0	50	0		0	samBalIya:1.000	0	0		0	0	confirmed-missing	-2	low-priority	vowel-length/case variant of MW headword 'samBalIya' (fold-twin - same lexeme or distinct word needs eyes)
saMBavya	saṃbhavya	pw	121146	7-072-c	0	232	0		0	samBavya:1.000	1	1	pwg	0	0	confirmed-missing	1	check	vowel-length/case variant of MW headword 'samBavya' (fold-twin - same lexeme or distinct word needs eyes)
saMBinnavyaYjanA	saṃbhinnavyañjanā	pw	221781	7-381-b	1	179	1	271	0	samBinnavyaYjanA:1.000	1	1	sch	0	0	confirmed-missing	3	check	vowel-length/case variant of MW headword 'samBinnavyaYjanA' (fold-twin - same lexeme or distinct word needs eyes)
saMBogakAya	saṃbhogakāya	pw	121195	7-073-b	0	127	0		0	samBogakAya:1.000	2	2	bhs;pwg	0	0	confirmed-missing	3	add-check	vowel-length/case variant of MW headword 'samBogakAya' (fold-twin - same lexeme or distinct word needs eyes)
saMPAla	saṃphāla	pw	121090	7-071-b	0	47	0		0	samPAla:1.000	3	3	ben;lrv;pwg	0	0	confirmed-missing	4	add-check	vowel-length/case variant of MW headword 'samPAla' (fold-twin - same lexeme or distinct word needs eyes)
saMPalIya	saṃphalīya	pw	121089	7-071-b	0	56	0		0	samPalIya:1.000	0	0		0	0	confirmed-missing	-2	low-priority	vowel-length/case variant of MW headword 'samPalIya' (fold-twin - same lexeme or distinct word needs eyes)
saMPala	saṃphala	pw	121088	7-071-b	0	145	0		0	samPala:1.000	1	1	pwg	0	0	confirmed-missing	1	check	vowel-length/case variant of MW headword 'samPala' (fold-twin - same lexeme or distinct word needs eyes)
saMSayitar	saṃśayitar	pw	116840	7-006-c	0	56	0		0	saMSayita:0.947	1	1	pwg	0	0	confirmed-missing	0	check	false-friend near form 'saMSayita' (0.947) - different word, omission stands
saMScAy	saṃścāy	pw	116874	7-007-a	0	69	0		1	saMScAya:0.933	1	1	pwg	0	0	variant-form-in-MW	1	check	false-friend near form 'saMScAya' (0.933) - different word, omission stands
saMdaMSavadana	saṃdaṃśavadana	pw	118959	7-041-b	0	76	0		0	sadaMSavadana:0.963	0	0		1	0	confirmed-missing	1	low-priority	probable orthographic doublet of MW headword 'sadaMSavadana' (0.963)
saMgAda	saṃgāda	pw	117608	7-019-b	0	115	0		0	samAdA:0.923	2	2	ben;pwg	0	0	confirmed-missing	3	add-check	false-friend near form 'samAdA' (0.923) - different word, omission stands
saMgatala	saṃgatala	pw	117584	7-018-c	0	67	0		0	saMGatala:1.000	0	0		0	0	confirmed-missing	-1	low-priority	vowel-length/case variant of MW headword 'saMGatala' (fold-twin - same lexeme or distinct word needs eyes)
saMgrAmay	saṃgrāmay	pw	117665	7-020-b	0	139	0		0	saMgrAma:0.941	1	1	pwg	1	0	confirmed-missing	3	check	false-friend near form 'saMgrAma' (0.941) - different word, omission stands
saMgrahasUtra	saṃgrahasūtra	pw	117647.1	7-020-a	0	24	0		0	sAMgrahasUtrika:0.929	1	1	pwg	0	0	confirmed-missing	0	check	false-friend near form 'sAMgrahasUtrika' (0.929) - different word, omission stands
saMjYAtar	saṃjñātar	pw	117967	7-026-a	0	132	0		0	saMjYAta:0.941	1	1	pwg	0	0	confirmed-missing	1	check	false-friend near form 'saMjYAta' (0.941) - different word, omission stands
saMkaTya	saṃkathya	pw	221627	7-379-c	1	72	1	245	0	sAMkaTya:1.000	2	2	bhs;sch	0	0	confirmed-missing	5	add-check	vowel-length/case variant of MW headword 'sAMkaTya' (fold-twin - same lexeme or distinct word needs eyes)
saMmAda	saṃmāda	pw	121236	7-074-a	0	55	0		0	sammAda:1.000	3	3	ben;lrv;pwg	0	0	confirmed-missing	4	add-check	vowel-length/case variant of MW headword 'sammAda' (fold-twin - same lexeme or distinct word needs eyes)
saMmAtar	saṃmātar	pw	121233	7-074-a	0	118	0		0	sammata:0.933	3	3	ccs;fri;pwg	0	0	confirmed-missing	5	add-check	false-friend near form 'sammata' (0.933) - different word, omission stands
saMmAtura	saṃmātura	pw	121235	7-074-a	0	67	0		0	sammAtura:1.000	4	4	ap;ap90;lrv;pwg	0	0	confirmed-missing	7	add-check	vowel-length/case variant of MW headword 'sammAtura' (fold-twin - same lexeme or distinct word needs eyes)
saMmIlitadruma	saṃmīlitadruma	pw	121256	7-074-b	0	107	0		0	sammIlitadruma:1.000	0	0		1	0	confirmed-missing	1	low-priority	vowel-length/case variant of MW headword 'sammIlitadruma' (fold-twin - same lexeme or distinct word needs eyes)
saMmaniman	saṃmaniman	pw	121219	7-074-a	0	53	0		0	sammaniman:1.000	1	1	pwg	0	0	confirmed-missing	0	check	vowel-length/case variant of MW headword 'sammaniman' (fold-twin - same lexeme or distinct word needs eyes)
saMmatIya	saṃmatīya	pw	121212	7-073-c	0	96	0		0	sammatIya:1.000	1	1	pwg	0	0	confirmed-missing	1	check	vowel-length/case variant of MW headword 'sammatIya' (fold-twin - same lexeme or distinct word needs eyes)
saMmatiman	saṃmatiman	pw	121211	7-073-c	0	90	0		0	sammatiman:1.000	1	1	pwg	0	0	confirmed-missing	1	check	vowel-length/case variant of MW headword 'sammatiman' (fold-twin - same lexeme or distinct word needs eyes)
saMmaya	saṃmaya	pw	121222	7-074-a	0	63	0		0	sammaya:1.000	1	1	pwg	0	0	confirmed-missing	1	check	vowel-length/case variant of MW headword 'sammaya' (fold-twin - same lexeme or distinct word needs eyes)
saMmodanIya	saṃmodanīya	pw	221786	7-381-c	1	95	1	145	0	sammodanIya:1.000	2	2	bhs;sch	0	0	confirmed-missing	5	add-check	vowel-length/case variant of MW headword 'sammodanIya' (fold-twin - same lexeme or distinct word needs eyes)
saMmuKavinaya	saṃmukhavinaya	pw	221784	7-381-b	1	118	1	264	0	sammuKavinaya:1.000	2	2	bhs;sch	0	0	confirmed-missing	5	add-check	vowel-length/case variant of MW headword 'sammuKavinaya' (fold-twin - same lexeme or distinct word needs eyes)
saMmuKin	saṃmukhin	pw	121260	7-074-c	0	49	0		0	sammuKin:1.000	4	4	ap;ap90;lrv;pwg	0	0	confirmed-missing	6	add-check	vowel-length/case variant of MW headword 'sammuKin' (fold-twin - same lexeme or distinct word needs eyes)
saMpIti	saṃpīti	pw	120936	7-069-b	0	52	0		0	sampIti:1.000	3	3	ben;lrv;pwg	0	0	confirmed-missing	4	add-check	vowel-length/case variant of MW headword 'sampIti' (fold-twin - same lexeme or distinct word needs eyes)
saMpadvara	saṃpadvara	pw	120883	7-068-b	0	73	0		0	sampadvara:1.000	2	2	lrv;pwg	0	0	confirmed-missing	3	add-check	vowel-length/case variant of MW headword 'sampadvara' (fold-twin - same lexeme or distinct word needs eyes)
saMpadvipada	saṃpadvipada	pw	120885	7-068-b	0	101	0		0	sampadvipada:1.000	1	1	pwg	0	0	confirmed-missing	1	check	vowel-length/case variant of MW headword 'sampadvipada' (fold-twin - same lexeme or distinct word needs eyes)
saMpannaMkAram	saṃpannaṃkāram	pw	120888	7-068-c	0	108	0		0	sampannaMkAram:1.000	1	1	pwg	0	0	confirmed-missing	1	check	vowel-length/case variant of MW headword 'sampannaMkAram' (fold-twin - same lexeme or distinct word needs eyes)
saMpannakrama	saṃpannakrama	pw	120886	7-068-c	0	82	0		0	sampannakrama:1.000	1	1	pwg	0	0	confirmed-missing	1	check	vowel-length/case variant of MW headword 'sampannakrama' (fold-twin - same lexeme or distinct word needs eyes)
saMparAyaka	saṃparāyaka	pw	120895	7-068-c	0	60	0		0	samparAyaka:1.000	2	2	lrv;pwg	0	0	confirmed-missing	2	add-check	vowel-length/case variant of MW headword 'samparAyaka' (fold-twin - same lexeme or distinct word needs eyes)
saMparIya	saṃparīya	pw	120901	7-068-c	0	56	0		0	samparIya:1.000	1	1	pwg	0	0	confirmed-missing	0	check	vowel-length/case variant of MW headword 'samparIya' (fold-twin - same lexeme or distinct word needs eyes)
saMpara	saṃpara	pw	120893	7-068-c	0	49	0		0	sampara:1.000	1	1	pwg	0	0	confirmed-missing	0	check	vowel-length/case variant of MW headword 'sampara' (fold-twin - same lexeme or distinct word needs eyes)
saMpeza	saṃpeṣa	pw	120967	7-069-c	0	78	0		0	sampeza:1.000	1	1	pwg	0	0	confirmed-missing	1	check	vowel-length/case variant of MW headword 'sampeza' (fold-twin - same lexeme or distinct word needs eyes)
saMpiDAna	saṃpidhāna	pw	120931	7-069-b	0	53	0		0	sampiDAna:1.000	1	1	pwg	0	0	confirmed-missing	0	check	vowel-length/case variant of MW headword 'sampiDAna' (fold-twin - same lexeme or distinct word needs eyes)
saMprArTya	saṃprārthya	pw	121075	7-071-b	0	87	0		0		1	1	pwg	0	1	confirmed-missing	3	check	
saMpraKyAna	saṃprakhyāna	pw	221764	7-381-b	1	78	1	133	0	sampraKyAna:1.000	2	2	bhs;sch	0	0	confirmed-missing	5	add-check	vowel-length/case variant of MW headword 'sampraKyAna' (fold-twin - same lexeme or distinct word needs eyes)
saMpraduta	saṃpraduta	pw	121011	7-070-b	0	109	0		0	sampraduta:1.000	1	1	pwg	0	0	confirmed-missing	1	check	vowel-length/case variant of MW headword 'sampraduta' (fold-twin - same lexeme or distinct word needs eyes)
saMpragarjita	saṃpragarjita	pw	120975	7-069-c	0	81	0		0	sampragarjita:1.000	0	0		0	0	confirmed-missing	-1	low-priority	vowel-length/case variant of MW headword 'sampragarjita' (fold-twin - same lexeme or distinct word needs eyes)
saMprahAri	saṃprahāri	pw	121068	7-071-a	0	52	0		0	samprahAri:1.000	1	1	pwg	0	0	confirmed-missing	0	check	vowel-length/case variant of MW headword 'samprahAri' (fold-twin - same lexeme or distinct word needs eyes)
saMprajAna	saṃprajāna	pw	221766	7-381-b	1	82	1	281	0	samprajAna:1.000	2	2	bhs;sch	0	0	confirmed-missing	5	add-check	vowel-length/case variant of MW headword 'samprajAna' (fold-twin - same lexeme or distinct word needs eyes)
saMprayogin	saṃprayogin	pw	121034	7-070-c	0	112	0		0	samprayogin:1.000	6	6	ap;ap90;ben;lrv;pwg;sch	0	0	confirmed-missing	11	add-check	vowel-length/case variant of MW headword 'samprayogin' (fold-twin - same lexeme or distinct word needs eyes)
saMprayuktaka	saṃprayuktaka	pw	221771	7-381-b	1	97	1	114	0	samprayuktaka:1.000	2	2	ap;sch	0	0	confirmed-missing	5	add-check	vowel-length/case variant of MW headword 'samprayuktaka' (fold-twin - same lexeme or distinct word needs eyes)
saMpreza	saṃpreṣa	pw	121083	7-071-b	0	52	0		0	sampreza:1.000	1	1	pwg	0	0	confirmed-missing	0	check	vowel-length/case variant of MW headword 'sampreza' (fold-twin - same lexeme or distinct word needs eyes)
saMrAjitar	saṃrājitar	pw	116583	7-003-a	0	81	0		0		1	1	pwg	0	0	confirmed-missing	3	check	
saMskArakartar	saṃskārakartar	pw	116991	7-009-b	0	92	0		0		0	0		0	0	confirmed-missing	1	low-priority	
saMsprazwar	saṃspraṣṭar	pw	117068	7-010-c	0	73	0		0		1	1	pwg	0	0	confirmed-missing	3	check	
saMvahitar	saṃvahitar	pw	116702	7-004-c	0	101	0		0		1	1	pwg	0	0	confirmed-missing	3	check	
saMvary	saṃvary	pw	116688	7-004-b	0	52	0		1	saMvarya:0.933	1	1	pwg	0	0	variant-form-in-MW	0	check	false-friend near form 'saMvarya' (0.933) - different word, omission stands
saMvavyAKyA	saṃvavyākhyā	pw	116667.1	7-004-a	0	24	0		0		0	0		0	0	confirmed-missing	0	low-priority	
saMvoQar	saṃvoḍhar	pw	116801	7-006-b	0	79	0		0		1	1	pwg	0	0	confirmed-missing	3	check	
saRqiSa	saṇḍiśa	pw	118006	7-026-c	0	65	0		0		4	3	mw72;pwg;shs;vcp	0	0	confirmed-missing	9	add	
saYjimant	sañjimant	pw	117950	7-025-c	0	54	0		0	saYjimat:0.941	1	1	pwg	0	0	confirmed-missing	0	check	false-friend near form 'saYjimat' (0.941) - different word, omission stands
saccArA	saccārā	pw	117794	7-022-a	0	49	0		1	saccAra:1.000	10	9	ap;bur;lrv;mw72;pwg;shs;skd;vcp;wil;yat	0	0	variant-form-in-MW	18	add-check	vowel-length/case variant of MW headword 'saccAra' (fold-twin - same lexeme or distinct word needs eyes)
sahitar	sahitar	pw	123283	7-105-a	0	90	0		0	sahita:0.923	1	1	pwg	0	0	confirmed-missing	1	check	false-friend near form 'sahita' (0.923) - different word, omission stands
sakftPala	sakṛtphala	pw	117260	7-013-c	0	176	0		1	sakftPalA:1.000	1	1	pwg	0	0	variant-form-in-MW	1	check	vowel-length/case variant of MW headword 'sakftPalA' (fold-twin - same lexeme or distinct word needs eyes)
samAsavant	samāsavant	pw	120472	7-062-c	0	102	0		0	samAsavat:0.947	2	2	ben;pwg	0	0	confirmed-missing	3	add-check	false-friend near form 'samAsavat' (0.947) - different word, omission stands
samIda	samīda	pw	120561	7-064-a	0	50	0		1	samIdA:1.000	8	7	ben;bur;lrv;mw72;pwg;shs;wil;yat	0	0	variant-form-in-MW	14	add-check	vowel-length/case variant of MW headword 'samIdA' (fold-twin - same lexeme or distinct word needs eyes)
samantamuKaDAraRI	samantamukhadhāraṇī	pw	119904	7-054-c	0	89	0		0	samantamuKaDAriRI:0.941	1	1	pwg	0	0	confirmed-missing	1	check	false-friend near form 'samantamuKaDAriRI' (0.941) - different word, omission stands
samavasarjya	samavasarjya	pw	120082	7-057-b	0	61	0		0		0	0		0	0	confirmed-missing	1	low-priority	
samay	samay	pw	119960	7-055-b	0	63	0		1		1	1	pwg	1	0	variant-form-in-MW	3	check	
samazWIlA	samaṣṭhīlā	pw	120133	7-058-a	0	57	0		0	samazWilA:1.000	3	2	mw72;pwg;skd	0	0	confirmed-missing	4	add-check	vowel-length/case variant of MW headword 'samazWilA' (fold-twin - same lexeme or distinct word needs eyes)
samba	samba	pw	121094	7-071-c	0	76	0		1	Samba:1.000	8	7	bur;mw72;pwg;shs;skd;vcp;wil;yat	0	0	variant-form-in-MW	15	add-check	vowel-length/case variant of MW headword 'Samba' (fold-twin - same lexeme or distinct word needs eyes)
sambary	sambary	pw	121112	7-072-a	0	76	0		1	sambarya:0.933	1	1	pwg	0	0	variant-form-in-MW	1	check	false-friend near form 'sambarya' (0.933) - different word, omission stands
samuditar	samuditar	pw	120671	7-065-c	0	105	0		0	samudita:0.941	1	1	pwg	0	0	confirmed-missing	1	check	false-friend near form 'samudita' (0.941) - different word, omission stands
samudrakaleKaka	samudrakalekhaka	pw	221755	7-381-a	1	171	0		0	samudraleKaka:0.929	1	1	sch	0	0	confirmed-missing	1	check	false-friend near form 'samudraleKaka' (0.929) - different word, omission stands
samuhitar	samuhitar	pw	120826	7-067-b	0	75	0		0		1	1	pwg	0	0	confirmed-missing	3	check	
sanmAtar	sanmātar	pw	119256	7-046-b	0	88	0		0		0	0		0	0	confirmed-missing	1	low-priority	
sanukam	sanukam	pw	118866	7-039-b	0	61	0		0	sAnuka:0.923	1	1	pwg	0	0	confirmed-missing	1	check	false-friend near form 'sAnuka' (0.923) - different word, omission stands
sapiRqay	sapiṇḍay	pw	119342	7-047-b	0	240	0		1	sapiRqaya:0.941	1	1	pwg	0	0	variant-form-in-MW	1	check	false-friend near form 'sapiRqaya' (0.941) - different word, omission stands
saptarzimant	saptarṣimant	pw	119511	7-049-b	0	60	0		0	saptarzimat:0.957	1	1	pwg	0	0	confirmed-missing	0	check	probable orthographic doublet of MW headword 'saptarzimat' (0.957)
sarB	sarbh	pw	121674	7-084-b	0	60	0		0	sarb:1.000	1	1	pwg	0	0	confirmed-missing	0	check	vowel-length/case variant of MW headword 'sarb' (fold-twin - same lexeme or distinct word needs eyes); pratyayhara/short-form class (PWK lists grammatical elements MW does not headword)
sarIi	sarīi	pw	121565.4	7-082-b	0	24	0		0		0	0		0	0	confirmed-missing	0	low-priority	
sarasIka	sarasīka	pw	121435	7-078-b	0	62	0		1	sarasika:1.000	2	2	pwg;vcp	0	0	variant-form-in-MW	3	add-check	vowel-length/case variant of MW headword 'sarasika' (fold-twin - same lexeme or distinct word needs eyes)
sarasaMprata	sarasaṃprata	pw	121422	7-078-b	0	84	0		0	sarasamprata:1.000	1	1	pwg	0	0	confirmed-missing	1	check	vowel-length/case variant of MW headword 'sarasamprata' (fold-twin - same lexeme or distinct word needs eyes)
saritvant	saritvant	pw	121477	7-079-b	0	51	0		0	saritvat:0.941	1	1	pwg	0	0	confirmed-missing	0	check	false-friend near form 'saritvat' (0.941) - different word, omission stands
sarjakzAra	sarjakṣāra	pw	121565.3	7-082-b	0	24	0		0		0	0		0	0	confirmed-missing	0	low-priority	
sarjikAkzArA	sarjikākṣārā	pw	121565.2	7-082-b	0	24	0		1	sarjikAkzAra:1.000	0	0		0	0	variant-form-in-MW	-2	low-priority	vowel-length/case variant of MW headword 'sarjikAkzAra' (fold-twin - same lexeme or distinct word needs eyes)
sarpizkAmy	sarpiṣkāmy	pw	121657	7-084-a	0	89	0		1	sarpizkAmya:0.952	0	0		0	0	variant-form-in-MW	-1	low-priority	probable orthographic doublet of MW headword 'sarpizkAmya' (0.952)
sarvAkaravaropeta	sarvākaravaropeta	pw	122226	7-091-a	0	61	0		0		1	1	pwg	0	0	confirmed-missing	3	check	
sarvAnnaBojim	sarvānnabhojim	pw	122277	7-091-c	0	66	0		0	sarvAnnaBojin:0.923	0	0		0	0	confirmed-missing	-1	low-priority	false-friend near form 'sarvAnnaBojin' (0.923) - different word, omission stands
sarvaDarmamudrA	sarvadharmamudrā	pw	121873	7-087-a	0	102	0		1	sarvaDarmamudra:1.000	2	2	bhs;pwg	0	0	variant-form-in-MW	3	add-check	vowel-length/case variant of MW headword 'sarvaDarmamudra' (fold-twin - same lexeme or distinct word needs eyes)
sarvaDarmapraveSamudrA	sarvadharmapraveśamudrā	pw	121871	7-086-c	0	109	0		1	sarvaDarmapraveSamudra:1.000	2	2	bhs;pwg	0	0	variant-form-in-MW	3	add-check	vowel-length/case variant of MW headword 'sarvaDarmapraveSamudra' (fold-twin - same lexeme or distinct word needs eyes)
sarvakAmy	sarvakāmy	pw	121695	7-084-c	0	58	0		1	sarvakAmya:0.947	1	1	pwg	0	0	variant-form-in-MW	0	check	false-friend near form 'sarvakAmya' (0.947) - different word, omission stands
sarvakaBArya	sarvakabhārya	pw	121680	7-084-b	0	77	0		0		1	1	pwg	0	0	confirmed-missing	3	check	
sarvaroDaviroDasaMpraSamana	sarvarodhavirodhasaṃpraśamana	pw	221821	7-382-a	1	145	0		0	sarvaroDaviroDasampraSamana:1.000	2	2	bhs;sch	0	0	confirmed-missing	3	add-check	vowel-length/case variant of MW headword 'sarvaroDaviroDasampraSamana' (fold-twin - same lexeme or distinct word needs eyes)
sasyaSUka	sasyaśūka	pw	122792	7-098-a	0	63	0		0	sasyaSuka:1.000	1	1	pwg	0	0	confirmed-missing	1	check	vowel-length/case variant of MW headword 'sasyaSuka' (fold-twin - same lexeme or distinct word needs eyes)
sattrApay	sattrāpay	pw	118136	7-028-a	0	52	0		1	sattrApaya:0.947	1	1	pwg	0	0	variant-form-in-MW	0	check	false-friend near form 'sattrApaya' (0.947) - different word, omission stands
sattrAy	sattrāy	pw	118137	7-028-a	0	92	0		1	sattrAya:0.933	1	1	pwg	1	0	variant-form-in-MW	3	check	false-friend near form 'sattrAya' (0.933) - different word, omission stands
sattray	sattray	pw	118126	7-028-a	0	111	0		1	sattraya:0.933	1	1	pwg	0	0	variant-form-in-MW	1	check	false-friend near form 'sattraya' (0.933) - different word, omission stands
sfpAku	sṛpāku	pw	129146	7-183-a	0	64	0		0		1	1	pwg	0	0	confirmed-missing	3	check	
sfpraprahArin	sṛpraprahārin	pw	129153	7-183-a	0	83	0		0		0	0		0	0	confirmed-missing	1	low-priority	
siDmavant	sidhmavant	pw	125329	7-134-c	0	54	0		0	siDmavat:0.941	1	1	pwg	0	0	confirmed-missing	0	check	false-friend near form 'siDmavat' (0.941) - different word, omission stands
siDrakAvant	sidhrakāvant	pw	125334	7-134-c	0	57	0		0	siDrakAvat:0.952	1	1	pwg	0	0	confirmed-missing	0	check	probable orthographic doublet of MW headword 'siDrakAvat' (0.952)
siNGaRa	siṅghaṇa	pw	124980	7-129-a	0	60	0		0	SiNGaRa:1.000	1	0	mw72	1	1	confirmed-missing	2	check	vowel-length/case variant of MW headword 'SiNGaRa' (fold-twin - same lexeme or distinct word needs eyes)
siYcitA	siñcitā	pw	124994	7-129-c	0	60	0		0		5	4	ap;mw72;shs;skd;vcp	0	0	confirmed-missing	10	add	
siYjAsTa	siñjāstha	pw	124997.1	7-129-c	0	24	0		0		0	0		0	0	confirmed-missing	0	low-priority	
sidDilI	siddhilī	pw	125304	7-133-c	0	63	0		0		6	5	mw72;pwg;shs;skd;wil;yat	0	0	confirmed-missing	13	add	
sihlaBUmikA	sihlabhūmikā	pw	125488.2	7-136-c	0	24	0		0		1	1	skd	0	0	confirmed-missing	2	check	
sihlaka	sihlaka	pw	125488	7-136-c	0	194	0		0	silaka:0.923	2	1	lrv;mw72	1	0	confirmed-missing	5	add-check	false-friend near form 'silaka' (0.923) - different word, omission stands
sihlasAra	sihlasāra	pw	125488.3	7-136-c	0	24	0		0	SilAsAra:0.941	0	0		1	0	confirmed-missing	0	low-priority	false-friend near form 'SilAsAra' (0.941) - different word, omission stands
sijimant	sijimant	pw	124990	7-129-c	0	52	0		0	sijimat:0.933	0	0		0	0	confirmed-missing	-2	low-priority	false-friend near form 'sijimat' (0.933) - different word, omission stands
sinDutIrasaMBava	sindhutīrasaṃbhava	pw	125366	7-135-b	0	64	0		0	sinDutIrasamBava:1.000	1	1	pwg	0	0	confirmed-missing	1	check	vowel-length/case variant of MW headword 'sinDutIrasamBava' (fold-twin - same lexeme or distinct word needs eyes)
sinduvAraka	sinduvāraka	pw	125343	7-135-a	0	102	0		0	sinDuvAraka:1.000	1	1	pwg	1	0	confirmed-missing	3	check	vowel-length/case variant of MW headword 'sinDuvAraka' (fold-twin - same lexeme or distinct word needs eyes)
sirAparRa	sirāparṇa	pw	125438	7-136-a	0	79	0		0	SIrRaparRa:0.947	0	0		0	0	confirmed-missing	-1	low-priority	false-friend near form 'SIrRaparRa' (0.947) - different word, omission stands
skuB	skubh	pw	130333	7-198-b	0	273	0		0		1	1	pwg	1	0	confirmed-missing	3	check	pratyayhara/short-form class (PWK lists grammatical elements MW does not headword)
snAkzA	snākṣā	pw	131261	7-218-a	0	90	0		0	SUnAkza:0.923	1	1	pwg	0	0	confirmed-missing	1	check	false-friend near form 'SUnAkza' (0.923) - different word, omission stands
snAtvI	snātvī	pw	131274	7-218-b	0	100	0		1		0	0		0	1	variant-form-in-MW	-1	low-priority	
soQAy	soḍhāy	pw	129426	7-186-c	0	63	0		1		1	1	pwg	0	0	variant-form-in-MW	1	check	
sowAy	soṭāy	pw	129420	7-186-c	0	47	0		1		0	0		0	0	variant-form-in-MW	-2	low-priority	
spar	spar	pw	131400	7-220-a	0	59	0		1	sPar:1.000	4	4	ae;bor;ccs;pwg	0	0	variant-form-in-MW	6	add-check	vowel-length/case variant of MW headword 'sPar' (fold-twin - same lexeme or distinct word needs eyes); pratyayhara/short-form class (PWK lists grammatical elements MW does not headword)
sparitar	sparitar	pw	131404	7-220-a	0	61	0		0	sPArita:0.933	1	1	pwg	0	0	confirmed-missing	1	check	false-friend near form 'sPArita' (0.933) - different word, omission stands
sparzwar	sparṣṭar	pw	131451	7-221-b	0	56	0		0		1	1	pwg	0	0	confirmed-missing	2	check	
srOGnIy	sraughnīy	pw	131948	7-230-b	0	68	0		1	srOGnIya:0.933	0	0		0	0	variant-form-in-MW	-1	low-priority	false-friend near form 'srOGnIya' (0.933) - different word, omission stands
sradBU	sradbhū	pw	131838	7-228-c	0	44	0		0		0	0		0	0	confirmed-missing	0	low-priority	
sragvant	sragvant	pw	131827	7-228-b	0	52	0		0	sragvat:0.933	1	1	pwg	0	0	confirmed-missing	0	check	false-friend near form 'sragvat' (0.933) - different word, omission stands
srajvA	srajvā	pw	131837	7-228-c	0	90	0		1	srajvan:0.923	8	7	ap;ap90;lrv;mw72;pwg;shs;skd;vcp	0	0	variant-form-in-MW	15	add-check	false-friend near form 'srajvan' (0.923) - different word, omission stands
srucay	srucay	pw	131903	7-230-a	0	73	0		1	srucaya:0.923	1	1	pwg	0	0	variant-form-in-MW	1	check	false-friend near form 'srucaya' (0.923) - different word, omission stands
srucy	srucy	pw	131906	7-230-a	0	65	0		1		1	1	pwg	0	1	variant-form-in-MW	1	check	
srugmant	srugmant	pw	131897	7-229-c	0	85	0		0	srugmat:0.933	1	1	pwg	0	0	confirmed-missing	1	check	false-friend near form 'srugmat' (0.933) - different word, omission stands
srugvant	srugvant	pw	131898	7-230-a	0	80	0		0	srugvat:0.933	1	1	pwg	0	0	confirmed-missing	1	check	false-friend near form 'srugvat' (0.933) - different word, omission stands
stAmBAyanya	stāmbhāyanya	pw	130507	7-202-a	0	72	0		0	stAmBAyana:0.952	0	0		0	0	confirmed-missing	-1	low-priority	probable orthographic doublet of MW headword 'stAmBAyana' (0.952)
stabDasaMBAra	stabdhasaṃbhāra	pw	130427	7-200-a	0	71	0		0	stabDasamBAra:1.000	1	1	pwg	0	0	confirmed-missing	1	check	vowel-length/case variant of MW headword 'stabDasamBAra' (fold-twin - same lexeme or distinct word needs eyes)
stanUna	stanūna	pw	130401	7-199-c	0	58	0		0		1	1	pwg	0	0	confirmed-missing	2	check	
stanutar	stanutar	pw	130400	7-199-b	0	41	0		0	sanutar:0.933	1	1	pwg	0	0	confirmed-missing	0	check	false-friend near form 'sanutar' (0.933) - different word, omission stands
starkz	starkṣ	pw	130477	7-202-a	0	44	0		0		1	1	pwg	0	0	confirmed-missing	2	check	
stomay	stomay	pw	130630	7-204-b	0	52	0		1	stomaya:0.923	1	1	pwg	0	0	variant-form-in-MW	0	check	false-friend near form 'stomaya' (0.923) - different word, omission stands
strIMmanya	strīṃmanya	pw	130736	7-205-b	0	60	0		0	strImmanya:1.000	1	1	pwg	0	0	confirmed-missing	0	check	vowel-length/case variant of MW headword 'strImmanya' (fold-twin - same lexeme or distinct word needs eyes)
strIdehArGa	strīdehārgha	pw	130687	7-204-c	0	115	0		0		0	0		0	0	confirmed-missing	1	low-priority	
stritarA	stritarā	pw	130650	7-204-b	0	52	0		0	strItarA:1.000	2	2	lrv;pwg	0	0	confirmed-missing	2	add-check	vowel-length/case variant of MW headword 'strItarA' (fold-twin - same lexeme or distinct word needs eyes)
striyaMmanya	striyaṃmanya	pw	130651	7-204-b	0	68	0		0	striyammanya:1.000	1	1	pwg	0	0	confirmed-missing	1	check	vowel-length/case variant of MW headword 'striyammanya' (fold-twin - same lexeme or distinct word needs eyes)
suBagaMBavizRu	subhagaṃbhaviṣṇu	pw	127051	7-156-b	0	80	0		0	suBagamBavizRu:1.000	1	1	pwg	0	0	confirmed-missing	1	check	vowel-length/case variant of MW headword 'suBagamBavizRu' (fold-twin - same lexeme or distinct word needs eyes)
suBrAtar	subhrātar	pw	127130	7-157-c	0	92	0		0	SuBratA:0.933	1	1	pwg	0	0	confirmed-missing	1	check	false-friend near form 'SuBratA' (0.933) - different word, omission stands
suKASaka	sukhāśaka	pw	125921	7-142-a	0	68	0		0	suKAsakta:0.941	5	5	lrv;pwg;shs;wil;yat	0	0	confirmed-missing	9	add-check	false-friend near form 'suKAsakta' (0.941) - different word, omission stands
suKAlukA	sukhālukā	pw	125907	7-141-c	0	78	0		0	sukAlukA:1.000	1	1	pwg	1	1	confirmed-missing	3	check	vowel-length/case variant of MW headword 'sukAlukA' (fold-twin - same lexeme or distinct word needs eyes)
suKArjika	sukhārjika	pw	125904	7-141-c	0	99	0		0	sUkarika:0.941	0	0		1	0	confirmed-missing	1	low-priority	false-friend near form 'sUkarika' (0.941) - different word, omission stands
suKasuKa	sukhasukha	pw	125876	7-141-b	0	54	0		0	suKAsuKa:1.000	2	2	pwg;sch	0	0	confirmed-missing	2	add-check	vowel-length/case variant of MW headword 'suKAsuKa' (fold-twin - same lexeme or distinct word needs eyes)
suKy	sukhy	pw	125956	7-142-b	0	48	0		1		1	1	pwg	0	0	variant-form-in-MW	0	check	pratyayhara/short-form class (PWK lists grammatical elements MW does not headword)
suSayikA	suśayikā	pw	128117	7-169-c	0	50	0		0		1	1	pwg	0	0	confirmed-missing	2	check	
sudAtar	sudātar	pw	126311	7-147-a	0	97	0		0	suDAta:0.923	0	0		0	0	confirmed-missing	-1	low-priority	false-friend near form 'suDAta' (0.923) - different word, omission stands
sudIrGarAjIvaPalA	sudīrgharājīvaphalā	pw	126351	7-147-c	0	65	0		0	sudIrGajIvaPalA:0.938	1	1	pwg	0	0	confirmed-missing	1	check	false-friend near form 'sudIrGajIvaPalA' (0.938) - different word, omission stands
sudinAy	sudināy	pw	126335	7-147-b	0	68	0		1	sudinAya:0.933	1	1	pwg	0	0	variant-form-in-MW	1	check	false-friend near form 'sudinAya' (0.933) - different word, omission stands
sudrazwar	sudraṣṭar	pw	126432	7-148-c	0	120	0		0		1	1	pwg	0	0	confirmed-missing	3	check	
sukfty	sukṛty	pw	125703	7-139-b	0	70	0		1	sukftyA:0.923	1	1	pwg	0	0	variant-form-in-MW	1	check	false-friend near form 'sukftyA' (0.923) - different word, omission stands
sulavant	sulavant	pw	127759	7-165-b	0	52	0		0	sulavat:0.933	1	1	pwg	0	0	confirmed-missing	0	check	false-friend near form 'sulavat' (0.933) - different word, omission stands
sumAtar	sumātar	pw	127244	7-159-a	0	83	0		0	sumata:0.923	1	1	pwg	0	0	confirmed-missing	1	check	false-friend near form 'sumata' (0.923) - different word, omission stands
sumanAy	sumanāy	pw	127183	7-158-b	0	66	0		1	sumanAya:0.933	1	1	pwg	0	0	variant-form-in-MW	1	check	false-friend near form 'sumanAya' (0.933) - different word, omission stands
suraNgayuj	suraṅgayuj	pw	127386	7-160-c	0	108	0		0		5	5	ap;pwg;shs;wil;yat	0	0	confirmed-missing	11	add	
surajAy	surajāy	pw	127394	7-161-a	0	68	0		1	surajAya:0.933	1	1	pwg	0	0	variant-form-in-MW	1	check	false-friend near form 'surajAya' (0.933) - different word, omission stands
surasaMBavA	surasaṃbhavā	pw	127562	7-163-a	0	75	0		0	surasamBavA:1.000	1	1	pwg	0	0	confirmed-missing	1	check	vowel-length/case variant of MW headword 'surasamBavA' (fold-twin - same lexeme or distinct word needs eyes)
susAravant	susāravant	pw	128405	7-173-b	0	52	0		0	susAravat:0.947	1	1	pwg	0	0	confirmed-missing	0	check	false-friend near form 'susAravat' (0.947) - different word, omission stands
susTAla	susthāla	pw	128448	7-173-c	0	78	0		0	susTala:1.000	1	1	pwg	0	0	confirmed-missing	1	check	vowel-length/case variant of MW headword 'susTala' (fold-twin - same lexeme or distinct word needs eyes)
susavI	susavī	pw	128386	7-173-a	0	48	0		1	suSavI:1.000	6	6	ap;pwg;shs;skd;wil;yat	0	0	variant-form-in-MW	10	add-check	vowel-length/case variant of MW headword 'suSavI' (fold-twin - same lexeme or distinct word needs eyes)
suvarDayitar	suvardhayitar	pw	127913	7-167-a	0	74	0		0		1	1	pwg	0	0	confirmed-missing	3	check	
suvarzaka	suvarṣaka	pw	127921	7-167-a	0	82	0		0		0	0		0	0	confirmed-missing	1	low-priority	
sv	sv	pw	131954	7-230-c	0	77	0		1		1	1	pwg	0	1	variant-form-in-MW	1	check	pratyayhara/short-form class (PWK lists grammatical elements MW does not headword)
svANgi	svāṅgi	pw	132924	7-243-c	0	67	0		1		1	1	pwg	0	0	variant-form-in-MW	1	check	
svAQyaMBava	svāḍhyaṃbhava	pw	132937	7-244-a	0	69	0		0	svAQyamBava:1.000	1	1	pwg	0	0	confirmed-missing	1	check	vowel-length/case variant of MW headword 'svAQyamBava' (fold-twin - same lexeme or distinct word needs eyes)
svApakIy	svāpakīy	pw	133046	7-245-b	0	107	0		1	svApakIya:0.941	1	1	pwg	0	0	variant-form-in-MW	1	check	false-friend near form 'svApakIya' (0.941) - different word, omission stands
svAy	svāy	pw	133087	7-245-c	0	52	0		1		1	1	pwg	0	0	variant-form-in-MW	0	check	pratyayhara/short-form class (PWK lists grammatical elements MW does not headword)
svaHkAmy	svaḥkāmy	pw	131957	7-230-c	0	67	0		1	svaHkAmya:0.941	1	1	pwg	0	0	variant-form-in-MW	1	check	false-friend near form 'svaHkAmya' (0.941) - different word, omission stands
svacCawI	svacchaṭī	pw	132013	7-231-b	0	58	0		0		1	1	pwg	0	0	confirmed-missing	2	check	
svakArTa	svakārtha	pw	222023	7-384-b	1	112	0		0	svAkAra:0.933	1	1	sch	0	0	confirmed-missing	1	check	false-friend near form 'svAkAra' (0.933) - different word, omission stands
svarRamAtar	svarṇamātar	pw	132643	7-240-b	0	72	0		0		1	1	pwg	0	0	confirmed-missing	3	check	
svarRavarRA	svarṇavarṇā	pw	132663	7-240-b	0	53	0		1	svarRavarRa:1.000	7	7	ap;pwg;shs;skd;vcp;wil;yat	1	1	variant-form-in-MW	14	add-check	vowel-length/case variant of MW headword 'svarRavarRa' (fold-twin - same lexeme or distinct word needs eyes)
svarasAda	svarasāda	pw	132470	7-238-a	0	83	0		0		0	0		1	1	confirmed-missing	3	low-priority	
svedamAtar	svedamātar	pw	133230	7-248-a	0	72	0		0		0	0		0	0	confirmed-missing	1	low-priority	
tAdayani	tādayani	pw	45166	3-020-c	0	77	0		0	tAdAyani:1.000	1	1	pwg	0	0	confirmed-missing	1	check	vowel-length/case variant of MW headword 'tAdAyani' (fold-twin - same lexeme or distinct word needs eyes)
tAlatI	tālatī	pw	45525	3-025-b	0	48	0		0		1	1	pwg	0	0	confirmed-missing	2	check	
tAmasavana	tāmasavana	pw	45259	3-022-a	0	72	0		0	tamasAvana:1.000	2	2	pwg;sch	0	0	confirmed-missing	3	add-check	vowel-length/case variant of MW headword 'tamasAvana' (fold-twin - same lexeme or distinct word needs eyes)
tAndana	tāndana	pw	45205	3-021-a	0	49	0		0	tanudAna:0.933	4	3	mw72;pwg;wil;yat	0	0	confirmed-missing	6	add-check	false-friend near form 'tanudAna' (0.933) - different word, omission stands
tArIzI	tārīṣī	pw	45467.1	3-024-b	0	23	0		0		0	0		0	0	confirmed-missing	0	low-priority	
tArIza	tārīṣa	pw	45467	3-024-b	0	93	0		0	tarIza:1.000	6	5	bur;mw72;pwg;shs;wil;yat	0	0	confirmed-missing	11	add-check	vowel-length/case variant of MW headword 'tarIza' (fold-twin - same lexeme or distinct word needs eyes)
tArayitar	tārayitar	pw	45419	3-024-a	0	72	0		0		1	1	pwg	0	0	confirmed-missing	3	check	
tAvaMtka	tāvaṃtka	pw	217825	7-345-c	1	71	0		0	tAvatka:0.933	0	0		0	0	confirmed-missing	-1	low-priority	false-friend near form 'tAvatka' (0.933) - different word, omission stands
tAwAvacara	tāṭāvacara	pw	217791	7-345-b	1	110	1	218,16	0		1	1	sch	0	0	confirmed-missing	5	check	
tElaBAvinI	tailabhāvinī	pw	47012	3-043-c	0	69	0		0		5	5	ap;lrv;pwg;skd;vcp	1	1	confirmed-missing	13	add	
tElaMpAtA	tailaṃpātā	pw	47014	3-043-c	0	57	0		0	tElampAtA:1.000	3	3	ap;ap90;pwg	0	0	confirmed-missing	4	add-check	vowel-length/case variant of MW headword 'tElampAtA' (fold-twin - same lexeme or distinct word needs eyes)
tEntiqIka	taintiḍīka	pw	46964	3-043-b	0	115	0		0		4	3	ap;mw72;pwg;vcp	0	0	confirmed-missing	9	add	
tEraRI	tairaṇī	pw	46971.2	3-043-b	0	23	0		1		2	2	skd;vcp	0	0	variant-form-in-MW	2	add-check	
tEtalAyani	taitalāyani	pw	46937	3-043-a	0	71	0		0		1	0	mw72	0	0	confirmed-missing	3	check	
tIkzRapatra	tīkṣṇapatra	pw	46033	3-032-a	0	162	0		0	tIkzRapattra:0.957	4	4	shs;vcp;wil;yat	0	0	confirmed-missing	7	add-check	probable orthographic doublet of MW headword 'tIkzRapattra' (0.957)
tIrTikAvakrAntaka	tīrthikāvakrāntaka	pw	217862	7-346-a	1	139	1	271,4	0		1	1	sch	0	0	confirmed-missing	5	check	
tOdiya	taudiya	pw	47155	3-045-b	0	67	0		0		2	1	mw72;pwg	0	0	confirmed-missing	5	add	
tUbarIkA	tūbarīkā	pw	46591	3-039-b	0	60	0		0	tUbarikA:1.000	0	0		0	0	confirmed-missing	-2	low-priority	vowel-length/case variant of MW headword 'tUbarikA' (fold-twin - same lexeme or distinct word needs eyes)
tUryamARa	tūryamāṇa	pw	46612	3-039-b	0	40	0		0		1	1	pwg	0	0	confirmed-missing	2	check	
tUryamAna	tūryamāna	pw	46612.1	3-039-b	0	23	0		0	turIyamAna:0.947	0	0		0	0	confirmed-missing	-2	low-priority	false-friend near form 'turIyamAna' (0.947) - different word, omission stands
tUtujit	tūtujit	pw	46583	3-039-a	0	83	0		0	tUtuji:0.923	1	1	pwg	0	0	confirmed-missing	1	check	false-friend near form 'tUtuji' (0.923) - different word, omission stands
tUzRISIla	tūṣṇīśīla	pw	46653	3-040-a	0	74	0		0	tUzRIMSIla:0.947	3	3	pwg;shs;yat	0	0	confirmed-missing	5	add-check	false-friend near form 'tUzRIMSIla' (0.947) - different word, omission stands
tUzRoMviprakramaRa	tūṣṇoṃviprakramaṇa	pw	217899	7-346-b	1	172	1	261,81	0	tUzRIMviprakramaRa:0.944	0	0		0	0	confirmed-missing	1	low-priority	false-friend near form 'tUzRIMviprakramaRa' (0.944) - different word, omission stands
taTAgatacintyaguhyanirdeSa	tathāgatacintyaguhyanirdeśa	pw	217696	7-344-c	1	362	1	65,30	0		1	1	sch	0	0	confirmed-missing	5	check	
taTAgatagupta	tathāgatagupta	pw	44272	3-005-a	0	79	0		0		1	1	pwg	0	0	confirmed-missing	3	check	
taTAgatajYAnamudrAsamADi	tathāgatajñānamudrāsamādhi	pw	217696.1	7-344-c	1	24	0		0		1	1	bhs	0	0	confirmed-missing	2	check	
taTAgatakUpa	tathāgatakūpa	pw	44268	3-005-a	0	76	0		0		1	1	pwg	0	0	confirmed-missing	3	check	
taTAgatamahAkaruRAnirdeSa	tathāgatamahākaruṇānirdeśa	pw	217696.2	7-344-c	1	24	0		0		1	1	bhs	0	0	confirmed-missing	2	check	
taTAgatotpattisaMBavanirdeSa	tathāgatotpattisaṃbhavanirdeśa	pw	217696.3	7-344-c	1	24	0		0		1	1	bhs	0	0	confirmed-missing	2	check	
taTAkArin	tathākārin	pw	217695	7-344-c	1	95	1	126,59	0	tatkArin:0.941	1	1	sch	0	0	confirmed-missing	3	check	false-friend near form 'tatkArin' (0.941) - different word, omission stands
tabalakfti	tabalakṛti	pw	44678	3-012-b	0	68	0		0	tabalAkfti:1.000	0	0		0	0	confirmed-missing	-1	low-priority	vowel-length/case variant of MW headword 'tabalAkfti' (fold-twin - same lexeme or distinct word needs eyes)
tada	tada	pw	44299	3-005-c	0	95	0		1	tadA:1.000	2	2	pwg;wil	0	0	variant-form-in-MW	3	add-check	vowel-length/case variant of MW headword 'tadA' (fold-twin - same lexeme or distinct word needs eyes); pratyayhara/short-form class (PWK lists grammatical elements MW does not headword)
tagarapAdI	tagarapādī	pw	44078.2	3-002-a	0	23	0		1	tagarapAdi:1.000	1	1	vcp	0	0	variant-form-in-MW	0	check	vowel-length/case variant of MW headword 'tagarapAdi' (fold-twin - same lexeme or distinct word needs eyes)
takzitar	takṣitar	pw	44073	3-002-a	0	68	0		0		1	1	pwg	0	0	confirmed-missing	3	check	
talavarga	talavarga	pw	217778	7-345-b	1	106	0		0	talavara:0.941	2	2	bhs;sch	0	0	confirmed-missing	3	add-check	false-friend near form 'talavara' (0.941) - different word, omission stands
tamastamaHparAyaRa	tamastamaḥparāyaṇa	pw	217751	7-345-a	1	87	1	147	0		1	1	sch	0	0	confirmed-missing	5	check	
tamojyotizparAyaRa	tamojyotiṣparāyaṇa	pw	217754	7-345-a	1	87	1	147	0		1	1	sch	0	0	confirmed-missing	5	check	
tannI	tannī	pw	44548.1	3-009-c	0	23	0		1	tanni:1.000	2	1	mw72;pwg	0	0	variant-form-in-MW	2	add-check	vowel-length/case variant of MW headword 'tanni' (fold-twin - same lexeme or distinct word needs eyes)
tantasy	tantasy	pw	44463	3-008-c	0	64	0		1	tantasya:0.933	1	1	pwg	1	0	variant-form-in-MW	3	check	false-friend near form 'tantasya' (0.933) - different word, omission stands
tanuvAraBasa	tanuvārabhasa	pw	44422	3-008-a	0	73	0		0		4	4	sch;shs;wil;yat	0	0	confirmed-missing	9	add	
tarItar	tarītar	pw	44829	3-015-c	0	66	0		0	taritA:0.923	1	1	pwg	0	0	confirmed-missing	1	check	false-friend near form 'taritA' (0.923) - different word, omission stands
tarP	tarph	pw	44967	3-018-a	0	53	0		0		1	1	pwg	0	0	confirmed-missing	0	check	pratyayhara/short-form class (PWK lists grammatical elements MW does not headword)
tarUtar	tarūtar	pw	44889	3-016-b	0	66	0		0	tarutA:0.923	1	1	pwg	0	0	confirmed-missing	1	check	false-friend near form 'tarutA' (0.923) - different word, omission stands
taraRy	taraṇy	pw	44777	3-015-b	0	46	0		1	taraRya:0.923	1	1	pwg	0	0	variant-form-in-MW	0	check	false-friend near form 'taraRya' (0.923) - different word, omission stands
tariRy	tariṇy	pw	44820	3-015-c	0	65	0		0		1	1	pwg	0	0	confirmed-missing	3	check	
taritar	taritar	pw	44821	3-015-c	0	66	0		0	tArita:0.923	1	1	pwg	0	0	confirmed-missing	1	check	false-friend near form 'tArita' (0.923) - different word, omission stands
tarkila	tarkila	pw	44926	3-017-a	0	66	0		0	takila:0.923	5	5	bur;shs;vcp;wil;yat	0	0	confirmed-missing	9	add-check	false-friend near form 'takila' (0.923) - different word, omission stands
tarkuSARa	tarkuśāṇa	pw	44933	3-017-a	0	117	0		0	tarusAra:0.941	5	5	pwg;shs;vcp;wil;yat	0	0	confirmed-missing	9	add-check	false-friend near form 'tarusAra' (0.941) - different word, omission stands
tarkz	tarkṣ	pw	44935	3-017-a	0	45	0		1		1	1	pwg	0	0	variant-form-in-MW	0	check	
tarpili	tarpili	pw	44966	3-018-a	0	78	0		0		1	1	pwg	0	0	confirmed-missing	3	check	
tarpilikA	tarpilikā	pw	44966.1	3-018-a	0	23	0		0		0	0		0	0	confirmed-missing	0	low-priority	
tatoBavant	tatobhavant	pw	44181	3-003-b	0	55	0		0	tatoBavat:0.947	1	1	pwg	0	0	confirmed-missing	0	check	false-friend near form 'tatoBavat' (0.947) - different word, omission stands
tattvasaMcaya	tattvasaṃcaya	pw	44228.04	3-004-b	0	23	0		0		1	1	pwg	0	0	confirmed-missing	2	check	
tejaHsaMBava	tejaḥsaṃbhava	pw	46885	3-042-b	0	52	0		0	tejaHsamBava:1.000	1	1	pwg	0	0	confirmed-missing	0	check	vowel-length/case variant of MW headword 'tejaHsamBava' (fold-twin - same lexeme or distinct word needs eyes)
teqa	teḍa	pw	46913	3-042-c	0	61	0		0		0	0		0	0	confirmed-missing	-1	low-priority	pratyayhara/short-form class (PWK lists grammatical elements MW does not headword)
tfRAMhripa	tṛṇāṃhripa	pw	46745	3-040-c	0	89	0		0		2	2	pwg;vcp	0	0	confirmed-missing	5	add	
tfRANGripa	tṛṇāṅghripa	pw	46749	3-040-c	0	75	0		0		1	1	pwg	0	0	confirmed-missing	3	check	
tfRamatkuRa	tṛṇamatkuṇa	pw	46721	3-040-c	0	65	0		0		5	5	lrv;shs;vcp;wil;yat	0	0	confirmed-missing	11	add	
tfmPaRIya	tṛmphaṇīya	pw	46826	3-041-c	0	83	0		0	tfmpaRIya:1.000	1	0	mw72	0	0	confirmed-missing	1	check	vowel-length/case variant of MW headword 'tfmpaRIya' (fold-twin - same lexeme or distinct word needs eyes)
tfmPaRa	tṛmphaṇa	pw	46825	3-041-c	0	77	0		0	tfmpaRa:1.000	2	1	mw72;pwg	0	0	confirmed-missing	3	add-check	vowel-length/case variant of MW headword 'tfmpaRa' (fold-twin - same lexeme or distinct word needs eyes)
tfpAy	tṛpāy	pw	46805	3-041-b	0	63	0		1		1	1	pwg	0	0	variant-form-in-MW	1	check	
tfptAy	tṛptāy	pw	46810	3-041-b	0	74	0		0		1	1	pwg	0	0	confirmed-missing	3	check	
tfptin	tṛptin	pw	46815	3-041-c	0	63	0		0		2	1	mw72;pwg	0	0	confirmed-missing	5	add	
tiktakAndikA	tiktakāndikā	pw	45642.1	3-027-a	0	23	0		0	tiktakandikA:1.000	0	0		0	0	confirmed-missing	-2	low-priority	vowel-length/case variant of MW headword 'tiktakandikA' (fold-twin - same lexeme or distinct word needs eyes)
tilakocavaka	tilakocavaka	pw	217849	7-345-d	1	101	1	238,29	0		2	2	bhs;sch	0	0	confirmed-missing	7	add	
tilicCa	tiliccha	pw	45980	3-031-a	0	75	0		0		1	1	pwg	0	0	confirmed-missing	3	check	
tirasy	tirasy	pw	45835	3-029-b	0	52	0		1	tirasya:0.923	1	1	pwg	0	0	variant-form-in-MW	0	check	false-friend near form 'tirasya' (0.923) - different word, omission stands
toyAdivAsinI	toyādivāsinī	pw	47110	3-044-c	0	111	0		0	toyADivAsinI:1.000	0	0		0	0	confirmed-missing	-1	low-priority	vowel-length/case variant of MW headword 'toyADivAsinI' (fold-twin - same lexeme or distinct word needs eyes)
toyam	toyam	pw	47090	3-044-c	0	65	0		1		2	2	ap;pwg	0	1	variant-form-in-MW	3	add-check	
trEgartAyani	traigartāyani	pw	48005	3-056-c	0	48	0		1		0	0		0	0	variant-form-in-MW	-2	low-priority	
trapra	trapra	pw	47231	3-046-c	0	73	0		0		2	1	mw72;pwg	0	0	confirmed-missing	5	add	
trapuwI	trapuṭī	pw	47225	3-046-c	0	99	0		0		4	3	mw72;pwg;skd;vcp	0	0	confirmed-missing	9	add	
trayaDA	trayadhā	pw	47235	3-046-c	0	108	0		0		3	3	cae;ccs;gra	0	0	confirmed-missing	7	add	
triSiKin	triśikhin	pw	47850	3-054-c	0	73	0		0	triSiKI:0.933	1	1	pwg	0	0	confirmed-missing	1	check	false-friend near form 'triSiKI' (0.933) - different word, omission stands
tridAlikA	tridālikā	pw	47491	3-050-b	0	67	0		0	tridalikA:1.000	4	4	pwg;shs;wil;yat	0	0	confirmed-missing	7	add-check	vowel-length/case variant of MW headword 'tridalikA' (fold-twin - same lexeme or distinct word needs eyes)
tridaSan	tridaśan	pw	47467	3-050-a	0	53	0		1	tridaSa:0.933	3	3	shs;wil;yat	0	0	variant-form-in-MW	4	add-check	false-friend near form 'tridaSa' (0.933) - different word, omission stands
tridant	tridant	pw	47458	3-050-a	0	124	0		1	tridantI:0.933	1	1	pwg	0	0	variant-form-in-MW	1	check	false-friend near form 'tridantI' (0.933) - different word, omission stands
triguRA	triguṇā	pw	47410	3-049-b	0	70	0		1	triguRa:1.000	3	3	ap;lrv;skd	0	1	variant-form-in-MW	5	add-check	vowel-length/case variant of MW headword 'triguRa' (fold-twin - same lexeme or distinct word needs eyes)
trikARqaka	trikāṇḍaka	pw	217937	7-346-c	1	67	1	245,313	0		1	1	sch	0	0	confirmed-missing	5	check	
trikvan	trikvan	pw	47390	3-049-a	0	84	0		0		1	1	pwg	0	0	confirmed-missing	3	check	
triprAtihAryasaMpanna	triprātihāryasaṃpanna	pw	217960	7-346-d	1	121	1	1,73	0	triprAtihAryasampanna:1.000	1	1	sch	0	0	confirmed-missing	3	check	vowel-length/case variant of MW headword 'triprAtihAryasampanna' (fold-twin - same lexeme or distinct word needs eyes)
trowihasta	troṭihasta	pw	48097	3-057-c	0	49	0		0		6	6	lrv;pwg;shs;vcp;wil;yat	0	0	confirmed-missing	12	add	
tryAyaRa	tryāyaṇa	pw	48152	3-058-b	0	86	0		0		0	0		0	0	confirmed-missing	1	low-priority	
tuBa	tubha	pw	46280	3-035-a	0	54	0		1		10	9	inm;krm;lrv;mw72;pwg;shs;skd;vcp;wil;yat	0	0	variant-form-in-MW	18	add-check	pratyayhara/short-form class (PWK lists grammatical elements MW does not headword)
tuRava	tuṇava	pw	217866	7-346-a	1	140	1	218,8	0	tURava:1.000	2	2	bhs;sch	1	1	confirmed-missing	7	add-check	vowel-length/case variant of MW headword 'tURava' (fold-twin - same lexeme or distinct word needs eyes)
tuRqikerikA	tuṇḍikerikā	pw	46236	3-034-c	0	87	0		0		2	1	mw72;pwg	1	1	confirmed-missing	7	add	
tulAGawa	tulāghaṭa	pw	46417	3-037-a	0	94	0		0		0	0		0	0	confirmed-missing	1	low-priority	
tuliPalA	tuliphalā	pw	46437.1	3-037-b	0	23	0		0	tUliPalA:1.000	5	5	pwg;shs;skd;vcp;wil	0	0	confirmed-missing	8	add-check	vowel-length/case variant of MW headword 'tUliPalA' (fold-twin - same lexeme or distinct word needs eyes)
tumUla	tumūla	pw	46286	3-035-b	0	34	0		0	tumula:1.000	2	2	pwg;yat	0	0	confirmed-missing	2	add-check	vowel-length/case variant of MW headword 'tumula' (fold-twin - same lexeme or distinct word needs eyes)
tundavant	tundavant	pw	46260	3-035-a	0	58	0		0	tundavat:0.941	1	1	pwg	0	0	confirmed-missing	0	check	false-friend near form 'tundavat' (0.941) - different word, omission stands
turIy	turīy	pw	46369	3-036-b	0	51	0		1		1	1	pwg	0	0	variant-form-in-MW	0	check	
turaMgaka	turaṃgaka	pw	46336	3-036-a	0	186	0		0		1	1	pwg	0	0	confirmed-missing	3	check	
turagapripa	turagapripa	pw	46323	3-035-c	0	73	0		0		0	0		0	0	confirmed-missing	1	low-priority	
tururu	tururu	pw	46382	3-036-b	0	140	0		0		0	0		0	0	confirmed-missing	1	low-priority	
tutAtita	tutātita	pw	46243.1	3-034-c	0	23	0		0		2	2	acc;sch	0	0	confirmed-missing	4	add	
tutTay	tutthay	pw	46247	3-034-c	0	48	0		1	tutTaya:0.923	1	1	pwg	0	0	variant-form-in-MW	0	check	false-friend near form 'tutTaya' (0.923) - different word, omission stands
tuzwu	tuṣṭu	pw	46539	3-038-c	0	70	0		1		8	7	bur;lrv;mw72;pwg;shs;vcp;wil;yat	0	0	variant-form-in-MW	15	add-check	
tvaNmanya	tvaṅmanya	pw	48222	3-059-b	0	83	0		0	tvanmanya:1.000	1	1	pwg	0	0	confirmed-missing	1	check	vowel-length/case variant of MW headword 'tvanmanya' (fold-twin - same lexeme or distinct word needs eyes)
tvacIyaMs	tvacīyaṃs	pw	48237	3-059-b	0	92	0		0	tvacIyas:0.941	1	1	pwg	0	0	confirmed-missing	1	check	false-friend near form 'tvacIyas' (0.941) - different word, omission stands
tvady	tvady	pw	48251	3-059-c	0	64	0		1		1	1	pwg	0	0	variant-form-in-MW	1	check	
tvagvant	tvagvant	pw	48219	3-059-a	0	72	0		0	tvagvat:0.933	1	1	pwg	0	0	confirmed-missing	1	check	false-friend near form 'tvagvat' (0.933) - different word, omission stands
tvalaga	tvalaga	pw	48271	3-060-a	0	80	0		0		2	2	pwg;vcp	0	0	confirmed-missing	5	add	
tvarAyaRa	tvarāyaṇa	pw	48263	3-059-c	0	93	0		0	tarAyaRa:0.941	6	5	mw72;pwg;shs;vcp;wil;yat	0	0	confirmed-missing	11	add-check	false-friend near form 'tarAyaRa' (0.941) - different word, omission stands
tvarAyasy	tvarāyasy	pw	48264	3-059-c	0	48	0		1	tvarAyasya:0.947	1	1	pwg	0	0	variant-form-in-MW	0	check	false-friend near form 'tvarAyasya' (0.947) - different word, omission stands
tvizAMpati	tviṣāṃpati	pw	48303.1	3-060-b	0	23	0		0	tvizAmpati:1.000	2	2	lrv;pwg	1	0	confirmed-missing	4	add-check	vowel-length/case variant of MW headword 'tvizAmpati' (fold-twin - same lexeme or distinct word needs eyes)
tyadAyani	tyadāyani	pw	47197	3-046-b	0	53	0		0	tyAdAyani:1.000	2	1	mw72;pwg	0	0	confirmed-missing	2	add-check	vowel-length/case variant of MW headword 'tyAdAyani' (fold-twin - same lexeme or distinct word needs eyes)
tyada	tyada	pw	47196	3-046-b	0	138	0		1	tyAda:1.000	2	1	mw72;pwg	0	0	variant-form-in-MW	3	add-check	vowel-length/case variant of MW headword 'tyAda' (fold-twin - same lexeme or distinct word needs eyes)
uBApARI	ubhāpāṇī	pw	20537.3	1-251-a	0	23	0		1	uBApARi:1.000	0	0		0	0	variant-form-in-MW	-2	low-priority	vowel-length/case variant of MW headword 'uBApARi' (fold-twin - same lexeme or distinct word needs eyes)
uBAyAbAhu	ubhāyābāhu	pw	20527.2	1-251-a	0	23	0		0	uBayAbAhu:1.000	0	0		0	0	confirmed-missing	-2	low-priority	vowel-length/case variant of MW headword 'uBayAbAhu' (fold-twin - same lexeme or distinct word needs eyes)
uBayAsidDa	ubhayāsiddha	pw	215208	7-326-a	1	137	1	199,91	0		1	1	sch	0	0	confirmed-missing	5	check	
uBayadant	ubhayadant	pw	20500	1-250-c	0	103	0		0	uBayAdanti:0.947	2	2	cae;sch	0	0	confirmed-missing	3	add-check	false-friend near form 'uBayAdanti' (0.947) - different word, omission stands
uBayasaMBava	ubhayasaṃbhava	pw	20517	1-250-c	0	95	0		0	uBayasamBava:1.000	2	2	lrv;pwg	0	0	confirmed-missing	3	add-check	vowel-length/case variant of MW headword 'uBayasamBava' (fold-twin - same lexeme or distinct word needs eyes)
uBayatoBAgavimukta	ubhayatobhāgavimukta	pw	215199	7-325-d	1	178	1	46	0		2	2	bhs;sch	0	0	confirmed-missing	7	add	
uKAsras	ukhāsras	pw	17676	1-215-c	0	90	0		0		0	0		0	0	confirmed-missing	1	low-priority	
uSanaHpriya	uśanaḥpriya	pw	20807	1-254-a	0	92	0		0		0	0		0	0	confirmed-missing	1	low-priority	
uSanastArakA	uśanastārakā	pw	215242	7-326-a	1	110	1	71,6	0		1	1	sch	0	0	confirmed-missing	5	check	
ucCaNga	ucchaṅga	pw	214706	7-322-b	1	135	1	248	0		2	2	bhs;sch	0	0	confirmed-missing	7	add	
uccAmanyu	uccāmanyu	pw	17765	1-217-a	0	98	0		0		1	1	pwg	0	0	confirmed-missing	3	check	
uccUla	uccūla	pw	17777.1	1-217-a	0	23	0		0		7	7	armh;bur;pwg;shs;vcp;wil;yat	0	0	confirmed-missing	14	add	
uccaBAla	uccabhāla	pw	17751	1-216-c	0	101	0		0		0	0		0	0	confirmed-missing	1	low-priority	
uccadru	uccadru	pw	17745	1-216-c	0	90	0		0		0	0		0	0	confirmed-missing	1	low-priority	
uccakzU	uccakṣū	pw	17736	1-216-c	0	170	0		0	uccakzus:0.933	1	1	sch	0	0	confirmed-missing	1	check	false-friend near form 'uccakzus' (0.933) - different word, omission stands
uccalalAwa	uccalalāṭa	pw	17756	1-216-c	0	113	0		1	uccalalAwA:1.000	0	0		0	0	variant-form-in-MW	-1	low-priority	vowel-length/case variant of MW headword 'uccalalAwA' (fold-twin - same lexeme or distinct word needs eyes)
uccalalAwaka	uccalalāṭaka	pw	17756.1	1-216-c	0	23	0		0		0	0		0	0	confirmed-missing	0	low-priority	
uccanAsika	uccanāsika	pw	17747	1-216-c	0	68	0		0		1	1	sch	0	0	confirmed-missing	3	check	
udAsArin	udāsārin	pw	18868	1-230-b	0	63	0		0		1	1	pwg	0	0	confirmed-missing	3	check	
udBAra	udbhāra	pw	19115	1-233-c	0	90	0		0	udaBAra:0.923	0	0		0	0	confirmed-missing	-1	low-priority	false-friend near form 'udaBAra' (0.923) - different word, omission stands
udBAsavant	udbhāsavant	pw	19121	1-233-c	0	65	0		0	udBAsavat:0.947	1	1	pwg	0	0	confirmed-missing	1	check	false-friend near form 'udBAsavat' (0.947) - different word, omission stands
udBija	udbhija	pw	19124	1-233-c	0	48	0		1	udBijja:0.923	5	5	pwg;sch;shs;wil;yat	0	0	variant-form-in-MW	8	add-check	false-friend near form 'udBijja' (0.923) - different word, omission stands
udDUza	uddhūṣa	pw	19089	1-233-b	0	66	0		0	uddUzya:0.923	0	0		0	0	confirmed-missing	-1	low-priority	false-friend near form 'uddUzya' (0.923) - different word, omission stands
udDamacUqA	uddhamacūḍā	pw	19055	1-232-c	0	96	0		0		2	2	pwg;vcp	0	0	confirmed-missing	5	add	
udDaracUqA	uddharacūḍā	pw	19058	1-232-c	0	74	0		0		1	1	pwg	0	0	confirmed-missing	3	check	
udDftakaWina	uddhṛtakaṭhina	pw	214956	7-324-a	1	132	1	281,204	0		1	1	sch	0	0	confirmed-missing	5	check	
udGasa	udghasa	pw	18975	1-231-c	0	47	0		0		8	7	bur;lrv;mw72;pwg;shs;vcp;wil;yat	0	0	confirmed-missing	16	add	
udIcyakAzWa	udīcyakāṣṭha	pw	18899	1-230-c	0	72	0		0		0	0		0	0	confirmed-missing	1	low-priority	
udaBfjja	udabhṛjja	pw	18704	1-228-c	0	85	0		0		1	1	pwg	0	0	confirmed-missing	3	check	
udaSvitvant	udaśvitvant	pw	18808	1-229-c	0	72	0		0	udaSvitvat:0.952	0	0		0	0	confirmed-missing	-1	low-priority	probable orthographic doublet of MW headword 'udaSvitvat' (0.952)
udabudDa	udabuddha	pw	18702	1-228-c	0	92	0		0	udbudDa:0.933	0	0		0	0	confirmed-missing	-1	low-priority	false-friend near form 'udbudDa' (0.933) - different word, omission stands
udakIy	udakīy	pw	18612	1-227-b	0	63	0		1	udakIya:0.923	1	1	pwg	0	0	variant-form-in-MW	1	check	false-friend near form 'udakIya' (0.923) - different word, omission stands
udamajja	udamajja	pw	18704.1	1-228-c	0	23	0		0		0	0		0	0	confirmed-missing	0	low-priority	
udameya	udameya	pw	18708	1-228-c	0	92	0		0		0	0		0	0	confirmed-missing	1	low-priority	
udaravant	udaravant	pw	18761	1-229-b	0	56	0		0	udaravat:0.941	1	1	pwg	0	0	confirmed-missing	0	check	false-friend near form 'udaravat' (0.941) - different word, omission stands
udavApa	udavāpa	pw	18794	1-229-c	0	101	0		0	udvApa:0.923	2	2	pwg;vcp	0	1	confirmed-missing	3	add-check	false-friend near form 'udvApa' (0.923) - different word, omission stands
udayAna	udayāna	pw	18740	1-229-a	0	83	0		0	udayana:1.000	0	0		0	0	confirmed-missing	-1	low-priority	vowel-length/case variant of MW headword 'udayana' (fold-twin - same lexeme or distinct word needs eyes)
udbAhulaka	udbāhulaka	pw	19103.2	1-233-b	0	23	0		0		1	1	pwg	0	0	confirmed-missing	2	check	
uddAnaka	uddānaka	pw	19004	1-232-a	0	88	0		0		0	0		1	0	confirmed-missing	3	low-priority	
uddaMSaka	uddaṃśaka	pw	18994.1	1-232-a	0	23	0		0		0	0		0	0	confirmed-missing	0	low-priority	
udgAna	udgāna	pw	204211	3-257-a	1	129	0		0	udGana:1.000	1	1	sch	0	0	confirmed-missing	1	check	vowel-length/case variant of MW headword 'udGana' (fold-twin - same lexeme or distinct word needs eyes)
udgArakamaRi	udgārakamaṇi	pw	18941	1-231-b	0	76	0		0		0	0		0	0	confirmed-missing	1	low-priority	
udgUraRa	udgūraṇa	pw	214935.1	7-323-d	1	24	0		0	udgUrRa:0.933	0	0		1	0	confirmed-missing	0	low-priority	false-friend near form 'udgUrRa' (0.933) - different word, omission stands
udguRWikA	udguṇṭhikā	pw	214934	7-323-d	1	151	1	263,17	0		1	1	bhs	0	0	confirmed-missing	5	check	
udguraRa	udguraṇa	pw	214935	7-323-d	1	138	1	261,53	0	udgUrRa:0.933	2	2	bhs;sch	0	0	confirmed-missing	5	add-check	false-friend near form 'udgUrRa' (0.933) - different word, omission stands
udumbaracCadA	udumbaracchadā	pw	18908	1-231-a	0	286	0		0		0	0		1	1	confirmed-missing	3	low-priority	
udumbaradalA	udumbaradalā	pw	18908.1	1-231-a	0	23	0		0		3	3	pwg;skd;vcp	1	1	confirmed-missing	8	add	
udumbarakfmi	udumbarakṛmi	pw	18907	1-231-a	0	101	0		0		0	0		0	0	confirmed-missing	1	low-priority	
udumbaramaSaka	udumbaramaśaka	pw	18909	1-231-a	0	103	0		0		0	0		0	0	confirmed-missing	1	low-priority	
udvAma	udvāma	pw	19216	1-235-a	0	132	0		0	udvaMSa:0.923	0	0		0	0	confirmed-missing	-1	low-priority	false-friend near form 'udvaMSa' (0.923) - different word, omission stands
udvAsavant	udvāsavant	pw	19223	1-235-a	0	70	0		0	udvAsavat:0.947	1	1	pwg	0	0	confirmed-missing	1	check	false-friend near form 'udvAsavat' (0.947) - different word, omission stands
udva	udva	pw	19184	1-234-b	0	99	0		1	udvA:1.000	1	1	pwg	0	0	variant-form-in-MW	1	check	vowel-length/case variant of MW headword 'udvA' (fold-twin - same lexeme or distinct word needs eyes); pratyayhara/short-form class (PWK lists grammatical elements MW does not headword)
udyUTikAgamana	udyūthikāgamana	pw	214971	7-324-a	1	188	1	261	0		1	1	sch	0	0	confirmed-missing	5	check	
ugraBA	ugrabhā	pw	17708	1-216-a	0	89	0		0	udgrABa:0.923	0	0		0	0	confirmed-missing	-1	low-priority	false-friend near form 'udgrABa' (0.923) - different word, omission stands
ugradant	ugradant	pw	17697	1-216-a	0	100	0		1	ugradanta:0.941	0	0		0	0	variant-form-in-MW	-1	low-priority	false-friend near form 'ugradanta' (0.941) - different word, omission stands
ugraduhitar	ugraduhitar	pw	17699	1-216-a	0	66	0		0		1	1	pwg	0	0	confirmed-missing	3	check	
ugrasenasuta	ugrasenasuta	pw	17719.1	1-216-b	0	23	0		0		1	1	inm	0	0	confirmed-missing	2	check	
uhAra	uhāra	pw	206936	5-250-c	1	98	0		0		1	1	sch	0	0	confirmed-missing	3	check	
ujjaNkikA	ujjaṅkikā	pw	214717	7-322-b	1	122	1	263	0		1	1	bhs	0	0	confirmed-missing	5	check	
ujjahijoqa	ujjahijoḍa	pw	17866	1-218-a	0	138	0		0		0	0		0	0	confirmed-missing	1	low-priority	
ulaBIya	ulabhīya	pw	202798	2-296-a	1	115	0		0		1	1	sch	0	0	confirmed-missing	3	check	
ulaRq	ulaṇḍ	pw	20719	1-253-a	0	47	0		0		2	2	ben;pwg	0	0	confirmed-missing	4	add	
ullaNGikA	ullaṅghikā	pw	215232	7-326-a	1	90	1	263,24	0		2	2	bhs;sch	0	0	confirmed-missing	7	add	
ulluka	ulluka	pw	215238	7-326-a	1	88	1	167,53	0		2	2	bhs;sch	0	0	confirmed-missing	7	add	
uluRqa	uluṇḍa	pw	20728	1-253-a	0	64	0		0		1	1	pwg	0	0	confirmed-missing	3	check	
uluka	uluka	pw	215229	7-326-a	1	146	1	167,53	0	ulUka:1.000	2	2	bhs;sch	0	0	confirmed-missing	5	add-check	vowel-length/case variant of MW headword 'ulUka' (fold-twin - same lexeme or distinct word needs eyes)
ulya	ulya	pw	20766	1-253-c	0	72	0		0		1	1	pwg	0	0	confirmed-missing	1	check	pratyayhara/short-form class (PWK lists grammatical elements MW does not headword)
umApuzpakazAya	umāpuṣpakaṣāya	pw	20552	1-251-a	0	76	0		0		1	1	pwg	0	0	confirmed-missing	3	check	
umBi	umbhi	pw	20566	1-251-b	0	47	0		1	umbI:1.000	2	2	pwg;vcp	0	0	variant-form-in-MW	2	add-check	vowel-length/case variant of MW headword 'umbI' (fold-twin - same lexeme or distinct word needs eyes); pratyayhara/short-form class (PWK lists grammatical elements MW does not headword)
upAjina	upājina	pw	20301	1-248-a	0	55	0		1	upAjinam:0.933	2	2	pwg;vcp	0	0	variant-form-in-MW	2	add-check	false-friend near form 'upAjinam' (0.933) - different word, omission stands
upAva	upāva	pw	20366	1-249-a	0	63	0		1	upavA:1.000	1	1	pwg	0	0	variant-form-in-MW	1	check	vowel-length/case variant of MW headword 'upavA' (fold-twin - same lexeme or distinct word needs eyes)
upaQokana	upaḍhokana	pw	19567	1-239-b	0	64	0		0	upaQOkana:1.000	0	0		0	0	confirmed-missing	-1	low-priority	vowel-length/case variant of MW headword 'upaQOkana' (fold-twin - same lexeme or distinct word needs eyes)
upaSlokay	upaślokay	pw	20077	1-245-b	0	71	0		1	upaSlokaya:0.947	2	2	pwg;sch	0	0	variant-form-in-MW	3	add-check	false-friend near form 'upaSlokaya' (0.947) - different word, omission stands
upacAyaka	upacāyaka	pw	215026	7-324-c	1	90	1	126	0	upacAyyaka:0.947	2	2	bhs;sch	1	0	confirmed-missing	7	add-check	false-friend near form 'upacAyyaka' (0.947) - different word, omission stands
upacAyyapfqa	upacāyyapṛḍa	pw	19509	1-238-c	0	102	0		0		0	0		1	0	confirmed-missing	3	low-priority	
upadAtar	upadātar	pw	19595	1-239-c	0	105	0		0		1	1	pwg	0	0	confirmed-missing	3	check	
upadrotar	upadrotar	pw	215046	7-324-d	1	111	1	146	0		2	2	bhs;sch	0	0	confirmed-missing	7	add	
upagOra	upagaura	pw	19478	1-238-a	0	56	0		0	upAgra:0.923	2	2	pwg;vcp	0	0	confirmed-missing	2	add-check	false-friend near form 'upAgra' (0.923) - different word, omission stands
upagUQaka	upagūḍhaka	pw	19474	1-238-a	0	56	0		0		1	1	bhs	0	0	confirmed-missing	2	check	
upaguqa	upaguḍa	pw	19469	1-238-a	0	117	0		0	upagUQa:1.000	0	0		0	0	confirmed-missing	-1	low-priority	vowel-length/case variant of MW headword 'upagUQa' (fold-twin - same lexeme or distinct word needs eyes)
upakrantar	upakrantar	pw	19421	1-237-b	0	63	0		0	upakrAnta:0.947	1	1	pwg	0	0	confirmed-missing	1	check	false-friend near form 'upakrAnta' (0.947) - different word, omission stands
upalaDipriya	upaladhipriya	pw	19938	1-243-c	0	72	0		0		3	2	mw72;pwg;vcp	0	0	confirmed-missing	7	add	
upamAtar	upamātar	pw	19806	1-242-b	0	46	0		0		2	2	pwg;sch	0	0	confirmed-missing	4	add	
upanIvi	upanīvi	pw	19706	1-241-a	0	81	0		0	upaniviS:0.933	2	2	sch;stc	1	1	confirmed-missing	5	add-check	false-friend near form 'upaniviS' (0.933) - different word, omission stands
upapadyaparinirvAyin	upapadyaparinirvāyin	pw	215072	7-324-d	1	172	1	46	0		1	1	sch	0	0	confirmed-missing	5	check	
upaparIkzitavya	upaparīkṣitavya	pw	215075	7-325-a	1	108	1	245,1047	0		1	1	sch	0	0	confirmed-missing	5	check	
uparima	uparima	pw	215097	7-325-a	1	89	1	15	0		2	2	bhs;sch	1	0	confirmed-missing	9	add	
upasUryaga	upasūryaga	pw	20152	1-246-b	0	72	0		0		0	0		0	0	confirmed-missing	1	low-priority	
upasamid	upasamid	pw	20121	1-246-a	0	76	0		0	upasaMBid:0.941	2	1	mw72;pwg	0	0	confirmed-missing	3	add-check	false-friend near form 'upasaMBid' (0.941) - different word, omission stands
upaskAram	upaskāram	pw	201734	1-299-a	1	70	0		1	upaskAra:0.941	1	1	sch	0	1	variant-form-in-MW	1	check	false-friend near form 'upaskAra' (0.941) - different word, omission stands
upaskIrRa	upaskīrṇa	pw	201735	1-299-a	1	85	0		0	upakIrRa:0.941	2	2	sch;vcp	0	0	confirmed-missing	3	add-check	false-friend near form 'upakIrRa' (0.941) - different word, omission stands
upataptar	upataptar	pw	19570.1	1-239-b	0	23	0		0	upatapta:0.941	1	1	pwg	0	0	confirmed-missing	0	check	false-friend near form 'upatapta' (0.941) - different word, omission stands
upatasvin	upatasvin	pw	19573	1-239-b	0	67	0		0		1	1	pwg	0	0	confirmed-missing	3	check	
upavastar	upavastar	pw	19983	1-244-b	0	60	0		0	upavasta:0.941	1	1	pwg	0	0	confirmed-missing	0	check	false-friend near form 'upavasta' (0.941) - different word, omission stands
upavizARikA	upaviṣāṇikā	pw	20009	1-244-c	0	75	0		0		0	0		1	1	confirmed-missing	3	low-priority	
upayAmavant	upayāmavant	pw	19843	1-242-c	0	73	0		0	upayAmavat:0.952	1	1	pwg	0	0	confirmed-missing	1	check	probable orthographic doublet of MW headword 'upayAmavat' (0.952)
uq	uḍ	pw	17911	1-218-c	0	32	0		1		1	1	pwg	0	0	variant-form-in-MW	0	check	pratyayhara/short-form class (PWK lists grammatical elements MW does not headword)
uqqIvin	uḍḍīvin	pw	17941	1-219-a	0	91	0		0		1	1	pwg	0	0	confirmed-missing	3	check	
uquloma	uḍuloma	pw	17925	1-218-c	0	90	0		1	uquloman:0.933	0	0		0	0	variant-form-in-MW	-1	low-priority	false-friend near form 'uquloman' (0.933) - different word, omission stands
uqupapriyA	uḍupapriyā	pw	17922	1-218-c	0	87	0		0		0	0		0	0	confirmed-missing	1	low-priority	
uralya	uralya	pw	20589.1	1-251-c	0	23	0		0		0	0		0	0	confirmed-missing	0	low-priority	
urasvant	urasvant	pw	20605	1-251-c	0	54	0		0	urasvat:0.933	1	1	pwg	0	0	confirmed-missing	0	check	false-friend near form 'urasvat' (0.933) - different word, omission stands
urasy	urasy	pw	20603	1-251-c	0	50	0		1		1	1	pwg	0	1	variant-form-in-MW	0	check	
urukzayas	urukṣayas	pw	20623	1-252-a	0	86	0		1	urukzaya:0.941	0	0		0	0	variant-form-in-MW	-1	low-priority	false-friend near form 'urukzaya' (0.941) - different word, omission stands
urvaSivallaBa	urvaśivallabha	pw	20705.1	1-252-c	0	23	0		0	urvaSIvallaBa:1.000	0	0		0	0	confirmed-missing	-2	low-priority	vowel-length/case variant of MW headword 'urvaSIvallaBa' (fold-twin - same lexeme or distinct word needs eyes)
usrIy	usrīy	pw	20952	1-255-c	0	59	0		1		1	1	pwg	0	0	variant-form-in-MW	0	check	
utTeya	uttheya	pw	18356	1-224-b	0	83	0		0		0	0		0	0	confirmed-missing	1	low-priority	
utaTyAnujanman	utathyānujanman	pw	17955.1	1-219-a	0	23	0		0		5	5	ap;lrv;shs;wil;yat	0	0	confirmed-missing	10	add	
utkArika	utkārika	pw	214742	7-322-c	1	66	1	245,1210	1	utkArikA:1.000	2	2	bhs;sch	0	0	variant-form-in-MW	5	add-check	vowel-length/case variant of MW headword 'utkArikA' (fold-twin - same lexeme or distinct word needs eyes)
utkAy	utkāy	pw	18010	1-220-a	0	48	0		1		1	1	pwg	0	0	variant-form-in-MW	0	check	
utkarzam	utkarṣam	pw	17995	1-219-c	0	62	0		1	utkarza:0.933	0	0		0	1	variant-form-in-MW	-1	low-priority	false-friend near form 'utkarza' (0.933) - different word, omission stands
utkfzwikA	utkṛṣṭikā	pw	214752	7-322-c	1	95	1	263,18	0		2	2	bhs;sch	0	0	confirmed-missing	7	add	
utkowa	utkoṭa	pw	18046	1-220-b	0	62	0		1	utkoWa:1.000	3	3	ieg;pwg;sch	0	0	variant-form-in-MW	5	add-check	vowel-length/case variant of MW headword 'utkoWa' (fold-twin - same lexeme or distinct word needs eyes)
utkrAntyavasTa	utkrāntyavastha	pw	18059	1-220-b	0	166	0		0		0	0		0	0	confirmed-missing	1	low-priority	
utkuwukikA	utkuṭukikā	pw	214748	7-322-c	1	135	1	263,25	0		2	2	bhs;sch	0	0	confirmed-missing	7	add	
utpacavipacA	utpacavipacā	pw	18359.1	1-224-b	0	23	0		0		0	0		0	0	confirmed-missing	0	low-priority	
utpalamAlaBArin	utpalamālabhārin	pw	18397	1-224-c	0	110	0		0	utpalamAlABarin:1.000	0	0		0	0	confirmed-missing	-1	low-priority	vowel-length/case variant of MW headword 'utpalamAlABarin' (fold-twin - same lexeme or distinct word needs eyes)
utpatitar	utpatitar	pw	18367	1-224-b	0	84	0		0	utpatita:0.941	1	1	pwg	0	0	confirmed-missing	1	check	false-friend near form 'utpatita' (0.941) - different word, omission stands
utpatyapAkalA	utpatyapākalā	pw	18378	1-224-c	0	125	0		0		1	1	pwg	0	0	confirmed-missing	3	check	
utpucCay	utpucchay	pw	18449	1-225-b	0	83	0		1	utpucCaya:0.941	0	0		0	0	variant-form-in-MW	-1	low-priority	false-friend near form 'utpucCaya' (0.941) - different word, omission stands
utputa	utputa	pw	18452	1-225-b	0	75	0		0	utpUta:1.000	2	2	pwg;vcp	0	0	confirmed-missing	3	add-check	vowel-length/case variant of MW headword 'utpUta' (fold-twin - same lexeme or distinct word needs eyes)
utsAhavala	utsāhavala	pw	18522	1-226-b	0	62	0		0		1	1	pwg	0	0	confirmed-missing	3	check	
utsaNgavala	utsaṅgavala	pw	18483	1-225-c	0	64	0		0		1	1	pwg	0	0	confirmed-missing	3	check	
utsadana	utsadana	pw	214849	7-323-b	1	152	1	245,379	0	utsAdana:1.000	2	2	bhs;sch	1	0	confirmed-missing	7	add-check	vowel-length/case variant of MW headword 'utsAdana' (fold-twin - same lexeme or distinct word needs eyes)
utsrAvin	utsrāvin	pw	206874	5-250-a	1	101	0		0		2	2	md;sch	0	0	confirmed-missing	5	add	
utsukAy	utsukāy	pw	18531	1-226-c	0	61	0		1	utsukAya:0.933	1	1	pwg	0	0	variant-form-in-MW	1	check	false-friend near form 'utsukAya' (0.933) - different word, omission stands
utsukI	utsukī	pw	18532	1-226-c	0	96	0		1		0	0		0	0	variant-form-in-MW	-1	low-priority	
uttApin	uttāpin	pw	18310	1-223-c	0	52	0		0		1	1	pwg	0	0	confirmed-missing	2	check	
uttamadyuti	uttamadyuti	pw	214771	7-322-d	1	101	1	22	0		1	1	sch	0	0	confirmed-missing	5	check	
uttamaraTya	uttamarathya	pw	18106	1-221-a	0	61	0		0		1	1	pwg	0	0	confirmed-missing	3	check	
uttarAcamana	uttarācamana	pw	18236	1-222-c	0	88	0		0		0	0		0	0	confirmed-missing	1	low-priority	
uttarAtanaya	uttarātanaya	pw	18238	1-222-c	0	91	0		0		0	0		0	0	confirmed-missing	1	low-priority	
uttaramantrin	uttaramantrin	pw	214787	7-323-a	1	133	1	154	0		3	3	bhs;ieg;sch	0	0	confirmed-missing	9	add	
uttaramanuzyaDarmArocana	uttaramanuṣyadharmārocana	pw	214786	7-323-a	1	196	1	261	0		1	1	sch	0	0	confirmed-missing	5	check	
uttaramanuzyaDarmapralApa	uttaramanuṣyadharmapralāpa	pw	214785	7-322-d	1	158	1	257	0		1	1	sch	0	0	confirmed-missing	5	check	
uttariDvajAgramaRi	uttaridhvajāgramaṇi	pw	214804	7-323-a	1	172	1	248	0		1	1	sch	0	0	confirmed-missing	5	check	
uttuRqikA	uttuṇḍikā	pw	18324	1-223-c	0	205	0		0		0	0		0	0	confirmed-missing	1	low-priority	
uyamAnavaDana	uyamānavadhana	pw	215210	7-326-a	1	70	0		0		0	0		0	0	confirmed-missing	1	low-priority	
uzRIpaSiraska	uṣṇīpaśiraska	pw	215252	7-326-b	1	165	1	17	0		0	0		0	0	confirmed-missing	3	low-priority	
uzRIzavijayaDAraRI	uṣṇīṣavijayadhāraṇī	pw	206934.1	5-250-c	1	24	0		0		0	0		0	0	confirmed-missing	0	low-priority	
uzRaBojin	uṣṇabhojin	pw	20902	1-255-b	0	69	0		0		1	1	pwg	0	0	confirmed-missing	3	check	
uzadaSva	uṣadaśva	pw	20836	1-254-c	0	93	0		0		0	0		0	0	confirmed-missing	1	low-priority	
uzasy	uṣasy	pw	20845	1-254-c	0	43	0		1		1	1	pwg	0	1	variant-form-in-MW	0	check	
uzmAy	uṣmāy	pw	20941	1-255-c	0	81	0		1		2	2	pwg;sch	0	0	variant-form-in-MW	3	add-check	
uzmopamama	uṣmopamama	pw	20941.1	1-255-c	0	23	0		0		0	0		0	0	confirmed-missing	0	low-priority	
uzwraDUsaraparicCadA	uṣṭradhūsaraparicchadā	pw	20870	1-255-a	0	85	0		0		0	0		0	0	confirmed-missing	1	low-priority	
uzwrapramARa	uṣṭrapramāṇa	pw	20874	1-255-a	0	101	0		0		0	0		0	0	confirmed-missing	1	low-priority	
vARadaRqa	vāṇadaṇḍa	pw	100207	6-058-b	0	53	0		0	vajradaRqa:0.947	5	5	ben;pwg;shs;wil;yat	0	0	confirmed-missing	8	add-check	false-friend near form 'vajradaRqa' (0.947) - different word, omission stands
vARijaviDa	vāṇijavidha	pw	100219	6-058-b	0	71	0		0		0	0		0	0	confirmed-missing	1	low-priority	
vAcasAMpati	vācasāṃpati	pw	100008	6-055-b	0	85	0		0	vAcasAmpati:1.000	2	2	lrv;pwg	0	0	confirmed-missing	3	add-check	vowel-length/case variant of MW headword 'vAcasAmpati' (fold-twin - same lexeme or distinct word needs eyes)
vAcy	vācy	pw	100038	6-055-c	0	64	0		1		1	1	pwg	0	1	variant-form-in-MW	1	check	pratyayhara/short-form class (PWK lists grammatical elements MW does not headword)
vAhadvizant	vāhadviṣant	pw	101511	6-075-a	0	51	0		0	vAhadvizat:0.952	0	0		1	0	confirmed-missing	0	low-priority	probable orthographic doublet of MW headword 'vAhadvizat' (0.952)
vAkrya	vākrya	pw	99859	6-053-b	0	70	0		0	vakraya:0.923	1	1	pwg	0	0	confirmed-missing	1	check	false-friend near form 'vakraya' (0.923) - different word, omission stands
vAlmikIya	vālmikīya	pw	101280	6-071-c	0	56	0		0	vAlmIkIya:1.000	1	1	pwg	0	0	confirmed-missing	0	check	vowel-length/case variant of MW headword 'vAlmIkIya' (fold-twin - same lexeme or distinct word needs eyes)
vAlmiki	vālmiki	pw	101279	6-071-c	0	88	0		0	vAlmIki:1.000	5	5	pwg;shs;vcp;wil;yat	0	0	confirmed-missing	9	add-check	vowel-length/case variant of MW headword 'vAlmIki' (fold-twin - same lexeme or distinct word needs eyes)
vArUQa	vārūḍha	pw	101038	6-068-c	0	109	0		1	vArUQA:1.000	1	1	pwg	0	0	variant-form-in-MW	1	check	vowel-length/case variant of MW headword 'vArUQA' (fold-twin - same lexeme or distinct word needs eyes)
vArdAlIvant	vārdālīvant	pw	101117	6-069-c	0	92	0		0	vArdAlIvat:0.952	0	0		0	0	confirmed-missing	-1	low-priority	probable orthographic doublet of MW headword 'vArdAlIvat' (0.952)
vAricAmara	vāricāmara	pw	100935	6-067-c	0	103	0		0		5	5	pwg;shs;vcp;wil;yat	0	0	confirmed-missing	11	add	
vArjya	vārjya	pw	101062	6-069-a	0	100	0		0	varjya:1.000	0	0		0	0	confirmed-missing	-1	low-priority	vowel-length/case variant of MW headword 'varjya' (fold-twin - same lexeme or distinct word needs eyes)
vAtar	vātar	pw	100318	6-059-b	0	45	0		1		1	1	pwg	0	0	variant-form-in-MW	0	check	
vAtay	vātay	pw	100315	6-059-b	0	107	0		1		1	1	pwg	1	0	variant-form-in-MW	3	check	
vAtiNgaRa	vātiṅgaṇa	pw	100419.1	6-060-c	0	24	0		0		5	5	pwg;shs;vcp;wil;yat	0	0	confirmed-missing	10	add	
vAtigama	vātigama	pw	100419	6-060-c	0	89	0		0		2	2	lrv;pwg	0	0	confirmed-missing	5	add	
vEdyamAtar	vaidyamātar	pw	107710	6-167-a	0	74	0		0		1	1	pwg	0	0	confirmed-missing	3	check	
vIRAvant	vīṇāvant	pw	105937	6-143-a	0	140	0		0	vIRAvat:0.933	1	1	pwg	0	0	confirmed-missing	1	check	false-friend near form 'vIRAvat' (0.933) - different word, omission stands
vIjaryA	vījaryā	pw	105907	6-142-c	0	67	0		0	vijarA:0.923	1	1	pwg	0	0	confirmed-missing	1	check	false-friend near form 'vijarA' (0.923) - different word, omission stands
vIrapuzaka	vīrapuṣaka	pw	106066	6-145-a	0	90	0		0		0	0		0	0	confirmed-missing	1	low-priority	
vaBra	vabhra	pw	98267	6-019-a	0	45	0		1		4	4	krm;skd;vcp;wil	0	0	variant-form-in-MW	6	add-check	
vaDUwaSayana	vadhūṭaśayana	pw	97851	6-013-a	0	74	0		0		2	1	mw72;pwg	1	0	confirmed-missing	7	add	
vaDvatI	vadhvatī	pw	97887	6-013-b	0	52	0		0	vAdavatI:0.933	2	1	mw72;pwg	0	0	confirmed-missing	2	add-check	false-friend near form 'vAdavatI' (0.933) - different word, omission stands
vaRwApay	vaṇṭāpay	pw	97699	6-009-c	0	51	0		0		0	0		0	0	confirmed-missing	0	low-priority	
vaSAmant	vaśāmant	pw	99257	6-042-a	0	52	0		0	vaSAmat:0.933	1	1	pwg	0	0	confirmed-missing	0	check	false-friend near form 'vaSAmat' (0.933) - different word, omission stands
vacCala	vacchala	pw	97404	6-005-c	0	52	0		0	vAcCalya:0.933	1	1	pwg	0	0	confirmed-missing	0	check	false-friend near form 'vAcCalya' (0.933) - different word, omission stands
vahitraka	vahitraka	pw	99692.1	6-050-c	0	23	0		0		2	2	lrv;pwg	0	0	confirmed-missing	4	add	
vajrARqI	vajrāṇḍī	pw	97561	6-007-c	0	92	0		1	vajrARqi:1.000	0	0		0	0	variant-form-in-MW	-1	low-priority	vowel-length/case variant of MW headword 'vajrARqi' (fold-twin - same lexeme or distinct word needs eyes)
vajraSakti	vajraśakti	pw	97527	6-007-b	0	92	0		0		0	0		0	0	confirmed-missing	1	low-priority	
vajrakapAlin	vajrakapālin	pw	97418	6-006-b	0	79	0		0		4	4	pwg;shs;wil;yat	0	0	confirmed-missing	9	add	
vakraKura	vakrakhura	pw	97229	6-003-a	0	84	0		0	vaktraKura:0.947	0	0		0	0	confirmed-missing	-1	low-priority	false-friend near form 'vaktraKura' (0.947) - different word, omission stands
valganA	valganā	pw	220988	7-373-a	1	81	1	245,1151	1	valgana:1.000	2	2	bhs;sch	0	0	variant-form-in-MW	5	add-check	vowel-length/case variant of MW headword 'valgana' (fold-twin - same lexeme or distinct word needs eyes)
valginI	valginī	pw	99136	6-040-a	0	63	0		0	vAlinI:0.923	0	0		0	0	confirmed-missing	-1	low-priority	false-friend near form 'vAlinI' (0.923) - different word, omission stands
valkavant	valkavant	pw	99128	6-039-c	0	48	0		0	valkavat:0.941	0	0		0	0	confirmed-missing	-2	low-priority	false-friend near form 'valkavat' (0.941) - different word, omission stands
valkila	valkila	pw	99130	6-039-c	0	45	0		0		6	5	lrv;mw72;pwg;shs;wil;yat	0	0	confirmed-missing	12	add	
valliSUraRa	valliśūraṇa	pw	99201	6-041-a	0	101	0		0	vallisUraRa:1.000	1	1	pwg	0	0	confirmed-missing	1	check	vowel-length/case variant of MW headword 'vallisUraRa' (fold-twin - same lexeme or distinct word needs eyes)
vallidUvI	vallidūvī	pw	99196	6-041-a	0	97	0		0		0	0		0	0	confirmed-missing	1	low-priority	
valmIkasaMBavA	valmīkasaṃbhavā	pw	99159	6-040-b	0	84	0		0	valmIkasamBavA:1.000	0	0		0	0	confirmed-missing	-1	low-priority	vowel-length/case variant of MW headword 'valmIkasamBavA' (fold-twin - same lexeme or distinct word needs eyes)
valmIki	valmīki	pw	99161	6-040-b	0	86	0		1	vAlmIki:1.000	1	1	pwg	0	0	variant-form-in-MW	1	check	vowel-length/case variant of MW headword 'vAlmIki' (fold-twin - same lexeme or distinct word needs eyes)
valyUlay	valyūlay	pw	99162.1	6-040-b	0	23	0		0	valyUla:0.933	0	0		0	0	confirmed-missing	-2	low-priority	false-friend near form 'valyUla' (0.933) - different word, omission stands
valyulay	valyulay	pw	99162	6-040-b	0	74	0		0	valyula:0.933	1	1	pwg	0	0	confirmed-missing	1	check	false-friend near form 'valyula' (0.933) - different word, omission stands
vanDyAkarkowakI	vandhyākarkoṭakī	pw	98198	6-017-b	0	122	0		0	vanDyAkarkawakI:0.933	0	0		1	1	confirmed-missing	1	low-priority	false-friend near form 'vanDyAkarkawakI' (0.933) - different word, omission stands
vanIy	vanīy	pw	98129	6-016-b	0	45	0		1		1	1	pwg	0	0	variant-form-in-MW	0	check	
vanabIjaka	vanabījaka	pw	97985.1	6-014-c	0	23	0		0		0	0		0	0	confirmed-missing	0	low-priority	
vanahAsaka	vanahāsaka	pw	98079	6-015-c	0	75	0		0		1	1	pwg	0	0	confirmed-missing	3	check	
vanakArpAsI	vanakārpāsī	pw	97905.1	6-013-c	0	23	0		0	vanakArpasI:1.000	5	5	ap;pwg;skd;snp;vcp	1	0	confirmed-missing	10	add-check	vowel-length/case variant of MW headword 'vanakArpasI' (fold-twin - same lexeme or distinct word needs eyes)
vanaramBA	vanarambhā	pw	98016	6-015-a	0	78	0		0		0	0		1	1	confirmed-missing	3	low-priority	
vanyopAdakI	vanyopādakī	pw	98216	6-017-c	0	79	0		0		2	1	mw72;pwg	0	0	confirmed-missing	5	add	
vaqaBIkAra	vaḍabhīkāra	pw	97660	6-009-b	0	98	0		0	vAqaBIkAra:1.000	1	1	pwg	0	0	confirmed-missing	1	check	vowel-length/case variant of MW headword 'vAqaBIkAra' (fold-twin - same lexeme or distinct word needs eyes)
varAhadant	varāhadant	pw	98507	6-024-a	0	86	0		1	varAhadanta:0.952	1	1	pwg	0	0	variant-form-in-MW	1	check	probable orthographic doublet of MW headword 'varAhadanta' (0.952)
varAsi	varāsi	pw	98495	6-024-a	0	44	0		0	varASi:1.000	8	7	bur;fri;lrv;mw72;shs;vcp;wil;yat	0	0	confirmed-missing	14	add-check	vowel-length/case variant of MW headword 'varASi' (fold-twin - same lexeme or distinct word needs eyes)
varItar	varītar	pw	98551	6-024-c	0	80	0		0	vArita:0.923	2	2	ccs;pwg	0	0	confirmed-missing	3	add-check	false-friend near form 'vArita' (0.923) - different word, omission stands
varRamAtar	varṇamātar	pw	98753	6-028-a	0	71	0		0		1	1	pwg	0	0	confirmed-missing	3	check	
varRavant	varṇavant	pw	98767	6-028-b	0	128	0		0	varRavat:0.941	1	1	pwg	0	0	confirmed-missing	1	check	false-friend near form 'varRavat' (0.941) - different word, omission stands
varS	varś	pw	98953	6-037-b	0	46	0		0		1	1	pwg	0	0	confirmed-missing	0	check	pratyayhara/short-form class (PWK lists grammatical elements MW does not headword)
varaMvarA	varaṃvarā	pw	98347	6-022-a	0	68	0		0	vAravARa:0.941	3	2	mw72;pwg;skd	0	0	confirmed-missing	5	add-check	false-friend near form 'vAravARa' (0.941) - different word, omission stands
varaparRaKya	varaparṇakhya	pw	98409	6-023-a	0	76	0		0	varaparRAKya:1.000	0	0		0	0	confirmed-missing	-1	low-priority	vowel-length/case variant of MW headword 'varaparRAKya' (fold-twin - same lexeme or distinct word needs eyes)
varasena	varasena	pw	98453	6-023-b	0	63	0		0	vajrasena:0.941	1	1	pwg	0	0	confirmed-missing	1	check	false-friend near form 'vajrasena' (0.941) - different word, omission stands
varayitar	varayitar	pw	98423	6-023-a	0	82	0		0		1	1	pwg	0	0	confirmed-missing	3	check	
varcAy	varcāy	pw	98681	6-026-b	0	67	0		1	varcAya:0.923	1	1	pwg	0	0	variant-form-in-MW	1	check	false-friend near form 'varcAya' (0.923) - different word, omission stands
vareRyay	vareṇyay	pw	98632	6-025-c	0	70	0		1	vareRyaya:0.941	1	1	pwg	0	0	variant-form-in-MW	1	check	false-friend near form 'vareRyaya' (0.941) - different word, omission stands
vark	vark	pw	98644	6-026-a	0	45	0		0		1	1	pwg	0	1	confirmed-missing	0	check	pratyayhara/short-form class (PWK lists grammatical elements MW does not headword)
varkz	varkṣ	pw	98648	6-026-a	0	69	0		0		0	0		0	0	confirmed-missing	1	low-priority	
varmAy	varmāy	pw	98937	6-037-a	0	67	0		1	varmAya:0.923	1	1	pwg	0	0	variant-form-in-MW	1	check	false-friend near form 'varmAya' (0.923) - different word, omission stands
varutar	varutar	pw	98614	6-025-b	0	55	0		0	varUTa:0.923	1	1	pwg	0	0	confirmed-missing	0	check	false-friend near form 'varUTa' (0.923) - different word, omission stands
varzay	varṣay	pw	99001	6-038-a	0	75	0		0		1	1	pwg	1	0	confirmed-missing	5	check	
vasantakusuma	vasantakusuma	pw	99321	6-044-c	0	106	0		0	vasantakusama:0.923	5	5	pwg;shs;vcp;wil;yat	1	0	confirmed-missing	11	add-check	false-friend near form 'vasantakusama' (0.923) - different word, omission stands
vasantamadanA	vasantamadanā	pw	99339	6-045-a	0	121	0		1	vasantamadana:1.000	0	0		0	0	variant-form-in-MW	-1	low-priority	vowel-length/case variant of MW headword 'vasantamadana' (fold-twin - same lexeme or distinct word needs eyes)
vasitar	vasitar	pw	99390	6-045-b	0	111	0		0	vasita:0.923	1	1	pwg	0	0	confirmed-missing	1	check	false-friend near form 'vasita' (0.923) - different word, omission stands
vatsadantaka	vatsadantaka	pw	97730	6-010-b	0	63	0		0		0	0		0	0	confirmed-missing	1	low-priority	
veSijAtA	veśijātā	pw	107396	6-162-b	0	109	0		1	veSijAta:1.000	0	0		0	0	variant-form-in-MW	-1	low-priority	vowel-length/case variant of MW headword 'veSijAta' (fold-twin - same lexeme or distinct word needs eyes)
vedApay	vedāpay	pw	107215	6-159-c	0	79	0		1	vedApaya:0.933	1	1	pwg	0	0	variant-form-in-MW	1	check	false-friend near form 'vedApaya' (0.933) - different word, omission stands
vedamuKyA	vedamukhyā	pw	107120	6-158-b	0	64	0		1	veDamuKyA:1.000	5	4	mw72;pwg;shs;wil;yat	0	0	variant-form-in-MW	9	add-check	vowel-length/case variant of MW headword 'veDamuKyA' (fold-twin - same lexeme or distinct word needs eyes)
vehAy	vehāy	pw	107471	6-163-c	0	68	0		1		1	1	pwg	1	0	variant-form-in-MW	3	check	
vejanavant	vejanavant	pw	106916	6-156-a	0	69	0		0	vejanavat:0.947	1	1	pwg	0	0	confirmed-missing	1	check	false-friend near form 'vejanavat' (0.947) - different word, omission stands
velAy	velāy	pw	107346	6-161-c	0	53	0		1		1	1	pwg	0	0	variant-form-in-MW	0	check	
velay	velay	pw	107333	6-161-c	0	50	0		0		0	0		0	0	confirmed-missing	0	low-priority	
vetasakIya	vetasakīya	pw	106995	6-157-a	0	145	0		0		1	1	pwg	0	0	confirmed-missing	3	check	
vewAvant	veṭāvant	pw	106922	6-156-a	0	72	0		0	vewAvat:0.933	0	0		0	0	confirmed-missing	-1	low-priority	false-friend near form 'vewAvat' (0.933) - different word, omission stands
vewAy	veṭāy	pw	106921	6-156-a	0	45	0		0		1	1	pwg	0	0	confirmed-missing	2	check	
vezwavya	veṣṭavya	pw	107455	6-163-b	0	95	0		0		1	1	pwg	0	0	confirmed-missing	3	check	
vfDasAnu	vṛdhasānu	pw	106620	6-151-c	0	70	0		0		6	5	lrv;mw72;pwg;vcp;wil;yat	0	0	confirmed-missing	13	add	
vfDya	vṛdhya	pw	106627	6-151-c	0	93	0		0		5	4	mw72;pwg;shs;wil;yat	0	0	confirmed-missing	11	add	
vfdDatiktA	vṛddhatiktā	pw	106533	6-150-c	0	194	0		0		1	1	pwg	0	0	confirmed-missing	3	check	
vfkzavant	vṛkṣavant	pw	106308	6-147-c	0	68	0		0	vfkzavat:0.941	0	0		1	1	confirmed-missing	1	low-priority	false-friend near form 'vfkzavat' (0.941) - different word, omission stands
vfndIyaMs	vṛndīyaṃs	pw	106651.1	6-152-b	0	24	0		0	vfndIyas:0.941	0	0		0	0	confirmed-missing	-2	low-priority	false-friend near form 'vfndIyas' (0.941) - different word, omission stands
vftrahAy	vṛtrahāy	pw	106474	6-150-a	0	73	0		1	vftrahAya:0.941	1	1	pwg	0	0	variant-form-in-MW	1	check	false-friend near form 'vftrahAya' (0.941) - different word, omission stands
vfzIy	vṛṣīy	pw	106814	6-154-c	0	64	0		1		1	1	pwg	0	0	variant-form-in-MW	1	check	
vfzaRASva	vṛṣaṇāśva	pw	106684	6-153-a	0	72	0		0	vfzaRaSva:1.000	1	1	pwg	0	0	confirmed-missing	1	check	vowel-length/case variant of MW headword 'vfzaRaSva' (fold-twin - same lexeme or distinct word needs eyes)
vfzakafRi	vṛṣakaṛṇi	pw	106666.1	6-152-c	0	24	0		0		0	0		0	0	confirmed-missing	0	low-priority	
vfzalyAHputra	vṛṣalyāḥputra	pw	106763	6-154-a	0	77	0		0		0	0		0	0	confirmed-missing	1	low-priority	
viBAjayitar	vibhājayitar	pw	103626	6-106-c	0	86	0		0		1	1	pwg	0	0	confirmed-missing	3	check	
viKu	vikhu	pw	101870	6-080-c	0	48	0		1		8	7	ap;ap90;lrv;mw72;pwg;shs;wil;yat	0	0	variant-form-in-MW	14	add-check	pratyayhara/short-form class (PWK lists grammatical elements MW does not headword)
viKya	vikhya	pw	101873	6-080-c	0	49	0		1	viKyA:1.000	9	8	ap;ap90;bur;lrv;mw72;pwg;shs;wil;yat	0	0	variant-form-in-MW	16	add-check	vowel-length/case variant of MW headword 'viKyA' (fold-twin - same lexeme or distinct word needs eyes)
viKye	vikhye	pw	101876	6-080-c	0	135	0		1		1	1	pwg	0	1	variant-form-in-MW	1	check	
viSAta	viśāta	pw	221233	7-375-c	1	76	1	99	0	viSapta:0.923	2	2	bhs;sch	0	0	confirmed-missing	5	add-check	false-friend near form 'viSapta' (0.923) - different word, omission stands
viSaMBala	viśaṃbhala	pw	104521	6-123-b	0	146	0		0	viSamBala:1.000	0	0		0	0	confirmed-missing	-1	low-priority	vowel-length/case variant of MW headword 'viSamBala' (fold-twin - same lexeme or distinct word needs eyes)
viSaMpa	viśaṃpa	pw	104520	6-123-b	0	79	0		0	viSampa:1.000	1	1	pwg	0	0	confirmed-missing	1	check	vowel-length/case variant of MW headword 'viSampa' (fold-twin - same lexeme or distinct word needs eyes)
viSezayitar	viśeṣayitar	pw	104656	6-125-c	0	101	0		0		1	1	pwg	0	0	confirmed-missing	3	check	
viSvajanaCattra	viśvajanachattra	pw	104791.1	6-128-a	0	24	0		0		0	0		0	0	confirmed-missing	0	low-priority	
viSvajanacCattra	viśvajanacchattra	pw	104791	6-128-a	0	66	0		0		0	0		0	0	confirmed-missing	1	low-priority	
viSvedevar	viśvedevar	pw	105094	6-131-b	0	52	0		0	viSvedeva:0.947	1	1	pwg	0	0	confirmed-missing	0	check	false-friend near form 'viSvedeva' (0.947) - different word, omission stands
viWapana	viṭhapana	pw	221107	7-374-b	1	109	1	245,827	0		2	2	bhs;sch	0	0	confirmed-missing	7	add	
vidAru	vidāru	pw	102584	6-092-a	0	85	0		1		7	6	lrv;mw72;pwg;shs;vcp;wil;yat	0	0	variant-form-in-MW	13	add-check	
vidDakarRA	viddhakarṇā	pw	102651.1	6-093-a	0	24	0		1	vidDakarRa:1.000	1	1	skd	0	0	variant-form-in-MW	0	check	vowel-length/case variant of MW headword 'vidDakarRa' (fold-twin - same lexeme or distinct word needs eyes)
vidDakarRI	viddhakarṇī	pw	102651.3	6-093-a	0	24	0		1		1	1	skd	0	1	variant-form-in-MW	0	check	
vidDakarRikA	viddhakarṇikā	pw	102651.2	6-093-a	0	24	0		0		1	1	skd	1	1	confirmed-missing	4	check	
vidiTa	viditha	pw	102596	6-092-b	0	53	0		0	vidita:1.000	1	1	pwg	0	0	confirmed-missing	0	check	vowel-length/case variant of MW headword 'vidita' (fold-twin - same lexeme or distinct word needs eyes)
viditakIrti	viditakīrti	pw	102594	6-092-b	0	91	0		0		0	0		0	0	confirmed-missing	1	low-priority	
vidrazwar	vidraṣṭar	pw	102830	6-095-b	0	72	0		0		1	1	pwg	0	0	confirmed-missing	3	check	
vidruDi	vidrudhi	pw	102838	6-095-b	0	49	0		0	vIruDi:0.923	1	1	pwg	0	0	confirmed-missing	0	check	false-friend near form 'vIruDi' (0.923) - different word, omission stands
vidrumalatikA	vidrumalatikā	pw	102846	6-095-c	0	86	0		0		4	4	ap;lrv;pwg;skd	1	1	confirmed-missing	11	add	
viduzItarA	viduṣītarā	pw	102609.1	6-092-c	0	24	0		0	viduzitara:1.000	0	0		0	0	confirmed-missing	-2	low-priority	vowel-length/case variant of MW headword 'viduzitara' (fold-twin - same lexeme or distinct word needs eyes)
viduzitarA	viduṣitarā	pw	102609	6-092-c	0	73	0		1	viduzitara:1.000	0	0		0	0	variant-form-in-MW	-1	low-priority	vowel-length/case variant of MW headword 'viduzitara' (fold-twin - same lexeme or distinct word needs eyes)
vigArdaBaraTika	vigārdabharathika	pw	101904	6-081-a	0	74	0		0		0	0		0	0	confirmed-missing	1	low-priority	
vijApaka	vijāpaka	pw	102200	6-086-a	0	58	0		0	vijYApaka:0.941	1	1	pwg	0	0	confirmed-missing	0	check	false-friend near form 'vijYApaka' (0.941) - different word, omission stands
vijYAmara	vijñāmara	pw	102317.1	6-087-b	0	24	0		0		0	0		0	0	confirmed-missing	0	low-priority	
vijawI	vijaṭī	pw	102108	6-084-c	0	65	0		1		0	0		0	0	variant-form-in-MW	-1	low-priority	
vijjana	vijjana	pw	102251	6-086-c	0	52	0		0	vijana:0.923	8	7	bur;lrv;mw72;pwg;shs;vcp;wil;yat	0	0	confirmed-missing	14	add-check	false-friend near form 'vijana' (0.923) - different word, omission stands
vijjila	vijjila	pw	102258	6-086-c	0	55	0		0	vijila:0.923	4	3	ap;ap90;mw72;pwg	0	0	confirmed-missing	6	add-check	false-friend near form 'vijila' (0.923) - different word, omission stands
vikalI	vikalī	pw	101653	6-077-b	0	111	0		1		3	3	ap;ccs;skd	0	0	variant-form-in-MW	5	add-check	
vikawI	vikaṭī	pw	101610	6-076-b	0	77	0		1		1	1	sch	0	0	variant-form-in-MW	1	check	
vikazA	vikaṣā	pw	101671.1	6-077-c	0	24	0		0	vikarza:0.923	11	10	ap;ap90;bur;lrv;mw72;pwg;shs;skd;vcp;wil;yat	0	0	confirmed-missing	20	add-check	false-friend near form 'vikarza' (0.923) - different word, omission stands
vikazvara	vikaṣvara	pw	101671.2	6-077-c	0	24	0		0		5	4	mw72;pwg;shs;wil;yat	0	0	confirmed-missing	10	add	
vikrAya	vikrāya	pw	101807	6-079-c	0	50	0		0	vikraya:1.000	1	1	pwg	0	0	confirmed-missing	0	check	vowel-length/case variant of MW headword 'vikraya' (fold-twin - same lexeme or distinct word needs eyes)
vikroSayitar	vikrośayitar	pw	101821	6-080-a	0	74	0		0		1	1	pwg	0	0	confirmed-missing	3	check	
vilAtar	vilātar	pw	104181	6-115-c	0	87	0		0	vilAta:0.923	1	1	pwg	0	0	confirmed-missing	1	check	false-friend near form 'vilAta' (0.923) - different word, omission stands
vilInay	vilīnay	pw	104240	6-116-b	0	67	0		0	vilIna:0.923	0	0		0	0	confirmed-missing	-1	low-priority	false-friend near form 'vilIna' (0.923) - different word, omission stands
viletar	viletar	pw	104252	6-116-b	0	87	0		0		1	1	pwg	0	0	confirmed-missing	3	check	
viletavya	viletavya	pw	104253	6-116-b	0	119	0		0		0	0		0	0	confirmed-missing	1	low-priority	
viliKas	vilikhas	pw	104230	6-116-b	0	121	0		1	viliKa:0.923	0	0		0	0	variant-form-in-MW	-1	low-priority	false-friend near form 'viliKa' (0.923) - different word, omission stands
viloqayitar	viloḍayitar	pw	104278	6-116-c	0	72	0		0		1	1	pwg	0	0	confirmed-missing	3	check	
vimalakIrtinideSa	vimalakīrtinideśa	pw	103765	6-109-a	0	89	0		0		0	0		0	0	confirmed-missing	1	low-priority	
vimalasaMBava	vimalasaṃbhava	pw	103793	6-109-b	0	70	0		0	vimalasamBava:1.000	1	1	pwg	0	0	confirmed-missing	1	check	vowel-length/case variant of MW headword 'vimalasamBava' (fold-twin - same lexeme or distinct word needs eyes)
vin	vin	pw	103005	6-098-b	0	66	0		1	vIn:1.000	1	1	pwg	1	1	variant-form-in-MW	3	check	vowel-length/case variant of MW headword 'vIn' (fold-twin - same lexeme or distinct word needs eyes); pratyayhara/short-form class (PWK lists grammatical elements MW does not headword)
vinAyin	vināyin	pw	103075	6-099-b	0	37	0		0		1	1	pwg	0	0	confirmed-missing	2	check	
vinDapattrI	vindhapattrī	pw	103206	6-101-a	0	76	0		1		1	1	pwg	0	0	variant-form-in-MW	1	check	
vinDyakavAsa	vindhyakavāsa	pw	103211	6-101-a	0	70	0		0		1	1	pwg	0	0	confirmed-missing	3	check	
vinay	vinay	pw	103025	6-098-c	0	196	0		1		1	1	pwg	0	0	variant-form-in-MW	1	check	
vipfzWI	vipṛṣṭhī	pw	221168	7-374-d	1	170	1	245,865	0		1	1	sch	0	0	confirmed-missing	5	check	
vipravAdana	vipravādana	pw	221176	7-375-a	1	84	1	281,229	0	vIRAvAdana:0.952	2	2	bhs;sch	0	0	confirmed-missing	5	add-check	probable orthographic doublet of MW headword 'vIRAvAdana' (0.952)
vipucCay	vipucchay	pw	103379	6-103-b	0	64	0		0		1	1	pwg	0	0	confirmed-missing	3	check	
vipulAsravA	vipulāsravā	pw	103398	6-103-c	0	102	0		0	vipulASravA:1.000	2	2	pwg;skd	0	0	confirmed-missing	3	add-check	vowel-length/case variant of MW headword 'vipulASravA' (fold-twin - same lexeme or distinct word needs eyes)
viroDAcaraRa	virodhācaraṇa	pw	104136	6-114-c	0	71	0		0		1	1	pwg	0	0	confirmed-missing	3	check	
visaMBarA	visaṃbharā	pw	105628	6-138-c	0	77	0		0	visamBarA:1.000	1	1	ap	0	0	confirmed-missing	1	check	vowel-length/case variant of MW headword 'visamBarA' (fold-twin - same lexeme or distinct word needs eyes)
visala	visala	pw	105646	6-139-a	0	79	0		0	viSala:1.000	11	10	ap;ap90;ben;bur;lrv;mw72;pwg;shs;vcp;wil;yat	0	0	confirmed-missing	21	add-check	vowel-length/case variant of MW headword 'viSala' (fold-twin - same lexeme or distinct word needs eyes)
vitUstay	vitūstay	pw	102458	6-089-b	0	122	0		1	vitUstaya:0.941	1	1	pwg	0	0	variant-form-in-MW	1	check	false-friend near form 'vitUstaya' (0.941) - different word, omission stands
vitaRqana	vitaṇḍana	pw	221111	7-374-b	1	93	1	261,11	0		2	2	bhs;sch	0	0	confirmed-missing	7	add	
vitardDI	vitarddhī	pw	102424.3	6-088-c	0	24	0		0	vittardDi:0.941	4	4	ap;ap90;lrv;skd	0	0	confirmed-missing	6	add-check	false-friend near form 'vittardDi' (0.941) - different word, omission stands
vitardDi	vitarddhi	pw	102424.1	6-088-c	0	24	0		0	vittardDi:0.941	7	6	ben;bur;lrv;mw72;pwg;wil;yat	0	0	confirmed-missing	12	add-check	false-friend near form 'vittardDi' (0.941) - different word, omission stands
vitardDikA	vitarddhikā	pw	102424.2	6-088-c	0	24	0		0	vitardikA:0.947	4	4	ap;ap90;lrv;skd	0	0	confirmed-missing	6	add-check	false-friend near form 'vitardikA' (0.947) - different word, omission stands
vitardI	vitardī	pw	102424	6-088-c	0	100	0		1	vitardi:1.000	2	2	ap90;lrv	0	0	variant-form-in-MW	3	add-check	vowel-length/case variant of MW headword 'vitardi' (fold-twin - same lexeme or distinct word needs eyes)
vittay	vittay	pw	102490	6-089-c	0	46	0		0		1	1	pwg	0	0	confirmed-missing	2	check	
vivADAna	vivādhāna	pw	104386	6-118-c	0	65	0		0	vivadana:1.000	1	1	pwg	0	0	confirmed-missing	1	check	vowel-length/case variant of MW headword 'vivadana' (fold-twin - same lexeme or distinct word needs eyes)
vivanDika	vivandhika	pw	104327	6-117-c	0	68	0		0	vivaDika:0.941	1	1	pwg	0	0	confirmed-missing	1	check	false-friend near form 'vivaDika' (0.941) - different word, omission stands
viwaNkaka	viṭaṅkaka	pw	102323	6-087-b	0	69	0		0		2	2	ap;pwg	0	0	confirmed-missing	5	add	
vizRUy	viṣṇūy	pw	105563	6-137-c	0	103	0		1	vizRUya:0.923	1	1	pwg	0	0	variant-form-in-MW	1	check	false-friend near form 'vizRUya' (0.923) - different word, omission stands
vizahantar	viṣahantar	pw	105299	6-134-b	0	346	0		0		1	1	pwg	0	0	confirmed-missing	3	check	
vizwAruhA	viṣṭāruhā	pw	105416	6-136-a	0	64	0		0		1	1	pwg	0	0	confirmed-missing	3	check	
vizwarAja	viṣṭarāja	pw	105408	6-136-a	0	35	0		0		1	1	pwg	0	0	confirmed-missing	2	check	
vizwaruhA	viṣṭaruhā	pw	105410	6-136-a	0	115	0		0		3	3	pwg;skd;vcp	1	1	confirmed-missing	9	add	
vodrI	vodrī	pw	108192.1	6-173-c	0	24	0		1		0	0		0	0	variant-form-in-MW	-2	low-priority	
vorapawwI	vorapaṭṭī	pw	108199	6-173-c	0	51	0		1	vorapawwi:1.000	7	7	ap;bur;pwg;shs;skd;wil;yat	0	0	variant-form-in-MW	12	add-check	vowel-length/case variant of MW headword 'vorapawwi' (fold-twin - same lexeme or distinct word needs eyes)
vrIhirAjaka	vrīhirājaka	pw	109165	6-189-c	0	75	0		0		1	1	pwg	0	0	confirmed-missing	3	check	
vrUz	vrūṣ	pw	109175	6-190-a	0	83	0		0		3	3	ap;ben;pwg	0	0	confirmed-missing	5	add-check	pratyayhara/short-form class (PWK lists grammatical elements MW does not headword)
vyADihantar	vyādhihantar	pw	108677	6-182-b	0	76	0		0		1	1	pwg	0	0	confirmed-missing	3	check	
vyAGmAtaka	vyāghmātaka	pw	221374	7-377-a	1	110	1	52	0	vyAGAtaka:0.947	0	0		0	0	confirmed-missing	1	low-priority	false-friend near form 'vyAGAtaka' (0.947) - different word, omission stands
vyAlaKaNga	vyālakhaṅga	pw	108746.1	6-183-b	0	24	0		0		0	0		0	0	confirmed-missing	0	low-priority	
vyAsamAtar	vyāsamātar	pw	108811	6-184-b	0	77	0		0		0	0		0	0	confirmed-missing	1	low-priority	
vyAvaBAsI	vyāvabhāsī	pw	108774.1	6-183-c	0	24	0		0	vyavaBAs:0.941	1	1	skd	0	0	confirmed-missing	0	check	false-friend near form 'vyavaBAs' (0.941) - different word, omission stands
vyAyAmavant	vyāyāmavant	pw	108735	6-183-b	0	107	0		0	vyAyAmavat:0.952	1	1	pwg	0	0	confirmed-missing	1	check	probable orthographic doublet of MW headword 'vyAyAmavat' (0.952)
vyaNgaka	vyaṅgaka	pw	108240	6-174-b	0	46	0		0	vaNgaka:0.933	1	1	pwg	0	0	confirmed-missing	0	check	false-friend near form 'vaNgaka' (0.933) - different word, omission stands
vyantI	vyantī	pw	221349	7-376-d	1	192	1	245	1		1	1	sch	0	0	variant-form-in-MW	3	check	
wAMkara	ṭāṃkara	pw	43831	2-282-c	0	56	0		0	wAMkAra:1.000	1	1	pwg	0	0	confirmed-missing	0	check	vowel-length/case variant of MW headword 'wAMkAra' (fold-twin - same lexeme or distinct word needs eyes)
wfRAYjana	ṭṛṇāñjana	pw	46750.1	3-040-c	0	23	0		0		0	0		0	0	confirmed-missing	0	low-priority	
wippiwaka	ṭippiṭaka	pw	43851.4	2-282-c	0	23	0		0		1	1	bhs	0	0	confirmed-missing	2	check	
yAjYadattyA	yājñadattyā	pw	90661	5-137-b	0	82	0		0	yajYadattIya:0.957	0	0		0	0	confirmed-missing	-1	low-priority	probable orthographic doublet of MW headword 'yajYadattIya' (0.957)
yAmAtar	yāmātar	pw	90834	5-139-c	0	66	0		0	yamatA:0.923	1	1	pwg	0	0	confirmed-missing	1	check	false-friend near form 'yamatA' (0.923) - different word, omission stands
yAtavE	yātavai	pw	90701	5-138-a	0	71	0		0	yantave:0.923	0	0		0	1	confirmed-missing	-1	low-priority	false-friend near form 'yantave' (0.923) - different word, omission stands
yAvayitar	yāvayitar	pw	90957	5-141-c	0	108	0		0		0	0		0	0	confirmed-missing	1	low-priority	
yOgaMDaraka	yaugaṃdharaka	pw	91566	5-154-a	0	61	0		0		0	0		0	0	confirmed-missing	1	low-priority	
yOtakyA	yautakyā	pw	91579	5-154-a	0	50	0		0	yOtaka:0.923	0	0		0	0	confirmed-missing	-2	low-priority	false-friend near form 'yOtaka' (0.923) - different word, omission stands
yadam	yadam	pw	90154	5-126-a	0	87	0		1		0	0		0	0	variant-form-in-MW	-1	low-priority	
yajYakuRqala	yajñakuṇḍala	pw	89455	5-116-b	0	57	0		0		1	1	pwg	0	0	confirmed-missing	2	check	
yajuzkAmy	yajuṣkāmy	pw	89428	5-116-a	0	78	0		1	yajuzkAmya:0.947	0	0		0	0	variant-form-in-MW	-1	low-priority	false-friend near form 'yajuzkAmya' (0.947) - different word, omission stands
yamanikA	yamanikā	pw	90292	5-130-b	0	73	0		0	yamAnikA:1.000	7	7	ap;ap90;lrv;pwg;skd;wil;yat	0	0	confirmed-missing	13	add-check	vowel-length/case variant of MW headword 'yamAnikA' (fold-twin - same lexeme or distinct word needs eyes)
yamunABrAtar	yamunābhrātar	pw	90383	5-131-b	0	106	0		0		1	1	pwg	0	0	confirmed-missing	3	check	
yarvan	yarvan	pw	90406	5-131-b	0	57	0		0		1	1	pwg	0	0	confirmed-missing	2	check	
yavabUsaka	yavabūsaka	pw	90460	5-132-b	0	91	0		0	yavabusaka:1.000	0	0		0	0	confirmed-missing	-1	low-priority	vowel-length/case variant of MW headword 'yavabusaka' (fold-twin - same lexeme or distinct word needs eyes)
yavamaty	yavamaty	pw	90462	5-132-b	0	61	0		1	yavamatya:0.941	1	1	pwg	0	0	variant-form-in-MW	1	check	false-friend near form 'yavamatya' (0.941) - different word, omission stands
yavay	yavay	pw	90470	5-132-b	0	65	0		1		1	1	pwg	1	0	variant-form-in-MW	3	check	
yogara	yogara	pw	91378	5-151-a	0	112	0		0		0	0		1	1	confirmed-missing	3	low-priority	
yojanaganDikA	yojanagandhikā	pw	91477	5-152-c	0	67	0		0		2	2	pwg;skd	0	0	confirmed-missing	5	add	
yudDavant	yuddhavant	pw	91132	5-147-c	0	54	0		0	yudDavat:0.941	1	1	pwg	0	0	confirmed-missing	0	check	false-friend near form 'yudDavat' (0.941) - different word, omission stands
yudDin	yuddhin	pw	91140	5-147-c	0	51	0		0		2	1	mw72;pwg	0	0	confirmed-missing	4	add	
yugavaratrA	yugavaratrā	pw	91048	5-143-c	0	55	0		1	yugavaratra:1.000	0	0		0	0	variant-form-in-MW	-2	low-priority	vowel-length/case variant of MW headword 'yugavaratra' (fold-twin - same lexeme or distinct word needs eyes)
yugavyA	yugavyā	pw	91049	5-143-c	0	156	0		0	yugAya:0.923	1	1	pwg	0	0	confirmed-missing	1	check	false-friend near form 'yugAya' (0.923) - different word, omission stands
yuktataraka	yuktataraka	pw	90993	5-142-c	0	73	0		0		1	1	pwg	0	0	confirmed-missing	3	check	
yuvajarant	yuvajarant	pw	91180	5-148-b	0	134	0		0	yuvajarat:0.947	0	0		0	0	confirmed-missing	-1	low-priority	false-friend near form 'yuvajarat' (0.947) - different word, omission stands
zAtvaRAtvika	ṣātvaṇātvika	pw	116421	6-291-c	0	137	0		0	zAtvaRatvika:1.000	0	0		0	0	confirmed-missing	-1	low-priority	vowel-length/case variant of MW headword 'zAtvaRatvika' (fold-twin - same lexeme or distinct word needs eyes)
zOqata	ṣauḍata	pw	116486	6-292-b	0	50	0		0	zoqanta:0.923	1	1	pwg	0	0	confirmed-missing	0	check	false-friend near form 'zoqanta' (0.923) - different word, omission stands
zaRQIy	ṣaṇḍhīy	pw	116321	6-290-c	0	69	0		1	zaRQIya:0.923	0	0		0	0	variant-form-in-MW	-1	low-priority	false-friend near form 'zaRQIya' (0.923) - different word, omission stands
zaRqIy	ṣaṇḍīy	pw	116312	6-290-b	0	60	0		1	zaRqIya:0.923	1	1	pwg	0	0	variant-form-in-MW	0	check	false-friend near form 'zaRqIya' (0.923) - different word, omission stands
zaqa	ṣaḍa	pw	116185	6-289-a	0	54	0		1		1	1	pwg	1	0	variant-form-in-MW	2	check	pratyayhara/short-form class (PWK lists grammatical elements MW does not headword)
zaqvArzikamaha	ṣaḍvārṣikamaha	pw	221581	7-379-a	1	117	0		0	zaqvarzikamaha:1.000	1	1	sch	0	0	confirmed-missing	1	check	vowel-length/case variant of MW headword 'zaqvarzikamaha' (fold-twin - same lexeme or distinct word needs eyes)
zoqIy	ṣoḍīy	pw	116483	6-292-b	0	54	0		1		1	1	pwg	0	0	variant-form-in-MW	0	check	
zoqaSikAsra	ṣoḍaśikāsra	pw	116475	6-292-b	0	83	0		0		0	0		0	0	confirmed-missing	1	low-priority	
zoqant	ṣoḍant	pw	116433	6-292-a	0	109	0		1	zoqanta:0.923	2	2	ben;pwg	0	0	variant-form-in-MW	3	add-check	false-friend near form 'zoqanta' (0.923) - different word, omission stands
