sup7_headword	in_mw72	in_mw99	mw99_annexure	class
A	Y	Y	N	kept
ABAradvAja	N	N	N	never-seen
ABAsa	Y	Y	N	kept
ABIla	Y	Y	N	kept
ABIra	Y	Y	N	kept
ABIzaRa	N	Y	Y	added-since-mw72
ABiSastya	N	N	N	never-seen
ABiSasya	N	Y	N	added-since-mw72
ABicArika	Y	Y	N	kept
ABijYAnika	N	Y	Y	added-since-mw72
ABimAnika	N	Y	N	added-since-mw72
ABirAmika	N	Y	Y	added-since-mw72
ABiyogika	N	Y	N	added-since-mw72
ABoga	Y	Y	N	kept
ABogin	N	Y	Y	added-since-mw72
ABogya	N	N	N	never-seen
ABra	N	Y	N	added-since-mw72
ADAkarman	N	N	N	never-seen
ADAna	Y	Y	N	kept
ADAnapaYcaka	N	N	N	never-seen
ADAraRamudra	N	N	N	never-seen
ADAraka	Y	Y	N	kept
ADArin	N	Y	Y	added-since-mw72
ADArzwya	N	Y	Y	added-since-mw72
ADAtar	N	N	N	never-seen
ADItayajus	N	Y	N	added-since-mw72
ADarmika	Y	Y	N	kept
ADavana	Y	Y	N	kept
ADikArika	Y	Y	N	kept
ADitsu	N	Y	N	added-since-mw72
ADomuKya	N	Y	Y	added-since-mw72
ADyAtmikI	N	N	N	never-seen
AGAtaka	N	N	N	never-seen
AGUrRana	Y	Y	N	kept
AGarGaram	N	Y	Y	added-since-mw72
AGarza	Y	Y	Y	kept
AGawwanA	N	Y	N	added-since-mw72
AGoza	Y	Y	N	kept
AGoziRI	N	Y	Y	added-since-mw72
AKAta	Y	N	N	dropped
AKaRqala	Y	Y	Y	kept
AKaRqalakakuB	N	Y	Y	added-since-mw72
AKaRqalasUnu	N	Y	N	added-since-mw72
AKara	Y	Y	N	kept
AKedana	N	Y	Y	added-since-mw72
AKida	N	Y	N	added-since-mw72
AKu	Y	Y	N	kept
AKuhan	N	Y	Y	added-since-mw72
AKurAja	N	N	N	never-seen
AKyA	Y	Y	N	kept
AKyApaka	N	Y	N	added-since-mw72
AKyAtaSiromaRi	N	N	N	never-seen
AKyAtika	Y	Y	N	kept
ANgirasa	Y	Y	Y	kept
ANgirasakalpa	N	N	N	never-seen
ANgirasapavitra	N	Y	N	added-since-mw72
ANgula	N	Y	Y	added-since-mw72
AQArikA	N	Y	Y	added-since-mw72
AQaka	Y	Y	N	kept
AQyacara	N	Y	N	added-since-mw72
AQyapadi	N	Y	N	added-since-mw72
AQyarAja	N	N	N	never-seen
ARapay	N	N	N	never-seen
ARipratyARInirhArayoga	N	N	N	never-seen
ARqakoSa	N	Y	Y	added-since-mw72
ARqapIta	N	Y	Y	added-since-mw72
ARqapille	N	N	N	never-seen
ARqavant	N	N	N	never-seen
ASASa	N	Y	Y	added-since-mw72
ASAmuKa	N	Y	Y	added-since-mw72
ASApAlIya	N	Y	Y	added-since-mw72
ASApAla	N	Y	N	added-since-mw72
ASApurA	N	Y	Y	added-since-mw72
ASAsti	N	Y	Y	added-since-mw72
ASAtanA	N	Y	Y	added-since-mw72
ASAtika	N	N	N	never-seen
ASAwavI	N	N	N	never-seen
ASIHpada	N	N	N	never-seen
ASIna	N	Y	Y	added-since-mw72
ASIrmant	N	N	N	never-seen
ASIrpada	N	N	N	never-seen
ASIrvacanamAlA	N	N	N	never-seen
ASIviza	N	Y	N	added-since-mw72
ASIvizanadI	N	Y	Y	added-since-mw72
ASIvizaparvata	N	Y	Y	added-since-mw72
ASIyas	Y	Y	N	kept
ASOca	Y	Y	N	kept
ASaMsa	N	Y	Y	added-since-mw72
ASaNkanIya	Y	Y	N	kept
ASaNkita	Y	Y	Y	kept
ASaNkya	Y	Y	N	kept
ASiKam	N	Y	Y	added-since-mw72
ASleza	Y	Y	N	kept
ASokeya	N	Y	N	added-since-mw72
ASramadvezasaMkarin	N	N	N	never-seen
ASramavAsaparvan	N	N	N	never-seen
ASrava	Y	Y	Y	kept
ASravaRam	N	Y	Y	added-since-mw72
ASretar	N	N	N	never-seen
ASrumay	N	N	N	never-seen
ASugI	N	N	N	never-seen
ASuganDa	N	Y	Y	added-since-mw72
ASukavi	N	Y	Y	added-since-mw72
ASvAsaka	Y	Y	N	kept
ASvAsanI	N	Y	Y	added-since-mw72
ASvadakziRa	N	N	N	never-seen
ASvalAyana	Y	Y	N	kept
ASvameDika	Y	Y	Y	kept
ASvapadika	N	Y	Y	added-since-mw72
ASvina	Y	Y	Y	kept
ASvineya	Y	Y	N	kept
ASyAma	N	Y	Y	added-since-mw72
ASya	N	Y	Y	added-since-mw72
AYCita	N	Y	Y	added-since-mw72
AYjanIkArI	N	Y	N	added-since-mw72
AYjaneya	Y	Y	Y	kept
AYjaneyapurARa	N	Y	Y	added-since-mw72
AYjigavi	N	N	N	never-seen
AbanDura	N	Y	N	added-since-mw72
AbrahmARqa	N	N	N	never-seen
AbrahmaBuvanAntikam	N	N	N	never-seen
AbrahmasaBam	N	Y	N	added-since-mw72
AbravantI	N	Y	Y	added-since-mw72
AcAmla	N	N	N	never-seen
AcAradarSana	N	N	N	never-seen
AcArakARqa	N	N	N	never-seen
AcArakAlakUwa	N	N	N	never-seen
AcAryARI	N	N	N	never-seen
AcAryI	N	N	N	never-seen
AcArya	Y	Y	Y	kept
AcAryaSikzA	N	N	N	never-seen
AcAryacampU	N	N	N	never-seen
AcAryadeva	N	Y	N	added-since-mw72
AcAryaka	Y	Y	N	kept
AcAryakaraRa	N	Y	N	added-since-mw72
AcAryamuzwi	N	Y	Y	added-since-mw72
AcAryaprapatti	N	N	N	never-seen
AcCAdaka	Y	Y	N	kept
AcCedanI	N	Y	N	added-since-mw72
AcCowanikA	N	N	N	never-seen
Acamanaka	Y	Y	N	kept
AcandrArkagraha	N	N	N	never-seen
Acandram	N	Y	N	added-since-mw72
AcandratArakam	N	Y	N	added-since-mw72
AcaparAca	N	Y	N	added-since-mw72
Acaturam	Y	Y	N	kept
Acitra	N	Y	Y	added-since-mw72
Acyutadanti	Y	Y	N	kept
AdAdika	Y	Y	N	kept
AdAya	Y	Y	N	kept
AdaDIci	N	Y	Y	added-since-mw72
AdaSakaRWabanDam	N	N	N	never-seen
AdarSAvekzaRa	N	N	N	never-seen
AdarSa	Y	Y	N	kept
AdarSamuKa	N	N	N	never-seen
AdeSa	Y	Y	Y	kept
AdeSanAprAtihArya	N	N	N	never-seen
AdehadAham	N	Y	Y	added-since-mw72
AdevayAnam	N	N	N	never-seen
Adeya	Y	Y	Y	kept
Adftatva	N	N	N	never-seen
Adi	Y	Y	Y	kept
AdiBarataprastAra	N	Y	N	added-since-mw72
Adicakrin	N	N	N	never-seen
AdidIpa	N	Y	Y	added-since-mw72
Adikarmika	N	N	N	never-seen
AdikuRqanIya	N	N	N	never-seen
AdimaDyAntaja	N	N	N	never-seen
AdinavadarSa	N	Y	N	added-since-mw72
AditA	N	Y	Y	added-since-mw72
AditsA	Y	Y	N	kept
AdityAramBaRa	N	N	N	never-seen
Aditya	Y	Y	N	kept
AdityaDAman	N	Y	Y	added-since-mw72
AdityadarSana	N	Y	N	added-since-mw72
Adityajyotis	N	Y	N	added-since-mw72
AdityakIlaka	N	Y	Y	added-since-mw72
Adityastotra	N	Y	N	added-since-mw72
Adityatva	N	Y	N	added-since-mw72
AdivarAha	N	Y	Y	added-since-mw72
AdivimAnajIrRodDAra	N	N	N	never-seen
AdvAdaSavarzaBAvin	N	N	N	never-seen
AdvAram	N	Y	N	added-since-mw72
AdyANgaDArin	N	N	N	never-seen
AdyadvAra	N	N	N	never-seen
AdyakAraRatA	N	N	N	never-seen
Adyakola	N	N	N	never-seen
Adyanta	N	Y	N	added-since-mw72
AdyantasTAyika	N	N	N	never-seen
AdyopAdAnatA	N	N	N	never-seen
AgAra	Y	Y	Y	kept
AgArika	N	Y	Y	added-since-mw72
AgamaSazkulI	N	Y	N	added-since-mw72
Agamana	Y	Y	N	kept
AgamanagamanA	N	N	N	never-seen
AgamasArasaMgraha	N	N	N	never-seen
Agamya	Y	Y	Y	kept
Agantuka	Y	Y	N	kept
Agarava	N	Y	N	added-since-mw72
AgastI	N	Y	N	added-since-mw72
Agasvin	N	Y	Y	added-since-mw72
Agati	Y	Y	N	kept
AgnIndra	N	Y	N	added-since-mw72
Agneya	Y	Y	Y	kept
Agnihotrika	N	Y	N	added-since-mw72
AgnivAruRa	Y	Y	N	kept
AgnizwomIya	N	Y	N	added-since-mw72
AgnyADeyika	Y	Y	N	kept
AgoraRa	N	N	N	never-seen
AgrAyaRa	Y	Y	N	kept
AgrAyaRasUtra	N	N	N	never-seen
AgrahArika	Y	Y	N	kept
AgrayaRIya	N	Y	Y	added-since-mw72
AgrayaRa	Y	Y	N	kept
AgrayaRadevatA	N	N	N	never-seen
AhAraka	Y	Y	N	kept
AhAryapurIza	N	N	N	never-seen
Aha	Y	Y	N	kept
Ahalam	N	Y	N	added-since-mw72
AharaRIya	N	N	N	never-seen
AharaRa	Y	Y	N	kept
Ahartos	N	N	N	never-seen
Ahasa	N	Y	Y	added-since-mw72
Ahatyavacana	N	Y	N	added-since-mw72
Ahava	Y	Y	N	kept
AhavaSoBin	N	Y	Y	added-since-mw72
AhavanIyatas	N	Y	N	added-since-mw72
Aheya	Y	Y	N	kept
Ahftya	Y	Y	Y	kept
AhitAgnibrAhmaRa	N	N	N	never-seen
Ahita	Y	Y	Y	kept
AhlAdayitar	N	N	N	never-seen
AhnikaBAskara	N	N	N	never-seen
AhrIkya	N	Y	Y	added-since-mw72
AhutiBAga	N	Y	N	added-since-mw72
Ahutimant	N	N	N	never-seen
AhuvaDyE	N	N	N	never-seen
AhvAnana	N	Y	Y	added-since-mw72
AhvAtar	N	N	N	never-seen
Ahva	Y	Y	N	kept
AjAnu	N	Y	N	added-since-mw72
AjIva	Y	Y	N	kept
AjIvika	N	Y	N	added-since-mw72
AjIvin	Y	Y	N	kept
AjYApanIya	N	N	N	never-seen
AjYAviDAyin	N	N	N	never-seen
AjYeya	N	N	N	never-seen
AjakaroRa	N	Y	N	added-since-mw72
AjiBUmi	N	Y	Y	added-since-mw72
AjiSiras	N	Y	N	added-since-mw72
AjiSoBin	N	Y	Y	added-since-mw72
Ajipati	N	Y	N	added-since-mw72
AjyAyaMs	N	N	N	never-seen
AjyaBuj	N	Y	N	added-since-mw72
AjyaDAnI	N	Y	N	added-since-mw72
AjyaDanvan	N	Y	N	added-since-mw72
Ajyagraha	N	Y	N	added-since-mw72
AjyasTAlI	N	Y	N	added-since-mw72
AkASADikaraRavAda	N	N	N	never-seen
AkASAsaNgavimuktinirupalepa	N	N	N	never-seen
AkASaBErava	N	N	N	never-seen
AkASaPena	N	N	N	never-seen
AkASagarBa	N	Y	N	added-since-mw72
AkASamaRi	N	Y	Y	added-since-mw72
AkASaplavA	N	Y	Y	added-since-mw72
AkASarakzitA	N	N	N	never-seen
AkASasParaRa	N	N	N	never-seen
AkAlikAtIram	N	Y	N	added-since-mw72
AkAlika	Y	Y	N	kept
AkArABinirhAra	N	N	N	never-seen
AkArAnapakAra	N	N	N	never-seen
AkArolleKin	N	N	N	never-seen
AkEwaBavEri	N	N	N	never-seen
AkIwam	N	N	N	never-seen
Akalana	Y	Y	N	kept
Akalla	N	Y	N	added-since-mw72
AkalpasAra	N	N	N	never-seen
Akaluza	N	Y	Y	added-since-mw72
Akampra	N	Y	Y	added-since-mw72
Akampya	N	N	N	never-seen
AkarRI	N	N	N	never-seen
AkarRatawa	N	N	N	never-seen
Akarin	Y	Y	N	kept
Akarza	Y	Y	Y	kept
AkarzaPalaka	N	N	N	never-seen
AkarzakArikA	N	Y	N	added-since-mw72
Akarzin	Y	Y	N	kept
Akaza	Y	Y	N	kept
Ake	Y	Y	Y	kept
Akevalika	N	N	N	never-seen
Akftilozwa	N	Y	Y	added-since-mw72
Akfzwa	Y	Y	Y	kept
Akfzwiman	N	Y	N	added-since-mw72
Akfzwimant	N	N	N	never-seen
Akfzwya	N	Y	N	added-since-mw72
AkiMcanyAyatana	N	Y	Y	added-since-mw72
AkoSa	N	N	N	never-seen
Akopavant	N	N	N	never-seen
AkowanA	N	Y	Y	added-since-mw72
Akowana	N	Y	Y	added-since-mw72
AkozWam	N	Y	Y	added-since-mw72
AkrIqaSEla	N	N	N	never-seen
AkrIqagiri	N	Y	N	added-since-mw72
Akrandana	Y	Y	N	kept
Akrandanin	N	N	N	never-seen
Akrandin	Y	Y	N	kept
Akrandita	Y	Y	N	kept
AkroSanavant	N	N	N	never-seen
AkroSayitar	N	N	N	never-seen
Akruzwa	Y	Y	N	kept
AktaKa	N	Y	N	added-since-mw72
AkumAram	N	Y	N	added-since-mw72
AkzaRika	N	N	N	never-seen
Akzapawalika	N	Y	N	added-since-mw72
AkzepaRa	Y	Y	N	kept
Akzepin	Y	Y	N	kept
Akzeptar	N	N	N	never-seen
Akzipta	Y	Y	N	kept
Akzveqita	N	Y	Y	added-since-mw72
Akzyant	N	N	N	never-seen
AlAla	N	Y	Y	added-since-mw72
AlApa	Y	Y	N	kept
AlApaka	N	N	N	never-seen
Ala	Y	Y	Y	kept
AlaMkArika	N	Y	Y	added-since-mw72
AlajAla	N	Y	Y	added-since-mw72
Alakzita	N	Y	Y	added-since-mw72
AlamBam	N	Y	N	added-since-mw72
Alambam	N	Y	N	added-since-mw72
AlambanapratyayaDyAnaSAstravyAKyA	N	N	N	never-seen
Alapita	N	Y	Y	added-since-mw72
Alaptaka	N	Y	Y	added-since-mw72
Alasyavant	N	N	N	never-seen
AlavandArstotra	N	N	N	never-seen
AleKani	N	Y	N	added-since-mw72
AleSa	N	Y	N	added-since-mw72
AliNga	Y	Y	N	kept
AliNganA	N	Y	N	added-since-mw72
AlokAcala	N	N	N	never-seen
Alokaka	N	Y	N	added-since-mw72
Alokakara	N	Y	Y	added-since-mw72
AlokasuvegaDvaja	N	Y	Y	added-since-mw72
Alokavant	N	N	N	never-seen
AlolikA	N	Y	Y	added-since-mw72
Alopa	N	Y	N	added-since-mw72
Am	Y	Y	N	kept
AmUlam	Y	Y	N	kept
AmUrDAntam	N	Y	N	added-since-mw72
Ama	Y	Y	Y	kept
AmaBfzwa	N	Y	N	added-since-mw72
AmaSrAdDa	N	Y	Y	added-since-mw72
Amajjam	N	Y	Y	added-since-mw72
Amala	N	N	N	never-seen
AmantraRA	N	Y	N	added-since-mw72
Amapeza	N	Y	N	added-since-mw72
AmapiSita	N	N	N	never-seen
Ambuda	N	Y	N	added-since-mw72
AmeKalam	N	Y	N	added-since-mw72
Amezwaka	N	Y	Y	added-since-mw72
AmfRAlam	N	N	N	never-seen
AmikzApayasya	N	Y	Y	added-since-mw72
Amitra	Y	Y	Y	kept
AmitraSocani	N	Y	Y	added-since-mw72
AmizakiMcitka	N	N	N	never-seen
AmlocantI	N	Y	Y	added-since-mw72
AmnAyakriyArTatvAdisUtravicAra	N	N	N	never-seen
AmnAyayoni	N	Y	Y	added-since-mw72
Amodin	Y	Y	N	kept
Amodita	Y	Y	N	kept
AmratIrTa	N	N	N	never-seen
AmravAwaka	N	Y	N	added-since-mw72
AmuKa	Y	Y	Y	kept
Amukta	Y	Y	N	kept
AnABi	N	Y	Y	added-since-mw72
AnAha	Y	Y	N	kept
AnAkzipa	N	N	N	never-seen
AnApAnasmfti	N	N	N	never-seen
AnIlanizaDAyata	N	Y	Y	added-since-mw72
Anamam	N	Y	N	added-since-mw72
Anana	Y	Y	N	kept
Ananda	Y	Y	Y	kept
AnandagirIya	N	N	N	never-seen
AnandakAvya	N	Y	N	added-since-mw72
AnandapraBA	N	Y	N	added-since-mw72
Anandapura	N	Y	N	added-since-mw72
AnandarAGava	N	N	N	never-seen
Anantarya	Y	Y	Y	kept
Anarta	Y	Y	N	kept
Anartaka	N	Y	N	added-since-mw72
Anartasatkfta	N	N	N	never-seen
Andola	Y	Y	N	kept
AndolikA	N	Y	Y	added-since-mw72
Anetavya	Y	Y	N	kept
Aneya	N	Y	Y	added-since-mw72
AnfSaMsa	Y	Y	N	kept
Anfhata	N	N	N	never-seen
Anftika	N	Y	Y	added-since-mw72
AniSam	N	Y	N	added-since-mw72
Animila	N	N	N	never-seen
AntarAyika	N	Y	N	added-since-mw72
Antara	N	Y	N	added-since-mw72
Antra	Y	Y	N	kept
AnugrAhika	N	N	N	never-seen
AnujAvara	Y	Y	N	kept
AnukUlika	Y	Y	N	kept
AnumatI	N	N	N	never-seen
AnupUrvI	N	N	N	never-seen
AnupUrva	Y	Y	N	kept
AnuvanDika	N	N	N	never-seen
AnuyAjika	N	Y	Y	added-since-mw72
Anuzak	Y	Y	Y	kept
AnvIkzikI	Y	Y	Y	kept
Ap	Y	Y	N	kept
ApAdana	Y	Y	N	kept
ApAdatalamastakam	N	Y	Y	added-since-mw72
ApAdin	N	Y	Y	added-since-mw72
ApAkasTa	N	N	N	never-seen
ApArzRi	N	Y	Y	added-since-mw72
ApAtajYAna	N	N	N	never-seen
ApAtika	N	Y	N	added-since-mw72
ApAzWi	N	Y	Y	added-since-mw72
ApIWAntam	N	N	N	never-seen
ApIqa	Y	Y	N	kept
ApIqaka	N	N	N	never-seen
ApIqin	N	Y	Y	added-since-mw72
ApaReya	N	N	N	never-seen
ApadevIya	N	N	N	never-seen
Apali	N	N	N	never-seen
Aparuza	N	Y	Y	added-since-mw72
AparvaBaNganipuRa	N	N	N	never-seen
Apas	Y	Y	N	kept
Apastamba	Y	Y	N	kept
Apatanta	N	Y	Y	added-since-mw72
ApatsahAya	N	Y	Y	added-since-mw72
Apattisama	N	N	N	never-seen
Apawaliman	N	N	N	never-seen
ApfcCya	Y	Y	N	kept
Api	Y	Y	Y	kept
ApiSaliSikzA	N	N	N	never-seen
Apin	N	N	N	never-seen
Apluta	Y	Y	N	kept
Apluti	N	Y	N	added-since-mw72
Apoda	N	Y	Y	added-since-mw72
Apolupa	N	N	N	never-seen
ApravaRa	N	Y	N	added-since-mw72
Apsara	N	Y	N	added-since-mw72
AptacCandas	N	Y	Y	added-since-mw72
AptakAma	N	Y	N	added-since-mw72
AptavAda	N	Y	Y	added-since-mw72
AptavAkya	N	Y	N	added-since-mw72
Aptavya	Y	Y	N	kept
Apti	Y	Y	Y	kept
AptoryAmahOtra	N	N	N	never-seen
ApuNKaSiKam	N	N	N	never-seen
ApyAnavant	N	N	N	never-seen
Apyeya	N	Y	N	added-since-mw72
AqI	N	Y	N	added-since-mw72
Aqambarita	N	Y	Y	added-since-mw72
AqvAlana	N	Y	Y	added-since-mw72
ArA	Y	Y	N	kept
ArADanakrama	N	N	N	never-seen
ArAgay	N	N	N	never-seen
ArAgra	N	Y	N	added-since-mw72
ArAla	N	Y	N	added-since-mw72
ArAmADipati	N	Y	Y	added-since-mw72
ArAsa	N	Y	Y	added-since-mw72
ArAva	Y	Y	Y	kept
ArDika	Y	Y	N	kept
ArRava	N	Y	Y	added-since-mw72
ArTat	N	N	N	never-seen
ArUQa	Y	Y	Y	kept
ArUQajAtaka	N	N	N	never-seen
ArUQapatita	N	N	N	never-seen
ArUpya	N	Y	Y	added-since-mw72
Ara	Y	Y	Y	kept
AraRyakaBawwaBAskara	N	N	N	never-seen
AragvaDamaya	N	N	N	never-seen
Arakza	Y	Y	N	kept
AramBa	Y	Y	N	kept
AramBayajYa	N	Y	Y	added-since-mw72
ArambaRacCedana	N	Y	Y	added-since-mw72
ArambaRaka	N	N	N	never-seen
Arata	Y	Y	N	kept
Arawita	N	Y	N	added-since-mw72
ArdrIBAva	N	N	N	never-seen
Ardra	Y	Y	N	kept
Ardrapavi	N	Y	N	added-since-mw72
ArdratA	N	Y	N	added-since-mw72
ArdravAsas	N	Y	Y	added-since-mw72
Arhata	Y	Y	N	kept
Ari	N	N	N	never-seen
Arizwa	N	N	N	never-seen
ArkAyaRa	N	Y	N	added-since-mw72
Arka	N	Y	Y	added-since-mw72
AroDana	Y	Y	N	kept
ArogyApay	N	N	N	never-seen
Arogya	Y	Y	N	kept
Arogyay	N	N	N	never-seen
Aroha	Y	Y	Y	kept
ArohaRa	Y	Y	N	kept
Aropayitar	N	N	N	never-seen
ArtAyana	N	Y	Y	added-since-mw72
ArtAyani	N	Y	Y	added-since-mw72
ArtanAda	N	Y	N	added-since-mw72
Artarava	N	N	N	never-seen
ArtayajYa	N	N	N	never-seen
Artikara	N	N	N	never-seen
Artvya	Y	Y	N	kept
AruRaSikzA	N	N	N	never-seen
Arupita	N	Y	N	added-since-mw72
Aruta	N	Y	N	added-since-mw72
AryAdviSatI	N	N	N	never-seen
AryaKaRqa	N	N	N	never-seen
AryabrahmaviSezacittaparipfcCA	N	N	N	never-seen
AryabudDi	N	N	N	never-seen
AryadAsI	N	N	N	never-seen
Aryamati	N	N	N	never-seen
AryaputrIya	N	N	N	never-seen
AryasTavirIyaka	N	N	N	never-seen
AryasTavira	N	Y	Y	added-since-mw72
Aryavajra	N	Y	Y	added-since-mw72
Aryavant	N	N	N	never-seen
Arza	Y	Y	N	kept
ArzeyabrAhmaRa	N	Y	Y	added-since-mw72
ArzoQA	N	Y	N	added-since-mw72
As	Y	Y	N	kept
AsAda	Y	Y	Y	kept
AsAdanA	N	Y	Y	added-since-mw72
AsInanyAya	N	N	N	never-seen
AsInapracalAyita	N	Y	N	added-since-mw72
AsPAla	Y	Y	N	kept
AsPAlita	Y	Y	N	kept
AsParaRakasamADi	N	N	N	never-seen
AsPowana	Y	Y	N	kept
AsPura	N	Y	Y	added-since-mw72
AsTApana	Y	Y	N	kept
AsTApita	Y	Y	N	kept
AsTI	N	N	N	never-seen
AsTita	Y	Y	Y	kept
AsaMjYika	N	Y	Y	added-since-mw72
AsaNga	Y	Y	Y	kept
Asahasrakftvas	N	N	N	never-seen
AsaktaBAva	N	Y	N	added-since-mw72
AsanADyAya	N	N	N	never-seen
Asanapawwa	N	N	N	never-seen
Asanda	Y	Y	N	kept
Asanna	Y	Y	N	kept
AsannakAlika	N	Y	Y	added-since-mw72
AsannayoDin	N	Y	Y	added-since-mw72
AsapARqu	N	N	N	never-seen
Asaritaka	N	N	N	never-seen
Asecanaka	Y	Y	N	kept
Asecanavant	N	N	N	never-seen
Askandam	N	Y	N	added-since-mw72
Askandana	Y	Y	N	kept
AspadI	N	N	N	never-seen
AsrAva	Y	Y	Y	kept
AsurakARqa	N	N	N	never-seen
AsvAdanIya	N	Y	Y	added-since-mw72
AsvApana	N	Y	Y	added-since-mw72
AsyadaGna	N	Y	N	added-since-mw72
AsyamETunika	N	Y	Y	added-since-mw72
AsyasaMmita	N	N	N	never-seen
AsyavErasya	N	Y	Y	added-since-mw72
AtA	N	Y	N	added-since-mw72
AtI	N	Y	N	added-since-mw72
Atapa	Y	Y	Y	kept
AtapanivAraRa	N	Y	Y	added-since-mw72
AtapavAraRa	N	Y	N	added-since-mw72
AtaptakArin	N	N	N	never-seen
AtarpaRa	Y	Y	N	kept
Atas	N	N	N	never-seen
Atfpti	N	Y	Y	added-since-mw72
AtiSayika	N	Y	Y	added-since-mw72
AtiTeya	Y	Y	N	kept
AticCandasa	N	Y	N	added-since-mw72
Atijagata	N	Y	Y	added-since-mw72
AtisArika	N	Y	Y	added-since-mw72
AtitAMsu	N	Y	Y	added-since-mw72
AtiyAtrika	N	N	N	never-seen
AtizWadgu	N	Y	N	added-since-mw72
AtmAlamBa	N	N	N	never-seen
AtmArpaRa	N	N	N	never-seen
AtmArpaRaSruti	N	N	N	never-seen
AtmIyadeSa	N	N	N	never-seen
AtmIyajAtya	N	N	N	never-seen
AtmaBU	N	Y	N	added-since-mw72
AtmaBavAyana	N	Y	N	added-since-mw72
AtmaBaya	N	N	N	never-seen
AtmaGoza	N	Y	N	added-since-mw72
AtmaMBari	N	N	N	never-seen
AtmaSlAGAkara	N	N	N	never-seen
AtmaSlAGana	N	N	N	never-seen
AtmadevatA	N	Y	N	added-since-mw72
AtmahitAyana	N	Y	N	added-since-mw72
AtmajYAnopadeSa	N	N	N	never-seen
AtmakAma	N	Y	Y	added-since-mw72
AtmamAna	N	Y	N	added-since-mw72
Atmamaya	N	Y	N	added-since-mw72
Atman	Y	Y	N	kept
Atmanivedana	N	Y	N	added-since-mw72
AtmaprIti	N	Y	N	added-since-mw72
AtmapraBa	N	Y	N	added-since-mw72
AtmaprakASikAvivaraRa	N	N	N	never-seen
AtmapriyA	N	N	N	never-seen
AtmarUpa	N	N	N	never-seen
AtmasaMBAvita	N	N	N	never-seen
AtmasaMsTA	N	N	N	never-seen
AtmasaMsTa	N	Y	N	added-since-mw72
Atmasama	N	Y	N	added-since-mw72
Atmasnehamaya	N	N	N	never-seen
Atmatantra	N	Y	N	added-since-mw72
AtmatrARaparigraha	N	Y	N	added-since-mw72
AtmatvajAtisidDivAda	N	N	N	never-seen
AtmavidyAvilAsa	N	N	N	never-seen
AtmayAjin	N	Y	N	added-since-mw72
Atmayoni	N	Y	N	added-since-mw72
AtmollAsa	N	Y	Y	added-since-mw72
Atmotkarza	N	N	N	never-seen
AtreyaSikzA	N	N	N	never-seen
Attaretas	N	N	N	never-seen
Attasva	N	Y	Y	added-since-mw72
Atyayika	Y	Y	N	kept
AvAhana	Y	Y	N	kept
AvAmadevyam	N	N	N	never-seen
AvApa	Y	Y	Y	kept
AvAri	Y	Y	N	kept
AvAriDi	N	Y	Y	added-since-mw72
AvAsika	N	Y	Y	added-since-mw72
AvaSyaka	Y	Y	N	kept
AvaSyakasUtra	N	N	N	never-seen
Avaka	N	N	N	never-seen
AvaleKana	N	N	N	never-seen
Avantaka	N	Y	N	added-since-mw72
AvarItar	N	N	N	never-seen
AvarRI	N	N	N	never-seen
Avarjanakara	N	N	N	never-seen
Avartaka	Y	Y	Y	kept
Avartam	N	Y	Y	added-since-mw72
Avartin	Y	Y	N	kept
AvasaTI	N	N	N	never-seen
AvasaTIya	N	Y	N	added-since-mw72
AvasaTavAsin	N	N	N	never-seen
Avatsaram	N	Y	N	added-since-mw72
AveSika	Y	Y	N	kept
Avftatva	N	N	N	never-seen
AviHsUrye	N	Y	Y	added-since-mw72
AviSam	N	N	N	never-seen
Avika	Y	Y	Y	kept
AvirBUtatva	N	N	N	never-seen
AvirBUya	N	N	N	never-seen
AvirmaRqala	Y	Y	N	kept
Avis	Y	Y	N	kept
AvizpfzWa	N	N	N	never-seen
Avraska	Y	Y	Y	kept
Avraskya	N	N	N	never-seen
Avya	Y	Y	N	kept
AwIlaka	N	Y	N	added-since-mw72
AwarUzaka	N	N	N	never-seen
Awavakayakza	N	N	N	never-seen
Awika	Y	Y	Y	kept
AyAcita	Y	Y	N	kept
AyAmatA	N	N	N	never-seen
AyAmatas	N	Y	Y	added-since-mw72
AyAna	Y	Y	Y	kept
AyAsa	Y	Y	N	kept
AyAsana	N	Y	Y	added-since-mw72
AyAsita	N	Y	Y	added-since-mw72
AyaTApUrvya	N	Y	N	added-since-mw72
Ayacana	N	N	N	never-seen
Ayasa	Y	Y	N	kept
Ayasta	Y	Y	Y	kept
Ayata	Y	Y	N	kept
Ayatapakzmala	N	Y	Y	added-since-mw72
Ayatasamalamba	N	Y	Y	added-since-mw72
Ayati	Y	Y	N	kept
AyattI	N	N	N	never-seen
Ayojana	Y	Y	N	kept
AyuDIyaka	N	Y	N	added-since-mw72
AyuDika	Y	Y	Y	kept
AyuDin	Y	Y	N	kept
Ayuj	Y	Y	N	kept
Ayukft	N	Y	N	added-since-mw72
AyurdA	N	Y	N	added-since-mw72
Ayurvedin	N	Y	N	added-since-mw72
Ayuta	Y	Y	N	kept
Ayuzpati	N	Y	N	added-since-mw72
Ayuzya	Y	Y	N	kept
AyuzyagaRa	N	Y	Y	added-since-mw72
Ayuzyahoma	N	Y	N	added-since-mw72
BARqaka	Y	Y	N	kept
BARqana	N	Y	N	added-since-mw72
BARqika	Y	Y	N	kept
BARqya	N	N	N	never-seen
BAgAnuBAga	N	N	N	never-seen
BAgIya	N	Y	N	added-since-mw72
BAga	Y	Y	N	kept
BAgaDAna	N	Y	N	added-since-mw72
BAgapAWa	N	Y	N	added-since-mw72
BAgin	Y	Y	N	kept
BAgineya	Y	Y	N	kept
BAgyavEzamya	N	Y	N	added-since-mw72
BAjI	Y	Y	N	kept
BAjanacArika	N	Y	N	added-since-mw72
BAjanavArika	N	Y	N	added-since-mw72
BAkArin	N	N	N	never-seen
BAlalocana	N	Y	N	added-since-mw72
BAlanayana	N	Y	N	added-since-mw72
BAnda	Y	Y	N	kept
BAraka	Y	Y	N	kept
BArgavAy	N	N	N	never-seen
BArgava	Y	Y	N	kept
BArin	Y	Y	N	kept
BAs	Y	Y	N	kept
BAvAva	Y	Y	N	kept
BAvaBawa	N	N	N	never-seen
BAvanAmaya	N	Y	N	added-since-mw72
BAvayatin	N	Y	N	added-since-mw72
BAvin	Y	Y	N	kept
BAz	Y	Y	N	kept
BEkzAkula	N	Y	N	added-since-mw72
BEkzuka	Y	Y	N	kept
BEmasena	N	Y	N	added-since-mw72
BEravaprAdurBAvanAwaka	N	Y	N	added-since-mw72
BI	Y	Y	N	kept
BImapUrvaja	N	Y	N	added-since-mw72
BImasAhi	N	Y	N	added-since-mw72
BIra	Y	Y	N	kept
BIru	Y	Y	N	kept
BIzmakAtmajA	N	Y	N	added-since-mw72
BOma	Y	Y	N	kept
BOvAyana	Y	Y	N	kept
BU	Y	Y	Y	kept
BUDara	N	Y	N	added-since-mw72
BUdAra	N	Y	N	added-since-mw72
BUman	Y	Y	N	kept
BUmiBAga	N	Y	N	added-since-mw72
BUmigarBa	N	Y	N	added-since-mw72
BUmiruha	N	Y	N	added-since-mw72
BUrBuva	N	Y	N	added-since-mw72
BUri	Y	Y	N	kept
BUrika	Y	Y	N	kept
BUtaDara	N	Y	N	added-since-mw72
BUtagrAma	N	Y	N	added-since-mw72
BUtajananI	N	Y	N	added-since-mw72
BUtamUkzna	N	N	N	never-seen
BUtatA	N	Y	N	added-since-mw72
BUtatanmAtra	N	Y	N	added-since-mw72
BUtibali	N	Y	N	added-since-mw72
BUtopasfzwa	N	N	N	never-seen
BUvarI	N	Y	N	added-since-mw72
BUyaSCandika	N	Y	N	added-since-mw72
BUyaskAma	N	Y	N	added-since-mw72
BUyastva	N	Y	N	added-since-mw72
BUyizWatA	N	N	N	never-seen
BUyoBAva	N	Y	N	added-since-mw72
BUyoruci	N	Y	N	added-since-mw72
BaNga	Y	Y	N	kept
BaNgya	Y	Y	N	kept
BaRitimaya	N	Y	N	added-since-mw72
BaRq	Y	Y	N	kept
BaRqIra	Y	Y	N	kept
BaRqana	Y	Y	N	kept
BaRqiman	N	Y	N	added-since-mw72
BaddAlin	N	Y	N	added-since-mw72
BadrA	N	Y	N	added-since-mw72
BadrAkaraRa	N	Y	N	added-since-mw72
BadrAvatI	Y	Y	N	kept
Badra	Y	Y	N	kept
BadraBuja	N	Y	N	added-since-mw72
BadraMkara	N	Y	N	added-since-mw72
BadraSilA	N	Y	N	added-since-mw72
BadrabAhu	N	Y	N	added-since-mw72
BadrabAhucaritra	N	Y	N	added-since-mw72
Badrados	N	Y	N	added-since-mw72
Badrakalpika	N	Y	N	added-since-mw72
BadramuKa	N	Y	N	added-since-mw72
BagIna	N	Y	N	added-since-mw72
Bagavftti	N	Y	N	added-since-mw72
BagnacCandas	N	N	N	never-seen
Bagnanetra	N	Y	N	added-since-mw72
Bagnayati	N	N	N	never-seen
Baj	Y	Y	N	kept
BaktABisAra	N	Y	N	added-since-mw72
BaktAgra	N	Y	N	added-since-mw72
BaktIdyAvApfTivI	N	Y	N	added-since-mw72
Baktakftya	N	Y	N	added-since-mw72
BaktijYa	N	Y	N	added-since-mw72
Baktimahant	N	N	N	never-seen
BaktottarikA	N	N	N	never-seen
BakzaMkAra	N	Y	N	added-since-mw72
Bal	Y	Y	N	kept
BalApay	N	N	N	never-seen
Balla	Y	Y	N	kept
Balli	N	Y	N	added-since-mw72
BamBarAlI	Y	Y	N	kept
Banda	N	N	N	never-seen
Bar	N	N	N	never-seen
BaradvAjapravraska	N	Y	N	added-since-mw72
BartfBawwa	N	N	N	never-seen
BartfcittA	N	Y	N	added-since-mw72
Baru	Y	Y	N	kept
Basad	Y	Y	N	kept
Basala	N	Y	N	added-since-mw72
Basita	Y	Y	N	kept
Basma	N	Y	N	added-since-mw72
Basmasay	N	N	N	never-seen
BavAri	N	Y	N	added-since-mw72
Bavanandana	N	Y	N	added-since-mw72
BavasaMkrAnti	N	Y	N	added-since-mw72
Bavitavya	Y	Y	N	kept
BavodBava	N	Y	N	added-since-mw72
BawabalAgra	N	Y	N	added-since-mw72
BawwasarvajYa	N	Y	N	added-since-mw72
BayAy	N	N	N	never-seen
BayaSaNkita	N	N	N	never-seen
Bazita	N	Y	N	added-since-mw72
BedanIya	Y	Y	N	kept
BfNgaka	Y	Y	N	kept
BfNgarola	Y	Y	N	kept
BfSasvid	N	Y	N	added-since-mw72
Bfgu	Y	Y	N	kept
BftikA	N	Y	N	added-since-mw72
Bftikarmakara	N	Y	N	added-since-mw72
BiRqipAla	N	N	N	never-seen
Bid	Y	Y	N	kept
BidABft	N	Y	N	added-since-mw72
Bidelima	Y	Y	N	kept
BikzAbiqAla	N	Y	N	added-since-mw72
Bikzuhala	N	Y	N	added-since-mw72
BikzurAkzasa	N	Y	N	added-since-mw72
Billa	Y	Y	N	kept
Bindu	Y	Y	N	kept
BinnakI	N	Y	N	added-since-mw72
BinnakleSa	N	Y	N	added-since-mw72
Binnaruci	N	Y	N	added-since-mw72
Biru	N	Y	N	added-since-mw72
BirukacCa	N	Y	N	added-since-mw72
Bizaktva	N	Y	N	added-since-mw72
BogAvAsa	N	Y	N	added-since-mw72
Boga	Y	Y	N	kept
BogaMkarA	N	Y	N	added-since-mw72
BogalABa	N	Y	N	added-since-mw72
BogamAlinI	N	Y	N	added-since-mw72
BoganATa	N	Y	N	added-since-mw72
BogavatI	N	Y	N	added-since-mw72
BogipurI	N	N	N	never-seen
BojanIya	Y	Y	N	kept
Bojana	Y	Y	N	kept
Bojya	Y	Y	N	kept
BoskAra	N	Y	N	added-since-mw72
BrAtfvyABiBUti	N	Y	N	added-since-mw72
BrAtfvyApanutti	N	Y	N	added-since-mw72
BrAtfvyadevatya	N	Y	N	added-since-mw72
BrURa	Y	Y	N	kept
BrUkuMsa	N	Y	N	added-since-mw72
BrUkuwika	N	N	N	never-seen
BraMS	Y	Y	N	kept
Bram	Y	Y	N	kept
BramI	N	N	N	never-seen
Bramaraketu	N	N	N	never-seen
Buj	Y	Y	N	kept
BujaSiKara	N	Y	N	added-since-mw72
Bujabalin	N	Y	N	added-since-mw72
BujagAri	N	Y	N	added-since-mw72
Bujaga	N	Y	N	added-since-mw72
Bujayoktra	N	Y	N	added-since-mw72
BuktaSeza	N	Y	N	added-since-mw72
Buvadvant	N	N	N	never-seen
CAgaromamaya	N	Y	N	added-since-mw72
CAyApaTa	N	Y	N	added-since-mw72
CAyApatti	N	N	N	never-seen
CAyApuruzAvaboDana	N	N	N	never-seen
CAya	N	Y	N	added-since-mw72
CaRqIkalpa	N	N	N	never-seen
CaRqikAvArika	N	N	N	never-seen
Cad	Y	Y	N	kept
Cada	Y	Y	N	kept
CadirdarSa	N	Y	N	added-since-mw72
Cadizmant	N	N	N	never-seen
CagalAntrI	N	Y	N	added-since-mw72
CagalikA	N	Y	N	added-since-mw72
Calamaya	N	N	N	never-seen
Calana	Y	Y	N	kept
CalapAta	N	Y	Y	added-since-mw72
CamaRqala	N	Y	N	added-since-mw72
Canda	Y	Y	N	kept
CandaHSloka	N	N	N	never-seen
CandaHpratizWAna	N	Y	Y	added-since-mw72
CandadAyaka	N	N	N	never-seen
CandapariSudDi	N	N	N	never-seen
CandapratyudDAra	N	N	N	never-seen
CandavAsin	N	N	N	never-seen
CandoBAga	N	Y	N	added-since-mw72
CandoBaNgavant	N	N	N	never-seen
CandombuDi	N	N	N	never-seen
Card	Y	N	N	dropped
CattropAnaha	N	Y	N	added-since-mw72
Cavi	Y	Y	N	kept
Cid	Y	Y	N	kept
CidrAnusArin	N	Y	N	added-since-mw72
CidrakarRa	N	Y	N	added-since-mw72
CinnaBakta	N	Y	N	added-since-mw72
CinnakarRa	N	Y	Y	added-since-mw72
CinnamastakI	N	N	N	never-seen
Cinnaplotika	N	N	N	never-seen
ColaNga	Y	Y	N	kept
Cowana	N	Y	N	added-since-mw72
Cur	Y	Y	N	kept
CurikAlakzaRa	N	N	N	never-seen
Cuw	Y	Y	N	kept
DA	Y	Y	N	kept
DAman	Y	Y	Y	kept
DAmavant	N	N	N	never-seen
DAnurveda	N	Y	N	added-since-mw72
DAnyajIvin	N	Y	N	added-since-mw72
DAnyakawaka	N	Y	N	added-since-mw72
DAnyamiSra	N	Y	N	added-since-mw72
DAnyapUla	N	Y	N	added-since-mw72
DAnyarAja	N	Y	N	added-since-mw72
DArApaTa	N	Y	N	added-since-mw72
DArAsalila	N	Y	N	added-since-mw72
DAra	Y	Y	N	kept
DAralopaka	N	Y	N	added-since-mw72
DArmika	Y	Y	N	kept
DAtakIKaRqa	N	Y	N	added-since-mw72
DAtavIya	N	N	N	never-seen
DAv	Y	Y	N	kept
DAvana	Y	Y	N	kept
DAya	Y	Y	N	kept
DAyina	N	N	N	never-seen
DImant	N	N	N	never-seen
DIrI	N	N	N	never-seen
DItA	N	Y	N	added-since-mw72
DU	Y	Y	N	kept
DUNkzRA	N	N	N	never-seen
DUlIkadamba	N	Y	N	added-since-mw72
DUligucCa	N	Y	N	added-since-mw72
DUmAy	N	N	N	never-seen
DUmala	Y	Y	N	kept
DUmanetra	N	Y	N	added-since-mw72
DUmarakta	N	Y	N	added-since-mw72
DUmay	N	N	N	never-seen
DUmra	Y	Y	N	kept
DUmraka	Y	Y	N	kept
DUpay	N	N	N	never-seen
DUrta	Y	Y	N	kept
DUrtalavaRa	N	Y	N	added-since-mw72
DUrti	Y	Y	N	kept
DUryuja	N	Y	N	added-since-mw72
DUtaguRa	N	Y	N	added-since-mw72
Dakzat	N	Y	N	added-since-mw72
DanAy	N	N	N	never-seen
DanDa	N	Y	N	added-since-mw72
DanEzin	N	Y	N	added-since-mw72
DanadAy	N	N	N	never-seen
Danagupta	N	Y	N	added-since-mw72
DanahAraka	N	Y	N	added-since-mw72
DanamUlya	N	Y	N	added-since-mw72
DanasaMmata	N	N	N	never-seen
Danav	N	N	N	never-seen
Danavarman	N	Y	N	added-since-mw72
Danaviparyaya	N	Y	N	added-since-mw72
DaneSa	N	Y	N	added-since-mw72
DanurmArga	N	Y	N	added-since-mw72
DanuzkalApaka	N	N	N	never-seen
DanuzketakI	N	N	N	never-seen
Danv	Y	Y	N	kept
DanvArti	N	N	N	never-seen
Danva	Y	Y	N	kept
Danvana	N	Y	N	added-since-mw72
Dar	N	N	N	never-seen
DarADarendra	N	Y	N	added-since-mw72
Dara	Y	Y	N	kept
DaraRa	Y	Y	N	kept
DaraRidAsa	N	Y	N	added-since-mw72
DaraRija	N	Y	N	added-since-mw72
Darimameya	N	Y	N	added-since-mw72
DaritrIBft	N	Y	N	added-since-mw72
DaritrIDara	N	Y	N	added-since-mw72
Darm	N	N	N	never-seen
DarmArTika	N	Y	N	added-since-mw72
Darma	Y	Y	Y	kept
DarmaDAraya	N	Y	N	added-since-mw72
DarmaDAtuniyata	N	Y	N	added-since-mw72
DarmaDvajavant	N	N	N	never-seen
DarmaSAwapraticCanna	N	Y	N	added-since-mw72
DarmaSarIra	N	Y	N	added-since-mw72
DarmaSravaRa	N	Y	N	added-since-mw72
Darmadruh	N	Y	N	added-since-mw72
DarmakAmArTasaMbanDa	N	N	N	never-seen
DarmakAya	N	Y	N	added-since-mw72
DarmapASa	N	Y	N	added-since-mw72
Darmaputraka	N	Y	N	added-since-mw72
DarmarAjaputra	N	Y	N	added-since-mw72
DarmasAgara	N	Y	Y	added-since-mw72
DarmasaMjYa	N	Y	N	added-since-mw72
Darmasatyavrateyu	N	Y	N	added-since-mw72
DarmatA	N	Y	N	added-since-mw72
DarmavARijyaka	N	Y	N	added-since-mw72
Darmaviplava	N	Y	N	added-since-mw72
DarmaviroDavant	N	N	N	never-seen
Darmay	N	N	N	never-seen
DarmayaSas	N	Y	N	added-since-mw72
DarmayajYa	N	Y	N	added-since-mw72
DarmigrAhakamAna	N	N	N	never-seen
Darmodrata	N	N	N	never-seen
DarzaRa	Y	Y	N	kept
Davala	Y	Y	N	kept
Davalapakza	N	Y	N	added-since-mw72
DavalapurARasamuccaya	N	N	N	never-seen
Davalasmfti	N	Y	N	added-since-mw72
Dayadvant	N	N	N	never-seen
Dena	Y	Y	N	kept
DftarAzwra	N	Y	N	added-since-mw72
DfzwatA	N	Y	N	added-since-mw72
DigvAda	N	Y	N	added-since-mw72
DizRya	Y	Y	N	kept
Druva	Y	Y	N	kept
DunDumant	N	N	N	never-seen
DurAnikzepaRa	N	Y	N	added-since-mw72
Durya	Y	Y	N	kept
DutaguRa	N	Y	N	added-since-mw72
DvANkza	Y	Y	N	kept
DvAjavata	N	N	N	never-seen
Dvajavada	N	Y	N	added-since-mw72
Dvanana	Y	Y	N	kept
DvanyAcArya	N	Y	N	added-since-mw72
Dvanya	Y	Y	N	kept
Dvasmanvant	N	N	N	never-seen
DyA	Y	Y	N	kept
DyAmIkaraRa	N	Y	N	added-since-mw72
DyAmalI	N	N	N	never-seen
DyAmala	N	Y	N	added-since-mw72
DyAnAgAra	N	Y	N	added-since-mw72
DyAna	Y	Y	N	kept
E	Y	Y	N	kept
ESvarakAraRika	N	Y	Y	added-since-mw72
EcCantika	N	N	N	never-seen
EhilOkika	N	N	N	never-seen
EhipaSyika	N	N	N	never-seen
EkAntika	Y	Y	N	kept
EkEkaSya	N	N	N	never-seen
Ekamantrya	N	Y	Y	added-since-mw72
EkamuKya	N	Y	Y	added-since-mw72
Ekzavya	Y	Y	N	kept
Enasa	Y	Y	N	kept
EndriyAvata	N	N	N	never-seen
EqAdaDa	N	Y	N	added-since-mw72
ErAvant	N	N	N	never-seen
ErAvataka	N	Y	N	added-since-mw72
EraRqa	N	N	N	never-seen
Ereya	Y	Y	N	kept
EryApaTikI	N	Y	Y	added-since-mw72
EvamarTya	N	Y	Y	added-since-mw72
EzAvIra	Y	Y	N	kept
GArikA	N	Y	Y	added-since-mw72
GAtaka	Y	Y	N	kept
GAtitva	N	Y	N	added-since-mw72
GAwa	Y	Y	N	kept
GAwalikA	N	Y	N	added-since-mw72
GaNGaSAlA	N	N	N	never-seen
GaRwAkarRI	N	Y	N	added-since-mw72
GaRwa	Y	Y	N	kept
GamaGamArava	N	Y	N	added-since-mw72
GanAsTikaPa	N	N	N	never-seen
Gana	Y	Y	N	kept
Ganamud	N	Y	N	added-since-mw72
Ganodaya	N	Y	N	added-since-mw72
Gar	Y	Y	N	kept
GarGara	Y	Y	N	kept
GariRI	N	Y	N	added-since-mw72
GarmaBAnu	N	Y	N	added-since-mw72
GarmadIDiti	N	Y	N	added-since-mw72
Garmasvaras	N	Y	N	added-since-mw72
Garmatoya	N	Y	N	added-since-mw72
GarmocCizwa	N	Y	N	added-since-mw72
Gas	Y	Y	N	kept
Gaw	Y	Y	N	kept
Gawa	Y	Y	N	kept
GawikAcalamAhAtmya	N	N	N	never-seen
Gaww	Y	Y	N	kept
Gawwa	Y	Y	N	kept
GfRAvant	N	N	N	never-seen
GfRi	Y	Y	N	kept
GftAhuti	N	Y	N	added-since-mw72
GftAnuzikta	N	Y	N	added-since-mw72
GftaBAjana	N	Y	N	added-since-mw72
GftaDArA	N	Y	N	added-since-mw72
GftakumBa	N	Y	N	added-since-mw72
GftaleKinI	N	Y	N	added-since-mw72
Gftaminva	N	Y	N	added-since-mw72
Gftasamudra	N	Y	Y	added-since-mw72
Gftatva	N	Y	N	added-since-mw72
GftayAjyA	N	Y	N	added-since-mw72
Gola	Y	Y	N	kept
GorASaya	N	Y	N	added-since-mw72
GorasaMsparSa	N	Y	N	added-since-mw72
Gowakamfga	N	N	N	never-seen
GowapAlaka	N	N	N	never-seen
Gozila	N	Y	N	added-since-mw72
GrA	Y	Y	N	kept
GuNGuma	N	Y	Y	added-since-mw72
Guw	Y	Y	N	kept
Guz	Y	Y	N	kept
I	Y	Y	N	kept
IMkAra	N	Y	Y	added-since-mw72
INK	Y	Y	N	kept
ISADara	N	Y	Y	added-since-mw72
ISAcala	N	Y	Y	added-since-mw72
ISAnadiS	N	Y	Y	added-since-mw72
ISAnahata	N	Y	Y	added-since-mw72
ISAvAsyaKaRqana	N	N	N	never-seen
ISaka	N	N	N	never-seen
ISatva	N	Y	N	added-since-mw72
ISvara	Y	Y	N	kept
ISvaraBAva	N	Y	N	added-since-mw72
ISvaraSataka	N	N	N	never-seen
ISvaradIkzita	N	N	N	never-seen
ISvarakAraRika	N	Y	Y	added-since-mw72
ISvarakAraRin	N	Y	N	added-since-mw72
ISvarasuKavAda	N	N	N	never-seen
IdfSaBUta	N	Y	Y	added-since-mw72
IdfgavasTa	N	Y	Y	added-since-mw72
IhAvant	N	N	N	never-seen
Ijya	N	N	N	never-seen
Ikz	Y	Y	Y	kept
IkzAraRyamAhAtmya	N	N	N	never-seen
Ikzaka	Y	Y	N	kept
Ikzati	N	N	N	never-seen
Ikzitar	N	N	N	never-seen
Ilay	N	N	N	never-seen
Ir	Y	Y	N	kept
Ira	Y	Y	Y	kept
IrapAda	N	Y	N	added-since-mw72
Iyakz	N	N	N	never-seen
IzADara	N	N	N	never-seen
IzIkA	Y	Y	N	kept
IzatkArya	N	Y	N	added-since-mw72
Izatpramaya	N	N	N	never-seen
IzatsaMjYa	N	Y	Y	added-since-mw72
Izatsvinna	N	N	N	never-seen
JaMkfti	N	N	N	never-seen
Jakawa	N	N	N	never-seen
JalaYJalA	N	N	N	never-seen
JallIkA	N	Y	N	added-since-mw72
Jara	Y	Y	N	kept
KARu	N	N	N	never-seen
KAdanIya	Y	Y	N	kept
KAdyakacAraka	N	N	N	never-seen
KAnam	N	Y	N	added-since-mw72
KAtaka	Y	Y	N	kept
KAtapUrva	N	N	N	never-seen
KAtra	Y	Y	Y	kept
KaRqaPulla	N	N	N	never-seen
KaRqaka	Y	Y	N	kept
KaRqamodaka	N	Y	N	added-since-mw72
KaRqaparaSu	N	Y	N	added-since-mw72
KaRqarakza	N	Y	N	added-since-mw72
KaRqasPuwa	N	N	N	never-seen
KaRqatraya	N	N	N	never-seen
KaRqika	Y	Y	Y	kept
KaRqin	Y	Y	N	kept
KaSa	Y	Y	N	kept
KaYjAhva	N	N	N	never-seen
KaYja	Y	Y	N	kept
KadA	N	Y	N	added-since-mw72
KadUraka	Y	Y	N	kept
Kadana	N	Y	Y	added-since-mw72
Kadiraka	Y	Y	N	kept
KakKawa	Y	Y	N	kept
KalApi	N	N	N	never-seen
KalI	N	Y	N	added-since-mw72
KalIna	Y	Y	N	kept
KalekapotanyAya	N	Y	Y	added-since-mw72
KallAwaka	N	Y	N	added-since-mw72
Kalla	Y	Y	N	kept
Kalu	Y	Y	N	kept
KalupaScAdBaktika	N	N	N	never-seen
KalvaNga	N	Y	Y	added-since-mw72
KalvakA	N	Y	N	added-since-mw72
KamBIrapati	N	N	N	never-seen
Kanya	Y	Y	N	kept
KanyavAdin	N	Y	Y	added-since-mw72
KaqIna	N	Y	Y	added-since-mw72
KaqgAKaqgi	N	Y	Y	added-since-mw72
KaqgalakzaRa	N	N	N	never-seen
KaqgapawwiSin	N	N	N	never-seen
KaqgavAri	N	Y	Y	added-since-mw72
KaqgavizARa	N	Y	Y	added-since-mw72
Karajru	N	Y	N	added-since-mw72
Karapattrodumbara	N	N	N	never-seen
KaraprARa	N	Y	N	added-since-mw72
KaraskanDa	N	Y	N	added-since-mw72
KaraturagIya	N	Y	Y	added-since-mw72
KarjUra	Y	Y	N	kept
Karpa	N	N	N	never-seen
KaruKarA	N	N	N	never-seen
KarvI	N	N	N	never-seen
Karvay	N	N	N	never-seen
Kasa	Y	Y	N	kept
Kasraj	N	N	N	never-seen
Kavant	N	N	N	never-seen
KawakA	N	Y	N	added-since-mw72
Kawu	N	Y	N	added-since-mw72
KawuNka	N	N	N	never-seen
KawvA	Y	Y	N	kept
Kaza	N	N	N	never-seen
Kelagati	N	Y	N	added-since-mw72
Keqqa	N	N	N	never-seen
Kewana	N	Y	Y	added-since-mw72
Kila	Y	Y	Y	kept
Killita	N	N	N	never-seen
Kiqga	N	Y	N	added-since-mw72
Kola	Y	Y	N	kept
Koqaka	N	N	N	never-seen
Kowaka	N	N	N	never-seen
KuBBika	N	N	N	never-seen
KuramAlin	N	Y	Y	added-since-mw72
Kusta	N	N	N	never-seen
Kustaka	N	N	N	never-seen
KyA	Y	Y	N	kept
OccEHSravasa	Y	Y	N	kept
OdAra	N	N	N	never-seen
OdArika	Y	Y	N	kept
OdBida	Y	Y	N	kept
OdDatya	Y	Y	Y	kept
OdDava	N	Y	N	added-since-mw72
OdDavamaya	N	Y	N	added-since-mw72
Odarciza	N	Y	Y	added-since-mw72
OdarikaSarIra	N	N	N	never-seen
OddAlaki	Y	Y	N	kept
OddeSika	Y	Y	N	kept
OdgAtraprayoga	N	N	N	never-seen
Odumbari	Y	Y	N	kept
Okzaka	Y	Y	N	kept
OlUKala	Y	Y	N	kept
OluRqya	N	Y	N	added-since-mw72
OmApata	N	Y	Y	added-since-mw72
OnIta	N	N	N	never-seen
Onnidya	N	N	N	never-seen
OpAsanamantra	N	N	N	never-seen
OpaDika	Y	Y	N	kept
OpacAyika	N	Y	Y	added-since-mw72
OpakArika	N	Y	Y	added-since-mw72
OpakArya	Y	Y	Y	kept
Opamanyavin	N	N	N	never-seen
OpanAyika	N	Y	N	added-since-mw72
OpavAhya	Y	Y	N	kept
Opayika	Y	Y	N	kept
Opendra	N	Y	Y	added-since-mw72
OraBrika	Y	Y	Y	kept
Osaja	N	N	N	never-seen
Otkawya	N	Y	Y	added-since-mw72
Ottarapadika	Y	Y	N	kept
Ottarapattra	N	N	N	never-seen
OzRa	N	Y	Y	added-since-mw72
OzWIna	N	Y	Y	added-since-mw72
OzaDaprayoga	N	Y	Y	added-since-mw72
Ozwraka	Y	Y	N	kept
PARway	N	N	N	never-seen
PAlacamasa	N	Y	N	added-since-mw72
PAlakfzwa	N	Y	N	added-since-mw72
PAlgunIpakza	N	Y	N	added-since-mw72
PaNgA	N	N	N	never-seen
Pal	Y	Y	N	kept
PalAgraSAKin	N	Y	N	added-since-mw72
PalAy	N	N	N	never-seen
Pala	Y	Y	N	kept
Palakin	Y	Y	N	kept
PalamUlavant	N	N	N	never-seen
Palika	N	Y	N	added-since-mw72
PelA	N	Y	N	added-since-mw72
Pull	Y	Y	N	kept
Pullapadmotpalavant	N	N	N	never-seen
Puqut	N	Y	N	added-since-mw72
Puwwaka	N	Y	N	added-since-mw72
QArikA	N	Y	N	added-since-mw72
Qakka	Y	Y	N	kept
QuRQika	N	N	N	never-seen
Ra	Y	Y	N	kept
SA	N	N	N	never-seen
SAKA	N	Y	N	added-since-mw72
SASvatikatA	N	Y	N	added-since-mw72
SAkadIkzA	N	Y	N	added-since-mw72
SAkala	Y	Y	N	kept
SAkamfza	N	Y	N	added-since-mw72
SAkunikAyinI	N	Y	N	added-since-mw72
SAkyavarDa	N	Y	N	added-since-mw72
SAlivAhana	N	Y	N	added-since-mw72
SAmyaprASa	N	Y	N	added-since-mw72
SAmyavAkA	N	Y	N	added-since-mw72
SAntalABa	N	Y	N	added-since-mw72
SAntivA	N	Y	N	added-since-mw72
SAqava	N	Y	N	added-since-mw72
SArNgaDanus	N	Y	N	added-since-mw72
SAradaBUruh	N	Y	N	added-since-mw72
SAs	Y	Y	N	kept
SAwI	Y	Y	N	kept
SAwaka	Y	Y	N	kept
SAyayitavya	N	Y	N	added-since-mw72
SElABa	N	Y	N	added-since-mw72
SEla	Y	Y	N	kept
SElagATA	N	Y	N	added-since-mw72
SErIzaka	N	Y	N	added-since-mw72
SEvala	Y	Y	N	kept
SIBara	N	Y	N	added-since-mw72
SIlamaya	N	Y	N	added-since-mw72
SIlavrata	N	Y	N	added-since-mw72
SIlay	N	N	N	never-seen
SIrzatrARa	N	Y	N	added-since-mw72
SItAMSuBAj	N	Y	N	added-since-mw72
SIta	Y	Y	N	kept
SItaBIta	N	Y	N	added-since-mw72
SItasparSa	N	Y	N	added-since-mw72
SItavana	N	Y	N	added-since-mw72
SUla	Y	Y	N	kept
SUnyapakza	N	Y	N	added-since-mw72
SUraMgama	N	Y	N	added-since-mw72
SUraMgamasamADinirdeSa	N	Y	N	added-since-mw72
SaMkara	N	Y	N	added-since-mw72
SaMkaranftyaraNgadeSa	N	N	N	never-seen
SaMs	Y	Y	N	kept
SaMsivaMs	N	N	N	never-seen
SaNKa	Y	Y	N	kept
SaNKaSuktikA	N	Y	N	added-since-mw72
SaNKanABI	N	Y	N	added-since-mw72
SaNKasvara	N	Y	N	added-since-mw72
SaNKin	Y	Y	N	kept
SaNk	Y	Y	N	kept
SaNkuDAna	N	Y	N	added-since-mw72
SaSa	Y	Y	N	kept
SaSarajas	N	Y	N	added-since-mw72
SaWabudDi	N	Y	N	added-since-mw72
Sabalita	N	Y	N	added-since-mw72
SabarI	N	Y	N	added-since-mw72
SabarikA	N	Y	N	added-since-mw72
SabdaprAC	N	N	N	never-seen
Sak	Y	Y	N	kept
SakaDUma	N	Y	N	added-since-mw72
SakalIkfti	N	Y	N	added-since-mw72
Sakalin	Y	Y	N	kept
SakasTAna	N	Y	N	added-since-mw72
SakracApa	N	Y	N	added-since-mw72
Sal	Y	Y	N	kept
SalAkAvftti	N	Y	N	added-since-mw72
SalAlu	Y	Y	N	kept
SalakawaNkata	N	Y	N	added-since-mw72
SalyAy	N	N	N	never-seen
Salya	Y	Y	N	kept
Sam	Y	Y	N	kept
SamayitfkA	N	Y	N	added-since-mw72
SampA	Y	Y	N	kept
Sap	Y	Y	N	kept
SarAri	Y	Y	N	kept
SarAvApa	N	Y	N	added-since-mw72
SarAvatI	Y	Y	N	kept
SarIrAkAra	N	Y	N	added-since-mw72
SarIradeSa	N	Y	N	added-since-mw72
SarIrarezaRa	N	Y	N	added-since-mw72
SaraBA	N	Y	N	added-since-mw72
SaraccandrAy	N	N	N	never-seen
SaratkAntimaya	N	Y	N	added-since-mw72
SarmavarmagaRa	N	Y	N	added-since-mw72
Sarmin	N	Y	N	added-since-mw72
SaryA	N	Y	N	added-since-mw72
SastragrAhavant	N	N	N	never-seen
SatAra	N	Y	N	added-since-mw72
SataSalAka	N	Y	N	added-since-mw72
SataSala	N	Y	N	added-since-mw72
Satabala	N	Y	N	added-since-mw72
SatacaraRA	N	Y	N	added-since-mw72
SatadAna	N	N	N	never-seen
Satakowi	N	Y	N	added-since-mw72
Satana	N	Y	N	added-since-mw72
SatapAtin	N	Y	N	added-since-mw72
Satapattra	N	Y	N	added-since-mw72
Satayajvan	N	Y	N	added-since-mw72
SateGma	N	N	N	never-seen
SayanAsanavArika	N	Y	N	added-since-mw72
SayanapAlikA	N	Y	N	added-since-mw72
SayyAkAla	N	Y	N	added-since-mw72
SeKarAy	N	N	N	never-seen
SevAla	Y	Y	N	kept
SfNgArA	N	Y	N	added-since-mw72
SiKADara	N	Y	N	added-since-mw72
SiKAvant	N	N	N	never-seen
SiKiBU	N	Y	N	added-since-mw72
SiKikaRa	N	Y	N	added-since-mw72
SiKina	N	Y	N	added-since-mw72
SiKitama	N	Y	N	added-since-mw72
Sikz	Y	Y	N	kept
Sikza	N	Y	N	added-since-mw72
SilADara	N	Y	N	added-since-mw72
SilpasTAna	N	Y	N	added-since-mw72
SirIzaka	N	Y	N	added-since-mw72
SiraHsnAnIya	N	Y	N	added-since-mw72
Siraspada	N	Y	N	added-since-mw72
SivatAti	N	Y	N	added-since-mw72
SiwA	N	Y	N	added-since-mw72
SlAGA	Y	Y	N	kept
SlAGin	Y	Y	N	kept
SlakzRa	Y	Y	N	kept
Sleza	Y	Y	N	kept
SlezmAntaka	N	Y	N	added-since-mw72
Sliz	Y	Y	N	kept
SoRASman	N	Y	N	added-since-mw72
SoRopala	N	Y	N	added-since-mw72
SokAgAru	N	N	N	never-seen
SokAnuSoka	N	Y	N	added-since-mw72
SozyantI	N	Y	N	added-since-mw72
SrA	Y	Y	N	kept
SrAmaReraka	N	Y	N	added-since-mw72
SrERya	N	Y	N	added-since-mw72
SrI	Y	Y	N	kept
SrIdruma	N	Y	N	added-since-mw72
Srad	N	Y	N	added-since-mw72
SradDAbalADAna	N	Y	N	added-since-mw72
SradDAdeya	N	Y	N	added-since-mw72
SradDAnusArin	N	Y	N	added-since-mw72
SradDApana	N	Y	N	added-since-mw72
SradDAvimukta	N	Y	N	added-since-mw72
SradDeyatA	N	Y	N	added-since-mw72
Sram	Y	Y	N	kept
SramB	Y	Y	N	kept
SramaRa	Y	Y	N	kept
SramaRoddeSa	N	Y	N	added-since-mw72
SravaRamaya	N	Y	N	added-since-mw72
SrezWin	Y	Y	N	kept
Sri	Y	Y	N	kept
Sriv	N	Y	N	added-since-mw72
SroRI	Y	Y	N	kept
Sru	Y	Y	N	kept
Srut	N	Y	N	added-since-mw72
Srutamaya	N	Y	N	added-since-mw72
SuBadarSa	N	Y	N	added-since-mw72
SuBagarBa	N	Y	N	added-since-mw72
SuSumAragiri	N	Y	N	added-since-mw72
Sucyadakza	N	Y	N	added-since-mw72
SudDadanta	N	Y	N	added-since-mw72
SudDapratiBAsa	N	Y	N	added-since-mw72
Suka	Y	Y	N	kept
Sukladruma	N	Y	N	added-since-mw72
SuklavidarSanA	N	Y	N	added-since-mw72
Sukra	Y	Y	N	kept
Sukravisfzwi	N	Y	N	added-since-mw72
Sukrottara	N	Y	N	added-since-mw72
SunDyu	Y	Y	N	kept
SuruD	Y	Y	N	kept
SvAgaRika	Y	Y	N	kept
SvAviDa	N	Y	N	added-since-mw72
Svagraha	N	Y	N	added-since-mw72
Svaka	N	Y	N	added-since-mw72
Svas	Y	Y	N	kept
Svavftti	N	Y	N	added-since-mw72
SvetAsTi	N	Y	N	added-since-mw72
SvetavarRA	N	Y	N	added-since-mw72
SvevopakASa	N	N	N	never-seen
SvitropakASa	N	Y	N	added-since-mw72
SyA	N	N	N	never-seen
SyAmAka	Y	Y	N	kept
SyAmArya	N	Y	N	added-since-mw72
SyAmAvatI	N	Y	N	added-since-mw72
SyenapAta	N	Y	N	added-since-mw72
TutTukAraka	N	Y	N	added-since-mw72
UKala	N	N	N	never-seen
UQa	Y	Y	N	kept
UQapUrvA	N	Y	Y	added-since-mw72
Uh	Y	Y	N	kept
UhApohasamarTa	N	N	N	never-seen
Uha	Y	Y	N	kept
UhanA	N	N	N	never-seen
Uhin	Y	N	N	dropped
UlI	N	Y	Y	added-since-mw72
UnI	N	N	N	never-seen
UnadvivArzika	N	Y	Y	added-since-mw72
UnavAda	N	Y	Y	added-since-mw72
UnaviMSativarzopasaMpAdana	N	N	N	never-seen
UnazoqaSavarza	N	Y	Y	added-since-mw72
UnendupUrRimA	N	Y	Y	added-since-mw72
UrDagaroma	N	N	N	never-seen
UrDvaBAgIya	N	N	N	never-seen
UrDvaBAgahara	N	Y	Y	added-since-mw72
UrDvaBAsin	N	Y	N	added-since-mw72
UrDvaMBAvuka	N	N	N	never-seen
UrDvaSakala	N	N	N	never-seen
UrDvaSuzI	N	Y	Y	added-since-mw72
UrDvaSuzka	N	N	N	never-seen
UrDvahastaka	N	N	N	never-seen
UrDvajYutva	N	N	N	never-seen
UrDvajvalana	N	Y	Y	added-since-mw72
UrDvajyotis	N	Y	N	added-since-mw72
UrDvaktampa	N	N	N	never-seen
UrDvamUla	N	Y	Y	added-since-mw72
UrDvapuRqraDAraRa	N	N	N	never-seen
UrDvasAnu	N	Y	N	added-since-mw72
UrDvasad	N	Y	N	added-since-mw72
UrDvasrotas	N	Y	N	added-since-mw72
UrDvavAsin	N	Y	Y	added-since-mw72
UrDvavAsya	N	Y	N	added-since-mw72
UrI	Y	Y	N	kept
UrRAmfdu	N	Y	Y	added-since-mw72
UrRAmradas	N	Y	Y	added-since-mw72
UrRAparikarmaRa	N	N	N	never-seen
UrRAyu	Y	Y	Y	kept
UrRamrada	N	N	N	never-seen
Ura	N	N	N	never-seen
UrjAhuti	N	Y	Y	added-since-mw72
Urjapatya	N	N	N	never-seen
Urjaspati	N	Y	Y	added-since-mw72
Urjay	N	N	N	never-seen
UruBaNga	N	Y	Y	added-since-mw72
UrucCinna	N	Y	Y	added-since-mw72
Uruka	N	N	N	never-seen
UrvasTi	N	N	N	never-seen
UtimatI	N	Y	Y	added-since-mw72
UvaDyagoha	N	N	N	never-seen
UyamAnavarDana	N	N	N	never-seen
UzmAy	N	N	N	never-seen
UzmaBakzam	N	N	N	never-seen
Uzmagata	N	N	N	never-seen
Wetkfta	N	Y	N	added-since-mw72
a	Y	Y	N	kept
aBAga	Y	Y	N	kept
aBAgaDeya	N	Y	Y	added-since-mw72
aBAgahArin	N	N	N	never-seen
aBAjana	N	Y	Y	added-since-mw72
aBAnupatana	N	N	N	never-seen
aBAra	N	N	N	never-seen
aBAryApitfka	N	N	N	never-seen
aBAskara	N	N	N	never-seen
aBAvagranTavyAKyA	N	N	N	never-seen
aBAvaka	N	N	N	never-seen
aBAvanA	Y	Y	N	kept
aBAvavikalpa	N	N	N	never-seen
aBAvita	N	N	N	never-seen
aBEzajya	N	Y	Y	added-since-mw72
aBISumant	N	N	N	never-seen
aBIga	N	Y	Y	added-since-mw72
aBIka	Y	Y	N	kept
aBIruRa	Y	Y	N	kept
aBIruka	N	Y	N	added-since-mw72
aBIsAra	N	Y	N	added-since-mw72
aBItacArin	N	N	N	never-seen
aBItistava	N	N	N	never-seen
aBIzah	N	Y	N	added-since-mw72
aBIzwi	N	Y	N	added-since-mw72
aBUmida	N	N	N	never-seen
aBUmizWa	N	N	N	never-seen
aBUri	Y	Y	N	kept
aBUta	Y	Y	N	kept
aBaNgaSleza	N	Y	Y	added-since-mw72
aBaga	Y	Y	N	kept
aBakzaRIya	N	N	N	never-seen
aBakzyaBakzyaprakaraRa	N	N	N	never-seen
aBartavya	N	N	N	never-seen
aBasmIkaraRa	N	N	N	never-seen
aBavani	N	Y	Y	added-since-mw72
aBavya	Y	Y	Y	kept
aBavyaSeKara	N	N	N	never-seen
aBaya	Y	Y	N	kept
aBayaMkft	N	Y	N	added-since-mw72
aBayagirivAsin	N	Y	N	added-since-mw72
aBayanandin	N	N	N	never-seen
aBayapradAnasAra	N	N	N	never-seen
aBayaqiRqima	N	Y	N	added-since-mw72
aBedaKaRqana	N	N	N	never-seen
aBedajYa	N	N	N	never-seen
aBedyASaya	N	N	N	never-seen
aBedya	Y	Y	Y	kept
aBedyaparivAra	N	N	N	never-seen
aBedyaratracUqa	N	N	N	never-seen
aBettar	N	N	N	never-seen
aBftaka	N	Y	N	added-since-mw72
aBi	Y	Y	Y	kept
aBiBAvuka	N	Y	N	added-since-mw72
aBiBAzita	Y	Y	Y	kept
aBiBUti	Y	Y	Y	kept
aBiBaNga	Y	Y	N	kept
aBiBartsana	N	N	N	never-seen
aBiDarma	Y	Y	N	kept
aBiDarzayitavya	N	N	N	never-seen
aBiDyAlu	N	Y	Y	added-since-mw72
aBiGAta	Y	Y	N	kept
aBiGozam	N	Y	Y	added-since-mw72
aBiSAstar	N	N	N	never-seen
aBiSOri	Y	Y	N	kept
aBiSaNkA	Y	Y	N	kept
aBiSastikft	N	Y	N	added-since-mw72
aBiSatru	N	Y	Y	added-since-mw72
aBiSrAva	Y	Y	N	kept
aBiSradDA	N	Y	Y	added-since-mw72
aBicAra	Y	Y	N	kept
aBicArin	N	Y	N	added-since-mw72
aBicCAyA	N	Y	Y	added-since-mw72
aBicEdyam	N	Y	N	added-since-mw72
aBid	N	N	N	never-seen
aBidUtam	N	Y	Y	added-since-mw72
aBidohya	N	Y	N	added-since-mw72
aBidozam	N	Y	Y	added-since-mw72
aBidravaRa	N	N	N	never-seen
aBigAmin	Y	Y	N	kept
aBigamanIya	N	N	N	never-seen
aBigarjita	Y	Y	N	kept
aBigrAsa	N	N	N	never-seen
aBigrahItar	N	N	N	never-seen
aBigraha	N	Y	N	added-since-mw72
aBihAra	Y	Y	Y	kept
aBihasya	Y	Y	N	kept
aBihava	Y	Y	N	kept
aBihavana	N	Y	N	added-since-mw72
aBihiMmana	N	N	N	never-seen
aBihotavE	N	Y	N	added-since-mw72
aBijAta	Y	Y	Y	kept
aBijY	N	N	N	never-seen
aBijYAta	N	Y	Y	added-since-mw72
aBijana	Y	Y	N	kept
aBijanitos	N	N	N	never-seen
aBijvalana	N	N	N	never-seen
aBika	Y	Y	N	kept
aBikarRakUpam	N	Y	Y	added-since-mw72
aBikarman	N	Y	Y	added-since-mw72
aBikfzRam	N	Y	Y	added-since-mw72
aBiknUyam	N	Y	N	added-since-mw72
aBikrAnta	Y	Y	N	kept
aBikrAnti	N	Y	N	added-since-mw72
aBikrudDa	N	Y	N	added-since-mw72
aBikzepa	N	Y	Y	added-since-mw72
aBilakzaRa	N	Y	N	added-since-mw72
aBilamBa	N	Y	Y	added-since-mw72
aBilapanatA	N	N	N	never-seen
aBilazaRIya	Y	Y	N	kept
aBilazaRa	Y	Y	N	kept
aBilazitArTacintAmaRi	N	Y	Y	added-since-mw72
aBileKita	N	Y	N	added-since-mw72
aBimA	N	Y	N	added-since-mw72
aBimAnaSAlin	N	Y	N	added-since-mw72
aBimArgaRA	N	Y	Y	added-since-mw72
aBimaNgala	N	Y	Y	added-since-mw72
aBimanAy	N	N	N	never-seen
aBimanTa	Y	Y	N	kept
aBimant	N	N	N	never-seen
aBimanyuka	N	N	N	never-seen
aBimarSa	Y	Y	Y	kept
aBimarSin	N	Y	Y	added-since-mw72
aBimara	Y	Y	N	kept
aBimardana	Y	Y	N	kept
aBimardin	Y	Y	N	kept
aBimata	Y	Y	N	kept
aBimfSe	N	N	N	never-seen
aBimuKI	N	Y	N	added-since-mw72
aBimuKIkfti	N	N	N	never-seen
aBimuKay	N	N	N	never-seen
aBimuni	N	Y	Y	added-since-mw72
aBinAmaDeya	N	Y	Y	added-since-mw72
aBinAmin	N	Y	N	added-since-mw72
aBinIti	Y	Y	Y	kept
aBinamana	N	N	N	never-seen
aBinamitA	N	N	N	never-seen
aBinati	N	N	N	never-seen
aBinavakAverImAhAtmya	N	N	N	never-seen
aBinayadarpaRa	N	N	N	never-seen
aBinayana	N	N	N	never-seen
aBinigadana	N	Y	Y	added-since-mw72
aBinimroka	N	Y	Y	added-since-mw72
aBininartam	N	Y	N	added-since-mw72
aBinirhAra	N	N	N	never-seen
aBiniveSin	Y	Y	N	kept
aBinivizwaka	N	Y	Y	added-since-mw72
aBinizpannatva	N	N	N	never-seen
aBinnAtman	N	Y	N	added-since-mw72
aBinnanimittopAdAna	N	N	N	never-seen
aBipARqu	N	Y	Y	added-since-mw72
aBipAlaka	N	N	N	never-seen
aBipAraga	N	N	N	never-seen
aBipAta	N	Y	N	added-since-mw72
aBipUrva	N	Y	N	added-since-mw72
aBipUrya	N	Y	N	added-since-mw72
aBiparyAvarta	N	Y	Y	added-since-mw72
aBipatAka	N	N	N	never-seen
aBipatti	Y	Y	Y	kept
aBipattimant	N	N	N	never-seen
aBipava	N	N	N	never-seen
aBipavaRa	N	N	N	never-seen
aBipfzWe	N	Y	N	added-since-mw72
aBipiNgala	N	Y	N	added-since-mw72
aBiplava	Y	Y	Y	kept
aBipluta	Y	Y	N	kept
aBiprasArin	N	N	N	never-seen
aBipratAraRa	N	N	N	never-seen
aBipratigara	N	N	N	never-seen
aBipravrajana	N	Y	Y	added-since-mw72
aBiprezaRa	N	Y	Y	added-since-mw72
aBipriyatamam	N	Y	Y	added-since-mw72
aBirADana	N	N	N	never-seen
aBirADya	N	N	N	never-seen
aBirAmIya	N	N	N	never-seen
aBirAmatA	N	Y	N	added-since-mw72
aBiraSmimAli	N	Y	Y	added-since-mw72
aBirakzya	Y	Y	N	kept
aBiroDana	N	N	N	never-seen
aBirodDar	N	N	N	never-seen
aBiruqgatA	N	N	N	never-seen
aBisaMGarza	N	N	N	never-seen
aBisaMkalpa	N	N	N	never-seen
aBisaMkzepikam	N	N	N	never-seen
aBisaMvAdin	N	N	N	never-seen
aBisamAhAram	N	N	N	never-seen
aBisamUhana	N	N	N	never-seen
aBisamaya	N	Y	N	added-since-mw72
aBisamitAvin	N	N	N	never-seen
aBisara	Y	Y	N	kept
aBisidDi	N	Y	N	added-since-mw72
aBistaraRa	N	Y	Y	added-since-mw72
aBitApin	N	Y	Y	added-since-mw72
aBitAqana	N	Y	Y	added-since-mw72
aBitaram	N	Y	N	added-since-mw72
aBitazwIya	N	Y	Y	added-since-mw72
aBitsAra	N	Y	N	added-since-mw72
aBitti	Y	Y	N	kept
aBitvamAna	N	N	N	never-seen
aBivAYCita	N	Y	N	added-since-mw72
aBivAsa	Y	Y	N	kept
aBivAsin	N	N	N	never-seen
aBivAtam	Y	Y	N	kept
aBivandya	N	Y	Y	added-since-mw72
aBivarta	Y	Y	N	kept
aBivayas	Y	Y	N	kept
aBivijYeya	N	Y	Y	added-since-mw72
aBivikzepa	N	Y	N	added-since-mw72
aBivivAsa	N	N	N	never-seen
aBivyAhAra	N	Y	Y	added-since-mw72
aBivyAharaRIya	N	N	N	never-seen
aBivyAhftya	N	Y	N	added-since-mw72
aBivyaktI	N	N	N	never-seen
aBivyuzwi	N	N	N	never-seen
aBiyA	Y	Y	N	kept
aBiyAna	Y	Y	N	kept
aBiyogin	Y	Y	N	kept
aBiyogya	Y	Y	N	kept
aBiyukta	Y	Y	Y	kept
aBizaNga	Y	Y	N	kept
aBizac	N	Y	N	added-since-mw72
aBizeRay	N	N	N	never-seen
aBizecanI	N	N	N	never-seen
aBiziYcana	N	N	N	never-seen
aBizvaNgin	N	Y	N	added-since-mw72
aBojya	Y	Y	N	kept
aBoktar	N	N	N	never-seen
aBrAnta	Y	Y	N	kept
aBrAy	N	N	N	never-seen
aBraMSin	N	N	N	never-seen
aBraga	N	Y	Y	added-since-mw72
aBramUpati	N	Y	Y	added-since-mw72
aBrama	Y	Y	N	kept
aBramaya	N	Y	Y	added-since-mw72
aBramujIviteSa	N	Y	Y	added-since-mw72
aBramupriya	N	Y	N	added-since-mw72
aBramuvallaBa	N	Y	N	added-since-mw72
aBrapiSAca	N	Y	N	added-since-mw72
aBravAwika	N	Y	N	added-since-mw72
aBuNkzita	N	N	N	never-seen
aBujizya	Y	Y	N	kept
aByAGAram	N	Y	N	added-since-mw72
aByASrAvaRa	N	Y	Y	added-since-mw72
aByAcara	N	N	N	never-seen
aByAdAhya	N	N	N	never-seen
aByAdAvya	N	Y	N	added-since-mw72
aByAgAra	N	N	N	never-seen
aByAkAram	Y	Y	Y	kept
aByAmnAya	N	Y	Y	added-since-mw72
aByApAdam	N	Y	N	added-since-mw72
aByArohuka	N	Y	N	added-since-mw72
aByAsaNgya	N	Y	N	added-since-mw72
aByAtAna	Y	Y	N	kept
aByAyuka	N	Y	N	added-since-mw72
aByaDikADika	N	Y	Y	added-since-mw72
aByagra	Y	Y	N	kept
aByamitrIRa	Y	Y	N	kept
aByanumodana	N	Y	Y	added-since-mw72
aByarDa	Y	Y	N	kept
aByavAyin	N	Y	Y	added-since-mw72
aByavacAruka	N	N	N	never-seen
aByavahAra	Y	Y	Y	kept
aByavahArin	N	Y	N	added-since-mw72
aByavakarzaRa	Y	Y	N	kept
aByavetya	N	N	N	never-seen
aByudDAra	N	Y	Y	added-since-mw72
aByudDaraRa	N	Y	Y	added-since-mw72
aByudgatA	N	N	N	never-seen
aByudgati	N	Y	Y	added-since-mw72
aByunmodanIya	N	Y	Y	added-since-mw72
aByupAya	Y	Y	N	kept
aByupEtos	N	N	N	never-seen
aByupadeSa	N	N	N	never-seen
aByupagama	Y	Y	N	kept
aByupapAdana	N	Y	Y	added-since-mw72
aByupapatti	Y	Y	Y	kept
aByutTAna	Y	Y	N	kept
aByutTiti	N	Y	Y	added-since-mw72
aByutsAha	N	Y	Y	added-since-mw72
aByuzRa	N	N	N	never-seen
aDArAgraha	N	Y	Y	added-since-mw72
aDAryamARa	N	N	N	never-seen
aDArzwya	N	N	N	never-seen
aDAsanaSAyin	N	Y	Y	added-since-mw72
aDAtu	N	N	N	never-seen
aDISitar	N	N	N	never-seen
aDISvara	Y	Y	N	kept
aDIloDakarRa	N	N	N	never-seen
aDIlohAkarRI	N	N	N	never-seen
aDImAMsa	N	N	N	never-seen
aDIram	N	N	N	never-seen
aDItapUrva	N	N	N	never-seen
aDItarasa	N	Y	Y	added-since-mw72
aDIzwa	Y	Y	N	kept
aDOta	N	N	N	never-seen
aDUta	N	N	N	never-seen
aDaHKAta	N	Y	Y	added-since-mw72
aDaHSAKa	N	N	N	never-seen
aDaHkAya	N	Y	N	added-since-mw72
aDaHkara	N	Y	N	added-since-mw72
aDaHkumba	N	Y	Y	added-since-mw72
aDaHpAtra	N	N	N	never-seen
aDaHpuzpikA	N	N	N	never-seen
aDaHsaMveSin	N	Y	Y	added-since-mw72
aDaIza	N	Y	Y	added-since-mw72
aDaScara	N	Y	N	added-since-mw72
aDaScikura	N	N	N	never-seen
aDanavant	N	N	N	never-seen
aDarAmbara	N	Y	Y	added-since-mw72
aDarAt	N	Y	N	added-since-mw72
aDarOzWarucaka	N	Y	Y	added-since-mw72
aDaralakzman	N	N	N	never-seen
aDararucaka	N	Y	Y	added-since-mw72
aDarasapatna	N	Y	N	added-since-mw72
aDaray	N	N	N	never-seen
aDarima	N	Y	Y	added-since-mw72
aDarma	Y	Y	N	kept
aDarmaBIru	N	N	N	never-seen
aDarmaSAlin	N	N	N	never-seen
aDarmaSaraRa	N	N	N	never-seen
aDarmabahula	N	N	N	never-seen
aDarmacaraRa	N	Y	Y	added-since-mw72
aDarmacaryA	N	Y	Y	added-since-mw72
aDarmizWa	Y	Y	N	kept
aDarmottaratA	N	Y	Y	added-since-mw72
aDarzaRIya	N	N	N	never-seen
aDas	Y	Y	N	kept
aDaspada	N	Y	N	added-since-mw72
aDastAllakzman	N	Y	N	added-since-mw72
aDastAnnABi	N	Y	Y	added-since-mw72
aDfti	Y	Y	N	kept
aDfzya	Y	Y	N	kept
aDi	Y	Y	N	kept
aDiBU	Y	Y	N	kept
aDiBUta	Y	Y	N	kept
aDiSiroDaram	N	Y	Y	added-since-mw72
aDiSraya	Y	Y	N	kept
aDiSrezWi	N	N	N	never-seen
aDiSri	Y	Y	N	kept
aDidEvata	N	Y	N	added-since-mw72
aDidEvatya	N	Y	Y	added-since-mw72
aDidIDiti	N	Y	N	added-since-mw72
aDidyo	N	Y	Y	added-since-mw72
aDigopam	N	Y	Y	added-since-mw72
aDiguRa	Y	Y	N	kept
aDijarAyu	N	Y	Y	added-since-mw72
aDikADi	N	Y	Y	added-since-mw72
aDikADika	N	Y	N	added-since-mw72
aDikArasaMpradAya	N	N	N	never-seen
aDikAravant	N	N	N	never-seen
aDikAritA	N	Y	N	added-since-mw72
aDikaMDaram	N	N	N	never-seen
aDikaRWam	N	Y	Y	added-since-mw72
aDikalpin	Y	Y	Y	kept
aDikamAsaPala	N	N	N	never-seen
aDikarRam	N	Y	Y	added-since-mw72
aDikaraRa	Y	Y	N	kept
aDikfti	Y	Y	N	kept
aDikopama	N	Y	Y	added-since-mw72
aDikziti	N	Y	Y	added-since-mw72
aDilIlAgfhaBitti	N	N	N	never-seen
aDilaNkam	N	Y	Y	added-since-mw72
aDilavaNgam	N	N	N	never-seen
aDimoktavya	N	N	N	never-seen
aDimukta	N	Y	Y	added-since-mw72
aDinAgam	N	Y	Y	added-since-mw72
aDinizkramaRotsava	N	N	N	never-seen
aDipARi	N	Y	Y	added-since-mw72
aDipaSya	N	Y	Y	added-since-mw72
aDipati	Y	Y	N	kept
aDipativatI	N	Y	N	added-since-mw72
aDirUQAkarRa	N	Y	N	added-since-mw72
aDirUQa	Y	Y	N	kept
aDirUQaka	N	Y	Y	added-since-mw72
aDirUQi	N	Y	Y	added-since-mw72
aDirajani	N	Y	Y	added-since-mw72
aDiroha	Y	Y	N	kept
aDirohaRa	Y	Y	N	kept
aDirohin	Y	Y	N	kept
aDiropaRa	Y	Y	Y	kept
aDiruh	Y	Y	Y	kept
aDirukmamandiragavAkzam	N	N	N	never-seen
aDistri	Y	Y	N	kept
aDisyada	N	Y	Y	added-since-mw72
aDitalpam	N	N	N	never-seen
aDivAda	N	Y	N	added-since-mw72
aDivAsanaka	N	N	N	never-seen
aDivAsin	Y	Y	N	kept
aDivIra	N	Y	Y	added-since-mw72
aDivacana	Y	Y	N	kept
aDivakzas	N	Y	Y	added-since-mw72
aDivartana	N	Y	Y	added-since-mw72
aDivedyA	N	Y	N	added-since-mw72
aDivelam	N	Y	N	added-since-mw72
aDivivAham	N	Y	Y	added-since-mw72
aDivrata	N	Y	Y	added-since-mw72
aDivyatikrama	N	Y	Y	added-since-mw72
aDizAdam	N	Y	Y	added-since-mw72
aDizWAna	Y	Y	Y	kept
aDizWa	N	N	N	never-seen
aDizWiti	N	N	N	never-seen
aDobARa	N	Y	Y	added-since-mw72
aDobilASfta	N	N	N	never-seen
aDogAmin	N	Y	N	added-since-mw72
aDohasta	N	N	N	never-seen
aDomuKa	N	Y	N	added-since-mw72
aDomuKamuKa	N	N	N	never-seen
aDonABi	N	Y	N	added-since-mw72
aDonIvI	N	Y	Y	added-since-mw72
aDopahAsa	N	Y	N	added-since-mw72
aDovAma	N	N	N	never-seen
aDovAsas	N	Y	Y	added-since-mw72
aDovarcas	N	Y	N	added-since-mw72
aDunAtana	Y	Y	N	kept
aDur	N	N	N	never-seen
aDvApanna	N	Y	Y	added-since-mw72
aDvaSIla	N	Y	Y	added-since-mw72
aDvagacCant	N	N	N	never-seen
aDvagati	N	Y	Y	added-since-mw72
aDvan	Y	Y	N	kept
aDvaraSrOta	N	N	N	never-seen
aDvaraguru	N	Y	Y	added-since-mw72
aDvarakalpa	N	Y	Y	added-since-mw72
aDvaratva	N	N	N	never-seen
aDvartavya	N	Y	Y	added-since-mw72
aDvaryupAtra	N	Y	Y	added-since-mw72
aDvasta	N	N	N	never-seen
aDyASaya	N	Y	Y	added-since-mw72
aDyAcAra	N	Y	Y	added-since-mw72
aDyAkASam	N	Y	Y	added-since-mw72
aDyAkramaRa	N	Y	Y	added-since-mw72
aDyApin	N	N	N	never-seen
aDyArohaRa	N	Y	Y	added-since-mw72
aDyAsa	Y	Y	N	kept
aDyAsana	Y	Y	N	kept
aDyAtmopanizad	N	N	N	never-seen
aDyAvasitavya	N	N	N	never-seen
aDyAya	Y	Y	N	kept
aDyAyitf	N	N	N	never-seen
aDyUDnI	Y	Y	N	kept
aDyaDvam	N	Y	Y	added-since-mw72
aDyaRqA	Y	Y	N	kept
aDyagni	Y	Y	N	kept
aDyarDaguRa	N	N	N	never-seen
aDyarcikAcAra	N	N	N	never-seen
aDyavasitatA	N	N	N	never-seen
aDyayanamAtravant	N	N	N	never-seen
aDyayanasaMpradAna	N	N	N	never-seen
aDyeya	N	Y	Y	added-since-mw72
aDyudDi	N	Y	N	added-since-mw72
aDyupekzA	N	Y	Y	added-since-mw72
aDyuras	N	Y	Y	added-since-mw72
aGAsaka	Y	Y	N	kept
aGAtuka	N	Y	N	added-since-mw72
aGUrRa	N	Y	Y	added-since-mw72
aGaBeda	N	N	N	never-seen
aGaSaMsa	N	Y	N	added-since-mw72
aGaSaMsin	N	Y	N	added-since-mw72
aGadIpikA	N	N	N	never-seen
aGamarzaRa	N	Y	N	added-since-mw72
aGana	Y	Y	N	kept
aGapaYcavivecana	N	N	N	never-seen
aGarma	Y	Y	N	kept
aGavivecana	N	N	N	never-seen
aGawita	N	N	N	never-seen
aGazawka	N	N	N	never-seen
aGfRin	N	Y	N	added-since-mw72
aGnyAtva	N	N	N	never-seen
aGoraGoratara	N	Y	N	added-since-mw72
aGorakalpa	N	N	N	never-seen
aKAdant	N	N	N	never-seen
aKAta	Y	Y	N	kept
aKaRqArTanirUpaRa	N	N	N	never-seen
aKaRqakala	N	Y	Y	added-since-mw72
aKaRqamaRqala	N	Y	Y	added-since-mw72
aKaRqitAjYa	N	N	N	never-seen
aKaRqopADi	N	N	N	never-seen
aKaRqyamAna	N	N	N	never-seen
aKaYja	N	N	N	never-seen
aKarva	Y	Y	N	kept
aKarvan	N	Y	Y	added-since-mw72
aKilalokanATa	N	N	N	never-seen
aKileSvara	N	N	N	never-seen
aKinna	N	Y	Y	added-since-mw72
aMSUdaka	N	Y	N	added-since-mw72
aMSagrAhin	N	N	N	never-seen
aMSaprAsa	N	N	N	never-seen
aMSasavarRana	N	Y	N	added-since-mw72
aMSitva	N	N	N	never-seen
aMSu	Y	Y	N	kept
aMSuDAraya	N	Y	N	added-since-mw72
aMSukapallava	N	N	N	never-seen
aMSumadBedasaMgraha	N	N	N	never-seen
aMholiNga	N	Y	Y	added-since-mw72
aMhomuc	N	Y	N	added-since-mw72
aMsapIWa	N	Y	Y	added-since-mw72
aNGri	N	Y	Y	added-since-mw72
aNGripAta	N	Y	Y	added-since-mw72
aNGryavanejana	N	Y	Y	added-since-mw72
aNgArAvakzepaRa	N	Y	Y	added-since-mw72
aNgArIya	Y	Y	N	kept
aNgAraDAnikA	N	Y	N	added-since-mw72
aNgAraDUmavant	N	N	N	never-seen
aNgArakA	N	N	N	never-seen
aNgAraka	Y	Y	N	kept
aNgArakalikA	N	N	N	never-seen
aNgArakft	N	Y	N	added-since-mw72
aNgAravAhikA	N	N	N	never-seen
aNgAreSvara	N	N	N	never-seen
aNgArita	Y	Y	N	kept
aNga	Y	Y	N	kept
aNgaBUta	N	N	N	never-seen
aNgaBaNga	N	N	N	never-seen
aNgaBeda	N	Y	Y	added-since-mw72
aNgaGawanA	N	N	N	never-seen
aNgadinna	N	N	N	never-seen
aNgaja	N	Y	N	added-since-mw72
aNgakazAya	N	Y	N	added-since-mw72
aNgakriyA	N	Y	Y	added-since-mw72
aNgalatikA	N	N	N	never-seen
aNgalepA	N	N	N	never-seen
aNgaloman	N	N	N	never-seen
aNgamarda	N	Y	N	added-since-mw72
aNgapragraha	N	N	N	never-seen
aNgarAja	N	Y	N	added-since-mw72
aNgasamAKyAyam	N	Y	Y	added-since-mw72
aNgatA	Y	Y	N	kept
aNgatas	N	N	N	never-seen
aNgatvanirukti	N	N	N	never-seen
aNgavAdA	N	N	N	never-seen
aNgavAhaka	N	Y	Y	added-since-mw72
aNgavikzepa	N	Y	N	added-since-mw72
aNgiroDAman	N	Y	Y	added-since-mw72
aNgulIBaNga	N	Y	Y	added-since-mw72
aNgulIPaRahastaka	N	N	N	never-seen
aNgulIvezwa	N	Y	Y	added-since-mw72
aNgulIvikzepam	N	N	N	never-seen
aNgularAji	N	Y	Y	added-since-mw72
aNgulimAtra	N	Y	Y	added-since-mw72
aNguliprASana	N	Y	Y	added-since-mw72
aNgulivezwaka	N	Y	N	added-since-mw72
aNgulya	N	N	N	never-seen
aNguzWaka	N	N	N	never-seen
aNguzWaviBedika	N	N	N	never-seen
aNkAvaNka	N	Y	Y	added-since-mw72
aNkAy	N	N	N	never-seen
aNkUray	N	N	N	never-seen
aNka	Y	Y	Y	kept
aNkanaSAstra	N	N	N	never-seen
aNkapASa	N	Y	N	added-since-mw72
aNkatA	N	N	N	never-seen
aNkuSa	Y	Y	N	kept
aNkuSaDara	N	N	N	never-seen
aNkuSaKewin	N	N	N	never-seen
aNkuSeSvara	N	N	N	never-seen
aNkur	N	N	N	never-seen
aNkurAropaRa	N	Y	Y	added-since-mw72
aNkurArpaRa	N	Y	N	added-since-mw72
aNkuray	N	N	N	never-seen
aPUtkArya	N	N	N	never-seen
aPalIkfta	N	N	N	never-seen
aPalavant	N	N	N	never-seen
aPenila	N	Y	Y	added-since-mw72
aRI	N	Y	N	added-since-mw72
aRRAdIkzita	N	N	N	never-seen
aRU	N	Y	N	added-since-mw72
aRUkARqa	N	N	N	never-seen
aRUka	N	N	N	never-seen
aRW	Y	Y	N	kept
aRahilapAwaka	N	N	N	never-seen
aRi	Y	Y	Y	kept
aRikAzam	N	Y	Y	added-since-mw72
aRika	N	N	N	never-seen
aRimatas	N	Y	Y	added-since-mw72
aRqAta	N	N	N	never-seen
aRqa	Y	Y	Y	kept
aRqaBedana	N	N	N	never-seen
aRqantara	N	N	N	never-seen
aRu	Y	Y	Y	kept
aRujyotis	N	N	N	never-seen
aRupriyaNgu	N	Y	Y	added-since-mw72
aRuvAdin	N	Y	N	added-since-mw72
aS	Y	Y	N	kept
aSA	N	N	N	never-seen
aSAKAja	N	N	N	never-seen
aSAnta	Y	Y	N	kept
aSAntikft	N	N	N	never-seen
aSAsya	N	Y	N	added-since-mw72
aSETilya	N	N	N	never-seen
aSEkza	Y	Y	N	kept
aSEvala	N	N	N	never-seen
aSIta	Y	Y	N	kept
aSItakara	N	Y	N	added-since-mw72
aSIti	Y	Y	N	kept
aSItikApara	N	N	N	never-seen
aSItisAhasra	N	N	N	never-seen
aSItyakzara	N	Y	Y	added-since-mw72
aSOca	Y	Y	N	kept
aSOcaka	N	N	N	never-seen
aSOcin	N	N	N	never-seen
aSOklya	N	N	N	never-seen
aSUnyArTa	N	N	N	never-seen
aSaNkam	N	Y	N	added-since-mw72
aSaWaDI	N	N	N	never-seen
aSakta	Y	Y	N	kept
aSaktaBartfkA	N	N	N	never-seen
aSaktimant	N	N	N	never-seen
aSakyasamucCeda	N	N	N	never-seen
aSama	Y	Y	N	kept
aSan	Y	Y	N	kept
aSanEs	N	N	N	never-seen
aSanISa	N	Y	Y	added-since-mw72
aSana	Y	Y	N	kept
aSani	Y	Y	Y	kept
aSaraRya	N	Y	N	added-since-mw72
aSaramaya	N	Y	N	added-since-mw72
aSarkara	N	N	N	never-seen
aSastasmftihetu	N	N	N	never-seen
aSastra	Y	Y	N	kept
aSastravaDa	N	N	N	never-seen
aSastravaDya	N	N	N	never-seen
aSatavarza	N	N	N	never-seen
aSayAna	N	N	N	never-seen
aSayya	N	Y	Y	added-since-mw72
aSezas	Y	Y	N	kept
aSfRya	Y	N	N	dropped
aSiSiraraSmi	N	Y	N	added-since-mw72
aSiTilatva	N	N	N	never-seen
aSiTira	N	Y	N	added-since-mw72
aSimidviz	N	N	N	never-seen
aSiraHsnAna	N	Y	N	added-since-mw72
aSiras	Y	Y	N	kept
aSitavya	Y	Y	N	kept
aSitra	Y	Y	N	kept
aSizwAgatamArga	N	N	N	never-seen
aSlakzRa	N	N	N	never-seen
aSlezA	Y	Y	N	kept
aSlizwa	N	Y	Y	added-since-mw72
aSmaSAnacit	N	Y	Y	added-since-mw72
aSmagarBamaya	N	Y	Y	added-since-mw72
aSmajatu	N	Y	N	added-since-mw72
aSmavarzavant	N	N	N	never-seen
aSmayokta	N	Y	Y	added-since-mw72
aSoPayuta	N	N	N	never-seen
aSocya	Y	Y	N	kept
aSokAKya	N	N	N	never-seen
aSokI	N	N	N	never-seen
aSoka	Y	Y	N	kept
aSokaSrI	N	Y	Y	added-since-mw72
aSokavarRa	N	N	N	never-seen
aSrAdDa	Y	Y	N	kept
aSrAmaRya	N	N	N	never-seen
aSrAvayant	N	N	N	never-seen
aSrIvI	N	Y	N	added-since-mw72
aSrUyamARa	N	N	N	never-seen
aSradDya	N	Y	Y	added-since-mw72
aSri	Y	Y	N	kept
aSrotar	N	N	N	never-seen
aSrotriya	Y	Y	N	kept
aSruleSa	N	Y	Y	added-since-mw72
aSrumaya	N	Y	Y	added-since-mw72
aSrunetra	N	Y	Y	added-since-mw72
aSrupAta	N	Y	N	added-since-mw72
aSruta	Y	Y	N	kept
aSruti	Y	Y	N	kept
aSrutiviroDin	N	N	N	never-seen
aSuBAtmaka	N	Y	Y	added-since-mw72
aSuBa	Y	Y	N	kept
aSuBaBAvanA	N	N	N	never-seen
aSuBacintaka	N	Y	Y	added-since-mw72
aSuBalakzaRa	N	N	N	never-seen
aSuDyamAna	N	N	N	never-seen
aSucivarRa	N	N	N	never-seen
aSudDa	Y	Y	N	kept
aSudDaprakfti	N	Y	Y	added-since-mw72
aSvAmuKa	N	Y	Y	added-since-mw72
aSvAnana	N	Y	Y	added-since-mw72
aSvAvant	N	N	N	never-seen
aSvIya	Y	Y	N	kept
aSvaSIrza	N	Y	N	added-since-mw72
aSvaSaPabuDna	N	Y	N	added-since-mw72
aSvadAya	N	Y	Y	added-since-mw72
aSvagozWa	N	Y	N	added-since-mw72
aSvahana	N	Y	N	added-since-mw72
aSvahavis	N	Y	N	added-since-mw72
aSvakAya	N	N	N	never-seen
aSvaka	Y	Y	Y	kept
aSvakrAnta	N	Y	Y	added-since-mw72
aSvakuRapa	N	Y	N	added-since-mw72
aSvalakzaRa	N	N	N	never-seen
aSvameDavant	N	N	N	never-seen
aSvapAdAtasArameyamaya	N	N	N	never-seen
aSvapUrRa	N	Y	Y	added-since-mw72
aSvapad	N	Y	Y	added-since-mw72
aSvaparaSu	N	Y	Y	added-since-mw72
aSvapfzWa	N	Y	N	added-since-mw72
aSvapozaka	N	Y	Y	added-since-mw72
aSvapraTama	N	N	N	never-seen
aSvaprapadana	N	Y	N	added-since-mw72
aSvasani	N	Y	N	added-since-mw72
aSvasta	N	N	N	never-seen
aSvastomIya	N	Y	N	added-since-mw72
aSvatIrTaka	N	N	N	never-seen
aSvatTa	Y	Y	N	kept
aSvatTaSAKA	N	Y	Y	added-since-mw72
aSvavAhyAlI	N	Y	Y	added-since-mw72
aSvavAra	N	Y	N	added-since-mw72
aSvavant	N	N	N	never-seen
aSvavfndin	N	Y	Y	added-since-mw72
aSvorasa	N	Y	N	added-since-mw72
aTa	Y	Y	N	kept
aTarI	N	Y	Y	added-since-mw72
aTarvaRacandrakAlitantra	N	N	N	never-seen
aTarvamaya	N	N	N	never-seen
aYcana	Y	Y	N	kept
aYj	Y	Y	N	kept
aYjalipragraha	N	N	N	never-seen
aYjalipuwa	N	Y	N	added-since-mw72
aYjalivEBava	N	N	N	never-seen
aYjanABa	N	N	N	never-seen
aYjana	Y	Y	N	kept
aYjanaka	Y	Y	N	kept
aYjanaparvan	N	N	N	never-seen
aYjanika	Y	N	N	dropped
aYjogati	N	N	N	never-seen
abADA	N	Y	N	added-since-mw72
abADamAna	N	N	N	never-seen
abAleya	N	N	N	never-seen
abAnDava	Y	Y	N	kept
abBogIna	N	N	N	never-seen
abDimaTana	N	Y	Y	added-since-mw72
abIBatsA	N	Y	N	added-since-mw72
abIja	N	Y	N	added-since-mw72
abadDa	Y	Y	Y	kept
abahuBAzin	N	N	N	never-seen
abahumAna	N	N	N	never-seen
abahupAda	N	N	N	never-seen
abahuvyaktinizWa	N	N	N	never-seen
abahvakzara	N	Y	N	added-since-mw72
abalAgni	N	Y	Y	added-since-mw72
abalIyastva	N	Y	Y	added-since-mw72
abala	Y	Y	Y	kept
abaliman	N	Y	Y	added-since-mw72
abalizWa	N	Y	N	added-since-mw72
abanDudAyAda	N	N	N	never-seen
abanDura	N	Y	Y	added-since-mw72
abdaBU	N	Y	Y	added-since-mw72
abdaparyaya	N	Y	Y	added-since-mw72
abdurga	Y	Y	N	kept
abfMhita	N	N	N	never-seen
abiBrat	N	N	N	never-seen
abilavant	N	N	N	never-seen
abja	Y	Y	N	kept
abjaka	N	N	N	never-seen
abjayoni	N	Y	N	added-since-mw72
abliNga	Y	Y	N	kept
aboDa	Y	Y	N	kept
abrAhmaRa	Y	Y	N	kept
abrAhmaRya	Y	Y	N	kept
abrahmacarya	Y	Y	N	kept
abrahmavarcasin	N	Y	Y	added-since-mw72
abrahmavid	N	Y	N	added-since-mw72
abrajas	N	N	N	never-seen
abudDa	Y	Y	N	kept
abudDaDarma	N	N	N	never-seen
ac	Y	Y	Y	kept
acAkrika	N	Y	Y	added-since-mw72
acAkzuza	N	N	N	never-seen
acAturmAsya	N	N	N	never-seen
acCAyopaga	N	N	N	never-seen
acCaBalla	N	Y	N	added-since-mw72
acCadirdarSa	N	N	N	never-seen
acCadman	N	N	N	never-seen
acCamaRqaka	N	N	N	never-seen
acCambawkAram	N	N	N	never-seen
acCanda	N	N	N	never-seen
acCandaska	N	Y	Y	added-since-mw72
acCandaskfta	N	N	N	never-seen
acCardanIya	N	N	N	never-seen
acCattraka	N	N	N	never-seen
acCawASabda	N	Y	Y	added-since-mw72
acCera	N	Y	Y	added-since-mw72
acCetya	N	Y	N	added-since-mw72
acCidrASvameDa	N	N	N	never-seen
acCidradarSana	N	N	N	never-seen
acCidrapattra	N	N	N	never-seen
acCidrayAman	N	N	N	never-seen
acCinna	Y	Y	N	kept
acCinnapattra	N	Y	N	added-since-mw72
acCinnapayas	N	N	N	never-seen
acCuptA	Y	Y	N	kept
acaRqa	Y	Y	N	kept
acakita	N	N	N	never-seen
acakravarta	N	Y	Y	added-since-mw72
acala	Y	Y	N	kept
acaladakza	N	N	N	never-seen
acalapura	N	Y	N	added-since-mw72
acalendra	N	N	N	never-seen
acandrArkagraha	N	N	N	never-seen
acandrasUrya	N	N	N	never-seen
acara	Y	Y	Y	kept
acaraRa	N	Y	Y	added-since-mw72
acarama	Y	Y	N	kept
acaramavayas	N	Y	Y	added-since-mw72
acarita	N	Y	Y	added-since-mw72
acarvayant	N	N	N	never-seen
acayana	N	N	N	never-seen
acetana	Y	Y	N	kept
acetita	N	N	N	never-seen
acikitsanIya	N	N	N	never-seen
acintanIya	N	N	N	never-seen
acintya	Y	Y	N	kept
acintyaja	N	N	N	never-seen
acirAMSu	N	Y	N	added-since-mw72
acira	Y	Y	N	kept
acirarocis	N	Y	N	added-since-mw72
aciraruci	N	N	N	never-seen
aciroQA	N	Y	Y	added-since-mw72
acit	Y	Y	N	kept
acittapAjas	N	Y	N	added-since-mw72
acokza	N	N	N	never-seen
acyutArcana	N	N	N	never-seen
acyuta	Y	Y	N	kept
acyutaSataka	N	N	N	never-seen
acyutakfzRadIkzita	N	N	N	never-seen
acyutaloka	N	N	N	never-seen
acyutapraca	N	N	N	never-seen
acyutaprekza	N	N	N	never-seen
acyutarAjAByudaya	N	N	N	never-seen
acyuti	N	N	N	never-seen
ad	Y	Y	N	kept
adABya	Y	Y	N	kept
adAByatva	N	N	N	never-seen
adAhuka	N	Y	N	added-since-mw72
adAmBika	N	N	N	never-seen
adAnIya	N	Y	Y	added-since-mw72
adAnava	N	Y	Y	added-since-mw72
adAnya	Y	Y	N	kept
adAsI	N	N	N	never-seen
adAsIka	N	N	N	never-seen
adAsa	Y	Y	N	kept
adAsyant	N	N	N	never-seen
adAyAd	N	N	N	never-seen
adButAkAra	N	N	N	never-seen
adButAy	N	N	N	never-seen
adButadarpaRa	N	Y	Y	added-since-mw72
adButakara	N	N	N	never-seen
adButasiMha	N	N	N	never-seen
adButotpAtaprAyaScitta	N	N	N	never-seen
adEteya	N	Y	Y	added-since-mw72
adIkzitavAda	N	N	N	never-seen
adIna	Y	Y	N	kept
adInaga	N	N	N	never-seen
adIptimant	N	N	N	never-seen
adIrGaboDa	N	N	N	never-seen
adUra	Y	Y	N	kept
adUrabAnDava	N	N	N	never-seen
adUzya	N	N	N	never-seen
adaBra	Y	Y	N	kept
adaMzwrin	N	N	N	never-seen
adaRqa	Y	Y	Y	kept
adaRqavAsika	N	Y	N	added-since-mw72
adabDaDIti	N	Y	N	added-since-mw72
adadat	N	N	N	never-seen
adadivaMs	N	N	N	never-seen
adagDa	Y	Y	N	kept
adakziRIya	N	Y	N	added-since-mw72
adamBin	N	N	N	never-seen
adanI	N	N	N	never-seen
adanIya	Y	Y	N	kept
adarSa	Y	Y	N	kept
adarSanapaTa	N	Y	Y	added-since-mw72
adaridra	N	Y	Y	added-since-mw72
adarpa	N	N	N	never-seen
adasIya	N	Y	N	added-since-mw72
adattAdAna	N	Y	Y	added-since-mw72
adattAdAyika	N	Y	Y	added-since-mw72
adattAdAyin	N	Y	N	added-since-mw72
adeSajYa	N	N	N	never-seen
adeSakAlajYa	N	N	N	never-seen
adeSika	N	Y	Y	added-since-mw72
adeSya	Y	Y	N	kept
adehabanDa	N	N	N	never-seen
adevadeha	N	N	N	never-seen
adevajuzwa	N	N	N	never-seen
adfQa	Y	Y	N	kept
adfQaBaktika	N	N	N	never-seen
adfggocara	N	N	N	never-seen
adfzwacara	N	N	N	never-seen
adfzwakarman	N	Y	N	added-since-mw72
adfzwarajas	N	N	N	never-seen
adfzwi	Y	Y	N	kept
adfzwodBUti	N	N	N	never-seen
aditikuRqalAharaRanAwaka	N	N	N	never-seen
aditisuta	N	N	N	never-seen
aditsA	N	N	N	never-seen
aditsant	N	N	N	never-seen
adivASin	N	Y	Y	added-since-mw72
adoza	N	Y	Y	added-since-mw72
adozajYa	N	N	N	never-seen
adozatA	N	N	N	never-seen
adozin	N	N	N	never-seen
adrava	Y	Y	N	kept
adravyArTa	N	N	N	never-seen
adreSya	Y	Y	N	kept
adrijatu	N	N	N	never-seen
adripati	N	Y	N	added-since-mw72
adroGa	Y	Y	N	kept
aduHKArha	N	N	N	never-seen
aduHKa	Y	Y	N	kept
aduHKin	N	N	N	never-seen
aduHspfzwa	N	N	N	never-seen
adunvant	N	N	N	never-seen
adurvftta	Y	Y	N	kept
advAdaSAha	N	Y	Y	added-since-mw72
advEDa	N	Y	N	added-since-mw72
advEta	Y	Y	N	kept
advEtin	N	Y	Y	added-since-mw72
advIpa	N	Y	Y	added-since-mw72
adva	N	N	N	never-seen
advayavAda	N	Y	Y	added-since-mw72
advezwar	N	N	N	never-seen
advitIya	Y	Y	N	kept
advivarza	N	Y	Y	added-since-mw72
advizant	N	N	N	never-seen
adyAgreRa	N	Y	Y	added-since-mw72
adyayajYa	N	Y	Y	added-since-mw72
adyotaka	N	Y	Y	added-since-mw72
adyut	Y	Y	N	kept
agADa	Y	Y	N	kept
agADabudDi	N	N	N	never-seen
agAra	Y	Y	Y	kept
agAradAhin	N	Y	N	added-since-mw72
agArastUpa	N	Y	Y	added-since-mw72
agArdaBaraTika	N	N	N	never-seen
agOpavana	N	N	N	never-seen
agaRayant	N	N	N	never-seen
agaRya	N	N	N	never-seen
agadaMkAra	N	Y	N	added-since-mw72
agadaveda	N	Y	N	added-since-mw72
agadita	Y	Y	Y	kept
agaja	N	Y	N	added-since-mw72
agamya	Y	Y	N	kept
agamyagA	N	Y	N	added-since-mw72
agamyarUpa	N	Y	Y	added-since-mw72
aganDa	N	Y	N	added-since-mw72
aganDasevin	N	Y	Y	added-since-mw72
aganDi	N	Y	Y	added-since-mw72
agarBa	N	Y	Y	added-since-mw72
agartaskandya	N	Y	N	added-since-mw72
agastI	Y	Y	N	kept
agastikusuma	N	N	N	never-seen
agastyASrama	N	N	N	never-seen
agastyaSAsta	N	Y	Y	added-since-mw72
agastyagfhapatika	N	N	N	never-seen
agastyaniGaRwu	N	N	N	never-seen
agastyasaMpAta	N	N	N	never-seen
agastyavawa	N	N	N	never-seen
agatAsu	N	Y	Y	added-since-mw72
agataSrI	N	N	N	never-seen
agati	Y	Y	N	kept
agfDnu	N	N	N	never-seen
agfhRant	N	N	N	never-seen
agfha	Y	Y	N	kept
agfhya	N	Y	Y	added-since-mw72
agfhyamARakAraRa	N	N	N	never-seen
agiriBid	N	N	N	never-seen
aglAsnu	N	N	N	never-seen
agnAvizRu	N	N	N	never-seen
agnIvaruRa	N	N	N	never-seen
agneyAnI	N	Y	Y	added-since-mw72
agni	Y	Y	Y	kept
agniBaya	N	N	N	never-seen
agniGawa	N	Y	N	added-since-mw72
agniKadA	N	Y	N	added-since-mw72
agniSOcavastra	N	Y	Y	added-since-mw72
agniSakawI	N	Y	Y	added-since-mw72
agniSakti	N	Y	Y	added-since-mw72
agniSiKa	N	Y	N	added-since-mw72
agnicayana	N	Y	N	added-since-mw72
agnidEva	N	N	N	never-seen
agnidEvata	N	Y	N	added-since-mw72
agnidagDa	N	Y	N	added-since-mw72
agnigodAna	N	Y	Y	added-since-mw72
agnihotra	N	Y	N	added-since-mw72
agnihotraprAyaRa	N	Y	Y	added-since-mw72
agnihotraprAyaScitta	N	N	N	never-seen
agnihotrin	N	Y	N	added-since-mw72
agnihvara	N	Y	N	added-since-mw72
agnija	N	Y	N	added-since-mw72
agnijananaviDi	N	N	N	never-seen
agnijihva	N	Y	N	added-since-mw72
agnijvAla	N	Y	N	added-since-mw72
agnijyezWa	N	Y	Y	added-since-mw72
agnika	Y	Y	N	kept
agnikaRa	N	Y	N	added-since-mw72
agnimaya	N	Y	N	added-since-mw72
agninetra	N	Y	N	added-since-mw72
agnipUjA	N	N	N	never-seen
agnipUta	N	N	N	never-seen
agnipada	N	Y	N	added-since-mw72
agnipakva	N	Y	N	added-since-mw72
agnipatana	N	Y	Y	added-since-mw72
agnipiRqa	N	N	N	never-seen
agnipraRayana	N	Y	Y	added-since-mw72
agnipraskandana	N	N	N	never-seen
agniputra	N	Y	Y	added-since-mw72
agnisAkzika	N	Y	N	added-since-mw72
agnisaMcaya	N	Y	N	added-since-mw72
agnisparSa	N	Y	Y	added-since-mw72
agnitanU	N	N	N	never-seen
agnivarcas	N	Y	N	added-since-mw72
agnivetAla	N	Y	N	added-since-mw72
agnizWa	N	Y	N	added-since-mw72
agnizwomayAgaviDi	N	N	N	never-seen
agnizwut	N	Y	N	added-since-mw72
agnyADeya	N	Y	N	added-since-mw72
agnyagAra	N	Y	N	added-since-mw72
agnyarcis	N	Y	N	added-since-mw72
agnyavaBfTa	N	N	N	never-seen
agnyupasTAna	N	Y	N	added-since-mw72
agnyupasaminDana	N	N	N	never-seen
ago	Y	Y	N	kept
agoarGa	N	N	N	never-seen
agocara	Y	Y	N	kept
agopAla	N	N	N	never-seen
agorasa	N	N	N	never-seen
agoruDa	Y	Y	N	kept
agotracaraRa	N	N	N	never-seen
agozpada	N	N	N	never-seen
agrAgra	N	Y	Y	added-since-mw72
agrAha	N	N	N	never-seen
agrAmyakanda	N	N	N	never-seen
agrAnta	N	Y	Y	added-since-mw72
agra	Y	Y	Y	kept
agraBAga	N	Y	N	added-since-mw72
agraBUmi	N	Y	N	added-since-mw72
agraBogin	N	N	N	never-seen
agraBojana	N	N	N	never-seen
agraBojya	N	Y	Y	added-since-mw72
agraBuj	N	Y	N	added-since-mw72
agraRI	N	Y	N	added-since-mw72
agraSiKa	N	Y	Y	added-since-mw72
agradAtar	N	N	N	never-seen
agragaRanA	N	Y	Y	added-since-mw72
agragatvara	N	N	N	never-seen
agragrAsikA	N	Y	N	added-since-mw72
agraha	Y	Y	Y	kept
agrahaRa	N	Y	Y	added-since-mw72
agrahoma	N	N	N	never-seen
agrasArA	N	Y	N	added-since-mw72
agrasta	N	Y	Y	added-since-mw72
agrataHsTa	N	N	N	never-seen
agratalasaMcAra	N	Y	Y	added-since-mw72
agratoraTa	N	N	N	never-seen
agravakra	N	N	N	never-seen
agrayAna	N	Y	Y	added-since-mw72
agredaDizu	N	Y	N	added-since-mw72
agredaDus	N	Y	N	added-since-mw72
agregU	N	Y	N	added-since-mw72
agresara	N	Y	N	added-since-mw72
agrimavatI	N	Y	Y	added-since-mw72
agryamahizI	N	N	N	never-seen
aguRa	Y	Y	N	kept
aguRaSIla	N	Y	N	added-since-mw72
aguRin	N	Y	Y	added-since-mw72
aguRyatA	N	N	N	never-seen
aguYjin	N	N	N	never-seen
aguru	Y	Y	N	kept
agurugavI	N	N	N	never-seen
aguruka	N	N	N	never-seen
agurusAra	N	N	N	never-seen
agurutalpa	N	N	N	never-seen
ahAhA	N	N	N	never-seen
ahApayant	N	N	N	never-seen
ahArya	Y	Y	N	kept
ahInArTam	N	N	N	never-seen
ahIna	Y	Y	N	kept
ahIqamAna	N	N	N	never-seen
ahIramaRI	N	N	N	never-seen
ahaHsaMsTA	N	Y	N	added-since-mw72
ahaMGAta	N	Y	Y	added-since-mw72
ahaMjuz	N	Y	N	added-since-mw72
ahaMmati	N	N	N	never-seen
ahaMpadArTa	N	N	N	never-seen
ahaScara	N	Y	N	added-since-mw72
ahakam	N	Y	N	added-since-mw72
ahala	Y	Y	N	kept
ahalyAsaMkrandana	N	Y	Y	added-since-mw72
ahamarTa	N	N	N	never-seen
ahamindra	N	Y	Y	added-since-mw72
ahan	Y	Y	N	kept
ahantva	N	Y	N	added-since-mw72
ahardala	Y	Y	N	kept
aharpati	N	Y	N	added-since-mw72
ahastABaraRopeta	N	N	N	never-seen
ahastriyAma	Y	Y	N	kept
aheli	N	N	N	never-seen
aheqamAna	N	Y	Y	added-since-mw72
ahetuka	Y	Y	N	kept
ahetuvAda	N	Y	Y	added-since-mw72
ahetuvAdin	N	Y	Y	added-since-mw72
ahfzwa	N	N	N	never-seen
ahiMsaka	Y	Y	N	kept
ahiPena	N	Y	N	added-since-mw72
ahiSuzmasatvan	N	Y	N	added-since-mw72
ahidanta	N	Y	N	added-since-mw72
ahidviz	N	Y	N	added-since-mw72
ahikaYcuka	N	Y	Y	added-since-mw72
ahimadIDiti	N	Y	N	added-since-mw72
ahimamayUKa	N	Y	N	added-since-mw72
ahimarocis	N	Y	Y	added-since-mw72
ahimaruci	N	Y	N	added-since-mw72
ahina	N	Y	Y	added-since-mw72
ahinirlvayanI	N	N	N	never-seen
ahiraRyava	N	Y	Y	added-since-mw72
ahirbuDnyas	N	Y	N	added-since-mw72
ahirbuDnyasaMhitA	N	N	N	never-seen
ahitEzin	N	N	N	never-seen
ahita	Y	Y	N	kept
ahividviz	N	Y	Y	added-since-mw72
ahnavAyya	Y	Y	N	kept
aho	Y	Y	N	kept
aholABakara	N	N	N	never-seen
ahotavya	N	N	N	never-seen
ahrIka	Y	Y	N	kept
ahrItamuKa	N	N	N	never-seen
ahrasta	N	Y	Y	added-since-mw72
aj	Y	Y	N	kept
ajA	Y	Y	N	kept
ajASva	N	Y	N	added-since-mw72
ajAgalastana	N	Y	N	added-since-mw72
ajApAla	N	N	N	never-seen
ajAtAri	N	Y	N	added-since-mw72
ajAtaSatru	N	Y	N	added-since-mw72
ajAtaguRa	N	N	N	never-seen
ajAtarajas	N	N	N	never-seen
ajAti	N	Y	Y	added-since-mw72
ajAvi	N	Y	N	added-since-mw72
ajAyamAna	Y	Y	N	kept
ajImUtavarzin	N	N	N	never-seen
ajIrRAmftamaYjarI	N	N	N	never-seen
ajIrRa	Y	Y	N	kept
ajIrRi	Y	Y	N	kept
ajIryant	N	N	N	never-seen
ajIryatA	N	N	N	never-seen
ajItapunarvaRya	N	Y	N	added-since-mw72
ajIvani	Y	Y	N	kept
ajU	N	Y	Y	added-since-mw72
ajYAta	Y	Y	N	kept
ajYAtalipsam	N	N	N	never-seen
ajYAtar	N	N	N	never-seen
ajYeyatva	N	N	N	never-seen
ajaNGAla	N	N	N	never-seen
ajaNgama	N	N	N	never-seen
ajaWara	N	N	N	never-seen
ajabanDu	N	N	N	never-seen
ajagAva	N	Y	N	added-since-mw72
ajagDapApman	N	N	N	never-seen
ajagat	N	N	N	never-seen
ajagati	N	Y	Y	added-since-mw72
ajajYivaMs	N	N	N	never-seen
ajakranda	N	N	N	never-seen
ajakzIra	N	Y	N	added-since-mw72
ajaloman	N	Y	Y	added-since-mw72
ajalpant	N	N	N	never-seen
ajamIQa	Y	Y	N	kept
ajamaTana	N	N	N	never-seen
ajana	Y	Y	N	kept
ajanani	Y	Y	N	kept
ajanavAdaSIla	N	N	N	never-seen
ajanman	N	Y	Y	added-since-mw72
ajanmanASa	N	N	N	never-seen
ajanya	Y	Y	N	kept
ajaqapramAtfsidDi	N	N	N	never-seen
ajarAjarizRu	N	N	N	never-seen
ajarAmarI	N	N	N	never-seen
ajarAmara	N	Y	N	added-since-mw72
ajaraka	N	Y	N	added-since-mw72
ajaras	Y	Y	N	kept
ajigIza	N	N	N	never-seen
ajihma	Y	Y	N	kept
ajihmacArin	N	N	N	never-seen
ajihva	Y	Y	N	kept
ajinaratna	N	Y	Y	added-since-mw72
ajinavAsas	N	N	N	never-seen
ajira	Y	Y	Y	kept
ajitadevAcArya	N	N	N	never-seen
ajitamanas	N	N	N	never-seen
ajitendriyamiSra	N	N	N	never-seen
ajoza	Y	Y	N	kept
ajugupsa	N	N	N	never-seen
ajyAni	Y	Y	N	kept
ajyAyaMs	N	N	N	never-seen
akAYcana	N	N	N	never-seen
akAku	N	N	N	never-seen
akAlakzepam	N	Y	N	added-since-mw72
akAmAtman	N	N	N	never-seen
akAmasaMjYapana	N	Y	Y	added-since-mw72
akAmavikriya	N	N	N	never-seen
akAmayAna	N	N	N	never-seen
akAmayamAna	N	N	N	never-seen
akAmin	Y	Y	N	kept
akAmya	N	N	N	never-seen
akApuruzavrata	N	N	N	never-seen
akAraRa	Y	Y	N	kept
akAraRabanDu	N	N	N	never-seen
akAraRaka	N	N	N	never-seen
akArpaRya	N	N	N	never-seen
akAryakzama	N	N	N	never-seen
akArzRya	Y	Y	N	kept
akAtara	Y	Y	N	kept
akAvaNka	N	Y	Y	added-since-mw72
akIrtanIya	N	N	N	never-seen
akOSala	Y	Y	N	kept
akOdreya	N	N	N	never-seen
akOsIdya	N	N	N	never-seen
akUjana	N	Y	Y	added-since-mw72
akUwaka	N	N	N	never-seen
aka	Y	Y	N	kept
akaRWa	N	Y	N	added-since-mw72
akaSApa	N	N	N	never-seen
akadvada	N	N	N	never-seen
akali	N	Y	Y	added-since-mw72
akaliprasara	N	N	N	never-seen
akalitAtman	N	N	N	never-seen
akalita	N	Y	Y	added-since-mw72
akalkakalila	N	N	N	never-seen
akalmAza	Y	Y	Y	kept
akalmaza	Y	Y	Y	kept
akalpa	Y	Y	N	kept
akaluzAtman	N	N	N	never-seen
akaluza	N	N	N	never-seen
akalyARa	Y	Y	N	kept
akalya	Y	Y	Y	kept
akampa	N	N	N	never-seen
akampita	Y	Y	N	kept
akampra	N	N	N	never-seen
akampya	Y	Y	N	kept
akapAla	N	N	N	never-seen
akapila	N	N	N	never-seen
akapilacCavi	N	N	N	never-seen
akarAla	N	N	N	never-seen
akarRIya	N	Y	Y	added-since-mw72
akarRa	Y	Y	N	kept
akarRaDAra	Y	Y	N	kept
akarRagfhIta	N	N	N	never-seen
akarRaprAvfta	N	N	N	never-seen
akara	Y	Y	N	kept
akaraRa	Y	Y	N	kept
akardama	N	N	N	never-seen
akarmaRyatA	N	N	N	never-seen
akarmaRyatva	N	N	N	never-seen
akarmakAla	N	N	N	never-seen
akarmakaraRa	N	N	N	never-seen
akarmakft	N	N	N	never-seen
akarmaprApti	N	N	N	never-seen
akarmavant	N	N	N	never-seen
akarta	N	N	N	never-seen
akartar	N	N	N	never-seen
akartfka	N	N	N	never-seen
akatTana	Y	Y	N	kept
akata	N	N	N	never-seen
akava	Y	Y	N	kept
akavi	Y	Y	N	kept
akfSAnekakaRwaka	N	N	N	never-seen
akfSalakzmI	N	Y	N	added-since-mw72
akfcCralaNGya	N	N	N	never-seen
akfcCrin	Y	Y	N	kept
akfmiparisfpta	N	Y	Y	added-since-mw72
akfpa	Y	Y	N	kept
akfpaRa	Y	Y	N	kept
akftAgas	N	N	N	never-seen
akftAgra	N	N	N	never-seen
akfta	Y	Y	N	kept
akftaSrama	N	N	N	never-seen
akftacUqa	N	Y	Y	added-since-mw72
akftaka	N	N	N	never-seen
akftakftya	N	Y	N	added-since-mw72
akftalakzaRa	N	N	N	never-seen
akftaprajYa	N	N	N	never-seen
akftavEra	N	N	N	never-seen
akftavyUha	N	N	N	never-seen
akfzRa	N	N	N	never-seen
akfzwa	Y	Y	Y	kept
akfzwarohin	N	N	N	never-seen
akiMcinmaya	N	N	N	never-seen
akilbiza	N	N	N	never-seen
akilina	N	Y	Y	added-since-mw72
akkA	Y	Y	Y	kept
akleSa	Y	Y	N	kept
akledya	Y	Y	N	kept
aklizwa	Y	Y	N	kept
akopa	N	Y	N	added-since-mw72
akopana	Y	Y	N	kept
akopayant	N	N	N	never-seen
akrIRant	N	N	N	never-seen
akrIta	N	Y	Y	added-since-mw72
akrUra	Y	Y	Y	kept
akrUraMkAra	N	N	N	never-seen
akrUraparivAra	N	N	N	never-seen
akrama	Y	Y	N	kept
akramaSas	N	Y	Y	added-since-mw72
akramoQA	N	Y	Y	added-since-mw72
akratusaMyukta	N	N	N	never-seen
akrimi	N	N	N	never-seen
akriyAka	N	N	N	never-seen
akriya	Y	Y	N	kept
akroDa	Y	Y	Y	kept
akroSant	N	N	N	never-seen
akti	N	Y	Y	added-since-mw72
akuRWaDizRya	N	Y	N	added-since-mw72
akuRWamaRqala	N	N	N	never-seen
akuRWita	Y	Y	N	kept
akuRqalin	N	N	N	never-seen
akuSala	Y	Y	Y	kept
akuYcita	N	N	N	never-seen
akuha	Y	Y	N	kept
akulIna	Y	Y	N	kept
akula	Y	Y	Y	kept
akulaja	N	N	N	never-seen
akulaka	N	Y	Y	added-since-mw72
akumBa	N	Y	Y	added-since-mw72
akupAna	N	N	N	never-seen
akupita	N	N	N	never-seen
akupya	Y	Y	Y	kept
akutas	Y	Y	N	kept
akutomftyu	N	Y	Y	added-since-mw72
akuwila	N	N	N	never-seen
akuzWipfzat	N	Y	Y	added-since-mw72
akxpta	N	N	N	never-seen
akz	Y	Y	Y	kept
akzA	N	N	N	never-seen
akzAlita	N	N	N	never-seen
akzAnta	N	Y	Y	added-since-mw72
akzAra	Y	Y	N	kept
akzAralavaRa	N	Y	N	added-since-mw72
akzAramadyamAMsAda	N	Y	N	added-since-mw72
akzAvalI	N	Y	N	added-since-mw72
akzIRabudDi	N	N	N	never-seen
akzIba	N	Y	N	added-since-mw72
akzIrAkzArAlavaRa	N	N	N	never-seen
akzOhiRI	Y	Y	N	kept
akzRayAkfta	N	Y	N	added-since-mw72
akza	Y	Y	Y	kept
akzaBAra	N	Y	N	added-since-mw72
akzaDUrta	N	Y	N	added-since-mw72
akzaDarma	N	Y	Y	added-since-mw72
akzaSIla	N	Y	Y	added-since-mw72
akzaSabda	N	Y	Y	added-since-mw72
akzaSikzA	N	Y	Y	added-since-mw72
akzadevanapaRI	N	N	N	never-seen
akzadevin	N	Y	N	added-since-mw72
akzadevitar	N	N	N	never-seen
akzadvAra	N	Y	N	added-since-mw72
akzaglaha	N	Y	N	added-since-mw72
akzahfdaya	N	Y	N	added-since-mw72
akzakUwa	N	N	N	never-seen
akzakitava	N	Y	N	added-since-mw72
akzamA	N	Y	Y	added-since-mw72
akzamAlAmaya	N	N	N	never-seen
akzamAvant	N	N	N	never-seen
akzama	Y	Y	Y	kept
akzamada	N	Y	N	added-since-mw72
akzamatA	N	Y	N	added-since-mw72
akzamin	N	Y	Y	added-since-mw72
akzapAtana	N	Y	N	added-since-mw72
akzaparAjaya	N	Y	N	added-since-mw72
akzarAkzara	N	Y	N	added-since-mw72
akzara	Y	Y	Y	kept
akzaraSas	N	Y	N	added-since-mw72
akzaraSikzA	N	Y	Y	added-since-mw72
akzarakara	N	Y	N	added-since-mw72
akzaranyAsa	N	Y	N	added-since-mw72
akzarasaDAtu	N	Y	Y	added-since-mw72
akzaresTA	N	Y	N	added-since-mw72
akzarya	Y	Y	N	kept
akzasUtra	N	Y	N	added-since-mw72
akzasUtraka	N	N	N	never-seen
akzasUtravalayin	N	Y	Y	added-since-mw72
akzatAmaya	N	Y	Y	added-since-mw72
akzata	Y	Y	Y	kept
akzataDAnA	N	N	N	never-seen
akzatasaktu	N	N	N	never-seen
akzatodaka	N	N	N	never-seen
akzatriya	N	N	N	never-seen
akzavApa	N	Y	N	added-since-mw72
akzavatI	N	Y	N	added-since-mw72
akzavftta	N	Y	N	added-since-mw72
akzaya	Y	Y	N	kept
akzayavawa	N	Y	Y	added-since-mw72
akzayya	Y	Y	N	kept
akzema	N	N	N	never-seen
akzetrajYa	N	Y	N	added-since-mw72
akzetratara	N	N	N	never-seen
akziRvant	N	N	N	never-seen
akzibanDa	N	Y	Y	added-since-mw72
akzicCidra	N	N	N	never-seen
akzikUwa	N	Y	N	added-since-mw72
akzipaTa	N	N	N	never-seen
akzirogavant	N	N	N	never-seen
akziruj	N	N	N	never-seen
akzit	N	Y	N	added-since-mw72
akzitavya	N	Y	Y	added-since-mw72
akzoBya	Y	Y	N	kept
akzu	Y	Y	N	kept
akzuRRatA	N	Y	N	added-since-mw72
akzyupanizad	N	N	N	never-seen
alAGava	N	Y	Y	added-since-mw72
alAka	N	Y	N	added-since-mw72
alAlasa	N	N	N	never-seen
alAtacakra	N	Y	Y	added-since-mw72
alIka	Y	Y	N	kept
alIkanalI	N	N	N	never-seen
alOlya	N	N	N	never-seen
alUkza	Y	Y	N	kept
alUna	Y	Y	Y	kept
alaBya	Y	Y	Y	kept
alaGIyaMs	N	N	N	never-seen
alaGu	Y	Y	N	kept
alaGuBava	N	N	N	never-seen
alaMBUzRu	N	Y	N	added-since-mw72
alaMDana	N	Y	N	added-since-mw72
alaMkAraBARqa	N	Y	Y	added-since-mw72
alaMkAranikarza	N	N	N	never-seen
alaMkArarahasya	N	N	N	never-seen
alaMkAraratnAkara	N	Y	Y	added-since-mw72
alaMkAratilaka	N	N	N	never-seen
alaMkArika	N	N	N	never-seen
alaMkarmIRa	N	Y	N	added-since-mw72
alaMkftiSAstra	N	N	N	never-seen
alaMpura	N	N	N	never-seen
alaMtarAm	N	Y	N	added-since-mw72
alaNGanIya	Y	Y	N	kept
alaNGanIyatA	N	Y	N	added-since-mw72
alaNGayant	N	N	N	never-seen
alabDagADa	N	Y	Y	added-since-mw72
alabDanidrAkzaRa	N	N	N	never-seen
alabDapada	N	Y	Y	added-since-mw72
alabDavya	N	N	N	never-seen
alajjAkara	N	N	N	never-seen
alajja	Y	Y	N	kept
alakzaRa	Y	Y	N	kept
alakzaRaka	N	Y	Y	added-since-mw72
alakzaRasaMpad	N	N	N	never-seen
alakzaRya	N	N	N	never-seen
alakzita	Y	Y	N	kept
alakzmI	Y	Y	N	kept
alakzman	N	Y	Y	added-since-mw72
alamArya	N	Y	Y	added-since-mw72
alamaka	N	N	N	never-seen
alamarTavacas	N	Y	Y	added-since-mw72
alamelamaNgAstotra	N	N	N	never-seen
alasAlA	N	Y	N	added-since-mw72
alasay	N	N	N	never-seen
alatikA	N	Y	Y	added-since-mw72
alavaRa	N	Y	N	added-since-mw72
aleKya	N	N	N	never-seen
aliNga	Y	Y	N	kept
aliNgasaMKya	N	N	N	never-seen
aliNgin	Y	Y	N	kept
alika	Y	Y	N	kept
alimaka	Y	Y	N	kept
alindaka	N	Y	N	added-since-mw72
alipta	N	N	N	never-seen
alivanda	N	N	N	never-seen
aloBavant	N	N	N	never-seen
aloha	Y	Y	N	kept
alokyatA	N	Y	N	added-since-mw72
alomaSa	N	N	N	never-seen
alopayant	N	N	N	never-seen
alozwaka	N	N	N	never-seen
alpAbADa	N	Y	N	added-since-mw72
alpAtaNka	N	Y	Y	added-since-mw72
alpAtyaya	N	Y	N	added-since-mw72
alpaPala	N	Y	Y	added-since-mw72
alpacCada	N	Y	Y	added-since-mw72
alpadarSin	N	N	N	never-seen
alpakAlika	N	N	N	never-seen
alpakAya	N	Y	Y	added-since-mw72
alpakfcCra	N	N	N	never-seen
alpakleSa	N	N	N	never-seen
alpanicaya	N	N	N	never-seen
alpaparicCeda	N	N	N	never-seen
alpapracAra	N	N	N	never-seen
alparADas	N	N	N	never-seen
alpasvamant	N	N	N	never-seen
alpatapas	N	N	N	never-seen
alpavant	N	N	N	never-seen
alpavijYAna	N	N	N	never-seen
alpavittavant	N	N	N	never-seen
alpeSAKya	N	Y	N	added-since-mw72
alpotsuka	N	N	N	never-seen
aluYca	N	Y	Y	added-since-mw72
amA	Y	Y	N	kept
amAMsASana	N	Y	N	added-since-mw72
amAMsa	Y	Y	N	kept
amAnava	Y	Y	N	kept
amAnayant	N	N	N	never-seen
amAnt	N	N	N	never-seen
amAnuza	Y	Y	N	kept
amAnuzya	Y	Y	N	kept
amAputra	N	Y	Y	added-since-mw72
amApya	N	Y	Y	added-since-mw72
amAtfjYa	N	N	N	never-seen
amAtrA	N	N	N	never-seen
amAyAvin	N	N	N	never-seen
amAyu	N	N	N	never-seen
amAza	Y	Y	N	kept
amBaHSyAmAka	N	Y	N	added-since-mw72
amBas	Y	Y	N	kept
amBastas	N	Y	Y	added-since-mw72
amBfRa	Y	Y	N	kept
amBojabanDu	N	Y	Y	added-since-mw72
amBojanIlAy	N	N	N	never-seen
amBojavadanA	N	Y	Y	added-since-mw72
amEtrI	N	N	N	never-seen
amI	N	N	N	never-seen
amImAMsaka	N	Y	Y	added-since-mw72
amImAMsita	N	N	N	never-seen
amRas	N	Y	Y	added-since-mw72
amUlaka	N	N	N	never-seen
amUlamantratantra	N	N	N	never-seen
amUrta	Y	Y	N	kept
amaDyaMdinasAci	N	N	N	never-seen
amaNgalika	N	N	N	never-seen
amadana	N	Y	N	added-since-mw72
amahAyajYayAjin	N	N	N	never-seen
amajjaka	N	Y	N	added-since-mw72
amajjana	N	N	N	never-seen
amalAnvaya	N	Y	Y	added-since-mw72
amalapakzavihaMgama	N	Y	Y	added-since-mw72
amalapatatrin	N	Y	N	added-since-mw72
amamri	Y	Y	Y	kept
amanAk	Y	Y	N	kept
amanIBAva	N	Y	N	added-since-mw72
amanasikAra	N	N	N	never-seen
amanasvin	Y	N	N	dropped
amandahfdaya	N	N	N	never-seen
amanorama	N	N	N	never-seen
amantar	N	N	N	never-seen
amantra	Y	Y	N	kept
amantrajYa	N	Y	N	added-since-mw72
amantravarjam	N	N	N	never-seen
amanuzyanizevita	N	Y	N	added-since-mw72
amara	Y	Y	N	kept
amaraDunI	N	N	N	never-seen
amaraSeza	N	N	N	never-seen
amaradruma	N	Y	Y	added-since-mw72
amaragiri	N	Y	Y	added-since-mw72
amarakoSapaYcikA	N	N	N	never-seen
amaramAlA	N	Y	N	added-since-mw72
amaraparvata	N	Y	N	added-since-mw72
amarapura	N	Y	N	added-since-mw72
amararAja	N	Y	N	added-since-mw72
amarastrI	N	Y	N	added-since-mw72
amaravaDU	N	Y	Y	added-since-mw72
amaraviveka	N	N	N	never-seen
amareSvarakalpa	N	N	N	never-seen
amartyatA	N	Y	N	added-since-mw72
amaruka	N	N	N	never-seen
amasvarI	N	N	N	never-seen
amati	Y	Y	N	kept
amatipUrvaka	N	Y	N	added-since-mw72
amatra	Y	Y	N	kept
amatsara	Y	Y	N	kept
amatsarin	N	Y	N	added-since-mw72
ambAstava	N	N	N	never-seen
amba	Y	Y	N	kept
ambarIza	Y	Y	N	kept
ambara	Y	Y	N	kept
ambarapuzpa	N	Y	N	added-since-mw72
ambikA	Y	Y	N	kept
ambikAsuta	N	Y	N	added-since-mw72
ambuDikAminI	N	Y	N	added-since-mw72
ambudAgama	N	N	N	never-seen
ambujAta	N	N	N	never-seen
ambujIvin	N	Y	Y	added-since-mw72
ambujanman	N	Y	N	added-since-mw72
ambukukkuwikA	N	N	N	never-seen
ambunATa	N	Y	N	added-since-mw72
ambupadDati	N	Y	N	added-since-mw72
amburuh	N	N	N	never-seen
amburuhAkza	N	N	N	never-seen
ameni	Y	Y	Y	kept
amfdita	N	N	N	never-seen
amfnmaya	N	Y	N	added-since-mw72
amftApiDAna	N	Y	N	added-since-mw72
amftAsaNga	N	Y	N	added-since-mw72
amfta	Y	Y	N	kept
amftaBuj	N	Y	N	added-since-mw72
amftabindu	N	N	N	never-seen
amftacit	N	Y	Y	added-since-mw72
amftadatta	N	N	N	never-seen
amftadyuti	N	Y	N	added-since-mw72
amftakavala	N	N	N	never-seen
amftanirgama	N	N	N	never-seen
amftapalASa	N	N	N	never-seen
amftaprASa	N	N	N	never-seen
amftarasa	N	Y	N	added-since-mw72
amftataraMgiRI	N	N	N	never-seen
amftaturaMga	N	N	N	never-seen
amftavarzin	N	Y	N	added-since-mw72
amftopastaraRa	N	Y	N	added-since-mw72
amftpAtrapa	N	Y	N	added-since-mw72
amftyuSaNkita	N	N	N	never-seen
amfzya	Y	N	N	dropped
amfzyant	N	N	N	never-seen
amiSraRa	N	Y	N	added-since-mw72
amiSrita	Y	Y	N	kept
amiTyA	Y	Y	N	kept
amilant	N	N	N	never-seen
amiti	N	Y	N	added-since-mw72
amitrakarzin	N	Y	Y	added-since-mw72
amlAna	Y	Y	N	kept
amlAni	Y	Y	N	kept
amlAyin	N	Y	N	added-since-mw72
amlI	N	Y	N	added-since-mw72
amnas	Y	Y	N	kept
amoGI	N	N	N	never-seen
amoGa	Y	Y	Y	kept
amoGabala	N	Y	N	added-since-mw72
amoGadfS	N	Y	N	added-since-mw72
amotaka	Y	Y	N	kept
amotakaputraka	N	N	N	never-seen
amuYcamAna	N	N	N	never-seen
amudita	N	N	N	never-seen
amudra	N	Y	Y	added-since-mw72
amukta	Y	Y	N	kept
amuktahastatA	N	Y	N	added-since-mw72
amuzita	N	N	N	never-seen
anABAsa	N	N	N	never-seen
anABava	N	N	N	never-seen
anABoga	N	Y	Y	added-since-mw72
anABu	N	N	N	never-seen
anADAra	N	N	N	never-seen
anASIrka	N	Y	N	added-since-mw72
anASa	Y	Y	N	kept
anASramaDarmin	N	N	N	never-seen
anASramin	Y	Y	N	kept
anASrava	N	N	N	never-seen
anASvAsa	N	N	N	never-seen
anASvAsika	N	Y	Y	added-since-mw72
anATa	Y	Y	N	kept
anATakuwI	N	N	N	never-seen
anAbADa	Y	Y	N	kept
anAcAra	Y	Y	N	kept
anAcArya	N	N	N	never-seen
anAcCfRRa	N	Y	N	added-since-mw72
anAcCinnastuka	N	N	N	never-seen
anAcIrRa	N	Y	Y	added-since-mw72
anAcarant	N	N	N	never-seen
anAdAna	N	N	N	never-seen
anAdInava	Y	Y	N	kept
anAdarSaka	N	N	N	never-seen
anAdeSa	N	N	N	never-seen
anAdeSana	N	N	N	never-seen
anAdi	Y	Y	Y	kept
anAdiSant	N	N	N	never-seen
anAdiboDAyana	N	N	N	never-seen
anAdimaDyAnta	N	Y	N	added-since-mw72
anAdimaDyaniDana	N	N	N	never-seen
anAdiniDana	N	Y	N	added-since-mw72
anAdita	N	N	N	never-seen
anAditya	N	N	N	never-seen
anAdizwadevata	N	N	N	never-seen
anAdizwavfkza	N	N	N	never-seen
anAdyanta	N	Y	N	added-since-mw72
anAgAmin	Y	Y	N	kept
anAgama	Y	Y	N	kept
anAgamana	N	N	N	never-seen
anAgata	Y	Y	N	kept
anAgati	Y	Y	N	kept
anAgrayaRa	N	N	N	never-seen
anAhArya	Y	Y	N	kept
anAhita	N	Y	Y	added-since-mw72
anAhuta	N	N	N	never-seen
anAjIvya	N	N	N	never-seen
anAjyaBojana	N	N	N	never-seen
anAkANkzya	N	N	N	never-seen
anAkalana	N	N	N	never-seen
anAkara	N	N	N	never-seen
anAkasmika	N	N	N	never-seen
anAkftsnagatA	N	N	N	never-seen
anAkfzwa	N	N	N	never-seen
anAkranda	N	Y	N	added-since-mw72
anAkroSaka	N	N	N	never-seen
anAkroSya	N	N	N	never-seen
anAkula	Y	Y	N	kept
anAkzArita	Y	Y	N	kept
anAkzipa	N	N	N	never-seen
anAlIQa	N	N	N	never-seen
anAla	N	Y	Y	added-since-mw72
anAlakzya	N	N	N	never-seen
anAlamBuka	N	N	N	never-seen
anAlamba	Y	Y	N	kept
anAlambam	N	N	N	never-seen
anAlambanatA	N	N	N	never-seen
anAlasya	N	N	N	never-seen
anAleSa	N	N	N	never-seen
anAlocita	Y	Y	N	kept
anAloka	N	N	N	never-seen
anAmA	N	N	N	never-seen
anAmagfhIta	N	N	N	never-seen
anAmarUpa	N	N	N	never-seen
anAmarzamARa	N	N	N	never-seen
anAmfzwa	N	N	N	never-seen
anAmiza	Y	Y	N	kept
anAmnAtamantra	N	N	N	never-seen
anAmukta	N	N	N	never-seen
anAntarIyaka	N	Y	Y	added-since-mw72
anApadyamAna	N	N	N	never-seen
anApatti	N	Y	Y	added-since-mw72
anApfzwa	N	N	N	never-seen
anAplavamAna	N	N	N	never-seen
anApnuvant	N	N	N	never-seen
anAprIta	N	Y	Y	added-since-mw72
anAptar	N	N	N	never-seen
anArBava	N	N	N	never-seen
anAraByavigarhija	N	N	N	never-seen
anArabDa	N	N	N	never-seen
anArdrakaramuKa	N	N	N	never-seen
anArohaka	N	N	N	never-seen
anAroka	N	Y	Y	added-since-mw72
anAropya	N	N	N	never-seen
anArudDa	N	N	N	never-seen
anAryava	N	N	N	never-seen
anAsAdayamAna	N	N	N	never-seen
anAsAdayant	N	N	N	never-seen
anAsAdita	Y	Y	N	kept
anAsTa	N	Y	Y	added-since-mw72
anAsTita	N	N	N	never-seen
anAsanayogavihita	N	N	N	never-seen
anAsavAKya	N	N	N	never-seen
anAseDa	N	N	N	never-seen
anAsita	N	N	N	never-seen
anAstarita	N	N	N	never-seen
anAstfta	N	N	N	never-seen
anAtmanIna	Y	Y	N	kept
anAtmaparajYa	N	N	N	never-seen
anAtmatA	N	Y	Y	added-since-mw72
anAtmavedin	N	N	N	never-seen
anAtmya	Y	Y	N	kept
anAtura	Y	Y	N	kept
anAtyaya	N	N	N	never-seen
anAvaSyakatva	N	N	N	never-seen
anAvfta	Y	Y	Y	kept
anAvidDa	Y	Y	Y	kept
anAvigna	N	N	N	never-seen
anAvizkurvant	N	N	N	never-seen
anAya	N	N	N	never-seen
anAyamya	N	N	N	never-seen
anAyasita	N	N	N	never-seen
anAyata	Y	Y	N	kept
anAyatikzama	N	N	N	never-seen
anDIkaraRa	N	Y	Y	added-since-mw72
anDa	Y	Y	N	kept
anDaMBavizRu	N	N	N	never-seen
anDaMkaraRa	N	Y	N	added-since-mw72
anDakAla	N	Y	Y	added-since-mw72
anDakAntaka	N	Y	Y	added-since-mw72
anDakAra	N	Y	N	added-since-mw72
anDakArin	N	Y	Y	added-since-mw72
anDaka	Y	Y	N	kept
anDasvant	N	N	N	never-seen
anDatAmisra	N	Y	Y	added-since-mw72
anDavyUha	N	Y	Y	added-since-mw72
anEBftya	N	Y	Y	added-since-mw72
anEScArika	N	Y	Y	added-since-mw72
anEndava	N	Y	Y	added-since-mw72
anErBftya	N	N	N	never-seen
anEraMmada	N	N	N	never-seen
anEtihya	N	Y	Y	added-since-mw72
anEzwika	N	N	N	never-seen
anIcEstana	N	Y	Y	added-since-mw72
anIdfS	N	N	N	never-seen
anIdfSa	Y	Y	N	kept
anIdfgASaya	N	N	N	never-seen
anIdfgAtman	N	N	N	never-seen
anIha	Y	Y	N	kept
anIhamAna	N	Y	Y	added-since-mw72
anIka	Y	Y	N	kept
anIkaSas	N	Y	N	added-since-mw72
anIkatva	N	N	N	never-seen
anIkinI	Y	Y	N	kept
anIkzA	N	N	N	never-seen
anIkzaka	N	Y	Y	added-since-mw72
anIla	N	Y	Y	added-since-mw72
anIlavAjin	Y	Y	N	kept
anIpsanIya	N	N	N	never-seen
anIraSana	N	Y	N	added-since-mw72
anItiSAstrajYa	N	N	N	never-seen
anOSIra	N	N	N	never-seen
anOcitI	N	Y	Y	added-since-mw72
anOdDatya	Y	Y	N	kept
anOpama	N	Y	Y	added-since-mw72
anOrasa	Y	Y	N	kept
anOzaDa	N	Y	Y	added-since-mw72
anUQa	Y	Y	N	kept
anUQatA	N	N	N	never-seen
anUcAna	Y	Y	N	kept
anUcyamAnatva	N	N	N	never-seen
anUdBAsin	N	Y	Y	added-since-mw72
anUddeSa	Y	Y	Y	kept
anUha	Y	Y	Y	kept
anUhya	N	Y	N	added-since-mw72
anUnagariman	N	N	N	never-seen
anUpareKA	N	N	N	never-seen
anUrDvaMBAvuka	N	Y	N	added-since-mw72
anUtTAna	N	Y	Y	added-since-mw72
anUtsarga	N	Y	Y	added-since-mw72
anUzara	Y	Y	N	kept
anUzarih	N	Y	Y	added-since-mw72
anaBiBAzamARa	N	N	N	never-seen
anaBiBUta	Y	Y	N	kept
anaBiBava	N	N	N	never-seen
anaBiDAvant	N	N	N	never-seen
anaBiDUnvant	N	N	N	never-seen
anaBiDfzRuvant	N	N	N	never-seen
anaBiDvaMsayant	N	N	N	never-seen
anaBiKyAtadoza	N	N	N	never-seen
anaBiSaNka	N	N	N	never-seen
anaBidrugDa	N	N	N	never-seen
anaBigIta	N	N	N	never-seen
anaBigamana	N	N	N	never-seen
anaBijAta	N	N	N	never-seen
anaBijYAna	N	N	N	never-seen
anaBijYAta	N	N	N	never-seen
anaBijalpita	N	N	N	never-seen
anaBilakzita	Y	Y	N	kept
anaBilapya	N	N	N	never-seen
anaBimAna	N	N	N	never-seen
anaBimAnuka	N	Y	N	added-since-mw72
anaBimfta	N	N	N	never-seen
anaBimuKa	N	N	N	never-seen
anaBinandant	N	N	N	never-seen
anaBinirvftta	N	N	N	never-seen
anaBipanna	N	N	N	never-seen
anaBipariharant	N	N	N	never-seen
anaBiprARant	N	N	N	never-seen
anaBiprIta	N	N	N	never-seen
anaBipreta	Y	Y	N	kept
anaBirUpa	Y	Y	N	kept
anaBirati	N	N	N	never-seen
anaBisaMDipUrva	N	N	N	never-seen
anaBisaMDita	N	N	N	never-seen
anaBisaMbadDa	N	N	N	never-seen
anaBisaMbudDa	N	N	N	never-seen
anaBisaMhita	N	N	N	never-seen
anaBisara	N	N	N	never-seen
anaBisnigDa	N	N	N	never-seen
anaBiyukta	N	N	N	never-seen
anaByAhatam	N	N	N	never-seen
anaByAvfttam	N	N	N	never-seen
anaByavacAruka	N	Y	Y	added-since-mw72
anaByudita	N	N	N	never-seen
anaDItapUrva	N	N	N	never-seen
anaDItin	N	N	N	never-seen
anaDIyAna	N	Y	Y	added-since-mw72
anaDIzwa	N	Y	Y	added-since-mw72
anaDara	N	N	N	never-seen
anaDikArin	Y	Y	N	kept
anaDimUrCita	N	N	N	never-seen
anaDyAya	Y	Y	Y	kept
anaDyAyaka	N	N	N	never-seen
anaDyavasita	N	Y	Y	added-since-mw72
anaNgIkaraRa	N	N	N	never-seen
anaNgIkfta	N	N	N	never-seen
anaNgIkurvant	N	N	N	never-seen
anaNga	Y	Y	N	kept
anaNgaSeKara	N	Y	N	added-since-mw72
anaNgadviz	N	N	N	never-seen
anaNgahIna	N	N	N	never-seen
anaNgajayA	N	N	N	never-seen
anaNgalatikA	N	Y	Y	added-since-mw72
anaNgaleKA	N	Y	N	added-since-mw72
anaNgatA	N	N	N	never-seen
anaNgataraMgiRI	N	N	N	never-seen
anaNgatilaka	N	N	N	never-seen
anaNgavatI	N	N	N	never-seen
anaRu	Y	Y	N	kept
anaSanAyuka	N	N	N	never-seen
anaSana	Y	Y	N	kept
anaSlIla	N	N	N	never-seen
anaSnuvAna	N	N	N	never-seen
anadanIya	N	N	N	never-seen
anagna	Y	Y	N	kept
anagnaMBAvuka	N	N	N	never-seen
anagnaka	N	N	N	never-seen
anagni	Y	Y	N	kept
anagnisAkzika	N	N	N	never-seen
anagnyuzRa	N	N	N	never-seen
anahaMbudDi	N	N	N	never-seen
anahaMkAra	N	Y	N	added-since-mw72
anahaMkfti	N	Y	N	added-since-mw72
anakAmamAra	N	Y	N	added-since-mw72
anaktASin	N	N	N	never-seen
anakzRayA	N	N	N	never-seen
anakzasaNgam	N	Y	N	added-since-mw72
anakzatragaRa	N	N	N	never-seen
anakzigata	N	N	N	never-seen
anakzita	N	Y	Y	added-since-mw72
anal	N	N	N	never-seen
analIy	N	N	N	never-seen
anala	Y	Y	Y	kept
analasaKa	N	Y	Y	added-since-mw72
analatA	N	N	N	never-seen
analpatva	N	N	N	never-seen
anama	Y	Y	Y	kept
anamaskAra	N	N	N	never-seen
anamin	N	Y	Y	added-since-mw72
ananUtTAna	N	Y	Y	added-since-mw72
ananfta	N	Y	N	added-since-mw72
anannaSradDAjanana	N	N	N	never-seen
anantAnubanDaka	N	N	N	never-seen
anantAryadaSaka	N	N	N	never-seen
ananta	Y	Y	N	kept
anantaDUpa	N	N	N	never-seen
anantacCadin	N	N	N	never-seen
anantaguRa	N	Y	N	added-since-mw72
anantakAya	N	N	N	never-seen
anantakIrti	N	N	N	never-seen
anantarAya	N	N	N	never-seen
anantara	Y	Y	Y	kept
anantargarBaka	N	N	N	never-seen
anantasIra	N	N	N	never-seen
anantavijaya	N	Y	N	added-since-mw72
anantavratakalpa	N	N	N	never-seen
anantikasTa	N	N	N	never-seen
anantopanizad	N	N	N	never-seen
anantya	Y	Y	N	kept
ananuKyAti	N	Y	N	added-since-mw72
ananuSasta	N	N	N	never-seen
ananucara	N	N	N	never-seen
ananugama	N	N	N	never-seen
ananujYAta	Y	Y	N	kept
ananukUla	N	N	N	never-seen
ananukampanIya	N	N	N	never-seen
ananusarga	N	N	N	never-seen
ananusfta	N	N	N	never-seen
ananutApin	N	N	N	never-seen
ananuvAkya	N	Y	Y	added-since-mw72
ananuvazawkAra	N	N	N	never-seen
ananuyAja	N	Y	N	added-since-mw72
ananuzWAna	Y	Y	N	kept
ananuzWAtar	N	N	N	never-seen
ananvIkzamARa	N	N	N	never-seen
ananvagBAva	N	Y	Y	added-since-mw72
ananvavAya	N	Y	N	added-since-mw72
ananvavasita	N	N	N	never-seen
ananvita	Y	Y	N	kept
ananvizyant	N	N	N	never-seen
ananyADIna	N	N	N	never-seen
ananya	Y	Y	N	kept
ananyaBAj	N	N	N	never-seen
ananyaSAsana	N	N	N	never-seen
ananyaSaraRa	N	N	N	never-seen
ananyaTAvAdin	N	N	N	never-seen
ananyaTAvftti	N	N	N	never-seen
ananyacetana	N	N	N	never-seen
ananyadevata	N	N	N	never-seen
ananyagAmin	N	Y	N	added-since-mw72
ananyaguru	N	Y	N	added-since-mw72
ananyajAni	N	Y	N	added-since-mw72
ananyaja	N	Y	N	added-since-mw72
ananyajanman	N	N	N	never-seen
ananyanATa	N	N	N	never-seen
ananyanArIkamanIya	N	N	N	never-seen
ananyanArIsAmAnya	N	N	N	never-seen
ananyapUrvikA	N	N	N	never-seen
ananyapratikriya	N	Y	N	added-since-mw72
ananyapratima	N	N	N	never-seen
ananyarUpa	N	N	N	never-seen
ananyavAcya	N	N	N	never-seen
ananyaviSrama	N	N	N	never-seen
anapAkfzwa	N	N	N	never-seen
anapUpAkfti	N	N	N	never-seen
anapaSabdam	N	N	N	never-seen
anapacAyitar	N	N	N	never-seen
anapacAyyamAna	N	Y	Y	added-since-mw72
anapacCAdayamAna	N	N	N	never-seen
anapadozya	N	Y	Y	added-since-mw72
anapaga	Y	Y	N	kept
anapahanana	N	Y	N	added-since-mw72
anapahata	N	N	N	never-seen
anapakrAmuka	N	Y	N	added-since-mw72
anapakzeya	N	N	N	never-seen
anaparoDya	N	N	N	never-seen
anapaspfS	Y	Y	N	kept
anapavftta	N	N	N	never-seen
anapavyAharant	N	N	N	never-seen
anapavyant	N	N	N	never-seen
anapayAnt	N	N	N	never-seen
anapekzamARa	N	Y	Y	added-since-mw72
anapiDAna	N	N	N	never-seen
anapisoma	N	N	N	never-seen
anapuMsaka	Y	Y	Y	kept
anaqudarha	N	Y	Y	added-since-mw72
anaqudyajYa	N	Y	Y	added-since-mw72
anaqutka	Y	Y	N	kept
anaqvah	N	N	N	never-seen
anarDArDaviBAgaBAj	N	N	N	never-seen
anarGa	Y	Y	N	kept
anarTAvekza	N	Y	Y	added-since-mw72
anarTamaya	N	N	N	never-seen
anarTanA	N	N	N	never-seen
anarcis	N	N	N	never-seen
anargala	Y	Y	N	kept
anarha	Y	Y	N	kept
anaritra	N	N	N	never-seen
anarka	N	N	N	never-seen
anarman	N	Y	Y	added-since-mw72
anarvaRa	N	Y	N	added-since-mw72
anasTaka	N	Y	N	added-since-mw72
anasTi	N	Y	N	added-since-mw72
anasTicit	N	N	N	never-seen
anasti	N	N	N	never-seen
anasvin	N	Y	Y	added-since-mw72
anasyUta	N	N	N	never-seen
anatIcAra	N	N	N	never-seen
anatideSa	N	N	N	never-seen
anatidfSna	N	Y	Y	added-since-mw72
anatigOrava	N	N	N	never-seen
anatilakzita	N	N	N	never-seen
anatilolam	N	N	N	never-seen
anatineda	N	Y	N	added-since-mw72
anatipAda	N	N	N	never-seen
anatipAta	N	N	N	never-seen
anatipAtayant	N	N	N	never-seen
anatiprOQa	N	N	N	never-seen
anatipraRIta	N	N	N	never-seen
anatiprayojana	N	N	N	never-seen
anatireca	N	Y	N	added-since-mw72
anatitrasnu	N	N	N	never-seen
anativAdin	N	N	N	never-seen
anativalita	N	N	N	never-seen
anativyakta	N	N	N	never-seen
anatyArdra	N	N	N	never-seen
anatyaya	N	Y	N	added-since-mw72
anavAra	N	N	N	never-seen
anavaDAna	Y	Y	N	kept
anavaDAnaka	N	N	N	never-seen
anavaDi	Y	Y	N	kept
anavaSezam	N	N	N	never-seen
anavabudDa	N	N	N	never-seen
anavadanIya	N	N	N	never-seen
anavagIta	Y	Y	Y	kept
anavagraha	Y	Y	N	kept
anavaguRWitaSiras	N	N	N	never-seen
anavahiMsita	N	N	N	never-seen
anavajYAna	N	N	N	never-seen
anavakASika	N	N	N	never-seen
anavakASin	N	N	N	never-seen
anavakarRita	N	N	N	never-seen
anavakeSin	N	N	N	never-seen
anavakrAma	N	N	N	never-seen
anavakrAmam	N	Y	N	added-since-mw72
anavakxpta	N	N	N	never-seen
anavalamba	Y	Y	N	kept
anavalipta	N	N	N	never-seen
anavalokana	N	N	N	never-seen
anavalokayant	N	N	N	never-seen
anavapAda	N	N	N	never-seen
anavapatita	N	N	N	never-seen
anavarRa	N	Y	Y	added-since-mw72
anavaroDa	N	N	N	never-seen
anavaropita	N	N	N	never-seen
anavartimuKin	N	N	N	never-seen
anavasAna	Y	Y	N	kept
anavasTAna	Y	Y	N	kept
anavasTita	Y	Y	N	kept
anavasita	Y	Y	N	kept
anavasnAtA	N	Y	Y	added-since-mw72
anavataptakAyaka	N	N	N	never-seen
anavatta	N	N	N	never-seen
anavavfzwa	N	N	N	never-seen
anavavidDa	N	N	N	never-seen
anavayava	N	N	N	never-seen
anavekzaRIya	N	N	N	never-seen
anavekzaka	N	N	N	never-seen
anavekzin	N	N	N	never-seen
anaveta	N	Y	Y	added-since-mw72
andU	N	Y	N	added-since-mw72
andolay	N	N	N	never-seen
anduka	N	Y	N	added-since-mw72
anekAgra	N	Y	N	added-since-mw72
anekAnta	Y	Y	N	kept
anekArTakEravakOmudI	N	N	N	never-seen
anekAtmavAdin	N	Y	Y	added-since-mw72
aneka	Y	Y	N	kept
anekaDft	N	Y	Y	added-since-mw72
anekaSataBOma	N	N	N	never-seen
anekaSatasAhasra	N	N	N	never-seen
anekavArzika	N	Y	Y	added-since-mw72
anekavarRa	N	Y	Y	added-since-mw72
anelamUka	N	Y	Y	added-since-mw72
aneva	Y	Y	N	kept
aneya	N	N	N	never-seen
aneza	N	N	N	never-seen
anfRI	N	N	N	never-seen
anfRIkaraRa	N	Y	Y	added-since-mw72
anfcam	N	Y	N	added-since-mw72
anfgvedavinIta	N	Y	Y	added-since-mw72
anfju	Y	Y	N	kept
anftAtmaka	N	Y	Y	added-since-mw72
anfta	Y	Y	N	kept
anftakAraka	N	N	N	never-seen
anftakaTa	N	Y	Y	added-since-mw72
anftapaSu	N	Y	Y	added-since-mw72
anftasaMgara	N	Y	Y	added-since-mw72
anftasaMhita	N	Y	Y	added-since-mw72
anftasarvasva	N	Y	Y	added-since-mw72
anftavAdin	N	Y	N	added-since-mw72
anftu	Y	Y	N	kept
anfzaBa	N	Y	Y	added-since-mw72
aniBfta	Y	Y	Y	kept
aniDana	N	N	N	never-seen
aniHSasta	Y	Y	N	kept
aniHsarant	N	N	N	never-seen
aniNgana	N	Y	Y	added-since-mw72
aniNgya	Y	N	N	dropped
aniNgyaSikzA	N	N	N	never-seen
aniSAnta	N	Y	Y	added-since-mw72
aniScAyaka	N	N	N	never-seen
aniScara	N	Y	Y	added-since-mw72
aniSceya	N	Y	Y	added-since-mw72
aniScita	Y	Y	N	kept
anibadDa	Y	Y	N	kept
anicCa	Y	Y	N	kept
anicCu	N	Y	N	added-since-mw72
anicaya	N	Y	Y	added-since-mw72
anicita	N	N	N	never-seen
anidAGadIDiti	N	Y	Y	added-since-mw72
anidAna	Y	Y	N	kept
anikAmatas	Y	Y	N	kept
anikfti	N	Y	Y	added-since-mw72
anikziptaDura	N	N	N	never-seen
anilASana	N	Y	Y	added-since-mw72
anilagulmin	N	N	N	never-seen
animIlitalocana	N	N	N	never-seen
animantrita	Y	Y	N	kept
animeza	N	Y	N	added-since-mw72
animitta	Y	Y	Y	kept
animiz	Y	Y	N	kept
animiza	Y	Y	Y	kept
animizekzaRa	N	N	N	never-seen
animizita	N	Y	Y	added-since-mw72
anipAta	Y	Y	N	kept
anipAtya	N	N	N	never-seen
anipadyamAna	Y	Y	N	kept
aniqa	N	N	N	never-seen
anirAkftin	N	Y	Y	added-since-mw72
anirBinna	N	N	N	never-seen
anirBuja	N	N	N	never-seen
anirIkzaka	N	N	N	never-seen
anirUpita	Y	Y	N	kept
anirdAha	N	N	N	never-seen
anirdizwa	Y	Y	N	kept
anirhARarca	N	N	N	never-seen
anirhuta	N	N	N	never-seen
anirloqita	N	Y	N	added-since-mw72
anirudDa	Y	Y	Y	kept
anirudDaka	N	N	N	never-seen
anirudDasaMhitA	N	N	N	never-seen
anirukta	Y	Y	N	kept
anirvacanIyavAda	N	N	N	never-seen
anirvacana	N	N	N	never-seen
anirvarRya	N	N	N	never-seen
anirvedakara	N	N	N	never-seen
anirvedita	N	Y	Y	added-since-mw72
anirvfta	Y	Y	N	kept
anirviDitsa	N	N	N	never-seen
anirviRRa	Y	Y	N	kept
anirvizwa	N	N	N	never-seen
anisfzwa	N	Y	Y	added-since-mw72
anistizWant	N	N	N	never-seen
anivartin	Y	Y	Y	kept
aniveSaka	N	N	N	never-seen
anivezwyamAna	N	Y	Y	added-since-mw72
anivftta	N	Y	N	added-since-mw72
anivfttayoDin	N	N	N	never-seen
anividDa	N	N	N	never-seen
anivizwa	N	N	N	never-seen
aniyantraRam	N	Y	Y	added-since-mw72
aniyantrita	N	N	N	never-seen
aniyasita	N	Y	Y	added-since-mw72
aniyatapadArTavAdin	N	N	N	never-seen
aniyukta	Y	Y	N	kept
anizWitASa	N	N	N	never-seen
anizidDa	Y	Y	N	kept
anizkAsin	N	Y	N	added-since-mw72
anizkAsita	N	Y	N	added-since-mw72
anizkaDfk	N	N	N	never-seen
anizkfta	Y	Y	N	kept
anizu	Y	Y	N	kept
anizuDanva	N	Y	N	added-since-mw72
anizwasoma	N	N	N	never-seen
anizwubDa	N	N	N	never-seen
anizwusava	N	N	N	never-seen
annASana	N	Y	Y	added-since-mw72
annAvfD	N	Y	N	added-since-mw72
annIy	N	N	N	never-seen
annaBuj	N	Y	Y	added-since-mw72
annaMBawIya	N	N	N	never-seen
annacikitsA	N	N	N	never-seen
annadravaSUla	N	Y	Y	added-since-mw72
annahAra	N	Y	Y	added-since-mw72
annakaraRa	N	Y	Y	added-since-mw72
annapAnaviDi	N	N	N	never-seen
annaparyAyam	N	Y	Y	added-since-mw72
annapatya	N	Y	N	added-since-mw72
annaprASanaka	N	N	N	never-seen
annarasa	N	Y	N	added-since-mw72
annasaMdeha	N	Y	Y	added-since-mw72
annasani	N	N	N	never-seen
annavikAra	N	Y	N	added-since-mw72
annavikfti	N	Y	Y	added-since-mw72
annikA	N	Y	Y	added-since-mw72
anojaska	N	Y	N	added-since-mw72
anokaSAyin	Y	Y	N	kept
anta	Y	Y	N	kept
antaHSAnti	N	Y	Y	added-since-mw72
antaHSvAsa	N	N	N	never-seen
antaHkowarapuzpI	N	Y	N	added-since-mw72
antaHkrOrya	N	Y	Y	added-since-mw72
antaHpArSva	N	Y	Y	added-since-mw72
antaHpAtin	N	Y	Y	added-since-mw72
antaHpUya	N	Y	Y	added-since-mw72
antaHprIti	N	N	N	never-seen
antaHpramoda	N	Y	Y	added-since-mw72
antaHpurADipatya	N	Y	Y	added-since-mw72
antaHpurAvacara	N	Y	Y	added-since-mw72
antaHpuracArikA	N	Y	Y	added-since-mw72
antaHpurevAsa	N	Y	Y	added-since-mw72
antaHsAmika	N	Y	Y	added-since-mw72
antaHsadas	N	Y	Y	added-since-mw72
antaHsmera	N	Y	Y	added-since-mw72
antaHsuzirin	N	Y	Y	added-since-mw72
antaSas	N	Y	Y	added-since-mw72
antadIpaka	N	Y	Y	added-since-mw72
antakAnana	N	Y	Y	added-since-mw72
antakArin	N	Y	N	added-since-mw72
antakapura	N	Y	Y	added-since-mw72
antakaraRa	N	Y	Y	added-since-mw72
antama	Y	Y	N	kept
antanAman	N	Y	Y	added-since-mw72
antanetra	N	Y	Y	added-since-mw72
antapluta	N	Y	Y	added-since-mw72
antarA	Y	Y	Y	kept
antarASfNgIya	N	Y	Y	added-since-mw72
antarASfNgam	N	Y	N	added-since-mw72
antarAhuti	N	N	N	never-seen
antarAntarAt	N	Y	Y	added-since-mw72
antarAntaratas	N	N	N	never-seen
antarAtri	N	N	N	never-seen
antarAvedi	N	N	N	never-seen
antarBAva	Y	Y	Y	kept
antarBAvaprakASikA	N	N	N	never-seen
antarBAvya	N	N	N	never-seen
antarBinna	N	Y	Y	added-since-mw72
antarDA	Y	Y	N	kept
antarDErya	N	Y	Y	added-since-mw72
antarDana	N	Y	Y	added-since-mw72
antarDvAnta	N	Y	Y	added-since-mw72
antaradfS	N	N	N	never-seen
antarakoSa	N	Y	Y	added-since-mw72
antarakrIqA	N	N	N	never-seen
antarantaHsTa	N	Y	Y	added-since-mw72
antarapatita	N	Y	Y	added-since-mw72
antaratas	N	Y	Y	added-since-mw72
antardiS	N	Y	N	added-since-mw72
antareza	N	Y	Y	added-since-mw72
antargaRa	N	Y	Y	added-since-mw72
antargati	N	N	N	never-seen
antargeha	N	Y	N	added-since-mw72
antargozWa	N	Y	N	added-since-mw72
antarikza	Y	Y	N	kept
antarikzadA	N	N	N	never-seen
antariti	N	Y	Y	added-since-mw72
antarjAnu	N	Y	N	added-since-mw72
antarjAnukara	N	N	N	never-seen
antarjAtA	N	N	N	never-seen
antarjaleSaya	N	N	N	never-seen
antarjyotis	N	Y	N	added-since-mw72
antarlIna	N	Y	N	added-since-mw72
antarloma	N	Y	N	added-since-mw72
antarmAMsa	N	N	N	never-seen
antarmanas	N	Y	N	added-since-mw72
antarmandira	N	Y	Y	added-since-mw72
antarmoda	N	Y	Y	added-since-mw72
antarmuKa	N	Y	Y	added-since-mw72
antarmuKatA	N	N	N	never-seen
antarnAvya	N	N	N	never-seen
antarniveSana	N	Y	Y	added-since-mw72
antarukTya	N	N	N	never-seen
antarvArkza	N	N	N	never-seen
antarvAsa	N	N	N	never-seen
antarvAvat	N	Y	Y	added-since-mw72
antarvartin	N	Y	N	added-since-mw72
antaryAmIya	N	N	N	never-seen
antasad	N	Y	N	added-since-mw72
antataH	N	N	N	never-seen
antika	Y	Y	N	kept
antitara	N	Y	Y	added-since-mw72
antrAvaraRa	N	N	N	never-seen
antrakUjana	N	Y	N	added-since-mw72
antravfdDimant	N	N	N	never-seen
antyArDa	N	Y	Y	added-since-mw72
antyapat	N	N	N	never-seen
anuBAva	Y	Y	N	kept
anuBAvin	Y	Y	N	kept
anuBAzita	N	Y	Y	added-since-mw72
anuBava	Y	Y	Y	kept
anuBavam	N	Y	Y	added-since-mw72
anuBavasUtra	N	N	N	never-seen
anuBrazwatejas	N	N	N	never-seen
anuDyAyin	Y	Y	N	kept
anuKaqgam	N	N	N	never-seen
anuSAsin	N	Y	Y	added-since-mw72
anuSaMsana	N	N	N	never-seen
anuSase	N	N	N	never-seen
anuSayavant	N	N	N	never-seen
anuSayin	Y	Y	Y	kept
anuSikzA	N	Y	Y	added-since-mw72
anuSizwi	Y	Y	N	kept
anuSoka	Y	Y	N	kept
anuSrotavya	N	Y	Y	added-since-mw72
anubanDa	Y	Y	N	kept
anubanDikA	N	N	N	never-seen
anubanDya	Y	Y	N	kept
anubimbana	N	Y	Y	added-since-mw72
anubimbita	N	Y	Y	added-since-mw72
anuboDa	Y	Y	Y	kept
anucCAstravartin	N	N	N	never-seen
anucCindant	N	N	N	never-seen
anucCvasamAna	N	N	N	never-seen
anucarita	N	N	N	never-seen
anucca	Y	Y	N	kept
anuccita	N	N	N	never-seen
anudAttatara	N	Y	N	added-since-mw72
anudAyin	N	N	N	never-seen
anudBAsin	N	N	N	never-seen
anudBAvita	N	N	N	never-seen
anudBava	N	N	N	never-seen
anudData	Y	Y	N	kept
anudEvatam	N	N	N	never-seen
anudaSama	N	N	N	never-seen
anudakyA	N	N	N	never-seen
anudaya	Y	Y	N	kept
anudayaBAj	N	N	N	never-seen
anudeSaka	N	N	N	never-seen
anudiSam	Y	Y	N	kept
anudravaRa	N	Y	Y	added-since-mw72
anudrikta	N	N	N	never-seen
anudvAra	N	Y	Y	added-since-mw72
anugApana	N	Y	Y	added-since-mw72
anugAyas	Y	Y	N	kept
anugIta	N	Y	Y	added-since-mw72
anugamanaviDAna	N	N	N	never-seen
anugantavya	Y	Y	N	kept
anugodam	Y	Y	N	kept
anugrahItar	N	N	N	never-seen
anugrahItavya	N	N	N	never-seen
anugrahaRa	N	Y	Y	added-since-mw72
anugrahita	N	Y	N	added-since-mw72
anuguRa	Y	Y	N	kept
anuguRita	N	N	N	never-seen
anuharaRa	Y	Y	Y	kept
anujIvisAt	N	N	N	never-seen
anujYApana	Y	Y	Y	kept
anujYApya	N	Y	Y	added-since-mw72
anujyezWam	N	Y	N	added-since-mw72
anukArAnukArin	N	N	N	never-seen
anukAra	Y	Y	Y	kept
anukUlokta	N	N	N	never-seen
anukampaka	Y	Y	N	kept
anukampita	Y	Y	N	kept
anukampya	Y	Y	Y	kept
anukarzaRa	N	Y	Y	added-since-mw72
anukta	Y	Y	N	kept
anukti	Y	Y	N	kept
anukzapam	Y	Y	N	kept
anulApin	N	N	N	never-seen
anulbaRa	Y	Y	N	kept
anullaNGanIya	N	N	N	never-seen
anulomapratiloma	N	Y	Y	added-since-mw72
anulomay	N	N	N	never-seen
anumAna	Y	Y	N	kept
anumArga	N	Y	Y	added-since-mw72
anumArjana	N	N	N	never-seen
anumAsa	Y	N	N	dropped
anumAtar	N	N	N	never-seen
anumantar	N	N	N	never-seen
anumatavajra	N	Y	Y	added-since-mw72
anumati	Y	Y	N	kept
anumeya	Y	Y	N	kept
anumita	Y	Y	N	kept
anumiti	Y	Y	N	kept
anumodin	N	Y	Y	added-since-mw72
anunIti	Y	Y	N	kept
anunadi	N	Y	Y	added-since-mw72
anuniSITam	N	Y	N	added-since-mw72
anuninIzA	N	Y	Y	added-since-mw72
anunmAda	N	Y	N	added-since-mw72
anunmatta	Y	Y	N	kept
anunmukta	N	N	N	never-seen
anupASraya	N	N	N	never-seen
anupAde	N	Y	Y	added-since-mw72
anupAdeya	N	N	N	never-seen
anupAkruzwa	N	Y	Y	added-since-mw72
anupAlaBya	N	N	N	never-seen
anupArata	N	N	N	never-seen
anupAsitavfdDa	N	N	N	never-seen
anupAta	Y	Y	N	kept
anupAtavya	N	N	N	never-seen
anupAtyaya	N	N	N	never-seen
anupAya	N	Y	Y	added-since-mw72
anupAyin	Y	Y	N	kept
anupUraRa	N	Y	Y	added-since-mw72
anupUrva	Y	Y	N	kept
anupaBujyamAna	Y	Y	N	kept
anupaDi	N	N	N	never-seen
anupaDmAta	N	Y	Y	added-since-mw72
anupaGnant	N	N	N	never-seen
anupacarita	N	Y	Y	added-since-mw72
anupacita	N	N	N	never-seen
anupadasta	N	Y	N	added-since-mw72
anupadeSa	Y	N	N	dropped
anupadrazwar	N	N	N	never-seen
anupahUyamAna	N	Y	N	added-since-mw72
anupahata	Y	Y	N	kept
anupalIQa	N	Y	Y	added-since-mw72
anupalabDisama	N	Y	N	added-since-mw72
anupalabDivAda	N	N	N	never-seen
anupamakzant	N	N	N	never-seen
anupamasaMhArigranTa	N	N	N	never-seen
anupanAha	Y	Y	Y	kept
anupanIta	N	N	N	never-seen
anupanamra	N	N	N	never-seen
anupanata	N	Y	Y	added-since-mw72
anupapanna	Y	Y	N	kept
anupapatti	Y	Y	N	kept
anupapattimant	N	N	N	never-seen
anuparicAram	N	Y	N	added-since-mw72
anuparihAram	N	Y	N	added-since-mw72
anuparikrAmam	N	Y	N	added-since-mw72
anuparoDin	N	N	N	never-seen
anuparvata	N	Y	Y	added-since-mw72
anupasTitAgni	N	N	N	never-seen
anupasarga	Y	Y	N	kept
anupaskfta	Y	Y	N	kept
anupaviSant	N	N	N	never-seen
anupavizwa	N	N	N	never-seen
anupayAnt	N	N	N	never-seen
anupayoga	Y	Y	N	kept
anupekzaRa	N	N	N	never-seen
anupeta	Y	Y	Y	kept
anupeyA	N	N	N	never-seen
anupeyamAnA	N	N	N	never-seen
anupfzwa	N	N	N	never-seen
anupiRqam	N	Y	Y	added-since-mw72
anupradAna	Y	Y	N	kept
anuprakampana	N	N	N	never-seen
anuprasarpaka	N	Y	Y	added-since-mw72
anupravrajana	N	Y	Y	added-since-mw72
anuprazwar	N	N	N	never-seen
anupriya	N	Y	Y	added-since-mw72
anurAga	Y	Y	N	kept
anuraRana	Y	Y	N	kept
anurakzitavya	N	N	N	never-seen
anurasita	N	Y	N	added-since-mw72
anuroDavatI	N	N	N	never-seen
anuroha	N	Y	N	added-since-mw72
anusAnu	Y	Y	N	kept
anusaMDAnIya	N	Y	Y	added-since-mw72
anusaMcara	N	Y	N	added-since-mw72
anusaMtati	N	Y	N	added-since-mw72
anusaraRa	Y	Y	Y	kept
anusarga	Y	Y	Y	kept
anusartar	N	N	N	never-seen
anusftavatsA	N	Y	Y	added-since-mw72
anusfzwi	N	N	N	never-seen
anusrotasam	N	N	N	never-seen
anustanita	N	Y	Y	added-since-mw72
anutApaka	N	Y	Y	added-since-mw72
anutApin	Y	Y	N	kept
anutIrTam	N	N	N	never-seen
anutKAta	N	N	N	never-seen
anutTita	Y	Y	N	kept
anutarza	Y	Y	Y	kept
anutarzula	Y	Y	N	kept
anutkrAmuka	N	N	N	never-seen
anutodana	N	N	N	never-seen
anutpUta	N	Y	Y	added-since-mw72
anutsAha	Y	Y	N	kept
anutsAhin	N	N	N	never-seen
anutsArita	N	N	N	never-seen
anutsUtrapadanyAsa	N	N	N	never-seen
anutsarpaRa	N	N	N	never-seen
anutsfzwa	N	Y	Y	added-since-mw72
anutsuka	Y	Y	N	kept
anutta	Y	Y	Y	kept
anuttara	Y	Y	N	kept
anuttaraMga	N	Y	Y	added-since-mw72
anuttaravedika	N	N	N	never-seen
anuvA	Y	Y	N	kept
anuvAdin	N	Y	N	added-since-mw72
anuvAha	N	N	N	never-seen
anuvAkya	Y	Y	N	kept
anuvanAntam	N	Y	Y	added-since-mw72
anuvanam	Y	Y	N	kept
anuvapram	N	Y	Y	added-since-mw72
anuvarRayitavya	N	N	N	never-seen
anuvasu	N	N	N	never-seen
anuvatsarIRa	N	Y	N	added-since-mw72
anuvft	Y	Y	N	kept
anuvilepana	N	N	N	never-seen
anuvrajana	Y	Y	N	kept
anuvrajya	N	Y	N	added-since-mw72
anuvyADa	N	Y	N	added-since-mw72
anuvyAhfta	N	Y	Y	added-since-mw72
anuvyApin	N	Y	Y	added-since-mw72
anuyAja	Y	Y	N	kept
anuyAjavant	N	N	N	never-seen
anuyiyAsu	N	Y	Y	added-since-mw72
anuyogin	Y	Y	N	kept
anuyojya	Y	Y	N	kept
anuzRASIta	N	Y	N	added-since-mw72
anuzWAna	Y	Y	N	kept
anuzWAyajYayajYIya	N	N	N	never-seen
anuzWiti	N	N	N	never-seen
anuzwuB	Y	Y	Y	kept
anuzwubgAyatrIkAram	N	N	N	never-seen
anuzwupCandas	N	Y	N	added-since-mw72
anuzyade	N	N	N	never-seen
anuzyanda	Y	Y	N	kept
anvAkSAyam	N	Y	N	added-since-mw72
anvAramBaRIyadevatA	N	N	N	never-seen
anvArohaRa	Y	Y	N	kept
anvaByavacAram	N	Y	Y	added-since-mw72
anvagjyezWa	N	Y	Y	added-since-mw72
anvajiravati	N	N	N	never-seen
anvakzaram	N	Y	Y	added-since-mw72
anvatrasta	N	N	N	never-seen
anvavapAtos	N	N	N	never-seen
anvazwakA	Y	Y	N	kept
anvazwakI	N	N	N	never-seen
anvetavE	N	N	N	never-seen
anvezizizu	N	N	N	never-seen
anvezwavya	Y	Y	N	kept
anvicCA	N	Y	Y	added-since-mw72
anyAdfSa	N	Y	Y	added-since-mw72
anyApadeSa	N	Y	Y	added-since-mw72
anyAya	Y	Y	Y	kept
anyAyaDanyacarita	N	N	N	never-seen
anyAyatas	N	Y	Y	added-since-mw72
anyAyin	Y	Y	Y	kept
anyUnAtiriktANga	N	Y	Y	added-since-mw72
anya	Y	Y	N	kept
anyaBAvin	N	Y	N	added-since-mw72
anyaSfNga	N	Y	Y	added-since-mw72
anyaTASIlika	N	Y	Y	added-since-mw72
anyaTAkaraRa	N	Y	Y	added-since-mw72
anyabanDu	N	Y	Y	added-since-mw72
anyajanatA	N	Y	Y	added-since-mw72
anyapUrvA	N	Y	N	added-since-mw72
anyapara	N	Y	N	added-since-mw72
anyarAzwriya	N	Y	Y	added-since-mw72
anyatIrTika	N	Y	Y	added-since-mw72
anyatarAnyatara	N	Y	Y	added-since-mw72
anyataratotirAtra	N	N	N	never-seen
anyatas	Y	Y	N	kept
anyatpArSva	N	Y	Y	added-since-mw72
anyatra	Y	Y	N	kept
anyatrakaraRa	N	Y	Y	added-since-mw72
anyavarRa	N	Y	N	added-since-mw72
anyayajYa	N	Y	Y	added-since-mw72
anyodarya	N	Y	N	added-since-mw72
anyokti	N	Y	Y	added-since-mw72
anyoktimuktAvalI	N	N	N	never-seen
anyonyABiBavavftti	N	N	N	never-seen
anyonyASraya	N	Y	N	added-since-mw72
anyonyApatitatyAgin	N	Y	Y	added-since-mw72
anyonyajananavftti	N	N	N	never-seen
anyonyakftya	N	Y	Y	added-since-mw72
anyonyamiTuna	N	Y	Y	added-since-mw72
apANga	Y	Y	N	kept
apARi	N	Y	Y	added-since-mw72
apARigrahaRA	N	N	N	never-seen
apATeya	N	N	N	never-seen
apAWa	N	Y	Y	added-since-mw72
apAYcAlya	N	Y	Y	added-since-mw72
apAcya	Y	Y	N	kept
apAdAdiBAj	Y	Y	N	kept
apAdAna	Y	Y	N	kept
apAdya	Y	Y	Y	kept
apAkartos	N	N	N	never-seen
apAkesTa	N	N	N	never-seen
apAkfti	Y	Y	N	kept
apAli	Y	Y	N	kept
apAmArgI	N	N	N	never-seen
apAmArjana	Y	Y	N	kept
apAmaMBavizRu	N	Y	N	added-since-mw72
apAmitya	N	Y	N	added-since-mw72
apAnIya	N	Y	Y	added-since-mw72
apAnadfh	N	Y	N	added-since-mw72
apAnunutsu	N	Y	Y	added-since-mw72
apApAya	N	Y	Y	added-since-mw72
apApad	N	Y	Y	added-since-mw72
apApadarSin	N	N	N	never-seen
apApaka	N	N	N	never-seen
apAparogin	N	N	N	never-seen
apArAyaRIya	N	N	N	never-seen
apArTI	N	N	N	never-seen
apArTay	N	N	N	never-seen
apAra	Y	Y	Y	kept
apAraRIya	Y	Y	N	kept
apArayant	N	N	N	never-seen
apArijAta	N	Y	Y	added-since-mw72
apAsa	N	N	N	never-seen
apAtrI	N	N	N	never-seen
apAvaraRa	N	N	N	never-seen
apAvft	Y	Y	N	kept
apAwita	N	N	N	never-seen
apAyasaMvartanIya	N	Y	Y	added-since-mw72
apIqA	N	Y	N	added-since-mw72
apIqana	Y	Y	N	kept
apIqayant	N	N	N	never-seen
apOrRamAsa	N	N	N	never-seen
apOrava	N	N	N	never-seen
apOruzeya	N	Y	N	added-since-mw72
apOzkalya	Y	Y	N	kept
apSuzka	N	N	N	never-seen
apUpa	Y	Y	N	kept
apUrRa	Y	Y	N	kept
apUra	N	Y	Y	added-since-mw72
apUraRa	N	Y	Y	added-since-mw72
apUrva	Y	Y	Y	kept
apUrvamaRi	N	N	N	never-seen
apUrvin	N	Y	Y	added-since-mw72
apUrya	N	N	N	never-seen
apUtaBft	N	N	N	never-seen
apaBAzaRa	Y	Y	Y	kept
apaBAzitavE	N	Y	Y	added-since-mw72
apaBasman	N	N	N	never-seen
apaDyAna	Y	Y	N	kept
apaGana	Y	Y	N	kept
apaNka	N	Y	Y	added-since-mw72
apaSAlIna	N	Y	Y	added-since-mw72
apaSIla	N	Y	Y	added-since-mw72
apaSabdanirAkaraRa	N	N	N	never-seen
apaSabdita	N	Y	Y	added-since-mw72
apaSlIlAyita	N	N	N	never-seen
apaSrama	N	Y	Y	added-since-mw72
apaSutA	N	Y	N	added-since-mw72
apaSyant	N	N	N	never-seen
apaTa	Y	Y	N	kept
apaTadAyin	N	Y	Y	added-since-mw72
apaTakalpanA	N	N	N	never-seen
apacAyaka	N	Y	Y	added-since-mw72
apacAyin	N	Y	N	added-since-mw72
apacAyitar	N	N	N	never-seen
apacamAnaka	N	Y	Y	added-since-mw72
apacetas	N	Y	Y	added-since-mw72
apacikIrzu	N	Y	Y	added-since-mw72
apacit	Y	Y	N	kept
apacita	Y	Y	N	kept
apaciti	Y	Y	N	kept
apadAnta	N	Y	Y	added-since-mw72
apadUzaRa	N	Y	Y	added-since-mw72
apadaSa	Y	Y	N	kept
apadarpa	N	Y	Y	added-since-mw72
apadfzwi	N	Y	Y	added-since-mw72
apadibadDa	N	Y	Y	added-since-mw72
apadozya	N	N	N	never-seen
apadyamAna	N	N	N	never-seen
apagUrti	N	N	N	never-seen
apagatakAlaka	N	Y	Y	added-since-mw72
apagataraSmivant	N	N	N	never-seen
apagfhya	N	Y	Y	added-since-mw72
apagrahaRa	N	N	N	never-seen
apahAraka	Y	Y	N	kept
apahArya	N	Y	Y	added-since-mw72
apahara	N	Y	N	added-since-mw72
apaharaRa	Y	Y	Y	kept
apahasita	Y	Y	Y	kept
apahastaka	N	Y	Y	added-since-mw72
apahft	N	Y	Y	added-since-mw72
apahnava	Y	Y	N	kept
apahnavana	N	Y	Y	added-since-mw72
apahvara	N	Y	Y	added-since-mw72
apajaya	Y	Y	N	kept
apakAraka	Y	Y	N	kept
apakaRwaka	N	Y	Y	added-since-mw72
apakalmaza	Y	Y	N	kept
apakartana	N	Y	Y	added-since-mw72
apakaruRa	Y	Y	N	kept
apakarzaRIya	N	N	N	never-seen
apakarzasama	N	Y	N	added-since-mw72
apakazAya	N	Y	N	added-since-mw72
apakft	Y	Y	Y	kept
apakftya	Y	Y	Y	kept
apakrAmam	N	Y	Y	added-since-mw72
apakrAnta	N	Y	Y	added-since-mw72
apakrAnti	N	Y	N	added-since-mw72
apakzARa	N	N	N	never-seen
apakzapAta	N	Y	N	added-since-mw72
apakzapAtin	N	Y	Y	added-since-mw72
apakzaya	Y	Y	N	kept
apakzigaRasaMGAta	N	N	N	never-seen
apakzigaRasaMpAta	N	N	N	never-seen
apalAyana	N	N	N	never-seen
apalAyin	N	N	N	never-seen
apalakzaRa	N	N	N	never-seen
apalakzmaRa	N	Y	Y	added-since-mw72
apalapana	Y	Y	N	kept
apamArjanaka	N	N	N	never-seen
apamada	N	Y	Y	added-since-mw72
apamatsara	N	N	N	never-seen
apamfzwi	N	Y	Y	added-since-mw72
apamud	N	Y	Y	added-since-mw72
apanaya	Y	Y	N	kept
apanayana	Y	Y	N	kept
apaneya	N	Y	Y	added-since-mw72
apanidra	Y	Y	Y	kept
apanidrant	N	N	N	never-seen
apaninIzA	N	Y	Y	added-since-mw72
apanizAduka	N	Y	Y	added-since-mw72
apanodaka	N	Y	Y	added-since-mw72
apanodana	Y	Y	N	kept
apanodin	N	N	N	never-seen
apanunutsu	Y	Y	N	kept
apanuti	N	N	N	never-seen
apanutti	Y	Y	N	kept
apapAtra	Y	Y	N	kept
apapayas	N	Y	Y	added-since-mw72
apapivaMs	N	N	N	never-seen
apaprasara	N	Y	Y	added-since-mw72
aparABava	N	Y	Y	added-since-mw72
aparADIna	N	Y	N	added-since-mw72
aparADavant	N	N	N	never-seen
aparANmuKa	N	Y	N	added-since-mw72
aparAdDezu	N	Y	N	added-since-mw72
aparAditya	N	N	N	never-seen
aparAgata	N	N	N	never-seen
aparAjaya	N	N	N	never-seen
aparAjita	Y	Y	N	kept
aparAjitagaRa	N	Y	Y	added-since-mw72
aparAktva	N	Y	Y	added-since-mw72
aparAmfzwa	Y	Y	Y	kept
aparAnta	N	Y	N	added-since-mw72
aparApAta	N	Y	Y	added-since-mw72
aparArDya	N	Y	Y	added-since-mw72
aparAtaMsa	N	N	N	never-seen
aparAvApa	N	Y	Y	added-since-mw72
aparAvantya	N	N	N	never-seen
aparAvapizWa	N	Y	Y	added-since-mw72
aparAvfttaBAgaDeya	N	Y	Y	added-since-mw72
aparAvftti	N	Y	Y	added-since-mw72
aparAyaRa	N	Y	Y	added-since-mw72
aparIkzita	Y	Y	N	kept
aparItta	N	Y	Y	added-since-mw72
aparItya	N	Y	Y	added-since-mw72
aparadIkzin	N	Y	Y	added-since-mw72
aparakArya	N	N	N	never-seen
aparakAya	N	Y	N	added-since-mw72
aparakarman	N	N	N	never-seen
aparakriyA	N	N	N	never-seen
apararAtri	N	Y	Y	added-since-mw72
aparasa	N	N	N	never-seen
aparaviDi	N	N	N	never-seen
aparedyus	Y	Y	N	kept
aparezukAmaSamI	N	N	N	never-seen
aparhARa	N	Y	N	added-since-mw72
apariBAzita	N	Y	Y	added-since-mw72
apariBAzya	N	N	N	never-seen
apariBUtAjYa	N	N	N	never-seen
apariBakzita	N	N	N	never-seen
apariBavanIya	N	N	N	never-seen
apariBraSyamAna	N	Y	N	added-since-mw72
apariBukta	N	N	N	never-seen
apariRAma	Y	Y	N	kept
apariRAmin	Y	Y	N	kept
apariRAyaka	N	N	N	never-seen
apariSrAnta	N	N	N	never-seen
apariSrama	N	N	N	never-seen
aparicCedakartar	N	N	N	never-seen
aparicCedya	N	N	N	never-seen
aparicalita	N	Y	Y	added-since-mw72
aparicyuta	N	N	N	never-seen
aparigamya	N	N	N	never-seen
aparigfhIta	N	N	N	never-seen
aparigraha	Y	Y	N	kept
aparihARa	N	Y	N	added-since-mw72
aparihIRakAlam	N	Y	Y	added-since-mw72
aparihIyamARa	N	Y	Y	added-since-mw72
aparihita	N	Y	Y	added-since-mw72
aparijIrRa	N	Y	Y	added-since-mw72
aparijYAna	N	N	N	never-seen
aparikzIRa	N	N	N	never-seen
aparikzIRaSakti	N	N	N	never-seen
aparimARa	Y	Y	N	kept
aparimitadakziRa	N	N	N	never-seen
aparimitakftvas	N	Y	Y	added-since-mw72
aparinirmita	N	N	N	never-seen
aparinizWita	N	N	N	never-seen
aparinizpatti	N	N	N	never-seen
aparirakzaRa	N	N	N	never-seen
aparisaMsTita	N	N	N	never-seen
aparitApa	N	N	N	never-seen
aparitarkita	N	N	N	never-seen
aparitoza	Y	Y	N	kept
aparitta	N	Y	Y	added-since-mw72
aparituzwa	N	N	N	never-seen
aparituzyant	N	N	N	never-seen
aparityAjya	N	N	N	never-seen
aparityakta	N	N	N	never-seen
aparivargam	N	Y	N	added-since-mw72
aparivezwita	N	N	N	never-seen
aparivfta	Y	Y	N	kept
aparivraQiman	N	N	N	never-seen
aparivyakta	N	N	N	never-seen
apariziYcant	N	N	N	never-seen
aparizvakta	N	N	N	never-seen
aparoDuka	N	Y	N	added-since-mw72
aparoDya	N	Y	Y	added-since-mw72
aparokzAnuBUti	N	N	N	never-seen
aparopatApin	N	N	N	never-seen
apartu	Y	Y	N	kept
aparus	N	N	N	never-seen
aparuza	Y	Y	N	kept
aparvaBaNganipuRa	N	Y	N	added-since-mw72
aparvan	Y	Y	N	kept
aparvatIya	N	Y	N	added-since-mw72
aparvata	N	Y	Y	added-since-mw72
aparyARa	N	Y	Y	added-since-mw72
aparyApti	N	N	N	never-seen
aparyAsita	N	Y	N	added-since-mw72
aparyezita	N	Y	Y	added-since-mw72
aparyudasta	N	N	N	never-seen
apasAraRa	Y	Y	N	kept
apasadas	N	N	N	never-seen
apasarpya	N	Y	Y	added-since-mw72
apaskanda	N	N	N	never-seen
apaspaSa	N	Y	Y	added-since-mw72
apaspfS	Y	Y	N	kept
apastana	N	Y	Y	added-since-mw72
apasubrahmaRya	N	N	N	never-seen
apasvara	Y	Y	Y	kept
apatAna	N	Y	Y	added-since-mw72
apataMsana	N	Y	Y	added-since-mw72
apatanIya	N	Y	Y	added-since-mw72
apatandram	N	N	N	never-seen
apatanta	N	Y	Y	added-since-mw72
apatantra	N	Y	N	added-since-mw72
apataram	N	Y	Y	added-since-mw72
apatrapizRu	Y	Y	N	kept
apattana	N	N	N	never-seen
apaturIya	N	Y	Y	added-since-mw72
apatyada	N	Y	N	added-since-mw72
apatyaduHKEkamaya	N	N	N	never-seen
apavAda	Y	Y	Y	kept
apavAtA	N	Y	Y	added-since-mw72
apavarga	Y	Y	Y	kept
apavfttaBAva	N	Y	Y	added-since-mw72
apavidDi	N	N	N	never-seen
apavidyA	N	Y	Y	added-since-mw72
apavipad	N	Y	Y	added-since-mw72
apavitra	Y	Y	N	kept
apavyAhAra	N	Y	Y	added-since-mw72
apavyavasTa	N	Y	Y	added-since-mw72
apayARya	N	Y	Y	added-since-mw72
apayAtavya	N	Y	Y	added-since-mw72
apayoDarava	N	N	N	never-seen
apelava	N	N	N	never-seen
apetaBI	N	Y	N	added-since-mw72
apeya	Y	Y	N	kept
apfTAtmaja	N	N	N	never-seen
apfTagBUta	N	N	N	never-seen
apfTagDarmacaraRa	N	N	N	never-seen
apfzWa	N	N	N	never-seen
api	Y	Y	Y	kept
apiDAna	Y	Y	N	kept
apiNgAkza	N	N	N	never-seen
apiSAca	N	N	N	never-seen
apiSasas	N	N	N	never-seen
apiSuna	Y	Y	N	kept
apicCila	Y	Y	N	kept
apihiti	N	Y	N	added-since-mw72
apinadDAkza	N	Y	Y	added-since-mw72
apinvamAna	N	N	N	never-seen
apippalAda	N	N	N	never-seen
apisoma	N	N	N	never-seen
apisomapITa	N	Y	Y	added-since-mw72
aplavaga	N	N	N	never-seen
aploza	N	N	N	never-seen
apnaHsTa	N	Y	N	added-since-mw72
apoha	Y	Y	N	kept
aponaptrIya	N	Y	N	added-since-mw72
aporRavana	N	Y	N	added-since-mw72
appakavi	N	N	N	never-seen
aprARa	Y	Y	N	kept
aprAkfta	Y	Y	N	kept
aprApta	Y	Y	N	kept
aprAptakAya	N	N	N	never-seen
aprAptaprakASakatva	N	N	N	never-seen
aprAptarajasI	N	N	N	never-seen
aprAptavant	N	N	N	never-seen
aprAptaviBAzA	N	Y	N	added-since-mw72
aprAptavyavahAra	N	Y	N	added-since-mw72
aprAptazoqaSa	N	N	N	never-seen
aprApti	Y	Y	N	kept
aprArTanIyA	N	N	N	never-seen
aprAstAvika	N	Y	Y	added-since-mw72
aprAsuka	N	N	N	never-seen
aprAveSya	N	N	N	never-seen
aprAyu	Y	Y	N	kept
aprIta	N	N	N	never-seen
aprItamanas	N	N	N	never-seen
aprItikft	N	N	N	never-seen
apraBUta	Y	Y	N	kept
apraBinna	N	N	N	never-seen
apraDAna	Y	Y	N	kept
apraGnatI	N	Y	Y	added-since-mw72
apraRAmita	N	N	N	never-seen
apraRata	N	N	N	never-seen
apraRaya	N	N	N	never-seen
apraRayin	N	N	N	never-seen
apraRodya	Y	Y	N	kept
apraSama	N	Y	Y	added-since-mw72
aprabudDa	N	N	N	never-seen
apracAra	N	N	N	never-seen
apracCAdayant	N	N	N	never-seen
apracCAdita	N	N	N	never-seen
apracCAya	N	Y	Y	added-since-mw72
apracaraRIya	N	N	N	never-seen
apracetita	Y	Y	N	kept
apracodita	Y	Y	N	kept
apradadi	N	Y	N	added-since-mw72
apraduzwa	N	N	N	never-seen
apragADa	N	Y	Y	added-since-mw72
apragIta	Y	N	N	dropped
apragalBatA	N	N	N	never-seen
apragraha	N	Y	N	added-since-mw72
apraguRa	Y	Y	Y	kept
aprahAvarI	N	N	N	never-seen
aprahata	Y	Y	N	kept
aprajAyant	N	N	N	never-seen
aprajYAna	N	N	N	never-seen
aprajYAta	N	Y	N	added-since-mw72
aprajYAyamAna	N	N	N	never-seen
aprajanizRu	N	Y	N	added-since-mw72
aprakARqa	Y	Y	N	kept
aprakASin	N	Y	N	added-since-mw72
aprakASita	N	Y	N	added-since-mw72
aprakampya	N	N	N	never-seen
aprakarza	N	N	N	never-seen
aprakftisTa	N	N	N	never-seen
aprakzAla	N	N	N	never-seen
apralaya	N	N	N	never-seen
apramA	Y	Y	N	kept
apramARa	Y	Y	N	kept
apramatta	Y	Y	N	kept
apramattavant	N	N	N	never-seen
apramoza	N	N	N	never-seen
aprapIqana	N	N	N	never-seen
aprapUjita	N	N	N	never-seen
aprapaYca	N	N	N	never-seen
aprapadyant	N	N	N	never-seen
aprasahizRu	N	Y	N	added-since-mw72
aprasanna	Y	Y	Y	kept
aprasraMsa	N	Y	N	added-since-mw72
aprastava	N	N	N	never-seen
apratApin	N	N	N	never-seen
apratIGAta	N	N	N	never-seen
apratIGAtin	N	N	N	never-seen
apratIGa	N	N	N	never-seen
apratIhAram	N	N	N	never-seen
apratIkArya	N	N	N	never-seen
apratIkza	N	Y	N	added-since-mw72
apratapta	N	N	N	never-seen
aprati	Y	Y	N	kept
apratiBA	N	Y	N	added-since-mw72
apratiBAna	N	N	N	never-seen
apratiBawa	N	Y	Y	added-since-mw72
apratiGAta	N	N	N	never-seen
apratiSAsana	N	Y	N	added-since-mw72
apratiSaNkamAna	N	N	N	never-seen
apratiSaraRa	N	N	N	never-seen
apratiSrabDa	N	N	N	never-seen
apratiSraya	N	N	N	never-seen
apratiSuzkAgra	N	N	N	never-seen
apratibanDa	Y	Y	N	kept
apratiboDana	N	N	N	never-seen
apratiboDavant	N	N	N	never-seen
apratidruh	N	N	N	never-seen
apratigaja	N	N	N	never-seen
apratigata	N	N	N	never-seen
apratigfhIta	N	N	N	never-seen
apratihfta	N	N	N	never-seen
apratijagDa	N	N	N	never-seen
apratikArya	N	N	N	never-seen
apratikUlakft	N	N	N	never-seen
apratikarmakriyA	N	N	N	never-seen
apratikarza	N	N	N	never-seen
apratikrUra	N	N	N	never-seen
apratikriya	N	N	N	never-seen
apratikriyamARa	N	N	N	never-seen
apratikroSant	N	N	N	never-seen
apratikruDyant	N	N	N	never-seen
apratikurvant	N	N	N	never-seen
apratilInA	N	N	N	never-seen
apratilomayant	N	N	N	never-seen
apratimalla	N	Y	Y	added-since-mw72
apratinandant	N	N	N	never-seen
apratinandita	N	N	N	never-seen
apratinoda	N	Y	N	added-since-mw72
apratipUjita	N	N	N	never-seen
apratipatti	Y	Y	N	kept
apratipudgala	N	N	N	never-seen
apratiraTa	Y	Y	N	kept
apratiroDana	N	N	N	never-seen
apratirudDa	N	N	N	never-seen
apratisADya	N	Y	Y	added-since-mw72
apratisaMKyA	N	Y	Y	added-since-mw72
apratisaMhfta	N	N	N	never-seen
apratisaMkrama	N	Y	N	added-since-mw72
apratisama	N	N	N	never-seen
apratisara	N	N	N	never-seen
aprativARi	N	Y	Y	added-since-mw72
aprativArita	N	N	N	never-seen
aprativartana	N	N	N	never-seen
aprativiDAna	N	N	N	never-seen
apratividDa	N	N	N	never-seen
aprativindamAna	N	N	N	never-seen
aprativirata	N	N	N	never-seen
apratizWA	N	Y	N	added-since-mw72
apratizWAyuka	N	Y	N	added-since-mw72
apratizWita	Y	Y	N	kept
apratizeDita	N	N	N	never-seen
apratizikta	N	Y	N	added-since-mw72
apratrAsa	N	N	N	never-seen
apratta	Y	Y	N	kept
aprattadevata	N	Y	Y	added-since-mw72
apratyUha	N	N	N	never-seen
apratyaBimfzwa	N	N	N	never-seen
apratyakza	Y	Y	N	kept
apratyudAvartya	N	N	N	never-seen
apratyudDArya	N	N	N	never-seen
apratyutTAyika	N	N	N	never-seen
apratyutTAyin	N	N	N	never-seen
apratyutTAyuka	N	Y	Y	added-since-mw72
apravaRa	N	N	N	never-seen
apravadant	N	N	N	never-seen
apravedita	N	N	N	never-seen
apravftta	Y	Y	Y	kept
apravftti	Y	Y	Y	kept
apravilApita	N	N	N	never-seen
apravizwa	N	N	N	never-seen
apravlaya	N	Y	N	added-since-mw72
aprayAnt	N	N	N	never-seen
aprayacCant	N	N	N	never-seen
aprayoga	Y	Y	N	kept
aprayogin	N	N	N	never-seen
aprayojya	N	N	N	never-seen
aprayujyamAna	N	Y	Y	added-since-mw72
aprayukta	N	Y	N	added-since-mw72
aprekzyamARa	N	N	N	never-seen
apriyaMkara	N	N	N	never-seen
apriyakft	N	N	N	never-seen
apsA	Y	Y	N	kept
apsAnIya	N	N	N	never-seen
apsarAy	N	N	N	never-seen
apsarasa	N	N	N	never-seen
apsas	Y	Y	N	kept
apsu	Y	Y	N	kept
apsucara	N	Y	N	added-since-mw72
apsumant	N	N	N	never-seen
apsuzadas	N	Y	N	added-since-mw72
aptumant	N	N	N	never-seen
aptur	Y	Y	Y	kept
apuRyaSIla	N	N	N	never-seen
apuRyakft	N	Y	N	added-since-mw72
apunarABAva	N	Y	Y	added-since-mw72
apunarBava	N	Y	N	added-since-mw72
apunarmAra	N	N	N	never-seen
apunarmfta	N	N	N	never-seen
apunarnivartin	N	N	N	never-seen
apunarnivftti	N	N	N	never-seen
apuraskfta	N	N	N	never-seen
apurogava	N	Y	N	added-since-mw72
apuruzAparADa	N	Y	Y	added-since-mw72
apuruzArTa	N	Y	N	added-since-mw72
apuruza	Y	Y	Y	kept
aputryapaSavya	N	N	N	never-seen
apuzkala	Y	Y	Y	kept
apuzpita	N	N	N	never-seen
apvA	Y	Y	N	kept
ar	N	N	N	never-seen
arAgadvepatas	N	N	N	never-seen
arAgadvezin	N	Y	Y	added-since-mw72
arAgitA	N	Y	N	added-since-mw72
arAjadEvika	N	N	N	never-seen
arAjanya	N	Y	N	added-since-mw72
arAjya	N	N	N	never-seen
arAqItara	N	N	N	never-seen
arAqa	N	Y	Y	added-since-mw72
arAtinud	N	Y	N	added-since-mw72
arBakOkas	N	N	N	never-seen
arC	N	N	N	never-seen
arD	N	N	N	never-seen
arDADva	N	N	N	never-seen
arDArcaSasya	N	N	N	never-seen
arDAsi	N	Y	Y	added-since-mw72
arDaBAgika	N	Y	N	added-since-mw72
arDaBagna	N	N	N	never-seen
arDaBedaka	N	N	N	never-seen
arDaKila	N	N	N	never-seen
arDaPAlaka	N	Y	Y	added-since-mw72
arDaSARI	N	N	N	never-seen
arDaSaMBu	N	N	N	never-seen
arDaSarAva	N	N	N	never-seen
arDaSiras	N	Y	N	added-since-mw72
arDacandra	N	Y	N	added-since-mw72
arDacandraDara	N	N	N	never-seen
arDadroRika	N	N	N	never-seen
arDadvicaturaSraka	N	N	N	never-seen
arDahara	N	Y	Y	added-since-mw72
arDakArzika	N	Y	N	added-since-mw72
arDaka	Y	Y	N	kept
arDakapAwasaMDika	N	N	N	never-seen
arDakarRa	N	Y	N	added-since-mw72
arDakuRqalakarzin	N	N	N	never-seen
arDalakzya	N	N	N	never-seen
arDamArita	N	N	N	never-seen
arDamIlita	N	N	N	never-seen
arDamaRqita	N	N	N	never-seen
arDamuRqa	N	Y	Y	added-since-mw72
arDamukulI	N	N	N	never-seen
arDanAgarI	N	N	N	never-seen
arDanArAca	N	Y	N	added-since-mw72
arDanArISvarastotra	N	N	N	never-seen
arDaniHsfta	N	N	N	never-seen
arDanizpanna	N	Y	Y	added-since-mw72
arDapAda	N	Y	N	added-since-mw72
arDapaYcadaSa	N	Y	N	added-since-mw72
arDapada	N	Y	N	added-since-mw72
arDaparAsu	N	N	N	never-seen
arDapatita	N	N	N	never-seen
arDapradakziRa	N	N	N	never-seen
arDapraharikA	N	Y	N	added-since-mw72
arDaprasUtA	N	N	N	never-seen
arDapulAyita	N	Y	N	added-since-mw72
arDarAja	N	Y	N	added-since-mw72
arDarcaSas	N	Y	N	added-since-mw72
arDarcaSasya	N	Y	N	added-since-mw72
arDasTitaprARa	N	N	N	never-seen
arDasaMlIna	N	N	N	never-seen
arDasadfSa	N	N	N	never-seen
arDasamasyA	N	Y	N	added-since-mw72
arDasamaya	N	N	N	never-seen
arDasaptama	N	Y	N	added-since-mw72
arDavESasa	N	Y	Y	added-since-mw72
arDavaSA	N	Y	N	added-since-mw72
arDavartman	N	Y	N	added-since-mw72
arDavidala	N	N	N	never-seen
arDazazWa	N	Y	N	added-since-mw72
arDika	Y	Y	N	kept
arDocCizwa	N	Y	Y	added-since-mw72
arDopaBukta	N	N	N	never-seen
arDoruka	N	Y	N	added-since-mw72
arDuzwa	N	N	N	never-seen
arIRa	N	Y	Y	added-since-mw72
arItimant	N	N	N	never-seen
arRavaBava	N	Y	N	added-since-mw72
arSasin	N	Y	N	added-since-mw72
arTABipatti	N	Y	Y	added-since-mw72
arTADinATa	N	Y	Y	added-since-mw72
arTAgama	N	Y	N	added-since-mw72
arTAlaMkAra	N	Y	N	added-since-mw72
arTApay	N	N	N	never-seen
arTArTin	N	Y	N	added-since-mw72
arTa	Y	Y	N	kept
arTaSAstraka	N	Y	N	added-since-mw72
arTabahula	N	N	N	never-seen
arTacaryA	N	Y	Y	added-since-mw72
arTadAna	N	Y	N	added-since-mw72
arTadIpikA	N	N	N	never-seen
arTagati	N	Y	Y	added-since-mw72
arTagrAhin	N	Y	N	added-since-mw72
arTahara	N	Y	N	added-since-mw72
arTakAma	N	Y	N	added-since-mw72
arTakAmy	N	N	N	never-seen
arTakArSya	N	Y	N	added-since-mw72
arTakAraRa	N	N	N	never-seen
arTakArin	N	Y	Y	added-since-mw72
arTakartar	N	N	N	never-seen
arTakilbizin	N	Y	N	added-since-mw72
arTakriyAkArin	N	N	N	never-seen
arTalAGava	N	Y	Y	added-since-mw72
arTalola	N	Y	Y	added-since-mw72
arTalopa	N	Y	Y	added-since-mw72
arTalubDa	N	Y	N	added-since-mw72
arTamAtar	N	N	N	never-seen
arTamanas	N	Y	N	added-since-mw72
arTamaya	N	Y	N	added-since-mw72
arTanASaka	N	Y	Y	added-since-mw72
arTapAWa	N	Y	Y	added-since-mw72
arTapAruzya	N	N	N	never-seen
arTapaYcaka	N	Y	Y	added-since-mw72
arTapadavI	N	Y	Y	added-since-mw72
arTapara	N	Y	Y	added-since-mw72
arTaparigraha	N	Y	N	added-since-mw72
arTaprADva	N	N	N	never-seen
arTarASi	N	Y	N	added-since-mw72
arTaracana	N	Y	Y	added-since-mw72
arTasaMhata	N	N	N	never-seen
arTasaMsidDi	N	N	N	never-seen
arTasamAhartar	N	N	N	never-seen
arTasama	N	Y	Y	added-since-mw72
arTaviSArada	N	N	N	never-seen
arTay	N	N	N	never-seen
arTayitar	N	N	N	never-seen
arTegA	N	N	N	never-seen
arTotsarga	N	Y	N	added-since-mw72
arTya	Y	Y	N	kept
arU	N	N	N	never-seen
arUQa	N	N	N	never-seen
arUkza	Y	Y	N	kept
arUpabrahmaDAtu	N	N	N	never-seen
arUpaviSeza	N	N	N	never-seen
arUpyabrahmaDAtu	N	N	N	never-seen
araDra	Y	Y	Y	kept
araRAvihArin	N	Y	Y	added-since-mw72
araRasamavasaraRa	N	N	N	never-seen
araRi	Y	Y	Y	kept
araRyacArI	N	N	N	never-seen
araSana	N	Y	Y	added-since-mw72
araSmivant	N	N	N	never-seen
araYjaka	N	N	N	never-seen
araYjita	N	N	N	never-seen
arahita	Y	Y	N	kept
araja	N	Y	N	added-since-mw72
arajanIkfta	N	Y	Y	added-since-mw72
arajas	Y	Y	N	kept
arajaska	N	Y	Y	added-since-mw72
arajovirajonayayukta	N	N	N	never-seen
arajovittA	N	Y	Y	added-since-mw72
arajyant	N	N	N	never-seen
arakta	N	Y	Y	added-since-mw72
arakzaka	N	N	N	never-seen
arakzas	Y	Y	N	kept
arakzasya	N	Y	N	added-since-mw72
arakzya	N	N	N	never-seen
aramaRIya	Y	N	N	dropped
aramamARa	Y	Y	N	kept
aramya	N	N	N	never-seen
aranDra	N	N	N	never-seen
arantos	N	Y	N	added-since-mw72
araqA	N	Y	N	added-since-mw72
arara	Y	Y	N	kept
arare	Y	Y	N	kept
arasayitar	N	N	N	never-seen
aravAqa	N	N	N	never-seen
aravindanABi	N	N	N	never-seen
aravindotpalavant	N	N	N	never-seen
arbuda	Y	Y	Y	kept
arcA	Y	Y	N	kept
arcAvEBava	N	N	N	never-seen
arcanAnavanIta	N	N	N	never-seen
arcatrya	Y	Y	N	kept
arcicayizu	N	Y	Y	added-since-mw72
arcirmAlya	N	N	N	never-seen
arcizmant	N	N	N	never-seen
ardin	N	N	N	never-seen
arepa	N	Y	Y	added-since-mw72
areqant	N	N	N	never-seen
argalapASaka	N	N	N	never-seen
arhaRIya	N	Y	Y	added-since-mw72
arhadGawIcakra	N	N	N	never-seen
arhadatta	N	N	N	never-seen
arhadvasana	N	N	N	never-seen
arhantikA	N	Y	N	added-since-mw72
ari	Y	Y	N	kept
ariDAyas	N	Y	N	added-since-mw72
arikta	Y	Y	N	kept
ariktakarRa	N	N	N	never-seen
arimitramitra	N	N	N	never-seen
aripra	Y	Y	N	kept
aritA	N	Y	N	added-since-mw72
aritra	Y	Y	N	kept
arizwa	Y	Y	N	kept
arizwaka	Y	Y	Y	kept
arizwaroga	N	Y	Y	added-since-mw72
arj	Y	Y	N	kept
arjaka	Y	Y	N	kept
arjin	N	Y	Y	added-since-mw72
arjitatva	N	N	N	never-seen
arjunArcApArijAta	N	Y	N	added-since-mw72
arjunaka	Y	Y	N	kept
ark	Y	Y	N	kept
arkAhuti	N	Y	N	added-since-mw72
arkAtmaja	N	N	N	never-seen
arkadugDa	N	Y	Y	added-since-mw72
arkakara	N	Y	N	added-since-mw72
arkamaya	N	Y	N	added-since-mw72
arkanetra	N	Y	Y	added-since-mw72
arkastuB	N	Y	N	added-since-mw72
arkavant	N	N	N	never-seen
arkopala	N	Y	N	added-since-mw72
aroDya	Y	Y	N	kept
arocaka	Y	Y	N	kept
arocin	N	N	N	never-seen
arocuka	N	Y	N	added-since-mw72
arogitva	N	N	N	never-seen
aroma	N	Y	N	added-since-mw72
aromaSa	N	Y	Y	added-since-mw72
aroza	Y	Y	N	kept
arpaRA	N	N	N	never-seen
artni	N	N	N	never-seen
aruRADikaraRamaYjarI	N	N	N	never-seen
aruREta	N	Y	N	added-since-mw72
aruRa	Y	Y	Y	kept
aruRadatI	N	Y	Y	added-since-mw72
aruRapiSaNga	N	Y	N	added-since-mw72
aruRapsu	N	Y	N	added-since-mw72
aruRapuzpa	N	Y	N	added-since-mw72
aruRatva	N	Y	N	added-since-mw72
arucira	N	Y	N	added-since-mw72
arucya	Y	Y	N	kept
arudDa	Y	Y	N	kept
arugRa	Y	Y	N	kept
aruj	Y	Y	N	kept
arujant	N	N	N	never-seen
aruzka	Y	Y	N	kept
arvAkkAlIna	N	N	N	never-seen
arvan	Y	Y	N	kept
arya	Y	Y	N	kept
aryamagfhapati	N	Y	N	added-since-mw72
aryaman	Y	Y	N	kept
aryamanandana	N	Y	Y	added-since-mw72
aryapatnI	N	Y	N	added-since-mw72
as	Y	Y	N	kept
asADAraRagranTa	N	N	N	never-seen
asADaka	N	N	N	never-seen
asADana	Y	Y	N	kept
asADu	Y	Y	Y	kept
asADya	N	Y	N	added-since-mw72
asADyamAnatva	N	N	N	never-seen
asAMnAyyaka	N	N	N	never-seen
asAhasika	Y	Y	N	kept
asAkameDa	N	N	N	never-seen
asAmAnya	Y	Y	N	kept
asAmavedavidvaMs	N	N	N	never-seen
asApatnya	N	N	N	never-seen
asArUpya	N	N	N	never-seen
asArvaBOma	N	N	N	never-seen
asArvatrika	N	N	N	never-seen
asAyaka	N	N	N	never-seen
asIma	N	Y	Y	added-since-mw72
asKala	N	Y	N	added-since-mw72
asKalana	N	N	N	never-seen
asKalant	N	N	N	never-seen
asO	N	Y	N	added-since-mw72
asOnAman	Y	Y	N	kept
asOyaja	N	Y	N	added-since-mw72
asOzWava	Y	Y	N	kept
asPAwita	N	N	N	never-seen
asPurant	N	N	N	never-seen
asPuwa	Y	Y	N	kept
asPuwita	N	N	N	never-seen
asPya	N	N	N	never-seen
asTAna	Y	Y	Y	kept
asTAsnu	N	Y	N	added-since-mw72
asTI	N	N	N	never-seen
asTUri	Y	Y	N	kept
asTiBeda	N	Y	N	added-since-mw72
asTiBedana	N	N	N	never-seen
asTicCallita	N	Y	N	added-since-mw72
asTicit	N	Y	Y	added-since-mw72
asTikumBa	N	Y	Y	added-since-mw72
asTira	Y	Y	N	kept
asTisaMcayana	N	Y	N	added-since-mw72
asTita	Y	Y	N	kept
asTuzas	N	N	N	never-seen
asUryaMpaSya	N	N	N	never-seen
asUta	Y	Y	Y	kept
asUy	N	N	N	never-seen
asUyin	N	N	N	never-seen
asa	N	Y	N	added-since-mw72
asaByasmftihetu	N	N	N	never-seen
asaDnIcIna	N	N	N	never-seen
asaMBAzya	N	Y	N	added-since-mw72
asaMBUta	N	N	N	never-seen
asaMBava	N	Y	Y	added-since-mw72
asaMBavapattra	N	N	N	never-seen
asaMBfta	N	N	N	never-seen
asaMBindant	N	N	N	never-seen
asaMBrama	N	Y	N	added-since-mw72
asaMKya	N	Y	N	added-since-mw72
asaMKyaSas	N	Y	Y	added-since-mw72
asaMKyaka	N	Y	N	added-since-mw72
asaMKyeya	N	Y	N	added-since-mw72
asaMNga	N	N	N	never-seen
asaMSAruka	N	N	N	never-seen
asaMSiYjayant	N	N	N	never-seen
asaMSrAnta	N	N	N	never-seen
asaMSudDa	N	N	N	never-seen
asaMcalant	N	N	N	never-seen
asaMcaya	N	Y	N	added-since-mw72
asaMcetayamAna	N	N	N	never-seen
asaMgata	N	Y	N	added-since-mw72
asaMgfhItatva	N	N	N	never-seen
asaMgrAha	N	Y	Y	added-since-mw72
asaMgrAmeRa	N	N	N	never-seen
asaMgraha	N	Y	Y	added-since-mw72
asaMhArya	Y	Y	N	kept
asaMhAyyam	N	N	N	never-seen
asaMhati	N	N	N	never-seen
asaMhatyakArin	N	N	N	never-seen
asaMhfta	N	N	N	never-seen
asaMjAta	N	N	N	never-seen
asaMjYA	N	Y	N	added-since-mw72
asaMjYAna	N	Y	N	added-since-mw72
asaMjYikasattva	N	Y	Y	added-since-mw72
asaMjYin	N	N	N	never-seen
asaMkIrRa	N	Y	Y	added-since-mw72
asaMkalpanIya	N	Y	N	added-since-mw72
asaMkara	N	Y	N	added-since-mw72
asaMkrAnta	N	Y	N	added-since-mw72
asaMkucita	N	N	N	never-seen
asaMlakzita	N	N	N	never-seen
asaMmatAvavAda	N	N	N	never-seen
asaMmfzwa	N	Y	N	added-since-mw72
asaMmoza	N	Y	N	added-since-mw72
asaMnayant	N	N	N	never-seen
asaMnivizwa	N	N	N	never-seen
asaMnyupta	N	Y	Y	added-since-mw72
asaMparigraha	N	N	N	never-seen
asaMpatti	N	Y	N	added-since-mw72
asaMpraKyAna	N	N	N	never-seen
asaMpradatta	N	Y	N	added-since-mw72
asaMprajYAna	N	N	N	never-seen
asaMprajYAta	N	N	N	never-seen
asaMprajanya	N	N	N	never-seen
asaMprakIrRa	N	N	N	never-seen
asaMpramARa	N	N	N	never-seen
asaMpramoza	N	Y	N	added-since-mw72
asaMprayuYjant	N	N	N	never-seen
asaMprezita	N	N	N	never-seen
asaMrUQa	N	N	N	never-seen
asaMrakta	N	N	N	never-seen
asaMroha	N	Y	N	added-since-mw72
asaMsTita	Y	Y	N	kept
asaMsTiti	Y	N	N	dropped
asaMsakta	Y	Y	N	kept
asaMsargin	N	N	N	never-seen
asaMskAra	N	Y	N	added-since-mw72
asaMskArya	N	Y	Y	added-since-mw72
asaMskftapraBAvita	N	N	N	never-seen
asaMspfzwa	N	N	N	never-seen
asaMstava	N	Y	N	added-since-mw72
asaMsyUta	N	N	N	never-seen
asaMtardana	N	N	N	never-seen
asaMvIta	N	N	N	never-seen
asaMvala	N	N	N	never-seen
asaMvara	N	Y	N	added-since-mw72
asaMvartamAna	N	N	N	never-seen
asaMvasant	N	N	N	never-seen
asaMvatsaraBfta	Y	Y	N	kept
asaMvatsaradIkzita	N	N	N	never-seen
asaMvijYAna	N	Y	N	added-since-mw72
asaMvyavahitam	Y	Y	N	kept
asaMyacCant	N	N	N	never-seen
asaMyamitAlakin	N	N	N	never-seen
asaMyant	N	N	N	never-seen
asaMyata	Y	Y	N	kept
asaMyatta	Y	Y	Y	kept
asaMyogopaDa	N	Y	Y	added-since-mw72
asaMyukta	Y	Y	N	kept
asabrahmacArin	N	N	N	never-seen
asadDarma	N	Y	N	added-since-mw72
asadfSa	Y	Y	N	kept
asadgati	N	N	N	never-seen
asahAya	Y	Y	N	kept
asaha	Y	Y	N	kept
asahacarita	N	N	N	never-seen
asahamAna	Y	Y	N	kept
asahana	Y	Y	N	kept
asahant	N	N	N	never-seen
asahasra	N	N	N	never-seen
asahfdaya	N	Y	Y	added-since-mw72
asahya	N	Y	Y	added-since-mw72
asajjant	N	N	N	never-seen
asajjita	N	N	N	never-seen
asakASe	N	N	N	never-seen
asakO	N	Y	N	added-since-mw72
asakfdAvartin	N	N	N	never-seen
asakta	Y	Y	Y	kept
asamADAna	N	N	N	never-seen
asamASuga	N	Y	N	added-since-mw72
asamAna	Y	Y	N	kept
asamAveSa	N	N	N	never-seen
asamAvftta	N	N	N	never-seen
asamAyuta	N	Y	N	added-since-mw72
asamIkzita	N	Y	N	added-since-mw72
asamaSIla	N	N	N	never-seen
asamaSara	N	Y	N	added-since-mw72
asamabalatA	N	N	N	never-seen
asamahAvrata	N	N	N	never-seen
asamanvAhAra	N	Y	Y	added-since-mw72
asamara	N	N	N	never-seen
asamarpaRa	Y	Y	N	kept
asamasama	N	Y	N	added-since-mw72
asamatA	N	Y	N	added-since-mw72
asamavaDAna	N	N	N	never-seen
asamavahitam	N	Y	N	added-since-mw72
asamayavimukta	N	N	N	never-seen
asambala	N	N	N	never-seen
asamiDyamAna	N	N	N	never-seen
asamudAcAra	N	N	N	never-seen
asanABi	N	Y	N	added-since-mw72
asanidarSana	N	Y	Y	added-since-mw72
asant	N	N	N	never-seen
asapUrva	N	N	N	never-seen
asapatnezwakA	N	N	N	never-seen
asapiRqa	Y	Y	N	kept
asarUpa	N	Y	N	added-since-mw72
asargabanDa	N	N	N	never-seen
asarvagocara	N	N	N	never-seen
asarvajYa	Y	Y	N	kept
asatkfta	Y	Y	N	kept
asatkriyA	N	Y	Y	added-since-mw72
asatpaTa	N	Y	N	added-since-mw72
asatpratigraha	N	Y	Y	added-since-mw72
asatpriya	N	N	N	never-seen
asatsaMparka	N	N	N	never-seen
asattva	Y	Y	N	kept
asatvaram	N	N	N	never-seen
asatyavAda	N	Y	N	added-since-mw72
asatyavacana	N	N	N	never-seen
asavya	N	Y	N	added-since-mw72
asecanaka	N	Y	N	added-since-mw72
asevA	N	Y	N	added-since-mw72
asevana	Y	N	N	dropped
asevya	Y	Y	N	kept
asfRya	N	Y	Y	added-since-mw72
asfjant	N	N	N	never-seen
asfkapaNkapezam	N	N	N	never-seen
asfkpAta	N	Y	N	added-since-mw72
asfzwAnna	N	Y	N	added-since-mw72
asiDArA	N	Y	N	added-since-mw72
asiDAra	N	N	N	never-seen
asiDara	N	Y	N	added-since-mw72
asicaryA	N	Y	N	added-since-mw72
asijala	N	Y	Y	added-since-mw72
asijihva	N	Y	Y	added-since-mw72
asikta	N	N	N	never-seen
asimArga	N	Y	Y	added-since-mw72
asiputrikA	N	Y	N	added-since-mw72
asisUnA	N	Y	Y	added-since-mw72
asitAkza	N	Y	N	added-since-mw72
asitAlakARqA	N	N	N	never-seen
asitajAnu	N	Y	N	added-since-mw72
asitapucCaka	N	Y	N	added-since-mw72
asitaratna	N	Y	Y	added-since-mw72
asitaskanDa	N	Y	Y	added-since-mw72
asitavartman	N	Y	N	added-since-mw72
asiyazwi	N	Y	N	added-since-mw72
askanDa	N	N	N	never-seen
askandamAna	N	N	N	never-seen
asmAdfSa	N	Y	Y	added-since-mw72
asma	Y	Y	N	kept
asmaddAtra	N	N	N	never-seen
asmaddevatya	N	Y	N	added-since-mw72
asmaryamARa	N	N	N	never-seen
asmftadruh	N	N	N	never-seen
asmimAna	N	Y	N	added-since-mw72
asnAna	N	Y	N	added-since-mw72
asnAvira	Y	Y	N	kept
asoQar	N	N	N	never-seen
asomapa	N	Y	N	added-since-mw72
aspandana	N	Y	N	added-since-mw72
aspfha	Y	Y	N	kept
aspfzwa	Y	Y	N	kept
aspfzwamETunA	N	Y	N	added-since-mw72
asrIvI	N	Y	N	added-since-mw72
asra	Y	Y	N	kept
asrapa	N	Y	N	added-since-mw72
asrasta	N	N	N	never-seen
astA	Y	Y	N	kept
astABilAzin	N	Y	Y	added-since-mw72
astamBa	N	Y	N	added-since-mw72
astamitAvavAda	N	N	N	never-seen
astanA	N	Y	Y	added-since-mw72
astarya	N	Y	Y	added-since-mw72
astatandri	N	Y	N	added-since-mw72
astavya	N	N	N	never-seen
asteyatA	N	N	N	never-seen
astfRant	N	N	N	never-seen
astfta	Y	Y	N	kept
astinAstitva	N	Y	Y	added-since-mw72
astoma	N	N	N	never-seen
astomaBAj	N	N	N	never-seen
astotriya	N	N	N	never-seen
astrIka	Y	Y	Y	kept
astra	Y	Y	Y	kept
astraKadira	N	N	N	never-seen
astrakzatimant	N	N	N	never-seen
astropanizad	N	Y	N	added-since-mw72
asuKAy	N	N	N	never-seen
asuKada	N	N	N	never-seen
asuboDa	N	N	N	never-seen
asudarSana	N	N	N	never-seen
asupratAra	N	Y	Y	added-since-mw72
asurArdana	N	Y	Y	added-since-mw72
asurakza	Y	Y	N	kept
asuraloka	N	Y	N	added-since-mw72
asurasaMcodana	N	N	N	never-seen
asuraviSa	N	Y	Y	added-since-mw72
asurayoni	N	Y	N	added-since-mw72
asurendra	N	Y	N	added-since-mw72
asutara	Y	Y	N	kept
asutfp	Y	Y	N	kept
asuzira	N	Y	N	added-since-mw72
asvADyAyapara	N	Y	N	added-since-mw72
asvANgapUrvapada	N	Y	N	added-since-mw72
asvAdu	Y	Y	N	kept
asvAmika	Y	Y	N	kept
asvAmya	Y	N	N	dropped
asvAmyanumatena	N	N	N	never-seen
asvArTa	Y	Y	Y	kept
asva	Y	Y	N	kept
asvaDarma	N	Y	N	added-since-mw72
asvarUpa	Y	Y	N	kept
asvarga	N	N	N	never-seen
asvedin	N	N	N	never-seen
asvinna	N	Y	N	added-since-mw72
asyUtanAsika	N	Y	Y	added-since-mw72
at	Y	Y	N	kept
atApaBft	N	N	N	never-seen
atArya	N	N	N	never-seen
atAttvika	N	N	N	never-seen
atEjasa	N	Y	Y	added-since-mw72
atElapUra	N	Y	N	added-since-mw72
atIcAra	N	Y	Y	added-since-mw72
atIrRa	N	Y	Y	added-since-mw72
atIreka	Y	Y	N	kept
atIvra	Y	Y	N	kept
atUpara	N	N	N	never-seen
ataTAkaraRa	N	N	N	never-seen
atacCabda	N	N	N	never-seen
atad	N	Y	N	added-since-mw72
atadAtman	N	N	N	never-seen
atadDita	N	Y	N	added-since-mw72
atadarhamARa	N	N	N	never-seen
atadrUpa	N	N	N	never-seen
atadvIryavidvaMs	N	N	N	never-seen
atadvid	N	N	N	never-seen
atajjAtIya	N	N	N	never-seen
atamAvizwa	N	Y	N	added-since-mw72
atamisra	Y	Y	N	kept
atandrI	N	Y	Y	added-since-mw72
atantra	Y	Y	N	kept
atantrita	N	N	N	never-seen
atantumant	N	N	N	never-seen
atanubala	N	N	N	never-seen
atarapaRya	N	N	N	never-seen
ataritra	N	Y	N	added-since-mw72
atarkAvacara	N	N	N	never-seen
atarkaRIya	N	N	N	never-seen
atarkita	Y	Y	N	kept
ataruRa	N	N	N	never-seen
atarzula	N	N	N	never-seen
atas	Y	Y	N	kept
atasTAna	N	Y	N	added-since-mw72
ataskara	N	Y	Y	added-since-mw72
atattvArTavant	N	N	N	never-seen
atfpti	Y	Y	N	kept
atfzyamARa	N	N	N	never-seen
atiBAravant	N	N	N	never-seen
atiBArika	N	N	N	never-seen
atiBIta	N	N	N	never-seen
atiBUmi	Y	Y	N	kept
atiBakti	N	N	N	never-seen
atiBara	N	N	N	never-seen
atiBarita	N	N	N	never-seen
atiBavAnIvallaBam	N	N	N	never-seen
atiBayAnaka	N	N	N	never-seen
atiBaya	N	N	N	never-seen
atiBayaMkaram	N	N	N	never-seen
atiBft	N	N	N	never-seen
atiBukta	N	N	N	never-seen
atiDanin	N	N	N	never-seen
atiDarma	N	N	N	never-seen
atiGana	N	N	N	never-seen
atiGasmara	N	N	N	never-seen
atiSIGra	N	N	N	never-seen
atiSIta	N	N	N	never-seen
atiSaMsana	N	Y	Y	added-since-mw72
atiSaNkA	N	Y	N	added-since-mw72
atiSaNkitavya	N	N	N	never-seen
atiSakta	N	Y	N	added-since-mw72
atiSakti	N	Y	N	added-since-mw72
atiSaktiBAj	N	Y	N	added-since-mw72
atiSaya	Y	Y	N	kept
atiSayavant	N	N	N	never-seen
atiSayitatva	N	N	N	never-seen
atiSizwa	N	Y	N	added-since-mw72
atiSlAGya	N	N	N	never-seen
atiSlakzRa	N	Y	N	added-since-mw72
atiSlizwa	N	N	N	never-seen
atiSoBAkara	N	N	N	never-seen
atiSoBana	N	Y	N	added-since-mw72
atiSrAnta	N	N	N	never-seen
atiSrI	N	Y	N	added-since-mw72
atiSrama	N	Y	Y	added-since-mw72
atiSri	N	N	N	never-seen
atiSuBra	N	N	N	never-seen
atiSvAsa	N	N	N	never-seen
atiTI	N	N	N	never-seen
atiTivratin	N	N	N	never-seen
atibIBatsita	N	N	N	never-seen
atibahu	N	Y	N	added-since-mw72
atibalAtkfta	N	N	N	never-seen
atibala	N	Y	N	added-since-mw72
atibalavant	N	N	N	never-seen
atibanDura	N	N	N	never-seen
atiboDisattva	N	Y	Y	added-since-mw72
aticAra	Y	Y	N	kept
aticCattraka	N	Y	N	added-since-mw72
aticCedya	N	N	N	never-seen
aticaRqikA	N	N	N	never-seen
aticapala	N	N	N	never-seen
aticatura	N	N	N	never-seen
aticikkaRa	N	N	N	never-seen
atidAha	N	Y	N	added-since-mw72
atidIpti	N	N	N	never-seen
atidUra	N	Y	N	added-since-mw72
atidUravartin	N	N	N	never-seen
atidUzita	N	N	N	never-seen
atidaSaraTam	N	N	N	never-seen
atidagDa	N	Y	N	added-since-mw72
atidahanAtmaka	N	N	N	never-seen
atidarpita	N	N	N	never-seen
atidilIpam	N	N	N	never-seen
atidozala	N	N	N	never-seen
atidozam	N	Y	Y	added-since-mw72
atiduHKa	N	N	N	never-seen
atiduHsaha	N	Y	N	added-since-mw72
atidurbala	N	N	N	never-seen
atidurbalatA	N	N	N	never-seen
atidurjana	N	N	N	never-seen
atidurnaya	N	N	N	never-seen
atidurnyasta	N	N	N	never-seen
atidurvizaha	N	N	N	never-seen
atidurvizahya	N	N	N	never-seen
atiduzwa	N	N	N	never-seen
atidvaya	N	Y	Y	added-since-mw72
atigarIyaMs	N	N	N	never-seen
atigarjin	N	N	N	never-seen
atigfdDa	N	N	N	never-seen
atigrAhyapAtra	N	N	N	never-seen
atiguru	N	Y	N	added-since-mw72
atihAra	N	Y	Y	added-since-mw72
atihArin	N	N	N	never-seen
atihAsa	N	Y	N	added-since-mw72
atihAsya	N	N	N	never-seen
atiharza	N	N	N	never-seen
atiharzula	N	N	N	never-seen
atihasita	N	Y	Y	added-since-mw72
atihelana	N	N	N	never-seen
atihimam	Y	Y	N	kept
atijaWara	N	N	N	never-seen
atijana	Y	Y	N	kept
atijawADara	N	N	N	never-seen
atikAryakara	N	N	N	never-seen
atikAtara	N	N	N	never-seen
atikaWina	N	N	N	never-seen
atikala	N	N	N	never-seen
atikapila	N	N	N	never-seen
atikaruRa	N	N	N	never-seen
atikazwa	N	N	N	never-seen
atikfcCra	N	Y	Y	added-since-mw72
atikrAntAtikrAnta	N	Y	Y	added-since-mw72
atikrAntaBAvanIya	N	N	N	never-seen
atikrAnti	Y	Y	N	kept
atikrUramfdu	N	N	N	never-seen
atikramaRa	Y	Y	Y	kept
atikrame	N	N	N	never-seen
atikrudDa	N	Y	N	added-since-mw72
atikuYcita	N	N	N	never-seen
atikuwila	N	N	N	never-seen
atilAlavant	N	N	N	never-seen
atila	N	N	N	never-seen
atilavaRasAtmya	N	N	N	never-seen
atiloBanIya	N	N	N	never-seen
atilolupa	N	N	N	never-seen
atimAla	N	Y	Y	added-since-mw72
atimAnuzastava	N	N	N	never-seen
atimAtra	Y	Y	N	kept
atimAya	Y	Y	Y	kept
atimUrKa	N	N	N	never-seen
atimaYjula	N	N	N	never-seen
atimada	N	N	N	never-seen
atimahArOdra	N	N	N	never-seen
atimahant	N	N	N	never-seen
atimahiman	N	N	N	never-seen
atimanoraTa	N	N	N	never-seen
atimanyu	N	N	N	never-seen
atimarSam	N	Y	N	added-since-mw72
atimatimant	N	N	N	never-seen
atimecakita	N	N	N	never-seen
atimfdu	N	N	N	never-seen
atimfdula	N	N	N	never-seen
atimlAni	N	N	N	never-seen
atimukti	Y	Y	Y	kept
atinIla	N	N	N	never-seen
atinadIzRa	N	N	N	never-seen
atinanAmin	N	N	N	never-seen
atinarman	N	N	N	never-seen
atinayana	N	N	N	never-seen
atiniBftam	N	N	N	never-seen
atinirGfRa	N	N	N	never-seen
atinirlipta	N	N	N	never-seen
atinirmaTana	N	N	N	never-seen
atinirmala	N	N	N	never-seen
atinirvartin	N	N	N	never-seen
atinirvfta	N	N	N	never-seen
atinirviRRa	N	N	N	never-seen
atinizevitar	N	N	N	never-seen
atipAvana	N	N	N	never-seen
atipIqita	N	N	N	never-seen
atipOruza	N	N	N	never-seen
atipUra	N	N	N	never-seen
atipadmin	N	N	N	never-seen
atipelava	N	N	N	never-seen
atipiNga	N	N	N	never-seen
atipiSuna	N	N	N	never-seen
atiprIta	N	N	N	never-seen
atipraBAvatI	N	N	N	never-seen
atipraRaya	N	Y	N	added-since-mw72
atipraSAnta	N	N	N	never-seen
atipraTita	N	N	N	never-seen
atipralApa	N	N	N	never-seen
atipraloBita	N	N	N	never-seen
atipramARa	Y	Y	N	kept
atipramATin	N	N	N	never-seen
atipramAda	N	N	N	never-seen
atiprapaYca	N	N	N	never-seen
atiprasanna	N	Y	Y	added-since-mw72
atipratiloma	N	N	N	never-seen
atipratyAsaNga	N	N	N	never-seen
atipraveSa	N	N	N	never-seen
atipravfdDa	N	Y	N	added-since-mw72
atipravftta	N	N	N	never-seen
atipravizwa	N	N	N	never-seen
atiprezaRa	N	N	N	never-seen
atipriya	N	N	N	never-seen
atirAga	N	N	N	never-seen
atirUQa	N	N	N	never-seen
atiraBasa	N	Y	N	added-since-mw72
atiraTa	N	Y	N	added-since-mw72
atirajasvala	N	N	N	never-seen
atiramaRIya	N	N	N	never-seen
atirasa	N	N	N	never-seen
atirasika	N	N	N	never-seen
atirati	N	N	N	never-seen
atiraya	N	N	N	never-seen
atireca	N	N	N	never-seen
atiriktANga	N	Y	N	added-since-mw72
atiriraMsA	N	N	N	never-seen
atirocamAna	N	N	N	never-seen
atirodana	N	N	N	never-seen
atiroha	N	N	N	never-seen
atiroza	N	N	N	never-seen
atirozaRa	N	N	N	never-seen
atiruz	N	Y	N	added-since-mw72
atiruzwa	N	N	N	never-seen
atisAndra	N	N	N	never-seen
atisArTaka	N	N	N	never-seen
atisAra	Y	Y	Y	kept
atisOjanya	N	N	N	never-seen
atisPuwa	N	N	N	never-seen
atisTOlya	N	N	N	never-seen
atisTagita	N	N	N	never-seen
atisaMBoga	N	N	N	never-seen
atisaMBrama	N	N	N	never-seen
atisaMDAraRa	N	N	N	never-seen
atisaMharza	N	N	N	never-seen
atisaMhfzwa	N	N	N	never-seen
atisaMkawa	N	N	N	never-seen
atisaMprIti	N	N	N	never-seen
atisaMramBa	N	N	N	never-seen
atisaMsidDi	N	N	N	never-seen
atisaMtata	N	N	N	never-seen
atisadaya	N	N	N	never-seen
atisadfSa	N	N	N	never-seen
atisamarTa	N	Y	N	added-since-mw72
atisamutkruzwa	N	N	N	never-seen
atisarUpa	N	N	N	never-seen
atisarasvatI	N	Y	Y	added-since-mw72
atisarga	Y	Y	Y	kept
atisaspfha	N	N	N	never-seen
atisatvaram	N	N	N	never-seen
atisaviSaNkam	N	N	N	never-seen
atisfzwapratibadDa	N	N	N	never-seen
atisneha	N	N	N	never-seen
atisnigDa	N	Y	N	added-since-mw72
atisparDin	N	N	N	never-seen
atisravaRa	N	N	N	never-seen
atisuBaga	N	N	N	never-seen
atisuhita	N	Y	Y	added-since-mw72
atisundara	N	Y	N	added-since-mw72
atisvan	N	N	N	never-seen
atisvinna	N	Y	Y	added-since-mw72
atitApa	N	N	N	never-seen
atitIvra	N	Y	N	added-since-mw72
atitarpaRa	N	N	N	never-seen
atitarza	N	N	N	never-seen
atitfpta	N	N	N	never-seen
atitikzA	N	N	N	never-seen
atitikzamARa	N	Y	Y	added-since-mw72
atituNga	N	N	N	never-seen
atitud	N	N	N	never-seen
atitundila	N	N	N	never-seen
ativAhana	Y	Y	N	kept
ativAma	N	N	N	never-seen
ativAtsalya	N	N	N	never-seen
ativESasa	N	Y	N	added-since-mw72
ativEcakzaRya	N	Y	N	added-since-mw72
ativEzRava	N	N	N	never-seen
ativIra	N	N	N	never-seen
ativIrya	N	N	N	never-seen
ativIryavant	N	N	N	never-seen
ativakra	N	Y	N	added-since-mw72
ativallaBa	N	N	N	never-seen
ativarIyaMs	N	N	N	never-seen
ativatsala	N	N	N	never-seen
ativfdDa	N	Y	N	added-since-mw72
ativfzya	N	N	N	never-seen
ativiBIzaRa	N	N	N	never-seen
ativiBinna	N	N	N	never-seen
ativiDe	N	N	N	never-seen
ativiGawwita	N	N	N	never-seen
ativiSAla	N	N	N	never-seen
ativiSramBa	N	N	N	never-seen
ativiSva	Y	Y	N	kept
ativihvala	N	N	N	never-seen
ativijYa	N	N	N	never-seen
ativiklava	N	N	N	never-seen
ativikrama	N	N	N	never-seen
ativilambitam	N	N	N	never-seen
ativimala	N	N	N	never-seen
ativimanas	N	N	N	never-seen
ativiparyaya	N	N	N	never-seen
ativipina	Y	Y	N	kept
ativipraDarza	N	N	N	never-seen
ativirAjin	N	N	N	never-seen
ativisaMzWula	N	N	N	never-seen
ativismaya	N	N	N	never-seen
ativismita	N	N	N	never-seen
ativisratva	N	N	N	never-seen
ativistara	N	N	N	never-seen
ativitaTa	N	N	N	never-seen
ativitaTavAc	N	N	N	never-seen
ativizA	N	Y	N	added-since-mw72
ativizWita	N	N	N	never-seen
ativiza	N	Y	N	added-since-mw72
ativizama	N	N	N	never-seen
ativyAkula	N	N	N	never-seen
ativyaTita	N	N	N	never-seen
ativyapahAra	N	N	N	never-seen
ativyavAya	N	N	N	never-seen
ativyavAyin	N	N	N	never-seen
atiyAcita	N	N	N	never-seen
atiyAtrA	N	Y	Y	added-since-mw72
atizkad	N	N	N	never-seen
atizwiGam	N	Y	N	added-since-mw72
atodya	N	N	N	never-seen
atoya	N	N	N	never-seen
atrARa	N	N	N	never-seen
atrAsuka	N	N	N	never-seen
atra	Y	Y	N	kept
atrapu	N	Y	N	added-since-mw72
atrapus	N	Y	N	added-since-mw72
atrasnu	Y	Y	N	kept
atrasta	N	N	N	never-seen
atrigotrA	N	N	N	never-seen
atrija	N	N	N	never-seen
atrivarza	N	N	N	never-seen
attvAya	N	N	N	never-seen
atulasundara	N	N	N	never-seen
atulya	N	Y	N	added-since-mw72
atundila	N	N	N	never-seen
aturmuhya	N	N	N	never-seen
atuzArakara	Y	Y	N	kept
atuzwikara	N	N	N	never-seen
atvarita	N	N	N	never-seen
atyAcAra	Y	Y	N	kept
atyAga	N	N	N	never-seen
atyAgraha	N	N	N	never-seen
atyAjya	N	N	N	never-seen
atyAkulita	N	N	N	never-seen
atyAnanda	N	Y	N	added-since-mw72
atyApanna	N	N	N	never-seen
atyArUQa	N	N	N	never-seen
atyAroha	N	Y	N	added-since-mw72
atyAsAdayitavya	N	N	N	never-seen
atyAsaNga	N	N	N	never-seen
atyAsannatA	N	N	N	never-seen
atyAyu	N	Y	N	added-since-mw72
atyUrjasvala	N	N	N	never-seen
atyUrjitam	N	Y	Y	added-since-mw72
atya	N	Y	Y	added-since-mw72
atyaDika	N	N	N	never-seen
atyabja	N	N	N	never-seen
atyagnizwomaka	N	N	N	never-seen
atyakzara	N	Y	Y	added-since-mw72
atyalpa	N	Y	N	added-since-mw72
atyalpabudDi	N	N	N	never-seen
atyanUrjita	N	N	N	never-seen
atyantABeda	N	N	N	never-seen
atyanta	Y	Y	N	kept
atyantaSas	N	Y	Y	added-since-mw72
atyantika	Y	Y	N	kept
atyasahya	N	N	N	never-seen
atyasita	N	N	N	never-seen
atyatimAtram	N	N	N	never-seen
atyayIBAva	N	N	N	never-seen
atyaya	Y	Y	Y	kept
atyayadeSanA	N	N	N	never-seen
atyetavE	N	Y	Y	added-since-mw72
atyucca	N	N	N	never-seen
atyunmAda	N	N	N	never-seen
atyunnati	N	N	N	never-seen
atyupasevanA	N	N	N	never-seen
atyuzRatA	N	N	N	never-seen
av	Y	Y	N	kept
avANgra	N	N	N	never-seen
avANmuKa	N	Y	N	added-since-mw72
avAYc	N	Y	Y	added-since-mw72
avAcInabila	N	N	N	never-seen
avAcaMyama	N	Y	Y	added-since-mw72
avAcya	Y	Y	Y	kept
avAcyavacanayudDa	N	N	N	never-seen
avAgduzwa	N	Y	Y	added-since-mw72
avAgra	Y	Y	N	kept
avAkiSaraska	N	N	N	never-seen
avAlamba	N	Y	Y	added-since-mw72
avAleya	N	N	N	never-seen
avAnta	N	N	N	never-seen
avAntara	Y	Y	N	kept
avAntaradIkzA	N	Y	N	added-since-mw72
avAntaraprakfti	N	N	N	never-seen
avApta	Y	Y	N	kept
avArita	Y	Y	N	kept
avAritadvAra	N	Y	N	added-since-mw72
avArtta	N	Y	Y	added-since-mw72
avAryamARa	N	N	N	never-seen
avAstava	Y	Y	N	kept
avAta	Y	Y	N	kept
avAtsalya	N	N	N	never-seen
avEBIdaka	N	Y	N	added-since-mw72
avESAradya	N	Y	Y	added-since-mw72
avEdeSI	N	N	N	never-seen
avEdika	Y	Y	N	kept
avEkfta	N	N	N	never-seen
avEra	N	N	N	never-seen
avErin	N	N	N	never-seen
avEvartacakra	N	N	N	never-seen
avEzamya	N	Y	Y	added-since-mw72
avI	Y	Y	N	kept
avIcisaMSozaRa	N	Y	N	added-since-mw72
avIkzin	N	Y	N	added-since-mw72
avIkzita	Y	Y	N	kept
avIrahatya	N	N	N	never-seen
avIrasTa	N	N	N	never-seen
avIryavant	N	N	N	never-seen
avItaka	N	Y	Y	added-since-mw72
avaBartsana	N	Y	Y	added-since-mw72
avaBfTa	Y	Y	N	kept
avaBfti	N	Y	N	added-since-mw72
avaDAna	Y	Y	Y	kept
avaDAnavant	N	N	N	never-seen
avaDUlay	N	N	N	never-seen
avaDUta	Y	Y	N	kept
avaDi	Y	Y	N	kept
avaGozaRA	N	Y	Y	added-since-mw72
avaGrApaRa	N	Y	N	added-since-mw72
avaGra	N	Y	N	added-since-mw72
avaKAda	Y	Y	Y	kept
avaRqa	Y	N	N	dropped
avaSarDayitar	N	N	N	never-seen
avaSya	Y	Y	Y	kept
avaSyaBAgIyaka	N	Y	Y	added-since-mw72
avaSyayAtavyatA	N	Y	Y	added-since-mw72
avaSyendriya	N	Y	Y	added-since-mw72
avaYcaka	N	N	N	never-seen
avaYcanatA	N	Y	Y	added-since-mw72
avaYcita	N	N	N	never-seen
avaboDanIya	N	Y	N	added-since-mw72
avacCedakatattvanirukti	N	N	N	never-seen
avacIravicIraka	N	Y	Y	added-since-mw72
avacana	Y	Y	N	kept
avacara	Y	Y	N	kept
avacaraka	N	Y	Y	added-since-mw72
avacicIzA	N	Y	N	added-since-mw72
avacitapUrva	N	N	N	never-seen
avadAnIya	N	Y	N	added-since-mw72
avadAtavasana	N	Y	Y	added-since-mw72
avadola	Y	Y	Y	kept
avadraNga	Y	Y	Y	kept
avadravya	N	N	N	never-seen
avagAha	Y	Y	N	kept
avagIta	Y	Y	N	kept
avaga	N	N	N	never-seen
avagaDa	N	Y	N	added-since-mw72
avagaRanA	N	N	N	never-seen
avagamana	N	Y	Y	added-since-mw72
avagantos	N	Y	N	added-since-mw72
avagataraSmivant	N	N	N	never-seen
avagrAha	Y	Y	N	kept
avahAra	Y	Y	N	kept
avahanana	Y	Y	N	kept
avahant	N	N	N	never-seen
avahasita	N	N	N	never-seen
avahitatva	N	N	N	never-seen
avahni	N	Y	Y	added-since-mw72
avajiti	Y	Y	N	kept
avajvAla	N	Y	Y	added-since-mw72
avajvalana	N	Y	Y	added-since-mw72
avakUlana	N	N	N	never-seen
avaka	N	Y	N	added-since-mw72
avakalana	N	Y	Y	added-since-mw72
avakalpanA	N	N	N	never-seen
avakarRana	N	N	N	never-seen
avakarRaprAvfta	N	N	N	never-seen
avakara	Y	Y	Y	kept
avakeSin	Y	Y	Y	kept
avakowaka	N	N	N	never-seen
avakrAma	N	N	N	never-seen
avakuRWana	Y	Y	N	kept
avakutsita	Y	Y	N	kept
avakzAyam	N	Y	N	added-since-mw72
avalIQa	Y	Y	N	kept
avalagana	N	N	N	never-seen
avalambaka	Y	Y	N	kept
avalambanaka	N	N	N	never-seen
avaleKana	Y	Y	N	kept
avalepavant	N	N	N	never-seen
avalita	N	Y	Y	added-since-mw72
avalokanaka	N	Y	Y	added-since-mw72
avalokitalakzmI	N	N	N	never-seen
avalopa	Y	Y	Y	kept
avalopana	N	Y	Y	added-since-mw72
avalupta	N	N	N	never-seen
avalupti	N	Y	N	added-since-mw72
avamArjana	Y	Y	N	kept
avamUrDa	N	N	N	never-seen
avamUrDaka	N	Y	Y	added-since-mw72
avamarapAWaka	N	N	N	never-seen
avamfdya	N	N	N	never-seen
avamocana	Y	Y	Y	kept
avamohana	N	Y	Y	added-since-mw72
avamya	N	N	N	never-seen
avanAma	Y	Y	N	kept
avanAwanAsika	N	Y	N	added-since-mw72
avanDya	Y	Y	N	kept
avanDyaprasAda	N	N	N	never-seen
avanIBuj	N	N	N	never-seen
avana	Y	Y	Y	kept
avanaha	N	N	N	never-seen
avanatI	N	N	N	never-seen
avanektar	N	N	N	never-seen
avani	Y	Y	N	kept
avanipAtam	N	N	N	never-seen
avaniruh	N	Y	N	added-since-mw72
avantIkumAra	N	N	N	never-seen
avantisenA	N	N	N	never-seen
avantisukumAla	N	N	N	never-seen
avapAkin	N	N	N	never-seen
avapUraRa	N	Y	Y	added-since-mw72
avapadas	N	N	N	never-seen
avapfzWI	N	N	N	never-seen
avapluta	N	Y	N	added-since-mw72
avapus	N	Y	Y	added-since-mw72
avaqIna	Y	Y	N	kept
avarDamAna	Y	Y	N	kept
avarRI	N	N	N	never-seen
avara	Y	Y	N	kept
avaraBAgIya	N	N	N	never-seen
avaracAmara	N	N	N	never-seen
avaragodAnIya	N	N	N	never-seen
avaratas	N	Y	N	added-since-mw72
avaroDaka	Y	Y	N	kept
avaroDana	Y	Y	N	kept
avaroDarakzA	N	N	N	never-seen
avaroDin	Y	Y	N	kept
avaropaRa	Y	Y	N	kept
avartin	N	Y	Y	added-since-mw72
avaruDaka	N	N	N	never-seen
avaruDam	N	Y	N	added-since-mw72
avaruRagfhIta	N	N	N	never-seen
avaruRagrAha	N	N	N	never-seen
avaruRam	N	Y	N	added-since-mw72
avarudDatva	N	N	N	never-seen
avarzatarkya	N	N	N	never-seen
avarzin	N	Y	N	added-since-mw72
avarzizyant	N	N	N	never-seen
avarzwos	N	Y	N	added-since-mw72
avarzya	Y	Y	N	kept
avasAda	Y	Y	N	kept
avasAdanA	N	Y	Y	added-since-mw72
avasAna	Y	Y	N	kept
avasAnapati	N	N	N	never-seen
avasAraRA	N	Y	Y	added-since-mw72
avasE	N	Y	N	added-since-mw72
avasPUrja	N	Y	N	added-since-mw72
avasTiticApala	N	N	N	never-seen
avasaBa	Y	Y	N	kept
avasaMqIna	N	Y	N	added-since-mw72
avasaTa	Y	Y	N	kept
avasaTin	N	Y	N	added-since-mw72
avasakTikA	Y	Y	N	kept
avasara	Y	Y	N	kept
avasarpin	Y	N	N	dropped
avasitArTa	N	Y	Y	added-since-mw72
avaskAra	N	N	N	never-seen
avaskanda	Y	Y	N	kept
avaskandana	Y	Y	Y	kept
avaskandin	Y	Y	N	kept
avasnAna	N	N	N	never-seen
avasraMsana	Y	Y	Y	kept
avastrada	N	N	N	never-seen
avastupatita	N	N	N	never-seen
avasvApanikA	N	Y	Y	added-since-mw72
avasvadant	N	N	N	never-seen
avasyuvAta	N	N	N	never-seen
avatAqana	N	Y	Y	added-since-mw72
avatAraRa	Y	Y	N	kept
avatAraRikA	N	N	N	never-seen
avatAraprekzin	N	Y	Y	added-since-mw72
avataMsa	Y	Y	N	kept
avataMsay	N	N	N	never-seen
avatamasa	Y	Y	N	kept
avatsA	N	Y	Y	added-since-mw72
avatsala	N	Y	Y	added-since-mw72
avavAda	Y	Y	N	kept
avavAdaka	N	Y	Y	added-since-mw72
avavartin	N	N	N	never-seen
avawaNka	N	Y	N	added-since-mw72
avawuja	N	Y	N	added-since-mw72
avayE	N	N	N	never-seen
avayavakroqa	N	N	N	never-seen
avayuti	N	Y	N	added-since-mw72
avazwamBa	Y	Y	N	kept
avazwamBanatA	N	N	N	never-seen
avedanIya	N	N	N	never-seen
avedayAna	Y	Y	N	kept
avekzaRa	Y	Y	N	kept
avfDa	Y	Y	N	kept
avfTArTa	N	N	N	never-seen
avfzwa	N	Y	Y	added-since-mw72
avfzwikAma	N	Y	N	added-since-mw72
aviBAgavid	N	Y	N	added-since-mw72
aviBAgin	Y	Y	N	kept
aviBAvya	Y	Y	N	kept
aviBakta	Y	Y	Y	kept
aviBinna	N	Y	N	added-since-mw72
aviBinnakAlam	N	N	N	never-seen
aviBraMSa	N	Y	Y	added-since-mw72
aviBrazwa	N	Y	N	added-since-mw72
aviDeya	N	N	N	never-seen
aviDfta	N	N	N	never-seen
aviDijYa	N	N	N	never-seen
aviDipUrvakam	N	Y	N	added-since-mw72
aviDura	N	Y	Y	added-since-mw72
aviDya	N	Y	Y	added-since-mw72
aviKaRqana	N	Y	Y	added-since-mw72
aviKaRqita	Y	Y	N	kept
aviSAla	N	N	N	never-seen
aviSArada	N	N	N	never-seen
aviSaNkin	N	N	N	never-seen
aviSaNkita	Y	Y	Y	kept
aviSlizwa	N	N	N	never-seen
aviSoDana	N	N	N	never-seen
aviSrAnta	Y	Y	N	kept
aviSrabDa	N	Y	Y	added-since-mw72
aviSrama	N	Y	Y	added-since-mw72
aviSramant	N	N	N	never-seen
aviSvAsya	N	N	N	never-seen
aviSvasanIya	N	Y	N	added-since-mw72
aviSvasta	Y	Y	N	kept
avibarha	N	Y	Y	added-since-mw72
avibruvant	N	N	N	never-seen
avibuDa	N	Y	Y	added-since-mw72
avicAra	Y	Y	N	kept
avicakzaRa	Y	Y	N	kept
avicalant	N	N	N	never-seen
avicezwant	N	N	N	never-seen
avicintayant	N	N	N	never-seen
avicita	N	Y	Y	added-since-mw72
avicyuta	Y	Y	N	kept
avid	N	N	N	never-seen
avidAhin	Y	Y	N	kept
avidDakarRa	N	N	N	never-seen
avidUzaka	N	N	N	never-seen
avidita	Y	Y	N	kept
avidoha	N	Y	N	added-since-mw72
avidviz	Y	Y	N	kept
avidyaka	N	N	N	never-seen
avigAna	N	Y	N	added-since-mw72
avigaRita	N	N	N	never-seen
avigalita	N	Y	N	added-since-mw72
avigraha	Y	Y	N	kept
aviheWita	N	Y	Y	added-since-mw72
avihiMsant	N	N	N	never-seen
avihvala	Y	Y	N	kept
avijAnaka	N	Y	Y	added-since-mw72
avijYAtaprAyaScitta	N	N	N	never-seen
avijYapti	N	N	N	never-seen
avikANkzA	N	N	N	never-seen
avikAra	Y	Y	Y	kept
avikAravant	N	N	N	never-seen
avikArin	N	Y	N	added-since-mw72
avikArya	N	Y	N	added-since-mw72
avikAsaBAva	N	N	N	never-seen
avikURita	N	Y	Y	added-since-mw72
avika	Y	Y	N	kept
avikaca	Y	Y	N	kept
avikala	Y	Y	N	kept
avikalpaka	N	Y	Y	added-since-mw72
avikalpita	N	Y	N	added-since-mw72
avikampita	N	N	N	never-seen
avikatTana	N	Y	N	added-since-mw72
avikatTin	N	N	N	never-seen
avikfta	Y	Y	N	kept
avikfti	N	Y	N	added-since-mw72
avikfzita	N	Y	N	added-since-mw72
avikfzwa	Y	Y	Y	kept
aviklinnAkza	N	Y	N	added-since-mw72
aviklizwa	N	Y	Y	added-since-mw72
avikopita	N	Y	Y	added-since-mw72
avikrama	Y	Y	N	kept
avikzipta	Y	Y	N	kept
avilIna	N	N	N	never-seen
avilakzaRa	N	N	N	never-seen
avilambita	Y	Y	N	kept
avimalapraBa	N	N	N	never-seen
avimanas	N	Y	Y	added-since-mw72
avimarSitavya	N	Y	Y	added-since-mw72
avimfzwaviDeyAMSa	N	N	N	never-seen
avimita	N	Y	N	added-since-mw72
avimokza	N	Y	N	added-since-mw72
avimuKam	N	Y	Y	added-since-mw72
avimucyamAna	N	Y	N	added-since-mw72
avimukteSvara	N	Y	N	added-since-mw72
avimuktopanizad	N	Y	Y	added-since-mw72
avinASa	Y	Y	N	kept
avindant	N	N	N	never-seen
avinipAtita	N	Y	N	added-since-mw72
aviniryant	N	N	N	never-seen
avinivartanIya	N	N	N	never-seen
aviniyoga	N	N	N	never-seen
avinyasta	N	Y	Y	added-since-mw72
avipAkin	N	N	N	never-seen
avipadyant	N	N	N	never-seen
avipakva	Y	Y	N	kept
avipariRAmavartin	N	N	N	never-seen
aviparyAsa	N	N	N	never-seen
aviprahata	N	Y	N	added-since-mw72
avipramoha	N	N	N	never-seen
aviprapaYca	N	Y	Y	added-since-mw72
avirAga	N	Y	N	added-since-mw72
avirAgin	N	N	N	never-seen
avirAj	N	N	N	never-seen
avirAmam	N	Y	N	added-since-mw72
avirAwsaMpanna	N	N	N	never-seen
avirUQa	N	Y	Y	added-since-mw72
avirahita	Y	Y	N	kept
avirajas	N	N	N	never-seen
aviralita	N	Y	Y	added-since-mw72
avirata	Y	Y	N	kept
avirecanIya	N	Y	N	added-since-mw72
avirecya	Y	Y	N	kept
aviroDa	Y	Y	N	kept
aviroDana	N	N	N	never-seen
aviroDin	N	Y	N	added-since-mw72
aviroDita	Y	Y	N	kept
avirudDa	Y	Y	N	kept
avisaMvAda	N	Y	N	added-since-mw72
avisaMvAdita	N	Y	Y	added-since-mw72
avisfzwa	N	Y	Y	added-since-mw72
aviskanttar	N	N	N	never-seen
avismaya	N	N	N	never-seen
avismfta	N	Y	N	added-since-mw72
avismfti	N	Y	N	added-since-mw72
avismita	N	Y	N	added-since-mw72
avisrasta	N	N	N	never-seen
avitAna	N	Y	Y	added-since-mw72
avitaTa	Y	Y	N	kept
avitaTavAc	N	N	N	never-seen
avitaraRa	N	Y	Y	added-since-mw72
avitarka	N	Y	N	added-since-mw72
avitarkayant	N	N	N	never-seen
avitarkita	N	Y	N	added-since-mw72
avitfpta	Y	Y	N	kept
avitfptaka	N	N	N	never-seen
avitrasta	N	N	N	never-seen
avivAdin	Y	Y	N	kept
avivakzita	Y	Y	N	kept
avivara	N	N	N	never-seen
avivarta	N	Y	Y	added-since-mw72
avivekam	N	Y	N	added-since-mw72
avizAditA	N	N	N	never-seen
avizahya	N	Y	N	added-since-mw72
avizuvatka	N	N	N	never-seen
avrAtya	Y	Y	N	kept
avraRa	Y	Y	N	kept
avyAKyeya	Y	Y	N	kept
avyAbADa	N	Y	Y	added-since-mw72
avyAhfta	N	Y	N	added-since-mw72
avyAlacezwita	N	Y	Y	added-since-mw72
avyApaka	Y	Y	N	kept
avyApakavizayatASUnyatvapattra	N	N	N	never-seen
avyApanna	Y	Y	N	kept
avyAtta	N	N	N	never-seen
avyAyuka	N	N	N	never-seen
avyaBicarita	N	N	N	never-seen
avyaNga	Y	Y	N	kept
avyaTa	Y	Y	N	kept
avyaTin	Y	Y	Y	kept
avyaTizyE	N	Y	N	added-since-mw72
avyaktamaya	N	N	N	never-seen
avyantIkfta	N	N	N	never-seen
avyanta	N	Y	N	added-since-mw72
avyatiharant	N	N	N	never-seen
avyatirikta	N	N	N	never-seen
avyatizaNgam	N	Y	N	added-since-mw72
avyavAnam	N	Y	N	added-since-mw72
avyavaDAyaka	N	N	N	never-seen
avyavahAra	N	Y	Y	added-since-mw72
avyavasTa	Y	Y	Y	kept
avyavasTitacitta	N	N	N	never-seen
avyaya	Y	Y	N	kept
avyayavftti	N	N	N	never-seen
avyuptakeSa	N	Y	Y	added-since-mw72
avyuptavaha	N	Y	Y	added-since-mw72
avyutkrAnta	N	N	N	never-seen
avyutpattimant	N	N	N	never-seen
avyutsfjant	N	N	N	never-seen
avyuzwi	N	Y	N	added-since-mw72
aw	Y	Y	N	kept
awAwyA	Y	Y	N	kept
awana	Y	Y	N	kept
awwa	Y	Y	N	kept
awwahAsa	N	Y	N	added-since-mw72
awwapAla	N	N	N	never-seen
ayASaya	N	Y	N	added-since-mw72
ayAcaka	Y	Y	N	kept
ayAcamAna	N	Y	N	added-since-mw72
ayAcitar	N	N	N	never-seen
ayAcitavrata	N	Y	N	added-since-mw72
ayAdava	N	N	N	never-seen
ayAma	N	Y	N	added-since-mw72
ayAta	N	Y	N	added-since-mw72
ayAtrA	N	Y	N	added-since-mw72
ayAtrika	N	Y	Y	added-since-mw72
ayOgika	Y	Y	Y	kept
ayUTika	N	Y	Y	added-since-mw72
ayUpa	Y	Y	N	kept
ayUpaka	N	N	N	never-seen
ayaHSaPa	N	Y	N	added-since-mw72
ayaHSalmalIvana	N	N	N	never-seen
ayaHSfNga	N	Y	N	added-since-mw72
ayaHkIlaka	N	N	N	never-seen
ayaSoDvaja	N	N	N	never-seen
ayaTA	Y	Y	N	kept
ayaTAbalam	N	Y	N	added-since-mw72
ayaTAvftta	N	Y	Y	added-since-mw72
ayajYIya	N	Y	N	added-since-mw72
ayajYavAhin	N	N	N	never-seen
ayajYopavItin	N	N	N	never-seen
ayajurvedaDArin	N	N	N	never-seen
ayajus	N	Y	N	added-since-mw72
ayamadevatya	N	N	N	never-seen
ayamasU	N	N	N	never-seen
ayanAMSa	N	Y	N	added-since-mw72
ayanacayanAdigaRita	N	N	N	never-seen
ayanaka	N	N	N	never-seen
ayantra	Y	Y	N	kept
ayantraRA	N	Y	N	added-since-mw72
ayase	N	Y	N	added-since-mw72
ayaskIla	N	Y	Y	added-since-mw72
ayaspAtrI	N	N	N	never-seen
ayastapta	N	N	N	never-seen
ayatta	N	N	N	never-seen
ayavana	N	N	N	never-seen
ayavas	N	Y	N	added-since-mw72
aye	Y	Y	N	kept
ayoDyAmAhAtmya	N	N	N	never-seen
ayoSana	N	Y	N	added-since-mw72
ayoga	Y	Y	Y	kept
ayogfha	N	N	N	never-seen
ayoguqa	Y	Y	N	kept
ayogya	Y	Y	N	kept
ayogyarUpa	N	N	N	never-seen
ayomiSra	N	Y	Y	added-since-mw72
ayoni	Y	Y	Y	kept
ayonijanman	N	N	N	never-seen
ayonisaMBava	N	N	N	never-seen
ayonitva	N	N	N	never-seen
ayorajas	N	Y	N	added-since-mw72
ayorajomaya	N	N	N	never-seen
ayovikAra	Y	Y	N	kept
ayuDyant	N	N	N	never-seen
ayudDamanas	N	N	N	never-seen
ayudDamati	N	N	N	never-seen
ayugmacCada	N	Y	N	added-since-mw72
ayujAkzara	N	Y	Y	added-since-mw72
ayukCada	N	Y	N	added-since-mw72
ayukparRa	N	N	N	never-seen
ayukta	Y	Y	N	kept
ayuktiyukta	N	Y	N	added-since-mw72
ayupita	N	Y	N	added-since-mw72
ayuta	Y	Y	N	kept
azWIla	N	Y	N	added-since-mw72
azaqakzIRa	Y	Y	N	kept
azwANga	N	Y	Y	added-since-mw72
azwANgahfdayadIpikA	N	N	N	never-seen
azwANganiGaRwu	N	N	N	never-seen
azwANgapraRipAta	N	Y	Y	added-since-mw72
azwASItisahasra	N	N	N	never-seen
azwAcatvAriMSaka	N	Y	N	added-since-mw72
azwAdaMzwra	N	Y	N	added-since-mw72
azwAdaSapurARasAra	N	N	N	never-seen
azwAdaSatA	N	N	N	never-seen
azwAdaSavAda	N	N	N	never-seen
azwAdaSavakra	N	Y	Y	added-since-mw72
azwAdaSavakrikA	N	Y	Y	added-since-mw72
azwAdiS	N	Y	N	added-since-mw72
azwAstanA	N	Y	N	added-since-mw72
azwAvaDAnin	N	N	N	never-seen
azwAvara	N	N	N	never-seen
azwAviMSin	N	N	N	never-seen
azwaSlokI	N	N	N	never-seen
azwagava	N	Y	N	added-since-mw72
azwakASrAdDa	N	Y	Y	added-since-mw72
azwaka	Y	Y	N	kept
azwakika	N	N	N	never-seen
azwakoRa	N	Y	N	added-since-mw72
azwakyA	N	Y	Y	added-since-mw72
azwaloha	N	Y	N	added-since-mw72
azwamAsika	N	N	N	never-seen
azwamaNgalya	N	N	N	never-seen
azwamahAsidDimaya	N	N	N	never-seen
azwamakaBUmi	N	N	N	never-seen
azwapadamUlikA	N	N	N	never-seen
azwaratni	N	Y	Y	added-since-mw72
azwasTAnaparIkzA	N	N	N	never-seen
azwasahasraka	N	N	N	never-seen
azwastanA	N	Y	N	added-since-mw72
azwavArzika	N	Y	Y	added-since-mw72
azwavaMSavant	N	N	N	never-seen
azwika	N	Y	Y	added-since-mw72
azwottaraSatadivyadeSanirUpaRa	N	N	N	never-seen
bAD	Y	Y	N	kept
bADayitar	N	N	N	never-seen
bADin	N	Y	N	added-since-mw72
bARAparRI	N	N	N	never-seen
bARAsanI	N	N	N	never-seen
bARareKA	N	Y	N	added-since-mw72
bAReya	N	Y	N	added-since-mw72
bAhIka	Y	Y	N	kept
bAhubalin	N	Y	N	added-since-mw72
bAhubanDana	N	Y	N	added-since-mw72
bAhula	Y	Y	N	kept
bAhulya	Y	Y	N	kept
bAhuniHsfta	N	Y	N	added-since-mw72
bAhupracAlakam	N	Y	N	added-since-mw72
bAhusahasrin	N	Y	N	added-since-mw72
bAhuvimarda	N	Y	N	added-since-mw72
bAhuvyAyAma	N	Y	N	added-since-mw72
bAhyASakala	N	Y	N	added-since-mw72
bAhyASva	N	Y	N	added-since-mw72
bAlAha	N	Y	N	added-since-mw72
bAlArkAy	N	N	N	never-seen
bAlajAtIya	N	Y	N	added-since-mw72
bAlamaraRa	N	Y	N	added-since-mw72
bAlanetra	N	Y	N	added-since-mw72
bAlatanaya	N	Y	N	added-since-mw72
bAnDavaDurA	N	Y	N	added-since-mw72
bAq	Y	Y	N	kept
bArQya	N	Y	N	added-since-mw72
bAstika	Y	Y	N	kept
bAzkalikA	N	Y	N	added-since-mw72
bAzpotpIqa	N	Y	N	added-since-mw72
bEdAyana	N	Y	N	added-since-mw72
bEjavApi	Y	Y	N	kept
baBrukeSa	N	Y	N	added-since-mw72
baBruloman	N	Y	N	added-since-mw72
baDva	N	Y	N	added-since-mw72
babbula	N	Y	N	added-since-mw72
badDf	N	Y	N	added-since-mw72
badaksAna	N	Y	N	added-since-mw72
badara	Y	Y	N	kept
badaradvIpa	N	Y	N	added-since-mw72
badarasaktu	N	Y	N	added-since-mw72
bahalita	N	Y	N	added-since-mw72
bahiHsadas	N	Y	N	added-since-mw72
bahirdfS	N	Y	N	added-since-mw72
bahirmanaska	N	Y	N	added-since-mw72
bahirmuKI	N	N	N	never-seen
bahirmuKa	N	Y	N	added-since-mw72
bahiryUti	N	Y	N	added-since-mw72
bahiryoga	N	Y	N	added-since-mw72
bahizkratu	N	Y	N	added-since-mw72
bahizpavamAnAstAva	N	Y	N	added-since-mw72
bahudarSin	N	Y	N	added-since-mw72
bahukAraRIya	N	Y	N	added-since-mw72
bahukftya	N	Y	N	added-since-mw72
bahulI	N	Y	N	added-since-mw72
bahulIkAra	N	Y	N	added-since-mw72
bahumOlya	N	Y	N	added-since-mw72
bahumUlya	N	Y	N	added-since-mw72
bahumaryA	N	N	N	never-seen
bahumati	N	Y	N	added-since-mw72
bahuniHsfta	N	N	N	never-seen
bahuratnAy	N	N	N	never-seen
bahusADAra	N	Y	N	added-since-mw72
bahusAhasra	N	Y	N	added-since-mw72
bahusaMKyAka	N	Y	N	added-since-mw72
bahuvaktavya	N	Y	N	added-since-mw72
bahuvarzasahasraka	N	N	N	never-seen
baka	Y	Y	N	kept
bakulamAlinIpariRaya	N	Y	N	added-since-mw72
bakulameDI	N	Y	N	added-since-mw72
balAhaka	Y	Y	N	kept
balAri	N	Y	N	added-since-mw72
balAsa	N	Y	N	added-since-mw72
balaSAlin	N	Y	N	added-since-mw72
balakAya	N	Y	N	added-since-mw72
balaka	N	Y	N	added-since-mw72
balakfta	N	Y	N	added-since-mw72
balakza	Y	Y	N	kept
balavipulahetumati	N	Y	N	added-since-mw72
balavyUha	N	Y	N	added-since-mw72
baliBoja	N	Y	N	added-since-mw72
baliSa	N	Y	N	added-since-mw72
balidvezin	N	N	N	never-seen
banD	Y	Y	N	kept
banDa	Y	Y	N	kept
banDi	N	Y	N	added-since-mw72
banDudAyAda	N	Y	N	added-since-mw72
banDumatIyaka	N	Y	N	added-since-mw72
banDurIya	N	Y	N	added-since-mw72
banDura	Y	Y	N	kept
bandIgfhIta	N	Y	N	added-since-mw72
bandIkfta	N	Y	N	added-since-mw72
barArDya	N	N	N	never-seen
barAsI	Y	Y	N	kept
barbura	Y	Y	N	kept
barhicCada	N	Y	N	added-since-mw72
bariSI	N	Y	N	added-since-mw72
bazkiha	Y	Y	N	kept
bazwa	N	Y	N	added-since-mw72
bfMhayitar	N	N	N	never-seen
bfhadAra	N	Y	N	added-since-mw72
bfhadDAtrI	N	Y	N	added-since-mw72
bfhaduttaratApinI	N	Y	N	added-since-mw72
bfhallakzahoma	N	Y	N	added-since-mw72
bfhatIka	N	Y	N	added-since-mw72
bfhatIsahasra	N	Y	N	added-since-mw72
bfhatkuSaRqikA	N	Y	N	added-since-mw72
bfhattantrapati	N	Y	N	added-since-mw72
bibibABavant	N	N	N	never-seen
bilAsin	N	Y	N	added-since-mw72
bilAyana	N	Y	N	added-since-mw72
bila	Y	Y	N	kept
bilayoni	N	Y	N	added-since-mw72
billa	Y	Y	N	kept
bilvAntara	N	Y	N	added-since-mw72
bilvAraRyamAhAtmya	N	Y	N	added-since-mw72
bilva	Y	Y	N	kept
bilvavfkzamAhAtmya	N	N	N	never-seen
bimbaka	N	Y	N	added-since-mw72
bimbara	N	Y	N	added-since-mw72
bimbopaDAna	N	Y	N	added-since-mw72
boDacittavivaraRa	N	Y	N	added-since-mw72
boDi	Y	Y	N	kept
boDicittavivaraRa	N	Y	N	added-since-mw72
boDipakzanirdeSa	N	N	N	never-seen
boDisattvacaryA	N	Y	N	added-since-mw72
boDyaNgavatI	N	Y	N	added-since-mw72
bollaka	N	Y	N	added-since-mw72
brAhma	Y	Y	N	kept
brAhmaRAda	N	Y	N	added-since-mw72
brAhmaRAyana	Y	Y	N	kept
brAhmaRasva	N	Y	N	added-since-mw72
braDnaloka	N	Y	N	added-since-mw72
brahmAsya	N	Y	N	added-since-mw72
brahmAvatI	N	Y	N	added-since-mw72
brahmOdana	N	Y	N	added-since-mw72
brahmacArivAsin	N	Y	N	added-since-mw72
brahmadeya	N	Y	N	added-since-mw72
brahmagavI	N	Y	N	added-since-mw72
brahmamAla	N	Y	N	added-since-mw72
brahman	Y	Y	N	kept
brahmapraBa	N	Y	N	added-since-mw72
brahmarasAsava	N	Y	N	added-since-mw72
brahmasaBA	N	Y	N	added-since-mw72
brahmasaMsad	N	Y	N	added-since-mw72
brahmasadas	N	Y	N	added-since-mw72
brahmayUpa	N	Y	N	added-since-mw72
brahmeSavEzRava	N	Y	N	added-since-mw72
brahmojJa	N	Y	N	added-since-mw72
brahmottara	N	Y	Y	added-since-mw72
bruqana	N	N	N	never-seen
bruqaqvakrA	N	N	N	never-seen
buBUzu	Y	Y	N	kept
buD	Y	Y	N	kept
budDAlaMkArADizWitA	N	Y	N	added-since-mw72
budDakAyavarRaparinizpattyaBinirhArA	N	Y	N	added-since-mw72
budDakzetravaralocana	N	Y	N	added-since-mw72
budDila	N	N	N	never-seen
budDiyogamaya	N	Y	N	added-since-mw72
budbuda	Y	Y	N	kept
busaplanI	N	N	N	never-seen
buvam	N	Y	N	added-since-mw72
cAkravAka	N	Y	N	added-since-mw72
cAkzuzIyanItiSAstra	N	N	N	never-seen
cAkzuza	Y	Y	N	kept
cAlaka	Y	Y	N	kept
cAmIkarIya	N	Y	N	added-since-mw72
cAmara	Y	Y	N	kept
cAmarajju	N	N	N	never-seen
cAmuRqa	N	Y	N	added-since-mw72
cAndra	Y	Y	N	kept
cAndraka	Y	Y	N	kept
cApa	Y	Y	Y	kept
cApaveda	N	Y	N	added-since-mw72
cApayazwi	N	Y	N	added-since-mw72
cApodara	N	N	N	never-seen
cAradfS	N	Y	N	added-since-mw72
cArapAla	N	Y	N	added-since-mw72
cArekzaRa	N	Y	N	added-since-mw72
cAritArTya	Y	Y	N	kept
cAriwI	N	Y	N	added-since-mw72
cArucaryASataka	N	Y	N	added-since-mw72
cArugucCA	N	Y	N	added-since-mw72
cArumanta	N	N	N	never-seen
cArurUpa	N	Y	N	added-since-mw72
cArurava	N	Y	N	added-since-mw72
cArya	Y	Y	Y	kept
cAtuHsvarya	N	Y	N	added-since-mw72
cAturDAkAraRika	N	Y	N	added-since-mw72
cAturdvIpaka	N	N	N	never-seen
cAturhotfka	Y	Y	N	kept
cAturhotrIyabrAhmaRa	N	Y	N	added-since-mw72
cAturmAsika	N	Y	N	added-since-mw72
cAturmAsyatva	N	Y	N	added-since-mw72
cAturvedya	N	Y	N	added-since-mw72
cAturviMSaka	N	Y	N	added-since-mw72
cAtuzpaTa	N	Y	N	added-since-mw72
cAtuzprASya	Y	Y	N	kept
cEkkasa	N	N	N	never-seen
cEtanaka	N	N	N	never-seen
cEtrIpakza	N	Y	N	added-since-mw72
cEtraBAnava	N	Y	N	added-since-mw72
cEtradaRqika	N	N	N	never-seen
cEtreya	N	Y	N	added-since-mw72
cIna	Y	Y	N	kept
cIvaravant	N	N	N	never-seen
cOra	Y	Y	N	kept
cOryasurata	N	Y	N	added-since-mw72
cOtapallava	N	Y	N	added-since-mw72
cUcu	N	N	N	never-seen
cUcuka	Y	Y	N	kept
cUlaka	N	Y	N	added-since-mw72
cUlakarman	N	N	N	never-seen
cUlha	N	N	N	never-seen
cUqA	N	Y	N	added-since-mw72
cUqa	Y	Y	N	kept
cUrRI	N	Y	N	added-since-mw72
cUrRaka	Y	Y	N	kept
cUz	Y	Y	N	kept
ca	Y	Y	N	kept
caNga	Y	Y	N	kept
caPawwaka	N	Y	N	added-since-mw72
caRqAlasamavfttimant	N	N	N	never-seen
caRqAntika	N	Y	N	added-since-mw72
caRqIpati	N	Y	N	added-since-mw72
caRqaBAskara	N	N	N	never-seen
caRqikA	Y	Y	N	kept
caYcala	Y	Y	Y	kept
caYcu	Y	Y	Y	kept
cakArasamarTana	N	N	N	never-seen
cakawi	N	N	N	never-seen
cakkalaka	N	Y	N	added-since-mw72
cakora	Y	Y	N	kept
cakoradfS	N	Y	N	added-since-mw72
cakoranayanA	N	N	N	never-seen
cakrIvant	N	N	N	never-seen
cakraBrama	N	Y	N	added-since-mw72
cakrabanDa	N	Y	Y	added-since-mw72
cakradunduBya	N	Y	N	added-since-mw72
cakraka	Y	Y	Y	kept
cakramOlin	N	Y	N	added-since-mw72
cakranyAsa	N	N	N	never-seen
cakrapAla	N	Y	N	added-since-mw72
cakrapaTa	N	Y	Y	added-since-mw72
cakravant	N	N	N	never-seen
cakravftta	N	Y	N	added-since-mw72
cakrayoDin	N	Y	N	added-since-mw72
cakrika	Y	Y	N	kept
cakrin	Y	Y	N	kept
cakz	Y	Y	N	kept
cakzUrAga	N	Y	N	added-since-mw72
cakzurapeta	N	Y	N	added-since-mw72
cakzuzmant	N	N	N	never-seen
cakzuzprIti	N	Y	N	added-since-mw72
calAkzara	N	N	N	never-seen
calitasTAna	N	Y	N	added-since-mw72
calitendriya	N	N	N	never-seen
camUha	N	N	N	never-seen
camakaBAzya	N	N	N	never-seen
camasADvaryu	N	Y	N	added-since-mw72
campa	Y	Y	N	kept
campakaSrezWikaTAnaka	N	Y	Y	added-since-mw72
can	Y	Y	N	kept
candana	Y	Y	N	kept
candila	N	Y	N	added-since-mw72
candira	Y	Y	N	kept
candrASma	N	Y	N	added-since-mw72
candrAdigupti	N	N	N	never-seen
candrAgra	N	Y	Y	added-since-mw72
candrAtapa	N	Y	N	added-since-mw72
candra	Y	Y	N	kept
candracUqIya	N	N	N	never-seen
candracitra	N	Y	N	added-since-mw72
candragupti	N	Y	N	added-since-mw72
candrakAntIy	N	N	N	never-seen
candrakIrti	N	Y	N	added-since-mw72
candraka	Y	Y	N	kept
candrakalA	N	Y	N	added-since-mw72
candraputra	N	Y	N	added-since-mw72
candrasAman	N	Y	N	added-since-mw72
candrasTalanagara	N	Y	N	added-since-mw72
candrasUryAkza	N	Y	N	added-since-mw72
candrikAKaRqana	N	N	N	never-seen
candrikAy	N	N	N	never-seen
candrita	N	N	N	never-seen
cannuBawwIya	N	N	N	never-seen
capya	Y	Y	N	kept
car	Y	Y	N	kept
carAcaraguru	N	Y	N	added-since-mw72
caraRaja	N	N	N	never-seen
caraRaka	N	Y	Y	added-since-mw72
caraRalagna	N	Y	N	added-since-mw72
caraRaprasAra	N	Y	N	added-since-mw72
caraRatra	N	Y	N	added-since-mw72
caraRayoDin	N	Y	N	added-since-mw72
carakasaMdeSa	N	N	N	never-seen
carama	Y	Y	N	kept
caramaBavika	N	Y	N	added-since-mw72
caramaSlokacandrikA	N	N	N	never-seen
caramavayas	N	Y	N	added-since-mw72
carc	Y	Y	N	kept
carcakamAlA	N	Y	N	added-since-mw72
caritaguRa	N	N	N	never-seen
caritapUrva	N	Y	N	added-since-mw72
caritra	Y	Y	N	kept
carkfze	N	N	N	never-seen
carmAra	Y	Y	N	kept
carmaRA	N	Y	N	added-since-mw72
carmacawI	N	Y	N	added-since-mw72
carmamna	N	Y	N	added-since-mw72
carmapuwa	N	Y	N	added-since-mw72
carvaRa	Y	Y	N	kept
caryApAda	N	N	N	never-seen
cat	Y	Y	N	kept
catuHSlokI	N	N	N	never-seen
catuHsIta	N	Y	N	added-since-mw72
catuHsUtrIBAzyaprakASa	N	N	N	never-seen
catuScakra	N	Y	N	added-since-mw72
caturBUmika	N	Y	N	added-since-mw72
caturOdumbara	N	N	N	never-seen
caturTi	N	Y	N	added-since-mw72
caturaSItisAhasra	N	Y	N	added-since-mw72
caturaSra	N	Y	N	added-since-mw72
caturarTa	N	Y	N	added-since-mw72
caturavarArDya	N	Y	N	added-since-mw72
caturavatta	N	Y	N	added-since-mw72
caturazwaka	N	Y	N	added-since-mw72
caturbila	N	Y	N	added-since-mw72
caturdaSAkzara	N	Y	N	added-since-mw72
caturdaSIstotra	N	N	N	never-seen
caturdaSatattvArTasArasaMgraha	N	N	N	never-seen
caturdant	N	N	N	never-seen
caturdvAra	N	Y	N	added-since-mw72
caturdvAramuKa	N	Y	N	added-since-mw72
caturgfhItin	N	Y	N	added-since-mw72
caturmatatAtparyasaMgraha	N	N	N	never-seen
caturmuKatIrTa	N	Y	N	added-since-mw72
caturmuzwi	N	Y	N	added-since-mw72
caturniDana	N	Y	N	added-since-mw72
caturvaktra	N	Y	N	added-since-mw72
caturvargasaMgraha	N	N	N	never-seen
caturvedatattvArTasaMgraha	N	N	N	never-seen
caturviMSatigava	N	Y	N	added-since-mw72
caturviMSatikftvas	N	Y	N	added-since-mw72
caturviMSatisAhasra	N	Y	N	added-since-mw72
caturviMSativikrama	N	Y	N	added-since-mw72
caturviMSatyaha	N	Y	N	added-since-mw72
caturviMSatyakzara	N	Y	Y	added-since-mw72
caturviMSika	N	Y	N	added-since-mw72
caturyoginIsaMpuwa	N	N	N	never-seen
caturyukta	N	Y	N	added-since-mw72
catustridviBAgI	N	N	N	never-seen
catustridvyekaBAga	N	Y	N	added-since-mw72
catuzka	Y	Y	N	kept
catuzkizku	N	Y	N	added-since-mw72
catuzkumBikA	N	N	N	never-seen
catuzpaTa	N	Y	N	added-since-mw72
catuzpaTakftASaya	N	Y	N	added-since-mw72
catuzpaTasad	N	Y	N	added-since-mw72
catuzpada	N	Y	N	added-since-mw72
catuzpadikA	N	Y	N	added-since-mw72
catuzpuwa	N	Y	N	added-since-mw72
catvAriMSanmAna	N	Y	N	added-since-mw72
catvAriMSat	Y	Y	N	kept
catvara	Y	Y	N	kept
cawacaw	N	N	N	never-seen
cawitaka	N	Y	N	added-since-mw72
cawitasPuwitaka	N	N	N	never-seen
cawulay	N	N	N	never-seen
cawulita	N	Y	N	added-since-mw72
cayanAnandapille	N	N	N	never-seen
cayana	Y	Y	N	kept
cayanamUla	N	N	N	never-seen
cazAla	Y	Y	N	kept
cazAlamuKa	N	Y	N	added-since-mw72
cazakAy	N	N	N	never-seen
cazaka	Y	Y	N	kept
ceNgi	N	N	N	never-seen
cedi	Y	Y	N	kept
cetaHparyAyajYAna	N	N	N	never-seen
cetanAy	N	N	N	never-seen
cetizWa	Y	Y	N	kept
cetohara	N	Y	N	added-since-mw72
cezwi	N	N	N	never-seen
ci	Y	Y	N	kept
ciKalli	N	Y	N	added-since-mw72
ciYcaRI	N	N	N	never-seen
cibuka	Y	Y	N	kept
cicCitsu	Y	Y	N	kept
cidDarman	N	N	N	never-seen
cidambara	Y	Y	N	kept
cidavasAna	N	N	N	never-seen
cidekarasa	N	N	N	never-seen
cikIrzuka	N	Y	N	added-since-mw72
cikaSa	N	Y	N	added-since-mw72
cikartizu	Y	Y	N	kept
cikina	Y	Y	N	kept
cikitsA	Y	Y	N	kept
cikitsanIya	N	Y	Y	added-since-mw72
cikkasa	Y	Y	N	kept
cint	Y	Y	N	kept
cintAmaRi	N	Y	N	added-since-mw72
cintaka	Y	Y	N	kept
cirakAlika	N	Y	N	added-since-mw72
ciraparRa	N	Y	N	added-since-mw72
ciraprasUtA	N	Y	N	added-since-mw72
cirasTitika	N	Y	N	added-since-mw72
ciray	N	N	N	never-seen
ciribilva	N	Y	N	added-since-mw72
cirozita	N	Y	N	added-since-mw72
citi	Y	Y	Y	kept
citrApUrRamAsa	N	Y	N	added-since-mw72
citrI	N	Y	N	added-since-mw72
citrIkAra	N	Y	N	added-since-mw72
citra	Y	Y	Y	kept
citraBArata	N	Y	N	added-since-mw72
citrakAra	N	Y	N	added-since-mw72
citraka	Y	Y	N	kept
citrapadDati	N	N	N	never-seen
citrapawa	N	Y	N	added-since-mw72
citraraktapawa	N	N	N	never-seen
citravidyA	N	Y	N	added-since-mw72
citray	N	N	N	never-seen
citriya	Y	Y	N	kept
cittAkarzin	N	Y	N	added-since-mw72
cittAnuparivartin	N	N	N	never-seen
cittaBeda	N	Y	N	added-since-mw72
cittaDArA	N	Y	N	added-since-mw72
cittaDAraRa	N	Y	Y	added-since-mw72
cittacOra	N	Y	N	added-since-mw72
cittacetasika	N	Y	N	added-since-mw72
cittanATa	N	Y	N	added-since-mw72
cityagni	N	Y	N	added-since-mw72
ciwiciwAy	N	N	N	never-seen
codana	Y	Y	N	kept
colacarita	N	N	N	never-seen
colaka	Y	Y	N	kept
colapawwaka	N	Y	N	added-since-mw72
colapparAjIya	N	N	N	never-seen
coqaka	N	Y	N	added-since-mw72
corapaYcASat	N	N	N	never-seen
cuScuzA	N	Y	N	added-since-mw72
cuYcu	Y	Y	N	kept
cubukadaGna	N	Y	N	added-since-mw72
cubukapratizWita	N	N	N	never-seen
cud	Y	Y	N	kept
culla	Y	Y	N	kept
culukI	N	N	N	never-seen
culump	Y	Y	N	kept
cumb	Y	Y	N	kept
cumbakamaRi	N	Y	N	added-since-mw72
cuw	Y	Y	N	kept
cyAvana	Y	Y	N	kept
cyavana	Y	Y	N	kept
cyu	Y	Y	N	kept
cyutisaMkrama	N	N	N	never-seen
cyutyupapatti˚	N	N	N	never-seen
dA	Y	Y	N	kept
dARqAjinika	N	Y	N	added-since-mw72
dAS	Y	Y	N	kept
dAda	Y	Y	N	kept
dAdada	N	Y	N	added-since-mw72
dAha	Y	Y	N	kept
dAkza	Y	Y	N	kept
dAkziReya	N	Y	Y	added-since-mw72
dAkziRya	Y	Y	Y	kept
dAmBa	N	Y	N	added-since-mw72
dAmodarIya	N	Y	N	added-since-mw72
dAmodaradeva	N	Y	N	added-since-mw72
dAnApnas	N	Y	N	added-since-mw72
dAna	Y	Y	N	kept
dAnaSAlA	N	Y	N	added-since-mw72
dAnamaya	N	Y	N	added-since-mw72
dAnavaSI	N	N	N	never-seen
dAntadeva	N	Y	N	added-since-mw72
dAntaka	N	Y	N	added-since-mw72
dArByUza	N	Y	Y	added-since-mw72
dArSI	N	N	N	never-seen
dAraka	Y	Y	N	kept
dArarakzitaka	N	Y	N	added-since-mw72
dArasaMbanDa	N	N	N	never-seen
dArila	N	Y	N	added-since-mw72
dAru	Y	Y	N	kept
dArvIca	N	N	N	never-seen
dArvihomika	N	Y	N	added-since-mw72
dAsIka	Y	N	N	dropped
dAsajIvana	N	Y	N	added-since-mw72
dAsaka	Y	Y	N	kept
dAsera	Y	Y	N	kept
dAtrAkarRa	N	Y	Y	added-since-mw72
dAtreya	N	Y	Y	added-since-mw72
dAvadahanajvAlAkalApAy	N	N	N	never-seen
dAyI	N	N	N	never-seen
dESika	Y	Y	N	kept
dEpa	Y	Y	N	kept
dEtyanizUdana	N	Y	N	added-since-mw72
dEvAdyanta	N	Y	N	added-since-mw72
dEvaSrAdDa	N	Y	N	added-since-mw72
dEvamAnuzaka	N	Y	N	added-since-mw72
dEvasaka	N	Y	N	added-since-mw72
dEvata	Y	Y	N	kept
dEvaviDi	N	Y	N	added-since-mw72
dEvejya	N	Y	N	added-since-mw72
dEvika	Y	Y	N	kept
dEvodAsi	N	Y	N	added-since-mw72
dEzwika	Y	Y	N	kept
dIdi	Y	Y	N	kept
dIkz	Y	Y	N	kept
dIkzitadaRqa	N	N	N	never-seen
dIkzitayAjYika	N	N	N	never-seen
dIkzya	N	N	N	never-seen
dIna	Y	Y	N	kept
dIp	Y	Y	N	kept
dIpAvatI	N	N	N	never-seen
dIpa	Y	Y	N	kept
dIrGAnuparivartin	N	Y	N	added-since-mw72
dIrGa	Y	Y	N	kept
dIrGakeSa	N	Y	N	added-since-mw72
dIrGalatAdruma	N	Y	N	added-since-mw72
dIrGay	N	N	N	never-seen
dIrGikA	Y	Y	N	kept
dOHSAsana	N	Y	N	added-since-mw72
dOrganDa	N	Y	N	added-since-mw72
dOrvacasya	Y	Y	N	kept
dOrvarRika	N	Y	N	added-since-mw72
dOzWulya	N	N	N	never-seen
dURASa	N	Y	N	added-since-mw72
dUrAdDi	N	N	N	never-seen
dUrApaRika	N	Y	N	added-since-mw72
dUracara	N	Y	N	added-since-mw72
dUrada	N	Y	N	added-since-mw72
dUrasUrya	N	Y	N	added-since-mw72
dUraveDa	N	Y	N	added-since-mw72
dUray	N	N	N	never-seen
dUreheti	N	Y	N	added-since-mw72
dUta	Y	Y	N	kept
dUtamuKa	N	Y	N	added-since-mw72
dUzay	N	N	N	never-seen
dUzya	Y	Y	N	kept
daB	Y	Y	N	kept
daDigaRa	N	N	N	never-seen
daDigrahapAtra	N	Y	N	added-since-mw72
daDipfzAtaka	N	Y	N	added-since-mw72
daDisamudra	N	Y	N	added-since-mw72
daG	Y	Y	N	kept
daMS	Y	Y	N	kept
daMzwrAkarAlavant	N	N	N	never-seen
daRqaBAsa	N	Y	N	added-since-mw72
daRqaDara	N	Y	N	added-since-mw72
daRqakalitavat	N	Y	N	added-since-mw72
daRqakamaRqalu	N	Y	N	added-since-mw72
daRqaleSa	N	Y	N	added-since-mw72
daRqamuKya	N	Y	N	added-since-mw72
daRqaniyoga	N	Y	N	added-since-mw72
daRqapASika	N	Y	Y	added-since-mw72
daRqaprajita	N	Y	N	added-since-mw72
daRqasTAna	N	Y	N	added-since-mw72
daRqavat	N	Y	N	added-since-mw72
daSAparipAka	N	Y	N	added-since-mw72
daSArDatA	N	Y	N	added-since-mw72
daSAvant	N	N	N	never-seen
daSaSatAra	N	Y	N	added-since-mw72
daSabadDa	N	Y	N	added-since-mw72
daSabalabalin	N	Y	N	added-since-mw72
daSalakzaRa	N	Y	N	added-since-mw72
daSanAli	N	Y	N	added-since-mw72
daSapUlI	N	Y	N	added-since-mw72
daSapala	N	Y	N	added-since-mw72
daSaraTalalitavrata	N	N	N	never-seen
daSayojanI	N	Y	N	added-since-mw72
daSottara	N	Y	Y	added-since-mw72
dadAti	N	Y	N	added-since-mw72
dahanasAraTi	N	Y	Y	added-since-mw72
dahyA	N	N	N	never-seen
dakarAkzasa	N	Y	N	added-since-mw72
dakzajA	N	Y	N	added-since-mw72
dakzaka	N	N	N	never-seen
dakzat	N	Y	N	added-since-mw72
dakziRAgavI	N	Y	N	added-since-mw72
dakziRAparABimuKa	N	Y	N	added-since-mw72
dakziRApavarga	N	Y	N	added-since-mw72
dakziRAprAgagra	N	Y	N	added-since-mw72
dakziRApraharaRa	N	Y	N	added-since-mw72
dakziRApratyakpravaRa	N	Y	N	added-since-mw72
dakziRArDapUrvArDa	N	Y	N	added-since-mw72
dakziRAvarta	N	Y	N	added-since-mw72
dakziRAyana	N	Y	N	added-since-mw72
dakziRIya	Y	Y	N	kept
dakziRa	Y	Y	N	kept
dakziRadeSana	N	N	N	never-seen
dakziRajAnvakta	N	N	N	never-seen
dakziRapUrvAyata	N	Y	N	added-since-mw72
dakziRapaYcAla	N	Y	N	added-since-mw72
dakziRatOpacAra	N	N	N	never-seen
dakziRataHsad	N	Y	N	added-since-mw72
dakziRatonyAya	N	Y	N	added-since-mw72
dakziRopakrama	N	Y	N	added-since-mw72
dakziRottara	N	Y	N	added-since-mw72
dal	Y	Y	N	kept
dalADISvara	N	Y	N	added-since-mw72
dala	Y	Y	N	kept
dalaSas	N	Y	N	added-since-mw72
dalakoSa	N	Y	N	added-since-mw72
dalavIwaka	N	Y	N	added-since-mw72
damaGozaja	N	Y	N	added-since-mw72
damaGozasuta	N	Y	N	added-since-mw72
damaSarIrin	N	Y	N	added-since-mw72
danDana	N	N	N	never-seen
danta	Y	Y	N	kept
dantapAYcAlikA	N	Y	Y	added-since-mw72
dantapAli	N	Y	N	added-since-mw72
dantapattrikA	N	Y	N	added-since-mw72
dantapravezwa	N	Y	N	added-since-mw72
dantaskavana	N	Y	N	added-since-mw72
dantolUKala	N	Y	N	added-since-mw72
danukabanDa	N	Y	N	added-since-mw72
darB	N	N	N	never-seen
darBaRa	N	N	N	never-seen
darBagurumuzwi	N	Y	N	added-since-mw72
darBapavitra	N	Y	N	added-since-mw72
darIBft	N	Y	N	added-since-mw72
darImant	N	N	N	never-seen
darS	N	N	N	never-seen
dardarAmra	N	Y	N	added-since-mw72
dardara	Y	Y	N	kept
darpaR	N	N	N	never-seen
darviBft	N	Y	N	added-since-mw72
darvyudAyuvana	N	Y	N	added-since-mw72
dattArka	N	N	N	never-seen
dattottara	N	Y	Y	added-since-mw72
dattvAdAna	N	Y	N	added-since-mw72
davara	N	Y	N	added-since-mw72
dazwavya	N	Y	Y	added-since-mw72
deSaBaNga	N	Y	N	added-since-mw72
deSakaRwaka	N	Y	N	added-since-mw72
deSakapawu	N	Y	N	added-since-mw72
deSopadeSa	N	Y	N	added-since-mw72
deSya	Y	Y	N	kept
deha	Y	Y	N	kept
dehaMBaravArttika	N	N	N	never-seen
dehabanDa	N	Y	N	added-since-mw72
dehalI	N	Y	N	added-since-mw72
dehapAta	N	Y	N	added-since-mw72
devI	N	Y	Y	added-since-mw72
deva	Y	Y	N	kept
devaBAzyasnAnaviDipadDati	N	Y	N	added-since-mw72
devadeveSa	N	Y	N	added-since-mw72
devagava	N	Y	N	added-since-mw72
devaheqana	N	Y	N	added-since-mw72
devaka	Y	Y	N	kept
devakulika	N	Y	N	added-since-mw72
devalakzma	N	Y	N	added-since-mw72
devamaDu	N	Y	N	added-since-mw72
devamanuzya	N	Y	N	added-since-mw72
devanAma	N	Y	N	added-since-mw72
devanandin	N	Y	N	added-since-mw72
devaniSrayaRI	N	Y	N	added-since-mw72
devanikAya	N	Y	N	added-since-mw72
devapAtra	N	Y	N	added-since-mw72
devapraBa	N	Y	N	added-since-mw72
devapurohita	N	Y	N	added-since-mw72
devasaKi	N	Y	N	added-since-mw72
devasatya	N	Y	N	added-since-mw72
devasena	N	Y	N	added-since-mw72
devatAmaya	N	Y	N	added-since-mw72
devatejyA	N	Y	N	added-since-mw72
devatya	Y	Y	N	kept
devayAnIya	N	Y	N	added-since-mw72
devayaSasa	N	Y	Y	added-since-mw72
devayoni	N	Y	N	added-since-mw72
devikAhavis	N	N	N	never-seen
dfQakzurA	N	Y	N	added-since-mw72
dfQamuzwi	N	Y	N	added-since-mw72
dfQekzurA	N	Y	N	added-since-mw72
dfQikA	N	N	N	never-seen
dfSIku	N	Y	Y	added-since-mw72
dfSvarI	N	N	N	never-seen
dfgruD	N	Y	N	added-since-mw72
dfkkarRa	Y	Y	N	kept
dfti	Y	Y	N	kept
dfzant	N	N	N	never-seen
dfzwAntavant	N	N	N	never-seen
dfzwaDarma	N	Y	N	added-since-mw72
dfzwaDarmika	N	Y	N	added-since-mw72
dfzwacara	N	Y	N	added-since-mw72
dfzwahAni	N	Y	N	added-since-mw72
dfzwapUrvin	N	Y	N	added-since-mw72
dfzwi	Y	Y	N	kept
dfzwigata	N	Y	N	added-since-mw72
dfzwika	N	Y	N	added-since-mw72
dfzwipanTan	N	N	N	never-seen
dfzwivikzepa	N	Y	N	added-since-mw72
diNmAtra	N	Y	N	added-since-mw72
diNnAda	N	N	N	never-seen
diRqika	N	N	N	never-seen
diS	Y	Y	N	kept
diSodAha	N	Y	N	added-since-mw72
digDavidDa	N	Y	N	added-since-mw72
digIS	N	N	N	never-seen
digambara	N	Y	N	added-since-mw72
digvastra	N	Y	N	added-since-mw72
digvilokita	N	N	N	never-seen
digvyApin	N	Y	N	added-since-mw72
dih	Y	Y	N	kept
dinAdi	N	Y	N	added-since-mw72
dinamuKa	N	Y	N	added-since-mw72
dinapAwikA	N	Y	N	added-since-mw72
dinarAja	N	Y	N	added-since-mw72
dinavAra	N	Y	N	added-since-mw72
divABIta	N	Y	N	added-since-mw72
divASayyA	N	Y	N	added-since-mw72
divAniSam	N	Y	N	added-since-mw72
divAvihAra	N	Y	N	added-since-mw72
divOkasa	N	Y	N	added-since-mw72
divyadarSana	N	Y	N	added-since-mw72
divyatA	N	Y	N	added-since-mw72
divyavarzasahasraka	N	N	N	never-seen
dolAyudDa	N	Y	N	added-since-mw72
doza	Y	Y	N	kept
dozaBedIya	N	Y	N	added-since-mw72
dozaguRin	N	Y	N	added-since-mw72
drA	Y	Y	N	kept
drApi	Y	Y	N	kept
drU	Y	Y	N	kept
draQiman	Y	Y	N	kept
dramiqa	N	Y	N	added-since-mw72
drava	Y	Y	N	kept
dravamaya	N	Y	N	added-since-mw72
dravant	N	N	N	never-seen
dravetara	N	Y	N	added-since-mw72
draviReSvara	N	Y	N	added-since-mw72
dravya	Y	Y	N	kept
dravyajAta	N	Y	N	added-since-mw72
dravyamAtrA	N	N	N	never-seen
dravyaprakalpana	N	Y	N	added-since-mw72
droRamuKa	N	Y	N	added-since-mw72
droRi	Y	Y	N	kept
dru	Y	Y	N	kept
drumBUlI	N	Y	N	added-since-mw72
drumavAsin	N	Y	N	added-since-mw72
du	Y	Y	N	kept
duHKAnarha	N	Y	N	added-since-mw72
duHKAsikA	N	Y	N	added-since-mw72
duHKaSokavant	N	N	N	never-seen
duHKahan	N	Y	N	added-since-mw72
duHKajIvin	N	Y	N	added-since-mw72
duHKaprAya	N	Y	N	added-since-mw72
duHKasparSa	N	Y	N	added-since-mw72
duHKavasati	N	Y	N	added-since-mw72
duHKayoga	N	Y	N	added-since-mw72
duHKilatA	N	N	N	never-seen
duHSlizwa	N	N	N	never-seen
duHzamAprABfta	N	N	N	never-seen
duScakzas	N	Y	N	added-since-mw72
dugDamuKa	N	Y	N	added-since-mw72
dugDasamudra	N	Y	N	added-since-mw72
duh	Y	Y	N	kept
durADi	Y	Y	N	kept
durASaMsin	N	Y	N	added-since-mw72
durAkrAma	N	Y	N	added-since-mw72
durAsada	N	Y	N	added-since-mw72
durAvara	N	Y	N	added-since-mw72
durBakza	N	Y	N	added-since-mw72
durBara	N	Y	N	added-since-mw72
durDarza	N	Y	N	added-since-mw72
durDyAna	N	Y	N	added-since-mw72
durIkza	N	Y	N	added-since-mw72
duraBi	N	Y	N	added-since-mw72
duraBisaMBava	N	N	N	never-seen
duraDISvara	N	Y	N	added-since-mw72
duraDyaya	N	Y	N	added-since-mw72
duraHpraBfti	N	Y	N	added-since-mw72
duranuneya	N	Y	N	added-since-mw72
duranuvartya	N	Y	N	added-since-mw72
duranvaya	N	Y	N	added-since-mw72
duravagAha	N	Y	N	added-since-mw72
durbalendriya	N	Y	N	added-since-mw72
durdohA	N	Y	N	added-since-mw72
durgAhlAda	N	Y	N	added-since-mw72
durgAsAvitri	N	N	N	never-seen
duritArRava	N	Y	N	added-since-mw72
durliKita	N	Y	N	added-since-mw72
durmaNku	N	Y	N	added-since-mw72
durmaryAda	N	Y	N	added-since-mw72
durmarzaRa	N	Y	N	added-since-mw72
durnIti	N	Y	N	added-since-mw72
durnivedya	N	Y	N	added-since-mw72
durnyasta	N	Y	N	added-since-mw72
durudAhara	N	Y	N	added-since-mw72
durupasada	Y	Y	N	kept
durvaYca	N	Y	N	added-since-mw72
durvarAha	N	Y	N	added-since-mw72
durvfzwi	N	Y	N	added-since-mw72
durvyavahfti	N	Y	N	added-since-mw72
duryoga	N	Y	N	added-since-mw72
dustawI	N	N	N	never-seen
duz	Y	Y	N	kept
duzWulArocana	N	N	N	never-seen
duzWulapraticCAdana	N	N	N	never-seen
duzkuhaka	N	Y	N	added-since-mw72
duzparimfzwa	N	Y	N	added-since-mw72
duzpoza	N	Y	N	added-since-mw72
duzpraBaYjana	N	Y	N	added-since-mw72
duzprada	N	Y	N	added-since-mw72
duzprakriyA	N	Y	N	added-since-mw72
duzpramaya	N	Y	N	added-since-mw72
duzyanta	Y	Y	N	kept
dvAdaSAyoga	N	Y	N	added-since-mw72
dvAdaSaSatadakziRa	N	Y	N	added-since-mw72
dvAdaSamaYjarikAstotra	N	N	N	never-seen
dvAdaSapaYjarikAstotra	N	Y	N	added-since-mw72
dvAdaSapuzkara	N	Y	N	added-since-mw72
dvAdaSavargIyA	N	Y	N	added-since-mw72
dvAdaSavarzika	N	N	N	never-seen
dvAdaSayoga	N	Y	N	added-since-mw72
dvAra	Y	Y	N	kept
dvArakozWaka	N	N	N	never-seen
dvArapiDAna	N	Y	N	added-since-mw72
dvArasTURA	N	Y	N	added-since-mw72
dvArbAhu	N	Y	N	added-since-mw72
dvAsAha	N	N	N	never-seen
dvEDaMkAram	N	Y	N	added-since-mw72
dvEtavAdin	N	Y	N	added-since-mw72
dvIpavant	N	N	N	never-seen
dvIpeSa	N	Y	N	added-since-mw72
dvIpin	Y	Y	N	kept
dvaMdva	N	Y	N	added-since-mw72
dvaMdvasaMprahAra	N	N	N	never-seen
dvayadvayasamApatti	N	Y	N	added-since-mw72
dveDAkAram	N	Y	N	added-since-mw72
dveDAkriyA	N	Y	N	added-since-mw72
dvezoyavana	N	Y	N	added-since-mw72
dviBAdra	N	Y	N	added-since-mw72
dviBAga	N	Y	N	added-since-mw72
dviDUrvaha	N	Y	N	added-since-mw72
dviHsama	N	Y	N	added-since-mw72
dviSavas	N	Y	N	added-since-mw72
dvicakra	N	Y	N	added-since-mw72
dvidala	N	Y	N	added-since-mw72
dvidevatyapAtra	N	Y	N	added-since-mw72
dvijarAja	N	Y	N	added-since-mw72
dvijatva	N	Y	N	added-since-mw72
dvikAlam	N	Y	N	added-since-mw72
dvimUrDan	N	Y	N	added-since-mw72
dvinizWa	N	N	N	never-seen
dvipAtra	N	Y	N	added-since-mw72
dvipAtrika	N	Y	N	added-since-mw72
dvipeSvara	N	Y	N	added-since-mw72
dvipitar	N	N	N	never-seen
dvipratihAra	N	Y	N	added-since-mw72
dvirAja	N	Y	N	added-since-mw72
dvirnagna	N	Y	N	added-since-mw72
dvisrakti	N	Y	N	added-since-mw72
dvitIyaka	Y	Y	N	kept
dvitris	N	Y	N	added-since-mw72
dvivfntAy	N	N	N	never-seen
dvivrata	N	Y	N	added-since-mw72
dvivyAma	N	Y	N	added-since-mw72
dviyaja	N	Y	N	added-since-mw72
dvyAcita	N	Y	N	added-since-mw72
dvyaRukIy	N	N	N	never-seen
dvyanIka	N	Y	N	added-since-mw72
dyUtaBUmi	N	Y	N	added-since-mw72
dyUtakiMkarI	N	Y	N	added-since-mw72
dyUtamaRqala	N	Y	N	added-since-mw72
dyotA	N	Y	N	added-since-mw72
dyuDAman	N	Y	N	added-since-mw72
dyudantin	N	Y	N	added-since-mw72
dyujana	N	Y	N	added-since-mw72
dyumaryAda	N	Y	N	added-since-mw72
dyumaryAdavant	N	N	N	never-seen
dyumna	Y	Y	N	kept
dyupuraMDri	N	Y	N	added-since-mw72
dyuratna	N	Y	N	added-since-mw72
dyut	Y	Y	N	kept
e	Y	Y	N	kept
eD	Y	Y	N	kept
eRANka	Y	Y	N	kept
eRaka	N	Y	N	added-since-mw72
eRatilaka	N	Y	N	added-since-mw72
eRavilocanA	N	N	N	never-seen
ehiBikzukA	N	Y	Y	added-since-mw72
ekABiBAva	N	N	N	never-seen
ekASIticakrodDAra	N	N	N	never-seen
ekAdaSANgavedin	N	N	N	never-seen
ekAdaSAtmaka	N	N	N	never-seen
ekAdaSImAhAtmya	N	N	N	never-seen
ekAdaSacCadi	N	Y	N	added-since-mw72
ekAdaSaprayoga	N	N	N	never-seen
ekAdaSini	N	N	N	never-seen
ekAgra	N	Y	N	added-since-mw72
ekAkAra	N	N	N	never-seen
ekAkfti	N	N	N	never-seen
ekAkzara	N	Y	N	added-since-mw72
ekAkzipiNgalin	N	Y	Y	added-since-mw72
ekAntI	N	N	N	never-seen
ekAnta	Y	Y	N	kept
ekArkamaRi	N	N	N	never-seen
ekArzeya	N	Y	Y	added-since-mw72
ekAsanika	N	Y	N	added-since-mw72
ekAtapatra	N	Y	N	added-since-mw72
ekAtmapakza	N	Y	Y	added-since-mw72
ekAtmavAdin	N	N	N	never-seen
ekAvacAraka	N	N	N	never-seen
ekAyanIBAva	N	Y	Y	added-since-mw72
ekAzwakAdIkzin	N	N	N	never-seen
ekEkatra	N	Y	Y	added-since-mw72
ekIBAvastotra	N	Y	Y	added-since-mw72
ekIya	Y	Y	Y	kept
ekaBAga	N	Y	N	added-since-mw72
ekaBUyaMs	N	N	N	never-seen
ekaDAraka	N	Y	N	added-since-mw72
ekaDana	N	Y	N	added-since-mw72
ekaDyam	N	N	N	never-seen
ekaSAKa	N	Y	N	added-since-mw72
ekaSAstravAda	N	N	N	never-seen
ekaSIlasamAcAra	N	N	N	never-seen
ekaSIrzA	N	N	N	never-seen
ekaSUla	N	Y	Y	added-since-mw72
ekaSaNKa	N	N	N	never-seen
ekaSarIrin	N	Y	Y	added-since-mw72
ekaSayyAsanASana	N	N	N	never-seen
ekaSayyAsana	N	N	N	never-seen
ekaSeza	N	Y	Y	added-since-mw72
ekaSfNga	N	Y	N	added-since-mw72
ekaSila	N	N	N	never-seen
ekaSlokIvyAKyA	N	N	N	never-seen
ekaberapratizWAviDi	N	N	N	never-seen
ekacCAyApravizwa	N	Y	Y	added-since-mw72
ekadIkzin	N	N	N	never-seen
ekadeSin	N	Y	N	added-since-mw72
ekadeha	N	Y	N	added-since-mw72
ekadugDa	N	Y	N	added-since-mw72
ekadvfca	N	N	N	never-seen
ekadvyantaratryantarASin	N	N	N	never-seen
ekagarBa	N	Y	Y	added-since-mw72
ekagraha	N	N	N	never-seen
ekahAvin	N	N	N	never-seen
ekahavis	N	N	N	never-seen
ekahelam	N	N	N	never-seen
ekahotar	N	N	N	never-seen
ekajvAlI	N	N	N	never-seen
ekajyAvargavikala	N	N	N	never-seen
ekakArya	N	Y	N	added-since-mw72
ekakarRa	N	N	N	never-seen
ekakara	N	Y	N	added-since-mw72
ekakarapAda	N	N	N	never-seen
ekakarman	N	Y	Y	added-since-mw72
ekakriya	N	Y	N	added-since-mw72
ekaloka	N	Y	Y	added-since-mw72
ekamAlA	N	N	N	never-seen
ekamAsa	N	N	N	never-seen
ekanATAryaBAgavata	N	N	N	never-seen
ekanArASaMsa	N	N	N	never-seen
ekaniBa	N	Y	Y	added-since-mw72
ekapAka	N	N	N	never-seen
ekapAtin	N	Y	Y	added-since-mw72
ekapAtra	N	Y	N	added-since-mw72
ekapaSuka	N	Y	N	added-since-mw72
ekapadam	N	Y	Y	added-since-mw72
ekaparvan	N	N	N	never-seen
ekapati	N	Y	Y	added-since-mw72
ekaputra	N	Y	N	added-since-mw72
ekapuzkala	N	Y	N	added-since-mw72
ekapuzkara	N	N	N	never-seen
ekaraSmi	N	N	N	never-seen
ekaraTa	N	Y	N	added-since-mw72
ekasAmi	N	N	N	never-seen
ekasAra	N	N	N	never-seen
ekasTAlIsahAya	N	N	N	never-seen
ekasamutTa	N	N	N	never-seen
ekasara	N	N	N	never-seen
ekasarga	N	Y	N	added-since-mw72
ekasfka	N	Y	N	added-since-mw72
ekastana	N	N	N	never-seen
ekasvizwakft	N	N	N	never-seen
ekatantra	N	N	N	never-seen
ekatejana	N	Y	N	added-since-mw72
ekatomuKa	N	Y	Y	added-since-mw72
ekatvasidDivAda	N	N	N	never-seen
ekatya	N	N	N	never-seen
ekavAram	N	Y	N	added-since-mw72
ekavIcika	N	N	N	never-seen
ekavarRa	N	Y	N	added-since-mw72
ekavara	N	N	N	never-seen
ekavartanin	N	Y	Y	added-since-mw72
ekaveSman	N	Y	N	added-since-mw72
ekaveda	N	Y	Y	added-since-mw72
ekavfkzIya	N	Y	Y	added-since-mw72
ekavfza	N	Y	N	added-since-mw72
ekaviMSatiDAman	N	N	N	never-seen
ekaviMSaticCadi	N	Y	Y	added-since-mw72
ekaviMSavartani	N	N	N	never-seen
ekavidya	N	N	N	never-seen
ekavrata	N	Y	N	added-since-mw72
ekavyUha	N	Y	Y	added-since-mw72
ekavyUhaviBAga	N	N	N	never-seen
ekayoga	N	Y	N	added-since-mw72
ekendriyasaMjYA	N	N	N	never-seen
ekolmuka	N	Y	N	added-since-mw72
ekonapaYcASadDA	N	N	N	never-seen
ekonaviMSatimuKa	N	N	N	never-seen
eqAkzipuzpa	N	N	N	never-seen
eqa	Y	Y	N	kept
eqameqa	N	N	N	never-seen
eqavaRa	N	N	N	never-seen
eraRqa	Y	Y	N	kept
eraka	Y	Y	N	kept
etadupanizad	N	Y	Y	added-since-mw72
etadvid	N	N	N	never-seen
etadyoni	N	Y	N	added-since-mw72
etatkAla	N	N	N	never-seen
etatpraBfti	N	Y	Y	added-since-mw72
evAza	N	Y	Y	added-since-mw72
evaMBAgIya	N	N	N	never-seen
evaMSIla	N	Y	Y	added-since-mw72
evaMdevata	N	N	N	never-seen
evaMgotra	N	Y	Y	added-since-mw72
evaMkarman	N	Y	Y	added-since-mw72
evaMkramaka	N	N	N	never-seen
evaMkxpta	N	Y	Y	added-since-mw72
evaMlakzaRa	N	N	N	never-seen
evaMpariRAma	N	N	N	never-seen
evaMpramuKa	N	N	N	never-seen
evaMpravAda	N	N	N	never-seen
evaMsaMjYin	N	N	N	never-seen
evaMsuKaduHKaprativedin	N	N	N	never-seen
evaMvAdin	N	N	N	never-seen
evaMvarRa	N	N	N	never-seen
evaMvfttasamAcAra	N	N	N	never-seen
evaMvidus	N	Y	Y	added-since-mw72
evaMvihita	N	N	N	never-seen
evaMyukta	N	N	N	never-seen
evam	Y	Y	N	kept
evamAyuzyaparyanta	N	N	N	never-seen
evamAyuzyapramARa	N	N	N	never-seen
ewaka	N	N	N	never-seen
ez	Y	Y	N	kept
ezwar	N	N	N	never-seen
fRa	Y	Y	N	kept
fRaDara	N	N	N	never-seen
fRahara	N	N	N	never-seen
fRavimocanaSAnti	N	N	N	never-seen
fYjase	N	N	N	never-seen
fbIsapakva	N	Y	N	added-since-mw72
fcaka	N	N	N	never-seen
fcase	N	N	N	never-seen
fdDa	Y	Y	N	kept
fdDimant	N	N	N	never-seen
fdDyaBisaMskAra	N	Y	Y	added-since-mw72
fguttama	N	Y	N	added-since-mw72
fgvedapada	N	N	N	never-seen
fgyajuHsAmAdimaya	N	N	N	never-seen
fjukarma	N	N	N	never-seen
fjuvivaraRa	N	N	N	never-seen
fjvAgata	N	Y	Y	added-since-mw72
fkza	Y	Y	N	kept
fkzabila	N	Y	Y	added-since-mw72
fkzakarRI	N	Y	Y	added-since-mw72
fkzavarRa	N	Y	Y	added-since-mw72
fllIsaka	N	N	N	never-seen
fta	Y	Y	N	kept
ftaSrI	N	Y	Y	added-since-mw72
ftavya	Y	Y	N	kept
fte	Y	Y	N	kept
fteBaNga	N	Y	Y	added-since-mw72
ftespya	N	N	N	never-seen
ftokti	N	Y	Y	added-since-mw72
ftudevata	N	Y	Y	added-since-mw72
ftugamana	N	Y	Y	added-since-mw72
ftumuKIya	N	N	N	never-seen
ftupAtra	N	Y	N	added-since-mw72
ftusamAhAra	N	N	N	never-seen
ftusamAveSana	N	Y	Y	added-since-mw72
ftuvyAvftti	N	Y	Y	added-since-mw72
ftva	N	Y	N	added-since-mw72
ftvan	N	Y	Y	added-since-mw72
ftvya	N	Y	N	added-since-mw72
fzaBa	Y	Y	Y	kept
fzaBacarma	N	Y	Y	added-since-mw72
fzaBanATacaritra	N	N	N	never-seen
fzi	Y	Y	N	kept
fzideSa	N	Y	N	added-since-mw72
fzikalpa	N	Y	N	added-since-mw72
fzimaRqalaprakaraRa	N	N	N	never-seen
fzivAwa	N	Y	Y	added-since-mw72
fzwika	N	Y	N	added-since-mw72
gA	Y	Y	N	kept
gADiBU	N	Y	N	added-since-mw72
gANgOcya	N	N	N	never-seen
gAQavarcastva	N	Y	N	added-since-mw72
gARqAlI	N	Y	N	added-since-mw72
gATAnArASaMsI	N	Y	N	added-since-mw72
gAh	Y	Y	N	kept
gAjara	N	Y	Y	added-since-mw72
gAmBIra	N	Y	N	added-since-mw72
gAnDarvavidyA	N	Y	N	added-since-mw72
gAnIya	Y	Y	N	kept
gArDa	N	N	N	never-seen
gArDapfzwa	N	N	N	never-seen
gArdaBa	Y	Y	N	kept
gArga	Y	Y	N	kept
gAtrAvara	N	Y	N	added-since-mw72
gAtra	Y	Y	N	kept
gAtraSayya	N	Y	Y	added-since-mw72
gAtrayuta	N	Y	N	added-since-mw72
gAtrikAgranTi	N	Y	N	added-since-mw72
gAvaya	N	Y	N	added-since-mw72
gAyatrI	N	Y	N	added-since-mw72
gAyatrIhfdaya	N	N	N	never-seen
gAyatrIyAman	N	Y	N	added-since-mw72
gErikAKya	N	Y	N	added-since-mw72
gErika	Y	Y	N	kept
gIrvARaSloka	N	N	N	never-seen
gIrvant	N	N	N	never-seen
gItA	N	Y	N	added-since-mw72
gOBila	N	Y	N	added-since-mw72
gODUma	Y	Y	N	kept
gOcya	N	N	N	never-seen
gOlAkzIya	N	N	N	never-seen
gOlmika	Y	Y	N	kept
gOqabrahmAnanda	N	N	N	never-seen
gOrAvaskandin	N	N	N	never-seen
gOrI	N	Y	N	added-since-mw72
gOra	Y	Y	N	kept
gOrijeya	N	Y	N	added-since-mw72
gOrjara	N	Y	N	added-since-mw72
gOtama	Y	Y	N	kept
gOtamaDarma	N	N	N	never-seen
gUQAgAra	N	Y	N	added-since-mw72
gUQAgUQatva	N	Y	N	added-since-mw72
gUQagulPa	N	N	N	never-seen
gUQamantra	N	Y	Y	added-since-mw72
gUQavarcas	N	Y	N	added-since-mw72
gUQodaka	N	N	N	never-seen
gUha	N	Y	N	added-since-mw72
gUrd	Y	Y	N	kept
gaMhman	N	Y	N	added-since-mw72
gaNgarAmaBawwa	N	N	N	never-seen
gaNgezwikA	N	N	N	never-seen
gaRADipati	N	Y	N	added-since-mw72
gaRaDarasArDaSataka	N	N	N	never-seen
gaRakAnanda	N	N	N	never-seen
gaRaka	Y	Y	N	kept
gaRakamahAmAtra	N	Y	Y	added-since-mw72
gaRanApati	N	Y	N	added-since-mw72
gaRanApattrikA	N	Y	N	added-since-mw72
gaRaniGaRwu	N	N	N	never-seen
gaRarAtra	N	Y	N	added-since-mw72
gaRatrikA	N	Y	N	added-since-mw72
gaReSvaradIkzita	N	N	N	never-seen
gaRikAtva	N	N	N	never-seen
gaRin	Y	Y	N	kept
gaRisTarAja	N	Y	N	added-since-mw72
gaRita	Y	Y	N	kept
gaRitra	N	Y	Y	added-since-mw72
gaRitrikA	N	Y	N	added-since-mw72
gaRqIkowanaka	N	N	N	never-seen
gaRqa	Y	Y	Y	kept
gaRqaberuRqanfsiMhamantra	N	N	N	never-seen
gaRqaka	Y	Y	N	kept
gaRqalavaRa	N	Y	N	added-since-mw72
gaRqaleKA	N	Y	N	added-since-mw72
gaRqi	Y	Y	N	kept
gaRqopala	N	Y	N	added-since-mw72
gaYjAkinI	Y	Y	N	kept
gaYjapati	N	N	N	never-seen
gaYjulikA	N	N	N	never-seen
gacCanirgata	N	N	N	never-seen
gad	Y	Y	N	kept
gadA	Y	Y	N	kept
gadADarIya	N	N	N	never-seen
gadDi	N	N	N	never-seen
gaganANgaRa	N	Y	Y	added-since-mw72
gaganagaYja	N	Y	N	added-since-mw72
gaganagirimunIndracarita	N	N	N	never-seen
gaganalih	N	Y	N	added-since-mw72
gaganapariDAna	N	Y	Y	added-since-mw72
gaganavallaBa	N	Y	N	added-since-mw72
gahanezWa	N	Y	Y	added-since-mw72
gajAhva	N	Y	N	added-since-mw72
gajAsTija	N	N	N	never-seen
gajAvartalakzaRa	N	N	N	never-seen
gajaBawwa	N	N	N	never-seen
gajapUrva	N	Y	Y	added-since-mw72
gajapati	N	Y	N	added-since-mw72
gajasUtravAda	N	N	N	never-seen
gajasiMha	N	Y	N	added-since-mw72
gajaskanDa	N	Y	N	added-since-mw72
gajendramokza	N	N	N	never-seen
gal	Y	Y	N	kept
galagrAhit	N	N	N	never-seen
galagranTi	N	Y	Y	added-since-mw72
galaranDra	N	Y	Y	added-since-mw72
galdA	N	Y	N	added-since-mw72
gallarka	N	N	N	never-seen
galunta	N	Y	N	added-since-mw72
gam	Y	Y	N	kept
gamAgamika	N	N	N	never-seen
gamBIraGozasvaranAdita	N	N	N	never-seen
gamBara	N	Y	N	added-since-mw72
gamanavant	N	N	N	never-seen
gamika	N	Y	Y	added-since-mw72
gamizRu	N	Y	N	added-since-mw72
ganDahastin	N	Y	Y	added-since-mw72
ganDakArI	N	Y	N	added-since-mw72
ganDakAraka	N	Y	N	added-since-mw72
ganDaka	Y	Y	N	kept
ganDamAMsi	N	N	N	never-seen
ganDamfga	N	Y	N	added-since-mw72
ganDana	Y	Y	N	kept
ganDapAna	N	Y	N	added-since-mw72
ganDapAzARavant	N	N	N	never-seen
ganDapravAdA	N	N	N	never-seen
ganDarAja	N	Y	N	added-since-mw72
ganDarva	Y	Y	N	kept
ganDarvakanyA	N	Y	N	added-since-mw72
ganDarvaloka	N	Y	N	added-since-mw72
ganDarvapratyupasTitA	N	N	N	never-seen
ganDasinDura	N	N	N	never-seen
ganDasragdAmavant	N	N	N	never-seen
ganDavant	N	N	N	never-seen
ganDika	Y	Y	N	kept
ganDodaka	N	Y	N	added-since-mw72
gaqa	Y	Y	N	kept
gaqera	Y	Y	N	kept
gaqika	N	Y	N	added-since-mw72
gaqquka	Y	Y	N	kept
gaqula	Y	Y	N	kept
gar	N	N	N	never-seen
garBAgAra	N	Y	N	added-since-mw72
garBAvezwana	N	N	N	never-seen
garBa	Y	Y	N	kept
garBacikitsA	N	N	N	never-seen
garBamft	N	Y	Y	added-since-mw72
garBanirharaRa	N	Y	N	added-since-mw72
garBaprAvaraRa	N	Y	Y	added-since-mw72
garBapurImAhAtmya	N	N	N	never-seen
garBapuroqASa	N	Y	N	added-since-mw72
garBarUpaka	N	Y	N	added-since-mw72
garBasaMskAra	N	Y	Y	added-since-mw72
garBasaMsravaRa	N	Y	N	added-since-mw72
garBasrAvin	N	Y	N	added-since-mw72
garagir	N	Y	N	added-since-mw72
garda	N	Y	N	added-since-mw72
gargatrirAtra	N	Y	N	added-since-mw72
garizWa	Y	Y	N	kept
garji	Y	Y	N	kept
garmut	Y	Y	N	kept
gartamit	N	Y	N	added-since-mw72
gartezWA	N	Y	N	added-since-mw72
gartya	N	Y	N	added-since-mw72
garuqadaRqaka	N	N	N	never-seen
garuqaketu	N	Y	N	added-since-mw72
garva	Y	Y	N	kept
garvita	Y	Y	N	kept
gatADvan	N	Y	N	added-since-mw72
gata	Y	Y	N	kept
gatalajja	N	Y	N	added-since-mw72
gatalakzmIka	N	Y	N	added-since-mw72
gatamanaska	N	Y	N	added-since-mw72
gatapUrva	N	N	N	never-seen
gatasvArTa	N	Y	N	added-since-mw72
gatatrapa	N	Y	N	added-since-mw72
gati	Y	Y	N	kept
gatvara	Y	Y	N	kept
gavAlamBa	N	Y	Y	added-since-mw72
gavAsTi	N	Y	Y	added-since-mw72
gavInI	N	Y	Y	added-since-mw72
gava	Y	Y	N	kept
gavadika	N	Y	N	added-since-mw72
gehAnupraveSanIya	N	Y	N	added-since-mw72
gehAvaskandam	N	Y	N	added-since-mw72
geha	Y	Y	Y	kept
gfB	Y	Y	N	kept
gfDraSIrzan	N	Y	N	added-since-mw72
gfDreSvara	N	Y	N	added-since-mw72
gfYjanaka	Y	Y	N	kept
gfdDitva	N	Y	N	added-since-mw72
gfhAy	N	N	N	never-seen
gfhItadikka	N	Y	N	added-since-mw72
gfhItapfzWa	N	Y	N	added-since-mw72
gfhItavasatIvarIka	N	Y	N	added-since-mw72
gfha	Y	Y	Y	kept
gfhacAraka	N	N	N	never-seen
gfhadAha	N	Y	N	added-since-mw72
gfhadevatA	N	Y	N	added-since-mw72
gfhagupta	N	Y	N	added-since-mw72
gfhaka	N	Y	Y	added-since-mw72
gfhakumArI	N	Y	N	added-since-mw72
gfhameDA	N	N	N	never-seen
gfhanirvAha	N	Y	Y	added-since-mw72
gfhapAta	N	Y	N	added-since-mw72
gfhapIWikA	N	N	N	never-seen
gfhapUjA	N	Y	Y	added-since-mw72
gfhapativadana	N	Y	Y	added-since-mw72
gfhasTa	N	Y	N	added-since-mw72
gfhaye	N	N	N	never-seen
gfhya	Y	Y	N	kept
gfhyapIWikA	N	N	N	never-seen
gfzwikA	Y	Y	N	kept
gir	Y	Y	N	kept
girI	N	N	N	never-seen
giriSaya	N	Y	N	added-since-mw72
giricArin	N	Y	N	added-since-mw72
girika	Y	Y	N	kept
girinadikA	N	Y	N	added-since-mw72
girirAja	N	N	N	never-seen
girirUpa	N	Y	N	added-since-mw72
girisuta	N	Y	N	added-since-mw72
glAnapratyayaBEzajya	N	N	N	never-seen
glAnatA	N	N	N	never-seen
glaTamlaTa	N	N	N	never-seen
glahana	Y	Y	N	kept
glunTa	N	Y	N	added-since-mw72
go	Y	Y	N	kept
goDanagiri	N	N	N	never-seen
goLikA	N	N	N	never-seen
goPaRA	N	Y	N	added-since-mw72
goSAlIputra	N	N	N	never-seen
goSAstra	N	N	N	never-seen
goagra	N	Y	N	added-since-mw72
gocara	N	Y	Y	added-since-mw72
gocaraBAzAmuhUrtaviDi	N	N	N	never-seen
gocarapariSudDa	N	N	N	never-seen
gocarika	N	Y	N	added-since-mw72
godAnavrata	N	Y	Y	added-since-mw72
godApariRaya	N	N	N	never-seen
goda	Y	Y	N	kept
gograha	N	Y	N	added-since-mw72
gohara	N	Y	N	added-since-mw72
gokaRwaka	N	Y	N	added-since-mw72
gokuRika	N	Y	N	added-since-mw72
golaBa	N	N	N	never-seen
golaka	Y	Y	N	kept
gomatallikA	N	Y	N	added-since-mw72
gomaya	N	Y	N	added-since-mw72
gomedasaMniBa	N	Y	N	added-since-mw72
gomfgakAkacaryA	N	Y	N	added-since-mw72
gominda	N	N	N	never-seen
gomuRqa	N	Y	N	added-since-mw72
gonihAra	N	Y	N	added-since-mw72
gopAcala	N	Y	Y	added-since-mw72
gopAla	N	Y	N	added-since-mw72
gopAlagiri	N	Y	N	added-since-mw72
gopAlaratnAkara	N	N	N	never-seen
gopAyaka	Y	Y	N	kept
gopIcandanamAhAtmya	N	N	N	never-seen
gopItilakA	N	N	N	never-seen
gopa	Y	Y	N	kept
gopadmavrata	N	N	N	never-seen
gopaticApa	N	Y	N	added-since-mw72
gopay	N	N	N	never-seen
gopitar	N	N	N	never-seen
gopiwaka	N	Y	N	added-since-mw72
goprapadanIya	N	Y	N	added-since-mw72
goptfmant	N	N	N	never-seen
gorAsya	N	Y	N	added-since-mw72
goruta	N	Y	N	added-since-mw72
gosahasrin	N	N	N	never-seen
gotrika	N	Y	N	added-since-mw72
gotrin	N	Y	N	added-since-mw72
govarDana	N	Y	N	added-since-mw72
govindagItA	N	N	N	never-seen
govindapAla	N	Y	N	added-since-mw72
govindarAjIya	N	N	N	never-seen
gozWIpurImAhAtmya	N	N	N	never-seen
gozWa	Y	Y	N	kept
gozWaSva	N	Y	N	added-since-mw72
gozWodumbara	N	Y	Y	added-since-mw72
gozpadapUram	N	Y	N	added-since-mw72
grAha	Y	Y	N	kept
grAhakatva	N	Y	Y	added-since-mw72
grAhayitavya	N	Y	N	added-since-mw72
grAhin	Y	Y	N	kept
grAhyarUpa	N	Y	N	added-since-mw72
grAma	Y	Y	N	kept
grAmaGAtaka	N	Y	N	added-since-mw72
grAmaGAtin	N	Y	N	added-since-mw72
grAmaRiBogIna	N	Y	N	added-since-mw72
grAmakUwa	N	Y	N	added-since-mw72
grAmapAlaka	N	Y	N	added-since-mw72
grAmarajaka	N	Y	N	added-since-mw72
grAmasad	N	Y	N	added-since-mw72
grAmasiMha	N	Y	N	added-since-mw72
grAmeya	Y	Y	N	kept
grAmeyaka	Y	Y	N	kept
grAmya	Y	Y	Y	kept
grAmyamfga	N	Y	N	added-since-mw72
grAsapAtrI	N	N	N	never-seen
grAvaReya	N	N	N	never-seen
grAvarohaka	N	Y	N	added-since-mw72
grIvabadDa	N	Y	Y	added-since-mw72
grIzma	Y	Y	N	kept
graB	Y	Y	N	kept
graT	Y	Y	N	kept
grahAntarukTya	N	Y	Y	added-since-mw72
grahArcanaprokzaRa	N	N	N	never-seen
grahaRa	Y	Y	N	kept
grahaRaka	Y	Y	Y	kept
grahaRakriyAkrama	N	N	N	never-seen
grahagocaraPala	N	N	N	never-seen
grahamarda	N	Y	N	added-since-mw72
grahatva	N	Y	N	added-since-mw72
grahavarza	N	Y	N	added-since-mw72
grahavicAra	N	N	N	never-seen
grahi	Y	Y	N	kept
grahika	N	N	N	never-seen
grahilI	N	N	N	never-seen
granTAvftti	N	Y	N	added-since-mw72
granTi	Y	Y	Y	kept
granTimocaka	N	Y	N	added-since-mw72
greDa	N	N	N	never-seen
grumuzwi	N	Y	N	added-since-mw72
guMkAra	N	Y	N	added-since-mw72
guNguma	N	Y	Y	added-since-mw72
guP	Y	Y	N	kept
guPA	N	N	N	never-seen
guRAQya	N	Y	N	added-since-mw72
guRAgrya	N	Y	N	added-since-mw72
guRAnvita	N	Y	N	added-since-mw72
guRa	Y	Y	Y	kept
guRaSabda	N	Y	N	added-since-mw72
guRagaRavant	N	N	N	never-seen
guRapAWa	N	N	N	never-seen
guRaratnamaya	N	Y	N	added-since-mw72
guRastu	N	N	N	never-seen
guRasundara	N	Y	N	added-since-mw72
guRatas	N	Y	N	added-since-mw72
guRavrata	N	Y	N	added-since-mw72
guRay	N	N	N	never-seen
guRq	Y	Y	N	kept
guRya	Y	Y	N	kept
guYja	Y	Y	N	kept
guYjita	Y	Y	N	kept
gucCArka	N	Y	N	added-since-mw72
guh	Y	Y	N	kept
guhyapatividyA	N	Y	N	added-since-mw72
guhyaruj	N	Y	N	added-since-mw72
gulPajAha	N	Y	N	added-since-mw72
gulmatarapaRya	N	Y	N	added-since-mw72
gumPanikA	N	Y	Y	added-since-mw72
gumagumAyita	N	Y	N	added-since-mw72
gup	Y	Y	N	kept
guptI	N	N	N	never-seen
guptaDana	N	Y	N	added-since-mw72
guqajihvikAnyAya	N	Y	N	added-since-mw72
guqala	Y	Y	N	kept
gur	Y	Y	N	kept
guru	Y	Y	N	kept
guruvAra	N	Y	N	added-since-mw72
guruvartaka	N	Y	N	added-since-mw72
guruvartin	N	Y	N	added-since-mw72
guruviDivijaya	N	N	N	never-seen
guwikAstra	N	Y	N	added-since-mw72
hA	Y	Y	N	kept
hAra	Y	Y	N	kept
hAraka	Y	Y	N	kept
haMsaka	Y	Y	N	kept
haMsatUlikA	N	Y	N	added-since-mw72
hala	Y	Y	N	kept
halaka	N	Y	N	added-since-mw72
han	Y	Y	N	kept
hantakAra	N	Y	N	added-since-mw72
har	N	N	N	never-seen
haray	N	N	N	never-seen
harinmaRimaya	N	Y	N	added-since-mw72
harisaKa	N	Y	N	added-since-mw72
haritahari	N	Y	N	added-since-mw72
harza	Y	Y	N	kept
hasakft	N	Y	N	added-since-mw72
hasanA	N	Y	N	added-since-mw72
hasantikA	Y	Y	N	kept
hastAvalehakam	N	Y	N	added-since-mw72
hastasaMDunakam	N	Y	N	added-since-mw72
hastasaMlagnikA	N	Y	N	added-since-mw72
hastikakza	N	Y	N	added-since-mw72
hatastrIka	N	Y	N	added-since-mw72
hatottara	N	Y	N	added-since-mw72
havizyaBakza	N	Y	N	added-since-mw72
hemARqaka	N	Y	N	added-since-mw72
hemAy	N	N	N	never-seen
hemacitra	N	Y	N	added-since-mw72
hemna	N	Y	N	added-since-mw72
hetuyukta	N	Y	N	added-since-mw72
hez	Y	Y	N	kept
hfdayasTalI	N	Y	N	added-since-mw72
hi	Y	Y	N	kept
hiNkriyA	N	Y	N	added-since-mw72
himAy	N	N	N	never-seen
hiruka	N	Y	N	added-since-mw72
hrI	Y	Y	N	kept
i	Y	Y	N	kept
iBavant	N	N	N	never-seen
iD	Y	Y	N	kept
iDmAbarhis	N	Y	N	added-since-mw72
iDmabarhis	N	N	N	never-seen
iDman	N	Y	Y	added-since-mw72
iDmaparivAsana	N	Y	N	added-since-mw72
iDmavraScana	N	Y	N	added-since-mw72
iNgAla	N	N	N	never-seen
iNgitamaraRa	N	Y	Y	added-since-mw72
iNgudi	N	N	N	never-seen
iNgyaratna	N	N	N	never-seen
iRqva	Y	Y	N	kept
icCAsadfSa	N	Y	Y	added-since-mw72
icCantika	N	N	N	never-seen
idaMPala	N	N	N	never-seen
idaMmaDura	N	N	N	never-seen
idaMyugIna	N	Y	Y	added-since-mw72
ihArTin	N	Y	Y	added-since-mw72
ihamanas	N	Y	Y	added-since-mw72
ihehamAtar	N	N	N	never-seen
iheqa	N	Y	Y	added-since-mw72
ikawI	N	N	N	never-seen
ikzudaRqamaya	N	N	N	never-seen
ikzukARqa	N	Y	N	added-since-mw72
ikzurasasamudra	N	N	N	never-seen
ilAsura	N	N	N	never-seen
ilAsutA	N	Y	Y	added-since-mw72
ilAvfta	N	Y	N	added-since-mw72
im	N	Y	N	added-since-mw72
ima	Y	Y	N	kept
inDana	Y	Y	N	kept
inDanvant	N	N	N	never-seen
indIvarAkza	N	Y	N	added-since-mw72
indIvaradfS	N	Y	Y	added-since-mw72
indindira	Y	N	N	dropped
indirA	Y	Y	N	kept
indirApariRaya	N	N	N	never-seen
indrARIgOrIpUjA	N	Y	Y	added-since-mw72
indrARImaha	N	N	N	never-seen
indrASana	N	Y	N	added-since-mw72
indrAvasikta	N	Y	Y	added-since-mw72
indra	Y	Y	N	kept
indraDfti	N	N	N	never-seen
indraSrI	N	N	N	never-seen
indradEvatya	N	N	N	never-seen
indragfha	N	Y	Y	added-since-mw72
indrajAla	N	Y	N	added-since-mw72
indrajaya	N	N	N	never-seen
indrakIla	N	Y	N	added-since-mw72
indrakarman	N	Y	Y	added-since-mw72
indraketu	N	Y	N	added-since-mw72
indramaGaSrI	N	Y	Y	added-since-mw72
indramahakAmuka	N	Y	N	added-since-mw72
indranIlaka	N	Y	N	added-since-mw72
indranIlamaRimaya	N	N	N	never-seen
indrapASa	N	N	N	never-seen
indrapawa	N	N	N	never-seen
indraprasTamAhAtmya	N	N	N	never-seen
indraprayARa	N	Y	Y	added-since-mw72
indrapucCa	N	N	N	never-seen
indrapuruza	N	N	N	never-seen
indrarAja	N	Y	Y	added-since-mw72
indrasava	N	Y	N	added-since-mw72
indrasuta	N	Y	N	added-since-mw72
indravajra	N	Y	N	added-since-mw72
indravarRa	N	N	N	never-seen
indrayAjin	N	N	N	never-seen
indriyaBAvanA	N	Y	Y	added-since-mw72
indriyaparimocana	N	Y	Y	added-since-mw72
indriyasevana	N	Y	Y	added-since-mw72
indrotTApana	N	N	N	never-seen
indudala	N	Y	N	added-since-mw72
indugOra	N	Y	Y	added-since-mw72
indukAnta	N	Y	N	added-since-mw72
induka	Y	Y	N	kept
indumaRI	N	N	N	never-seen
indumaRIy	N	N	N	never-seen
induratneSvaraprasAda	N	N	N	never-seen
induvaktrA	N	N	N	never-seen
iqAtva	N	N	N	never-seen
iqenyakratu	N	N	N	never-seen
ir	Y	Y	N	kept
irA	Y	Y	N	kept
iraRya	N	Y	N	added-since-mw72
irasy	N	N	N	never-seen
iriRalozwa	N	Y	Y	added-since-mw72
itAnta	N	Y	Y	added-since-mw72
itTaMgata	N	N	N	never-seen
itTam	Y	Y	N	kept
itas	Y	Y	N	kept
iti	Y	Y	Y	kept
itikartavyatAka	N	N	N	never-seen
itikrama	N	N	N	never-seen
itvara	Y	Y	N	kept
iva	Y	Y	N	kept
iyakz	Y	Y	N	kept
iyata	N	N	N	never-seen
iz	Y	Y	N	kept
izADAra	N	N	N	never-seen
izIkAYji	N	Y	Y	added-since-mw72
izUguha	N	Y	Y	added-since-mw72
izavant	N	N	N	never-seen
izuDanva	N	Y	N	added-since-mw72
izuDi	Y	Y	N	kept
izuhasta	N	Y	N	added-since-mw72
izukft	N	Y	N	added-since-mw72
izumuKa	N	Y	Y	added-since-mw72
izunibanDana	N	Y	Y	added-since-mw72
izvASanI	N	N	N	never-seen
izvastra	N	Y	N	added-since-mw72
izwApUrta	N	Y	N	added-since-mw72
izwakAmaya	N	Y	N	added-since-mw72
izwani	Y	Y	Y	kept
izwatas	N	Y	N	added-since-mw72
izwatva	N	Y	N	added-since-mw72
izwimaya	N	Y	Y	added-since-mw72
izwinirRaya	N	N	N	never-seen
izwiviDa	N	N	N	never-seen
izwu	Y	Y	N	kept
izwvInam	N	Y	Y	added-since-mw72
jANgalIka	N	N	N	never-seen
jAgaritadeSa	N	Y	Y	added-since-mw72
jAgratprapaYca	N	Y	Y	added-since-mw72
jAlAvanadDa	N	Y	N	added-since-mw72
jAlImAMsa	N	N	N	never-seen
jAla	Y	Y	N	kept
jAlin	Y	Y	N	kept
jAmbavatIharaRa	N	Y	N	added-since-mw72
jAmbavatIvijaya	N	Y	N	added-since-mw72
jAmi	Y	Y	N	kept
jAmivat	N	Y	N	added-since-mw72
jAnana	N	N	N	never-seen
jAnvakna	N	Y	N	added-since-mw72
jAnvasTi	N	Y	N	added-since-mw72
jAqAyana	N	Y	N	added-since-mw72
jAqyavant	N	N	N	never-seen
jArUTya	Y	Y	N	kept
jArajanman	N	Y	N	added-since-mw72
jAtabudDi	N	Y	N	added-since-mw72
jAtaka	Y	Y	N	kept
jAtamfta	N	Y	N	added-since-mw72
jAtaputra	N	Y	N	added-since-mw72
jAtavAsaka	N	Y	N	added-since-mw72
jAtavedas	N	Y	Y	added-since-mw72
jAtavidyA	N	Y	Y	added-since-mw72
jAtiKaRqana	N	N	N	never-seen
jAtyantarIyaka	N	Y	Y	added-since-mw72
jAtyapahArin	N	Y	N	added-since-mw72
jAtyaratnamaya	N	Y	N	added-since-mw72
jAva	N	N	N	never-seen
jAvita	N	N	N	never-seen
jAyAMpatika	N	N	N	never-seen
jAyAnya	Y	Y	Y	kept
jEvAtfka	Y	Y	N	kept
jEva	Y	Y	N	kept
jEzRava	Y	Y	N	kept
jIrvi	Y	Y	N	kept
jIv	Y	Y	N	kept
jIvAntarhita	N	N	N	never-seen
jIvAtu	Y	Y	N	kept
jIvI	N	Y	Y	added-since-mw72
jIva	Y	Y	Y	kept
jIvaGAtyA	N	Y	N	added-since-mw72
jIvaMjIva	N	Y	N	added-since-mw72
jIvacUrRa	N	Y	Y	added-since-mw72
jIvadBartfkA	N	Y	N	added-since-mw72
jIvadatta	N	Y	N	added-since-mw72
jIvadviBAga	N	Y	Y	added-since-mw72
jIvaka	Y	Y	N	kept
jIvamezaka	N	Y	N	added-since-mw72
jIvanASa	N	Y	Y	added-since-mw72
jIvanta	Y	Y	N	kept
jIvantaka	N	Y	N	added-since-mw72
jIvantiSUlA	N	N	N	never-seen
jIvaputra	N	Y	N	added-since-mw72
jIvataRqula	N	Y	N	added-since-mw72
jIvavizARa	N	Y	N	added-since-mw72
jIvin	Y	Y	Y	kept
jIviteSa	N	Y	N	added-since-mw72
jUra	N	Y	N	added-since-mw72
jYA	Y	Y	N	kept
jYAnAgni	N	Y	N	added-since-mw72
jYAnAnuparivartin	N	N	N	never-seen
jYAna	Y	Y	N	kept
jYAnadarSana	N	Y	N	added-since-mw72
jYAnakOtUhala	N	Y	Y	added-since-mw72
jYAnaketu	N	Y	N	added-since-mw72
jYAnapUrvakfta	N	Y	N	added-since-mw72
jYAnavatI	N	N	N	never-seen
jYAnavfdDa	N	Y	N	added-since-mw72
jYApti	Y	Y	N	kept
jYAtakulIna	N	Y	N	added-since-mw72
jYAtasarvasva	N	Y	N	added-since-mw72
jYAteya	Y	Y	N	kept
jYAtiputra	N	Y	N	added-since-mw72
jYapti	Y	Y	N	kept
jaGanatas	N	Y	N	added-since-mw72
jaGna	N	N	N	never-seen
jaNGAvihAra	N	Y	N	added-since-mw72
jaNgala	Y	Y	N	kept
jaWarajvalana	N	Y	N	added-since-mw72
jagDa	Y	Y	N	kept
jagat	Y	Y	Y	kept
jagatImaDya	N	Y	N	added-since-mw72
jagatkAraRakAraRa	N	Y	N	added-since-mw72
jagatsUtravAdArTa	N	N	N	never-seen
jahA	Y	Y	Y	kept
jaha	N	Y	N	added-since-mw72
jalAmatra	N	Y	N	added-since-mw72
jalaDenu	N	Y	N	added-since-mw72
jalaDikanyakA	N	Y	N	added-since-mw72
jalaSAyin	N	Y	N	added-since-mw72
jalacandra	N	Y	N	added-since-mw72
jaladakAla	N	Y	N	added-since-mw72
jalakAntASman	N	Y	N	added-since-mw72
jalakapi	N	Y	N	added-since-mw72
jalakumBikA	N	Y	N	added-since-mw72
jalamAnuza	N	Y	N	added-since-mw72
jalamAtaNga	N	Y	N	added-since-mw72
jalapUrRa	N	Y	Y	added-since-mw72
jalapaTa	N	Y	N	added-since-mw72
jalaprAya	N	Y	N	added-since-mw72
jalareKA	N	Y	N	added-since-mw72
jalaruhekzaRA	N	N	N	never-seen
jalasaMniveSa	N	Y	N	added-since-mw72
jalavAsa	N	Y	N	added-since-mw72
jalavAyasa	N	Y	N	added-since-mw72
jalodanapaYcaka	N	N	N	never-seen
jalpAkay	N	N	N	never-seen
jamBArAti	N	Y	Y	added-since-mw72
jamBa	Y	Y	N	kept
jamBam	N	N	N	never-seen
jamBaniSumBana	N	Y	Y	added-since-mw72
jamBasuta	N	Y	N	added-since-mw72
jamBi	N	N	N	never-seen
jambU	N	Y	N	added-since-mw72
jambUsvAmi	N	N	N	never-seen
jambuka	Y	Y	N	kept
jan	Y	Y	N	kept
janADipa	N	Y	N	added-since-mw72
janAnta	N	Y	N	added-since-mw72
janAtiga	N	Y	N	added-since-mw72
jana	Y	Y	N	kept
janacandra	N	Y	N	added-since-mw72
janakAya	N	Y	Y	added-since-mw72
janaka	Y	Y	N	kept
janamahiza	N	N	N	never-seen
jananATa	N	Y	N	added-since-mw72
janapadaGAtaka	N	Y	N	added-since-mw72
janapadakalyARa	N	N	N	never-seen
janaraYjana	N	Y	N	added-since-mw72
janasaMmarda	N	N	N	never-seen
janduraka	N	Y	N	added-since-mw72
janidivasa	N	Y	N	added-since-mw72
janimant	N	N	N	never-seen
janivid	N	Y	Y	added-since-mw72
janmabanDa	N	Y	N	added-since-mw72
janmacitraka	N	Y	N	added-since-mw72
janmagaha	N	N	N	never-seen
janman	Y	Y	N	kept
janmaparigraha	N	Y	Y	added-since-mw72
janmapattrikA	N	Y	N	added-since-mw72
janmatapovidyAcAravarRASramavant	N	N	N	never-seen
janmavarzAdiPala	N	N	N	never-seen
jantugfha	N	Y	N	added-since-mw72
janus	Y	Y	N	kept
janya	Y	Y	N	kept
janyavftti	N	Y	Y	added-since-mw72
janyayAtrA	N	Y	N	added-since-mw72
jarAyuja	N	Y	Y	added-since-mw72
jarizRu	N	Y	Y	added-since-mw72
jarjara	Y	Y	N	kept
jartilayavAgU	N	Y	N	added-since-mw72
jasuri	Y	Y	N	kept
jatuDAman	N	Y	N	added-since-mw72
javanaprajYa	N	N	N	never-seen
javita	N	Y	N	added-since-mw72
jawAdarpaRa	N	N	N	never-seen
jawAmaRi	N	N	N	never-seen
jawAmaha	N	N	N	never-seen
jawApura	N	N	N	never-seen
jawAsidDAntacandrikA	N	N	N	never-seen
jawAvallI	N	Y	N	added-since-mw72
jawiSilAmAhAtmya	N	N	N	never-seen
jawilay	N	N	N	never-seen
jayAvaha	N	Y	N	added-since-mw72
jayabAhu	N	Y	N	added-since-mw72
jayacandra	N	Y	N	added-since-mw72
jayantI	N	Y	N	added-since-mw72
jayanta	Y	Y	N	kept
jayapUrva	N	N	N	never-seen
jayarAmIya	N	N	N	never-seen
jayaraTa	N	Y	N	added-since-mw72
jayavant	N	N	N	never-seen
ja|u	Y	Y	N	kept
jemana	Y	Y	N	kept
ji	Y	Y	N	kept
jiGfkzu	Y	Y	N	kept
jihIrizu	N	N	N	never-seen
jihmakArin	N	Y	Y	added-since-mw72
jihvAniScAraka˚	N	N	N	never-seen
jihvAsPowakam	N	N	N	never-seen
jijYAsTi	N	N	N	never-seen
jijYAsu	Y	Y	N	kept
jinANkura	N	Y	N	added-since-mw72
jina	Y	Y	N	kept
jinakalpika	N	Y	N	added-since-mw72
jinaputra	N	Y	N	added-since-mw72
jomA	N	Y	N	added-since-mw72
jowiNga	Y	Y	N	kept
jozwra	N	N	N	never-seen
jugupsu	Y	Y	N	kept
jugupsya	N	Y	N	added-since-mw72
juka	N	N	N	never-seen
jumbakA	N	N	N	never-seen
juzARavant	N	N	N	never-seen
jvAla	Y	Y	Y	kept
jvalana	Y	Y	N	kept
jvalanolka	N	N	N	never-seen
jvalita	Y	Y	N	kept
jyA	Y	Y	N	kept
jyAya	Y	Y	N	kept
jyAyu	N	Y	Y	added-since-mw72
jyeya	Y	Y	N	kept
jyezWa	Y	Y	N	kept
jyezWabanDu	N	Y	N	added-since-mw72
jyezWagfhya	N	Y	N	added-since-mw72
jyezWalakzma	N	Y	Y	added-since-mw72
jyezWapraTama	N	Y	N	added-since-mw72
jyezWasAman	N	Y	N	added-since-mw72
jyezWavarRin	N	Y	N	added-since-mw72
jyokti	N	Y	N	added-since-mw72
jyot	N	N	N	never-seen
jyotIrasa	N	Y	N	added-since-mw72
jyotayamAmaka	N	Y	Y	added-since-mw72
jyotirBAga	N	Y	N	added-since-mw72
jyotirjyotizparAyaRa	N	N	N	never-seen
jyotistamaHparAyaRa	N	N	N	never-seen
jyotizmati	N	N	N	never-seen
jyotizpaTa	N	N	N	never-seen
jyotizpraBaratna	N	N	N	never-seen
jyotkArita	N	N	N	never-seen
jyotsnAvApI	N	Y	N	added-since-mw72
jyut	Y	Y	N	kept
kAMsa	Y	Y	Y	kept
kAMsikA	N	Y	Y	added-since-mw72
kAMsyanIla	N	Y	N	added-since-mw72
kANguzWa	N	N	N	never-seen
kANkz	Y	Y	N	kept
kARAda	Y	Y	Y	kept
kARAdasaMgraha	N	N	N	never-seen
kARay	N	N	N	never-seen
kARqIra	Y	Y	N	kept
kARqa	Y	Y	Y	kept
kARqakAra	N	Y	Y	added-since-mw72
kARqalavaRa	N	N	N	never-seen
kARqarika	N	N	N	never-seen
kARqavastra	N	Y	N	added-since-mw72
kARqera	N	Y	N	added-since-mw72
kARvopanizad	N	N	N	never-seen
kAS	Y	Y	N	kept
kASI	N	Y	N	added-since-mw72
kASISvara	N	Y	N	added-since-mw72
kASmalya	N	Y	N	added-since-mw72
kASyapa	Y	Y	Y	kept
kASyapeya	Y	Y	N	kept
kAYcanaka	Y	Y	N	kept
kAYcanamAlin	N	N	N	never-seen
kAbanDya	N	Y	N	added-since-mw72
kAca	Y	Y	N	kept
kAcakAcya	N	N	N	never-seen
kAcapawala	N	N	N	never-seen
kAciGa	Y	Y	N	kept
kAdalI	N	N	N	never-seen
kAdraveya	Y	Y	N	kept
kAhala	Y	Y	N	kept
kAja	N	Y	N	added-since-mw72
kAjala	Y	Y	Y	kept
kAjava	N	N	N	never-seen
kAkamfgagocarita	N	Y	N	added-since-mw72
kAkanIla	N	N	N	never-seen
kAkapeya	N	Y	N	added-since-mw72
kAkatAlIya	N	Y	N	added-since-mw72
kAkatuRqa	N	Y	N	added-since-mw72
kAkud	Y	Y	N	kept
kAlADipara	N	N	N	never-seen
kAlAtikrAnta	N	N	N	never-seen
kAlAtivAhana	N	N	N	never-seen
kAla	Y	Y	N	kept
kAlaSeya	Y	Y	N	kept
kAlabanDana	N	N	N	never-seen
kAladIpikA	N	N	N	never-seen
kAlahAni	N	N	N	never-seen
kAlahariRa	N	N	N	never-seen
kAlajihva	N	Y	N	added-since-mw72
kAlakAcArya	N	Y	N	added-since-mw72
kAlakAlezu	N	Y	Y	added-since-mw72
kAlakUwa	Y	Y	N	kept
kAlaka	Y	Y	N	kept
kAlakarRI	N	Y	N	added-since-mw72
kAlamahI	N	Y	N	added-since-mw72
kAlanemipurARa	N	Y	N	added-since-mw72
kAlanirmARayoDin	N	N	N	never-seen
kAlapakva	N	Y	N	added-since-mw72
kAlaparyAyaDarman	N	N	N	never-seen
kAlapfzwa	N	N	N	never-seen
kAlapraRAlikA	N	Y	Y	added-since-mw72
kAlaprakASikA	N	Y	Y	added-since-mw72
kAlasAra	N	Y	N	added-since-mw72
kAlasamApAdanIya	N	N	N	never-seen
kAlasaptatikA	N	N	N	never-seen
kAlasiMha	N	Y	N	added-since-mw72
kAlavAla	N	Y	N	added-since-mw72
kAlavaYcana	N	N	N	never-seen
kAlaviDAnapadDati	N	N	N	never-seen
kAlavin	N	N	N	never-seen
kAlayApanA	N	N	N	never-seen
kAlayoga	N	Y	N	added-since-mw72
kAlayuta	N	Y	Y	added-since-mw72
kAlecaryA	N	N	N	never-seen
kAliNga	Y	Y	N	kept
kAliSaMkara	N	N	N	never-seen
kAlika	Y	Y	N	kept
kAlikulAmfta	N	N	N	never-seen
kAliya	Y	Y	N	kept
kAlopa	N	N	N	never-seen
kAloraga	N	N	N	never-seen
kAlpya	N	Y	Y	added-since-mw72
kAmAkzIstava	N	N	N	never-seen
kAmaDAtu	N	Y	N	added-since-mw72
kAmada	N	Y	Y	added-since-mw72
kAmadogDrI	N	N	N	never-seen
kAmakalAsUtra	N	N	N	never-seen
kAmamiTyAcAra	N	N	N	never-seen
kAmapAla	N	Y	N	added-since-mw72
kAmapuz	N	Y	Y	added-since-mw72
kAmarUpin	N	Y	N	added-since-mw72
kAmasaMdoha	N	N	N	never-seen
kAmasamfdDa	N	N	N	never-seen
kAmavarza	N	Y	Y	added-since-mw72
kAmavftta	N	Y	N	added-since-mw72
kAmpIlavAsin	N	Y	N	added-since-mw72
kAmyaSrAdDa	N	Y	Y	added-since-mw72
kAmyayAjyA	N	N	N	never-seen
kAmyezwi	N	Y	Y	added-since-mw72
kAnanIy	N	N	N	never-seen
kAnanadvIpa	N	N	N	never-seen
kAntAlIya	N	N	N	never-seen
kAntAramaRqUka	N	N	N	never-seen
kAntAravAsinI	N	Y	N	added-since-mw72
kAntAy	N	N	N	never-seen
kAntIkaraRa	N	N	N	never-seen
kAnta	Y	Y	N	kept
kAntisuDAmaya	N	N	N	never-seen
kAnvaSira	N	N	N	never-seen
kApeya	Y	Y	Y	kept
kApota	Y	Y	Y	kept
kArA	Y	Y	N	kept
kArADuni	N	N	N	never-seen
kArAdDotriyA	N	N	N	never-seen
kArAdvIpa	N	Y	Y	added-since-mw72
kArAkAra	N	N	N	never-seen
kArApaka	N	Y	Y	added-since-mw72
kArRAwa	N	N	N	never-seen
kAra	Y	Y	Y	kept
kAraMDamin	N	Y	N	added-since-mw72
kAraRa	Y	Y	N	kept
kAraRyakAraka	N	N	N	never-seen
kAraka	Y	Y	N	kept
kArakavAdArTa	N	N	N	never-seen
kAravAlika	N	N	N	never-seen
kArayantrika	N	Y	Y	added-since-mw72
kArayitar	N	N	N	never-seen
kArdamika	Y	Y	N	kept
kArikA	Y	Y	N	kept
kArin	Y	Y	Y	kept
kAritra	N	N	N	never-seen
kArmAraka	Y	Y	N	kept
kArmanAmika	N	N	N	never-seen
kArmuka	Y	Y	N	kept
kArmuta	N	N	N	never-seen
kArotara	Y	Y	N	kept
kArpAsika	Y	Y	Y	kept
kArtasvaramaya	N	N	N	never-seen
kArtavIryArjuna	N	N	N	never-seen
kArttikAtyayika	N	N	N	never-seen
kAruRyaDenu	N	Y	Y	added-since-mw72
kAruRyamaya	N	Y	Y	added-since-mw72
kArvawika	N	Y	N	added-since-mw72
kArya	Y	Y	Y	kept
kAryakArin	N	Y	N	added-since-mw72
kAryakzama	N	Y	N	added-since-mw72
kAryatas	N	Y	N	added-since-mw72
kArza	Y	Y	N	kept
kArzi	Y	Y	N	kept
kAsa	Y	Y	Y	kept
kAvAcikA	N	N	N	never-seen
kAverImAhAtmya	N	N	N	never-seen
kAvyabanDa	N	Y	Y	added-since-mw72
kAvyadarpaRa	N	N	N	never-seen
kAvyajIvajYa	N	N	N	never-seen
kAvyalakzaRa	N	Y	N	added-since-mw72
kAvyamaya	N	N	N	never-seen
kAya	Y	Y	N	kept
kAyaSirogrIva	N	N	N	never-seen
kAyacintA	N	N	N	never-seen
kAyakalisaMpramaTana	N	N	N	never-seen
kAyanibanDana	N	N	N	never-seen
kAyasaMsTiti	N	N	N	never-seen
kAyavyUha	N	Y	Y	added-since-mw72
kAzWAluka	N	Y	N	added-since-mw72
kAzWahAraka	N	N	N	never-seen
kAzWamusuka	N	N	N	never-seen
kAzWavAhaka	N	N	N	never-seen
kAza	Y	Y	N	kept
kEYjalka	N	Y	Y	added-since-mw72
kEdArika	N	Y	N	added-since-mw72
kElAs	N	N	N	never-seen
kErAtaka	Y	Y	N	kept
kErAwaka	Y	Y	N	kept
kEraRaka	N	Y	N	added-since-mw72
kEravakorakIy	N	N	N	never-seen
kEtavApahnuti	N	Y	N	added-since-mw72
kEvalyadarSin	N	N	N	never-seen
kEvarta	Y	Y	N	kept
kEvartimustaka	Y	Y	N	kept
kEwaBa	Y	Y	N	kept
kEwasa	N	N	N	never-seen
kEyawa	Y	Y	N	kept
kISa	Y	Y	N	kept
kIcaka	Y	Y	Y	kept
kIcakaveRuvetravant	N	N	N	never-seen
kIkasaka	N	N	N	never-seen
kIlAloDnI	N	N	N	never-seen
kIla	Y	Y	N	kept
kIqAtAla	N	N	N	never-seen
kIragrAma	N	N	N	never-seen
kIri	Y	Y	Y	kept
kIrtanIya	Y	Y	N	kept
kIrtana	Y	Y	Y	kept
kIrtanya	Y	Y	N	kept
kIrti	N	Y	Y	added-since-mw72
kIrtiSeza	N	Y	N	added-since-mw72
kIrtirAya	N	N	N	never-seen
kIwatA	N	N	N	never-seen
kODuma	N	N	N	never-seen
kORqIvfza	N	Y	N	added-since-mw72
kORqapAyin	N	N	N	never-seen
kOSeya	Y	Y	N	kept
kOSikapurARa	N	N	N	never-seen
kOSreya	N	Y	N	added-since-mw72
kOddAla	N	Y	N	added-since-mw72
kOja	N	Y	N	added-since-mw72
kOkzeya	Y	Y	N	kept
kOla	Y	Y	Y	kept
kOlakAvatI	N	Y	N	added-since-mw72
kOlapatya	N	Y	N	added-since-mw72
kOlawineya	Y	Y	N	kept
kOlya	Y	Y	N	kept
kOmAra	Y	Y	N	kept
kOnAla	N	N	N	never-seen
kOnta	N	Y	N	added-since-mw72
kOravapARqavIya	N	Y	N	added-since-mw72
kOravyAyaRa	N	Y	N	added-since-mw72
kOrpa	N	N	N	never-seen
kOrukzetra	N	Y	Y	added-since-mw72
kOstuBaBUzaRa	N	N	N	never-seen
kOsuma	Y	Y	Y	kept
kOtUhalajAta	N	N	N	never-seen
kOtuka	Y	Y	Y	kept
kOzItakirahasya	N	Y	N	added-since-mw72
kU	Y	Y	N	kept
kUR	Y	Y	N	kept
kURika	N	Y	N	added-since-mw72
kURitekzaRa	N	Y	N	added-since-mw72
kUcimArasaMhitA	N	N	N	never-seen
kUdI	Y	Y	Y	kept
kUlaka	Y	Y	N	kept
kUpAdijalasTAnalakzaRa	N	N	N	never-seen
kUpa	Y	Y	N	kept
kUq	Y	Y	N	kept
kUreSavijaya	N	N	N	never-seen
kUrmaputrakaTA	N	N	N	never-seen
kUrpAsa	Y	Y	Y	kept
kUrparaka	N	N	N	never-seen
kUwAGawita	N	N	N	never-seen
kUwAgAraDAraRI	N	N	N	never-seen
kUwAgAraSAlA	N	Y	N	added-since-mw72
kUwAkzadevin	N	N	N	never-seen
kUwAkzopaDidevin	N	N	N	never-seen
kUwa	Y	Y	N	kept
kUwadevin	N	N	N	never-seen
kUwavyavahArin	N	Y	N	added-since-mw72
kUyava	N	Y	N	added-since-mw72
kUzmARqadIkzAnukramaRikA	N	N	N	never-seen
ka	Y	Y	N	kept
kaMsa	Y	Y	N	kept
kaMsakfz	N	Y	N	added-since-mw72
kaNka	Y	Y	N	kept
kaNkaRa	Y	Y	Y	kept
kaNkaRaDara	N	Y	N	added-since-mw72
kaNkamaya	N	N	N	never-seen
kaNkapfzWin	N	N	N	never-seen
kaNkavAjita	N	Y	Y	added-since-mw72
kaNkawa	Y	Y	N	kept
kaNkolaka	N	Y	N	added-since-mw72
kaPagulma	N	Y	N	added-since-mw72
kaRAdanyAyaBUzaRa	N	N	N	never-seen
kaRAwIra	N	Y	N	added-since-mw72
kaRWaBUzaRa	N	Y	N	added-since-mw72
kaRWaga	N	Y	N	added-since-mw72
kaRWanAlikA	N	Y	Y	added-since-mw72
kaRWapraRAlI	N	N	N	never-seen
kaRWatawinI	N	Y	Y	added-since-mw72
kaRWatrARa	N	Y	Y	added-since-mw72
kaRWya	Y	Y	Y	kept
kaRamUwaka	N	N	N	never-seen
kaRika	Y	Y	N	kept
kaRikvika	N	N	N	never-seen
kaRqIrapuzpI	N	N	N	never-seen
kaRqelagacCa	N	N	N	never-seen
kaRqu	Y	Y	Y	kept
kaRqula	N	Y	N	added-since-mw72
kaRwaka	Y	Y	N	kept
kaRwakidruma	N	N	N	never-seen
kaRwakija	N	Y	N	added-since-mw72
kaSa	Y	Y	N	kept
kaSambakajAta	N	N	N	never-seen
kaSipu	Y	Y	N	kept
kaSyapottarasaMhitA	N	Y	N	added-since-mw72
kaTA	Y	Y	N	kept
kaTAkrama	N	Y	N	added-since-mw72
kaTAprabanDa	N	Y	N	added-since-mw72
kaTAprasaNga	N	Y	N	added-since-mw72
kaTAprastAva	N	N	N	never-seen
kaTAsAra	N	N	N	never-seen
kaTAsaMDi	N	Y	Y	added-since-mw72
kaTaMkaTA	N	Y	Y	added-since-mw72
kaTaMruru	N	Y	N	added-since-mw72
kaTita	Y	Y	N	kept
kaWAhaka	Y	Y	N	kept
kaWaSAWa	N	Y	N	added-since-mw72
kaWinI	N	Y	N	added-since-mw72
kaWina	Y	Y	Y	kept
kaWinatArakanATa	N	Y	Y	added-since-mw72
kaYcukopAnahin	N	N	N	never-seen
kaca	Y	Y	N	kept
kacaNgala	Y	Y	N	kept
kacagraha	N	Y	N	added-since-mw72
kacavara	N	N	N	never-seen
kadASaya	N	Y	Y	added-since-mw72
kadAcitkatva	N	N	N	never-seen
kadISitar	N	N	N	never-seen
kadaDvaga	N	Y	Y	added-since-mw72
kadamba	Y	Y	N	kept
kadambamukulanyAya	N	N	N	never-seen
kahra	N	N	N	never-seen
kakkala	N	Y	N	added-since-mw72
kakkiRqa	N	N	N	never-seen
kakkolikA	N	Y	N	added-since-mw72
kakruca	N	N	N	never-seen
kakuBa	Y	Y	N	kept
kakuBvant	N	N	N	never-seen
kakuc	N	N	N	never-seen
kakudmant	N	N	N	never-seen
kakudmikanyA	N	Y	N	added-since-mw72
kakummuKa	N	Y	Y	added-since-mw72
kakvala	N	Y	N	added-since-mw72
kakzIvant	N	N	N	never-seen
kakzimAlikopanizad	N	N	N	never-seen
kakzya	Y	Y	N	kept
kakzyamAlA	N	N	N	never-seen
kal	Y	Y	N	kept
kalAda	Y	Y	N	kept
kalAkeli	N	Y	Y	added-since-mw72
kalAma	N	N	N	never-seen
kalAmuhUrtAdimaya	N	N	N	never-seen
kalAniDi	N	Y	N	added-since-mw72
kalApaka	N	Y	N	added-since-mw72
kalApi	N	Y	Y	added-since-mw72
kalAvatIkAmarUpa	N	N	N	never-seen
kala	Y	Y	Y	kept
kalaNkakalA	N	Y	N	added-since-mw72
kalaNkeSa	N	Y	Y	added-since-mw72
kalaSapota	N	N	N	never-seen
kalaSodaDi	N	N	N	never-seen
kalaha	Y	Y	N	kept
kalahakArin	N	Y	N	added-since-mw72
kalahakaRwaka	N	N	N	never-seen
kalahapriya	N	Y	N	added-since-mw72
kalamUka	N	Y	N	added-since-mw72
kalamagopavaDU	N	Y	N	added-since-mw72
kalandakanivApa	N	N	N	never-seen
kalatra	Y	Y	N	kept
kalaviNka	Y	Y	N	kept
kalevarapuz	N	Y	Y	added-since-mw72
kali	Y	Y	N	kept
kalikA	Y	Y	N	kept
kalindajA	N	Y	Y	added-since-mw72
kalirAja	N	N	N	never-seen
kalivatsala	N	N	N	never-seen
kaliviqambana	N	N	N	never-seen
kalkI	N	N	N	never-seen
kallolay	N	N	N	never-seen
kalmAzABihava	N	N	N	never-seen
kalmAzadamya	N	N	N	never-seen
kalp	N	N	N	never-seen
kalpADipa	N	N	N	never-seen
kalpAntarvAcya	N	N	N	never-seen
kalpa	Y	Y	N	kept
kalpaSAla	N	N	N	never-seen
kalpacUrRi	N	N	N	never-seen
kalpadUzya	N	Y	N	added-since-mw72
kalpaka	Y	Y	N	kept
kalpanATa	N	Y	Y	added-since-mw72
kalpanApoQa	N	N	N	never-seen
kalpana	Y	Y	N	kept
kalpapAdapa	N	Y	N	added-since-mw72
kalpapAla	N	Y	N	added-since-mw72
kalpasundarI	N	N	N	never-seen
kalpataru	N	Y	N	added-since-mw72
kalpataruparimala	N	Y	N	added-since-mw72
kalpavAsin	N	N	N	never-seen
kalpavfkza	N	Y	N	added-since-mw72
kalpavrata	N	Y	Y	added-since-mw72
kaluzI	N	N	N	never-seen
kaluzay	N	N	N	never-seen
kalvowaka	N	N	N	never-seen
kalyARa	Y	Y	N	kept
kalyARaGfta	N	N	N	never-seen
kalyARakara	N	Y	N	added-since-mw72
kamaRqalu	Y	Y	N	kept
kamalIy	N	N	N	never-seen
kamala	Y	Y	N	kept
kamalagarBa	N	Y	N	added-since-mw72
kamalanayana	N	Y	N	added-since-mw72
kamalavallI	N	N	N	never-seen
kamana	Y	Y	N	kept
kambA	N	Y	Y	added-since-mw72
kambalaDAvaka	N	Y	N	added-since-mw72
kambaladAya	N	N	N	never-seen
kambalakAraka	N	Y	N	added-since-mw72
kambalin	Y	Y	N	kept
kamera	N	N	N	never-seen
kamp	Y	Y	N	kept
kamra	Y	Y	N	kept
kan	Y	Y	N	kept
kanIyaHstana	N	Y	Y	added-since-mw72
kanTArikA	N	Y	N	added-since-mw72
kanakAmbuja	N	N	N	never-seen
kanakAsana	N	N	N	never-seen
kanakaDAraka	N	N	N	never-seen
kanakaSfNgamaya	N	Y	Y	added-since-mw72
kanakaSrI	N	N	N	never-seen
kanakadaRqa	N	Y	N	added-since-mw72
kanakadatta	N	Y	N	added-since-mw72
kanakajAnakI	N	N	N	never-seen
kanakakuSala	N	N	N	never-seen
kanakaleKA	N	N	N	never-seen
kanakasena	N	Y	N	added-since-mw72
kanakayazwimant	N	N	N	never-seen
kand	Y	Y	N	kept
kanda	Y	Y	N	kept
kandala	Y	Y	Y	kept
kandali	N	Y	Y	added-since-mw72
kandara	Y	Y	N	kept
kandarodarakUwavant	N	N	N	never-seen
kandukAbindukA	N	N	N	never-seen
kandukAvatI	N	N	N	never-seen
kandukalIlA	N	Y	Y	added-since-mw72
kanizWapraTama	N	Y	N	added-since-mw72
kanyAdarSam	N	Y	Y	added-since-mw72
kanyAgAra	N	Y	Y	added-since-mw72
kanyAmADava	N	N	N	never-seen
kanya	N	Y	N	added-since-mw72
kapAlaSakala	N	N	N	never-seen
kapAlavimocana	N	N	N	never-seen
kapInfpa	N	N	N	never-seen
kapardisvAmin	N	Y	N	added-since-mw72
kapawaSatamaya	N	N	N	never-seen
kapfT	Y	Y	N	kept
kapiSIrzaka	N	N	N	never-seen
kapiYjala	Y	Y	N	kept
kapiYjalasaMhitA	N	N	N	never-seen
kapiketu	N	Y	Y	added-since-mw72
kapilaDUsara	N	Y	N	added-since-mw72
kapilaka	Y	Y	N	kept
kapilalAwa	N	Y	Y	added-since-mw72
kapivana	N	Y	N	added-since-mw72
kapolamUla	N	N	N	never-seen
kaqaNgara	N	Y	Y	added-since-mw72
kaqevara	N	N	N	never-seen
kaqintala	N	N	N	never-seen
kar	N	N	N	never-seen
karAgra	N	Y	N	added-since-mw72
karAlAy	N	N	N	never-seen
karAlay	N	N	N	never-seen
karAnta	N	Y	Y	added-since-mw72
karIra	Y	Y	N	kept
karIza	Y	Y	N	kept
karRAwa	Y	Y	N	kept
karRAy	N	N	N	never-seen
karRa	Y	Y	Y	kept
karRaBaNga	N	Y	Y	added-since-mw72
karRacCidraka	N	N	N	never-seen
karRadArin	N	Y	Y	added-since-mw72
karRadaGna	N	N	N	never-seen
karRamowikA	N	N	N	never-seen
karRanirvAka	N	Y	Y	added-since-mw72
karRapASI	N	N	N	never-seen
karRaputra	N	N	N	never-seen
karRarasAyana	N	Y	Y	added-since-mw72
karRasuvarRa	N	N	N	never-seen
karRavaMSa	N	Y	N	added-since-mw72
karRavedin	N	N	N	never-seen
karRikAy	N	N	N	never-seen
karS	N	N	N	never-seen
karSanIya	N	Y	Y	added-since-mw72
kara	Y	Y	N	kept
karaBIya	N	Y	Y	added-since-mw72
karaNkAy	N	N	N	never-seen
karaRIya	Y	Y	Y	kept
karaRa	Y	Y	Y	kept
karaRamArga	N	N	N	never-seen
karaRamantra	N	Y	Y	added-since-mw72
karaReSvara	N	N	N	never-seen
karaRqakanivApaka	N	N	N	never-seen
karadAyaka	N	Y	Y	added-since-mw72
karaditi	N	N	N	never-seen
karagfhIti	N	Y	Y	added-since-mw72
karaka	Y	Y	N	kept
karamBa	Y	Y	N	kept
karamarI	N	Y	N	added-since-mw72
karapattraka	N	Y	N	added-since-mw72
karapuwAYjali	N	Y	N	added-since-mw72
kararuhapada	N	Y	N	added-since-mw72
karatAla	N	Y	N	added-since-mw72
karatalatAla	N	Y	N	added-since-mw72
karavindIya	N	Y	N	added-since-mw72
karbUra	Y	Y	N	kept
karbara	Y	Y	N	kept
kardamila	Y	Y	Y	kept
kardana	Y	Y	N	kept
karenduka	Y	Y	N	kept
karikumBa	N	Y	N	added-since-mw72
karimakara	N	Y	N	added-since-mw72
karkIpravAdA	N	N	N	never-seen
karka	Y	Y	N	kept
karkanDUkA	N	Y	N	added-since-mw72
karkaru	N	N	N	never-seen
karkawaSfNga	N	Y	N	added-since-mw72
karmANgaSrAdDa	N	N	N	never-seen
karmAntavyAKyA	N	N	N	never-seen
karmAvadAna	N	Y	Y	added-since-mw72
karmAvaraRapratipramrabDi	N	N	N	never-seen
karmaPalahetu	N	Y	Y	added-since-mw72
karmabanDa	N	Y	N	added-since-mw72
karmabudDi	N	Y	N	added-since-mw72
karmadAna	N	N	N	never-seen
karmadAyAda	N	Y	Y	added-since-mw72
karmadAyAdavant	N	N	N	never-seen
karmadaRqa	N	Y	Y	added-since-mw72
karmadeha	N	Y	Y	added-since-mw72
karmajanya	N	Y	Y	added-since-mw72
karmajita	N	Y	Y	added-since-mw72
karmakaRwaka	N	N	N	never-seen
karmakarItva	N	N	N	never-seen
karmakoSa	N	Y	Y	added-since-mw72
karman	Y	Y	N	kept
karmapAtaka	N	Y	Y	added-since-mw72
karmasTAna	N	Y	N	added-since-mw72
karmasaMDa	N	N	N	never-seen
karmasvaka	N	Y	Y	added-since-mw72
karmatas	Y	N	N	dropped
karmavAcanA	N	N	N	never-seen
karmaviBaNga	N	N	N	never-seen
karmavipAkamahArRava	N	N	N	never-seen
karmavyatihAra	N	Y	N	added-since-mw72
karmayoga	N	Y	N	added-since-mw72
karowapARi	N	Y	Y	added-since-mw72
karowikA	N	N	N	never-seen
karpUraka	Y	Y	N	kept
karpUraprakarakaTA	N	N	N	never-seen
karpawaka	N	Y	Y	added-since-mw72
karttikA	N	Y	Y	added-since-mw72
karuRAkandalI	N	N	N	never-seen
karuRa	Y	Y	N	kept
karuRaveditar	N	N	N	never-seen
karvawaka	Y	Y	N	kept
karz	N	N	N	never-seen
karzUvIriRavant	N	N	N	never-seen
karzi	N	Y	N	added-since-mw72
kas	Y	Y	N	kept
kataraTA	N	Y	Y	added-since-mw72
katiSas	N	Y	N	added-since-mw72
katiTa	Y	Y	N	kept
kav	Y	Y	N	kept
kavacaDara	N	Y	N	added-since-mw72
kavacahara	N	Y	N	added-since-mw72
kavacay	N	N	N	never-seen
kavacikA	N	N	N	never-seen
kavacita	Y	Y	N	kept
kavalIkAra	N	N	N	never-seen
kavalya	N	Y	Y	added-since-mw72
kavanDa	Y	Y	N	kept
kavaqa	Y	Y	N	kept
kavaqiMkArAhAra	N	N	N	never-seen
kavaza	Y	Y	N	kept
kavi	Y	Y	N	kept
kavikaRWABaraRa	N	Y	Y	added-since-mw72
kavikaRWapASa	N	N	N	never-seen
kavikarRapASa	N	N	N	never-seen
kavy	N	N	N	never-seen
kavyahavyaBuj	N	Y	Y	added-since-mw72
kavyatA	N	Y	N	added-since-mw72
kaw	Y	Y	Y	kept
kawABa	N	N	N	never-seen
kawAgni	N	Y	N	added-since-mw72
kawAkzapAta	N	N	N	never-seen
kawAkzay	N	N	N	never-seen
kawIkataruRa	N	Y	N	added-since-mw72
kawa	Y	Y	N	kept
kawadAna	N	N	N	never-seen
kawakkawiti	N	N	N	never-seen
kawapra	N	N	N	never-seen
kawidAna	N	N	N	never-seen
kawilla	N	Y	N	added-since-mw72
kawiproTa	N	Y	N	added-since-mw72
kawisTa	N	Y	Y	added-since-mw72
kawuNkatA	Y	Y	N	kept
kawuSfNgAwa	N	Y	N	added-since-mw72
kawukaBAzin	N	N	N	never-seen
kawukaviwapa	N	Y	N	added-since-mw72
kawutikta	N	Y	N	added-since-mw72
kawutumbinI	N	Y	N	added-since-mw72
kayADu	N	Y	N	added-since-mw72
kayASuBIya	N	Y	Y	added-since-mw72
kaz	Y	Y	N	kept
kazAyay	N	N	N	never-seen
kazwakazwa	N	N	N	never-seen
keSAnI	N	Y	Y	added-since-mw72
keSAntakaraRa	N	Y	N	added-since-mw72
keSa	Y	Y	N	kept
keSaSmaSru	N	Y	N	added-since-mw72
keSabanDa	N	Y	N	added-since-mw72
keSahasta	N	Y	N	added-since-mw72
keSavApa	N	Y	Y	added-since-mw72
keSavaSrezWin	N	Y	N	added-since-mw72
keSavasenA	N	N	N	never-seen
keSin	Y	Y	N	kept
kedAraBawwIya	N	N	N	never-seen
kelikamala	N	Y	N	added-since-mw72
kenipa	Y	Y	Y	kept
kerA	N	Y	Y	added-since-mw72
keralIyadvAdaSaBAva	N	N	N	never-seen
kerala	Y	Y	N	kept
keralacintAmaRi	N	N	N	never-seen
keralikA	N	Y	N	added-since-mw72
kesarAy	N	N	N	never-seen
kesarapASa	N	Y	Y	added-since-mw72
kesarikA	N	N	N	never-seen
ketana	Y	Y	N	kept
ketanaka	N	N	N	never-seen
ketar	N	N	N	never-seen
ketayitar	N	N	N	never-seen
ketumAla	N	Y	N	added-since-mw72
kevalAnvayikevalavyatirekagranTa	N	N	N	never-seen
kevalAtman	N	Y	N	added-since-mw72
kevala	Y	Y	N	kept
kevalin	Y	Y	N	kept
kfSAluka	N	Y	N	added-since-mw72
kfSa	Y	Y	N	kept
kfcCradvitIya	N	Y	Y	added-since-mw72
kfcCrasADya	N	Y	N	added-since-mw72
kfcCravyavAya	N	N	N	never-seen
kfdantatattvaboDinI	N	N	N	never-seen
kfmiSa	N	Y	N	added-since-mw72
kfmisena	N	Y	N	added-since-mw72
kfmitantujAla	N	Y	N	added-since-mw72
kfmuka	Y	Y	N	kept
kfpARaputrI	N	Y	Y	added-since-mw72
kfpARayazwi	N	Y	Y	added-since-mw72
kfpa	Y	Y	N	kept
kfptu	N	Y	Y	added-since-mw72
kftASraya	N	Y	Y	added-since-mw72
kftAntAy	N	N	N	never-seen
kftAvasakTika	N	Y	N	added-since-mw72
kftAvin	N	Y	N	added-since-mw72
kftAya	N	Y	N	added-since-mw72
kftaDAra	N	N	N	never-seen
kftabudDi	N	Y	N	added-since-mw72
kftacihna	N	Y	N	added-since-mw72
kftakzaRa	N	Y	Y	added-since-mw72
kftalakzaRa	N	Y	Y	added-since-mw72
kftalavaRa	N	Y	N	added-since-mw72
kftamaNgala	N	Y	N	added-since-mw72
kftapada	N	Y	Y	added-since-mw72
kftaprayojana	N	Y	N	added-since-mw72
kftasaMpuwa	N	N	N	never-seen
kftasmaya	N	Y	Y	added-since-mw72
kftavApa	N	Y	N	added-since-mw72
kftayAma	N	Y	Y	added-since-mw72
kftayugAy	N	N	N	never-seen
kfti	Y	Y	N	kept
kftodvAha	N	Y	N	added-since-mw72
kftrimamARikyamaya	N	N	N	never-seen
kftrimatA	N	Y	N	added-since-mw72
kfttikA	Y	Y	N	kept
kfttikAmAhAtmya	N	N	N	never-seen
kfttikAputra	N	N	N	never-seen
kftyAhata	N	Y	Y	added-since-mw72
kftya	Y	Y	N	kept
kfz	Y	Y	N	kept
kfzARa	Y	Y	N	kept
kfzIvant	N	N	N	never-seen
kfzRAjAjI	N	N	N	never-seen
kfzRAjinA	N	N	N	never-seen
kfzRAkza	N	Y	N	added-since-mw72
kfzRAlu	N	Y	N	added-since-mw72
kfzRAnadImAhAtmya	N	N	N	never-seen
kfzRAtreya	N	Y	N	added-since-mw72
kfzRAvatAracarita	N	N	N	never-seen
kfzRaSIrzan	N	Y	Y	added-since-mw72
kfzRaSaPa	N	Y	N	added-since-mw72
kfzRaSabala	N	Y	N	added-since-mw72
kfzRaSakuna	N	Y	Y	added-since-mw72
kfzRabanDu	N	Y	N	added-since-mw72
kfzRacCavi	N	Y	N	added-since-mw72
kfzRacarita	N	N	N	never-seen
kfzRadaSa	N	Y	N	added-since-mw72
kfzRajIraka	N	Y	N	added-since-mw72
kfzRakarRa	N	Y	N	added-since-mw72
kfzRakeSa	N	Y	N	added-since-mw72
kfzRaloha	N	Y	N	added-since-mw72
kfzRanAmAzwottara	N	N	N	never-seen
kfzRapaRqitIya	N	N	N	never-seen
kfzRapadI	N	Y	N	added-since-mw72
kfzRapakza	N	Y	N	added-since-mw72
kfzRapavi	N	Y	N	added-since-mw72
kfzRasAraNga	N	Y	N	added-since-mw72
kfzRasUnu	N	Y	N	added-since-mw72
kfzRastuti	N	Y	Y	added-since-mw72
kfzRatAmra	N	Y	N	added-since-mw72
kfzRatUza	N	Y	N	added-since-mw72
kfzRavAla	N	Y	N	added-since-mw72
kfzRavijaya	N	N	N	never-seen
kfzRayAmala	N	Y	N	added-since-mw72
kfziBAgin	N	Y	N	added-since-mw72
kfzitantra	N	Y	N	added-since-mw72
kfzwamatI	N	N	N	never-seen
kfzyakAra	N	Y	Y	added-since-mw72
kiMDenu	N	N	N	never-seen
kiMcid	N	Y	N	added-since-mw72
kiMcinmAtra	N	Y	N	added-since-mw72
kiMdarA	N	N	N	never-seen
kiMdravya	N	N	N	never-seen
kiMhetu	N	N	N	never-seen
kiMkaraRIyatA	N	N	N	never-seen
kiMnara	N	Y	N	added-since-mw72
kiMnarikA	N	N	N	never-seen
kiMnibanDana	N	N	N	never-seen
kiMpavitra	N	N	N	never-seen
kiMpratyaya	N	N	N	never-seen
kiMstya	Y	Y	Y	kept
kiMvistAra	N	N	N	never-seen
kiRI	N	N	N	never-seen
kiSorAjIya	N	N	N	never-seen
kiSora	Y	Y	N	kept
kiSoraka	N	Y	N	added-since-mw72
kikviwa	N	N	N	never-seen
kilAqa	N	N	N	never-seen
kilAsaMBava	N	N	N	never-seen
kila	Y	Y	N	kept
kilikilAyita	N	N	N	never-seen
kilikila	N	Y	N	added-since-mw72
kilina	N	Y	Y	added-since-mw72
kimAhAravihArin	N	N	N	never-seen
kimAyata	N	N	N	never-seen
kimadyaka	N	Y	Y	added-since-mw72
kimba	N	Y	Y	added-since-mw72
kintamAm	N	N	N	never-seen
kirIwavatsa	N	N	N	never-seen
kiri	Y	Y	N	kept
kirikARa	N	N	N	never-seen
kirmira	Y	Y	N	kept
kiwf	N	N	N	never-seen
kiwiBaka	N	Y	N	added-since-mw72
kizkuru	N	Y	Y	added-since-mw72
klIba	Y	Y	N	kept
klIta	Y	Y	N	kept
klItakA	N	Y	N	added-since-mw72
klItakikA	Y	Y	N	kept
kledin	N	Y	N	added-since-mw72
kliS	Y	Y	N	kept
klid	Y	Y	N	kept
klomaka	N	N	N	never-seen
koRa	Y	Y	N	kept
koSADyakza	N	Y	N	added-since-mw72
koSIDAnya	N	Y	N	added-since-mw72
koSa	Y	Y	N	kept
koSadAsa	N	Y	N	added-since-mw72
koSakzaya	N	N	N	never-seen
koSapITin	N	Y	N	added-since-mw72
kocava	N	Y	Y	added-since-mw72
kocavaka	N	Y	N	added-since-mw72
kokanaday	N	N	N	never-seen
kokilaka	Y	Y	N	kept
kola	Y	Y	N	kept
kolatA	N	Y	N	added-since-mw72
komala	Y	Y	Y	kept
komalaka	Y	Y	N	kept
kopaka	N	Y	N	added-since-mw72
kopana	Y	Y	N	kept
kowambaka	N	N	N	never-seen
kowanaka	N	N	N	never-seen
kowaravant	N	N	N	never-seen
kowavI	Y	Y	N	kept
kowiSatatama	N	N	N	never-seen
kowidvaya	N	Y	N	added-since-mw72
kowikarRa	N	N	N	never-seen
kowiniyutaSatasahasratama	N	N	N	never-seen
kowiviraha	N	N	N	never-seen
kowwapura	N	Y	N	added-since-mw72
kowya	N	Y	N	added-since-mw72
kozWANga	N	N	N	never-seen
kozWAgArika	N	Y	N	added-since-mw72
kozWI	N	N	N	never-seen
kozWekzu	N	Y	N	added-since-mw72
krARA	Y	Y	N	kept
krAmaRa	N	Y	N	added-since-mw72
krAmika	N	Y	N	added-since-mw72
krAnti	Y	Y	N	kept
krI	Y	Y	N	kept
krIq	Y	Y	N	kept
krIqAkapitva	N	Y	N	added-since-mw72
krIqAparicCeda	N	N	N	never-seen
krIqArasamaya	N	Y	N	added-since-mw72
krIqArudrAy	N	N	N	never-seen
krIta	Y	Y	N	kept
krOYcAruRa	N	Y	N	added-since-mw72
krOYca	Y	Y	N	kept
krOYcaGAtin	N	N	N	never-seen
krUrAkza	N	Y	N	added-since-mw72
krUraprakftika	N	Y	N	added-since-mw72
krakz	N	Y	N	added-since-mw72
kram	Y	Y	N	kept
krama	Y	Y	N	kept
kramagata	N	Y	Y	added-since-mw72
kramavfdDi	N	Y	N	added-since-mw72
kramavyatyaya	N	Y	Y	added-since-mw72
kramoQA	N	Y	N	added-since-mw72
krand	Y	Y	N	kept
kratukaraRa	N	Y	N	added-since-mw72
krayARaka	Y	Y	N	kept
krayya	Y	Y	N	kept
kreNkAray	N	N	N	never-seen
krimRa	N	Y	N	added-since-mw72
kriyAgopana	N	N	N	never-seen
kriyAguptaka	N	Y	N	added-since-mw72
kriyAkEravacandrikA	N	N	N	never-seen
kriyAviSAla	N	Y	N	added-since-mw72
kroDaSatru	N	Y	N	added-since-mw72
kroYc	N	Y	Y	added-since-mw72
kroYcakumArikA	N	Y	N	added-since-mw72
kroqamalla	N	Y	N	added-since-mw72
kroqapattra	N	Y	N	added-since-mw72
krozwar	N	N	N	never-seen
kruDmi	N	Y	N	added-since-mw72
kruS	Y	Y	N	kept
kuBra	N	Y	N	added-since-mw72
kuRWASmamAlAmaya	N	N	N	never-seen
kuRWarava	N	Y	N	added-since-mw72
kuRapa	Y	Y	Y	kept
kuRqASin	N	Y	Y	added-since-mw72
kuRqa	Y	Y	Y	kept
kuRqala	Y	Y	Y	kept
kuRqamARqahomaviDi	N	N	N	never-seen
kuRqikopanizad	N	N	N	never-seen
kuSIlava	Y	Y	N	kept
kuSUla	Y	Y	N	kept
kuSaBAra	N	Y	Y	added-since-mw72
kuSaRqikA	N	Y	N	added-since-mw72
kuSacIrin	N	Y	Y	added-since-mw72
kuSalAnAmaya	N	N	N	never-seen
kuSalavopAKyAna	N	N	N	never-seen
kuSaletara	N	Y	Y	added-since-mw72
kuSamAlin	N	Y	Y	added-since-mw72
kuSapavitra	N	Y	Y	added-since-mw72
kuSaprasU	N	Y	Y	added-since-mw72
kuSeSalocanA	N	N	N	never-seen
kuT	Y	Y	N	kept
kuTahAra	N	N	N	never-seen
kuYjarI	N	Y	N	added-since-mw72
kuberI	N	N	N	never-seen
kubera	Y	Y	N	kept
kuberasena	N	N	N	never-seen
kubjaka	Y	Y	N	kept
kubji	N	Y	Y	added-since-mw72
kubjottarA	N	N	N	never-seen
kuc	Y	Y	N	kept
kucapawwikA	N	N	N	never-seen
kucasTalI	N	N	N	never-seen
kucelavftta	N	N	N	never-seen
kudevendra	N	N	N	never-seen
kudrIcISaPa	N	N	N	never-seen
kugaRa	N	N	N	never-seen
kuguru	N	N	N	never-seen
kuhU	Y	Y	N	kept
kuhakArAva	N	Y	N	added-since-mw72
kuhanA	N	Y	N	added-since-mw72
kuhara	Y	Y	N	kept
kuharin	N	Y	Y	added-since-mw72
kuharita	Y	Y	N	kept
kuja	Y	Y	N	kept
kujanman	Y	Y	N	kept
kukarmapaYcAnana	N	N	N	never-seen
kukkuha	N	Y	Y	added-since-mw72
kukkuwArAma	N	Y	N	added-since-mw72
kukusa	N	N	N	never-seen
kukza	Y	Y	N	kept
kukzimatI	N	Y	Y	added-since-mw72
kulAyana	Y	Y	N	kept
kulaBAvana	N	N	N	never-seen
kulaMkula	N	Y	N	added-since-mw72
kulabAlikA	N	Y	N	added-since-mw72
kuladUzaka	N	N	N	never-seen
kulagna	N	Y	Y	added-since-mw72
kulamitra	N	Y	N	added-since-mw72
kulapAlaka	N	Y	N	added-since-mw72
kulapAlin	N	Y	Y	added-since-mw72
kularAjaDAnI	N	Y	Y	added-since-mw72
kulatattvanirUpaRa	N	N	N	never-seen
kulavfdDa	N	Y	N	added-since-mw72
kuliSapARi	N	Y	N	added-since-mw72
kulika	Y	Y	Y	kept
kullUkaBawwIya	N	N	N	never-seen
kulmAzapiRqI	N	N	N	never-seen
kulmi	N	Y	Y	added-since-mw72
kulodBava	N	Y	N	added-since-mw72
kulopaka	N	N	N	never-seen
kulopakaraRaSAlA	N	N	N	never-seen
kumAraBukti	N	N	N	never-seen
kumAraDArA	N	Y	N	added-since-mw72
kumAradezRa	N	Y	Y	added-since-mw72
kumArajAti	N	N	N	never-seen
kumArajIva	N	Y	N	added-since-mw72
kumArapitfmeza	N	Y	Y	added-since-mw72
kumArarAja	N	Y	Y	added-since-mw72
kumAravant	N	N	N	never-seen
kumBIDAnyaka	N	Y	N	added-since-mw72
kumBakft	N	N	N	never-seen
kumBezwakA	N	Y	N	added-since-mw72
kumBya	N	Y	Y	added-since-mw72
kumatisAgara	N	N	N	never-seen
kumftyu	N	N	N	never-seen
kumudAy	N	N	N	never-seen
kumuda	Y	Y	N	kept
kumudasaKI	N	Y	Y	added-since-mw72
kunaya	N	N	N	never-seen
kundA	N	N	N	never-seen
kundaputra	N	N	N	never-seen
kuntAkunti	N	Y	Y	added-since-mw72
kunta	Y	Y	N	kept
kuntalikA	Y	Y	N	kept
kup	Y	Y	N	kept
kupanTan	N	N	N	never-seen
kuqmala	Y	Y	N	kept
kuqyasTa	N	N	N	never-seen
kurAra	N	N	N	never-seen
kuraNga	Y	Y	N	kept
kuraNgadfS	N	N	N	never-seen
kuraNgamada	N	Y	Y	added-since-mw72
kuraRwa	Y	Y	N	kept
kurahasya	N	N	N	never-seen
kurkuwArAma	N	N	N	never-seen
kurukuci	N	N	N	never-seen
kurukzetra	N	Y	N	added-since-mw72
kurumbikA	Y	Y	N	kept
kurupiSaNgila	N	Y	N	added-since-mw72
kurutA	N	Y	N	added-since-mw72
kusUlaDAnyaka	N	Y	N	added-since-mw72
kusumabARavilAsa	N	N	N	never-seen
kusumakArmuka	N	Y	N	added-since-mw72
kusumaketu	N	Y	N	added-since-mw72
kusumalAvI	N	Y	Y	added-since-mw72
kusumalakzman	N	Y	N	added-since-mw72
kusumamAsa	N	N	N	never-seen
kusumanagara	N	Y	N	added-since-mw72
kusumay	N	N	N	never-seen
kutIrTika	N	N	N	never-seen
kutUhalaSAlA	N	Y	Y	added-since-mw72
kutUhalitA	N	N	N	never-seen
kutUhalita	N	Y	N	added-since-mw72
kutapahAra	N	Y	Y	added-since-mw72
kutapasOSruta	N	Y	N	added-since-mw72
kutarkaKaRqana	N	N	N	never-seen
kutastana	N	Y	Y	added-since-mw72
kutsanIya	N	N	N	never-seen
kutsay	N	N	N	never-seen
kuvEkawika	N	Y	N	added-since-mw72
kuvalayAy	N	N	N	never-seen
kuw	Y	Y	N	kept
kuwIrI	N	N	N	never-seen
kuwakaRWa	N	N	N	never-seen
kuwikA	N	Y	N	added-since-mw72
kuwila	Y	Y	N	kept
kuwimaha	N	N	N	never-seen
kuwukuYcaka	N	N	N	never-seen
kuwumbaparigraha	N	N	N	never-seen
kuww	Y	Y	N	kept
kuwwAka	Y	Y	N	kept
kuyava	Y	Y	N	kept
kuz	Y	Y	N	kept
kuzWagala	N	Y	N	added-since-mw72
kuzWaka	N	Y	N	added-since-mw72
kvaR	Y	Y	N	kept
kvaRa	Y	Y	N	kept
kzA	N	Y	N	added-since-mw72
kzAmANga	N	Y	N	added-since-mw72
kzAma	Y	Y	N	kept
kzAntivAdin	N	Y	N	added-since-mw72
kzAntivarRavAdin	N	Y	Y	added-since-mw72
kzApavitra	N	Y	Y	added-since-mw72
kzAra	Y	Y	Y	kept
kzAradagDa	N	N	N	never-seen
kzArakIwa	N	Y	N	added-since-mw72
kzArapattraka	N	Y	N	added-since-mw72
kzAtrARa	N	Y	Y	added-since-mw72
kzEtra	Y	Y	Y	kept
kzEtrapatya	Y	Y	Y	kept
kzIRADi	N	Y	N	added-since-mw72
kzIRAsrava	N	Y	Y	added-since-mw72
kzIRavftti	N	Y	N	added-since-mw72
kzIramftsna	N	Y	N	added-since-mw72
kzIrin	Y	Y	N	kept
kzIrod	N	N	N	never-seen
kzIrodaka	N	Y	N	added-since-mw72
kzORIDara	N	Y	Y	added-since-mw72
kzORInATa	N	Y	Y	added-since-mw72
kzOmadaSA	N	Y	Y	added-since-mw72
kzaRa	Y	Y	N	kept
kzaRadADinATa	N	Y	Y	added-since-mw72
kzaRadAkft	N	Y	N	added-since-mw72
kzaRadyuti	N	Y	N	added-since-mw72
kzaRakzapA	N	Y	Y	added-since-mw72
kzaRaprakASA	N	Y	N	added-since-mw72
kzaRarajanI	N	Y	Y	added-since-mw72
kzaRikapakza	N	N	N	never-seen
kzaRikarAhusidDAnta	N	N	N	never-seen
kzal	Y	Y	N	kept
kzam	Y	Y	N	kept
kzamABft	N	Y	N	added-since-mw72
kzamASramaRa	N	Y	N	added-since-mw72
kzamApaRa	N	Y	N	added-since-mw72
kzamI	N	N	N	never-seen
kzamitavya	Y	Y	N	kept
kzan	Y	Y	N	kept
kzapAnDya	N	Y	N	added-since-mw72
kzapAtyaya	N	Y	N	added-since-mw72
kzapaka	N	Y	N	added-since-mw72
kzapakaSreRi	N	N	N	never-seen
kzar	Y	Y	N	kept
kzatajapAta	N	Y	N	added-since-mw72
kzatimant	N	N	N	never-seen
kzatravfdDi	N	Y	N	added-since-mw72
kzatriyAntakara	N	Y	N	added-since-mw72
kzatriya	Y	Y	N	kept
kzatriyajapaviDAna	N	N	N	never-seen
kzatryarzaBa	N	N	N	never-seen
kzayapakza	N	Y	N	added-since-mw72
kzayayukta	N	Y	N	added-since-mw72
kzayya	Y	Y	N	kept
kzemAvatI	N	Y	N	added-since-mw72
kzemaRIya	N	N	N	never-seen
kzemaka	Y	Y	N	kept
kzepaRika	N	Y	N	added-since-mw72
kzetrAnukramaRI	N	N	N	never-seen
kzetraBAga	N	Y	Y	added-since-mw72
kzetraja	N	Y	Y	added-since-mw72
kzetrakara	N	Y	N	added-since-mw72
kzetranirmARaniDi	N	N	N	never-seen
kzetrapa	N	Y	N	added-since-mw72
kzetrasADas	N	Y	Y	added-since-mw72
kzetriya	Y	Y	N	kept
kzi	Y	Y	N	kept
kzip	Y	Y	N	kept
kzipraMsuvana	N	Y	Y	added-since-mw72
kziprahoma	N	Y	N	added-since-mw72
kzitiSacIpati	N	Y	N	added-since-mw72
kzitikA	N	Y	Y	added-since-mw72
kzitikzamAvant	N	N	N	never-seen
kzitikzit	N	Y	N	added-since-mw72
kzitipratizWa	N	Y	N	added-since-mw72
kzitipuruhUta	N	Y	N	added-since-mw72
kzmApavitra	N	N	N	never-seen
kzoBa	Y	Y	Y	kept
kzoRI	Y	Y	Y	kept
kzu	Y	Y	N	kept
kzud	Y	Y	N	kept
kzudrAnukzudra	N	Y	Y	added-since-mw72
kzudraDamanI	N	N	N	never-seen
kzullaka	Y	Y	N	kept
kzullakavESvadeva	N	Y	Y	added-since-mw72
kzutkzAma	N	Y	N	added-since-mw72
kzutsaMbADa	N	N	N	never-seen
kzuttas	N	N	N	never-seen
kzveqa	Y	Y	N	kept
kzveqita	Y	Y	Y	kept
kzviq	Y	Y	N	kept
lAYCanAy	N	N	N	never-seen
lAYci	N	Y	N	added-since-mw72
lAmpawya	Y	Y	N	kept
lAntava	N	Y	N	added-since-mw72
lAqika	N	Y	N	added-since-mw72
lAvaRyavatI	N	Y	N	added-since-mw72
lESika	N	Y	N	added-since-mw72
lI	Y	Y	N	kept
lOhitIka	Y	Y	N	kept
lOkAkza	Y	Y	N	kept
lUha	Y	Y	N	kept
laB	Y	Y	N	kept
laGUtTAnatA	N	Y	N	added-since-mw72
laGuka	N	Y	N	added-since-mw72
laGusamudIraRa	N	Y	N	added-since-mw72
laNG	Y	Y	N	kept
laNg	Y	Y	N	kept
laNga	Y	Y	N	kept
laNgin	N	Y	N	added-since-mw72
labDAtiSaya	N	Y	N	added-since-mw72
labDasaMhAra	N	Y	N	added-since-mw72
lakAra	N	Y	N	added-since-mw72
lakzaBUta	N	Y	N	added-since-mw72
lakzaRasaMniveSa	N	Y	N	added-since-mw72
lakzaRya	Y	Y	N	kept
lakzay	N	N	N	never-seen
lakzmInArAyaRa	N	Y	N	added-since-mw72
lakzmaRAditya	N	Y	N	added-since-mw72
lakzmaRakuRqaka	N	Y	N	added-since-mw72
lakzmaRya	Y	Y	N	kept
lalAwaka	Y	Y	N	kept
lalitoka	N	Y	N	added-since-mw72
lamba	Y	Y	N	kept
lampAka	Y	Y	N	kept
lap	Y	Y	N	kept
lapanA	N	N	N	never-seen
laq	Y	Y	N	kept
laqahacandra	N	Y	N	added-since-mw72
laqqu	Y	Y	N	kept
lard	N	Y	N	added-since-mw72
las	Y	Y	N	kept
laspUjani	N	N	N	never-seen
latAy	N	N	N	never-seen
lata	N	N	N	never-seen
lavaNga	Y	N	N	dropped
laya	Y	Y	N	kept
leKaka	Y	Y	N	kept
leRqikA	N	N	N	never-seen
leSaSas	N	N	N	never-seen
liK	Y	Y	N	kept
liNgika	N	Y	N	added-since-mw72
lih	Y	Y	N	kept
lip	Y	Y	N	kept
lipika	N	Y	N	added-since-mw72
lohacAraka	N	Y	N	added-since-mw72
lohadAraka	N	Y	N	added-since-mw72
lohakarRa	N	N	N	never-seen
lohaleKya	N	Y	N	added-since-mw72
lohamAraka	N	Y	N	added-since-mw72
lohitASva	N	Y	N	added-since-mw72
lohitAy	N	N	N	never-seen
lohitagAtra	N	Y	N	added-since-mw72
lohitakftsna	N	Y	N	added-since-mw72
lohitasAraNga	N	Y	N	added-since-mw72
lok	Y	Y	N	kept
lokADipateya	N	Y	N	added-since-mw72
lokakAmpA	N	N	N	never-seen
lokapakti	N	Y	N	added-since-mw72
lokaparokza	N	Y	N	added-since-mw72
lokasAraNga	N	Y	N	added-since-mw72
lokasaMvftti	N	Y	N	added-since-mw72
lolana	Y	Y	N	kept
lozwAy	N	N	N	never-seen
luRW	Y	Y	N	kept
luW	Y	Y	N	kept
luYc	Y	Y	N	kept
lul	Y	Y	N	kept
lulAyaketu	N	Y	N	added-since-mw72
lup	Y	Y	N	kept
mA	Y	Y	N	kept
mADUka	Y	Y	N	kept
mAMsodana	N	Y	N	added-since-mw72
mANgalikya	N	Y	N	added-since-mw72
mARqavya	Y	Y	N	kept
mAWara	Y	Y	N	kept
mAdaka	Y	Y	N	kept
mAgaSoBA	N	N	N	never-seen
mAhAnada	Y	Y	N	kept
mAhAvratika	N	Y	N	added-since-mw72
mAhendra	Y	Y	N	kept
mAhiza	Y	Y	N	kept
mAlADAra	N	Y	N	added-since-mw72
mAlavaBadra	N	Y	N	added-since-mw72
mAluDAna	N	Y	N	added-since-mw72
mAlukAcCada	N	Y	N	added-since-mw72
mAnApya	N	Y	N	added-since-mw72
mAnAsa	N	Y	N	added-since-mw72
mAnastokIya	N	Y	Y	added-since-mw72
mAnitA	N	Y	N	added-since-mw72
mAraRa	Y	Y	N	kept
mArdalika	N	Y	N	added-since-mw72
mArgAKyAyin	N	Y	N	added-since-mw72
mArga	Y	Y	N	kept
mArgadeSika	N	Y	N	added-since-mw72
mArgapariRAyaka	N	Y	N	added-since-mw72
mArjana	Y	Y	N	kept
mAsiSrAdDa	N	Y	N	added-since-mw72
mAsopavAsin	N	Y	N	added-since-mw72
mAtaNgavedi	N	N	N	never-seen
mAtar	N	N	N	never-seen
mAtfdAsa	N	Y	N	added-since-mw72
mAtfgrAma	N	Y	N	added-since-mw72
mAtfkA	N	Y	N	added-since-mw72
mAtfkula	N	Y	N	added-since-mw72
mAti	Y	Y	N	kept
mAtrADika	N	Y	N	added-since-mw72
mAtrAsaMsarga	N	Y	N	added-since-mw72
mAtrika	Y	Y	N	kept
mAtula	Y	Y	N	kept
mAtuliNga	N	Y	N	added-since-mw72
mAyA	Y	Y	N	kept
mAyAbalavant	N	N	N	never-seen
mAyAviDijYa	N	Y	N	added-since-mw72
mAyIya	N	Y	N	added-since-mw72
mAyUravratin	N	Y	N	added-since-mw72
mAzIRa	Y	Y	N	kept
mAza	Y	Y	N	kept
mAzaprati	N	Y	N	added-since-mw72
mETunABAzaRa	N	Y	N	added-since-mw72
mElatrata	N	N	N	never-seen
mEtrAvaruRacamasIya	N	Y	N	added-since-mw72
mEtrAy	N	N	N	never-seen
mEtrIbala	N	Y	N	added-since-mw72
mEtrabala	N	Y	N	added-since-mw72
mIQvaMs	N	N	N	never-seen
mIl	Y	Y	N	kept
mImAMsitavya	N	Y	N	added-since-mw72
mInAri	N	Y	N	added-since-mw72
mInamatsya	N	Y	N	added-since-mw72
mOYja	Y	Y	N	kept
mOdgalIya	N	Y	N	added-since-mw72
mOdrika	N	Y	N	added-since-mw72
mOktikamaya	N	Y	N	added-since-mw72
mOktikasara	N	Y	N	added-since-mw72
mOla	Y	Y	N	kept
mOli	Y	Y	N	kept
mOnIndra	N	Y	N	added-since-mw72
mUQa	Y	Y	N	kept
mUkita	N	Y	N	added-since-mw72
mUlApakarzaparivAsa	N	Y	N	added-since-mw72
mUlaparivAsa	N	Y	N	added-since-mw72
mUlika	Y	Y	N	kept
mUrC	N	Y	N	added-since-mw72
mUrDAgata	N	Y	N	added-since-mw72
mUrDagata	N	Y	N	added-since-mw72
mUrDasaMhita	N	Y	N	added-since-mw72
mUwa	N	Y	N	added-since-mw72
mUzikAhEraRyika	N	N	N	never-seen
ma	Y	Y	N	kept
maDUcCizwa	N	Y	N	added-since-mw72
maDUdaSvita	N	Y	N	added-since-mw72
maDUtTa	N	Y	N	added-since-mw72
maDu	Y	Y	N	kept
maDucCattra	N	Y	N	added-since-mw72
maDuglunTa	N	Y	N	added-since-mw72
maDukoSa	N	Y	N	added-since-mw72
maDukroqa	N	Y	N	added-since-mw72
maDunihan	N	Y	N	added-since-mw72
maDupAyin	N	Y	N	added-since-mw72
maDuripu	N	Y	N	added-since-mw72
maDutaru	N	Y	N	added-since-mw72
maDutfRa	N	Y	N	added-since-mw72
maDuvAra	N	Y	N	added-since-mw72
maDyADidevana	N	Y	N	added-since-mw72
maDyama	Y	Y	N	kept
maDyamasvara	N	Y	N	added-since-mw72
maDyamezWa	N	Y	N	added-since-mw72
maDyamezWeya	N	Y	N	added-since-mw72
maDyapAta	N	Y	N	added-since-mw72
maDyavivekin	N	Y	N	added-since-mw72
maDyevArDi	N	Y	N	added-since-mw72
maKamaTana	N	Y	N	added-since-mw72
maNKAy	N	N	N	never-seen
maNKa	Y	Y	N	kept
maNgalagfha	N	Y	N	added-since-mw72
maNgalakalaSa	N	Y	N	added-since-mw72
maNgalecCA	N	Y	N	added-since-mw72
maNgalyArhA	N	Y	N	added-since-mw72
maNgalyanAman	N	Y	N	added-since-mw72
maNgula	N	Y	N	added-since-mw72
maNku	Y	Y	N	kept
maRicIra	N	Y	N	added-since-mw72
maRigarBa	N	Y	N	added-since-mw72
maRinda	N	N	N	never-seen
maRiratnasuvarRin	N	Y	N	added-since-mw72
maRitulAkowi	N	Y	N	added-since-mw72
maRivarman	N	Y	N	added-since-mw72
maRq	Y	Y	N	kept
maRqIlaka	N	Y	N	added-since-mw72
maRqUka	Y	Y	N	kept
maRqUzikA	N	N	N	never-seen
maRqaka	Y	Y	N	kept
maRqalAsana	N	Y	N	added-since-mw72
maRqalISa	N	Y	N	added-since-mw72
maRqala	Y	Y	N	kept
maRqalaka	Y	Y	N	kept
maRqalamAqa	N	Y	N	added-since-mw72
maRqalatva	N	Y	N	added-since-mw72
maRqalay	N	N	N	never-seen
maRqapikA	N	Y	N	added-since-mw72
maRquka	Y	Y	N	kept
maT	Y	Y	N	kept
maWara	Y	Y	N	kept
maYcipattra	N	Y	N	added-since-mw72
maYjaray	N	N	N	never-seen
maYjarita	Y	Y	N	kept
maYjuSrIbudDakzetraguRavyUha	N	Y	N	added-since-mw72
maYjuSrIvihAra	N	Y	N	added-since-mw72
maYjulI	N	N	N	never-seen
mad	Y	Y	N	kept
madAlasa	N	Y	N	added-since-mw72
madAmbu	N	Y	N	added-since-mw72
madana	Y	Y	N	kept
madanaSalAkA	N	Y	N	added-since-mw72
madapawu	N	Y	N	added-since-mw72
madavAraRa	N	Y	N	added-since-mw72
madeha	N	N	N	never-seen
madguBUta	N	Y	N	added-since-mw72
madguka	N	N	N	never-seen
madodaka	N	N	N	never-seen
madvat	Y	Y	N	kept
madyamaya	N	Y	N	added-since-mw72
mahA	Y	Y	N	kept
mahABAgya	N	Y	N	added-since-mw72
mahABUmika	N	Y	N	added-since-mw72
mahASalkalin	N	Y	N	added-since-mw72
mahASveta	N	Y	N	added-since-mw72
mahAboDi	N	Y	N	added-since-mw72
mahAcandra	N	Y	N	added-since-mw72
mahAdevAhata	N	Y	N	added-since-mw72
mahAgrAma	N	Y	N	added-since-mw72
mahAhatamanda	N	N	N	never-seen
mahAhava	N	Y	N	added-since-mw72
mahAjajYu	N	Y	N	added-since-mw72
mahAjapa	N	Y	N	added-since-mw72
mahAnUpa	N	Y	N	added-since-mw72
mahAnada	N	Y	N	added-since-mw72
mahAnuSaMsaka	N	Y	N	added-since-mw72
mahApanTaka	N	Y	N	added-since-mw72
mahApfTivI	N	Y	N	added-since-mw72
mahApraRAda	N	Y	N	added-since-mw72
mahAprabanDa	N	Y	N	added-since-mw72
mahArAzwravarizWaBAzAmaya	N	Y	N	added-since-mw72
mahArohi	N	Y	N	added-since-mw72
mahAruRa	N	Y	N	added-since-mw72
mahAryasidDAnta	N	Y	N	added-since-mw72
mahAsaBA	N	Y	N	added-since-mw72
mahAsama	N	Y	N	added-since-mw72
mahAsmftyupasTAna	N	Y	N	added-since-mw72
mahAsuBikza	N	Y	N	added-since-mw72
mahAsvapna	N	Y	N	added-since-mw72
mahAvAtasamUha	N	Y	N	added-since-mw72
mahAvirAva	N	Y	N	added-since-mw72
mahAvrIhi	N	Y	N	added-since-mw72
mahAvratika	N	Y	N	added-since-mw72
mahAyAgika	N	Y	N	added-since-mw72
mahItalavisarpin	N	Y	N	added-since-mw72
maha	Y	Y	N	kept
mahadASA	N	Y	N	added-since-mw72
mahadgata	N	Y	N	added-since-mw72
mahalla	Y	Y	N	kept
mahallaka	Y	Y	N	kept
mahant	N	N	N	never-seen
mahardDika	N	N	N	never-seen
mahardDimant	N	N	N	never-seen
mahasvasara	N	N	N	never-seen
mahattamapada	N	Y	N	added-since-mw72
mahaviSva	N	N	N	never-seen
mahaye	Y	Y	N	kept
maheSAKya	N	Y	N	added-since-mw72
mahezuDi	N	Y	N	added-since-mw72
mahilA	Y	Y	N	kept
mahizAsuramardinI	N	Y	N	added-since-mw72
mahiza	Y	Y	N	kept
mahizita	N	Y	N	added-since-mw72
mahodyama	N	Y	N	added-since-mw72
majman	N	N	N	never-seen
makaraDvaja	N	Y	N	added-since-mw72
makaramuKa	N	Y	N	added-since-mw72
makarikA	N	Y	N	added-since-mw72
makuwa	Y	Y	N	kept
makuwabanDana	N	Y	N	added-since-mw72
malanA	N	Y	N	added-since-mw72
malana	Y	Y	N	kept
malay	N	N	N	never-seen
malayaruha	N	Y	N	added-since-mw72
maliha	N	Y	N	added-since-mw72
malimluc	Y	Y	N	kept
malla	Y	Y	N	kept
mallakUwa	N	Y	N	added-since-mw72
mallaka	Y	Y	N	kept
mallikAkza	N	Y	N	added-since-mw72
mamattara	N	Y	N	added-since-mw72
man	Y	Y	N	kept
manTaSEla	N	Y	N	added-since-mw72
manaHSUka	N	Y	N	added-since-mw72
manaHsaMcetanAhAra	N	Y	N	added-since-mw72
manaHsamfdDi	N	Y	N	added-since-mw72
manaHsuKa	N	Y	N	added-since-mw72
mananIya	Y	Y	N	kept
manana	Y	Y	N	kept
mananavant	N	N	N	never-seen
manas	Y	Y	N	kept
manasijabfsI	N	Y	N	added-since-mw72
manaskAraviDi	N	Y	N	added-since-mw72
mandAkza	N	Y	N	added-since-mw72
mandabala	N	Y	N	added-since-mw72
mandaprARavicezwita	N	Y	N	added-since-mw72
mandaviveka	N	Y	N	added-since-mw72
mandavivekin	N	Y	N	added-since-mw72
mandayitar	N	N	N	never-seen
manduraka	N	Y	N	added-since-mw72
manizWakA	N	Y	N	added-since-mw72
manmaTavant	N	N	N	never-seen
manohft	N	Y	N	added-since-mw72
manojalpa	N	Y	N	added-since-mw72
manojava	N	Y	N	added-since-mw72
manorAga	N	Y	N	added-since-mw72
manota	N	Y	N	added-since-mw72
mantravarRa	N	Y	N	added-since-mw72
mantu	Y	Y	N	kept
manuza	Y	Y	N	kept
manuzyaDarman	N	Y	N	added-since-mw72
manuzyaSfNga	N	Y	N	added-since-mw72
manuzyahArin	N	Y	N	added-since-mw72
manuzyanAma	N	Y	N	added-since-mw72
manuzyayAna	N	Y	N	added-since-mw72
manyu	Y	Y	N	kept
maqUzikA	N	Y	N	added-since-mw72
maqquka	N	Y	N	added-since-mw72
mar	N	N	N	never-seen
marAla	Y	Y	N	kept
marS	N	N	N	never-seen
mard	N	N	N	never-seen
marga	N	Y	N	added-since-mw72
marj	Y	Y	N	kept
markaqikA	N	Y	N	added-since-mw72
marmaGAtin	N	Y	N	added-since-mw72
martyI	N	N	N	never-seen
maruddvIpavatI	N	Y	N	added-since-mw72
marujuz	N	Y	N	added-since-mw72
marumaRqala	N	Y	N	added-since-mw72
marumarIcikA	N	Y	N	added-since-mw72
maryAdAbanDa	N	Y	N	added-since-mw72
maryAs	N	N	N	never-seen
masI	N	Y	N	added-since-mw72
mataNgasarasa	N	N	N	never-seen
matajYa	N	Y	N	added-since-mw72
matisAgara	N	N	N	never-seen
matisaciva	N	Y	Y	added-since-mw72
matkuRa	Y	Y	N	kept
matsarin	Y	Y	N	kept
mawUzikA	N	Y	N	added-since-mw72
mayUrANkI	N	Y	N	added-since-mw72
mayUrAkza	N	Y	N	added-since-mw72
mayUraka	Y	Y	N	kept
mayakA	N	Y	N	added-since-mw72
meDAvika	N	Y	N	added-since-mw72
meDI	N	Y	N	added-since-mw72
meDa	Y	Y	N	kept
meDayu	Y	Y	N	kept
meGanIla	N	Y	N	added-since-mw72
meGapuzpa	N	Y	N	added-since-mw72
meRqya	N	N	N	never-seen
mecakagala	N	Y	N	added-since-mw72
mekala	Y	Y	N	kept
melanduka	N	N	N	never-seen
meni	Y	Y	N	kept
meraka	Y	Y	N	kept
merukadambaka	N	N	N	never-seen
mfRAla	Y	Y	N	kept
mfRAlavallI	N	Y	N	added-since-mw72
mfditakukzika	N	Y	N	added-since-mw72
mfdumaDya	N	N	N	never-seen
mfgAramAtar	N	N	N	never-seen
mfgAruvrata	N	N	N	never-seen
mfgaSaPa	N	Y	N	added-since-mw72
mfgacakra	N	Y	N	added-since-mw72
mfgaketana	N	Y	N	added-since-mw72
mfgatIrTa	N	Y	N	added-since-mw72
mfgya	Y	Y	N	kept
mfqIcI	N	N	N	never-seen
mftaBAva	N	Y	N	added-since-mw72
mi	Y	Y	N	kept
miTaHkftya	N	Y	N	added-since-mw72
miTaHsamaya	N	Y	N	added-since-mw72
miTunayoni	N	Y	N	added-since-mw72
miTyAhAravihArin	N	Y	N	added-since-mw72
miTyAliNgaDara	N	Y	N	added-since-mw72
miTyApratyaya	N	Y	N	added-since-mw72
miTyAvikalpa	N	Y	N	added-since-mw72
miYj	Y	Y	N	kept
miYjA	N	Y	Y	added-since-mw72
mimanTizu	Y	Y	N	kept
mindA	Y	Y	N	kept
mita	Y	Y	N	kept
mitra	Y	Y	N	kept
mitradruh	N	Y	N	added-since-mw72
mitramahas	N	Y	N	added-since-mw72
mitramuKa	N	Y	N	added-since-mw72
mlAnatva	N	Y	N	added-since-mw72
mlAniman	N	Y	N	added-since-mw72
moGAy	N	N	N	never-seen
moGahAsin	N	Y	N	added-since-mw72
mokzaRa	Y	Y	N	kept
mokzavArttika	N	Y	N	added-since-mw72
mora	N	Y	N	added-since-mw72
mowa	N	Y	N	added-since-mw72
mowamAna	N	Y	N	added-since-mw72
mowapallI	N	Y	N	added-since-mw72
mrakzya	N	Y	N	added-since-mw72
muKAdAna	N	Y	N	added-since-mw72
muKa	Y	Y	N	kept
muKaGaRwikA	N	Y	N	added-since-mw72
muKaPullaka	N	Y	N	added-since-mw72
muKacCada	N	Y	N	added-since-mw72
muKalANgala	N	Y	N	added-since-mw72
muKapoYCana	N	Y	N	added-since-mw72
muKaprekza	N	Y	N	added-since-mw72
muKapuzpaka	N	Y	N	added-since-mw72
muKara	Y	Y	N	kept
muKatuRqaka	N	Y	N	added-since-mw72
muKavAsana	N	Y	N	added-since-mw72
muKavErasya	N	Y	N	added-since-mw72
muKavarRa	N	Y	N	added-since-mw72
muKendubimba	N	Y	N	added-since-mw72
muKotkIrRa	N	Y	N	added-since-mw72
muRqaSayanAsanavArika	N	Y	N	added-since-mw72
muRqaka	Y	Y	N	kept
muRqana	Y	Y	N	kept
muRqaneSa	N	Y	N	added-since-mw72
muYjAjyAbalbajamaya	N	Y	N	added-since-mw72
muc	Y	Y	N	kept
mucilinda	Y	Y	N	kept
mud	Y	Y	N	kept
mudgaBuj	N	Y	N	added-since-mw72
mudita	Y	Y	N	kept
mudray	N	N	N	never-seen
mugDadvIpa	N	Y	N	added-since-mw72
muhUrtaBuvanonmArtaRqa	N	Y	N	added-since-mw72
muktABaraRa	N	Y	N	added-since-mw72
muktikA	Y	Y	N	kept
mukulikA	N	Y	N	added-since-mw72
mukurAy	N	N	N	never-seen
mukuwatAqitaka	N	Y	N	added-since-mw72
muni	Y	Y	N	kept
munigATA	N	Y	N	added-since-mw72
murucikA	N	N	N	never-seen
musuntikA	N	N	N	never-seen
mutsarI	N	N	N	never-seen
muwa	Y	Y	N	kept
muwwa	N	Y	N	added-since-mw72
muzitasmftitA	N	Y	N	added-since-mw72
muzwiGAtam	N	N	N	never-seen
muzwigraha	N	Y	N	added-since-mw72
nABi	Y	Y	N	kept
nABidaGnapAda	N	Y	N	added-since-mw72
nASanIya	Y	Y	N	kept
nASitasaMgraha	N	Y	N	added-since-mw72
nAT	Y	Y	Y	kept
nAgANganA	N	Y	N	added-since-mw72
nAgAYcanA	N	Y	N	added-since-mw72
nAgaSarman	N	Y	N	added-since-mw72
nAgabali	N	Y	N	added-since-mw72
nAgaraNga	N	Y	N	added-since-mw72
nAgatamanI	N	Y	N	added-since-mw72
nAgavfkza	N	Y	N	added-since-mw72
nAka	Y	Y	N	kept
nAku	Y	Y	N	kept
nAlIjaNGa	N	Y	N	added-since-mw72
nAlIka	Y	Y	N	kept
nAla	Y	Y	N	kept
nAlaka	Y	Y	N	kept
nAmANkita	N	N	N	never-seen
nAmAdeSam	N	Y	N	added-since-mw72
nAmAkzara	N	Y	N	added-since-mw72
nAman	Y	Y	N	kept
nAmapUrva	N	Y	N	added-since-mw72
nAmba	Y	Y	N	kept
nAnADI	N	Y	N	added-since-mw72
nAnADizRya	N	Y	N	added-since-mw72
nAnAbrahmasAmatva	N	Y	N	added-since-mw72
nAnAbudDiruc	N	Y	N	added-since-mw72
nAnAdevata	N	Y	N	added-since-mw72
nAnAgati	N	Y	N	added-since-mw72
nAnAgneya	N	N	N	never-seen
nAnAkaraRa	N	Y	N	added-since-mw72
nAnAnarGamahAratnamaya	N	Y	N	added-since-mw72
nAnAprakAra	N	Y	N	added-since-mw72
nAnArasa	N	Y	N	added-since-mw72
nAnAratnAkaravant	N	N	N	never-seen
nAnAsaMvAsika	N	Y	N	added-since-mw72
nAnAtmapakza	N	Y	N	added-since-mw72
nAnAtmavAdin	N	Y	N	added-since-mw72
nAnAviSya	N	Y	N	added-since-mw72
nAnAyoga	N	Y	N	added-since-mw72
nAndI	Y	Y	N	kept
nAndIBAjana	N	Y	N	added-since-mw72
nApinaBARqa	N	N	N	never-seen
nApitaSAlikA	N	Y	N	added-since-mw72
nAqI	N	Y	N	added-since-mw72
nAqiMDama	N	Y	N	added-since-mw72
nArAcadurdina	N	Y	N	added-since-mw72
nArAyaRa	Y	Y	N	kept
nArIpura	N	Y	N	added-since-mw72
nArIy	N	N	N	never-seen
nArikelI	N	N	N	never-seen
nArya	Y	Y	N	kept
nAsApuwa	N	Y	N	added-since-mw72
nAsApuwamaryAdA	N	Y	N	added-since-mw72
nAsIra	Y	Y	N	kept
nAsikA	Y	Y	N	kept
nAtiSlizwa	N	Y	N	added-since-mw72
nAtiSoBita	N	Y	N	added-since-mw72
nAtidrava	N	Y	N	added-since-mw72
nAtijalpaka	N	Y	N	added-since-mw72
nAtikfcCra	N	Y	N	added-since-mw72
nAtimudAvant	N	N	N	never-seen
nAtipfTu	N	Y	N	added-since-mw72
nAtiprasIdant	N	N	N	never-seen
nAtirohiRI	N	Y	N	added-since-mw72
nAtisAndra	N	Y	N	added-since-mw72
nAtisamaYjasa	N	Y	N	added-since-mw72
nAvya	Y	Y	N	kept
nAwakIya	Y	Y	N	kept
nAyaka	Y	Y	N	kept
nEGaRwuka	Y	Y	N	kept
nEHsaNgya	N	Y	N	added-since-mw72
nEHsargika	N	Y	N	added-since-mw72
nESitya	N	Y	N	added-since-mw72
nEcika	Y	Y	N	kept
nEdra	Y	Y	N	kept
nEgama	Y	Y	N	kept
nEhArika	N	N	N	never-seen
nEjAmazAha	N	N	N	never-seen
nElakaRWi	N	Y	N	added-since-mw72
nEmittaka	N	N	N	never-seen
nEmittika	Y	Y	N	kept
nEmittikaSrAdDa	N	Y	N	added-since-mw72
nEpuRa	Y	Y	N	kept
nErayika	Y	Y	N	kept
nErgranTya	N	Y	N	added-since-mw72
nErmARika	N	Y	N	added-since-mw72
nErveDika	N	Y	N	added-since-mw72
nEsargika	Y	Y	N	kept
nEstriMSika	Y	Y	N	kept
nEtala	N	Y	N	added-since-mw72
nEvAsika	N	Y	N	added-since-mw72
nEvaSEkzASEkza	N	N	N	never-seen
nEyAyika	Y	Y	N	kept
nEyyagroDa	N	Y	N	added-since-mw72
nEzAda	Y	Y	N	kept
nEzkramya	N	Y	N	added-since-mw72
nEzpezika	N	Y	N	added-since-mw72
nI	Y	Y	N	kept
nIhArAdri	N	N	N	never-seen
nIhAra	Y	Y	N	kept
nIhAragiri	N	N	N	never-seen
nIkz	N	N	N	never-seen
nIlARqaja	N	Y	N	added-since-mw72
nIlASman	N	Y	N	added-since-mw72
nIlAda	N	Y	N	added-since-mw72
nIlagala	N	Y	N	added-since-mw72
nIlakftsna	N	Y	N	added-since-mw72
nIlapIta	N	Y	N	added-since-mw72
nIlavajra	N	Y	N	added-since-mw72
nIloda	N	Y	N	added-since-mw72
nIlopala	N	Y	N	added-since-mw72
nIracara	N	Y	N	added-since-mw72
nIradin	N	Y	N	added-since-mw72
nIrajastama	N	Y	N	added-since-mw72
nIrajastamaska	N	Y	N	added-since-mw72
nIranDra	Y	Y	N	kept
nIrarASi	N	Y	N	added-since-mw72
nIta	Y	Y	N	kept
nItitantra	N	Y	N	added-since-mw72
nIvI	N	Y	N	added-since-mw72
nIvft	Y	Y	N	kept
nIvra	Y	Y	N	kept
nOcakrIvant	N	N	N	never-seen
nOkrama	N	Y	N	added-since-mw72
nOmaRqa	N	Y	N	added-since-mw72
nOnetar	N	N	N	never-seen
nOpura	N	Y	N	added-since-mw72
nOsaMkama	N	N	N	never-seen
nOtArya	N	Y	N	added-since-mw72
nOtana	N	Y	N	added-since-mw72
nOyAna	N	Y	N	added-since-mw72
na	Y	Y	N	kept
naBaHsad	N	Y	N	added-since-mw72
naBoNgaRa	N	Y	N	added-since-mw72
naBorUpa	N	Y	N	added-since-mw72
naKAvapUta	N	Y	N	added-since-mw72
naS	Y	Y	N	kept
nad	Y	Y	N	kept
nadImArga	N	Y	N	added-since-mw72
nadIsIsa	N	Y	Y	added-since-mw72
nada	Y	Y	Y	kept
nadaDra	N	Y	N	added-since-mw72
nadasy	N	N	N	never-seen
nagaradEvata	N	Y	N	added-since-mw72
nagaramaRqanA	N	Y	N	added-since-mw72
nagnacaryA	N	Y	N	added-since-mw72
nah	Y	Y	N	kept
naktaMBojin	N	N	N	never-seen
nakulAQyA	N	N	N	never-seen
nakulaka	Y	Y	N	kept
nakzatra	Y	Y	N	kept
nakzatraSavas	N	Y	N	added-since-mw72
nakzatradevata	N	Y	N	added-since-mw72
nakzatropajIvin	N	Y	N	added-since-mw72
nalamAlin	N	Y	N	added-since-mw72
naleDma	N	Y	N	added-since-mw72
nam	Y	Y	N	kept
namaka	N	Y	N	added-since-mw72
namuci	Y	Y	N	kept
nand	Y	Y	N	kept
nanda	Y	Y	N	kept
nandakumAra	N	Y	N	added-since-mw72
nandanaBawwAcArya	N	N	N	never-seen
nandimitra	N	N	N	never-seen
nanditA	N	N	N	never-seen
nandopananda	N	Y	N	added-since-mw72
napuMsaka	Y	Y	N	kept
naqaneri	N	Y	N	added-since-mw72
narI	N	Y	N	added-since-mw72
nara	Y	Y	N	kept
naraMmanya	N	N	N	never-seen
narajANgala	N	N	N	never-seen
narakapAta	N	Y	N	added-since-mw72
narakavartman	N	N	N	never-seen
narapaSu	N	Y	N	added-since-mw72
naravIra	N	Y	N	added-since-mw72
naravyAGra	N	Y	N	added-since-mw72
narmAlI	N	N	N	never-seen
narmada	N	Y	N	added-since-mw72
narmasAcivya	N	Y	N	added-since-mw72
narmasPiYja	N	Y	N	added-since-mw72
nart	N	N	N	never-seen
natravAr	N	N	N	never-seen
natyUha	N	Y	N	added-since-mw72
navAlAbu	N	N	N	never-seen
navAvasAna	N	Y	N	added-since-mw72
navAvasita	N	Y	N	added-since-mw72
navOcityavicAracarcA	N	Y	N	added-since-mw72
nava	Y	Y	N	kept
navaSrAdDa	N	Y	N	added-since-mw72
navaka	Y	Y	N	kept
navakarmika	N	Y	N	added-since-mw72
navalakzaRa	N	N	N	never-seen
navapariRayA	N	Y	N	added-since-mw72
navaprasUtA	N	Y	N	added-since-mw72
navasvastara	N	Y	N	added-since-mw72
navatardma	N	Y	N	added-since-mw72
navavitfRRa	N	Y	N	added-since-mw72
navayoga	N	N	N	never-seen
navidya	N	Y	N	added-since-mw72
naw	Y	Y	N	kept
naya	Y	Y	N	kept
nayacandrasUri	N	Y	N	added-since-mw72
nayadatta	N	Y	N	added-since-mw72
nayahIna	N	N	N	never-seen
nayanAmbu	N	Y	N	added-since-mw72
nayanAyuDa	N	N	N	never-seen
nayanaprIti	N	Y	N	added-since-mw72
nayanavAri	N	Y	N	added-since-mw72
nayanavant	N	N	N	never-seen
nayavartman	N	Y	N	added-since-mw72
nazwacaryA	N	Y	N	added-since-mw72
nazwakAryArTa	N	Y	N	added-since-mw72
ned	Y	Y	N	kept
nejana	Y	Y	N	kept
nemapizwa	N	Y	N	added-since-mw72
netra	Y	Y	N	kept
netrapattra	N	Y	N	added-since-mw72
netrapeya	N	Y	N	added-since-mw72
netrasaMvejana	N	Y	N	added-since-mw72
nfjyAya	N	Y	N	added-since-mw72
nfkAra	N	Y	N	added-since-mw72
nfkuladevA	N	Y	N	added-since-mw72
nfpamandira	N	Y	N	added-since-mw72
nfprajA	N	Y	N	added-since-mw72
nftA	N	Y	N	added-since-mw72
nfzadvara	N	Y	N	added-since-mw72
niBftI	N	N	N	never-seen
niBfta	Y	Y	N	kept
niDAna	Y	Y	N	kept
niDAtar	N	N	N	never-seen
niDISvara	N	Y	N	added-since-mw72
niDanA	N	Y	N	added-since-mw72
niDi	Y	Y	N	kept
niDiBft	N	Y	N	added-since-mw72
niDiguhyakADipa	N	Y	N	added-since-mw72
niDyapti	N	Y	N	added-since-mw72
niHSAKa	N	Y	N	added-since-mw72
niHSreRikA	Y	Y	N	kept
niHsADvasa	Y	Y	N	kept
niHsaMkzoBa	N	Y	N	added-since-mw72
niHsaNga	Y	Y	N	kept
niHsahAya	Y	Y	N	kept
niHsaraDArA	N	N	N	never-seen
niHsaraRIya	N	N	N	never-seen
niHsugrIva	N	Y	N	added-since-mw72
niHzyandana	N	Y	N	added-since-mw72
niSAcara	N	Y	N	added-since-mw72
niSAdAru	N	N	N	never-seen
niSAkara	N	Y	N	added-since-mw72
niSAnapawwa	N	Y	N	added-since-mw72
niSAnta	Y	Y	N	kept
niScakrika	N	Y	N	added-since-mw72
niScayakft	N	Y	N	added-since-mw72
niScayin	Y	Y	N	kept
niSceya	N	Y	N	added-since-mw72
niScikIrzA	N	N	N	never-seen
niScitArTa	N	Y	N	added-since-mw72
niSraya	N	Y	N	added-since-mw72
niSvAsAy	N	N	N	never-seen
nicCuraRa	N	N	N	never-seen
nicayin	Y	Y	N	kept
nidAGaDAman	N	Y	N	added-since-mw72
nidAGaruci	N	Y	N	added-since-mw72
nidAGavArzika	N	Y	N	added-since-mw72
nidAna	Y	Y	N	kept
nidarSana	Y	Y	N	kept
nididrAsu	N	Y	N	added-since-mw72
nigUhana	Y	Y	N	kept
nigaqa	Y	Y	N	kept
nigarhaRIya	N	N	N	never-seen
nihrAdavant	N	N	N	never-seen
nihrAdita	N	Y	N	added-since-mw72
nijAma	N	N	N	never-seen
nijur	Y	Y	N	kept
nikAza	Y	Y	N	kept
nikUjitavya	N	Y	N	added-since-mw72
nikartu	N	Y	N	added-since-mw72
nikarzaRa	Y	Y	N	kept
nikfntin	N	Y	N	added-since-mw72
nikubjana	N	Y	N	added-since-mw72
nikuwwana	N	Y	N	added-since-mw72
nikvARa	N	N	N	never-seen
nikvaRa	Y	Y	N	kept
nikzatriya	N	Y	N	added-since-mw72
nikziptavAda	N	Y	N	added-since-mw72
nimArjana	N	Y	N	added-since-mw72
nimantrya	Y	Y	N	kept
nimittAvekza	N	Y	N	added-since-mw72
nimna	Y	Y	N	kept
nimnagApati	N	Y	N	added-since-mw72
nimnay	N	N	N	never-seen
nimuzwi	N	Y	N	added-since-mw72
nipAnI	N	N	N	never-seen
nipAna	Y	Y	N	kept
nipaka	N	Y	N	added-since-mw72
nipitsu	N	Y	N	added-since-mw72
nipuRa	Y	Y	N	kept
nirASa	Y	Y	N	kept
nirAja	N	Y	N	added-since-mw72
nirAkranda	Y	Y	N	kept
nirAsrava	N	Y	N	added-since-mw72
nirAyAsa	Y	Y	N	kept
nirAyatatva	N	Y	N	added-since-mw72
nirBartsana	Y	Y	N	kept
nirBasmita	N	N	N	never-seen
nirDavana	N	N	N	never-seen
nirGAta	Y	Y	N	kept
nirRij	Y	Y	N	kept
nirRikti	N	Y	N	added-since-mw72
nirUpya	Y	Y	N	kept
nirUzmaka	N	N	N	never-seen
niraBisaDAna	N	N	N	never-seen
niraSvapuruza	N	Y	N	added-since-mw72
nirantara	Y	Y	N	kept
niranuyojya	N	Y	N	added-since-mw72
niratIcAra	N	Y	N	added-since-mw72
niravadozatva	N	Y	N	added-since-mw72
nirbanDin	Y	Y	N	kept
nirdaSa	Y	Y	N	kept
nirdara	Y	Y	N	kept
nirdaya	Y	Y	N	kept
nirdeSya	N	Y	N	added-since-mw72
nirenas	N	Y	N	added-since-mw72
nirfRin	N	Y	N	added-since-mw72
nirftipASa	N	Y	N	added-since-mw72
nirgrahasTAna	N	N	N	never-seen
nirhrAdana	N	Y	N	added-since-mw72
nirjAqya	N	Y	N	added-since-mw72
nirjalamInAy	N	N	N	never-seen
nirktara	N	N	N	never-seen
nirlopa	N	Y	N	added-since-mw72
nirmAta	N	Y	Y	added-since-mw72
nirmUlana	Y	Y	N	kept
nirmUzaka	N	Y	N	added-since-mw72
nirmaTya	Y	Y	N	kept
nirmalImasa	N	Y	N	added-since-mw72
nirmala	Y	Y	N	kept
nirmimitsA	N	Y	N	added-since-mw72
nirmitsu	N	Y	N	added-since-mw72
nirnABi	Y	Y	N	kept
nirnIrita	N	N	N	never-seen
nirnara	Y	Y	N	kept
nirnidray	N	N	N	never-seen
niroDaka	Y	Y	N	kept
nirodDar	N	N	N	never-seen
nirokAra	N	N	N	never-seen
nirozWya	Y	Y	N	kept
nirudDapakaSa	N	N	N	never-seen
nirukta	Y	Y	N	kept
nirupAdAna	N	Y	N	added-since-mw72
nirupahita	N	Y	N	added-since-mw72
nirupasTAyaka	N	Y	N	added-since-mw72
nirvElakzya	N	Y	N	added-since-mw72
nirvIra	Y	Y	N	kept
nirvIratA	N	Y	N	added-since-mw72
nirvaRa	Y	Y	N	kept
nirvacana	Y	Y	N	kept
nirvara	Y	Y	N	kept
nirvaruRam	N	Y	N	added-since-mw72
nirvaska	N	N	N	never-seen
nirveDa	N	Y	N	added-since-mw72
nirvfkzamfgapakzin	N	Y	N	added-since-mw72
nirviGawwam	N	Y	N	added-since-mw72
nirviSezatA	N	Y	N	added-since-mw72
nirvikAra	Y	Y	N	kept
nirviroDa	N	Y	N	added-since-mw72
nirvraska	Y	Y	N	kept
nirvyaYjaka	N	Y	N	added-since-mw72
nirvyapatrapa	N	Y	N	added-since-mw72
nirvyavasTa	N	Y	N	added-since-mw72
niryAmaka	N	Y	N	added-since-mw72
niryogakzema	Y	Y	N	kept
nisamIkzA	N	N	N	never-seen
nistArayitar	N	N	N	never-seen
nistfzRa	N	Y	N	added-since-mw72
nistrEguRya	Y	Y	N	kept
nistula	N	Y	N	added-since-mw72
nistuza	Y	Y	N	kept
nistvakpakza	N	Y	N	added-since-mw72
nitIraRa	N	Y	N	added-since-mw72
nitamba	Y	Y	N	kept
nityaSrAdDa	N	Y	N	added-since-mw72
nityaSrI	N	Y	N	added-since-mw72
nityajvara	N	Y	N	added-since-mw72
nityasTa	N	Y	N	added-since-mw72
nivApodaka	N	Y	N	added-since-mw72
nivAra	Y	Y	N	kept
nivAsAcArya	N	N	N	never-seen
nivAsaracanA	N	Y	N	added-since-mw72
nivartitapUrva	N	Y	N	added-since-mw72
nivfttasaMtApIya	N	N	N	never-seen
niwala	Y	Y	N	kept
niyAma	Y	Y	N	kept
nizAda	Y	Y	N	kept
nizAdasTapati	N	Y	N	added-since-mw72
nizPala	Y	Y	N	kept
nizWASUnya	N	Y	N	added-since-mw72
nizWIvitA	N	N	N	never-seen
nizWa	Y	Y	N	kept
nizaDa	Y	Y	N	kept
nizade	N	N	N	never-seen
nizadyA	Y	Y	N	kept
nizeDayitar	N	N	N	never-seen
nizekavicara	N	N	N	never-seen
nizkANkza	N	Y	N	added-since-mw72
nizkAlaka	Y	Y	N	kept
nizkArya	N	Y	N	added-since-mw72
nizkAvam	N	Y	N	added-since-mw72
nizkEvalya	Y	Y	N	kept
nizkarRa	N	Y	N	added-since-mw72
nizkara	N	Y	N	added-since-mw72
nizkarzaRa	Y	Y	N	kept
nizkoSa	N	Y	N	added-since-mw72
nizkozaRa	Y	Y	N	kept
nizkuwaka	N	N	N	never-seen
nizpAdaka	Y	Y	N	kept
nizpAdana	Y	Y	N	kept
nizpUtiganDika	N	Y	N	added-since-mw72
nizparuza	N	Y	N	added-since-mw72
nizpatayAlu	N	N	N	never-seen
nizpayoda	N	Y	N	added-since-mw72
nizpitfka	N	Y	N	added-since-mw72
nizprItika	N	Y	N	added-since-mw72
nizpraBita	N	N	N	never-seen
nizpraRayatA	N	Y	N	added-since-mw72
nizpraRayatva	N	Y	N	added-since-mw72
nizprakrama	N	Y	N	added-since-mw72
nizpramanda	N	N	N	never-seen
nizpratiBa	Y	Y	N	kept
nizpravARi	N	Y	N	added-since-mw72
nizputrI	N	N	N	never-seen
nizwarkya	Y	Y	N	kept
nizwya	Y	Y	N	kept
nraDISa	N	Y	N	added-since-mw72
nu	Y	Y	N	kept
nud	Y	Y	N	kept
nuq	Y	Y	N	kept
nutamitra	N	Y	N	added-since-mw72
nyAma	N	Y	N	added-since-mw72
nyAyaprasUnAYjali	N	N	N	never-seen
nyAyatantra	N	Y	N	added-since-mw72
nyAyavAdin	N	Y	N	added-since-mw72
nyaNga	Y	Y	N	kept
nyaYcanEzin	N	Y	N	added-since-mw72
nyagroDaka	N	Y	N	added-since-mw72
nyagroDaparimaRqala	N	Y	N	added-since-mw72
nyakza	Y	Y	N	kept
nyante	N	Y	N	added-since-mw72
oGI	N	N	N	never-seen
oGa	Y	Y	Y	kept
oMkAracaturTa	N	N	N	never-seen
oMkAravAda	N	N	N	never-seen
odanaBojikA	N	Y	N	added-since-mw72
odanapacana	N	Y	N	added-since-mw72
odanapiRqa	N	Y	Y	added-since-mw72
odanaprati	N	Y	Y	added-since-mw72
odman	N	Y	Y	added-since-mw72
ogaRa	Y	Y	Y	kept
ojApratyAhAriRI	N	N	N	never-seen
oja	Y	Y	N	kept
ojaskAra	N	N	N	never-seen
oqigalla	N	N	N	never-seen
otu	Y	Y	N	kept
ozWarucaka	N	Y	Y	added-since-mw72
ozaDISa	N	Y	N	added-since-mw72
ozaDISvara	N	Y	Y	added-since-mw72
ozaDihoma	N	Y	Y	added-since-mw72
ozaDrivanaspatimant	N	N	N	never-seen
pA	Y	Y	Y	kept
pAMsaka	Y	Y	N	kept
pAMsana	Y	Y	N	kept
pAMsukrIqana	N	Y	N	added-since-mw72
pAMsuleKana	N	Y	N	added-since-mw72
pAMsuvikarzaRa	N	Y	N	added-since-mw72
pARiGAtam	N	Y	N	added-since-mw72
pARigfhItA	N	N	N	never-seen
pARigrAham	N	Y	N	added-since-mw72
pARipuwa	N	Y	N	added-since-mw72
pARqaravAsin	N	Y	N	added-since-mw72
pARqu	Y	Y	N	kept
pARqukambalaSilA	N	Y	N	added-since-mw72
pARqukambalin	N	Y	N	added-since-mw72
pARqupattra	N	Y	N	added-since-mw72
pARquraka	N	Y	N	added-since-mw72
pARquray	N	N	N	never-seen
pARqvAti	N	N	N	never-seen
pARyupaGAtam	N	Y	N	added-since-mw72
pASAy	N	N	N	never-seen
pASI	Y	Y	N	kept
pASavamata	N	Y	N	added-since-mw72
pAWAntaray	N	N	N	never-seen
pAYcanaKa	Y	Y	N	kept
pAYjara	N	Y	N	added-since-mw72
pAdADizWAna	N	Y	N	added-since-mw72
pAdAvanAma	N	Y	N	added-since-mw72
pAdUlaka	N	Y	N	added-since-mw72
pAda	Y	Y	N	kept
pAdacArin	N	Y	N	added-since-mw72
pAdalagna	N	Y	N	added-since-mw72
pAdavezwanika	N	Y	N	added-since-mw72
pAdopajIvin	N	Y	N	added-since-mw72
pAjipakzin	N	N	N	never-seen
pAka	Y	Y	N	kept
pAkala	Y	Y	N	kept
pAkayajYika	N	Y	N	added-since-mw72
pAlASakarman	N	Y	N	added-since-mw72
pAlIza	N	N	N	never-seen
pAlana	Y	Y	N	kept
pAli	Y	Y	N	kept
pAnIyavArika	N	Y	N	added-since-mw72
pApamaya	N	Y	N	added-since-mw72
pApardDika	N	Y	N	added-since-mw72
pApasamAcAra	N	Y	N	added-since-mw72
pApasama	N	Y	N	added-since-mw72
pApayakzmagfhIta	N	Y	N	added-since-mw72
pApman	Y	Y	N	kept
pArApata	Y	Y	N	kept
pArAvArajalAy	N	N	N	never-seen
pArIRa	Y	Y	N	kept
pArTa	Y	Y	N	kept
pAra	Y	Y	N	kept
pArajanmika	N	Y	N	added-since-mw72
pArami	N	Y	N	added-since-mw72
pArapAra	N	Y	N	added-since-mw72
pArileya	N	Y	N	added-since-mw72
pArivedya	N	Y	N	added-since-mw72
pArizad	Y	N	N	dropped
pArizadya	Y	Y	N	kept
pAruzika	N	Y	N	added-since-mw72
pAruzyaka	N	N	N	never-seen
pArvaRaSrAdDa	N	Y	N	added-since-mw72
pArzRiyantar	N	N	N	never-seen
pAtI	N	N	N	never-seen
pAta	Y	Y	N	kept
pAtaBeda	N	Y	N	added-since-mw72
pAtanikA	N	Y	N	added-since-mw72
pAtrAvalehakam	N	N	N	never-seen
pAtraDAraRa	N	Y	N	added-since-mw72
pAtraparIzwi	N	Y	N	added-since-mw72
pAtuka	Y	Y	N	kept
pAvana	Y	Y	N	kept
pAwalIputra	N	Y	N	added-since-mw72
pAwalacakzus	N	Y	N	added-since-mw72
pAwalakIwa	N	Y	N	added-since-mw72
pAwalopala	N	Y	N	added-since-mw72
pAwalya	N	Y	N	added-since-mw72
pAwavika	Y	Y	N	kept
pAyalisaMGa	N	Y	N	added-since-mw72
pESunika	N	Y	N	added-since-mw72
pElottika	N	N	N	never-seen
pEnya	N	Y	N	added-since-mw72
pEtudrava	N	Y	N	added-since-mw72
pIWAy	N	N	N	never-seen
pIWa	Y	Y	N	kept
pIlupati	N	Y	N	added-since-mw72
pInAMsa	N	Y	N	added-since-mw72
pIpAsAvant	N	N	N	never-seen
pIq	Y	Y	N	kept
pItaSeza	N	Y	N	added-since-mw72
pIyUzaDAman	N	Y	N	added-since-mw72
pIyUzamayUKa	N	Y	N	added-since-mw72
pORaki	N	Y	N	added-since-mw72
pORqarIka	Y	Y	N	kept
pORqra	Y	Y	N	kept
pOdgalika	N	Y	N	added-since-mw72
pOlomIpati	N	Y	N	added-since-mw72
pOnarvAcanika	N	Y	N	added-since-mw72
pOrava	Y	Y	N	kept
pOroqASIya	N	N	N	never-seen
pOrvapadika	Y	Y	N	kept
pOsya	N	N	N	never-seen
pU	Y	Y	N	kept
pUjita	Y	Y	N	kept
pUlaka	N	N	N	never-seen
pUrRAmftAMSu	N	N	N	never-seen
pUrRa	Y	Y	N	kept
pUrRabanDura	N	Y	N	added-since-mw72
pUrRacAttra	N	Y	N	added-since-mw72
pUrRadarva	N	Y	N	added-since-mw72
pUrRamukta	N	Y	N	added-since-mw72
pUrRaraTa	N	Y	N	added-since-mw72
pUrRaviMSativarza	N	Y	N	added-since-mw72
pUraRadvitIyA	N	N	N	never-seen
pUrdvAra	N	Y	N	added-since-mw72
pUrowi	N	N	N	never-seen
pUrvAnta	N	Y	N	added-since-mw72
pUrvaBava	N	Y	N	added-since-mw72
pUrvaBikzikA	N	Y	N	added-since-mw72
pUrvaMgama	N	Y	N	added-since-mw72
pUrvakArin	N	Y	N	added-since-mw72
pUrvakarmakftavAdin	N	Y	N	added-since-mw72
pUrvanivAsa	N	Y	N	added-since-mw72
pUrvapreta	N	Y	N	added-since-mw72
pUrvayoga	N	Y	N	added-since-mw72
pUrvopakrama	N	Y	N	added-since-mw72
pUrvopasfta	N	Y	N	added-since-mw72
pUt	Y	Y	N	kept
pUtara	N	Y	N	added-since-mw72
pUti	Y	Y	N	kept
pUtiSaParI	N	Y	N	added-since-mw72
pUtirajju	N	Y	N	added-since-mw72
pUtkfta	N	N	N	never-seen
pUyaBuj	N	Y	N	added-since-mw72
pa	Y	Y	N	kept
paMsaka	N	Y	N	added-since-mw72
paMsana	N	Y	N	added-since-mw72
paNgUyita	N	Y	N	added-since-mw72
paNgu	Y	Y	N	kept
paNguvAsara	N	Y	N	added-since-mw72
paNkajAta	N	Y	N	added-since-mw72
paNkaja	N	Y	N	added-since-mw72
paNkajanayanA	N	Y	N	added-since-mw72
paNkapezam	N	N	N	never-seen
paNkay	N	N	N	never-seen
paNkeruhAkzI	N	Y	N	added-since-mw72
paNktiSas	N	Y	N	added-since-mw72
paNktikawa	N	Y	N	added-since-mw72
paRAy	N	N	N	never-seen
paRasundarI	N	Y	N	added-since-mw72
paRitaka	N	N	N	never-seen
paRqAlu	N	Y	N	added-since-mw72
paRqaka	Y	Y	N	kept
paRqitaSrIvara	N	Y	N	added-since-mw72
paRyahoma	N	Y	N	added-since-mw72
paRyavITI	N	Y	N	added-since-mw72
paRyavikraya	N	Y	N	added-since-mw72
paScAccara	N	Y	N	added-since-mw72
paScAja	N	Y	N	added-since-mw72
paScAlloka	N	Y	N	added-since-mw72
paScAt	N	Y	N	added-since-mw72
paScAtpuroqASa	N	Y	N	added-since-mw72
paScimAcala	N	Y	N	added-since-mw72
paScimadarSana	N	Y	N	added-since-mw72
paScimadvAra	N	Y	N	added-since-mw72
paSu	Y	Y	N	kept
paSudAvan	N	Y	N	added-since-mw72
paSujanana	N	Y	N	added-since-mw72
paSumata	N	Y	N	added-since-mw72
paSupAlana	N	Y	N	added-since-mw72
paSuvat	N	Y	N	added-since-mw72
paSuvrata	N	Y	N	added-since-mw72
paTaka	Y	Y	N	kept
paTasundara	N	Y	N	added-since-mw72
paTikAy	N	N	N	never-seen
paYcAkza	N	Y	N	added-since-mw72
paYcArzeya	N	Y	N	added-since-mw72
paYcAvatta	N	Y	N	added-since-mw72
paYcabadDa	N	Y	N	added-since-mw72
paYcabanDa	N	Y	N	added-since-mw72
paYcacUqaka	N	N	N	never-seen
paYcagaRqaka	N	Y	N	added-since-mw72
paYcagatisamatikrAnta	N	Y	N	added-since-mw72
paYcagfhItin	N	N	N	never-seen
paYcaguRa	N	Y	N	added-since-mw72
paYcakUrca	N	Y	N	added-since-mw72
paYcaka	Y	Y	N	kept
paYcakalpa	N	Y	N	added-since-mw72
paYcamahAkalpa	N	Y	N	added-since-mw72
paYcaparvan	N	Y	N	added-since-mw72
paYcarAtra	N	Y	N	added-since-mw72
paYcarAtrika	N	Y	N	added-since-mw72
paYcarasA	N	Y	N	added-since-mw72
paYcasAra	N	Y	N	added-since-mw72
paYcavArzika	N	Y	N	added-since-mw72
paYcavali	N	Y	N	added-since-mw72
paYcavarzikamaha	N	Y	N	added-since-mw72
paYcaviMSatisAhasrikA	N	Y	N	added-since-mw72
paYcayAma	N	Y	N	added-since-mw72
paYcayojanI	N	Y	N	added-since-mw72
paYcopacAraka	N	Y	N	added-since-mw72
paYjaraka	Y	Y	N	kept
pac	Y	Y	N	kept
pacamAnaka	N	Y	N	added-since-mw72
pacanAgAra	N	Y	N	added-since-mw72
pacanAgni	N	Y	N	added-since-mw72
pacanika	Y	N	N	dropped
pad	Y	Y	N	kept
padABihoma	N	Y	N	added-since-mw72
padDati	Y	Y	N	kept
pada	Y	Y	N	kept
padaGAtam	N	Y	N	added-since-mw72
padaka	Y	Y	N	kept
padatA	N	Y	N	added-since-mw72
padavedin	N	Y	N	added-since-mw72
padmAy	N	N	N	never-seen
padmaDara	N	Y	N	added-since-mw72
padmacala	N	N	N	never-seen
padmagarBa	N	Y	N	added-since-mw72
padmaka	Y	Y	N	kept
padmakoSI	N	N	N	never-seen
padmanetra	N	Y	N	added-since-mw72
padmasOganDika	N	Y	N	added-since-mw72
padmavyAkoSa	N	Y	N	added-since-mw72
padmavyUhA	N	N	N	never-seen
padminIvallaBa	N	Y	N	added-since-mw72
padyAmftataraMgiRIsopAna	N	N	N	never-seen
padyakAdambarI	N	Y	N	added-since-mw72
pajra	Y	Y	Y	kept
pakva	Y	Y	N	kept
pakvagAtra	N	Y	N	added-since-mw72
pakzADyAya	N	Y	N	added-since-mw72
pakza	Y	Y	N	kept
pakzaMbfhat	N	N	N	never-seen
pakzagama	N	Y	N	added-since-mw72
pakzakft	N	Y	N	added-since-mw72
pakzapucCa	N	Y	N	added-since-mw72
pakzasaMmita	N	N	N	never-seen
pakzi	Y	Y	N	kept
pakzman	Y	Y	N	kept
pakzmasaMpAta	N	N	N	never-seen
pakzu	N	Y	N	added-since-mw72
palASa	Y	Y	N	kept
palAva	Y	Y	N	kept
palISa	N	Y	N	added-since-mw72
paligoDa	N	N	N	never-seen
palita	Y	Y	N	kept
palitaMkaraRa	N	Y	N	added-since-mw72
palitavant	N	N	N	never-seen
palvalI	N	N	N	never-seen
palya	Y	Y	N	kept
palyayana	Y	Y	N	kept
panTalikA	N	Y	N	added-since-mw72
pannejana	N	Y	N	added-since-mw72
par	N	N	N	never-seen
parABAva	Y	Y	N	kept
parABava	Y	Y	N	kept
parANga	N	Y	N	added-since-mw72
parAgama	N	Y	N	added-since-mw72
parAgamana	N	N	N	never-seen
parAgvadana	N	N	N	never-seen
parAkrAnta	Y	Y	N	kept
parAmarSana	Y	Y	N	kept
parApAtam	N	N	N	never-seen
parArTacara	N	Y	N	added-since-mw72
parArTacaryA	N	Y	N	added-since-mw72
parAsisizu	Y	Y	N	kept
parIvApa	N	Y	N	added-since-mw72
parIzaha	N	N	N	never-seen
parIzwa	N	Y	N	added-since-mw72
para	Y	Y	N	kept
paraBAva	N	Y	N	added-since-mw72
paraMparaBojana	N	N	N	never-seen
paraSuPARwa	N	Y	N	added-since-mw72
paraSupalASa	N	Y	N	added-since-mw72
paramArTasaMvftisatyanirdeSa	N	Y	N	added-since-mw72
paramArya	N	Y	N	added-since-mw72
paramAtma	N	Y	N	added-since-mw72
paramAtra	N	Y	N	added-since-mw72
paramESvarya	N	Y	N	added-since-mw72
paramakARqa	N	Y	N	added-since-mw72
paramamokza	N	Y	N	added-since-mw72
paramardDika	N	Y	N	added-since-mw72
parapravAdin	N	Y	N	added-since-mw72
paraprayojana	N	Y	N	added-since-mw72
parapurapraveSa	N	Y	N	added-since-mw72
pararUpa	N	Y	N	added-since-mw72
paratantradfzwi	N	Y	N	added-since-mw72
paravarga	N	Y	N	added-since-mw72
parb	Y	Y	N	kept
pard	Y	Y	N	kept
pariBAvuka	Y	Y	N	kept
pariBAzaka	N	Y	N	added-since-mw72
pariBAzitatva	N	Y	N	added-since-mw72
pariBakza	N	N	N	never-seen
pariBogya	N	Y	N	added-since-mw72
pariDAnI	N	N	N	never-seen
pariDAsyE	N	N	N	never-seen
pariGawwana	Y	Y	N	kept
pariKaRqa	N	Y	N	added-since-mw72
pariPulla	N	Y	N	added-since-mw72
pariRAmana	N	Y	N	added-since-mw72
pariRAminitya	N	Y	N	added-since-mw72
pariRaya	Y	Y	N	kept
pariSEla	N	N	N	never-seen
pariSaNkA	N	Y	N	added-since-mw72
pariSapta	N	Y	N	added-since-mw72
pariSiTila	N	Y	N	added-since-mw72
paribuBukzita	N	Y	N	added-since-mw72
paricArin	Y	Y	N	kept
paricArita	N	Y	N	added-since-mw72
paricCinnatva	N	Y	N	added-since-mw72
paridaSa	N	Y	N	added-since-mw72
paridurbala	Y	Y	N	kept
parigamya	N	Y	N	added-since-mw72
parigfdDa	N	Y	N	added-since-mw72
parigfhyA	N	Y	N	added-since-mw72
parigreDa	N	Y	N	added-since-mw72
parihArasU	N	Y	N	added-since-mw72
parihAyam	N	N	N	never-seen
pariharaRIya	Y	Y	N	kept
parijana	Y	Y	N	kept
parijetar	N	N	N	never-seen
parikAsana	N	Y	N	added-since-mw72
parikAtara	N	Y	N	added-since-mw72
parikaTA	Y	Y	N	kept
parikara	Y	Y	N	kept
parikarkaSa	N	Y	N	added-since-mw72
parikiraRa	N	Y	N	added-since-mw72
parikzati	Y	Y	N	kept
parimarSa	Y	Y	N	kept
parimarza	Y	Y	N	kept
parimitatva	N	Y	N	added-since-mw72
parinABi	N	Y	N	added-since-mw72
parinirvAyin	N	Y	N	added-since-mw72
parinizWApanIya	N	Y	N	added-since-mw72
paripARqiman	N	Y	N	added-since-mw72
paripAwalita	N	Y	N	added-since-mw72
paripIvara	N	Y	N	added-since-mw72
paripUri	N	N	N	never-seen
paripaRana	N	Y	N	added-since-mw72
paripacana	N	Y	N	added-since-mw72
paripfcCanikA	N	Y	N	added-since-mw72
paripiRqI	N	N	N	never-seen
paripluta	Y	Y	N	kept
pariprApya	N	Y	N	added-since-mw72
paripuNKita	N	Y	N	added-since-mw72
pariramBin	Y	Y	N	kept
pariripsu	N	Y	N	added-since-mw72
parisKalita	N	Y	N	added-since-mw72
parisamohana	N	Y	N	added-since-mw72
paritikta	Y	Y	N	kept
parivApI	N	Y	N	added-since-mw72
parivAra	Y	Y	N	kept
parivaYcana	N	Y	N	added-since-mw72
parivartaka	Y	Y	N	kept
parivartana	Y	Y	N	kept
parivartita	Y	Y	N	kept
parivedita	Y	Y	N	kept
pariveza	Y	Y	N	kept
parivezya	N	Y	N	added-since-mw72
parivfkza	N	N	N	never-seen
parivftta	Y	Y	N	kept
parivftti	Y	Y	N	kept
parivitta	N	Y	N	added-since-mw72
parivivadizu	N	Y	N	added-since-mw72
parivraQiman	Y	Y	N	kept
parivyAkulI	N	N	N	never-seen
parivyaya	Y	Y	N	kept
parizaRqA	N	Y	N	added-since-mw72
parizvaNgin	N	Y	N	added-since-mw72
parj	N	N	N	never-seen
paroNhu	N	N	N	never-seen
parokzabanDu	N	Y	N	added-since-mw72
parokzabudDi	N	Y	N	added-since-mw72
paropasarpaRa	N	Y	N	added-since-mw72
partvA	N	N	N	never-seen
paruSSas	N	Y	N	added-since-mw72
paruza	Y	Y	N	kept
parvamitra	N	Y	N	added-since-mw72
parvataka	Y	Y	N	kept
parvataroDas	N	Y	N	added-since-mw72
paryARay	N	N	N	never-seen
paryAdAna	N	Y	N	added-since-mw72
paryAntam	N	Y	N	added-since-mw72
paryAvasaTa	N	Y	N	added-since-mw72
paryantI	N	N	N	never-seen
paryanta	Y	Y	N	kept
paryanubanDa	Y	Y	N	kept
paryavadApayitar	N	N	N	never-seen
paryavasAna	Y	Y	N	kept
paryavasTAna	N	Y	N	added-since-mw72
paryezwi	Y	Y	N	kept
paryudasana	N	Y	N	added-since-mw72
paryupAsanA	N	N	N	never-seen
paryupAsya	N	Y	N	added-since-mw72
paryutTAna	Y	Y	N	kept
paryuzaRAvicArabfhadavacUrRi	N	N	N	never-seen
paryuzaRa	Y	Y	N	kept
paryuzitavya	N	Y	N	added-since-mw72
parzatka	N	Y	N	added-since-mw72
pat	Y	Y	N	kept
patAkAy	N	N	N	never-seen
patAka	Y	Y	N	kept
patAkin	Y	Y	N	kept
patIyas	Y	Y	N	kept
pataMgASman	N	Y	N	added-since-mw72
pataMga	N	Y	N	added-since-mw72
patant	N	N	N	never-seen
patiMvarA	N	Y	N	added-since-mw72
pattI	N	N	N	never-seen
pattodaSa	N	N	N	never-seen
pattorRa	N	Y	N	added-since-mw72
pattraBaNgi	N	Y	N	added-since-mw72
pattracCawA	N	Y	N	added-since-mw72
pattracCeda	N	Y	N	added-since-mw72
pattracCedya	N	Y	N	added-since-mw72
pattrakartarI	N	Y	N	added-since-mw72
pattralatA	N	Y	N	added-since-mw72
pattrapati	N	Y	N	added-since-mw72
pattravAha	N	Y	N	added-since-mw72
pattrika	N	Y	N	added-since-mw72
pavamAnasaKa	N	Y	N	added-since-mw72
pavanapaYcASikA	N	Y	N	added-since-mw72
pavi	Y	Y	N	kept
pavitrezwi	N	Y	N	added-since-mw72
pavyA	Y	Y	N	kept
paw	Y	Y	N	kept
pawU	N	N	N	never-seen
pawalikA	N	Y	N	added-since-mw72
pawamaya	N	Y	N	added-since-mw72
pawavAsa	N	Y	N	added-since-mw72
pawavAsinIM	N	N	N	never-seen
pawaveSman	N	Y	N	added-since-mw72
pawiman	Y	Y	N	kept
pawutA	N	Y	N	added-since-mw72
payaHpratibimba	N	Y	N	added-since-mw72
payaHsPAti	N	Y	N	added-since-mw72
payasvin	N	Y	N	added-since-mw72
payoBft	N	Y	N	added-since-mw72
payomAnuzI	N	Y	N	added-since-mw72
payomuKa	N	Y	N	added-since-mw72
pazWavah	N	Y	N	added-since-mw72
peSa	Y	Y	N	kept
peki	N	Y	N	added-since-mw72
peluvAsa	N	Y	N	added-since-mw72
peru	Y	Y	N	kept
pewAka	Y	Y	N	kept
pewwAla	N	Y	N	added-since-mw72
peyAlam	N	Y	N	added-since-mw72
pezI	Y	Y	N	kept
pfSnimanTa	N	Y	N	added-since-mw72
pfSnivAla	N	Y	N	added-since-mw72
pfTagdevata	N	Y	N	added-since-mw72
pfTaksTiti	N	Y	N	added-since-mw72
pfTivIkftsna	N	Y	N	added-since-mw72
pfTu	Y	Y	N	kept
pfTudatta	N	Y	N	added-since-mw72
pfkza	Y	Y	N	kept
pftanAja	N	Y	N	added-since-mw72
pftanAjaya	N	Y	N	added-since-mw72
pfzWI	N	N	N	never-seen
pfzWatApa	N	Y	N	added-since-mw72
pfzWatoBAvam	N	Y	N	added-since-mw72
pfzWatomuKa	N	Y	N	added-since-mw72
pfzWya	Y	Y	N	kept
pfzant	N	N	N	never-seen
pfzatka	Y	Y	N	kept
pfzwa	Y	Y	N	kept
pfzwi	Y	Y	N	kept
pfzwisAcaya	N	Y	N	added-since-mw72
piDAyin	N	Y	N	added-since-mw72
piNgARaka	N	N	N	never-seen
piNgalavatsAjIva	N	Y	N	added-since-mw72
piNgeSa	N	Y	N	added-since-mw72
piNgiman	N	Y	N	added-since-mw72
piRqABra	N	Y	N	added-since-mw72
piRqIra	Y	Y	N	kept
piRqaka	Y	Y	N	kept
piRqapAtranirhAraka	N	Y	N	added-since-mw72
piRqatakzuka	N	N	N	never-seen
piRqaveRu	N	Y	N	added-since-mw72
piRqipAla	Y	Y	N	kept
piSAcaSvan	N	Y	N	added-since-mw72
piSAcadIpikA	N	Y	N	added-since-mw72
piSAcaka	Y	Y	N	kept
piSAcodumbara	N	Y	N	added-since-mw72
piSIlI	N	Y	N	added-since-mw72
piSIla	Y	Y	N	kept
piSaNga	Y	Y	N	kept
piSaNgay	N	N	N	never-seen
piSitapraroha	N	Y	N	added-since-mw72
piSitavasAmaya	N	Y	N	added-since-mw72
piSuna	Y	Y	N	kept
piWarikA	N	N	N	never-seen
piYjulikA	N	N	N	never-seen
picColA	N	Y	N	added-since-mw72
piculikA	N	N	N	never-seen
pilla	Y	Y	N	kept
pinAkasena	N	Y	N	added-since-mw72
pinAkin	Y	Y	N	kept
pipIlikotkiraRa	N	Y	N	added-since-mw72
pipatizant	N	N	N	never-seen
pipfkzu	N	Y	N	added-since-mw72
pitAputra	N	Y	N	added-since-mw72
pitfdevata	N	Y	N	added-since-mw72
pitrya	Y	Y	N	kept
pittopasfzwa	N	Y	N	added-since-mw72
pitu	Y	Y	N	kept
piwaka	Y	Y	N	kept
piz	Y	Y	N	kept
pizwI	N	Y	N	added-since-mw72
pizwapepaRa	N	N	N	never-seen
plAvin	Y	Y	N	kept
plI	Y	Y	N	kept
plakzodumbara	N	Y	N	added-since-mw72
ploti	N	Y	N	added-since-mw72
plozwar	N	N	N	never-seen
plu	Y	Y	N	kept
poYC	N	Y	N	added-since-mw72
ponti	N	N	N	never-seen
popPala	N	N	N	never-seen
potAy	N	N	N	never-seen
powa	Y	Y	N	kept
poza	Y	Y	N	kept
pozaDa	Y	Y	N	kept
prABAkara	Y	Y	N	kept
prANmuKAYcana	N	N	N	never-seen
prANmuKa	N	Y	N	added-since-mw72
prARAcArya	N	Y	N	added-since-mw72
prARa	Y	Y	N	kept
prARaBAj	N	Y	N	added-since-mw72
prARin	Y	Y	N	kept
prAS	Y	Y	N	kept
prATamakalpika	Y	Y	N	kept
prAcInakarRa	N	Y	N	added-since-mw72
prAcInapratIcitas	N	N	N	never-seen
prAgItya	N	Y	N	added-since-mw72
prAgagra	N	Y	N	added-since-mw72
prAgjanmaka	N	Y	N	added-since-mw72
prAglajja	N	Y	N	added-since-mw72
prAgudagagra	N	Y	N	added-since-mw72
prAharika	N	Y	N	added-since-mw72
prAhavanIya	N	Y	N	added-since-mw72
prAjApatI	N	Y	N	added-since-mw72
prAjApatya	Y	Y	N	kept
prAjApatyavrata	N	Y	N	added-since-mw72
prAleyavarza	N	Y	N	added-since-mw72
prAnUna	N	Y	N	added-since-mw72
prAnta	Y	Y	N	kept
prApayitar	N	N	N	never-seen
prAptakrama	N	Y	N	added-since-mw72
prAptamanoraTa	N	Y	N	added-since-mw72
prAptaprakASaka	N	Y	N	added-since-mw72
prApyarUpa	N	Y	N	added-since-mw72
prArTa	Y	Y	N	kept
prAsAdikA	N	Y	N	added-since-mw72
prAsAdivArika	N	Y	N	added-since-mw72
prAsAdya	N	Y	N	added-since-mw72
prAtaraSana	N	Y	N	added-since-mw72
prAtarmantra	N	Y	N	added-since-mw72
prAtihArya	Y	Y	N	kept
prAtijanIna	Y	Y	N	kept
prAtikUlika	Y	Y	N	kept
prAtipaTika	Y	Y	N	kept
prAtipakza	Y	Y	N	kept
prAtisIma	N	Y	N	added-since-mw72
prAveSya	N	Y	N	added-since-mw72
prAvfta	Y	Y	N	kept
prAvfzija	N	Y	N	added-since-mw72
prAvis	N	N	N	never-seen
prAyaScitti	N	Y	N	added-since-mw72
prAyaScittika	N	Y	N	added-since-mw72
prAyogi	N	Y	N	added-since-mw72
prEyameDa	Y	Y	N	kept
prEzakft	N	Y	N	added-since-mw72
prI	Y	Y	N	kept
prIRayitar	N	N	N	never-seen
prItamAnasa	N	Y	N	added-since-mw72
prItisaMyoga	N	Y	N	added-since-mw72
praBAcandra	N	Y	Y	added-since-mw72
praBAmaya	N	Y	N	added-since-mw72
praBAsvara	Y	Y	N	kept
praBAvana	Y	Y	N	kept
praBAzaRa	Y	Y	N	kept
praBUtatA	N	Y	N	added-since-mw72
praBava	Y	Y	N	kept
praBedaka	Y	Y	N	kept
praC	Y	Y	N	kept
praDAnamantrin	N	Y	N	added-since-mw72
praDAnavAsas	N	Y	N	added-since-mw72
praDarzin	N	Y	N	added-since-mw72
praDvAna	N	Y	N	added-since-mw72
praGaRa	Y	Y	N	kept
praKAda	Y	Y	N	kept
praKara	Y	Y	N	kept
praRAda	Y	Y	N	kept
praRItavijYApana	N	Y	N	added-since-mw72
praRamrI	N	N	N	never-seen
praRamra	N	Y	N	added-since-mw72
praRatAtmavant	N	N	N	never-seen
praRaya	Y	Y	N	kept
praRayamaya	N	Y	N	added-since-mw72
praRetra	N	Y	N	added-since-mw72
praSAntaviniScayaprAtihAryanirdeSa	N	N	N	never-seen
praSaMsanIya	Y	Y	N	kept
praSaWa	N	Y	N	added-since-mw72
praSakya	N	Y	N	added-since-mw72
praSasti	Y	Y	N	kept
praSlaTa	Y	Y	N	kept
praSna	Y	Y	N	kept
praT	Y	Y	N	kept
praTamaBakzaRa	N	Y	N	added-since-mw72
praTamapluta	N	Y	N	added-since-mw72
prabADanA	N	N	N	never-seen
prabalanatA	N	Y	N	added-since-mw72
prabalavirasA	N	Y	N	added-since-mw72
prabanDana	Y	Y	N	kept
pracCeda	Y	Y	N	kept
pracCindyAkarRa	N	Y	N	added-since-mw72
pracaRqapARqava	N	Y	N	added-since-mw72
pracalAy	N	N	N	never-seen
pracapala	N	Y	N	added-since-mw72
praceya	N	Y	N	added-since-mw72
praciti	N	Y	N	added-since-mw72
pradAsa	N	Y	N	added-since-mw72
pradAtrikA	N	Y	N	added-since-mw72
pradaRqavant	N	N	N	never-seen
pradara	Y	Y	N	kept
pradehana	N	Y	N	added-since-mw72
praditsA	N	Y	N	added-since-mw72
pragraha	Y	Y	N	kept
prahARa	Y	Y	N	kept
prahAra	Y	Y	N	kept
prahAsa	Y	Y	N	kept
prahAsin	Y	Y	N	kept
prahaRana	Y	Y	N	kept
prahasita	Y	Y	N	kept
prahasitanetra	N	Y	N	added-since-mw72
prahata	Y	Y	N	kept
praheRavaka	N	N	N	never-seen
prahetavya	N	Y	N	added-since-mw72
prahitAtman	N	Y	N	added-since-mw72
prajAgarUka	N	Y	N	added-since-mw72
prajApa	N	Y	N	added-since-mw72
prajApati	N	Y	N	added-since-mw72
prajApaticiti	N	Y	N	added-since-mw72
prajApatika	N	Y	N	added-since-mw72
prajApatimuKa	N	Y	N	added-since-mw72
prajAsfj	N	Y	N	added-since-mw72
prajYAcandra	N	Y	N	added-since-mw72
prajYApAramitA	N	Y	N	added-since-mw72
prajYApanopANga	N	Y	N	added-since-mw72
prajYapti	Y	Y	N	kept
prajaNGA	N	Y	N	added-since-mw72
prakarzin	Y	Y	N	kept
prakftatva	N	Y	N	added-since-mw72
prakftilaya	N	Y	N	added-since-mw72
prakrAmaRI	N	Y	N	added-since-mw72
prakvATa	N	Y	N	added-since-mw72
prakzAlayitar	N	N	N	never-seen
prakzAma	N	Y	N	added-since-mw72
prakzveqana	Y	Y	N	kept
prakzveqita	Y	Y	N	kept
pralInendriya	N	Y	N	added-since-mw72
pralabDar	N	N	N	never-seen
pralamBana	Y	Y	N	kept
pramAdin	Y	Y	N	kept
pramAtar	N	N	N	never-seen
pramaTin	N	Y	N	added-since-mw72
pramattarajju	N	Y	N	added-since-mw72
prametos	N	Y	N	added-since-mw72
pramita	Y	Y	N	kept
pramodam	N	Y	N	added-since-mw72
pramokzaka	N	Y	N	added-since-mw72
pranazwADigata	N	Y	N	added-since-mw72
prapARa	N	Y	N	added-since-mw72
prapAwikA	N	Y	N	added-since-mw72
prapIti	N	Y	N	added-since-mw72
prapaYcatva	N	Y	N	added-since-mw72
prarohaka	N	Y	N	added-since-mw72
prasAdaBAj	N	Y	N	added-since-mw72
prasAra	Y	Y	N	kept
prasPAra	N	Y	N	added-since-mw72
prasTAna	Y	Y	N	kept
prasTAnaka	N	Y	N	added-since-mw72
prasTAvant	N	N	N	never-seen
prasTika	Y	Y	N	kept
prasUti	Y	Y	N	kept
prasUtikA	Y	Y	N	kept
prasaNgAnusaNgena	N	Y	N	added-since-mw72
prasaYjayitavya	N	Y	N	added-since-mw72
prasajyapratizeDa	N	Y	N	added-since-mw72
prasava	Y	Y	N	kept
prasevaka	Y	Y	N	kept
prasftiMpaca	N	N	N	never-seen
prasftvara	N	Y	N	added-since-mw72
praskandana	Y	Y	N	kept
praskandin	Y	Y	N	kept
prasnavana	N	Y	N	added-since-mw72
prasrAvakaraRa	N	Y	N	added-since-mw72
prasrava	Y	Y	N	kept
prastAvAntaragata	N	Y	N	added-since-mw72
prastAvapAWaka	N	Y	N	added-since-mw72
pratAparAja	N	Y	N	added-since-mw72
pratIkzA	N	Y	N	added-since-mw72
pratIra	Y	Y	N	kept
pratItimant	N	N	N	never-seen
pratanU	N	N	N	never-seen
pratiBinnaka	N	Y	N	added-since-mw72
pratiBoga	Y	Y	N	kept
pratiGa	Y	Y	N	kept
pratiPalIkaraRam	N	Y	N	added-since-mw72
pratiSarAsana	N	Y	N	added-since-mw72
pratiSaraRa	N	Y	N	added-since-mw72
pratiSayita	N	Y	N	added-since-mw72
pratiSilpa	N	Y	N	added-since-mw72
pratiSizyakA	N	N	N	never-seen
pratiSrama	N	Y	N	added-since-mw72
pratiSravaRa	Y	Y	N	kept
pratibala	Y	Y	N	kept
pratibimb	N	N	N	never-seen
praticCandaka	Y	Y	N	kept
praticCandakalyARa	N	Y	N	added-since-mw72
pratidantin	Y	Y	N	kept
pratidantyanIkam	N	Y	N	added-since-mw72
pratideSanIya	N	Y	N	added-since-mw72
pratiduh	Y	Y	N	kept
pratidvaMdvay	N	N	N	never-seen
pratidvaMdvin	N	Y	N	added-since-mw72
pratidvipa	N	Y	N	added-since-mw72
pratigrAmasamIyam	N	N	N	never-seen
pratigraha	Y	Y	N	kept
pratigu	Y	Y	N	kept
pratihanana	Y	Y	N	kept
pratihiMsita	Y	Y	N	kept
pratijApa	N	Y	N	added-since-mw72
pratijanam	N	Y	N	added-since-mw72
pratikARqam	N	Y	N	added-since-mw72
pratikAya	Y	Y	N	kept
pratikaRWakayA	N	N	N	never-seen
pratikaYcuka	Y	Y	N	kept
pratimAnayitavya	N	Y	N	added-since-mw72
pratimArga	N	Y	N	added-since-mw72
pratimAsaMprokzaRa	N	N	N	never-seen
pratimahAnasa	N	Y	N	added-since-mw72
pratimahiza	N	Y	N	added-since-mw72
pratimallatA	N	Y	N	added-since-mw72
pratimantrayitavya	N	Y	N	added-since-mw72
pratimiti	N	Y	N	added-since-mw72
pratimoka	N	Y	N	added-since-mw72
pratimuKa	Y	Y	N	kept
pratinAyaka	Y	Y	N	kept
pratinayana	N	Y	N	added-since-mw72
pratininada	Y	Y	N	kept
pratinisfjya	N	N	N	never-seen
pratiniveSa	N	Y	N	added-since-mw72
pratinizkraya	N	Y	N	added-since-mw72
pratipAduka	Y	Y	N	kept
pratipaRya	N	Y	N	added-since-mw72
pratipaTa	N	Y	N	added-since-mw72
pratipacanam	N	Y	N	added-since-mw72
pratipad	Y	Y	N	kept
pratipalam	N	Y	N	added-since-mw72
pratipanmaya	N	Y	N	added-since-mw72
pratiprAS	Y	Y	N	kept
pratipraSrabDi	N	Y	N	added-since-mw72
pratiprayARakam	N	Y	N	added-since-mw72
pratipriya	Y	Y	N	kept
pratipur	N	Y	N	added-since-mw72
pratirUpatA	N	Y	N	added-since-mw72
pratirozitavya	N	Y	N	added-since-mw72
pratisAmarTya	N	Y	N	added-since-mw72
pratisUryam	N	Y	N	added-since-mw72
pratisaMKyAna	N	Y	N	added-since-mw72
pratisaMharaRIya	N	Y	N	added-since-mw72
pratisaMkrAma	N	N	N	never-seen
pratisaMmodana	N	N	N	never-seen
pratisaMstara	N	Y	N	added-since-mw72
pratisaMvinniScayAvatArA	N	Y	N	added-since-mw72
pratisamApana	N	Y	N	added-since-mw72
pratisamAsam	N	N	N	never-seen
pratisarabanDa	N	Y	N	added-since-mw72
pratiskanDam	N	Y	N	added-since-mw72
pratisomodakadvijam	N	Y	N	added-since-mw72
pratisrota	N	Y	N	added-since-mw72
pratisvAhAkAram	N	Y	N	added-since-mw72
pratitAqitavya	N	Y	N	added-since-mw72
prativARi	Y	Y	N	kept
prativArita	N	Y	N	added-since-mw72
prativAsarika	N	Y	N	added-since-mw72
prativAsin	Y	Y	N	kept
prativahana	Y	Y	N	kept
prativaktar	N	N	N	never-seen
prativanitA	N	Y	N	added-since-mw72
prativarzaRa	N	Y	N	added-since-mw72
prativeSma	N	Y	N	added-since-mw72
prativfttAntam	N	Y	N	added-since-mw72
pratiyatra	N	N	N	never-seen
pratiyuvam	N	Y	N	added-since-mw72
pratizWAsu	Y	Y	N	kept
pratizWa	Y	Y	N	kept
pratizevaRa	N	Y	N	added-since-mw72
pratodayazwi	N	Y	N	added-since-mw72
prattadEvata	N	N	N	never-seen
pratyAKyAna	Y	Y	N	kept
pratyAdeSa	Y	Y	N	kept
pratyAhuti	N	Y	N	added-since-mw72
pratyAkalita	Y	Y	N	kept
pratyAkrozwavya	N	Y	N	added-since-mw72
pratyAlayam	N	Y	N	added-since-mw72
pratyArava	N	N	N	never-seen
pratyArdrI	N	N	N	never-seen
pratyArdra	N	Y	N	added-since-mw72
pratyAsanna	Y	Y	N	kept
pratyAstaraRa	N	N	N	never-seen
pratyAsvAdaka	N	Y	N	added-since-mw72
pratyAtmaviniyata	N	Y	N	added-since-mw72
pratyAyya	N	Y	N	added-since-mw72
pratyaMSa	N	Y	Y	added-since-mw72
pratyaMsam	N	Y	N	added-since-mw72
pratyagam	N	Y	N	added-since-mw72
pratyakcetanA	N	Y	N	added-since-mw72
pratyakzAvagama	N	Y	N	added-since-mw72
pratyakzaBUta	N	Y	N	added-since-mw72
pratyakzaDarman	N	Y	N	added-since-mw72
pratyakzabanDu	N	Y	N	added-since-mw72
pratyakzapara	N	Y	N	added-since-mw72
pratyakzin	Y	Y	N	kept
pratyanDakAra	N	Y	N	added-since-mw72
pratyanUkAntam	N	Y	N	added-since-mw72
pratyantajanapada	N	Y	N	added-since-mw72
pratyantima	N	Y	N	added-since-mw72
pratyanuprAsa	N	Y	N	added-since-mw72
pratyapAya	N	Y	N	added-since-mw72
pratyaraRya	N	Y	N	added-since-mw72
pratyavamarSa	Y	Y	N	kept
pratyavekzaRA	N	Y	N	added-since-mw72
pratyaya	Y	Y	N	kept
pratyeka	Y	Y	Y	kept
pratyekanaraka	N	Y	N	added-since-mw72
pratyekarUpa	N	N	N	never-seen
pratyenas	Y	Y	N	kept
pratyudDAra	N	Y	N	added-since-mw72
pratyudyAna	N	Y	N	added-since-mw72
pratyuktatva	N	N	N	never-seen
pratyupaveSana	N	Y	N	added-since-mw72
pratyurasa	Y	Y	N	kept
pravAda	Y	Y	N	kept
pravAha	Y	Y	N	kept
pravAhita	N	Y	N	added-since-mw72
pravAla	N	Y	N	added-since-mw72
pravAlaka	N	Y	N	added-since-mw72
pravAritArTAtisevA	N	N	N	never-seen
pravAsanIya	N	Y	N	added-since-mw72
pravaRa	Y	Y	N	kept
pravaRay	N	N	N	never-seen
pravada	Y	Y	N	kept
pravartamAnatA	N	N	N	never-seen
pravartana	Y	Y	N	kept
pravayaRa	Y	Y	N	kept
praveDa	N	Y	N	added-since-mw72
pravepita	N	Y	N	added-since-mw72
pravezwa	Y	Y	N	kept
pravftta	Y	Y	N	kept
pravfttasaMprahAra	N	N	N	never-seen
praviGawana	N	Y	N	added-since-mw72
pravicAramArga	N	Y	N	added-since-mw72
pravidalana	N	Y	N	added-since-mw72
praviditsu	N	Y	N	added-since-mw72
pravihAra	N	Y	N	added-since-mw72
pravijahya	N	Y	N	added-since-mw72
pravikarza	N	Y	N	added-since-mw72
pravikarzaRa	N	Y	N	added-since-mw72
pravikawa	N	Y	N	added-since-mw72
pravilambita	N	Y	N	added-since-mw72
pravilaya	Y	Y	N	kept
pravisarpin	N	Y	N	added-since-mw72
praviviktatA	N	Y	N	added-since-mw72
pravyAharaRa	N	Y	N	added-since-mw72
prayARa	Y	Y	N	kept
prayAma	Y	Y	N	kept
prayAsa	Y	Y	N	kept
prayatitavya	Y	Y	N	kept
prayogi	N	N	N	never-seen
prayoktavya	Y	Y	N	kept
prayoktra	N	Y	N	added-since-mw72
prazwavya	Y	Y	N	kept
prekzAkArin	N	Y	N	added-since-mw72
prekzaRa	Y	Y	N	kept
pretagati	N	Y	N	added-since-mw72
pretvarI	N	N	N	never-seen
preyasvin	N	Y	N	added-since-mw72
priyAKyAnadAna	N	Y	N	added-since-mw72
priyAKyAyin	N	Y	N	added-since-mw72
priyAjana	N	Y	N	added-since-mw72
priyAy	N	N	N	never-seen
priyasAhasa	N	Y	N	added-since-mw72
priyasena	N	Y	N	added-since-mw72
priyatanaya	N	Y	N	added-since-mw72
priyavacana	N	Y	N	added-since-mw72
priyavadya	N	Y	N	added-since-mw72
prodDAra	N	Y	N	added-since-mw72
prodvIci	N	Y	N	added-since-mw72
prollAsin	N	Y	N	added-since-mw72
prollola	N	Y	N	added-since-mw72
prozaDa	N	Y	N	added-since-mw72
ptA	N	Y	N	added-since-mw72
puMrUpa	N	Y	N	added-since-mw72
puMsI	N	Y	N	added-since-mw72
puMsU	N	Y	N	added-since-mw72
puMsavat	N	Y	N	added-since-mw72
puRaka	N	Y	N	added-since-mw72
puRqakakza	N	Y	N	added-since-mw72
puRqarIka	Y	Y	N	kept
puRqarIkamuKa	N	Y	N	added-since-mw72
puRqarIkekzaRa	N	Y	N	added-since-mw72
puRqarIkinI	N	N	N	never-seen
puRqavarDana	N	Y	N	added-since-mw72
puRyAgni	N	Y	N	added-since-mw72
puRyAha	N	Y	N	added-since-mw72
puRyAhasvana	N	Y	N	added-since-mw72
puRyI	N	N	N	never-seen
puRyaPala	N	Y	N	added-since-mw72
puRyapApekzitar	N	N	N	never-seen
puRyavarDana	N	Y	N	added-since-mw72
puYjay	N	N	N	never-seen
pula	Y	Y	N	kept
pulaka	Y	Y	N	kept
pulakeSin	N	Y	N	added-since-mw72
punArAjABizeka	N	Y	N	added-since-mw72
punaHsaMBava	N	N	N	never-seen
punaScara	N	Y	N	added-since-mw72
punarAhAram	N	Y	N	added-since-mw72
punarRava	N	Y	N	added-since-mw72
punarbAla	N	Y	N	added-since-mw72
punarjIvAtu	N	Y	N	added-since-mw72
punarmfta	N	Y	N	added-since-mw72
punarnigranTam	N	Y	N	added-since-mw72
punarupalabDi	N	Y	N	added-since-mw72
punarvivAha	N	Y	N	added-since-mw72
punastarAm	N	Y	N	added-since-mw72
purA	Y	Y	N	kept
purARadfzwa	N	Y	N	added-since-mw72
purARadvitIyA	N	Y	N	added-since-mw72
purAsura	N	N	N	never-seen
purIzasaMhita	N	N	N	never-seen
pura	Y	Y	N	kept
puraBid	N	Y	N	added-since-mw72
puraHsTa	N	Y	N	added-since-mw72
puraScakram	N	Y	N	added-since-mw72
puraScaryA	N	Y	N	added-since-mw72
puras	Y	Y	N	kept
purastAdanUka	N	Y	N	added-since-mw72
purastAt	Y	Y	N	kept
purastAtpuroqASa	N	Y	N	added-since-mw72
puravara	N	Y	N	added-since-mw72
puroBAga	N	Y	N	added-since-mw72
puroBaktakA	N	Y	N	added-since-mw72
purojava	N	Y	N	added-since-mw72
puroqASa	Y	Y	N	kept
purovAta	N	Y	N	added-since-mw72
puruniHziD	N	Y	N	added-since-mw72
puruzAhuti	N	Y	Y	added-since-mw72
puruzAntara	N	Y	N	added-since-mw72
puruza	Y	Y	N	kept
puruzakzIra	N	Y	N	added-since-mw72
puruzavaDa	N	Y	N	added-since-mw72
putraBARqa	N	Y	N	added-since-mw72
putraBUya	N	Y	N	added-since-mw72
putrasahasraka	N	Y	N	added-since-mw72
puwakAnuvAsana	N	Y	N	added-since-mw72
puwakinI	Y	Y	N	kept
puz	Y	Y	N	kept
puzkarasAda	N	Y	N	added-since-mw72
puzpAkzita	N	N	N	never-seen
puzpAy	N	N	N	never-seen
puzpa	Y	Y	N	kept
puzpaBadra	N	Y	N	added-since-mw72
puzpacUla	N	Y	N	added-since-mw72
puzpaketu	N	Y	N	added-since-mw72
puzpamAlA	N	Y	N	added-since-mw72
puzpamAlin	N	Y	N	added-since-mw72
puzparAga	N	Y	N	added-since-mw72
puzpasraj	N	Y	N	added-since-mw72
puzpavant	N	N	N	never-seen
puzpaviSiKa	N	Y	N	added-since-mw72
puzpayamaka	N	Y	N	added-since-mw72
puzpy	N	N	N	never-seen
puzwikarman	N	Y	N	added-since-mw72
puzyarAga	N	N	N	never-seen
pyA	N	N	N	never-seen
qAla	N	Y	N	added-since-mw72
qItara	Y	N	N	dropped
qamBA	N	Y	N	added-since-mw72
qimBa	Y	Y	N	kept
rABasikatA	N	Y	N	added-since-mw72
rAD	Y	Y	N	kept
rADA	N	Y	N	added-since-mw72
rADeya	Y	Y	N	kept
rASI	N	Y	N	added-since-mw72
rAhuSatru	N	Y	N	added-since-mw72
rAj	Y	Y	N	kept
rAjADIna	N	Y	N	added-since-mw72
rAjAvavAda	N	Y	N	added-since-mw72
rAjAvavAdaka	N	Y	N	added-since-mw72
rAjImatI	N	N	N	never-seen
rAjahaMsAy	N	N	N	never-seen
rAjalakzaRa	N	Y	N	added-since-mw72
rAjamArgI	N	N	N	never-seen
rAjan	Y	Y	N	kept
rAjaputra	N	Y	N	added-since-mw72
rAjin	N	Y	N	added-since-mw72
rAmaRyaka	N	Y	N	added-since-mw72
rAmakAyaRa	N	Y	N	added-since-mw72
rAtA	N	N	N	never-seen
rAti	Y	Y	N	kept
rAtrOBava	N	Y	N	added-since-mw72
rAtriMdivasa	N	Y	N	added-since-mw72
rAtriMmanya	N	N	N	never-seen
rAtricAra	N	Y	N	added-since-mw72
rAzwraBft	N	Y	N	added-since-mw72
rERukeya	Y	Y	N	kept
rIQA	Y	Y	N	kept
rIti	Y	Y	N	kept
rOdrAkza	N	Y	N	added-since-mw72
rOkzacitta	N	Y	N	added-since-mw72
rUkzaka	N	N	N	never-seen
rUkzasvaram	N	Y	N	added-since-mw72
rUkzay	N	N	N	never-seen
rUpAvata	N	Y	N	added-since-mw72
rUpa	Y	Y	N	kept
rUpay	N	N	N	never-seen
rUpiRa	N	Y	N	added-since-mw72
rUpin	Y	Y	N	kept
ra	Y	Y	N	kept
raB	Y	Y	N	kept
raDra	Y	Y	N	kept
raMhi	Y	Y	Y	kept
raNgA	N	Y	N	added-since-mw72
raNgAvali	N	Y	N	added-since-mw72
raNkuka	N	Y	N	added-since-mw72
raRaKala	N	Y	N	added-since-mw72
raRaSIrza	N	Y	N	added-since-mw72
raRakzmA	N	Y	N	added-since-mw72
raSanA	Y	Y	N	kept
raSanasaMmita	N	N	N	never-seen
raTANga	N	Y	N	added-since-mw72
raTAgra	N	Y	N	added-since-mw72
raTAgratas	N	Y	N	added-since-mw72
raTaDurya	N	Y	N	added-since-mw72
raTaSakti	N	Y	N	added-since-mw72
raTaka	Y	Y	N	kept
raTaspazwa	N	Y	N	added-since-mw72
raTatur	N	Y	N	added-since-mw72
raTavAhana	N	Y	N	added-since-mw72
raTavat	N	Y	N	added-since-mw72
raTayAtaka	N	Y	N	added-since-mw72
raToqupa	N	Y	N	added-since-mw72
raYj	Y	Y	N	kept
rac	Y	Y	N	kept
rag	Y	Y	N	kept
rahastas	N	Y	N	added-since-mw72
rahomAnin	N	Y	N	added-since-mw72
raj	Y	Y	N	kept
rajanIBujaMga	N	Y	N	added-since-mw72
rajanikft	N	Y	N	added-since-mw72
rajastur	N	Y	N	added-since-mw72
rajjuDAna	N	Y	N	added-since-mw72
rajjukriyA	N	Y	N	added-since-mw72
rajjuvartana	N	Y	N	added-since-mw72
rajoharaRa	N	Y	N	added-since-mw72
raktASaya	N	Y	N	added-since-mw72
raktAkza	N	Y	N	added-since-mw72
raktakamalinI	N	Y	N	added-since-mw72
raktamaRqalatA	N	Y	N	added-since-mw72
rakz	Y	Y	N	kept
rakzApratisara	N	N	N	never-seen
rakzAsUtra	N	Y	N	added-since-mw72
rakzijana	N	Y	N	added-since-mw72
rakzohan	N	Y	N	added-since-mw72
ram	Y	Y	N	kept
ramaRIya	Y	Y	N	kept
ramaRa	Y	Y	N	kept
ran	Y	Y	N	kept
rasApuz	N	Y	N	added-since-mw72
rasaBedin	N	Y	N	added-since-mw72
rasaharaRa	N	Y	N	added-since-mw72
rasarasAgratA	N	N	N	never-seen
rasavant	N	N	N	never-seen
ratibanDu	N	Y	N	added-since-mw72
ratirAgA	N	N	N	never-seen
ratnAdinandin	N	Y	N	added-since-mw72
ratnAkara	N	Y	N	added-since-mw72
ratnAy	N	N	N	never-seen
ratnakarRikA	N	Y	N	added-since-mw72
ratnaratna	N	Y	N	added-since-mw72
ratnavant	N	N	N	never-seen
ravija	N	Y	N	added-since-mw72
ravita	N	Y	N	added-since-mw72
rayiDAraRapiRqa	N	Y	N	added-since-mw72
reBin	N	Y	N	added-since-mw72
reRulakzman	N	Y	N	added-since-mw72
recaka	Y	Y	N	kept
retovasikta	N	Y	N	added-since-mw72
revatIgraha	N	Y	N	added-since-mw72
ri	Y	Y	N	kept
riB	Y	Y	N	kept
riS	Y	Y	N	kept
riSAdas	Y	Y	N	kept
ric	Y	Y	N	kept
ridviDi	N	N	N	never-seen
riktI	N	Y	N	added-since-mw72
ripav	N	N	N	never-seen
ripukAla	N	Y	N	added-since-mw72
riz	Y	Y	N	kept
rohitarUpa	N	Y	N	added-since-mw72
romasUcI	N	Y	N	added-since-mw72
romasaMvejana	N	Y	N	added-since-mw72
romaviBeda	N	Y	N	added-since-mw72
rozaka	N	Y	N	added-since-mw72
ru	Y	Y	N	kept
ruD	Y	Y	N	kept
ruDiramaya	N	Y	N	added-since-mw72
rud	Y	Y	N	kept
rudantI	N	Y	N	added-since-mw72
rudrAvAsa	N	Y	N	added-since-mw72
rudrI	N	Y	N	added-since-mw72
rudra	Y	Y	N	kept
ruh	Y	Y	N	kept
ruj	Y	Y	N	kept
rukmiRIharaRa	N	Y	N	added-since-mw72
rumA	N	Y	N	added-since-mw72
rumaRa	N	Y	N	added-since-mw72
rurutsA	N	Y	N	added-since-mw72
ruz	Y	Y	N	kept
sABayadakziRam	N	Y	N	added-since-mw72
sABiSaNka	N	Y	N	added-since-mw72
sABisaMskAraparinirvAyin	N	Y	N	added-since-mw72
sADanI	N	Y	N	added-since-mw72
sADyAhAra	N	Y	N	added-since-mw72
sAKilya	N	Y	N	added-since-mw72
sAMSa	N	Y	N	added-since-mw72
sAMkASikA	N	N	N	never-seen
sAMkASina	N	Y	N	added-since-mw72
sAMkArikA	N	Y	N	added-since-mw72
sAMnihitya	N	Y	N	added-since-mw72
sAMyamanika	N	Y	N	added-since-mw72
sANgada	N	Y	N	added-since-mw72
sANgarAga	N	Y	N	added-since-mw72
sAgarApANga	N	Y	N	added-since-mw72
sAgarAy	N	N	N	never-seen
sAgaranAgarAjaparipfcCA	N	Y	N	added-since-mw72
sAhasracUqika	N	Y	N	added-since-mw72
sAkzAtkartavya	N	Y	N	added-since-mw72
sAlopa	N	Y	N	added-since-mw72
sAlva	Y	Y	N	kept
sAmAtyaka	N	Y	N	added-since-mw72
sAmIcI	Y	Y	N	kept
sAmIcInya	N	Y	N	added-since-mw72
sAmaDarmArTanItimant	N	N	N	never-seen
sAmakza	N	Y	N	added-since-mw72
sAmayika	Y	Y	N	kept
sAmiDeni	N	Y	N	added-since-mw72
sAmiganDarva	N	Y	N	added-since-mw72
sAmodBava	Y	Y	N	kept
sAnatkumAra	Y	Y	N	kept
sAntarottara	N	Y	N	added-since-mw72
sAnvaya	Y	Y	N	kept
sApIqa	N	Y	N	added-since-mw72
sApavAdam	N	Y	N	added-since-mw72
sArDaMvihArin	N	Y	N	added-since-mw72
sArTavAha	N	Y	N	added-since-mw72
sAraka	Y	Y	N	kept
sAratara	N	Y	N	added-since-mw72
sArtarava	N	Y	N	added-since-mw72
sArvasuraBi	N	Y	N	added-since-mw72
sAtAgiri	N	Y	N	added-since-mw72
sAtisAra	Y	Y	N	kept
sAvadAnam	N	Y	N	added-since-mw72
sAyamaSana	N	Y	N	added-since-mw72
sIra	Y	Y	N	kept
sODAy	N	N	N	never-seen
sOnIteya	N	Y	N	added-since-mw72
sOpratIka	N	Y	N	added-since-mw72
sOvastika	Y	Y	N	kept
sOvidallaka	N	Y	N	added-since-mw72
sOzupta	N	Y	N	added-since-mw72
sPar	Y	Y	N	kept
sParaRa	Y	Y	N	kept
sParitra	N	Y	N	added-since-mw72
sTA	Y	Y	N	kept
sTARu	Y	Y	N	kept
sTAnaka	Y	Y	N	kept
sTAyaka	N	N	N	never-seen
sTUlaBittikatA	N	N	N	never-seen
sTalacArin	N	Y	N	added-since-mw72
sTalavetasa	N	Y	N	added-since-mw72
sTalay	N	N	N	never-seen
sTaleSvara	N	Y	N	added-since-mw72
sTavirAvalIcarita	N	Y	N	added-since-mw72
sTavirAy	N	N	N	never-seen
sUcIvAnakarman	N	Y	N	added-since-mw72
sUca	Y	Y	N	kept
sUda	Y	Y	N	kept
sUdayA	N	Y	N	added-since-mw72
sUkzmadfzwi	N	Y	N	added-since-mw72
sUnA	Y	Y	N	kept
sUpasaMpanna	N	N	N	never-seen
sUryantI	N	Y	N	added-since-mw72
sUtagrAmaRI	N	Y	N	added-since-mw72
sUtkAra	N	Y	N	added-since-mw72
sUtra	Y	Y	N	kept
sUtray	N	N	N	never-seen
sUtrota	N	Y	N	added-since-mw72
saBAga	N	Y	N	added-since-mw72
saBAjya	N	Y	N	added-since-mw72
saGfRa	N	Y	N	added-since-mw72
saKaRqa	N	Y	N	added-since-mw72
saKaqga	Y	Y	N	kept
saKila	N	Y	N	added-since-mw72
saMBaja	N	N	N	never-seen
saMBfti	N	N	N	never-seen
saMBinnapralApa	N	N	N	never-seen
saMBinnavyaYjanA	N	N	N	never-seen
saMCidA	N	Y	N	added-since-mw72
saMDAna	N	Y	N	added-since-mw72
saMDay	N	N	N	never-seen
saMDicCedana	N	Y	N	added-since-mw72
saMGAtaparvata	N	Y	N	added-since-mw72
saMGAwa	N	Y	N	added-since-mw72
saMGAwasUtra	N	Y	N	added-since-mw72
saMGaBeda	N	Y	N	added-since-mw72
saMGaBedaka	N	Y	N	added-since-mw72
saMSrAvaRa	N	N	N	never-seen
saMbADa	N	N	N	never-seen
saMbIja	N	N	N	never-seen
saMbanDikatva	N	N	N	never-seen
saMcAraRa	N	Y	N	added-since-mw72
saMcAravyADi	N	Y	N	added-since-mw72
saMcaritra	N	Y	N	added-since-mw72
saMcodanA	N	Y	N	added-since-mw72
saMdarBavant	N	N	N	never-seen
saMdfzwika	N	Y	N	added-since-mw72
saMgameSa	N	Y	N	added-since-mw72
saMgameSvara	N	Y	N	added-since-mw72
saMgrAhaka	N	Y	N	added-since-mw72
saMhananavant	N	N	N	never-seen
saMjYAnanA	N	Y	N	added-since-mw72
saMkAyikA	N	Y	N	added-since-mw72
saMkaTya	N	N	N	never-seen
saMkrAmaRI	N	Y	N	added-since-mw72
saMkrIqita	N	Y	N	added-since-mw72
saMkramaRakA	N	Y	N	added-since-mw72
saMlaptaka	N	Y	N	added-since-mw72
saMleKa	N	Y	N	added-since-mw72
saMmodaganDa	N	N	N	never-seen
saMmodanIya	N	N	N	never-seen
saMmuKa	N	N	N	never-seen
saMmuKavinaya	N	N	N	never-seen
saMniDAnin	N	Y	N	added-since-mw72
saMniDikAra	N	Y	N	added-since-mw72
saMnikASay	N	N	N	never-seen
saMnodana	N	Y	N	added-since-mw72
saMpAtAyAta	N	N	N	never-seen
saMpAtaka	N	N	N	never-seen
saMpad	N	N	N	never-seen
saMparivarta	N	N	N	never-seen
saMprAnta	N	N	N	never-seen
saMpraKyAna	N	N	N	never-seen
saMpraharzaRa	N	N	N	never-seen
saMprajAna	N	N	N	never-seen
saMprajYAtAvasTA	N	N	N	never-seen
saMprajYAtayogin	N	N	N	never-seen
saMprajanya	N	N	N	never-seen
saMpratiBAsa	N	N	N	never-seen
saMpratigraha	N	N	N	never-seen
saMpravAdana	N	N	N	never-seen
saMprayuktaka	N	N	N	never-seen
saMpriyatA	N	N	N	never-seen
saMpuzka	N	N	N	never-seen
saMrADana	Y	Y	N	kept
saMramBavant	N	N	N	never-seen
saMramBitA	N	Y	N	added-since-mw72
saMsIdana	N	Y	N	added-since-mw72
saMsPowa	Y	Y	N	kept
saMsTa	Y	Y	N	kept
saMsevana	Y	Y	N	kept
saMskAravant	N	N	N	never-seen
saMskftamaya	N	Y	N	added-since-mw72
saMsnAna	N	Y	N	added-since-mw72
saMsneha	N	N	N	never-seen
saMsrAvaRa	N	Y	N	added-since-mw72
saMstutaka	N	Y	N	added-since-mw72
saMtfdya	N	Y	N	added-since-mw72
saMvAda	Y	Y	N	kept
saMvAditA	N	Y	N	added-since-mw72
saMvarRana	N	Y	N	added-since-mw72
saMvargaRa	N	Y	N	added-since-mw72
saMvarta	Y	Y	N	kept
saMvartakalpa	N	Y	N	added-since-mw72
saMvartanI	N	Y	N	added-since-mw72
saMvasaTa	Y	Y	N	kept
saMveSana	Y	Y	N	kept
saMvejanIya	N	Y	N	added-since-mw72
saMviBAgI	N	N	N	never-seen
saMviDitsu	N	Y	N	added-since-mw72
saMvijYAna	N	Y	N	added-since-mw72
saMyamanin	N	N	N	never-seen
saMyati	N	Y	N	added-since-mw72
saMyojana	Y	Y	N	kept
saNga	Y	Y	N	kept
saPalIkaraRa	N	Y	N	added-since-mw72
saPalatA	N	N	N	never-seen
saSiKara	N	Y	N	added-since-mw72
saSibira	N	Y	N	added-since-mw72
saYj	Y	Y	N	kept
sabanDa	N	Y	N	added-since-mw72
sabrahmaka	Y	Y	N	kept
sad	Y	Y	N	kept
sadAgama	N	Y	N	added-since-mw72
sadAmattaka	N	Y	N	added-since-mw72
sadAmudita	N	Y	N	added-since-mw72
sadApa	N	Y	N	added-since-mw72
sadAprasravaRI	N	Y	N	added-since-mw72
sadDI	N	Y	N	added-since-mw72
sadaMpuzpA	N	N	N	never-seen
sadamBa	N	Y	N	added-since-mw72
sadant	N	N	N	never-seen
sadasya	Y	Y	N	kept
sadaya	Y	Y	N	kept
sadojira	N	Y	N	added-since-mw72
sadopavAmin	N	N	N	never-seen
sadrUpatva	N	Y	N	added-since-mw72
sadravya	N	Y	N	added-since-mw72
sadyaHkfttota	N	Y	N	added-since-mw72
sagraha	N	Y	N	added-since-mw72
sahArTanASa	N	Y	N	added-since-mw72
sahAya	Y	Y	N	kept
sahaBUmi	N	N	N	never-seen
sahakaraRa	N	Y	N	added-since-mw72
sahanftya	N	Y	N	added-since-mw72
sahanivAsitA	N	Y	N	added-since-mw72
sahasraSala	N	Y	N	added-since-mw72
sahasrapozapuzi	N	Y	N	added-since-mw72
sahasraruc	N	Y	N	added-since-mw72
sahasreDma	N	Y	N	added-since-mw72
sahima	N	Y	N	added-since-mw72
sahodana	N	Y	N	added-since-mw72
sajapa	N	Y	N	added-since-mw72
sakAyikA	N	Y	N	added-since-mw72
sakalapAWa	N	Y	N	added-since-mw72
sakalay	N	N	N	never-seen
sakazwam	N	Y	N	added-since-mw72
sakfdaBizuta	N	Y	N	added-since-mw72
saktuprasTeSvara	N	N	N	never-seen
sakvaRa	N	Y	N	added-since-mw72
salagnaka	N	Y	N	added-since-mw72
salileSvara	N	Y	N	added-since-mw72
sallaya	N	Y	N	added-since-mw72
samADi	Y	Y	N	kept
samAMSaBAgin	N	Y	N	added-since-mw72
samAdAnika	N	Y	N	added-since-mw72
samAnABihAra	N	Y	N	added-since-mw72
samAnaDizRya	N	Y	N	added-since-mw72
samAnajYAtitvamaya	N	Y	N	added-since-mw72
samAnakartftva	N	Y	N	added-since-mw72
samAnapAtra	N	Y	N	added-since-mw72
samAraka	N	Y	N	added-since-mw72
samAvartin	N	Y	N	added-since-mw72
samAveSana	N	Y	N	added-since-mw72
samI	N	Y	N	added-since-mw72
samIpasaptamI	N	Y	N	added-since-mw72
samaByAsa	N	Y	N	added-since-mw72
samaDizWAna	N	Y	N	added-since-mw72
samaSas	N	Y	N	added-since-mw72
samaYjana	N	Y	N	added-since-mw72
samacitta	N	Y	N	added-since-mw72
samaganDa	N	Y	N	added-since-mw72
samakriya	N	Y	N	added-since-mw72
samanDakArI	N	N	N	never-seen
samantaBadra	N	Y	N	added-since-mw72
samanvaya	Y	Y	N	kept
samanvezaRa	N	Y	N	added-since-mw72
samapawavAsa	N	Y	N	added-since-mw72
samarasIkaraRa	N	Y	N	added-since-mw72
samarasa	N	Y	N	added-since-mw72
samarcA	N	Y	N	added-since-mw72
samarcaka	N	Y	N	added-since-mw72
samatikrama	Y	Y	N	kept
samavAyika	N	Y	N	added-since-mw72
samavAyin	Y	Y	N	kept
samavasarga	N	Y	N	added-since-mw72
samavyAptika	N	Y	N	added-since-mw72
samuccAra	N	Y	N	added-since-mw72
samucca	N	Y	N	added-since-mw72
samudAnItatva	N	Y	N	added-since-mw72
samudAnayana	N	Y	N	added-since-mw72
samudAnetavya	N	Y	N	added-since-mw72
samudGAta	N	Y	N	added-since-mw72
samuditvara	N	Y	N	added-since-mw72
samudrAnta	N	Y	N	added-since-mw72
samudrakaleKaka	N	N	N	never-seen
samujjihIrzu	Y	Y	N	kept
samunnidra	N	Y	N	added-since-mw72
samupanayana	N	Y	N	added-since-mw72
samutTApaka	N	Y	N	added-since-mw72
samutkampin	N	Y	N	added-since-mw72
samutkawa	N	Y	N	added-since-mw72
samutkzepa	N	Y	N	added-since-mw72
samutpatizRu	N	Y	N	added-since-mw72
samutpipatizu	Y	Y	N	kept
samyagAjYA	N	Y	N	added-since-mw72
samyagvftti	N	Y	N	added-since-mw72
samyakkarmAnta	N	Y	N	added-since-mw72
samyaktvamiTyAtvasarvasaMgrasana	N	Y	N	added-since-mw72
sant	N	N	N	never-seen
saparzatka	N	Y	N	added-since-mw72
sapatni	N	N	N	never-seen
sapfzWI	N	N	N	never-seen
sapfzata	N	Y	N	added-since-mw72
sapratiBaya	N	Y	N	added-since-mw72
sapratiGa	N	Y	N	added-since-mw72
saptASva	N	Y	N	added-since-mw72
saptaBUmi	N	Y	N	added-since-mw72
saptaSana	N	N	N	never-seen
saptahaya	N	Y	N	added-since-mw72
saptakfdBavaparama	N	Y	N	added-since-mw72
saptapattra	N	Y	N	added-since-mw72
saptasAgara	N	Y	N	added-since-mw72
saptaviMSatiSata	N	Y	N	added-since-mw72
saputrajYAtibAnDava	N	Y	N	added-since-mw72
sar	N	N	N	never-seen
sarAjaka	Y	Y	N	kept
sarUpin	N	Y	N	added-since-mw72
sara	Y	Y	N	kept
sarajasa	Y	Y	N	kept
sargakAlIna	N	Y	N	added-since-mw72
sarisrut	N	Y	N	added-since-mw72
saritsuraNgA	N	Y	N	added-since-mw72
sarj	Y	Y	N	kept
sarp	N	N	N	never-seen
sarpAsyA	N	Y	N	added-since-mw72
sarpAy	N	N	N	never-seen
sarpavfScikaromavant	N	N	N	never-seen
sarpin	Y	Y	N	kept
sarvABayaMkara	N	Y	N	added-since-mw72
sarvABiSaNkin	N	Y	N	added-since-mw72
sarvAmaratva	N	Y	N	added-since-mw72
sarva	Y	Y	N	kept
sarvaBft	N	Y	N	added-since-mw72
sarvaDarmapraveSamudra	N	Y	N	added-since-mw72
sarvadeSIya	N	Y	N	added-since-mw72
sarvajYIya	N	Y	N	added-since-mw72
sarvajYa	N	Y	N	added-since-mw72
sarvajYajYAnin	N	Y	N	added-since-mw72
sarvajYamAnin	N	Y	N	added-since-mw72
sarvakzitipatitva	N	Y	N	added-since-mw72
sarvamAramaRqalaviDvaMsanajYAnamudrA	N	Y	N	added-since-mw72
sarvapfzWa	N	Y	N	added-since-mw72
sarvaroDaviroDasaMpraSamana	N	N	N	never-seen
sarvasaMgraha	N	Y	N	added-since-mw72
sarvatIrTeSvara	N	Y	N	added-since-mw72
sarvataTAgataDarmavANnizprapaYcajYAnamudrA	N	Y	N	added-since-mw72
sarvati	N	Y	N	added-since-mw72
sarvatoDAra	N	Y	N	added-since-mw72
sarvavEdalyasaMgraha	N	Y	N	added-since-mw72
sarvavyUharatisvaBAvanayasaMdarSana	N	Y	N	added-since-mw72
sasAMnAyyaka	N	Y	N	added-since-mw72
sasArTa	N	Y	N	added-since-mw72
sasya	Y	Y	N	kept
satkAryasidDAnta	N	N	N	never-seen
satkAyadfzwi	N	Y	N	added-since-mw72
satpaTIna	N	Y	N	added-since-mw72
sattrAgAra	N	Y	N	added-since-mw72
sattvavant	N	N	N	never-seen
satvaca	Y	Y	N	kept
satya	Y	Y	N	kept
satyavasu	N	Y	N	added-since-mw72
savAsa	Y	Y	N	kept
savara	Y	Y	N	kept
savftta	N	Y	N	added-since-mw72
savfzaRa	N	Y	N	added-since-mw72
savyottAna	N	Y	N	added-since-mw72
sayuj	Y	Y	N	kept
sevAvilAsinI	N	Y	N	added-since-mw72
siMha	Y	Y	N	kept
siYjASvatTa	N	Y	N	added-since-mw72
sic	Y	Y	N	kept
sidDanandin	N	Y	N	added-since-mw72
sigvAta	N	Y	N	added-since-mw72
silisilika	N	Y	N	added-since-mw72
sitaturaga	N	Y	N	added-since-mw72
sitavAjin	N	Y	N	added-since-mw72
skanDI	N	N	N	never-seen
skanDaja	N	Y	N	added-since-mw72
skand	Y	Y	N	kept
skanda	Y	Y	N	kept
smaraBU	N	Y	N	added-since-mw72
smaraRaBU	N	Y	N	added-since-mw72
smaramuz	N	Y	N	added-since-mw72
smftijAta	N	Y	N	added-since-mw72
smftivinaya	N	Y	N	added-since-mw72
smftyapramoza	N	Y	N	added-since-mw72
snu	Y	Y	N	kept
somAyana	N	Y	N	added-since-mw72
somavikrayin	N	Y	N	added-since-mw72
sopaDAna	N	Y	N	added-since-mw72
sopadrava	Y	Y	N	kept
sparSa	Y	Y	N	kept
sparSavihAra	N	Y	N	added-since-mw72
spfzwaka	N	Y	N	added-since-mw72
sprazwavya	Y	Y	N	kept
srA	N	N	N	never-seen
srastaskanDa	N	Y	N	added-since-mw72
sroto'nugata	N	N	N	never-seen
sru	Y	Y	N	kept
srutajala	N	Y	N	added-since-mw72
stabakAy	N	N	N	never-seen
stamBaka	Y	Y	N	kept
stanaMDa	N	Y	N	added-since-mw72
stanavatI	N	Y	N	added-since-mw72
star	N	N	N	never-seen
stava	Y	Y	N	kept
steyasaMvAsika	N	Y	N	added-since-mw72
stoBa	Y	Y	N	kept
stoma	Y	Y	N	kept
suBAvita	N	Y	N	added-since-mw72
suBara	N	Y	N	added-since-mw72
suDAmayUKa	N	Y	N	added-since-mw72
suGozaka	N	Y	N	added-since-mw72
suKaduHKasuhfd	N	Y	N	added-since-mw72
suKopaDAna	N	Y	N	added-since-mw72
suSarmacandra	N	Y	N	added-since-mw72
suSarmanagara	N	N	N	never-seen
suSoDita	N	Y	N	added-since-mw72
suSukla	N	Y	N	added-since-mw72
suUti	N	Y	N	added-since-mw72
sudarSanaprItikara	N	Y	N	added-since-mw72
sudurAcAra	N	Y	N	added-since-mw72
sudurDarza	N	Y	N	added-since-mw72
sudurgraha	N	N	N	never-seen
sugata	N	Y	N	added-since-mw72
suguru	N	Y	N	added-since-mw72
sumUrti	N	Y	N	added-since-mw72
sumanomaya	N	Y	N	added-since-mw72
sumeka	N	Y	N	added-since-mw72
sumna	Y	Y	N	kept
sunandaka	N	Y	N	added-since-mw72
sunarda	N	Y	N	added-since-mw72
supariRata	N	Y	N	added-since-mw72
suparyavadAta	N	Y	N	added-since-mw72
supoza	N	Y	N	added-since-mw72
supraticCanna	N	Y	N	added-since-mw72
supratipanna	N	Y	N	added-since-mw72
supratividDa	N	Y	N	added-since-mw72
supravedita	N	Y	N	added-since-mw72
supravrajita	N	Y	N	added-since-mw72
supta	Y	Y	N	kept
surAsamudra	N	Y	N	added-since-mw72
suranirktariRI	N	N	N	never-seen
surapura	N	Y	N	added-since-mw72
surasravantI	N	Y	N	added-since-mw72
sureRu	N	Y	N	added-since-mw72
susIma	N	Y	N	added-since-mw72
susaMvftta	N	Y	N	added-since-mw72
susamApta	N	Y	N	added-since-mw72
susamArabDa	N	Y	N	added-since-mw72
susikta	N	Y	N	added-since-mw72
suvarRaka	Y	Y	N	kept
suvivartita	N	Y	N	added-since-mw72
suvivfta	N	Y	N	added-since-mw72
suvrata	N	Y	N	added-since-mw72
suvratasvara	N	Y	N	added-since-mw72
suvyAKyAta	N	Y	N	added-since-mw72
suzWutA	N	Y	N	added-since-mw72
svAKyAta	N	Y	N	added-since-mw72
svAdUdaka	N	Y	N	added-since-mw72
svaDay	N	N	N	never-seen
svacaryA	N	Y	N	added-since-mw72
svakArTa	N	N	N	never-seen
svalpasmfti	N	Y	N	added-since-mw72
svapnasTAna	N	Y	N	added-since-mw72
svardantin	N	Y	N	added-since-mw72
svasvAmisaMbanDa	N	N	N	never-seen
svayaMyAna	N	Y	N	added-since-mw72
syapewArikA	N	Y	N	added-since-mw72
tARqavay	N	N	N	never-seen
tARqavikA	N	Y	N	added-since-mw72
tAdAyani	N	Y	N	added-since-mw72
tAjadBaNga	N	Y	N	added-since-mw72
tAlaBaNga	N	Y	N	added-since-mw72
tAlaBawa	N	Y	N	added-since-mw72
tAlaBft	N	Y	N	added-since-mw72
tAlaDAraka	N	Y	N	added-since-mw72
tAlin	Y	Y	N	kept
tAlu	Y	Y	N	kept
tAmarasekzaRA	N	Y	N	added-since-mw72
tAmasavana	N	N	N	never-seen
tAmbUlikasarpa	N	Y	N	added-since-mw72
tAmrAkza	N	Y	N	added-since-mw72
tAmrAwavI	N	Y	N	added-since-mw72
tAmrasAgara	N	Y	N	added-since-mw72
tAna	Y	Y	N	kept
tAntava	Y	Y	N	kept
tAnti	N	Y	N	added-since-mw72
tApaka	Y	Y	N	kept
tApin	Y	Y	N	kept
tApya	Y	Y	N	kept
tAqaka	N	Y	N	added-since-mw72
tArApajJawikA	N	Y	N	added-since-mw72
tArCa	N	Y	N	added-since-mw72
tAraka	Y	Y	N	kept
tArakaripu	N	Y	N	added-since-mw72
tArakita	Y	Y	N	kept
tAralya	Y	Y	N	kept
tArika	Y	Y	N	kept
tArtIyasavanika	N	Y	N	added-since-mw72
tArzwAGa	Y	Y	N	kept
tAta	Y	Y	N	kept
tAvaMtka	N	N	N	never-seen
tAvadviDa	N	Y	Y	added-since-mw72
tAvatiTa	Y	Y	N	kept
tAwAvacara	N	N	N	never-seen
tAwasTya	Y	Y	N	kept
tAyin	N	Y	N	added-since-mw72
tEkzRya	Y	Y	N	kept
tElapezam	N	Y	N	added-since-mw72
tEttirIyaka	Y	Y	N	kept
tEttirya	N	Y	N	added-since-mw72
tITenAvA	N	N	N	never-seen
tIkzRa	Y	Y	N	kept
tIkzRalavaRa	N	Y	N	added-since-mw72
tIm	Y	Y	N	kept
tIrRapratijYa	N	Y	N	added-since-mw72
tIrTa	Y	Y	N	kept
tIrTikAvakrAntaka	N	N	N	never-seen
tIrTodgAraprakIrRaka	N	N	N	never-seen
tIraBuktIya	N	Y	N	added-since-mw72
tIyikA	N	N	N	never-seen
tOlya	Y	Y	N	kept
tOruzkika	N	Y	N	added-since-mw72
tOrya	Y	Y	N	kept
tURi	Y	Y	N	kept
tUbaraka	N	Y	N	added-since-mw72
tUla	Y	Y	N	kept
tUladAham	N	Y	N	added-since-mw72
tUlaka	Y	Y	N	kept
tUlapawikA	N	Y	N	added-since-mw72
tUlapicu	N	Y	N	added-since-mw72
tUpara	Y	Y	N	kept
tUryantI	N	Y	N	added-since-mw72
tUzRIMdaRqa	N	Y	N	added-since-mw72
tUzRIMsAra	N	Y	N	added-since-mw72
tUzRIm	Y	Y	N	kept
tUzRoMviprakramaRa	N	N	N	never-seen
ta	Y	Y	N	kept
taMs	Y	Y	N	kept
taRqaka	Y	Y	Y	kept
taRqulikASrama	N	Y	N	added-since-mw72
taTAgatacintyaguhyanirdeSa	N	N	N	never-seen
taTAkArin	N	N	N	never-seen
taTAtA	N	Y	N	added-since-mw72
taTAvAdin	N	Y	N	added-since-mw72
taTAviDAna	N	Y	N	added-since-mw72
tacCabdatva	N	Y	N	added-since-mw72
tadA	Y	Y	N	kept
tadAdi	N	Y	N	added-since-mw72
tadBAva	N	Y	N	added-since-mw72
tadanna	N	Y	N	added-since-mw72
tadanvaya	N	Y	N	added-since-mw72
tadanya	N	Y	N	added-since-mw72
tadavaDi	N	Y	N	added-since-mw72
tadbahulavihArin	N	Y	N	added-since-mw72
tadbudDi	N	N	N	never-seen
taddeSya	N	Y	N	added-since-mw72
taddevatAka	N	Y	N	added-since-mw72
taddevata	N	Y	N	added-since-mw72
taddviguRa	N	N	N	never-seen
tadidAsIya	N	Y	N	added-since-mw72
tadurI	N	Y	N	added-since-mw72
tadvaMSya	N	N	N	never-seen
tadvaktar	N	N	N	never-seen
tadvasati	N	Y	N	added-since-mw72
tadviDa	N	Y	N	added-since-mw72
tajja	Y	Y	N	kept
tak	Y	Y	N	kept
taka	Y	Y	N	kept
takz	Y	Y	N	kept
talAsi	N	Y	N	added-since-mw72
tala	Y	Y	N	kept
talabadDa	N	Y	N	added-since-mw72
talaka	Y	Y	N	kept
talasArika	N	Y	N	added-since-mw72
talavAraRa	Y	Y	N	kept
talavarga	N	N	N	never-seen
talina	Y	Y	N	kept
talloka	N	N	N	never-seen
talpa	Y	Y	N	kept
talpeja	N	Y	N	added-since-mw72
tamAKu	N	N	N	never-seen
tamISvara	N	Y	N	added-since-mw72
tamanI	N	N	N	never-seen
tamas	Y	Y	N	kept
tamasAvana	N	Y	N	added-since-mw72
tamaskARqa	N	Y	N	added-since-mw72
tamastamaHparAyaRa	N	N	N	never-seen
tamoBAga	N	Y	N	added-since-mw72
tamojyotizparAyaRa	N	N	N	never-seen
tamomaRi	N	Y	N	added-since-mw72
tan	Y	Y	N	kept
tanUkartar	N	N	N	never-seen
tanUkft	N	Y	N	added-since-mw72
tana	Y	Y	N	kept
tandrAy	N	N	N	never-seen
tanitar	N	N	N	never-seen
tanmUlatva	N	Y	N	added-since-mw72
tanmuKikayA	N	Y	N	added-since-mw72
tannimitta	N	Y	N	added-since-mw72
tannizWa	N	N	N	never-seen
tantIyajYa	N	Y	N	added-since-mw72
tantrAvApa	N	Y	N	added-since-mw72
tantrapati	N	N	N	never-seen
tantrya	N	N	N	never-seen
tantukaraRa	N	Y	N	added-since-mw72
tantukriyA	N	Y	N	added-since-mw72
tantumant	N	N	N	never-seen
tanu	Y	Y	N	kept
tanuja	N	Y	N	added-since-mw72
tanujanman	N	Y	N	added-since-mw72
tanuruha	N	Y	N	added-since-mw72
tanyatu	N	Y	N	added-since-mw72
tap	Y	Y	N	kept
tapaHparArDa	N	Y	N	added-since-mw72
tapanASman	N	Y	N	added-since-mw72
tapana	Y	Y	N	kept
tapanadyuti	N	Y	N	added-since-mw72
tapantI	N	Y	N	added-since-mw72
tapara	N	Y	N	added-since-mw72
tapasya	Y	Y	N	kept
tapoyajYa	N	Y	N	added-since-mw72
taptavrata	N	Y	N	added-since-mw72
taqAGAta	Y	N	N	dropped
taqilleKAy	N	N	N	never-seen
tar	N	N	N	never-seen
tarI	N	Y	Y	added-since-mw72
tarRa	Y	Y	Y	kept
taraRitanayA	N	Y	N	added-since-mw72
taraRqa	Y	Y	N	kept
tarakza	Y	Y	N	kept
tarapaRya	N	Y	N	added-since-mw72
tarasArika	N	Y	N	added-since-mw72
taratsama	N	Y	N	added-since-mw72
tarattAra	N	N	N	never-seen
taravAri	Y	Y	N	kept
tarham	N	N	N	never-seen
taritavya	Y	Y	N	kept
tarj	Y	Y	N	kept
tarjanIya	Y	Y	N	kept
tark	Y	Y	N	kept
tarq	N	N	N	never-seen
taruKaRqa	N	Y	N	added-since-mw72
tarutar	N	N	N	never-seen
tasarikA	N	Y	N	added-since-mw72
tatastya	Y	Y	N	kept
tatkfta	N	N	N	never-seen
tatkulIna	N	Y	N	added-since-mw72
tatkzaRikA	N	Y	Y	added-since-mw72
tatobfhatIka	N	Y	N	added-since-mw72
tatonidAna	N	Y	N	added-since-mw72
tatpUrva	N	Y	N	added-since-mw72
tatparAyaRa	N	Y	Y	added-since-mw72
tatpfzWa	N	Y	N	added-since-mw72
tatpraDAna	N	Y	Y	added-since-mw72
tatpraTama	N	Y	N	added-since-mw72
tatraBava	N	Y	N	added-since-mw72
tatravAsin	N	Y	N	added-since-mw72
tatsADukArin	N	Y	N	added-since-mw72
tatsamakzam	N	N	N	never-seen
tatsina	N	Y	N	added-since-mw72
tattulya	N	Y	N	added-since-mw72
tattvArTakOmudI	N	Y	N	added-since-mw72
tavasvant	N	N	N	never-seen
tawa	Y	Y	N	kept
tawaBU	N	Y	N	added-since-mw72
tazwi	N	Y	N	added-since-mw72
teja	Y	Y	N	kept
tejana	Y	Y	N	kept
tejaska	N	Y	N	added-since-mw72
tejomAtrA	N	Y	Y	added-since-mw72
tejovEdagDyaSIlavant	N	N	N	never-seen
tejovant	N	N	N	never-seen
temana	Y	Y	N	kept
tfREDa	N	Y	N	added-since-mw72
tfRaSUlya	N	Y	N	added-since-mw72
tfRacCedin	N	Y	Y	added-since-mw72
tfRakuYcaka	N	Y	N	added-since-mw72
tfRamaRi	N	Y	N	added-since-mw72
tfRapUla	N	Y	N	added-since-mw72
tfRapaYcamUla	N	Y	N	added-since-mw72
tfRastAraka	N	Y	N	added-since-mw72
tfzwAvarutrI	N	N	N	never-seen
tigmadyuti	N	Y	N	added-since-mw72
tigmateja	N	N	N	never-seen
tij	Y	Y	N	kept
tila	Y	Y	N	kept
tilaDenu	N	Y	N	added-since-mw72
tilakAvala	N	Y	N	added-since-mw72
tilaka	Y	Y	N	kept
tilakawa	N	Y	N	added-since-mw72
tilakocavaka	N	N	N	never-seen
tilamAza	N	Y	N	added-since-mw72
timirApagata	N	Y	N	added-since-mw72
timirOGa	N	Y	Y	added-since-mw72
timitimiMgala	N	N	N	never-seen
tinduki	Y	Y	N	kept
tintrIRIkA	N	N	N	never-seen
tirIwin	Y	Y	N	kept
tiraHprAtiveSya	N	Y	N	added-since-mw72
tiraskAra	N	Y	N	added-since-mw72
tiraskfta	N	Y	N	added-since-mw72
tiraskftaprAtiveSya	N	Y	N	added-since-mw72
tiraspawa	N	Y	N	added-since-mw72
tirohitatva	N	Y	N	added-since-mw72
tiryagAkfti	N	Y	Y	added-since-mw72
tiryaganUka	N	Y	N	added-since-mw72
tiryagapANga	N	Y	N	added-since-mw72
tiryaggrIvam	N	Y	N	added-since-mw72
tisraskAram	N	Y	N	added-since-mw72
tizyarakzitA	N	Y	N	added-since-mw72
tomaragraha	N	Y	N	added-since-mw72
tottraprajita	N	Y	N	added-since-mw72
toyapAta	N	Y	N	added-since-mw72
trAsa	Y	Y	N	kept
trAyin	N	N	N	never-seen
trEdaSaka	N	N	N	never-seen
trElokyasundarI	N	Y	N	added-since-mw72
trEmAsI	N	Y	N	added-since-mw72
trEpakzika	N	Y	N	added-since-mw72
trIrAtrIRa	N	N	N	never-seen
tras	Y	Y	N	kept
trawatkAra	N	Y	N	added-since-mw72
trayaHSataSatArDa	N	Y	N	added-since-mw72
trayastriMSavartani	N	Y	N	added-since-mw72
trayoviMSatidAru	N	Y	N	added-since-mw72
treDABAva	N	Y	N	added-since-mw72
treRI	N	Y	N	added-since-mw72
triBAga	N	Y	N	added-since-mw72
triBuvanamARikyacarita	N	Y	N	added-since-mw72
triHSreRi	N	Y	N	added-since-mw72
triHSyeta	N	N	N	never-seen
triHpiba	N	N	N	never-seen
triHsamfdDatva	N	Y	N	added-since-mw72
triHsapta	N	Y	N	added-since-mw72
triHzamfdDatva	N	N	N	never-seen
triMSadBAga	N	N	N	never-seen
triMSanmAna	N	N	N	never-seen
triRata	N	Y	N	added-since-mw72
triRavavartani	N	Y	N	added-since-mw72
triRemi	N	Y	N	added-since-mw72
triSaNku	N	Y	N	added-since-mw72
triSaNkukA	N	Y	N	added-since-mw72
triSalya	N	Y	N	added-since-mw72
triSataMzazwiparvan	N	Y	N	added-since-mw72
tribAhu	N	Y	N	added-since-mw72
tridamaTavastukuSala	N	Y	N	added-since-mw72
tridivin	N	Y	Y	added-since-mw72
tridozApaha	N	Y	N	added-since-mw72
tridvAra	N	Y	N	added-since-mw72
trigaRa	N	Y	N	added-since-mw72
triguRaparivAra	N	Y	N	added-since-mw72
trihalikAgrAma	N	Y	N	added-since-mw72
trijaya	N	Y	N	added-since-mw72
trikARqaka	N	N	N	never-seen
trika	Y	Y	N	kept
trikowita	N	N	N	never-seen
trimAtra	N	Y	N	added-since-mw72
trimUQa	N	Y	N	added-since-mw72
trimaRqalapariSudDa	N	Y	N	added-since-mw72
trimala	N	Y	N	added-since-mw72
trinemi	N	Y	N	added-since-mw72
trinetrodBava	N	Y	N	added-since-mw72
tripAdavigraha	N	Y	N	added-since-mw72
tripad	N	Y	N	added-since-mw72
triparivartam	N	N	N	never-seen
triparus	N	Y	N	added-since-mw72
tripiwa	N	Y	N	added-since-mw72
tripiwaka	N	Y	N	added-since-mw72
triprAtihAryasaMpanna	N	N	N	never-seen
triprakAra	N	Y	Y	added-since-mw72
tripurARaka	N	Y	N	added-since-mw72
tripurAntakft	N	Y	N	added-since-mw72
tripuraviDvaMsaka	N	Y	N	added-since-mw72
tripuruzI	N	Y	N	added-since-mw72
trirAtrIRA	N	Y	N	added-since-mw72
triskanDapaTadESika	N	Y	N	added-since-mw72
trivAcika	N	Y	N	added-since-mw72
trivali	N	Y	N	added-since-mw72
trivarUTa	N	Y	N	added-since-mw72
triveRu	N	Y	N	added-since-mw72
trivftprAya	N	Y	N	added-since-mw72
triviDadamaTavastukuSala	N	Y	N	added-since-mw72
trivitasta	N	Y	N	added-since-mw72
trivizwiDAtu	N	Y	N	added-since-mw72
trivrata	N	Y	N	added-since-mw72
trivyAma	N	Y	N	added-since-mw72
triyaDvan	N	Y	N	added-since-mw72
triyukta	N	Y	N	added-since-mw72
trizaMDi	N	Y	Y	added-since-mw72
trizwAvarutrI	N	N	N	never-seen
tryArzeya	N	Y	N	added-since-mw72
tryabda	N	Y	N	added-since-mw72
tryabdapUrva	N	Y	N	added-since-mw72
tryanIka	N	Y	N	added-since-mw72
tryarTa	N	Y	N	added-since-mw72
tryaratni	N	Y	N	added-since-mw72
tryavarArDyam	N	Y	N	added-since-mw72
tuNganATa	N	Y	N	added-since-mw72
tuRava	N	N	N	never-seen
tuRqicela	Y	Y	N	kept
tud	Y	Y	N	kept
tuhi	N	Y	N	added-since-mw72
tuhinakzitiBft	N	Y	N	added-since-mw72
tuj	Y	Y	N	kept
tulABft	N	Y	N	added-since-mw72
tulADAna	N	Y	N	added-since-mw72
tulADAra	N	Y	N	added-since-mw72
tulAkowi	N	Y	N	added-since-mw72
tulaka	N	Y	N	added-since-mw72
tulana	Y	Y	N	kept
tulyArTa	N	Y	N	added-since-mw72
tulya	Y	Y	N	kept
tulyaBAgya	N	N	N	never-seen
tulyaSIla	N	N	N	never-seen
tulyagariman	N	Y	Y	added-since-mw72
tulyaguRa	N	Y	N	added-since-mw72
tulyakrama	N	Y	Y	added-since-mw72
tulyanaktaMdina	N	Y	N	added-since-mw72
tulyapraBAva	N	N	N	never-seen
tumbaka	Y	Y	N	kept
tundaparimArja	N	Y	N	added-since-mw72
tundilIkaraRa	N	Y	N	added-since-mw72
tunyu	N	Y	N	added-since-mw72
turaga	Y	Y	N	kept
turagavAhyAlI	N	Y	N	added-since-mw72
tuzAraGarawwikA	N	Y	N	added-since-mw72
tuzAramUrti	N	Y	N	added-since-mw72
tvAzwraSatru	N	N	N	never-seen
tvadAnIm	N	Y	N	added-since-mw72
tvagasTiBUta	N	Y	N	added-since-mw72
tvakam	N	Y	N	added-since-mw72
tvaritavikrama	N	Y	N	added-since-mw72
tvazwAvarUtrI	N	Y	N	added-since-mw72
tviz	Y	Y	N	kept
tyajapa	N	Y	N	added-since-mw72
uB	Y	Y	Y	kept
uBayAsidDa	N	N	N	never-seen
uBayAvAhu	N	N	N	never-seen
uBayaSiraska	N	N	N	never-seen
uBayadant	N	N	N	never-seen
uBayadeha	N	N	N	never-seen
uBayagrAsarAhUdaya	N	N	N	never-seen
uBayakAlika	N	N	N	never-seen
uBayakowispfS	N	N	N	never-seen
uBayakowivinirmukta	N	N	N	never-seen
uBayaspfS	N	N	N	never-seen
uBayataHPala	N	N	N	never-seen
uBayataHSikya	N	N	N	never-seen
uBayataHkzRU	N	Y	Y	added-since-mw72
uBayataHpakza	N	Y	N	added-since-mw72
uBayatoBAgavimukta	N	N	N	never-seen
uBayatomoda	N	N	N	never-seen
uBayatovESvAnara	N	N	N	never-seen
uBayavartanin	N	Y	Y	added-since-mw72
uKacCid	N	Y	Y	added-since-mw72
uKarvala	Y	Y	N	kept
uSadaG	N	N	N	never-seen
uSanastArakA	N	N	N	never-seen
uYC	Y	Y	N	kept
uYCaBuj	N	Y	Y	added-since-mw72
uc	Y	Y	N	kept
ucCaNga	N	N	N	never-seen
ucCalana	Y	Y	Y	kept
ucCedana	Y	Y	N	kept
ucCedavAda	N	Y	Y	added-since-mw72
ucCinnaka	N	N	N	never-seen
ucCiraska	N	N	N	never-seen
ucCoPa	N	Y	Y	added-since-mw72
ucCrayakarman	N	N	N	never-seen
ucCuzma	Y	Y	Y	kept
ucCvAsa	Y	Y	N	kept
ucCvasana	Y	Y	Y	kept
uccAraprasrAvasTAna	N	Y	N	added-since-mw72
uccAwanIya	Y	Y	N	kept
uccEHpramodam	N	N	N	never-seen
uccEHsvara	N	Y	Y	added-since-mw72
uccEraBijana	N	Y	Y	added-since-mw72
uccErgati	N	Y	Y	added-since-mw72
uccErmAna	N	Y	Y	added-since-mw72
uccErupAMSutA	N	N	N	never-seen
uccEs	Y	Y	N	kept
uccEstana	N	Y	Y	added-since-mw72
uccUlI	N	N	N	never-seen
uccagopura	N	N	N	never-seen
uccakEs	Y	Y	Y	kept
uccakzU	N	N	N	never-seen
uccakzus	Y	Y	N	kept
uccala	Y	Y	Y	kept
uccanAsika	N	N	N	never-seen
uccataratA	N	Y	Y	added-since-mw72
uccaya	Y	Y	N	kept
uccazaka	N	N	N	never-seen
uccicIzA	N	Y	Y	added-since-mw72
uccitra	N	N	N	never-seen
uccitraRa	N	Y	Y	added-since-mw72
uccodarki	N	N	N	never-seen
ucitakArin	N	N	N	never-seen
ucitopAyasaMgraha	N	N	N	never-seen
udAharaRI	N	N	N	never-seen
udAja	Y	Y	N	kept
udAnaBft	N	Y	Y	added-since-mw72
udApu	N	N	N	never-seen
udAra	Y	Y	N	kept
udAracaritra	N	N	N	never-seen
udAracetas	N	Y	N	added-since-mw72
udAsTita	Y	Y	N	kept
udAsa	Y	Y	N	kept
udAsitar	N	N	N	never-seen
udAyin	N	Y	N	added-since-mw72
udAyuvana	N	N	N	never-seen
udBAvana	Y	Y	N	kept
udBUtarUpakAraRatAvAda	N	N	N	never-seen
udBUtasparSavant	N	N	N	never-seen
udBUtatva	N	Y	N	added-since-mw72
udBavakoSaka	N	Y	Y	added-since-mw72
udBida	Y	Y	N	kept
udBija	N	N	N	never-seen
udBuja	N	Y	Y	added-since-mw72
udDAna	Y	Y	N	kept
udDUlana	N	Y	N	added-since-mw72
udDUta	Y	Y	N	kept
udDUtatva	N	N	N	never-seen
udDUti	N	Y	Y	added-since-mw72
udDartavE	N	N	N	never-seen
udDati	Y	Y	N	kept
udDava	Y	Y	N	kept
udDftakaWina	N	N	N	never-seen
udDura	Y	Y	N	kept
udGAtikA	N	N	N	never-seen
udGAwa	Y	Y	N	kept
udGawaka	N	N	N	never-seen
udGuzwa	Y	Y	N	kept
udIcInapAda	N	N	N	never-seen
udUrmi	N	Y	Y	added-since-mw72
udaDAna	N	Y	N	added-since-mw72
udaDinemi	N	Y	Y	added-since-mw72
udaNIza	N	Y	N	added-since-mw72
udaNka	Y	Y	N	kept
udaNkya	N	Y	N	added-since-mw72
udaSarAva	N	Y	N	added-since-mw72
udaSvit	N	Y	N	added-since-mw72
udaYc	Y	Y	N	kept
udaYji	N	Y	N	added-since-mw72
udacana	N	N	N	never-seen
udagapavarga	N	N	N	never-seen
udagra	Y	Y	N	kept
udagvaMSa	N	N	N	never-seen
udakAMsya	N	Y	Y	added-since-mw72
udakaSAnti	N	Y	N	added-since-mw72
udakagAha	N	Y	N	added-since-mw72
udakakamaRqalu	N	N	N	never-seen
udakakfcCra	N	Y	Y	added-since-mw72
udakakftya	N	N	N	never-seen
udakamaRi	N	N	N	never-seen
udakapAtra	N	N	N	never-seen
udakapUrva	N	Y	N	added-since-mw72
udakapeya	N	N	N	never-seen
udakaprasravaRAnvita	N	N	N	never-seen
udakaprasravaRa	N	N	N	never-seen
udakarakzikA	N	Y	Y	added-since-mw72
udakiSaras	N	N	N	never-seen
udakkUla	N	Y	N	added-since-mw72
udakotsecana	N	Y	Y	added-since-mw72
udaksamAsa	N	Y	N	added-since-mw72
udakya	Y	Y	Y	kept
udapurA	N	Y	Y	added-since-mw72
udapura	N	Y	N	added-since-mw72
udaraBedin	N	N	N	never-seen
udaraMBara	N	Y	N	added-since-mw72
udarasTa	N	Y	Y	added-since-mw72
udarasTita	N	Y	Y	added-since-mw72
udaratAqam	N	Y	Y	added-since-mw72
udasana	Y	Y	N	kept
udasra	N	Y	N	added-since-mw72
udavajra	N	Y	N	added-since-mw72
udayana	Y	Y	N	kept
udayavyayin	N	Y	Y	added-since-mw72
udayin	Y	Y	Y	kept
udbarhis	N	Y	N	added-since-mw72
uddAha	N	Y	Y	added-since-mw72
uddAna	Y	Y	N	kept
uddaRqay	N	N	N	never-seen
uddarpa	N	N	N	never-seen
uddeha	N	Y	Y	added-since-mw72
uddyota	Y	Y	N	kept
uddyotakara	N	Y	N	added-since-mw72
udetos	N	N	N	never-seen
udgAna	N	N	N	never-seen
udgAra	Y	Y	N	kept
udgUrRa	Y	Y	Y	kept
udgUrayitar	N	N	N	never-seen
udgamadoza	N	N	N	never-seen
udgamanIya	Y	Y	N	kept
udgrAhiRikA	N	N	N	never-seen
udgrahItavya	N	N	N	never-seen
udguRWikA	N	N	N	never-seen
udguraRa	N	N	N	never-seen
udiNgana	N	Y	N	added-since-mw72
uditADAna	N	Y	N	added-since-mw72
uditAnudita	N	Y	N	added-since-mw72
udita	Y	Y	N	kept
uditvara	N	Y	N	added-since-mw72
udman	Y	Y	N	kept
udrAyaRa	N	Y	Y	added-since-mw72
udraNga	N	Y	N	added-since-mw72
udraSmi	N	Y	N	added-since-mw72
udroka	N	Y	Y	added-since-mw72
udubrahmIya	N	N	N	never-seen
udumbara	Y	Y	Y	kept
udumbaraparRI	N	N	N	never-seen
udvApana	N	Y	N	added-since-mw72
udvAsanIya	N	Y	Y	added-since-mw72
udvAsya	Y	Y	N	kept
udvaditos	N	N	N	never-seen
udvaha	Y	Y	N	kept
udvapanI	N	Y	N	added-since-mw72
udvecam	N	Y	Y	added-since-mw72
udvellana	N	Y	Y	added-since-mw72
udvepin	N	Y	Y	added-since-mw72
udvezwana	Y	Y	Y	kept
udvijitavya	N	N	N	never-seen
udyApanaviDAna	N	N	N	never-seen
udyAva	Y	Y	N	kept
udyUTikAgamana	N	N	N	never-seen
udyamam	N	N	N	never-seen
udyatahoma	N	N	N	never-seen
udyojaka	N	N	N	never-seen
ugradaRqa	N	Y	N	added-since-mw72
ugrakarman	N	Y	N	added-since-mw72
ugramaya	N	Y	N	added-since-mw72
ugrapUti	N	Y	Y	added-since-mw72
ugrarUpin	N	N	N	never-seen
ugraruz	N	Y	Y	added-since-mw72
ugravIrya	N	Y	N	added-since-mw72
ugravega	N	Y	N	added-since-mw72
uhAra	N	N	N	never-seen
ujjaNkikA	N	N	N	never-seen
ujjahistamba	N	N	N	never-seen
ujjeza	Y	Y	N	kept
ujjfmBa	Y	Y	N	kept
ujjigamizA	N	Y	Y	added-since-mw72
ujjihIrzA	Y	Y	N	kept
ujjihIrzu	N	Y	Y	added-since-mw72
ujjvalA	N	Y	N	added-since-mw72
ujjvalI	N	N	N	never-seen
ujjvala	Y	Y	N	kept
ujjvalana	Y	Y	N	kept
ukTaBAj	N	N	N	never-seen
ukta	Y	Y	N	kept
uktaBAva	N	Y	Y	added-since-mw72
uktipoza	N	Y	Y	added-since-mw72
uktipratyuktikA	N	Y	Y	added-since-mw72
ukz	Y	Y	N	kept
ukzARa	N	Y	Y	added-since-mw72
ukzatva	N	N	N	never-seen
ukzavaSa	N	Y	N	added-since-mw72
ula	Y	Y	Y	kept
ulaBIya	N	N	N	never-seen
ulapya	Y	Y	N	kept
ulkapAta	N	N	N	never-seen
ullApika	Y	Y	N	kept
ullaBya	N	N	N	never-seen
ullaNGikA	N	N	N	never-seen
ullalana	N	Y	Y	added-since-mw72
ullasa	Y	Y	N	kept
ulliKita	Y	Y	Y	kept
ulloca	Y	Y	N	kept
ullola	Y	Y	Y	kept
ullopam	N	Y	N	added-since-mw72
ulluka	N	N	N	never-seen
uloka	N	Y	Y	added-since-mw72
uluka	N	N	N	never-seen
umeSvara	N	N	N	never-seen
unmAdacikitsApawala	N	N	N	never-seen
unmAdaka	N	Y	N	added-since-mw72
unmAdin	Y	Y	Y	kept
unmAlaka	N	N	N	never-seen
unmArjana	Y	Y	N	kept
unmInaketana	N	N	N	never-seen
unmUrDan	N	N	N	never-seen
unmaTana	Y	Y	Y	kept
unmadizRu	Y	Y	N	kept
unmajjaka	N	Y	Y	added-since-mw72
unmattIkaraRa	N	N	N	never-seen
unmattarAGava	N	Y	N	added-since-mw72
unmattaveza	N	Y	N	added-since-mw72
unmezin	N	Y	Y	added-since-mw72
unmiYja	N	Y	Y	added-since-mw72
unmizita	Y	Y	N	kept
unmocanIya	N	Y	N	added-since-mw72
unmokzA	N	Y	Y	added-since-mw72
unmuKa	Y	Y	N	kept
unmukti	N	Y	N	added-since-mw72
unnati	Y	Y	N	kept
upADimaRqana	N	N	N	never-seen
upAMSuGAtaka	N	Y	Y	added-since-mw72
upAMSupAvana	N	N	N	never-seen
upAMSusavana	N	Y	N	added-since-mw72
upANgiraHsmfti	N	N	N	never-seen
upAdAnatvasamarTana	N	N	N	never-seen
upAdAyarUpa	N	N	N	never-seen
upAgama	Y	Y	N	kept
upAhita	Y	Y	Y	kept
upAkaraRa	Y	Y	N	kept
upAkartavya	N	N	N	never-seen
upAlipsu	N	Y	Y	added-since-mw72
upAnta	Y	Y	N	kept
upArDa	N	Y	N	added-since-mw72
upAroha	N	N	N	never-seen
upAsAsidDa	N	N	N	never-seen
upAsakADyayana	N	N	N	never-seen
upAsanAsidDa	N	N	N	never-seen
upAsanAsidDi	N	N	N	never-seen
upAsitAvin	N	N	N	never-seen
upAttasAra	N	Y	Y	added-since-mw72
upAtti	N	N	N	never-seen
upAvI	Y	Y	N	kept
upAvft	Y	Y	N	kept
upAyAsa	N	N	N	never-seen
upAyakOSalya	N	Y	Y	added-since-mw72
upaBogadeha	N	N	N	never-seen
upaDAna	Y	Y	Y	kept
upaDAnaliNga	N	Y	Y	added-since-mw72
upaDenu	N	Y	Y	added-since-mw72
upaDi	Y	Y	Y	kept
upaDivAra	N	N	N	never-seen
upaGna	Y	Y	N	kept
upaGrAyam	N	Y	N	added-since-mw72
upaSaya	Y	Y	N	kept
upaSikzaRa	N	Y	Y	added-since-mw72
upaSlokay	N	N	N	never-seen
upaSlokayitavya	N	N	N	never-seen
upaSoza	N	Y	Y	added-since-mw72
upaSuzka	N	Y	Y	added-since-mw72
upaSvasa	Y	Y	N	kept
upabilam	N	Y	Y	added-since-mw72
upacAra	Y	Y	N	kept
upacaraka	N	Y	Y	added-since-mw72
upacaritavya	N	Y	N	added-since-mw72
upacitra	Y	Y	N	kept
upacyava	Y	Y	N	kept
upadAsa	N	Y	Y	added-since-mw72
upadeSakarRikA	N	Y	N	added-since-mw72
upadeSaratnamAlA	N	Y	N	added-since-mw72
upadeSavivaraRa	N	N	N	never-seen
upadidikzu	N	Y	Y	added-since-mw72
upadrazwrikA	N	N	N	never-seen
upadrotar	N	N	N	never-seen
upaganDin	N	Y	Y	added-since-mw72
upagiri	Y	Y	N	kept
upagrAmam	N	Y	Y	added-since-mw72
upagraha	Y	Y	N	kept
upagrahaRa	Y	Y	N	kept
upahAramaya	N	N	N	never-seen
upajIka	Y	N	N	dropped
upajIvita	N	N	N	never-seen
upajIvitar	N	N	N	never-seen
upajYA	Y	Y	N	kept
upajanam	Y	Y	Y	kept
upajijYAsya	Y	Y	Y	kept
upajvalana	N	Y	Y	added-since-mw72
upakASa	N	Y	N	added-since-mw72
upakAntam	Y	Y	N	kept
upakalpin	N	Y	Y	added-since-mw72
upakaraRa	Y	Y	Y	kept
upakartavya	N	Y	Y	added-since-mw72
upakarzam	N	Y	N	added-since-mw72
upakeru	N	Y	N	added-since-mw72
upakftimant	N	N	N	never-seen
upakrama	Y	Y	Y	kept
upakuraNga	N	Y	N	added-since-mw72
upakzepa	Y	Y	N	kept
upalakzitavESizyajYAna	N	N	N	never-seen
upalakzmI	N	Y	Y	added-since-mw72
upalaprakzin	N	Y	N	added-since-mw72
upalaya	N	Y	Y	added-since-mw72
upamAtar	N	N	N	never-seen
upamAti	Y	Y	N	kept
upamaDyamA	N	Y	N	added-since-mw72
upamanTana	N	Y	Y	added-since-mw72
upamarditatva	N	N	N	never-seen
upamuKa	N	N	N	never-seen
upanABi	N	N	N	never-seen
upanAgaraka	N	N	N	never-seen
upanAha	Y	Y	N	kept
upanAma	N	N	N	never-seen
upanAyikam	N	N	N	never-seen
upanAyin	N	Y	Y	added-since-mw72
upanItirAga	N	N	N	never-seen
upanIvi	N	N	N	never-seen
upanadi	N	Y	Y	added-since-mw72
upanapana	N	N	N	never-seen
upanaptar	N	N	N	never-seen
upaneya	N	Y	Y	added-since-mw72
upaniDyAtavya	N	Y	Y	added-since-mw72
upaniSA	N	N	N	never-seen
upanibanDa	N	Y	N	added-since-mw72
upanigrAham	N	Y	Y	added-since-mw72
upaninIzu	N	Y	Y	added-since-mw72
upanivartam	N	Y	Y	added-since-mw72
upanizad	Y	Y	N	kept
upanyAsa	Y	Y	N	kept
upapAtakin	Y	Y	N	kept
upapAyana	N	Y	Y	added-since-mw72
upapadyaparinirvAyin	N	N	N	never-seen
upaparIkzaka	N	N	N	never-seen
upaparIkzitavya	N	N	N	never-seen
upapatti	Y	Y	Y	kept
upapayoDi	N	N	N	never-seen
upapluta	Y	Y	N	kept
upaprAtar	N	N	N	never-seen
upaprasannarzi	N	N	N	never-seen
uparAgavant	N	N	N	never-seen
upara	Y	Y	N	kept
uparakta	Y	Y	Y	kept
uparamam	N	N	N	never-seen
upariSaya	N	Y	N	added-since-mw72
uparidaSa	N	Y	N	added-since-mw72
uparima	N	N	N	never-seen
uparimartya	N	Y	Y	added-since-mw72
uparispfS	N	Y	N	added-since-mw72
uparitana	Y	Y	N	kept
uparizwAdAsecanavant	N	N	N	never-seen
uparizwAdDomaBAj	N	Y	N	added-since-mw72
uparizwAddEkza	N	N	N	never-seen
uparizwAdudarka	N	Y	N	added-since-mw72
uparizwAllakzman	N	Y	N	added-since-mw72
uparizwAtkAla	N	Y	Y	added-since-mw72
uparizwAtsvAhAkAra	N	Y	N	added-since-mw72
uparudita	N	Y	Y	added-since-mw72
upasAgaram	N	Y	Y	added-since-mw72
upasIma	Y	Y	N	kept
upasTAna	Y	Y	N	kept
upasTApanA	N	Y	N	added-since-mw72
upasTAvan	N	Y	N	added-since-mw72
upasTAyuka	N	Y	N	added-since-mw72
upasTURaka	N	N	N	never-seen
upasTita	Y	Y	N	kept
upasaKi	N	N	N	never-seen
upasaMSlizwatva	N	Y	N	added-since-mw72
upasaMhAra	Y	Y	Y	kept
upasaMhAravijaya	N	N	N	never-seen
upasaMhftatva	N	N	N	never-seen
upasaMjihIrzu	N	N	N	never-seen
upasaMkrama	N	N	N	never-seen
upasaMpadA	N	Y	N	added-since-mw72
upasargay	N	N	N	never-seen
upasarjanI	N	Y	N	added-since-mw72
upasarjana	Y	Y	N	kept
upasasADAna	N	N	N	never-seen
upaseka	Y	Y	N	kept
upaskAram	N	N	N	never-seen
upaskfti	Y	Y	N	kept
upastamBana	Y	Y	N	kept
upatapant	N	N	N	never-seen
upatulA	N	N	N	never-seen
upavAsaka	Y	Y	N	kept
upavI	N	Y	N	added-since-mw72
upavIRay	N	N	N	never-seen
upavItitva	N	N	N	never-seen
upavahas	N	Y	Y	added-since-mw72
upavaktar	N	N	N	never-seen
upavanam	N	Y	N	added-since-mw72
upavapana	N	Y	Y	added-since-mw72
upavarRanIya	N	Y	N	added-since-mw72
upavatsyadBakta	N	Y	N	added-since-mw72
upavedi	N	Y	Y	added-since-mw72
upavinDyAdri	N	Y	Y	added-since-mw72
upavyAKyAna	Y	Y	N	kept
upayama	Y	Y	N	kept
upayoga	Y	Y	Y	kept
upayuktatamatva	N	N	N	never-seen
upendra	Y	Y	N	kept
upepsA	Y	Y	N	kept
upolava	N	Y	Y	added-since-mw72
upoti	N	N	N	never-seen
upottara	N	Y	Y	added-since-mw72
upozaDozita	N	N	N	never-seen
upozaRa	Y	Y	N	kept
uptakeSa	N	Y	Y	added-since-mw72
uqigalla	N	N	N	never-seen
uqqAha	N	N	N	never-seen
uqudaSAPala	N	N	N	never-seen
uqupa	N	Y	N	added-since-mw72
uqupaBft	N	Y	Y	added-since-mw72
uraHSiram	N	N	N	never-seen
uraHsTa	N	Y	Y	added-since-mw72
uraMDrA	N	N	N	never-seen
uragASana	N	Y	N	added-since-mw72
uram	N	N	N	never-seen
urarI	Y	Y	N	kept
urogrIva	N	Y	Y	added-since-mw72
uroja	N	Y	N	added-since-mw72
urovidAram	N	N	N	never-seen
uruDAra	N	Y	Y	added-since-mw72
urudrapsa	N	N	N	never-seen
urukrama	N	Y	N	added-since-mw72
uruvyaYc	N	Y	N	added-since-mw72
urvIDara	N	Y	N	added-since-mw72
urvIruha	N	Y	N	added-since-mw72
usmita	N	Y	Y	added-since-mw72
utKAnam	N	Y	N	added-since-mw72
utKanana	N	Y	Y	added-since-mw72
utTApanIya	N	Y	N	added-since-mw72
utTApana	Y	Y	Y	kept
utTApinI	N	N	N	never-seen
utTApitotprekzA	N	N	N	never-seen
utTAyin	Y	Y	N	kept
utTapattra	N	N	N	never-seen
utkASa	N	Y	N	added-since-mw72
utkArika	N	N	N	never-seen
utkArin	N	N	N	never-seen
utkIlay	N	N	N	never-seen
utkUjita	N	Y	N	added-since-mw72
utkUlanikUla	N	Y	N	added-since-mw72
utkUlay	N	N	N	never-seen
utka	Y	Y	N	kept
utkaRWitacintI	N	N	N	never-seen
utkacakumudgaRavant	N	N	N	never-seen
utkarza	Y	Y	N	kept
utkarzaRa	Y	Y	N	kept
utkarzatva	N	N	N	never-seen
utkarzavant	N	N	N	never-seen
utkay	N	N	N	never-seen
utketana	N	Y	Y	added-since-mw72
utkfzwikA	N	N	N	never-seen
utkoSay	N	N	N	never-seen
utkocin	N	Y	N	added-since-mw72
utkopa	N	Y	Y	added-since-mw72
utkrAmuka	N	N	N	never-seen
utkrazwar	N	N	N	never-seen
utkruzwa	Y	Y	N	kept
utkuwila	N	N	N	never-seen
utkuwuka	N	Y	N	added-since-mw72
utkuwukikA	N	N	N	never-seen
utkzepa	Y	Y	Y	kept
utkzepaRIya	N	N	N	never-seen
utpARqUtpARquka	N	N	N	never-seen
utpAlikA	N	Y	Y	added-since-mw72
utpAtika	N	Y	N	added-since-mw72
utpAtin	N	Y	Y	added-since-mw72
utpAwa	Y	Y	N	kept
utpaSya	Y	Y	N	kept
utpaTay	N	N	N	never-seen
utpakva	N	Y	Y	added-since-mw72
utpakza	N	Y	Y	added-since-mw72
utpallava	N	N	N	never-seen
utparyARita	N	Y	Y	added-since-mw72
utpatizRu	Y	Y	N	kept
utpattra	N	Y	Y	added-since-mw72
utpavana	Y	Y	N	kept
utpeza	N	N	N	never-seen
utpfzwi	N	Y	Y	added-since-mw72
utpiYjalaka	N	Y	N	added-since-mw72
utplava	Y	Y	Y	kept
utprekzAkzepa	N	Y	Y	added-since-mw72
utpuMsana	N	Y	Y	added-since-mw72
utpuMsay	N	N	N	never-seen
utpupluzA	N	Y	Y	added-since-mw72
utsAdanIya	Y	Y	N	kept
utsAraRa	Y	Y	N	kept
utsArin	N	Y	Y	added-since-mw72
utsUtra	Y	Y	N	kept
utsaNga	Y	Y	N	kept
utsaNgita	Y	Y	Y	kept
utsada	N	Y	Y	added-since-mw72
utsadana	N	N	N	never-seen
utsadanaDarmaka	N	N	N	never-seen
utsahanA	N	N	N	never-seen
utsargam	N	Y	Y	added-since-mw72
utsava	Y	Y	N	kept
utsecana	Y	Y	N	kept
utsekin	Y	Y	Y	kept
utsfjya	Y	Y	Y	kept
utsfzwaloman	N	N	N	never-seen
utsrotas	Y	Y	N	kept
utsuka	Y	Y	N	kept
uttAla	Y	Y	N	kept
uttAnI	N	N	N	never-seen
uttAnita	N	Y	N	added-since-mw72
uttApana	N	Y	Y	added-since-mw72
uttAra	Y	Y	N	kept
uttIram	Y	Y	Y	kept
uttaMsay	N	N	N	never-seen
uttabDi	N	Y	N	added-since-mw72
uttamBam	N	N	N	never-seen
uttamBanI	N	N	N	never-seen
uttamBana	Y	Y	N	kept
uttama	Y	Y	N	kept
uttamaSlokacandrikA	N	N	N	never-seen
uttamacaritra	N	Y	Y	added-since-mw72
uttamadyuti	N	N	N	never-seen
uttamagAya	N	Y	Y	added-since-mw72
uttamapadin	N	N	N	never-seen
uttamatA	N	Y	N	added-since-mw72
uttanUruha	N	Y	Y	added-since-mw72
uttarAMsa	N	Y	N	added-since-mw72
uttarANga	N	Y	N	added-since-mw72
uttarASApati	N	N	N	never-seen
uttarASroRi	N	N	N	never-seen
uttarATarvaRa	N	N	N	never-seen
uttarAparaSiras	N	N	N	never-seen
uttarArDapUrvArDa	N	Y	N	added-since-mw72
uttarArDapaScArDa	N	Y	Y	added-since-mw72
uttarAyaRa	N	Y	N	added-since-mw72
uttaraDAraya	N	Y	N	added-since-mw72
uttaraSrI	N	N	N	never-seen
uttaragArgya	N	Y	Y	added-since-mw72
uttarakrama	N	Y	Y	added-since-mw72
uttaralI	N	N	N	never-seen
uttaramantrin	N	N	N	never-seen
uttaramanuzyaDarmArocana	N	N	N	never-seen
uttaramanuzyaDarmapralApa	N	N	N	never-seen
uttarapUrvaka	N	N	N	never-seen
uttarapaYcAla	N	N	N	never-seen
uttaraparicCeda	N	N	N	never-seen
uttaraprAyaScitta	N	N	N	never-seen
uttararAGavIya	N	N	N	never-seen
uttarasAkzin	N	Y	N	added-since-mw72
uttarasArasvAdinI	N	N	N	never-seen
uttaratantra	N	Y	N	added-since-mw72
uttaravatI	N	N	N	never-seen
uttaravedimant	N	N	N	never-seen
uttariDvajAgramaRi	N	N	N	never-seen
uttarjanIka	N	Y	Y	added-since-mw72
uttarottaraBAva	N	N	N	never-seen
uttarottaravaktar	N	N	N	never-seen
uttarya	N	N	N	never-seen
uttejaka	Y	Y	N	kept
uttejanA	N	N	N	never-seen
uttiNga	N	Y	Y	added-since-mw72
uttrAsana	N	N	N	never-seen
uttripada	Y	Y	N	kept
uttuNgita	N	Y	Y	added-since-mw72
uwwIkita	N	Y	Y	added-since-mw72
uyamAnavaDana	N	N	N	never-seen
uzApariRaya	N	Y	Y	added-since-mw72
uzRIpaSiraska	N	N	N	never-seen
uzRIzaBAjana	N	Y	N	added-since-mw72
uzRIzakuRqala	N	N	N	never-seen
uzRIzavijaya	N	Y	Y	added-since-mw72
uzRaBAs	N	Y	N	added-since-mw72
uzRaga	N	Y	N	added-since-mw72
uzRagata	N	N	N	never-seen
uzRapa	N	Y	N	added-since-mw72
uzRihAkakuBO	N	N	N	never-seen
vA	Y	Y	N	kept
vASA	N	Y	N	added-since-mw72
vAcAlanA	N	Y	N	added-since-mw72
vAda	Y	Y	N	kept
vAdada	N	Y	N	added-since-mw72
vAdanamAruta	N	N	N	never-seen
vAdin	Y	Y	N	kept
vAh	Y	Y	N	kept
vAhanA	N	Y	N	added-since-mw72
vAhika	Y	Y	N	kept
vAja	Y	Y	N	kept
vAjiBUmi	N	Y	N	added-since-mw72
vAjin	Y	Y	N	kept
vAjinIvant	N	N	N	never-seen
vAkpUta	N	Y	N	added-since-mw72
vAksAra	N	Y	N	added-since-mw72
vAkyaDfk	N	Y	N	added-since-mw72
vAlAha	N	Y	N	added-since-mw72
vAlUkA	N	Y	N	added-since-mw72
vAlatuza	N	Y	N	added-since-mw72
vAmAramBa	N	Y	N	added-since-mw72
vAmaSIla	N	Y	N	added-since-mw72
vAmadevaraTa	N	Y	N	added-since-mw72
vAmanaka	Y	Y	N	kept
vAnaraDvaja	N	Y	N	added-since-mw72
vAntI	N	Y	N	added-since-mw72
vAntIBAva	N	Y	N	added-since-mw72
vAnya	N	Y	N	added-since-mw72
vApana	Y	Y	N	kept
vArGawIyantracakra	N	Y	N	added-since-mw72
vAraRa	Y	Y	N	kept
vArarAmA	N	Y	N	added-since-mw72
vArdAlikA	N	Y	N	added-since-mw72
vAri	Y	Y	N	kept
vArigarBa	N	Y	N	added-since-mw72
vArin	N	Y	N	added-since-mw72
vArira	N	Y	N	added-since-mw72
vAritra	N	Y	N	added-since-mw72
vArttAvaSezita	N	N	N	never-seen
vAruka	N	Y	N	added-since-mw72
vAryavfta	N	Y	N	added-since-mw72
vArzmaRa	N	Y	N	added-since-mw72
vAsavagrAma	N	Y	N	added-since-mw72
vAstupaSya	N	Y	N	added-since-mw72
vAtAtmaja	N	Y	N	added-since-mw72
vAtUlIBrama	N	Y	N	added-since-mw72
vAtika	Y	Y	N	kept
vAtsaMbanDavid	N	N	N	never-seen
vAwi	N	Y	N	added-since-mw72
vAyanakriyA	N	Y	N	added-since-mw72
vAyukftsna	N	Y	N	added-since-mw72
vAyvaDika	N	Y	N	added-since-mw72
vEBAvara	N	Y	N	added-since-mw72
vEBUtika	N	Y	N	added-since-mw72
vEDeyatA	N	Y	N	added-since-mw72
vERavika	Y	Y	N	kept
vESvAnarIya	Y	Y	N	kept
vEduzI	Y	Y	N	kept
vEdyudDatI	N	Y	N	added-since-mw72
vEkakzya	N	Y	N	added-since-mw72
vEkalyatA	N	Y	N	added-since-mw72
vEmUQaka	N	Y	N	added-since-mw72
vEna	N	Y	N	added-since-mw72
vErASaMsana	N	Y	N	added-since-mw72
vEra	Y	Y	N	kept
vEraSudDi	N	Y	N	added-since-mw72
vEradeya	N	Y	N	added-since-mw72
vEramBa	N	Y	N	added-since-mw72
vEramBaka	N	Y	N	added-since-mw72
vErayAtana	N	N	N	never-seen
vEtAnya	N	Y	N	added-since-mw72
vEtaMsikAy	N	N	N	never-seen
vEtaRqika	Y	Y	N	kept
vEtahotra	N	Y	N	added-since-mw72
vEtuzika	N	Y	N	added-since-mw72
vEyAvftya	N	Y	N	added-since-mw72
vIRApaRavatURavant	N	N	N	never-seen
vIcitaraMganyAya	N	Y	N	added-since-mw72
vIrASaMsana	N	Y	N	added-since-mw72
vIra	Y	Y	N	kept
vIrajanana	N	Y	N	added-since-mw72
vIrasTa	N	Y	N	added-since-mw72
vItArci	N	Y	N	added-since-mw72
vItarAgaBUmi	N	Y	N	added-since-mw72
vItatfzRa	N	Y	N	added-since-mw72
va	Y	Y	N	kept
vaDASaNka	N	Y	N	added-since-mw72
vaDUDana	N	Y	N	added-since-mw72
vaDUvAsas	N	Y	N	added-since-mw72
vaDaka	Y	Y	N	kept
vaDakzama	N	Y	N	added-since-mw72
vaDyaGAtaka	N	Y	N	added-since-mw72
vaDyapawa	N	Y	N	added-since-mw72
vaMSaGawikA	N	Y	N	added-since-mw72
vaMSaka	Y	Y	N	kept
vaMSastUpa	N	Y	N	added-since-mw72
vaMSodBeda	N	Y	N	added-since-mw72
vaNga	Y	Y	N	kept
vaNgerikA	N	Y	N	added-since-mw72
vaSA	N	Y	N	added-since-mw72
vaSIkaraRa	N	Y	N	added-since-mw72
vaSendriya	N	Y	N	added-since-mw72
vaYc	Y	Y	N	kept
vac	Y	Y	N	kept
vah	Y	Y	N	kept
vahnIy	N	N	N	never-seen
vahni	Y	Y	N	kept
vahnicaya	N	Y	N	added-since-mw72
vahnigarBa	N	Y	N	added-since-mw72
vahnisTAna	N	Y	N	added-since-mw72
vajra	Y	Y	N	kept
vajraDfk	N	Y	N	added-since-mw72
vajramuzwi	N	Y	N	added-since-mw72
vajrapAtAy	N	N	N	never-seen
val	Y	Y	N	kept
valIka	Y	Y	N	kept
valaBIniveSa	N	Y	N	added-since-mw72
valanA	N	Y	N	added-since-mw72
valayitar	N	N	N	never-seen
valganA	N	N	N	never-seen
valgulikA	Y	Y	N	kept
valgunAda	N	Y	N	added-since-mw72
valitaka	N	Y	N	added-since-mw72
valkala	Y	Y	N	kept
vallaBaka	N	Y	N	added-since-mw72
vallaka	N	Y	N	added-since-mw72
vallarI	N	Y	N	added-since-mw72
vallikI	N	Y	N	added-since-mw72
vam	Y	Y	N	kept
vanASa	N	Y	N	added-since-mw72
vanIpaka	N	Y	N	added-since-mw72
vana	Y	Y	N	kept
vanajAyata	N	Y	N	added-since-mw72
vanana	Y	Y	N	kept
vanapriya	N	Y	N	added-since-mw72
vanasad	N	Y	N	added-since-mw72
vanesad	N	Y	N	added-since-mw72
vanitAy	N	N	N	never-seen
vanyopodakI	N	Y	N	added-since-mw72
vap	Y	Y	N	kept
vaprAvanI	N	Y	N	added-since-mw72
vapra	Y	Y	N	kept
vaptar	N	N	N	never-seen
vapuzmattA	N	Y	N	added-since-mw72
var	Y	N	N	dropped
varANga	N	Y	N	added-since-mw72
varANgarUpin	N	Y	N	added-since-mw72
varRakadAru	N	Y	N	added-since-mw72
varRay	N	N	N	never-seen
varUTaka	N	Y	N	added-since-mw72
varUTavatI	N	Y	N	added-since-mw72
vara	Y	Y	N	kept
varaGaRwa	N	Y	N	added-since-mw72
varadatta	N	Y	N	added-since-mw72
varalabDa	N	Y	N	added-since-mw72
varara	N	N	N	never-seen
varcaHsTAna	N	Y	N	added-since-mw72
varcomArga	N	Y	N	added-since-mw72
vardAlikA	N	N	N	never-seen
varj	N	N	N	never-seen
varmay	N	N	N	never-seen
vart	N	N	N	never-seen
varta	Y	Y	N	kept
vartanA	N	Y	N	added-since-mw72
vartana	Y	Y	N	kept
varti	Y	Y	N	kept
vartuli	N	Y	N	added-since-mw72
varuRameRi	N	N	N	never-seen
varuqa	Y	Y	N	kept
varvUra	Y	Y	N	kept
varzAkAra	N	Y	N	added-since-mw72
varzakArI	N	Y	N	added-since-mw72
varzasahasra	N	Y	N	added-since-mw72
varzasahasraka	N	Y	N	added-since-mw72
varzopanAyikA	N	Y	N	added-since-mw72
vas	Y	Y	N	kept
vasantaSAKin	N	Y	N	added-since-mw72
vasatIvari	N	N	N	never-seen
vasati	Y	Y	N	kept
vastravidyA	N	Y	N	added-since-mw72
vastukfta	N	Y	N	added-since-mw72
vastusTiti	N	Y	N	added-since-mw72
vastya	Y	Y	N	kept
vasuDAvilAsin	N	Y	N	added-since-mw72
vataMsita	N	Y	N	added-since-mw72
vatsamitrA	N	Y	N	added-since-mw72
vatsya	N	Y	N	added-since-mw72
veDa	Y	Y	N	kept
veRuvana	N	Y	N	added-since-mw72
veSya	Y	Y	N	kept
vedAyana	N	Y	N	added-since-mw72
velAvilAsinI	N	Y	N	added-since-mw72
vesarI	N	Y	N	added-since-mw72
vetra	Y	Y	N	kept
vetraBft	N	Y	N	added-since-mw72
vetradaRqika	N	Y	N	added-since-mw72
vetranadI	N	Y	N	added-since-mw72
vfSa	Y	Y	N	kept
vfTA	Y	Y	N	kept
vfTAdAna	N	Y	N	added-since-mw72
vfdDAnta	N	Y	N	added-since-mw72
vfdDayuvatI	N	N	N	never-seen
vfkzADirUQaka	N	Y	N	added-since-mw72
vfttasvADyAyavant	N	N	N	never-seen
vfzaBA	N	Y	N	added-since-mw72
vfzaga	N	Y	N	added-since-mw72
vfzamodinI	N	N	N	never-seen
vfzikA	N	N	N	never-seen
vfzwi	Y	Y	N	kept
viBAs	Y	Y	N	kept
viBIzaRa	Y	Y	N	kept
viBUta	Y	Y	N	kept
viBUzA	Y	Y	N	kept
viBUzita	Y	Y	N	kept
viBaNgi	N	Y	N	added-since-mw72
viBajana	N	Y	N	added-since-mw72
viBramavatI	N	Y	N	added-since-mw72
viBu	Y	Y	N	kept
viDAna	Y	Y	N	kept
viDAraRa	N	Y	N	added-since-mw72
viDUsara	N	Y	N	added-since-mw72
viDenAman	N	N	N	never-seen
viGAta	Y	Y	N	kept
viKAditaka	N	Y	N	added-since-mw72
viRwaka	N	Y	N	added-since-mw72
viS	Y	Y	N	kept
viSAKadatta	N	Y	N	added-since-mw72
viSAradiman	N	Y	N	added-since-mw72
viSAta	N	N	N	never-seen
viSezaka	Y	Y	N	kept
viSezavAdin	N	Y	N	added-since-mw72
viSoRita	N	Y	N	added-since-mw72
viSrAmaRa	N	Y	N	added-since-mw72
viSrAntimant	N	N	N	never-seen
viSramBavant	N	N	N	never-seen
viSramBitavya	N	Y	N	added-since-mw72
viSudDasvaranirGozA	N	Y	N	added-since-mw72
viSvAsamaya	N	Y	N	added-since-mw72
viSvaMBari	N	N	N	never-seen
viWapana	N	N	N	never-seen
vicCAyay	N	N	N	never-seen
vicCinnaSarapAtatva	N	Y	N	added-since-mw72
vicakra	N	Y	N	added-since-mw72
vicakzuzkaraRa	N	Y	N	added-since-mw72
vicitrAlaMkArasvara	N	Y	N	added-since-mw72
vicitraBUzaRa	N	Y	N	added-since-mw72
vicitramOliSrIcUqa	N	Y	N	added-since-mw72
vidAya	Y	Y	N	kept
vidUraja	N	Y	N	added-since-mw72
vidaMSa	Y	Y	N	kept
vidagDaka	N	Y	N	added-since-mw72
vidarBa	Y	Y	N	kept
videhajA	N	Y	N	added-since-mw72
vidyunmaRqalavant	N	N	N	never-seen
vigarhA	N	Y	N	added-since-mw72
vigarhaRIya	Y	Y	N	kept
vihAraBUmi	N	Y	N	added-since-mw72
vihAyasAgAmin	N	Y	N	added-since-mw72
vihasita	Y	Y	N	kept
vihuRqana	N	Y	N	added-since-mw72
vihvAruka	N	Y	N	added-since-mw72
vijYAnAhAra	N	Y	N	added-since-mw72
vijYAnakftsna	N	Y	N	added-since-mw72
vijYAnanA	N	Y	N	added-since-mw72
vijYApanIya	Y	Y	N	kept
vijYAtasTAlI	N	Y	N	added-since-mw72
vijYapti	Y	Y	N	kept
vijayANkA	N	Y	N	added-since-mw72
vijayArDa	N	Y	N	added-since-mw72
vijfmBA	N	Y	N	added-since-mw72
vijihIrzA	Y	Y	N	kept
vijijYApayizA	N	Y	N	added-since-mw72
vikalaNka	N	Y	N	added-since-mw72
vikarAla	Y	Y	N	kept
vikara	Y	Y	N	kept
vikarya	N	Y	N	added-since-mw72
vikarza	Y	Y	N	kept
vikawa	Y	Y	N	kept
vikawaka	N	Y	N	added-since-mw72
vikfti	Y	Y	N	kept
viklitti	N	Y	N	added-since-mw72
vikramAditya	N	Y	N	added-since-mw72
vikroDa	N	Y	N	added-since-mw72
vikurvaRa	N	Y	N	added-since-mw72
vikurvita	N	Y	N	added-since-mw72
vikzepa	Y	Y	N	kept
vikziptaka	N	Y	N	added-since-mw72
vikzoBaRa	N	Y	N	added-since-mw72
vilapana	Y	Y	N	kept
vilohitaka	N	Y	N	added-since-mw72
vilomatA	N	Y	N	added-since-mw72
vimAMsI	N	N	N	never-seen
vimAna	Y	Y	N	kept
vimArgaRa	Y	Y	N	kept
vimAtavya	N	Y	N	added-since-mw72
vimaDyaBAva	N	Y	N	added-since-mw72
vimaDyama	N	Y	N	added-since-mw72
vimala	Y	Y	N	kept
vimalakirIwahAravant	N	N	N	never-seen
vimanAy	N	N	N	never-seen
vimanTana	N	Y	N	added-since-mw72
vimana	N	Y	N	added-since-mw72
vimarSavant	N	N	N	never-seen
vimati	Y	Y	N	kept
vimfdvant	N	N	N	never-seen
vimudra	Y	Y	N	kept
vinABAva	N	Y	N	added-since-mw72
vinAqa	N	Y	N	added-since-mw72
vinAvAsa	N	Y	N	added-since-mw72
vinDyAri	N	Y	N	added-since-mw72
vinIlaka	N	Y	N	added-since-mw72
vinIvaraRa	N	Y	N	added-since-mw72
vinata	Y	Y	N	kept
vinataka	N	Y	N	added-since-mw72
vinaya	Y	Y	N	kept
vinayaviBaNga	N	Y	N	added-since-mw72
vineya	Y	Y	N	kept
viniSvasita	N	Y	N	added-since-mw72
vinibanDa	N	Y	N	added-since-mw72
vinidrAy	N	N	N	never-seen
vinikazaRa	N	Y	N	added-since-mw72
vinimIlana	N	Y	N	added-since-mw72
vinimezaRa	N	Y	N	added-since-mw72
vinipAtana	N	Y	N	added-since-mw72
vinirmitsu	N	Y	N	added-since-mw72
viniroDa	N	Y	N	added-since-mw72
viniroDin	N	Y	N	added-since-mw72
vinivarti	N	Y	N	added-since-mw72
viniveSana	N	Y	N	added-since-mw72
vinizkraya	N	N	N	never-seen
vip	Y	Y	N	kept
vipUjana	N	Y	N	added-since-mw72
vipUyaka	N	Y	N	added-since-mw72
vipaYcanaka	N	Y	N	added-since-mw72
vipaYcika	N	Y	N	added-since-mw72
vipadma	N	Y	N	added-since-mw72
vipadumaka	N	Y	N	added-since-mw72
vipakza	Y	Y	N	kept
viparRa	N	Y	N	added-since-mw72
vipatkara	N	Y	N	added-since-mw72
vipfzWI	N	N	N	never-seen
viplAvana	N	Y	N	added-since-mw72
viplavAwwahAsa	N	Y	N	added-since-mw72
viplava	Y	Y	N	kept
vipluz	Y	Y	N	kept
vipraDarza	N	Y	N	added-since-mw72
viprajana	N	Y	N	added-since-mw72
vipraloka	N	Y	N	added-since-mw72
vipralopin	N	Y	N	added-since-mw72
vipratipatti	Y	Y	N	kept
vipratisAravant	N	N	N	never-seen
vipratyanIka	N	Y	N	added-since-mw72
vipravAdana	N	N	N	never-seen
vipravAsa	Y	Y	N	kept
vipulIBAva	N	Y	N	added-since-mw72
vipura	N	Y	N	added-since-mw72
viqambaka	N	Y	N	added-since-mw72
viqambakatva	N	N	N	never-seen
virADya	N	Y	N	added-since-mw72
virAj	Y	Y	N	kept
virUQi	N	Y	N	added-since-mw72
virahI	N	N	N	never-seen
virajastejaHsvara	N	Y	N	added-since-mw72
virasI	N	N	N	never-seen
virePas	N	Y	N	added-since-mw72
virolita	N	Y	N	added-since-mw72
visPAraRa	N	Y	N	added-since-mw72
visPuliNgA	N	Y	N	added-since-mw72
visPuraRa	N	Y	N	added-since-mw72
visPurita	Y	Y	N	kept
visaBAga	N	Y	N	added-since-mw72
visaMsTula	N	Y	N	added-since-mw72
visaMvAdana	N	Y	N	added-since-mw72
visaMyoga	Y	Y	N	kept
visarga	Y	Y	N	kept
visarjana	Y	Y	N	kept
visarjayitar	N	N	N	never-seen
visfzwa	Y	Y	N	kept
vismApin	N	Y	N	added-since-mw72
vismfta	Y	Y	N	kept
vispanda	N	Y	N	added-since-mw72
vispandita	N	Y	N	added-since-mw72
vispazwatA	N	Y	N	added-since-mw72
visraMsikA	N	Y	Y	added-since-mw72
visraganDi	N	Y	N	added-since-mw72
visrava	Y	Y	N	kept
vistIrRatA	N	Y	N	added-since-mw72
vistarI	N	N	N	never-seen
vitAla	N	Y	N	added-since-mw72
vitAnI	N	Y	N	added-since-mw72
vitAna	Y	Y	N	kept
vitaRqana	N	N	N	never-seen
vitaTI	N	N	N	never-seen
vitamaska	N	Y	N	added-since-mw72
vitarka	Y	Y	N	kept
vitkowikA	N	Y	N	added-since-mw72
vitrastaka	N	Y	N	added-since-mw72
vittarakzin	N	Y	N	added-since-mw72
vivAc	Y	Y	N	kept
vivAdaparicCeda	N	Y	N	added-since-mw72
vivAhAgni	N	Y	N	added-since-mw72
vivAhasTAna	N	Y	N	added-since-mw72
vivade	N	N	N	never-seen
vivarRatA	N	Y	N	added-since-mw72
vivarRay	N	N	N	never-seen
vivarRayitavya	N	Y	N	added-since-mw72
vivaresad	N	Y	N	added-since-mw72
vivartakalpa	N	Y	N	added-since-mw72
vivartanA	N	N	N	never-seen
vivftti	Y	Y	N	kept
viwapi	N	N	N	never-seen
viwsUkara	N	N	N	never-seen
viyatpaTa	N	Y	N	added-since-mw72
viyugala	N	Y	N	added-since-mw72
vizAsahivrata	N	Y	N	added-since-mw72
vizRvanuzWita	N	Y	N	added-since-mw72
vizUcInAgra	N	Y	N	added-since-mw72
vizaheti	N	Y	N	added-since-mw72
vizaktatva	N	Y	N	added-since-mw72
vizamadfzwi	N	Y	N	added-since-mw72
vizamakriya	N	Y	N	added-since-mw72
vizamavyAptika	N	Y	N	added-since-mw72
vizkamBaRa	Y	Y	N	kept
vizkamBaparvata	N	Y	N	added-since-mw72
vizkanttar	N	N	N	never-seen
vizvagvftti	N	N	N	never-seen
vizwA	N	Y	N	added-since-mw72
vizwyakarRI	N	N	N	never-seen
vlI	Y	Y	N	kept
vokkARa	N	Y	N	added-since-mw72
vrIhiyava	N	Y	N	added-since-mw72
vrIqita	Y	Y	N	kept
vraRaBft	N	Y	N	added-since-mw72
vraRayukta	N	Y	N	added-since-mw72
vraSc	Y	Y	N	kept
vraj	Y	Y	N	kept
vratasamAyana	N	Y	N	added-since-mw72
vyABAzaRa	N	Y	N	added-since-mw72
vyABAzita	Y	Y	N	kept
vyAGmAtaka	N	N	N	never-seen
vyAGraketu	N	Y	N	added-since-mw72
vyAbADa	N	Y	N	added-since-mw72
vyAhfta	Y	Y	N	kept
vyAkUta	N	Y	N	added-since-mw72
vyAkartar	N	N	N	never-seen
vyAkarzaRa	N	Y	N	added-since-mw72
vyApAta	N	Y	N	added-since-mw72
vyApannacitta	N	Y	N	added-since-mw72
vyAseka	N	Y	N	added-since-mw72
vyaBicAravant	N	N	N	never-seen
vyaD	Y	Y	N	kept
vyaT	Y	Y	N	kept
vyaTana	Y	Y	N	kept
vyaYjana	Y	Y	N	kept
vyacCid	N	N	N	never-seen
vyaktIkaraRa	N	Y	N	added-since-mw72
vyaktadarSana	N	Y	N	added-since-mw72
vyaktay	N	N	N	never-seen
vyalIka	Y	Y	N	kept
vyantI	N	N	N	never-seen
vyapatrApya	N	Y	N	added-since-mw72
vyarpaRA	N	Y	N	added-since-mw72
vyasanI	N	N	N	never-seen
vyastikA	N	Y	N	added-since-mw72
vyatikara	Y	Y	N	kept
vyavacArayitavya	N	Y	N	added-since-mw72
vyavadAna	N	Y	N	added-since-mw72
vyavagrAham	N	Y	N	added-since-mw72
vyavahAracintAmaRi	N	Y	N	added-since-mw72
vyavahAradrazwar	N	N	N	never-seen
vyavahAram	N	Y	N	added-since-mw72
vyavahArasAra	N	Y	N	added-since-mw72
vyavahft	N	Y	N	added-since-mw72
vyavahriyamARatva	N	Y	N	added-since-mw72
vyavalokana	N	Y	N	added-since-mw72
vyavasarga	N	Y	N	added-since-mw72
vyay	Y	Y	N	kept
vyazwakA	N	Y	N	added-since-mw72
vyudDAram	N	N	N	never-seen
vyupapatti	N	Y	N	added-since-mw72
vyutkrAntakasamApatti	N	Y	N	added-since-mw72
wAla	N	Y	N	added-since-mw72
waNkaka	Y	Y	N	kept
waNkana	N	Y	N	added-since-mw72
waRatkAra	N	Y	N	added-since-mw72
wal	Y	Y	N	kept
yA	Y	Y	N	kept
yAdavaprakASa	N	Y	N	added-since-mw72
yAgamaya	N	Y	N	added-since-mw72
yAmaSruta	N	Y	N	added-since-mw72
yAminISa	N	Y	N	added-since-mw72
yAminIpriyatama	N	Y	N	added-since-mw72
yAminIvirahin	N	Y	N	added-since-mw72
yAnI	N	Y	N	added-since-mw72
yAnayAtrA	N	Y	N	added-since-mw72
yApanIya	Y	Y	N	kept
yApyayAna	N	Y	N	added-since-mw72
yAtaka	N	N	N	never-seen
yAvadantya	N	Y	N	added-since-mw72
yAvaddehaBAvin	N	Y	N	added-since-mw72
yAvant	N	N	N	never-seen
yAvatpriya	N	Y	N	added-since-mw72
yAvatsaMpAtam	N	N	N	never-seen
yUTabanDa	N	Y	N	added-since-mw72
ya	Y	Y	N	kept
yaTA	Y	Y	N	kept
yaTABUtadarSin	N	Y	N	added-since-mw72
yaTABinivizwa	N	Y	N	added-since-mw72
yaTADikAra	N	Y	N	added-since-mw72
yaTASoBam	N	Y	N	added-since-mw72
yaTAdozam	N	Y	N	added-since-mw72
yaTAjanapadam	N	Y	N	added-since-mw72
yaTAkulam	N	Y	N	added-since-mw72
yaTAnAma	N	Y	N	added-since-mw72
yaTApOrARa	N	Y	N	added-since-mw72
yaTApi	N	N	N	never-seen
yaTAprASu	N	Y	N	added-since-mw72
yaTAprastAvam	N	Y	N	added-since-mw72
yaTApratijYam	N	Y	N	added-since-mw72
yaTApuMsam	N	Y	N	added-since-mw72
yaTAstri	N	Y	N	added-since-mw72
yaTEkadivasam	N	Y	N	added-since-mw72
yaTarzi	N	Y	N	added-since-mw72
yaToQam	N	Y	N	added-since-mw72
yaTocCritam	N	Y	N	added-since-mw72
yaTopacAram	N	Y	N	added-since-mw72
yaTopapAdin	N	Y	N	added-since-mw72
yad	Y	Y	N	kept
yadBUyasA	N	Y	N	added-since-mw72
yadBUyaskArin	N	Y	N	added-since-mw72
yadIya	Y	Y	N	kept
yadaSanIya	N	Y	N	added-since-mw72
yadfcCABijYa	N	Y	N	added-since-mw72
yadfcCa	N	Y	N	added-since-mw72
yadi	Y	Y	N	kept
yajYadugDa	N	Y	N	added-since-mw72
yajYameni	N	Y	N	added-since-mw72
yajYapuruzAsaMmita	N	N	N	never-seen
yajYatA	N	Y	N	added-since-mw72
yajYatanU	N	Y	N	added-since-mw72
yajYaviBraMSa	N	Y	N	added-since-mw72
yajYaviBrazwa	N	Y	N	added-since-mw72
yajamAnAyatana	N	Y	N	added-since-mw72
yajamAna	Y	Y	N	kept
yajuruttama	N	Y	N	added-since-mw72
yakza	Y	Y	N	kept
yakzabali	N	Y	N	added-since-mw72
yam	Y	Y	N	kept
yamakaSAlavana	N	Y	N	added-since-mw72
yamala	Y	Y	N	kept
yamalaka	N	Y	N	added-since-mw72
yamaloka	N	Y	N	added-since-mw72
yamavrata	N	Y	N	added-since-mw72
yamitrI	N	Y	N	added-since-mw72
yantar	N	N	N	never-seen
yantradfQa	N	Y	N	added-since-mw72
yantragfha	N	Y	N	added-since-mw72
yantrapattra	N	Y	N	added-since-mw72
yantu	N	Y	N	added-since-mw72
yat	Y	Y	N	kept
yataratra	N	Y	N	added-since-mw72
yatkiMcanakAritA	N	Y	N	added-since-mw72
yatkiMciccAraka	N	Y	N	added-since-mw72
yatsatyam	N	N	N	never-seen
yavAgUcAraka	N	Y	N	added-since-mw72
yavaSasya	N	Y	N	added-since-mw72
yavya	Y	Y	N	kept
yogAcAra	N	Y	N	added-since-mw72
yogardDirUpavant	N	N	N	never-seen
yogodvahana	N	Y	N	added-since-mw72
yoktavya	Y	Y	N	kept
yonisaMkawa	N	Y	N	added-since-mw72
yonitas	N	Y	N	added-since-mw72
yuD	Y	Y	N	kept
yudDakzmA	N	Y	N	added-since-mw72
yudDasAra	N	Y	N	added-since-mw72
yudDayogya	N	Y	N	added-since-mw72
yugaDur	N	Y	N	added-since-mw72
yugacarman	N	Y	N	added-since-mw72
yugapraDAnasvarUpa	N	Y	N	added-since-mw72
yugmadayuja	N	Y	N	added-since-mw72
yuj	Y	Y	N	kept
yuktikfta	N	Y	N	added-since-mw72
yuvan	Y	Y	N	kept
yuvarAja	N	Y	N	added-since-mw72
zaqaBijYAta	N	Y	N	added-since-mw72
zaqaNgasamanvAgata	N	Y	N	added-since-mw72
zaqaratni	N	Y	N	added-since-mw72
zaqvArgika	N	Y	N	added-since-mw72
zaqvArzikamaha	N	N	N	never-seen
zaqvargIya	N	Y	N	added-since-mw72
zaqvargika	N	Y	N	added-since-mw72
zawKaRqa	N	Y	N	added-since-mw72
zawprajYa	N	Y	N	added-since-mw72
˚kftsnAyatana	N	N	N	never-seen
˚krAnta	N	N	N	never-seen
˚prAtilamBika	N	N	N	never-seen
˚praticArin	N	N	N	never-seen
˚upacAyaka	N	N	N	never-seen
