pwkvn_k1	pwkvn_L	pc	tier	mahavy	in_pw	in_pwg	gloss_snippet
ABAradvAja	14207	7-318-d	absent	N	Y	N	{#ABAradvAja#}¦ (!) m. N. pr. eines Mannes MAITR. S. 3,10,4 (135,8).
ABaraRI	1571	1-297-b	absent	N	Y	N	{#ABaraRI#}¦ Adv. mit {#BU#} {%zum Schmuck werden%} NAIṢ. 6,3.
ABaraRI	14206	7-318-d	absent	N	Y	N	{{Lbody=14206}}
ABiSastya	14214	7-318-d	absent	N	Y	N	{#ABiSastya#}¦ 6.
ABogya	6797	5-249-b	absent	N	Y	N	{#ABogya#}¦ als Erklärung von {#ABogi/#} SĀY. zu ṚV. 1,113,5.
ABogya	14221	7-318-d	absent	N	Y	N	{#ABogya#}¦ 5.
ADAkarman	2612	2-293-c	absent	N	Y	N	{#ADAkarman#}¦ n. {%eine best. sündhafte Handlung%} ŚĪLĀṄKA 2,12.
ADAkarman	14110	7-318-a	absent	N	Y	N	{#ADAkarman#}¦ 2.
ADAnapaYcaka	2613	2-293-c	absent	N	Y	N	{{Lbody=2613}}
ADAnapaYcaka	14113	7-318-a	absent	N	Y	N	{#ADAnapaYcaka#} und {#˚prayoga#}¦ 2.
ADAnapaYcakaprayoga	2613	2-293-c	absent	N	Y	N	{{Lbody=2613}}
ADAnapaYcakaprayoga	14113	7-318-a	absent	N	Y	N	{{Lbody=14113}}
ADAraRamudra	14115	7-318-a	absent	Y	Y	N	{#*ADAraRamudra#}¦ m. {%ein best.%} Samādhi MAHĀVY. 21.
ADAtar	8614	6-298-a	absent	N	Y	Y	{#ADAtar#}¦ Nom. ag. {%Lehrer%} Spr. 4029.
ADAtar	14111	7-318-a	absent	N	Y	Y	{#ADAtar#}¦ I. 6.
ADItayajuzwva	14120	7-318-b	absent	N	Y	N	{{Lbody=14120}}
ADyAtmikI	1540	1-297-a	absent	N	Y	N	{#ADyAtmikI#}¦ Adv. mit {#kar#} {%zur Allseele in Beziehung bringen%} AGNI-P. 27,61.
ADyAtmikI	14122	7-318-b	absent	N	Y	N	{#ADyAtmikI#}¦ 1.
AGAtaka	5378	4-296-a	absent	N	Y	N	{#AGAtaka#}¦ Adj. in {#praDAnAGAtaka#}.
AGAtaka	13937	7-317-a	absent	N	Y	N	{#AGAtaka#}¦ 4.
AGAwana	6742	5-248-c	absent	N	Y	N	{#AGAwana#}¦ n. = {#AGAwa#} {%Grenze%} Ind. Antiq. 6,68. 193. 13,78.
AGAwana	13936	7-317-a	absent	N	Y	N	{{Lbody=13936}}
AKAta	6732	5-248-c	absent	N	Y	Y	{#*AKAta#}¦, lies m. statt n.
AKAta	13899	7-316-d	absent	N	Y	Y	{#AKAta#}¦ I. 5.
AKurAja	6734	5-248-c	absent	N	Y	N	{#AKurAja#}¦ m. {%Mäusekönig%} GOBH. 4,4,31.
AKurAja	13902	7-316-d	absent	N	Y	N	{#AKurAja#}¦ 5.
AKyAtaSiromaRi	2577	2-293-b	absent	N	Y	N	{#AKyAtaSiromaRi#}¦ m. Titel eines Werkes OPP. Cat. 1.
AKyAtaSiromaRi	13906	7-316-d	absent	N	Y	N	{#AKyAtaSiromaRi#}¦ 2.
ANgirasakalpa	13941	7-317-a	absent	N	Y	N	{#ANgirasakalpa#}¦ m. s. J. A. O. S. 11,376.
AQyarAja	6758	5-248-c	absent	N	Y	N	{#AQyarAja#}¦ m. N. pr. eines Dichters HARṢAC. 1,16 (12,3).
AQyarAja	14002	7-317-c	absent	N	Y	N	{#AQyarAja#}¦ 5.
ARapay	14003	7-317-c	absent	N	Y	N	{#ARapay#} und {#ARavay#}¦ I. 5.
ARavay	6759	5-248-c	absent	N	Y	Y	{#*ARavay#}¦, st. dessen {#ARapay#} P. 1,3,1, Vārtt. 12 in KIELHORNʼs Ausg.
ARavay	14003	7-317-c	absent	N	Y	Y	{{Lbody=14003}}
ARipratyARInirhArayoga	14004	7-317-c	absent	Y	Y	N	{#*ARipratyARInirhArayoga#}¦ ? MAHĀVY. 245,460.
ARqIra	6761	5-248-c	absent	N	Y	Y	{{Lbody=6761}}
ARqIra	14008	7-317-c	absent	N	Y	Y	{{Lbody=14008}}
ARqapille	2593	2-293-c	absent	N	Y	N	{#ARqapille#}¦ m. N. pr. eines Autors OPP. Cat. 1.
ARqapille	14006	7-317-c	absent	N	Y	N	{#ARqapille#}¦ 2.
ARqavant	6761	5-248-c	absent	N	Y	Y	{#*ARqavant#} und {#*ARqIra#}¦, nach der KĀŚ. {#aRqavant#} und {#aRqIra#}.
ARqavant	14008	7-317-c	absent	N	Y	Y	{#ARqavant#} und {#ARqIra#}¦ I. 5.
ASApallI	1609	1-297-c	absent	N	Y	N	{#ASApallI#}¦ f. N. pr. eines {%Dorfes%} Ind. St. 15,225.
ASApallI	14405	7-320-a	absent	N	Y	N	{{Lbody=14405}}
ASAtika	1607	1-297-c	absent	N	Y	N	{#ASAtika#}¦ Adj. TAITT. ĀR. 1,8,7. = {#Agatya SAtyamAnaH, asmABireva bADyamAnaH#} Comm.
ASAtika	14405	7-320-a	absent	N	Y	N	{#ASAtika#}, {#ASApati#} und {#ASApallI#}¦ 1.
ASAwavI	14403	7-320-a	absent	N	Y	N	{#ASAwavI#}¦ f. {%ein grosser Wald%} DIVYĀVAD. 7,5.
ASIHpada	5410	4-296-b	absent	N	Y	N	{#ASIHpada#} (Comm. zu ĀPAST. ŚR. 11,7,3) und {#ASI/rpada#} (TS. 6,2,9,4)¦ Adj. (f. {#A#}) mit und ohne {#fc#} Bez. {%de
ASIHpada	14413	7-320-b	absent	N	Y	N	{#ASIHpada#}¦ 4.
ASIrmant	14417	7-320-b	absent	N	Y	N	{#ASI/rmant#}¦ Adj. = {#ASI/rvant#} MAITR. S. 4,7,1 (94,7).
ASIrpada	5410	4-296-b	absent	N	Y	N	{{Lbody=5410}}
ASIrpada	14416	7-320-b	absent	N	Y	N	{#ASIrpada#}¦ 4.
ASIrvacanamAlA	2657	2-294-b	absent	N	Y	N	{#ASIrvacanamAlA#} f., {#ASOcakARqa#}, {#ASOcacandrikA#} f., {#ASOcadIpikA#} f., {#ASOcaviDi#} m., {#ASOcaSataka#} n., {
ASIrvacanamAlA	14418	7-320-b	absent	N	Y	N	{#ASIrvacanamAlA#}¦ 2.
ASOcaSataka	2657	2-294-b	absent	N	Y	N	{{Lbody=2657}}
ASOcaSataka	14425	7-320-b	absent	N	Y	N	{{Lbody=14425}}
ASOcacandrikA	2657	2-294-b	absent	N	Y	N	{{Lbody=2657}}
ASOcacandrikA	14425	7-320-b	absent	N	Y	N	{{Lbody=14425}}
ASOcadIpikA	2657	2-294-b	absent	N	Y	N	{{Lbody=2657}}
ASOcadIpikA	14425	7-320-b	absent	N	Y	N	{{Lbody=14425}}
ASOcakARqa	2657	2-294-b	absent	N	Y	N	{{Lbody=2657}}
ASOcakARqa	14425	7-320-b	absent	N	Y	N	{{Lbody=14425}}
ASOcaviDi	2657	2-294-b	absent	N	Y	N	{{Lbody=2657}}
ASOcaviDi	14425	7-320-b	absent	N	Y	N	{{Lbody=14425}}
ASUra	1615	1-297-c	absent	N	Y	N	{#ASUra#}¦ Adj. SUŚR. 1,335,17 fehlerhaft fur {#Asura#}.
ASUra	14423	7-320-b	absent	N	Y	N	{{Lbody=14423}}
ASramadvezasaMkarin	8641	6-298-b	absent	N	Y	N	{#ASramadvezasaMkarin#}¦ Adj. {%der gegen die Stadien im religiösen Leben eine Abneigung hat und zu ihrer Vermischung be
ASramadvezasaMkarin	14428	7-320-b	absent	N	Y	N	{#ASramadvezasaMkarin#}¦ 6.
ASramavAda	2657	2-294-b	absent	N	Y	N	{{Lbody=2657}}
ASramavAda	14429	7-320-b	absent	N	Y	N	{{Lbody=14429}}
ASramavAsaparvan	2657	2-294-b	absent	N	Y	N	{{Lbody=2657}}
ASramavAsaparvan	14429	7-320-b	absent	N	Y	N	{#ASramavAsaparvan#} und {#ASramavAda#}¦ 2.
ASretar	8642	6-298-b	absent	N	Y	N	{#ASretar#}¦ Nom. ag. {%der sich an Jmd lehnt, auf Jmd stützt, sich in Jmds%} (Gen.) {%Schutz begiebt%} MBH. ed. Vardh. 
ASretar	14434	7-320-b	absent	N	Y	N	{#ASretar#}¦ 6.
ASrumay	14433	7-320-b	absent	N	Y	N	{#A/Srumay#}¦ (!), {#˚yati#} MAITR. S. 3,10,3 (133,14).
ASugI	1614	1-297-c	absent	N	Y	N	{#ASugI#}¦ Adv. mit {#BU#} {%zu Jmds%} (im Comp. vorangehend) {%Pfeil werden%} NAIṢ. 6,67.
ASugI	14423	7-320-b	absent	N	Y	N	{#ASugI#} und {#ASUra#}¦ 1.
ASvadakziRa	8644	6-298-b	absent	N	Y	N	{#A/SvadakziRa#}¦ m. Patron. Pl. MAITR. S. 4,2,6.
ASvadakziRa	14436	7-320-b	absent	N	Y	N	{#A/SvadakziRa#}¦ 6.
ASvalAyanaDarma	2657	2-294-b	absent	N	Y	N	{{Lbody=2657}}
ASvalAyanaDarma	14439	7-320-b	absent	N	Y	N	{{Lbody=14439}}
ASvalAyanaSrOta	2657	2-294-b	absent	N	Y	N	{{Lbody=2657}}
ASvalAyanaSrOta	14439	7-320-b	absent	N	Y	N	{{Lbody=14439}}
ASvalAyanaSrOtasUtra	2657	2-294-b	absent	N	Y	N	{{Lbody=2657}}
ASvalAyanaSrOtasUtra	14439	7-320-b	absent	N	Y	N	{{Lbody=14439}}
ASvalAyanadIpikA	2657	2-294-b	absent	N	Y	N	{{Lbody=2657}}
ASvalAyanadIpikA	14439	7-320-b	absent	N	Y	N	{{Lbody=14439}}
ASvalAyanapUrvaprayoga	2657	2-294-b	absent	N	Y	N	{{Lbody=2657}}
ASvalAyanapUrvaprayoga	14439	7-320-b	absent	N	Y	N	{{Lbody=14439}}
ASvalAyanaprAyaScitta	2657	2-294-b	absent	N	Y	N	{{Lbody=2657}}
ASvalAyanaprAyaScitta	14439	7-320-b	absent	N	Y	N	{{Lbody=14439}}
ASvalAyanasTAlIpAka	2657	2-294-b	absent	N	Y	N	{{Lbody=2657}}
ASvalAyanasTAlIpAka	14439	7-320-b	absent	N	Y	N	{{Lbody=14439}}
ASvalAyanasUtra	2657	2-294-b	absent	N	Y	N	{{Lbody=2657}}
ASvalAyanasUtra	14439	7-320-b	absent	N	Y	N	{{Lbody=14439}}
ASvalAyanasmfti	2657	2-294-b	absent	N	Y	N	{{Lbody=2657}}
ASvalAyanasmfti	14439	7-320-b	absent	N	Y	N	{{Lbody=14439}}
AYjigavi	6755	5-248-c	absent	N	Y	N	{#AYjigavi#}¦ m. N. pr. eines Rituallehrers bei BAUDHĀYANA Comm. zu ĀPAST. ŚR. 13,24,12.
AYjigavi	13990	7-317-b	absent	N	Y	N	{#AYjigavi#}¦ 5.
AbrahmARqa	1570	1-297-b	absent	N	Y	N	{#AbrahmARqa˚#}¦ Adv. {%so lange die Welt besteht%} HEMĀDRI 1,700,11.
AbrahmARqa	14206	7-318-d	absent	N	Y	N	{#AbrahmARqa˚#} und {#ABaraRI#}¦ 1.
AbrahmaBuvanAntikam	1569	1-297-b	absent	N	Y	N	{#AbrahmaBuvanAntikam#}¦ Adv. {%bis zu%} Brahmanʼs {%Welt%} HEMĀDRI 1,273,3.
AbrahmaBuvanAntikam	14204	7-318-d	absent	N	Y	N	{#AbrahmaBuvanAntikam#}¦ 1.
AcAmla	4057	3-255-b	absent	N	Y	N	{#AcAmla#}¦ Bez. {%einer Speise, mit der%} Jaina-{%Asketen im letzten Stadium ihre Fasten brechen,%} ŚĪLĀṄKA 1,345.
AcAmla	13950	7-317-a	absent	N	Y	N	{#AcAmla#}¦ 3. Vgl. WEBER in Ind. St. 16,306, N.
AcAradAya	2586	2-293-b	absent	N	Y	N	{{Lbody=2586}}
AcAradAya	13953	7-317-a	absent	N	Y	N	{{Lbody=13953}}
AcAradarSana	2586	2-293-b	absent	N	Y	N	{{Lbody=2586}}
AcAradarSana	13953	7-317-a	absent	N	Y	N	{#AcAradarSana#}, {#AcAradAya#}, {#AcAranavanIta#} und {#AcArapraSaMsA#}¦ 2.
AcArakARqa	2586	2-293-b	absent	N	Y	N	{#AcArakARqa#}, {#AcAradarSana#} n., {#AcAradAya#} m., {#AcAranavanIta#} n., {#AcArapraSaMsA#} f., {#AcAryacampU#} f., {
AcArakARqa	13951	7-317-a	absent	N	Y	N	{#AcArakARqa#}¦ 2.
AcArakAlakUwa	1513	1-296-c	absent	N	Y	N	{#AcArakAlakUwa#}¦ m. N. pr. eines Priesters KAUTUKAR.
AcArakAlakUwa	13952	7-317-a	absent	N	Y	N	{#AcArakAlakUwa#}¦ 1.
AcAranavanIta	2586	2-293-b	absent	N	Y	N	{{Lbody=2586}}
AcAranavanIta	13953	7-317-a	absent	N	Y	N	{{Lbody=13953}}
AcArapraSaMsA	2586	2-293-b	absent	N	Y	N	{{Lbody=2586}}
AcArapraSaMsA	13953	7-317-a	absent	N	Y	N	{{Lbody=13953}}
AcAryARI	4060	3-255-b	absent	N	Y	N	{#AcAryARI#}¦ MAHĀVĪRAC. 40,15.
AcAryARI	13962	7-317-b	absent	N	Y	N	{#AcAryARI#}¦ (fehlerhaft) und {#AcAryAnI#} I. 3.
AcAryI	4061	3-255-b	absent	N	Y	N	{#AcAryI#}¦ Adv. mit {#kar#} {%zum Lehrer machen%} P. 1,3,36, Sch.
AcAryI	13963	7-317-b	absent	N	Y	N	{#AcAryI#}¦ 3.
AcAryaSikzA	2586	2-293-b	absent	N	Y	N	{{Lbody=2586}}
AcAryaSikzA	13961	7-317-b	absent	N	Y	N	{#AcAryaSikzA#} und {#AcAryasaptati#}¦ 2.
AcAryacampU	2586	2-293-b	absent	N	Y	N	{{Lbody=2586}}
AcAryacampU	13957	7-317-a	absent	N	Y	N	{#AcAryacampU#}¦ 2.
AcAryamaNgala	2586	2-293-b	absent	N	Y	N	{{Lbody=2586}}
AcAryamaNgala	13959	7-317-a	absent	N	Y	N	{{Lbody=13959}}
AcAryamahiman	2586	2-293-b	absent	N	Y	N	{{Lbody=2586}}
AcAryamahiman	13959	7-317-a	absent	N	Y	N	{{Lbody=13959}}
AcAryaprArTanA	2586	2-293-b	absent	N	Y	N	{{Lbody=2586}}
AcAryaprArTanA	13959	7-317-a	absent	N	Y	N	{{Lbody=13959}}
AcAryaprapatti	2586	2-293-b	absent	N	Y	N	{{Lbody=2586}}
AcAryaprapatti	13959	7-317-a	absent	N	Y	N	{#AcAryaprapatti#}, {#AcAryaprArTanA#}, {#AcAryamaNgala#} und {#AcAryamahiman#}¦ 2.
AcAryasaptati	2586	2-293-b	absent	N	Y	N	{{Lbody=2586}}
AcAryasaptati	13961	7-317-b	absent	N	Y	N	{{Lbody=13961}}
AcCowanikA	4063	3-255-c	absent	N	Y	N	{#AcCowanikA#}¦ f. in {#naKAcCo˚#}.
AcCowanikA	13967	7-317-b	absent	N	Y	N	{#AcCowanikA#}¦ 3.
AcandrArkagraha	5380	4-296-a	absent	N	Y	N	{#AcandrArkagraha#}¦ Adj. HARIV. 11080 fehlerhaft für {#acandrA˚#}.
AcandrArkagraha	13947	7-317-a	absent	N	Y	N	{#AcandrArkagraha#}¦ 4.
AcandrArkakzitisamakAlam	2585	2-293-b	absent	N	Y	N	{#AcandrArkakzitisamakAlam#}¦ Adv. {%so lange Mond, Sonne und Erde bestehen werden%} J. A. S. Beng. 47,406,43.
AcandrArkakzitisamakAlam	13946	7-317-a	absent	N	Y	N	{{Lbody=13946}}
AdaSakaRWabanDam	1527	1-297-a	absent	N	Y	N	{#AdaSakaRWabanDam#}¦ Adv. {%bis zur Gefangennahme%} Rāvaṇaʼs BĀLAR. 183,5.
AdaSakaRWabanDam	14070	7-317-d	absent	N	Y	N	{#AdaSakaRWabanDam#}¦ 1.
AdarSAvekzaRa	14069	7-317-d	absent	N	Y	N	{#AdarSAvekzaRa#}¦ n. {%das in den Spiegel Sehen%} ĀPAST. GṚHY. 12,11.
AdarSamuKa	14068	7-317-d	absent	Y	Y	N	{#*AdarSamuKa#}¦ m. N. pr. eines Schlangendämons MAHĀVY. 167.
AdeSanAprAtihArya	14097	7-318-a	absent	Y	Y	N	{#*AdeSanAprAtihArya#}¦ n. Bez. {%einer der Wunderkräfte eines%} Buddha MAHĀVY. 16.
AdevayAnam	4078	3-255-c	absent	N	Y	N	{#AdevayAnam#}¦ Adv. {%bis zum Götterweg%} HARIV. 6806.
AdevayAnam	14095	7-318-a	absent	N	Y	N	{#AdevayAnam#}¦ 3.
Adftatva	6785	5-249-a	absent	N	Y	N	{#*Adftatva#}¦ n. {%das Geehrtsein, Berühmtheit%} ŚĀŚVATA 190.
Adftatva	14093	7-318-a	absent	N	Y	N	{#Adftatva#}¦ 5.
Adicakrin	1529	1-297-a	absent	N	Y	N	{#Adicakrin#}¦ Adj. {%der zuerst den Discus führte%}. Viṣṇu-Kṛṣṇa AGNI-P. 31,10.
Adicakrin	14076	7-317-d	absent	N	Y	N	{#Adicakrin#}¦ 1.
Adikarmika	14074	7-317-d	absent	Y	Y	N	{#Adikarmika#}¦ Adj. {%etwas%} (Böses) {%beginnend%} (ohne es auszuführen) MAHĀVY. 19. 281. DIVYĀVAD. 544,20.
AdikeSavasTalamAhAtmya	2605	2-293-c	absent	N	Y	N	{{Lbody=2605}}
AdikeSavasTalamAhAtmya	14075	7-317-d	absent	N	Y	N	{{Lbody=14075}}
AdikuRqanIya	2605	2-293-c	absent	N	Y	N	{{Lbody=2605}}
AdikuRqanIya	14075	7-317-d	absent	N	Y	N	{#AdikuRqanIya#} und {#AdikeSavasTalamAhAtmya#}¦ 2.
AdimaDyAntaja	8612	6-298-a	absent	N	Y	N	{#AdimaDyAntaja#}¦ Adj. Pl. {%von hoher, mittlerer und niedriger Geburt%} MBH. 2,52,39.
AdimaDyAntaja	14090	7-318-a	absent	N	Y	N	{#AdimaDyAntaja#}¦ 6.
AdityAramBaRa	6784	5-249-a	absent	N	Y	N	{#AdityAramBaRa#}¦ Adj. {%mit dem%} Āditya-Graha {%beginnend%} ĀPAST. ŚR. 13,9,1.
AdityAramBaRa	14085	7-318-a	absent	N	Y	N	{#AdityAramBaRa#}¦ 5.
AdivimAnajIrRodDAra	2611	2-293-c	absent	N	Y	N	{#AdivimAnajIrRodDAra#}¦ m. Titel eines Werkes OPP. Cat. 1.
AdivimAnajIrRodDAra	14092	7-318-a	absent	N	Y	N	{#AdivimAnajIrRodDAra#}¦ 2.
AdvAdaSavarzaBAvin	1536	1-297-a	absent	N	Y	N	{#AdvAdaSavarzaBAvin#}¦ Adj. {%zwölf Jahre während%} Ind. St. 15,410.
AdvAdaSavarzaBAvin	14106	7-318-a	absent	N	Y	N	{#AdvAdaSavarzaBAvin#}¦ 1.
AdyANgaDArin	6787	5-249-a	absent	N	Y	N	{#AdyANgaDArin#}¦ m. {%ein Kenner des ersten%} Aṅga {%der%} Jaina VARDHAMĀNAC. 1,51.
AdyANgaDArin	14104	7-318-a	absent	N	Y	N	{#AdyANgaDArin#}¦ 5.
AdyadvAra	4080	3-255-c	absent	N	Y	N	{#AdyadvAra#}¦ n. {%ein altes, früher erbautes Thor%} VIṢṆUS. 3,53.
AdyadvAra	14101	7-318-a	absent	N	Y	N	{#AdyadvAra#}¦ 3.
AdyakAraRatA	14099	7-318-a	absent	N	Y	N	{#AdyakAraRatA#}¦ f. {%das erste Ursache Sein%} SĀṂKHYAS. 6,37.
Adyakola	6786	5-249-a	absent	N	Y	N	{#Adyakola#}¦ m. = {#AdivarAha#} ŚIŚ. 14,43.
Adyakola	14100	7-318-a	absent	N	Y	N	{#Adyakola#}¦ 5.
AdyantasTAyika	1535	1-297-a	absent	N	Y	N	{#AdyantasTAyika#}¦ Adj. {%von Anfang bis zu Ende dauernd%} Ind. St. 15,392.
AdyantasTAyika	14103	7-318-a	absent	N	Y	N	{#AdyantasTAyika#}¦ 1.
AdyopAdAnatA	14105	7-318-a	absent	N	Y	N	{#AdyopAdAnatA#}¦ f. {%das erste Ursache Sein%} ANIRUDDHA zu SĀṂKHYAS. 6,32.
AgamanagamanA	2578	2-293-b	absent	N	Y	N	{#AgamanagamanA#}¦ f. N. pr. einer Gandharva-Jungfrau KĀRAṆḌ. 5,10.
AgamanagamanA	13912	7-316-d	absent	N	Y	N	{#AgamanagamanA#} u. {#AgamaprAmARya#}¦ 2.
AgamaprAmARya	2579	2-293-b	absent	N	Y	N	{#AgamaprAmARya#} n. und {#AgamasArasaMgraha#} m.¦ Titel zweier Werke OPP. Cat. 1.
AgamaprAmARya	13912	7-316-d	absent	N	Y	N	{{Lbody=13912}}
AgamasArasaMgraha	2579	2-293-b	absent	N	Y	N	{{Lbody=2579}}
AgamasArasaMgraha	13914	7-316-d	absent	N	Y	N	{#AgamasArasaMgraha#}¦ 2.
AgoraRa	8604	6-297-c	absent	N	Y	N	{#AgoraRa#}¦ n. = {#AguraRa#} Comm. zu ĀPAST. ŚR. 14,23,1.
AgoraRa	13921	7-317-a	absent	N	Y	N	{#AgoraRa#}¦ 6.
AgrAyaRasUtra	2582	2-293-b	absent	N	Y	N	{#AgrAyaRasUtra#}¦ n. Titel eines Werkes OPP. Cat. 1.
AgrAyaRasUtra	13933	7-317-a	absent	N	Y	N	{#AgrAyaRasUtra#}¦ 2.
AgrayaRadevatA	1508	1-296-c	absent	N	Y	N	{#AgrayaRadevatA#}¦ f. {%eine Gottheit des Erstlingsopfers%} ŚĀṄKH. GṚHY. 3,8.
AgrayaRadevatA	13929	7-317-a	absent	N	Y	N	{#AgrayaRadevatA#}¦ 1.
AhAryapurIza	8653	6-298-b	absent	N	Y	N	{#AhAryapurIza#}¦ Adj. (f. {#A#}) {%aus herbeizuschaffendem Schutt bestehend%} ({#vadi#}) ĀPAST. ŚR. 2,3,5.
AhAryapurIza	14493	7-320-d	absent	N	Y	N	{#AhAryapurIza#}¦ 6.
AharaRIya	8652	6-298-b	absent	N	Y	N	{#AharaRIya#}¦ Adj. LA¹. 70,13 fehlerhaft für {#pariharaRIya#}.
AharaRIya	14485	7-320-d	absent	N	Y	N	{#AharaRIya#}¦ 6.
Ahartos	4128	3-256-b	absent	N	Y	N	{#Ahartos#}¦ Abl. Infin. zu {#har#} mit {#A#} AIT. BR. 7,2,6.
Ahartos	14486	7-320-d	absent	N	Y	N	{#Ahartos#}¦ 3.
AhitAgnibrAhmaRa	2667	2-294-b	absent	N	Y	N	{#AhitAgnibrAhmaRa#} n., {#˚gniviDAna#} n. und {#AhnikaBAskara#}¦ Titel von Werken OPP. Cat. 1.
AhitAgnibrAhmaRa	14495	7-320-d	absent	N	Y	N	{#AhitAgnibrAhmaRa#} und {#AhitAgniviDAna#}¦ 2.
AhitAgniviDAna	2667	2-294-b	absent	N	Y	N	{{Lbody=2667}}
AhitAgniviDAna	14495	7-320-d	absent	N	Y	N	{{Lbody=14495}}
AhlAdayitar	2668	2-294-b	absent	N	Y	N	{#AhlAdayitar#}¦ Nom. ag. {%Erquicker%}. Nom. abstr. {#˚tftva#} n. ŚAṂK. zu BĀDAR. 2,3,25. [Page2-294-c] 3. {#i#} mit {#
AhlAdayitar	14503	7-320-d	absent	N	Y	N	{#AhlAdayitar#}¦ 2.
AhnikaBAskara	2667	2-294-b	absent	N	Y	N	{{Lbody=2667}}
AhnikaBAskara	14501	7-320-d	absent	N	Y	N	{#AhnikaBAskara#}¦ 2.
Ahutimant	6829	5-249-c	absent	N	Y	N	{#Ahutimant#}¦ Adj. = {#Ahutivant#} GOBH. 1,7,15.
Ahutimant	14497	7-320-d	absent	N	Y	N	{#Ahutimant#}¦ 5.
AhuvaDyE	4131	3-256-b	absent	N	Y	N	{#Ahuva/DyE#}¦, so zu accentuiren.
AhuvaDyE	14498	7-320-d	absent	N	Y	N	{#Ahuva/DyE#}¦ I. 3.
AhvAtar	6830	5-249-c	absent	N	Y	N	{#AhvAtar#}¦ Nom. ag. {%Herbeirufer%} SĀY. zu ṚV. 1,13,4.
AhvAtar	14505	7-320-d	absent	N	Y	N	{#AhvAtar#}¦ 5.
AjYApanIya	13978	7-317-b	absent	Y	Y	N	{#*AjYApanIya#}¦ Adj. wohl {%zum Befehlen geeignet%} MAHĀVY. 20,27.
AjYAviDAyin	6752	5-248-c	absent	N	Y	N	{#AjYAviDAyin#}¦ Adj. {%Jmds Befehle ausführend, gehorsam%} KATHĀS. 52,336.
AjYAviDAyin	13979	7-317-b	absent	N	Y	N	{#AjYAviDAyin#}¦ 5.
AjYeya	13980	7-317-b	absent	Y	Y	N	{#*AjYeya#}¦ Adj. {%zu erkennen%} MAHĀVY. 20.
AjakarORa	13969	7-317-b	absent	N	Y	Y	{{Lbody=13969}}
AjyAyaMs	2589	2-293-b	absent	N	Y	N	{#A/jyAyaMs#}¦ TBR. 3,7,5,6 fehlerhaft für {#a/jyAyaMs#}.
AjyAyaMs	13986	7-317-b	absent	N	Y	N	{#A/jyAyaMs#}¦ 2.
AkASADikaraRavAda	2568	2-293-b	absent	N	Y	N	{#AkASADikaraRavAda#}¦ m. Titel eines Werkes OPP. Cat. 1.
AkASADikaraRavAda	13860	7-316-c	absent	N	Y	N	{#AkASADikaraRavAda#}¦ 2.
AkASAsaNgavimuktinirupalepa	13861	7-316-c	absent	Y	Y	N	{#*AkASAsaNgavimuktinirupalepa#}¦ m. {%ein best.%} Samādhi MAHĀVY. 21.
AkASaBErava	2566	2-293-b	absent	N	Y	N	{#AkASaBErava#} n. und {#˚kalpa#} m.¦ Titel von Werken OPP. Cat. 1.
AkASaBErava	13856	7-316-c	absent	N	Y	N	{#AkASaBErava#} und {#˚kalpa#}¦ 2.
AkASaBEravakalpa	2566	2-293-b	absent	N	Y	N	{{Lbody=2566}}
AkASaBEravakalpa	13856	7-316-c	absent	N	Y	N	{{Lbody=13856}}
AkASaPena	13855	7-316-c	absent	N	Y	N	{#AkASaPena#}¦ {%eine best. Pflanze%} ANTYEṢṬIK. und ATH. PADDH. zu KAUŚ. 82,26.
AkASarakzitA	2567	2-293-b	absent	N	Y	N	{#AkASarakzitA#}¦ f. N. pr. einer Kiṃnara-Jungfrau KĀRAṆḌ. 6,8.
AkASarakzitA	13858	7-316-c	absent	N	Y	N	{#AkASarakzitA#}¦ 2.
AkASasParaRa	13859	7-316-c	absent	Y	Y	N	{#*AkASasParaRa#}¦ m. {%ein best.%} Samādhi MAHĀVY. 21.
AkArABinirhAra	13849	7-316-c	absent	N	Y	N	{#*AkArABinirhAra#}¦ m. desgl. ebend.
AkArAnapakAra	13848	7-316-c	absent	Y	Y	N	{#*AkArAnapakAra#}¦ m. {%ein best.%} Samādhi MAHĀVY. 21.
AkArakara	2563	2-293-a	absent	N	Y	N	{#AkArakara#}¦ m. {%ein best.%} Samādhi KĀRAṆḌ. 51,9. 92,20.
AkArakara	13847	7-316-c	absent	N	Y	N	{{Lbody=13847}}
AkArolleKin	13850	7-316-c	absent	N	Y	N	{#AkArolleKin#}¦ Adj. {%die Form eines Dinges wiedergebend%} SĀṂKHYAS. 1,89.
AkEwaBavEri	1500	1-296-c	absent	N	Y	N	{#AkEwaBavEri#}¦ Adv. {%bis zum Feinde%} Kaiṭabhaʼs, d. i. {%bis%} Viṣṇu NAIṢ. 6,106.
AkEwaBavEri	13872	7-316-c	absent	N	Y	N	{#AkEwaBavEri#}¦ 1.
AkIwam	1497	1-296-c	absent	N	Y	N	{#AkIwam#}¦ Adv. {%vom Wurm an%} NAIṢ. 6,106.
AkIwam	13863	7-316-c	absent	N	Y	N	{#AkIwam#}¦ 1.
AkalpasAra	1495	1-296-c	absent	N	Y	N	{#AkalpasAra#}¦ Adj. {%putzsüchtig%} DAŚAK. 68,9.
AkalpasAra	13845	7-316-b	absent	N	Y	N	{#AkalpasAra#}¦ 1.
Akampya	13834	7-316-b	absent	Y	Y	N	{#*Akampya#}¦ m. {%ein best.%} Samādhi MAHĀVY. 24.
AkarRI	8599	6-297-c	absent	N	Y	N	{#AkarRI#}¦ Adv. mit {#kar#} {%bis zu den Ohren spannen%} (einen Bogen) Z. d. d. m. G. 39,308.
AkarRI	13838	7-316-b	absent	N	Y	N	{#AkarRI#}¦ 6.
AkarRadeSAntam	1491	1-296-c	absent	N	Y	N	{#AkarRadeSAntam#}¦ Adv. {%bis zur Gegend des Ohres%} MBH. 3,99,53.
AkarRadeSAntam	13837	7-316-b	absent	N	Y	N	{{Lbody=13837}}
AkarRatawa	1490	1-296-c	absent	N	Y	N	{#AkarRatawa˚#}¦ Adv. {%bis zum Ohrknorpel%} NAIṢ. 8,57.
AkarRatawa	13837	7-316-b	absent	N	Y	N	{#AkarRatawa˚#}, {#AkarRadeSAntam#} und {#˚AkarRin#}¦ 1.
AkarzaPalaka	1493	1-296-c	absent	N	Y	N	{#AkarzaPalaka#}¦ n. {%Würfelbrett%} PĀR. GṚHY. 2,10,17.
AkarzaPalaka	13841	7-316-b	absent	N	Y	N	{#AkarzaPalaka#}¦ 1.
Akevalika	4043	3-255-b	absent	N	Y	N	{#Akevalika#}¦ Adj. {%nicht allein bleibend%} (von Begierden, die andere im Gefolge haben) ŚĪLĀṄKA 1,314.
Akevalika	13871	7-316-c	absent	N	Y	N	{#Akevalika#}¦ 3.
Akfzwimant	13868	7-316-c	absent	Y	Y	N	{#*Akfzwimant#}¦ Adj. {%gescheidt, klug%} MAHĀVY. 143.
AkoSa	13876	7-316-c	absent	N	Y	N	{#AkoSa˚#}¦ Adv. {%bis zur Samenkapsel%} (der Lotusblüthe) R. ed. Bomb. 4,13,7.
Akopavant	4044	3-255-b	absent	N	Y	N	{#Akopavant#}¦ Adj. {%ein wenig erzürnt auf%} (Loc.) ŚIŚ. 2,99.
Akopavant	13875	7-316-c	absent	N	Y	N	{#Akopavant#}¦ 3.
AkrIqaSEla	13884	7-316-d	absent	N	Y	N	{#AkrIqaSEla#}¦ m. = {#AkrIqaparvata#} DHARMAŚARMĀBHY. 1,74.
Akrandanin	13880	7-316-d	absent	N	Y	N	{#Akrandanin#}¦ Adj. {%von Wehklagen begleitet%} VIKRAMĀṄKAC. 10,12.
AkroSanavant	8601	6-297-c	absent	N	Y	N	{#AkroSanavant#}¦ Adj. {%einer Schmähung ausgesetzt%} J. A. O. S. 11, CXLV.
AkroSanavant	13886	7-316-d	absent	N	Y	N	{#AkroSanavant#}¦ 6.
AkroSayitar	4045	3-255-b	absent	N	Y	N	{#AkroSayitar#}¦ Nom. ag. {%schmähend, schimpfend%} VIṢṆUS. 5,23.
AkroSayitar	13887	7-316-d	absent	N	Y	N	{#AkroSayitar#}¦ 3.
AkumAra	1498	1-296-c	absent	N	Y	N	{#AkumAra˚#}¦ {%vom Knaben an%} RAGH. 4,20.
AkzaRika	5372	4-295-c	absent	N	Y	N	{#AkzaRika/#}¦ (?) MAITR. S. 2,9,9.
AkzaRika	13888	7-316-d	absent	N	Y	N	{#AkzaRika/#}¦ 4.
Akzeptar	2575	2-293-b	absent	N	Y	Y	{#Akzeptar#}¦ auch {%der Jmd Etwas entzieht%} J. A. S. Beng. 47,406,48.
Akzeptar	13892	7-316-d	absent	N	Y	Y	{#Akzeptar#}¦ I. 2.
Akzyant	13893	7-316-d	absent	N	Y	Y	{#Akzyant#}¦ I. Vgl. AUFRECHT zu AIT. BR. 4,17,6. 7.
AlApaka	2651	2-294-b	absent	N	Y	N	{{Lbody=2651}}
AlApaka	14354	7-319-d	absent	N	Y	N	{#AlApaka#}¦ 2.
AlambanapratyayaDyAnaSAstravyAKyA	6812	5-249-b	absent	N	Y	N	{#AlambanapratyayaDyAnaSAstravyAKyA#}¦ f. Titel eines buddh. Werkes M. MÜLLER, Ren. 310, N. 3.
AlambanapratyayaDyAnaSAstravyAKyA	14348	7-319-d	absent	N	Y	N	{#AlambanapratyayaDyAnaSAstravyAKyA#}¦ 5.
Alasyavant	6813	5-249-b	absent	N	Y	N	{#*Alasyavant#}¦ Adj. {%träge, faul%} DEŚĪN. 1,46.
Alasyavant	14352	7-319-d	absent	N	Y	N	{#Alasyavant#}¦ 5.
AlavandArstotra	2650	2-294-b	absent	N	Y	N	{{Lbody=2650}}
AlavandArstotra	14351	7-319-d	absent	N	Y	N	{#AlavandArstotra#}¦ 2.
AlokAcala	1601	1-297-c	absent	N	Y	N	{#AlokAcala#}¦ m. N. pr. eines {%Gebirges%} HEMĀDRI 2,a,28,16.
AlokAcala	14363	7-319-d	absent	N	Y	N	{#AlokAcala#}¦ 1.
Alokavant	6815	5-249-b	absent	N	Y	Y	{#Alokavant#}¦ auch {%sehend%} (Gegensatz {%blind%}) HEM. PAR. 1,245.
Alokavant	14361	7-319-d	absent	N	Y	Y	{#Alokavant#}¦ I. 5.
AmakoSin	2634	2-294-a	absent	N	Y	N	{#AmakoSin#}¦ Adj. etwa {%dessen Inneres noch wund ist%} (Ohr) SUŚR. 1,58,8.
AmakoSin	14224	7-318-d	absent	N	Y	N	{{Lbody=14224}}
Amala	22265	7-386-c	absent	N	Y	Y	{#Amala#}¦ I. ebend. 3,57. 1,35.
AmapiSita	14227	7-318-d	absent	N	Y	N	{#AmapiSita#}¦ n. {%rohes Fleisch%} ŚĀṄKH. GṚHY. 6,1.
AmezwakA	4098	3-256-a	absent	N	Y	N	{#AmezwakA#}¦ f. zu streichen, da MṚCCH. 47,9. 10. {#Amezwaka#} Adj. {%(aus ungebrannten Ziegeln bestehend)%} anzunehmen
AmezwakA	14241	7-319-a	absent	N	Y	N	{{Lbody=14241}}
AmfRAlam	1579	1-297-b	absent	N	Y	N	{#AmfRAlam#}¦ Adv. {%bis zur Wurzel%} (eines Lotus) NAIṢ. 8,69.
AmfRAlam	14239	7-319-a	absent	N	Y	N	{#AmfRAlam#}¦ 1.
AmizakiMcitka	14234	7-319-a	absent	Y	Y	N	{#*AmizakiMcitka#}¦ Adj. {%mit irgend einem selbstsüchtigen Zweck verbunden%} MAHĀVY. 261,26.
AmnAyakriyArTatvAdisUtravicAra	2637	2-294-a	absent	N	Y	N	{#AmnAyakriyArTatvAdisUtravicAra#} m. und {#AmnAyazawka#} n.¦ Titel von Werken OPP. Cat. 1.
AmnAyakriyArTatvAdisUtravicAra	14244	7-319-a	absent	N	Y	N	{#AmnAyakriyArTatvAdisUtravicAra#} u. {#AmnAyazawka#}¦ 2.
AmnAyazawka	2637	2-294-a	absent	N	Y	N	{{Lbody=2637}}
AmnAyazawka	14244	7-319-a	absent	N	Y	N	{{Lbody=14244}}
AmratIrTa	14246	7-319-a	absent	Y	Y	N	{#*AmratIrTa#}¦ m. N. pr. eines Schlangenfürsten MAHĀVY. 167.
AnAkzipa	14135	7-318-b	absent	N	Y	N	{#AnAkzipa#}¦ ŚĀṄKH. BR. 30,7 fehlerhaft für {#anA˚#}.
AnApAnasmfti	14136	7-318-b	absent	Y	Y	N	{#*AnApAnasmfti#}¦ f. {%eine best. Uebung des Geistes%} MAHĀVY. 53.
AnandagirIya	2615	2-293-c	absent	N	Y	N	{#AnandagirIya#} n., {#AnandatARqavavarRana#} n., {#AnandatAratamyaKaRqana#} n., {#Anandatilaka#} m., {#AnandatIrTIya#} 
AnandagirIya	14127	7-318-b	absent	N	Y	N	{#AnandagirIya#}, {#AnandatARqavavarRana#}, {#AnandatAratamyaKaRqana#}, {#Anandatilaka#} und {#AnandatIrTIya#}¦ 2.
AnandarAGava	2615	2-293-c	absent	N	Y	N	{{Lbody=2615}}
AnandarAGava	14130	7-318-b	absent	N	Y	N	{#AnandarAGava#}, {#AnandavarDIya#}, {#AnandavilAsa#}, {#AnandasAgarastava#} und {#AnandasAratAratamyaKaRqana#}¦ 2.
AnandasAgarastava	2615	2-293-c	absent	N	Y	N	{{Lbody=2615}}
AnandasAgarastava	14130	7-318-b	absent	N	Y	N	{{Lbody=14130}}
AnandasAratAratamyaKaRqana	2615	2-293-c	absent	N	Y	N	{{Lbody=2615}}
AnandasAratAratamyaKaRqana	14130	7-318-b	absent	N	Y	N	{{Lbody=14130}}
AnandatARqavavarRana	2615	2-293-c	absent	N	Y	N	{{Lbody=2615}}
AnandatARqavavarRana	14127	7-318-b	absent	N	Y	N	{{Lbody=14127}}
AnandatAratamyaKaRqana	2615	2-293-c	absent	N	Y	N	{{Lbody=2615}}
AnandatAratamyaKaRqana	14127	7-318-b	absent	N	Y	N	{{Lbody=14127}}
AnandatIrTIya	2615	2-293-c	absent	N	Y	N	{{Lbody=2615}}
AnandatIrTIya	14127	7-318-b	absent	N	Y	N	{{Lbody=14127}}
Anandatilaka	2615	2-293-c	absent	N	Y	N	{{Lbody=2615}}
Anandatilaka	14127	7-318-b	absent	N	Y	N	{{Lbody=14127}}
AnandavarDIya	2615	2-293-c	absent	N	Y	N	{{Lbody=2615}}
AnandavarDIya	14130	7-318-b	absent	N	Y	N	{{Lbody=14130}}
AnandavilAsa	2615	2-293-c	absent	N	Y	N	{{Lbody=2615}}
AnandavilAsa	14130	7-318-b	absent	N	Y	N	{{Lbody=14130}}
Anartasatkfta	8617	6-298-a	absent	N	Y	N	{#Anartasatkfta#}¦ Adj. {%von den%} Ānarta {%gefeiert%} (Kṛṣṇa) MBH. 5,83,45 (in einem Wortspiel).
Anartasatkfta	14134	7-318-b	absent	N	Y	N	{#Anartasatkfta#}¦ 6.
Anfhata	4088	3-255-c	absent	N	Y	N	{#Anfhata/#}¦ Adj. MAITR. S. 2,9,9. v. l. für {#A/nirhata#}.
Anfhata	14153	7-318-b	absent	N	Y	N	{#Anfhata/#}¦ 3.
Animila	2615	2-293-c	absent	N	Y	N	{{Lbody=2615}}
Animila	14139	7-318-b	absent	N	Y	N	{#Animila#}¦ 2.
AnugrAhika	2616	2-294-a	absent	N	Y	N	{#AnugrAhika#}¦ (auch {#anu˚#}) Adj. {%über%} {#anugraha#} 1〉 {%handelnd%} MĀN. ŚR. 8 in den Unterschrr.
AnugrAhika	14143	7-318-b	absent	N	Y	N	{#AnugrAhika#}¦ 2.
AnumatI	14148	7-318-b	absent	N	Y	N	{#AnumatI#}¦ f. Bez. {%eines best. Verses%} (AV. 7,20,6 ?) KAUŚ. 23,4.
AnupUrvI	5390	4-296-a	absent	N	Y	N	{#AnupUrvI#}¦ f. bei den Jaina {%eine vorschriftsmässig nach 12jähriger Vorbereitung inscenirte Todesart%} ŚĪLĀṄKA 1,344
AnupUrvI	14146	7-318-b	absent	N	Y	N	{#AnupUrvI#}¦ I. 4.
AnuvanDika	14147	7-318-b	absent	N	Y	N	{#AnuvanDika#}¦ Adj. {%fortdauernd, fortwirkend%} ({#karman#}) CARAKA 64,13.
ApAkasTa	14173	7-318-c	absent	N	Y	N	{#ApAka/sTa#} und {#ApAke/sTa#}¦ I. 3.
ApAtajYAna	8624	6-298-a	absent	N	Y	N	{#ApAtajYAna#}¦ n. so v. a. {%oberflächliche Kenntniss%} Comm. zu KAP. 4,30.
ApAtajYAna	14174	7-318-c	absent	N	Y	N	{#ApAtajYAna#}¦ 6.
ApIWAntam	1556	1-297-b	absent	N	Y	N	{#ApIWAntam#}¦ Adv. {%bis zum Ende des Piedestals%} HEMĀDRI 1,259,7.
ApIWAntam	14184	7-318-c	absent	N	Y	N	{#ApIWAntam#}¦ 1.
ApIqaka	14186	7-318-c	absent	N	Y	N	{#ApIqaka#}¦ = {#ApIqa#} 2〉 DIVYĀVAD. 215,25.
ApaReya	8622	6-298-a	absent	N	Y	N	{#ApaReya#}¦ BAUDH. 1,10,3 wohl nur fehlerhaft für {#ApaRIya#}.
ApaReya	14163	7-318-c	absent	N	Y	N	{#ApaReya#}¦ 6.
ApadevIya	2620	2-294-a	absent	N	Y	N	{#ApadevIya#} n., {#Apastambagfhya#} n., {#˚stambaDarma#} m., {#˚stambapUrvaprayoga#} m., {#˚stambaprayoga#} m., {#˚stam
ApadevIya	14167	7-318-c	absent	N	Y	N	{#ApadevIya#}¦ 2.
Apali	6792	5-249-a	absent	N	Y	N	{#Apali#}¦ m. {%eine best.%} Jaina-{%Secte%} BHADRAB. 4 in der Unterschr. v. l.
Apali	14170	7-318-c	absent	N	Y	N	{#Apali#}¦ 5.
AparvaBaNganipuRa	1553	1-297-b	absent	N	Y	N	{#AparvaBaNganipuRa#}¦ zu streichen; vgl. oben {#aparva˚#}.
AparvaBaNganipuRa	14169	7-318-c	absent	N	Y	N	{#AparvaBaNganipuRa#}¦ I. 1.
ApastamBIya	2621	2-294-a	absent	N	Y	N	{{Lbody=2621}}
ApastamBIya	14172	7-318-c	absent	N	Y	N	{{Lbody=14172}}
ApastambAparasUtra	2620	2-294-a	absent	N	Y	N	{{Lbody=2620}}
ApastambAparasUtra	14172	7-318-c	absent	N	Y	N	{{Lbody=14172}}
ApastambapUrvaprayoga	2620	2-294-a	absent	N	Y	N	{{Lbody=2620}}
ApastambapUrvaprayoga	14172	7-318-c	absent	N	Y	N	{{Lbody=14172}}
Apastambaprayoga	2620	2-294-a	absent	N	Y	N	{{Lbody=2620}}
Apastambaprayoga	14172	7-318-c	absent	N	Y	N	{{Lbody=14172}}
ApastambasAmAnyasUtraBAzya	2620	2-294-a	absent	N	Y	N	{{Lbody=2620}}
ApastambasAmAnyasUtraBAzya	14172	7-318-c	absent	N	Y	N	{{Lbody=14172}}
Apastambasmfti	2620	2-294-a	absent	N	Y	N	{{Lbody=2620}}
Apastambasmfti	14172	7-318-c	absent	N	Y	N	{{Lbody=14172}}
Apattisama	1552	1-297-b	absent	N	Y	N	{#Apattisama#}¦ m. = {#upapattisama#} SARVAD. 114,12.
Apattisama	14165	7-318-c	absent	N	Y	N	{#Apattisama#}¦ 1.
Apawaliman	22261	7-386-c	absent	N	Y	N	{#Apawaliman#}¦ m. {%Röthe%} CAṆḌĪŚ. 20.
ApiSaliSikzA	2622	2-294-a	absent	N	Y	N	{#ApiSaliSikzA#}¦ f. Titel eines Werkes OPP. Cat. 1.
ApiSaliSikzA	14183	7-318-c	absent	N	Y	N	{#ApiSaliSikzA#}¦ 2.
Apin	5391	4-296-a	absent	N	Y	N	{#Apin#}¦ Adj. in {#paScApin#}.
Apin	14182	7-318-c	absent	N	Y	N	{#Apin#}¦ 4.
Apolupa	2623	2-294-a	absent	N	Y	N	{#Apolupa#}¦ Adj. = {#upolapa/#} KAP. S. 8,3.
Apolupa	14191	7-318-c	absent	N	Y	N	{#Apolupa#} und {#Aptakft#}¦ 2.
AptamImAMsAlaMkfti	1561	1-297-b	absent	N	Y	N	{#AptamImAMsAlaMkfti#}, {#˚mImAMsAvivfti#} und {#˚mImAMsAvftti#}¦ f. Titel von Werken BÜHLER, Rep. No. 564. fgg. {#AptA˚
AptamImAMsAlaMkfti	14192	7-318-c	absent	N	Y	N	{{Lbody=14192}}
AptamImAMsAvftti	1561	1-297-b	absent	N	Y	N	{{Lbody=1561}}
AptamImAMsAvftti	14192	7-318-c	absent	N	Y	N	{{Lbody=14192}}
AptamImAMsAvivfti	1561	1-297-b	absent	N	Y	N	{{Lbody=1561}}
AptamImAMsAvivfti	14192	7-318-c	absent	N	Y	N	{{Lbody=14192}}
Aptar	1562	1-297-b	absent	N	Y	N	{#Aptar#}¦ in {#anAptar#}.
Aptar	14192	7-318-c	absent	N	Y	N	{{Lbody=14192}}
AptoryAmahOtra	2625	2-294-a	absent	N	Y	N	{#AptoryAmahOtra#}¦ n. Titel eines Werkes OPP. Cat. 1.
AptoryAmahOtra	14196	7-318-d	absent	N	Y	N	{#AptoryAmahOtra#}¦ 2.
ApuNKaSiKam	1558	1-297-b	absent	N	Y	N	{#ApuNKaSiKam#}¦ Adv. {%bis zum untersten Ende des Pfeils%} NAIṢ. 8,3.
ApuNKaSiKam	14188	7-318-c	absent	N	Y	N	{#ApuNKaSiKam#}¦ 1.
ApyAnavant	1566	1-297-b	absent	N	Y	Y	{#ApyAnavant#}¦, so zu lesen.
ApyAnavant	14197	7-318-d	absent	N	Y	Y	{#ApyAnavant#} und {#ApyAyin#}¦ I. 1.
ArADanakrama	2642	2-294-a	absent	N	Y	N	{{Lbody=2642}}
ArADanakrama	14291	7-319-b	absent	N	Y	N	{#ArADanakrama#}¦ 2.
ArAgay	4107	3-256-a	absent	N	Y	N	{#ArAgay#}¦, {#˚yati#} 1〉 {%Jmd hoch erfreuen%} VAJRACCH. 35,1. fgg. Gegensatz {#virAgay#}. — 2〉 {%erlangen, erreichen%}
ArAgay	14289	7-319-b	absent	N	Y	N	{#ArAgay#}¦ 3.
ArAgay	22267	7-386-d	absent	N	Y	N	{#ArAgay#}¦ 3. Vgl. {#rag#} 7.
ArTat	1593	1-297-c	absent	N	Y	N	{#ArTat#}¦ TĀṆḌYA-BR. 11,8,10. 13,6,10. 11,10 fehlerhaft für {#ArCat#}, wie die Hdschrr. haben.
ArTat	14322	7-319-c	absent	N	Y	N	{#ArTat#}¦ 1.
ArUQajAtaka	2644	2-294-b	absent	N	Y	N	{#ArUQajAtaka#}¦ n. Titel eines Werkes OPP. Cat. 1.
ArUQajAtaka	14302	7-319-b	absent	N	Y	N	{#ArUQajAtaka#}¦ 2.
ArUQapatita	8632	6-298-a	absent	N	Y	N	{#ArUQapatita#}¦ Adj. {%gestiegen und wieder gefallen, rückfällig, zur alten%} (schlechten) {%Lebensweise wieder zurückg
ArUQapatita	14303	7-319-c	absent	N	Y	N	{#ArUQapatita#}¦ 6.
AraRyaBAzya	2642	2-294-a	absent	N	Y	N	{{Lbody=2642}}
AraRyaBAzya	14282	7-319-b	absent	N	Y	N	{{Lbody=14282}}
AraRyaSikzA	2642	2-294-a	absent	N	Y	N	{{Lbody=2642}}
AraRyaSikzA	14282	7-319-b	absent	N	Y	N	{{Lbody=14282}}
AraRyakaBAzya	2642	2-294-a	absent	N	Y	N	{{Lbody=2642}}
AraRyakaBAzya	14282	7-319-b	absent	N	Y	N	{{Lbody=14282}}
AraRyakaBawwaBAskara	2642	2-294-a	absent	N	Y	N	{#AraRyakaBawwaBAskara#}, {#AraRyakaBAzya#} n., {#AraRyakopanizad#} f., {#AraRyaBAzya#} n., {#AraRyamahAprastAnikA#} (li
AraRyakaBawwaBAskara	14282	7-319-b	absent	N	Y	N	{#AraRyakaBawwaBAskara#}, {#AraRyakaBAzya#}, {#AraRyakopanizad#}, {#AraRyaBAzya#}, {#AraRyamahAprasTAnikA#}, {#AraRyaSik
AraRyakopanizad	2642	2-294-a	absent	N	Y	N	{{Lbody=2642}}
AraRyakopanizad	14282	7-319-b	absent	N	Y	N	{{Lbody=14282}}
AraRyamahAprasTAnikA	2642	2-294-a	absent	N	Y	N	{{Lbody=2642}}
AraRyamahAprasTAnikA	14282	7-319-b	absent	N	Y	N	{{Lbody=14282}}
AraRyamahAprastAnikA	2642	2-294-a	absent	N	Y	N	{{Lbody=2642}}
AraRyopanizad	2642	2-294-a	absent	N	Y	N	{{Lbody=2642}}
AraRyopanizad	14282	7-319-b	absent	N	Y	N	{{Lbody=14282}}
AragvaDamaya	14280	7-319-b	absent	N	Y	N	{#AragvaDamaya#}¦ Adj. (f. {#I#}) {%von der Cathartocarpus fistula%} ĀPAST. GṚHY. 18,7.
ArambaRaka	14284	7-319-b	absent	Y	Y	N	{#*ArambaRaka#}¦ n. etwa {%Geländer%} MAHĀVY. 226.
ArdrIBAva	2646	2-294-b	absent	N	Y	N	{#ArdrIBAva#}¦ m. {%das Nasswerden%} DHĀTUP. 26,16.
ArdrIBAva	14326	7-319-c	absent	N	Y	N	{#ArdrIBAva#}¦ 2.
Ari	14296	7-319-b	absent	N	Y	N	{#*Ari#}¦ f. {%eine%} Khadira-{%Art%} RĀJAN. 8,30.
Arizwa	14297	7-319-b	absent	N	Y	N	{#Arizwa#}¦ v. l. für {#mArdvIka#} VIJÑ. zu YĀJÑ. 3,253. fg.
ArogyApay	14307	7-319-c	absent	N	Y	N	{#ArogyApay#}¦ Caus. zu {#Arogyay#} DIVYĀVAD. 128,25.
Arogyavant	1589	1-297-c	absent	N	Y	N	{#Arogyavant#}¦ Adj. {%gesund%} HEMĀDRI 1,741,5.
Arogyay	1588	1-297-c	absent	N	Y	N	{#Arogyay#}¦, {#˚yati#} {%salutare, begrüssen%} DIVYĀV. 52.
Arogyay	14306	7-319-c	absent	N	Y	N	{#Arogyay#}¦ (auch DIVYĀVAD. 129,5. 259,11. 273,12) und {#Arogyavant#} 1.
Aropayitar	14309	7-319-c	absent	N	Y	N	{#Aropayitar#}¦ Nom. ag. {%der sich Etwas%} (Acc.) {%aufsetzt%} R. ed. Bomb. 3,73,22.
Artarava	1591	1-297-c	absent	N	Y	N	{#Artarava#}¦ m. {%Nothgeschrei%} DAŚAK. 67,10.
Artarava	14317	7-319-c	absent	N	Y	N	{#Artarava#} und {#Artasvana#}¦ 1.
Artasvana	1592	1-297-c	absent	N	Y	N	{#Artasvana#}¦ m. dass. PĀR. GṚHY. 2,11,6.
Artasvana	14317	7-319-c	absent	N	Y	N	{{Lbody=14317}}
ArtayajYa	4109	3-256-a	absent	N	Y	N	{#ArtayajYa/#}¦ Adj. {%dessen Opfer gestört worden ist%} MAITR. S. 2,4,1.
ArtayajYa	14316	7-319-c	absent	N	Y	N	{#ArtayajYa/#}¦ 3.
Artikara	6809	5-249-b	absent	N	Y	N	{#Artikara#}¦ Adj. {%Unheil schaffend%} ĀPAST. ŚR. 12,23,12.
Artikara	14320	7-319-c	absent	N	Y	N	{#Artikara#}¦ 5.
AruRaSikzA	2642	2-294-a	absent	N	Y	N	{{Lbody=2642}}
AruRaSikzA	14298	7-319-b	absent	N	Y	N	{#AruRaSikzA#}¦ 2.
AryAdviSatI	2650	2-294-b	absent	N	Y	N	{#AryAdviSatI#} f., {#AryApaYcASat#} f., {#AryAsvargArohaRaparvan#} n. (MBH.) und {#AlavandArstotra#} n.¦ Titel von Werk
AryAdviSatI	14338	7-319-c	absent	N	Y	N	{#AryAdviSatI#}, {#AryApaYcASat#} und {#AryAsvargArohaRaparvan#} [Page7-319-d]¦ 2.
AryAsvargArohaRaparvan	2650	2-294-b	absent	N	Y	N	{{Lbody=2650}}
AryAsvargArohaRaparvan	14338	7-319-c	absent	N	Y	N	{{Lbody=14338}}
AryaKaRqa	14328	7-319-c	absent	N	Y	N	{#AryaKaRqa#}¦ n. = {#BAratavarza#} DHARMAŚARMĀBHY. 1,43.
AryabrahmaviSezacittaparipfcCA	14332	7-319-c	absent	Y	Y	N	{#*AryabrahmaviSezacittaparipfcCA#}¦ f. Titel eines Werkes MAHĀVY. 65.
AryabudDi	2648	2-294-b	absent	N	Y	N	{#AryabudDi#}¦ Adj. {%edelmüthig%} ebend. 2,111,9.
AryabudDi	14331	7-319-c	absent	N	Y	N	{#AryabudDi#}¦ 2.
AryadAsI	2647	2-294-b	absent	N	Y	N	{#AryadAsI#}¦ f. N. pr. einer Frau DAŚAK. (1925) 2,74,11. 13.
AryadAsI	14329	7-319-c	absent	N	Y	N	{#AryadAsI#}¦ 2.
Aryamati	8635	6-298-a	absent	N	Y	N	{#Aryamati#}¦ Adj. {%von edler Gesinnung%} MBH. 1,44,7.
Aryamati	14333	7-319-c	absent	N	Y	N	{#Aryamati#}¦ 6.
AryaputrIya	1595	1-297-c	absent	N	Y	N	{#AryaputrIya#}¦ Adj. von {#Aryaputra#} NAIṢ. 9,68.
AryaputrIya	14330	7-319-c	absent	N	Y	N	{#AryaputrIya#}¦ 1.
AryasTavirIyaka	14337	7-319-c	absent	N	Y	N	{#AryasTavirIyaka#}¦ Adj. dazu JĀTAKAM. 16 ({#˚sTAvarIyaka#} die Hdschrr.).
Aryavant	2649	2-294-b	absent	N	Y	N	{#Aryavant#}¦ m. N. pr. eines Mannes HEM. PAR. 1,288.
Aryavant	14335	7-319-c	absent	N	Y	N	{#Aryavant#}¦ 2.
AsInanyAya	14458	7-320-c	absent	N	Y	N	{#AsInanyAya#}¦ Adj. {%wobei die sitzende Stellung als Regel dient%} ŚĀṄKH. ŚR. 1,1,15.
AsParaRakasamADi	14470	7-320-c	absent	Y	Y	N	{#*AsParaRakasamADi#}¦ m. {%ein best. Grad des%} Samādhi MAHĀVY. 67.
AsTI	14468	7-320-c	absent	N	Y	N	{#AsTI#}¦ Adv. s. oben {#asTI#}.
Asahasrakftvas	1622	1-298-a	absent	N	Y	N	{#Asahasrakf/tvas#}¦ Adj. {%bis tausend Mal%} TAITT. ĀR. 4,28,1.
Asahasrakftvas	14455	7-320-c	absent	N	Y	N	{#Asahasrakf/tvas#}¦ 1.
AsaktivAda	2660	2-294-b	absent	N	Y	N	{#AsaktivAda#} m. und {#AsanADyAya#} m.¦ Titel von Werken OPP. Cat. 1.
AsaktivAda	14445	7-320-b	absent	N	Y	N	{{Lbody=14445}}
AsanADyAya	2660	2-294-b	absent	N	Y	N	{{Lbody=2660}}
AsanADyAya	14449	7-320-c	absent	N	Y	N	{#AsanADyAya#}¦ 2.
Asanapawwa	4125	3-256-a	absent	N	Y	N	{#Asanapawwa#}¦ m. {%ein flacher Sitz%}.
Asanapawwa	14448	7-320-c	absent	N	Y	N	{#Asanapawwa#} und {#Asanapuwa/#}¦ 3.
Asanapuwa	14448	7-320-c	absent	N	Y	N	{{Lbody=14448}}
AsapARqu	8646	6-298-b	absent	N	Y	N	{#AsapARqu#}¦ Adj. {%weiss von Asche%} J. A. O. S. 11, CXLV.
AsapARqu	14454	7-320-c	absent	N	Y	N	{#AsapARqu#} und {#AsamApti#}¦ 6.
Asaritaka	22273	7-386-d	absent	N	Y	N	{#Asaritaka#}¦ n. term. techn. in der Musik ebend. 218.
Asecanavant	2663	2-294-b	absent	N	Y	Y	{#Asecanavant#}¦ Adj. {%einen Bauch habend%} (Gefäss) ĀPAST. ŚR. 15,14,13.
Asecanavant	14462	7-320-c	absent	N	Y	Y	{#Asecanavant#}¦ 2.
AspadI	6827	5-249-c	absent	N	Y	N	{#AspadI#}¦ mit {#kar#} HEM. PAR. 2,388.
AspadI	14469	7-320-c	absent	N	Y	N	{#AspadI#}¦ I. 5.
AsurakARqa	2662	2-294-b	absent	N	Y	N	{#AsurakARqa#}¦ Titel eines Werkes (MBH.) OPP. Cat. 1.
AsurakARqa	14460	7-320-c	absent	N	Y	N	{#AsurakARqa#}¦ 2.
AsyasaMmita	5413	4-296-b	absent	N	Y	N	{#AsyasaMmita#}¦ Adj. {%der Höhe des Mundes entsprechend%} ĀŚV. ŚR. 1,7,6.
AsyasaMmita	14478	7-320-c	absent	N	Y	N	{#AsyasaMmita#}¦ 4.
AtaptakArin	14011	7-317-c	absent	Y	Y	N	{#*AtaptakArin#}¦ Adj. {%eifrig zu Werke gehend%} MAHĀVY. 98.
Atas	2594	2-293-c	absent	N	Y	N	{#Atas#}¦ (1. {#A#} + {#atas#}) Adv. mit angefügtem {#ca#} {%und zwar aus folgendem Grunde%} MAHĀBH. (K.) 12,27. 81,4. 9
Atas	14013	7-317-c	absent	N	Y	N	{#Atas#}¦ 2.
AtiyAtrika	1519	1-296-c	absent	N	Y	N	{#AtiyAtrika#}¦ Adj. von {#AtayAtrA#} ŚAṂK. zu BĀDAR. 4,3,5.
AtiyAtrika	2595	2-293-c	absent	N	Y	N	{#AtiyAtrika#}¦ (Nachtr.), lies {#atiyAtrA#}.
AtiyAtrika	14019	7-317-c	absent	N	Y	N	{#AtiyAtrika#}¦ 1. 2.
AtmAlamBa	6781	5-249-a	absent	N	Y	N	{#AtmAlamBa#}¦ m. {%Selbstberührung,%} so v. a. {%Berührung der Herzgegend mit der Hand%} CHĀNDOGYAP. in DRAVYAŚ. 127,a.
AtmAlamBa	14059	7-317-d	absent	N	Y	N	{#AtmAlamBa#}¦ 5.
AtmArpaRa	2603	2-293-c	absent	N	Y	N	{#AtmArpaRa#} n. und {#˚Sruti#} f.¦ Titel von Werken OPP. Cat. 1.
AtmArpaRa	8611	6-298-a	absent	N	Y	N	{#AtmArpaRa#}¦ (Nachtr. 2) auch {%Hingabe seiner Person, Selbstverläugnung%} in {#sAtmArpaRa#}.
AtmArpaRa	14057	7-317-d	absent	N	Y	N	{#AtmArpaRa#}¦ 2. 6.
AtmArpaRaSruti	2603	2-293-c	absent	N	Y	N	{{Lbody=2603}}
AtmArpaRaSruti	14058	7-317-d	absent	N	Y	N	{#AtmArpaRaSruti#}¦ 2.
AtmIyadeSa	4076	3-255-c	absent	N	Y	N	{#AtmIyadeSa#}¦ m. {%Heimat%} KATHĀS. 18,393.
AtmIyadeSa	14061	7-317-d	absent	N	Y	N	{#AtmIyadeSa#}¦ 3.
AtmIyajAtya	2604	2-293-c	absent	N	Y	N	{#AtmIyajAtya#}¦ Adj. {%des eigenen Geschlechts, seines Gleichen%} PAÑCAT. 63,24.
AtmIyajAtya	14060	7-317-d	absent	N	Y	N	{#AtmIyajAtya#}¦ 2.
AtmaBaya	5384	4-296-a	absent	N	Y	N	{#AtmaBaya#}¦ n. {%Angst für sein Leben%} KATHĀS. 5,86.
AtmaBaya	14040	7-317-c	absent	N	Y	N	{#AtmaBaya#}¦ 4.
AtmaMBari	6775	5-249-a	absent	N	Y	Y	{#AtmaMBari#}¦, Nom. abstr. {#˚tA#} f. HARṢAC. (1936) 395,12.
AtmaMBari	14045	7-317-d	absent	N	Y	Y	{#AtmaMBari#}¦ I. 5.
AtmaSlAGAkara	6780	5-249-a	absent	N	Y	N	{#AtmaSlAGAkara#}¦ Adj. in {#anAtma˚#}.
AtmaSlAGAkara	14051	7-317-d	absent	N	Y	N	{#AtmaSlAGAkara#}¦ 5.
AtmaSlAGanA	8607	6-297-c	absent	N	Y	N	{{Lbody=8607}}
AtmaSlAGanA	14050	7-317-d	absent	N	Y	N	{{Lbody=14050}}
AtmaSlAGana	8607	6-297-c	absent	N	Y	N	{#AtmaSlAGana#} n. oder {#˚nA#} f.¦ (adj. Comp. f. {#A#}) {%Selbstlob%} SĀH. D. 135.
AtmaSlAGana	14050	7-317-d	absent	N	Y	N	{#AtmaSlAGana#} ({#˚nA#}) und {#˚SlAGA#}¦ 6.
AtmajYAnopadeSa	2597	2-293-c	absent	N	Y	N	{#AtmajYAnopadeSa#}¦ m. Titel eines Werkes OPP. Cat. 1.
AtmajYAnopadeSa	14029	7-317-c	absent	N	Y	N	{#AtmajYAnopadeSa#}¦ 2.
AtmaprakASikAvivaraRa	2599	2-293-c	absent	N	Y	N	{{Lbody=2599}}
AtmaprakASikAvivaraRa	14036	7-317-c	absent	N	Y	N	{#AtmaprakASikAvivaraRa#}¦ 2.
AtmapriyA	2599	2-293-c	absent	N	Y	N	{{Lbody=2599}}
AtmapriyA	14038	7-317-c	absent	N	Y	N	{#AtmapriyA#}¦ 2.
AtmarUpa	6776	5-249-a	absent	N	Y	N	{#AtmarUpa/#}¦ n. {%die eigene Schönheit%} TS. 6,1,6,1.
AtmarUpa	14048	7-317-d	absent	N	Y	N	{#AtmarUpa/#}, {#AtmavaSya#}, {#AtmavikatTana#} und {#AtmavittA#}¦ 5.
AtmasaMBAvita	22258	7-386-c	absent	N	Y	N	{#AtmasaMBAvita#}¦ Adj. {%von sich selbst eingenommen%} BHAG. 16,17.
AtmasaMsTA	8610	6-298-a	absent	N	Y	N	{#AtmasaMsTA#}¦ f. {%das Verweilen —, Verbleiben bei sich%} (auf das Subject des Satzes sich beziehend) MBH. 5,38,2. 13,
AtmasaMsTA	14053	7-317-d	absent	N	Y	N	{#AtmasaMsTA#}¦ 6.
Atmasnehamaya	14055	7-317-d	absent	N	Y	N	{#Atmasnehamaya#}¦ Adj. {%in Selbstliebe —, in Selbstsucht bestehend%} JĀTAKAM. 1,20.
AtmatvajAtisidDivAda	2599	2-293-c	absent	N	Y	N	{#AtmatvajAtisidDivAda#} m., {#AtmaprakASikAvivaraRa#} n. und {#AtmapriyA#} f.¦ Titel von Werken OPP. Cat. 1.
AtmatvajAtisidDivAda	14032	7-317-c	absent	N	Y	N	{#AtmatvajAtisidDivAda#}¦ 2.
AtmavaSya	6777	5-249-a	absent	N	Y	N	{#AtmavaSya#}¦ Adj. {%wen%} oder {%was man in seiner Gewalt hat%} BHAG. 2,64.
AtmavaSya	14048	7-317-d	absent	N	Y	N	{{Lbody=14048}}
AtmavidyAvilAsa	2601	2-293-c	absent	N	Y	N	{#AtmavidyAvilAsa#}¦ m. Titel eines Werkes OPP. Cat. 1.
AtmavidyAvilAsa	14049	7-317-d	absent	N	Y	N	{#AtmavidyAvilAsa#}¦ 2.
AtmavikatTana	6778	5-249-a	absent	N	Y	N	{#AtmavikatTana#}¦ n. {%Prahlerei%}. Pl. Verz. d.Oxf. H. 185, b, 6.
AtmavikatTana	14048	7-317-d	absent	N	Y	N	{{Lbody=14048}}
Atmotkarza	14062	7-317-d	absent	Y	Y	N	{#Atmotkarza#}¦ I. *Adj. {%an Selbstüberhebung leidend%} MAHĀVY. 127.
AtreyaSikzA	2605	2-293-c	absent	N	Y	N	{{Lbody=2605}}
AtreyaSikzA	14065	7-317-d	absent	N	Y	N	{#AtreyaSikzA#} und {#AtreyasaMhitA#}¦ 2.
AtreyasaMhitA	2605	2-293-c	absent	N	Y	N	{{Lbody=2605}}
AtreyasaMhitA	14065	7-317-d	absent	N	Y	N	{{Lbody=14065}}
Attaretas	4072	3-255-c	absent	N	Y	N	{#A/ttaretas#}¦ Adj. {%des Samens beraubt%} TS. 7,1,1,2.
Attaretas	14025	7-317-c	absent	N	Y	N	{#Attaretas#}¦ 3.
AvAmadevyam	1602	1-297-c	absent	N	Y	N	{#AvAmadevyam#}¦ Adv. {%mit Einschluss des%} Vāmadevya ŚĀṄKH. GṚHY. 6,2.
AvAmadevyam	14382	7-320-a	absent	N	Y	N	{#AvAmadevyam#}¦ 1.
AvaSyakasUtra	14377	7-320-a	absent	N	Y	N	{#AvaSyakasUtra#} und {#AvaSyikI#}¦ 2.
AvaSyikI	2654	2-294-b	absent	N	Y	N	{{Lbody=2654}}
AvaSyikI	14377	7-320-a	absent	N	Y	N	{{Lbody=14377}}
AvakA	2652	2-294-b	absent	N	Y	N	{{Lbody=2652}}
Avaka	2652	2-294-b	absent	N	Y	N	{#Avaka#} m. oder {#˚kA#} f.¦ Pl. {%eine best. Art den%} Veda {%zu recitiren%} HEMĀDRI 1,519,7.
Avaka	14366	7-319-d	absent	N	Y	N	{#Avaka#}¦ oder {#˚kA#} 2.
AvaleKana	6819	5-249-b	absent	N	Y	N	{#AvaleKana#}¦ Adj. (f. {#I#}) {%aus einem best. Stoffe gemacht%} J. A. O. S. Procc. 1883, Oct. VIII.
AvaleKana	14375	7-319-d	absent	N	Y	N	{#AvaleKana#}¦ 5.
AvarItar	14369	7-319-d	absent	N	Y	N	{#AvarItar#}¦ I. {%Umhüller, Bedecker%} KIR. 18,40.
AvarRI	2653	2-294-b	absent	N	Y	N	{#AvarRI#} f. und {#˚SikzA#} f.¦ Titel von Werken OPP. Cat. 1.
AvarRI	14371	7-319-d	absent	N	Y	N	{#AvarRI#} und {#˚SikzA#}¦ 2.
AvarRISikzA	2653	2-294-b	absent	N	Y	N	{{Lbody=2653}}
AvarRISikzA	14371	7-319-d	absent	N	Y	N	{{Lbody=14371}}
Avarjanakara	14370	7-319-d	absent	N	Y	N	{#Avarjanakara#}¦ Adj. (f. {#I#}) {%für sich gewinnend, imponirend%} DIVYĀVAD. 133,9. 192,8. 313,15.
AvasaTI	14379	7-320-a	absent	N	Y	N	{#AvasaTI#}¦ Adv. mit {#kar#} {%zum Wohnsitz machen%} JĀTAKAM. 27,31.
AvasaTavAsin	6820	5-249-b	absent	N	Y	N	{#AvasaTavAsi/n#}¦ Adj. {%im Hause übernachtend%} ŚAT. BR. 12,4,4,6.
AvasaTavAsin	14378	7-320-a	absent	N	Y	N	{#AvasaTavAsi/n#}¦ 5.
Avftatva	6823	5-249-b	absent	N	Y	N	{#Avftatva#}¦ n. {%das Geschlossensein%} (einer Thür) [Page5-249-c] PAÑCAT. 195,8.
Avftatva	14395	7-320-a	absent	N	Y	N	{#Avftatva#}¦ 5. Auch {%das Erfüllt —, Verhülltsein%} MBH. 7,18,3.
AviSam	1604	1-297-c	absent	N	Y	N	{#Avi/Sam#}¦, lies 〔2,24,6〕.
AviSam	14391	7-320-a	absent	N	Y	N	{#Avi/Sam#}¦ I. 1.
AvirBUtatva	6822	5-249-b	absent	N	Y	N	{#AvirBUtatva#}¦ n. {%das Offenbargewordensein, Erscheinung%} SĀY. zu ṚV. 8,29,1.
AvirBUtatva	14388	7-320-a	absent	N	Y	N	{#AvirBUtatva#}¦ 5.
AvirBUya	1603	1-297-c	absent	N	Y	N	{#AvirBU/ya#}¦ Adj. {%das Offenbarwerden%} MAITR. S. 1,8,6.
AvirBUya	14389	7-320-a	absent	N	Y	N	{#AvirBU/ya#}¦ 1.
AvizpfzWa	1605	1-297-c	absent	N	Y	N	{#Avi/zpfzWa#}¦ Adj. {%dessen Rücken sichtbar ist%} MAITR. S. 1,10,7.
AvizpfzWa	4117	3-256-a	absent	N	Y	N	{#AvizpfzWa#}¦ Adj. {%mit dem oberen Ende%} (über das Schmalz) {%herausragend%} ĀPAST. ŚR. 6,29,21. 8,2,10.
AvizpfzWa	14392	7-320-a	absent	N	Y	N	{#Avi/zpfzWa#}¦ 1. 3.
Avraskya	2655	2-294-b	absent	N	Y	N	{#Avraskya#}¦ m. {%ein abgeschnittenes Holzstück%} ĀPAST. ŚR. 15,5,11.
Avraskya	14399	7-320-a	absent	N	Y	N	{#Avraskya#}¦ 2.
AwarUzaka	13991	7-317-b	absent	N	Y	N	{#AwarUzaka#}¦ I. MBH. 7,23,74.
Awavakayakza	13992	7-317-b	absent	Y	Y	N	{#*Awavakayakza#}¦ m. Bez. {%eines best.%} Yakṣa MAHĀVY. 169.
AyAmatA	14261	7-319-a	absent	N	Y	N	{#AyAmatA#}¦ f. {%Höhe%} Ind. Antiq. 1887, S. 64, V. 7.
Ayacana	14257	7-319-a	absent	N	Y	N	{#Ayacana#}¦ n. {%Bitte%} (an die Götter) DIVYĀVAD. 1,10.
AyattI	5399	4-296-a	absent	N	Y	N	{#AyattI#}¦ Adv. mit {#kar#} {%abhängig machen, in Abhängigkeit erhalten%} RĀJAT. 4,680.
AyattI	14253	7-319-a	absent	N	Y	N	{#AyattI#}¦ 4.
AyuHpatnI	5403	4-296-a	absent	N	Y	N	{#AyuHpatnI#}¦ f. = {#AyuzpatnI#} ĀPAST. ŚR. 6,21,1.
AyuHpatnI	14264	7-319-a	absent	N	Y	N	{{Lbody=14264}}
AyuzpatnI	14273	7-319-b	absent	N	Y	Y	{{Lbody=14273}}
BARqya	7985	5-262-b	absent	N	Y	N	{#BARqya#}¦ n. {%Possenreisserei%} SUBHĀṢITĀV. 771.
BARqya	20149	7-365-a	absent	N	Y	N	{#BARqya#}, {#BAtkUwa#} und {#BAnutanayA#}¦ 5.
BAgAnuBAga	7983	5-262-b	absent	N	Y	N	{#BAgAnuBAga#}¦ Instr. {%mit grösserem oder geringerem Antheil, in verschiedenem Verhältniss%} MBH. 3,276,8.
BAgAnuBAga	20137	7-365-a	absent	N	Y	N	{#BAgAnuBAga#}¦ 5.
BAkArin	20142	7-365-a	absent	N	Y	N	{#BAkArin#}¦ Adj. {%dumpf tönend%} DAMAYANTĪK. 156.
BAnutanayA	7987	5-262-b	absent	N	Y	N	{#BAnutanayA#}¦ f. Patron. der Yamunā ŚIŚ. 13,25.
BAnutanayA	20149	7-365-a	absent	N	Y	N	{{Lbody=20149}}
BArgavAy	9219	6-304-c	absent	N	Y	N	{#BArgavAy#}¦, {#˚yate#} {%dem%} Śukra {%gleichen%} RUDRAṬĀLAṂKĀRAṬ. 131,b.
BArgavAy	20154	7-365-b	absent	N	Y	N	{#BArgavAy#}¦ 6.
BAtkUwa	7986	5-262-b	absent	N	Y	N	{#*BAtkUwa#}¦ m. v. l. für {#BAkUwa#} ZACH. Beitr.
BAtkUwa	20149	7-365-a	absent	N	Y	N	{{Lbody=20149}}
BAvaBawa	20158	7-365-b	absent	Y	Y	N	{#*BAvaBawa#}¦ m. N. pr. MAHĀVY. 177,7 fehlerhaft für {#vAgBawa#}.
BAvayatI	7991	5-262-b	absent	N	Y	N	{#BAvayatI#}¦ Adv. mit {#BU#} {%wie ein wirklicher Asket zu leben anfangen%} HEM. PAR. 1,443. 458. 2,184.
BUtamUkzna	20199	7-365-c	absent	N	Y	N	{#BUtamUkzna#}¦ n. = {#BUtatanmAtra#} ANIRUDDHA zu SĀṂKHYAS. 3,1. MAHĀDEVA zu 3,3. 14. fgg.
BUtopasfzwa	9225	6-304-c	absent	N	Y	N	{#BUtopasfzwa#}¦ Adj. {%besessen%} ĀŚV. ŚR. 15,19,4. SĀY. zu TAITT. ĀR. 553.
BUtopasfzwa	20201	7-365-c	absent	N	Y	N	{#BUtopasfzwa#}¦ 6.
BUyizWatA	8013	5-262-c	absent	N	Y	N	{#BUyizWatA#}¦ f. {%grosse Anzahl%} ŚIŚ. 12,11.
BUyizWatA	20210	7-365-d	absent	N	Y	N	{#BUyizWatA#}¦ 5.
BagnacCandas	9213	6-304-c	absent	N	Y	N	{#BagnacCandas#}¦ Adj. {%metrisch fehlerhaft%} SARASVATĪK. 9,2 v. u.
BagnacCandas	20086	7-364-c	absent	N	Y	N	{#BagnacCandas#}¦ 6.
Bagnayati	9214	6-304-c	absent	N	Y	N	{#Bagnayati#}¦ Adj. {%eine falsche Cäsur enthaltend%} SARASVATĪK. 10,3.
Bagnayati	20088	7-364-c	absent	N	Y	N	{#Bagnayati#}¦ 6.
Baktimahant	20080	7-364-c	absent	N	Y	N	{#Baktimahant#}¦ Adj. = {#Baktimant#} 1〉 DIVYĀVAD. 433,11.
BaktottarikA	20082	7-364-c	absent	N	Y	N	{#BaktottarikA#}¦ f. {%köstliche Bewirthung%} DIVYĀVAD. 284,21. 285,15. fgg.
BalApay	7979	5-262-a	absent	N	Y	N	{#BalApay#}¦, {#˚yati#} {%übergeben%} PAÑCAD. 49. UTTAMAC. 355. S. 305, N. 1.
BalApay	20121	7-364-d	absent	N	Y	N	{#BalApay#}¦ 5.
Banda	7974	5-262-a	absent	N	Y	N	{#*Banda#}¦ ZACH. Beitr.
Banda	20111	7-364-d	absent	N	Y	N	{#Banda#}¦ 5.
Bar	20115	7-364-d	absent	N	Y	Y	1. {#Bar#}¦ mit {#pra#}, {#praBfta#} IV. {%stark, gross%} ({#valepa#}) JĀTAKAM. 9,5. — Mit {#prati#} IV. {%den Unterhalt
BartfBawwa	7977	5-262-a	absent	N	Y	N	{#BartfBawwa#}¦ m. N. pr. = {#BartfmeRWa#} M. MÜLLER, Ren. 314.
BartfBawwa	20119	7-364-d	absent	N	Y	N	{#BartfBawwa#}¦ 5.
Basmasay	22555	7-389-b	absent	N	Y	N	{#Basmasay#}¦ {%einäschern%} HARAVIJAYA 9,37. 10,45.
Basmita	7982	5-262-b	absent	N	Y	N	{#Basmita#}¦ Adj. {%zu Asche —, zu Nichte gemacht%} VĀSAV. 186,6.
Basmita	20133	7-365-a	absent	N	Y	N	{{Lbody=20133}}
BayAy	7976	5-262-a	absent	N	Y	N	{#BayAy#}¦, {#BayAyate#} {%sich fürchten%} PHEṬKĀRIṆĪ-TANTRA 10 nach AUFRECHT.
BayAy	20114	7-364-d	absent	N	Y	N	{#BayAy#}¦ 5.
BayaSaNkita	9216	6-304-c	absent	N	Y	N	{#BayaSaNkita#}¦ Adj. {%in Furcht und Besorgniss seiend%} MBH. 12,133,14.
BayaSaNkita	20113	7-364-d	absent	N	Y	N	{#BayaSaNkita#}¦ 6.
BiRqipAla	20167	7-365-b	absent	Y	Y	N	{#*BiRqipAla#}¦ MAHĀVY. 238,33 fehlerhaft für {#Bindi˚#}.
Biruka	20176	7-365-b	absent	N	Y	N	{{Lbody=20176}}
BogipurI	20235	7-365-d	absent	N	Y	N	{#BogipurI#}¦ f. {%die Stadt der%} Nāga DHARMAŚARM. 1,62.
BrUkuwika	20249	7-366-a	absent	Y	Y	N	{#*BrUkuwika#}¦ am Ende eines adj. Comp. = {#BrUkuwi#} MAHĀVY. 126,56.
BramI	22558	7-389-c	absent	N	Y	N	{#BramI#}¦ f. = {#Brami#} 1〉 ebend. 4,21.
BramarAy	8022	5-262-c	absent	N	Y	N	{#BramarAy#}¦, {#˚yate#} {%eine Biene darstellen%} SUBHĀṢITĀV. 1994.
BramarAy	20244	7-366-a	absent	N	Y	N	{{Lbody=20244}}
Bramaraketu	8021	5-262-c	absent	N	Y	N	{#Bramaraketu#}¦ m. N. pr. eines Rākṣasa UTTAMAC. 31. fgg.
Bramaraketu	20244	7-366-a	absent	N	Y	N	{#Bramaraketu#}, {#BramarAy#}¦ (auch JĀTAKAM. 28,9) und {#BrastA#} 5.
Buvadvant	8005	5-262-b	absent	N	Y	Y	{#Bu/vadvant#}¦ MAITR. S. 2,6,1 (64,9).
Buvadvant	20192	7-365-c	absent	N	Y	Y	{#Bu/vadvant#} und 2. {#BU#}¦ ({%Lage, Zustand%} KIR. 9,71. = {#daSA#} Comm.) IV. 5.
CAyApatti	17420	7-342-b	absent	N	Y	N	{#CAyApatti#}¦ f. {%das Auffallen des Abbildes%} (des Geistes auf das Innenorgan) SĀṂKHYATATTVAK. zu KĀRIKĀ 5. [Page7-34
CAyApuruzAvaboDana	3227	2-301-a	absent	N	Y	N	{{Lbody=3227}}
CAyApuruzAvaboDana	17422	7-342-c	absent	N	Y	N	{#CAyApuruzAvaboDana#}¦ 2.
CaRqIkalpa	17395	7-342-b	absent	N	Y	N	{#CaRqIkalpa#}¦ (nicht {#CandI˚#}) 2.
CaRqikAvArika	17394	7-342-b	absent	Y	Y	N	{#*CaRqikAvArika#}¦ m. {%ein best. Klosterdiener%} MAHĀVY. 274,20.
CadiHsaMmita	5643	4-299-a	absent	N	Y	N	{#CadiH/saMmita#}¦ Adj. {%einer Decke entsprechend%} ŚAT. BR. 3,5,3,9.
CadiHsaMmita	17402	7-342-b	absent	N	Y	N	{{Lbody=17402}}
Cadizmant	5642	4-299-a	absent	N	Y	N	{#Cadizmant#}¦ Adj. {%ein Verdeck habend%} (Wagen) ĀPAST. ŚR. 10,24,2.
Cadizmant	17402	7-342-b	absent	N	Y	N	{#Cadizmant#} und {#CadiH/saMmita#}¦ 4.
Calamaya	22385	7-387-d	absent	N	Y	N	{#Calamaya#}¦ Adj. {%verstellt%} CAṆḌĪŚ. 22.
CandIkalpa	3227	2-301-a	absent	N	Y	N	{#CandIkalpa#} m., {#CandaHSloka#} m., {#CandogAna#} n., {#CandodarpaRa#} m., {#Cando'mbuDi#} m., {#CandoratnahalAyuDa#}
CandaHSloka	3227	2-301-a	absent	N	Y	N	{{Lbody=3227}}
CandaHSloka	17409	7-342-b	absent	N	Y	N	{#CandaHSloka#}, {#CandogAna#} und {#CandodarpaRa#}¦ 2.
CandadAyaka	17405	7-342-b	absent	Y	Y	N	{#*CandadAyaka#}¦ Adj. {%seine Zustimmung gebend%} MAHĀVY. 281,207.
CandapariSudDi	17406	7-342-b	absent	Y	Y	N	{#*CandapariSudDi#}¦ f. {%wohlüberlegte Willensäusserung%} MAHĀVY. 265,19.
CandapratyudDAra	17407	7-342-b	absent	Y	Y	N	{#*CandapratyudDAra#}¦ m. {%Zurückziehung seiner Stimme, Aufhebung eines Beschlusses%} MAHĀVY. 261,57.
CandavAsin	17408	7-342-b	absent	Y	Y	N	{#*CandavAsin#}¦ Adj. {%nach Belieben seine Wohnung wählend%} MAHĀVY. 281,248.
CandoBaNgavant	8920	6-301-b	absent	N	Y	N	{#CandoBaNgavant#}¦ Adj. {%metrisch fehlerhaft%} SARASVATĪK. 9,2 v. u.
CandoBaNgavant	17410	7-342-b	absent	N	Y	N	{#CandoBaNgavant#}¦ 6.
CandodarpaRa	3227	2-301-a	absent	N	Y	N	{{Lbody=3227}}
CandodarpaRa	17409	7-342-b	absent	N	Y	N	{{Lbody=17409}}
CandogAna	3227	2-301-a	absent	N	Y	N	{{Lbody=3227}}
CandogAna	17409	7-342-b	absent	N	Y	N	{{Lbody=17409}}
CandombuDi	3227	2-301-a	absent	N	Y	N	{{Lbody=3227}}
CandombuDi	17412	7-342-b	absent	N	Y	N	{#Cando'mbuDi#}, {#CandoratnahalAyuDa#} u. {#Candoviveka#}¦ 2.
CandoratnahalAyuDa	3227	2-301-a	absent	N	Y	N	{{Lbody=3227}}
CandoratnahalAyuDa	17412	7-342-b	absent	N	Y	N	{{Lbody=17412}}
Candoviveka	3227	2-301-a	absent	N	Y	N	{{Lbody=3227}}
Candoviveka	17412	7-342-b	absent	N	Y	N	{{Lbody=17412}}
Card	17414	7-342-b	absent	N	Y	Y	{#Card#}¦ Caus. II. {%vonsichwerfen, abstreifen%} DIVYĀVAD. 275,8.
CinnamastakI	7265	5-254-b	absent	N	Y	N	{#CinnamastakI#}¦ Adv. mit {#kar#} {%enthaupten%} Comm. zu NAIṢ. 4,68.
CinnamastakI	17428	7-342-c	absent	N	Y	N	{#CinnamastakI#} und {#Cuw#}¦ Caus. 5.
Cinnaplotika	17426	7-342-c	absent	Y	Y	N	{#*Cinnaplotika#}¦ Adj. {%offen vor Einem liegend%} MAHĀVY. 63,27.
CurikAlakzaRa	3227	2-301-a	absent	N	Y	N	{{Lbody=3227}}
CurikAlakzaRa	17430	7-342-c	absent	N	Y	N	{#CurikAlakzaRa#}¦ 2.
DAmavant	4919	3-264-c	absent	N	Y	N	{#DAmavant#}¦ Adj. {%mächtig, kräftig%} KIR. 1,43.
DAmavant	18485	7-350-d	absent	N	Y	N	{#DAmavant#}¦ 3.
DAtavIya	22453	7-388-b	absent	N	Y	N	{#DAtavIya#}¦ Adj. {%aus Erzen bestehend%} ebend. 2,50.
DAyina	18487	7-350-d	absent	N	Y	N	{#DAyina#}¦ (?) KAUŚ. 34,10.
DImant	18500	7-351-a	absent	Y	Y	Y	{#DImant#}¦ III. *m. = {#boDisattva#} MAHĀVY. 22,3.
DIrI	18501	7-351-a	absent	N	Y	N	{#DIrI#}¦ Adv. mit {#kar#} {%ermuthigen%} JĀTAKAM. 14.
DUNkzRA	9031	6-302-c	absent	N	Y	N	{#DUNkzRA#}¦ f. TS. 5,5,19,1 nach dem Comm. {%eine weisse Krähe%}.
DUNkzRA	18507	7-351-a	absent	N	Y	N	{#DUNkzRA#}¦ 6.
DUmAy	18514	7-351-a	absent	N	Y	Y	{#DUmAy#}¦ mit {#sam#} {%rauchen%} DIVYĀVAD. 107,7.
DUmIla	7500	5-257-a	absent	N	Y	N	{#DUmIla#}¦ 1〉 VĀSAV. 184,1.
DUmay	7497	5-257-a	absent	N	Y	Y	{#DUmay#}¦ mit {#aBi#}, {#˚DUmita#} in Verbindung mit {#diS = DUmita#} 2〉 (wie statt b) zu lesen ist〉 ŚIŚ. 17,41.
DUmay	18511	7-351-a	absent	N	Y	Y	{#DUmay#}¦ mit {#aBi#} 5.
DUpay	9032	6-302-c	absent	N	Y	Y	{#DUpay#}¦ mit {#anu#}, {#a/nuDUpita#} nach AUFRECHT {%umnebelt%}.
DUpay	18509	7-351-a	absent	N	Y	Y	{#DUpay#}¦ mit {#anu#} III. 6.
DanAy	4907	3-264-b	absent	N	Y	Y	{#DanAy#}¦ Med. auch {%schätzen%} ({#prARAn#}) MAHĀVĪRAC. 67,8.
DanAy	18424	7-350-b	absent	N	Y	Y	{#DanAy#}¦ III. 3. Mit dem Acc. {#Danam#} KIR. 13,56.
DanadAy	18417	7-350-b	absent	N	Y	N	{#DanadAy#}¦, {#˚yate#} Kubera {%gleichkommen%} JĀTAKAM. 5.
DanasaMmata	18422	7-350-b	absent	N	Y	N	{#DanasaMmata#}¦ m. N. pr. eines Fürsten DIVYĀVAD. 62,11. fgg.
Danav	7478	5-256-c	absent	N	Y	N	{#Danav#}¦ (von {#Danavant#}), {#˚vati#} {%reich werden%} KULĀRṆAVA 9,60.
Danav	18419	7-350-b	absent	N	Y	N	{#Danav#}¦ 5.
DanuzkalApaka	18426	7-350-b	absent	Y	Y	N	{#*DanuzkalApaka#}¦ m. (!) {%Bogen und Köcher%} MAHĀVY. 217,33.
DanuzketakI	18427	7-350-b	absent	Y	Y	N	{#*DanuzketakI#}¦ f. {%eine best. Blume%} MAHĀVY. 240,34.
DanvArti	18434	7-350-b	absent	N	Y	N	{#DanvArti/#}¦ f. {%Bogenende%} MAITR. S. 4,5,9 (77,3. 7). Vgl. 3. {#Arti#}.
Dar	4909	3-264-b	absent	N	Y	Y	1. {#Dar#}¦ mit {#upa#} am Ende. ĀŚV. ŚR. 9,11,1 vielleicht [Page3-264-c] {%Stand halten, am Orte verbleiben%}.
Dar	7480	5-256-c	absent	N	Y	Y	1. {#Dar#}¦ mit {#saMpra#}, {#˚DArita#} {%getragen,%} so v. a. {%empfunden%} (Schmerz) HEM. PAR. 2,14.
Dar	18436	7-350-b	absent	N	Y	Y	1. {#Dar#}¦ mit {#upa#} III. 3. Caus. III. {%verstehen%} [Page7-350-c] JĀTAKAM. 20. — Mit {#saMpra#} III. 5.
Darm	7483	5-257-a	absent	N	Y	Y	{#Darm#}¦, {#Darmati#} {%zu Recht —, zum Gesetz werden%} KULĀRṆAVA 9,59.
Darm	18445	7-350-c	absent	N	Y	Y	{#Darm#}¦ 5.
DarmaDvajavant	18452	7-350-c	absent	N	Y	N	{#DarmaDvajavant#}¦ Adj. = {#DarmaDvaja#} 1〉b〉 MBH. 7,195,4.
DarmakAmArTasaMbanDa	22451	7-388-b	absent	N	Y	N	{#DarmakAmArTasaMbanDa#}¦ m. so v. a. {%Eheschliessung%} MBH. 1,74,20.
DarmaviroDavant	7488	5-257-a	absent	N	Y	N	{#DarmaviroDavant#}¦ Adj. {%das Recht beeinträchtigend, alles Recht verletzend%} R. ed. Bomb. 2,36,29.
DarmaviroDavant	18461	7-350-c	absent	N	Y	N	{#DarmaviroDavant#}¦ 5.
Darmay	7484	5-257-a	absent	N	Y	N	{#Darmay#}¦, {#Darmayati#} {%Jmd die Gesetze befolgen lassen, gestatten, dass er die vorgeschriebenen Gesetze befolgt,%}
Darmay	18455	7-350-c	absent	N	Y	N	{#Darmay#}¦ 5.
DarmfpASa	4915	3-264-c	absent	N	Y	N	{#DarmfpASa#}¦ m. auch {%Fessel —, Band der Pflicht%}.
DarmigrAhakamAna	18469	7-350-d	absent	N	Y	N	{#DarmigrAhakamAna#}¦ n. {%ein Beweismittel, welches ein Object in der bestimmten Eigenschaft erkennen lässt,%} SĀṂKHYAP
Darmodrata	18470	7-350-d	absent	Y	Y	N	{#*Darmodrata#}¦ m. {%ein best.%} Samādhi MAHĀVY. 21,63.
DavalapakzavihaMgama	18473	7-350-d	absent	N	Y	N	{{Lbody=18473}}
DavalapurARasamuccaya	18474	7-350-d	absent	N	Y	Y	{#DavalapurARasamuccaya#}¦ fehlerhaft für {#sakalapurARa˚#}.
Dayadvant	9025	6-302-b	absent	N	Y	N	{#Dayadvant#}¦ ĀPAST. ŚR. 14,18,5.
Dayadvant	18435	7-350-b	absent	N	Y	N	{#Da/yadvant#}¦ III. 6.
DumaDumAy	4921	3-264-c	absent	N	Y	N	{#DumaDumAy#}¦ (onomatop.), {#˚yate#} Comm. zu KIR. 6, fehlerhaft für {#GumaGumAy#}.
DumaDumAy	18503	7-351-a	absent	N	Y	N	{{Lbody=18503}}
DunDumant	4920	3-264-c	absent	N	Y	N	{#DunDumant#}¦ m. N. pr. eines Sohnes des Kevala VP. 4,1,19 (20). {#banDumant#} v. l.
DunDumant	18503	7-351-a	absent	N	Y	N	{#DunDumant#} und {#DumaDumAy#}¦ 3.
DvAjavadAyani	7513	5-257-b	absent	N	Y	N	{#*DvAjavadAyani#}¦ m. Patron. von {#DvAjavada#} ebend.
DvAjavadAyani	18538	7-351-b	absent	N	Y	N	{{Lbody=18538}}
DvAjavatAyani	7512	5-257-b	absent	N	Y	N	{#*DvAjavatAyani#}¦ m. Patron. von {#DvAjavata#} ebend.
DvAjavatAyani	18538	7-351-b	absent	N	Y	N	{{Lbody=18538}}
DvAjavata	7511	5-257-a	absent	N	Y	N	{#*DvAjavata#}¦ m. N. pr. eines Mannes gaṇa {#tikAdi#} [Page5-257-b] in der KĀŚ.
DvAjavata	18538	7-351-b	absent	N	Y	N	{#DvAjavata#}, {#DvAjavatAyani#} und {#DvAjavadAyani#}¦ 5.
DvanilAlA	7508	5-257-a	absent	N	Y	N	{#*DvanilAlA#} und {#*DvanilIlA#}¦ f. v. l. für {#DvaninAlA#} ZACH. Beitr. 92.
DvanilAlA	18533	7-351-b	absent	N	Y	N	{{Lbody=18533}}
DvanilIlA	7508	5-257-a	absent	N	Y	N	{{Lbody=7508}}
DvanilIlA	18533	7-351-b	absent	N	Y	N	{{Lbody=18533}}
Dvasmanvant	7510	5-257-a	absent	N	Y	Y	{#Dvasmanva/nt#}¦ 1〉 lies {%befleckt,%} so v. a. {%verunehrt, verläumdet%} ṚV. 6,15,12. 7,4,9. Es ist {#tvA/#} oder {#tv
Dvasmanvant	18536	7-351-b	absent	N	Y	Y	{#Dvasmanva/nt#}¦ III. 5.
DyAmalI	18530	7-351-b	absent	N	Y	N	{#DyAmalI#}¦ Adv. mit {#kar#} {%schmutzig machen, verunreinigen%} ebend. 5,39.
EcCantika	15523	7-328-a	absent	Y	Y	N	{#*EcCantika#}¦ Adj. MAHĀVY. 110. Vielleicht fehlerhaft für {#EcCAntika#}.
EhilOkika	2876	2-296-c	absent	N	Y	N	{#EhilOkika#}¦ Adj. = {#EhalOkika#} HEM. PAR. 3,184.
EhilOkika	15536	7-328-b	absent	N	Y	N	{#EhilOkika#}¦ (fehlerhaft) 2.
EhipaSyika	15535	7-328-b	absent	Y	Y	N	{#*EhipaSyika#}¦ Adj. {%zur Selbstüberzeugung auffordernd%} MAHĀVY. 63.
EkEkaSya	4337	3-258-b	absent	N	Y	N	{#EkEkaSya#}¦ Comm. zu ĀPAST. ŚR. 7,27,16.
EkEkaSya	15521	7-328-a	absent	N	Y	N	{#EkEkaSya#}¦ I. 3.
EndriyAvata	2874	2-296-c	absent	N	Y	N	{#EndriyAvata#}¦ Adj. {%an%} Indra Indriyāvant {%gerichtet%} Comm. zu ĀPAST. ŚR. 3,15,9.
EndriyAvata	15526	7-328-a	absent	N	Y	N	{#EndriyAvata#}¦ 2.
EqAdaDIya	2872	2-296-c	absent	N	Y	N	{#EqAdaDIya#}¦ Adj. von {#EqAdaDa#} Comm. ebend.
EqAdaDIya	15524	7-328-a	absent	N	Y	N	{{Lbody=15524}}
ErAvant	4339	3-258-b	absent	N	Y	N	{#ErAvant#}¦ angeblich = {#irAvant#} und dieses = {#irA#} GṚHYAS. 2,10.
ErAvant	15529	7-328-b	absent	N	Y	N	{#ErAvant#}¦ 3.
EraRqa	6964	5-251-a	absent	N	Y	N	{#EraRqa#}¦ *n. {%die Wurzel des langen Pfeffers%} DEŚĪN. 1,120.
EraRqa	15527	7-328-b	absent	N	Y	N	{#EraRqa#}¦ I. 5.
GaNGaSAlA	7210	5-254-a	absent	N	Y	N	{#GaNGaSAlA#}¦ f. {%ein Gebäude ohne Fenster%} ŚĪLĀṄKA 1,415.
GaNGaSAlA	17062	7-339-d	absent	N	Y	N	{#GaNGaSAlA#}¦ 5.
GanAsTikaPa	17072	7-339-d	absent	N	Y	N	{#GanAsTikaPa#}¦ II. 3.
GawikAcalamAhAtmya	3186	2-300-b	absent	N	Y	N	{#GawikAcalamAhAtmya#}¦ n. Titel eines Werkes OPP. Cat. 1.
GawikAcalamAhAtmya	17065	7-339-d	absent	N	Y	N	{#GawikAcalamAhAtmya#}¦ 2.
GfRAvant	8889	6-301-a	absent	N	Y	N	{#GfRAvant#}¦ Adj. {%ekelhaft%} SARASVATĪK. 6, Śl. 17.
GfRAvant	17090	7-339-d	absent	N	Y	N	{#GfRAvant#}¦ 6.
Gowakamfga	17102	7-340-a	absent	Y	Y	N	{#*Gowakamfga#}¦ m. {%ein best. Thier%} MAHĀVY. 213,29. Vgl. {#gOqakamfga#}.
GowapAlaka	4625	3-261-c	absent	N	Y	N	{#GowapAlaka#}¦ CAURAP. (A.) 63 fehlerhaft für {#kowwapAlaka#}.
GowapAlaka	17103	7-340-a	absent	N	Y	N	{#GowapAlaka#}¦ 3.
ISAvAsyaKaRqana	2699	2-295-a	absent	N	Y	N	{#ISAvAsyaKaRqana#}¦ n. Titel eines Werkes OPP. Cat. 1.
ISAvAsyaKaRqana	14647	7-321-d	absent	N	Y	N	{#ISAvAsyaKaRqana#}¦ 2.
ISaka	1660	1-298-b	absent	N	Y	N	{#ISaka#}¦ m. Śiva. Loc. so v. a. {%in Nordost%} AGNI-P. 43,3.
ISaka	14641	7-321-d	absent	N	Y	N	{#ISaka#} und {#ISagocara#}¦ 1.
ISvaraSataka	1666	1-298-b	absent	N	Y	N	{#ISvaraSataka#}¦ n. Titel eines Werkes BÜHLER, Rep. No. 109.
ISvaraSataka	14652	7-322-a	absent	N	Y	N	{#ISvaraSataka#}¦ 1.
ISvaradIkzita	2701	2-295-a	absent	N	Y	N	{#ISvaradIkzita#}¦ m. N. pr. eines Autors. {#˚tIya#} n. Titel seines Werkes OPP. Cat. 1.
ISvaradIkzita	14651	7-322-a	absent	N	Y	N	{#ISvaradIkzita#}¦ 2.
ISvarasuKavAda	2702	2-295-a	absent	N	Y	N	{#ISvarasuKavAda#}¦ m. Titel eines Werkes OPP. Cat. 1.
ISvarasuKavAda	14653	7-322-a	absent	N	Y	N	{#ISvarasuKavAda#}¦ 2.
IhAvant	8668	6-298-c	absent	N	Y	N	{#IhAvant#}¦ Adj. {%strebsam, tapfer%} ŚIŚ. 19,33.
IhAvant	14660	7-322-a	absent	N	Y	N	{#IhAvant#}¦ 6.
Ijya	2696	2-295-a	absent	N	Y	N	{#Ijya#}¦ MBH. 7,9458 fehlerhaft für {#Iqya#}.
Ijya	14634	7-321-d	absent	N	Y	N	{#Ijya#}¦ 2.
IkzAraRyamAhAtmya	2695	2-295-a	absent	N	Y	N	{#IkzAraRyamAhAtmya#}¦ n. Titel eines Werkes OPP. Cat. 1.
IkzAraRyamAhAtmya	14630	7-321-d	absent	N	Y	N	{#IkzAraRyamAhAtmya#}¦ 2.
Ikzati	1656	1-298-b	absent	N	Y	N	{#Ikzati#}¦ (fingirte 3. Sg. Praes.) {%die Bedeutung der Wurzel%} {#Ikz#} BĀDAR. 1,1,5. 3,13.
Ikzati	14629	7-321-d	absent	N	Y	N	{#Ikzati#}¦ 1.
Ikzitar	14631	7-321-d	absent	N	Y	Y	{#Ikzitar#}¦ I. {%Zuschauer%} MBH. 7,25,46.
Ilay	5426	4-296-b	absent	N	Y	N	{#Ilay#}¦, {#Ila/yati#} {%sich bewegen%} TS. 6,4,2,6. Vgl. Caus. von {#Ir#}.
Ilay	8666	6-298-c	absent	N	Y	N	{#Ilay#}¦ (Nachtr. 4) auch {%von der Stelle bewegen%} ĀPAST. ŚR. 1,16,11.
Ilay	14640	7-321-d	absent	N	Y	N	{#Ilay#}¦ 4. 6.
Iyakz	4161	3-256-b	absent	N	Y	N	{#Iyakz#}¦, {#I/yakzamARa#} = {#i/yakzamARa#} MAITR. S. 2,10,6.
Iyakz	14637	7-321-d	absent	N	Y	N	{#Iyakz#}¦ 3.
IzADara	14658	7-322-a	absent	Y	Y	N	{#*IzADara#}¦ m. N. pr. eines mythischen Berges MAHĀVY. 194 ({#ISADara#} und {#izADAra#}). {#˚rA#} f. DIVYĀVAD. 217,14.
Izatpramaya	5428	4-296-b	absent	N	Y	N	{#*Izatpramaya#}¦ vielleicht auch {%leicht zu messen%}.
Izatpramaya	14655	7-322-a	absent	N	Y	N	{#Izatpramaya#}¦ I. 4.
Izatsvinna	6843	5-249-c	absent	N	Y	N	{#Izatsvinna#}¦ Adj. {%ein wenig gesotten%} PADDH. zu MĀN. GṚHY. 2.
Izatsvinna	14657	7-322-a	absent	N	Y	N	{#Izatsvinna#}¦ 5.
JaMkfti	4723	3-262-c	absent	N	Y	N	{#JaMkfti#}¦ f. = {#JaMkAra#} CAURAP. (A.) 102. 106.
JaMkfti	17651	7-344-b	absent	N	Y	N	{#JaMkfti#}, {#Jaw#}¦ mit {#nis#} und {#JaRajJaRatkArin#} 3.
Jakawa	7314	5-255-a	absent	N	Y	N	{#*Jakawa#}¦ ZACH. Beitr.
Jakawa	17650	7-344-b	absent	N	Y	N	{#Jakawa#}¦ 5.
JalaYJalA	17653	7-344-b	absent	N	Y	N	{#JalaYJalA#}¦ f. {%das Ohrenbewegen der Elephanten%} DHARMAŚARM. 6,35. Richtig wohl {#JalajJalA#}.
KARu	16676	7-336-c	absent	Y	Y	N	{#*KARu#}¦ (aus {#sTARu#}) m. {%Baumstumpf%} MAHĀVY. 245,564.
KAdyakacAraka	16681	7-336-c	absent	Y	Y	N	{#*KAdyakacAraka#}¦ m. Bez. {%eines best. Dieners im Kloster%} MAHĀVY. 274,4.
KAtapUrva	16678	7-336-c	absent	N	Y	N	{#KAtapUrva#}¦ n. MBH. 13,61,25 nach NĪLAK. = {#anAvfzwO kUpodakErnizpAditErDAnyErjIvatAM Danam#}.
KaRqaPulla	16639	7-336-b	absent	Y	Y	N	{#*KaRqaPulla#}¦ Adj. {%zerrüttet, délabré%} MAHĀVY. 281,225.
KaRqasPuwa	16642	7-336-b	absent	N	Y	N	{#KaRqasPuwa#}¦ Adj. = {#KaRqaPulla#} DIVYĀVAD. 22,11.
KaRqatraya	3122	2-299-c	absent	N	Y	N	{#KaRqatraya#}¦ n. Titel eines Werkes OPP. Cat. 1.
KaRqatraya	16637	7-336-b	absent	N	Y	N	{#KaRqatraya#}¦ 2.
KaYjAhva	16625	7-336-b	absent	Y	Y	N	{#*KaYjAhva#}¦ m. {%Bachstelze%} MAHĀVY. 213,140.
KalApi	8864	6-300-c	absent	N	Y	N	{#KalApi#}¦ m. oder f. (?) {#yava˚#} ŚĀṄKH. ŚR. 14,40,9. {#goDUma˚#} 41,8.
KalApi	16661	7-336-c	absent	N	Y	N	{#KalApi#}¦ 6. Zu streichen.
KalupaScAdBaktika	16665	7-336-c	absent	Y	Y	N	{#*KalupaScAdBaktika#}¦ Adj. {%dem es verboten ist%} ({#Kalu#}) {%ein zweites Mahl zu sich zu nehmen%} MAHĀVY. 49.
KamBIrapati	16651	7-336-b	absent	Y	Y	N	{#*KamBIrapati#}¦ (?) m. MAHĀVY. 186,33.
KaqgalakzaRa	3120	2-299-c	absent	N	Y	N	{#KaqgalakzaRa#}¦ n. Titel eines Werkes OPP. Cat. 1.
KaqgalakzaRa	16632	7-336-b	absent	N	Y	N	{#KaqgalakzaRa#}¦ 2.
KaqgapawwiSin	4542	3-260-c	absent	N	Y	N	{#KaqgapawwiSin#}¦ Adj. {%mit einem Schwerte und einem%} Paṭṭiśa {%bewaffnet%} MBH. 13,14,154.
KaqgapawwiSin	16631	7-336-b	absent	N	Y	N	{#KaqgapawwiSin#} und {#KaqgapAta#}¦ 3.
Karapattrodumbara	16654	7-336-c	absent	N	Y	N	{#Karapattrodumbara#}¦ m. {%ein best. Baum%} SUD. zu ĀPAST. GṚHY. 14,3.
KarjYUra	4547	3-260-c	absent	N	Y	N	{#KarjYUra#}¦ 3〉e〉 {%*der Kern der Cocosnuss%} RĀJAN. 11,52.
Karpa	16659	7-336-c	absent	N	Y	N	{#Karpa#}¦ (v. l. {#Karpara#}) {%Hirnschale, Kopf%} (verächtlich) DIVYĀVAD. 324,11. Vgl. {#karpara#}.
KaruKarA	16657	7-336-c	absent	Y	Y	N	{#*KaruKarA#}¦ f. = {#KuraKurA#} MAHĀVY. 192.
KarvI	7130	5-253-a	absent	N	Y	N	{#KarvI#}¦ mit {#BU#} {%klein werden, verkrüppeln%} Comm. zu ŚIŚ. 2,63.
KarvI	16660	7-336-c	absent	N	Y	N	{#KarvI#} und {#KalatA#}¦ II. 5.
Karvay	22361	7-387-c	absent	N	Y	N	{#Karvay#}¦ {%zerstückeln, vernichten%} DAMAYANTĪK. 276.
Kasraj	8865	6-300-c	absent	N	Y	N	{#Kasraj#}¦ f. {%ein Kranz von Luft,%} so v. a. {%ein Unding%} CANDRĀLOKA 5,125.
Kasraj	16675	7-336-c	absent	N	Y	N	{#Kasraj#}¦ 6.
Kavant	16671	7-336-c	absent	N	Y	Y	{#Kavant#}¦ II. fehlerhaft für {#svavant#}; vgl. PAT. zu P. 4,2,72.
KawuNka	4540	3-260-c	absent	N	Y	N	{#KawuNka#}¦ Adj. {%böse%} Text zu Lot. de la b. l. 162. Vgl. {#*kawuNkatA#}.
KawuNka	16628	7-336-b	absent	Y	Y	N	{#KawuNka#}¦ (vgl. MAHĀVY. 127,9. Nom. abstr. {#˚tA#} {%Niederträchtigkeit%} JĀTAKAM. 1,36) und {#Kawvay#} 3.
Kawvay	4541	3-260-c	absent	N	Y	N	{#Kawvay#}¦, {#˚yati#} {%zur Bettstelle machen%} ŚIŚ. 2,77.
Kaza	4548	3-260-c	absent	N	Y	N	{#Kaza#}¦ s. {#pUti˚#}.
Kaza	16673	7-336-c	absent	N	Y	N	{#Kaza#}¦ 3.
Keqqa	7140	5-253-a	absent	N	Y	N	{#*Keqqa#} und {#*˚tAla#}¦ ZACH. Beitr.
Keqqa	16691	7-336-d	absent	N	Y	N	{#Keqqa#} und {#˚tAla#}¦ 5.
KeqqatAla	7140	5-253-a	absent	N	Y	N	{{Lbody=7140}}
KeqqatAla	16691	7-336-d	absent	N	Y	N	{{Lbody=16691}}
Killita	7137	5-253-a	absent	N	Y	N	{#Killita#}¦ (?) Adj. VĀSAV. 156,5. 6.
Killita	16685	7-336-c	absent	N	Y	N	{#Killita#} und {#Kuqula#}¦ 5.
Koqaka	16694	7-336-d	absent	N	Y	N	{#Koqaka#}¦ m. = {#KoqakaSIrzaka#} ebend. 220,21 ({#zoqaka#} gedr.).
Kowaka	16693	7-336-d	absent	N	Y	N	{#Kowaka#}¦ m. {%Topf%} DIVYĀVAD. 29,14.
KuBBika	16686	7-336-d	absent	N	Y	N	{#KuBBika#}¦ {%Stiefel%} KUṬṬANĪMATA 64.
Kusta	16688	7-336-d	absent	N	Y	N	{#Kusta#}¦ Adj. {%abgeschabt%} DIVYĀVAD. 173,3. {%kahl%} 426,28.
Kustaka	16689	7-336-d	absent	N	Y	N	{#Kustaka#}¦ Adj. (f. {#˚stikA#}) {%abgeschabt%} ebend. 329,1. fgg.
OdAra	15564	7-328-c	absent	N	Y	N	{#OdAra#}¦ Adj. {%gross, deutlich wahrnehmbar%} DIVYĀVAD. 207,5.
OdarikaSarIra	4346	3-258-b	absent	N	Y	N	{#OdarikaSarIra#}¦ n. {%der grobe, mit dem Tode vergehende [Page3-258-c] Körper%} ŚĪLĀṄKA. 1,296.
OdarikaSarIra	15562	7-328-b	absent	N	Y	N	{#OdarikaSarIra#}¦ 3.
OdgAtraprayoga	2878	2-296-c	absent	N	Y	N	{{Lbody=2878}}
OdgAtraprayoga	15567	7-328-c	absent	N	Y	N	{#OdgAtraprayoga#}¦ 2.
OnIta	15574	7-328-c	absent	N	Y	N	{#OnIta#}¦ m. {%eine Krankheit am penis des Pferdes%} AŚVAV. 51,4.
Onnidya	4350	3-258-c	absent	N	Y	N	{#Onnidya#}¦ n. {%Schlaflosigkeit%} DEŚĪN. 1,117.
Onnidya	15575	7-328-c	absent	N	Y	N	{#Onnidya#}¦ 3.
OpAsanamantra	2882	2-297-a	absent	N	Y	N	{#OpAsanamantra#}, {#OmApata#} n. und {#OzaDaprayoga#} m.¦ Titel von Werken OPP. Cat. 1.
OpAsanamantra	15584	7-328-c	absent	N	Y	N	{#OpAsanamantra#}¦ 2.
Opamanyavin	4351	3-258-c	absent	N	Y	N	{#Opamanyavin#}¦ Adj. in Verbindung mit {#putra#} {%der Sohn%} des Aupamanyava BAUDH. im Comm. zu ĀPAST. ŚR. 5,23,4.
Opamanyavin	15581	7-328-c	absent	N	Y	N	{#Opamanyavin#}¦ 3.
OsajYa	4355	3-258-c	absent	N	Y	N	{#OsajYa#}¦ n. N. pr. eines Tīrtha VIṢṆUS. 85,52. v. l. {#OjYasa#}.
Osaja	15594	7-328-c	absent	N	Y	N	{#Osaja#}¦ 3.
Ottarapattra	2878	2-296-c	absent	N	Y	N	{{Lbody=2878}}
Ottarapattra	15560	7-328-b	absent	N	Y	N	{#Ottarapattra#}¦ 2.
PARway	19911	7-363-a	absent	N	Y	N	{#PARway#}¦ Denomin. von {#PARwa#} DĀRILA [Page7-363-b] zu KAUŚ. 25,18.
PaNgA	7891	5-261-b	absent	N	Y	N	{#*PaNgA#}¦ f. {%ein best. Gemüse%} ZACH. Beitr.
PaNgA	19903	7-363-a	absent	N	Y	N	{#PaNgA#} und {#Paraka#}¦ 5.
PalAy	19909	7-363-a	absent	N	Y	N	{#PalAy#}¦ IV. {#Pa/lAyetAm#} MAITR. S. 4,8,1 (107,15) fehlerhafte Lesart für {#pa/lA˚#}.
PalamUlavant	5955	4-302-c	absent	N	Y	N	{#PalamUlavant#}¦ Adj. {%mit Früchten und Wurzeln versehen%} R. 5,73,19.
PalamUlavant	19907	7-363-a	absent	N	Y	N	{#PalamUlavant#}¦ 4.
Paraka	7892	5-261-b	absent	N	Y	N	{#*Paraka#}¦ m. = {#Palaka#} oder {#sParaka#} {%Schild%} ZACH. Beitr. und NÖLDEKE in Sitzungsberichte der Berliner Akade
Paraka	19903	7-363-a	absent	N	Y	N	{{Lbody=19903}}
Pullapadmotpalavant	19917	7-363-b	absent	N	Y	N	{#Pullapadmotpalavant#}¦ Adj. {%mit blühenden%} Padma {%und%} Utpala {%versehen%} R. ed. Bomb. 4,1,3.
QuRQika	8941	6-301-c	absent	N	Y	N	{#QuRQika#}¦ in {#vyAkaraRa˚#} (wohl {#˚QuRQikA#} zu lesen) und {#˚kA#} f. in {#hEmaprAkfta˚#}.
QuRQika	17667	7-344-b	absent	N	Y	N	{#QuRQika#}¦ 6.
SA	21453	7-377-d	absent	N	Y	Y	1. {#SA#}¦ mit {#A#}, Z. 2 lies Loc. st. Instr.
SIlay	21496	7-378-b	absent	N	Y	Y	{#SIlay#}¦ mit {#anu#} VI. {%sich mit Etwas bekannt machen%} DAMAYANTĪK. 110. 182.
SaMkaranftyaraNgadeSa	21402	7-377-b	absent	N	Y	N	{#SaMkaranftyaraNgadeSa#}¦ m. {%Leichenstätte%} DAŚAK. (1883) 146,11.
SaMsivaMs	21393	7-377-b	absent	N	Y	N	{#SaMsivaMs#}¦ Adj. {%verkündend%} R. ed. Bomb. 2,19,35.
SabdaprAC	21426	7-377-c	absent	N	Y	Y	{#SabdaprAC#} und {#˚prAS#}¦ VI. 6.
SalyAy	21449	7-377-d	absent	N	Y	N	{#SalyAy#}¦, {#˚yate#} {%zu einem Dorn werden%} HARAVIJAYA 10,31.
SaraccandrAy	9403	6-306-c	absent	N	Y	N	{#SaraccandrAy#}¦, {#˚yate#} {%dem Herbstmonde gleichen%} RUDRAṬĀLAṂKĀRAṬ. 131,b.
SaraccandrAy	21433	7-377-c	absent	N	Y	N	{#SaraccandrAy#}¦ 6.
SastragrAhavant	21452	7-377-d	absent	N	Y	N	{#SastragrAhavant#}¦ Adj. {%Waffen als Seeungeheuer habend%} ({#nadI#}) R. 7,28,42.
SatadAna	21412	7-377-b	absent	N	Y	N	{#SatadAna#}¦ VI. vgl. ROTH in Z. d. d. m. G. 41,672. fgg.
SateGma	21421	7-377-c	absent	N	Y	N	{#Sate/Gma#}¦ VI. MAITR. S. 1,10,12 (152,3).
SeKarAy	21517	7-378-c	absent	N	Y	N	{#SeKarAy#}¦, {#˚yate#} {%zu einem Kranze werden%} DAMAYANTĪK. 178.
SiKAvant	21476	7-378-a	absent	N	Y	Y	{#SiKAvant#}¦ VI. 2〉a〉 KIR. 16,56.
SokAgAru	21523	7-378-c	absent	N	Y	N	{#SokAgAru#}¦ {%Boudoir%} DIVYĀVAD. 287,13.
Srevuka	21548	7-378-d	absent	N	Y	N	{{Lbody=21548}}
SvevopakASa	21572	7-379-a	absent	N	Y	N	{#Svevo/pakASa#}¦ Adj. (f. {#A#}) = {#SvitropakASa#} MAITR. S. 3,7,4 (78,12).
SyA	21528	7-378-c	absent	N	Y	Y	{#SyA#}¦ mit {#A#}, {#ASyAna#} VI. 2〉b〉 {%ein wenig ausgetrocknet%} KIR. 16,10.
UKala	4268	3-257-c	absent	N	Y	N	{#*UKala#}¦ m. {%ein Andropogon%} RĀJAN. 8,126.
UKala	15255	7-326-b	absent	N	Y	N	{#UKala#}¦ 3.
UQAtpraBfti	6939	5-251-a	absent	N	Y	N	{#UQAtpraBfti#}¦ MBH. 5,83,42.
UhApohasamarTa	15308	7-326-c	absent	Y	Y	N	{#*UhApohasamarTa#}¦ Adj. {%fähig%} (das Erforderliche) {%hinzuzufügen oder abzuziehen%} MAHĀVY. 245,1061.
UhanA	15307	7-326-c	absent	Y	Y	N	{#*UhanA#}¦ ({#UhAnA#} geschr.) f. = {#UhA#} MAHĀVY. 245,1060.
Uhin	6943	5-251-a	absent	N	Y	N	{#Uhin#}¦ Adj. von BÜHLER angenommen VASIṢṬHA 16,4. 5. Beide Sūtra sind offenbar verdorben.
Uhin	15309	7-326-c	absent	N	Y	N	{#Uhin#}¦ 5.
UnI	1746	1-299-b	absent	N	Y	N	{#UnI#}¦ mit {#BU#} {%sich vermindern, abnehmen%} KĀLAC. 1,25.
UnI	15263	7-326-b	absent	N	Y	N	{#UnI#}¦ I. 1.
UnaviMSativarzopasaMpAdana	15261	7-326-b	absent	Y	Y	N	{#*UnaviMSativarzopasaMpAdana#}¦ n. {%das Weihen eines Mönchs vor seinem 20sten Jahre%} MAHĀVY. 261.
UrDagaroma	15279	7-326-b	absent	Y	Y	N	{#UrDagaroma#}¦ Adj. {%mit emporgerichteten Härchen%} MAHĀVY. 17.
UrDvaBAgIya	15286	7-326-c	absent	Y	Y	N	{#*UrDvaBAgIya#}¦ Adj. {%zu Höherem —, zur Wiedergeburt in höherer Stellung führend%} MAHĀVY. 109.
UrDvaMBAvuka	4276	3-257-c	absent	N	Y	N	{#UrDvaMBAvuka#}¦ n. in {#a/nUrDvaMBAvuka#} oben.
UrDvaMBAvuka	15289	7-326-c	absent	N	Y	N	{#UrDvaMBAvuka#}¦ 3.
UrDvaSAKa	2808	2-296-a	absent	N	Y	N	{#UrDvaSAKa#}¦ Adj. {%mit aufwärts gerichteten Zweigen%} KAP. S. 41,1.
UrDvaSAKa	15292	7-326-c	absent	N	Y	N	{{Lbody=15292}}
UrDvaSakala	2807	2-296-a	absent	N	Y	N	{#UrDvaSakala#} (KAP. S. 41,1) und {#UrDva/Salka#} (MAITR. S. 3,9,2)¦ {%mit aufwärts gerichtetem Spahn%}.
UrDvaSakala	15292	7-326-c	absent	N	Y	N	{#UrDvaSakala#}, {#UrDva/Salka#} und {#UrDvaSAKa#}¦ 2.
UrDvaSalka	2807	2-296-a	absent	N	Y	N	{{Lbody=2807}}
UrDvaSalka	15292	7-326-c	absent	N	Y	N	{{Lbody=15292}}
UrDvaSuzka	4277	3-257-c	absent	N	Y	N	{#UrDvaSuzka#}¦ Adj. {%oben,%} d. i. {%am Stamm verdorrt%} (Zweige) VIṢṆUS. 61,8.
UrDvaSuzka	15294	7-326-c	absent	N	Y	N	{#UrDvaSuzka#}¦ 3.
UrDvahastaka	1752	1-299-c	absent	N	Y	N	{#UrDvahastaka#}¦ m. = 1. {#UrDvakara#} HEMĀDRI 2,a,127,4.
UrDvahastaka	15298	7-326-c	absent	N	Y	N	{#UrDvahastaka#}¦ 1.
UrDvajYutva	4273	3-257-c	absent	N	Y	N	{#UrDvajYutva#}¦ n. Nom. abstr. von {#UrDvajYu#} Comm. zu ĀPAST. ŚR. 5,11,6.
UrDvajYutva	15280	7-326-c	absent	N	Y	N	{#UrDvajYutva#}¦ 3.
UrDvaktampa	2805	2-296-a	absent	N	Y	N	{#UrDvaktampa#}¦ m. {%ein Sprung nach oben%}. {#˚mpaM dA#} {%einen S. n. o. thun%} KATHĀS. 61,91.
UrDvaktampa	15283	7-326-c	absent	N	Y	N	{#UrDvaktampa#}¦ 2.
UrDvapuRqraDAraRa	2806	2-296-a	absent	N	Y	N	{#UrDvapuRqraDAraRa#} n. und {#˚puRqravacana#} n.¦ Titel zweier Werke OPP. Cat. 1.
UrDvapuRqraDAraRa	15284	7-326-c	absent	N	Y	N	{#UrDvapuRqraDAraRa#} und {#˚puRqravacana#}¦ 2.
UrDvapuRqravacana	2806	2-296-a	absent	N	Y	N	{{Lbody=2806}}
UrDvapuRqravacana	15284	7-326-c	absent	N	Y	N	{{Lbody=15284}}
UrRAparikarmaRa	15276	7-326-b	absent	Y	Y	N	{#*UrRAparikarmaRa#}¦ (!) m. {%das Waschenlassen%} u. s. w. {%von Wolle durch nichtverwandte Frauen%} MAHĀVY. 260.
UrRamrada	5475	4-297-a	absent	N	Y	N	{#UrRamrada#}¦ Adj. {%wollenweich%} KAUŚ. 2. 3. 137.
UrRamrada	15275	7-326-b	absent	N	Y	N	{#UrRamrada#}¦ 4.
Ura	4270	3-257-c	absent	N	Y	N	{#Ura#}¦ = {#Uru#} 1〉 im Loc. {#Ure#} BHĀG. P. 7,8,29.
Ura	15266	7-326-b	absent	N	Y	N	{#Ura#}¦ 3.
Urjapatya	5474	4-297-a	absent	N	Y	N	{#Urjapatya#}¦ n. {%die Herrschaft über die Kraft%} ĀPAST. ŚR. 9,9,1.
Urjapatya	15271	7-326-b	absent	N	Y	N	{#Urjapatya#}¦ 4.
Urjay	1748	1-299-b	absent	N	Y	Y	{#Urjay#}¦, {#Urjitam#} Adv. {%stolz, mit Selbstbewusstsein%} NĀGĀN. 62,21 (82,9).
Urjay	15272	7-326-b	absent	N	Y	Y	{#Urjay#}¦ I. 1.
Uruka	1747	1-299-b	absent	N	Y	N	{#Uruka#}¦ am Ende eines adj. Comp. (f. {#A#}) = {#Uru#} 1〉 HEMĀDRI 2,a,84,16.
Uruka	15268	7-326-b	absent	N	Y	N	{#Uruka#}¦ 1.
UrvasTi	2809	2-296-a	absent	N	Y	N	{#UrvasTi#}¦ n. {%Schenkelknochen%} ĀPAST. ŚR. 1,3,17.
UrvasTi	15299	7-326-c	absent	N	Y	N	{#UrvasTi#}¦ 2.
UvaDyagoha	2810	2-296-a	absent	N	Y	N	{{Lbody=2810}}
UvaDyagoha	15301	7-326-c	absent	N	Y	N	{#UvaDyagoha/#}¦ I. 2.
UyamAnavarDana	15265	7-326-b	absent	Y	Y	N	{#*UyamAnavarDana#}¦ ({#uyamAna˚#} geschr.) n. {%das Webenlassen eines Gewandes in grösseren Umfange%} (als der Geber be
UzmAy	1753	1-299-c	absent	N	Y	Y	{#UzmAy#}¦ HARṢAC. 139,5. 160,5.
UzmAy	15304	7-326-c	absent	N	Y	Y	{#UzmAy#}¦ I. 1.
UzmaBakzam	15303	7-326-c	absent	N	Y	N	{#UzmaBakzam#}¦ Absol. mit {#Bakz#} {%heiss essen%} KAUŚ. 57,27.
Uzmagata	15302	7-326-c	absent	Y	Y	N	{#Uzmagata#}¦ ({#u˚#} geschr.) n. {%Begeisterung%} DIVYĀVAD. 166,15. 240,20. 271,12. 469,12. *Adj. {%begeistert%} MAHĀVY
aBAgahArin	3803	3-252-c	absent	N	Y	N	{#aBAgahArin#}¦ Adj. {%nicht erbberechtigt%} VIṢṆUS. 15,32.
aBAgahArin	12152	7-305-c	absent	N	Y	N	{#aBAgahArin#}¦ 3.
aBAnupatana	12154	7-305-c	absent	N	Y	N	{#aBAnupatana#}¦ Adj. {%wohin die Sonne nicht kommt%} R. 4,55,3.
aBAra	5229	4-294-a	absent	N	Y	N	{#aBAra#}¦ m. {%Befreiung von einer Last%} BHĀG. P. 9,24,58.
aBAra	12155	7-305-c	absent	N	Y	N	{#aBAra#}¦ 4.
aBAryApitfka	3804	3-252-c	absent	N	Y	N	{#aBAryApitfka#}¦ Adj. {%weder Frau noch Vater habend%} BṚHASPATI.
aBAryApitfka	12156	7-305-c	absent	N	Y	N	{#aBAryApitfka#}¦ 3.
aBAskara	12162	7-305-c	absent	N	Y	N	{#aBAskara#}¦ Adj. {%sonnenlos%} R. ed. Bomb. 4,40,68. 42,51. 43,59.
aBAvagranTavyAKyA	1052	1-292-b	absent	N	Y	N	{#aBAvagranTavyAKyA#}¦ f. Titel eines Werkes BÜHLER, Rep. No. 703.
aBAvagranTavyAKyA	12158	7-305-c	absent	N	Y	N	{#aBAvagranTavyAKyA#}¦ 1.
aBAvaka	5230	4-294-a	absent	N	Y	N	{#aBAvaka#}¦ Adj. 1〉 {%Jmds Wohl nicht fördernd, Jmd%} (Gen.) {%schadend%} MBH. 12,88,25. — 2〉 {%sich Etwas%} (Gen.) {%n
aBAvaka	12157	7-305-c	absent	N	Y	N	{#aBAvaka#}¦ 4.
aBAvavikalpa	12160	7-305-c	absent	N	Y	N	{#aBAvavikalpa#}¦ m. {%eine Alternative für den Fall, dass Etwas nicht da ist,%} HAR. zu ĀPAST. GṚHY. 13,16.
aBAvayant	5232	4-294-a	absent	N	Y	N	{#aBAvayant#}¦ Adj. etwa {%Etwas nicht fest im Auge behaltend%} BHAG. 2,66.
aBAvayant	12159	7-305-c	absent	N	Y	N	{{Lbody=12159}}
aBAvita	3805	3-252-c	absent	N	Y	N	{#aBAvita#}¦ Adj. {%nicht zusammenhaltend, keine feste Masse bildend%} MBH. 12,195,18.
aBAvita	12161	7-305-c	absent	N	Y	N	{#aBAvita#}¦ 3.
aBISumant	8408	6-295-b	absent	N	Y	N	{#aBISumant#}¦ 2〉 m. {%die Sonne%} ŚIŚ. 6,63.
aBISumant	12328	7-306-d	absent	N	Y	N	{#aBISumant#}¦ I. 6.
aBItacArin	5250	4-294-b	absent	N	Y	N	{#aBItacArin#}¦ Adj. {%unerschrocken verfahrend%} R. 5,37,39.
aBItacArin	12324	7-306-d	absent	N	Y	N	{#aBItacArin#}¦ 4.
aBItistava	2358	2-291-a	absent	N	Y	N	{#aBItistava#}¦ m. Titel eines Werkes OPP. Cat. 1.
aBItistava	12325	7-306-d	absent	N	Y	N	{#aBItistava#}¦ 2.
aBUmida	2360	2-291-a	absent	N	Y	N	{#aBUmida#}¦ Adj. {%kein Land verschenkend%} MBH. 3,200,127.
aBUmida	12335	7-306-d	absent	N	Y	N	{#aBUmida#}¦ 2.
aBUmizWa	5256	4-294-b	absent	N	Y	N	{#aBUmizWa#}¦ Adj. {%nicht in seinem Lande seiend%} KĀM. NĪTIS. 18,52. 55.
aBUmizWa	12336	7-306-d	absent	N	Y	N	{#aBUmizWa#}¦ 4.
aBakzaRIya	1045	1-292-b	absent	N	Y	N	{#aBakzaRIya#}¦ Adj. {%ungeniessbar%} TĀṆḌYA-BR. 9,9,9.
aBakzaRIya	12137	7-305-c	absent	N	Y	N	{#aBakzaRIya#}¦ 1.
aBakzyaBakzyaprakaraRa	2335	2-290-c	absent	N	Y	N	{#aBakzyaBakzyaprakaraRa#}¦ n. Titel eines Werkes OPP. Cat. 1.
aBakzyaBakzyaprakaraRa	12138	7-305-c	absent	N	Y	N	{#aBakzyaBakzyaprakaraRa#}¦ 2.
aBartavya	22189	7-386-a	absent	N	Y	N	{#aBartavya/#}¦ Adj. {%nicht zu tragen%} MAITR. S. 3,6,7 (70,2).
aBartfka	1048	1-292-b	absent	N	Y	N	{#aBartfka#}¦ Adj. {%keinen Ernährer habend%} BṚHASP. im Comm. zu ĀPAST. 2,27,3.
aBartfka	12146	7-305-c	absent	N	Y	N	{{Lbody=12146}}
aBasmIkaraRa	1050	1-292-b	absent	N	Y	N	{#aBasmIkaraRa#}¦ Adj. {%nicht in Asche verwandelnd,%} so v. a. {%wobei man nicht verbrennt%} HARṢAC. 126,2.
aBasmIkaraRa	12150	7-305-c	absent	N	Y	N	{#aBasmIkaraRa#}¦ 1.
aBavyaSeKara	3802	3-252-c	absent	N	Y	N	{#aBavyaSeKara#}¦ m. N. pr. eines Mannes KAUTUKAS.
aBavyaSeKara	12149	7-305-c	absent	N	Y	N	{#aBavyaSeKara#}¦ 3.
aBayanandin	3801	3-252-c	absent	N	Y	N	{#aBayanandin#}¦ m. N. pr. eines Autors GAṆAR.
aBayanandin	12145	7-305-c	absent	N	Y	N	{#aBayanandin#}¦ 3.
aBayapradAnasAra	1047	1-292-b	absent	N	Y	N	{#aBayapradAnasAra#}¦ Titel eines Werkes BÜHLER, Rep. No. 409.
aBayapradAnasAra	12146	7-305-c	absent	N	Y	N	{#aBayapradAnasAra#}, {#aBartfka#} und {#aBavadIya#}¦ 1.
aBedaKaRqana	2361	2-291-a	absent	N	Y	N	{#aBedaKaRqana#}¦ n. Titel eines Werkes OPP. Cat. 1.
aBedaKaRqana	12340	7-306-d	absent	N	Y	N	{#aBedaKaRqana#}¦ 2.
aBedajYa	6359	5-244-b	absent	N	Y	N	{#aBedajYa#}¦ Adj. {%keinen Unterschied kennend zwischen%} (Gen. Du.) HEM. PAR. 1,167.
aBedajYa	12341	7-306-d	absent	N	Y	N	{#aBedajYa#}¦ 5.
aBedyASaya	6360	5-244-b	absent	N	Y	N	{#aBedyASaya#}¦ Adj. {%dessen Absicht%} oder {%Denkweise nicht zu brechen ist%}. Nom. abstr. {#˚tA#} f. LALIT. 34,14.
aBedyASaya	12345	7-306-d	absent	N	Y	N	{#aBedyASaya#}¦ 5.
aBedyaparivAra	12343	7-306-d	absent	Y	Y	N	{#*aBedyaparivAra#}¦ m. {%ein undurchdringlicher Kreis von Umstehenden%} MAHĀVY. 244.
aBedyaratracUqa	12344	7-306-d	absent	Y	Y	N	{#*aBedyaratracUqa#}¦ m. N. pr. eines Garuḍa MAHĀVY. 172.
aBettar	5258	4-294-b	absent	N	Y	N	{#aBettar#}¦ auch {%Nichtverräther%} (von Geheimnissen) MBH. 12,231,22.
aBettar	12339	7-306-d	absent	N	Y	N	{#aBettar#}¦ I. 4.
aBiBartsana	12239	7-306-a	absent	N	Y	N	{#aBiBartsana#}¦ n. {%das Bedrohen%} CARAKA 406,13. v. l. {#avaBa˚#}.
aBiDarmajYAnaprasTAna	5237	4-294-a	absent	N	Y	Y	{{Lbody=5237}}
aBiDarmaskanDapAda	5237	4-294-a	absent	N	N	N	{{Lbody=5237}}
aBiDarmaskanDaprakASasADana	5237	4-294-a	absent	N	N	N	{{Lbody=5237}}
aBiDarmaskanDaprakaraRaSAsana	5237	4-294-a	absent	N	N	N	{{Lbody=5237}}
aBiDarmaviBAzA	5237	4-294-a	absent	N	N	N	{{Lbody=5237}}
aBiDarmavijYAnakAyapAda	5237	4-294-a	absent	N	Y	N	{{Lbody=5237}}
aBiDarzayitavya	1062	1-292-b	absent	N	Y	N	{#aBiDarzayitavya#}¦ Adj. {%zu entehren%}. {#parastriyaH#} CARAKA 3,8.
aBiDarzayitavya	12200	7-305-d	absent	N	Y	N	{#aBiDarzayitavya#}¦ 1.
aBiSAstar	1088	1-292-c	absent	N	Y	N	{#aBiSAsta/r#}¦ Nom. ag. {%Anweiser, Anordner%} TBR. 3,10,1,3. 9,7. 10,3.
aBiSAstar	12295	7-306-c	absent	N	Y	N	{#aBiSAsta/r#}¦ 1.
aBid	5236	4-294-a	absent	N	Y	N	{#aBid#}¦ Adj. {%keine Scheidung machend%} BHĀG. P. 7,10,39.
aBid	12194	7-305-d	absent	N	Y	N	{#aBid#}¦ 4.
aBidravaRa	1061	1-292-b	absent	N	Y	N	{#aBidravaRa#}¦ n. {%feindseliges Losgehen auf%} (Gen.) CARAKA 2,7.
aBidravaRa	12198	7-305-d	absent	N	Y	N	{#aBidravaRa#}¦ 1.
aBigamanIya	12172	7-305-c	absent	N	Y	N	{#aBigamanIya#}¦ Adj. {%zu besuchen, besuchenswerth%} JĀTAKAM. 23.
aBigrAsa	12177	7-305-d	absent	N	Y	N	{#aBigrAsa#}¦ s. {#yaTABigrAsam#}.
aBigrahItar	1056	1-292-b	absent	N	Y	N	{#aBigrahIta/r#}¦.
aBigrahItar	12176	7-305-d	absent	N	Y	N	{#aBigrahIta/r#}¦ I. 1.
aBihiMmana	12320	7-306-c	absent	N	Y	N	{#aBihiMmana#}¦ n. {%das Anthun eines Leides%} R. ed. Bomb. 3,9,9.
aBijY	6336	5-244-b	absent	N	Y	N	{#aBijY#}¦, {#˚jYati#} {%erfahren —, verständig werden%} KULĀRṆAVA 9,60.
aBijY	12186	7-305-d	absent	N	Y	N	{#aBijY#}¦ 5.
aBijanitos	1058	1-292-b	absent	N	Y	N	{#aBijanitos#}¦ liesse sich anders fassen, wenn man {#ISvaraH#} dazu ergänzte.
aBijanitos	5235	4-294-a	absent	N	Y	N	{#aBi/janitos#}¦, lies Gen. Inf. (zu ergänzen {#ISvaraH#}). Der Sinn ist: {%es könnte ihm eine Missgeburt geboren werden
aBijanitos	12184	7-305-d	absent	N	Y	N	{#aBi/janitos#}¦ I. 1. 4.
aBijvalana	2342	2-291-a	absent	N	Y	N	{#aBijvalana#}¦ n. in {#cittABi˚#}.
aBijvalana	12188	7-305-d	absent	N	Y	N	{#aBijvalana#} und {#aBiqIna#}¦ 2.
aBilapanatA	12273	7-306-b	absent	Y	Y	N	{#*aBilapanatA#}¦ f. wohl {%Geschwätzigkeit%} MAHĀVY. 138.
aBileSa	6346	5-244-b	absent	N	Y	N	{#aBileSa#}¦ (?) Ind. St. 17,145.
aBileSa	12277	7-306-b	absent	N	Y	N	{{Lbody=12277}}
aBimAtizah	1075	1-292-c	absent	N	Y	N	{#aBimAtizah#}¦, lies {#˚zAh#}.
aBimAtizah	12253	7-306-b	absent	N	Y	N	{{Lbody=12253}}
aBimanAy	12245	7-306-a	absent	N	Y	Y	{#aBimanAy#}¦ etwa {%zu sich kommen, sich beruhigen%} DAŚAK. (1883) 111,2. 119,12.
aBimant	1071	1-292-c	absent	N	Y	N	{#aBimant#}¦ Adj. {%das Wort%} {#aBi#} {%enthaltend%} TĀṆḌYA-BR. 10,6,5.
aBimant	12246	7-306-b	absent	N	Y	N	{#aBimant#}¦ 1.
aBimanyuka	1072	1-292-c	absent	N	Y	N	{#aBimanyuka#}¦ m. = {#aBimanyu#} N. pr. eines Sohnes des Manu Cākṣuṣa AGNI-P. 18,9.
aBimanyuka	12248	7-306-b	absent	N	Y	N	{#aBimanyuka#}¦ 1.
aBimfSe	1077	1-292-c	absent	N	Y	N	{#aBimf/Se#}¦ Dat. Inf. {%zu berühren%} ṚV. 2,10,5.
aBimfSe	12258	7-306-b	absent	N	Y	N	{#aBimf/Se#} und {#aBimeTana#}¦ 1.
aBimuKIkfti	6341	5-244-b	absent	N	Y	N	{#aBimuKIkfti#}¦ in {#vizayABi˚#}.
aBimuKIkfti	12257	7-306-b	absent	N	Y	N	{#aBimuKIkfti#}¦ 5.
aBimuKay	22198	7-386-a	absent	N	Y	N	{#aBimuKay#}¦, {#˚yati#} {%Jmd%} (Acc.) {%sich geneigt machen%} KIR. 12,19. {%zuwenden%} DAMAYANTĪK. 274.
aBinamana	12203	7-305-d	absent	Y	Y	N	{#*aBinamana#}¦ n. {%ehrfurchtsvolles Verbeugen%} MAHĀVY. 97.
aBinamitA	2349	2-291-a	absent	N	Y	N	{#aBinamitA#}¦ f. N. pr. einer Gandharva-Jungfrau KĀRAṆḌ. 4,22.
aBinamitA	12204	7-305-d	absent	N	Y	N	{#aBinamitA#}¦ 2.
aBinati	2348	2-291-a	absent	N	Y	N	{#aBinati#}¦ f. {%das Sichzuwenden%} KAP. S. 7,6. KĀṬH. 8,10.
aBinati	12202	7-305-d	absent	N	Y	N	{#aBinati#}¦ 2.
aBinavakAverImAhAtmya	2350	2-291-a	absent	N	Y	N	{{Lbody=2350}}
aBinavakAverImAhAtmya	12207	7-305-d	absent	N	Y	N	{#aBinavakAverImAhAtmya#}¦ 2.
aBinayadarpaRa	2350	2-291-a	absent	N	Y	N	{#aBinayadarpaRa#} m. und {#aBinavakAverImAhAtmya#} n.¦ Titel zweier Werke OPP. Cat. 1.
aBinayadarpaRa	12205	7-305-d	absent	N	Y	N	{#aBinayadarpaRa#}¦ 2.
aBinayana	8399	6-295-b	absent	N	Y	N	{#aBinayana#}¦ n. = {#aBinaya#} 1〉 in {#SlokABinayana#}.
aBinayana	12206	7-305-d	absent	N	Y	N	{#aBinayana#}¦ 6.
aBinirhAra	12213	7-306-a	absent	N	Y	N	{#aBinirhAra#}¦ m. wohl {%Anweisung%} JĀTAKAM. 23,20.
aBinizpannatva	5239	4-294-a	absent	N	Y	N	{#aBinizpannatva#}¦ n. {%das Schondasein%} ŚAṂK. zu BĀDAR. 2,1,36.
aBinizpannatva	12216	7-306-a	absent	N	Y	N	{#aBinizpannatva#} und {#aBinnakAla#}¦ 4.
aBinnanimittasamarTana	2352	2-291-a	absent	N	N	N	{{Lbody=2352}}
aBinnanimittasamarTana	12217	7-306-a	absent	N	N	N	{{Lbody=12217}}
aBinnanimittopAdAna	2352	2-291-a	absent	N	Y	N	{#aBinnanimittopAdAna#} n. und {#˚samarTana#} n.¦ Titel zweier Werke OPP. Cat. 1.
aBinnanimittopAdAna	12217	7-306-a	absent	N	Y	N	{#aBinnanimittopAdAna#}, {#˚samarTana#} und {#aBinnaparivArA#}¦ 2.
aBinnaparivArA	2353	2-291-a	absent	N	Y	N	{#aBinnaparivArA#}¦ f. N. pr. einer Nāga-Jungfrau KĀRAṆḌ. 4,7.
aBinnaparivArA	12217	7-306-a	absent	N	Y	N	{{Lbody=12217}}
aBipAlaka	12225	7-306-a	absent	N	Y	N	{#aBipAlaka#}¦ m. = {#aBipAla#} R. ed. Bomb. 3,38,9.
aBipAraga	12224	7-306-a	absent	N	Y	N	{#aBipAraga#}¦ m. N. pr. eines Mannes JĀTAKAM. 13.
aBipItatva	12226	7-306-a	absent	N	Y	N	{{Lbody=12226}}
aBipatAka	12219	7-306-a	absent	N	Y	N	{#aBipatAka#}¦ Adj. {%mit zugewandter Fahne%} MBH. 8,11,9.
aBipattimant	12221	7-306-a	absent	N	Y	N	{#˚aBipattimant#}¦ Adj. {%im Besitz von — seiend%} JĀTAKAM. 28,17.
aBipava	22203	7-386-a	absent	N	Y	N	{#aBipava#}¦ 7. {%Weihe%} DHARMAŚARM. 7,13.
aBipavaRa	22204	7-386-a	absent	N	Y	N	{#aBipavaRa#}¦ I. 1. {%das Baden%} KIR. 6,23.
aBiprasArin	12233	7-306-a	absent	N	Y	N	{#aBiprasArin#}¦ Adj. {%hinzukommend, zuströmend%} JĀTAKAM. 32.
aBipratAraRa	12230	7-306-a	absent	N	Y	N	{#aBipratAraRa#}¦ m. N. pr. eines Mannes TALAVAKĀRA-BR.
aBipratigara	8400	6-295-b	absent	N	Y	N	{#aBipratigara#}¦ m. Nom. act. zu 1. {#gar#} mit {#aBiprati#} (s. weiter unten) Comm. zu ĀPAST. ŚR. 14,32,6.
aBipratigara	12231	7-306-a	absent	N	Y	N	{#aBipratigara#}¦ 6.
aBirADana	12265	7-306-b	absent	Y	Y	Y	{#aBirADana#}¦ I. *Adj. {%beifällig aufnehmend%} MAHĀVY. 145.
aBirADya	12266	7-306-b	absent	N	Y	N	{#aBirADya#}¦ Adj. {%zu gewinnen%} JĀTAKAM. 20.
aBirAmIya	2356	2-291-a	absent	N	Y	N	{#aBirAmIya#} n. und {#aBilazitArTacintAmaRi#} m.¦ Titel zweier Werke OPP. Cat. 1.
aBirAmIya	12268	7-306-b	absent	N	Y	N	{#aBirAmIya#}¦ 2.
aBiroDana	6344	5-244-b	absent	N	Y	N	{#aBiroDana#}¦ n. {%Belagerung%} Verz. d. Oxf. H. 29,b,7.
aBiroDana	12271	7-306-b	absent	N	Y	N	{#aBiroDana#}¦ 5.
aBirodDar	1081	1-292-c	absent	N	Y	N	{#aBirodDa/r#}¦.
aBirodDar	12270	7-306-b	absent	N	Y	N	{#aBirodDa/r#}¦ I. 1.
aBiruqgatA	1080	1-292-c	absent	N	Y	N	{#aBiruqgatA#}¦ s. {#aByudgatA#}.
aBiruqgatA	12269	7-306-b	absent	N	Y	N	{#aBiruqgatA#}¦ 1.
aBisaMGarza	6353	5-244-b	absent	N	Y	N	{#aBisaMGarza#}¦ m. {%Aneinanderreibung%} BHĀVAPR. (Hdschr.) 8,a nach AUFRECHT.
aBisaMGarza	12308	7-306-c	absent	N	Y	N	{#aBisaMGarza#}¦ 5.
aBisaMkalpa	8405	6-295-b	absent	N	Y	N	{#˚aBisaMkalpa#}¦ m. {%Verlangen —, Wunsch zu%} MBH. 4,14,24. v. l. {#atisaMkalpa#}.
aBisaMkalpa	12306	7-306-c	absent	N	Y	N	{#aBisaMkalpa#}¦ 6.
aBisaMkzepikam	12307	7-306-c	absent	Y	Y	N	{#*aBisaMkzepikam#}¦ Adv. MAHĀVY. 245. 1069.
aBisaMvAdin	6352	5-244-b	absent	N	Y	N	{#˚aBisaMvAdin#}¦ Adj. {%stimmend zu, in Einklang stehend mit%} PRASANNAR. 2,22.
aBisaMvAdin	12305	7-306-c	absent	N	Y	N	{#aBisaMvAdin#}¦ 5.
aBisamAhAram	8406	6-295-b	absent	N	Y	N	{#aBisamAhAram#}¦ Absol. {%zusammen hinschaffend zu%} (Acc.) ĀPAST. ŚR. 2,4,4. Vielleicht {#aBi sa˚#} zu schreiben.
aBisamAhAram	12310	7-306-c	absent	N	Y	N	{#aBisamAhAram#}¦ 6.
aBisamUhana	5249	4-294-b	absent	N	Y	N	{#aBisamUhana#}¦ n. {%das Bedecken durch Zusammenkehren%} Comm. zu ĀPAST. ŚR. 9,19,13.
aBisamUhana	12312	7-306-c	absent	N	Y	N	{#aBisamUhana#}¦ 4.
aBisamitAvin	12311	7-306-c	absent	Y	Y	N	{#*aBisamitAvin#}¦ Adj. {%klar —, gründlich erkennend%} MAHĀVY. 142.
aBitvamAna	2345	2-291-a	absent	N	Y	N	{#aBitvamAna#}¦ (!) m. {%swift messenger%} J. A. S. Beng. 47,405,35.
aBitvamAna	12193	7-305-d	absent	N	Y	N	{#aBitvamAna#}¦ 2.
aBivAsin	6348	5-244-b	absent	N	Y	N	{#aBivAsin#}¦ Adj. in {#bastABivAsi/n#}.
aBivAsin	12284	7-306-c	absent	N	Y	N	{#aBivAsin#}¦ 5.
aBivananIya	6347	5-244-b	absent	N	Y	N	{#aBivananIya#}¦ Adj. als Erklärung von {#aBivAnya#} Comm. zu ĀPAST. ŚR. 8,11,17.
aBivananIya	12277	7-306-b	absent	N	Y	N	{{Lbody=12277}}
aBivivAsa	8402	6-295-b	absent	N	Y	N	{#aBivivAsa#}¦ m. {%das Hellwerden über%} Comm. zu ĀPAST. ŚR. 14,23,14.
aBivivAsa	12287	7-306-c	absent	N	Y	N	{#aBivivAsa#}¦ 6.
aBivyAharaRIya	5247	4-294-b	absent	N	Y	N	{#aBivyAharaRIya#}¦ Adj. {%auszusprechen, herzusagen%} SĀY. zu AIT. BR. 5,2,15.
aBivyAharaRIya	12289	7-306-c	absent	N	Y	N	{#aBivyAharaRIya#}¦ 4.
aBivyaktI	1087	1-292-c	absent	N	Y	N	{#aBivyaktI#}¦ Adv. mit {#BU#} {%offenbar werden%} NAIṢ. 5,136.
aBivyaktI	12288	7-306-c	absent	N	Y	N	{#aBivyaktI#}¦ 1.
aBivyuzwi	8404	6-295-b	absent	N	Y	N	{#aBivyuzwi#}¦ f. = {#aBivivAsa#} Comm. zu ĀPAST. ŚR. 14,23,14.
aBivyuzwi	12292	7-306-c	absent	N	Y	N	{#aBivyuzwi#}¦ 6.
aBizeRay	3822	3-253-a	absent	N	Y	Y	{#aBizeRay#}¦. *Desid. {#aBizizeRayizati#} P. 8,3,64, Sch.
aBizeRay	12303	7-306-c	absent	N	Y	Y	{#aBizeRay#}¦ 3.
aBizecanI	12302	7-306-c	absent	Y	Y	N	{#*aBizecanI#}¦ f. {%eine best.%} Dhāraṇī MAHĀVY. 25.
aBiziYcana	12301	7-306-c	absent	N	Y	N	{#aBiziYcana#}¦ n. = {#aBizecana#} (so {{SCHL.->SCHL. 2,107,9||20251016|Jim Funderburk|https://github.com/sanskrit-lexic
aBoktar	1102	1-292-c	absent	N	Y	N	{#aBoktar#}¦ Nom. ag. {%Nichtgeniesser%}. Nom. abstr. {#˚ktftva#} n. KAP. 3,58.
aBoktar	12347	7-306-d	absent	N	Y	N	{#aBoktar#} und {#aBojita#}¦ 1.
aBrAtar	3831	3-253-a	absent	N	Y	Y	{#aBrA/tar#}¦ (so accentuirt) AV. 1,17,1.
aBrAtar	12394	7-307-a	absent	N	Y	Y	{{Lbody=12394}}
aBrAy	5266	4-294-b	absent	N	Y	Y	{#˚aBrAy#}¦, {#aBrAyita#} {%einer Wolke gleichend%} BHĀM. V. 1,41.
aBrAy	12396	7-307-a	absent	N	Y	Y	{#aBrAy#}¦ I. 4.
aBraMSin	5263	4-294-b	absent	N	Y	N	{#aBraMSin#}¦ Adj. {%unvergänglich, dauernd%} Spr. 6844.
aBraMSin	12388	7-307-a	absent	N	Y	N	{#aBraMSin#} und {#aBraMSyamAna#}¦ 4.
aBraMSyamAna	5264	4-294-b	absent	N	Y	N	{#aBraMSyamAna#}¦ Adj. {%nicht zum Fallen gebracht werdend, nicht in die Lage kommend herabzufallen%} KĀTY. ŚR. 20,5,16.
aBraMSyamAna	12388	7-307-a	absent	N	Y	N	{{Lbody=12388}}
aBuNkzita	5253	4-294-b	absent	N	Y	N	{#aBuNkzita#}¦ s. {#BuNkzitABuNkzita#}.
aBuNkzita	12332	7-306-d	absent	N	Y	N	{#aBuNkzita#} und {#aBujaMgavant#}¦ 4.
aBujaMgavant	5254	4-294-b	absent	N	Y	N	{#aBujaMgavant#}¦ Adj. {%ohne Schlangen%} und zugleich {%ohne liederliche Gesellen%} KĀVYĀD. 2,322.
aBujaMgavant	12332	7-306-d	absent	N	Y	N	{{Lbody=12332}}
aByAcara	3826	3-253-a	absent	N	Y	N	{#aByAcara#}¦ m. {%Bereich%} MĀN. GṚHY. 2,7. Statt {#˚care#} hat PĀR. GṚHY. {#aByAcAre#}. ĀŚV. GṚHY. {#aByAgAre#}.
aByAcara	12363	7-306-d	absent	N	Y	N	{#aByAcara#}¦ 3.
aByAdAhya	2364	2-291-a	absent	N	Y	N	{#aByAdAhya#}¦ m. {%Feuer von einem Hausbrande%} ĀPAST. ŚR. 9,3.
aByAdAhya	12366	7-307-a	absent	N	Y	N	{#aByAdAhya#}¦ 2.
aByAgAra	12361	7-306-d	absent	N	Y	N	{#aByAgAra#}¦ I. 3.
aByavacAruka	1106	1-293-a	absent	N	Y	N	{#aByavacAruka#}¦ in {#anaBya˚#}.
aByavacAruka	12355	7-306-d	absent	N	Y	N	{#aByavacAruka#}¦ 1.
aByavetya	12359	7-306-d	absent	N	Y	N	{#aByavetya#}¦ Adj. {%zum Bad zu betreten%} ĀPAST. ŚR. 8,7,21.
aByudgatA	1113	1-293-a	absent	N	Y	N	{#aByudgatA#}¦, gedr. {#aBiudgatA#}; statt dessen {#aBiruqgatA#} HAUG, Acc. 59.
aByudgatA	12376	7-307-a	absent	N	Y	N	{#aByudgatA#}¦ I. 1.
aByupEtos	1117	1-293-a	absent	N	Y	N	{#aByupEtos#}¦ Gen. Inf. (abhängig von {#ISvaraH#}) {%zu erlangen%} AIT. BR. 7,29.
aByupEtos	12386	7-307-a	absent	N	Y	N	{#aByupEtos#}¦ 1.
aByupadeSa	12382	7-307-a	absent	N	Y	N	{#aByupadeSa#}¦ m. {%Unterweisung, Belehrung%} MOHAM. 17.
aByuzRa	12387	7-307-a	absent	N	Y	N	{#aByuzRa#}¦ v. l. für {#atyuzRa#} (M. 3,236) HEMĀDRI 3,a,1017,6. 1019,1. 1022,12.
aDArA	3464	3-249-a	absent	N	Y	N	{#aDArA#}¦ f. {%kein Strom, kein ununterbrochener Fluss%} VAJRACCH. 39,12.
aDArA	10543	7-295-d	absent	N	Y	N	{{Lbody=10543}}
aDAryamARa	3465	3-249-a	absent	N	Y	N	{#aDAryamARa#}¦ Adj. {%nicht getragen werdend%} (Kranz) MBH. 4,14,32.
aDAryamARa	10545	7-295-d	absent	N	Y	N	{#aDAryamARa#}¦ 3.
aDArzwya	2090	2-288-a	absent	N	Y	N	{#aDArzwya#}¦ n. {%Feigheit%} DHĀTUP. 10,18. Vgl. {#A˚#}.
aDArzwya	10546	7-295-d	absent	N	Y	N	{#aDArzwya#}¦ 2.
aDAtu	3461	3-249-a	absent	N	Y	N	{#aDAtu#}¦ m. {%keine Region%} VAJRACCH. 29,11.
aDAtu	10543	7-295-d	absent	N	Y	N	{#aDAtu#}, {#aDAtumant#}, {#a/DArayamARa#} und {#aDArA#}¦ 3.
aDAtumant	3462	3-249-a	absent	N	Y	N	{#aDAtumant#}¦ Adj. {%nicht aus Elementen bestehend%} BHĀG. P. 2,8,7.
aDAtumant	10543	7-295-d	absent	N	Y	N	{{Lbody=10543}}
aDISitar	6133	5-242-a	absent	N	Y	Y	{#aDISitar#}¦ {%Oberherr%}. {#jagatAm#} ŚIŚ. 13,21.
aDISitar	10620	7-296-b	absent	N	Y	Y	{#aDISitar#}¦ I. 5.
aDIloDakarRa	2100	2-288-b	absent	N	Y	N	{#aDIloDaka/rRa#}¦ Adj. TS. 5,6,16,1. Vgl. {#aDirUQAka/rRa#} und {#adDyAlohaka/rRa#}.
aDIloDakarRa	5039	4-291-c	absent	N	Y	N	{#aDIloDakarRa#}¦ (Nachtr. 2), f. {#I#} ĀPAST. ŚR. 10,22,6.
aDIloDakarRa	10618	7-296-b	absent	N	Y	N	{#aDIloDaka/rRa#}¦ 2. 4.
aDIlohAkarRI	8297	6-294-a	absent	N	Y	N	{#aDIlohAkarRI#}¦ (so ist zu verbinden) Adj. als Beiw. einer Kuh KĀTY. ŚR. 22,11,29. Vgl. {#adDyAlohaka/rRa#} und {#aDIl
aDIlohAkarRI	10619	7-296-b	absent	N	Y	N	{#aDIlohAkarRI#}¦ 6.
aDImAMsa	465	1-286-b	absent	N	Y	N	{#aDImAMsa#}¦ m. (!) {%Hypertrophie der Fleischtheile%} CARAKA 6,13. Vgl. {#aDimAMsa#}.
aDImAMsa	10616	7-296-b	absent	N	Y	N	{#aDImAMsa#}¦ 1.
aDInaga	3474	3-249-a	absent	N	Y	N	{#aDInaga#}¦ HARIV. 3,119,4 fehlerhaft für {#adInaga#}.
aDInaga	10615	7-296-b	absent	N	Y	N	{{Lbody=10615}}
aDIram	466	1-286-b	absent	N	Y	N	{#aDIram#}¦ Adv. {%ängstlich%} DAŚAK. 40,13.
aDIram	10617	7-296-b	absent	N	Y	N	{#aDIram#}¦ I. 1.
aDItapUrva	464	1-286-b	absent	N	Y	N	{#aDItapUrva#}¦ Adj. {%der vorher schon studirt hat%} ĀŚV. ŚR. 8,14,22.
aDItapUrva	10614	7-296-b	absent	N	Y	N	{#aDItapUrva#}¦ 1.
aDOta	3479	3-249-a	absent	N	Y	N	{#aDOta#}¦ auch {%unrein%} SUŚR. 1,297,12.
aDOta	10638	7-296-b	absent	N	Y	N	{#aDOta#}¦ I. 3.
aDUnvant	470	1-286-b	absent	N	Y	N	{#aDUnvant#}¦ Adj. {%nicht bewegend%} TĀṆḌYA-BR. 7,9,9.
aDUnvant	10624	7-296-b	absent	N	Y	N	{{Lbody=10624}}
aDUta	469	1-286-b	absent	N	Y	N	{#aDUta#}¦ Adj. {%nicht bewegt%} TĀṆḌYA-BR. 7,9,9.
aDUta	10624	7-296-b	absent	N	Y	N	{#aDUta#} und {#aDUnvant#}¦ 1.
aDaHSAKa	22116	7-385-b	absent	N	Y	N	{#aDaHSAKa#}¦ Adj. {%dessen Aeste nach unten hängen%} BHAG. 15,1.
aDaHpAtra	419	1-286-a	absent	N	Y	N	{#aDaHpAtra#}¦ n. {%Unterschale%} HEMĀDRI 1,228,2. 5. 18.
aDaHpAtra	10516	7-295-c	absent	N	Y	N	{#aDaHpAtra#}¦ 1.
aDaHpuzpikA	10517	7-295-d	absent	N	Y	N	{#aDaHpuzpikA#}¦ f. {%eine best. Pflanze%} SUD. zu ĀPAST. GṚHY. 14,14.
aDaScikura	3460	3-249-a	absent	N	Y	N	{#aDaScikura#}¦ m. {%Schamhaar%} KAUTUKAR.
aDaScikura	10538	7-295-d	absent	N	Y	N	{#aDaScikura#}¦ 3.
aDamarRatA	421	1-286-a	absent	N	Y	N	{#aDamarRatA#}¦ f. Nom. abstr. von {#aDamarRa#} NAIṢ. 9,3.
aDamarRatA	10518	7-295-d	absent	N	Y	N	{{Lbody=10518}}
aDanavant	420	1-286-a	absent	N	Y	N	{#aDanavant#}¦ Adj. {%besitzlos, arm%} AGNI-P. 38,11.
aDanavant	10518	7-295-d	absent	N	Y	N	{#aDanavant#}, {#aDamarRatA#} und {#aDaratva#}¦ 1.
aDaralakzman	2088	2-288-a	absent	N	Y	N	{#aDaralakzman#}¦ Adj. {%unten gezeichnet%} KAP. S. 32,8.
aDaralakzman	10521	7-295-d	absent	N	Y	N	{#aDaralakzman#}¦ 2.
aDaratva	422	1-286-a	absent	N	Y	N	{#aDaratva#}¦ n. Nom. abstr. zu {#aDara#} 1〉b〉 und 2〉a〉 NAIṢ. 7,39.
aDaratva	10518	7-295-d	absent	N	Y	N	{{Lbody=10518}}
aDaray	5036	4-291-c	absent	N	Y	N	{#aDaray#}¦, {#aDarita#} {%übertroffen%} BHĀM. V. 2,180.
aDaray	10519	7-295-d	absent	N	Y	N	{#aDaray#}¦ I. 4.
aDarmaBAj	8289	6-294-a	absent	N	Y	N	{#aDarmaBAj#}¦ Adj. {%das Unrecht pflegend, pflichtvergessen%} MBH. 1,191,8.
aDarmaBAj	10530	7-295-d	absent	N	Y	N	{{Lbody=10530}}
aDarmaBIru	3455	3-249-a	absent	N	Y	N	{#aDarmaBIru#}¦ Adj. {%nicht pflichtscheu, pflichttreu%} KAUTUKAR.
aDarmaBIru	10531	7-295-d	absent	N	Y	N	{#aDarmaBIru#}¦ 3.
aDarmaSAlin	3456	3-249-a	absent	N	Y	N	{#aDarmaSAlin#}¦ Adj. {%pflichtvergessen%} KAUTUKAR.
aDarmaSAlin	10533	7-295-d	absent	N	Y	N	{#aDarmaSAlin#} und {#aDarmasaMgara#}¦ 3.
aDarmaSaraRa	426	1-286-a	absent	N	Y	N	{#aDarmaSaraRa#}¦ vor {#aDarmizWa#} zu setzen.
aDarmaSaraRa	10532	7-295-d	absent	N	Y	N	{#aDarmaSaraRa#} und {#aDasiMzWa#}¦ umzustellen.
aDarmaWAraRa	10534	7-295-d	absent	N	Y	N	{{Lbody=10534}}
aDarmabahula	8288	6-294-a	absent	N	Y	N	{#aDarmabahula#}¦ Adj. {%an Unrecht reich, ruchlos%} MBH. 1,17,6.
aDarmabahula	10530	7-295-d	absent	N	Y	N	{#aDarmabahula#} und {#aDarmaBAj#}¦ 6.
aDarmasaMgara	3457	3-249-a	absent	N	Y	N	{#aDarmasaMgara#}¦ Adj. {%unredlich kämpfend%} {{MBH. 12,94,15->MBH. 12,95,15||20250608|Jim Funderburk, Andhrabharati|Re
aDarmasaMgara	10533	7-295-d	absent	N	Y	N	{{Lbody=10533}}
aDarzaRIya	3458	3-249-a	absent	N	Y	N	{#aDarzaRIya#}¦ Adj. auch {%unüberwindlich%} KATHĀS. 101,339.
aDarzaRIya	10536	7-295-d	absent	N	Y	N	{#aDarzaRIya#} und {#aDarzita#}¦ 3.
aDarzita	3459	3-249-a	absent	N	Y	N	{#aDarzita#}¦ Adj. {%der nicht duldet, dass man ihm zu nahe kommt,%} R. 4,15,3.
aDarzita	10536	7-295-d	absent	N	Y	N	{{Lbody=10536}}
aDasiMzWa	10532	7-295-d	absent	N	Y	N	{{Lbody=10532}}
aDiSrezWi	6131	5-242-a	absent	N	Y	N	{#aDiSrezWi#}¦ Adv. {%auf%} Śreṣṭhin (werfen) HEM. PAR. 2,67.
aDiSrezWi	10608	7-296-b	absent	N	Y	N	{#aDiSrezWi#}¦ 5.
aDidEvatva	445	1-286-b	absent	N	Y	N	{#a/DidEvatva#}¦ n.
aDigaRapati	439	1-286-a	absent	N	Y	N	{#aDigaRapati#}¦ m. {%oberster Schaarführer%} KĀLAC. 2,154.
aDigaRapati	10562	7-296-a	absent	N	Y	N	{{Lbody=10562}}
aDikArasaMpradAya	2093	2-288-a	absent	N	Y	N	{#aDikArasaMpradAya#}¦ m. Titel eines Werkes OPP. Cat. 1.
aDikArasaMpradAya	10558	7-295-d	absent	N	Y	N	{#aDikArasaMpradAya#}¦ 2.
aDikAravant	435	1-286-a	absent	N	Y	N	{#aDikAravant#}¦ m. {%Beamter%} MUDRĀR. 65,18 (106,8).
aDikAravant	10557	7-295-d	absent	N	Y	N	{#aDikAravant#}¦ 1.
aDikaMDaram	3466	3-249-a	absent	N	Y	N	{#aDikaMDaram#}¦ Adj. {%bis zum Nacken%} ŚIŚ. 1,54.
aDikaMDaram	10550	7-295-d	absent	N	Y	N	{#aDikaMDaram#}¦ 3.
aDikamAsaPala	432	1-286-a	absent	N	Y	N	{#aDikamAsaPala#}¦ n. Titel eines Werkes BÜHLER, Rep. No. 45.
aDikamAsaPala	10551	7-295-d	absent	N	Y	N	{#aDikamAsaPala#}¦ 1.
aDikaraRaSAstra	2091	2-288-a	absent	N	Y	N	{{Lbody=2091}}
aDikaraRaSAstra	10552	7-295-d	absent	N	Y	N	{{Lbody=10552}}
aDikaraRacintAmaRi	2091	2-288-a	absent	N	Y	N	{#aDikaraRacintAmaRi#} m., {#˚karaRaSAstra#} n. und {#˚karaRasArAvali#} f.¦ Titel von Werken OPP. Cat. 1.
aDikaraRacintAmaRi	10552	7-295-d	absent	N	Y	N	{{Lbody=10552}}
aDikaraRasArAvali	2091	2-288-a	absent	N	Y	N	{{Lbody=2091}}
aDikaraRasArAvali	10552	7-295-d	absent	N	Y	N	{{Lbody=10552}}
aDilIlAgfhaBitti	455	1-286-b	absent	N	Y	N	{#aDilIlAgfhaBitti#}¦ Adv. {%auf die Wand des Lusthauses%} NAIṢ. 1,38.
aDilIlAgfhaBitti	10593	7-296-a	absent	N	Y	N	{#aDilIlAgfhaBitti#}¦ 1.
aDilavaNgam	6128	5-242-a	absent	N	Y	N	{#aDilavaNgam#}¦ Adv. {%auf der Gewürznelke%} ŚIŚ. 6,66.
aDilavaNgam	10592	7-296-a	absent	N	Y	N	{#aDilavaNgam#}¦ 5.
aDimoktavya	3469	3-249-a	absent	N	Y	N	{#aDimoktavya#}¦ Adj. {%wonach man einen starken Zug haben soll%} VAJRACCH. 45,15.
aDimoktavya	10579	7-296-a	absent	N	Y	N	{#aDimoktavya#}¦ 3.
aDinizkramaRotsava	2096	2-288-b	absent	N	Y	N	{#aDinizkramaRotsava#}¦ m. {%der der%} {#pravrajyA#} {%vorausgehende Aufzug%} HEM. PAR. 3,281.
aDinizkramaRotsava	10572	7-296-a	absent	N	Y	N	{#aDinizkramaRotsava#}¦ 2.
aDirukmamandiragavAkzam	6122	5-242-a	absent	N	Y	N	{#aDirukmamandiragavAkzam#}¦ Adv. {%am Luftloch des goldenen Palastes%} ŚIŚ. 13,35.
aDirukmamandiragavAkzam	10581	7-296-a	absent	N	Y	N	{#aDirukmamandiragavAkzam#}¦ 5.
aDitalpam	443	1-286-b	absent	N	Y	N	{#aDitalpam#}¦ Adv. {%auf die Thürme%} ŚIŚ. 3,29, v. l.
aDitalpam	10566	7-296-a	absent	N	Y	N	{#aDitalpam#}¦ 1.
aDivAsanaka	457	1-286-b	absent	N	Y	N	{#aDivAsanaka#}¦ n. = {#aDivAsana#} 2〉 HEMĀDRI 1,232,11.
aDivAsanaka	10598	7-296-a	absent	N	Y	N	{#aDivAsanaka#} und {#aDivAsanIya#}¦ 1.
aDizWa	461	1-286-b	absent	N	Y	Y	{#aDizWa#}¦ n. {%Sitz, Wohnort%} HEMĀDRI 1,605,20 (wenn nicht {#svAni DizRyAni#} zu lesen ist).
aDizWa	10610	7-296-b	absent	N	Y	Y	{#aDizWa#}¦ 1.
aDizWiti	462	1-286-b	absent	N	Y	N	{#aDizWiti#}¦ f. {%Herrschaft%} KAP. 5,115.
aDizWiti	10612	7-296-b	absent	N	Y	N	{#aDizWiti#}¦ 1.
aDobilASfta	8298	6-294-a	absent	N	Y	N	{#aDobilASfta#}¦ Adj. {%unterhalb der Mündung%} (des Kessels) {%bleibend%} (nicht überwallend) {%und nur ein wenig gedäm
aDobilASfta	10631	7-296-b	absent	N	Y	N	{#aDobilASfta#}¦ 6.
aDoguqA	473	1-286-b	absent	N	Y	N	{#aDoguqA#}¦ f. {%Argyreia speciosa%} CARAKA 1,1.
aDoguqA	10627	7-296-b	absent	N	Y	N	{{Lbody=10627}}
aDohasta	478	1-286-c	absent	N	Y	N	{#aDohasta#}¦ m. {%eine niedriger gelegene Hand%} (unter vieren) HEMĀDRI 1,285,8.
aDohasta	10637	7-296-b	absent	N	Y	N	{#aDohasta#}¦ 1.
aDomuKamuKa	5040	4-291-c	absent	N	Y	N	{#aDomuKamuKa#}¦ Adj. (f. {#I#}) = {#aDomuKa#} 1〉a〉 R. 5,26,20. 6,7,12.
aDomuKamuKa	10633	7-296-b	absent	N	Y	N	{#aDomuKamuKa#}¦ 4.
aDovAma	477	1-286-c	absent	N	Y	N	{#aDovAma#}¦ m. {%eine niedriger gelegene linke Hand%} HEMĀDRI 2,a,127,4.
aDovAma	10635	7-296-b	absent	N	Y	N	{#aDovAma#}¦ 1.
aDur	3475	3-249-a	absent	N	Y	N	{#aDur#}¦ f. {%nicht die oberste Stelle%} MBH. 8,32,41.
aDur	10623	7-296-b	absent	N	Y	N	{#aDur#}¦ 3.
aDvagacCant	10664	7-296-c	absent	N	Y	N	{#aDvagacCant#}¦ m. = {#aDvaga#} {%Reisender%} JĀTAKAM. 6,27.
aDvaraSrOta	2105	2-288-b	absent	N	Y	N	{#aDvaraSrOta#}¦ n. Titel eines Werkes OPP. Cat. 1.
aDvaraSrOta	10670	7-296-c	absent	N	Y	N	{#aDvaraSrOta#}¦ 2.
aDvarama	10669	7-296-c	absent	N	Y	N	{{Lbody=10669}}
aDvaramaya	488	1-286-c	absent	N	Y	N	{#aDvaramaya#}¦, lies {#aDvarama#}.
aDvaramaya	10669	7-296-c	absent	N	Y	N	{{Lbody=10669}}
aDvaratva	487	1-286-c	absent	N	Y	N	{#aDvaratva/#}¦ n. Nom. abstr. zu {#aDvara#} 2〉a〉 MAITR. S. 3,6,10.
aDvaratva	10669	7-296-c	absent	N	Y	N	{#aDvaratva/#}, {#aDvarama#} und {#aDvaramaya#}¦ I. 1.
aDvasta	3485	3-249-a	absent	N	Y	N	{#aDvasta#}¦ Adj. {%nicht zerfallen, — zerstört%} R. 6,20,22.
aDvasta	10673	7-296-c	absent	N	Y	N	{#aDvasta#}¦ 3.
aDyApin	6139	5-242-a	absent	N	Y	N	{#˚aDyApin#}¦ Adj. {%lehrend%} Comm. zu ĀPAST. ŚR. 14,7,20.
aDyApin	10651	7-296-c	absent	N	Y	N	{#˚aDyApin#}¦ 5.
aDyAtmopanizad	2101	2-288-b	absent	N	Y	N	{#aDyAtmopanizad#}¦ f. Titel einer Upaniṣad OPP. Cat. 1.
aDyAtmopanizad	10650	7-296-b	absent	N	Y	N	{#aDyAtmopanizad#}¦ 2.
aDyAvasitavya	10655	7-296-c	absent	N	Y	N	{#aDyAvasitavya#}¦ Adj. {%zu bewohnen%} JĀTAKAM. 19.
aDyAyitf	10653	7-296-c	absent	N	Y	N	{#aDyAyitf#}¦ Nom. ag. als Umschreibung von {#upADyAya#} DĀRILA zu KAUŚ. 10,7.
aDyarDaguRa	10645	7-296-b	absent	N	Y	N	{#aDyarDaguRa#}¦ Adj. {%ein halbmal stärker%} u. s. w. {%als%} (Abl.) MBH. 7,23,33.
aDyarcikAcAra	480	1-286-c	absent	N	Y	N	{#aDyarcikAcAra#}¦ m. {%eine best. Stellung beim Tanz%} S. S. S. 241.
aDyarcikAcAra	10644	7-296-b	absent	N	Y	N	{#aDyarcikAcAra#}¦ 1.
aDyavasitatA	8301	6-294-a	absent	N	Y	N	{#aDyavasitatA#}¦ f. {%das zur Gewissheit Erhobensein%} SĀH. D. 109,20.
aDyavasitatA	10646	7-296-b	absent	N	Y	N	{#aDyavasitatA#}¦ 6.
aDyayanamAtravant	479	1-286-c	absent	N	Y	N	{#aDyayanamAtravant#}¦ Adj. {%der nur studirt hat%} BĀDAR. 3,4,12.
aDyayanamAtravant	10642	7-296-b	absent	N	Y	N	{#aDyayanamAtravant#}¦ 1.
aDyayanasaMpradAna	8300	6-294-a	absent	N	Y	N	{#aDyayanasaMpradAna#}¦ bedeutet {%das Lernen und Lehren%}.
aDyayanasaMpradAna	10643	7-296-b	absent	N	Y	N	{#aDyayanasaMpradAna#}¦ I. 6.
aGaBeda	166	1-283-b	absent	N	Y	N	{#aGaBeda#}¦ HEMĀDRI 1,619,8. 13 fehlcrhaft für {#arDaBeda#}.
aGaBeda	9791	7-291-b	absent	N	Y	N	{#aGaBeda#}¦ 1.
aGadIpikA	1895	2-286-a	absent	N	Y	N	{#aGadIpikA#} f., {#aGapaYcavivecana#} n., {#aGapaYcazazwi#} f., {#aGavivecana#} n., {#aGazawka#} n., {#aGasaMSayatimirA
aGadIpikA	9788	7-291-b	absent	N	Y	N	{#aGadIpikA#}¦ 2.
aGapaYcavivecana	1895	2-286-a	absent	N	Y	N	{{Lbody=1895}}
aGapaYcavivecana	9790	7-291-b	absent	N	Y	N	{#aGapaYcavivecana#} und {#˚paYcazazwi#}¦ 2.
aGapaYcazazwi	1895	2-286-a	absent	N	Y	N	{{Lbody=1895}}
aGapaYcazazwi	9790	7-291-b	absent	N	Y	N	{{Lbody=9790}}
aGasaMSayatimirAdityasUtra	1895	2-286-a	absent	N	Y	N	{{Lbody=1895}}
aGasaMSayatimirAdityasUtra	9797	7-291-b	absent	N	Y	N	{{Lbody=9797}}
aGasaMgraha	1895	2-286-a	absent	N	Y	N	{{Lbody=1895}}
aGasaMgraha	9797	7-291-b	absent	N	Y	N	{{Lbody=9797}}
aGavivecana	1895	2-286-a	absent	N	Y	N	{{Lbody=1895}}
aGavivecana	9794	7-291-b	absent	N	Y	N	{#aGavivecana#}¦ 2.
aGawita	164	1-283-b	absent	N	Y	N	{#aGawita#}¦ Adj. {%nicht zu Stande gebracht, — hervorgebracht%} Ind. St. 15,332.
aGawita	1894	2-286-a	absent	N	Y	N	{#aGawita#}¦ auch {%unmöglich%} BHĀG. P. 6,16,44. PAÑCAT. 203,4.
aGawita	9787	7-291-b	absent	N	Y	N	{#aGawita#}¦ 1. 2.
aGazawka	1895	2-286-a	absent	N	Y	N	{{Lbody=1895}}
aGazawka	9797	7-291-b	absent	N	Y	N	{#aGazawka#}, {#aGasaMSayatimirAdityasUtra#} und {#aGasaMgraha#}¦ 2.
aGnyAtva	169	1-283-b	absent	N	Y	N	{#aGnyAtva/#}¦ n. Nom. abstr. von {#aGnyA#} MAITR. S. 4,2,12.
aGnyAtva	9804	7-291-b	absent	N	Y	N	{#aGnyAtva/#}¦ 1.
aGorakalpa	168	1-283-b	absent	N	Y	N	{#aGorakalpa#}¦ m. Name eines Kalpa HEMĀDRI 1,536,21.
aGorakalpa	9802	7-291-b	absent	N	Y	N	{#aGorakalpa#}¦ I. 1.
aKAdant	4970	4-291-a	absent	N	Y	N	{#aKAdant#}¦ auch {%nicht essend%} MBH. 13,115,41.
aKAdant	9640	7-290-c	absent	N	Y	N	{#aKAdant#}¦ I. 4.
aKaRqArTanirUpaRa	1850	2-285-c	absent	N	Y	N	{#aKaRqArTanirUpaRa#}¦ n. Titel eines Werkes ebend.
aKaRqArTanirUpaRa	9633	7-290-b	absent	N	Y	N	{#aKaRqArTanirUpaRa#}¦ 2.
aKaRqitAjYa	95	1-282-c	absent	N	Y	N	{#aKaRqitAjYa#}¦ Adj. {%dessen Befehle nicht verletzt werden%}. Nom. abstr. {#˚tva#} n. RĀJAT. 6,229.
aKaRqitAjYa	9634	7-290-c	absent	N	Y	N	{#aKaRqitAjYa#}¦ 1.
aKaRqopADi	9635	7-290-c	absent	N	Y	N	{#aKaRqopADi#}¦ m. {%eine mit Worten nicht zu erklärende Eigenschaft%} NYĀYAK. SĀṂKHYAPR. 67,3 v. u.
aKaRqyamAna	1851	2-285-c	absent	N	Y	N	{#aKaRqyamAna#}¦ Adj. {%dessen Selbstgefühl nicht zu brechen ist%} BHAṬṬ. 12,17.
aKaRqyamAna	9636	7-290-c	absent	N	Y	N	{#aKaRqyamAna#}¦ 2.
aKaYja	5990	5-240-b	absent	N	Y	N	{#aKaYja#}¦ Adj. {%nicht hinkend, hübsch gehend%} VĀSAV. 285,7.
aKaYja	9631	7-290-b	absent	N	Y	N	{#aKaYja#}¦ 5.
aKilalokanATa	5992	5-240-b	absent	N	Y	N	{#aKilalokanATa#}¦ m. {%Beschützer aller Welten%} (Viṣṇu) BHĀG. P. 2,7,15.
aKilalokanATa	9642	7-290-c	absent	N	Y	N	{#aKilalokanATa#}¦ 5.
aKileSvara	4971	4-291-a	absent	N	Y	N	{#aKileSvara#}¦ m. {%Weltherrscher%} BHĀM. V. 2,79.
aKileSvara	9643	7-290-c	absent	N	Y	N	{#aKileSvara#}¦ 4.
aMSagrAhin	3239	3-246-b	absent	N	Y	N	{#aMSagrAhin#}¦ Adj. {%ein Erbtheil empfangend%} VIṢṆUS. 15,39.
aMSagrAhin	9411	7-289-a	absent	N	Y	N	{#aMSagrAhin#}¦ 3.
aMSaprAsa	22070	7-384-1a	absent	N	Y	N	{#aMSaprAsa/#}¦ m. Aṃśaʼs {%Wurf%} MAITR. S. 1,6,12 (105,1).
aMSitva	3240	3-246-b	absent	N	Y	N	{#aMSitva#}¦ n. {%Theilhaberschaft%} BṚHASP.
aMSitva	9413	7-289-a	absent	N	Y	N	{#aMSitva#}¦ 3.
aMSukapallava	3241	3-246-b	absent	N	Y	N	{#aMSukapallava#}¦ {%Schärpe%} Spr. 2931. 5822. RĀJAT. 4,576.
aMSukapallava	9415	7-289-a	absent	N	Y	N	{#aMSukapallava#}¦ 3.
aMSumadBedasaMgraha	1770	2-285-a	absent	N	Y	N	{#aMSumadBedasaMgraha#}¦ m. Titel eines Werkes OPP. Cat. 1.
aMSumadBedasaMgraha	9417	7-289-a	absent	N	Y	N	{#aMSumadBedasaMgraha#}¦ 2.
aMsoccala	3243	3-246-c	absent	N	Y	N	{#aMsoccala#}¦ m. Du. {%die Schulterknochen%} ĀPAST. ŚR. 7,14,2.
aMsoccala	9419	7-289-a	absent	N	Y	N	{{Lbody=9419}}
aNgAraDUmavant	1906	2-286-b	absent	N	Y	N	{#aNgAraDUmavant#}¦ Adj. {%Kohlen und Rauch zeigend%} MBH. 3,39,60.
aNgAraDUmavant	9846	7-291-c	absent	N	Y	N	{#aNgAraDUmavant#} und {#aNgAranAqi#}¦ 2.
aNgArakA	9843	7-291-c	absent	N	Y	N	{#aNgArakA#}¦ (!) f. N. pr. einer Rākṣasī R. ed. Bomb. 4,41,26.
aNgArakalikA	180	1-283-c	absent	N	Y	N	{#aNgArakalikA#}¦ f. N. pr. einer Surāṅganā Ind. St. 15,241.
aNgArakalikA	9842	7-291-c	absent	N	Y	N	{#aNgArakalikA#}¦ 1.
aNgAranAqi	1907	2-286-b	absent	N	Y	N	{#aNgAranAqi#}¦ f. Titel eines Werkes OPP. Cat. 1.
aNgAranAqi	9846	7-291-c	absent	N	Y	N	{{Lbody=9846}}
aNgArasAt	6022	5-240-c	absent	N	Y	N	{#aNgArasAt#}¦ Adv. mit {#kar#} {%auf Kohlen legen%} Comm. zu ĀPAST. ŚR. 13,24,18.
aNgArasAt	9847	7-291-c	absent	N	Y	N	{{Lbody=9847}}
aNgAravAhikA	6021	5-240-c	absent	N	Y	N	{#aNgAravAhikA#}¦ f. N. pr. eines Flusses MATSYAP. 22,35.
aNgAravAhikA	9847	7-291-c	absent	N	Y	N	{#aNgAravAhikA#} und {#aNgArasAt#}¦ 5.
aNgAreSvara	6024	5-240-c	absent	N	Y	N	{#aNgAreSvara#}¦ N. pr. eines Tīrtha MATSYAP. 189,9. 190,58.
aNgAreSvara	9851	7-291-c	absent	N	Y	N	{#aNgAreSvara#}¦ 5.
aNgaBUta	6017	5-240-c	absent	N	Y	N	{#aNgaBUta#}¦ n. N. pr. eines Tīrtha MATSYAP. 22,51.
aNgaBUta	9830	7-291-c	absent	N	Y	N	{#aNgaBUta#}¦ 5.
aNgaBaNga	3311	3-247-b	absent	N	Y	N	{#aNgaBaNga#}¦ m. (adj. Comp. f. {#A#}) {%das Strecken%} oder {%Dehnen der Glieder%} CAURAP. (A.) 92. 95. 103.
aNgaBaNga	9829	7-291-c	absent	N	Y	N	{#aNgaBaNga#}¦ I. 3. Wohl {%Gliederbruch%} SUBHĀṢITĀV. 604.
aNgaGawanA	1901	2-286-b	absent	N	Y	N	{#aNgaGawanA#}¦ f. {%Körperbewegung%}.
aNgaGawanA	9823	7-291-c	absent	N	Y	N	{#aNgaGawanA#}¦ 2.
aNgaSuSrUzaka	179	1-283-c	absent	N	Y	N	{#aNgaSuSrUzaka#}¦ m. {%Leibdiener%}. f. {#A#} Ind. St. 15,444.
aNgaSuSrUzaka	9839	7-291-c	absent	N	Y	N	{{Lbody=9839}}
aNgadinna	9827	7-291-c	absent	N	Y	N	{#aNgadinna#}¦ m. N. pr. eines Fürsten JĀTAKAM. 29.
aNgakramalakzaRa	1900	2-286-b	absent	N	Y	N	{#aNgakramalakzaRa#}¦ n. Titel eines Werkes OPP. Cat. 1.
aNgakramalakzaRa	9821	7-291-c	absent	N	Y	N	{{Lbody=9821}}
aNgalatikA	4984	4-291-a	absent	N	Y	N	{#aNgalatikA#}¦ f. {%ein schlanker Körper%} UTTARAR. 56,6 (72,12).
aNgalatikA	9834	7-291-c	absent	N	Y	N	{#aNgalatikA#}¦ 4.
aNgalepA	9835	7-291-c	absent	N	Y	N	{#aNgalepA#}¦ f. N. pr. einer Stadt R. ed. Bomb. 4,42,14.
aNgaloman	6018	5-240-c	absent	N	Y	N	{#aNgaloman#}¦ n. Pl. {%die Haare am Körper%} (Gegensatz {#keSAnta#}) GOBH. 3,1,4.
aNgaloman	9836	7-291-c	absent	N	Y	N	{#aNgaloman#}¦ 5.
aNgapragraha	4982	4-291-a	absent	N	Y	N	{#aNgapragraha#}¦ m. {%dämonisches Packen der Glieder, Gliederschmerz%} SUŚR. 2,231,15. {#sarvANga˚#} 1,281,9.
aNgapragraha	9828	7-291-c	absent	N	Y	N	{#aNgapragraha#}¦ 4.
aNgatas	3310	3-247-b	absent	N	Y	N	{#aNgatas#}¦ Adv. {%an den Gliedern%} ĀPAST. ŚR. 7,12,2.
aNgatas	9825	7-291-c	absent	N	Y	N	{#aNgatas#}¦ 3.
aNgatvanirukti	1902	2-286-b	absent	N	Y	N	{#aNgatvanirukti#}¦ f. Titel eines Werkes OPP. Cat. 1.
aNgatvanirukti	9826	7-291-c	absent	N	Y	N	{#aNgatvanirukti#}¦ 2.
aNgavAdA	177	1-283-c	absent	N	Y	N	{#aNgavAdA#}¦ f. N. pr. der Gattin Bhavaʼs HEMĀDRI 1,799,2.
aNgavAdA	9837	7-291-c	absent	N	Y	N	{#aNgavAdA#}¦ 1.
aNgulIPaRahastaka	4985	4-291-a	absent	N	Y	N	{#*aNgulIPaRahastaka#}¦ Adj. {%klumphändig%} VYUTP. 204.
aNgulIPaRahastaka	9857	7-291-d	absent	N	Y	N	{#aNgulIPaRahastaka#}¦ 4.
aNgulIvikzepam	9859	7-291-d	absent	N	Y	N	{#aNgulIvikzepam#}¦ Absol. {%die Finger hinundher bewegend%} JĀTAKAM. 31.
aNgulya	8203	6-293-a	absent	N	Y	N	{#aNgulya#}¦ (?) VASIṢṬHA 3,65.
aNgulya	9860	7-291-d	absent	N	Y	N	{#aNgulya#}¦ 6.
aNguzWaka	183	1-283-c	absent	N	Y	N	{#aNguzWaka#}¦ n. = {#aNguzWa#} 1〉 und 2〉 AGNI-P. 23,21. 24,13. 14.
aNguzWaka	9861	7-291-d	absent	N	Y	N	{#aNguzWaka#}¦ 1.
aNguzWaviBedika	8204	6-293-a	absent	N	Y	N	{#aNguzWaviBedika#}¦ n. {%Fausthandschuhe%} KĀRAṆḌ. 78,21.
aNguzWaviBedika	9862	7-291-d	absent	N	Y	N	{#aNguzWaviBedika#}¦ 6.
aNkAy	4981	4-291-a	absent	N	Y	N	{#aNkAy#}¦, {#˚yate#} {%den Fleck im Monde darstellen%} BHĀM. V. 2,97.
aNkAy	9809	7-291-b	absent	N	Y	N	{#aNkAy#}¦ 4.
aNkUray	9819	7-291-c	absent	N	Y	Y	{#aNkUray#}¦ {%spriessen lassen%} PĀRV. 591,31.
aNkanaSAstra	1898	2-286-a	absent	N	Y	N	{#aNkanaSAstra#}¦ n. Titel eines Werkes OPP. Cat. 1 [Page2-286-b] ({#aNkaRa˚#} gedr.).
aNkanaSAstra	9807	7-291-b	absent	N	Y	N	{#aNkanaSAstra#}¦ 2.
aNkatA	170	1-283-b	absent	N	Y	N	{#aNkatA#}¦ f. Nom. abstr. zu {#aNka#} 5〉 NAIṢ. 1,8.
aNkatA	9806	7-291-b	absent	N	Y	N	{#aNkatA#}¦ 1.
aNkuSaDara	9817	7-291-c	absent	N	Y	N	{#aNkuSaDara#}¦ Adj. {%einen Haken zum Antreiben des Elephanten tragend%} MBH. 5,155,17.
aNkuSaKewin	174	1-283-c	absent	N	Y	N	{#aNkuSaKewin#}¦ Adj. {%mit einem Haken und einem Schilde versehen%} HEMĀDRI 2,a,93,16.
aNkuSaKewin	9816	7-291-c	absent	N	Y	N	{#aNkuSaKewin#}¦ I. 1.
aNkuSeSvara	6015	5-240-c	absent	N	Y	N	{#aNkuSeSvara#}¦ N. pr. eines Tīrtha an der Narmadā MATSYAP. 191,1.
aNkuSeSvara	9818	7-291-c	absent	N	Y	N	{#aNkuSeSvara#}¦ 5.
aNkur	9811	7-291-b	absent	N	Y	N	{#aNkur#}¦, {#aNkurati#} {%schiessen, aufschiessen%} PĀRV. 595,1. 603,10. Hierher gehört das u. {#aNkuray#} stehende {#a
aNkurArpaRaviDi	172	1-283-c	absent	N	Y	N	{#aNkurArpaRaviDi#}¦ m. Titel eines Werkes BÜHLER, Rep. No. 561.
aNkuray	6013	5-240-c	absent	N	Y	Y	{#aNkuray#}¦ auch so v. a. {%bewirken%} SUBHĀṢITĀV. 1489.
aNkuray	9812	7-291-b	absent	N	Y	Y	{#aNkuray#}¦ I. 5.
aPUtkArya	5208	4-293-c	absent	N	Y	N	{#aPUtkArya#}¦ Adj. {%worauf man nicht zu blasen braucht%} KATHĀS. 124,148.
aPUtkArya	12097	7-305-b	absent	N	Y	N	{#aPUtkArya#}¦ 4.
aPalIkfta	2327	2-290-c	absent	N	Y	N	{#aPalIkfta#}¦ Pl. {%unenthülste Reiskörner%} ĀPAST. ŚR. 15,5,20.
aPalIkfta	3794	3-252-c	absent	N	Y	N	{#aPalIkfta#}¦ (Nachtr. 2) Adj. {%unenthülst%} MĀN. GṚHY. 2,14.
aPalIkfta	12096	7-305-b	absent	N	Y	N	{#aPalIkfta#}¦ 2. 3.
aPalavant	3793	3-252-c	absent	N	Y	N	{#aPalavant#}¦ Adj. {%keinen Lohn bringend, nicht mit Folgen verbunden%} MBH. 3,31,31.
aPalavant	12095	7-305-b	absent	N	Y	N	{#aPalavant#}¦ 3.
aRRAdIkzita	1971	2-287-a	absent	N	Y	N	{#aRRAdIkzita#}¦ m. N. pr. eines Autors. {#˚tIya#} n. Titel seines Werkes OPP. Cat. 1.
aRRAdIkzita	10026	7-292-d	absent	N	Y	N	{#aRRAdIkzita#}¦ 2.
aRUkARqa	4998	4-291-b	absent	N	Y	N	{#aRUkARqa#}¦ Adj. (f. {#A#}) {%mit dünnen Halmen%} Citat im Comm. zu ĀPAST. ŚR. 11,8,1.
aRUkARqa	10020	7-292-c	absent	N	Y	N	{#aRUkARqa#}¦ 4.
aRUka	10019	7-292-c	absent	N	Y	N	{#aRUka#}¦ in {#fzyaRUka#} und {#devatARUka#} BAUDH. GṚHY. 2,2 bei HAR. zu ĀPAST. GṚHY. 15,9 fehlerhaft für {#anUka#}.
aRahilapAwaka	6049	5-241-a	absent	N	Y	N	{#aRahilapAwaka#}¦ N. pr. einer Stadt (Anhalvār) Ind. Antiq. 6,195. fgg.
aRahilapAwaka	10009	7-292-c	absent	N	Y	N	{#aRahilapAwaka#}¦ 5.
aRika	241	1-284-b	absent	N	Y	N	{#aRika#}¦ Adj. {%vom Sohne lernend%} ĀPAST.
aRika	1967	2-287-a	absent	N	Y	N	{#aRika#}¦, nach Andern {%Geld verleihend%}.
aRika	8209	6-293-a	absent	N	Y	N	{#aRika#}¦ (Nachtr. 1 und 2) zu streichen, da {#fRika#} zu lesen ist.
aRika	10011	7-292-c	absent	N	Y	N	{#aRika#}¦ 1. 2. 6.
aRqAraka	247	1-284-b	absent	N	Y	N	{#*aRqAraka#}¦ m. N. pr. eines Mannes. Pl. {%sein Geschlecht%} KĀŚ. zu P. 2,4,69.
aRqAraka	10025	7-292-d	absent	N	Y	N	{{Lbody=10025}}
aRqAta	246	1-284-b	absent	N	Y	N	{{Lbody=246}}
aRqAta	10025	7-292-d	absent	N	Y	N	{#aRqAta#}, {#aRqAraka#} und {#aRqikA#}¦ 1.
aRqaBedana	3335	3-247-c	absent	N	Y	N	{#aRqaBedana#}¦ n. {%das Platzen des Eies%}. {#˚naM kriyate#} so v. a. {%das Eis schmilzt%} MAHĀVĪRAC. 45,14.
aRqaBedana	10024	7-292-d	absent	N	Y	N	{#aRqaBedana#}¦ 3.
aRqantara	246	1-284-b	absent	N	Y	N	{#aRqantara#} und {#aRqAta#}¦ {%eine Art Tanz%} S. S. S. 261.
aRqantara	10023	7-292-d	absent	N	Y	N	{#aRqantara#}¦ 1.
aRujyotis	244	1-284-b	absent	N	Y	N	{#aRujyotis#}¦ Adj. {%trübsinnig%} CARAKA 5,11.
aRujyotis	10015	7-292-c	absent	N	Y	N	{#aRujyotis#}¦ 1.
aSA	3969	3-254-c	absent	N	Y	N	{#aSA#}¦ f. {%das Essen%} in {#mAMsASA/#}.
aSA	5353	4-295-c	absent	N	Y	N	{#aSA#}¦ (Nachtr. 3) zu streichen; vgl. {#mAMsASA/#}.
aSA	13340	7-313-a	absent	N	Y	N	{#aSA#}¦ 3. 4.
aSAKAja	3970	3-254-c	absent	N	Y	N	{#aSAKAja#}¦ Adj. {%nicht auf einem Zweige gewachsen%} ĀPAST. ŚR. 7,1,17.
aSAKAja	13341	7-313-a	absent	N	Y	N	{#aSAKAja#}¦ 3.
aSAntikft	2497	2-292-b	absent	N	Y	N	{#aSAntikft#}¦ Adj. {%der keine Ceremonie zur Verhütung übler Folgen vollbracht hat%} ĀPAST. ŚR. 15,21,12.
aSAntikft	13343	7-313-a	absent	N	Y	N	{#aSAntikft#} und {#aSAstravidvaMs#}¦ 2.
aSAstravidvaMs	2498	2-292-b	absent	N	Y	N	{#aSAstravidvaMs#}¦ Adj. {%ungelehrt%} HARIV. 1159.
aSAstravidvaMs	13343	7-313-a	absent	N	Y	N	{{Lbody=13343}}
aSETilya	8506	6-296-c	absent	N	Y	N	{#aSETilya#}¦ n. {%eine feste Verbindung%} VĀGBHAṬA 1,17.
aSETilya	13373	7-313-b	absent	N	Y	N	{#aSETilya#}¦ 6.
aSEvala	13374	7-313-b	absent	N	Y	N	{#aSEvala#}¦ Adj. (f. {#A#}) {%ohne Blyxa octandra%} R. ed. Bomb. 3,73,11.
aSIrRAgra	1377	1-295-b	absent	N	Y	N	{#aSIrRAgra#}¦ Adj. {%mit nicht abgebrochener Spitze%} KARMAPR. 15,19.
aSIrRAgra	13359	7-313-a	absent	N	Y	N	{{Lbody=13359}}
aSItamarIci	6652	5-247-c	absent	N	Y	N	{{Lbody=6652}}
aSItamarIci	13355	7-313-a	absent	N	Y	N	{{Lbody=13355}}
aSItikApara	2499	2-292-b	absent	N	Y	N	{#aSItikApara#}¦ Adj. {%über 80 Jahre alt%} MBH. 7,125,73, v. l.
aSItikApara	13357	7-313-a	absent	N	Y	N	{#aSItikApara#} und {#aSItipaYcaka#}¦ (vgl. MBH. 7,192,64. 193,43) 2.
aSItipaYcaka	2500	2-292-b	absent	N	Y	N	{#aSItipaYcaka#}¦ Adj. {%85jährig%} MBH. 7,125,73. Nach NĪLAK. {%400jährig%}.
aSItipaYcaka	13357	7-313-a	absent	N	Y	N	{{Lbody=13357}}
aSItisAhasra	3973	3-254-c	absent	N	Y	N	{#aSItisAhasra#}¦ Adj. (f. {#A#}) 1〉 Sg. {%aus 80000 bestehend%} R. 5,38,23. — 2〉 Pl. {%80000%} R. 5,56,118.
aSItisAhasra	13358	7-313-a	absent	N	Y	N	{#aSItisAhasra#}¦ 3.
aSOcaka	1383	1-295-c	absent	N	Y	N	{#aSOcaka#}¦ Adj. {%unrein%} HEMĀDRI 1,603,7.
aSOcaka	8511	6-296-c	absent	N	Y	N	{#aSOcaka#}¦ (Nachtr. 1) auch n. {%Verunreinigung%} MBH. 12,98,45.
aSOcaka	13384	7-313-b	absent	N	Y	N	{#aSOcaka#}¦ 1. 6.
aSOcin	8512	6-296-c	absent	N	Y	N	{#aSOcin#}¦ Adj. {%unrein%} (in rituellem Sinne) MIT. 3,1,a,6. KULL. zu M. 5,84.
aSOcin	13385	7-313-b	absent	N	Y	N	{#aSOcin#}¦ 6.
aSOklya	8509	6-296-c	absent	N	Y	N	{#*aSOklya#}¦ n. Nom. abstr. PAT. zu P. 5,1,119, Vārtt. 10.
aSOklya	13382	7-313-b	absent	N	Y	N	{#aSOklya#}¦ 6.
aSUnyArTa	1379	1-295-b	absent	N	Y	N	1. {#aSUnyArTa#}¦ m. {%Aufklärung%} MUDRĀR. 168,4 (n. A.). [Page1-295-c] {#˚m#} Adv. {%zur A.%} 108,2. 115,15 (176,9).
aSUnyArTa	1380	1-295-c	absent	N	Y	N	2. {#aSUnyArTa#}¦ Adj. {%klar, verständlich%} MUDRĀR. (a. A.) 109,2.
aSUnyArTa	13369	7-313-b	absent	N	Y	N	{#aSUnyArTa#}¦ 1.
aSaWaDI	8494	6-296-b	absent	N	Y	N	{#aSaWaDI#}¦ Adj. {%nicht von falscher Gesinnung, ehrlich%} BHĀG. P. 8,22,23.
aSaWaDI	13324	7-313-a	absent	N	Y	N	{#aSaWaDI#}¦ 6.
aSakalIkaraRa	1361	1-295-b	absent	N	Y	N	{#aSakalIkaraRa#}¦ Adj. {%wobei keine Zerstückelung stattfindet%} HARṢAC. 126,3.
aSaktaBartfkA	3967	3-254-b	absent	N	Y	N	{#aSaktaBartfkA#}¦ Adj. f. {%einen schwachen Mann habend%} VIṢṆUS. 5,18.
aSaktaBartfkA	13320	7-312-d	absent	N	Y	N	{#aSaktaBartfkA#}¦ 3.
aSaktimant	1363	1-295-b	absent	N	Y	N	{#aSaktimant#}¦ Adj. {%unvermögend%} HEMĀDRI 1,355,3.
aSaktimant	13321	7-312-d	absent	N	Y	N	{#aSaktimant#}¦ 1.
aSakunI	1362	1-295-b	absent	N	Y	N	{#aSakunI#}¦ Adv. mit {#BU#} {%zu einem bösen Omen werden%} NAIṢ. 3,9.
aSakyasamucCeda	8493	6-296-b	absent	N	Y	N	{#aSakyasamucCeda#}¦ Adj. {%unvernichtbar%} WILSON, SĀṂKHYAK. S. 8 (zu lesen {#syAdvASakyasa˚#}). Nom. abstr. {#˚tA#} f.
aSakyasamucCeda	13322	7-313-a	absent	N	Y	N	{#aSakyasamucCeda#}¦ 6.
aSanEs	6645	5-247-c	absent	N	Y	N	{#aSanEs#}¦ Adv. {%heftig, in hohem Grade%} ŚIŚ. 15,3.
aSanEs	13330	7-313-a	absent	N	Y	N	{#aSanEs#}¦ 5.
aSarkara	13335	7-313-a	absent	N	Y	N	{#aSarkara#}¦ Adj. (f. {#A#}) {%ohne Gries, — Steinchen%} R. ed. Bomb. 3,73,11.
aSastArTAntara	8497	6-296-b	absent	N	Y	N	{#aSastArTAntara#}¦ Adj. {%von ominöser Nebenbedeutung%} ebend.
aSastArTAntara	13336	7-313-a	absent	N	Y	N	{{Lbody=13336}}
aSastArTa	8496	6-296-b	absent	N	Y	N	{#aSastArTa#}¦ Adj. {%von ominöser Bedeutung%} ebend.
aSastArTa	13336	7-313-a	absent	N	Y	N	{{Lbody=13336}}
aSastasmftihetu	8495	6-296-b	absent	N	Y	N	{#aSastasmftihetu#}¦ m. {%die Ursache einer ominösen Ideenassociation%} SARASVATĪK. 5,16.
aSastasmftihetu	13336	7-313-a	absent	N	Y	N	{#aSastasmftihetu#}, {#aSastArTa#} und {#aSastArTAntara#}¦ 6.
aSastravaDa	8498	6-296-b	absent	N	Y	N	{#aSastravaDa#}¦ m. {%ein Mord ohne Waffe%} Spr. 5530.
aSastravaDa	13338	7-313-a	absent	N	Y	N	{#aSastravaDa#}¦ 6.
aSastravaDya	13339	7-313-a	absent	N	Y	N	{#aSastravaDya#}¦ Adj. {%durch keine Waffe zu tödten%}. Nom. abstr. {#˚tA#} f. R. ed. Bomb. 4,66,27.
aSatavarza	1365	1-295-b	absent	N	Y	N	{#aSatavarza#}¦ Adj. {%noch nicht hundert Jahre alt%} PĀR. GṚHY. 3,10,4.
aSatavarza	13325	7-313-a	absent	N	Y	N	{#aSatavarza#}¦ 1.
aSayAna	1367	1-295-b	absent	N	Y	N	{#aSayAna#}¦ Adj. {%nicht liegend%} ebend. 1,253,16.
aSayAna	13331	7-313-a	absent	N	Y	N	{#aSayAna#}¦ 1.
aSfRya	8505	6-296-c	absent	N	Y	N	{#aSfRya#}¦ Adj. s. u. {#asfRya#}.
aSfRya	13370	7-313-b	absent	N	Y	N	{#aSfRya#}¦ 6.
aSiTilatva	8499	6-296-b	absent	N	Y	N	{#*aSiTilatva#}¦ n. Nom. abstr. PAT. zu P. 5,1,119, Vārtt. 9.
aSiTilatva	13348	7-313-a	absent	N	Y	N	{#aSiTilatva#}¦ 6.
aSilpajIvin	1375	1-295-b	absent	N	Y	N	{#aSilpajIvin#}¦ Adj. {%von keinem Handwerk lebend%} MBH. 1,91,5.
aSilpajIvin	13351	7-313-a	absent	N	Y	N	{{Lbody=13351}}
aSimidviz	6650	5-247-c	absent	N	Y	N	{#aSimidvi/z#}¦ TAITT. ĀR. 1,9,5.
aSimidviz	13349	7-313-a	absent	N	Y	N	{#aSimidvi/z#}¦ 5 zu streichen.
aSirogrIva	1373	1-295-b	absent	N	Y	N	{#aSirogrIva#}¦ Adj. {%ohne Kopf und Hals%} R. 3,74,14.
aSirogrIva	13351	7-313-a	absent	N	Y	N	{{Lbody=13351}}
aSizwAgatamArga	8500	6-296-b	absent	N	Y	N	{#aSizwAgatamArga#}¦ Adj. {%den Weg Ungebildeter (Ungesitteter) betretend%} MBH. 5,95,10.
aSizwAgatamArga	13353	7-313-a	absent	N	Y	N	{#aSizwAgatamArga#} und {#aSizyatva#}¦ 6.
aSizyatva	8501	6-296-c	absent	N	Y	N	{#aSizyatva#}¦ n. {%das Nichtgelehrtwerden%} (einer Sache).
aSizyatva	13353	7-313-a	absent	N	Y	N	{{Lbody=13353}}
aSlakzRa	13407	7-313-c	absent	N	Y	N	{#aSlakzRa#}¦ Adj. (f. {#A#}) {%keine zarte Haut habend%} HAR. zu ĀPAST. GṚHY. 3,11.
aSmavarzavant	13389	7-313-b	absent	N	Y	N	{#aSmavarzavant#}¦ Adj. {%Steine regnend%} R. ed. Bomb. 3,22,24.
aSoPayuta	3975	3-254-c	absent	N	Y	N	{#aSoPayuta#}¦ Adj. {%ohne Geschwülste, — Geschwüre%} SUŚR. 2,312,13.
aSoPayuta	13381	7-313-b	absent	N	Y	N	{#aSoPayuta#}¦ 3.
aSokAKya	1382	1-295-c	absent	N	Y	N	{#aSokAKya#}¦ n. {%das%} Aśoka-{%Wäldchen auf%} Laṅkā AGNI-P. 7,18.
aSokAKya	13378	7-313-b	absent	N	Y	N	{#aSokAKya#}¦ 1.
aSokI	2502	2-292-c	absent	N	Y	N	{#aSokI#}¦ Adv. mit {#kar#} {%von Kummer befreien%} und zugleich {%zu einem%} Aśoka-{%Baum machen%} Z. d. d. m. G. 27,81
aSokI	13379	7-313-b	absent	N	Y	N	{#aSokI#}¦ 2.
aSokavarRa	1381	1-295-c	absent	N	Y	N	{#aSokavarRa#}¦ Adj. N. pr. eines Cakravartin DIVYĀV. 55.
aSokavarRa	13376	7-313-b	absent	N	Y	N	{#aSokavarRa#}¦ 1.
aSrAmaRya	13393	7-313-b	absent	Y	Y	N	{#*aSrAmaRya#}¦ n. {%Mangel an Ehrfurcht vor%} Śramaṇa MAHĀVY. 127.
aSrAvayant	1386	1-295-c	absent	N	Y	N	{#aSrAvayant#}¦ Adj. {%Jmd%} (Acc.) {%Etwas nicht hören lassend%} HEMĀDRI 1,525,1.
aSrAvayant	13394	7-313-b	absent	N	Y	N	{#aSrAvayant#}¦ 1.
aSrUyamARa	1389	1-295-c	absent	N	Y	N	{#aSrUyamARa#}¦ Adj. {%was nicht gehört%} oder {%gelehrt wird%} HEMĀDRI 1,238,13.
aSrUyamARa	13404	7-313-c	absent	N	Y	N	{#aSrUyamARa#}¦ 1.
aSrotar	1390	1-295-c	absent	N	Y	N	{#aSrota/r#}¦.
aSrotar	13405	7-313-c	absent	N	Y	N	{#aSrota/r#}¦ I. 1.
aSrutIpaTa	8516	6-296-c	absent	N	Y	N	{#aSrutIpaTa#}¦ (metrisch) m. Acc. mit {#yA#} so v. a. {%in Vergessenheit gerathen%} MBH. 12,11,17.
aSrutIpaTa	13399	7-313-b	absent	N	Y	N	{{Lbody=13399}}
aSrutiviroDin	8515	6-296-c	absent	N	Y	N	{#aSrutiviroDin#}¦ Adj. {%mit der heiligen Schrift nicht im Widerspruch stehend%} ŚIŚ. 14,37.
aSrutiviroDin	13399	7-313-b	absent	N	Y	N	{#aSrutiviroDin#} und {#aSrutIpaTa#}¦ 6.
aSuBaBAvanA	13366	7-313-b	absent	Y	Y	N	{#*aSuBaBAvanA#}¦ f. {%fromme Betrachtungen über das Unerfreuliche des Lebens%} MAHĀVY. 52 in der Unterschr.
aSuBalakzaRa	13367	7-313-b	absent	N	Y	N	{#aSuBalakzaRa#}¦ Adj. (f. {#A#}) {%mit ungünstigen Merkmalen%} HAR. zu ĀPAST. GṚHY. 3,11.
aSuDyamAna	6654	5-247-c	absent	N	Y	N	{#aSuDyamAna#}¦ Adj. {%nicht rein werdend%} SUŚR. 1,15,16.
aSuDyamAna	13363	7-313-b	absent	N	Y	N	{#aSuDyamAna#}¦ 5.
aSucivarRa	8502	6-296-c	absent	N	Y	N	{#aSucivarRa#}¦ Adj. {%von unreiner Farbe%}. Nom. abstr. {#˚tA#} f. KĀM. NĪTIS. 7,22.
aSucivarRa	13360	7-313-b	absent	N	Y	N	{#aSucivarRa#}¦ 6.
aSvAvant	1403	1-295-c	absent	N	Y	Y	{#aSvAvant#}¦, lies {#aSvAvatI#}.
aSvAvant	13442	7-313-d	absent	N	Y	Y	{#aSvAvant#}¦ I. 1.
aSvakAya	13411	7-313-c	absent	Y	Y	N	{#*aSvakAya#}¦ m. {%Cavallerie%} MAHĀVY. 183.
aSvalakzaRa	2506	2-292-c	absent	N	Y	N	{#aSvalakzaRa#}¦ n. Titel eines Werkes OPP. Cat. 1.
aSvalakzaRa	13428	7-313-c	absent	N	Y	N	{#aSvalakzaRa#}¦ 2.
aSvameDavant	1396	1-295-c	absent	N	Y	N	{#aSvameDa/vant#}¦.
aSvameDavant	13427	7-313-c	absent	N	Y	N	{#aSvameDa/vant#}¦ I. 1.
aSvapAdAtasArameyamaya	2505	2-292-c	absent	N	Y	N	{#aSvapAdAtasArameyamaya#}¦ Adj. (f. {#I#}) {%aus Reitern, Fussgängern und Hunden bestehend%} KATHĀS. 27,150.
aSvapAdAtasArameyamaya	13421	7-313-c	absent	N	Y	N	{#aSvapAdAtasArameyamaya#}¦ 2.
aSvapraTama	3981	3-254-c	absent	N	Y	N	{#aSvapraTama#}¦ Adj. {%mit dem Rosse%} — oder {%den Rossen voran%} MĀN. ŚR. 1,5,4.
aSvapraTama	13425	7-313-c	absent	N	Y	N	{#aSvapraTama#}¦ 3.
aSvasta	8518	6-296-c	absent	N	Y	N	{#*aSvasta#}¦ Adj. P. 7,2,16, Sch. fehlerhaft für {#ASvasta#}, wie KĀŚ. liest.
aSvasta	13436	7-313-c	absent	N	Y	N	{#aSvasta#}¦ 6.
aSvatIrTaka	1393	1-295-c	absent	N	Y	N	{#aSvatIrTaka#}¦ m. N. pr. eines Schlangendämons DIVYĀV. 72.
aSvatIrTaka	13415	7-313-c	absent	N	Y	N	{#aSvatIrTaka#}¦ 1.
aSvavant	1397	1-295-c	absent	N	Y	Y	{#aSvavant#}¦ Adj. {%das Wort%} {#aSva#} {%enthaltend%} TĀṆḌYA-BR. 12,4,15.
aSvavant	13429	7-313-c	absent	N	Y	Y	{#a/Svavant#}¦ I. 1.
aTarvaRaSIrzopanizad	2069	2-288-a	absent	N	Y	N	{{Lbody=2069}}
aTarvaRaSIrzopanizad	10415	7-295-a	absent	N	Y	N	{{Lbody=10415}}
aTarvaRaSikzA	2069	2-288-a	absent	N	Y	N	{{Lbody=2069}}
aTarvaRaSikzA	10415	7-295-a	absent	N	Y	N	{{Lbody=10415}}
aTarvaRacandrakAlitantra	2069	2-288-a	absent	N	Y	N	{#aTarvaRacandrakAlitantra#} n., {#aTarvaRaSikzA#} f., {#aTarvaRaSIrzopanizad#} f. und {#aTarvaRopanizad#} f.¦ Titel von
aTarvaRacandrakAlitantra	10415	7-295-a	absent	N	Y	N	{#aTarvaRacandrakAlitantra#}, {#aTarvaRaSikzA#}, {#aTarvaRaSIrzopanizad#} und {#aTarvaRopanizad#}¦ 2.
aTarvaRopanizad	2069	2-288-a	absent	N	Y	N	{{Lbody=2069}}
aTarvaRopanizad	10415	7-295-a	absent	N	Y	N	{{Lbody=10415}}
aTarvamaya	3417	3-248-b	absent	N	Y	N	{#aTarvamaya#}¦ Adj. {%aus dem%} Atharvaveda {%bestehend, den%} A. {%in sich enthaltend%} VP. 4,1,12.
aTarvamaya	10416	7-295-a	absent	N	Y	N	{#aTarvamaya#}¦ 3.
aYjalipragraha	4995	4-291-b	absent	N	Y	N	1. {#aYjalipragraha#}¦ m. {%das Vorstrecken der hohl aneinander gelegten Hände%}. {#sAYja˚#} Adj. = 2. {#aYjalipragraha#
aYjalipragraha	4996	4-291-b	absent	N	Y	N	2. {#aYjalipragraha#}¦ Adj. (f. {#A#}) {%die hohlen Hände an einander legend%} MBH. 12,342,124. 13,140,36.
aYjalipragraha	10000	7-292-c	absent	N	Y	N	{#aYjalipragraha#}¦ 4.
aYjalivEBava	1966	2-286-c	absent	N	Y	N	{#aYjalivEBava#}¦ n. Titel eines Werkes OPP. Cat. 1.
aYjalivEBava	10001	7-292-c	absent	N	Y	N	{#aYjalivEBava#}¦ 2.
aYjanABa	237	1-284-a	absent	N	Y	Y	{#aYjanABa#}¦ m. auch Bein. Rāhuʼs KĀLAC. 1,126.
aYjanABa	9997	7-292-c	absent	N	Y	Y	{#aYjanABa#}¦ I. 1.
aYjanaparvan	9996	7-292-c	absent	N	Y	N	{#aYjanaparvan#}¦ m. N. pr. eines Rākṣasa MBH. 7,156,81. 83 u. s. w.
aYjanika	238	1-284-a	absent	N	Y	Y	{#*aYjanika#}¦ gaṇa {#purohitAdi#}.
aYjanika	9998	7-292-c	absent	N	Y	Y	{#aYjanika#}¦ 1.
aYjogati	10002	7-292-c	absent	N	Y	N	{#aYjogati#}¦ Adj. {%geradeaus fliegend%} (Pfeil) MBH. 7,156,170. 161,6. 8,12,34.
abADamAna	1035	1-292-a	absent	N	Y	N	{#abADamAna#}¦ Adj. {%nicht hemmend%} NAIṢ. 6,54.
abADamAna	12111	7-305-b	absent	N	Y	N	{#abADamAna#}¦ 1.
abAleya	5221	4-294-a	absent	N	Y	N	{#abAleya#}¦ m. {%kein%} Bāleya KĀTY. ŚR. 10,2,21 ({#avAleya#}).
abAleya	12114	7-305-b	absent	N	Y	N	{#abAleya#}¦ 4.
abBogIna	5226	4-294-a	absent	N	Y	N	{#*abBogIna#}¦ Adj. MAHĀBH. 5,4,b.
abBogIna	12129	7-305-b	absent	N	Y	N	{#abBogIna#}¦ 4.
abahirBAva	5212	4-294-a	absent	N	Y	N	{#abahirBAva#}¦ m. {%das Nichtausserhalbsein%} Comm. zu KĀTY. ŚR. 9,18.
abahirBAva	12105	7-305-b	absent	N	Y	N	{{Lbody=12105}}
abahis	5215	4-294-a	absent	N	Y	N	{#abahis#}¦ Adv. {%inwendig, im Herzen%} BHĀG. P. 3,9,37.
abahizkfta	5214	4-294-a	absent	N	Y	N	{#abahizkfta#}¦ Adj. {%nicht verstossen%} R. 3,77,17.
abahizkfta	12105	7-305-b	absent	N	Y	N	{{Lbody=12105}}
abahuBAzin	5217	4-294-a	absent	N	Y	N	{#abahuBAzin#}¦ Adj. {%nicht viel redend%} ĀŚV. ŚR. 1,12,30. Nom. abstr. {#˚zitA#} f. Spr. 740.
abahuBAzin	12107	7-305-b	absent	N	Y	N	{#abahuBAzin#}¦ 4.
abahumAna	12108	7-305-b	absent	N	Y	N	{#abahumAna#}¦ Adj. {%keine Achtung bezeugend vor%} (Loc.) JĀTAKAM. 33,16.
abahupAda	1034	1-292-a	absent	N	Y	N	{#abahupAda#}¦ Adj. {%nicht vielfüssig%} (Sitz) ĀPAST.
abahupAda	12106	7-305-b	absent	N	Y	N	{#abahupAda#}¦ 1.
abahupatnIka	5216	4-294-a	absent	N	Y	N	{#abahupatnIka#}¦ Adj. {%nicht viele Frauen habend%} Comm. zu KĀTY. ŚR. 9,3,11.
abahuvyaktinizWa	3796	3-252-c	absent	N	Y	N	{#abahuvyaktinizWa#}¦ Adj. {%nicht bei vielen Individuen zutreffend%} MAHĀVĪRAC. 112,6.
abahuvyaktinizWa	12109	7-305-b	absent	N	Y	N	{#abahuvyaktinizWa#}¦ 3.
abanDudAyAda	5209	4-293-c	absent	N	Y	N	{#abanDudAyAda#}¦ Adj. {%nicht erbberechtigt%} MBH. 1,120,32.
abanDudAyAda	12100	7-305-b	absent	N	Y	N	{#abanDudAyAda#}¦ 4.
abdasahasrika	8397	6-295-b	absent	N	Y	N	{#abdasahasrika#}¦ Adj. (f. {#I#}) {%tausend Jahre während%} MBH. 3,82,95. {#˚sahasrakI#} fehlerhaft MBH. 3,5037.
abdasahasrika	12126	7-305-b	absent	N	Y	N	{{Lbody=12126}}
abfMhita	5224	4-294-a	absent	N	Y	N	{#abfMhita#}¦ Adj. {%nicht gefördert%} BHĀG. P. 6,4,20.
abfMhita	12121	7-305-b	absent	N	Y	N	{#abfMhita#}¦ 4.
abiBrat	1037	1-292-a	absent	N	Y	N	{#abiBrat#}¦ Adj. {%nicht ernährend%} MBH. 12,10,22.
abiBrat	2330	2-290-c	absent	N	Y	N	{#abiBrat#}¦ Adj. {%nicht unterhaltend, — ernährend%} MBH. 12,10,22.
abiBrat	12115	7-305-b	absent	N	Y	N	{#abiBrat#}¦ 1. 2.
abilavant	8395	6-295-b	absent	N	Y	N	{#abilavant#}¦ Adj. {%keinen Ausguss habend%} (Topf) Comm. zu ĀPAST. ŚR. 15,14,13.
abilavant	12116	7-305-b	absent	N	Y	N	{#abilavant#}¦ 6.
abjaka	1039	1-292-b	absent	N	Y	N	{#abjaka#}¦ n. {%Lotusblüthe%} AGNI-P. 29,12.
abjaka	12124	7-305-b	absent	N	Y	N	{#abjaka#}, {#abjanABaka#} und {#abjaBU#}¦ 1.
abjanABaka	1040	1-292-b	absent	N	Y	N	{#abjanABaka#}¦ m. = {#abjanABa#} AGNI-P. 30,1.
abjanABaka	12124	7-305-b	absent	N	Y	N	{{Lbody=12124}}
abrajas	12130	7-305-b	absent	Y	Y	N	{#*abrajas#}¦ n. {%ein überaus kleines Theilchen%} MAHĀVY. 251.
abudDaDarma	3797	3-252-c	absent	N	Y	N	{#abudDaDarma#}¦ m. {%kein%} Buddha-{%thum%} VAJRACCH. 25,7.
abudDaDarma	12120	7-305-b	absent	N	Y	N	{#abudDaDarma#} und {#abudDija#}¦ 3.
abudDija	3798	3-252-c	absent	N	Y	N	{#abudDija#}¦ Adj. {%unbeabsichtigt%} MBH. 3,28,28.
abudDija	12120	7-305-b	absent	N	Y	N	{{Lbody=12120}}
acAkzuza	1923	2-286-b	absent	N	Y	N	{#acAkzuza#}¦ auch {%zum Gesichtssinn nicht in Beziehung stehend%}.
acAkzuza	9884	7-291-d	absent	N	Y	N	{#acAkzuza#}¦ I. 2.
acApala	197	1-283-c	absent	N	Y	N	{#acApala#}¦ n. {%Gesetztheit, Besonnenheit%} MBH. 12,329,19.
acApala	9885	7-291-d	absent	N	Y	N	{{Lbody=9885}}
acAturmAsya	196	1-283-c	absent	N	Y	N	{#acAturmAsya#}¦ Adj. {%ohne%} Cāturmāsya-{%Opfer%} MUṆḌ. UP. 1,2,3.
acAturmAsya	9885	7-291-d	absent	N	Y	N	{#acAturmAsya#}, {#acApala#} u. {#acApalya#}¦ 1.
acCAyopaga	211	1-284-a	absent	N	Y	N	{#acCAyopaga#}¦ Adj. {%sich nicht in den Schatten begebend%} ĀPAST.
acCAyopaga	9911	7-292-a	absent	N	Y	N	{#acCAyopaga#}, {#acCidura#} und {#a/cCidratva#}¦ 1.
acCadirdarSa	1930	2-286-b	absent	N	Y	N	{#acCadirdarSa#}¦ m. {%das Nichtsichtbarsein von Dächern%} ĀPAST. ŚR. 15,20,2. 8. 21,3. 10. Vgl. ĀŚV. GṚHY. 4,8,12.
acCadirdarSa	9902	7-292-a	absent	N	Y	N	{#acCadirdarSa#}¦ 2.
acCadman	208	1-284-a	absent	N	Y	N	{#acCadman#}¦ n. {%keine Hinterlist%} MBH. 1,118,13.
acCadman	9903	7-292-a	absent	N	Y	N	{#acCadman#}¦ 1.
acCamaRqaka	6033	5-241-a	absent	N	Y	N	{#*acCamaRqaka#}¦ ZACH. Beitr.
acCamaRqaka	9908	7-292-a	absent	N	Y	N	{#acCamaRqaka#}¦ 5.
acCambawkAram	1933	2-286-b	absent	N	Y	N	{#a/cCambawkAram#}¦ Absol. {%so dass man es nicht fehlen lässt%}.
acCambawkAram	9909	7-292-a	absent	N	Y	N	{#a/cCambawkAram#}¦ I. 2.
acCanda	1931	2-286-b	absent	N	Y	N	{#acCanda#}¦ m. Instr. {%gegen den Willen, — von%} (Gen.). Abl. {%unwillkührlich%}.
acCanda	6032	5-241-a	absent	N	Y	N	{#acCanda#}¦ (Nachtr. 2), {#˚tas = acCandena#} NĀRADA (a.) 2,1,29.
acCanda	9904	7-292-a	absent	N	Y	N	{#acCanda#}¦ 2. 5.
acCandaskfta	1932	2-286-b	absent	N	Y	N	{#acCandaskfta#}¦ Adj. {%nicht metrisch%}.
acCandaskfta	9906	7-292-a	absent	N	Y	N	{#acCandaskfta#}¦ 2.
acCardanIya	1934	2-286-b	absent	N	Y	N	{#acCardanIya#}¦ Adj. {%den man nicht vomiren lassen darf%} CARAKA 8,2.
acCardanIya	9910	7-292-a	absent	N	Y	N	{#acCardanIya#}¦ 2.
acCattraka	207	1-284-a	absent	N	Y	N	{#acCattraka#}¦ Adj. {%ohne Sonnenschirm%} NAIṢ. 9,79.
acCattraka	9901	7-292-a	absent	N	Y	N	{#acCattraka#}¦ 1.
acCidrASvameDa	1936	2-286-c	absent	N	Y	N	{#acCidrASvameDa#}¦ m. Titel eines Werkes OPP. Cat. 1.
acCidrASvameDa	9915	7-292-a	absent	N	Y	N	{#acCidrASvameDa#}¦ 2.
acCidradarSana	1935	2-286-c	absent	N	Y	N	{#acCidradarSana#}¦ Adj. (f. {#A#}) {%vollkommen sichtbar, — deutlich%}.
acCidradarSana	9912	7-292-a	absent	N	Y	N	{#acCidradarSana#}¦ 2.
acCidrapattra	3319	3-247-b	absent	N	Y	N	{#acCidrapattra#}¦ Adj. (f. {#A#}) {%mit unversehrten Schwingen%} Comm. zu ĀPAST. ŚR. 7,8,8.
acCidrapattra	9913	7-292-a	absent	N	Y	N	{#acCidrapattra#}¦ 3.
acCidratva	213	1-284-a	absent	N	Y	N	{#a/cCidratva#}¦ n. = {#acCidratA#} MAITR. S. 3,8,7. 10,4.
acCidratva	9911	7-292-a	absent	N	Y	N	{{Lbody=9911}}
acCidrayAman	6034	5-241-a	absent	N	Y	N	{#a/cCidrayAman#}¦ zu streichen. Es ist verlesen für {#a/KidrayAman#}.
acCidrayAman	9914	7-292-a	absent	N	Y	N	{#a/cCidrayAman#}¦ I. 5.
acCidura	212	1-284-a	absent	N	Y	N	{#acCidura#}¦ Adj. {%ununterbrochen%} NAIṢ. 8,61.
acCidura	9911	7-292-a	absent	N	Y	N	{{Lbody=9911}}
acCinnapayas	3320	3-247-b	absent	N	Y	N	{#a/cCinnapayas#}¦ Adj. {%mit unversieglichem Wasser%} TBR. 3,7,6,11.
acCinnapayas	9918	7-292-a	absent	N	Y	N	{#a/cCinnapayas#}¦ 3.
acEtraBAnava	206	1-284-a	absent	N	Y	N	{#acEtraBAnava#}¦ Adj. {%nicht vom Feuer kommend%} BĀLAR. 53,20.
acEtraBAnava	9898	7-292-a	absent	N	Y	N	{{Lbody=9898}}
acOkzya	1928	2-286-b	absent	N	Y	N	{#acOkzya#}¦ Adj. {%unrein%}.
acOkzya	9899	7-292-a	absent	N	Y	N	{{Lbody=9899}}
acOra	1929	2-286-b	absent	N	Y	N	{#acOra#}¦ Adj. (f. {#A#}) {%frei von Dieben, — Räubern%}.
acOra	9899	7-292-a	absent	N	Y	N	{{Lbody=9899}}
acaNkramaRaSIla	1916	2-286-b	absent	N	Y	N	{#acaNkramaRaSIla#}¦ Adj. {%umherzugehen nicht gewohnt%}.
acaNkramaRaSIla	9868	7-291-d	absent	N	Y	N	{{Lbody=9868}}
acaYcala	1917	2-286-b	absent	N	Y	N	{#acaYcala#}¦ Adj. (f. {#A#}) {%unbeweglich, nicht wankend%} SĀH. D. 135.
acaYcala	9868	7-291-d	absent	N	Y	N	{{Lbody=9868}}
acakita	186	1-283-c	absent	N	Y	N	{#acakita#}¦ Adj. {%nicht zitternd, fest%}. Gang DAŚAK. 45,6.
acakita	9867	7-291-d	absent	N	Y	N	{#acakita#}¦ 1.
acakruvftta	1913	2-286-b	absent	N	Y	N	{#acakruvftta#}¦ Adj. {%nicht kreisrund%} KĀṬH. 6,3.
acakruvftta	9868	7-291-d	absent	N	Y	N	{{Lbody=9868}}
acakzARa	1914	2-286-b	absent	N	Y	N	{#acakzARa#}¦ Adj. {%nicht sehend, — gewährend%}.
acakzARa	9868	7-291-d	absent	N	Y	N	{{Lbody=9868}}
acakzuzya	1915	2-286-b	absent	N	Y	N	{#acakzuzya#}¦ Adj. {%der Sehkraft nicht zuträglich, den Augen nicht heilsam%}.
acakzuzya	9868	7-291-d	absent	N	Y	N	{{Lbody=9868}}
acaladakza	9880	7-291-d	absent	N	Y	N	{#acaladakza#}¦ 1.
acaladatta	193	1-283-c	absent	N	Y	N	{#acaladatta#}¦ m. N. pr. eines Schreibers MUDRĀR. 69,1 (114,2).
acaleSvara	195	1-283-c	absent	N	Y	N	{#acaleSvara#}¦ m. dass. ŚIŚ. 4,64.
acaleSvara	9882	7-291-d	absent	N	Y	N	{{Lbody=9882}}
acalendra	194	1-283-c	absent	N	Y	N	{#acalendra#}¦ m. {%der%} Himavant KIR. 13,18.
acalendra	9882	7-291-d	absent	N	Y	N	{#acalendra#} und {#acaleSvara#}¦ 1.
acandana	189	1-283-c	absent	N	Y	N	{#acandana#}¦ Adj. {%ohne Sandel%} MṚCCH. 161,22.
acandana	9869	7-291-d	absent	N	Y	N	{{Lbody=9869}}
acandrArkagraha	4987	4-291-a	absent	N	Y	N	{#acandrArkagraha#}¦ Adj. (f. {#A#}) {%ohne Mond, Sonne und Planeten%} HARIV. 3,1,18.
acandrArkagraha	9871	7-291-d	absent	N	Y	N	{#acandrArkagraha#}¦ 4.
acandrasUrya	9870	7-291-d	absent	N	Y	N	{#acandrasUrya#}¦ Adj. {%wohin weder Mond noch Sonne dringen%} R. ed. Bomb. 4,50,18.
acarizyant	6029	5-241-a	absent	N	Y	N	{#acarizyant#}¦ Adj. {%der das Gelübde nicht einhalten will%} GOBH. 3,1,13.
acarizyant	9877	7-291-d	absent	N	Y	N	{{Lbody=9877}}
acarvayant	1920	2-286-b	absent	N	Y	N	{#acarvayant#}¦ Adj. {%nicht kauend%}.
acarvayant	9878	7-291-d	absent	N	Y	N	{#acarvayant#}¦ 2.
acayana	190	1-283-c	absent	N	Y	N	{#a/cayana#}¦ n. {%das Nichtschichten%} ŚAT. BR. 9,5,2,11.
acayana	9872	7-291-d	absent	N	Y	N	{#a/cayana#}¦ 1.
acetita	205	1-284-a	absent	N	Y	N	{#acetita#}¦ Adj. 1〉 {%unbeachtet, unberücksichtigt%} KĀD. 69,15. II,121,9. 140,14. — 2〉 {%gedankenlos%} KĀD. 67,9. {#˚m
acetita	9898	7-292-a	absent	N	Y	N	{#acetita#} und {#acEtraBAnava#}¦ 1.
acikitsanIya	3317	3-247-b	absent	N	Y	N	{#acikitsanIya#}¦ Adj. {%unheilbar%} MIT. zu YĀJÑ. 2,50.
acikitsanIya	9886	7-291-d	absent	N	Y	N	{#acikitsanIya#}¦ 3.
acintanIya	201	1-283-c	absent	N	Y	N	{#acintanIya#}¦ Adj. {%woran man nicht zu denken braucht, worauf man nicht zu achten hat%} Spr. 1823.
acintanIya	9889	7-291-d	absent	N	Y	N	{#acintanIya#}¦ 1. Auch {%woran man nicht denken darf%} R. ed. Bomb. 4,24,13.
acintyaja	3318	3-247-b	absent	N	Y	N	{#*acintyaja#}¦ m. {%Quecksilber%} RĀJAN. 13,109.
acintyaja	9891	7-291-d	absent	N	Y	N	{#acintyaja#}¦ 3.
aciraruci	1925	2-286-b	absent	N	Y	N	{#aciraruci#}¦ f. {%Blitz%} ŚOBH. 73.
aciraruci	9893	7-291-d	absent	N	Y	N	{#aciraruci#}¦ 2.
acodya	1927	2-286-b	absent	N	Y	N	{#acodya#}¦ Adj. {%nicht anzutreiben zu%} (Loc.).
acodya	9899	7-292-a	absent	N	Y	N	{{Lbody=9899}}
acokza	1926	2-286-b	absent	N	Y	N	{#acokza#}¦ Adj. (f. {#A#}) {%unreinlich%}.
acokza	9899	7-292-a	absent	N	Y	N	{#acokza#}, {#acodya#}, {#acOkzya#} u. {#acOra#}¦ 2.
acyutArcana	3322	3-247-b	absent	N	Y	N	{#acyutArcana#}¦ m. Bein. Viṣṇuʼs VIṢṆUS. 98,71. {#na cyutamarcanaM devAsuramanuzyeByo yasya saH#} Comm.
acyutArcana	9929	7-292-a	absent	N	Y	N	{#acyutArcana#}¦ 3.
acyutaSataka	1942	2-286-c	absent	N	Y	N	{{Lbody=1942}}
acyutaSataka	9928	7-292-a	absent	N	Y	N	{#acyutaSataka#}¦ 2.
acyutakfzRadIkzita	1940	2-286-c	absent	N	Y	N	{#acyutakfzRadIkzita#}¦ m. N. pr. eines Autors. {#˚tIya#} n. Titel seines Werkes OPP. Cat. 1.
acyutakfzRadIkzita	9923	7-292-a	absent	N	Y	N	{#acyutakfzRadIkzita#} und {#acyutakziti#}¦ 2.
acyutakziti	1941	2-286-c	absent	N	Y	N	{#acyutakziti#}¦ f. {%eine best. Personification%} TAITT. ĀR. 10,67,1.
acyutakziti	9923	7-292-a	absent	N	Y	N	{{Lbody=9923}}
acyutaloka	217	1-284-a	absent	N	Y	N	{#acyutaloka#}¦ Adj. {%im Besitz von%} Viṣṇuʼs {%Welt%}. Nom. abstr. {#˚tA#} f. AGNI-P. 38,3. 47.
acyutaloka	9927	7-292-a	absent	N	Y	N	{#acyutaloka#}¦ 1.
acyutapraca	4988	4-291-a	absent	N	Y	Y	{#acyutapraca#}¦ m. N. pr. eines Mannes WILSON, Sel. W. 1,140.
acyutapraca	9924	7-292-a	absent	N	Y	Y	{#acyutapraca#}¦ 4.
acyutaprekza	8205	6-293-a	absent	N	Y	N	{#acyutaprekza#}¦ m. N. pr. eines Lehrers M. MÜLLER, Ren. 360, N. 3.
acyutaprekza	9925	7-292-a	absent	N	Y	N	{#acyutaprekza#}¦ 6.
acyutarAjAByudaya	1942	2-286-c	absent	N	Y	N	{#acyutarAjAByudaya#} m. und {#acyutaSataka#} n.¦ Titel von Werken OPP. Cat. 1.
acyutarAjAByudaya	9926	7-292-a	absent	N	Y	N	{#acyutarAjAByudaya#}¦ 2.
acyuti	218	1-284-a	absent	N	Y	N	{#acyuti#}¦ f. {%das Nichtwandern aus einer Welt in eine andere%} KĀLAC. 4,128.
acyuti	9930	7-292-a	absent	N	Y	N	{#acyuti#}¦ 1.
adAByatva	389	1-285-c	absent	N	Y	N	{#adAByatva/#}¦.
adAByatva	10438	7-295-b	absent	N	Y	N	{#adAByatva/#}¦ I. 1.
adAmBika	390	1-285-c	absent	N	Y	N	{#adAmBika#}¦ Adj. {%nicht heuchelnd%} ĀPAST.
adAmBika	10439	7-295-b	absent	N	Y	N	{#adAmBika#} und {#adAmBola#}¦ 1.
adAmBola	391	1-285-c	absent	N	Y	N	{#adAmBola#}¦ Adj. {%nicht von%} Indraʼs {%Donnerkeilherrührend%} BĀLAR. 53,19.
adAmBola	10439	7-295-b	absent	N	Y	N	{{Lbody=10439}}
adAsI	8286	6-294-a	absent	N	Y	N	{#adAsI#}¦ f. {%keine Sclavin%} MBH. 1,34,19.
adAsI	10441	7-295-b	absent	N	Y	N	{#adAsI#}¦ 6.
adAsIka	392	1-285-c	absent	N	Y	N	{#adAsIka#}¦ Adj. {%ohne Sclavinnen%} HEMĀDRI 1,639,14. 16.
adAsIka	10442	7-295-b	absent	N	Y	N	{#adAsIka#}¦ 1.
adAsyant	3422	3-248-b	absent	N	Y	N	{#a/dAsyant#}¦ Adj. {%nicht zu geben beabsichtigend%} AV. 6,71,3. 119,1.
adAsyant	10443	7-295-b	absent	N	Y	N	{#a/dAsyant#}¦ 3.
adAyAd	22114	7-385-b	absent	N	Y	N	{#a/dAyAd#}¦ MAITR. S. 4,6,4 (85,2). Zu lesen {#strya^dAyAdA^Ta#} oder {#strya^dAyAdya^Ta#}.
adButAkAra	3443	3-248-c	absent	N	Y	N	{#adButAkAra#}¦ Adj. {%wunderbar gestaltet%} MBH. 3,27,29.
adButAkAra	10487	7-295-c	absent	N	Y	N	{#adButAkAra#}¦ 3.
adButAy	409	1-286-a	absent	N	Y	N	{#adButAy#}¦, {#˚yate#} {%als Wunder erscheinen%} DAŚAK. 88,16.
adButAy	10488	7-295-c	absent	N	Y	N	{#adButAy#}¦ 1.
adButakara	408	1-286-a	absent	N	Y	N	{#adButakara#}¦ Adj. (f. {#I#}) {%in Staunen versetzend%} NAIṢ. 4,55.
adButakara	10484	7-295-c	absent	N	Y	N	{#adButakara#}¦ 1.
adButasiMha	8287	6-294-a	absent	N	Y	N	{#adButasiMha#}¦ m. {%Wunderlöwe%} (Viṣṇu) BHĀG. P. 7,10,9.
adButasiMha	10486	7-295-c	absent	N	Y	N	{#adButasiMha#}¦ 6.
adButotpAtaprAyaScitta	10489	7-295-c	absent	N	Y	N	{#adButotpAtaprAyaScitta#}¦ n. {%eine Sühne bei wunderbaren und Unglück verheissenden Erscheinungen%} HAR. zu ĀPAST. GṚH
adESika	3439	3-248-c	absent	N	Y	N	{#adESika#}¦ Adj. {%wo es keinen Wegweiser giebt%} MBH. 12,329,34.
adESika	10478	7-295-c	absent	N	Y	N	{{Lbody=10478}}
adIkzitavAda	5030	4-291-c	absent	N	Y	N	{#adIkzitavAda#}¦ m. {%ein einem Geweihten verbotener Ausspruch%} ĀPAST. ŚR. 10,18,2.
adIkzitavAda	10449	7-295-b	absent	N	Y	N	{#adIkzitavAda#}¦ 4.
adInaga	3424	3-248-b	absent	N	Y	N	{#adInaga#}¦ Adj. {%wohlgemuth%} HARIV. 15843. 15916.
adInaga	10451	7-295-b	absent	N	Y	N	{#adInaga#}¦ 3.
adIptimant	2079	2-288-a	absent	N	Y	N	{#adIptimant#}¦ Adj. {%nicht leuchtend, — strahlend%} SŪRYAS. 7,20.
adIptimant	10452	7-295-b	absent	N	Y	N	{#adIptimant#}¦ 2.
adIrGaboDa	3425	3-248-b	absent	N	Y	N	{#adIrGaboDa#}¦ Adj. {%von kurzem Verstande%} BHĀG. P. 10,81,37.
adIrGaboDa	10453	7-295-b	absent	N	Y	N	{#adIrGaboDa#} und {#a/dIvyant#}¦ 3.
adIvyant	3426	3-248-b	absent	N	Y	N	{#a/dIvyant#}¦ Adj. {%nicht würfelnd%} AV. 6,119,1.
adIvyant	10453	7-295-b	absent	N	Y	N	{{Lbody=10453}}
adUrabAnDava	3429	3-248-c	absent	N	Y	N	{#adUrabAnDava#} und {#adUre˚#}¦ m. {%ein naher Verwandter%} VASIṢṬHA 15,6.
adUrabAnDava	10461	7-295-b	absent	N	Y	N	{#adUrabAnDava#}, {#adUre˚#} u. {#adUzaka#}¦ 3.
adUrebAnDava	3429	3-248-c	absent	N	Y	N	{{Lbody=3429}}
adUrebAnDava	10461	7-295-b	absent	N	Y	N	{{Lbody=10461}}
adUzaka	3430	3-248-c	absent	N	Y	N	{#adUzaka#}¦ Adj. 1〉 {%Niemand zu nahe tretend%} MBH. 4,68,65. — 2〉 {%nicht mit einer Sünde belastend, nicht sündhaft%} 
adUzaka	10461	7-295-b	absent	N	Y	N	{{Lbody=10461}}
adUzya	3431	3-248-c	absent	N	Y	N	{#adUzya#}¦ Adj. {%keinen Tadel verdienend, tadellos, makellos%} MBH. 12,165,32. R. 1,59,20.
adUzya	6106	5-241-c	absent	N	Y	N	{#adUzya#}¦ Adj. {%nicht dem Verderben ausgesetzt%} HEM. PAR. 2,147.
adUzya	10462	7-295-b	absent	N	Y	N	{#adUzya#}¦ 3. 5.
adaMzwrin	22110	7-385-a	absent	N	Y	N	{#adaMzwrin#}¦ Adj. {%keine Hauzähne habend%} M. 5,29.
adabDanIti	6102	5-241-c	absent	N	Y	Y	{#a/dabDanIti#}¦, zu lesen {#a/dabDaDIti#} {%dessen Einsicht nicht zu täuschen ist%} oder {%dessen Absicht man nicht ver
adabDanIti	10428	7-295-a	absent	N	Y	Y	{{Lbody=10428}}
adadat	3419	3-248-b	absent	N	Y	N	{#a/dadat#}¦ AV. 12,4,20. 26. 34.
adadat	10424	7-295-a	absent	N	Y	N	{#a/dadat#}¦ I. 3.
adadivaMs	3420	3-248-b	absent	N	Y	N	{#a/dadivaMs#}¦ Adj. {%nicht schenkend%} AV. 12,4,89.
adadivaMs	10425	7-295-a	absent	N	Y	N	{#a/dadivaMs#}¦ 3.
adamBin	2073	2-288-a	absent	N	Y	N	{#adamBin#}¦ Adj. {%aufrichtig, ehrlich%} Spr. 7353. Nom. abstr. {#˚mBitva#} n.
adamBin	10430	7-295-a	absent	N	Y	N	{#adamBin#} und {#adaraRIya#}¦ 2.
adanI	8285	6-294-a	absent	N	Y	N	{#adanI#}¦ Adv. mit {#kar#} {%zur Speise von%} (im Comp. vorangehend) {%machen%} MBH. 5,82,47.
adanI	10426	7-295-a	absent	N	Y	N	{#adanI#}¦ 6.
adaraRIya	2074	2-288-a	absent	N	Y	N	{#adaraRIya#}¦ Adj. {%nicht zu spalten%}.
adaraRIya	10430	7-295-a	absent	N	Y	N	{{Lbody=10430}}
adarpa	22112	7-385-b	absent	N	Y	N	{#adarpa#}¦ Adj. {%ohne Stolz%} MĀLATĪM. (ed. Bomb.) 191,1.
adeSajYa	3435	3-248-c	absent	N	Y	N	{#adeSajYa#}¦ Adj. {%ortsunkundig%} MAHĀVĪRAC. 52,9.
adeSajYa	10474	7-295-b	absent	N	Y	N	{#adeSajYa#}¦ 3.
adeSakAlajYa	2083	2-288-a	absent	N	Y	N	{#adeSakAlajYa#}¦ Adj. {%weder dem Orte noch der Zeit entsprechend%} Spr. 198.
adeSakAlajYa	10473	7-295-b	absent	N	Y	N	{#adeSakAlajYa#}¦ 2.
adehaBeda	5032	4-291-c	absent	N	Y	N	{#adehaBeda#}¦ m. {%kein Wechseln des Körpers%} KATHĀS. 25,266.
adehaBeda	10477	7-295-b	absent	N	Y	N	{{Lbody=10477}}
adehabanDa	5031	4-291-c	absent	N	Y	N	{#adehabanDa#}¦ m. {%das Nichtannehmen eines%} (neuen) {%Körpers%} RAGH. 18,6.
adehabanDa	10477	7-295-b	absent	N	Y	N	{#adehabanDa#} und {#adehaBeda#}¦ 4.
adevadeha	404	1-285-c	absent	N	Y	N	{#adevadeha#}¦ Adj. {%nicht den Leib eines Gottes habend menschlich gestaltet%} NAIṢ. 6,94.
adevadeha	10472	7-295-b	absent	N	Y	N	{#adevadeha#} und {#adevamAtfka#}¦ 1.
adevajuzwa	3434	3-248-c	absent	N	Y	N	{#adevajuzwa#}¦ Adj. {%den Göttern nicht angenehm%} AIT. BR. 2,5,9.
adevajuzwa	10471	7-295-b	absent	N	Y	N	{#adevajuzwa#}¦ 3.
adfQaBaktika	401	1-285-c	absent	N	Y	N	{#adfQaBaktika#}¦ Adj. {%nicht anhänglich%} MBH. 5,37,37.
adfQaBaktika	10465	7-295-b	absent	N	Y	N	{#adfQaBaktika#}, {#adfSyatA#} und {#adfSyatva#}¦ 1.
adfSyatA	402	1-285-c	absent	N	Y	N	{#adfSyatA#} f. und {#adfSyatva#} n.¦ {%Unsichtbarkeit%} DAŚAK. 11,4. 5,10. BĀDAR. 1,2,21.
adfSyatA	10465	7-295-b	absent	N	Y	N	{{Lbody=10465}}
adfSyatva	402	1-285-c	absent	N	Y	N	{{Lbody=402}}
adfSyatva	10465	7-295-b	absent	N	Y	N	{{Lbody=10465}}
adfggocara	3432	3-248-c	absent	N	Y	N	{#adfggocara#}¦ Adj. {%nicht im Bereich der Augen befindlich%} CAURAP. (A.) 25.
adfggocara	10463	7-295-b	absent	N	Y	N	{#adfggocara#}¦ 3.
adfzwacara	2082	2-288-a	absent	N	Y	N	{#adfzwacara#}¦ Adj. (f. {#A#}) {%früher nicht gesehen%}. Nom. abstr. {#˚tva#} n.
adfzwacara	10467	7-295-b	absent	N	Y	N	{#adfzwacara#}¦ 2.
adfzwarajas	6107	5-241-c	absent	N	Y	N	{#adfzwarajas#}¦ Adj. f. auch {%die Regeln nicht habend%} HALĀY. 2,329.
adfzwarajas	10468	7-295-b	absent	N	Y	N	{#adfzwarajas#}¦ I. 5.
adfzwodBUti	10470	7-295-b	absent	N	Y	N	{#adfzwodBUti#}¦ f. {%das Entstehen der unsichtbaren Kraft der Werke%} SĀṂKHYAS. 6,65.
adipsant	3423	3-248-b	absent	N	Y	N	{#a/dipsant#}¦ Adj. {%Niemand Etwas anhaben wollend%} AV. 4,36,1.
aditikuRqalAharaRanAwaka	394	1-285-c	absent	N	Y	N	{#aditikuRqalAharaRanAwaka#}¦ n. Titel eines {%Schauspiels%} BÜHLER, Rep. No. 104.
aditikuRqalAharaRanAwaka	10445	7-295-b	absent	N	Y	N	{#aditikuRqalAharaRanAwaka#}¦ 1.
aditisuta	22115	7-385-b	absent	N	Y	N	{#aditisuta#}¦ m. {%ein Gott%} CAṆḌĪŚ. 54.
aditsA	2077	2-288-a	absent	N	Y	N	{#aditsA#}¦ f. {%das Nichtgebenwollen%} HEM. PAR. 5,10.
aditsA	10447	7-295-b	absent	N	Y	N	{#aditsA#} und {#adivA#}¦ 2.
aditsant	10446	7-295-b	absent	N	Y	Y	{#a/ditsant#}¦ I. 3.
adogDar	3440	3-248-c	absent	N	Y	N	{#adogDar#}¦ Nom. ag. {%nicht ausbeutend, keinen Nutzen ziehend aus, sich nicht kümmernd um%} (Acc.) BHĀG. P. 3,29,32.
adogDar	10478	7-295-c	absent	N	Y	N	{{Lbody=10478}}
adozajYa	3441	3-248-c	absent	N	Y	N	{#adozajYa#}¦ Adj. {%nicht wissend, was Fehler sind,%} Spr. 7071.
adozajYa	10481	7-295-c	absent	N	Y	N	{#adozajYa#}¦ 3.
adozatA	407	1-286-a	absent	N	Y	N	{#adozatA#}¦, lies {%das Nichtfehlersein%}. In der angegebenen Bed. NAIṢ. 3,97.
adozatA	10482	7-295-c	absent	N	Y	N	{#adozatA#}¦ I. 1.
adozin	3442	3-248-c	absent	N	Y	N	{#adozin#}¦ Adj. {%nicht unrein —, nicht befleckt werdend%} MĀRK. P. 35,21.
adozin	10483	7-295-c	absent	N	Y	N	{#adozin#}¦ 3.
adravyArTa	412	1-286-a	absent	N	Y	N	{#adravyArTa#} und {#˚ka#}¦ Adj. {%keine Substanz bezeichnend%} Sch. zu P. 1,4,57. 58.
adravyArTa	10495	7-295-c	absent	N	Y	N	{#adravyArTa#} und {#˚ka#}¦ 1.
adravyArTaka	412	1-286-a	absent	N	Y	N	{{Lbody=412}}
adravyArTaka	10495	7-295-c	absent	N	Y	N	{{Lbody=10495}}
adrijatu	413	1-286-a	absent	N	Y	N	{#adrijatu#}¦ CARAKA 6,19.
adrijatu	10496	7-295-c	absent	N	Y	N	{#adrijatu#}¦ I. 1.
adrutAlI	415	1-286-a	absent	N	Y	N	{#adrutAlI#}¦ f. {%ein best. Tact%} S. S. S. 213.
adrutAlI	10497	7-295-c	absent	N	Y	N	{{Lbody=10497}}
aduHKArha	3427	3-248-c	absent	N	Y	N	{#aduHKArha#}¦ Adj. {%kein Leid verdienend%} MBH. 3,27,6. 20. 27. 34.
aduHKArha	10455	7-295-b	absent	N	Y	N	{#aduHKArha#}¦ 3.
aduHKin	398	1-285-c	absent	N	Y	N	{#aduHKin#}¦ Adj. {%kein Leid empfindend, nicht unglücklich%}. Nom. abstr. {#˚tva#} n. HEMĀDRI 1,151,22.
aduHKin	10456	7-295-b	absent	N	Y	N	{#aduHKin#}¦ 1.
aduHspfzwa	399	1-285-c	absent	N	Y	N	{#aduHspfzwa#}¦ Adj. {%nicht falsch articulirt%} SAṂHITOPAN. 9,3. 6.
aduHspfzwa	10459	7-295-b	absent	N	Y	N	{#aduHspfzwa#}¦ 1.
aduhra	18236	7-348-d	absent	N	N	N	{{Lbody=18236}}
adunvant	6105	5-241-c	absent	N	Y	N	{#adunvant#}¦ Adj. {%keine Gewissensbisse empfindend, leichten Herzens%} HEM. PAR. 1,185.
adunvant	10457	7-295-b	absent	N	Y	N	{#adunvant#}¦ 5.
advEDya	3451	3-248-c	absent	N	Y	N	{#advEDya#}¦ Adj. KĀM. NĪTIS. 4,67. 68. 70 fehlerhaft für {#advEDa#}.
advEDya	10510	7-295-c	absent	N	Y	N	{{Lbody=10510}}
advEtabahizkAra	2087	2-288-a	absent	N	Y	N	{{Lbody=2087}}
advEtabahizkAra	10508	7-295-c	absent	N	Y	N	{{Lbody=10508}}
advEtaboDa	2087	2-288-a	absent	N	Y	N	{{Lbody=2087}}
advEtaboDa	10508	7-295-c	absent	N	Y	N	{{Lbody=10508}}
advEtadIpikAsAkziviveka	2087	2-288-a	absent	N	Y	N	{#advEtadIpikAsAkziviveka#} m., {#advEtanirRaya#} m., {#advEtapaYcapadI#} f., {#advEtapaYcaratna#} n., {#advEtapariBAzA#
advEtadIpikAsAkziviveka	10508	7-295-c	absent	N	Y	N	{{Lbody=10508}}
advEtamaNgala	2087	2-288-a	absent	N	Y	N	{{Lbody=2087}}
advEtamaNgala	10508	7-295-c	absent	N	Y	N	{{Lbody=10508}}
advEtamuKara	2087	2-288-a	absent	N	Y	N	{{Lbody=2087}}
advEtamuKara	10508	7-295-c	absent	N	Y	N	{{Lbody=10508}}
advEtanirRaya	2087	2-288-a	absent	N	Y	N	{{Lbody=2087}}
advEtanirRaya	10508	7-295-c	absent	N	Y	N	{{Lbody=10508}}
advEtapaYcapadI	2087	2-288-a	absent	N	Y	N	{{Lbody=2087}}
advEtapaYcapadI	10508	7-295-c	absent	N	Y	N	{{Lbody=10508}}
advEtapaYcaratna	2087	2-288-a	absent	N	Y	N	{{Lbody=2087}}
advEtapaYcaratna	10508	7-295-c	absent	N	Y	N	{{Lbody=10508}}
advEtapariBAzA	2087	2-288-a	absent	N	Y	N	{{Lbody=2087}}
advEtapariBAzA	10508	7-295-c	absent	N	Y	N	{{Lbody=10508}}
advEtarahasya	2087	2-288-a	absent	N	Y	N	{{Lbody=2087}}
advEtarahasya	10508	7-295-c	absent	N	Y	N	{{Lbody=10508}}
advEtaratnakoSa	2087	2-288-a	absent	N	Y	N	{{Lbody=2087}}
advEtaratnakoSa	10508	7-295-c	absent	N	Y	N	{{Lbody=10508}}
advEtasaMgraha	2087	2-288-a	absent	N	Y	N	{{Lbody=2087}}
advEtasaMgraha	10508	7-295-c	absent	N	Y	N	{{Lbody=10508}}
advEtavidyAvijaya	2087	2-288-a	absent	N	Y	N	{{Lbody=2087}}
advEtavidyAvijaya	10508	7-295-c	absent	N	Y	N	{{Lbody=10508}}
advEtavidyAvilAsa	2087	2-288-a	absent	N	Y	N	{{Lbody=2087}}
advEtavidyAvilAsa	10508	7-295-c	absent	N	Y	N	{{Lbody=10508}}
advEtavyAKyA	2087	2-288-a	absent	N	Y	N	{{Lbody=2087}}
advEtavyAKyA	10508	7-295-c	absent	N	Y	N	{{Lbody=10508}}
adva	5033	4-291-c	absent	N	Y	N	{#adva#}¦, {#advayos#} Loc. Du. {%nicht in den zwei Geschlechtern,%} d. i. {%im Neutrum%} TRIK. 1,2,9.
adva	10500	7-295-c	absent	N	Y	N	{#adva#}¦ 4.
advezwar	3449	3-248-c	absent	N	Y	N	{#advezwar#}¦ Nom. ag. {%nicht hassend, wohlwollend gegen%} (Gen.) BHAG. 12,13.
advezwar	10507	7-295-c	absent	N	Y	N	{#advezwar#}¦ 3.
advizant	3448	3-248-c	absent	N	Y	N	{#advizant#}¦ Adj. {%Niemand hassend%} MBH. 2,54,2.
advizant	10505	7-295-c	absent	N	Y	N	{#advizant#}¦ 3.
agADabudDi	1858	2-285-c	absent	N	Y	N	{#agADabudDi#}¦ Adj. {%von tiefem Verstande%} MBH. 3,4,1.
agADabudDi	9668	7-290-c	absent	N	Y	N	{#agADabudDi#}¦ 2.
agArdaBaraTika	1859	2-285-c	absent	N	Y	N	{#*agArdaBaraTika#}¦ Adj. {%nicht für einen von Eseln gezogenen Wagen geeignet%}.
agArdaBaraTika	9672	7-290-c	absent	N	Y	N	{#agArdaBaraTika#} und {#agAlita#}¦ 2.
agOpavana	123	1-283-a	absent	N	Y	N	{#agOpavana#}¦ m. {%kein%} Gaupavana KĀTY. ŚR. 10,2,21.
agOpavana	9697	7-290-d	absent	N	Y	N	{#agOpavana#}¦ 1.
agaRayant	98	1-282-c	absent	N	Y	N	{#agaRayant#}¦ Adj. {%nicht achtend auf%} (Acc.) R. 4,10,4.
agaRayant	9644	7-290-c	absent	N	Y	N	{#agaRayant#} und {#agaRitapratiyAta#}¦ 1.
agaRya	5993	5-240-b	absent	N	Y	Y	{#agaRya#}¦ Adj. {%nicht zu zählen%}. Nom. abstr. {#˚tA#} ŚIŚ. 16,6 (in der neueren Ausg.).
agaRya	9645	7-290-c	absent	N	Y	Y	{#agaRya#}¦ I. 5.
agastikusuma	5994	5-240-b	absent	N	Y	N	{#agastikusuma#}¦ m. {%die Blüthe von Agati grandiflora%} (der Sonne geweiht) BHAVIṢYAP. 92,b. 119,b. [Page5-240-c] 137,
agastikusuma	9659	7-290-c	absent	N	Y	N	{#agastikusuma#}¦ 5.
agastyASrama	107	1-283-a	absent	N	Y	N	{#agastyASrama#}¦ m. N. pr. eines Tīrtha VIṢṆUS. 85,29.
agastyASrama	9666	7-290-c	absent	N	Y	N	{#agastyASrama#}¦ 1.
agastyagfhapatika	3286	3-247-a	absent	N	Y	N	{#agastyagfhapatika#}¦ Adj. Agastya {%zum Hausvater habend%} ĀPAST. ŚR. 23,11.
agastyagfhapatika	9661	7-290-c	absent	N	Y	N	{#agastyagfhapatika#}¦ 3.
agastyaniGaRwu	1857	2-285-c	absent	N	Y	N	{#agastyaniGaRwu#} und {#agastyasaMpAta#}¦ m. Titel zweier Werke OPP. Cat. 1.
agastyaniGaRwu	9662	7-290-c	absent	N	Y	N	{#agastyaniGaRwu#}¦ 2.
agastyasaMpAta	1857	2-285-c	absent	N	Y	N	{{Lbody=1857}}
agastyasaMpAta	9665	7-290-c	absent	N	Y	N	{#agastyasaMpAta#}¦ 2.
agastyavawa	3287	3-247-a	absent	N	Y	N	{#agastyavawa#}¦ m. N. pr. eines Wallfahrtsortes MBH. 1,215,2.
agastyavawa	9663	7-290-c	absent	N	Y	N	{#agastyavawa#}¦ 3.
agatArTa	1853	2-285-c	absent	N	Y	N	{#agatArTa#}¦ Adj. {%dessen Sinn man nicht verstanden hat%} SĀH. D. 289.
agatArTa	9646	7-290-c	absent	N	Y	N	{{Lbody=9646}}
agataSrI	1852	2-285-c	absent	N	Y	N	{#agataSrI#}¦ Adj. {%nicht auf der Höhe des Glücks stehend%}.
agataSrI	9646	7-290-c	absent	N	Y	N	{#agataSrI#} und {#agatArTa#}¦ 2.
agfDnu	1866	2-285-c	absent	N	Y	N	{#agfDnu#}¦ Adj. {%nicht gierig, — habsüchtig%}.
agfDnu	9684	7-290-d	absent	N	Y	N	{#agfDnu#}¦ 2.
agfhRant	1867	2-285-c	absent	N	Y	N	{#agfhRant#}¦ Adj. {%nicht fassend%} (von einem Blutegel) 〔217,32〕.
agfhRant	9686	7-290-d	absent	N	Y	N	{#agfhRant#}¦ 2.
agfhapati	115	1-283-a	absent	N	Y	N	{#*agfhapati#} und {#*˚ka#}¦ gaṇa {#cArvAdi#}.
agfhapati	9685	7-290-d	absent	N	Y	N	{{Lbody=9685}}
agfhapatika	115	1-283-a	absent	N	Y	N	{{Lbody=115}}
agfhapatika	9685	7-290-d	absent	N	Y	N	{{Lbody=9685}}
agfhyamARakAraRa	9688	7-290-d	absent	N	Y	Y	{#agfhyamARakAraRa#}¦ I. 1.
agfhyamAnakAraRa	117	1-283-a	absent	N	Y	N	{#agfhyamAnakAraRa#}¦ (!), {#Aryasamaya#} ĀPAST.
agiriBid	4972	4-291-a	absent	N	Y	N	{#agiriBid#}¦ Adj. {%keine Berge durchbrechend%} Comm. zu ĀPAST. ŚR. 11,20,6.
agiriBid	9673	7-290-c	absent	N	Y	N	{#agiriBid#}¦ 4.
aglAsnu	162	1-283-b	absent	N	Y	N	{#aglAsnu#}¦ auch {%unverdrossen%} ĀPAST. 1,3,22.
aglAsnu	9786	7-291-b	absent	N	Y	N	{#aglAsnu#} und {#aGa#}¦ I. 1.
agnAvizRu	124	1-283-a	absent	N	Y	Y	{#agnA/vi/zRu#}¦ ŚAT. BR. 12,1,3,1.
agnAvizRu	9698	7-290-d	absent	N	Y	Y	{#agnA/vi/zRu#}¦ I. 1.
agnIvaruRa	144	1-283-b	absent	N	Y	Y	{#agnI/va/ruRa#}¦ ŚAT. BR. 4,4,5,17. 19.
agnIvaruRa	9745	7-291-a	absent	N	Y	Y	{#agnI/va/ruRa#}¦ I. 1.
agniBaya	4973	4-291-a	absent	N	Y	N	{#agniBaya#}¦ n. {%Feuersgefahr%} GOBH. 4,7,23. MBH. 2,5,123.
agniBaya	9725	7-291-a	absent	N	Y	N	{#agniBaya#} und {#agnimadana#}¦ 4.
agnidEva	128	1-283-a	absent	N	Y	N	{#agnidEva#}¦ Adj. Agni {%zur Gottheit habend%}. {#Ba#} {%das Mondhaus%} Kṛttikā HEMĀDRI 1,792,18.
agnidEva	9713	7-290-d	absent	N	Y	N	{#agnidEva#}¦ 1.
agnihotraprAyaScitta	1884	2-286-a	absent	N	Y	N	{#agnihotraprAyaScitta#}¦ n. Titel eines Werkes OPP. Cat. 1.
agnihotraprAyaScitta	9742	7-291-a	absent	N	Y	N	{#agnihotraprAyaScitta#}¦ 2.
agnijananaviDi	1877	2-286-a	absent	N	Y	N	{#agnijananaviDi#}¦ m. Titel eines Werkes ebend.
agnijananaviDi	9707	7-290-d	absent	N	Y	N	{#agnijananaviDi#}¦ 2.
agnipUjA	129	1-283-a	absent	N	Y	N	{#agnipUjA#}¦ f. {%Verehrung des Feuers%} ĀPAST.
agnipUjA	9721	7-290-d	absent	N	Y	N	{#agnipUjA#}¦ 1.
agnipUta	5999	5-240-c	absent	N	Y	N	{#agnipUta#}¦ Adj. {%durch Feuer gereinigt%} Ind. St. 9,115.
agnipUta	9722	7-290-d	absent	N	Y	N	{#agnipUta#}¦ 5.
agnipiRqa	3295	3-247-a	absent	N	Y	N	{#agnipiRqa#}¦ Adj. {%mit glühenden Knöpfchen versehen%} (Zange) BHĀG. P. 5,26,19.
agnipiRqa	9719	7-290-d	absent	N	Y	N	{#agnipiRqa#}¦ 3.
agnipraskandana	9724	7-291-a	absent	N	Y	N	{#agnipraskandana#}¦ n. MBH. 1,84,26 nach NĪLAK. = {#SrOtasmArtAdyagnisADyakarmatyAga#}.
agnitanU	3290	3-247-a	absent	N	Y	N	{#agnitanU#}¦ f. Pl. Bez. {%bestimmter Sprüche%} ĀPAST. ŚR. 5,13,7.
agnitanU	9711	7-290-d	absent	N	Y	N	{#agnitanU#} und {#agnituRqa#}¦ 3.
agnizwomayAgaviDi	1882	2-286-a	absent	N	Y	N	{#agnizwomayAgaviDi#}¦ m. Titel eines Werkes OPP. Cat. 1.
agnizwomayAgaviDi	9734	7-291-a	absent	N	Y	N	{#agnizwomayAgaviDi#}¦ 2.
agnyavaBfTa	4976	4-291-a	absent	N	Y	N	{#agnyavaBfTa#}¦ m. {%ein Reinigungsbad mit Anwendung von Feuer%} Bhāradvāja im Comm. zu ĀPAST. ŚR. 9,11,21. = {#avaBfTa
agnyavaBfTa	8194	6-293-a	absent	N	Y	N	{#agnyavaBfTa#}¦ (Nachtr. 4) ĀPAST. ŚR. 14,21,8.
agnyavaBfTa	9749	7-291-a	absent	N	Y	N	{#agnyavaBfTa#}¦ 4. 6.
agnyupasaminDana	4977	4-291-a	absent	N	Y	N	{#agnyupasaminDana#}¦ m. {%ein beim Anzünden des Feuers gesprochener Spruch%} ĀPAST. ŚR. 6,13,10.
agnyupasaminDana	9751	7-291-a	absent	N	Y	N	{#agnyupasaminDana#}¦ 4.
agoarGa	1869	2-286-a	absent	N	Y	N	{#a/goarGa#}¦ Adj. {%kein Rind werth%} TS. 6,1,10,1.
agoarGa	9690	7-290-d	absent	N	Y	N	{#a/goarGa#}¦ 2.
agopAla	1871	2-286-a	absent	N	Y	N	1. {#agopAla#}¦ m. {%kein Hirt, ein fehlender Hirt%} 〔238,4〕.
agopAla	1872	2-286-a	absent	N	Y	N	2. {#agopAla#}¦ Adj. (f. {#A#}) {%ohne Hirten%} Spr. 5159.
agopAla	9693	7-290-d	absent	N	Y	N	1. 2. {#agopAla#}¦ 2.
agopAla	9693	7-290-d	absent	N	Y	N	{{Lbody=9693}}
agopa	120	1-283-a	absent	N	Y	N	1. {#*agopa#}¦ m. {%kein Kuhhirt%} P. 2,2,14, Sch.
agopa	121	1-283-a	absent	N	Y	N	2. {#agopa#}¦ Adj. (f. {#A#}) {%hirtenlos%}.
agopa	9692	7-290-d	absent	N	Y	N	{{Lbody=9692}}
agopa	9692	7-290-d	absent	N	Y	N	{{Lbody=9692}}
agorasa	122	1-283-a	absent	N	Y	N	{#agorasa#}¦ Adj. {%ohne Milch%} HEMĀDRI 1,639,14.
agorasa	9694	7-290-d	absent	N	Y	N	{#agorasa#}¦ 1.
agotracaraRa	119	1-283-a	absent	N	Y	N	{#agotracaraRa#}¦ Adj. {%ohne Geschlechter und Schulen%} AGNI-P. 1,18.
agotracaraRa	9692	7-290-d	absent	N	Y	N	{#agotracaraRa#} und 1. 2. {#agopa#}¦ 1.
agozpada	1873	2-286-a	absent	N	Y	N	{#*agozpada#}¦ Adj. {%nicht von Rindern besucht%}.
agozpada	9696	7-290-d	absent	N	Y	N	{#agozpada#}¦ 2.
agrAha	3303	3-247-b	absent	N	Y	N	{#agrAha#}¦ m. {%gar keine Vorstellung%} VAJRACCH. 42,13. 45,5.
agrAha	9779	7-291-b	absent	N	Y	N	{#agrAha#}¦ 3.
agrAmyakanda	1890	2-286-a	absent	N	Y	N	{#*agrAmyakanda#}¦ m. {%ein best. Zwiebelgewächs%}.
agrAmyakanda	9778	7-291-b	absent	N	Y	N	{#agrAmyakanda#} und {#agrAmyatva#}¦ 2.
agrAmyatva	1891	2-286-a	absent	N	Y	N	{#agrAmyatva#}¦ n. {%Urbanität%} VĀMANA 3,2,12.
agrAmyatva	9778	7-291-b	absent	N	Y	N	{{Lbody=9778}}
agraBogin	1886	2-286-a	absent	N	Y	N	{#agraBogin#}¦ Adj. {%das Beste geniessend%} ebend.
agraBogin	9765	7-291-a	absent	N	Y	N	{#agraBogin#}¦ 2.
agraBojana	153	1-283-b	absent	N	Y	N	{#*agraBojana#}¦ n. {%der erste Bissen%} P. 4,4,66, Sch.
agraBojana	9766	7-291-a	absent	N	Y	N	{#agraBojana#}¦ 1.
agradAtar	1885	2-286-a	absent	N	Y	N	{#agradAtar#}¦ Nom. ag. {%das Beste%} oder {%die Erstlingsbissen%} (den Göttern) {%reichend%} MBH. 13,98,63.
agradAtar	9761	7-291-a	absent	N	Y	N	{#agradAtar#}¦ 2.
agragatvara	6003	5-240-c	absent	N	Y	N	{#agragatvara#}¦ Adj. {%vorangehend%} BRAHMA-P. UTTARAKH. 18.
agragatvara	9755	7-291-a	absent	N	Y	N	{#agragatvara#}¦ 5.
agrahoma	158	1-283-b	absent	N	Y	N	{#agrahoma#}¦ m. {%eine best. Spende%} HEMĀDRI 1,195,8.
agrahoma	9775	7-291-b	absent	N	Y	N	{#agrahoma#}¦ 1.
agrataHsTa	3300	3-247-a	absent	N	Y	N	{#agrataHsTa#}¦ Adj. (f. {#A#}) {%davor stehend%} VIṢṆUS. 99,7.
agrataHsTa	9759	7-291-a	absent	N	Y	N	{#agrataHsTa#}¦ 3.
agratoraTa	6004	5-240-c	absent	N	Y	N	{#agratoraTa#}¦ Adj. {%dessen Wagen andern vorangeht%} SĀY. zu ṚV. 10,39,11.
agratoraTa	9760	7-291-a	absent	N	Y	N	{#agratoraTa#}¦ 5.
agravakra	6006	5-240-c	absent	N	Y	N	{#agravakra#}¦ n. = {#agravaktra#}.
agravakra	9769	7-291-b	absent	N	Y	N	{#agravakra#}¦ 5.
agresarI	6009	5-240-c	absent	N	Y	N	{#agresarI#}¦ mit {#BU#} {%an die Spitze kommen%} NĀGĀN. 112 (113).
agresarI	9784	7-291-b	absent	N	Y	N	{{Lbody=9784}}
agryamahizI	4980	4-291-a	absent	N	Y	N	{#agryamahizI#}¦ f. = {#agramahizI#} KATHĀS. 30,65.
agryamahizI	9785	7-291-b	absent	N	Y	N	{#agryamahizI#}¦ 4.
aguRavant	1862	2-285-c	absent	N	Y	N	{#aguRavant#}¦ auch {%ohne Vorzüge, schlecht, böse%} Spr. 2122.
aguRavant	9675	7-290-c	absent	N	Y	N	{{Lbody=9675}}
aguRyatA	5996	5-240-c	absent	N	Y	N	{#aguRyatA#}¦ f. ŚIŚ. 16,6 fehlerhaft für {#agaRyatA#}.
aguRyatA	9678	7-290-d	absent	N	Y	N	{#aguRyatA#}¦ 5.
aguYjin	110	1-283-a	absent	N	Y	N	{#aguYjin#}¦ Adj. {%keinen brummenden Laut von sich gebend%} BĀLAR. 151,5.
aguYjin	9674	7-290-c	absent	N	Y	N	{#aguYjin#}¦ 1.
agurugavI	1865	2-285-c	absent	N	Y	N	{#agurugavI#}¦ f. {%nicht eine Kuh des Lehrers%} ĀŚV. GṚHY. 2,10,8.
agurugavI	9681	7-290-d	absent	N	Y	N	{#agurugavI#}¦ 2.
aguruka	112	1-283-a	absent	N	Y	N	{#aguruka#}¦ n. = {#aguru#} 2〉a〉 HEMĀDRI 1,423,13.
aguruka	9680	7-290-d	absent	N	Y	N	{#aguruka#}¦ 1.
agurusAra	8190	6-293-a	absent	N	Y	Y	{#agurusAra#}¦ {%das Harz der Aquilaria Agallocha%} SUŚR. 1,183,15. 2,175,4. RAGH. ed. Calc. 6,8. {#agaru˚#} ed. STENZL.
agurusAra	9683	7-290-d	absent	N	Y	Y	{#agurusAra#}¦ I. 6.
agurutalpa	113	1-283-a	absent	N	Y	N	{#agurutalpa#}¦ n. {%kein Ehebruch mit der Frau eines Lehrers%} ĀPAST.
agurutalpa	9682	7-290-d	absent	N	Y	N	{#agurutalpa#}¦ 1.
ahAhA	13797	7-316-a	absent	N	Y	N	{#ahAhA#}¦ m. N. pr. eines Gandharva ŚĀṄKH. ŚR. 4,10,1. Vgl. {#hAhA#}.
ahApayant	8594	6-297-c	absent	N	Y	N	{#ahApayant#}¦ Adj. {%es nicht fehlen lassend an%} (Acc.) Spr. 1003. {#kAlam#} so v. a. {%keine Zeit verlierend, nicht s
ahApayant	13795	7-316-a	absent	N	Y	N	{#ahApayant#}¦ 6.
ahInArTam	13818	7-316-b	absent	N	Y	N	{#ahInArTam#}¦ Adv. {%so dass Jmd nicht zu kurz kommt, zum Frommen%} R. ed. Bomb. 2,22,9.
ahIqamAna	8596	6-297-c	absent	N	Y	N	{#a/hIqamAna#}¦ Adj. {%nicht ärgerlich seiend%} ({#ma/nas#}) ŚAT. BR. 6,3,3,20.
ahIqamAna	13815	7-316-b	absent	N	Y	N	{#a/hIqamAna#}¦ 6.
ahIramaRI	6722	5-248-b	absent	N	Y	N	{#ahIramaRI#}¦ f. {%eine zweiköpfige Schlange%} HARṢAC. (1936) 481,21. Vgl. {#ahIraRi#}.
ahIramaRI	13819	7-316-b	absent	N	Y	N	{#ahIramaRI#}¦ 5.
ahaMmati	6708	5-248-b	absent	N	Y	Y	{#ahaMmati#}¦ Adj. {%eine hohe Meinung von sich habend%} BRAHMAVAIV. 2,38,22.
ahaMmati	13786	7-316-a	absent	N	Y	Y	{#ahaMmati#} und {#aharAdi#}¦ 5.
ahaMpadArTa	13785	7-316-a	absent	N	Y	N	{#ahaMpadArTa#}¦ m. {%das Ich%} MAHĀDEVA zu SĀṂKHYAS. 1,138.
ahamarTa	13783	7-316-a	absent	N	Y	N	{#ahamarTa#}¦ m. {%das Ich%} YOGAVĀS. in SĀṂKHYAPR. 51,11.
ahastABaraRopeta	8593	6-297-c	absent	N	Y	N	{#ahastABaraRopeta#}¦ Adj. {%nicht mit einem Handschmuck versehen%} R. 1,6,9.
ahastABaraRopeta	13792	7-316-a	absent	N	Y	N	{#ahastABaraRopeta#}¦ 6.
aheli	1485	1-296-c	absent	N	Y	N	{#aheli#}¦ m. {%etwas Anderes als die Sonne%} NAIṢ. 3,80.
aheli	13825	7-316-b	absent	N	Y	N	{#aheli#} und {#ahelin#}¦ 1.
ahfzwa	1483	1-296-c	absent	N	Y	N	{#ahfzwa#}¦ Adj. {%betrübt%} NAIṢ. 5,124.
ahfzwa	13820	7-316-b	absent	N	Y	N	{#ahfzwa#}¦ 1.
ahinirlvayanI	6713	5-248-b	absent	N	Y	N	{#ahinirlvayanI/#}¦ ŚAT. BR. 14,7,2,10 fehlerhaft für {#ahinirvlayanI/#}.
ahinirlvayanI	13805	7-316-a	absent	N	Y	N	{#ahinirlvayanI/#} und {#ahipati#}¦ 5.
ahirbuDnyasaMhitA	2560	2-293-a	absent	N	Y	N	{#ahirbuDnyasaMhitA#} f. und {#ahIna#}¦ Titel zweier Werke OPP. Cat. 1.
ahirbuDnyasaMhitA	13813	7-316-b	absent	N	Y	N	{#ahirbuDnyasaMhitA#}¦ 2.
ahitEzin	13801	7-316-a	absent	N	Y	N	{#ahitEzin#}¦ Adj. {%übelwollend%} JĀTAKAM. 21. 23.
aholABakara	8598	6-297-c	absent	N	Y	N	{#aholABakara#}¦ Adj. {%beim geringsten Gewinne schon hoch erfreut%} ({#aho#} {%ausrufend%}) MBH. 5,133,27.
aholABakara	13828	7-316-b	absent	N	Y	N	{#aholABakara#}¦ 6.
ahomaka	1488	1-296-c	absent	N	Y	N	{#ahomaka#}¦ Adj. {%ohne Spende%} Comm. zu GOBH. 1,9,27 (KARMAPR. 9,7). Nom. abstr. {#˚tva#} n. ebend.
ahomaka	13827	7-316-b	absent	N	Y	N	{{Lbody=13827}}
ahotavya	1487	1-296-c	absent	N	Y	N	{#ahotavya^#}¦ Adj. {%nicht zu opfern%} MAITR. S. 1,6,10. 8,7.
ahotavya	13827	7-316-b	absent	N	Y	N	{#ahotavya^#} und {#ahomaka#}¦ 1.
ahrItamuKa	6724	5-248-b	absent	N	Y	N	{#ahrItamuKa#}¦ Adj. (f. {#I#}) {%schamlosen Antlitzes, schamlos%} ĀPAST. ŚR. 13,15,11.
ahrItamuKa	13832	7-316-b	absent	N	Y	N	{#ahrItamuKa#}¦ 5.
ajApAla	230	1-284-a	absent	N	Y	N	{#ajApAla#}¦ m. N. pr. eines Fürsten HEMĀDRI 1,717,12.
ajApAla	9964	7-292-b	absent	N	Y	N	{#ajApAla#}¦ I. 1.
ajAtaguRa	229	1-284-a	absent	N	Y	N	{#ajAtaguRa#}¦ Adj. {%nicht wieder hergestellt%} Ind. St. 15,305.
ajAtaguRa	9959	7-292-b	absent	N	Y	N	{#ajAtaguRa#}¦ 1.
ajAtarajas	6041	5-241-a	absent	N	Y	N	{#ajAtarajas#}¦ Adj. {%noch blüthenstaublos%} und zugleich {%noch nicht menstruirend%} Spr. 378.
ajAtarajas	9960	7-292-b	absent	N	Y	N	{#ajAtarajas#}¦ 5.
ajImUtavarzin	22090	7-385-a	absent	N	Y	N	{#a/jImUtavarzin#}¦ Adj. {%nicht aus einer%} (vorübergehenden) {%Gewitterwolke Regen entsendend%} MAITR. S. 4,8,8 (117,2
ajIrRAmftamaYjarI	1961	2-286-c	absent	N	Y	N	{#ajIrRAmftamaYjarI#}¦ f. Titel eines Werkes OPP. Cat. 1.
ajIrRAmftamaYjarI	9980	7-292-b	absent	N	Y	N	{#ajIrRAmftamaYjarI#}¦ 2.
ajIryant	1962	2-286-c	absent	N	Y	N	{#ajIryant#}¦ Adj. {%nicht alternd%} KAṬHOP. 1,28.
ajIryant	9982	7-292-c	absent	N	Y	N	{#ajIryant#}¦ 2.
ajIryatA	22091	7-385-a	absent	N	Y	N	{#ajIryatA#}¦ f. {%Unzerstörbarkeit%} KAṬHOP. 1,28.
ajYAtalipsam	6045	5-241-a	absent	N	Y	N	{#ajYAtalipsam#}¦ Adv. {%mit unbekanntem Begehren,%} so v. a. {%nicht um eine bestimmte Gabe bittend%} MBH. 12,9987. {#˚
ajYAtalipsam	9989	7-292-c	absent	N	Y	N	{#ajYAtalipsam#}¦ 5.
ajYAtar	235	1-284-a	absent	N	Y	N	{#ajYAtar#}¦ Nom. ag. {%Etwas nicht wissend%} NAIṢ. 6,91.
ajYAtar	9988	7-292-c	absent	N	Y	N	{#ajYAtar#}¦ 1.
ajYeyatva	1965	2-286-c	absent	N	Y	N	{#ajYeyatva#}¦ n. {%Unerkennbarkeit, Unfassbarkeit%}.
ajYeyatva	9990	7-292-c	absent	N	Y	N	{#ajYeyatva#}¦ 2.
ajaNGAla	1945	2-286-c	absent	N	Y	N	{#ajaNGAla#}¦ Adj. {%ungewandt auf den Füssen%}. Nom. abstr. {#˚tva#} n.
ajaNGAla	9939	7-292-b	absent	N	Y	N	{#ajaNGAla#}¦ 2.
ajaNgama	222	1-284-a	absent	N	Y	N	{#ajaNgama#}¦ Adj. {%unbeweglich%} HEMĀDRI 1,368,15.
ajaNgama	9938	7-292-a	absent	N	Y	N	{#ajaNgama#}¦ 1.
ajaWara	1946	2-286-c	absent	N	Y	N	{#ajaWara#}¦ Adj. {%zart%} Nom. abstr. {#˚tva#} n.
ajaWara	9941	7-292-b	absent	N	Y	N	{#ajaWara#}¦ 2.
ajabanDu	227	1-284-a	absent	N	Y	N	{#*ajabanDu#}¦ m. N. pr. eines Mannes KĀŚ. zu P. 4,1,96.
ajabanDu	9949	7-292-b	absent	N	Y	N	{#ajabanDu#}¦ 1.
ajagDapApman	1944	2-286-c	absent	N	Y	N	{#a/jagDapApman#}¦ Adj. {%dessen Sünde nicht verzehrt ist%} AV. 9,6,26.
ajagDapApman	9937	7-292-a	absent	N	Y	N	{#a/jagDapApman#}¦ 2.
ajagat	1943	2-286-c	absent	N	Y	N	{#ajagat#}¦ Adj. {%unbeweglich%} MBH. 12,329,40.
ajagat	9934	7-292-a	absent	N	Y	N	{#ajagat#}¦ 2.
ajajYivaMs	9940	7-292-b	absent	N	Y	N	{#ajajYivaMs#}¦ Adj. {%nicht bemerkt habend%} R. ed. Bomb. 2,14,45.
ajakranda	219	1-284-a	absent	N	Y	N	{#*ajakranda#}¦ m. Pl. N. pr. einer Völkerschaft KĀŚ. zu P. 4,2,125.
ajakranda	9932	7-292-a	absent	N	Y	N	{#ajakranda#}¦ 1.
ajalpant	1951	2-286-c	absent	N	Y	N	{#ajalpant#}¦ Adj. {%nicht sagend%} 〔129,10〕.
ajalpant	9957	7-292-b	absent	N	Y	N	{#ajalpant#} und {#ajavfza#}¦ 2.
ajamaTana	4991	4-291-a	absent	N	Y	N	{#ajamaTana#}¦ Adj. als Beiw. Śivaʼs HARIV. 3,86,28 nach NĪLAK. = {#brahmaSirohartar#}.
ajamaTana	9950	7-292-b	absent	N	Y	N	{#ajamaTana#}¦ 4.
ajanASam	226	1-284-a	absent	N	Y	N	{#*ajanASam#}¦ Absol. {%wie eine Ziege verloren geht%} P. 3,3,45, Sch.
ajanASam	9945	7-292-b	absent	N	Y	N	{{Lbody=9945}}
ajanAgrIya	225	1-284-a	absent	N	Y	N	{#ajanAgrIya#}¦ Adj. {%nicht den Blicken der Leute ausgesetzt%} ŚĀṄKH. GṚHY. 6,2.
ajanAgrIya	9945	7-292-b	absent	N	Y	N	{{Lbody=9945}}
ajanavAdaSIla	224	1-284-a	absent	N	Y	N	{#ajanavAdaSIla#}¦ Adj. {%nicht dem Geklatsch ergeben%} ĀPAST.
ajanavAdaSIla	9945	7-292-b	absent	N	Y	N	{#ajanavAdaSIla#}, {#ajanAgrIya#} und {#ajanASam#}¦ 1.
ajanmanASa	3324	3-247-b	absent	N	Y	N	{#ajanmanASa#}¦ Adj. {%nicht entstehend und nicht vergehend%} VP. 4,1,26.
ajanmanASa	9947	7-292-b	absent	N	Y	N	{#ajanmanASa#}¦ 3.
ajaqapramAtfsidDi	223	1-284-a	absent	N	Y	N	{#ajaqapramAtfsidDi#}¦ f. Titel eines Werkes BÜHLER, Rep. No. 433.
ajaqapramAtfsidDi	9942	7-292-b	absent	N	Y	N	{#ajaqapramAtfsidDi#}¦ 1.
ajarAjarizRu	6038	5-241-a	absent	N	Y	N	{#ajarAjarizRu#}¦ Adj. {%durch Alter nicht hinfällig werdend%} KHILA 6 zu ṚV. 10,151.
ajarAjarizRu	9954	7-292-b	absent	N	Y	N	{#ajarAjarizRu#}¦ 5.
ajarAmarI	9956	7-292-b	absent	N	Y	N	{#ajarAmarI#}¦ Adv. mit {#kar#} {%Jmd%} (Acc.) {%ewige Jugend und Unsterblichkeit verleihen%} SUBHĀṢITĀV. 3509.
ajavfza	1952	2-286-c	absent	N	Y	N	{#ajavfza#}¦ m. {%Ziegenbock%}.
ajavfza	9957	7-292-b	absent	N	Y	N	{{Lbody=9957}}
ajigIza	1955	2-286-c	absent	N	Y	N	{#ajigIza#}¦ Adj. {%frei von Ehrgeiz%} KATHĀS. 15,7.
ajigIza	9968	7-292-b	absent	N	Y	N	{#ajigIza#} und {#ajijYAsya#}¦ 2.
ajihmaSaWa	1959	2-286-c	absent	N	Y	N	{#ajihmaSaWa#}¦ Adj. {%nicht unehrlich und nicht heimtückisch%} MBH. 2,59,11.
ajihmaSaWa	9976	7-292-b	absent	N	Y	N	{{Lbody=9976}}
ajihmacArin	1958	2-286-c	absent	N	Y	N	{#ajihmacArin#}¦ Adj. {%ehrlich zu Werke gehend%} MBH. 5,128,5.
ajihmacArin	9976	7-292-b	absent	N	Y	N	{#ajihmacArin#} und {#ajihmaSaWa#}¦ 2.
ajijYAsya	1956	2-286-c	absent	N	Y	N	{#ajijYAsya#}¦ Adj. {%nicht zu untersuchen%}. Nom. abstr. {#˚tva#} n.
ajijYAsya	9968	7-292-b	absent	N	Y	N	{{Lbody=9968}}
ajinavAsas	3329	3-247-b	absent	N	Y	N	{#ajinavAsas#}¦ Adj. {%in ein Fell gekleidet%} MBH. 3,27,7.
ajinavAsas	9973	7-292-b	absent	N	Y	N	{#ajinavAsas#}¦ 3.
ajitadevAcArya	3327	3-247-b	absent	N	Y	N	{#ajitadevAcArya#}¦ m. N. pr. eines Gelehrten GAṆAR. 175,16.
ajitadevAcArya	9969	7-292-b	absent	N	Y	N	{#ajitadevAcArya#}¦ 3.
ajitamanas	1957	2-286-c	absent	N	Y	N	{#ajitamanas#}¦ Adj. {%der sein Herz, seine Gelüste nicht besiegt hat%} KĀṬH. 10,10.
ajitamanas	4992	4-291-a	absent	N	Y	N	{#ajitamanas#}¦ Adj. {%dessen Verlangen nicht gestillt ist%} KĀṬH. 10,10.
ajitamanas	9970	7-292-b	absent	N	Y	N	{#ajitamanas#}¦ 2. 4.
ajitendriyamiSra	3328	3-247-b	absent	N	Y	N	{#ajitendriyamiSra#}¦ m. N. pr. eines Lehrers KAUTUKAR.
ajitendriyamiSra	9971	7-292-b	absent	N	Y	N	{#ajitendriyamiSra#}¦ 3.
ajugupsa	1963	2-286-c	absent	N	Y	N	{#ajugupsa#}¦ Adj. = {#˚gupsu#} MBH. 13,61,14.
ajugupsa	9984	7-292-c	absent	N	Y	N	{#ajugupsa#} und {#ajugupsita#}¦ 2.
ajyAyaMs	236	1-284-a	absent	N	Y	N	{#a/jyAyaMs#}¦ Adj. {%nicht grösser als%} (Abl.) TBR. 3,7,5,6.
ajyAyaMs	9992	7-292-c	absent	N	Y	N	{#a/jyAyaMs#}¦ 1.
akAYcana	24	1-282-a	absent	N	Y	N	{#akAYcana#}¦ Adj. {%ohne Gold, — Goldschmuck%} NAIṢ. 9,23.
akAYcana	9468	7-289-b	absent	N	Y	N	{#akAYcana#}¦ 1.
akAku	5980	5-240-b	absent	N	Y	N	{#akAku#}¦ Adj. {%unverändert%} von der Stimme ŚIŚ. 11,1.
akAku	9467	7-289-b	absent	N	Y	N	{#akAku#}¦ 5.
akAlajYa	1790	2-285-a	absent	N	Y	N	{#akAlajYa#}¦ Adj. {%keine Rücksicht auf Zeit nehmend%}.
akAlajYa	9483	7-289-c	absent	N	Y	N	{{Lbody=9483}}
akAlaniyama	1791	2-285-a	absent	N	Y	N	{#akAlaniyama#}¦ m. {%keine Beschränkung in Bezug auf Zeit%} GAUT. 15,5.
akAlaniyama	9483	7-289-c	absent	N	Y	N	{{Lbody=9483}}
akAlasaMyamam	1792	2-285-a	absent	N	Y	N	{#akAlasaMyamam#}¦ Adv. {%ohne sich an eine Zeit zu binden%} VP. 2,13,45.
akAlasaMyamam	9483	7-289-c	absent	N	Y	N	{{Lbody=9483}}
akAmAtman	8181	6-292-a	absent	N	Y	N	{#akAmAtman#}¦ Adj. {%frei von Wünschen%} VASIṢṬHA 1,6.
akAmAtman	9475	7-289-c	absent	N	Y	N	{#akAmAtman#}¦ 6.
akAmavikriya	5981	5-240-b	absent	N	Y	N	{#akAmavikriya#}¦ Adj. {%keine Liebesregung empfindend%} HEM. PAR. 2,112.
akAmavikriya	9473	7-289-b	absent	N	Y	N	{#akAmavikriya#}¦ 5.
akAmayAna	3248	3-246-c	absent	N	Y	N	{#akAmayAna#}¦ Adj. {%nicht wünschend%} MBH. 14,28,4.
akAmayAna	9472	7-289-b	absent	N	Y	N	{#akAmayAna#}¦ 3.
akAmayamAna	25	1-282-a	absent	N	Y	N	{#akAma/yamAna#}¦ Adj. {%nicht wünschend%} ŚAT. BR. 14,7,2,3.
akAmayamAna	9471	7-289-b	absent	N	Y	N	{#akAma/yamAna#}¦ 1.
akAmya	26	1-282-b	absent	N	Y	N	{#akAmya#}¦ Adj. {%nicht begehrenswerth%} KAP. 1,85.
akAmya	9477	7-289-c	absent	N	Y	N	{#akAmya#}¦ 1.
akApuruzavrata	3247	3-246-c	absent	N	Y	N	{#akApuruzavrata#}¦ n. {%nicht die Weise eines elenden Wichts%} Spr. 398.
akApuruzavrata	9470	7-289-b	absent	N	Y	N	{#akApuruzavrata#}¦ 3.
akArAdiniGaRwu	1787	2-285-a	absent	N	Y	N	{#akArAdiniGaRwu#}¦ m. Titel eines Werkes OPP. Cat. 1.
akArAdiniGaRwu	9479	7-289-c	absent	N	Y	N	{{Lbody=9479}}
akAraRabanDu	22073	7-384-1a	absent	N	Y	N	{#akAraRabanDu#}¦ m. {%ein uneigennüzziger Freund%} MṚCCH. 173,6.
akAraRaka	1786	2-285-a	absent	N	Y	N	{#akAraRaka#}¦ Adj. {%keine Ursache habend%} SARVAD. 120,7.
akAraRaka	9479	7-289-c	absent	N	Y	N	{#akAraRaka#} und {#akArAdiniGaRwu#}¦ 2.
akArpaRya	28	1-282-b	absent	N	Y	N	{#akArpaRya#}¦ definirt HEMĀDRI 2,a,9,6. 7.
akArpaRya	1788	2-285-a	absent	N	Y	N	{#akArpaRya#}¦ Adj. {%ohne Jammern, — Selbsterniedrigung%} Spr. 5256.
akArpaRya	9480	7-289-c	absent	N	Y	N	{#akArpaRya#}¦ I. 1. 2.
akAryakzama	4960	4-290-c	absent	N	Y	N	{#akAryakzama#}¦ Adj. {%Nichts zu leisten vermögend%} Z. d. d. m. G. 36,519.
akAryakzama	9481	7-289-c	absent	N	Y	N	{#akAryakzama#}¦ 4.
akIrtanIya	1794	2-285-a	absent	N	Y	N	{#akIrtanIya#}¦ Adj. {%nicht auszusprechen, unsagbar%} DAŚAK. (1925) 2,131,2.
akIrtanIya	9488	7-289-c	absent	N	Y	N	{#akIrtanIya#}¦ 2.
akOdreya	45	1-282-b	absent	N	Y	N	{#akOdreya#}¦ m. {%kein%} Kaudreya KĀTY. ŚR. 10,2,21.
akOdreya	9532	7-289-d	absent	N	Y	N	{#akOdreya#}¦ 1.
akOsIdya	9534	7-289-d	absent	N	Y	N	{#akOsIdya#}¦ n. {%Fleiss%} JĀTAKAM. 1.
akUrmapfzant	1810	2-285-b	absent	N	Y	N	{#akUrmapfzant#}¦ Adj. {%nicht wie eine Schildkröte gesprenkelt%} ĀPAST. ŚR. 2,11,3.
akUwaka	1809	2-285-b	absent	N	Y	N	{#akUwaka#}¦ Adj. {%nicht falsch%} (Münze).
akUwaka	9508	7-289-c	absent	N	Y	N	{#akUwaka#} und {#akUrmapfzat#}¦ 2.
akaSApa	22	1-282-a	absent	N	Y	N	{#*akaSApa#}¦ m. N. pr. eines Mannes gaṇa {#SuBrAdi#} in der KĀŚ.
akaSApa	9466	7-289-b	absent	N	Y	N	{#akaSApa#} und {#akasyavi/d#}¦ 1.
akadvada	5976	5-240-b	absent	N	Y	N	{#akadvada#}¦ Adj. {%nicht schlecht —, gut redend%} ŚIŚ. 14,1.
akadvada	9426	7-289-a	absent	N	Y	N	{#akadvada#}¦ 5.
akaliprasara	4958	4-290-c	absent	N	Y	N	{#akaliprasara#}¦ Adj. {%wo kein Hader stattfindet%} KATHĀS. 27,92.
akaliprasara	9455	7-289-b	absent	N	Y	N	{#akaliprasara#}¦ 4.
akalitAtman	3245	3-246-c	absent	N	Y	N	{#akalitAtman#}¦ Adj. {%von unermesslichem Geiste%} MAHĀVĪRAC. 124,20.
akalitAtman	9454	7-289-b	absent	N	Y	N	{#akalitAtman#}¦ 3.
akalkakalila	5978	5-240-b	absent	N	Y	N	{#akalkakalila#}¦ Adj. {%von keiner Gemeinheit beseelt%} ŚIŚ. 19,98.
akalkakalila	9458	7-289-b	absent	N	Y	N	{#akalkakalila#}¦ 5.
akaluzAtman	9457	7-289-b	absent	N	Y	N	{#akaluzAtman#}¦ Adj. {%lauteren Herzens%} R. ed. Bomb. 4,1,115.
akaluza	1781	2-285-a	absent	N	Y	N	{#akaluza#}¦ Adj. {%nicht trübe, hell%} VARĀH. BṚH. S. 8,53.
akaluza	9456	7-289-b	absent	N	Y	N	{#akaluza#}¦ 2.
akampa	8176	6-292-a	absent	N	Y	N	{#akampa#}¦ Adj. {%nicht zitternd%} MBH. 6,14,14.
akampa	9430	7-289-a	absent	N	Y	N	{#akampa#}¦ 6.
akampra	1772	2-285-a	absent	N	Y	N	{#akampra#}¦ Adj. {%nicht schwankend%} ŚOBH. 36.
akampra	9433	7-289-a	absent	N	Y	N	{#akampra#}¦ 2.
akapAla	4955	4-290-c	absent	N	Y	N	{#akapAla#}¦ Adj. {%keine Schüssel habend%} ĀPAST. ŚR. 9,15,2.
akapAla	9427	7-289-a	absent	N	Y	N	{#akapAla#}¦ 4.
akapila	14	1-282-a	absent	N	Y	N	{#akapila#}¦ Adj. (f. {#A#}) {%nicht bräunlich%} HEMĀDRI 1,681,17.
akapila	9428	7-289-a	absent	N	Y	N	{#akapila#}¦ 1.
akapilacCavi	1771	2-285-a	absent	N	Y	N	{#akapilacCavi#}¦ Adj. {%nicht bräunlich%} DAŚAK. (1925) 113,9.
akapilacCavi	9429	7-289-a	absent	N	Y	N	{#akapilacCavi#}¦ 2.
akarAla	17	1-282-a	absent	N	Y	N	{#akarAla#}¦ Adj. (f. {#A#}) 1〉 {%nicht schartig%} SUŚR. 1,27,14. — 2〉 {%sanft, milde%}. Augen BHĀG. P. 3,13,28.
akarAla	9435	7-289-a	absent	N	Y	N	{#akarAla#}¦ 1.
akarRagfhIta	4956	4-290-c	absent	N	Y	N	{#akarRagfhIta#}¦ Adj. {%nicht am Ohr gefasst%} ĀPAST. ŚR. 10,22,9.
akarRagfhIta	9437	7-289-a	absent	N	Y	N	{#akarRagfhIta#}¦ 4.
akarRaprAvfta	18	1-282-a	absent	N	Y	N	{#akarRaprAvfta#}¦ Adj. {%bis zu den Ohren exclusive verhüllt%} ĀPAST. im Comm. zu TĀṆḌYA-BR. 8,7,7.
akarRaprAvfta	8178	6-292-a	absent	N	Y	N	{#akarRaprAvfta#}¦ (Nachtr. 1) vgl. {#avakarRaprAvfta#} (Nachtr. 5).
akarRaprAvfta	9439	7-289-a	absent	N	Y	N	{#akarRaprAvfta#}¦ 1. 6.
akardama	1775	2-285-a	absent	N	Y	N	{#akardama#}¦ Adj. (f. {#A#}) {%ohne Schlamm%}.
akardama	9444	7-289-b	absent	N	Y	N	{#akardama#}¦ 2.
akarmaRyatA	9448	7-289-b	absent	N	Y	N	{#akarmaRyatA#}¦ f. {%Unthätigkeit%} BHOJA zu YOGAS. 1,30. ANIRUDDHA zu SĀṂKHYAS. 6,19.
akarmaRyatva	1777	2-285-a	absent	N	Y	N	{#akarmaRyatva#}¦ n. {%Unthätigkeit%} SARVAD. 163,19.
akarmaRyatva	9449	7-289-b	absent	N	Y	N	{#akarmaRyatva#}¦ 2.
akarmaSrAnta	1779	2-285-a	absent	N	Y	N	{#akarmaSrAnta#}¦ Adj. {%durch keine%} (vorgeschriebene) {%Handlung ermüdet%} ĀŚV. GṚHY. 3,7,2.
akarmaSrAnta	9451	7-289-b	absent	N	Y	N	{{Lbody=9451}}
akarmakAla	9446	7-289-b	absent	N	Y	N	{#akarmakAla#}¦ m. {%eine Zeit, in der keine Ceremonie zu vollziehen ist,%} SUD. zu ĀPAST. GṚHY. 8,5.
akarmakaraRa	8179	6-292-a	absent	N	Y	N	{#akarmakaraRa#}¦ Adj. = 2. {#akaraRa#} oben JAIM. 3,8,15.
akarmakaraRa	9445	7-289-b	absent	N	Y	N	{#akarmakaraRa#}¦ 6.
akarmakft	1776	2-285-a	absent	N	Y	N	{#akarmakft#}¦ Adj. {%unthätig%} BHAG. 3,5.
akarmakft	9447	7-289-b	absent	N	Y	N	{#akarmakft#}¦ I. 2.
akarmaprApti	4957	4-290-c	absent	N	Y	N	{#akarmaprApti#}¦ f. {%das Nichteintreten —, Nichtzuhülfekommen des Schicksals%} PAÑCAT. 132,17.
akarmaprApti	9450	7-289-b	absent	N	Y	N	{#akarmaprApti#}¦ 4.
akarmavant	1778	2-285-a	absent	N	Y	N	{#akarmavant#}¦ Adj. {%der den Werken entsagt hat%} MBH. 14,19,8.
akarmavant	9451	7-289-b	absent	N	Y	N	{#akarmavant#}, {#akarmaSrAnta#} u. {#akarmin#}¦ 2.
akarmin	1780	2-285-a	absent	N	Y	N	{#akarmin#}¦ Adj. {%unfähig zu arbeiten%} BAUDH. in DĀY. 163,19.
akarmin	9451	7-289-b	absent	N	Y	N	{{Lbody=9451}}
akarta	1774	2-285-a	absent	N	Y	N	{#akarta#}¦ m. {%Nichtunterscheidung%}.
akarta	9441	7-289-a	absent	N	Y	N	{#akarta#}¦ 2.
akartar	9442	7-289-a	absent	N	Y	N	{#akartar#}¦ auch {%der einem keinen Dienst erwiesen hat%} R. ed. Bomb. 4,43,7.
akartfka	9443	7-289-b	absent	N	Y	N	{#akartfka#}¦ Adj. {%keinen Schöpfer habend%} ANIRUDDHA zu SĀṂKHYAS. 6,65.
akata	12	1-282-a	absent	N	Y	N	{#*akata#}¦ Adj. P. 5,1,121.
akata	9424	7-289-a	absent	N	Y	N	{#akata#}¦ 1.
akfSAnekakaRwaka	9524	7-289-d	absent	N	Y	N	{#akfSAnekakaRwaka#}¦ Adj. {%von den vielen kleinen Gräten befreit%} R. ed. Bomb. 3,73,15. = {#akfSA aneke ca kaRwakA ya
akfcCralaNGya	5983	5-240-b	absent	N	Y	N	{#akfcCralaNGya#}¦ Adj. {%ohne Beschwerden zurückzulegen%} (Weg) RĀJAT. 3,224.
akfcCralaNGya	9509	7-289-d	absent	N	Y	N	{#akfcCralaNGya#}¦ 5.
akftAgas	8185	6-292-a	absent	N	Y	N	{#akftAgas#}¦ Adj. {%der Nichts gesündigt hat%} R. 1,7,13.
akftAgas	9518	7-289-d	absent	N	Y	N	{#akftAgas#}¦ 6.
akftAgra	1817	2-285-b	absent	N	Y	N	{#akftAgra#}¦ Adj. (Speise) {%von der die Erstlingsbissen nicht%} (dem Ehrengaste) {%dargereicht worden sind,%} HARIV. 1
akftAgra	9519	7-289-d	absent	N	Y	N	{#akftAgra#} und {#akftsnavid#}¦ 2.
akftaSrama	1815	2-285-b	absent	N	Y	N	{#akftaSrama#}¦ Adj. {%der sich keinen Beschwerden, keinen Mühen unterzogen hat%}.
akftaSrama	9517	7-289-d	absent	N	Y	N	{#akftaSrama#} und {#akftasaMjYa#}¦ 2.
akftaka	1812	2-285-b	absent	N	Y	N	{#akftaka#}¦ Adj. {%natürlich, naturalis%}.
akftaka	9512	7-289-d	absent	N	Y	N	{#akftaka#}¦ 2. JĀTAKAM. 18. 20. 26.
akftalakzaRa	1813	2-285-b	absent	N	Y	N	{#akftalakzaRa#}¦ Adj. {%ohne besondere Kennzeichen%}.
akftalakzaRa	9515	7-289-d	absent	N	Y	N	{#akftalakzaRa#} und {#akftavidya#}¦ 2.
akftapraTamayajYa	4963	4-290-c	absent	N	Y	N	{#akftapraTamayajYa#}¦ Adj. {%der das erste Opfer noch nicht vollzogen hat%} BHĀRGAVA im Comm. zu ĀPAST. ŚR. 9,12,11.
akftapraTamayajYa	9514	7-289-d	absent	N	Y	N	{{Lbody=9514}}
akftaprajYa	4961	4-290-c	absent	N	Y	N	{#akftaprajYa#}¦ Adj. {%dumm%} (Person) MBH. 13,105,3. BHĀG. P. 1,13,31.
akftaprajYa	9514	7-289-d	absent	N	Y	N	{#akftaprajYa#}, {#˚ka#} u. {#akftapraTamayajYa#}¦ 4.
akftaprajYaka	4962	4-290-c	absent	N	Y	N	{#akftaprajYaka#}¦ Adj. dass. MBH. 12,197,10.
akftaprajYaka	9514	7-289-d	absent	N	Y	N	{{Lbody=9514}}
akftasaMjYa	1816	2-285-b	absent	N	Y	N	{#akftasaMjYa#}¦ Adj. {%der keine Unterweisung erhalten hat%} MBH. 14,19,56.
akftasaMjYa	9517	7-289-d	absent	N	Y	N	{{Lbody=9517}}
akftavEra	22076	7-384-1b	absent	N	Y	N	{#akftavEra#}¦ Adj. {%unbeleidigt%} MṚCCH. 163,12.
akftavidya	1814	2-285-b	absent	N	Y	N	{#akftavidya#}¦ Adj. {%ununterrichtet, ungelehrt%}.
akftavidya	9515	7-289-d	absent	N	Y	N	{{Lbody=9515}}
akftavyUha	39	1-282-b	absent	N	Y	N	{#akftavyUha#}¦ Adj. {%eine Sache nicht weiter verfolgend, sich über Etwas nicht aussprechend%} PARIBH. 56.
akftavyUha	9516	7-289-d	absent	N	Y	N	{#akftavyUha#} und {#a/kftaSmaSAna#}¦ 1.
akftsnavid	1818	2-285-b	absent	N	Y	N	{#akftsnavid#}¦ Adj. {%nicht Alles wissend, mangelhaftes Wissen habend%} BHAG. 3,29.
akftsnavid	9519	7-289-d	absent	N	Y	N	{{Lbody=9519}}
akfzRa	43	1-282-b	absent	N	Y	N	{#akfzRa#}¦ Adj. {%nicht schwarz%} KĀTY. ŚR. 22,4,13.
akfzRa	9527	7-289-d	absent	N	Y	N	{#akfzRa#}¦ 1.
akfzwarohin	3254	3-246-c	absent	N	Y	N	{#akfzwarohin#}¦ Adj. {%wild wachsend%} RAGH. 14,77.
akfzwarohin	9526	7-289-d	absent	N	Y	N	{#akfzwarohin#}¦ 3.
akiMcijjYa	30	1-282-b	absent	N	Y	N	{#akiMcijjYa#}¦ Adj. {%Nichts wissend%} Spr. 5188.
akiMcijjYa	9484	7-289-c	absent	N	Y	N	{{Lbody=9484}}
akiMcinmaya	3249	3-246-c	absent	N	Y	N	{#akiMcinmaya#}¦ Adj. {%aus Nichts gebildet%} VP. 4,1,12.
akiMcinmaya	9485	7-289-c	absent	N	Y	N	{#akiMcinmaya#}¦ 3.
akilbiza	3250	3-246-c	absent	N	Y	N	{#akilbiza#}¦, f. {#I#} MBH. 1,63,97.
akilbiza	9487	7-289-c	absent	N	Y	N	{#akilbiza/#}¦ I. 3.
akleSam	4965	4-290-c	absent	N	Y	N	{#akleSam#}¦ Adv. {%ohne Leiden, — Beschwerden%} PRAB. 61,11.
akoSa	1827	2-285-b	absent	N	Y	N	{#akoSa#}¦ Adj. 1〉 {%ohne Degenscheide, aus der Scheide gezogen, entblösst%} (Schwert) MBH. 4,8,1. — 2〉 {%ohne Samenbehä
akoSa	9531	7-289-d	absent	N	Y	N	{{Lbody=9531}}
akopayant	1825	2-285-b	absent	N	Y	N	{#akopayant#}¦ Adj. {%Jmd nicht aufregend%} 〔213,24〕.
akopayant	9531	7-289-d	absent	N	Y	N	{#akopayant#}, {#akopitA#}, {#akoSa#} und {#a/kozaDAvana#}¦ 2.
akopitA	1826	2-285-b	absent	N	Y	N	{#akopitA#}¦ f. {%das sich nicht dem Zorn Hingeben%}.
akopitA	9531	7-289-d	absent	N	Y	N	{{Lbody=9531}}
akozaDAvana	1828	2-285-b	absent	N	Y	N	{#a/kozaDAvana#}¦ Adj. (f. {#I#}) etwa {%nicht aus dem Rahmen laufend%} TBR. 3,6,2,2.
akozaDAvana	9531	7-289-d	absent	N	Y	N	{{Lbody=9531}}
akrIRant	3256	3-246-c	absent	N	Y	N	{#akrIRant#}¦ Adj. {%nicht kaufend,%} so v. a. {%Gekauftes nicht annehmend%} VIṢṆUS. 5,129.
akrIRant	9545	7-290-a	absent	N	Y	N	{#akrIRant#}¦ 3.
akrUraMkAra	4964	4-290-c	absent	N	Y	N	{#a/krUraMkAra#}¦ m. {%Nichtverletzung%} TS. 5,1,7,1.
akrUraMkAra	9548	7-290-a	absent	N	Y	N	{#a/krUraMkAra#}¦ 4.
akrUraparivAra	55	1-282-b	absent	N	Y	N	{#akrUraparivAra#}¦ Adj. {%eine milde Umgebung habend%}. Nom. abstr. {#˚tA#} f. KĀM. NĪTIS. 8,11.
akrUraparivAra	9549	7-290-a	absent	N	Y	N	{#akrUraparivAra#}¦ 1.
akratusaMyukta	9537	7-289-d	absent	N	Y	N	{#akratusaMyukta#}¦ Adj. {%nicht mit einer bestimmten Absicht verbunden%} ĀPAST. ŚR. 10,14,3.
akrimi	50	1-282-b	absent	N	Y	N	{#a/krimi#}¦ m. {%kein Wurm%} ŚAT. BR. 5,4,1,2.
akrimi	9542	7-289-d	absent	N	Y	N	{#a/krimi#}¦ 1.
akriyAka	5985	5-240-b	absent	N	Y	N	{#akriyAka#}¦ Adj. {%unthätig, unbeweglich%} ŚIŚ. 20,17.
akriyAka	9544	7-290-a	absent	N	Y	N	{#akriyAka#}¦ 5.
akriyaka	1831	2-285-b	absent	N	Y	N	{#akriyaka#}¦ Adj. dass. SUŚR. 1,257,8.
akriyaka	9543	7-290-a	absent	N	Y	N	{{Lbody=9543}}
akroSant	3257	3-246-c	absent	N	Y	N	{#akroSant#}¦ Adj. {%nicht schreiend, — wehklagend%} MBH. 3,219,14.
akroSant	9551	7-290-a	absent	N	Y	N	{#akroSant#}¦ 3.
akruDyant	53	1-282-b	absent	N	Y	N	{#a/kruDyant#}¦ Adj. {%nicht zürnend%} ŚAT. BR. 14,2,2,30.
akruDyant	9546	7-290-a	absent	N	Y	N	{{Lbody=9546}}
akrudDa	52	1-282-b	absent	N	Y	N	{#akrudDa#}¦ Adj. {%nicht erzürnt%} TAITT. ĀR. 1,4,2.
akrudDa	9546	7-290-a	absent	N	Y	N	{{Lbody=9546}}
akuRWamaRqala	8183	6-292-a	absent	N	Y	N	{#akuRWamaRqala#}¦ Adj. {%mit scharfem Rande%} ({#cakra#}) MBH. 1,19,21.
akuRWamaRqala	9492	7-289-c	absent	N	Y	N	{#akuRWamaRqala#}¦ 6.
akuRqalin	1796	2-285-a	absent	N	Y	N	{#akuRqalin#}¦ Adj. {%nicht mit Ohrringen geschmückt%}.
akuRqalin	9494	7-289-c	absent	N	Y	N	{#akuRqalin#}¦ 2.
akuTita	1800	2-285-a	absent	N	Y	N	{#akuTita#}¦ Adj. {%nicht stinkend%}.
akuTita	9496	7-289-c	absent	N	Y	N	{{Lbody=9496}}
akuYcita	5982	5-240-b	absent	N	Y	N	{#akuYcita#}¦ Adj. {%nicht krumm, gerade%} VĀSAV. 285,6.
akuYcita	9489	7-289-c	absent	N	Y	N	{#akuYcita#}¦ 5.
akulaja	1805	2-285-b	absent	N	Y	N	{#akulaja#}¦ Adj. {%aus niedrigem Geschlecht%} Spr. 4341, v. l.
akulaja	9503	7-289-c	absent	N	Y	N	{#akulaja#}¦ 2.
akupAna	8184	6-292-a	absent	N	Y	N	{#akupAna#}¦ Adj. {%nicht zürnend, wohlwollend%} ĀPAST. ŚR. 14,28,4.
akupAna	9497	7-289-c	absent	N	Y	N	{#akupAna#}¦ 6.
akupita	1801	2-285-a	absent	N	Y	N	{#akupita#}¦ Adj. {%nicht erzürnt%} Ind. St. 13,404.
akupita	9498	7-289-c	absent	N	Y	N	{#akupita#}¦ 2.
akutsayant	1799	2-285-a	absent	N	Y	N	{#akutsayant#}¦ Adj. {%nicht schmähend, — tadelnd%}.
akutsayant	9496	7-289-c	absent	N	Y	N	{{Lbody=9496}}
akuwila	1795	2-285-a	absent	N	Y	N	{#akuwila#}¦ Adj. {%gerade%} (eig.) und {%redlich%} Spr. 351.
akuwila	9490	7-289-c	absent	N	Y	N	{#akuwila#}¦ 2.
akxpta	1822	2-285-b	absent	N	Y	N	{#a/kxpta#}¦ Adj. {%unvollkommen, ungültig%}.
akxpta	9528	7-289-d	absent	N	Y	N	{#akxpta#} und {#aketana#}¦ 2.
akzA	22079	7-384-1c	absent	N	Y	N	{#akzA#}¦ 7. So zu lesen st. {#ajA#}.
akzAlita	1846	2-285-c	absent	N	Y	N	{#akzAlita#}¦ Adj. {%ungewaschen%}.
akzAlita	9609	7-290-b	absent	N	Y	N	{#akzAlita#}¦ 2.
akzIRabudDi	3276	3-247-a	absent	N	Y	N	{#akzIRabudDi#}¦ Adj. {%der nicht den Verstand verloren hat, bei Verstande seiend%} MBH. 12,87,19.
akzIRabudDi	9619	7-290-b	absent	N	Y	N	{#akzIRabudDi#}¦ 3.
akzIrAkzArAlavaRa	1848	2-285-c	absent	N	Y	N	{#akzIrAkzArAlavaRa#}¦ n. Sg. {%keine Milch, nichts Aetzendes und nichts Salziges%} ĀPAST. 1,28,11.
akzIrAkzArAlavaRa	9621	7-290-b	absent	N	Y	N	{#akzIrAkzArAlavaRa#}¦ 2.
akzadevanapaRI	4966	4-290-c	absent	N	Y	N	{#akzadevanapaRI#}¦ Adv. {%zum Einsatz im Würfelspiel machen%} Z. d. d. m. G. 36,512.
akzadevanapaRI	9566	7-290-a	absent	N	Y	N	{#akzadevanapaRI#}¦ 4.
akzadevitar	3261	3-246-c	absent	N	Y	N	{#akzadevitar#}¦ Nom. ag. {%Würfelspieler%} MBH. 4,16,45.
akzadevitar	9567	7-290-a	absent	N	Y	N	{#akzadevitar#}¦ 3.
akzakUwa	3258	3-246-c	absent	N	Y	N	{#akzakUwa#}¦ n. {%Betrug im Würfelspiel%} MBH. 3,33,3.
akzakUwa	9558	7-290-a	absent	N	Y	N	{#akzakUwa#}¦ 3.
akzamAlAmaya	66	1-282-c	absent	N	Y	N	{#akzamAlAmaya#}¦ Adj. {%aus Rosenkränzen gebildet%} HEMĀDRI 2,a,104,14.
akzamAlAmaya	9579	7-290-a	absent	N	Y	N	{#akzamAlAmaya#}¦ 1.
akzamAvant	3267	3-246-c	absent	N	Y	N	{#akzamAvant#}¦ Adj. {%ungeduldig, unnachsichtig%} MBH. 3,28,16.
akzamAvant	9580	7-290-a	absent	N	Y	N	{#akzamAvant#}¦ 3.
akzasUtraka	78	1-282-c	absent	N	Y	N	{#akzasUtraka#}¦ n. = {#akzasUtra#} HEMĀDRI 1,285,6.
akzasUtraka	9601	7-290-b	absent	N	Y	N	{#akzasUtraka#}¦ 1.
akzataDAnA	5988	5-240-b	absent	N	Y	N	{#akzataDAnA#}¦ f. Pl. GOBH. 3,3,6 nach dem Comm. {%geröstete Gerstenkörner%}.
akzataDAnA	9561	7-290-a	absent	N	Y	N	{#akzataDAnA#}¦ 5.
akzatasaktu	3259	3-246-c	absent	N	Y	N	{#akzatasaktu#}¦ m. Pl. {%Grütze von unenthülstem Korne%} MĀN. GṚHY. 1,11.
akzatasaktu	9562	7-290-a	absent	N	Y	N	{#akzatasaktu#}¦ 3.
akzatodaka	3260	3-246-c	absent	N	Y	N	{#akzatodaka#}¦ n. {%Wasser, in dem unenthülstes Korn liegt,%} MĀN. GṚHY. 1,8.
akzatodaka	9564	7-290-a	absent	N	Y	N	{#akzatodaka#}¦ 3.
akzatriya	62	1-282-b	absent	N	Y	N	{#a/kzatriya#}¦ m. {%kein%} Kṣatriya ŚAT. BR. 6,6,3,12.
akzatriya	9565	7-290-a	absent	N	Y	N	{#a/kzatriya#} und {#akzadAya#}¦ 1.
akzema	91	1-282-c	absent	N	Y	N	{#akzema#}¦ n. {%Leid%} R. GORR. 2,6,14. 17.
akzema	9626	7-290-b	absent	N	Y	N	{#akzema#} und {#a/kzoDuka#}¦ 1.
akzetratara	90	1-282-c	absent	N	Y	N	{#akzetratara#}¦ n. {%eine zum Bebauen%} oder {%Bewohnen sehr ungeeignete Gegend%}.
akzetratara	9625	7-290-b	absent	N	Y	N	{#a/kzetratara#}¦ 1. 3.
akziRvant	1847	2-285-c	absent	N	Y	N	{#akziRvant#}¦ Adj. {%nicht übel mitnehmend%}.
akziRvant	9613	7-290-b	absent	N	Y	N	{#akziRvant#}¦ 2.
akzicCidra	3273	3-247-a	absent	N	Y	N	{#akzicCidra#}¦ n. {%Augenöffnung%} MĀN. ŚR. 8,19.
akzicCidra	9612	7-290-b	absent	N	Y	N	{#akzicCidra#}¦ 3.
akziduHKa	82	1-282-c	absent	N	Y	N	{#akziduHKa#}¦ n. {%Augenübel%} TAITT. ĀR. 1,4,1.
akziduHKa	9614	7-290-b	absent	N	Y	N	{{Lbody=9614}}
akzilakzI	86	1-282-c	absent	N	Y	N	{#akzilakzI#}¦ Adv. mit {#kar#} {%zum Ziel der Augen machen, hinblicken auf%} NAIṢ. 2,107.
akzilakzI	9618	7-290-b	absent	N	Y	N	{{Lbody=9618}}
akzipaTa	3274	3-247-a	absent	N	Y	N	{#akzipaTa#}¦ m. {%Gesichtskreis%}.
akzipaTa	9615	7-290-b	absent	N	Y	N	{#akzipaTa#}¦ 3.
akzirogavant	85	1-282-c	absent	N	Y	N	{#akzirogavant#}¦ Adj. {%augenkrank%} HEMĀDRI 1,745,7.
akzirogavant	9618	7-290-b	absent	N	Y	N	{#akzirogavant#} und {#akzilakzI#}¦ 1.
akziruj	3275	3-247-a	absent	N	Y	N	{#akziruj#}¦ f. {%Augenkrankheit%} VARĀH. BṚH. S. 51,11. 104,16.
akziruj	9617	7-290-b	absent	N	Y	N	{#akziruj#}¦ 3.
akzudraparicArin	3278	3-247-a	absent	N	Y	N	{#akzudraparicArin#}¦ Adj. {%keinen niedrigen Diener um sich habend%}. Nom. abstr. {#˚ritA#} f. KĀM. NĪTIS. 4,7. {#˚pari
akzudraparicArin	9623	7-290-b	absent	N	Y	N	{{Lbody=9623}}
akzudraparivAra	3279	3-247-a	absent	N	Y	N	{#akzudraparivAra#}¦ Adj. {%kein niedriges Gefolge habend%}. Nom. abstr. {#˚tA#} f. KĀM. NĪTIS. 4,7, v. l.
akzudraparivAra	9623	7-290-b	absent	N	Y	N	{{Lbody=9623}}
akzyupanizad	1849	2-285-c	absent	N	Y	N	{#akzyupanizad#}¦ f. Titel einer Upaniṣad OPP. Cat. 1.
akzyupanizad	9630	7-290-b	absent	N	Y	N	{#akzyupanizad#}¦ 2.
alAlasa	6476	5-245-c	absent	N	Y	N	{#alAlasa#}¦ Adj. {%keine Begierden habend%} MBH. 12,231,14.
alAlasa	12874	7-310-a	absent	N	Y	N	{#alAlasa#}¦ 5.
alIQa	1260	1-294-b	absent	N	Y	N	{#alIQa#}¦ Adj. {%unbeleckt%} VARĀH. YOGAY. 8,3.
alIQa	12884	7-310-a	absent	N	Y	N	{{Lbody=12884}}
alIkanalI	1258	1-294-b	absent	N	Y	N	{#alIkanalI#}¦ Adv. mit {#kar#} {%zum Schein%} Nalaʼs {%Gestalt annehmen%} NAIṢ. 6,61.
alIkanalI	12884	7-310-a	absent	N	Y	N	{#alIkanalI#}, {#alIkavAdaSIla#}, {#alIQa#} und {#alIna#}¦ 1.
alIna	1261	1-294-b	absent	N	Y	N	{#alIna#}¦ Adj. {%nicht in Etwas steckend%} Spr. 3250.
alIna	12884	7-310-a	absent	N	Y	N	{{Lbody=12884}}
alOlya	5326	4-295-b	absent	N	Y	N	{#alOlya#}¦ n. {%das Fehlen alles Verlangens in den Besitz von Etwas zu gelangen%}.
alOlya	12894	7-310-b	absent	N	Y	N	{#alOlya#}¦ 4.
alaGIyaMs	3915	3-254-a	absent	N	Y	N	{#alaGIyaMs#}¦ Adj. {%nicht unbedeutend, gross, gewaltig%} ŚIŚ. 2,58.
alaGIyaMs	12840	7-309-d	absent	N	Y	N	{#alaGIyaMs#}¦ 3.
alaGuBava	6464	5-245-c	absent	N	Y	N	{#alaGuBava#}¦ m. {%keine Erniedrigung%} Spr. 4253, v. l.
alaGuBava	12842	7-309-d	absent	N	Y	N	{#alaGuBava#}¦ 5.
alaMBavizRu	6474	5-245-c	absent	N	Y	N	{#alaMBavizRu#}¦ Adj. {%im Stande seiend zu%} (Infin.) BRAHMA-P. UTTARAKH. Kap. 3.
alaMBavizRu	12867	7-310-a	absent	N	Y	N	{{Lbody=12867}}
alaMbuDa	6473	5-245-c	absent	N	Y	N	{{Lbody=6473}}
alaMbuDa	12867	7-310-a	absent	N	Y	N	{{Lbody=12867}}
alaMkAramayUKa	2429	2-291-c	absent	N	Y	N	{{Lbody=2429}}
alaMkAramayUKa	12845	7-309-d	absent	N	Y	N	{{Lbody=12845}}
alaMkAranikarza	2429	2-291-c	absent	N	Y	N	{#alaMkAranikarza#} m., {#˚kAramayUKa#} m., {#˚kArarahasya#} n. und {#˚kArarAGava#} n.¦ Titel von Werken OPP. Cat. 1.
alaMkAranikarza	12845	7-309-d	absent	N	Y	N	{#alaMkAranikarza#} und {#˚kAramayUKa#}¦ 2.
alaMkArarAGava	2429	2-291-c	absent	N	Y	N	{{Lbody=2429}}
alaMkArarAGava	12847	7-309-d	absent	N	Y	N	{{Lbody=12847}}
alaMkArarahasya	2429	2-291-c	absent	N	Y	N	{{Lbody=2429}}
alaMkArarahasya	12847	7-309-d	absent	N	Y	N	{#alaMkArarahasya#} und {#˚kArarAGava#}¦ 2.
alaMkAratilaka	12844	7-309-d	absent	N	Y	N	{#alaMkAratilaka#}¦ m. Titel eines Werkes Festgr. 92.
alaMkArika	1249	1-294-b	absent	N	Y	N	{#alaMkArika#}¦ s. {#AlaM˚#}.
alaMkArika	12848	7-309-d	absent	N	Y	N	{#alaMkArika#}, {#alaMkArin#} (am Ende eines Comp. {%schmückend%} Ind. Antiq. 1887, S. 64, V. 7) und {#alaMkArodAharaRa#
alaMkArin	1250	1-294-b	absent	N	Y	N	{#alaMkArin#}¦ Adj. {%sich auf Schmuck verstehend%} Ind. St. 15,295.
alaMkArin	12848	7-309-d	absent	N	Y	N	{{Lbody=12848}}
alaMkArodAharaRa	1251	1-294-b	absent	N	Y	N	{#alaMkArodAharaRa#}¦ n. Titel zweier Werke BÜHLER, Rep. No. 240. fg.
alaMkArodAharaRa	12848	7-309-d	absent	N	Y	N	{{Lbody=12848}}
alaMkftiSAstra	3916	3-254-a	absent	N	Y	N	{#alaMkftiSAstra#}¦ n. {%ein Lehrbuch des Stils%} KAUTUKAS. 17.
alaMkftiSAstra	12849	7-310-a	absent	N	Y	N	{#alaMkftiSAstra#}¦ 3.
alaMpura	6473	5-245-c	absent	N	Y	N	{#alaMpura#} n. und {#alaMbuDa#} n.¦ N. pr. zweier Tīrtha MATSYAP. 22,50. 51.
alaMpura	12867	7-310-a	absent	N	Y	N	{#alaMpura#}, {#alaMbuDa#} und {#alaMBavizRu#}¦ 5.
alaNGanIyatva	6466	5-245-c	absent	N	Y	N	{#alaNGanIyatva#}¦ n. Nom. abstr. zu {#alaNGanIya#} {%dem man nicht zu nahe treten darf%} RĀJAT. 6,2.
alaNGanIyatva	12851	7-310-a	absent	N	Y	N	{{Lbody=12851}}
alaNGayant	2430	2-291-c	absent	N	Y	N	{#alaNGayant#}¦ Adj. {%nicht übertretend%} (einen Befehl) RAGH. 9,9.
alaNGayant	12852	7-310-a	absent	N	Y	N	{#alaNGayant#}¦ 2.
alabDanidrAkzaRa	6468	5-245-c	absent	N	Y	N	{#alabDanidrAkzaRa#}¦ Adj. {%keine Zeit zum Schlafen findend%} BHĀG. P. 5,14,21.
alabDanidrAkzaRa	12859	7-310-a	absent	N	Y	N	{#alabDanidrAkzaRa#}¦ 5.
alabDavya	6469	5-245-c	absent	N	Y	N	{#alabDavya#}¦ Adj. {%nicht zu erlangen, dessen man nicht theilhaftig werden soll, kann%} oder {%darf%} MBH. 5,114,4.
alabDavya	12861	7-310-a	absent	N	Y	N	{#alabDavya#} und {#alaBamAna#}¦ 5.
alajjAkara	3917	3-254-a	absent	N	Y	N	{#alajjAkara#}¦ Adj. {%keine Schande bringend%} Spr. 5911.
alajjAkara	12854	7-310-a	absent	N	Y	N	{#alajjAkara#}¦ 3.
alakzaRasaMpad	3914	3-254-a	absent	N	Y	N	{#alakzaRasaMpad#}¦ f. {%kein Vollauf von Kennzeichen%} VAJRACCH. 22,3. 5. 40,15.
alakzaRasaMpad	12835	7-309-d	absent	N	Y	N	{#alakzaRasaMpad#}¦ 3.
alakzaRya	6458	5-245-c	absent	N	Y	N	{#alakzaRya#}¦ Adj. {%Unglück verheissend%} MBH. 6,5209.
alakzaRya	12836	7-309-d	absent	N	Y	N	{#alakzaRya#} und {#alakzamARa#}¦ 5.
alakzamARa	6459	5-245-c	absent	N	Y	N	{#alakzamARa#}¦ Adj. {%nicht wahrnehmend, — inne werdend%} BHĀG. P. 3,16,12.
alakzamARa	12836	7-309-d	absent	N	Y	N	{{Lbody=12836}}
alamaka	6472	5-245-c	absent	N	Y	N	{#alamaka#}¦ m. v. l. für {#alimpaka#} ZACH. Beitr.
alamaka	12863	7-310-a	absent	N	Y	N	{#alamaka#}¦ 5.
alamelamaNgAstotra	2431	2-291-c	absent	N	Y	N	{#alamelamaNgAstotra#}¦ n. Titel eines Werkes OPP. Cat. 1.
alamelamaNgAstotra	12866	7-310-a	absent	N	Y	N	{#alamelamaNgAstotra#}¦ 2.
alantarAm	3918	3-254-a	absent	N	Y	N	{#alantarAm#}¦ Adv. {%in hohem Grade%} KUMĀRAS. 14,16. 15,28. Mit einem Infin. {%bedeutend besser%} ŚIŚ. 2,106.
alasay	12869	7-310-a	absent	N	Y	N	{#alasay#}¦, {#˚yati#} {%erschlaffen%} (trans.) SUBHĀṢITĀV. 1262.
aleKya	6484	5-246-a	absent	N	Y	N	{#aleKya#}¦ Adj. {%nicht zu rechnen —, nicht zu zählen zu%} (Loc.) Spr. 1536.
aleKya	12887	7-310-b	absent	N	Y	N	{#aleKya#}, 1. {#alepa#}, 2. {#alepa#} und {#alokavrata#}¦ 5.
aliNgasaMKya	1256	1-294-b	absent	N	Y	N	{#aliNgasaMKya#}¦ Adj. {%ohne Genus und Numerus%} Comm. zu GAṆAR. 2,68.
aliNgasaMKya	12877	7-310-a	absent	N	Y	N	{#aliNgasaMKya#}¦ 1.
alipta	12880	7-310-a	absent	Y	Y	N	{#*alipta#}¦ Adj. {%unbefleckt%} MAHĀVY. 19.
alivanda	2433	2-291-c	absent	N	Y	N	{#alivanda#}¦ m. neben {#balivanda#} ({#balivarda#}) KĀṬH. 5,12,1.
alivanda	12882	7-310-a	absent	N	Y	N	{#alivanda#}¦ 2.
aloBavant	2434	2-291-c	absent	N	Y	N	{#aloBavant#}¦ Adj. {%frei von Begierde%} ŚOBH. 77.
aloBavant	12890	7-310-b	absent	N	Y	N	{#aloBavant#}¦ 2.
alokavrata	6487	5-246-a	absent	N	Y	N	{#alokavrata#}¦ n. {%die nicht allgemeine Art und Weise zu leben%} BHĀG. P. 8,3,7.
alokavrata	12887	7-310-b	absent	N	Y	N	{{Lbody=12887}}
alomaSa	6489	5-246-a	absent	N	Y	N	{#alomaSa#}¦ Adj. (f. {#A#}) {%unbehaart%} R. 6,23,11.
alomaSa	12891	7-310-b	absent	N	Y	N	{#alomaSa#}¦ 5.
alopayant	6488	5-246-a	absent	N	Y	N	{#alopayant#}¦ Adj. {%nicht abbringend von%} (Abl.) RAGH. 12,9.
alopayant	12889	7-310-b	absent	N	Y	N	{#alopayant#}¦ 5.
alozWaka	3922	3-254-a	absent	N	Y	N	{#alozWaka#}¦ Adj. v. l. für {#alozwaka#}.
alozWaka	12892	7-310-b	absent	N	Y	N	{{Lbody=12892}}
alozwaka	3921	3-254-a	absent	N	Y	N	{#alozwaka#}¦ Adj. (f. {#A#}) {%frei von Erdklössen%}.
alozwaka	12892	7-310-b	absent	N	Y	N	{#alozwaka#} und {#alozWaka#}¦ 3.
alpaSruta	1267	1-294-b	absent	N	Y	N	{#alpaSruta#}¦ Adj. {%ungelehrt%} HEMĀDRI 1,529,18.
alpaSruta	12907	7-310-b	absent	N	Y	N	{{Lbody=12907}}
alpadarSin	2438	2-291-c	absent	N	Y	N	{#alpadarSin#}¦ Adj. {%von geringer Einsicht%}.
alpadarSin	12899	7-310-b	absent	N	Y	N	{#alpadarSin#}¦ 2.
alpajIvin	2437	2-291-c	absent	N	Y	N	{#alpajIvin#}¦ Adj. {%nicht lange lebend%} HARIV. 9320.
alpajIvin	12897	7-310-b	absent	N	Y	N	{{Lbody=12897}}
alpakAlika	3924	3-254-a	absent	N	Y	N	{#alpakAlika#}¦ Adj. {%eine kurze Zeit lang stattfindend%} Comm. zu ĀPAST. ŚR. 8,1,1.
alpakAlika	12896	7-310-b	absent	N	Y	N	{#alpakAlika#}¦ 3.
alpakfcCra	2436	2-291-c	absent	N	Y	N	{#alpakfcCra#}¦ n. Instr. {%mit geringer Mühe%}.
alpakfcCra	12897	7-310-b	absent	N	Y	N	{#alpakfcCra#} und {#alpajIvin#}¦ 2.
alpakleSa	22228	7-386-b	absent	N	Y	N	{#alpakleSa#}¦ Adj. {%mit geringen Leiden verbunden%} MṚCCH. 7,18.
alpanicaya	3925	3-254-a	absent	N	Y	N	{#alpanicaya#}¦ Adj. {%einen kleinen Vorrath habend%} R. GORR. 1,6,7.
alpanicaya	12900	7-310-b	absent	N	Y	N	{#alpanicaya#}, {#alpanidAna#} und {#alpaparikara#}¦ 3.
alpaparicCeda	12901	7-310-b	absent	N	Y	N	{#alpaparicCeda#}¦ Adj. DIVYĀVAD. 87,20 fehlerhaft für {#˚padicCada#} {%unbegütert, arm%}.
alpaparikara	3927	3-254-a	absent	N	Y	N	{#alpaparikara#}¦ Adj. {%wenige Dienerschaft habend, weniger D. als%} (Abl.) {%h.%}
alpaparikara	12900	7-310-b	absent	N	Y	N	{{Lbody=12900}}
alpapracAra	1263	1-294-b	absent	N	Y	N	{#alpapracAra#}¦ Adj. {%sich selten zeigend%}.
alpapracAra	12902	7-310-b	absent	N	Y	N	{#alpapracAra#}¦ 1.
alparADas	2439	2-291-c	absent	N	Y	N	{#alparADas#}¦ Adj. {%dem Weniges gelingt, unglücklich%}.
alparADas	12904	7-310-b	absent	N	Y	N	{#alparADas#}¦ 2.
alpasvamant	8435	6-295-c	absent	N	Y	N	{#alpasvamant#}¦ Adj. {%geringen Besitz habend%} ŚATR. 14,109.
alpasvamant	12908	7-310-b	absent	N	Y	N	{#alpasvamant#}¦ 6.
alpatapas	1262	1-294-b	absent	N	Y	N	{#alpatapas#}¦ Adj. {%der wenig Kasteiungen geübt hat%} VARĀH. YOGAY. 8,13.
alpatapas	12898	7-310-b	absent	N	Y	N	{#alpatapas#}¦ 1.
alpavIrya	1266	1-294-b	absent	N	Y	N	{#alpavIrya#}¦ Adj. {%schwach%} KĀLAC. 5,80.
alpavIrya	12907	7-310-b	absent	N	Y	N	{{Lbody=12907}}
alpavant	1264	1-294-b	absent	N	Y	N	{#alpavant#}¦ Adj. {%wenig besitzend%} HEMĀDRI 1,433,9.
alpavant	12905	7-310-b	absent	N	Y	N	{#alpavant#}¦ 1.
alpavijYAna	3929	3-254-a	absent	N	Y	N	{#alpavijYAna#}¦ Adj. {%von geringer Einsicht%} MBH. 3,29,34.
alpavijYAna	12906	7-310-b	absent	N	Y	N	{#alpavijYAna#}¦ 3.
alpavittavant	1265	1-294-b	absent	N	Y	N	{#alpavittavant#}¦ Adj. dass. ebend. 1,361,19.
alpavittavant	12907	7-310-b	absent	Y	Y	N	{#alpavittavant#}, {#alpavIrya#} und {#alpaSruta#}¦ ({%unwissend%} MAHĀVY. 127) 1.
alpotsuka	12913	7-310-b	absent	N	Y	N	{#alpotsuka#}¦ Adj. {%gleichgültig%} DIVYĀVAD. 41,23. 57,4. 86,12. 159,23.
aluBita	6482	5-246-a	absent	N	Y	N	{#aluBita#}¦ Adj. {%nicht in Unordnung gerathen%} ĀPAST. ŚR. 1,4,12.
aluBita	12885	7-310-b	absent	N	Y	N	{{Lbody=12885}}
amAnayant	22210	7-386-a	absent	N	Y	N	{#amAnayant#}¦ Adj. {%nicht ehrend%} MBH. 3,303,17.
amAnt	1136	1-293-a	absent	N	Y	N	{#amAnt#}¦ Adj. {%keinen Raum habend in%} (Loc.) ŚIŚ. 3,73. 13,2.
amAnt	12447	7-307-b	absent	N	Y	N	{#amAnt#}¦ 1.
amAtfjYa	12442	7-307-b	absent	Y	Y	N	{#*amAtfjYa#}¦ Adj. {%undankbar gegen die Mütter%} MAHĀVY. 127.
amAtfjYa	22209	7-386-a	absent	N	Y	N	{#amAtfjYa#}¦ 7. Lies {%Mutter%}.
amAtrA	5279	4-294-c	absent	N	Y	N	{#amAtrA#}¦ f. Instr. {%unmässig, in hohem Grade%} KATHĀS. 28,112.
amAtrA	12443	7-307-b	absent	N	Y	N	{#amAtrA#} und {#amAtsarya#}¦ 4.
amAyAvin	12449	7-307-c	absent	Y	Y	N	{#*amAyAvin#}¦ Adj. {%nicht hinterlistig%} MAHĀVY. 126.
amAyu	3838	3-253-a	absent	N	Y	N	{#amAyu#}¦ m. {%kein Gebrüll%} ĀPAST. ŚR. 7,16,6.
amAyu	12450	7-307-c	absent	N	Y	N	{#amAyu#}¦ 3.
amBaHprasftiMpaca	7867	5-261-a	absent	N	N	N	{{Lbody=7867}}
amBojanIlAy	22215	7-386-b	absent	N	Y	N	{#amBojanIlAy#}¦ {%eine Lotusblüthe darstellen%} DHARMAŚARM. 2,79.
amEtrI	5293	4-294-c	absent	N	Y	N	{#amEtrI#}¦ f. {%Mangel an Wohlwollen%} MBH. 14,36,14.
amEtrI	12492	7-307-d	absent	N	Y	N	{#amEtrI#} und {#amokzaRIya#}¦ 4.
amI	1141	1-293-a	absent	N	Y	Y	{#amI#}¦ Adv. mit {#kar#} {%mit dem Namen%} {#amA#} {%belegen%} [Page1-293-b] NAIṢ. 4,63.
amI	12457	7-307-c	absent	N	Y	Y	{#amI#}¦ I. 1.
amIlitadfS	5284	4-294-c	absent	N	Y	N	{#amIlitadfS#}¦ Adj. {%dessen Augen niemals geschlossen sind%} BHĀG. P. 3,8,10.
amIlitadfS	12459	7-307-c	absent	N	Y	N	{{Lbody=12459}}
amImAMsita	5283	4-294-c	absent	N	Y	N	{#amImAMsita#}¦ Adj. {%nicht erwogen%} BHĀG. P. 6,5,37.
amImAMsita	12459	7-307-c	absent	N	Y	N	{#amImAMsita#} und {#amIlitadfS#}¦ 4.
amUlaka	12467	7-307-c	absent	Y	Y	N	{#*amUlaka#}¦ n. {%eine unbegründete Anklage%} MAHĀVY. 258. {#amUlakAByAKyAna#} n. dass. 261.
amUlamantratantra	5287	4-294-c	absent	N	Y	N	{#amUlamantratantra#}¦ Adj. {%ohne Grundspruch und ohne Zauberformel%} HEM. YOG. 1,5.
amUlamantratantra	12468	7-307-c	absent	N	Y	N	{#amUlamantratantra#}, {#amUlya#}¦ (VIKRAMĀṄKAC. 8,8) und {#amfgya#} 4.
amaDyaMdinasAci	8411	6-295-b	absent	N	Y	N	{#amaDyaMdinasAci#}¦ Adj. {%die Mittagsfeier nicht begleitend, zu ihr nicht gehörend%} AIT. BR. 6,30,12.
amaDyaMdinasAci	12406	7-307-b	absent	N	Y	N	{#amaDyaMdinasAci#}¦ 6.
amaNgalika	5267	4-294-b	absent	N	Y	N	{#amaNgalika#}¦ Adj. {%infaustus%} MBH. 6,112,19. v. l. {#amANgalika#}.
amaNgalika	12397	7-307-a	absent	N	Y	N	{#amaNgalika#}¦ 4.
amadyamadyant	5275	4-294-c	absent	N	Y	N	{#amadyamadyant#}¦ Adj. {%ohne ein berauschendes Getränk munter seiend%} (Elephant) KĀM. NĪTIS. 16,33.
amadyamadyant	12405	7-307-a	absent	N	Y	N	{{Lbody=12405}}
amahAyajYayAjin	5278	4-294-c	absent	N	Y	N	{#amahAyajYayAjin#}¦ Adj. {%der kein grosses Opfer dargebracht hat%} MBH. 3,261,3.
amahAyajYayAjin	12438	7-307-b	absent	N	Y	N	{#amahAyajYayAjin#}¦ 4.
amajjana	5269	4-294-c	absent	N	Y	N	{#amajjana#}¦ n. {%das Nichtuntersinken%} KATHĀS. 46,143.
amajjana	12399	7-307-a	absent	N	Y	N	{#amajjana#}, {#amajjant#} und {#amaRiva#}¦ 4.
amajjant	5270	4-294-c	absent	N	Y	N	{#amajjant#}¦ Adj. {%nicht untertauchend%} KĀTY. ŚR. 5,5,31.
amajjant	12399	7-307-a	absent	N	Y	N	{{Lbody=12399}}
amanasikAra	12407	7-307-b	absent	Y	Y	N	{#*amanasikAra#}¦ m. {%Nichtbeachtung%} MAHĀVY. 68. 70.
amanasvin	2369	2-291-a	absent	N	Y	N	{#amanasvin#}¦ Adj. {%betrübt%} R. 2,48,1.
amanasvin	12408	7-307-b	absent	N	Y	N	{#amanasvin#}¦ 2.
amandahfdaya	1125	1-293-a	absent	N	Y	N	{#amandahfdaya#}¦ Adj. (f. {#A#}) {%muntern Herzens%} DAŚAK. 6,1.
amandahfdaya	12417	7-307-b	absent	N	Y	N	{#amandahfdaya#}¦ 1.
amanorama	6366	5-244-c	absent	N	Y	N	{#amanorama#}¦ Adj. {%nicht reizend%}. Nom. abstr. {#˚tA#} f. ŚIŚ. 20,15.
amanorama	12412	7-307-b	absent	N	Y	N	{#amanorama#}¦ 5.
amantar	1124	1-293-a	absent	N	Y	N	{#amanta/r#}¦.
amantar	12413	7-307-b	absent	N	Y	N	{#amanta/r#}¦ I. 1.
amantravarjam	3832	3-253-a	absent	N	Y	N	{#amantravarjam#}¦ Adv. {%nicht ohne die erforderlichen Sprüche%} KUMĀRAS. 7,72.
amantravarjam	12416	7-307-b	absent	N	Y	N	{#amantravarjam#}¦ 3.
amaraDunI	1127	1-293-a	absent	N	Y	N	{#amaraDunI#}¦ f. {%die%} Gaṅgā Ind. St. 15,296.
amaraDunI	12423	7-307-b	absent	N	Y	N	{#amaraDunI#} u. {#amaranATamAhAtmya#}¦ 1.
amaraSeza	2373	2-291-b	absent	N	Y	N	{#amaraSeza#} m. und {#amaruka#}¦ Titel zweier Werke OPP. Cat. 1.
amaraSeza	12430	7-307-b	absent	N	Y	N	{#amaraSeza#}¦ 2.
amarakoSabfhadvftti	2371	2-291-a	absent	N	Y	N	{{Lbody=2371}}
amarakoSabfhadvftti	12420	7-307-b	absent	N	Y	N	{{Lbody=12420}}
amarakoSapaYcikA	2371	2-291-a	absent	N	Y	N	{#amarakoSapaYcikA#} f., {#˚koSapadapArijAta#} m. und {#˚koSabfhadvftti#} f.¦ Titel von Commentaren zu AK. OPP. Cat. 1.
amarakoSapaYcikA	12420	7-307-b	absent	N	Y	N	{#amarakoSapaYcikA#}, {#˚koSapadapArijAta#} und {#˚koSabfhadvftti#}¦ 2.
amarakoSapadapArijAta	2371	2-291-a	absent	N	Y	N	{{Lbody=2371}}
amarakoSapadapArijAta	12420	7-307-b	absent	N	Y	N	{{Lbody=12420}}
amaranATamAhAtmya	1128	1-293-a	absent	N	Y	N	{#amaranATamAhAtmya#}¦ n. Titel eines Werkes BÜHLER, Rep. No. 48.
amaranATamAhAtmya	12423	7-307-b	absent	N	Y	N	{{Lbody=12423}}
amaraviveka	6369	5-244-c	absent	N	Y	N	{#amaraviveka#}¦ m. Titel eines Commentars zum Amarakośa.
amaraviveka	12429	7-307-b	absent	N	Y	N	{#amaraviveka#}¦ 5.
amareSvarakalpa	1133	1-293-a	absent	N	Y	N	{#amareSvarakalpa#} m., {#amareSvaramAhAtmya#} n. und {#amareSvarayAtrA#} f.¦ Titel von Werken BÜHLER, Rep. No. 49. fgg.
amareSvarakalpa	12433	7-307-b	absent	N	Y	N	{#amareSvarakalpa#}, {#amareSvaramAhAtmya#} und {#amareSvarayAtrA#}¦ 1.
amareSvaramAhAtmya	1133	1-293-a	absent	N	Y	N	{{Lbody=1133}}
amareSvaramAhAtmya	12433	7-307-b	absent	N	Y	N	{{Lbody=12433}}
amareSvarayAtrA	1133	1-293-a	absent	N	Y	N	{{Lbody=1133}}
amareSvarayAtrA	12433	7-307-b	absent	N	Y	N	{{Lbody=12433}}
amaruka	2373	2-291-b	absent	N	Y	N	{{Lbody=2373}}
amaruka	12432	7-307-b	absent	N	Y	N	{#amaruka#} und {#amaruparihita#}¦ 2.
amaruparihita	2374	2-291-b	absent	N	Y	N	{#amaruparihita#}¦ Adj. {%nicht von einer Sandöde umgeben%} GOBH. 4,7,8.
amaruparihita	12432	7-307-b	absent	N	Y	N	{{Lbody=12432}}
amasvarI	1134	1-293-a	absent	N	Y	N	{#a/masvarI#}¦ Adj. f. MAITR. S. 2,4,7. 8 st. {#tamasvarI#} der TS.
amasvarI	12437	7-307-b	absent	N	Y	N	{#a/masvarI#}¦ 1.
ambAstava	2381	2-291-b	absent	N	Y	N	{#ambAstava#}¦ m. Titel eines Werkes OPP. Cat. 1.
ambAstava	12505	7-307-d	absent	N	Y	N	{#ambAstava#}¦ 2.
ambudAgama	1163	1-293-b	absent	N	Y	N	{#ambudAgama#}¦ m. {%Beginn der Regenzeit%} NAIṢ. 2,46.
ambudAgama	12512	7-307-d	absent	N	Y	N	{#ambudAgama#}¦ 1.
ambujAta	1160	1-293-b	absent	N	Y	N	{#ambujAta#}¦ Adj. {%im Wasser geboren%}. Rudra-Śiva HEMĀDRI 1,207,21.
ambujAta	12510	7-307-d	absent	N	Y	N	{#ambujAta#}, {#ambujAsanA#} und {#ambujinI#}¦ 1.
ambukukkuwikA	1158	1-293-b	absent	N	Y	N	{#ambukukkuwikA#}¦ f. {%Wasserhuhn%} SUŚR. 1,205,14.
ambukukkuwikA	12508	7-307-d	absent	N	Y	N	{#ambukukkuwikA#}¦ 1.
amburuh	8416	6-295-b	absent	N	Y	N	{#amburuh#}¦ m. {%eine am Tage sich öffnende Lotusblüthe%} [Page6-295-c] ŚIŚ. 6,11.
amburuh	12516	7-307-d	absent	N	Y	N	{#amburuh#}¦ 6.
amburuhAkza	12517	7-307-d	absent	N	Y	N	{#amburuhAkza#}¦ Adj. {%lotusäugig%} TAKAM. 13,17.
amfdita	5290	4-294-c	absent	N	Y	N	{#amfdita#}¦ Adj. {%nicht heftig gedrückt, — angedrückt%} HARIV. 4395.
amfdita	12488	7-307-c	absent	N	Y	N	{#amfdita#} und {#amfdumayUKa#}¦ 4.
amfdumayUKa	5291	4-294-c	absent	N	Y	N	{#amfdumayUKa#}¦ Adj. {%heissstrahlig%} VARĀH. BṚH. S. 24,22.
amfdumayUKa	12488	7-307-c	absent	N	Y	N	{{Lbody=12488}}
amfgya	5289	4-294-c	absent	N	Y	N	{#amfgya#}¦ Adj. {%wonach man nicht trachten soll%}.
amftabindu	2378	2-291-b	absent	N	Y	N	{#amftabindu#}¦ m. {%ein best.%} Samādhi KĀRAṆḌ. 51,22.
amftabindu	12479	7-307-c	absent	N	Y	N	{#amftabindu#} und {#amftabinduskandopanizad#}¦ 2.
amftabinduskandopanizad	2379	2-291-b	absent	N	Y	N	{#amftabinduskandopanizad#}¦ f. Titel einer Upaniṣad OPP. Cat. 1.
amftabinduskandopanizad	12479	7-307-c	absent	N	Y	N	{{Lbody=12479}}
amftadatta	12474	7-307-c	absent	N	Y	N	{#amftadatta#}¦ m. N. pr. eines Dichters Festgr. 94.
amftakavala	6373	5-244-c	absent	N	Y	N	{#amftakavala#}¦ m. {%der Mond%} ALAṂKĀRAV. 66,a.
amftakavala	12470	7-307-c	absent	N	Y	N	{#amftakavala#}¦ 5.
amftanirgama	6374	5-244-c	absent	N	Y	N	{#*amftanirgama#}¦ m. desgl. ZACH. Beitr.
amftanirgama	12476	7-307-c	absent	N	Y	N	{#amftanirgama#}¦ 5.
amftapalASa	2377	2-291-b	absent	N	Y	N	{#amftapalASa#}¦ Adj. (f. {#A#}) {%mit unvergänglichem Laube%} ĀPAST. ŚR. 6,7,1.
amftapalASa	12477	7-307-c	absent	N	Y	N	{#amftapalASa#}¦ 2.
amftaprASa	1148	1-293-b	absent	N	Y	N	{#amftaprASa#}¦ n. {%eine best. Mixtur%} CARAKA 6,16.
amftaprASa	12478	7-307-c	absent	N	Y	N	{#amftaprASa#}¦ 1.
amftataraMga	12473	7-307-c	absent	N	Y	N	{{Lbody=12473}}
amftataraMgiRI	2376	2-291-b	absent	N	Y	Y	{#amftataraMgiRI#}¦ f. Titel eines Werkes OPP. Cat. 1.
amftataraMgiRI	12472	7-307-c	absent	N	Y	Y	{#amftataraMgiRI#}¦ I. 2.
amftaturaMga	8413	6-295-b	absent	N	Y	N	{#amftaturaMga#}¦ (wohl {#˚taraMga#}) m. Titel eines Werkes des Kṣemendra Sitzungsberichte der phil.-hist. Klasse der Wi
amftaturaMga	12473	7-307-c	absent	N	Y	N	{#amftaturaMga#} ({#˚taraMga#})¦ 6.
amftyuSaNkita	1154	1-293-b	absent	N	Y	N	{#amftyuSaNkita#}¦ Adj. {%den Tod nicht fürchtend%} NAIṢ. 9,57.
amftyuSaNkita	12487	7-307-c	absent	N	Y	N	{#amftyuSaNkita#}¦ 1.
amfzya	22213	7-386-a	absent	N	Y	N	{#amfzya#}¦ Adj. {%unerträglich%} RUDRAṬA, ŚṚṄGĀRAT. 2,97 [Page7-386-b] nach JACOBIʼs Conjectur. Ebend. ist auch {#kena#
amfzyant	5292	4-294-c	absent	N	Y	N	{#amfzyant#}¦ Adj. {%Etwas nicht geduldig ertragend, nicht ruhig hinnehmend%} MBH. 14,29,21. 60,31.
amfzyant	12490	7-307-d	absent	N	Y	N	{#amfzyant#}¦ 4.
amilant	6372	5-244-c	absent	N	Y	N	{#amilant#}¦ Adj. Pl. {%nicht zusammenkommend, sich getrennt haltend%}. {#parasparam#} HEM. PAR. 1,160.
amilant	12454	7-307-c	absent	N	Y	N	{#amilant#}¦ 5.
amoGI	12496	7-307-d	absent	N	Y	N	{#amoGI#}¦ Adv. mit {#kar#} {%fruchtbringend machen%} Festgr. 18.
amokzaRIya	5294	4-294-c	absent	N	Y	N	{#amokzaRIya#}¦ Adj. {%unvermeidlich%} MBH. 1,167,56.
amokzaRIya	12492	7-307-d	absent	N	Y	N	{{Lbody=12492}}
amotakaputraka	3849	3-253-b	absent	N	Y	N	{#amotakapu/traka#}¦ m. etwa {%Weberknabe%}.
amotakaputraka	6376	5-244-c	absent	N	Y	N	{#amotakapu/traka#} (Nachtr. 3)¦, lies {#amotapu/traka#}.
amotakaputraka	12498	7-307-d	absent	N	Y	N	{#amotakapu/traka#} und {#amotapu/traka#}¦ 3. 5.
amuYcamAna	1143	1-293-b	absent	N	Y	N	{#amuYcamAna#}¦ Adj. = {#amuYcant#} NAIṢ. 6,105.
amuYcamAna	12462	7-307-c	absent	N	Y	N	{#amuYcamAna#} und {#amutrArTa#}¦ 1.
amudita	12463	7-307-c	absent	N	Y	N	{#amudita#}¦ Adj. {%nicht froh, traurig%} R. ed. Bomb. 4,43,53.
amutrArTa	1144	1-293-b	absent	N	Y	N	{#amutrArTa#}¦ Adj. {%für das Jenseits nützlich%} MBH. 12,259,2.
amutrArTa	12462	7-307-c	absent	N	Y	N	{{Lbody=12462}}
amuzita	3843	3-253-a	absent	N	Y	N	{#a/muzita#}¦ Adj. {%nicht geplündert%} AV. 1,27,4.
amuzita	12465	7-307-c	absent	N	Y	N	{#a/muzita#}¦ 3.
anABAsa	641	1-288-b	absent	N	Y	N	{#anABAsa#}¦ Adj. {%lichtlos%} Kār. 48 zu MĀṆḌ. UP.
anABAsa	11000	7-298-c	absent	N	Y	N	{#anABAsa#}¦ 1.
anABava	2161	2-289-a	absent	N	Y	N	{#anABava#}¦ Adj. = {#a/nABU#} KAP. S. 4,6.
anABava	10999	7-298-c	absent	N	Y	N	{#anABava#}¦ 2.
anABu	6184	5-242-c	absent	N	Y	N	{#anABu#}¦ Adj. als Beiw. Rudraʼs MAITR. S. 1,8,5 (121,10). {#anArBava#} st. dessen ĀPAST. ŚR. 6,11,3.
anABu	11001	7-298-c	absent	N	Y	N	{#anABu#}¦ 5.
anADAra	637	1-288-b	absent	N	Y	N	{#anADAra#}¦ Adj. {%ohne Halt%} AGNI-P. 3,7.
anADAra	10989	7-298-b	absent	N	Y	N	{#anADAra#} und {#anAnamya#}¦ 1.
anANga	622	1-288-a	absent	N	Y	N	{#anANga#}¦ Adj. {%nicht das Thema betreffend%} P. 1,1,63, Sch.
anANga	10957	7-298-b	absent	N	Y	N	{{Lbody=10957}}
anASramaDarmin	659	1-288-b	absent	N	Y	N	{#anASramaDarmin#}¦ Adj. {%seinem%} Āśrama {%untreu%} PRAB. 97,4.
anASramaDarmin	11043	7-298-d	absent	N	Y	N	{#anASramaDarmin#}¦ 1.
anASrava	660	1-288-b	absent	N	Y	N	{#anASrava#}¦ Adj. (f. {#A#}) {%ungehorsam,%} mit Gen. RAGH. 19,49. NAIṢ. 6,88.
anASrava	11045	7-298-d	absent	N	Y	N	{#anASrava#}¦ I. 1.
anASvAsa	11046	7-298-d	absent	N	Y	N	{#anASvAsa#}¦ m. {%kein Vertrauen%} ANIRUDDHA zu SĀṂKHYAS. 1,56.
anATI	631	1-288-a	absent	N	Y	N	{#anATI#}¦ Adv. 1〉 mit {#kar#} {%schutzlos machen%} NĀGĀN. 70,5 (90,16). — 2〉 mit {#BU#} {%schutzlos werder, verwaisen%}
anATI	10972	7-298-b	absent	N	Y	N	{{Lbody=10972}}
anATakuwI	630	1-288-a	absent	N	Y	N	{#*anATakuwI#} und {#*anATasaBA#}¦ f. P. 2,4,24, Sch.
anATakuwI	10972	7-298-b	absent	N	Y	N	{#anATakuwI#}, {#anATasaBA#} u. {#anATI#}¦ 1.
anAcArya	623	1-288-a	absent	N	Y	N	{#anAcArya#}¦ m. {%kein Lehrer%} (mehr) ĀPAST.
anAcArya	10960	7-298-b	absent	N	Y	N	{#anAcArya#}, {#anAcAryasaMbanDa#} und {#anAcCAdita#}¦ 1.
anAcAryasaMbanDa	624	1-288-a	absent	N	Y	N	{#anAcAryasaMbanDa#}¦ m. {%keine Beziehung von Schüler zu Lehrer%} ĀPAST.
anAcAryasaMbanDa	10960	7-298-b	absent	N	Y	N	{{Lbody=10960}}
anAcCAdita	625	1-288-a	absent	N	Y	N	{#anAcCAdita#}¦ Adj. {%nicht unter Dach seiend%} VAITĀN.
anAcCAdita	10960	7-298-b	absent	N	Y	N	{{Lbody=10960}}
anAcCinnastuka	22134	7-385-b	absent	N	Y	N	{#a/nAcCinnastuka#}¦ Adj. {%mit nicht abgeschnittenen Stirnhaaren%} MAITR. S. 3,8,5 (101,4).
anAcarant	2151	2-289-a	absent	N	Y	N	{#anAcarant#}¦ Adj. R. 2,39,19 nach dem Comm. = {#kzudrAcArahIna#}.
anAcarant	10958	7-298-b	absent	N	Y	N	{#anAcarant#} und {#anAcarita#}¦ 2.
anAcarita	2152	2-289-a	absent	N	Y	N	{#anAcarita#}¦ Adj. {%nicht geübt, unterlassen%} MBH. 2,44,24.
anAcarita	10958	7-298-b	absent	N	Y	N	{{Lbody=10958}}
anAdAna	632	1-288-a	absent	N	Y	N	{#anAdAna#}¦ n. {%das Nichtempfangen%} MBH. 3,32,10.
anAdAna	10974	7-298-b	absent	N	Y	N	{#anAdAna#}¦ 1.
anAdarSaka	2155	2-289-a	absent	N	Y	N	{#anAdarSaka#}¦ m. N. pr. eines fabelhaften Berges KĀRAṆḌ. 91,14.
anAdarSaka	10973	7-298-b	absent	N	Y	N	{#anAdarSaka#} und {#anAdarSanA#}¦ 2.
anAdarSanA	2156	2-289-a	absent	N	Y	N	{#anAdarSanA#}¦ f. N. pr. einer Gandharva-Jungfrau KĀRAṆḌ. 4,16.
anAdarSanA	10973	7-298-b	absent	N	Y	N	{{Lbody=10973}}
anAdeSa	3550	3-250-a	absent	N	Y	Y	1. {#anAdeSa#}¦ m. auch {%kein Substitut%} P. 1,3,29, Sch.
anAdeSa	10986	7-298-b	absent	N	Y	Y	1. {#anAdeSa#}¦ I. 3.
anAdeSana	636	1-288-b	absent	N	Y	N	{#anAdeSana#}¦ n. {%Nichtangabe%} MAHĀBH. 2,311,b.
anAdeSana	10987	7-298-b	absent	N	Y	N	{#anAdeSana#}¦ 1.
anAdiSant	6183	5-242-c	absent	N	Y	N	{#anAdiSant#}¦ Adj. {%nicht vorschreibend, seine Einwilligung versagend%} HEM. PAR. 1,443.
anAdiSant	10982	7-298-b	absent	N	Y	N	{#anAdiSant#}¦ 5.
anAdiboDAyana	2158	2-289-a	absent	N	Y	N	{#anAdiboDAyana#}¦ Titel eines Werkes OPP. Cat. 1.
anAdiboDAyana	10979	7-298-b	absent	N	Y	N	{#anAdiboDAyana#}¦ 2.
anAdimaDyaniDana	3546	3-250-a	absent	N	Y	N	{#anAdimaDyaniDana#}¦ Adj. {%ohne Anfang, Mitte und Ende%} VIṢṆUS. 98,13. SUŚR. 1,18,19.
anAdimaDyaniDana	10980	7-298-b	absent	N	Y	N	{#anAdimaDyaniDana#} und {#anAdimaDyaparyanta#}¦ 3.
anAdimaDyaparyanta	3547	3-250-a	absent	N	Y	N	{#anAdimaDyaparyanta#}¦ Adj. dass. MBH. 13,14,194.
anAdimaDyaparyanta	10980	7-298-b	absent	N	Y	N	{{Lbody=10980}}
anAdita	10976	7-298-b	absent	N	Y	N	{#anAdita#}¦ Adj. {%von keinem Geräusch erfüllt, tonlos%} R. ed. Bomb. 4,43,33.
anAditya	2157	2-289-a	absent	N	Y	N	{#anAditya#}¦ Adj. {%sonnenlos, bewölkt%} VARĀH. BṚH. S. 2,9.
anAditya	10977	7-298-b	absent	N	Y	N	{#anAditya#}¦ 2.
anAdizwadevata	3548	3-250-a	absent	N	Y	N	{#anAdizwadevata#}¦ Adj. {%wo die Gottheit nicht angegeben ist%} MĀN. GṚHY. 2,10.
anAdizwadevata	10983	7-298-b	absent	N	Y	N	{#anAdizwadevata#}¦ 3.
anAdizwavfkza	5062	4-292-a	absent	N	Y	N	{#anAdizwavfkza#}¦ Adj. {%wofür das Holz eines bestimmten Baumes nicht vorgeschrieben ist%} ĀPAST. ŚR. 12,1,5.
anAdizwavfkza	10984	7-298-b	absent	N	Y	N	{#anAdizwavfkza#}¦ 4.
anAdyantatva	10988	7-298-b	absent	N	Y	N	{{Lbody=10988}}
anAgAmitva	10956	7-298-b	absent	N	Y	N	{{Lbody=10956}}
anAgamana	620	1-288-a	absent	N	Y	N	{#anAgamana#}¦ n. dass. PAÑCAT. 89,8.
anAgamana	10955	7-298-b	absent	N	Y	N	{#anAgamana#}¦ 1.
anAgrayaRa	621	1-288-a	absent	N	Y	N	{#anAgrayaRa#}¦ Adj. {%ohne die Libation%} Āgrayaṇa MUṆḌ. UP. 1,2,3.
anAgrayaRa	10957	7-298-b	absent	N	Y	N	{#anAgrayaRa#} und {#anANga#}¦ 1.
anAhuta	667	1-288-b	absent	N	Y	N	{#anAhuta#}¦ Adj. {%nicht aufgefordert. — eingeladen%}.
anAhuta	2167	2-289-a	absent	N	Y	N	2. {#anAhuta#}¦ Adj. {%nicht geopfert%} R. 1,13,10.
anAhuta	11060	7-298-d	absent	N	Y	N	{#anAhuta#}¦ 1. 2.
anAjIvya	3539	3-249-c	absent	N	Y	N	{#anAjIvya#}¦ Adj. {%keinen Lebensunterhalt gewährend, todt%} (Kapital) BṚHASP.
anAjIvya	10962	7-298-b	absent	N	Y	N	{#anAjIvya#}¦ 3.
anAjyaBojana	626	1-288-a	absent	N	Y	N	{#anAjyaBojana#}¦ Adj. {%wo es kein%} Ājya {%zu essen giebt%} HEMĀDRI 1,639,17.
anAjyaBojana	10963	7-298-b	absent	N	Y	N	{#anAjyaBojana#}¦ 1. {#anAQya#} 3.
anAkANkzya	610	1-288-a	absent	N	Y	N	{#anAkANkzya#}¦ n. {%das Nichtfordern einer Ergänzung%} P. 3,4,23.
anAkANkzya	10944	7-298-a	absent	N	Y	N	{#anAkANkzya#} und {#anAkASIkaraRa#}¦ 1.
anAkASIkaraRa	611	1-288-a	absent	N	Y	N	{#anAkASIkaraRa#}¦ n. {%das Nichtveröffentlichen%} SAṂHITOPAN. 36,5. 46,4.
anAkASIkaraRa	10944	7-298-a	absent	N	Y	N	{{Lbody=10944}}
anAkalana	8329	6-294-c	absent	N	Y	N	{#anAkalana#}¦ n. {%das Nicht-in-Betracht-Ziehen%} Schol. zu KAP. 1,37.
anAkalana	10942	7-298-a	absent	N	Y	N	{#anAkalana#}¦ 6.
anAkarRana	3536	3-249-c	absent	N	Y	N	{#anAkarRana#}¦ n. {%das Nichthören%} BĀLAR. 38,13.
anAkarRana	10941	7-298-a	absent	N	Y	N	{{Lbody=10941}}
anAkara	3535	3-249-c	absent	N	Y	N	{#anAkara#}¦ Adj. {%ohne Fundort,%} so v. a. {%nicht nachzuweisen%} Comm. zu GṚHYĀS. 2,29.
anAkara	10941	7-298-a	absent	N	Y	N	{#anAkara#} und {#anAkarRana#}¦ 3.
anAkasmika	2146	2-288-c	absent	N	Y	N	{#anAkasmika#}¦ Adj. {%nicht zufällig%} DAŚAK. (1925) 2,93,16.
anAkasmika	10943	7-298-a	absent	N	Y	N	{#anAkasmika#}¦ 2.
anAkftsnagatA	2148	2-288-c	absent	N	Y	N	{#anAkftsnagatA#}¦ f. N. pr. einer Nāga-Jungfrau KĀRAṆḌ. 4,4.
anAkftsnagatA	10946	7-298-a	absent	N	Y	N	{#anAkftsnagatA#}¦ 2.
anAkfzwa	612	1-288-a	absent	N	Y	N	{#anAkfzwa#}¦ Adj. {%nicht behäufelt%} (Korn).
anAkfzwa	10947	7-298-a	absent	N	Y	N	{#anAkfzwa#}¦ I. 1.
anAkrama	614	1-288-a	absent	N	Y	N	{#a/nAkrama#}¦ m. {%das nicht über Einen Kommen%} MAITR. S. 4,1,14.
anAkrama	10948	7-298-b	absent	N	Y	N	{{Lbody=10948}}
anAkramaRa	615	1-288-a	absent	N	Y	N	{#anAkramaRa#}¦ n. {%das Nichtbetreten%} Ind. St. 13,472.
anAkramaRa	10948	7-298-b	absent	N	Y	N	{{Lbody=10948}}
anAkramya	616	1-288-a	absent	N	Y	N	{#anAkramya#}¦ Adj. {%unerreichbar für%} (Gen.) KATHĀS. 72,337.
anAkramya	10948	7-298-b	absent	N	Y	N	{{Lbody=10948}}
anAkroSaka	2149	2-288-c	absent	N	Y	N	{#anAkroSaka#}¦ Adj. {%nicht schmähend, — schimpfend%} ŚĀṂKH. GṚHY. 4,12.
anAkroSaka	10949	7-298-b	absent	N	Y	N	{#anAkroSaka#}¦ 2.
anAkroSya	617	1-288-a	absent	N	Y	N	{#anAkroSya#}¦ Adj. {%den man nicht anfahren darf%} ĀPAST.
anAkroSya	10950	7-298-b	absent	N	Y	N	{#anAkroSya#}¦ 1.
anAkzipa	22132	7-385-b	absent	N	Y	N	{#anAkzipa#}¦ s. oben u. {#AnA˚#}.
anAlIQa	6188	5-242-c	absent	N	Y	N	{#anAlIQa#}¦ Adj. {%nicht beleckt%} RAGH. 10,46.
anAlIQa	11032	7-298-c	absent	N	Y	N	{#anAlIQa#}¦ 5.
anAlakzya	650	1-288-b	absent	N	Y	N	{#anAlakzya#}¦ Adj. {%unsichtbar%} KATHĀS. 88,52.
anAlakzya	11026	7-298-c	absent	N	Y	N	{#anAlakzya#}¦ 1.
anAlamBuka	2165	2-289-a	absent	N	Y	Y	{#anAlamBuka#}¦ KAP. S. 48,16.
anAlamBuka	11030	7-298-c	absent	N	Y	Y	{#anAlamBuka#}¦ I. 2.
anAlambam	3558	3-250-a	absent	N	Y	N	{#anAlambam#}¦ Absol. {%ohne zu stützen%} MĀN. GṚHY. 2,1.
anAlambam	11029	7-298-c	absent	N	Y	N	{#anAlambam#}¦ 3.
anAlambanatA	651	1-288-b	absent	N	Y	N	{{Lbody=651}}
anAlambanatA	11028	7-298-c	absent	N	Y	N	{#anAlambanatA#}¦ 1.
anAlasya	652	1-288-b	absent	N	Y	N	{#anAlasya#}¦ Adj. {%unverdrossen%} HEMĀDRI 1,552,11.
anAlasya	11031	7-298-c	absent	N	Y	N	{#anAlasya#}¦ I. 1.
anAleSa	5074	4-292-b	absent	N	Y	N	{#anAleSa/#}¦ m. {%das nicht auf die Weide Gehen%} TS. 5,1,5,5.
anAleSa	11033	7-298-c	absent	N	Y	N	{#anAleSa/#}¦ 4.
anAloka	653	1-288-b	absent	N	Y	N	{#anAloka#}¦ Adj. {%finster, dunkel%} MBH. 13,64,10.
anAloka	11034	7-298-d	absent	N	Y	N	{#anAloka#}¦ 1.
anAmA	643	1-288-b	absent	N	Y	Y	{#anAmA#}¦ HEMĀDRI 2,a,51,20.
anAmA	11006	7-298-c	absent	N	Y	Y	{#anAmA#}¦ I. 1.
anAmagfhIta	2162	2-289-a	absent	N	Y	N	{#anAmagfhIta#}¦ Adj. (ein Piṇḍa) {%bei dem der Name%} (des Ahnen) {%nicht ausgesprochen worden ist%} ĀPAST. ŚR. 1,9,5.
anAmagfhIta	11003	7-298-c	absent	N	Y	N	{#anAmagfhIta#} und {#anAmayastava#}¦ 2.
anAmarUpa	3553	3-250-a	absent	N	Y	N	{#anAmarUpa#}¦ Adj. {%ohne Namen und Gestalt%} VP. 4,1,26. BHĀG. P. 1,10,22.
anAmarUpa	11004	7-298-c	absent	N	Y	N	{#anAmarUpa#}¦ 3.
anAmarzamARa	5065	4-292-a	absent	N	Y	N	{#anAmarzamARa#}¦ Adj. {%Etwas nicht geduldig ertragend%} R. 4,12,38.
anAmarzamARa	11005	7-298-c	absent	N	Y	N	{#anAmarzamARa#}¦ 4.
anAmayastava	2163	2-289-a	absent	N	Y	N	{#anAmayastava#}¦ m. Titel eines Werkes OPP. Cat. 1.
anAmayastava	11003	7-298-c	absent	N	Y	N	{{Lbody=11003}}
anAmfzwa	645	1-288-b	absent	N	Y	N	{#anAmfzwa#}¦ Adj. {%unberührt%} DAŚAK. 74,16.
anAmfzwa	11009	7-298-c	absent	N	Y	N	{#anAmfzwa#}¦ 1.
anAmnAtamantra	5067	4-292-a	absent	N	Y	N	{#anAmnAtamantra#}¦ Adj. {%wofür ein bestimmter Spruch nicht überliefert ist%} ĀPAST. ŚR. 12,1,6.
anAmnAtamantra	11010	7-298-c	absent	N	Y	N	{#anAmnAtamantra#}¦ 4.
anAmukta	5066	4-292-a	absent	N	Y	N	{#anAmukta#}¦ Adj. {%nicht angelegt%} (ein Schmuck) Spr. 271, v. l.
anAmukta	11008	7-298-c	absent	N	Y	N	{#anAmukta#}¦ 4.
anAnamya	638	1-288-b	absent	N	Y	N	{#anAnamya#}¦ Adj. {%nicht zu biegen%} MBH. 1,185,9.
anAnamya	10989	7-298-b	absent	N	Y	N	{{Lbody=10989}}
anApadyamAna	3552	3-250-a	absent	N	Y	N	{#anApadyamAna#}¦ Adj. {%nicht zutreffend%} LĀṬY. 6,4,5.
anApadyamAna	10992	7-298-c	absent	N	Y	N	{#anApadyamAna#}¦ 3.
anApattika	10991	7-298-b	absent	N	Y	N	{{Lbody=10991}}
anApfzwa	5063	4-292-a	absent	N	Y	N	{#anApfzwa#}¦ Adj. {%worum man nicht gefragt hat%} BHĀG. P. 3,7,36.
anApfzwa	10993	7-298-c	absent	N	Y	N	{#anApfzwa#} und {#anApfzwakaTa#}¦ 4.
anApfzwakaTa	5064	4-292-a	absent	N	Y	N	{#anApfzwakaTa#}¦ Adj. {%ungefragt erzählend, — sprechend%} MĀRK. P. 20,20.
anApfzwakaTa	10993	7-298-c	absent	N	Y	N	{{Lbody=10993}}
anAplavamAna	2160	2-289-a	absent	N	Y	N	{#anAplavamAna#}¦ n. {%sich nicht badend, — waschend%} LĀṬY. 9,2,18.
anAplavamAna	10997	7-298-c	absent	N	Y	N	{#anAplavamAna#}¦ 2.
anApnuvant	2159	2-289-a	absent	N	Y	N	{#anApnuvant#}¦ Adj. {%nicht gelangend zu, — theilhaftig werdend%} RAGH. 2,73.
anApnuvant	10995	7-298-c	absent	N	Y	N	{#anApnuvant#}¦ 2.
anAptar	639	1-288-b	absent	N	Y	N	{#anAptar#}¦ Nom. {%der nicht theilhaftig wird%} ŚIŚ. 16,38.
anAptar	10994	7-298-c	absent	N	Y	N	{#anAptar#}¦ 1.
anArBava	6186	5-242-c	absent	N	Y	N	{#anArBava#}¦ Adj. s. u. {#anABu#} oben.
anArBava	11023	7-298-c	absent	N	Y	N	{#anArBava#}¦ 5.
anAraByavigarhija	11017	7-298-c	absent	N	Y	N	{#anAraByavigarhija#}¦ n. {%ein allgemein ausgesprochener Tadel%} JĀTAKAM. 26,26.
anArabDa	647	1-288-b	absent	N	Y	N	{#anArabDa#}¦ Adj. {%nicht begonnen%} BĀDAR. 4,1,15.
anArabDa	11016	7-298-c	absent	N	Y	N	{#anArabDa#}¦ 1.
anArdrakaramuKa	3556	3-250-a	absent	N	Y	N	{#anArdrakaramuKa#}¦ Adj. {%mit unbenetzten Händen und Gesicht%} VIṢṆUS. 68,35.
anArdrakaramuKa	11022	7-298-c	absent	N	Y	N	{#anArdrakaramuKa#} und {#anArdrapAda#}¦ 3.
anArdrapAda	3557	3-250-a	absent	N	Y	N	{#anArdrapAda#}¦ Adj. {%mit unbenetzten Füssen%} VIṢṆUS. 68,34.
anArdrapAda	11022	7-298-c	absent	N	Y	N	{{Lbody=11022}}
anArohaka	11021	7-298-c	absent	N	Y	N	{#anArohaka#}¦ Adj. {%ohne Reiter%} JĀTAKAM. 25.
anAropya	648	1-288-b	absent	N	Y	N	{#anAropya#}¦ Adj. {%nicht mit einer Sehne zu beziehen%} HARIV. 4504.
anAropya	11020	7-298-c	absent	N	Y	N	{#anAropya#}¦ 1.
anArudDa	8330	6-294-c	absent	N	Y	N	{#anArudDa#}¦ Adj. {%unbehindert%} AIT. BR. 8,24,6.
anArudDa	11018	7-298-c	absent	N	Y	N	{#anArudDa#}¦ 6.
anAryava	649	1-288-b	absent	N	Y	N	{#anAryava#}¦ n. {%Unehrenhaftigkeit%} ĀPAST. Vgl. {#Aryava#}.
anAryava	11024	7-298-c	absent	N	Y	N	{#anAryava#}¦ 1. Richtig {#anArjava#}.
anAsAdayamAna	11051	7-298-d	absent	N	Y	N	{#anAsAdayamAna#}¦ Adj. {%nicht findend%} R. ed. Bomb. 3,61,12.
anAsAdayant	8332	6-294-c	absent	N	Y	N	{#anAsAdayant#}¦ Adj. (f. {#˚ntI#}) {%nicht erlangend, — theilhaftig werdend%} 〔302,17〕.
anAsAdayant	11050	7-298-d	absent	N	Y	N	{#anAsAdayant#}¦ 6.
anAsTita	663	1-288-b	absent	N	Y	N	{#anAsTita#}¦ Adj. {%nicht eingenommen%} (Platz) BHĀG. P. 4,12,26.
anAsTita	11058	7-298-d	absent	N	Y	N	{#anAsTita#}, {#anAsmAka/#}, {#anAsvAdya#} und {#anAhanasya#}¦ 1.
anAsanayogavihita	6195	5-242-c	absent	N	Y	N	{#anAsanayogavihita#}¦ Adj. {%dem kein Sitz angeboten worden ist%} ĀPAST. 1,6,26.
anAsanayogavihita	11048	7-298-d	absent	N	Y	N	{#anAsanayogavihita#}¦ 5.
anAsavAKya	661	1-288-b	absent	N	Y	N	{#anAsavAKya#}¦ Adj. {%nicht Liqueur heissend%} KUMĀRAS. 1,31.
anAsavAKya	11049	7-298-d	absent	N	Y	N	{#anAsavAKya#}¦ 1.
anAseDa	8333	6-294-c	absent	N	Y	N	{#anAseDa#}¦ = {#nirAtaNka#} VALL. zu ŚIŚ. 19,44 nach HULTZSCH.
anAseDa	11054	7-298-d	absent	N	Y	N	{#anAseDa#}¦ 6.
anAsita	662	1-288-b	absent	N	Y	N	{#anAsita#}¦ Adj. {%dem man nicht obliegt%} R. 2,71,35. {#anASita#} v. l.
anAsita	11053	7-298-d	absent	N	Y	N	{#anAsita#}¦ 1.
anAstarita	11055	7-298-d	absent	N	Y	N	{#anAstarita#}¦ Adj. = {#anAntIrRa#} JĀTAKAM. 31.
anAstfta	8334	6-294-c	absent	N	Y	N	{#anAstfta#}¦ Adj. (f. {#A#}) {%unüberdeckt, bloss%} ({#SayyA#}) VP. 3,11,108.
anAstfta	11056	7-298-d	absent	N	Y	N	{#anAstfta#}¦ 6.
anAsvAdya	665	1-288-b	absent	N	Y	N	{#anAsvAdya#}¦ Adj. {%nicht schmackhaft%} (übertr.) SĀH. D. 117,4. Nom. abstr. {#˚tva#} n. 6.
anAsvAdya	11058	7-298-d	absent	N	Y	N	{{Lbody=11058}}
anAtmajYatA	10964	7-298-b	absent	N	Y	N	{{Lbody=10964}}
anAtmaparajYa	627	1-288-a	absent	N	Y	N	{#anAtmaparajYa#}¦ Adj. {%weder sich noch Andere kennend%} NAIṢ. 4,78.
anAtmaparajYa	10967	7-298-b	absent	N	Y	N	{#anAtmaparajYa#}¦ 1.
anAtmavedin	6182	5-242-c	absent	N	Y	N	{#anAtmavedin#}¦ Adv. {%sich selbst%} oder {%den%} Ātman {%nicht kennend%}. Nom. abstr. {#˚ditA#} f. ŚIŚ. 15,22.
anAtmavedin	10968	7-298-b	absent	N	Y	N	{#anAtmavedin#}¦ 5.
anAtyaya	629	1-288-a	absent	N	Y	N	{#anAtyaya#}¦ m. ĀPAST. fehlerhaft für {#anatyaya#}.
anAtyaya	10970	7-298-b	absent	N	Y	N	{#anAtyaya#}¦ 1.
anAvaSyakatva	654	1-288-b	absent	N	Y	N	{#anAvaSyakatva#}¦ n. {%keine Unumgänglickeit%} SĀH. D. 123,14.
anAvaSyakatva	11036	7-298-d	absent	N	Y	N	{#anAvaSyakatva#}¦ 1.
anAvartayant	6190	5-242-c	absent	N	Y	N	{#anAvartayant#}¦ Adj. {%nicht umdrehend%} ŚĀṄKH. ŚR. 16,1,20.
anAvartayant	11035	7-298-d	absent	N	Y	N	{{Lbody=11035}}
anAviHsraganulepa	656	1-288-b	absent	N	Y	N	{#anAviHsraganulepa#}¦ Adj. {%keine Kränze und keine Salbe zur Schau tragend%} ĀPAST. 1,32,5.
anAviHsraganulepa	11039	7-298-d	absent	N	Y	N	{{Lbody=11039}}
anAvigna	6191	5-242-c	absent	N	Y	N	{#anAvigna#}¦ Adj. {%nicht in Aufregung gerathen, — bestürzt%} HARIV. 4234.
anAvigna	11037	7-298-d	absent	N	Y	N	{#anAvigna#}¦ 5.
anAvizkurvant	655	1-288-b	absent	N	Y	N	{#anAvizkurvant#}¦ Adj. {%nicht kund thuend%} BĀDAR. 3,4,50.
anAvizkurvant	11039	7-298-d	absent	N	Y	N	{#anAvizkurvant#} und {#anAviHsraganulepa#}¦ 1.
anAyAnt	5073	4-292-a	absent	N	Y	N	{#anAyAnt#}¦ Adj. {%nicht zurückkommend%} (von einem Klystier) SUŚR. 2,214,19.
anAyAnt	11015	7-298-c	absent	N	Y	N	{{Lbody=11015}}
anAyAta	5072	4-292-a	absent	N	Y	N	{#anAyAta#}¦ Adj. {%nicht hinausgegangen aus%} (Abl.) RĀJAT. 8,2120. {%nicht zurückgekommen%} (von einem Klystier) SUŚR.
anAyAta	11015	7-298-c	absent	N	Y	N	{{Lbody=11015}}
anAya	3554	3-250-a	absent	N	Y	N	{#anAya#}¦ Adj. {%keine Staatsweisheit besitzend%} Spr. 1680.
anAya	11011	7-298-c	absent	N	Y	N	{#anAya#}¦ 3.
anAyamya	646	1-288-b	absent	N	Y	N	{#anAyamya#}¦ Adj. {%nicht zu spannen%} MBH. 1,6953. {#anAnamya#} v. l.
anAyamya	11014	7-298-c	absent	N	Y	N	{#anAyamya#}¦ 1.
anAyasita	5069	4-292-a	absent	N	Y	N	{#anAyasita#}¦ Adj. {%nicht in Bewegung gesetzt%} (Bogen) Spr. 2289.
anAyasita	11015	7-298-c	absent	N	Y	N	{#anAyasita#}, {#anAyasta#}, {#anAyAta#} und {#anAyAnt#}¦ 4.
anAyasta	5070	4-292-a	absent	N	Y	N	{#anAyasta#}¦ Adj. {%wobei man sich nicht anstrengt%}.
anAyasta	11015	7-298-c	absent	N	Y	N	{{Lbody=11015}}
anAyatikzama	2164	2-289-a	absent	N	Y	N	{#anAyatikzama#}¦ Adj. {%nicht erspriesslich für die Folge%} Spr. 198.
anAyatikzama	11013	7-298-c	absent	N	Y	N	{#anAyatikzama#}¦ 2.
anDaMBavizRu	2241	2-289-c	absent	N	Y	Y	{#anDaMBavizRu#}¦ HEM. PAR. 6,244.
anDaMBavizRu	6261	5-243-b	absent	N	Y	Y	{#anDaMBavizRu#}¦ (auch Nachtr. 2) ANARGHAR. 5,11. Nom. abstr. {#˚tA#} f. NAIṢ. 19,36.
anDaMBavizRu	11528	7-301-d	absent	N	Y	Y	{#anDaMBavizRu#}¦ I. 2. 5.
anDasvant	873	1-290-c	absent	N	Y	N	{#anDasvant#}¦ Adj. {%das Wort%} {#anDas#} {%enthaltend%} TĀṆḌYA-BR. 12,3,3.
anDasvant	11530	7-301-d	absent	N	Y	N	{#anDasvant#}¦ 1.
anErBftya	3631	3-250-c	absent	N	Y	N	{#anErBftya#}¦ n. MBH. 5,1667 fehlerhaft für {#anEBftya#}.
anErBftya	11429	7-301-a	absent	N	Y	N	{#anErBftya#}¦ 3.
anEraMmada	833	1-290-b	absent	N	Y	N	{#anEraMmada#}¦ Adj. {%nicht von Wetterleuchten kommend%} BĀLAR. 53,19.
anEraMmada	11428	7-301-a	absent	N	Y	N	{#anEraMmada#}¦ 1.
anEzaDa	835	1-290-b	absent	N	Y	N	{#anEzaDa#}¦ m. {%ein Anderer als%} Nala NAIṢ. 3,79.
anEzaDa	11430	7-301-a	absent	N	Y	N	{{Lbody=11430}}
anEzwika	8357	6-294-c	absent	N	Y	N	{#anEzwika#}¦ Adj. {%nicht zur%} Iṣṭi {%gehörend%}. Nom. abstr. {#tva#} n. Comm. zu ĀPAST. ŚR. 15,5,19.
anEzwika	11431	7-301-a	absent	N	Y	N	{#anEzwika#}¦ 6.
anIdfS	701	1-289-a	absent	N	Y	N	{#anIdfS#}¦ Adj. {%nicht gleichkommend, nachstehend%} NAIṢ. 1,61.
anIdfS	11152	7-299-b	absent	N	Y	N	{#anIdfS#}¦ 1.
anIdfgASaya	3592	3-250-b	absent	N	Y	N	{#anIdfgASaya#}¦ Adj. {%nicht von solcher Gesinnungsweise%} KIR. 2,28.
anIdfgASaya	11151	7-299-b	absent	N	Y	N	{#anIdfgASaya#}¦ 3.
anIdfgAtman	6206	5-243-a	absent	N	Y	N	{#anIdfgAtman#}¦ Adj. {%einzig in seiner Art%} ŚIŚ. 14,43.
anIdfgAtman	11150	7-299-b	absent	N	Y	N	{#anIdfgAtman#}¦ 5.
anIkatva	699	1-288-c	absent	N	Y	N	{#anIkatva#}¦ n. Nom. abstr. zu {#anIka#} 1〉 MAITR. S. 1,10,14.
anIkatva	11144	7-299-b	absent	N	Y	N	{#anIkatva#}¦ 1.
anIkzA	700	1-288-c	absent	N	Y	N	{#anIkzA#}¦ f. {%das Nichtsehen, nicht zu Gesicht Bekommen%} [Page1-289-a] NAIṢ. 6,43.
anIkzA	11148	7-299-b	absent	N	Y	N	{#anIkzA#}¦ 1.
anIpsanIya	11154	7-299-b	absent	N	Y	N	{#anIpsanIya#}¦ Adj. {%was man nicht wünschen darf%} R. ed. Bomb. 4,24,13.
anItiSAstrajYa	3591	3-250-b	absent	N	Y	N	{#anItiSAstrajYa#}¦ Adj. {%mit den Lehren der Staatsweisheit nicht vertraut%} Spr. 1395.
anItiSAstrajYa	11149	7-299-b	absent	N	Y	N	{#anItiSAstrajYa#}¦ 3.
anOSIra	841	1-290-b	absent	N	Y	N	{#anOSIra#}¦ Adj. {%ohne%} Auśīra-{%Salbe%}.
anOSIra	11438	7-301-b	absent	N	Y	N	{#anOSIra#}¦ 1.
anOpayika	839	1-290-b	absent	N	Y	N	{#anOpayika#}¦ Adj. {%unangemessen%}. Instr. in der Bed. eines Adv. NAIṢ. 5,115.
anOpayika	11436	7-301-b	absent	N	Y	N	{{Lbody=11436}}
anUQatA	807	1-290-a	absent	N	Y	N	{#anUQatA#}¦ f. {%das Nichtverheirathetsein einer Frau mit%} (im Comp. vorangehend) NAIṢ. 3,46.
anUQatA	11385	7-300-d	absent	N	Y	N	{#anUQatA#}¦ 1.
anUcyamAnatva	6241	5-243-b	absent	N	Y	N	{#anUcyamAnatva#}¦ n. {%das Studirtwerden%} ŚAṂK. zu BṚH. ĀR. UP. S. 3.
anUcyamAnatva	11383	7-300-d	absent	N	Y	N	{#anUcyamAnatva#}¦ 5.
anUnagariman	3619	3-250-c	absent	N	Y	N	{#anUnagariman#}¦ Adj. {%von nicht geringerer Würde als%} (Abl.) PR. P. vor 36.
anUnagariman	11390	7-300-d	absent	N	Y	N	{#anUnagariman#}¦ 3.
anUpareKA	811	1-290-a	absent	N	Y	N	{#anUpareKA#} und {#anUpavatI#}¦ f. N. pr. zweier Surāṅganā Ind. St. 15.
anUpareKA	11391	7-300-d	absent	N	Y	N	{#anUpareKA#}, {#anUpavatI#}, {#anUrjita#}¦ ({%elend, humilis%} JĀTAKAM. 9,43), {#anUrDvakarman#}, [Page7-301-a] {#anUrD
anUpavatI	811	1-290-a	absent	N	Y	N	{{Lbody=811}}
anUpavatI	11391	7-300-d	absent	N	Y	N	{{Lbody=11391}}
anUrDvakarman	813	1-290-a	absent	N	Y	N	{#anUrDvakarman#} n. und {#˚kriyA#} f.¦ {%keine Handlung nach oben%} P. 1,3,24 und Sch.
anUrDvakriyA	813	1-290-a	absent	N	Y	N	{{Lbody=813}}
anaBiBAzamARa	8319	6-294-b	absent	N	Y	N	{#anaBiBAzamARa#}¦ Adj. {%mit Jmd nicht redend%} BAUDH. 2,3,42.
anaBiBAzamARa	10841	7-297-c	absent	N	Y	N	{#anaBiBAzamARa#}¦ 6.
anaBiBava	568	1-287-b	absent	N	Y	N	{#anaBiBava#}¦ m. {%das Nichtunterliegen%} BĀDAR. 3,4,35.
anaBiBava	10840	7-297-c	absent	N	Y	N	{#anaBiBava#}¦ 1.
anaBiDAvant	3515	3-249-b	absent	N	Y	N	{#anaBiDAvant#}¦ Adj. {%nicht zur Hülfe eilend%} VIṢṆUS. 5,74.
anaBiDAvant	10829	7-297-c	absent	N	Y	N	{#anaBiDAvant#}¦ 3.
anaBiDUnvant	2134	2-288-c	absent	N	Y	N	{#anaBiDUnvant#}¦ Adj. {%nicht befächelnd%} ĀPAST. ŚR. 15,8,14.
anaBiDUnvant	10830	7-297-c	absent	N	Y	N	{#anaBiDUnvant#}¦ 2.
anaBiDfzRuvant	566	1-287-b	absent	N	Y	N	{#a/naBiDfzRuvant#}¦ Adj. {%nicht bezwingend%} MAITR. S. 1,10,14.
anaBiDfzRuvant	10831	7-297-c	absent	N	Y	N	{#a/naBiDfzRuvant#}¦ 1.
anaBiDvaMsayant	6164	5-242-b	absent	N	Y	N	{#anaBiDvaMsayant#}¦ Adj. {%nicht bespritzend%} ĀPAST. ŚR. 12,14,15.
anaBiDvaMsayant	10832	7-297-c	absent	N	Y	N	{#anaBiDvaMsayant#}¦ 5.
anaBiGnant	564	1-287-b	absent	N	Y	N	{#anaBiGnant#}¦ Adj. {%nicht darauf schlagend%} ĀPAST. 2,22,13.
anaBiGnant	10823	7-297-c	absent	N	Y	N	{{Lbody=10823}}
anaBiKyAtadoza	2131	2-288-c	absent	N	Y	N	{#anaBiKyAtadoza#}¦ Adj. {%dessen Verbrechen nicht bekannt ist%} YĀJÑ. 3,301.
anaBiKyAtadoza	10821	7-297-b	absent	N	Y	N	{#anaBiKyAtadoza#}¦ 2.
anaBiSaNka	2138	2-288-c	absent	N	Y	N	{#anaBiSaNka#}¦ Adj. {%ohne Argwohn%} DAŚAK. (1925) 2,97,2.
anaBiSaNka	10852	7-297-c	absent	N	Y	N	{#anaBiSaNka#} und {#anaBiSaNkita#}¦ 2.
anaBiSaNkita	2139	2-288-c	absent	N	Y	N	{#anaBiSaNkita#}¦ Adj. {%keine Scheu habend, unbesorgt%} KṢURIKOP. 14. {#˚m#} Adv. {%ohne Scheu, unbesorgt%}.
anaBiSaNkita	10852	7-297-c	absent	N	Y	N	{{Lbody=10852}}
anaBidrugDa	10828	7-297-c	absent	N	Y	N	{#anaBidrugDa#}¦ Adj. {%nicht feindlich gesinnt%} JĀTAKAM. 25.
anaBigIta	563	1-287-b	absent	N	Y	N	{#anaBigIta#}¦ Adj. {%nicht mit dem zwetten%} Svara {%beginnend und mit dem ersten endend%} SAṂHITOPAN. 17,2.
anaBigIta	10823	7-297-c	absent	N	Y	N	{#anaBigIta#} und {#anaBiGnant#}¦ 1.
anaBigamana	3513	3-249-b	absent	N	Y	N	{#anaBigamana#}¦ n. {%das Nichthingehen in%} (Loc.) VIṢṆUS. 25,10.
anaBigamana	10822	7-297-c	absent	N	Y	N	{#anaBigamana#}¦ 3.
anaBijAta	2133	2-288-c	absent	N	Y	N	{#anaBijAta#}¦ auch {%unhöflich, unmanierlich%} HARṢAC. 211,17.
anaBijAta	10825	7-297-c	absent	N	Y	N	{#anaBijAta#}¦ I. 2.
anaBijYAna	3514	3-249-b	absent	N	Y	N	{#anaBijYAna#}¦ n. {%Unkenntniss%} PRAB. 114,14, v. l.
anaBijYAna	10827	7-297-c	absent	N	Y	N	{#anaBijYAna#}¦ 3.
anaBijYAta	565	1-287-b	absent	N	Y	N	{#anaBijYAta#}¦ Adj. {%von dem man Nichts weiss%}. Nom. abstr. {#˚tA#} f. DAŚAK. 8,14.
anaBijYAta	10826	7-297-c	absent	N	Y	N	{#anaBijYAta#}¦ 1. 3.
anaBijalpita	2132	2-288-c	absent	N	Y	N	{#anaBijalpita#}¦ Adj. {#sAntvena#} {%nicht von freundlichen Worten begleitet%} MBH. 12,84,7.
anaBijalpita	10824	7-297-c	absent	N	Y	N	{#anaBijalpita#}¦ 2.
anaBilapya	3519	3-249-c	absent	N	Y	N	{#anaBilapya#}¦ Adj. {%nicht auszudrücken%} VAJRACCH. 24,8. 45,6.
anaBilapya	10851	7-297-c	absent	N	Y	N	{#anaBilapya#}¦ 3.
anaBimAna	3517	3-249-c	absent	N	Y	N	{#anaBimAna#}¦ m. {%kein Selbstgefühl, Demuth, Bescheidenheit%} MBH. 12,270,39.
anaBimAna	10843	7-297-c	absent	N	Y	N	{#anaBimAna#}¦ 3.
anaBimfta	5052	4-292-a	absent	N	Y	N	{#a/naBimfta#}¦ Adj. {%nicht durch den Tod befleckt%} MAITR. S. 1,6,2 (89,14. 90,12).
anaBimfta	10846	7-297-c	absent	N	Y	N	{#a/naBimfta#}¦ 4.
anaBimuKa	569	1-287-b	absent	N	Y	N	{#anaBimuKa#}¦ Adj. (f. {#I#}) {%abgewandt%} MUDRĀR. 67,1 (109,2).
anaBimuKa	10845	7-297-c	absent	N	Y	N	{#anaBimuKa#}¦ 1.
anaBinandant	567	1-287-b	absent	N	Y	N	{#anaBinandant#}¦ Adj. {%sich über Etwas nicht freuend%} TĀṆḌYA-BR. 5,9,3.
anaBinandant	10833	7-297-c	absent	N	Y	N	{#anaBinandant#}¦ 1.
anaBinirvftta	6165	5-242-b	absent	N	Y	N	{#anaBinirvftta#}¦ Adj. {%nicht zu Stande gekommen, — vorhanden%}. Nom. abstr. {#˚tva#} n. P. 6,1,101, Sch.
anaBinirvftta	10834	7-297-c	absent	N	Y	N	{#anaBinirvftta#} und {#anaBinivizwa#}¦ 5.
anaBinivizwa	6166	5-242-b	absent	N	Y	N	{#anaBinivizwa#}¦ Adj. {%nicht auf seinem Kopfe bestehend%} HEM. YOG. 1,52.
anaBinivizwa	10834	7-297-c	absent	N	Y	N	{{Lbody=10834}}
anaBipanna	3516	3-249-c	absent	N	Y	N	{#anaBipanna#}¦ Adj. {%nicht gepackt, — erfasst%} SUŚR. 1,128,2.
anaBipanna	10835	7-297-c	absent	N	Y	N	{#anaBipanna#}¦ 3.
anaBipariharant	8318	6-294-b	absent	N	Y	N	{#anaBipariharant#}¦ Adj. {%nicht umkreisend, — umfahrend%} KAUŚ. 44.
anaBipariharant	10836	7-297-c	absent	N	Y	N	{#anaBipariharant#}¦ 6.
anaBiprARant	2135	2-288-c	absent	N	Y	N	{#anaBiprARant#}¦ Adj. {%nicht darüber einathmend%} ĀPAST. ŚR. 15,2,11.
anaBiprARant	10837	7-297-c	absent	N	Y	N	{#anaBiprARant#}¦ 2.
anaBiprIta	5050	4-292-a	absent	N	Y	N	{#anaBiprIta#}¦ Adj. {%nicht befriedigt%} AIT. BR. 2,12,2. 8,24,5.
anaBiprIta	10838	7-297-c	absent	N	Y	N	{#anaBiprIta#}¦ 4.
anaBirati	3518	3-249-c	absent	N	Y	N	{#anaBirati#}¦ f. {%keine Freude an%} (Loc.) VIṢṆUS. 25,7.
anaBirati	10848	7-297-c	absent	N	Y	N	{#anaBirati#}¦ 3. Auch JĀTAKAM. 32.
anaBisaMDipUrva	573	1-287-c	absent	N	Y	N	{#anaBisaMDipUrva#}¦ Adj. {%unbeabsichtigt%} ĀPAST.
anaBisaMDipUrva	10855	7-297-c	absent	N	Y	N	{#anaBisaMDipUrva#}¦ 1.
anaBisaMDita	8320	6-294-b	absent	N	Y	N	{#anaBisaMDita#}¦ Adj. {%uneigennützig%} MĀRK. P. 95,14. 15.
anaBisaMDita	10854	7-297-c	absent	N	Y	N	{#anaBisaMDita#}¦ 6.
anaBisaMbadDa	5054	4-292-a	absent	N	Y	N	{#anaBisaMbadDa#}¦ Adj. {%nicht zusammenhängend%} SUŚR. 2,58,16.
anaBisaMbadDa	10856	7-297-c	absent	N	Y	N	{#anaBisaMbadDa#}¦ 4.
anaBisaMbudDa	10857	7-297-c	absent	N	Y	N	{#anaBisaMbudDa#}¦ Adj. {%noch nicht zur vollkommenen Einsicht gelangt%} JĀTAKAM. 23.
anaBisaMhita	3520	3-249-c	absent	N	Y	N	{#anaBisaMhita#}¦ Adj. {%keine selbstsüchtigen Absichten habend%}.
anaBisaMhita	10853	7-297-c	absent	N	Y	N	{#anaBisaMhita#}¦ I. 3.
anaBisara	10858	7-297-c	absent	N	Y	N	{#anaBisara#}¦ Adj. {%keinen Gefährten habend%} DAŚAK. (1883) 127,10.
anaBisnigDa	8321	6-294-b	absent	N	Y	N	{#anaBisnigDa#}¦ Adj. {%nicht zugethan%} R. GORR. 2,18,7.
anaBisnigDa	10859	7-297-c	absent	N	Y	N	{#anaBisnigDa#}¦ 6.
anaBiyukta	570	1-287-b	absent	N	Y	N	{#anaBiyukta#}¦ Adj. {%sich um Etwas%} (Loc.) {%nicht kümmernd%} MUDRĀR. 68,3. 69,19 (112,3. 115,8).
anaBiyukta	5053	4-292-a	absent	N	Y	N	{#anaBiyukta#}¦ (Nachtr. 1) auch {%worum man sich nicht gekümmert hat%} BHĀG. P. 5,9,6.
anaBiyukta	10847	7-297-c	absent	N	Y	N	{#anaBiyukta#}¦ 1. 4.
anaByAhatam	576	1-287-c	absent	N	Y	N	{#anaByAhatam#}¦ Adv. {%ohne Unterbrechung, — Wiederholung%} ĀŚV. ŚR. 4,15,11.
anaByAhatam	10862	7-297-c	absent	N	Y	N	{#anaByAhatam#}¦ 1.
anaByAvfttam	3521	3-249-c	absent	N	Y	N	{#anaByAvfttam#}¦ Adv. {%abgewandt%} Comm. zu KĀTY. ŚR. 8,3,32.
anaByAvfttam	10861	7-297-c	absent	N	Y	N	{#anaByAvfttam#}¦ 3.
anaByasUyA	575	1-287-c	absent	N	Y	N	{#anaByasUyA#}¦ f. = {#anasUyA#} HEMĀDRI 2,a,7,19.
anaByasUyA	10860	7-297-c	absent	N	Y	N	{{Lbody=10860}}
anaByudita	6167	5-242-b	absent	N	Y	N	{#anaByudita#}¦ Adj. {%nicht ausgesagt, — ausgedrückt%} KENOP. 4.
anaByudita	10863	7-297-c	absent	N	Y	N	{#anaByudita#}¦ 5.
anaDItapUrva	520	1-287-a	absent	N	Y	N	{#anaDItapUrva#}¦ Adj. {%der vorher noch nicht studirt hat%} ĀŚV. ŚR. 8,14,21.
anaDItapUrva	10730	7-296-d	absent	N	Y	N	{#anaDItapUrva#} und {#anaDItavant#}¦ 1.
anaDItavant	521	1-287-a	absent	N	Y	N	{#anaDItavant#}¦ Adj. {%der Etwas%} (Acc.) {%nicht studirt hat%} HEMĀDRI 1,524,20.
anaDItavant	10730	7-296-d	absent	N	Y	N	{{Lbody=10730}}
anaDItin	6151	5-242-b	absent	N	Y	N	{#anaDItin#}¦ Adj. {%der den%} Veda {%nicht studirt hat%} KĀŚĪKH. 43,45.
anaDItin	10731	7-296-d	absent	N	Y	N	{#anaDItin#}¦ 5.
anaDara	519	1-287-a	absent	N	Y	N	{#anaDara#}¦ Adj. (f. {#A#}) {%nicht geringer, — nachstehend%} NAIṢ. 3,42.
anaDara	10727	7-296-d	absent	N	Y	N	{#anaDara#}¦ 1.
anaDiSraya	8306	6-294-b	absent	N	Y	N	{#anaDiSraya#}¦ Adj. (f. {#A#}) {%unbewohnt, menschenleer%} R. GORR. 2,68,56.
anaDiSraya	10729	7-296-d	absent	N	Y	N	{{Lbody=10729}}
anaDimUrCita	8305	6-294-b	absent	N	Y	N	{#anaDimUrCita#}¦ Adj. {%unbefangen, sich zu den Dingen gleichgültig verhaltend%}. {#˚tva#} n. JĀTAKAM. 14.
anaDimUrCita	10729	7-296-d	absent	N	Y	N	{#anaDimUrCita#} und {#anaDiSraya#}¦ 6.
anaDyAsana	525	1-287-a	absent	N	Y	N	{#anaDyAsana#}¦ n. {%das Nichtbetreten%} Ind. St. 13,472.
anaDyAsana	10736	7-297-a	absent	N	Y	N	{{Lbody=10736}}
anaDyAyaka	524	1-287-a	absent	N	Y	N	{#anaDyAyaka#}¦ Adj. {%die Einstellung des Studiums veranlassend%} ŚĀṄKH. GṚHY. 6,1.
anaDyAyaka	10736	7-297-a	absent	N	Y	N	{#anaDyAyaka#}, {#anaDyAsana#} und {#ananiyogapUrva#}¦ 1.
anaNgIkaraRa	503	1-286-c	absent	N	Y	N	{#anaNgIkaraRa#}¦ n. {%das Nichteinräumen%} und zugleich {%das Jmd körperlos Machen%} NAIṢ. 8,41.
anaNgIkaraRa	10698	7-296-d	absent	N	Y	N	{#anaNgIkaraRa#}¦ 1.
anaNgIkfta	504	1-286-c	absent	N	Y	N	{#anaNgIkfta#}¦ 2〉 auch {%was man sich nicht hat angelegen sein lassen%} NAIṢ. 7,64.
anaNgIkfta	10700	7-296-d	absent	N	Y	N	{#anaNgIkfta#}¦ I. 1.
anaNgIkurvant	3492	3-249-b	absent	N	Y	N	{#anaNgIkurvant#}¦ Adj. {%Etwas%} (Acc.) {%nicht einräumend%} SĀH. D. 31,12.
anaNgIkurvant	10699	7-296-d	absent	N	Y	N	{#anaNgIkurvant#}¦ 3.
anaNgaDvajA	501	1-286-c	absent	N	Y	N	{#anaNgaDvajA#}¦ f. N. pr. einer Surāṅganā Ind. St. 15.
anaNgaDvajA	10692	7-296-d	absent	N	Y	N	{{Lbody=10692}}
anaNgadviz	500	1-286-c	absent	N	Y	N	{#anaNgadviz#}¦ m. Bein. Śivaʼs HARṢAC. 188,15.
anaNgadviz	10692	7-296-d	absent	N	Y	N	{#anaNgadviz#}, {#anaNgaDvajA#} u. {#anaNgana#}¦ 1.
anaNgahIna	10697	7-296-d	absent	N	Y	N	{#anaNgahIna#}¦ I. ĀPAST. ŚR. 10,1,1.
anaNgajayA	498	1-286-c	absent	N	Y	N	{#anaNgajayA#}¦ f. N. pr. einer Surāṅganā Ind. St. 15.
anaNgajayA	10688	7-296-c	absent	N	Y	N	{#anaNgajayA#}¦ 1.
anaNgana	502	1-286-c	absent	N	Y	N	{#anaNgana#}¦ m. N. pr. eines Mannes DIVYĀV. 109.
anaNgana	10692	7-296-d	absent	N	Y	N	{{Lbody=10692}}
anaNgatA	499	1-286-c	absent	N	Y	N	{#anaNgatA#}¦ f. = {#anaNgatva#} NAIṢ. 8,66.
anaNgatA	10690	7-296-d	absent	N	Y	N	{#anaNgatA#}¦ 1.
anaNgataraMgiRI	3491	3-249-b	absent	N	Y	N	{#anaNgataraMgiRI#}¦ f. N. pr. einer Hetäre KAUTUKAR.
anaNgataraMgiRI	10689	7-296-c	absent	N	Y	N	{#anaNgataraMgiRI#}¦ 3.
anaNgatilaka	2107	2-288-b	absent	N	Y	N	{#anaNgatilaka#} m. und {#anaNgaSeKara#} m.¦ Titel zweier Werke OPP. Cat. 1.
anaNgatilaka	10691	7-296-d	absent	N	Y	N	{#anaNgatilaka#}¦ 2.
anaNgavatI	6146	5-242-a	absent	N	Y	N	{#anaNgavatI#}¦ f. ein Frauenname VĀSAV. 130,1.
anaNgavatI	10695	7-296-d	absent	N	Y	N	{#anaNgavatI#}¦ 5.
anaSanAyuka	599	1-287-c	absent	N	Y	N	{#anaSanAyuka#}¦ Adj. (f. {#A#}) {%keinen Hunger leidend%} TĀṆḌYA-BR. 2,7,7. 13,6,3.
anaSanAyuka	10930	7-298-a	absent	N	Y	N	{#anaSanAyuka#}¦ 1.
anaSlIla	600	1-287-c	absent	N	Y	N	{#anaSlIla#}¦ Adj. {%anständig%} Nom. abstr. {#˚tA#} f. HEMĀDRI 2,a,18,1.
anaSlIla	10932	7-298-a	absent	N	Y	N	{#anaSlIla#}, {#anazwa#}, {#anazwadravya#}, {#anasUyin#} und {#anastaMgata#}¦ 1.
anaSnuvAna	2144	2-288-c	absent	N	Y	N	{#anaSnuvAna#}¦ Adj. {%nicht gelangend zu%} (Acc.) RAGH. 18,47.
anaSnuvAna	10931	7-298-a	absent	N	Y	N	{#anaSnuvAna#}¦ 2.
anadanIya	5042	4-291-c	absent	N	Y	N	{#anadanIya#}¦ Adj. {%nicht essbar%} Comm. zu TS. 2,738,4.
anadanIya	10726	7-296-d	absent	N	Y	N	{#anadanIya#}¦ 4.
anagnaMBAvuka	2106	2-288-b	absent	N	Y	N	{#anagnaMBAvuka#}¦ Adj. (f. {#A#}) KAP. S. 39,2. 41,4.
anagnaMBAvuka	10683	7-296-c	absent	N	Y	N	{#anagnaMBAvuka#}¦ I. 2.
anagnaka	6143	5-242-a	absent	N	Y	N	{#anagnaka#}¦ (f. {#˚gnikA#}) {%nicht nackt;%} f. so v. a. {%nicht mehr nackt gehend, mannbar%} VASIṢṬHA 5,2.
anagnaka	10682	7-296-c	absent	N	Y	N	{#anagnaka#}¦ 5.
anagnisAkzika	496	1-286-c	absent	N	Y	N	{#anagnisAkzika#}¦ Adj. {%wobei%} Agni {%nicht Zeuge ist%} NAIṢ. 9,80.
anagnisAkzika	10685	7-296-c	absent	N	Y	N	{#anagnisAkzika#}¦ 1.
anagnyuzRa	3490	3-249-b	absent	N	Y	N	{#anagnyuzRa#}¦ Adj. {%nicht am Feuer gewärmt%} VIṢṆUS. 62,5.
anagnyuzRa	10686	7-296-c	absent	N	Y	N	{#anagnyuzRa#}¦ 3.
anahaMbudDi	609	1-288-a	absent	N	Y	N	{#anahaMbudDi#}¦ Adj. {%ohne Hochmuth%} MBH. 13,108,6.
anahaMbudDi	10940	7-298-a	absent	N	Y	N	{#anahaMbudDi#}¦ 1.
anaktASin	492	1-286-c	absent	N	Y	N	{#anaktASin#}¦ Adj. {%nicht in der Nacht essend%} ĀPAST.
anaktASin	10676	7-296-c	absent	N	Y	N	{#anaktASin#} und {#anakzajYa#}¦ 1.
anakzRayA	3487	3-249-b	absent	N	Y	N	{#anakzRayA#}¦ Adv. {%nicht in diagonaler Richtung%} MĀN. ŚR. 1,3,2. GṚHY. 2,2.
anakzRayA	10680	7-296-c	absent	N	Y	N	{#anakzRayA#}¦ 3.
anakzajYa	493	1-286-c	absent	N	Y	N	{#anakzajYa#}¦ Adj. {%das Würfelspiel nicht verstehend%} MBH. 3,52,44.
anakzajYa	10676	7-296-c	absent	N	Y	N	{{Lbody=10676}}
anakzatragaRa	3486	3-249-b	absent	N	Y	N	{#anakzatragaRa#}¦ Adj. {%sternenlos%} R. 4,44,44.
anakzatragaRa	10677	7-296-c	absent	N	Y	N	{#anakzatragaRa#}¦ 3.
anakzigata	495	1-286-c	absent	N	Y	N	{#anakzigata#}¦ Adj. {%kein Dorn im Auge seiend%} HARṢAC. 148,18.
anakzigata	10679	7-296-c	absent	N	Y	N	{#anakzigata#}¦ 1.
anal	6169	5-242-b	absent	N	Y	N	{#anal#}¦, {#˚lati#} {%zu Feuer werden%} SUBHĀṢITĀV. 3128.
anal	10878	7-297-d	absent	N	Y	N	{#anal#}¦ 5.
analIy	5055	4-292-a	absent	N	Y	N	{#analIy#}¦, {#˚yati#} {%wie Feuer erscheinen%} BHĀM. V. 2,66.
analIy	10882	7-297-d	absent	N	Y	N	{#analIy#} und {#analpajalpa#}¦ 4.
analatA	583	1-287-c	absent	N	Y	N	1. {#analatA#}¦ f. Nom. abstr. von {#anala#} {%Feuer%} NAIṢ. 5,63.
analatA	584	1-287-c	absent	N	Y	N	2. {#analatA#}¦ f. Nom. abstr. von 2. {#anala#} ebend.
analatA	10880	7-297-d	absent	N	Y	N	1. 2. {#analatA#}¦ 1.
analatA	10880	7-297-d	absent	N	Y	N	{{Lbody=10880}}
analpajalpa	5056	4-292-a	absent	N	Y	N	{#analpajalpa#}¦ Adj. {%viel schwatzend%} BHĀM. V. 1,98.
analpajalpa	10882	7-297-d	absent	N	Y	N	{{Lbody=10882}}
analpatva	3528	3-249-c	absent	N	Y	N	{#analpatva#}¦ n. {%Stärke%} ŚIŚ. 2,90.
analpatva	10883	7-297-d	absent	N	Y	N	{#analpatva#}¦ 3.
anamaskAra	3522	3-249-c	absent	N	Y	N	{#anamaskAra#}¦ Adj. {%sich nicht verbeugend vor, nicht huldigend;%} mit Loc. MBH. 13,93,135.
anamaskAra	10865	7-297-c	absent	N	Y	N	{#anamaskAra#} und {#anamitapUrva#}¦ 3.
anamitapUrva	3523	3-249-c	absent	N	Y	N	{#anamitapUrva#}¦ Adj. {%früher nicht gespannt%} (Bogen) RAGH. 11,72.
anamitapUrva	10865	7-297-c	absent	N	Y	N	{{Lbody=10865}}
ananiyogapUrva	526	1-287-a	absent	N	Y	N	{#ananiyogapUrva#}¦ ĀPAST. fehlerhaft für {#ananuyoga˚#}.
ananiyogapUrva	10736	7-297-a	absent	N	Y	N	{{Lbody=10736}}
anannaSradDAjanana	6157	5-242-b	absent	N	Y	N	{#anannaSradDAjanana#}¦ (Conj.) Adj. {%keine Esslust machend, den Appetit vertreibend%} CARAKA 1,25 (Calc. Ausg. 151,9).
anannaSradDAjanana	10771	7-297-a	absent	N	Y	N	{#anannaSradDAjanana#}¦ 5.
anantAnubanDaka	5044	4-291-c	absent	N	Y	N	{#anantAnubanDaka#}¦ (so nach WINDISCH zu lesen) Adj. {%endlos —, ununterbrochen dauernd%} HEM. YOG. 4,7.
anantAnubanDaka	10766	7-297-a	absent	N	Y	N	{#anantAnubanDaka#}¦ 4.
anantAryadaSaka	2119	2-288-b	absent	N	Y	N	{{Lbody=2119}}
anantAryadaSaka	10767	7-297-a	absent	N	Y	N	{#anantAryadaSaka#}¦ 2.
anantaDUpa	534	1-287-a	absent	N	Y	N	{#anantaDUpa#}¦ m. {%ein best. Räucherwerk%} HEMĀDRI 2,a,50,13.
anantaDUpa	10759	7-297-a	absent	N	Y	N	{#anantaDUpa#} und {#anantaDvajA#}¦ 1.
anantaDvajA	535	1-287-a	absent	N	Y	N	{#anantaDvajA#}¦ f. N. pr. einer Surāṅganā Ind. St. 15.
anantaDvajA	10759	7-297-a	absent	N	Y	N	{{Lbody=10759}}
anantacCadin	2118	2-288-b	absent	N	Y	N	{#anantacCadin#}¦ Adj. {%eine unendliche Anzahl von Felgen habend%} BHĀG. P. 3,21,18.
anantacCadin	10758	7-297-a	absent	N	Y	N	{#anantacCadin#}¦ 2.
anantakAya	533	1-287-a	absent	N	Y	Y	{#anantakAya#}¦ Adj. {%unvergänglich%} als Bez. {%bestimmter Pflanzen%}.
anantakAya	10755	7-297-a	absent	N	Y	Y	{#anantakAya#}¦ I. 1.
anantakIrti	2117	2-288-b	absent	N	Y	N	{#anantakIrti#}¦ m. N. pr. eines Mannes DAŚAK. (1925) 2,121,11.
anantakIrti	10756	7-297-a	absent	N	Y	N	{#anantakIrti#}¦ 2.
anantarAya	6155	5-242-b	absent	N	Y	N	{#anantarAya#}¦ m. N. pr. eines Mannes Ind. Antiq. 1878, S. 7.
anantarAya	10761	7-297-a	absent	N	Y	N	{#anantarAya#}¦ I. 5.
anantargarBaka	537	1-287-a	absent	N	Y	N	{#anantargarBaka#} (HEMĀDRI 2,a,41,2) und {#anantargarBin#} (Cit. im Comm. zu GOBH. 1,7,6. 2,7,5)¦ Adj. = {#anantargarBa
anantargarBaka	10762	7-297-a	absent	N	Y	N	{#anantargarBaka#}, {#˚rgarBin#}, {#a/nantarhiti#} und {#anantavAta#}¦ 1.
anantargarBin	537	1-287-a	absent	N	Y	N	{{Lbody=537}}
anantargarBin	10762	7-297-a	absent	N	Y	N	{{Lbody=10762}}
anantasIra	540	1-287-a	absent	N	Y	N	{#anantasIra#}¦ m. N. pr. eines Mannes DAŚAK. 90,20.
anantasIra	10765	7-297-a	absent	N	Y	N	{#anantasIra#}¦ 1.
anantavratakalpa	2119	2-288-b	absent	N	Y	N	{#anantavratakalpa#} m., {#˚vrataviDi#} m., {#anantAryadaSaka#} n. und {#anantopanizad#} f.¦ Titel von Werken OPP. Cat. 
anantavratakalpa	10764	7-297-a	absent	N	Y	N	{#anantavratakalpa#} und {#˚vrataviDi#}¦ 2.
anantavrataviDi	2119	2-288-b	absent	N	Y	N	{{Lbody=2119}}
anantavrataviDi	10764	7-297-a	absent	N	Y	N	{{Lbody=10764}}
anantikasTa	6156	5-242-b	absent	N	Y	N	{#anantikasTa#}¦ Adj. {%nicht in der Nähe seiend, entfernt%} SĀY. zu ṚV. 1,165,2.
anantikasTa	10768	7-297-a	absent	N	Y	N	{#anantikasTa#}¦ 5.
anantopanizad	2119	2-288-b	absent	N	Y	N	{{Lbody=2119}}
anantopanizad	10769	7-297-a	absent	N	Y	N	{#anantopanizad#}¦ 2.
ananuDyAyant	3500	3-249-b	absent	N	Y	N	{#ananuDyAyant#}¦ Adj. {%nicht denkend an%} (Gen.) MBH. 12,269,31.
ananuDyAyant	10743	7-297-a	absent	N	Y	N	{{Lbody=10743}}
ananuSasta	531	1-287-a	absent	N	Y	N	{#ananuSasta#}¦ Adj. {%wonach nicht recitirt worden ist%} TĀṆḌYA-BR. 4,9,13.
ananuSasta	10747	7-297-a	absent	N	Y	N	{#ananuSasta#}¦ 1.
ananucara	6152	5-242-b	absent	N	Y	N	{#ananucara#}¦ Adj. {%ohne Begleiter%} GOBH. 3,5,36.
ananucara	10741	7-297-a	absent	N	Y	N	{#ananucara#}¦ 5.
ananugama	2114	2-288-b	absent	N	Y	N	{#ananugama#}¦ m. {%das Nichtbegleiten, Nichtverbundensein mit Etwas%} Comm. zu ŚĀṆḌ. S. 5, Z. 13. 15.
ananugama	10740	7-297-a	absent	N	Y	N	{#ananugama#}¦ 2.
ananukUla	2113	2-288-b	absent	N	Y	N	{#ananukUla#}¦ Adj. {%ungünstig%} DAŚAK. (1925) 2,108,3.
ananukUla	10738	7-297-a	absent	N	Y	N	{#ananukUla#}¦ 2.
ananukampanIya	3498	3-249-b	absent	N	Y	N	{#ananukampanIya#}¦ Adj. {%nicht zu bemitleiden%} MAHĀVĪRAC. 88,13.
ananukampanIya	10737	7-297-a	absent	N	Y	N	{#ananukampanIya#}¦ 3.
ananusaMDAna	3503	3-249-b	absent	N	Y	N	{#ananusaMDAna#}¦ auch {%das Fehlen einer Untersuchung, — Erkundigung%} MAHĀVĪRAC. 119,15.
ananusaMDAna	10749	7-297-a	absent	N	Y	N	{{Lbody=10749}}
ananusarga	2116	2-288-b	absent	N	Y	N	{#ananusarga#}¦ m. {%das Nichtloslassen%} KĀṬH. 33,7.
ananusarga	10750	7-297-a	absent	N	Y	N	{#ananusarga#}¦ 2.
ananusfta	8308	6-294-b	absent	N	Y	N	{#ananusfta#}¦ Adj. {%nicht verfolgt%} (Weg) Verz. d. Oxf. H. 170,b,5 v. u.
ananusfta	10751	7-297-a	absent	N	Y	N	{#ananusfta#}¦ 6.
ananutApin	3499	3-249-b	absent	N	Y	N	{#ananutApin#}¦ Adj. {%nicht bussfertig%} ANUKR. zu VIṢṆUS.
ananutApin	10743	7-297-a	absent	N	Y	N	{#ananutApin#} und {#ananuDyAyant#}¦ 3.
ananuvazawkAra	6153	5-242-b	absent	N	Y	N	{#ananuvazawkAra#}¦ Adj. {%nicht von dem wiederholten%} Vaṣaṭ-{%Ruf begleitet%} ĀPAST. ŚR. 12,23,9.
ananuvazawkAra	10745	7-297-a	absent	N	Y	N	{#ananuvazawkAra#}¦ 5.
ananuzWAtar	3501	3-249-b	absent	N	Y	N	{#˚ananuzWAtar#}¦ Nom. ag. {%Etwas nicht ausführend%}. Nom. abstr. {#˚tftva#} n. KULL. zu M. 10,58.
ananuzWAtar	10748	7-297-a	absent	N	Y	N	{#ananuzWAtar#}¦ 3.
ananvIkzamARa	2125	2-288-c	absent	N	Y	N	{#ananvIkzamARa#}¦ Adj. {%nicht hinschauend%} ĀPAST. ŚR. 15,11,7.
ananvIkzamARa	10799	7-297-b	absent	N	Y	N	{#ananvIkzamARa#}¦ 2.
ananvavasita	8313	6-294-b	absent	N	Y	N	{#ananvavasita#}¦ Adj. {%nicht ergriffen von%} (Instr.) ŚĀṄKH. BR. 11,1.
ananvavasita	10795	7-297-b	absent	N	Y	N	{#ananvavasita#}¦ 6.
ananvizyant	553	1-287-b	absent	N	Y	N	{#ananvizyant#}¦ Adj. {%nicht nachforschend nach%} (Acc.) 〔120,20〕.
ananvizyant	10798	7-297-b	absent	N	Y	N	{#ananvizyant#}¦ 1.
ananyADIna	2123	2-288-b	absent	N	Y	N	{#ananyADIna#}¦ Adj. (f. {#A#}) {%von keinem Andern abhängig%} [Page2-288-c] ebend. 2,117,18.
ananyADIna	10793	7-297-b	absent	N	Y	N	{#ananyADIna#} und {#ananyApatya#}¦ 2.
ananyApatya	2124	2-288-c	absent	N	Y	N	{#ananyApatya#}¦ Adj. {%keine andere Nachkommenschaft habend%} ebend. 2,126,8.
ananyApatya	10793	7-297-b	absent	N	Y	N	{{Lbody=10793}}
ananyaBAj	5046	4-291-c	absent	N	Y	N	{#ananyaBAj#}¦ Adj. {%keinem Andern in Liebe zugethan%} BHAG. 9,30.
ananyaBAj	10787	7-297-b	absent	N	Y	N	{#ananyaBAj#}, {#ananyaBAva#} und {#ananyaBedya#}¦ 4.
ananyaBedya	5048	4-292-a	absent	N	Y	N	{#ananyaBedya#}¦ Adj. {%unwiderlegbar für Andere%} Verz. d. Oxf. H. 248,b,36.
ananyaBedya	10787	7-297-b	absent	N	Y	N	{{Lbody=10787}}
ananyaSAsana	549	1-287-b	absent	N	Y	N	{#ananyaSAsana#}¦ Adj. (f. {#A#}) {%unter keines Andern Befehlen stehend%} DAŚAK. 3,14.
ananyaSAsana	10792	7-297-b	absent	N	Y	N	{#ananyaSAsana#}¦ 1.
ananyaSaraRa	2122	2-288-b	absent	N	Y	N	{#ananyaSaraRa#}¦ Adj. {%keine andere Zuflucht habend%} ebend. 2,124,14.
ananyaSaraRa	10791	7-297-b	absent	N	Y	N	{#ananyaSaraRa#}¦ 2.
ananyaTAvAdin	3507	3-249-b	absent	N	Y	N	{#ananyaTAvAdin#}¦ Adj. {%nicht fälschlich redend%} VAJRACCH. 32,12.
ananyaTAvAdin	10778	7-297-b	absent	N	Y	N	{#ananyaTAvAdin#}¦ 3.
ananyaTAvftti	544	1-287-b	absent	N	Y	N	{#ananyaTAvftti#}¦ Adj. {%mit nichts Anderm beschäftigt%} DAŚAK. 84,10.
ananyaTAvftti	10779	7-297-b	absent	N	Y	N	{#ananyaTAvftti#}¦ 1.
ananyacetana	10775	7-297-a	absent	N	Y	N	{#ananyacetana#}¦ Adj. = {#ananyacitta#} R. ed. Bomb. 3,75,29.
ananyadevata	3508	3-249-b	absent	N	Y	N	{#ananyadevata#}¦ Adj. {%keine andern Götter habend%} MBH. 12,341,34.
ananyadevata	10780	7-297-b	absent	N	Y	N	{#ananyadevata#}¦ 3.
ananyajanman	22126	7-385-b	absent	N	Y	N	{#ananyajanman#}¦ m. {%der Liebesgott%} MĀLATĪM. (ed. Bomb.) 56,5.
ananyanATa	2121	2-288-b	absent	N	Y	N	{#ananyanATa#}¦ Adj. {%keinen andern Beschützer habend%} DAŚAK. (1925) 2,126,11.
ananyanATa	10781	7-297-b	absent	N	Y	N	{#ananyanATa#}¦ 2.
ananyanArIkamanIya	545	1-287-b	absent	N	Y	N	{#ananyanArIkamanIya#}¦ Adj. {%wonach kein anderes Weib verlangen kann%} KUMĀRAS. 1,37.
ananyanArIkamanIya	10782	7-297-b	absent	N	Y	N	{#ananyanArIkamanIya#}¦ 1.
ananyanArIsAmAnya	8311	6-294-b	absent	N	Y	N	{#ananyanArIsAmAnya#}¦ Adj. {%mit keinem anderen Weibe Gemeinschaft habend%} VIKR. 59.
ananyanArIsAmAnya	10783	7-297-b	absent	N	Y	N	{#ananyanArIsAmAnya#} u. {#ananyapara#}¦ 6.
ananyapUrvikA	3509	3-249-b	absent	N	Y	N	{#ananyapUrvikA#}¦ Adj. f. {%früher mit keinem Andern vermählt%} YĀJÑ. 1,52.
ananyapUrvikA	10784	7-297-b	absent	N	Y	N	{#ananyapUrvikA#}¦ 3.
ananyapara	8312	6-294-b	absent	N	Y	N	{#ananyapara#}¦ Adj. {%auf nichts Anderes gerichtet%}. Nom. abstr. {#˚tA#} f. MĀLATĪM. 101,9.
ananyapara	10783	7-297-b	absent	N	Y	N	{{Lbody=10783}}
ananyapratima	546	1-287-b	absent	N	Y	N	{#ananyapratima#}¦ Adj. (f. {#A#}) {%mit Anderm nicht zu vergleichen%} NAIṢ. 2,82.
ananyapratima	10786	7-297-b	absent	N	Y	N	{#ananyapratima#}¦ 1.
ananyarUpa	10788	7-297-b	absent	N	Y	N	{#ananyarUpa#}¦ Adj. {%nicht verschieden von%} (Gen.) R. ed. Bomb. 4,24,38.
ananyavAcya	6160	5-242-b	absent	N	Y	N	{#ananyavAcya#}¦ Adj. {%keinem Andern zu sagen%} Verz. d. Oxf. H. 28,b,38.
ananyavAcya	10789	7-297-b	absent	N	Y	N	{#ananyavAcya#}¦ 5.
ananyaviSrama	547	1-287-b	absent	N	Y	N	{#ananyaviSrama#}¦ Adj. (f. {#A#}) {%keinen andern Ruhepunct habend%} NAIṢ. 1,11.
ananyaviSrama	10790	7-297-b	absent	N	Y	N	{#ananyaviSrama#} und {#ananyavyApAra#}¦ 1.
ananyavyApAra	548	1-287-b	absent	N	Y	N	{#ananyavyApAra#}¦ Adj. (f. {#A#}) {%mit nichts Anderm beschäftigt%} DAŚAK. 80,15.
ananyavyApAra	10790	7-297-b	absent	N	Y	N	{{Lbody=10790}}
anapAkfzwa	2129	2-288-c	absent	N	Y	N	{#anapAkfzwa#}¦ Adj. {%nicht herabgezogen, — erniedrigt%} Spr. 4766.
anapAkfzwa	10815	7-297-b	absent	N	Y	N	{#anapAkfzwa#}¦ 2.
anapUpAkfti	2130	2-288-c	absent	N	Y	N	{#anapUpAkfti#}¦ Adj. {%nicht kuchenförmig%} ĀPAST. ŚR. 1,25,4.
anapUpAkfti	10819	7-297-b	absent	N	Y	N	{#anapUpAkfti#}¦ 2.
anapaSabdam	6163	5-242-b	absent	N	Y	N	{#anapaSabdam#}¦ Adv. {%grammatisch richtig%} ŚIŚ. 14,20.
anapaSabdam	10811	7-297-b	absent	N	Y	N	{#anapaSabdam#}¦ 5.
anapacAyitar	10802	7-297-b	absent	N	Y	N	{#anapacAyitar#}¦ Nom. ag. {%nicht ehrend%} ŚĀṄKH. BR. 1,1.
anapacCAdayamAna	555	1-287-b	absent	N	Y	N	{#anapacCAdayamAna#}¦ Adj. {%nicht geheim haltend%} ĀPAST.
anapacCAdayamAna	10804	7-297-b	absent	N	Y	N	{#anapacCAdayamAna#} und {#anapajayya#}¦ 1.
anapahata	2128	2-288-c	absent	N	Y	N	{#anapahata#}¦ Adj. {%nicht ausgehülst%}.
anapahata	10813	7-297-b	absent	N	Y	N	{#anapahata#}¦ 2.
anapajayya	556	1-287-b	absent	N	Y	N	{#anapajayya#}¦ Adj. {%nicht abzuerobern%} TĀṆḌYA-BR. 11,10,21.
anapajayya	10804	7-297-b	absent	N	Y	N	{{Lbody=10804}}
anapakzeya	22127	7-385-b	absent	N	Y	N	{#anapakzeya/#}¦ Adj. (Superl. {#˚tama#}) MAITR. S. 3,7,3 (77,17) fehlerhaft für {#anapakzepya/#} {%nicht abzuweisen%}.
anaparoDya	2127	2-288-c	absent	N	Y	N	{#anaparo/Dya#}¦ Adj. {%nicht aus seinem Besitz zu vertreiben%} TAITT. ĀR. 6,5,2.
anaparoDya	10807	7-297-b	absent	N	Y	N	{#anaparo/Dya#}¦ 2.
anapavftta	6162	5-242-b	absent	N	Y	N	{#anapavftta#}¦ ŚĀṄKH. ŚR. 13,4,1 fehlerhaft für {#anapavfkta#}.
anapavftta	10808	7-297-b	absent	N	Y	N	{#anapavftta#}¦ 5.
anapavyAhAra	8315	6-294-b	absent	N	Y	N	{#anapavyAhAra#}¦ m. {%keine weltliche Rede%} Comm. zu ĀPAST. ŚR. 2,16,1.
anapavyAhAra	10810	7-297-b	absent	N	Y	N	{{Lbody=10810}}
anapavyAharant	8314	6-294-b	absent	N	Y	N	{#anapavyAharant#}¦ Adj. {%keine weltliche Rede führend%} ĀPAST. ŚR. 2,16,1.
anapavyAharant	10810	7-297-b	absent	N	Y	N	{#anapavyAharant#} u. {#anapavyAhAra#}¦ 6.
anapavyant	3511	3-249-b	absent	N	Y	N	{#a/napavyant#}¦, lies {#a/napavyayant#}.
anapavyant	10809	7-297-b	absent	N	Y	N	{#a/napavyant#} und {#a/napavyayant#}¦ I. 3.
anapavyayant	10809	7-297-b	absent	N	Y	Y	{{Lbody=10809}}
anapayAnt	557	1-287-b	absent	N	Y	N	{#anapayAnt#}¦ Adj. {%sich nicht entfernend%} HARṢAC. 107,4.
anapayAnt	10806	7-297-b	absent	N	Y	N	{#anapayAnt#}¦ 1.
anapiDAna	559	1-287-b	absent	N	Y	N	{#anapiDAna˚#}¦ {%ohne dass ein Schutz dagegen wäre%} NAIṢ. 4,9.
anapiDAna	10816	7-297-b	absent	N	Y	N	{#anapiDAna#} und {#anapimantra#}¦ 1.
anapimantra	560	1-287-b	absent	N	Y	N	{#anapimantra#}¦ Adj. {%nicht Rede stehend%} KĀṬH. 13,1.
anapimantra	10816	7-297-b	absent	N	Y	N	{{Lbody=10816}}
anapisoma	8316	6-294-b	absent	N	Y	N	{#anapisoma#}¦ Adj. {%keinen Antheil am%} Soma {%habend%} J. A. O. S. 11, CXLV.
anapisoma	10817	7-297-b	absent	N	Y	N	{#anapisoma#} und {#anapisomapITa#}¦ 6.
anapisomapITa	8317	6-294-b	absent	N	Y	N	{#anapisomapITa#}¦ Adj. {%keinen Antheil am%} Soma{%Trunk habend%} ŚĀṄKH. ŚR. 14,62,2.
anapisomapITa	10817	7-297-b	absent	N	Y	N	{{Lbody=10817}}
anaqvah	3494	3-249-b	absent	N	Y	N	{#anaqvah#}¦ 1〉 als Schimpfwort MAHĀVĪRAC. 43,4.
anaqvah	6147	5-242-a	absent	N	Y	N	{#anaqvah#}¦, f. {#anaqvAhI/#} als Adj. {%einen Wagen ziehend%} MAITR. S. 2,6,3 (64,18). Vgl. TS. 1,8,7,1 ({#vahi/nI Den
anaqvah	10704	7-296-d	absent	N	Y	N	{#anaqvah#}¦ I. 3. 5.
anarDArDaviBAgaBAj	581	1-287-c	absent	N	Y	N	{#anarDArDaviBAgaBAj#}¦ Adj. {%sich nicht halbiren lassend%} NAIṢ. 8,4.
anarDArDaviBAgaBAj	10874	7-297-d	absent	N	Y	N	{#anarDArDaviBAgaBAj#}¦ 1.
anarTamaya	580	1-287-c	absent	N	Y	N	{#anarTamaya#}¦ Adj. (f. {#I#}) {%unheilvoll%} und zugleich {%sinnlos%} NAIṢ. 4,107.
anarTamaya	10872	7-297-d	absent	N	Y	N	{#anarTamaya#}¦ 1.
anarTanA	3524	3-249-c	absent	N	Y	N	{#anarTanA#}¦ f. {%das Nichtbetteln%} MBH. 13,60,3.
anarTanA	10871	7-297-d	absent	N	Y	N	{#anarTanA#}¦ 3.
anarcis	579	1-287-c	absent	N	Y	N	{#anarcis#}¦ Adj. {%nicht flammend%} HEMĀDRI 1,138,8.
anarcis	10870	7-297-d	absent	N	Y	N	{#anarcis#}¦ 1.
anaritra	2140	2-288-c	absent	N	Y	N	{#anaritra#}¦ Adj. {%ohne Ruder%} MBH. 5,63,8, v. l.
anaritra	10866	7-297-c	absent	N	Y	N	{#anaritra#}¦ 2.
anarka	577	1-287-c	absent	N	Y	Y	{#anarka#}¦ m. {%etwas Anderes als die Sonne%} NAIṢ. 3,76.
anarka	10867	7-297-c	absent	N	Y	Y	{#anarka#}¦ 1.
anarmahAsin	3526	3-249-c	absent	N	Y	N	{#anarmahAsin#}¦ Adj. {%höhnisch lachend%} MBH. 5,51,5.
anarmahAsin	10875	7-297-d	absent	N	Y	N	{{Lbody=10875}}
anasTicit	606	1-288-a	absent	N	Y	N	{#a/nasTicit#}¦ Adj. {%nicht wie Knochen geschichtet%} MAITR. S. 3,5,1.
anasTicit	10936	7-298-a	absent	N	Y	N	{#a/nasTicit#} und {#anasTimant#}¦ 1.
anasTimant	607	1-288-a	absent	N	Y	N	{#anasTimant#}¦ = {#anasTa#} GAUT. 22,21.
anasTimant	10936	7-298-a	absent	N	Y	N	{{Lbody=10936}}
anasUyin	603	1-288-a	absent	N	Y	N	{#anasUyin#}¦ Adj. = {#anasUya#} 1〉. Nom. abstr. {#˚yitA#} f. HEMĀDRI 2,a,6,5.
anasUyin	10932	7-298-a	absent	N	Y	N	{{Lbody=10932}}
anastaMgata	604	1-288-a	absent	N	Y	N	{#anastaMgata#}¦ Adj. {%nicht untergegangen%} R. 5,3,41.
anastaMgata	10932	7-298-a	absent	N	Y	N	{{Lbody=10932}}
anasti	6180	5-242-c	absent	N	Y	N	{#anasti#}¦ am Anfange eines adj. Comp. {%nicht vorhanden%} NAIṢ. 12,39.
anasti	10933	7-298-a	absent	N	Y	N	{#anasti#}¦ 5.
anasyUta	8328	6-294-b	absent	N	Y	N	{#anasyUta#}¦ Adj. VASIṢṬHA 2,33 fehlerhaft für {#anasyota#} {%nicht mit einem Nasenring versehen%}.
anasyUta	10937	7-298-a	absent	N	Y	N	{#anasyUta#}¦ 6.
anatIcAra	2111	2-288-b	absent	N	Y	N	{#anatIcAra#}¦ Adj. {%was nicht übertreten wird%} HEM. PAR. 6,198.
anatIcAra	10723	7-296-d	absent	N	Y	N	{#anatIcAra#}¦ 2.
anatiBaNgura	2110	2-288-b	absent	N	Y	N	{#anatiBaNgura#}¦ Adj. {%nicht sehr gelockt%} (Haar) DAŚAK. (1925) 2,113,8.
anatiBaNgura	10716	7-296-d	absent	N	Y	N	{{Lbody=10716}}
anatidarSana	508	1-286-c	absent	N	Y	N	{#anatidarSana#}¦ n. {%kein häufiges Sehenlassen%} DAŚAK. 49,3.
anatidarSana	10707	7-296-d	absent	N	Y	N	{{Lbody=10707}}
anatideSa	509	1-286-c	absent	N	Y	N	{#anatideSa#}¦ m. {%keine Uebertragung%} PARIBH. 101.
anatideSa	10709	7-296-d	absent	N	Y	N	{#anatideSa#}¦ 1.
anatigOrava	8302	6-294-a	absent	N	Y	N	{#anatigOrava#}¦ n. {%das nicht zu sehr Belastetsein%} [Page6-294-b] ({#udarasya#}) CARAKA 3. 2.
anatigOrava	10706	7-296-d	absent	N	Y	N	{#anatigOrava#}¦ 6.
anatilakzita	6149	5-242-b	absent	N	Y	N	{#anatilakzita#}¦ Adj. KĀM. NĪTIS. 12,9 fehlerhaft für {#anaBilakzita#}.
anatilakzita	10718	7-296-d	absent	N	Y	N	{#anatilakzita#} und {#anatilulita#}¦ 5.
anatilolam	3497	3-249-b	absent	N	Y	N	{#anatilolam#}¦ Adv. {%nicht allzu beweglich, — rasch%} ŚIŚ. 7,18.
anatilolam	10719	7-296-d	absent	N	Y	N	{#anatilolam#}¦ 3.
anatilulita	6150	5-242-b	absent	N	Y	N	{#anatilulita#}¦ Adj. {%nicht stark berührt%} ŚĀK. 61, v. l.
anatilulita	10718	7-296-d	absent	N	Y	N	{{Lbody=10718}}
anatipAda	512	1-287-a	absent	N	Y	N	{#anatipAda#}¦ m. {%das Nichtüberschreiten, — springen%} TĀṆḌYA-BR. 4,5,12. 7,3,23.
anatipAda	10713	7-296-d	absent	N	Y	N	{#anatipAda#} und {#anatipIqam#}¦ 1.
anatipAta	511	1-286-c	absent	N	Y	N	{#anatipAta#}¦ m. {%Nichtversäumniss, Nichtvernachlässigung%} [Page1-287-a] P. 3,3,38, Sch.
anatipAta	10711	7-296-d	absent	N	Y	N	{#anatipAta#}¦ 1.
anatipAtayant	3496	3-249-b	absent	N	Y	N	{#anatipAtayant#}¦ Adj. {%nicht hinüberschiessend%} LĀṬY. 3,10,12.
anatipAtayant	10712	7-296-d	absent	N	Y	N	{#anatipAtayant#}¦ 3.
anatipIqam	513	1-287-a	absent	N	Y	N	{#anatipIqam#}¦ Absol. {%unter sanftem Drucke%} DAŚAK. 87,6.
anatipIqam	10713	7-296-d	absent	N	Y	N	{{Lbody=10713}}
anatiprOQa	2109	2-288-b	absent	N	Y	N	{#anatiprOQa#}¦ Adj. {%nicht ganz entwickelt%} (Blume) DAŚAK. (1925) 2,113,3.
anatiprOQa	10716	7-296-d	absent	N	Y	N	{#anatiprOQa#} und {#anatiBaNgura#}¦ 2.
anatipraRIta	6148	5-242-a	absent	N	Y	N	{#anatipraRIta#}¦ Adj. {%nicht vorübergebracht, zurückgelassen%} [Page5-242-b] (Feuer) GOBH. 3,7,16.
anatipraRIta	10714	7-296-d	absent	N	Y	N	{#anatipraRIta#}¦ 5.
anatiprayojana	514	1-287-a	absent	N	Y	N	{#anatiprayojana#}¦ Adj. {%keinen besondern Zweck habend, ziemlich unnütz%} NAIṢ. 9,8.
anatiprayojana	10715	7-296-d	absent	N	Y	N	{#anatiprayojana#}¦ 1.
anatiskandant	8304	6-294-b	absent	N	Y	N	{#a/natiskandant#}¦ Adj. {%nicht überspringend,%} so v. a. {%gleichmässig%} (Regen) TBR. 3,3,6,4.
anatiskandant	10722	7-296-d	absent	N	Y	N	{{Lbody=10722}}
anatitrasnu	507	1-286-c	absent	N	Y	N	{#anatitrasnu#}¦ Adj. {%nicht sehr furchtsam%} DAŚAK. 70,2.
anatitrasnu	10707	7-296-d	absent	N	Y	N	{#anatitrasnu#} und {#anatidarSana#}¦ 1.
anativAdin	517	1-287-a	absent	N	Y	N	{#a/nativAdin#}¦ MAITR. S. 4,1,13.
anativAdin	10721	7-296-d	absent	N	Y	N	{#a/nativAdin#}¦ I. 1.
anativalita	516	1-287-a	absent	N	Y	N	{#anativalita#}¦ Adj. {%nicht sehr gewölbt%} (Bauch) DAŚAK. 73,7.
anativalita	10720	7-296-d	absent	N	Y	N	{#anativalita#}¦ 1.
anativyakta	8303	6-294-b	absent	N	Y	N	{#anativyakta#}¦ Adj. {%nicht zu offen, — sichtbar%} HEM. YOGAŚ. 1,48.
anativyakta	10722	7-296-d	absent	N	Y	N	{#anativyakta#} und {#a/natiskandant#}¦ 6.
anatyArdra	2112	2-288-b	absent	N	Y	N	{#anatyArdra#}¦ Adj. {%nicht zu nass%} DAŚAK. (1925) 2,114,3.
anatyArdra	10725	7-296-d	absent	N	Y	N	{#anatyArdra#}¦ 2.
anavAra	5060	4-292-a	absent	N	Y	N	{#anavAra/#}¦ Adj. {%kein diesseitiges Ufer habend%} TS. 7,5,3,2.
anavAra	10924	7-298-a	absent	N	Y	N	{#anavAra/#}¦ 4.
anavaDAnaka	588	1-287-c	absent	N	Y	N	{#anavaDAnaka#}¦ Adj. {%der die%} Varṇa {%verwechselt%} (Sänger) S. S. S. 118.
anavaDAnaka	10900	7-297-d	absent	N	Y	N	{#anavaDAnaka#}¦ 1.
anavaSezam	596	1-287-c	absent	N	Y	N	{#anavaSezam#}¦ Adv. {%ohne dass ein Rest übrig bliebe%} ĀPAST.
anavaSezam	10916	7-298-a	absent	N	Y	N	{#anavaSezam#}¦ 1.
anavabudDa	6174	5-242-b	absent	N	Y	N	{#anavabudDa#}¦ Adj. {%nicht wahrgenommen%} ŚIŚ. 12,39.
anavabudDa	10904	7-297-d	absent	N	Y	N	{#anavabudDa#} und {#anavamfdya#}¦ 5.
anavadanIya	10897	7-297-d	absent	N	Y	N	{#anavadanIya/#} und {#anavadAnI/ya#}¦ (so zu betonen in MAITR. S.) I. 5.
anavaguRWitaSiras	3529	3-249-c	absent	N	Y	N	{#anavaguRWitaSiras#}¦ Adj. {%mit unverhülltem Haupte%} VIṢṆUS. 60,23.
anavaguRWitaSiras	10892	7-297-d	absent	N	Y	N	{#anavaguRWitaSiras#}¦ 3.
anavahiMsita	6178	5-242-c	absent	N	Y	N	{#anavahiMsita#}¦ Adj. {%dem kein Leid zugefügt worden ist%} SĀY. zu ṚV. 4,42,10.
anavahiMsita	10923	7-298-a	absent	N	Y	N	{#anavahiMsita#}¦ 5.
anavajYAna	3530	3-249-c	absent	N	Y	N	{#anavajYAna#}¦ n. PRAB. 114,14 fehlerhaft für {#avajYAna#} oder {#anaBijYAna#} (so v. l.).
anavajYAna	10894	7-297-d	absent	N	Y	N	{#anavajYAna#}¦ 3.
anavakASika	10885	7-297-d	absent	N	Y	N	{#anavakASika#}¦ Adj. als Bez. {%bestimmter Einsiedler%} R. ed. Bomb. 3,6,3.
anavakASin	5057	4-292-a	absent	N	Y	N	{#˚anavakASin#}¦ Adj. {%wo kein Raum ist für%} GĪT. 10,10.
anavakASin	10886	7-297-d	absent	N	Y	N	{#anavakASin#}¦ 4.
anavakarRita	585	1-287-c	absent	N	Y	N	{#anavakarRita#}¦ Adj. {%nicht überhört, — in den Wind geschlagen%} KĀD. II,115,4.
anavakarRita	10884	7-297-d	absent	N	Y	N	{#anavakarRita#}¦ 1.
anavakeSin	6171	5-242-b	absent	N	Y	N	{#anavakeSin#}¦ Adj. {%üppig belaubt%} HARṢAC. 202,3 (485,3).
anavakeSin	10888	7-297-d	absent	N	Y	N	{#anavakeSin#}¦ 5.
anavakrAma	586	1-287-c	absent	N	Y	N	{#a/navakrAma#}¦ m. {%das Nichtentfliehen%} MAITR. S. 4,1,14.
anavakrAma	10889	7-297-d	absent	N	Y	N	{#a/navakrAma#}¦ 1.
anavakxpta	5058	4-292-a	absent	N	Y	N	{#a/navakxpta#}¦ auch {%nicht geeignet zu%} (Loc.) TS. 7,1,1,3. 6.
anavakxpta	10887	7-297-d	absent	N	Y	N	{#a/navakxpta#}¦ I. 4.
anavalipta	6176	5-242-b	absent	N	Y	N	{#anavalipta#}¦ Adj. {%nicht hochmüthig, nicht stolz%} HARIV. 4243.
anavalipta	10911	7-298-a	absent	N	Y	N	{#anavalipta#}¦ 5.
anavalokana	8324	6-294-b	absent	N	Y	N	{#anavalokana#}¦ n. {%das Nichthinblicken, Nichtaufblicken%} Z. d. d. m. G. 39,306.
anavalokana	10912	7-298-a	absent	N	Y	N	{#anavalokana#}¦ 6.
anavalokayant	6177	5-242-c	absent	N	Y	N	{#anavalokayant#}¦ Adj. {%nicht hinsehend%}. {#paScAt#} {%sich nicht umsehend%} MBH. 12,9,19. {%nicht hinsehend nach%} (
anavalokayant	10913	7-298-a	absent	N	Y	N	{#anavalokayant#}¦ 5.
anavamfdya	6175	5-242-b	absent	N	Y	N	{#anavamfdya#}¦ Adj. {%nicht unter die Füsse zu bringen, nicht unterzukriegen%}. Nom. abstr. {#˚tA#} f. LALIT. 37,11.
anavamfdya	10904	7-297-d	absent	N	Y	N	{{Lbody=10904}}
anavapAda	591	1-287-c	absent	N	Y	N	{#anavapAda#}¦ m. {%das Nichtdaruntergerathen%} TĀṆḌYA-BR. 4,5,12.
anavapAda	10903	7-297-d	absent	N	Y	N	{#anavapAda#}¦ 1.
anavapatita	3532	3-249-c	absent	N	Y	N	{#anavapatita#}¦ Adj. {%nicht belegt%} (Stimme) CARAKA 3,3.
anavapatita	10902	7-297-d	absent	N	Y	N	{#anavapatita#}¦ 3.
anavaroDa	8323	6-294-b	absent	N	Y	N	{#anavaroDa#}¦ m. {%keine Hemmung%} ({#hfdayasya#}) CARAKA 3,2.
anavaroDa	10906	7-297-d	absent	N	Y	N	{#anavaroDa#}¦ 6.
anavaropita	10907	7-298-a	absent	N	Y	N	{#anavaropita#}¦ Adj. {%noch nicht gepflanzt%} DIVYĀVAD. 124,27. 265,10.
anavartimuKin	3533	3-249-c	absent	N	Y	N	{#anavartimuKin#}¦ Adj. {%keinen Hunger im Munde empfindend%} ĀPAST. ŚR. 8,11,10.
anavartimuKin	10909	7-298-a	absent	N	Y	N	{#anavartimuKin#}¦ 3.
anavataptakAyaka	10895	7-297-d	absent	N	Y	N	{#anavataptakAyaka#}¦ Adj. (f. {#˚yikA#}) {%den See%} Anavatapta {%beseelend%}. {#devatAH#} so v. a. {%die Gottheiten de
anavatta	10896	7-297-d	absent	N	Y	N	{#anavatta#}¦ Adj. {%wovon Nichts abgetheilt worden ist%} ŚĀṄKH. GṚHY. 2,14.
anavatta	22129	7-385-b	absent	N	Y	N	{#a/navatta#}¦ 7. MAITR. S. 4,8,1 (107,1).
anavavfzwa	2142	2-288-c	absent	N	Y	N	{#anavavfzwa#}¦ Adj. {%nicht beregnet%} ĀPAST. ŚR. 15,21,8.
anavavfzwa	10915	7-298-a	absent	N	Y	N	{#anavavfzwa#}¦ 2.
anavavidDa	8325	6-294-b	absent	N	Y	N	{#anavavidDa#}¦ Adj. {%unausgehöhlt%} Z. d. d. m. G. 34,335.
anavavidDa	10914	7-298-a	absent	N	Y	N	{#anavavidDa#}¦ 6.
anavayava	5059	4-292-a	absent	N	Y	N	{#anavayava#}¦ m. Instr. {%ohne abzutrennen%} ĀPAST. ŚR. 9,13,7.
anavayava	10905	7-297-d	absent	N	Y	N	{#anavayava#}¦ 4.
anavekzaRIya	10926	7-298-a	absent	N	Y	N	{#anavekzaRIya#}¦ in {#svanavekzaRIya#}.
anavekzaka	10925	7-298-a	absent	N	Y	Y	{#anavekzaka#}¦ I. Mit Gen. {%sich nicht kümmernd um%} R. ed. Bomb. 4,29,5.
anavekzin	10927	7-298-a	absent	N	Y	N	{#anavekzin#}¦ Adj. {%rücksichtslos%}. Nom. abstr. {#˚kzitA#} f. JĀTAKAM. 30,11.
anazwadravya	602	1-287-c	absent	N	Y	N	{#anazwadravya#}¦ Adj. {%dem Nichts abhanden kommt%}. Nom. abstr. {#˚tA#} f. VP. 4,11,3.
anazwadravya	10932	7-298-a	absent	N	Y	N	{{Lbody=10932}}
andolay	8364	6-295-a	absent	N	Y	Y	{#andolay#}¦ im Prākrit 〔294,19〕.
andolay	11520	7-301-d	absent	N	Y	Y	{#andolay#}¦ I. 6.
anejant	830	1-290-a	absent	N	Y	N	{#anejant#}¦ Adj. {%sich nicht bewegend%} BHĀG. P. 7,3,32.
anejant	11420	7-301-a	absent	N	Y	N	{{Lbody=11420}}
anekAMSa	3626	3-250-c	absent	N	Y	N	{#anekAMSa˚#}¦ {%mehr als eine Auffassung%} ŚAṂK. zu BĀDAR. 4,1,2.
anekAMSa	11416	7-301-a	absent	N	Y	N	{{Lbody=11416}}
anekArTakEravakOmudI	829	1-290-a	absent	N	Y	N	{#anekArTakEravakOmudI#}¦ f. Titel eines Werkes BÜHLER, Rep. No. 702.
anekArTakEravakOmudI	11420	7-301-a	absent	N	Y	N	{#anekArTakEravakOmudI#} u. {#anejant#}¦ 1.
anekaSataBOma	2225	2-289-c	absent	N	Y	N	{#anekaSataBOma#}¦ Adj. {%viele Hunderte von Stockwerken habend%}.
anekaSataBOma	11415	7-301-a	absent	N	Y	N	{#anekaSataBOma#}¦ 2.
anekaSatasAhasra	3624	3-250-c	absent	N	Y	N	{#anekaSatasAhasra#}¦ Adj. (f. {#I#}) {%aus vielen Hunderttausenden bestehend%} R. 5,2,1.
anekaSatasAhasra	11416	7-301-a	absent	N	Y	N	{#anekaSatasAhasra#}, {#anekasaMKya#} und {#anekAMSa˚#}¦ 3.
aneya	3627	3-250-c	absent	N	Y	N	{#aneya#}¦ Adj. {%unleitbar, der sich nicht belehren lässt%} MBH. 5,26,15. 8,9,75. 10,5,6. HARIV. 11187.
aneya	11421	7-301-a	absent	N	Y	N	{#aneya#}¦ 3.
aneza	831	1-290-a	absent	N	Y	N	{#*aneza#}¦ (Nom. {#˚s#}) {%nicht dieser hier%} P. 6,1,132, Sch.
aneza	11424	7-301-a	absent	N	Y	N	{#aneza#}¦ 1.
anfRI	821	1-290-a	absent	N	Y	N	{#anfRI#}¦ Adv. mit {#BU#} {%sich von einer Schuld befreien%} PAÑCAD.
anfRI	11400	7-301-a	absent	N	Y	N	{#anfRI#}¦ 1.
anftakAraka	8355	6-294-c	absent	N	Y	N	{#anftakAraka#} und {#˚kArin#}¦ Adj. {%unwahr zu Werke gehend%} MBH. 1,5,24 nebst v. l.
anftakAraka	11404	7-301-a	absent	N	Y	N	{#anftakAraka#} und {#˚kArin#}¦ 6.
anftakArin	8355	6-294-c	absent	N	Y	N	{{Lbody=8355}}
anftakArin	11404	7-301-a	absent	N	Y	N	{{Lbody=11404}}
anftavAditA	11406	7-301-a	absent	N	Y	N	{{Lbody=11406}}
aniDana	673	1-288-c	absent	N	Y	N	{#aniDana#}¦ Adj. {%ohne den%} {#niDana#} {%genannten Schlusssatz%} TĀṆḌYA-BR. 7,3,5,12.
aniDana	11074	7-299-a	absent	N	Y	N	{#aniDana#}¦ 1.
aniHsarant	6205	5-243-a	absent	N	Y	N	{#aniHsarant#}¦ Adj. {%nicht herauskommend%} PAÑCAT. 195,8.
aniHsarant	11142	7-299-b	absent	N	Y	N	{#aniHsarant#}¦ 5.
aniHzWitASa	11139	7-299-b	absent	N	Y	N	{{Lbody=11139}}
aniNgya	2170	2-289-a	absent	N	Y	Y	{#aniNgya#} und {#˚SikzA#}¦ f. Titel von Werken OPP. Cat. 1.
aniNgya	11065	7-298-d	absent	N	Y	Y	{#aniNgya#}¦ I. 2.
aniNgyaSikzA	2170	2-289-a	absent	N	Y	N	{{Lbody=2170}}
aniNgyaSikzA	11066	7-298-d	absent	N	Y	N	{#aniNgyaSikzA#}¦ 2.
aniScAyaka	3586	3-250-b	absent	N	Y	N	{#aniScAyaka#}¦ Adj. {%keine Gewissheit gebend, nicht entscheidend%}. Nom. abstr. {#˚tva#} n. Z. d. d. m. G. 7,310, N. 5
aniScAyaka	11125	7-299-b	absent	N	Y	N	{#aniScAyaka#}¦ 3.
anicita	669	1-288-c	absent	N	Y	N	{#anicita#}¦ Adj. {%nicht besäet mit%} (Instr.) MBH. 3,21,7.
anicita	11068	7-298-d	absent	N	Y	N	{#anicita#}¦ 1.
anikziptaDura	2169	2-289-a	absent	N	Y	N	{#anikziptaDura#}¦, auch KĀRAṆḌ. 1,12 {#˚DUra#}.
anikziptaDura	11063	7-298-d	absent	N	Y	N	{#anikziptaDura#} ({#˚DUra#})¦ I. 2.
anilagulmin	6199	5-242-c	absent	N	Y	N	{#anilagulmin#}¦ Adj. = {#vAtagulmin#} SUŚR. 2,453,5.
anilagulmin	11115	7-299-b	absent	N	Y	N	{#anilagulmin#}, {#anilasaMBava#} und {#anilAtmaja#}¦ 5.
anilasaMBava	6200	5-242-c	absent	N	Y	N	{#anilasaMBava#}¦ m. Bein. {%des Feuers, des Feuergottes%} MBH. 2,31,48.
anilasaMBava	11115	7-299-b	absent	N	Y	N	{{Lbody=11115}}
animIlitalocana	11085	7-299-a	absent	N	Y	N	{#animIlitalocana#}¦ Adj. {%mit nicht geschlossenen —, mit geöffneten Augen%} R. ed. Bomb. 4,52,28.
animizekzaRa	5075	4-292-b	absent	N	Y	N	{#animizekzaRa#}¦ Adj. {%mit den Augen nicht blinzelnd, die A. nicht schliessend%} MBH. 1,33,7. R. 3,75,53.
animizekzaRa	11084	7-299-a	absent	N	Y	N	{#animizekzaRa#}¦ 4.
anipAtya	3566	3-250-a	absent	N	Y	N	{#anipAtya#}¦ Adj. {%nicht als Unregelmässigkeit zu erwähnen%} MAHĀBH. 7,91,a. 134,a.
anipAtya	11076	7-299-a	absent	N	Y	N	{#anipAtya#}¦ 3.
aniqa	671	1-288-c	absent	N	Y	N	{#aniqa#}¦ Adj. {%nicht das Wort%} {#iqA#} {%enthaltend%} TĀṆḌYA-BR. 6,9,23.
aniqa	11071	7-298-d	absent	N	Y	N	{#aniqa#} und {#anitipara#}¦ 1.
anirBinna	2173	2-289-a	absent	N	Y	N	{#anirBinna#}¦ auch {%nicht durchschossen, — verwundet%} MBH. 6,81,43.
anirBinna	11101	7-299-a	absent	N	Y	N	{#anirBinna#}¦ I. 2.
anirBuja	688	1-288-c	absent	N	Y	N	{#anirBuja#}¦ Adj. (f. {#A#}) {%wobei man die Hände auf die Kniee legt%} SAṂHITOPAN. 9,3. 10,1. 12,17.
anirBuja	11102	7-299-a	absent	N	Y	N	{#anirBuja#}, {#anirBeda#}, {#a/nirmArga#}, {#anirmukta#} und {#aniryukta#}¦ 1.
anirIkzaka	3572	3-250-a	absent	N	Y	N	{#anirIkzaka#}¦ Adj. {%Jmd%} (Gen.) {%nicht sehend, — besuchend%} RĀJAT. 6,94.
anirIkzaka	11093	7-299-a	absent	N	Y	N	{#anirIkzaka#}¦ 3.
anirdAha	686	1-288-c	absent	N	Y	N	{#a/nirdAha#}¦ m. {%Nichtverbrennung%} MAITR. S. 3,3,3.
anirdAha	11099	7-299-a	absent	N	Y	N	{#a/nirdAha#} und {#a/nirdAhuka#}¦ 1.
anirhARarca	3582	3-250-b	absent	N	Y	N	{#anirhARarca#}¦ Adj. {%wobei an der Recitation der%} (Yājyā-) {%Verse Nichts fehlt%} AIT. BR. 3,7,4.
anirhARarca	11113	7-299-b	absent	N	Y	N	{#anirhARarca#}¦ 3.
anirhuta	8336	6-294-c	absent	N	Y	N	{#anirhuta#}¦ Adj. {%nicht zu Ende geopfert%} MBH. 13,93,65.
anirhuta	11114	7-299-b	absent	N	Y	N	{#anirhuta#}¦ 6.
anirmukta	691	1-288-c	absent	N	Y	N	{#anirmukta#}¦ Adj. {%nicht befreit von%} (Abl.) MBH. 1,120,16.
anirmukta	11102	7-299-a	absent	N	Y	N	{{Lbody=11102}}
anirudDaBawwa	684	1-288-c	absent	N	Y	N	{#anirudDaBawwa#}¦ m. N. pr. eines Autors PISCHEL, de Gr. pr. 17.
anirudDaBawwa	11096	7-299-a	absent	N	Y	N	{{Lbody=11096}}
anirudDaka	683	1-288-c	absent	N	Y	N	{#anirudDaka#}¦ m. = {#anirudDa#} 2〉a〉 AGNI-P. 25,1.
anirudDaka	11096	7-299-a	absent	N	Y	N	{#anirudDaka#}, {#anirudDaBawwa#} und {#anirudDamaya#}¦ 1.
anirudDamaya	685	1-288-c	absent	N	Y	N	{#anirudDamaya#}¦ Adj. Aniruddha {%darstellend%} AGNI-P. 37,10.
anirudDamaya	11096	7-299-a	absent	N	Y	N	{{Lbody=11096}}
anirudDasaMhitA	2172	2-289-a	absent	N	Y	N	{#anirudDasaMhitA#}¦ f. Titel eines Werkes OPP. Cat. 1.
anirudDasaMhitA	11097	7-299-a	absent	N	Y	N	{#anirudDasaMhitA#}¦ 2.
anirvacanIyavAda	2174	2-289-a	absent	N	Y	N	{#anirvacanIyavAda#}¦ m. Titel eines Werkes OPP. Cat. 1.
anirvacanIyavAda	11105	7-299-a	absent	N	Y	N	{#anirvacanIyavAda#}¦ 2.
anirvacana	3579	3-250-b	absent	N	Y	N	{#anirvacana#}¦ n. {%kein Deutungsmittel%} NIR. 7,24.
anirvacana	11104	7-299-a	absent	N	Y	N	{#anirvacana#}¦ 3.
anirvarRya	11106	7-299-a	absent	N	Y	N	{#anirvarRya#}¦ Adj. {%unbeschreiblich%} JĀTAKAM. 22 ({#aniva˚#} die Hdschrr.).
anirvedakara	3581	3-250-b	absent	N	Y	N	{#anirvedakara#}¦ Adj. {%unverdrossen%} (Bemühung) R. 5,15,6.
anirvedakara	11111	7-299-a	absent	N	Y	N	{#anirvedakara#}¦ 3.
anirviDitsa	3580	3-250-b	absent	N	Y	N	{#anirviDitsa#}¦ Adj. {%Nichts zu vollbringen beabsichtigend%} MBH. 12,269,46.
anirviDitsa	11108	7-299-a	absent	N	Y	N	{#anirviDitsa#}¦ 3.
anirvizwa	6198	5-242-c	absent	N	Y	N	{#anirvizwa#}¦ Adj. 1〉 = {#anivizwa#}. — 2〉 {%nicht abgetragen, nicht bezahlt%}.
anirvizwa	11109	7-299-a	absent	N	Y	N	{#anirvizwa#}¦ 5.
aniryukta	692	1-288-c	absent	N	Y	N	{#aniryukta#}¦ s. {#aniyukta#}.
aniryukta	11102	7-299-a	absent	N	Y	N	{{Lbody=11102}}
anistizWant	3589	3-250-b	absent	N	Y	N	{#anistizWant#}¦ Adj. {%Etwas nicht zu Ende bringend, auf halbem Wege stehen bleibend%} CHĀND. UP. 7,20.
anistizWant	11141	7-299-b	absent	N	Y	N	{#anistizWant#}¦ 3.
anitipara	672	1-288-c	absent	N	Y	N	{#anitipara#}¦ Adj. {%worauf kein%} {#iti#} {%folgt%} P. 1,4,62.
anitipara	11071	7-298-d	absent	N	Y	N	{{Lbody=11071}}
aniveSaka	11121	7-299-b	absent	N	Y	N	{#aniveSaka#}¦ 3.
anivedaka	3584	3-250-b	absent	N	Y	N	{#˚anivedaka#}¦ Adj. {%nicht mittheilend, — kund thuend%} MBH. 13,43,9.
anivfttayoDin	3583	3-250-b	absent	N	Y	N	{#anivfttayoDin#}¦ Adj. {%im Kampf nicht fliehend%} MBH. 7,140,12.
anivfttayoDin	11120	7-299-b	absent	N	Y	N	{#anivfttayoDin#}¦ 3.
anividDa	8337	6-294-c	absent	N	Y	N	{#anividDa#}¦ Adj. {%nicht durchschossen, — durchbohrt%} MBH. 4,55,5. {#anividDaM#} MBH. 4,1977 fehlerhaft für {#iti vid
anividDa	11117	7-299-b	absent	N	Y	N	{#anividDa#}¦ 6.
anivizwa	6202	5-242-c	absent	N	Y	N	{#anivizwa#}¦ Adj. {%der sich nicht häuslich niedergelassen hat, unverheirathet%} MBH. 1,195,24.
anivizwa	11118	7-299-b	absent	N	Y	N	{#anivizwa#}¦ 5.
aniyantraRA	3571	3-250-a	absent	N	Y	N	{#aniyantraRA#}¦ f. {%Unbeschränktheit%} Spr. 7207.
aniyantraRA	11088	7-299-a	absent	N	Y	N	{{Lbody=11088}}
aniyantrita	5076	4-292-b	absent	N	Y	N	{#aniyantrita#}¦ Adj. {%unbeschränkt, unbestimmt%} SĀH. D. 18,10.
aniyantrita	11089	7-299-a	absent	N	Y	N	{#aniyantrita#}¦ 4.
aniyatapadArTavAdin	11087	7-299-a	absent	N	Y	N	{#aniyatapadArTavAdin#}¦ Adj. {%keine fest bestimmte Anzahl von Kategorien annehmend%} ANIRUDDHA zu SĀṂKHYAS. 1,45. 56.
anizWitASa	11139	7-299-b	absent	N	Y	N	{#ani[H]zWitASa#}¦ Adj. {%die Hoffnung nicht aufgebend%} R. ed. Bomb. 3,60,36.
anizkaDfk	2178	2-289-a	absent	N	Y	N	{#anizkaDfk#}¦ Adj. {%nicht einen%} Niṣka {%genannten Schmuck tragend%} R. 1,6,9.
anizkaDfk	11132	7-299-b	absent	N	Y	N	{#anizkaDfk#}¦ 2.
anizwasoma	697	1-288-c	absent	N	Y	N	{#anizwasoma#}¦ Adj. {%der kein%} Soma-{%Opfer dargebracht hat%} VAITĀN.
anizwasoma	11136	7-299-b	absent	N	Y	N	{#anizwasoma#}¦ 1.
anizwubDa	2180	2-289-a	absent	N	Y	N	{#ani[H]zwubDa#}¦ Adj. {%unausgehöhlt%} ĀPAST. ŚR. 15,5,9. 9,2.
anizwubDa	11138	7-299-b	absent	N	Y	N	{#ani[H]zwubDa#}¦ 2.
anizwusava	11137	7-299-b	absent	N	Y	N	{#anizwusava#}¦ m. HILLERANDTʼs Conj. ŚĀṄKH. ŚR. 14,73,3.
annIy	5110	4-292-c	absent	N	Y	N	{#annIy#}¦, {#˚yati#} {%nach Speise verlangen%} ĀPAST. ŚR. 10,16,13.
annIy	11549	7-301-d	absent	N	Y	N	{#annIy#}¦ 4.
annaMBawIya	11539	7-301-d	absent	N	Y	N	{#annaMBawIya#}¦ 2.
annaMBawwIya	2243	2-289-c	absent	N	Y	N	{{Lbody=2243}}
annacikitsA	2243	2-289-c	absent	N	Y	N	{#annacikitsA#} f., {#annapAnaviDi#} m. und {#annaMBawwIya#} n.¦ Titel von Werken OPP. Cat. 1.
annacikitsA	11532	7-301-d	absent	N	Y	N	{#annacikitsA#}¦ 2.
annapAnaviDi	2243	2-289-c	absent	N	Y	N	{{Lbody=2243}}
annapAnaviDi	11536	7-301-d	absent	N	Y	N	{#annapAnaviDi#}¦ 2.
annaprASanaka	877	1-290-c	absent	N	Y	N	{#annaprASanaka#}¦ n. = {#annaprASana#} HEMĀDRI 1,231,1.
annaprASanaka	11537	7-301-d	absent	N	Y	N	{#annaprASanaka#}¦ 1.
annasani	11543	7-301-d	absent	N	Y	N	{#annasani#}¦ Adj. als Umschreibung von {#pituzaRi#} AIT. BR. 1,13,13.
antaHSvAsa	866	1-290-b	absent	N	Y	N	{#antaHSvAsa#}¦ m. {%eine best. Krankheit der Athmungsorgane%} AGNI-P. 31,20.
antaHSvAsa	11507	7-301-c	absent	N	Y	N	{#antaHSvAsa#}¦ 1.
antaHprIti	8359	6-295-a	absent	N	Y	N	{#antaHprIti#}¦ f. {%innere Freude%} Z. d. d. m. G. 39,308.
antaHprIti	11450	7-301-b	absent	N	Y	N	{#antaHprIti#}¦ 6.
antarAhuti	22153	7-385-c	absent	N	Y	N	{#antarA/huti#}¦ ? ebend. 1,4,12 (61,17).
antarAntaratas	851	1-290-b	absent	N	Y	N	{#antarAntaratas#}¦ Adv. {%je dazwischen%} HEMĀDRI 1,329,21.
antarAntaratas	11468	7-301-b	absent	N	Y	N	{#antarAntaratas#}¦ 1.
antarAtri	11467	7-301-b	absent	N	Y	N	{#antarAtri#}¦ f. {%Todesnacht%} JĀTAKAM. 24,5.
antarAvedi	6251	5-243-b	absent	N	Y	N	{#antarAvedi#}¦, so zu lesen st. {#˚vedI#}. Vgl. H. an. 3,185. VIŚVA im Comm. zu ŚIŚ. 19,65. Die Bedeutung ist wohl {%Sc
antarAvedi	8361	6-295-a	absent	N	Y	N	{#antarAvedi#}¦ (auch Nachtr. 5) {%Scheidewand%} RAGH. 12,93. Vgl. {#varaRqaka#} 2〉b〉.
antarAvedi	11470	7-301-b	absent	N	Y	N	{#antarAvedi#} und {#˚vedI#}¦ I. 5. 6.
antarBAvaprakASikA	2236	2-289-c	absent	N	Y	N	{#antarBAvaprakASikA#} f. und {#˚rBAvavAda#} m.¦ Titel zweier Werke OPP. Cat. 1.
antarBAvaprakASikA	11491	7-301-c	absent	N	Y	N	{#antarBAvaprakASikA#} u. {#˚rBAvavAda#}¦ 2.
antarBAvavAda	2236	2-289-c	absent	N	Y	N	{{Lbody=2236}}
antarBAvavAda	11491	7-301-c	absent	N	Y	N	{{Lbody=11491}}
antarBAvya	3652	3-251-a	absent	N	Y	N	{#antarBAvya#}¦ Adj. {%darin enthalten sein sollend%} Comm. zu ĀPAST. ŚR. 8,22,10.
antarBAvya	11492	7-301-c	absent	N	Y	N	{#antarBAvya#} und {#antarBeda#}¦ 3.
antaradfS	11463	7-301-b	absent	N	Y	N	{#antaradfS#}¦ Adj. so v. a. {%den Mittelweg einschlagend%} R. ed. Bomb. 4,22,23.
antarakrIqA	847	1-290-b	absent	N	Y	N	{#antarakrIqA#}¦ f. {%ein best. Tact%} S. S. S. 213.
antarakrIqA	11461	7-301-b	absent	N	Y	N	{#antarakrIqA#}¦ 1.
antargati	3643	3-251-a	absent	N	Y	N	{#antargati#}¦ f. {%das Eintreten%} Comm. zu ĀPAST. ŚR. 5,3,20.
antargati	11477	7-301-c	absent	N	Y	N	{#antargati#}¦ 3.
antarikzadA	3641	3-250-c	absent	N	Y	N	{#antarikzadA#}¦ Adj. {%Luft gebend%} ĀPAST. ŚR. 17,5.
antarikzadA	11473	7-301-c	absent	N	Y	N	{#antarikzadA#} und {#antarikzayA/nI#}¦ 3.
antarjAnukara	859	1-290-b	absent	N	Y	N	{#antarjAnukara#}¦ Adj. = {#antarjAnu#} 1〉 HEMĀDRI 1,94,15.
antarjAnukara	11483	7-301-c	absent	N	Y	N	{#antarjAnukara#}¦ 1.
antarjAtA	857	1-290-b	absent	N	Y	N	{#antarjAtA#}¦ Adj. f. {%trächtig%} HEMĀDRI 1,447,23. 448,3.
antarjAtA	11481	7-301-c	absent	N	Y	N	{#antarjAtA#}¦ 1.
antarjaleSaya	2235	2-289-c	absent	N	Y	N	{#antarjaleSaya#}¦ Adj. {%im Wasser liegend%} MBH. 1,29,27.
antarjaleSaya	8362	6-295-a	absent	N	Y	N	{#antarjaleSaya#}¦ Adj. {%im Wasser liegend, — lebend%} MBH. 1,29,27.
antarjaleSaya	11480	7-301-c	absent	N	Y	N	{#antarjaleSaya#}¦ 2. 6.
antarmAMsa	862	1-290-b	absent	N	Y	N	{#antarmAMsa#}¦ Adj. {%mit der Fleischseite nach innen gekehrt%} HEMĀDRI 1,703,9.
antarmAMsa	6253	5-243-b	absent	N	Y	N	{#antarmAMsa#}¦ (Nachtr. 1) ĀPAST. ŚR. 10,8,12.
antarmAMsa	11495	7-301-c	absent	N	Y	N	{#antarmAMsa#}¦ 1. 5.
antarmuKatA	11497	7-301-c	absent	N	Y	N	{#antarmuKatA#}¦ I. {%das nach innen Gekehrtsein%} Comm. zu YOGAS. 1,2.
antarnAvya	3651	3-251-a	absent	N	Y	N	{#antarnAvya#}¦ Adj. {%in einem Schiffe befindlich%} Cit. im Comm. zu ĀPAST. ŚR. 5,25,8.
antarnAvya	11489	7-301-c	absent	N	Y	N	{#antarnAvya#}¦ 3.
antarukTya	22154	7-385-c	absent	N	Y	N	{#antarukTya#}¦ Adj. {%einen%} Ukthya{%Tag enthaltend%} ĀŚV. ŚR. 9,6,1. Vgl. {#grahAntaru˚#}.
antarvArkza	5104	4-292-c	absent	N	Y	N	{#antarvArkza#}¦ Adj. {%im Innern eines Baumes befindlich%} Comm. zu ĀPAST. ŚR. 9,20,2.
antarvArkza	11502	7-301-c	absent	N	Y	N	{#antarvArkza#}¦ 4.
antarvAsa	3655	3-251-a	absent	N	Y	N	{#antarvAsa#}¦ m. auch {%das Verweilen in%} (im Comp. vorangehend) ŚIŚ. 2,20.
antarvAsa	11504	7-301-c	absent	N	Y	N	{#antarvAsa#}¦ I. 3.
antarvAvant	11503	7-301-c	absent	N	Y	N	{{Lbody=11503}}
antaryAmIya	864	1-290-b	absent	N	Y	N	{#antaryAmIya#}¦ Adj. {%zum%} Antaryāma {%gehörig%} VAITĀN.
antaryAmIya	11498	7-301-c	absent	N	Y	N	{#antaryAmIya#}¦ 1.
antataH	11455	7-301-b	absent	N	Y	N	{#antataH#}¦ I. {%selbst, sogar%} DIVYĀVAD. 142,11. 191,3. {#sarvamantataH#} so v. a. {#samantataH#} R. ed. Bomb. 4,49,2
antrApIqaprakarzin	871	1-290-c	absent	N	Y	N	{#antrApIqaprakarzin#}¦ Adj. {%heftiges Leibkneifen habend%} MBH. 6,59,17.
antrApIqaprakarzin	11517	7-301-c	absent	N	Y	N	{{Lbody=11517}}
antrAvaraRa	6257	5-243-b	absent	N	Y	N	{#*antrAvaraRa#}¦ n. {%Eingeweide%} DEŚĪN. 1,85. 157.
antrAvaraRa	11518	7-301-d	absent	N	Y	N	{#antrAvaraRa#}¦ 5.
antravfdDimant	870	1-290-c	absent	N	Y	N	{#antravfdDimant#}¦ Adj. {%einen Leistenbruch habend%} HEMĀDRI 1,732,12.
antravfdDimant	11517	7-301-c	absent	N	Y	N	{#antravfdDimant#} und {#antrApIqaprakarzin#} [Page7-301-d]¦ 1.
antyapat	868	1-290-c	absent	N	Y	N	{#antyapat#}¦ zu streichen.
antyapat	11514	7-301-c	absent	N	Y	N	{#antyapat#}¦ I. 1.
anuBavasUtra	2210	2-289-b	absent	N	Y	N	{#anuBavasUtra#}¦ n. Titel eines Werkes OPP. Cat. 1.
anuBavasUtra	11302	7-300-b	absent	N	Y	N	{#anuBavasUtra#}¦ 2.
anuBrazwatejas	2212	2-289-b	absent	N	Y	N	{#anuBrazwatejas#}¦ Adj. {%dessen Glanz geschwunden ist%} (Agni) KAP. S. 29,4.
anuBrazwatejas	11306	7-300-b	absent	N	Y	N	{#anuBrazwatejas#}¦ 2.
anuKaqgam	711	1-289-a	absent	N	Y	N	{#*anuKaqgam#}¦ Adv. gaṇa {#parimuKAdi#} in der KĀŚ.
anuKaqgam	11169	7-299-c	absent	N	Y	N	{#anuKaqgam#}¦ 1.
anuSaMsana	800	1-289-c	absent	N	Y	N	{#anuSaMsana#}¦ n. {%nachfolgendes Hersagen%} Comm. zu TĀṆḌYA-BR. 4,9,13.
anuSaMsana	11352	7-300-d	absent	N	Y	N	{#anuSaMsana#}¦ 1.
anuSase	802	1-290-a	absent	N	Y	N	{#anuSa/se#}¦ Dat. Inf. etwa {%mit einzustimmen%} ṚV. 5,50,2.
anuSase	11355	7-300-d	absent	N	Y	N	{#anuSa/se#}¦ 1.
anuSayavant	6228	5-243-a	absent	N	Y	N	{#anuSayavant#}¦ Adj. {%Reue empfindend%} ŚIŚ. 8,61.
anuSayavant	11353	7-300-d	absent	N	Y	N	{#anuSayavant#}¦ 5.
anubanDikA	779	1-289-c	absent	N	Y	N	{#anubanDikA#}¦ f. {%ungünstiges Symptom, Todesanzeichen%} HARṢAC. 124,4.
anubanDikA	11295	7-300-b	absent	N	Y	N	{#anubanDikA#}¦ 1.
anucCAstravartin	714	1-289-a	absent	N	Y	N	{#anucCAstravartin#}¦ Adj. {%die Gesetze nicht übertretend%}.
anucCAstravartin	11185	7-299-c	absent	N	Y	N	{#anucCAstravartin#} und {#anucCitti#}¦ 1.
anucCindant	2193	2-289-b	absent	N	Y	N	{#anucCindant#}¦ Adj. {%nicht verletzend%} ŚĀṄKH. BR. 2,8,13.
anucCindant	11186	7-299-c	absent	N	Y	N	{#anucCindant#}¦ 2.
anucCvAsa	717	1-289-a	absent	N	Y	N	{#anucCvAsa#}¦ m. {%das Nichtathmen%} R. 1,65,7.
anucCvAsa	11187	7-299-c	absent	N	Y	N	{{Lbody=11187}}
anucCvasamAna	716	1-289-a	absent	N	Y	N	{#anucCvasamAna#}¦ Adj. {%nicht athmend%} R. 1,65,8.
anucCvasamAna	11187	7-299-c	absent	N	Y	N	{#anucCvasamAna#}, {#anucCvAsa#} und {#anucyamAna#}¦ 1.
anucarita	2191	2-289-b	absent	N	Y	N	{#anucarita#}¦ n. {%Wandel, Begebenheit, Geschichte%}.
anucarita	11182	7-299-c	absent	N	Y	N	{#anucarita#}¦ 2.
anuccita	2192	2-289-b	absent	N	Y	N	{#anuccita#}¦ Adj. {%nicht abgepflückt%} KATHĀS. 18,277.
anuccita	11184	7-299-c	absent	N	Y	N	{#anuccita#}¦ 2.
anucyamAna	718	1-289-a	absent	N	Y	N	{#anucyamAna#}¦ Adj. {%nicht gesagt, — angegeben werdend%} KARMAPR. 15,1.
anucyamAna	11187	7-299-c	absent	N	Y	N	{{Lbody=11187}}
anudAyin	11218	7-299-d	absent	N	Y	N	{#anudAyin#}¦ Adj. {%nicht aufsteigend%}. {#˚yi#} Adv. von einer Recitation ŚĀṄKH. BR. 15,4.
anudBAsin	735	1-289-b	absent	N	Y	N	{#anudBAsin#}¦ Adj. {%nicht glänzend%} ĀPAST. 1,30,12, v. l.
anudBAsin	11225	7-299-d	absent	N	Y	N	{#anudBAsin#} und {#anudBinna#}¦ 1.
anudBAvita	5081	4-292-b	absent	N	Y	N	{#anudBAvita#}¦ Adj. {%nicht geschaffen, — gegeben%}. {#ISvarAnu˚#} {%nicht von Gott gegeben%} SĀH. D. 11,6.
anudBAvita	11224	7-299-d	absent	N	Y	N	{#anudBAvita#}¦ 4.
anudBava	734	1-289-b	absent	N	Y	N	{#anudBava#}¦ m. {%das Nichthervortreten%} KAP. 1,11.
anudBava	11223	7-299-d	absent	N	Y	N	{#anudBava#}¦ 1.
anudBinna	736	1-289-b	absent	N	Y	N	{#anudBinna#}¦ Adj. {%nicht zu Tage getreten%} KĀVYĀD. 2,264.
anudBinna	11225	7-299-d	absent	N	Y	N	{{Lbody=11225}}
anudEvatam	8343	6-294-c	absent	N	Y	N	{#anudEvatam#}¦ Adv. {%nach den Göttern%} R. GORR. 2,121,3.
anudEvatam	11221	7-299-d	absent	N	Y	N	{#anudEvatam#}¦ 6.
anudaSama	8341	6-294-c	absent	N	Y	N	{#anudaSama#}¦ Adj. {%je der zehnte%} VASIṢṬHA 17,43.
anudaSama	11216	7-299-d	absent	N	Y	N	{#anudaSama#}¦ 6.
anudakyA	6215	5-243-a	absent	N	Y	N	{#anudakyA#}¦ Adj. f. {%nicht die Menses habend%} VASIṢṬHA 5,2.
anudakyA	11213	7-299-d	absent	N	Y	N	{#anudakyA#}¦ 5.
anudayaBAj	5080	4-292-b	absent	N	Y	N	{#anudayaBAj#}¦ Adj. {%nicht aufgehend%} (Mond) Spr. 2669.
anudayaBAj	11215	7-299-d	absent	N	Y	N	{#anudayaBAj#}¦ 4.
anudeSaka	733	1-289-b	absent	N	Y	N	{#˚anudeSaka#}¦ Adj. {%zeigend, weisend%} HEMĀDRI 2,a,23,14.
anudeSaka	11220	7-299-d	absent	N	Y	N	{#anudeSaka#}¦ 1.
anudrikta	737	1-289-b	absent	N	Y	N	{#anudrikta#}¦ Adj. {%nicht überschüssig, nirgends ein Uebermaass zeigend%}.
anudrikta	11227	7-299-d	absent	N	Y	N	{#anudrikta#}¦ 1.
anugamanaviDAna	2184	2-289-b	absent	N	Y	N	{#anugamanaviDAna#}¦ n. Titel eines Werkes OPP. Cat. 1.
anugamanaviDAna	11171	7-299-c	absent	N	Y	N	{#anugamanaviDAna#} und {#anugarjita#}¦ 2.
anugrahItar	712	1-289-a	absent	N	Y	N	{#anugrahItar#}¦ Nom. ag. {%Förderer, beitragend zu Etwas%} ŚAṂK. zu BĀDAR. 3,4,38.
anugrahItar	11180	7-299-c	absent	N	Y	N	{#anugrahItar#}¦ 1.
anugrahItavya	11181	7-299-c	absent	N	Y	N	{#anugrahItavya#}¦ Adj. {%dem eine Gunst zu erweisen ist%} JĀTAKAM. 25,24.
anuguRita	2188	2-289-b	absent	N	Y	N	{#anuguRita#}¦ zu streichen; s. {#guRay#} mit {#anu#}.
anuguRita	11176	7-299-c	absent	N	Y	N	{#anuguRita#}¦ I. 2.
anujIvisAt	3595	3-250-b	absent	N	Y	N	{#anujIvisAt#}¦ Adv. mit {#kar#} {%zum Untergebenen machen%} KIR. 1,14.
anujIvisAt	11188	7-299-c	absent	N	Y	N	{#anujIvisAt#}¦ 3.
anukArAnukArin	707	1-289-a	absent	N	Y	N	{#anukArAnukArin#}¦ Adj. {%gleichend,%} mit Gen. HEMĀDRI 2,a,88,7.
anukArAnukArin	11164	7-299-c	absent	N	Y	N	{#anukArAnukArin#} und {#anukUlakArin#}¦ 1.
anukUlakArin	708	1-289-a	absent	N	Y	N	{#anukUlakArin#}¦ Adj. {%Liebes erweisend%} ŚĀK. ed. PISCH. 61,1.
anukUlakArin	11164	7-299-c	absent	N	Y	N	{{Lbody=11164}}
anukUlokta	5077	4-292-b	absent	N	Y	N	{#anukUlokta#}¦ n. Pl. {%eine Rede nach Jmds Sinn%} Spr. 3559.
anukUlokta	11165	7-299-c	absent	N	Y	N	{#anukUlokta#}¦ 4.
anulApin	2219	2-289-c	absent	N	Y	N	{#anulApin#}¦ Adj. {%nachsprechend%} HEM. PAR. 8,334.
anulApin	11331	7-300-c	absent	N	Y	N	{#anulApin#} und {#anulepaRa#}¦ 2.
anulepaRa	2220	2-289-c	absent	N	Y	N	{#anulepaRa#}¦ ĀPAST. fehlerhaft für {#˚lepana#}.
anulepaRa	11331	7-300-c	absent	N	Y	N	{{Lbody=11331}}
anullaNGanIya	792	1-289-c	absent	N	Y	N	{#anullaNGanIya#}¦ Adj. {%nicht zu übertreten%} PAÑCAT. 247,19.
anullaNGanIya	11335	7-300-c	absent	N	Y	N	{#anullaNGanIya#}¦ 1.
anulomay	11333	7-300-c	absent	N	Y	Y	{#anulomay#}¦ auch so v. a. {%günstig gestalten%} MBH. 8,10,15.
anumAnakAYcana	2213	2-289-b	absent	N	Y	N	{{Lbody=2213}}
anumAnamaRi	2213	2-289-b	absent	N	Y	N	{{Lbody=2213}}
anumAnanirUpaRa	2213	2-289-b	absent	N	Y	N	{{Lbody=2213}}
anumAnaprakASikA	2213	2-289-b	absent	N	Y	N	{{Lbody=2213}}
anumAnapraveSa	2213	2-289-b	absent	N	Y	N	{{Lbody=2213}}
anumAnasatvarahasya	2215	2-289-b	absent	N	N	N	{{Lbody=2215}}
anumAnasatvavicAra	2215	2-289-b	absent	N	N	N	{{Lbody=2215}}
anumAnavAda	2213	2-289-b	absent	N	Y	N	{{Lbody=2213}}
anumArjana	2214	2-289-b	absent	N	Y	Y	{#anumArjana#}¦ n. {%das Glattstreichen%} Comm. zu KĀTY. ŚR. 2,6,11.
anumArjana	11314	7-300-c	absent	N	Y	Y	{#anumArjana#}¦ I. 2.
anumAsa	784	1-289-c	absent	N	Y	Y	{#anumAsa˚#}¦ Adv. {%allmonatlich%} NAIṢ. 8,37.
anumAsa	11315	7-300-c	absent	N	Y	Y	{#anumAsa˚#}¦ 1.
anumAtar	11310	7-300-b	absent	N	Y	N	{#anumAtar#}¦ Nom. ag. {%der Schlüsse —, Folgerungen zieht%} BHĀMATĪ 343,6.
anumantar	783	1-289-c	absent	N	Y	Y	{#anumanta/r#}¦ TBR. 3,10,1,3. 9,7. 10,3.
anumantar	11309	7-300-b	absent	N	Y	Y	{#anumanta/r#}¦ I. 1.
anunmukta	742	1-289-b	absent	N	Y	N	{#a/nunmukta#}¦ Adj. {%nicht befreit%} MAITR. S. 3,7,8. 9,7.
anunmukta	11234	7-299-d	absent	N	Y	N	{#a/nunmukta#}, {#anupakaraRIya#}, {#anupakurvARa#}, {#anupakramaRIya#}, {#˚kramya#}, {#˚krAmya#}, {#anupagama#} und {#a
anupADyAya	772	1-289-c	absent	N	Y	N	{#anupADyAya#}¦ m. {%kein Lehrer%} MBH. 14,88,26.
anupADyAya	11274	7-300-a	absent	N	Y	N	{{Lbody=11274}}
anupASraya	11279	7-300-b	absent	N	Y	N	{#anupASraya#}¦ Adj. {%haltlos%}. Nom. abstr. {#˚tva#} n. JĀTAKAM. 23.
anupAdeya	771	1-289-c	absent	N	Y	N	{#anupAdeya#}¦ Adj. {%nicht anzunehmen, — zu beherzigen%}. Nom. abstr. {#˚tva#} n. SĀH. D. 118,10.
anupAdeya	11274	7-300-a	absent	N	Y	N	{#anupAdeya#} und {#anupADyAya#}¦ 1.
anupAlaBya	775	1-289-c	absent	N	Y	N	{#anupAlaBya#}¦ Adj. {%nicht zu tadeln%} KĀM. NĪTIS. 11,39.
anupAlaBya	11278	7-300-b	absent	N	Y	N	{#anupAlaBya#}¦ 1.
anupArata	6221	5-243-a	absent	N	Y	N	{#anupArata#}¦ Adj. {%nicht abstehend von%} (Abl.) RAGH. 16,3.
anupArata	11277	7-300-a	absent	N	Y	N	{#anupArata#}¦ 5.
anupAsitavfdDa	8345	6-294-c	absent	N	Y	N	{#anupAsitavfdDa#}¦ Adj. {%der die Alten nicht geehrt hat%}. Nom. abstr. {#˚tva#} n. MBH. 5,92,18.
anupAsitavfdDa	11280	7-300-b	absent	N	Y	N	{#anupAsitavfdDa#}¦ 6.
anupAtavya	11271	7-300-a	absent	N	Y	N	{#anupAtavya#}¦ Adj. R. ed. Bomb. 4,61,4 fehlerhaft für {#anuyAtavya#}.
anupAtyaya	770	1-289-c	absent	N	Y	N	{#anupAtyaya#}¦ n. {%Nichtversäumniss, Nichtvernachlässigung%} P. 3,3,38.
anupAtyaya	11272	7-300-a	absent	N	Y	N	{#anupAtyaya#}¦ 1.
anupaDi	750	1-289-b	absent	N	Y	N	{#anupaDi#}¦ Adj. {%bedingungslos%} BURN. Intr. 590. fgg.
anupaDi	3604	3-250-b	absent	N	Y	N	{#anupaDi#}¦ (Nachtr. 1) zu streichen und st. dessen zu setzen: {#anupaDiSeza#} Adj. {%bei dem kein Rest eines störenden
anupaDi	11240	7-300-a	absent	N	Y	N	{#anupaDi#}¦ I. 1. 3.
anupaGnant	3601	3-250-b	absent	N	Y	N	{#anupaGnant#}¦ auch {%nicht berührend%} LĀṬY. 1,9,23.
anupaGnant	11235	7-299-d	absent	N	Y	N	{#anupaGnant#}¦ I. 3.
anupaSruti	766	1-289-b	absent	N	Y	N	{#anupaSruti#}¦ f. {%das Nichthören%} BHĀG. P. 10,42,29.
anupaSruti	11263	7-300-a	absent	N	Y	N	{{Lbody=11263}}
anupacita	2200	2-289-b	absent	N	Y	N	{#anupacita#}¦ Adj. {%nicht recht von Statten gehend%} BHĀG. P. 3,20,47.
anupacita	11237	7-300-a	absent	N	Y	N	{#anupacita#} und {#a/nupajvalita#}¦ 2.
anupadasyant	3603	3-250-b	absent	N	Y	N	{#a/nupadasyant#}¦ Adj. dass. TS. 5,2,9,2.
anupadasyant	11238	7-300-a	absent	N	Y	N	{{Lbody=11238}}
anupadeSa	748	1-289-b	absent	N	Y	N	{#anupadeSa#}¦ m. {%keine Anweisung%} KAP. 1,9.
anupadeSa	11239	7-300-a	absent	N	Y	N	{#anupadeSa#} und {#anupadezwavya#}¦ 1.
anupadrazwar	22144	7-385-c	absent	N	Y	N	{#a/nupadrazwar#}¦ Nom. ag. {%kein Zuschauer%} MAITR. S. 4,6,9 (93,6).
anupagama	746	1-289-b	absent	N	Y	N	{#anupagama#}¦ m. {%das Nichtkommen%} NAIṢ. 5,25.
anupagama	11234	7-299-d	absent	N	Y	N	{{Lbody=11234}}
anupajvalita	2201	2-289-b	absent	N	Y	N	{#a/nupajvalita#}¦ Adj. {%nicht angezündet%} ŚAT. BR. 11,8,3,7.
anupajvalita	11237	7-300-a	absent	N	Y	N	{{Lbody=11237}}
anupakaraRIya	743	1-289-b	absent	N	Y	N	{#anupakaraRIya#}¦ Adj. {%dem kein Dienst zu erweisen ist von%} (Gen.) Ind. St. 15,329.
anupakaraRIya	11234	7-299-d	absent	N	Y	N	{{Lbody=11234}}
anupakrAmya	745	1-289-b	absent	N	Y	N	{{Lbody=745}}
anupakrAmya	11234	7-299-d	absent	N	Y	N	{{Lbody=11234}}
anupakramaRIya	745	1-289-b	absent	N	Y	N	{#anupakramaRIya#}, {#˚kramya#} und {#˚krAmya#}¦ Adj. {%nicht zu behandeln, — heilbar%}.
anupakramaRIya	11234	7-299-d	absent	N	Y	N	{{Lbody=11234}}
anupakramya	745	1-289-b	absent	N	Y	N	{{Lbody=745}}
anupakramya	11234	7-299-d	absent	N	Y	N	{{Lbody=11234}}
anupakurvARa	744	1-289-b	absent	N	Y	N	{#anupakurvARa#}¦ Adj. {%keinen Dienst —, keine Gefälligkeit erweisend%}.
anupakurvARa	11234	7-299-d	absent	N	Y	N	{{Lbody=11234}}
anupalabDivAda	2206	2-289-b	absent	N	Y	N	{#anupalabDivAda#}¦ m. Titel eines Werkes OPP. Cat. 1.
anupalabDivAda	11259	7-300-a	absent	N	Y	N	{#anupalabDivAda#}¦ 2.
anupalakzyamARa	761	1-289-b	absent	N	Y	N	{#anupalakzyamARa#}¦ Adj. {%unbemerkt%} Ind. St. 15,273.
anupalakzyamARa	11258	7-300-a	absent	N	Y	N	{{Lbody=11258}}
anupamajjant	5086	4-292-b	absent	N	Y	N	{#anupamajjant#}¦ Adj. {%nicht untertauchend%} ĀPAST. im Comm. zu KĀTY. ŚR. 5,5,31. Die Handschriften des ĀPAST. ŚR. les
anupamajjant	11250	7-300-a	absent	N	Y	N	{{Lbody=11250}}
anupamakzant	5085	4-292-b	absent	N	Y	N	{#anupamakzant#}¦ s. u. {#anupamajjant#}.
anupamakzant	11250	7-300-a	absent	N	Y	N	{#anupamakzant#} und {#anupamajjant#}¦ 4.
anupamasaMhArigranTa	2203	2-289-b	absent	N	Y	N	{#anupamasaMhArigranTa#}¦ m. Titel eines Werkes OPP. Cat. 1.
anupamasaMhArigranTa	11251	7-300-a	absent	N	Y	N	{#anupamasaMhArigranTa#}¦ 2.
anupanIta	752	1-289-b	absent	N	Y	N	{#anupanIta#}¦ Adj. {%nicht in die Lehre aufgenommen%} KĀVYĀD. 3,178.
anupanIta	11245	7-300-a	absent	N	Y	N	{#anupanIta#} und {#anupanyAsa#}¦ 1.
anupanamra	751	1-289-b	absent	N	Y	N	{#anupanamra#}¦ Adj. {%sich nicht verneigend%} und zugleich {%nicht zur Hand seiend%}. Nom. abstr. {#˚tA#} f. NAIṢ. 8,22
anupanamra	11243	7-300-a	absent	N	Y	N	{#anupanamra#}¦ 1.
anupapattimant	755	1-289-b	absent	N	Y	N	{#anupapattimant#}¦ Adj. dass. NAIṢ. 4,110.
anupapattimant	11247	7-300-a	absent	N	Y	N	{#anupapattimant#}¦ 1.
anuparoDin	11257	7-300-a	absent	N	Y	N	{#anuparoDin#}¦ Adj. {%nicht beeinträchtigend%} JĀTAKAM. 31,91.
anupasTitAgni	3605	3-250-b	absent	N	Y	N	{#anupasTitAgni#}¦ Adj. {%der das%} Agnyupasthāna {%nicht vollzogen hat%} MĀN. ŚR. 1,6,3.
anupasTitAgni	11266	7-300-a	absent	N	Y	N	{#anupasTitAgni#}¦ 3.
anupavIta	764	1-289-b	absent	N	Y	N	{#anupavIta#}¦ Adj. {%nicht mit der heiligen Schnur behängt%} HEMĀDRI 2,a,38,19.
anupavIta	11263	7-300-a	absent	N	Y	N	{{Lbody=11263}}
anupaviSant	2207	2-289-b	absent	N	Y	N	{#anupaviSant#}¦ Adj. {%sich nicht setzend%} ĀŚV. GṚHY. 3,7,1.
anupaviSant	11262	7-300-a	absent	N	Y	N	{#anupaviSant#}¦ 2.
anupavizwa	763	1-289-b	absent	N	Y	N	{#anupavizwa#}¦ Adj. {%nicht sitzend%} HEMĀDRI 1,253,16.
anupavizwa	11263	7-300-a	absent	N	Y	N	{#anupavizwa#}, {#anupavIta#}, {#anupaSaya#} und {#anupaSruti#}¦ 1.
anupayAnt	5087	4-292-b	absent	N	Y	N	{#anupayAnt#}¦ Adj. v. l. für {#anupayant#} Spr. 1699.
anupayAnt	11252	7-300-a	absent	N	Y	N	{#anupayAnt#}¦ 4.
anupekzaRa	776	1-289-c	absent	N	Y	N	{#anupekzaRa#}¦ n. {%das Nichtunbeachtetlassen%} MUDRĀR. (n. A.) 120,3.
anupekzaRa	11285	7-300-b	absent	N	Y	N	{#anupekzaRa#}¦ 1.
anupeyA	22145	7-385-c	absent	N	Y	N	{#anupeyA#}¦ Adj. f. {%nicht zu heirathen%} M. 11,172.
anupeyamAnA	5089	4-292-b	absent	N	Y	N	{#a/nupeyamAnA#}¦ Adj. f. {%der man nicht beiwohnt%} MAITR. S. 2,2,7 (21,6).
anupeyamAnA	11287	7-300-b	absent	N	Y	N	{#a/nupeyamAnA#}¦ 4.
anupfzwa	5088	4-292-b	absent	N	Y	N	{#anupfzwa#}¦ 1〉 Adj. s. u. {#praC#} mit {#anu#}. — 2〉 n. {%eine nachfolgende Frage%} NIR. 1,4. 5.
anupfzwa	11284	7-300-b	absent	N	Y	N	{#anupfzwa#}¦ 4.
anuprakampana	8346	6-294-c	absent	N	Y	N	{#anuprakampana#}¦ n. {%das Schwingen nach einem Andern%} Comm. zu ĀPAST. ŚR. 14,30,5.
anuprakampana	11288	7-300-b	absent	N	Y	N	{#anuprakampana#}¦ 6.
anuprazwar	11291	7-300-b	absent	N	Y	N	{#anuprazwar#}¦ Nom. ag. {%der sich nach Allem erkundigt, wissbegierig%} MBH. 2,5,40.
anurakzitavya	11325	7-300-c	absent	N	Y	N	{#anurakzitavya#}¦ Adj. {%zu behüten, zu bewahren vor%} (Abl.) JĀTAKAM. 23.
anuroDavatI	789	1-289-c	absent	N	Y	N	{#anuroDavatI#}¦ f. N. pr. einer Surāṅganā Ind. St. 15,444.
anuroDavatI	11329	7-300-c	absent	N	Y	N	{#anuroDavatI#}¦ 1.
anusartar	11375	7-300-d	absent	N	Y	N	{#˚anusartar#}¦ Nom. ag. {%der Reihe nach besuchend%} MBH. 8,44,44.
anusfzwi	11378	7-300-d	absent	N	Y	Y	{#anusfzwi#}¦ eher Nomen appell.
anusrotasam	11380	7-300-d	absent	N	Y	N	{#anusrotasam#}¦ Adv. = {#anusrotas#} ĀPAST. GṚHY. 14,14.
anutIrTam	8340	6-294-c	absent	N	Y	N	{#anutIrTam#}¦ Adv. {%bei jedem%} Tīrtha BAUDH. 2,5,3. 10,3.
anutIrTam	11196	7-299-d	absent	N	Y	N	{#anutIrTam#}¦ 6.
anutKAta	725	1-289-a	absent	N	Y	N	{#anutKAta#}¦ n. {%kein unebener Boden%} ŚĀK. 192, v. l.
anutKAta	11199	7-299-d	absent	N	Y	N	{#anutKAta#}¦ 1.
anutkIrRa	724	1-289-a	absent	N	Y	N	{#anutkIrRa#}¦ Adj. {%nicht ausgehöhlt%}.
anutkIrRa	11197	7-299-d	absent	N	Y	N	{{Lbody=11197}}
anutkrAmuka	11198	7-299-d	absent	N	Y	N	{#anutkrAmuka#}¦ Adj. {%Jmdm%} (Abl.) {%nicht davongehend%} ŚĀṄKH. BR. 2,4.
anutodana	722	1-289-a	absent	N	Y	N	{#anutodana#}¦ n. {%das Nachstossen, häufiges Wiederholen%} Comm. zu TĀṆḌYA-BR. 12,10,11.
anutodana	11197	7-299-d	absent	N	Y	N	{#anutodana#}, {#anutodavant#} und {#anutkIrRa#}¦ 1.
anutodavant	723	1-289-a	absent	N	Y	N	{#anutodavant#}¦ Adj. von {#anutoda#} TĀṆḌYA-BR. 10,6,4.
anutodavant	11197	7-299-d	absent	N	Y	N	{{Lbody=11197}}
anutsAhin	729	1-289-a	absent	N	Y	N	{#anutsAhin#}¦ Adj. {%willenlos%}. {#˚nI matiH#} {%Indolenz in Bezug auf%} (Loc.) KATHĀS. 72,118.
anutsAhin	11209	7-299-d	absent	N	Y	N	{#anutsAhin#}¦ 1.
anutsArita	6213	5-243-a	absent	N	Y	N	{#anutsArita#}¦ Adj. {%nicht beseitigt, — abgethan%} NĀRADA (a.) 1,2,42.
anutsArita	11207	7-299-d	absent	N	Y	N	{#anutsArita#}¦ 5.
anutsUtrapadanyAsa	6214	5-243-a	absent	N	Y	N	{#anutsUtrapadanyAsa#}¦ Adj. (f. {#A#}) {%wobei kein Schritt gethan wird, der den Regeln der Politik widerspräche%} und 
anutsUtrapadanyAsa	11211	7-299-d	absent	N	Y	N	{#anutsUtrapadanyAsa#}¦ 5.
anutsarpaRa	11206	7-299-d	absent	N	Y	N	{#anutsarpaRa#}¦ n. {%das nicht zum Vorschein Kommen, sich nicht Einstellen%} JĀTAKAM. 2.
anuttaraprakASapaYcASikA	727	1-289-a	absent	N	Y	N	{#anuttaraprakASapaYcASikA#}¦ f. Titel eines Werkes BÜHLER, Rep. No. 436.
anuttaraprakASapaYcASikA	11202	7-299-d	absent	N	Y	N	{{Lbody=11202}}
anuttaravedika	3598	3-250-b	absent	N	Y	N	{#anuttaravedika#}¦ Adj. {%wobei es keine%} Uttaravedi {%giebt%} ĀPAST. ŚR. 8,1,8.
anuttaravedika	11203	7-299-d	absent	N	Y	N	{#anuttaravedika#}¦ 3.
anuvAha	22146	7-385-c	absent	N	Y	N	{#anuvAha/#}¦ m. MAITR. S. 1,5,13 (82,9); vgl. damit {#anovAhya#} ĀPAST. ŚR. 6,28,4.
anuvarRayitavya	6226	5-243-a	absent	N	Y	N	{#anuvarRayitavya#}¦ Adj. {%zu schildern, auseinanderzusetzen, mitzutheilen%} SUŚR. 1,13,19. 14,5.
anuvarRayitavya	11340	7-300-c	absent	N	Y	N	{#anuvarRayitavya#}¦ 5.
anuvasu	3613	3-250-c	absent	N	Y	N	{#anuvasu#}¦ m. {%ein noch von der Leidenschaft be herrschter%} Sthavira oder {%Laie%} ŚĪLĀṄKA 1,312.
anuvasu	11341	7-300-c	absent	N	Y	N	{#anuvasu#}¦ 3.
anuvilepana	795	1-289-c	absent	N	Y	N	{#anuvilepana#}¦ n. {%Salbe%} HEMĀDRI 1,155,6 fehlerhaft; vgl. MBH. 13,57,38.
anuvilepana	11345	7-300-c	absent	N	Y	N	{#anuvilepana#} und {#anuvizRu#}¦ 1.
anuyAjavant	785	1-289-c	absent	N	Y	Y	{#anuyAja/vant#}¦ MAITR. S. 3,7,2.
anuyAjavant	11321	7-300-c	absent	N	Y	Y	{#anuyAja/vant#} und {#anuyAyin#}¦ I. 1.
anuyogitA	11323	7-300-c	absent	N	Y	N	{{Lbody=11323}}
anuzWAyajYAyajYIya	11365	7-300-d	absent	N	Y	N	{{Lbody=11365}}
anuzWAyajYayajYIya	3615	3-250-c	absent	N	Y	Y	{#anuzWAyajYayajYIya#}¦ fehlerhaft für {#anuzWAyajYAyajYIya#}.
anuzWAyajYayajYIya	11365	7-300-d	absent	N	Y	Y	{#anuzWAyajYayajYIya#} u. {#˚yajYAyajYIya#}¦ I. 3.
anuzWiti	6236	5-243-b	absent	N	Y	N	{#anuzWiti#}¦ f. = {#anuzWAna#} 1〉 SAṂKṢEPAŚ. 7,73.
anuzWiti	11366	7-300-d	absent	N	Y	N	{#anuzWiti#}¦ 5.
anuzara	6233	5-243-a	absent	N	Y	N	{#anuzara#}¦ Adj. GOBH. 4,7,8 fehlerhaft für {#anUzara#}, wie nach KNAUER ein Comm. liest.
anuzara	11360	7-300-d	absent	N	Y	N	{{Lbody=11360}}
anuzwubgAyatrIkAram	6235	5-243-a	absent	N	Y	N	{#anuzwubgAyatrIkAram#}¦ Absol. {%in eine%} Anuṣṭubh [Page5-243-b] {%und in eine%} Gāyatrī {%verwandelnd%} ĀŚV. ŚR. 6,2,
anuzwubgAyatrIkAram	11362	7-300-d	absent	N	Y	N	{#anuzwubgAyatrIkAram#}¦ 5.
anuzwupkAram	6234	5-243-a	absent	N	Y	N	{#anuzwupkAram#}¦ Absol. {%in eine%} Anuṣṭubh {%verwandelnd%} ĀŚV. ŚR. 6,3,12.
anuzwupkAram	11360	7-300-d	absent	N	Y	N	{{Lbody=11360}}
anuzyade	6237	5-243-b	absent	N	Y	N	{#anuzya/de#}¦ Dat. Infin. zu 1. {#syad#} mit {#anu#} ṚV. 2,13,2.
anuzyade	11368	7-300-d	absent	N	Y	N	{#anuzya/de#}¦ 5.
anvAramBaRIyadevatA	885	1-290-c	absent	N	Y	N	{#anvAramBaRIyadevatA#}¦ f. {%eine Gottheit der Eingangsceremonie%} ŚĀṄKH. GṚHY. 1,3.
anvAramBaRIyadevatA	11592	7-302-a	absent	N	Y	N	{#anvAramBaRIyadevatA#}¦ 1.
anvajiravati	6276	5-243-c	absent	N	Y	N	{#anvajiravati#}¦ Adv. {%längs der%} Ajiravatī HARṢAC. (1936) 132,11.
anvajiravati	11586	7-302-a	absent	N	Y	N	{#anvajiravati#}¦ 5.
anvatrasta	2254	2-290-a	absent	N	Y	N	{#anvatrasta#}¦ Adj. MBH. 5,48,3 (5,1811) fehlerhaft für {#avitrasta#}.
anvatrasta	11587	7-302-a	absent	N	Y	N	{#anvatrasta#}¦ 2.
anvavapAtos	3665	3-251-a	absent	N	Y	N	{#anvavapAtos#}¦ Gen. Inf. von 1. {#pA#} {%trinken%} mit {#anvava#} ŚĀṄKH. BR. 10,2. 17,9.
anvavapAtos	11588	7-302-a	absent	N	Y	N	{#anvavapAtos#}¦ 3.
anvazwakI	6277	5-243-c	absent	N	Y	N	{#anvazwakI#}¦ (s. u. {#anvazwakA#}) VASIṢṬHA 11,43.
anvazwakI	11590	7-302-a	absent	N	Y	N	{#anvazwakI#}¦ I. 5.
anvetavE	886	1-290-c	absent	N	Y	Y	{#a/nvetavE/#}¦ Dat. Inf. {%einzuholen%} ṚV. 7,33,8.
anvetavE	11595	7-302-a	absent	N	Y	Y	{#a/nvetavE/#}¦ 1.
anvezizizu	6279	5-243-c	absent	N	Y	N	{#anvezizizu#}¦ Adj. als Erklärung von {#didfkzu#} Comm. zu R. ed. Bomb. 1,1,71.
anvezizizu	11596	7-302-a	absent	N	Y	N	{#anvezizizu#}¦ 5.
anyAyaDanyacarita	2250	2-290-a	absent	N	Y	N	{#anyAyaDanyacarita#} n. und {#anyAyapaYcaka#} n.¦ Titel zweier Werke OPP. Cat. 1.
anyAyaDanyacarita	11572	7-302-a	absent	N	Y	N	{#anyAyaDanyacarita#} und {#anyAyapaYcaka#}¦ 2.
anyAyapaYcaka	2250	2-290-a	absent	N	Y	N	{{Lbody=2250}}
anyAyapaYcaka	11572	7-302-a	absent	N	Y	N	{{Lbody=11572}}
anyaTABavana	6267	5-243-c	absent	N	Y	N	{#anyaTABavana#}¦ (Conj.) n. {%das Anderswerden%} CAMPAKA 318. fg.
anyaTABavana	11558	7-301-d	absent	N	Y	N	{{Lbody=11558}}
anyalohamaya	6269	5-243-c	absent	N	Y	N	{#anyalohamaya#}¦ Adj. (f. {#I#}) {%messingen%} HALĀY. 1,131.
anyalohamaya	11565	7-302-a	absent	N	Y	N	{{Lbody=11565}}
anyaparatva	11560	7-301-d	absent	N	Y	N	{{Lbody=11560}}
anyataratotirAtra	880	1-290-c	absent	N	Y	N	{#anyatarato'tirAtra#}¦ Adj. {%nur von einer Seite einen%} Atirātra {%habend%} VAITĀN.
anyataratotirAtra	11551	7-301-d	absent	N	Y	N	{#anyatarato'tirAtra#}¦ 1.
anyavarRatva	11566	7-302-a	absent	N	Y	N	{{Lbody=11566}}
anyoktimuktAvalI	6274	5-243-c	absent	N	Y	N	{#anyoktimuktAvalI#} f. und {#anyoktiSataka#} n.¦ Titel von Werken.
anyoktimuktAvalI	11576	7-302-a	absent	N	Y	N	{#anyoktimuktAvalI#} und {#anyoktiSataka#}¦ 5.
anyonyABiBavavftti	11582	7-302-a	absent	N	Y	N	{#anyo'nyABiBavavftti#}¦ f. ANIRUDDHA zu SĀṂKHYAS. 1,128.
anyonyajananavftti	11579	7-302-a	absent	N	Y	N	{#anyo'nyajananavftti#}¦ f. ANIRUDDHA zu SĀṂKHYAS. 1,128.
apAMsula	3735	3-252-a	absent	N	Y	N	{#apAMsula#}¦ Adj. (f. {#A#}) {%unbefleckt, rein%} (in übertragener Bed.). Subst. f. {%eine tugendhafte Frau%}.
apAMsula	11816	7-303-c	absent	N	Y	N	{{Lbody=11816}}
apARigrahaRA	2290	2-290-b	absent	N	Y	N	{#apARigrahaRA#}¦ Adj. f. {%unverheirathet%} KATHĀS. 67,85.
apARigrahaRA	11826	7-303-c	absent	N	Y	N	{#apARigrahaRA#}¦ 2.
apATeya	3737	3-252-a	absent	N	Y	N	{#apATeya#}¦ Adj. {%ohne Wegekost, — Reisevorrath%}.
apATeya	11828	7-303-c	absent	N	Y	N	{#apATeya#}¦ 3.
apAkartos	955	1-291-b	absent	N	Y	N	{#apA/kartos#}¦ MAITR. S. 1,4,5.
apAkartos	11817	7-303-c	absent	N	Y	N	{#apA/kartos#}¦ I. 1.
apAkesTa	6303	5-244-a	absent	N	Y	Y	{#apAkesTa/#}¦ zu streichen; vgl. {#ApAkesTa/#}.
apAkesTa	11819	7-303-c	absent	N	Y	Y	{#apAkesTa/#}¦ I. 5.
apAmArgI	11841	7-303-c	absent	N	Y	N	{#apAmArgI#}¦ f. {%ein Holzscheit von Achyranthes aspera%} KAUŚ. 46,49.
apApadarSin	5137	4-293-a	absent	N	Y	N	{#apApadarSin#}¦ Adj. {%keine bösen Absichten habend%} R. ed. Bomb. 2,73,12.
apApadarSin	11837	7-303-c	absent	N	Y	N	{#apApadarSin#}¦ 4.
apApaka	957	1-291-b	absent	N	Y	N	{#apApaka#}¦ Adj. = {#apApa#} NAIṢ. 4,62.
apApaka	11835	7-303-c	absent	N	Y	N	{#apApaka#}¦ 1.
apAparogin	958	1-291-b	absent	N	Y	N	{#apAparogin#}¦ Adj. {%mit keiner bösen Krankheit behaftet%} HEMĀDRI 1,14,16.
apAparogin	11838	7-303-c	absent	N	Y	N	{#apAparogin#}¦ 1.
apArAyaRIya	3742	3-252-a	absent	N	Y	N	{#apArAyaRIya#}¦ n. Titel einer Grammatik UJJVAL. zu UṆĀDIS. 4,102. 158. Vgl. {#pArAyaRIya#}.
apArAyaRIya	6306	5-244-a	absent	N	Y	N	{#apArAyaRIya#}¦ (Nachtr. 3) ist nach AUFRECHT Adj. {%nicht dem%} Pārāyaṇīya {%gemäss%}.
apArAyaRIya	11848	7-303-c	absent	N	Y	N	{#apArAyaRIya#}¦ 3. 5.
apArTI	6307	5-244-a	absent	N	Y	N	{#apArTI#}¦ Adv. mit {#kar#} {%verschmähen%} Z. d. d. m. G. 36,510.
apArTI	11851	7-303-d	absent	N	Y	N	{#apArTI#}¦ 5.
apArTay	961	1-291-b	absent	N	Y	N	{#apArTay#}¦, {#˚yati#} {%unnütz machen%} NAIṢ. 9,80.
apArTay	11850	7-303-d	absent	N	Y	N	{#apArTay#}¦ 1.
apAramitA	3740	3-252-a	absent	N	Y	N	{#apAramitA#}¦ f. {%keine Vollkommenheit%} VAJRACCH. 29,1.
apAramitA	11846	7-303-c	absent	N	Y	N	{{Lbody=11846}}
apArayant	3741	3-252-a	absent	N	Y	N	{#apArayant#}¦ Adj. auch {%nicht überwinden könnend%} MBH. 4,21,18. {%Jmd%} oder {%Etwas%} (Acc.) {%nicht zu widerstehen
apArayant	11847	7-303-c	absent	N	Y	N	{#apArayant#}¦ I. 3.
apAsa	962	1-291-b	absent	N	Y	N	{#apAsa#}¦ in {#durapAsa#}.
apAsa	11855	7-303-d	absent	N	Y	N	{#apAsa#} und {#apAsu#}¦ 1.
apAtrI	11827	7-303-c	absent	N	Y	N	{#apAtrI#}¦ Adv. mit {#BU#} {%für Etwas%} (Gen.) {%ungeeignet werden%} JĀTAKAM. 28.
apAvaraRa	5139	4-293-a	absent	N	Y	N	{#apAvaraRa#}¦ n. {%das Abbinden%} Comm. zu ĀPAST. ŚR. 10,9,10.
apAvaraRa	11853	7-303-d	absent	N	Y	N	{#apAvaraRa#}¦ 4.
apAwita	956	1-291-b	absent	N	Y	N	{#apAwita#}¦ Adj. {%nicht gespalten%} HEMĀDRI 2,a,75,19.
apAwita	11823	7-303-c	absent	N	Y	N	{#apAwita#}¦ 1.
apIqayant	2299	2-290-b	absent	N	Y	N	{#apIqayant#}¦ 3〉 {%nicht quälend, — peinigend%} MBH. 13,37,3.
apIqayant	11870	7-303-d	absent	N	Y	N	{#apIqayant#}¦ I. 2.
apOrRamAsa	981	1-291-c	absent	N	Y	N	{#apOrRamAsa#}¦ Adj. {%ohne Vollmondsfeier%} MUṆḌ. UP. 1,2,3.
apOrRamAsa	11909	7-304-a	absent	N	Y	N	{#apOrRamAsa#}¦ 1.
apOrava	5144	4-293-a	absent	N	Y	N	{#apOrava#}¦ Adj. (f. {#A#}) {%ohne%} Paurava HARIV. 11081.
apOrava	11907	7-304-a	absent	N	Y	N	{#apOrava#}¦ 4.
apSuzka	12085	7-305-a	absent	N	Y	N	{#apSuzka#}¦ Adj. R. ed. Bomb. 2,72,20 v. l. st. {#SuzkApa#}.
apUrvamaRi	2303	2-290-b	absent	N	Y	N	{#apUrvamaRi#}¦ m. Titel eines Werkes OPP. Cat. 1.
apUrvamaRi	11895	7-304-a	absent	N	Y	N	{#apUrvamaRi#}¦ 2.
apUrya	3756	3-252-b	absent	N	Y	N	{#apUrya#}¦ Adj. {%nicht zu erfüllen, — befriedigen%} MBH. 12,17,4.
apUrya	11893	7-304-a	absent	N	Y	N	{#apUrya#}¦ 3.
apUtaBft	975	1-291-c	absent	N	Y	N	{#a/pUtaBft#}¦ m. {%kein%} Pūtabhṛt MAITR. S. 2,11,5.
apUtaBft	11888	7-303-d	absent	N	Y	N	{#a/pUtaBft#}¦ 1.
apaBasman	8374	6-295-a	absent	N	Y	N	{#apaBasman#}¦ Adj. {%von der Asche befreit%} KĀTY. ŚR. Comm. 233,20. 21.
apaBasman	11668	7-302-c	absent	N	Y	N	{#apaBasman#}¦ 6.
apaSabdanirAkaraRa	947	1-291-b	absent	N	Y	N	{#apaSabdanirAkaraRa#}¦ n. Titel eines gramm. Werkes BÜHLER, Rep. No. 271.
apaSabdanirAkaraRa	11792	7-303-b	absent	N	Y	N	{#apaSabdanirAkaraRa#}¦ 1.
apaScAttApin	3728	3-251-c	absent	N	Y	N	{#apaScAttApin#}¦ Adj. {%keine Reue empfindend%}.
apaScAttApin	11796	7-303-b	absent	N	Y	N	{{Lbody=11796}}
apaSlIlAyita	22180	7-385-d	absent	N	Y	N	{#apaSlIlAyita#}¦ n. {%zierliches Ausdrücken%} ebend. 248.
apaSyant	3729	3-251-c	absent	N	Y	Y	{#apaSyant#}¦ {%nicht gewahr werdend%} 〔127,7〕 ({#apaSyantI#}). 〔81,29〕 ({#apaSyatI#}); {%nicht sehend%} in der Astrol. 
apaSyant	11797	7-303-b	absent	N	Y	Y	{#a/paSyant#}¦ I. 3.
apaTakalpanA	5115	4-292-c	absent	N	Y	N	{#*apaTakalpanA#}¦ bedeutet {%Neid, Missgunst%} nach GAL.
apaTakalpanA	11644	7-302-c	absent	N	Y	N	{#apaTakalpanA#}¦ I. 4.
apacAyitar	11625	7-302-b	absent	N	Y	N	{#apacAyitar#}¦ s. {#anapa˚#} oben.
apadozya	5117	4-292-c	absent	N	Y	N	{#apadozya#}¦ Adj. in {#anapadozya/#} (s. oben).
apadozya	11651	7-302-c	absent	N	Y	N	{#apadozya#}¦ 4.
apadyamAna	905	1-291-a	absent	N	Y	N	{#a/padyamAna#}¦ Adj. {%nicht fallend%} TS. 4,1,6,3.
apadyamAna	11652	7-302-c	absent	N	Y	N	{#a/padyamAna#}¦ 1.
apagUrti	11618	7-302-b	absent	N	Y	N	{#a/pagUrti#}¦ f. {%Herausforderung, Drohung%} MAITR. S. 4,6,8 (90,15).
apagataraSmivant	2261	2-290-a	absent	N	Y	N	{#apagataraSmivant#}¦ Adj. {%strahlenlos geworden%} Ind. St. 10,318 ({#ava˚#} fehlerhaft; vgl. Comm. zu SŪRYAS. 7,20. fg
apagataraSmivant	11617	7-302-b	absent	N	Y	N	{#apagataraSmivant#}¦ 2.
apagrahaRa	11620	7-302-b	absent	N	Y	N	{#apagrahaRa#}¦ in {#savyA/pagrahaRa#}.
apakarzaRIya	2258	2-290-a	absent	N	Y	N	{#apakarzaRIya#}¦ Adj. {%zu anticipiren%} NĪLAK. zu MBH. 3,170,21 ({#SarEH#} st. {#SarIrEH#} zu lesen).
apakarzaRIya	11600	7-302-a	absent	N	Y	N	{#apakarzaRIya#}¦ 2.
apakzARa	11613	7-302-b	absent	N	Y	N	{#apakzARa#}¦ n. {%das Abseitsbrennen (Weiterlaufen) des Feuers%} Comm. zu ĀPAST. ŚR. 9,1,17.
apakzigaRasaMGAta	2259	2-290-a	absent	N	Y	N	{#apakzigaRasaMGAta#}¦ Adj. {%wo keine Vögel zusammenkommen%} HARIV. 3,31,25.
apakzigaRasaMGAta	11614	7-302-b	absent	N	Y	N	{#apakzigaRasaMGAta#}¦ 2.
apakzigaRasaMpAta	2260	2-290-a	absent	N	Y	N	{#apakzigaRasaMpAta#}¦ Adj. {%wo sich keine Vögel zeigen%} HARIV. 12302.
apakzigaRasaMpAta	11615	7-302-b	absent	N	Y	N	{#apakzigaRasaMpAta#}¦ I. 2.
apalAyana	3724	3-251-c	absent	N	Y	N	{#apalAyana#}¦ n. {%das Nichtfliehen%}.
apalAyana	11782	7-303-b	absent	N	Y	N	{#apalAyana#}¦ 3.
apalAyin	944	1-291-b	absent	N	Y	N	{#apalAyin#}¦ Adj. {%nicht fliehend%}.
apalAyin	11783	7-303-b	absent	N	Y	N	{#apalAyin#}¦ 1.
apalakzaRa	11778	7-303-b	absent	N	Y	N	1. {#apalakzaRa#}¦ n. {%ein ungünstiges Zeichen%} JĀTAKAM. 13.
apalakzaRa	11779	7-303-b	absent	N	Y	N	2. {#apalakzaRa#}¦ Adj. {%ungünstige Zeichen an sich habend%} JĀTAKAM. 13.
apalapanIya	943	1-291-b	absent	N	Y	N	{#apalapanIya#}¦ Adj. {%zu läugnen, — verneinen%} KAP. 5,128.
apalapanIya	11781	7-303-b	absent	N	Y	N	{{Lbody=11781}}
apamAnaka	2269	2-290-a	absent	N	Y	N	{#˚apamAnaka#}¦ Adj. {%verachtend, geringschätzend%} Monatsb. d. B. A. 1880, S. 46, Z. 20.
apamAnaka	11672	7-302-c	absent	N	Y	N	{{Lbody=11672}}
apamArjanaka	911	1-291-a	absent	N	Y	N	{#apamArjanaka#}¦ Adj. = {#apamArjana#} 1〉 AGNI-P. 31,48.
apamArjanaka	11673	7-302-c	absent	N	Y	N	{#apamArjanaka#}¦ 1.
apamatsara	11671	7-302-c	absent	N	Y	N	{#apamatsara#}¦ Adj. {%unbeneidet%} JĀTAKAM. 22,5.
apanidrant	907	1-291-a	absent	N	Y	N	{#apanidrant#}¦ Adj. {%sich öffnend%} NAIṢ. 6,101.
apanidrant	11657	7-302-c	absent	N	Y	N	{#apanidrant#}¦ 1.
apanodin	11664	7-302-c	absent	N	Y	N	{#˚apanodin#}¦ Adj. {%verscheuchend, vertreibend%} JĀTAKAM. 26.
apanuti	3679	3-251-b	absent	N	Y	N	{#apanuti#}¦ f. MAHĀVĪRAC. 121,2 fehlerhaft für {#apanutti#}.
apanuti	11658	7-302-c	absent	N	Y	N	{#apanuti#}¦ 3.
apapivaMs	3682	3-251-b	absent	N	Y	N	{#a/papivaMs#}¦ (schwach {#a/papus#}) Adj. {%nicht getrunken habend%} AV. 6,139,4.
apapivaMs	11667	7-302-c	absent	N	Y	N	{#a/papivaMs#}¦ 3.
aparADInatA	11696	7-302-d	absent	N	Y	N	{{Lbody=11696}}
aparADavant	11695	7-302-d	absent	N	Y	N	{#aparADavant#}¦ Adj. {%das Ziel verfehlend%} CARAKA 58,14 ({#aparADavAnBavati#} zu lesen).
aparAbADa	919	1-291-a	absent	N	Y	N	{#aparAbADa#}¦ Adj. {%wobei einem Andern kein Leid geschieht%} HEMĀDRI 1,15,3.
aparAbADa	11698	7-302-d	absent	N	Y	N	{{Lbody=11698}}
aparAdDar	916	1-291-a	absent	N	Y	N	{#aparAdDar#}¦ Nom. ag. {%eines Vergehens schuldig%} ŚIŚ. 10,14.
aparAdDar	11693	7-302-d	absent	N	Y	N	{{Lbody=11693}}
aparAditya	915	1-291-a	absent	N	Y	N	{#aparAditya#}¦ m. N. pr. eines Fürsten Ind. St. 15,192.
aparAditya	11693	7-302-d	absent	N	Y	N	{#aparAditya#} und {#aparAdDar#}¦ 1.
aparAgata	913	1-291-a	absent	N	Y	N	{#aparAgata#}¦ Adj. {%nicht weggegangen%} TĀṆḌYA-BR. 1,5,17.
aparAgata	2273	2-290-a	absent	N	Y	N	{#a/parAgata#}¦ TS. 6,6,7,2.
aparAgata	11687	7-302-d	absent	N	Y	N	{#a/parAgata#}¦ 1. 2.
aparAjaya	11689	7-302-d	absent	N	Y	N	{#aparAjaya#}¦ m. {%das Nichtunterliegen%}. {#manasaH#} so v. a. {%das nicht den Muth Sinkenlassen%} R. ed. Bomb. 4,49,6
aparAtaMsa	3687	3-251-b	absent	N	Y	N	{#aparAtaMsa#}¦ m. {%das Nichtbeiseitegestossenwerden%} KĀṬH. 24,3.
aparAtaMsa	11692	7-302-d	absent	N	Y	N	{#aparAtaMsa#}¦ 3.
aparAvantya	5120	4-292-c	absent	N	Y	N	{#aparAvantya#}¦ m. Pl. N. pr. eines Volkes SUŚR. 1,172,9.
aparAvantya	11703	7-302-d	absent	N	Y	N	{#aparAvantya#}¦ 4.
aparAvartin	3691	3-251-b	absent	N	Y	N	{#aparAvartin#}¦ Adj. {%sich nicht umwendend, nicht fliehend%} (im Kampfe).
aparAvartin	11704	7-302-d	absent	N	Y	N	{{Lbody=11704}}
aparacAnarAwa	2271	2-290-a	absent	N	Y	N	{#*aparacAnarAwa#}¦ n. N. pr. einer Oertlichkeit KĀŚ. zu P. 6,2,103.
aparacAnarAwa	11682	7-302-d	absent	N	Y	N	{{Lbody=11682}}
aparakArya	3683	3-251-b	absent	N	Y	N	{#aparakArya#}¦, besser Adj. {%später zu vollbringen%}.
aparakArya	11681	7-302-d	absent	N	Y	N	{#aparakArya#}¦ I. 3.
aparakarman	2270	2-290-a	absent	N	Y	N	{#aparakarman#} n. und {#aparakriyA#} f.¦ Titel zweier Werke OPP. Cat. 1.
aparakarman	11679	7-302-c	absent	N	Y	N	{#aparakarman#}¦ 2.
aparakriyA	2270	2-290-a	absent	N	Y	N	{{Lbody=2270}}
aparakriyA	11682	7-302-d	absent	N	Y	N	{#aparakriyA#} und {#aparacAnarAwa#}¦ 2.
aparasUtra	2272	2-290-a	absent	N	Y	N	{{Lbody=2272}}
aparasUtra	11685	7-302-d	absent	N	Y	N	{{Lbody=11685}}
aparasa	22173	7-385-d	absent	N	Y	N	{#aparasa#}¦ Adj. {%lustlos%} DAMAYANTĪK. 262.
aparaviDi	2272	2-290-a	absent	N	Y	N	{#aparaviDi#} m. und {#aparasUtra#} n.¦ Titel zweier Werke OPP. Cat. 1.
aparaviDi	11685	7-302-d	absent	N	Y	N	{#aparaviDi#} und {#aparasUtra#}¦ 2.
aparezukAmaSamI	11763	7-303-a	absent	N	Y	N	{#aparezukAmaSamI#}¦ (so zu lesen) 1.
aparezukAzaSamI	937	1-291-b	absent	N	Y	N	{#*aparezukAzaSamI#}¦ f. N. pr. KĀŚ. zu P. 2,1,50.
apariBAzaRa	3709	3-251-c	absent	N	Y	N	{#apariBAzaRa#}¦ Adj. {%nicht viel redend%} Spr. 4278, v. l.
apariBAzaRa	11734	7-303-a	absent	N	Y	N	{{Lbody=11734}}
apariBAzya	3710	3-251-c	absent	N	Y	N	{#apariBAzya#}¦ Adj. {%nicht zu lehren, nicht ausdrücklich zu sagen%}.
apariBAzya	11736	7-303-a	absent	N	Y	N	{#apariBAzya#}¦ 3.
apariBUtAjYa	928	1-291-a	absent	N	Y	N	{#apariBUtAjYa#}¦ Adj. {%dessen Befehle beachtet werden%} MUDRĀR. 67,11 (110,5).
apariBUtAjYa	11738	7-303-a	absent	N	Y	N	{#apariBUtAjYa#}¦ 1.
apariBakzita	5123	4-292-c	absent	N	Y	N	{#apariBakzita#}¦ Adj. {%dessen Genuss Jmd nicht entzogen worden ist%} ŚĀṄKH. BR. 12,5.
apariBakzita	11733	7-303-a	absent	N	Y	N	{#apariBakzita#}¦ 4.
apariBavanIya	3708	3-251-c	absent	N	Y	N	{#apariBavanIya#}¦ Adj. {%der nicht beleidigt, gekränkt, gedemüthigt werden kann von%} (Gen.).
apariBavanIya	11734	7-303-a	absent	N	Y	N	{#apariBavanIya#} und {#apariBAzaRa#}¦ 3.
apariBukta	5125	4-292-c	absent	N	Y	N	{#apariBukta#}¦ Adj. {%ungenossen%} SADDH. P. 4,10,b.
apariBukta	11737	7-303-a	absent	N	Y	N	{#apariBukta#}¦ 4.
apariRAyaka	3700	3-251-c	absent	N	Y	N	{#apariRAyaka#}¦ Adj. {%keinen Führer habend%} R. 2,64,4.
apariRAyaka	11722	7-303-a	absent	N	Y	N	{#apariRAyaka#}¦ 3.
apariSrAnta	930	1-291-a	absent	N	Y	N	{#apariSrAnta#}¦ Adj. {%unermüdet, unermüdlich%}.
apariSrAnta	11750	7-303-a	absent	N	Y	N	{#apariSrAnta#} und {#apariSrita#}¦ 1.
apariSrama	3716	3-251-c	absent	N	Y	N	{#apariSrama#}¦ Adj. {%nicht müde werdend%} R. 2,64,5.
apariSrama	11749	7-303-a	absent	N	Y	N	{#apariSrama#}¦ 3.
aparicCedakartar	3696	3-251-b	absent	N	Y	N	{#aparicCedakartar#}¦ Nom. ag. {%nicht richtig urtheilend%} Spr. 3959.
aparicCedakartar	11715	7-302-d	absent	N	Y	N	{#aparicCedakartar#}¦ 3.
aparicCedya	924	1-291-a	absent	N	Y	N	{#aparicCedya#}¦ Adj. {%nicht genauer zu bestimmen%}.
aparicCedya	11716	7-302-d	absent	N	Y	N	{#aparicCedya#}¦ 1.
aparicyuta	2276	2-290-a	absent	N	Y	N	{#˚aparicyuta#}¦ Adj. {%nicht abgefallen von, — untreu geworden%} KATHĀS. 56,169.
aparicyuta	11717	7-302-d	absent	N	Y	N	{#aparicyuta#}¦ 2.
aparigamya	5122	4-292-c	absent	N	Y	N	{#aparigamya#}¦ Adj. {%nicht zu umschreiten%} Comm. zu KĀTY. ŚR. 17,4,5.
aparigamya	11710	7-302-d	absent	N	Y	N	{#aparigamya#}¦ 4.
aparigfhIta	922	1-291-a	absent	N	Y	N	{#aparigfhIta#}¦ Adj. 1〉 {%nicht eingepfercht%} TĀṆḌYA-BR. 6,8,10. — 2〉 {%von Niemand in Besitz genommen, N. gehörend%} 
aparigfhIta	11711	7-302-d	absent	N	Y	N	{#aparigfhIta#}¦ 1.
aparihAravant	3718	3-251-c	absent	N	Y	N	{#aparihAravant#}¦ Adj. {%nicht zu vermeiden%}.
aparihAravant	11754	7-303-a	absent	N	Y	N	{{Lbody=11754}}
aparihInakAlam	8380	6-295-a	absent	N	Y	N	{#aparihInakAlam#}¦ Adv. {%ungesäumt, sogleich%} BĀLAR. 257,11.
aparijYAna	3697	3-251-b	absent	N	Y	N	{#aparijYAna#}¦ n. {%Unkenntniss%}.
aparijYAna	11719	7-302-d	absent	N	Y	N	{#aparijYAna#} und {#aparijYeya#}¦ 3.
aparijYeya	3698	3-251-b	absent	N	Y	N	{#aparijYeya#}¦ Adj. {%unbegreiflich%}.
aparijYeya	11719	7-302-d	absent	N	Y	N	{{Lbody=11719}}
aparikarmitamati	3693	3-251-b	absent	N	Y	N	{#aparikarmitamati#}¦ Adj. {%ungeläuterten Sinnes%} ŚĪLĀṄKA 1,330.
aparikarmitamati	11707	7-302-d	absent	N	Y	N	{{Lbody=11707}}
aparikzIRa	11708	7-302-d	absent	N	Y	N	{#aparikzIRa#}¦ Adj. {%nicht erschöpft, — verbraucht%} JĀTAKAM. 8.
aparikzIRaSakti	921	1-291-a	absent	N	Y	N	{#aparikzIRaSakti#}¦ Adj. {%von ungeschwächter Kraft%}. Nom. abstr. {#˚tva#} n. DAŚAK. 44,5.
aparikzIRaSakti	11709	7-302-d	absent	N	Y	N	{#aparikzIRaSakti#}¦ 1.
aparimitadakziRa	5127	4-292-c	absent	N	Y	N	{#aparimitadakziRa#}¦ Adj. {%wobei Unzählige als Lohn gegeben werden%} ĀPAST. ŚR. 10,26,4.
aparimitadakziRa	11742	7-303-a	absent	N	Y	N	{#aparimitadakziRa#} und {#a/parimoza#}¦ 4.
aparinirmita	926	1-291-a	absent	N	Y	N	{#aparinirmita#}¦ Adj. {%nicht geschaffen%}. Viṣṇu VIṢṆUS. 98,50.
aparinirmita	11730	7-303-a	absent	N	Y	N	{#aparinirmita#} und {#aparinirvARa#}¦ 1.
aparinirvARa	927	1-291-a	absent	N	Y	N	{#aparinirvARa#}¦ Adj. {%nicht ganz zu Ende gegangen%} (Tag).
aparinirvARa	11730	7-303-a	absent	N	Y	N	{{Lbody=11730}}
aparinizWita	8378	6-295-a	absent	N	Y	N	{#aparinizWita#}¦ Adj. {%unerfahren in%} (Loc.) HARIV. 5672. SUŚR. 1,12,10. Fehlerhaft für {#aparivezwita#} HARIV. 5262.
aparinizWita	11731	7-303-a	absent	N	Y	N	{#aparinizWita#}¦ 6.
aparinizpatti	3707	3-251-c	absent	N	Y	N	{#aparinizpatti#}¦ f. {%keine Vollkommenheit%} VAJRACCH. 40,11.
aparinizpatti	11732	7-303-a	absent	N	Y	N	{#aparinizpatti#}¦ 3.
aparirakzaRa	3712	3-251-c	absent	N	Y	N	{#aparirakzaRa#}¦ n. {%das Nichtgeheimhalten, Verrathen%}.
aparirakzaRa	11743	7-303-a	absent	N	Y	N	{#aparirakzaRa#}, {#aparirakzant#}¦ (auch R. ed. Bomb. 4,25,10) und {#aparilupta#} 3.
aparirakzant	3713	3-251-c	absent	N	Y	N	{#aparirakzant#}¦ Adj. {%nicht schonend, daran setzend%} MBH. 5,146,15.
aparirakzant	11743	7-303-a	absent	N	Y	N	{{Lbody=11743}}
aparisaMsTita	11753	7-303-a	absent	N	Y	N	{#aparisaMsTita#}¦ Adj. {%nirgends stehen bleibend%} R. ed. Bomb. 3,60,37.
aparitApa	3701	3-251-c	absent	N	Y	N	{#aparitApa#}¦ Adj. {%keinen Seelenschmerz empfindend%} R. 2,22,26.
aparitApa	11724	7-303-a	absent	N	Y	N	{#aparitApa#}¦ 3.
aparitarkita	2278	2-290-a	absent	N	Y	N	{#aparitarkita#}¦ Adj. 1〉 {%unerwartet%}. — 2〉 {%nicht gerichtlich verhört, — vernommen%}.
aparitarkita	11723	7-303-a	absent	N	Y	N	{#aparitarkita#}¦ 2.
aparituzwa	2279	2-290-b	absent	N	Y	N	{#aparituzwa#}¦ Adj. {%nicht erfreut%} YĀJÑ. 3,53.
aparituzwa	11725	7-303-a	absent	N	Y	N	{#aparituzwa#}¦ 2.
aparituzyant	3702	3-251-c	absent	N	Y	N	{#aparituzyant#}¦ Adj. {%sich nicht befriedigt fühlend%} SARVAD. 90,10.
aparituzyant	11726	7-303-a	absent	N	Y	N	{#aparituzyant#}¦ 3.
aparityAgin	3705	3-251-c	absent	N	Y	N	{#aparityAgin#}¦ Adj. {%Jmd nicht verlassend%}.
aparityAgin	11728	7-303-a	absent	N	Y	N	{{Lbody=11728}}
aparityAjya	3706	3-251-c	absent	N	Y	N	{#aparityAjya#}¦ Adj. auch {%nicht im Stich zu lassen, — zu verstossen; — zu überlassen Jmd%} ({#prati#}).
aparityAjya	11729	7-303-a	absent	N	Y	N	{#aparityAjya#}¦ I. 3.
aparityakta	3704	3-251-c	absent	N	Y	N	{#aparityakta#}¦ Adj. {%nicht beraubt, non carens;%} mit Instr. VARĀH. BṚH. S. 5,1.
aparityakta	11728	7-303-a	absent	N	Y	N	{#aparityakta#} und {#aparityAgin#}¦ 3.
aparivezwita	8379	6-295-a	absent	N	Y	N	{#aparivezwita#}¦ Adj. {%nicht umgeben —, nicht umringt von%} (Instr.) HARIV. 2,38,57.
aparivezwita	11746	7-303-a	absent	N	Y	N	{#aparivezwita#}¦ 6.
aparivraQiman	6294	5-243-c	absent	N	Y	N	{#aparivraQiman#}¦ m. {%Unvermögen zu%} (Infin.) ŚIŚ. 5,41.
aparivraQiman	11748	7-303-a	absent	N	Y	N	{#aparivraQiman#}¦ 5.
aparivyakta	3715	3-251-c	absent	N	Y	N	{#aparivyakta#}¦ Adj. {%nicht ganz deutlich zu sehen%} HARIV. 961.
aparivyakta	11747	7-303-a	absent	N	Y	N	{#aparivyakta#}¦ 3.
apariziYcant	2281	2-290-b	absent	N	Y	N	{#apariziYcant#}¦ Adj. {%nicht besprengend%} ĀPAST. ŚR. 15,14,4.
apariziYcant	11751	7-303-a	absent	N	Y	N	{#apariziYcant#}¦ 2.
aparizvakta	6295	5-243-c	absent	N	Y	N	{#aparizvakta#}¦ Adj. {%nicht umschlungen —, nicht begleitet von%} (Instr.) ŚAṂK. zu BĀDAR. 3,1,1.
aparizvakta	11752	7-303-a	absent	N	Y	N	{#aparizvakta#}¦ 5.
aparokzAnuBUti	2282	2-290-b	absent	N	Y	N	{#aparokzAnuBUti#} f. und {#aparokzAnuSruti#} f.¦ Titel zweier Werke OPP. Cat. 1.
aparokzAnuBUti	11764	7-303-a	absent	N	Y	N	{#aparokzAnuBUti#} u. {#aparokzAnuSruti#}¦ 2.
aparokzAnuSruti	2282	2-290-b	absent	N	Y	N	{{Lbody=2282}}
aparokzAnuSruti	11764	7-303-a	absent	N	Y	N	{{Lbody=11764}}
aparopatApin	939	1-291-b	absent	N	Y	N	{#aparopatApin#}¦ Adj. {%Andern keinen Schmerz bereitend%}. Nom. abstr. {#˚pitA#} f. HEMĀDRI 2,a,18,1.
aparopatApin	11767	7-303-a	absent	N	Y	N	{#aparopatApin#}¦ 1.
aparus	22175	7-385-d	absent	N	Y	N	{#aparu/s#}¦ n. {%eine andere Stelle als das Gelenk%} ebend. 3,9,2 (114,16).
aparyApti	22176	7-385-d	absent	N	Y	N	{#aparyApti#}¦ f. {%Unzulänglichkeit%} MĀLATĪM. (ed. Bomb.) 59,2.
aparyudasta	11771	7-303-b	absent	N	Y	N	{#aparyudasta#}¦ Adj. {%nicht ausgeschlossen%} MAHĀDEVA zu SĀṂKHYAS. 5,124.
apasadas	11799	7-303-b	absent	N	Y	N	{#apasadas#}¦ n. findet MAHĀDEVA in SĀṂKHYAS. 6,34. Er erklärt: {#kutarkayuktamapasado duzwA saBA . tatrAtmajYAnaM na yu
apaskanda	950	1-291-b	absent	N	Y	N	{#apaskanda#}¦ Adj. {%wegschnellend%} AV. PAIPP. 2,5,4.
apaskanda	11803	7-303-b	absent	N	Y	N	{#apaskanda#}¦ 1.
apasubrahmaRya	6301	5-244-a	absent	N	Y	N	{#apasubrahmaRya#}¦ Adj. {%ohne den%} Subrahmaṇya Comm. zu ĀPAST. ŚR. 12,23,13.
apasubrahmaRya	11802	7-303-b	absent	N	Y	N	{#apasubrahmaRya#}¦ 5.
apatandram	11636	7-302-b	absent	N	Y	N	{#apatandram#}¦ Adv. {%unermüdet%} PĀDĀRAVINDAŚAT. 5.
apattana	11639	7-302-b	absent	N	Y	N	{#apattana#}¦ n. etwa so v. a. {%so zu sagen keine Stadt%} DIVYĀDAD. 276,14. 16. 277,13. fgg.
apatyaduHKEkamaya	2265	2-290-a	absent	N	Y	N	{#apatyaduHKEkamaya#}¦ Adj. {%einzig und allein im Schmerz über die Kinder bestehend%} KATHĀS. 78,79.
apatyaduHKEkamaya	11641	7-302-c	absent	N	Y	N	{#apatyaduHKEkamaya#} und {#apatyasnehakfpAmaya#}¦ 2.
apatyasnehakfpAmaya	2266	2-290-a	absent	N	Y	N	{#apatyasnehakfpAmaya#}¦ Adj. {%erfüllt von Liebe und Mitleid zu den Kindern%} KATHĀS. 67,84.
apatyasnehakfpAmaya	11641	7-302-c	absent	N	Y	N	{{Lbody=11641}}
apavidDaka	3726	3-251-c	absent	N	Y	N	{#apavidDaka#}¦ m. {%ein verstossener Sohn%} DEVALA.
apavidDaka	11786	7-303-b	absent	N	Y	N	{{Lbody=11786}}
apavidDi	945	1-291-b	absent	N	Y	N	{#apavidDi#}¦ f. {%Verwerfung%} CARAKA 1,26.
apavidDi	11787	7-303-b	absent	N	Y	N	{#apavidDi#}¦ 1.
apayAtaM	5194	4-293-c	absent	N	Y	N	{#apayAtaM#}¦ st. {#aprayAntaM#} ed. Bomb. 5,180,16.
apayoDaravAraRa	6289	5-243-c	absent	N	Y	N	{#apayoDaravAraRa#}¦ Adj. {%durch keine Wolken aufgehalten%} ŚIŚ. 19,21.
apayoDaravAraRa	11678	7-302-c	absent	N	Y	N	{{Lbody=11678}}
apayoDarava	6288	5-243-c	absent	N	Y	N	{#apayoDarava#}¦ Adj. {%kein Kampfgeschrei mehr erhebend%} ŚIŚ. 19,21.
apayoDarava	11678	7-302-c	absent	N	Y	N	{#apayoDarava#} und {#apayoDaravAraRa#}¦ 5.
apelava	3757	3-252-b	absent	N	Y	N	{#apelava#}¦ Adj. {%nicht zart, grob%} KATHĀS. 101,156.
apelava	11903	7-304-a	absent	N	Y	N	{#apelava#}¦ 3.
apfTAtmaja	5141	4-293-a	absent	N	Y	N	{#apfTAtmaja#}¦ Adj. {%ohne%} Yudhiṣṭhira, {%von%} Y. {%erlöst%} VEṆĪS. 97.
apfTAtmaja	11899	7-304-a	absent	N	Y	N	{#apfTAtmaja#}¦ I. 4.
apfTagBUta	2304	2-290-b	absent	N	Y	N	{#apfTagBUta#}¦ Adj. {%nicht verschieden, identisch%} DAŚAK. (1925) 2,74,10.
apfTagBUta	11898	7-304-a	absent	N	Y	N	{#apfTagBUta#}¦ 2.
apfTagDarmacaraRa	977	1-291-c	absent	N	Y	N	{#apfTagDarmacaraRa#}¦ Adj. {%in Bezug auf Pflicht und Lebenswandel nicht seinen eigenen Weg gehend%} AGNI-P. 18,23.
apfTagDarmacaraRa	11897	7-304-a	absent	N	Y	N	{#apfTagDarmacaraRa#}¦ 1.
apfzWa	978	1-291-c	absent	N	Y	N	{#apfzWa#}¦ n. {%kein richtiges%} Pṛṣṭha TĀṆḌYA-BR. 5,2,4.
apfzWa	11900	7-304-a	absent	N	Y	N	{#apfzWa#}¦ 1.
apiNgAkza	964	1-291-b	absent	N	Y	N	{#apiNgAkza#}¦ Adj. (f. {#I#}) {%nicht gelbäugig%} HEMĀDRI 1,681,17.
apiNgAkza	11857	7-303-d	absent	N	Y	N	{#apiNgAkza#}¦ 1.
apiSAca	11864	7-303-d	absent	N	Y	N	{#apiSAca#}¦ Adj. {%von%} Piśāca {%befreit%} R. ed. Bomb. 3,64,65.
apiSasas	967	1-291-c	absent	N	Y	N	{#apiSa/sas#}¦ MAITR. S. 4,13,4.
apiSasas	11863	7-303-d	absent	N	Y	N	{#apiSa/sas#}¦ I. 1.
apinvamAna	965	1-291-b	absent	N	Y	N	{#apinvamAna#}¦ Adj. {%nicht mehr tropfend%} ŚĀṄKH. GṚHY. 6,3.
apinvamAna	11861	7-303-d	absent	N	Y	N	{#apinvamAna#} und {#apipAsita#}¦ 1.
apipAsita	966	1-291-c	absent	N	Y	N	{#apipAsita#}¦ Adj. {%keinen Durst empfindend%} SAṂHITOPAN. 42,6.
apipAsita	11861	7-303-d	absent	N	Y	N	{{Lbody=11861}}
apippalAda	3746	3-252-a	absent	N	Y	N	{#apippalAda#}¦ Adj. {%keine Früchte der Ficus religiosa essend%} und {%nicht den Sinnenfreuden ergeben%} BHĀG. P. 11,11
apippalAda	11862	7-303-d	absent	N	Y	N	{#apippalAda#}¦ 3.
apisoma	8384	6-295-a	absent	N	Y	N	{#apisoma#}¦ Adj. {%Antheil am%} Soma {%habend%} J. A. O. S. 11, CXLVI.
apisoma	11866	7-303-d	absent	N	Y	N	{#apisoma#}¦ 6.
aplavaga	12082	7-305-a	absent	N	Y	N	{#aplavaga#}¦ Adj. (f. {#A#}) {%nicht in Sprüngen sich fortbewegend%} R. ed. Bomb. 4,25,44.
aploza	1028	1-292-a	absent	N	Y	N	{#aploza#}¦ m. {%Nichtverbrennung%} NAIṢ. 7,25.
aploza	12083	7-305-a	absent	N	Y	N	{#aploza#}¦ 1.
appakavi	2305	2-290-b	absent	N	Y	N	{#appakavi#}¦ m. N. pr. eines {%Dichters%} und {#˚kavIya#} n. Titel seines Werkes OPP. Cat. 1.
appakavi	11913	7-304-a	absent	N	Y	N	{#appakavi#}¦ 2.
aprAptakAya	12063	7-305-a	absent	N	Y	N	{#aprAptakAya#}¦ Adj. etwa {%schmächtig, schwächlich geblieben%} DIVYĀVAD. 334,2. 571,11.
aprAptaprakASakatva	12064	7-305-a	absent	N	Y	N	{#aprAptaprakASakatva#}¦ n. {%das Offenbarmachen dessen, was nicht erreicht worden ist,%} SĀṂKHYAS. 5,104.
aprAptarajasI	6320	5-244-a	absent	N	Y	N	{#aprAptarajasI#}¦ Adj. f. {%noch nicht die Menses habend%} GṚHYĀS. 2,18 in Z. d. d. m. G. 35,544.
aprAptarajasI	12065	7-305-a	absent	N	Y	N	{#aprAptarajasI#}¦ 5.
aprAptavant	1022	1-292-a	absent	N	Y	N	{#aprAptavant#}¦ Adj. {%nicht erlangt habend%} MBH. 14,90,31.
aprAptavant	12066	7-305-a	absent	N	Y	N	{#aprAptavant#}¦ 1.
aprAptazoqaSa	8394	6-295-b	absent	N	Y	N	{#aprAptazoqaSa#}¦ Adj. (f. {#A#}) {%das 16te Jahr noch nicht erreicht habend%} Cit. aus einem Glossar im Comm. zu ĀPAST
aprAptazoqaSa	12069	7-305-a	absent	N	Y	N	{#aprAptazoqaSa#}¦ 6.
aprArTanIyA	2323	2-290-c	absent	N	Y	N	{#aprArTanIyA#}¦ Adj. f. {%um die man sich nicht bewerben darf%} MBH. 4,14,36.
aprArTanIyA	12072	7-305-a	absent	N	Y	N	{#aprArTanIyA#}¦ 2.
aprAsuka	2324	2-290-c	absent	N	Y	N	{#aprAsuka#}¦ Adj. = {#sacitta#} ŚĪLĀṄKA 2,4.
aprAsuka	12074	7-305-a	absent	N	Y	N	{#aprAsuka#}¦ 2.
aprAveSya	6324	5-244-a	absent	N	Y	N	{#aprAveSya#}¦ n. {%das Vorrecht der Unbetretbarkeit für%} (Gen.) Ind. Antiq. 9,175.
aprAveSya	12073	7-305-a	absent	N	Y	N	{#aprAveSya#}¦ 5.
aprAyaScitta	1024	1-292-a	absent	N	Y	N	{#aprAyaScitta#}¦ Adj. {%ohne Sühne%} ĀPAST.
aprAyaScitta	12070	7-305-a	absent	N	Y	N	{{Lbody=12070}}
aprIta	2325	2-290-c	absent	N	Y	N	{#aprIta#}¦ Adj. {%unbefriedigt, unzufrieden%}.
aprIta	12078	7-305-a	absent	N	Y	N	{#aprIta#}¦ 2.
aprItamanas	12080	7-305-a	absent	N	Y	N	{#aprItamanas#}¦ Adj. {%missvergnügt%} JĀTAKAM. 9,15.
aprItikft	1027	1-292-a	absent	N	Y	N	{#aprItikft#}¦ Adj. = {#apriyakara#} HEMĀDRI 1,552,21.
aprItikft	12079	7-305-a	absent	N	Y	N	{#aprItikft#}¦ 1.
apraBinna	3782	3-252-b	absent	N	Y	N	{#apraBinna#}¦ Adj. {%nicht brünstig%} (Elephant) MBH. 6,46,9.
apraBinna	12030	7-304-d	absent	N	Y	N	{#apraBinna#}¦ 3.
apraKyAla	5152	4-293-a	absent	N	Y	N	{#apraKyAla#}¦ Adj. MBH. 14,2852. v. l. {#aprakzAla#} und {#prasaMKyAna#}.
apraKyAla	11920	7-304-a	absent	N	Y	N	{{Lbody=11920}}
apraKyAti	5151	4-293-a	absent	N	Y	N	{#apraKyAti#}¦ f. {%Nichtwahrnehmbarkeit, Unsichtbarkeit%} MBH. 3,22,12. 9,4,2.
apraKyAti	11920	7-304-a	absent	N	Y	N	{{Lbody=11920}}
apraRAmita	989	1-291-c	absent	N	Y	N	{#apraRAmita#}¦ Adj. {%nicht mit dem zweiten%} Svara {%beginnend und dem dritten endend%} SAṂHITOPAN. 17,3.
apraRAmita	11942	7-304-b	absent	N	Y	N	{#apraRAmita#}¦ 1.
apraRata	6312	5-244-a	absent	N	Y	N	{#apraRata#}¦ Adj. {%nicht vorgebeugt%} GOBH. 1,2,15.
apraRata	11939	7-304-b	absent	N	Y	N	{#apraRata#}¦ 5.
apraRaya	5156	4-293-a	absent	N	Y	N	{#apraRaya#}¦ m. {%Nichtzuneigung, Kälte%} (des Herzens) Spr. 2991.
apraRaya	11940	7-304-b	absent	N	Y	N	{#apraRaya#}¦ 4.
apraRayin	3762	3-252-b	absent	N	Y	N	{#apraRayin#}¦ Adj. {%zu dem man sich nicht hingezogen fühlt, den man nicht mag%} Spr. 941.
apraRayin	11941	7-304-b	absent	N	Y	N	{#apraRayin#}¦ 3.
apraSaMsya	5203	4-293-c	absent	N	Y	N	{#apraSaMsya#}¦ Adj. {%nicht rühmenswerth%} MBH. 3,253,22. R. 3,35,19.
apraSaMsya	12052	7-304-d	absent	N	Y	N	{{Lbody=12052}}
apraTamayajYa	1009	1-292-a	absent	N	Y	N	{#apraTamayajYa#}¦ m. {%nicht das erste Opfer%} VAITĀN.
apraTamayajYa	12021	7-304-d	absent	N	Y	N	{{Lbody=12021}}
aprabudDa	5188	4-293-c	absent	N	Y	N	{#aprabudDa#}¦ Adj. {%unentfaltet, unentwickelt%} TEJOB. UP. 11. Verz. d. Oxf. H. 91,b,21.
aprabudDa	12029	7-304-d	absent	N	Y	N	{#aprabudDa#}¦ 4.
apracAra	5155	4-293-a	absent	N	Y	N	{#apracAra#}¦ m. {%das nicht zum Vorschein Kommen%} BHĀM. V. 2,120.
apracAra	11928	7-304-a	absent	N	Y	N	{#apracAra#}¦ 4.
apracCAdayant	2309	2-290-b	absent	N	Y	N	{#apracCAdayant#}¦ Adj. {%nicht verbergend%} SARVAD. 118,22.
apracCAdayant	11931	7-304-a	absent	N	Y	N	{#apracCAdayant#}¦ 2.
apracCAdita	3760	3-252-b	absent	N	Y	N	{#apracCAdita#}¦ Adj. {%unbedeckt, unbelegt%} (Erdboden) VIṢṆUS. 60,3.
apracCAdita	11932	7-304-b	absent	N	Y	N	{#apracCAdita#}¦ 3.
apracaraRIya	2307	2-290-b	absent	N	Y	N	{#apracaraRIya#}¦ Adj. {%nicht im Gebrauch befindlich, zur Reserve bestimmt%} ĀPAST. ŚR. 15,6,11.
apracaraRIya	11927	7-304-a	absent	N	Y	N	{#apracaraRIya#}¦ 2.
apradAyin	3779	3-252-b	absent	N	Y	N	{#apradAyin#}¦ Adj. {%nicht gebend%} VIṢṆUS. 5,178.
apradAyin	12022	7-304-d	absent	N	Y	N	{{Lbody=12022}}
apraduzwa	1010	1-292-a	absent	N	Y	N	{#apraduzwa#}¦ Adj. {%nicht verdorben%} (moralisch) YĀJÑ. 3,269.
apraduzwa	12023	7-304-d	absent	N	Y	N	{#apraduzwa#}¦ 1.
apragIta	2306	2-290-b	absent	N	Y	N	{#apragIta#}¦ Adj. {%nicht singend hergesagt%} SARVAD. 169,17.
apragIta	11923	7-304-a	absent	N	Y	N	{#apragIta#}¦ 2.
apragalBatA	3759	3-252-b	absent	N	Y	N	{#apragalBatA#}¦ f. {%Aengstlichkeit%} APARĀRKA.
apragalBatA	11921	7-304-a	absent	N	Y	N	{#apragalBatA#}¦ 3.
aprahAvarI	1019	1-292-a	absent	N	Y	N	{#a/prahAvarI#}¦.
aprahAvarI	12059	7-305-a	absent	N	Y	N	{#a/prahAvarI#}¦ I. 1.
aprajAyant	3761	3-252-b	absent	N	Y	N	{#aprajAyant#}¦ Adj. {%nicht zeugend%} MBH. 12,34,14.
aprajAyant	11935	7-304-b	absent	N	Y	N	{#aprajAyant#}¦ 3.
aprajYAna	988	1-291-c	absent	N	Y	N	{#aprajYAna#}¦ n. {%Unkenntniss%} VAITĀN.
aprajYAna	11937	7-304-b	absent	N	Y	N	{#aprajYAna#}¦ 1.
aprajYAyamAna	8387	6-295-a	absent	N	Y	N	{#aprajYAyamAna#}¦ Adj. {%nicht bekannt%} VASIṢṬHA 3,13.
aprajYAyamAna	11938	7-304-b	absent	N	Y	N	{#aprajYAyamAna#}¦ 6.
aprakampya	5147	4-293-a	absent	N	Y	N	{#aprakampya#}¦ Adj. {%nicht zum Zittern zu bringen%} R. 6,36,95.
aprakampya	11914	7-304-a	absent	N	Y	N	{#aprakampya#}¦ 4.
aprakarza	3758	3-252-b	absent	N	Y	N	{#aprakarza˚#}¦ {%nicht in hohem Grade, nicht ganz und gar%}.
aprakarza	11915	7-304-a	absent	N	Y	N	{#aprakarza#}¦ 3.
aprakftisTa	984	1-291-c	absent	N	Y	N	{#aprakftisTa#}¦ Adj. (f. {#A#}) = {#aprakfti#} HEMĀDRI 1,680,1.
aprakftisTa	11919	7-304-a	absent	N	Y	N	{#aprakftisTa#}¦ 1.
aprakzAla	5150	4-293-a	absent	N	Y	N	{#aprakzAla#}¦ Adj. {%sich nicht waschend%} MBH. 14,92,7, v. l. Nach NĪLAK. = {#SezahIna#}.
aprakzAla	11920	7-304-a	absent	N	Y	N	{#aprakzAla#}, {#apraKyAti#} und {#apraKyAla#}¦ 4.
apralaya	1015	1-292-a	absent	N	Y	N	{#apralaya˚#}¦ {%ohne dass die Welt zu Grunde ginge%} RAGH. 10,35.
apralaya	12044	7-304-d	absent	N	Y	N	{#apralaya˚#}¦ 1.
apramattavant	5190	4-293-c	absent	N	Y	N	{#apramattavant#}¦ Adj. {%nicht fahrlässig%} MBH. 12,245,6.
apramattavant	12033	7-304-d	absent	N	Y	N	{#apramattavant#} und {#apramada#}¦ 4.
apramoza	12036	7-304-d	absent	N	Y	N	{#apramoza#}¦ m. {%Nichtentziehung, das Nichtverlustiggehen%} JĀTAKAM. 1,12.
aprapIqana	8392	6-295-b	absent	N	Y	N	{#aprapIqana#}¦ n. {%kein Druck, kein Gefühl des Druckes%} ({#kukzerAhAreRa#}) CARAKA 3,2.
aprapIqana	12027	7-304-d	absent	N	Y	N	{#aprapIqana#}¦ 6.
aprapUjita	1012	1-292-a	absent	N	Y	N	{#aprapUjita#}¦ Adj. {%nicht hoch geehrt%} HEMĀDRI 1,689,2.
aprapUjita	12028	7-304-d	absent	N	Y	N	{#aprapUjita#}¦ 1.
aprapaYca	12025	7-304-d	absent	Y	Y	N	{#*aprapaYca#}¦ Adj. wohl {%unerklärlich, unerklärt%} MAHĀVY. 144.
aprapadyant	3780	3-252-b	absent	N	Y	N	{#aprapadyant#}¦, {#aprapadyaMSca karmARi#} MBH. 12,1219 fehlerhaft für {#aprayacCaMSca sarvARi#}.
aprapadyant	12026	7-304-d	absent	N	Y	N	{#aprapadyant#} und {#aprapARa#}¦ 3.
aprasPuwa	5205	4-293-c	absent	N	Y	N	{#aprasPuwa#}¦ Adj. {%undeutlich, unverständlich%} KATHĀS. 13,109.
aprasPuwa	12056	7-305-a	absent	N	Y	N	{{Lbody=12056}}
aprastava	5204	4-293-c	absent	N	Y	N	{#aprastava#}¦ m. {%ein ungelegener Augenblick%} R. ed. Bomb. 3,29,19.
aprastava	12056	7-305-a	absent	N	Y	N	{#aprastava#} und {#aprasPuwa#}¦ 4.
apratApin	5158	4-293-a	absent	N	Y	N	{#apratApin#}¦ Adj. {%aller Würde baar%} MBH. 3,183,72.
apratApin	11945	7-304-b	absent	N	Y	N	{#apratApin#}¦ 4.
apratIGAta	2318	2-290-c	absent	N	Y	N	{#apratIGAta#}¦ Adj. {%auf keinen Widerstand stossend%} RAGH. 17,68.
apratIGAta	12009	7-304-c	absent	N	Y	N	{#apratIGAta#}¦ I. 2.
apratIGAtin	5178	4-293-b	absent	N	Y	N	{#apratIGAtin#}¦ Adj. {%dem Niemand Hindernisse in den Weg legen kann, unaufhaltsam%}. Nom. abstr. {#˚titA#} f. MBH. 12,
apratIGAtin	12010	7-304-c	absent	N	Y	N	{#apratIGAtin#}¦ 4.
apratIGa	12008	7-304-c	absent	N	Y	N	{#apratIGa#}¦ Adj. = {#apratiGa#} VĀYU-P. 1,5,23.
apratIhAram	2319	2-290-c	absent	N	Y	N	{#apratIhAram#}¦ Absol. {%ohne darauf zu tupfen%} KAUŚ. 28.
apratIhAram	12011	7-304-c	absent	N	Y	N	{#apratIhAram#}¦ 2.
apratIkArya	3776	3-252-b	absent	N	Y	N	{#apratIkArya#}¦ Adj. {%wogegen sich Nichts thun lässt%} MAHĀVĪRAC. 102,14. 105,15.
apratIkArya	12006	7-304-c	absent	N	Y	N	{#apratIkArya#}¦ 3.
apratapta	2310	2-290-b	absent	N	Y	N	{#apratapta#}¦ Adj. {%nicht erhitzt, kalt%} (Eisen) BHĀG. P. 6,16,24.
apratapta	11944	7-304-b	absent	N	Y	N	{#apratapta#}¦ 2.
apratiBAna	5170	4-293-b	absent	N	Y	N	{#apratiBAna#}¦ n. {%das Nichtanstehen, Nichtpassen%} Comm. zu ĀPAST. ŚR. 9,11,1.
apratiBAna	11974	7-304-c	absent	N	Y	N	{#apratiBAna#} und {#apratiBeda#}¦ 4.
apratiBeda	5171	4-293-b	absent	N	Y	N	{#apratiBeda#}¦ m. {%Nichtverrath, Geheimhaltung%} KATHĀS. 12,70.
apratiBeda	11974	7-304-c	absent	N	Y	N	{{Lbody=11974}}
apratiGAta	5168	4-293-b	absent	N	Y	N	2. {#apratiGAta#}¦ Adj. {%unbehindert, unwiderstehlich%} BHĀG. P. 1,12,16.
apratiGAta	11960	7-304-b	absent	N	Y	N	{#apratiGAta#}¦ I. 4.
apratiSaNkamAna	2316	2-290-c	absent	N	Y	N	{#apratiSaNkamAna#}¦ Adj. {%kein Bedenken tragend%}.
apratiSaNkamAna	11988	7-304-c	absent	N	Y	N	{#apratiSaNkamAna#}¦ 2.
apratiSaraRa	11989	7-304-c	absent	Y	Y	N	{#*apratiSaraRa#}¦ Adj. {%unverbrüchlich%} MAHĀVY. 63.
apratiSrabDa	11992	7-304-c	absent	N	Y	N	{#apratiSrabDa#}¦ Adj. {%nicht aufhörend, — zu Ende gebracht%} DIVYĀVAD. 133,19.
apratiSraya	5175	4-293-b	absent	N	Y	N	{#apratiSraya#}¦ Adj. {%keine Zufluchtsstätte habend%} KATHĀS. 52,295.
apratiSraya	11993	7-304-c	absent	N	Y	N	{#apratiSraya#}¦ 4.
apratiSuzkAgra	3772	3-252-b	absent	N	Y	N	{#apratiSuzkAgra#}¦ Adj. (f. {#A#}) {%an der Spitze nicht vertrocknet%} ĀPAST. ŚR. 1,1,8. 7,1,17. 12,5.
apratiSuzkAgra	11991	7-304-c	absent	N	Y	N	{#apratiSuzkAgra#}¦ 3.
apratiboDana	5169	4-293-b	absent	N	Y	N	{#apratiboDana#}¦ n. {%Unkenntniss%} MBH. 12,304,9.
apratiboDana	11970	7-304-b	absent	N	Y	N	{#apratiboDana#}¦ 4.
apratiboDavant	2314	2-290-c	absent	N	Y	N	{#apratiboDavant#}¦ Adj. {%ohne Bewusstsein, — Intelligenz%} VP. 1,5,6.
apratiboDavant	11971	7-304-b	absent	N	Y	N	{#apratiboDavant#}¦ 2.
apratidruh	3766	3-252-b	absent	N	Y	N	{#apratidruh#}¦ Adj. {%Jmd nicht wieder (contra) zu schaden suchend%}.
apratidruh	11962	7-304-b	absent	N	Y	N	{#apratidruh#}¦ 3.
apratigaja	5167	4-293-b	absent	N	Y	N	{#apratigaja#}¦ Adj. {%keinen ebenbürtigen Elephanten sich gegenüber habend%} MBH. 7,27,5.
apratigaja	11957	7-304-b	absent	N	Y	N	{#apratigaja#}¦ 4.
apratigata	6314	5-244-a	absent	N	Y	N	{#apratigata#}¦ Adj. als Erklärung von {#a/pratIta#} SĀY. zu ṚV. 4,42,6.
apratigata	11958	7-304-b	absent	N	Y	N	{#apratigata#}¦ 5.
apratigfhIta	991	1-291-c	absent	N	Y	N	{#apratigfhIta#}¦ Adj. {%nicht angenommen%} TĀṆḌYA-BR. 13,7,12. 13.
apratigfhIta	11959	7-304-b	absent	N	Y	N	{#apratigfhIta#} und {#apratigrAhin#}¦ 1.
apratigrAhin	992	1-291-c	absent	N	Y	N	{#apratigrAhin#}¦ Adj. {%Nichts annehmend%}.
apratigrAhin	11959	7-304-b	absent	N	Y	N	{{Lbody=11959}}
apratihfta	1006	1-292-a	absent	N	Y	N	{#apratihfta#}¦ Adj. {%nicht vom%} Pratihartar {%unterbrochen%} TĀṆḌYA-BR. 7,1,4.
apratihfta	8391	6-295-b	absent	N	Y	N	{#apratihfta#}¦ Adj. {%wobei der%} Pratihartar {%nicht einfällt%} ĀPAST. ŚR. 14,21,13.
apratihfta	12005	7-304-c	absent	N	Y	N	{#apratihfta#}¦ 1. 6.
apratijagDa	2311	2-290-b	absent	N	Y	N	{#a/pratijagDa#}¦ Adj. {%nicht verzehrt, — verschlungen%} MAITR. S. 1,4,10 (KĀṬH. 32,7).
apratijagDa	11961	7-304-b	absent	N	Y	N	{#a/pratijagDa#}, {#apratijalpant#} und {#apratitarkita#}¦ 2.
apratijalpant	2312	2-290-b	absent	N	Y	N	{#apratijalpant#}¦ Adj. {%nicht antwortend%} R. 6,98,12.
apratijalpant	11961	7-304-b	absent	N	Y	N	{{Lbody=11961}}
apratikANkzin	5161	4-293-b	absent	N	Y	N	{#˚apratikANkzin#}¦ Adj. {%nicht erwartend, nicht hoffend auf%} LALIT. 217,9.
apratikANkzin	11948	7-304-b	absent	N	Y	N	{{Lbody=11948}}
apratikArasevin	5162	4-293-b	absent	N	Y	N	{#apratikArasevin#}¦ Adj. {%keine Heilmittel anwendend%} SUŚR. 2,361,16.
apratikArasevin	11948	7-304-b	absent	N	Y	N	{{Lbody=11948}}
apratikArya	3764	3-252-b	absent	N	Y	N	{#apratikArya#}¦ Adj. {%wogegen sich Nichts thun lässt%} MAHĀVĪRAC. 8,20.
apratikArya	11949	7-304-b	absent	N	Y	N	{#apratikArya#}¦ 3.
apratikUlakft	5163	4-293-b	absent	N	Y	N	{#apratikUlakft#}¦ Adj. {%sich nicht widersetzend%} R. GORR. 2,52,10.
apratikUlakft	11951	7-304-b	absent	N	Y	N	{#apratikUlakft#}, {#apratikUlayant#} und {#apratikUlavAda#}¦ 4.
apratikUlavAda	5165	4-293-b	absent	N	Y	N	{#apratikUlavAda#}¦ Adj. {%nicht widerredend%} MBH. 3,120,7.
apratikUlavAda	11951	7-304-b	absent	N	Y	N	{{Lbody=11951}}
apratikUlayant	5164	4-293-b	absent	N	Y	N	{#apratikUlayant#}¦ Adj. dass. R. 2,52,70.
apratikUlayant	11951	7-304-b	absent	N	Y	N	{{Lbody=11951}}
apratikalpa	5160	4-293-b	absent	N	Y	N	{#apratikalpa#}¦ Adj. (f. {#A#}) {%unvergleichlich%}.
apratikalpa	11948	7-304-b	absent	N	Y	N	{{Lbody=11948}}
apratikarmakriyA	3763	3-252-b	absent	N	Y	N	{#apratikarmakriyA#}¦ f. {%Unterlassung der Schmückung des Körpers%} VIṢṆUS. 25,9.
apratikarmakriyA	11947	7-304-b	absent	N	Y	N	{#apratikarmakriyA#}¦ 3.
apratikarza	5159	4-293-b	absent	N	Y	N	{#apratikarza#}¦ m. {%Nichtzusammenrückung, Nichtvereinigung%}.
apratikarza	11948	7-304-b	absent	N	Y	N	{#apratikarza#}, {#apratikalpa#}, {#apratikANkzin#} und {#apratikArasevin#}¦ 4.
apratikrUra	5166	4-293-b	absent	N	Y	N	{#apratikrUra#}¦ Adj. {%nicht wieder hart, Härte nicht erwiedernd%} MBH. 12,278,8.
apratikrUra	11955	7-304-b	absent	N	Y	N	{#apratikrUra#}¦ 4.
apratikriya	11952	7-304-b	absent	N	Y	N	{#apratikriya#}¦ Adj. {%wogegen es keine Abhülfe giebt%} JĀTAKAM. 32.
apratikriyamARa	990	1-291-c	absent	N	Y	N	{#apratikriyamARa#}¦ Adj. {%nicht ärztlich behandelt werdend%} (Krankheit).
apratikriyamARa	8388	6-295-a	absent	N	Y	N	{#apratikriyamARa#}¦ Adj. (f. {#A#}) {%nicht ärztlich behandelt werdend%} SUŚR. 1,266,5. 10. 267,16.
apratikriyamARa	11953	7-304-b	absent	N	Y	N	{#apratikriyamARa#}¦ 1. 6.
apratikroSant	11956	7-304-b	absent	N	Y	N	{#apratikroSant#}¦ Adj. {%nicht anschreiend%} JĀTAKAM. 12.
apratikruDyant	3765	3-252-b	absent	N	Y	N	{#apratikruDyant#}¦ Adj. {%Jmd%} (Acc.) {%nicht wieder zürnend%} MBH. 3,29,9.
apratikruDyant	11954	7-304-b	absent	N	Y	N	{#apratikruDyant#}¦ 3.
apratikurvant	11950	7-304-b	absent	N	Y	N	{#apratikurvant#}¦ Adj. {%keinen Gegendienst leistend%} R. ed. Bomb. 4,33,47.
apratilInA	3771	3-252-b	absent	N	Y	N	{#apratilInA#}¦ Adj. f. {%unverschleiert%} LALIT. 179,18. 19.
apratilInA	11979	7-304-c	absent	N	Y	N	{#apratilInA#}¦ 3.
apratilomayant	1001	1-291-c	absent	N	Y	N	{#apratilomayant#}¦ Adj. {%sich nicht widersetzend%}. {#vAcA#} [Page1-292-a] so v. a. {%nicht widersprechend%} ĀPAST.
apratilomayant	11980	7-304-c	absent	N	Y	N	{#apratilomayant#}¦ 1.
apratinandant	993	1-291-c	absent	N	Y	N	{#apratinandant#}¦ Adj. {%Nichts wissen wollend von%} (Acc.) MBH. 3,60,8.
apratinandant	11963	7-304-b	absent	N	Y	N	{#apratinandant#}¦ 1.
apratinandita	3767	3-252-b	absent	N	Y	N	{#apratinandita#}¦ Adj. {%zurückgestossen, verstossen von%} (Instr.) BHĀG. P. 4,4,8.
apratinandita	11964	7-304-b	absent	N	Y	N	{#apratinandita#}¦ 3.
apratipUjita	3769	3-252-b	absent	N	Y	N	{#apratipUjita#}¦ Adj. {%nicht geehrt%} Spr. 2407.
apratipUjita	11968	7-304-b	absent	N	Y	N	{#apratipUjita#}¦ 3.
apratipudgala	11967	7-304-b	absent	Y	Y	N	{#*apratipudgala#}¦ m. {%ein%} Buddha MAHĀVY. 1.
apratiroDana	5172	4-293-b	absent	N	Y	N	{#apratiroDana#}¦ n. MBH. 12,11325 fehlerhaft für {#apratiboDana#}.
apratiroDana	11978	7-304-c	absent	N	Y	N	{#apratiroDana#}¦ 4.
apratirudDa	1000	1-291-c	absent	N	Y	N	{#apratirudDa#}¦ Adj. {%ungehemmt%}.
apratirudDa	11977	7-304-c	absent	N	Y	N	{#apratirudDa#}¦ 1.
apratisaMhfta	5176	4-293-b	absent	N	Y	N	{#apratisaMhfta#}¦ Adj. {%ungehemmt, unbehindert%} R. 2,22,10.
apratisaMhfta	11999	7-304-c	absent	N	Y	N	{#apratisaMhfta#}¦ 4.
apratisama	12002	7-304-c	absent	Y	Y	N	{#*apratisama#}¦ Adj. {%unvergleichlich%} MAHĀVY. 19. 128.
apratisara	5177	4-293-b	absent	N	Y	N	{#apratisara#}¦ Adj. etwa {%keinem Ueberfall unterliegend%} HARIV. 8048.
apratisara	12003	7-304-c	absent	N	Y	N	{#apratisara#}¦ 4.
apratitarkita	2313	2-290-b	absent	N	Y	N	{#apratitarkita#}¦ Adj. {%unerwartet%} oder {%wovon man [Page2-290-c] sich keine Vorstellung zu bilden vermag%}.
apratitarkita	11961	7-304-b	absent	N	Y	N	{{Lbody=11961}}
aprativArita	6315	5-244-a	absent	N	Y	N	{#aprativArita#}¦ Adj. {%nicht zurückgehalten, — abgehalten, — abgewehrt%}.
aprativArita	11983	7-304-c	absent	N	Y	N	{#aprativArita#}¦ 5.
aprativartana	5173	4-293-b	absent	N	Y	N	{#aprativartana#}¦ n. {%das Nichtwiederkehren, Nichtwiedererscheinen%} MBH. 12,307,17.
aprativartana	11981	7-304-c	absent	N	Y	N	{#aprativartana#}¦ 4.
aprativiDAna	1002	1-292-a	absent	N	Y	N	{#aprativiDAna#}¦ n. {%das Nichttreffen von Maassregeln%} MUDRĀR. 70,21 (117,13). Am Anf. eines Comp. {%ohne alles Hinzu
aprativiDAna	11984	7-304-c	absent	N	Y	N	{#aprativiDAna#}¦ 1.
apratividDa	2315	2-290-c	absent	N	Y	N	{#a/pratividDa#}¦ Adj. {%unverwundet%}.
apratividDa	11985	7-304-c	absent	N	Y	N	{#a/pratividDa#}¦ 2.
aprativindamAna	6316	5-244-a	absent	N	Y	N	{#aprativindamAna#}¦ Adj. {%Nichts wissend von%} (Acc.) MBH. 1,192,14.
aprativindamAna	11986	7-304-c	absent	N	Y	N	{#aprativindamAna#}¦ 5.
aprativirata	11987	7-304-c	absent	Y	Y	N	{#*aprativirata#}¦ Adj. {%sich nicht enthaltend%} (böser Handlungen) MAHĀVY. 245,893.
apratizeDita	8390	6-295-b	absent	N	Y	N	{#apratizeDita#}¦ Adj. {%nicht verwehrt, — untersagt, — verboten%} MBH. 12,12,19.
apratizeDita	11995	7-304-c	absent	N	Y	N	{#apratizeDita#}¦ 6.
apratrAsa	1008	1-292-a	absent	N	Y	N	{#apratrAsa#}¦ m. {%das Nichterzittern%} TĀṆḌYA-BR. 6,7,10. 18.
apratrAsa	12021	7-304-d	absent	N	Y	N	{#apratrAsa#} und {#apraTamayajYa#}¦ 1.
aprattAprahutAda	5181	4-293-b	absent	N	Y	N	{#aprattAprahutAda#}¦ Adj. {%essend ohne Andern Etwas davon gegeben oder den Göttern davon geopfert zu haben%} BHĀG. P. 
aprattAprahutAda	12013	7-304-d	absent	N	Y	N	{{Lbody=12013}}
aprattasOvizwakfta	5180	4-293-b	absent	N	Y	N	{#aprattasOvizwakfta#}¦ Adj. {%dem%} Agni Sviṣṭakṛt {%noch nicht dargebracht%} ĀPAST. ŚR. 9,15,10.
aprattasOvizwakfta	12013	7-304-d	absent	N	Y	N	{{Lbody=12013}}
apratyAKyAnaka	5184	4-293-b	absent	N	Y	N	{#apratyAKyAnaka#}¦ Adj. {%unbekämpft%} (Leidenschaft) HEM. YOG. 4,7.
apratyAKyAnaka	12015	7-304-d	absent	N	Y	N	{{Lbody=12015}}
apratyAharant	5185	4-293-b	absent	N	Y	N	{#apratyAharant#}¦ Adj. (f. {#˚ntI#}) {%nicht hinundher ziehend%} [Page4-293-c] GOBH. 2,6,9.
apratyAharant	12015	7-304-d	absent	N	Y	N	{{Lbody=12015}}
apratyUha	5187	4-293-c	absent	N	Y	N	{#apratyUha#}¦ Adj. {%ungehemmt, ungehindert%} BHĀM. V. 2,135.
apratyUha	12020	7-304-d	absent	N	Y	N	{#apratyUha#}¦ 4.
apratyaBimfzwa	5183	4-293-b	absent	N	Y	N	{#apratyaBimfzwa#}¦ Adj. {%nicht berührt%} AIT. BR. 7,33,6.
apratyaBimfzwa	12015	7-304-d	absent	N	Y	N	{#apratyaBimfzwa#}, {#apratyAKyAnaka#} und {#apratyAharant#}¦ 4.
apratyudAvartya	12019	7-304-d	absent	Y	Y	N	{#*apratyudAvartya#}¦ Adj. {%unverbrüchlich%} MAHĀVY. 278.
apratyudDArya	22185	7-385-d	absent	Y	Y	N	{#*apratyudDArya#}¦ Adj. {%unwiderbringlich%} MAHĀVY. 278.
apratyutTAyika	2320	2-290-c	absent	N	Y	N	{#apratyutTAyika#} (falsch) und {#apratyutTAyuka#} (v. l. richtig)¦ Adj. {%sich vor Jmd nicht erhebend%} GOP. BR. 1,3,19
apratyutTAyika	12016	7-304-d	absent	N	Y	N	{#apratyutTAyika#}¦ I. 2.
apratyutTAyin	5186	4-293-c	absent	N	Y	N	{#apratyutTAyin#}¦ Adj. {%nicht ehrerbietig aufstehend%} BHĀG. P. 10,78,23.
apratyutTAyin	12017	7-304-d	absent	N	Y	N	{#apratyutTAyin#}¦ 4.
apravaRa	5199	4-293-c	absent	N	Y	N	{#apravaRa#}¦ Adj. {%nicht demüthig%} MBH. 1,89,4.
apravaRa	12045	7-304-d	absent	N	Y	N	{#apravaRa#}¦ 4.
apravadant	3785	3-252-c	absent	N	Y	N	{#apravadant#}¦ Adj. (f. {#˚datI#}) {%nicht rauschend%} ĀŚV. GṚHY. 2,7,7.
apravadant	12046	7-304-d	absent	N	Y	N	{#apravadant#}¦ 3.
apravedita	1016	1-292-a	absent	N	Y	N	{#apravedita#}¦ Adj. {%nicht angekündigt%} ĀPAST.
apravedita	12051	7-304-d	absent	N	Y	N	{#apravedita#}¦ 1.
apravilApita	5200	4-293-c	absent	N	Y	N	{#apravilApita#}¦ Adj. {%nicht vollständig aufgelöst, — zu Nichte gemacht%} ŚAṂK. zu BĀDAR. 3,2,21 (S. 816, Z. 1).
apravilApita	12047	7-304-d	absent	N	Y	N	{#apravilApita#}¦ 4.
apravizwa	6319	5-244-a	absent	N	Y	N	{#apravizwa#}¦ Adj. 1〉 {%nicht eingetreten —, nicht eingedrungen in%} (Loc.) BHĀG. P. 2,9,34. 7,12,15. — 2〉 {%nicht betr
apravizwa	12048	7-304-d	absent	N	Y	N	{#apravizwa#}¦ 5.
aprayAnt	5193	4-293-c	absent	N	Y	N	{#aprayAnt#}¦ Adj. {%sich nicht bewegend%} MBH. 5,7178.
aprayAnt	12038	7-304-d	absent	N	Y	N	{#aprayAnt#}¦ 4.
aprayacCant	3784	3-252-c	absent	N	Y	N	{#aprayacCant#}¦ Adj. {%nicht gebend%} überh. MBH. 12,34,12.
aprayacCant	12037	7-304-d	absent	N	Y	N	{#aprayacCant#}¦ I. 3.
aprayogin	6318	5-244-a	absent	N	Y	N	{#aprayogin#}¦ Adj. {%nicht angefügt —, nicht ausgesprochen werdend%} ZACH. Beitr.
aprayogin	12042	7-304-d	absent	N	Y	N	{#aprayogin#}¦ 5.
aprayojya	5198	4-293-c	absent	N	Y	N	{#aprayojya#}¦ Adj. {%nicht zu gebrauchen,%} so v. a. {%nicht in abhängigem Verhältniss stehend von%} (im Comp. vorangeh
aprayojya	12043	7-304-d	absent	N	Y	N	{#aprayojya#}¦ 4.
aprekzyamARa	6325	5-244-a	absent	N	Y	N	{#aprekzyamARa#}¦ Adj. {%nicht gesehen werdend, dem Auge entzogen%} HEM. PAR. 1,247.
aprekzyamARa	12081	7-305-a	absent	N	Y	N	{#aprekzyamARa#}¦ 5.
apriyaMkara	1026	1-292-a	absent	N	Y	N	{#apriyaMkara#}¦ Adj. (f. {#I#}) {%Unliebes erweisend%} AGNI-P. 6,24.
apriyaMkara	12077	7-305-a	absent	N	Y	N	{#apriyaMkara#}¦ 1.
apriyakft	3791	3-252-c	absent	N	Y	N	{#apriyakft#}¦ Adj. {%Unliebes thuend%} MAHĀVĪRAC. 53,2.
apriyakft	12076	7-305-a	absent	N	Y	N	{#apriyakft#}¦ 3.
apsAnIya	5206	4-293-c	absent	N	Y	N	{#apsAnIya#}¦ Adj. in einer Etymologie NIR. 5,13.
apsAnIya	12090	7-305-a	absent	N	Y	N	{#apsAnIya#}¦ 4.
apsarAy	1029	1-292-a	absent	N	Y	Y	{#apsarAy#}¦, Partic. f. {#˚yitA#} NAIṢ. 1,115.
apsarAy	12087	7-305-a	absent	N	Y	Y	{#apsarAy#} und {#apsavya^#}¦ I. 1.
apsarasa	12086	7-305-a	absent	N	Y	N	{#apsarasa#}¦ = {#apsaras#} in {#apsarasAlaya#} R. ed. Bomb. 4,46,15.
apsumant	5207	4-293-c	absent	N	Y	Y	{#apsumant#}¦ Adj. 3〉 Bez. {%eines%} Agni ĀPAST. ŚR. 9,3,22. — 4〉 {%an diesen%} Agni {%gerichtet%} ebend. 23.
apsumant	12093	7-305-b	absent	N	Y	Y	{#apsuma/nt#}¦ I. 4.
apsumant	22186	7-385-d	absent	N	Y	Y	{#apsumant#}¦ I. 4. {%stets Wasser habend%} CHĀND. UP. 2,4,2.
aptumant	982	1-291-c	absent	N	Y	N	{#aptuma/nt#}¦.
aptumant	11911	7-304-a	absent	N	Y	N	{#aptuma/nt#}¦ I. 1.
apuRyaSIla	2300	2-290-b	absent	N	Y	N	{#apuRyaSIla#}¦ Adj. (f. {#A#}) {%unglückselig%} MBH. 2,66,1.
apuRyaSIla	11873	7-303-d	absent	N	Y	N	{#apuRyaSIla#}¦ 2.
apunarmAra	3750	3-252-a	absent	N	Y	N	{#apunarmAra#}¦ Adj. {%ohne wiederholtes Sterben%} VP. 2,8,96.
apunarmAra	11879	7-303-d	absent	N	Y	N	{#apunarmAra#}¦ 3.
apunarmfta	5140	4-293-a	absent	N	Y	N	{#apunarmfta#}¦ n. {%kein abermaliges Sterben%} BHĀG. P. 5,19,25.
apunarmfta	11880	7-303-d	absent	N	Y	N	{#apunarmfta#}¦ 4.
apunarnivartin	3749	3-252-a	absent	N	Y	N	{#apunarnivartin#}¦ Adj. {%nicht wiederkehrend%} ŚIŚ. 1,64.
apunarnivartin	11876	7-303-d	absent	N	Y	N	{#apunarnivartin#}¦ 3.
apunarnivftti	6309	5-244-a	absent	N	Y	N	{#apunarnivftti#}¦ f. {%Nichtwiederkehr%} ŚIŚ. 14,64.
apunarnivftti	11877	7-303-d	absent	N	Y	N	{#apunarnivftti#}¦ 5.
apuraskfta	972	1-291-c	absent	N	Y	N	{#apuraskfta#}¦ Adj. {%hintangesetzt%} NAIṢ. 2,20.
apuraskfta	11881	7-303-d	absent	N	Y	N	{#apuraskfta#}¦ 1.
aputryapaSavya	969	1-291-c	absent	N	Y	N	{#aputryapaSavya#}¦ Adj. (f. {#A#}) {%für Söhne und Vieh nicht dienlich%} SAṂHITOPAN. 8,7.
aputryapaSavya	11874	7-303-d	absent	N	Y	N	{#aputryapaSavya#}¦ 1.
apuzpita	11887	7-303-d	absent	N	Y	N	{#apuzpita#}¦ Adj. {%nicht mit Blüthen versehen%} R. ed. Bomb. 4,60,12.
ar	1182	1-293-c	absent	N	Y	Y	{#ar#}¦ Caus. 9〉 {%Jmd%} (Acc.) {%versehen mit%} (Instr.) TS. 5,1,1,3.
ar	12596	7-308-b	absent	N	Y	Y	{#ar#}¦ Caus. I. 1.
arAgadvepatas	22219	7-386-b	absent	N	Y	N	{#arAgadvepatas#}¦ Adv. {%sine ira et studio%} BHAG. 18,23.
arAjadEvika	3878	3-253-b	absent	N	Y	N	{#arAjadEvika#}¦ Adj. {%nicht vom Fürsten und nicht [Page3-253-c] vom Schicksal verursacht%} YĀJÑ. 2,197.
arAjadEvika	12631	7-308-c	absent	N	Y	N	{#arAjadEvika#} und {#arAjalakzman#}¦ 3.
arAjalakzman	3879	3-253-c	absent	N	Y	N	{#arAjalakzman#}¦ Adj. {%ohne königliche Insignien%} Spr. 1395.
arAjalakzman	12631	7-308-c	absent	N	Y	N	{{Lbody=12631}}
arAjya	6407	5-245-a	absent	N	Y	N	{#arAjya#}¦ Adj. (f. {#A#}) {%der Herrschaft beraubt%} HARIV. 1630.
arAjya	12632	7-308-c	absent	N	Y	N	{#arAjya#}¦ 5.
arAma	3881	3-253-c	absent	N	Y	N	{#arAma#}¦ Adj. (f. {#A#}) {%ohne%} Rāma BĀLAR. 115,1. MAHĀVĪRAC. 44,21.
arAma	12635	7-308-c	absent	N	Y	N	{{Lbody=12635}}
arAqItara	6408	5-245-a	absent	N	Y	N	{#arAqI/tara#}¦ (so zu verbinden nach LEUMANN) Adj. {%sehr langhörnig%} ŚAT. BR. 4,5,5,5. Vgl. {#arA/qa#} (Nachtr. 4) un
arAqItara	12634	7-308-c	absent	N	Y	N	{#arAqI/tara#}¦ 5.
arBakOkas	1243	1-294-a	absent	N	Y	N	{#arBakOkas#}¦ Adj. {%ein kleines Haus habend%}. Nom. abstr. {#˚stva#} n. BĀDAR. 1,2,7.
arBakOkas	12818	7-309-d	absent	N	Y	N	{#arBakOkas#}¦ 1.
arC	3888	3-253-c	absent	N	Y	Y	{#arC#}¦ mit {#upa#} {%Jmd auf den Leib rücken, Jmd belästigen%} TS. 1,5,9,6.
arC	6426	5-245-a	absent	N	Y	Y	{#arC#}¦ mit {#ava#}, {#avA/rCati#} (!) TS., {#avArCe/t#} ŚAT. BR. — Mit {#A#} {%Schaden nehmen%} MAITR. S. 1,8,3 (118,1
arC	8426	6-295-c	absent	N	Y	Y	{#arC#}¦ mit {#nis#} auch {%kommen um%} (Abl.), {%verlustig gehen%} TĀṆḌYA-BR. 6,6,13.
arC	12696	7-309-a	absent	N	Y	Y	{#arC#}¦ mit {#ava#} I. 5. — Mit {#A#} I. 5. — Mit {#upa#} I. 3. — Mit {#nis#} I. 6.
arD	1221	1-294-a	absent	N	Y	Y	{#arD#}¦, {#fdDa/#} 3〉 {%gelungen%} VS. 18,11. — Mit {#vi, vyfdDa#} {%sündlich%} ĀPAST.
arD	5314	4-295-a	absent	N	Y	Y	{#arD#}¦ mit {#vi#}, {#vyfdDa#} (vgl. auch Nachtr. 1) auch {%misslungen%} NIR. 1,7.
arD	12755	7-309-b	absent	N	Y	Y	{#arD#}¦ I. 1. — Desid. {#Irtsati#} {%Gelingen wünschen%} ĀPAST. ŚR. 6,29,9. — Mit {#vi#} I. 1. 4.
arDADva	2423	2-291-c	absent	N	Y	N	{#arDADva#}¦, Loc. {%auf halbem Wege%} ĀPAST. ŚR. 15,13,9.
arDADva	12809	7-309-c	absent	N	Y	N	{#arDADva#}¦ 2. Lies 13,20,4.
arDArcaSasya	1241	1-294-a	absent	N	Y	N	{#arDArcaSasya#}¦ n. {%das Recitiren nach Halbversen%} VAITĀN.
arDArcaSasya	12810	7-309-c	absent	N	Y	N	{#arDArcaSasya#}¦ (lies {#arDarca˚#}) und {#arDAvaBeda#} 1.
arDaBagna	2420	2-291-c	absent	N	Y	N	{#arDaBagna#}¦ Adj. {%halb zerbrochen%} PAÑCAT. 217,21.
arDaBagna	12781	7-309-c	absent	N	Y	N	{#arDaBagna#}¦ 2.
arDaBedaka	3906	3-253-c	absent	N	Y	N	{#arDaBedaka#}¦ Adj. mit {#vyADi = arDaBeda#} m. {%Hemiplegie%} SUŚR. 2,380,10.
arDaBedaka	12783	7-309-c	absent	N	Y	N	{#arDaBedaka#}¦ 3.
arDaBukta	5319	4-295-a	absent	N	Y	N	{#arDaBukta#}¦ Adj. {%halb genossen%} MĀRK. P. 22,38.
arDaBukta	12782	7-309-c	absent	N	Y	N	{{Lbody=12782}}
arDaKila	3902	3-253-c	absent	N	Y	N	{#arDaKila#}¦ m. {%halbe Brache, Land das ein Jahr brach liegt%} NĀR. 11,26.
arDaKila	12761	7-309-b	absent	N	Y	N	{#arDaKila#}¦ 3.
arDaSARI	1236	1-294-a	absent	N	Y	N	{#arDaSARI#}¦ f. {%ein halbes hänfenes Gewand%}. {#˚pakza#} m. {%die Hälfte davon%} ĀPAST.
arDaSARI	12799	7-309-c	absent	N	Y	N	{#arDaSARI#}¦ 1.
arDaSaMBu	1235	1-294-a	absent	N	Y	N	{#arDaSaMBu#}¦ Adj. f. {%deren halber Körper%} Śiva {%ist%} NAIṢ. 3,29.
arDaSaMBu	12797	7-309-c	absent	N	Y	N	{#arDaSaMBu#}¦ 1.
arDaSarAva	6451	5-245-b	absent	N	Y	N	{#arDaSarAva#}¦ {%ein halbes%} Śarāva {%genanntes Maass%} ĀPAST. ŚR. 8,14,14.
arDaSarAva	12798	7-309-c	absent	N	Y	N	{#arDaSarAva#}¦ 5.
arDacandraDara	1226	1-294-a	absent	N	Y	N	{#arDacandraDara#}¦ Adj. {%einen Halbmond tragend%}. Rudra-Śiva HEMĀDRI 1,204,3.
arDacandraDara	12763	7-309-b	absent	N	Y	N	{#arDacandraDara#}¦ 1.
arDadroRika	12764	7-309-b	absent	N	Y	N	{#arDadroRika#} und {#˚drORika#}¦ I. 5.
arDadvicaturaSraka	2419	2-291-c	absent	N	Y	N	{#arDadvicaturaSraka#}¦ m. {%eine best. Stellung%} VIKR. 64,3.
arDadvicaturaSraka	12765	7-309-b	absent	N	Y	N	{#arDadvicaturaSraka#}¦ 2.
arDakapAwasaMDika	1223	1-294-a	absent	N	Y	N	{#arDakapAwasaMDika#}¦ Adj. Bez. {%eines best. Verbandes%} SUŚR. 1,56,1.
arDakapAwasaMDika	12757	7-309-b	absent	N	Y	N	{#arDakapAwasaMDika#}¦ 1.
arDakuRqalakarzin	2418	2-291-c	absent	N	Y	N	{#arDakuRqalakarzin#}¦ Adj. {%einen halben Ohrring tragend%} MBH. 13,14,293.
arDakuRqalakarzin	12760	7-309-b	absent	N	Y	N	{#arDakuRqalakarzin#}¦ 2.
arDalANgalaka	6449	5-245-b	absent	N	Y	N	{#arDalANgalaka#}¦ Adj. {%einem halben Pfluge ähnlich%} (ein chirurgischer Schnitt) SUŚR. 2,59,5.
arDalANgalaka	12792	7-309-c	absent	N	Y	N	{{Lbody=12792}}
arDalakzya	6448	5-245-b	absent	N	Y	N	{#arDalakzya#}¦ Adj. {%halb sichtbar%} DAŚAK. 73,9.
arDalakzya	12792	7-309-c	absent	N	Y	N	{#arDalakzya#} und {#arDalANgalaka#}¦ 5.
arDamArita	6445	5-245-b	absent	N	Y	N	{#arDamArita#}¦ Adj. {%halb todt gemacht%} HEM. PAR. 2,330.
arDamArita	12785	7-309-c	absent	N	Y	N	{#arDamArita#} und {#arDamAsUra#}¦ 5.
arDamAsUra	6446	5-245-b	absent	N	Y	N	{#arDamAsUra#}¦ Adj. (f. {#I#}) {%einer halben Linse ähnlich%} SUŚR. 1,27,18.
arDamAsUra	12785	7-309-c	absent	N	Y	N	{{Lbody=12785}}
arDamIlita	5320	4-295-a	absent	N	Y	N	{#arDamIlita#}¦ Adj. {%halb geschlossen%} (Augen) KATHĀS. 20,50.
arDamIlita	12786	7-309-c	absent	N	Y	N	{#arDamIlita#}¦ 4.
arDamaRqita	2421	2-291-c	absent	N	Y	N	{#arDamaRqita#}¦ Adj. {%halb geschmückt%} HEM. PAR. 1,318.
arDamaRqita	12784	7-309-c	absent	N	Y	N	{#arDamaRqita#}¦ 2.
arDamuRqita	5322	4-295-a	absent	N	Y	N	{#arDamuRqita#}¦ Adj. dass. RĀJAT. 4,179.
arDamuRqita	12788	7-309-c	absent	N	Y	N	{{Lbody=12788}}
arDamukulI	6447	5-245-b	absent	N	Y	N	{#arDamukulI#}¦ Adv. mit {#kar#} {%halb schliessen%} (die Augen) ŚIŚ. 10,64.
arDamukulI	12787	7-309-c	absent	N	Y	N	{#arDamukulI#}¦ 5.
arDanAgarI	1227	1-294-a	absent	N	Y	N	{#arDanAgarI#}¦ f. {%eine best. Schriftart%}.
arDanAgarI	12766	7-309-b	absent	N	Y	N	{#arDanAgarI#}¦ 1.
arDanArISvarastotra	1228	1-294-a	absent	N	Y	N	{#arDanArISvarastotra#}¦ n. Titel eines Werkes BÜHLER, Rep. No. 107.
arDanArISvarastotra	12768	7-309-b	absent	N	Y	N	{#arDanArISvarastotra#}¦ 1.
arDaniHsfta	12770	7-309-c	absent	N	Y	N	{#arDaniHsfta#}¦ Adj. {%halb herausgekrochen%} R. ed. Bomb. 4,67,47 ({#˚nisfta#} gegen das Metrum gedr.).
arDapaYcadaSan	3905	3-253-c	absent	N	Y	N	{#arDapaYcadaSan#}¦ Adj. Pl. {%vierzehnundeinhalb%} ŚĀṄKH. ŚR. 13,18,5.
arDaparAsu	6442	5-245-b	absent	N	Y	N	{#arDaparAsu#}¦ Adj. {%halbtodt%} HEM. PAR. 2,329.
arDaparAsu	12774	7-309-c	absent	N	Y	N	{#arDaparAsu#}¦ 5.
arDapatita	1229	1-294-a	absent	N	Y	N	{#arDapatita#}¦ Adj. {%halb zerfallen%}. Haus AGNI-P. 38,16.
arDapatita	12772	7-309-c	absent	N	Y	N	{#arDapatita#}¦ 1.
arDapradakziRa	5316	4-295-a	absent	N	Y	N	{#arDapradakziRa#}¦ n. {%ein halbmaliges Umgehen von der Linken zur Rechten%}.
arDapradakziRa	12777	7-309-c	absent	N	Y	N	{#arDapradakziRa#}¦ 4.
arDaprasUtA	1233	1-294-a	absent	N	Y	N	{#arDaprasUtA#}¦ Adj. f. {%noch im Gebären begriffen%} HEMĀDRI 1,82,2.
arDaprasUtA	12778	7-309-c	absent	N	Y	N	{#arDaprasUtA#}¦ 1.
arDasTa	1240	1-294-a	absent	N	Y	N	{#arDasTa#}¦ Adj. {%ein halbes Fach%} oder {%Feld einnehmend%} AGNI-P. 40,7.
arDasTa	12806	7-309-c	absent	N	Y	N	{{Lbody=12806}}
arDasTitaprARa	12807	7-309-c	absent	N	Y	N	{#arDasTitaprARa#}¦ Adj. {%nur halb lebend%} R. ed. Bomb. 4,24,19.
arDasaMlIna	6452	5-245-b	absent	N	Y	N	{#˚arDasaMlIna#}¦ Adj. {%halb steckend in%} HARIV. 4677.
arDasaMlIna	12802	7-309-c	absent	N	Y	N	{#arDasaMlIna#}¦ 5.
arDasadfSa	8431	6-295-c	absent	N	Y	N	{#arDasadfSa#}¦ Adj. {%zur Hälfte gleich mit%} (Gen.) TS. PRĀT. 11,19.
arDasadfSa	12803	7-309-c	absent	N	Y	N	{#arDasadfSa#}¦ 6.
arDasamaya	8432	6-295-c	absent	N	Y	N	{#arDasamaya#}¦ m. {%die Hälfte einer best. Zeit%} MBH. 3,11,4.
arDasamaya	12805	7-309-c	absent	N	Y	N	{#arDasamaya#}¦ 6.
arDavidala	6450	5-245-b	absent	N	Y	N	{#arDavidala#}¦ n. als Erklärung von {#arDabfgala/#} ŚAṂK. zu BṚH. ĀR. UP. S. 139.
arDavidala	12795	7-309-c	absent	N	Y	N	{#arDavidala#}¦ 5.
arDopaBukta	5323	4-295-b	absent	N	Y	N	{#arDopaBukta#}¦ Adj. {%halb verzehrt%} KUMĀRAS. 3,37.
arDopaBukta	12815	7-309-d	absent	N	Y	N	{#arDopaBukta#}¦ 4.
arDuzwa	12813	7-309-d	absent	Y	Y	N	{#*arDuzwa#}¦ Adj. = {#aDyuzwa#} MAHĀVY. 250.
arItimant	8423	6-295-c	absent	N	Y	N	{#arItimant#}¦ Adj. {%stillos%} SARASVATĪK. 10,29.
arItimant	12647	7-308-c	absent	N	Y	N	{#arItimant#}¦ 6.
arTApay	1217	1-294-a	absent	N	Y	Y	{#arTApay#}¦ {%wie Geld behandeln,%} so v. a. {%ängstlich verbergen%} NAIṢ. 3,63.
arTApay	12747	7-309-b	absent	N	Y	Y	{#arTApay#}¦ I. 1. Das Wort bedeutet nach AUFRECHT eher {%Etwas hoch anschlagen, viel Wesens aus Etwas machen;%} vgl. au
arTabahula	1209	1-293-c	absent	N	Y	N	{#arTabahula#}¦ Adj. {%dem Inhalte —, dem Stoffe nach reich%} CARAKA 3,8.
arTabahula	12727	7-309-a	absent	N	Y	N	{#arTabahula#} und {#arTamatta#}¦ 1.
arTadIpikA	2414	2-291-c	absent	N	Y	N	{#arTadIpikA#} f. und {#arTapaYcaka#} n.¦ Titel zweier Werke OPP. Cat. 1.
arTadIpikA	12718	7-309-a	absent	N	Y	N	{#arTadIpikA#}¦ 2.
arTakAmy	6430	5-245-b	absent	N	Y	N	{#arTakAmy#}¦, {#˚myati#} {%nach Geld verlangen%} ŚIŚ. 14,49. SUBHĀṢITĀV. 655.
arTakAmy	12708	7-309-a	absent	N	Y	N	{#arTakAmy#}¦ 5.
arTakAraRa	12709	7-309-a	absent	N	Y	N	{#arTakAraRa#}¦ I. 1.
arTakartar	1203	1-293-c	absent	N	Y	N	{#arTakartar#}¦ Nom. ag. {%Nutzen stiftend%} KĀLAC. 5,259.
arTakartar	12706	7-309-a	absent	N	Y	N	{#arTakartar#}¦ 1.
arTakriyAkArin	12713	7-309-a	absent	N	Y	N	{#arTakriyAkArin#}¦ Adj. {%zu einem best. Zwecke wirkend%}. Nom. abstr. {#˚ritva#} n. SARVAD. 9,11. fgg. ANIRUDDHA zu SĀ
arTamAtar	6431	5-245-b	absent	N	Y	N	{#arTamAtar#}¦ f. {%eine Mutter mit zutreffendem Namen%} HEM. PAR. 2,317.
arTamAtar	12730	7-309-b	absent	N	Y	N	{#arTamAtar#}¦ 5.
arTanivedana	3893	3-253-c	absent	N	Y	N	{#arTanivedana#}¦ n. {%das Anbieten —, Darbringen seiner Habe%}.
arTanivedana	12719	7-309-a	absent	N	Y	N	{{Lbody=12719}}
arTapAruzya	2415	2-291-c	absent	N	Y	N	{#arTapAruzya#}¦ n. {%in Geldangelegenheiten an den Tag gelegte Härte%} PAÑCAT. ed. orn. 38,23.
arTapAruzya	12725	7-309-a	absent	N	Y	N	{#arTapAruzya#}¦ 2.
arTaprADva	12726	7-309-a	absent	N	Y	N	{#arTaprADva#}¦ Adj. {%an ein Geschäft gehend, auf dem Wege zu irgend einer Unternehmung sich befindend%} ĀPAST. GṚHY. 9
arTaracanA	6433	5-245-b	absent	N	Y	N	{{Lbody=6433}}
arTasaMhata	3898	3-253-c	absent	N	Y	N	{#arTasaMhata#}¦ oder {#˚saMhita#} Adj. mit {#reKA#} etwa {%Schuldverschreibung%} Comm. zu KĀM. NĪTIS. 9,68.
arTasaMhata	12742	7-309-b	absent	N	Y	N	{#arTasaMhata#}¦ oder {#˚saMhita#} 3.
arTasaMsidDi	6436	5-245-b	absent	N	Y	N	{#arTasaMsidDi#}¦ f. {%das Gelingen einer Sache%} KATHĀS. 61,55. {#ekArTa˚#} {%das G. einer gemeinsamen Sache%} Spr. 456
arTasaMsidDi	12741	7-309-b	absent	N	Y	N	{#arTasaMsidDi#}¦ 5.
arTasamAhartar	8428	6-295-c	absent	N	Y	N	{#arTasamAhartar#}¦ Nom. ag. {%Geldeinnehmer%} M. 7,60.
arTasamAhartar	12744	7-309-b	absent	N	Y	N	{#arTasamAhartar#}¦ 6.
arTaviSArada	6435	5-245-b	absent	N	Y	N	{#arTaviSArada#}¦ Adj. {%der Sache —, dem Zwecke entsprechend, sinnvoll%} (Lob) MBH. 13,141,24.
arTaviSArada	12739	7-309-b	absent	N	Y	N	{#arTaviSArada#}¦ 5.
arTay	1211	1-293-c	absent	N	Y	Y	{#arTay#}¦ mit {#aBi#}, {#aByarTasi = prerayasi#} Comm. zu R. ed. Bomb. 2,21,56. Vielleicht ist {#aByarCasi#} gemeinnt.
arTay	3896	3-253-c	absent	N	Y	Y	{#arTay#}¦ mit {#pra#} 3〉 Med. {%sich Jmd%} (Acc.) {%entgegenstellen%} KIR. 2,21.
arTay	5313	4-295-a	absent	N	Y	Y	{#arTay#}¦ mit {#pra#}. Die Lexicographen führen für {#prArTita#} folgende Bedeutungen an: {#ardita, yAcita, aBiyukta, S
arTay	6432	5-245-b	absent	N	Y	Y	{#arTay#}¦ mit {#pra#} in der Bed. 1〉 {#prArTant#} HEM. PAR. 2,474.
arTay	12731	7-309-b	absent	N	Y	Y	{#arTay#}¦ mit {#aBi#} I. 1. — Mit {#pra#} I. 3. 4. 5. — Mit {#sam#} I. 4.
arTayitar	1212	1-294-a	absent	N	Y	N	{#arTayitar#}¦ Nom. ag. {%ein Bittender%} NAIṢ. 5,132.
arTayitar	12732	7-309-b	absent	N	Y	N	{#arTayitar#}¦ 1.
arTegA	6439	5-245-b	absent	N	Y	N	{#arTegA#}¦ Adj. {%seinem Berufe nachgehend%} ĀPAST. ŚR. 9,16,7.
arTegA	12751	7-309-b	absent	N	Y	N	{#arTegA#} und {#arTepsu#}¦ 5.
arTepsu	6440	5-245-b	absent	N	Y	Y	{#arTepsu#}¦ Adj. {%Reichthum wünschend%} KĀTY. PARIBH. 2,7.
arTepsu	12751	7-309-b	absent	N	Y	Y	{{Lbody=12751}}
arU	12663	7-308-d	absent	N	Y	N	{#arU#}¦ I. Adv. mit {#kar#} DAŚAK. (1883) 168,7, v. l.
arUQa	2397	2-291-b	absent	N	Y	N	{#arUQa#}¦ Adj. {%unbekannt, unverständlich%}.
arUQa	12665	7-308-d	absent	N	Y	N	{#arUQa#} und {#arUQamUla#}¦ 2.
arUQamUla	2398	2-291-b	absent	N	Y	N	{#arUQamUla#}¦ Adj. {%noch keine Wurzeln geschlagen habend%}. Nom. abstr. {#˚tva#} n. Spr. 90.
arUQamUla	12665	7-308-d	absent	N	Y	N	{{Lbody=12665}}
arUpabrahmaDAtu	12666	7-308-d	absent	Y	Y	N	{#*arUpabrahmaDAtu#}¦ (v. l. {#arUpya˚#}) m. oder f. N. pr. einer ätherischen Region MAHĀVY. 155.
arUpaviSeza	2399	2-291-b	absent	N	Y	N	{#arUpaviSeza#}¦ Adj. {%wo keine besonderen Formen bestehen%} KĀRAṆḌ. 18,19.
arUpaviSeza	12667	7-308-d	absent	N	Y	N	{#arUpaviSeza#}¦ 2.
arUpyabrahmaDAtu	12668	7-308-d	absent	N	Y	N	{#*arUpyabrahmaDAtu#}¦ s. {#arUpa˚#}
araRasamavasaraRa	12611	7-308-b	absent	Y	Y	N	{#*araRasamavasaraRa#}¦ m. und {#*araRasaraRasarvasamavasaraRa#} m. Bez. {%zweier%} Samādhi MAHĀVY. 21.
araRyacArI	6400	5-245-a	absent	N	Y	N	{#*araRyacArI#}¦ f. {%eine best. Pflanze%} DEŚĪN. 2,6.
araRyacArI	12614	7-308-b	absent	N	Y	N	{#araRyacArI#} und {#araTin#}¦ 5.
araSmivant	6406	5-245-a	absent	N	Y	N	{#araSmivant#}¦ Adj. {%strahlenlos%} Verz. d.Oxf. H. 51, a, 29.
araSmivant	12626	7-308-c	absent	N	Y	N	{#araSmivant#}¦ 5.
araYjaka	1185	1-293-c	absent	N	Y	N	{#araYjaka#}¦ wohl {%eine best. Frucht%} HEMĀDRI 1,621,8. 622,5.
araYjaka	12608	7-308-b	absent	N	Y	N	{#araYjaka#}¦ 1.
araYjita	6399	5-245-a	absent	N	Y	N	{#araYjita#}¦ Adj. {%nicht befriedigt%} KATHĀS. 14,36.
araYjita	12609	7-308-b	absent	N	Y	N	{#araYjita#}¦ 5.
arajovirajonayayukta	12606	7-308-b	absent	Y	Y	N	{#*arajovirajonayayukta#}¦ m. {%ein best.%} Samādhi MAHĀVY. 21.
arajyant	6398	5-245-a	absent	N	Y	N	{#arajyant#}¦ Adj. {%keine Freude an Etwas habend%} KATHĀS. 112,88.
arajyant	12607	7-308-b	absent	N	Y	N	{#arajyant#}¦ 5.
arakzaka	1183	1-293-c	absent	N	Y	N	{#arakzaka#}¦ Adj. (Bedrängte) {%nicht schützend%} AGNI-P. 18,11.
arakzaka	12597	7-308-b	absent	N	Y	N	{#arakzaka#}¦ 1.
arakzya	6396	5-244-c	absent	N	Y	N	{#arakzya#}¦ Adj. {%nicht zu schützen, keinen Schutz verdienend%} KATHĀS. 62,82.
arakzya	12600	7-308-b	absent	N	Y	N	{#arakzya#}¦ 5.
aramaRIya	6402	5-245-a	absent	N	Y	N	{#aramaRIya#}¦ Adj. {%nicht anmuthig, — schön%} PAÑCAT. 123,20.
aramaRIya	12617	7-308-c	absent	N	Y	N	{#aramaRIya#}¦ 5.
aramya	6403	5-245-a	absent	N	Y	N	{#aramya#}¦ Adj. {%unangenehm%} MĀLAV. 10 (11).
aramya	12619	7-308-c	absent	N	Y	N	{#aramya#}¦ 5.
aranDra	1186	1-293-c	absent	N	Y	N	{#aranDra#}¦ Adj. {%keine Oeffnung habend%} NAIṢ. 3,44.
aranDra	12616	7-308-c	absent	N	Y	N	{#aranDra#}¦ 1.
arasayitar	1188	1-293-c	absent	N	Y	N	{#arasayita/r#}¦.
arasayitar	12627	7-308-c	absent	N	Y	N	{#arasayita/r#}¦ I. 1.
aravAqa	12622	7-308-c	absent	Y	Y	N	{#*aravAqa#}¦ m. N. pr. eines Schlangendämons MAHĀVY. 167.
aravindanABi	6405	5-245-a	absent	N	Y	N	{#aravindanABi#}¦ m. Bein. Viṣṇuʼs ŚIŚ. 3,65.
aravindanABi	12623	7-308-c	absent	N	Y	N	{#aravindanABi#}¦ 5.
aravindotpalavant	12624	7-308-c	absent	N	Y	N	{#aravindotpalavant#}¦ Adj. {%mit den%} Aravinda {%und%} Utpala {%genannten Blüthen versehen%} R. ed. Bomb. 3,75,21.
arcAvEBava	2409	2-291-c	absent	N	Y	N	{#arcAvEBava#}¦ n. Titel eines Werkes OPP. Cat. 1.
arcAvEBava	12693	7-308-d	absent	N	Y	N	{#arcAvEBava#}¦ 2.
arcanAnavanIta	2407	2-291-c	absent	N	Y	N	{#arcanAnavanIta#}¦ n. Titel eines Werkes OPP. Cat. 1.
arcanAnavanIta	12691	7-308-d	absent	N	Y	N	{#arcanAnavanIta#}¦ 2.
arcatria	6425	5-245-a	absent	N	Y	N	{{Lbody=6425}}
arcatria	12690	7-308-d	absent	N	Y	N	{{Lbody=12690}}
arcirmAlya	12694	7-308-d	absent	N	Y	N	{#arcirmAlya#}¦ m. Pl. Bez. einer Gruppe von Affen R. ed. Bomb. 4,42,4.
arcizmant	12695	7-308-d	absent	N	Y	Y	{#arcizmant#}¦ I. m. auch N. pr. eines Affen R. ed. Bomb. 4,42,3.
ardin	1220	1-294-a	absent	N	Y	N	{#˚ardin#}¦ Adj. {%hart mitnehmend%} NAIṢ. 2,10.
ardin	12754	7-309-b	absent	N	Y	N	{#˚ardin#}¦ 1.
areqant	6419	5-245-a	absent	N	Y	N	{#a/reqant#}¦ Adj. etwa {%non fallens%} TS. 1,6,3,2. KĀṬH. 32,2. = {#anAdaramakurvan#} Comm.
areqant	12669	7-308-d	absent	N	Y	N	{#a/reqant#}¦ 5.
argalAy	2406	2-291-c	absent	N	Y	N	{#argalAy#}¦, {#˚yate#} {%einen Riegel bilden%} HEM. PAR. 13,58.
argalAy	12689	7-308-d	absent	N	Y	N	{{Lbody=12689}}
argalapASaka	2405	2-291-b	absent	N	Y	N	{#argalapASaka#}¦ m. {%der zur Aufnahme eines Riegels [Page2-291-c] bestimmte Ring%} ŚĪLĀṄKA 2,41.
argalapASaka	12689	7-308-d	absent	N	Y	N	{#argalapASaka#} und {#argalAy#}¦ 2.
arhadGawIcakra	12829	7-309-d	absent	Y	Y	N	{#*arhadGawIcakra#}¦ n. {%eitler Wortschwall%} oder {%Blendwerk%} MAHĀVY. 139.
arhadatta	6456	5-245-c	absent	N	Y	N	{#arhadatta#}¦ (!) m. N. pr. eines Jaina-Lehrers VARDHAMĀNAC. 1,51.
arhadatta	12828	7-309-d	absent	N	Y	N	{#arhadatta#}¦ 5.
arhadvasana	12830	7-309-d	absent	N	Y	N	{#arhadvasana#}¦ n. {%das Kleid des%} Digambara, {%Luft%} JĀTAKAM. 11.
ariktakarRa	3882	3-253-c	absent	N	Y	N	{#ariktakarRa#}¦ Adj. {%dessen Ohren voll%} —, d. i. {%betäubt sind von%} (Instr.) PR. P. 119.
ariktakarRa	12637	7-308-c	absent	N	Y	N	{#ariktakarRa#}¦ 3.
arimitramitra	5309	4-295-a	absent	N	Y	N	{#arimitramitra#}¦ n. heisst in der Politik {%der hinter dem%} {#mitramitra#} {%herrschende Fürst%} KĀM. NĪTIS. 8,16.
arimitramitra	12642	7-308-c	absent	N	Y	N	{#arimitramitra#}¦ 4.
arizwyAmaya	6415	5-245-a	absent	N	Y	N	{#arizwyAmaya#}¦ m. desgl. KĀTY. ŚR. 20,3,16.
arizwyAmaya	12645	7-308-c	absent	N	Y	N	{{Lbody=12645}}
arjitatva	1201	1-293-c	absent	N	Y	N	{#˚arjitatva#}¦ n. {%das Erworbensein durch%} KAP. 2,46. 6,55.
arjitatva	12699	7-309-a	absent	N	Y	N	{#arjitatva#}¦ 1.
arjunArcapArijAta	1202	1-293-c	absent	N	Y	N	{#arjunArcapArijAta#}¦, lies {#arjunArcA˚#}.
arkAtmaja	3886	3-253-c	absent	N	Y	N	{#*arkAtmaja#}¦ m. {%der Planet Saturn%} RĀJAN. 13,199.
arkAtmaja	12686	7-308-d	absent	N	Y	N	{#arkAtmaja#}¦ 3.
arkavant	1199	1-293-c	absent	N	Y	Y	{#arkavant#}¦ auch {%dem zu Ehren der%} Arka {%dargebracht wird%} (MAITR. S. 2,2,9) und {%das Wort%} {#arka#} {%enthalte
arkavant	12684	7-308-d	absent	N	Y	Y	{#arka/vant#}¦ I. 1.
arocin	12673	7-308-d	absent	N	Y	N	{#arocin#}¦ I. 1.
arogitva	6420	5-245-a	absent	N	Y	N	{#arogitva#}¦ n. {%Gesundheit%} YĀJÑ. 1,263.
arogitva	12671	7-308-d	absent	N	Y	N	{#arogitva#}¦ 5.
arpaRA	12816	7-309-d	absent	Y	Y	N	{#*arpaRA#}¦ f. {%Richtung der Gedanken, Entschluss%} MAHĀVY. 245,1021.
artni	6428	5-245-a	absent	N	Y	N	{#*artni#}¦ m. = 1. {#aratni#} SUBHŪTI bei RĀYAMUKUṬA zu AK. nach AUFRECHT.
artni	12704	7-309-a	absent	N	Y	N	{#artni#}¦ 5.
aruRADikaraRamaYjarI	2396	2-291-b	absent	N	Y	N	{#aruRADikaraRamaYjarI#} f. und {#aruRAmodinI#} f.¦ Titel zweier Werke OPP. Cat. 1.
aruRADikaraRamaYjarI	12659	7-308-d	absent	N	Y	N	{#aruRADikaraRamaYjarI#} und {#aruRAmodinI#}¦ 2.
aruRAmodinI	2396	2-291-b	absent	N	Y	N	{{Lbody=2396}}
aruRAmodinI	12659	7-308-d	absent	N	Y	N	{{Lbody=12659}}
arugna	12648	7-308-c	absent	N	Y	N	{{Lbody=12648}}
arujant	12652	7-308-c	absent	N	Y	N	{#arujant#}¦ R. ed. Bomb. 4,67,9 fehlerhaft für {#Arujant#}.
arvAkkAlIna	6455	5-245-b	absent	N	Y	N	{#arvAkkAlIna#}¦ Adj. {%aus jüngerer Zeit stammend%} [Page5-245-c] SĀY. zu ṚV. 10,18,5.
arvAkkAlIna	12825	7-309-d	absent	N	Y	N	{#arvAkkAlIna#}¦ 5.
asADAraRagranTa	2542	2-293-a	absent	N	Y	N	{#asADAraRagranTa#}¦ m. Titel eines Werkes OPP. Cat. 1.
asADAraRagranTa	13643	7-315-a	absent	N	Y	N	{#asADAraRagranTa#}¦ 2.
asADaka	8567	6-297-b	absent	N	Y	N	{#asADaka#}¦ auch {%nicht beweisend%}. Nom. abstr. {#˚tva#} n.
asADaka	13641	7-315-a	absent	N	Y	N	{#asADaka#}¦ I. 6.
asADyamAnatva	6684	5-248-a	absent	N	Y	N	{#asADyamAnatva#}¦ n. {%Undurchführbarkeit%} ASAHĀYA.
asADyamAnatva	13646	7-315-a	absent	N	Y	N	{#asADyamAnatva#}¦ 5.
asAMnAyyaka	13647	7-315-a	absent	N	Y	N	{#asAMnAyyaka#}¦ Adj. = {#asAMnAyya#} Comm. zu KĀTY. ŚR. 302,1. 2. 5.
asAkameDa	4012	3-255-a	absent	N	Y	N	{#a/sAkameDa#}¦ Adj. {%ohne%} Sākamedha MAITR. S. 1,10,16.
asAkameDa	13640	7-315-a	absent	N	Y	N	{#a/sAkameDa#} und {#asAkzin#}¦ 3.
asAmavedavidvaMs	13649	7-315-a	absent	N	Y	N	{#asAmavedavidvaMs#}¦ Adj. {%den%} Sāmaveda {%nicht kennend%} R. ed. Bomb. 4,3,28.
asApatnya	1453	1-296-b	absent	N	Y	N	{#asApatnya#}¦ n. {%Feindlosigkeit%} NAIṢ. 7,17.
asApatnya	13648	7-315-a	absent	N	Y	N	{#asApatnya#}¦ 1.
asArUpya	1454	1-296-b	absent	N	Y	N	{#asArUpya#}¦ n. {%Formverschiedenheit%} PARIBH. 8.
asArUpya	13652	7-315-a	absent	N	Y	N	{#asArUpya#}¦ 1.
asArvaBOma	4014	3-255-a	absent	N	Y	N	{#asArvaBOma#}¦ m. {%kein Weltherrscher, — Kaiser%} ĀPAST. ŚR. 20,1.
asArvaBOma	13654	7-315-a	absent	N	Y	N	{#asArvaBOma#}¦ 3.
asArvatrika	1455	1-296-b	absent	N	Y	N	{#asArvatrika#}¦, f. {#I#} BĀDAR. 3,4,10.
asArvatrika	8570	6-297-b	absent	N	Y	N	{#asArvatrika#}¦ (auch Nachtr. 1), Nom. abstr. {#˚tva#} n. KUSUM. 29,21.
asArvatrika	13653	7-315-a	absent	N	Y	N	{#asArvatrika#}¦ I. 1. 6.
asAyaka	8569	6-297-b	absent	N	Y	N	{#asAyaka#}¦ Adj. {%ohne Pfeil%} KATHĀS. 4,3.
asAyaka	13651	7-315-a	absent	N	Y	N	{#asAyaka#}¦ 6.
asKalana	8578	6-297-b	absent	N	Y	N	{#asKalana#}¦ n. {%das Nichtkommen um%} (Abl.) MBH. 1,73,34.
asKalana	13709	7-315-c	absent	N	Y	N	{#asKalana#}¦ 6.
asKalant	6697	5-248-b	absent	N	Y	N	{#asKalant#}¦ Adj. {%nicht strauchelnd, nirgends hängen bleibend%} HEM. PAR. 1,181.
asKalant	13710	7-315-c	absent	N	Y	N	{#asKalant#}¦ 5.
asPAwita	8585	6-297-c	absent	N	Y	N	{#asPAwita#}¦ Adj. {%nicht rissig, keine Risse habend%} Cit. im ŚKDR. u. {#pawa#}.
asPAwita	13748	7-315-d	absent	N	Y	N	{#asPAwita#}¦ 6.
asPurant	1474	1-296-b	absent	N	Y	N	{#asPurant#}¦ Adj. {%nicht zitternd%} HEMĀDRI 1,681,17.
asPurant	13751	7-315-d	absent	N	Y	N	{#asPurant#}¦ 1.
asPuwita	1473	1-296-b	absent	N	Y	N	{#asPuwita#}¦ auch {%nicht geöffnet%} (Augen) NAIṢ. 1,141.
asPuwita	13750	7-315-d	absent	N	Y	N	{#asPuwita#}¦ I. 1.
asPya	5369	4-295-c	absent	N	Y	N	{#asPya#}¦ Adj. {%den%} Sphya {%nicht in der Hand haltend%} ĀPAST. ŚR. 11,9,7.
asPya	13752	7-315-d	absent	N	Y	N	{#asPya#}¦ 4.
asTI	13739	7-315-d	absent	Y	Y	N	{#*asTI#}¦ Adv. mit {#kar#} {%mit Eifer betrieben%} MAHĀVY. 99. Richtig {#AsTI#}.
asTiBedana	5368	4-295-c	absent	N	Y	N	{#asTiBedana#}¦ n. {%Knochenbruch%}.
asTiBedana	13736	7-315-d	absent	N	Y	N	{#asTiBedana#}¦ 4.
asTuzas	1469	1-296-b	absent	N	Y	N	{#asTuzas#}¦ in einem best. Falle zu sprechen für {#tasTuzas#} TĀṆḌYA-BR. 7,7,16.
asTuzas	13740	7-315-d	absent	N	Y	N	{#asTuzas#}¦ 1.
asUryaMpaSya	6690	5-248-a	absent	N	Y	N	{#asUryaMpaSya#}¦ 1〉 Nom. abstr. {#˚tA#} f. HEM. PAR. 2,139.
asUryaMpaSya	13691	7-315-b	absent	N	Y	N	{#asUryaMpaSya#}, {#asUsu/#} und {#asUsU/#}¦ I. 5.
asUsu	6691	5-248-a	absent	N	Y	Y	{#asUsu/#}¦, WHITNEY nimmt {#asUsU/#} an.
asUsu	13691	7-315-b	absent	N	Y	Y	{{Lbody=13691}}
asUy	1462	1-296-b	absent	N	Y	Y	{#asUy#}¦, statt des blossen Acc. auch Acc. mit {#prati#} MBH. 12,109,13. — Mit {#aBi#} {%ungehalten sein%} NAIṢ. 3,102.
asUy	6689	5-248-a	absent	N	Y	Y	{#asUy#}¦ Z. 3 1〉 zu streichen und Z. 4 st. 2〉 zu setzen Mit {#aBi#}.
asUy	13689	7-315-b	absent	N	Y	Y	{#asUy#}¦ I. 1. 5. — Mit {#aBi#} 1. 5. {#aByasUya#} Absol. R. 2,8,1. {#aByasUyitum#} 4,15,22.
asUyin	1463	1-296-b	absent	N	Y	N	{#asUyin#}¦ in {#anasUyin#}.
asUyin	13690	7-315-b	absent	N	Y	N	{#asUyin#}¦ 1.
asaByArTAntara	8558	6-297-b	absent	N	Y	N	{#asaByArTAntara#}¦ Adj. {%von unanständiger Nebenbedeutung%} ebend. und VĀMANA 2,1,15.
asaByArTAntara	13581	7-314-c	absent	N	Y	N	{{Lbody=13581}}
asaByArTa	8557	6-297-b	absent	N	Y	N	{#asaByArTa#}¦ Adj. {%von unanständiger Bedeutung%} SARASVATĪK. 5,15.
asaByArTa	13581	7-314-c	absent	N	Y	N	{{Lbody=13581}}
asaByasmftihetu	8556	6-297-b	absent	N	Y	N	{#asaByasmftihetu#}¦ m. {%die Ursache der Ideenassociation von etwas Unanständigem%} SARASVATĪK. 5,15. VĀMANA 2,1,15.
asaByasmftihetu	13581	7-314-c	absent	N	Y	N	{#asaByasmftihetu#}, {#asaByArTa#} und {#asaByArTAntara#}¦ 6.
asaDnIcIna	8550	6-297-a	absent	N	Y	N	{#asaDnIcIna#}¦ Adj. {%unrecht, unrichtig%} BHĀG. P. 5,9,5.
asaDnIcIna	13569	7-314-c	absent	N	Y	N	{#asaDnIcIna#}¦ 6.
asaMBUta	13620	7-315-a	absent	N	Y	N	{#asaMBUta#}¦ Adj. {%nicht vorhanden, — da seiend, fingirt%} R. ed. Bomb. 4,32,4.
asaMBavapattra	2539	2-293-a	absent	N	Y	N	{#asaMBavapattra#}¦ n. Titel eines Werkes OPP. Cat. 1.
asaMBavapattra	13617	7-314-d	absent	N	Y	N	{#asaMBavapattra#}¦ 2.
asaMBfta	1449	1-296-b	absent	N	Y	N	{#asaMBfta#}¦ Adj. {%nicht gemacht, natürlich%} KUMĀRAS. 1,31.
asaMBfta	13621	7-315-a	absent	N	Y	N	{#asaMBfta#}¦ 1.
asaMBindant	1448	1-296-b	absent	N	Y	N	{#asaMBindant#}¦ Adj. (f. {#˚tI#}) {%nicht verletzend%} TĀṆḌYA-BR. 7,9,11.
asaMBindant	2540	2-293-a	absent	N	Y	N	{#a/saMBindant#}¦ auch {%nicht untereinander mengend%} TBR. 3,7,5,6.
asaMBindant	13619	7-315-a	absent	N	Y	N	{#a/saMBindant#}¦ 1. 2.
asaMNga	13540	7-314-b	absent	N	Y	N	1. {#asaMNga#}¦ I. Instr. so v. a. {%unaufhaltsam%} R. ed. Bomb. 4,14,18. {#˚m#} Adv. {%unverzüglich%} JĀTAKAM. 10,27.
asaMSAruka	2523	2-292-c	absent	N	Y	N	{#asaMSAruka#}¦ Adj. {%nicht zusammenbrechend%} KAP. S. 44,9.
asaMSAruka	13508	7-314-a	absent	N	Y	N	{#asaMSAruka#}¦ 2.
asaMSiYjayant	8526	6-296-c	absent	N	Y	N	{#a/saMSiYjayant#}¦ Adj. {%nicht klingend zusammenstossend%} ŚAT. BR. 11,4,2,2.
asaMSiYjayant	13509	7-314-a	absent	N	Y	N	{#a/saMSiYjayant#}¦ 6.
asaMSrAnta	8527	6-297-a	absent	N	Y	N	{#asaMSrAnta#}¦ Adj. {%unermüdlich%} SUŚR. 2,244,3.
asaMSrAnta	13511	7-314-a	absent	N	Y	N	{#asaMSrAnta#}¦ 6.
asaMSudDa	1425	1-296-a	absent	N	Y	N	{#asaMSudDa#}¦ Adj. {%nicht bereinigt, — bezahlt%}.
asaMSudDa	13510	7-314-a	absent	N	Y	N	{#asaMSudDa#}¦ 1.
asaMcalant	2529	2-293-a	absent	N	Y	N	{#asaMcalant#}¦ Adj. {%sich nicht entfernend von%} (Abl.).
asaMcalant	13549	7-314-b	absent	N	Y	N	{#asaMcalant#}¦ 2.
asaMcetayamAna	1434	1-296-a	absent	N	Y	N	{#asaMcetayamAna#}¦ Adj. {%nicht gewahr werdend%} Spr. 6125.
asaMcetayamAna	13550	7-314-b	absent	N	Y	N	{#asaMcetayamAna#}¦ 1.
asaMdeSa	8553	6-297-b	absent	N	Y	N	{#asaMdeSa#}¦ m. {%kein Auftrag, — Geheiss%} R. 5,24,20.
asaMdeSa	13573	7-314-c	absent	N	Y	N	{{Lbody=13573}}
asaMdeham	8554	6-297-b	absent	N	Y	N	{#asaMdeham#}¦ Adv. {%ohne Zweifel, sicher%} Spr. 182.
asaMdeham	13573	7-314-c	absent	N	Y	N	{{Lbody=13573}}
asaMgfhItatva	13542	7-314-b	absent	N	Y	N	{#asaMgfhItatva#}¦ n. {%das nicht im Zaume Gehaltenwerden%} MBH. 7,188,4.
asaMgrAmeRa	4000	3-255-a	absent	N	Y	N	{#asaMgrAmeRa#}¦ Instr. {%ohne Kampf%} HARIV. 1940.
asaMgrAmeRa	13544	7-314-b	absent	N	Y	N	{#asaMgrAmeRa#}¦ 3.
asaMhAyyam	8537	6-297-a	absent	N	Y	N	{#asaMhAyyam#}¦ TĀṆḌYA-BR. 9,1,21 fehlerhaft für {#asaMhAryam#}; vgl. {#asaMhArya#} Nachtr. 1.
asaMhAyyam	13524	7-314-b	absent	N	Y	N	{#asaMhAyyam#}¦ 6.
asaMhati	8536	6-297-a	absent	N	Y	N	{#asaMhati#}¦ f. {%das Nichtverbundensein%} KĀM. NĪTIS. 19,51. MĀRK. P. 102,3.
asaMhati	13522	7-314-b	absent	N	Y	N	{#asaMhati#}¦ 6.
asaMhatyakArin	13523	7-314-b	absent	N	Y	N	{#asaMhatyakArin#}¦ Adj. {%isolirt —, für sich allein wirkend%}. Nom. abstr. {#˚ritva#} n. SĀṂKHYAPR. 1,75.
asaMhfta	8538	6-297-a	absent	N	Y	N	{#asaMhfta#}¦ Adj. {%ununterbrochen%} UTTARAR. 1,16. 17 (2,9. 10).
asaMhfta	13526	7-314-b	absent	N	Y	N	{#asaMhfta#}¦ 6.
asaMjAta	2530	2-293-a	absent	N	Y	N	{#asaMjAta#}¦ Adj. {%nicht erstanden, — zum Vorschein gekommen%} Spr. 2135.
asaMjAta	13551	7-314-b	absent	N	Y	N	{#asaMjAta#}¦ 2.
asaMjYin	4004	3-255-a	absent	N	Y	Y	{#asaMjYin#}¦ Adj. {%kein Bewusstsein habend%} (Wesen) VAJRACCH. 20,18.
asaMjYin	13555	7-314-c	absent	N	Y	Y	{#asaMjYin#}¦ 3.
asaMkucita	2526	2-292-c	absent	N	Y	N	{#asaMkucita#}¦ Adj. 1〉 {%nicht gerunzelt%}. — 2〉 {%ungeschmälert%}.
asaMkucita	13534	7-314-b	absent	N	Y	N	{#asaMkucita#} und {#asaMkxpta#}¦ 2.
asaMlakzita	6671	5-248-a	absent	N	Y	N	{#asaMlakzita#}¦ Adj. {%unbemerkt%} KATHĀS. 78,132.
asaMlakzita	13499	7-314-a	absent	N	Y	N	{#asaMlakzita#} und {#asaMlulita#}¦ 5.
asaMlulita	6672	5-248-a	absent	N	Y	N	{#*asaMlulita#}¦ Adj. {%nicht verwirrt%} (Haar) VYUTP. 12.
asaMlulita	13499	7-314-a	absent	N	Y	N	{{Lbody=13499}}
asaMmatAvavAda	13623	7-315-a	absent	Y	Y	N	{#*asaMmatAvavAda#}¦ m. {%unautorisirtes Predigen%} MAHĀVY. 261.
asaMnayant	4006	3-255-a	absent	N	Y	N	{#asaMnayant#}¦ Adj. {%keine aus süsser und saurer Milch gemischte Spende darbringend%} KĀTY. ŚR. 4,2,36.
asaMnayant	13574	7-314-c	absent	N	Y	N	{#asaMnayant#}¦ 3.
asaMnivizwa	6675	5-248-a	absent	N	Y	N	{#asaMnivizwa#}¦ Adj. {%nicht aufgehend —, nicht enthalten in%} (Loc.) R. 2,21,57.
asaMnivizwa	13575	7-314-c	absent	N	Y	N	{#asaMnivizwa#}¦ 5.
asaMparigraha	13604	7-314-d	absent	N	Y	N	{#asaMparigraha#}¦ Adj. {%nicht angenommen, zurückgewiesen%} JĀTAKAM. 9,78.
asaMpraKyAna	13606	7-314-d	absent	Y	Y	N	{#*asaMpraKyAna#}¦ n. vielleicht {%Mangel an Einsicht%} MAHĀVY. 127. 133.
asaMprajYAna	13609	7-314-d	absent	Y	Y	N	{#*asaMprajYAna#}¦ n. {%Nichterkenntniss%} MAHĀVY. 245,488.
asaMprajYAta	13608	7-314-d	absent	N	Y	N	{#asaMprajYAta#}¦ Adj. {%bewusstlos%} Comm. zu YOGAS. 1,17. fg. {#˚yogin#} m. {%ein%} Yogin {%im Zustande der Bewusstlos
asaMprajanya	13607	7-314-d	absent	Y	Y	N	{#*asaMprajanya#}¦ n. {%Mangel an klarem Bewusstsein, — Besonnenheit%} MAHĀVY. 104.
asaMprakIrRa	1446	1-296-a	absent	N	Y	N	{#asaMprakIrRa#}¦ Adj. {%unvermengt%}.
asaMprakIrRa	13605	7-314-d	absent	N	Y	N	{#asaMprakIrRa#}¦ 1.
asaMpramARa	1447	1-296-b	absent	N	Y	N	{#asaMpramARa#}¦ Adj. {%nicht zu geräumig%} ŚĀṄKH. GṚHY. 6,2.
asaMpramARa	13611	7-314-d	absent	N	Y	N	{#asaMpramARa#}¦ 1.
asaMprayuYjant	5361	4-295-c	absent	N	Y	N	{#asaMprayuYjant#}¦ Adj. {%keinen freien Lauf gewährend, hemmend%} (die Sinne) BHĀG. P. 11,26,33.
asaMprayuYjant	13613	7-314-d	absent	N	Y	N	{#asaMprayuYjant#}¦ 4.
asaMprezita	2538	2-293-a	absent	N	Y	N	{#asaMprezita#}¦ Adj. {%unaufgefordert%} ĀPAST. ŚR. 13,1,6.
asaMprezita	13614	7-314-d	absent	N	Y	N	{#asaMprezita#}¦ 2.
asaMrUQa	13497	7-314-a	absent	N	Y	N	{#asaMrUQa#}¦ Adj. {%noch nicht vernarbt%} JĀTAKAM. 19.
asaMrakta	3991	3-254-c	absent	N	Y	N	{#asaMrakta#}¦ Adj. {%keine Liebe empfindend%} HARIV. 11264. v. l. {#asaMsakta#}.
asaMrakta	13496	7-314-a	absent	N	Y	N	{#asaMrakta#}¦ 3.
asaMsTiti	2524	2-292-c	absent	N	Y	N	{#asaMsTiti#}¦ f. {%das Nichtruhen in%} (im Comp. vorangehend) ŚĀṆḌ. 4.
asaMsTiti	13519	7-314-b	absent	N	Y	N	{#asaMsTiti#}¦ 2.
asaMsargin	8529	6-297-a	absent	N	Y	N	{#˚asaMsargin#}¦ Adj. {%frei von%} ŚAṂK. zu BṚH. ĀR. UP. S. 88.
asaMsargin	13513	7-314-b	absent	N	Y	N	{#asaMsargin#} und {#asaMsfzwin#}¦ 6.
asaMsfzwin	8530	6-297-a	absent	N	Y	N	{#asaMsfzwin#}¦ Adj. {%nach erfolgter Erbtheilung mit den Verwandten nicht wieder auf gemeinsame Kosten lebend%} GAUT. 2
asaMsfzwin	13513	7-314-b	absent	N	Y	N	{{Lbody=13513}}
asaMskftapraBAvita	3997	3-255-a	absent	N	Y	N	{#asaMskftapraBAvita#}¦ Adj. {%unbeschränkt mächtig%} VAJRACCH. 24,9.
asaMskftapraBAvita	13516	7-314-b	absent	N	Y	N	{#asaMskftapraBAvita#}¦ 3.
asaMspfzwa	8534	6-297-a	absent	N	Y	N	{#asaMspfzwa#}¦ Adj. 1〉 {%unerreicht%} KATHĀS. 17,131. — 2〉 {%nicht verunreinigt%} SARVAD. 32,13.
asaMspfzwa	13520	7-314-b	absent	N	Y	N	{#asaMspfzwa#} und {#asaMsyandayant#}¦ 6.
asaMsyUta	1427	1-296-a	absent	N	Y	N	{#asaMsyUta#}¦ Adj. {%unzerbissen%} PĀR. GṚHY. 2,14,25.
asaMsyUta	13521	7-314-b	absent	N	Y	N	{#asaMsyUta#}¦ 1.
asaMsyandayant	8535	6-297-a	absent	N	Y	N	{#asaMsyandayant#}¦ Adj. {%nicht zusammenlaufen lassend%} ĀPAST. ŚR. 1,25,15.
asaMsyandayant	13520	7-314-b	absent	N	Y	N	{{Lbody=13520}}
asaMtardana	8551	6-297-a	absent	N	Y	N	{#asaMtardana#}¦ m. {%das Nichtaneinanderbefestigen%} Comm. zu JAIM. 3,3,24.
asaMtardana	13573	7-314-c	absent	N	Y	N	{#asaMtardana#}, {#asaMtfRRa#}, {#asaMdeSa#} und {#asaMdeham#}¦ 6.
asaMtfRRa	8552	6-297-b	absent	N	Y	N	{#asaMtfRRa#}¦ Adj. {%nicht aneinander befestigt%} ebend.
asaMtfRRa	13573	7-314-c	absent	N	Y	N	{{Lbody=13573}}
asaMvAsa	8524	6-296-c	absent	N	Y	N	{#asaMvAsa#}¦ Adj. {%keinen festen Wohnsitz habend, nomadisirend%} MBH. 13,111,128.
asaMvAsa	13504	7-314-a	absent	N	Y	N	{{Lbody=13504}}
asaMvIta	8525	6-296-c	absent	N	Y	N	{#asaMvIta#}¦ Adj. (f. {#A#}) {%unbekleidet%} MBH. 3,61,6. BHĀG. P. 5,6,8. 6,18,49.
asaMvIta	13506	7-314-a	absent	N	Y	N	{#asaMvIta#}¦ 6.
asaMvala	8523	6-296-c	absent	N	Y	N	{#asaMvala#}¦ Adj. {%ohne Wegekost%} ŚATR. 10,182 ({#asambala#} geschr.).
asaMvala	13504	7-314-a	absent	N	Y	N	{#asaMvala#} und {#asaMvAsa#}¦ 6.
asaMvartamAna	6673	5-248-a	absent	N	Y	N	{#a/saMvartamAna#}¦, so zu betonen.
asaMvartamAna	13503	7-314-a	absent	N	Y	N	{#a/saMvartamAna#}¦ I. 5.
asaMvasant	22246	7-386-c	absent	N	Y	N	{#asaMvasant#}¦ Adj. {%nicht verkehrend mit%} (Instr.) M. 4,246.
asaMvatsaradIkzita	13500	7-314-a	absent	N	Y	N	{#asaMvatsaradIkzita#}¦ Adj. {%noch kein Jahr geweiht%} ŚĀṄKH. ŚR. 16,20,11.
asaMvihita	3994	3-254-c	absent	N	Y	N	{#asaMvihita#}¦ Adj. {%wofür man nicht die gehörige Sorge getragen hat%} MBH. 12,130,4.
asaMvihita	13505	7-314-a	absent	N	Y	N	{{Lbody=13505}}
asaMyacCant	3990	3-254-c	absent	N	Y	N	{#asaMyacCant#}¦ Adj. {%nicht zügelnd, — in der Gewalt habend%} MBH. 12,91,42.
asaMyacCant	13489	7-314-a	absent	N	Y	N	{#asaMyacCant#}¦ 3.
asaMyamitAlakin	13493	7-314-a	absent	N	Y	N	{#asaMyamitAlakin#}¦ Adj. {%mit unaufgebundenen Locken%} DAŚAK. (1883) 60,19. v. l. {#asaMskftAlakin#}.
asaMyamitAlakin	22245	7-386-c	absent	N	Y	N	{#asaMyamitAlakin#}¦ 7. Lies KĀD. st. DAŚAK.
asaMyant	6669	5-248-a	absent	N	Y	Y	{#a/saMyant#}¦, so richtiger betont in einigen Hdschrr.
asaMyant	13492	7-314-a	absent	N	Y	Y	{#a/saMyant#}¦ I. 5.
asabrahmacArin	1437	1-296-a	absent	N	Y	N	{#asabrahmacArin#}¦ m. {%kein Mitschüler%} PĀR. GṚHY. 2,11,9.
asabrahmacArin	13580	7-314-c	absent	N	Y	N	{#asabrahmacArin#}¦ 1.
asadgati	8549	6-297-a	absent	N	Y	N	{#asadgati#}¦ f. {%eine schlimme Stellung, ein schlimmes Loos%} BHĀG. P. 3,19,29.
asadgati	13567	7-314-c	absent	N	Y	N	{#asadgati#}¦ 6.
asahacarita	1451	1-296-b	absent	N	Y	N	{#asahacarita#}¦ Adj. {%kein Genoss seiend%} PARIBH. 103.
asahacarita	13632	7-315-a	absent	N	Y	N	{#asahacarita#}¦ 1.
asahant	8565	6-297-b	absent	N	Y	N	{#asahant#}¦ Adj. (f. {#˚ntI#}) {%nicht ertragend%} 〔100,8〕.
asahant	13634	7-315-a	absent	N	Y	N	{#asahant#}¦ I. 6.
asahasra	8566	6-297-b	absent	N	Y	N	{#asahasra#}¦ n. {%kein volles Tausend%} CHĀND. UP. 4,4,5.
asahasra	13636	7-315-a	absent	N	Y	N	{#asahasra#}¦ 6.
asajjant	4001	3-255-a	absent	N	Y	N	{#asajjant#}¦ Adj. {%nicht hängend an%} (Loc.) MBH. 12,248,19 (Bl. 112,a).
asajjant	13546	7-314-b	absent	N	Y	N	{#asajjant#}¦ 3.
asajjita	8544	6-297-a	absent	N	Y	N	{#asajjita#}¦ Adj. {%an Nichts geheftet%} ({#Atman#}) BHĀG. P. 5,13,20.
asajjita	13547	7-314-b	absent	N	Y	N	{#asajjita#}¦ 6.
asakASe	3998	3-255-a	absent	N	Y	N	{#asakASe#}¦ Loc. {%nicht in der Nähe von%} (Gen.) MĀN. GṚHY. 2,5.
asakASe	13527	7-314-b	absent	N	Y	N	{#asakASe#}¦ 3.
asakfdAvartin	8539	6-297-a	absent	N	Y	N	{#asakfdAvartin#}¦ Adj. {%oftmals wiederkehrend%} CHĀND. UP. 5,10,8.
asakfdAvartin	13528	7-314-b	absent	N	Y	N	{#asakfdAvartin#}¦ 6.
asamADAna	6676	5-248-a	absent	N	Y	N	{#asamADAna#}¦ n. {%Unbedachtsamkeit%} CAMPAKA 460.
asamADAna	13594	7-314-d	absent	N	Y	N	{#asamADAna#}¦ 5.
asamAveSa	1442	1-296-a	absent	N	Y	N	{#asamAveSa#}¦ m. {%Nichtbesetzung%} MAHĀBH. in Ind. St. 13,472.
asamAveSa	13598	7-314-d	absent	N	Y	N	{#asamAveSa#}¦ 1.
asamAvftta	6677	5-248-a	absent	N	Y	N	{#asamAvftta#}¦ Adj. = {#asamAvfttaka#} ĀPAST. 2,6,12.
asamAvftta	13597	7-314-d	absent	N	Y	N	{#asamAvftta#}¦ 5.
asamaSIla	5360	4-295-c	absent	N	Y	N	{#asamaSIla#}¦ Adj. {%unebenbürtig%} BHĀM. V. 1,1.
asamaSIla	13591	7-314-d	absent	N	Y	N	{#asamaSIla#}¦ 4.
asamabalatA	13584	7-314-c	absent	N	Y	N	{#asamabalatA#}¦ f. {%keine gleiche Mächtigkeit%} ŚĀṄKH. BR. 26,9.
asamahAvrata	4010	3-255-a	absent	N	Y	N	{#asamahAvrata#}¦ Adj. {%mit keinem%} Mahāvrata-{%Tage versehen%} ĀPAST. ŚR. 23,2.
asamahAvrata	13593	7-314-d	absent	N	Y	N	{#asamahAvrata#}¦ 3.
asamara	2536	2-293-a	absent	N	Y	N	{#asamara#}¦ Adj. {%nicht kämpfend, friedfertig%} ŚOBH. 50.
asamara	13586	7-314-c	absent	N	Y	N	{#asamara#}¦ I. 2.
asamavaDAna	13588	7-314-c	absent	N	Y	N	{#asamavaDAna#}¦ n. {%das Nichtzusammentreffen [Page7-314-d] an einem Orte, Nichtbegegnung%} JĀTAKAM. 7.
asamayavimukta	13585	7-314-c	absent	Y	Y	N	{#*asamayavimukta#}¦ Adj. Bez. {%eines%} Śrāvaka {%in einem best. Stadium der geistigen und sittlichen Entwickelung%} MA
asambala	8559	6-297-b	absent	N	Y	N	{#asambala#}¦ Adj. s. oben u. {#asaMvala#}.
asambala	13615	7-314-d	absent	N	Y	N	{#asambala#}¦ 6.
asamiDyamAna	13600	7-314-d	absent	N	Y	N	{#a/samiDyamAna#}¦ Adj. {%sich nicht entzündend%} MAITR. S. 1,6,5 (95,6).
asamudAcAra	13602	7-314-d	absent	N	Y	N	{#asamudAcAra#}¦ m. {%ungehöriges Betragen%} JĀTAKAM. 19.
asant	13572	7-314-c	absent	N	Y	Y	1. {#asant#}¦ I. {#asat#} mit {#kar#} {%schlecht empfangen%} JĀTAKAM. 22,70. {%schlecht behandeln%} 23.
asapUrva	8555	6-297-b	absent	N	Y	N	{#asapUrva#}¦ Adj. (f. {#A#}) {%von den Vorfahren nicht besessen%} RĀJAT. 2,8.
asapUrva	13579	7-314-c	absent	N	Y	N	{#asapUrva#}¦ 6.
asapatnezwakA	1436	1-296-a	absent	N	Y	N	{#asapatnezwakA#}¦ f. = {#asapatna#} 2〉 VAITĀN.
asapatnezwakA	13577	7-314-c	absent	N	Y	N	{#asapatnezwakA#}¦ 1.
asargabanDa	8561	6-297-b	absent	N	Y	N	{#asargabanDa#}¦ Adj. {%nicht in Kapitel eingetheilt%} PRATĀPAR. 19,a,6.
asargabanDa	13627	7-315-a	absent	N	Y	N	{#asargabanDa#}¦ 6.
asarvagocara	2541	2-293-a	absent	N	Y	N	{#asarvagocara#}¦ Adj. {%nicht Allen zugänglich, für Andre verschlossen%} AK. 3,4,14,68.
asarvagocara	13628	7-315-a	absent	N	Y	N	{#asarvagocara#}¦ 2.
asarvavizaya	8563	6-297-b	absent	N	Y	N	{#asarvavizaya#}¦ Adj. {%sich nicht auf Alles beziehend, nicht allgemein%}. Nom. abstr. {#˚tva#} n. Comm. zu VĀMANA 5,2.
asarvavizaya	13629	7-315-a	absent	N	Y	N	{{Lbody=13629}}
asatpaTajuz	5359	4-295-c	absent	N	Y	N	{{Lbody=5359}}
asatpratipakzin	8547	6-297-a	absent	N	Y	N	{#asatpratipakzin#}¦ Adj. {%wogegen kein triftiger Einwand erhoben werden kann%}. Nom. abstr. {#˚kzitva#} n. Z. d. d. m.
asatpratipakzin	13560	7-314-c	absent	N	Y	N	{{Lbody=13560}}
asatpriya	13561	7-314-c	absent	N	Y	N	{#asatpriya#}¦ Adj. {%dem es an Freunden gebricht%} R. ed. Bomb. 4,43,53.
asatsaMparka	8548	6-297-a	absent	N	Y	N	{#asatsaMparka#}¦ m. {%eine Berührung mit Unwürdigen, — mit Schlechten%} Spr. 7463.
asatsaMparka	13565	7-314-c	absent	N	Y	N	{#asatsaMparka#}¦ 6.
asatvaram	2532	2-293-a	absent	N	Y	N	{#asatvaram#}¦ Adv. {%langsam, gründlich%} BHĀG. P. 4,9,5.
asatvaram	13564	7-314-c	absent	N	Y	N	{#asatvaram#}¦ 2.
asatyavacana	6674	5-248-a	absent	N	Y	N	{#asatyavacana#}¦ Adj. (f. {#A#}) {%unwahr redend, lügnerisch%} MBH. 1,74,73.
asatyavacana	13562	7-314-c	absent	N	Y	N	{#asatyavacana#}¦ 5.
asevana	13697	7-315-c	absent	N	Y	N	{#asevana#}¦ n. und {#˚nA#} f. {%Mangel an Rücksichtnahme, Vernachlässigung%} JĀTAKAM. 23,16.
asfjant	5366	4-295-c	absent	N	Y	N	{#asfjant#}¦ Adj. {%nicht schaffend%} SARVAD. 121,5.
asfjant	13694	7-315-b	absent	N	Y	N	{#asfjant#}¦ 4.
asfkapaNkapezam	6692	5-248-a	absent	N	Y	N	{#asfkapaNkapezam#}¦ Absol. mit {#piz#} {%zu einem Blutsumpf [Page5-248-b] zermalmen%} ŚIŚ. 18,45.
asfkapaNkapezam	13692	7-315-b	absent	N	Y	N	{#asfkapaNkapezam#}¦ 5.
asiDAra	13666	7-315-b	absent	Y	Y	N	{#*asiDAra#}¦ m. {%eine best. Hölle%} MAHĀVY. 215.
asikta	8571	6-297-b	absent	N	Y	N	{#asikta#}¦ Adj. {%unbegossen%} ŚĀK. 84, v. l.
asikta	13656	7-315-a	absent	N	Y	N	{#asikta#}¦ 6.
asitAlakARqA	13664	7-315-b	absent	N	Y	N	{#asitAlakARqA#}¦ (?) KAUŚ. 35,28.
askanDa	4025	3-255-a	absent	N	Y	N	{#askanDa#}¦ m. {%keine Ansammlung%} VAJRACCH. 24,16.
askanDa	13707	7-315-c	absent	N	Y	N	{#askanDa#}¦ 3.
askandamAna	8577	6-297-b	absent	N	Y	N	{#askandamAna#}¦ Adj. {%nicht herausspritzend%} (intrans.) SUŚR. 1,47,9.
askandamAna	13706	7-315-c	absent	N	Y	N	{#askandamAna#}¦ 6.
asmaddAtra	6704	5-248-b	absent	N	Y	N	{#asma/ddAtra#}¦ Adj. {%von uns gegeben%} TS. 1,4,43,2.
asmaddAtra	13754	7-315-d	absent	N	Y	N	{#asma/ddAtra#}¦ 5.
asmaryamARa	8586	6-297-c	absent	N	Y	N	{#asmaryamARa#}¦ Adj. {%dessen man sich nicht erinnert, vergessen%} SARVAD. 127,17. 19.
asmaryamARa	13756	7-315-d	absent	N	Y	N	{#asmaryamARa#}¦ 6.
asmftadruh	13759	7-315-d	absent	N	Y	N	{#a/smftadruh#} und {#a/smftaDru#}¦ I. 3.
asoQar	6694	5-248-b	absent	N	Y	N	{#asoQar#}¦ Nom. ag. {%nicht ertragend%} ŚĀŚVATA 32.
asoQar	13700	7-315-c	absent	N	Y	N	{#asoQar#}¦ 5.
asrasta	8588	6-297-c	absent	N	Y	N	{#asrasta#}¦ Adj. MBH. 4,22,80 fehlerhaft für {#Asrasta#}, wie die anderen Ausgaben lesen.
asrasta	13763	7-315-d	absent	N	Y	N	{#asrasta#}¦ 6.
astamitAvavAda	13711	7-315-c	absent	Y	Y	N	{#*astamitAvavAda#}¦ m. {%das Predigen nach Sonnenuntergang%} MAHĀVY. 261.
astavya	8579	6-297-b	absent	N	Y	N	{#astavya#}¦ Adj. {%nicht zu loben, — verherrlichen%} MBH. 2,44,25.
astavya	13714	7-315-c	absent	N	Y	N	{#astavya#}¦ 6.
asteyatA	1466	1-296-b	absent	N	Y	N	{#asteyatA#}¦ f. = {#asteya#} HEMĀDRI 2,a,7,21.
asteyatA	13720	7-315-c	absent	N	Y	N	{#asteyatA#}¦ 1.
astfRant	2550	2-293-a	absent	N	Y	N	{#astfRant#}¦ Adj. {%nicht streuend%} ĀPAST. ŚR. 8,14,4.
astfRant	13718	7-315-c	absent	N	Y	N	{#astfRant#}¦ 2.
astoma	1467	1-296-b	absent	N	Y	N	{#astoma#}¦ m. {%kein rechter%} Stoma TĀṆḌYA-BR. 3,9,3.
astoma	13722	7-315-c	absent	N	Y	N	{#astoma#}¦ 1.
astomaBAj	13723	7-315-c	absent	N	Y	N	{#a/stomaBAj#}¦ Adj. {%am%} Stoma {%nicht theilhabend%} MAITR. S. 4,7,1 (94,10).
astotriya	13721	7-315-c	absent	N	Y	N	{#astotriya#}¦ m. {%kein%} Stotriya ŚĀṄKH. ŚR. 7,26,1 (vgl. Nachtr.).
astraKadira	6699	5-248-b	absent	N	Y	N	{#*astraKadira#}¦, vgl. {#*asraKadira#}, welches nach LEUMANN wohl richtiger ist.
astraKadira	13726	7-315-c	absent	N	Y	N	{#astraKadira#}¦ I. 5.
astrakzatimant	8580	6-297-b	absent	N	Y	N	{#astrakzatimant#}¦ Adj. {%durch Geschosse verwundet%} ŚIŚ. 19,78.
astrakzatimant	13725	7-315-c	absent	N	Y	N	{#astrakzatimant#}¦ 6.
asuKAy	13674	7-315-b	absent	N	Y	N	{#asuKAy#}¦, {#˚yate#} {%Unlust —, Missbehagen empfinden, kein Gefallen finden%} JĀTAKAM. 18,29.
asuKada	8573	6-297-b	absent	N	Y	N	{#asuKada#}¦ Adj. {%Leid bereitend, wehe thuend%} SARASVATĪK. 2,7.
asuKada	13673	7-315-b	absent	N	Y	N	{#asuKada#}¦ 6.
asuboDa	6687	5-248-a	absent	N	Y	N	{#asuboDa#}¦ Adj. {%nicht leicht zu erlernen%} ŚIŚ. 15,19.
asuboDa	13679	7-315-b	absent	N	Y	N	{#asuboDa#}¦ 5.
asudarSana	1460	1-296-b	absent	N	Y	N	{#asudarSana#}¦ Adj. {%nicht leicht zu erblicken%}. Nom. abstr. {#˚tA#} f. HEMĀDRI 1,333,15.
asudarSana	13677	7-315-b	absent	N	Y	N	{#asudarSana#}¦ 1.
asurasaMcodana	2546	2-293-a	absent	N	Y	N	{#asurasaMcodana#}¦ m. {%ein best.%} Samādhi KĀRAṆḌ. 52,7.
asurasaMcodana	13684	7-315-b	absent	N	Y	N	{#asurasaMcodana#}¦ 2.
asurendrA	2547	2-293-a	absent	N	Y	N	{#asurendrA#}¦ f. N. pr. einer Kiṃnara-Jungfrau KĀRAṆḌ. 6,21.
asvAmya	4036	3-255-b	absent	N	Y	N	{#asvAmya#}¦ n. {%kein Eigenthumsrecht, keine freie Verfügung%} DEVALA.
asvAmya	13773	7-316-a	absent	N	Y	N	{#asvAmya#}¦ 3.
asvAmyanumatena	13774	7-316-a	absent	N	Y	N	{#asvAmyanumatena#}¦ Instr. {%ohne Erlaubniss des Eigenthümers%} KĀTY. in VIVĀDARATNĀKARA 225.
asvarga	8589	6-297-c	absent	N	Y	N	{#asvarga#}¦ m. {%Verlust des Himmels, das nicht in den Himmel Gelangen%} VASIṢṬHA 1,27.
asvarga	13768	7-315-d	absent	N	Y	N	{#asvarga#} und {#asvarya#}¦ 6.
asvedin	8592	6-297-c	absent	N	Y	N	{#asvedin#}¦ Adj. {%nicht schwitzend%} MBH. 8,79,56.
asvedin	13777	7-316-a	absent	N	Y	N	{#asvedin#}¦ 6.
atAcCIlya	262	1-284-b	absent	N	Y	N	{#atAcCIlya#}¦ n. {%das Nichtgewohntsein an Etwas%} P. 3,2,79, Sch.
atAcCIlya	10054	7-292-d	absent	N	Y	N	{{Lbody=10054}}
atAntava	1988	2-287-a	absent	N	Y	N	{#atAntava#}¦ Adj. {%nicht gewebt%}.
atAntava	10055	7-292-d	absent	N	Y	N	{{Lbody=10055}}
atApaBft	263	1-284-b	absent	N	Y	N	{#atApaBft#}¦ Adj. {%keine Glut in sich bergend%} NAIṢ. 4,78.
atApaBft	10056	7-292-d	absent	N	Y	N	{#atApaBft#}¦ 1.
atArya	1989	2-287-a	absent	N	Y	N	{#atArya#}¦ Adj. {%nicht zu überwinden, mit dem man nicht fertig werden kann%}.
atArya	10057	7-292-d	absent	N	Y	N	{#atArya#}¦ 2.
atAtparyavid	1987	2-287-a	absent	N	Y	N	{#atAtparyavid#}¦ Adj. {%die beabsichtigte, wahre Bedeutung einer Rede nicht kennend%} KATHĀS. 62,212.
atAtparyavid	10055	7-292-d	absent	N	Y	N	{{Lbody=10055}}
atAttvika	1986	2-287-a	absent	N	Y	N	{#atAttvika#}¦ Adj. {%nicht wirklich, — real%}. Nom. abstr. {#˚tva#} n.
atAttvika	10055	7-292-d	absent	N	Y	N	{#atAttvika#}, {#atAtparyavid#} und {#atAntava#}¦ 2.
atUpara	5028	4-291-c	absent	N	Y	N	{#atUpara#}¦ Adj. {%gehörnt%} ĀPAST. ŚR. 10,29,5.
atUpara	10357	7-294-d	absent	N	Y	N	{#atUpara#}¦ 4.
ataTAkaraRa	5000	4-291-b	absent	N	Y	N	{#ataTAkaraRa#}¦ n. {%das nicht so Verfahren%} Comm. zu ĀPAST. ŚR. 11,21,8.
ataTAkaraRa	10030	7-292-d	absent	N	Y	N	{#ataTAkaraRa#}¦ 4.
atacCabda	249	1-284-b	absent	N	Y	N	{#atacCabda#}¦ m. {%kein vedischer Beleg dafür%} BĀDAR. 1,3,3.
atacCabda	10028	7-292-d	absent	N	Y	N	{#atacCabda#} und {#atacCruti#}¦ 1.
atacCruti	250	1-284-b	absent	N	Y	N	{#atacCruti#}¦ f. dass. BĀDAR. 2,3,21.
atacCruti	10028	7-292-d	absent	N	Y	N	{{Lbody=10028}}
atadAtman	1976	2-287-a	absent	N	Y	N	{#atadAtman#}¦ Adj. {%nicht identisch dem Wesen nach%} SARVAD. 155,9.
atadAtman	10033	7-292-d	absent	N	Y	N	{#atadAtman#}¦ 2.
atadBAva	252	1-284-b	absent	N	Y	N	{#atadBAva#}¦ m. {%das Nichtdassein, Anderswerden%} BĀDAR. 3,4,40.
atadBAva	10034	7-292-d	absent	N	Y	N	{{Lbody=10034}}
atadarhamARa	10032	7-292-d	absent	N	Y	N	{#atadarhamARa#}¦ Adj. (f. {#A#}) {%dieses nicht verdienend%} MBH. 2,67,54.
atadrUpa	253	1-284-b	absent	N	Y	N	{#atadrUpa#}¦ Adj. {%nicht wie es sein sollte, verkehrt%} BĀDAR. 3,4,40.
atadrUpa	1977	2-287-a	absent	N	Y	N	{#atadrUpa#}¦ Adj. auch {%von verschiedener Beschaffenheit%} VĀMANA 4,3,9.
atadrUpa	10035	7-292-d	absent	N	Y	N	{#atadrUpa#}¦ 1. 2.
atadvIryavidvaMs	6051	5-241-a	absent	N	Y	N	{#atadvIryavidvaMs#}¦ Adj. {%dessen Mannheit nicht kennend%} BHĀG. P. 6,17,10.
atadvIryavidvaMs	10037	7-292-d	absent	N	Y	N	{#atadvIryavidvaMs#}¦ 5.
atadvid	254	1-284-b	absent	N	Y	N	{#atadvid#}¦ Adj. {%dieses nicht verstehend%} BHĀG. P. 4,9,4.
atadvid	10036	7-292-d	absent	N	Y	N	{#atadvid#}¦ 1.
atajjAtIya	1972	2-287-a	absent	N	Y	N	{#atajjAtIya#} und {#˚ka#}¦ Adj. {%nicht von derselben Art%}.
atajjAtIya	10029	7-292-d	absent	N	Y	N	{#atajjAtIya#} und {#atajjYa#}¦ 2.
atajjAtIyaka	1972	2-287-a	absent	N	Y	N	{{Lbody=1972}}
atantrita	257	1-284-b	absent	N	Y	N	{#atantrita#}¦ Adj. 1〉 {%durch Nichts gebunden, sich vollkommen frei fühlend%} Cit. im Comm. zu GOBH. 1,5,26 (S. 214). —
atantrita	10041	7-292-d	absent	N	Y	N	{#atantrita#}¦ 1.
atantumant	1978	2-287-a	absent	N	Y	N	{#atantumant#}¦ Adj. {%nicht fadenziehend%} (Milch).
atantumant	10039	7-292-d	absent	N	Y	N	{#atantumant#}¦ 2.
atanubala	255	1-284-b	absent	N	Y	N	{#atanubala#}¦ Adj. (f. {#A#}) {%stark%} MUDRĀR. 157,1 (231,5).
atanubala	10038	7-292-d	absent	N	Y	N	{#atanubala#}¦ 1.
atarapaRya	10045	7-292-d	absent	N	Y	N	{#atarapaRya#}¦ {%kein Lohn für eine Fracht zu Wasser%} DIVYĀVAD. 4,12. 501,24.
atarkAvacara	260	1-284-b	absent	N	Y	N	{#atarkAvacara#}¦ Adj. {%sich nicht in spitzfindigen Erwägungen bewegend%} Lot. de la b. l. 353.
atarkAvacara	10049	7-292-d	absent	N	Y	N	{#atarkAvacara#}¦ 1.
atarkaRIya	10048	7-292-d	absent	N	Y	N	{#atarkaRIya#}¦ Adj. {%auf den man es nicht abgesehen haben kann%} oder {%darf,%} so v. a. {%sicher vor%} (Gen.) JĀTAKAM
ataruRa	259	1-284-b	absent	N	Y	N	{#ataruRa#}¦ Adj. {%nicht jung%} P. 1,2,73.
ataruRa	10047	7-292-d	absent	N	Y	N	{#ataruRa#}¦ 1.
atarucCAya	1984	2-287-a	absent	N	Y	N	{#atarucCAya#}¦ Adj. (f. {#A#}) {%ohne Baumschatten%} KATHĀS. 63,9.
atarucCAya	10046	7-292-d	absent	N	Y	N	{{Lbody=10046}}
atarzula	1985	2-287-a	absent	N	Y	N	{#atarzula#}¦ Adj. {%nicht gierig%}. {#˚m#} Adv.
atarzula	10051	7-292-d	absent	N	Y	N	{#atarzula#}¦ 2.
atattvArTavant	22096	7-385-a	absent	N	Y	N	{#atattvArTavant#}¦ Adj. {%der Wahrheit nicht entsprechend%} BHAG. 18,22.
atfptikft	2054	2-287-c	absent	N	Y	N	{#*atfptikft#}¦ Adj. = {#asecana#} HĀR. 220.
atfptikft	10358	7-294-d	absent	N	Y	N	{{Lbody=10358}}
atfzyamARa	10359	7-294-d	absent	N	Y	N	{#atfzyamARa#}¦ Adj. {%nicht gierig%} JĀTAKAM. 7.
atiBAravant	299	1-284-c	absent	N	Y	N	{#atiBAravant#}¦ Adj. {%schwer belastet%} NAIṢ. 5,88.
atiBAravant	10180	7-293-c	absent	N	Y	N	{#atiBAravant#}¦ 1.
atiBArika	3380	3-248-a	absent	N	Y	N	{#atiBArika#}¦ Adj. in {#nAtiBArika#}.
atiBArika	10181	7-293-c	absent	N	Y	N	{#atiBArika#}¦ 3.
atiBIta	300	1-284-c	absent	N	Y	N	{#atiBIta#}¦ Adj. {%sehr furchtsam%} KĀLAC. 3,142.
atiBIta	10182	7-293-c	absent	N	Y	N	{#atiBIta#}¦ 1.
atiBUmivartin	8220	6-293-b	absent	N	Y	N	{{Lbody=8220}}
atiBakti	297	1-284-c	absent	N	Y	N	{#atiBakti#}¦ f. {%grosse aus Glauben entspringende Liebe%} HEMĀDRI 1,578,9. 613,13.
atiBakti	10173	7-293-c	absent	N	Y	N	{#atiBakti#}¦ 1.
atiBara	3378	3-248-a	absent	N	Y	N	{#atiBara#}¦ m. {%eine schwere Last%} ŚIŚ. 2,103.
atiBara	8218	6-293-a	absent	N	Y	N	{#atiBara#}¦ m. {%eine übergrosse Last%} ŚIŚ. 6,79.
atiBara	10177	7-293-c	absent	N	Y	N	{#atiBara#}¦ 3. 6.
atiBarita	3379	3-248-a	absent	N	Y	N	{#˚atiBarita#}¦ Adj. {%voll von%}.
atiBarita	10178	7-293-c	absent	N	Y	N	{#atiBarita#}¦ 3.
atiBavAnIvallaBam	8219	6-293-b	absent	N	Y	N	{#atiBavAnIvallaBam#}¦ Adv. {%über%} Śiva {%hinaus%} BĀLAR. 81,16.
atiBavAnIvallaBam	10179	7-293-c	absent	N	Y	N	{#atiBavAnIvallaBam#}¦ 6.
atiBayAnaka	298	1-284-c	absent	N	Y	N	{#atiBayAnaka#}¦ Adj. {%gar fürchterlich%} BHĀG. P. 5,9,19.
atiBayAnaka	10176	7-293-c	absent	N	Y	N	{#atiBayAnaka#}¦ 1.
atiBaya	6064	5-241-b	absent	N	Y	N	{#atiBaya#}¦ auch {%grosse Furcht%} GĪT. 3,3.
atiBaya	10174	7-293-c	absent	N	Y	N	{#atiBaya#}¦ I. 5.
atiBayaMkaram	5014	4-291-b	absent	N	Y	N	{#atiBayaMkaram#}¦ Adv. {%über die Maassen fürchterlich%} MBH. 1,19,7.
atiBayaMkaram	10175	7-293-c	absent	N	Y	N	{#atiBayaMkaram#}¦ 4.
atiBft	3381	3-248-a	absent	N	Y	N	{#atiBft#}¦ Adj. {%schwer tragend%} KIR. 5,20.
atiBft	10184	7-293-c	absent	N	Y	N	{#atiBft#} und {#atiBogin#}¦ 3.
atiBogin	3382	3-248-a	absent	N	Y	N	{#atiBogin#}¦ Adj. in {#nAtiBogin#}.
atiBogin	10184	7-293-c	absent	N	Y	N	{{Lbody=10184}}
atiBukta	22102	7-385-a	absent	N	Y	N	{#atiBukta#}¦ n. impers. {%zu viel gegessen%} MBH. 17,2,25.
atiDUma	280	1-284-c	absent	N	Y	N	{#atiDUma#}¦ Adj. {%starken Rauch gebend%} VARĀH. YOGAY. 8,9.
atiDUma	10126	7-293-b	absent	N	Y	N	{{Lbody=10126}}
atiDanin	3363	3-248-a	absent	N	Y	N	{#atiDanin#}¦ Adj. {%sehr reich%} MBH. 3,99,12.
atiDanin	10125	7-293-b	absent	N	Y	N	{#atiDanin#}¦ 3.
atiDarma	278	1-284-c	absent	N	Y	N	{#atiDarma#}¦ m. {%die strengste Pflicht%} HEMĀDRI 1,54,20.
atiDarma	10126	7-293-b	absent	N	Y	N	{#atiDarma#}, {#atiDavala#} und {#atiDUma#}¦ 1.
atiGana	10079	7-293-a	absent	N	Y	N	{#atiGana#}¦ I. Auch {%sehr dick%} DAŚAK. 2,11.
atiGasmara	2004	2-287-b	absent	N	Y	N	{#atiGasmara#}¦ Adj. {%sehr gefrässig%} BĀLAR. 222,15.
atiGasmara	10080	7-293-a	absent	N	Y	N	{#atiGasmara#}¦ 2.
atiKAdin	3344	3-247-c	absent	N	Y	N	{#atiKAdin#}¦ Adj. {%viel essend%} MBH. 12,87,19.
atiKAdin	10073	7-293-a	absent	N	Y	N	{{Lbody=10073}}
atiSAdvala	8241	6-293-b	absent	N	Y	N	{#atiSAdvala#}¦ n. {%ein schöner Grasplatz%} BHĀG. P. 10,18,5.
atiSAdvala	10285	7-294-b	absent	N	Y	N	{{Lbody=10285}}
atiSIGra	334	1-285-b	absent	N	Y	Y	{#atiSIGra#}¦, {#˚m#} Adv. SAṂHITOPAN. 9,1.
atiSIGra	10287	7-294-b	absent	N	Y	Y	{#atiSIGra#}¦ I. 1.
atiSIta	8242	6-293-b	absent	N	Y	N	{#atiSIta#}¦ 1〉 Adj. {%sehr kühlend%} SUŚR. 1,184,1. — 2〉 n. {%grosse —, zu grosse Kälte%} Spr. 2504. MĀRK. P. 99,4. 9.
atiSIta	10288	7-294-b	absent	N	Y	N	{#atiSIta#}¦ I. 6.
atiSaNkitavya	8236	6-293-b	absent	N	Y	N	{#atiSaNkitavya#}¦ Adj. {%in falschem Verdacht zu haben wegen%} (Loc.) R. 2,22,30.
atiSaNkitavya	10282	7-294-b	absent	N	Y	N	{#atiSaNkitavya#} und {#atiSaWa#}¦ 6.
atiSaWa	8237	6-293-b	absent	N	Y	N	{#atiSaWa#}¦ Adj. {%überaus falsch, — hinterlistig, — boshaft%} MBH. 13,33,11. Spr. 4258.
atiSaWa	10282	7-294-b	absent	N	Y	N	{{Lbody=10282}}
atiSastrakopa	8239	6-293-b	absent	N	Y	N	{#atiSastrakopa#}¦ m. {%heftiges Wüthen des Schwertes, — des Krieges%} VARĀH. BṚH. S. 5,26.
atiSastrakopa	10285	7-294-b	absent	N	Y	N	{{Lbody=10285}}
atiSayavant	332	1-285-a	absent	N	Y	N	{#atiSayavant#}¦ Adj. {%übermässig%} DAŚAK. 85,17.
atiSayavant	10284	7-294-b	absent	N	Y	N	{#atiSayavant#}¦ I. 1.
atiSayitatva	8238	6-293-b	absent	N	Y	N	{#atiSayitatva#}¦ n. {%Ungewöhnlichkeit, Ausserordentlichkeit%} Spr. 1685, N.
atiSayitatva	10285	7-294-b	absent	N	Y	N	{#atiSayitatva#}, {#atiSastrakopa#}, {#atiSAta#} und {#atiSAdvala#}¦ 6.
atiSfta	336	1-285-b	absent	N	Y	N	{#a/tiSfta#}¦ Adj. {%zu stark gekocht%} MAITR. S. 1,8,2.
atiSfta	10289	7-294-b	absent	N	Y	N	{{Lbody=10289}}
atiSlAGya	3401	3-248-b	absent	N	Y	N	{#atiSlAGya#}¦ Adj. {%überaus rühmlich%} VṚṢABH. 76.
atiSlAGya	10297	7-294-b	absent	N	Y	N	{#atiSlAGya#}¦ 3.
atiSlizwa	8246	6-293-b	absent	N	Y	N	{#atiSlizwa#}¦ Adj. {%fest verbunden, — haftend, — anhaftend%} ŚĀK. (CH.) 62,1. DAŚAK. 73,6.
atiSlizwa	10298	7-294-b	absent	N	Y	N	{#atiSlizwa#}¦ 6.
atiSoBAkara	8243	6-293-b	absent	N	Y	N	{#atiSoBAkara#}¦ Adj. {%grossen Schmuck verleihend%} MBH. 8,34,46.
atiSoBAkara	10291	7-294-b	absent	N	Y	N	{#atiSoBAkara#} und {#atiSozin#}¦ 6.
atiSozin	8244	6-293-b	absent	N	Y	N	{#atiSozin#}¦ Adj. {%stark austrocknend, — ausdörrend%} SUŚR. 2,551,20.
atiSozin	10291	7-294-b	absent	N	Y	N	{{Lbody=10291}}
atiSrAnta	3400	3-248-b	absent	N	Y	N	{#atiSrAnta#}¦ Adj. {%sehr ermüdet%} VP. 4,2,6.
atiSrAnta	10293	7-294-b	absent	N	Y	N	{#atiSrAnta#}¦ 3.
atiSri	10294	7-294-b	absent	N	Y	N	{#atiSri#}¦ Adj. {%die%} Śrī {%übertreffend%} Festgr. 19.
atiSuBra	335	1-285-b	absent	N	Y	N	{#atiSuBra#}¦ Adj. {%überaus weiss%} HEMĀDRI 1,725,19.
atiSuBra	10289	7-294-b	absent	N	Y	N	{#atiSuBra#} und {#a/tiSfta#}¦ 1.
atiSvAsa	338	1-285-b	absent	N	Y	N	{#atiSvAsa#}¦ m. {%Kurzathmigkeit%} AGNI-P. 31,20.
atiSvAsa	10299	7-294-b	absent	N	Y	N	{#atiSvAsa#}¦ 1.
atiTI	273	1-284-c	absent	N	Y	N	{#atiTI#}¦ Adv. 1〉 mit {#kar#} a〉 {%Etwas%} (Acc.) {%einem Gaste gewähren%} NAIṢ. 5,23. — b〉 {%Etwas%} (Acc.) {%gelangen
atiTI	10101	7-293-b	absent	N	Y	N	{#atiTI#}¦ 1.
atiTivratin	8213	6-293-a	absent	N	Y	N	{#atiTivratin#}¦ Adj. {%Gastfreundschaft übend%} MBH. 3,260,4.
atiTivratin	10100	7-293-b	absent	N	Y	N	{#atiTivratin#}¦ 6.
atibIBatsita	5013	4-291-b	absent	N	Y	N	{#atibIBatsita#}¦ Adj. {%sehr widerlich, — eklig%} BHĀG. P. ed. Bomb. 5,26,22.
atibIBatsita	10172	7-293-c	absent	N	Y	N	{#atibIBatsita#}¦ 4.
atibalAtkfta	5011	4-291-b	absent	N	Y	N	{#atibalAtkfta#}¦ Adj. {%stark mitgenommen%} MBH. 13,268. v. l. {#˚lAtkzataH#}.
atibalAtkfta	10170	7-293-c	absent	N	Y	N	{#atibalAtkfta#} und {#atibalIyaMs#}¦ 4.
atibalIyaMs	5012	4-291-b	absent	N	Y	N	{#atibalIyaMs#}¦ Adj. {%viel mächtiger%} KATHĀS. 15,11.
atibalIyaMs	10170	7-293-c	absent	N	Y	N	{{Lbody=10170}}
atibalavant	22100	7-385-a	absent	N	Y	N	{#atibalavant#}¦ Adj. {%überaus mächtig%} MBH. 1,74,79.
atibanDura	5009	4-291-b	absent	N	Y	N	{#atibanDura#}¦ Adj. dem Sinne nach etwa {%stark betäubend%} MBH. 7,10,17.
atibanDura	10168	7-293-c	absent	N	Y	N	{#atibanDura#}¦ 4.
aticCedya	2010	2-287-b	absent	N	Y	N	{#aticCedya#}¦ Adj. {%zu stark zu verwunden%} MBH. 12,96,15.
aticCedya	10087	7-293-a	absent	N	Y	N	{#aticCedya#}¦ 2.
aticaRqikA	268	1-284-b	absent	N	Y	N	{#aticaRqikA#}¦ f. = {#aticaRqA#} HEMĀDRI 2,a,85,5.
aticaRqikA	10081	7-293-a	absent	N	Y	N	{#aticaRqikA#}¦ 1.
aticapala	2005	2-287-b	absent	N	Y	N	{#aticapala#}¦ Adj. {%sehr —, zu beweglich%}.
aticapala	10083	7-293-a	absent	N	Y	N	{#aticapala#}¦ 2.
aticatura	3346	3-247-c	absent	N	Y	N	{#aticatura#}¦ (f. {#A#}) auch {%überaus geschickt%} oder {%gescheidt%} CAURAP. (A.) 4.
aticatura	10082	7-293-a	absent	N	Y	N	{#aticatura#}¦ I. 3.
aticikkaRa	2006	2-287-b	absent	N	Y	N	{#aticikkaRa#}¦ Adj. (f. {#A#}) {%sehr schlüpfrig%} Comm. zu KĀTY. ŚR. 26,1,4.
aticikkaRa	10085	7-293-a	absent	N	Y	N	{#aticikkaRa#}, {#aticitram#}, {#aticirasya#} und {#˚cirAt#}¦ 2.
aticitram	2007	2-287-b	absent	N	Y	N	{#aticitram#}¦ Adv. {%auf sehr mannichfache Weise%} DAŚAK. (1925) 2,104,15.
aticitram	10085	7-293-a	absent	N	Y	N	{{Lbody=10085}}
atidIpti	10108	7-293-b	absent	N	Y	N	{#atidIpti#}¦, so zu lesen st. {#ayidIpti#}.
atidUravartin	3360	3-247-c	absent	N	Y	N	{#atidUravartin#}¦ Adj. {%weit hinausgehend über%} (Gen.) ŚĀK. CH. 146,8.
atidUravartin	10120	7-293-b	absent	N	Y	N	{#atidUravartin#}¦ 3.
atidUzita	277	1-284-c	absent	N	Y	N	{#atidUzita#}¦ Adj. {%sehr gemissbilligt%} BṚHASP. im Comm. zu ĀPAST. 2,27,3.
atidUzita	10121	7-293-b	absent	N	Y	N	{#atidUzita#}¦ 1.
atidaSaraTam	8214	6-293-a	absent	N	Y	N	{#atidaSaraTam#}¦ Adv. {%über%} Daśaratha {%hinaus%} BĀLAR. 79,9.
atidaSaraTam	10104	7-293-b	absent	N	Y	N	{#atidaSaraTam#}¦ 6.
atidahanAtmaka	3351	3-247-c	absent	N	Y	N	{#atidahanAtmaka#}¦ Adj. {%von zu brennender Natur%} PAÑCAT. 190,3.
atidahanAtmaka	10105	7-293-b	absent	N	Y	N	{#atidahanAtmaka#}¦ 3.
atidarpita	2023	2-287-b	absent	N	Y	N	{#atidarpita#}¦ Adj. {%worauf man sehr stolz ist, — stark pocht%} MṚCCH. 77,2.
atidarpita	10103	7-293-b	absent	N	Y	N	{#atidarpita#}¦ 2.
atidilIpam	8216	6-293-a	absent	N	Y	N	{#atidilIpam#}¦ Adv. {%über%} Dilīpa {%hinaus%} BĀLAR. 79,9.
atidilIpam	10107	7-293-b	absent	N	Y	N	{#atidilIpam#}¦ 6.
atidozala	3361	3-248-a	absent	N	Y	N	{#atidozala#}¦ Adj. in {#nAtidozala#}.
atidozala	10123	7-293-b	absent	N	Y	N	{#atidozala#} und {#atidrutam#}¦ 3.
atidrutam	3362	3-248-a	absent	N	Y	N	{#atidrutam#}¦ Adv. in {#nAtidrutam#} VIṢṆUS. 11,6.
atidrutam	10123	7-293-b	absent	N	Y	N	{{Lbody=10123}}
atiduHKa	3352	3-247-c	absent	N	Y	N	{#atiduHKa#}¦ n. {%ein grosses Leid%} VP. 4,2,24.
atiduHKa	10109	7-293-b	absent	N	Y	N	{#atiduHKa#} und {#atidurgama#}¦ 3.
atidurbala	275	1-284-c	absent	N	Y	N	{#atidurbala#}¦, f. {#A#} HEMĀDRI 2,a,100,6.
atidurbala	10113	7-293-b	absent	N	Y	N	{#atidurbala#}¦ I. 1.
atidurbalatA	3354	3-247-c	absent	N	Y	N	{#atidurbalatA#}¦ f. {%überaus grosse Schwäche%} PAÑCAT. 224,2.
atidurbalatA	10114	7-293-b	absent	N	Y	N	{#atidurbalatA#}, {#atidurmanas#} und {#atidurlalita#}¦ 3.
atidurgama	3353	3-247-c	absent	N	Y	N	{#atidurgama#}¦ Adj. {%überaus schwer zu wandeln%} ŚIŚ. 1,32.
atidurgama	10109	7-293-b	absent	N	Y	N	{{Lbody=10109}}
atidurjana	2024	2-287-b	absent	N	Y	N	{#atidurjana#}¦ m. {%ein grosser Bösewicht%} UTTARAR. 3,1.
atidurjana	10110	7-293-b	absent	N	Y	N	{#atidurjana#}¦ 2.
atidurlalita	3356	3-247-c	absent	N	Y	N	{#atidurlalita#}¦ n. {%grosse Unart%}. Pl. {%sehr dumme Streiche%} HARIV. 8539.
atidurlalita	10114	7-293-b	absent	N	Y	N	{{Lbody=10114}}
atidurmanas	3355	3-247-c	absent	N	Y	N	{#atidurmanas#}¦ Adj. {%sehr betrübt%} KATHĀS. 71,227.
atidurmanas	10114	7-293-b	absent	N	Y	N	{{Lbody=10114}}
atidurnaya	274	1-284-c	absent	N	Y	N	{#atidurnaya#}¦ m. {%eine grosse Gemeinheit%} NAIṢ. 4,91.
atidurnaya	10111	7-293-b	absent	N	Y	N	{#atidurnaya#}¦ 1.
atidurnyasta	10112	7-293-b	absent	N	Y	N	{#atidurnyasta#}¦ Adj. {%sehr schwankend in seinen Ueberzeugungen%} JĀTAKAM. 10.
atidurvizaha	2025	2-287-b	absent	N	Y	N	{#atidurvizaha#}¦ Adj. {%sehr schwer zu ertragen%} BHĀG. P. 5,9,18.
atidurvizaha	10115	7-293-b	absent	N	Y	N	{#atidurvizaha#}¦ 2.
atidurvizahya	3357	3-247-c	absent	N	Y	N	{#atidurvizahya#}¦ Adj. {%überaus schwer zu ertragen%} VṚṢABH. 37.
atidurvizahya	10116	7-293-b	absent	N	Y	N	{#atidurvizahya#}¦ 3.
atiduzwa	3358	3-247-c	absent	N	Y	N	{#atiduzwa#}¦ Adj. {%sehr böse, — schlimm%} RĀJAT. 4,121.
atiduzwa	10117	7-293-b	absent	N	Y	N	{#atiduzwa#}¦ I. 3.
atigArDya	2002	2-287-b	absent	N	Y	N	{#atigArDya#}¦ n. dass.
atigArDya	10075	7-293-a	absent	N	Y	N	{{Lbody=10075}}
atigarDa	2001	2-287-b	absent	N	Y	N	{#atigarDa#}¦ m. {%grosse Gier, — Habgier%} KATHĀS. 104,117.
atigarDa	10075	7-293-a	absent	N	Y	N	{{Lbody=10075}}
atigarIyaMs	267	1-284-b	absent	N	Y	N	{#atigarIyaMs#}¦ Adj. {%zu theuer%}. {#˚yasA krI#} — {%kaufen%} DAŚAK. 59,7.
atigarIyaMs	10074	7-293-a	absent	N	Y	N	{#atigarIyaMs#}¦ 1.
atigarjin	2000	2-287-b	absent	N	Y	Y	{#atigarjin#}¦ KATHĀS. 60,105 fehlerhaft für {#aBi˚#}.
atigarjin	10075	7-293-a	absent	N	Y	Y	{#atigarjin#}, {#atigarDa#} und {#atigArDya#}¦ 2.
atigfdDa	2003	2-287-b	absent	N	Y	N	{#atigfdDa#}¦ Adj. {%sehr habgierig%}.
atigfdDa	10077	7-293-a	absent	N	Y	N	{#atigfdDa#}¦ 2.
atigrAhyapAtra	5001	4-291-b	absent	N	Y	N	{#atigrAhyapAtra#}¦ n. {%ein zum%} Atigrāhya {%dienendes Gefäss%} ĀPAST. ŚR. 12,1,15.
atigrAhyapAtra	10078	7-293-a	absent	N	Y	N	{#atigrAhyapAtra#}¦ 4.
atihArda	8278	6-294-a	absent	N	Y	N	{#atihArda#}¦ n. {%grosse Zuneigung, — Liebe, — zu%} (Loc.) MĀRK. P. 72,18. 100,24.
atihArda	10343	7-294-c	absent	N	Y	N	{{Lbody=10343}}
atihArin	8277	6-294-a	absent	N	Y	N	{#atihArin#}¦ Adj. {%sehr reizend%} Spr. 4961.
atihArin	10343	7-294-c	absent	N	Y	N	{#atihArin#} und {#atihArda#}¦ 6.
atihAsya	8279	6-294-a	absent	N	Y	N	{#atihAsya#}¦ n. {%heftiges Lachen%} SUŚR. 1,244,6.
atihAsya	10345	7-294-c	absent	N	Y	N	{#atihAsya#}¦ 6.
atiharza	349	1-285-b	absent	N	Y	N	{#atiharza#}¦ m. {%grosse Freude%} NAIṢ. 6,53.
atiharza	10339	7-294-c	absent	N	Y	N	{#atiharza#}¦ 1. Auch MBH. 7,180,6.
atiharzula	8275	6-294-a	absent	N	Y	N	{#atiharzula#}¦ Adj. {%hoch erfreut%} KATHĀS. 67,31.
atiharzula	10340	7-294-c	absent	N	Y	N	{#atiharzula#}¦ 6.
atihelana	8280	6-294-a	absent	N	Y	N	{#atihelana#}¦ n. {%grosse Verhöhnung, — Verspottung, — an den Tag gelegte Geringschätzung%} BHĀG. P. 3,14,37.
atihelana	10347	7-294-c	absent	N	Y	N	{#atihelana#}¦ 6.
atihfzwa	353	1-285-b	absent	N	Y	N	{#atihfzwa#}¦ Adj. {%sehr erfreut%} DAŚAK. 72,5.
atihfzwa	10346	7-294-c	absent	N	Y	N	{{Lbody=10346}}
atijaWara	2011	2-287-b	absent	N	Y	N	{#atijaWara#}¦ Adj. (f. {#A#}) {%sehr hart%} und — {%alt%} ŚIŚ. 4,29.
atijaWara	10089	7-293-a	absent	N	Y	N	{#atijaWara#}, {#atijaqa#}, {#atijaraWa#}, {#atijarant#}, {#atijavana#}, {#atijitakASin#} (1. 6) und {#atijvalana#}¦ 2.
atijaqa	2012	2-287-b	absent	N	Y	N	{#atijaqa#}¦ Adj. {%überaus dumm%} HEM. PAR. 12,188.
atijaqa	10089	7-293-a	absent	N	Y	N	{{Lbody=10089}}
atijaraWa	2013	2-287-b	absent	N	Y	N	{#atijaraWa#}¦ Adj. {%sehr alt%}.
atijaraWa	10089	7-293-a	absent	N	Y	N	{{Lbody=10089}}
atijarant	2014	2-287-b	absent	N	Y	N	{#atijarant#}¦ Adj. (f. {#˚tI#}) dass.
atijarant	10089	7-293-a	absent	N	Y	N	{{Lbody=10089}}
atijavana	2015	2-287-b	absent	N	Y	N	{#atijavana#}¦ Adj. (f. {#A#}) {%überaus schnell%} DAŚAK. (1925) 2,107,11.
atijavana	10089	7-293-a	absent	N	Y	N	{{Lbody=10089}}
atijawADara	270	1-284-b	absent	N	Y	N	{#atijawADara#}¦ Adj. {%starke Flechten tragend%} HEMĀDRI 2,a,121,12.
atijawADara	10088	7-293-a	absent	N	Y	N	{#atijawADara#}¦ 1.
atijitakASin	271	1-284-b	absent	N	Y	N	{#atijitakASin#}¦ Adj. {%sich zu sehr als Sieger gebarend%} [Page1-284-c] MUDRĀR. 82,18 (137,9).
atijitakASin	8211	6-293-a	absent	N	Y	N	{#atijitakASin#}¦ Adj. {%überaus siegesbewusst%}. Nom. abstr. {#˚SitA#} f. MUDRĀR. 55,13.
atijitakASin	10089	7-293-a	absent	N	Y	N	{{Lbody=10089}}
atijvalana	2016	2-287-b	absent	N	Y	N	{#atijvalana#}¦ n. {%heftiges Aufwallen im Zorn%} NĪLAK. zu MBH. 3,274,13.
atijvalana	10089	7-293-a	absent	N	Y	N	{{Lbody=10089}}
atikAnti	266	1-284-b	absent	N	Y	N	{#atikAnti#}¦ f. {%grosse Anmuth%}. Personif. AGNI-P. 33,39. 44.
atikAnti	10063	7-293-a	absent	N	Y	N	{{Lbody=10063}}
atikArSya	1991	2-287-a	absent	N	Y	N	{#atikArSya#}¦ n. {%grosse Magerkeit%}.
atikArSya	10064	7-293-a	absent	N	Y	N	{{Lbody=10064}}
atikAryakara	1990	2-287-a	absent	N	Y	N	{#atikAryakara#}¦ Adj. {%sehr wirksam%}.
atikAryakara	10064	7-293-a	absent	N	Y	N	{#atikAryakara#}, {#atikArSya#} und {#atikIwaka#}¦ 2.
atikAtara	265	1-284-b	absent	N	Y	N	{#atikAtara#}¦ Adj. {%gar ängstlich%} MĀLATĪM. 62,10.
atikAtara	10063	7-293-a	absent	N	Y	N	{#atikAtara#} und {#atikAnti#}¦ 1.
atikIwaka	1992	2-287-a	absent	N	Y	N	{#atikIwaka#}¦ Adj. {%viele Läuse habend%} VP. 3,12,6.
atikIwaka	10064	7-293-a	absent	N	Y	N	{{Lbody=10064}}
atikaWina	264	1-284-b	absent	N	Y	N	{#atikaWina#}¦ Adj. {%überaus hart%}.
atikaWina	10058	7-292-d	absent	N	Y	N	{#atikaWina#}¦ 1.
atikala	3338	3-247-c	absent	N	Y	N	{#atikala#}¦ Adj. {%überaus lieblich tönend%} MAHĀVĪRAC. 85,20.
atikala	10061	7-292-d	absent	N	Y	N	{#atikala#}¦ 3.
atikapila	3337	3-247-c	absent	N	Y	N	{#atikapila#}¦ Adj. (f. {#A#}) {%sehr braun%} VIṢṆUS. 24,15.
atikapila	10059	7-292-d	absent	N	Y	N	{#atikapila#}¦ 3.
atikaruRa	8210	6-293-a	absent	N	Y	N	{#atikaruRa#}¦ Adj. {%überaus kläglich%} {{MBH. 1,3,317->MBH. 1,2,317||20250608|Jim Funderburk, Andhrabharati|Ref: https
atikaruRa	10060	7-292-d	absent	N	Y	N	{#atikaruRa#}¦ 6.
atikazwa	10062	7-293-a	absent	N	Y	N	{#atikazwa#}¦ I. Auch {%überaus schlimm, sehr arg%} JĀTAKAM. 24.
atikrAntaBAvanIya	3340	3-247-c	absent	N	Y	Y	{#atikrAntaBAvanIya#}¦, lies {%auf der 4ten und höchsten Stufe%}.
atikrAntaBAvanIya	10070	7-293-a	absent	N	Y	Y	{#atikrAntaBAvanIya#}¦ I. 3.
atikrUramfdu	3341	3-247-c	absent	N	Y	N	{#atikrUramfdu#}¦ Adj. in {#nAti˚#}.
atikrUramfdu	10073	7-293-a	absent	N	Y	N	{#atikrUramfdu#}, {#a/tikzipra#}, {#atikzutparIta#} und {#atiKAdin#}¦ 3.
atikrame	1997	2-287-a	absent	N	Y	N	{#atikra/me#}¦ Dat. Inf. von {#kram#} mit {#ati#} ṚV.
atikrame	10069	7-293-a	absent	N	Y	N	{#atikra/me#}¦ 2.
atikuRapa	1994	2-287-a	absent	N	Y	N	{#atikuRapa#}¦ Adj. {%stark in Verwesung übergegangen%}.
atikuRapa	10066	7-293-a	absent	N	Y	N	{{Lbody=10066}}
atikuYcita	10065	7-293-a	absent	N	Y	N	{#atikuYcita#}¦ Adj. {%sehr kraus%} PAÑCĀŚIKĀ (ed. SOLF) 44.
atikutUhala	1995	2-287-a	absent	N	Y	N	{#atikutUhala#}¦ n. {%grosse Neugier%} KATHĀS. 4,80.
atikutUhala	10066	7-293-a	absent	N	Y	N	{{Lbody=10066}}
atikuwila	1993	2-287-a	absent	N	Y	N	{#atikuwila#}¦ Adj. {%überaus gewunden%} Ind. St. 8,420.
atikuwila	10066	7-293-a	absent	N	Y	N	{#atikuwila#}, {#atikuRapa#} und {#atikutUhala#}¦ 2.
atikzipra	3342	3-247-c	absent	N	Y	N	{#a/tikzipra#}¦ Adj. (f. {#A#}) {%überaus schnell%} TS. 2,1,1,1.
atikzipra	10073	7-293-a	absent	N	Y	N	{{Lbody=10073}}
atikzutparIta	3343	3-247-c	absent	N	Y	N	{#atikzutparIta#}¦ Adj. {%heftig vom Hunger geplagt%} VP. 4,2,6.
atikzutparIta	10073	7-293-a	absent	N	Y	N	{{Lbody=10073}}
atilAlavant	6072	5-241-b	absent	N	Y	N	{#atilAlavant#}¦ Adj. {%stark den Speichel triefen lassend%} SUŚR. 2,281,14.
atilAlavant	10225	7-293-d	absent	N	Y	N	{#atilAlavant#}¦ 5.
atilOlyavant	6074	5-241-b	absent	N	Y	N	{#atilOlyavant#}¦ Adj. {%zu —, sehr gierig%} KATHĀS. 22,200.
atilOlyavant	10227	7-293-d	absent	N	Y	N	{{Lbody=10227}}
atila	316	1-285-a	absent	N	Y	N	{#atila#}¦ auch {%keinen Sesam habend%} HEMĀDRI 1,594,17.
atila	10223	7-293-d	absent	N	Y	N	{#atila#}¦ I. 1.
atilavaRasAtmya	8221	6-293-b	absent	N	Y	N	{#atilavaRasAtmya#}¦ Adj. {%zu sehr an Salzgenuss gewöhnt%} CARAKA 3,1.
atilavaRasAtmya	10224	7-293-d	absent	N	Y	N	{#atilavaRasAtmya#}¦ 6.
atiloBanIya	10226	7-293-d	absent	N	Y	N	{#atiloBanIya#}¦ Adj. {%wonach man grosses Verlangen hat, überaus reizend%}. Nom. abstr. {#˚tA#} f. JĀTAKAM. 26.
atilolupa	6073	5-241-b	absent	N	Y	N	{#atilolupa#}¦ Adj. {%heftige Begierden habend%} BHĀG. P. 3,20,23.
atilolupa	10227	7-293-d	absent	N	Y	N	{#atilolupa#} und {#atilOlyavant#}¦ 5.
atimAnuzastava	2034	2-287-c	absent	N	Y	N	{#atimAnuzastava#}¦ m. Titel eines Werkes OPP. Cat. 1.
atimAnuzastava	10195	7-293-d	absent	N	Y	N	{#atimAnuzastava#}¦ 2.
atimUrKa	307	1-285-a	absent	N	Y	N	{#atimUrKa#}¦ Adj. {%sehr thöricht%} KĀLAC. 3,143.
atimUrKa	5018	4-291-b	absent	N	Y	N	{#atimUrKa#}¦ (Nachtr. 1), Nom. abstr. {#˚tA#} f. {%grosse Dummheit%}.
atimUrKa	10198	7-293-d	absent	N	Y	N	{#atimUrKa#}¦ 1. 4.
atimaYjula	301	1-285-a	absent	N	Y	N	{#atimaYjula#}¦ Adj. {%überaus lieblich%} DAŚAK. 86,12.
atimaYjula	10185	7-293-c	absent	N	Y	N	{#atimaYjula#}¦ 1.
atimada	303	1-285-a	absent	N	Y	N	{#atimada#}¦ m. {%heftige Aufgeregtheit%} ŚIŚ. 10,32.
atimada	10187	7-293-c	absent	N	Y	N	{#atimada#}¦ 1.
atimahArOdra	5016	4-291-b	absent	N	Y	N	{#atimahArOdra#}¦ Adj. (f. {#A#}) {%überaus furchtbar%} MĀRK. P. 12,5.
atimahArOdra	10192	7-293-d	absent	N	Y	N	{#atimahArOdra#} und {#atimahAsattva#}¦ 4.
atimahAsattva	5017	4-291-b	absent	N	Y	N	{#atimahAsattva#}¦ Adj. {%überaus edel%} (Person).
atimahAsattva	10192	7-293-d	absent	N	Y	N	{{Lbody=10192}}
atimahant	304	1-285-a	absent	N	Y	N	{#atimahant#}¦ Adj. {%überaus gross%} (Baum) DAŚAK. 46,16. {%allzulang%} (Erzählung) 79,3.
atimahant	10191	7-293-d	absent	N	Y	N	{#atimahant#}¦ I. 1.
atimahiman	305	1-285-a	absent	N	Y	N	{#*atimahiman#}¦ Adj. {%überaus gross%} P. 4,1,11, Sch.
atimahiman	10193	7-293-d	absent	N	Y	N	{#atimahiman#}¦ 1.
atimanoraTa	10188	7-293-c	absent	N	Y	N	{#atimanoraTa#}¦ Adj. {%alle Wünsche übersteigend%} JĀTAKAM. 22,83.
atimanyu	10189	7-293-c	absent	N	Y	N	{#atimanyu#}¦ Adj. {%sehr wüthend%} MBH. 8,22,10.
atimatimant	302	1-285-a	absent	N	Y	N	{#atimatimant#}¦ Adj. {%überaus klug%} MUDRĀR. 86,15 (141,9).
atimatimant	10186	7-293-c	absent	N	Y	N	{#atimatimant#}¦ 1. Auch R. ed. Bomb. 4,29,29.
atimecakita	2035	2-287-c	absent	N	Y	N	{#atimecakita#}¦ Adj. {%sehr verdunkelt%} ŚOBH. 76.
atimecakita	10201	7-293-d	absent	N	Y	N	{#atimecakita#}¦ 2.
atimfdu	10199	7-293-d	absent	N	Y	N	{#atimfdu#}¦ Adj. {%überaus zart%} PAÑCĀŚIKĀ (ed. SOLF) 24.
atimfdula	5019	4-291-b	absent	N	Y	N	{#atimfdula#}¦ Adj. {%sehr zart, schwächlich%}. Nom. abstr. {#˚tA#} f. PRAB. 37,6.
atimfdula	10200	7-293-d	absent	N	Y	N	{#atimfdula#}¦ 4.
atimlAni	308	1-285-a	absent	N	Y	N	{#atimlAni#}¦ f. {%tiefe Schwärze%} NAIṢ. 5,62.
atimlAni	10202	7-293-d	absent	N	Y	N	{#atimlAni#}¦ 1.
atinIla	285	1-284-c	absent	N	Y	N	{#atinIla#}¦ Adj. {%dunkelblau%} HEMĀDRI 2,a,118,9.
atinIla	10140	7-293-b	absent	N	Y	N	{#atinIla#} und {#atineda#}¦ 1.
atinadIzRa	3364	3-248-a	absent	N	Y	N	{#atinadIzRa#}¦ Adj. {%sehr erfahren in%} (Loc.).
atinadIzRa	10127	7-293-b	absent	N	Y	N	{#atinadIzRa#}¦ 3.
atinamAmi	10128	7-293-b	absent	N	Y	N	{{Lbody=10128}}
atinanAmin	3365	3-248-a	absent	N	Y	N	{#atinanAmin#}¦, lies {#˚namAmi#} Adj. {%über dem%} namāmi {%(ich verneige mich) stehend%}.
atinanAmin	10128	7-293-b	absent	N	Y	N	{#atinanAmin#} und {#atinamAmi#}¦ I. 3.
atinarman	3366	3-248-a	absent	N	Y	N	{#atinarman#}¦ m. {%ein grosser Spass, — Scherz%} MBH. 2,63,5.
atinarman	10130	7-293-b	absent	N	Y	N	{#atinarman#}¦ 3.
atinayana	6054	5-241-a	absent	N	Y	N	{#atinayana#}¦ in {#dakziRAtinayana#} weiter unten.
atinayana	10129	7-293-b	absent	N	Y	N	{#atinayana#}¦ 5.
atineda	286	1-284-c	absent	N	Y	N	{#atineda#}¦ in {#anatineda#}.
atineda	10140	7-293-b	absent	N	Y	N	{{Lbody=10140}}
atiniBftam	281	1-284-c	absent	N	Y	N	{#atiniBftam#}¦ Adv. {%ganz im Geheimen%} MUDRĀR. 55,19 (88,12).
atiniBftam	10131	7-293-b	absent	N	Y	N	{#atiniBftam#} und {#atiniroDa#}¦ 1.
atinirGfRa	2028	2-287-b	absent	N	Y	N	{#atinirGfRa#}¦ Adj. (f. {#A#}) {%überaus grausam%} DAŚAK. (1925) 2,80,22.
atinirGfRa	10132	7-293-b	absent	N	Y	N	{#atinirGfRa#}¦ 2.
atinirlipta	6055	5-241-a	absent	N	Y	N	{#atinirlipta#}¦ Adj. {%ganz unbefleckt%} PAÑCAR. 1,1,4.
atinirlipta	10135	7-293-b	absent	N	Y	N	{#atinirlipta#}¦ 5.
atinirmaTana	3367	3-248-a	absent	N	Y	N	{#atinirmaTana#}¦ n. {%heftiges Quirlen%} MBH. 1,18,41.
atinirmaTana	10133	7-293-b	absent	N	Y	N	{#atinirmaTana#}¦ I. 3.
atinirmala	283	1-284-c	absent	N	Y	N	{#atinirmala#}¦ Adj. {%überaus rein%} HEMĀDRI 1,164,6. 183,12.
atinirmala	10134	7-293-b	absent	N	Y	N	{#atinirmala#}¦ 1.
atiniroDa	282	1-284-c	absent	N	Y	N	{#atiniroDa#}¦ m. {%vollkommene Unterdrückung, — Vernichtung%} HEMĀDRI 1,735,2; vgl. 733,21. 734,1.
atiniroDa	10131	7-293-b	absent	N	Y	N	{{Lbody=10131}}
atinirvartin	3368	3-248-a	absent	N	Y	N	{#atinirvartin#}¦ Adj. {%sich sehr ungebührlich betragend%} KATHĀS. 26,58.
atinirvartin	10136	7-293-b	absent	N	Y	N	{#atinirvartin#}¦ 3.
atinirvfta	284	1-284-c	absent	N	Y	N	{#atinirvfta#}¦ Adj. {%überaus erfreut%} BHĀG. P. 1,6,18.
atinirvfta	10138	7-293-b	absent	N	Y	N	{#atinirvfta#}¦ 1.
atinirviRRa	2029	2-287-b	absent	N	Y	N	{#atinirviRRa#}¦ Adj. {%an Allem verzagend%}.
atinirviRRa	10137	7-293-b	absent	N	Y	N	{#atinirviRRa#}¦ 2.
atinizevitar	2030	2-287-b	absent	N	Y	N	{#atinizevitar#}¦ Nom. ag. {%zu sehr hingegeben,%} mit Acc. SUŚR. 1,69,21.
atinizevitar	10139	7-293-b	absent	N	Y	N	{#atinizevitar#}¦ 2.
atipARqukambala	3371	3-248-a	absent	N	Y	N	{#atipARqukambala#}¦ Adj. (f. {#A#}) {%schöner als der Stein%} {#pARqukambala#} ŚATR. 8,34.
atipARqukambala	10141	7-293-b	absent	N	Y	N	{{Lbody=10141}}
atipAna	3372	3-248-a	absent	N	Y	N	{#atipAna#}¦ n. {%zu vieles Trinken geistiger Getränke%}.
atipAna	10141	7-293-b	absent	N	Y	N	{{Lbody=10141}}
atipApin	3373	3-248-a	absent	N	Y	N	{#atipApin#}¦ Adj. {%stark frevelnd%} MĀRK. P. 58,61.
atipApin	10141	7-293-b	absent	N	Y	N	{{Lbody=10141}}
atipAvana	287	1-284-c	absent	N	Y	N	{#atipAvana#}¦ Adj. {%in hohem Grade entsündigend%} HEMĀDRI 1,83,8.
atipAvana	10142	7-293-b	absent	N	Y	N	{#atipAvana#}¦ 1.
atipIqita	3374	3-248-a	absent	N	Y	N	{#atipIqita#}¦ auch {%zu stark gedrückt%}. Nom. abstr. {#˚tA#} f. SUŚR. 2,200,2.
atipIqita	10145	7-293-b	absent	N	Y	N	{#atipIqita#}¦ I. 3.
atipOruza	288	1-284-c	absent	N	Y	N	{#atipOruza#}¦ Adj. {%überaus mannhaft%} MUDRĀR. 154,12 (227,9).
atipOruza	10148	7-293-c	absent	N	Y	N	{#atipOruza#}¦ 1.
atipUra	3375	3-248-a	absent	N	Y	N	{#atipUra#}¦ m. {%ein heftiger Strom, — Erguss%} UTTARAR. 53,8 (68,12).
atipUra	10146	7-293-c	absent	N	Y	N	{#atipUra#}¦ 3.
atipadmin	3369	3-248-a	absent	N	Y	N	{#atipadmin#}¦ Adj. {%stark gefleckt%} (Elephant) MBH. 12,29,33.
atipadmin	10141	7-293-b	absent	N	Y	N	{#atipadmin#}, {#atipavitra#}, {#atipARqukambala#}, {#atipAna#} u. {#atipApin#}¦ 3.
atipavitra	3370	3-248-a	absent	N	Y	N	{#atipavitra#}¦ Adj. {%überaus reinigend, grossen Segen bringend%} (Ort) PRAB. 21,14.
atipavitra	10141	7-293-b	absent	N	Y	N	{{Lbody=10141}}
atipelava	5003	4-291-b	absent	N	Y	N	{#atipelava#}¦ Adj. {%überaus fein, — zart%}.
atipelava	10147	7-293-c	absent	N	Y	N	{#atipelava#}¦ 4.
atipiNga	2031	2-287-b	absent	N	Y	N	{#atipiNga#}¦ Adj. {%dunkelbraun%}.
atipiNga	10143	7-293-b	absent	N	Y	N	{#atipiNga#}¦ 2.
atipiSuna	5002	4-291-b	absent	N	Y	N	{#atipiSuna#}¦ Adj. {%sehr niederträchtig, — bösartig%} KĀD. 197,14.
atipiSuna	10144	7-293-b	absent	N	Y	N	{#atipiSuna#}¦ 4.
atiprEza	6063	5-241-b	absent	N	Y	N	{#atiprEza#}¦ m. = {#atiprezaRa#} Comm. zu ĀPAST. ŚR. 12,27,6. 7.
atiprEza	10167	7-293-c	absent	N	Y	N	{{Lbody=10167}}
atiprIta	2033	2-287-c	absent	N	Y	N	{#atiprIta#}¦ Adj. {%überaus befriedigt, — erfreut%}.
atiprIta	10166	7-293-c	absent	N	Y	N	{#atiprIta#}¦ 2.
atipraBAvatI	291	1-284-c	absent	N	Y	N	{#atipraBAvatI#}¦ f. N. pr. einer Surāṅganā Ind. St. 15.
atipraBAvatI	10154	7-293-c	absent	N	Y	N	{#atipraBAvatI#}¦ 1.
atipraSAnta	8217	6-293-a	absent	N	Y	N	{#atipraSAnta#}¦ Adj. {%sich vollkommen gelegt habend, ganz gewichen%} MĀLATĪM. 79,11.
atipraSAnta	10164	7-293-c	absent	N	Y	N	{#atipraSAnta#}¦ 6.
atipraTita	290	1-284-c	absent	N	Y	N	{#atipraTita#}¦ Adj. {%weitberühmt%} NAIṢ. 4,79.
atipraTita	10152	7-293-c	absent	N	Y	N	{#atipraTita#}¦ 1.
atipralApa	3377	3-248-a	absent	N	Y	N	{#atipralApa#}¦ m. {%zu langes Gerede%}. Pl. VṚṢABH. 33.
atipralApa	10158	7-293-c	absent	N	Y	N	{#atipralApa#}¦ 3.
atipraloBita	6057	5-241-a	absent	N	Y	N	{#atipraloBita#}¦ Adj. {%in hohem Grade angelockt —, [Page5-241-b] hingezogen zu%} (Loc.) BHĀG. P. 4,29,54.
atipraloBita	10159	7-293-c	absent	N	Y	N	{#atipraloBita#} und {#atipravilambita#}¦ 5.
atipramATin	5005	4-291-b	absent	N	Y	N	{#atipramATin#}¦ Adj. {%viel zu schaffen machend, stark zusetzend%} HARIV. 8158.
atipramATin	10156	7-293-c	absent	N	Y	N	{#atipramATin#}¦ 4.
atipramAda	293	1-284-c	absent	N	Y	N	{#atipramAda#}¦ Adj. {%sehr fahrlässig, — unachtsam%} MBH. 5,37,37.
atipramAda	10157	7-293-c	absent	N	Y	N	{#atipramAda#}¦ 1.
atiprapaYca	5004	4-291-b	absent	N	Y	N	{#atiprapaYca#}¦ m. {%zu grosse Ausführlichkeit%} SARVAD. 71,9.
atiprapaYca	10153	7-293-c	absent	N	Y	N	{#atiprapaYca#}¦ 4.
atipratiloma	289	1-284-c	absent	N	Y	N	{#atipratiloma#}¦ Adj. (f. {#A#}) {%überaus widrig, — unangenehm%} NAIṢ. 6,95.
atipratiloma	10150	7-293-c	absent	N	Y	N	{#atipratiloma#}¦ 1.
atipratyAsaNga	3376	3-248-a	absent	N	Y	N	{#atipratyAsaNga#}¦ m. {%allzugrosse Nähe%} MAHĀVĪRAC. 74,4.
atipratyAsaNga	10151	7-293-c	absent	N	Y	N	{#atipratyAsaNga#}¦ 3.
atipraveSa	5007	4-291-b	absent	N	Y	N	{#atipraveSa#}¦ m. {%heftiges Dringen in Jmd, das Sichaufdrängen, Sichmischen in fremde Angelegenheiten%} KATHĀS. 60,35.
atipraveSa	10163	7-293-c	absent	N	Y	N	{#atipraveSa#}¦ 4.
atipravftta	6060	5-241-b	absent	N	Y	N	{#atipravftta#}¦ Adj. (f. {#A#}) {%sehr mit Etwas beschäftigt%} 〔119,15〕.
atipravftta	10161	7-293-c	absent	N	Y	N	{#atipravftta#}¦ 5.
atipravilambita	6058	5-241-b	absent	N	Y	N	{#atipravilambita#}¦ Adj. {%zu sehr vorhängend%} SUŚR. 2,239,5.
atipravilambita	10159	7-293-c	absent	N	Y	N	{{Lbody=10159}}
atipravizwa	2032	2-287-c	absent	N	Y	N	{#atipravizwa#}¦ Adj. {%tief eingedrungen in%} (Loc.) MBH. 3,186,21.
atipravizwa	6059	5-241-b	absent	N	Y	N	{#atipravizwa#}¦ (Nachtr. 2) auch {%zu tief eingesunken%} (Auge) SUŚR. 2,358,17.
atipravizwa	10160	7-293-c	absent	N	Y	N	{#atipravizwa#}¦ 2. 5.
atiprezaRa	6061	5-241-b	absent	N	Y	N	{#atiprezaRa#}¦ n. {%das darüber hinaus Auffordern%} Comm. zu ĀPAST. ŚR. 12,27,7.
atiprezaRa	10167	7-293-c	absent	N	Y	N	{#atiprezaRa#}, {#atiprezitar#} und {#atiprEza#}¦ 5.
atiprezitar	6062	5-241-b	absent	N	Y	N	{#atiprezitar#}¦ Nom. ag. {%der darüber hinaus auffordert%} Comm. zu ĀPAST. ŚR. 12,27,6.
atiprezitar	10167	7-293-c	absent	N	Y	N	{{Lbody=10167}}
atipriya	294	1-284-c	absent	N	Y	N	{#atipriya#}¦ Adj. {%überaus lieb%} P. 8,1,13, Sch.
atipriya	5008	4-291-b	absent	N	Y	N	{#atipriya#}¦ (Nachtr. 1), Instr. {%auf eine sehr angenehme Weise%} HIT. 60,5, v. l.
atipriya	10165	7-293-c	absent	N	Y	N	{#atipriya#}¦ 1. 4.
atirAga	312	1-285-a	absent	N	Y	N	{#atirAga#}¦ m. {%dunkles Roth%} und {%starke Zuneigung%} NAIṢ. 7,39.
atirAga	10212	7-293-d	absent	N	Y	N	{#atirAga#}¦ 1.
atirUQa	2036	2-287-c	absent	N	Y	N	{#atirUQa#}¦ Adj. {%stark zusammengeklebt, nicht mehr auseinanderzubringen%}. Nom. abstr. {#˚tva#} n. RĀJAT. 6,272.
atirUQa	10216	7-293-d	absent	N	Y	N	{#atirUQa#}¦ I. 2.
atirajasvala	6065	5-241-b	absent	N	Y	N	{#atirajasvala#}¦ Adj. {%ganz von Leidenschaft erfüllt%} BHĀG. P. 5,14,9.
atirajasvala	10205	7-293-d	absent	N	Y	N	{#atirajasvala#} und {#atirawita#}¦ 5.
atiramaRIya	310	1-285-a	absent	N	Y	N	{#atiramaRIya#}¦, Nom. abstr. {#˚tA#} f. MUDRĀR. 59,15 (96,7).
atiramaRIya	10208	7-293-d	absent	N	Y	N	{#atiramaRIya#}¦ I. 1.
atirasa	6067	5-241-b	absent	N	Y	N	1. {#atirasa#}¦ auch {%heftiges Verlangen%}. {#˚tas#} KATHĀS. 47,120.
atirasa	10210	7-293-d	absent	N	Y	N	1. {#atirasa#}¦ I. 5.
atirasika	3385	3-248-a	absent	N	Y	N	{#atirasika#}¦ Adj. {%sehr geschmackvoll, fein gebildet%} KAUTUKAR.
atirasika	10211	7-293-d	absent	N	Y	N	{#atirasika#} u. {#atiraskftasaMBAza#}¦ 3.
atiraskftasaMBAza	3386	3-248-a	absent	N	Y	N	{#atiraskftasaMBAza#}¦ Adj. (f. {#A#}) {%ohne Schelten sich unterhaltend%} MBH. 3,233,27.
atiraskftasaMBAza	10211	7-293-d	absent	N	Y	N	{{Lbody=10211}}
atirati	10206	7-293-d	absent	N	Y	N	{#atirati#}¦ f. {%grosse Freude an%} (Loc.) KATHĀS. 27,25.
atirawita	6066	5-241-b	absent	N	Y	N	{#atirawita#}¦ n. {%heftiges Kreischen%}. Pl. Spr. 379.
atirawita	10205	7-293-d	absent	N	Y	N	{{Lbody=10205}}
atiraya	311	1-285-a	absent	N	Y	N	{#atiraya#}¦ Adj. {%überaus schnell laufend%} DAŚAK. 21,4.
atiraya	10209	7-293-d	absent	N	Y	N	{#atiraya#}¦ 1.
atireca	313	1-285-a	absent	N	Y	N	{#atireca#}¦ in {#anatireca#}.
atireca	10217	7-293-d	absent	N	Y	N	{#atireca#} und {#atiroka/#}¦ 1.
atiriraMsA	6068	5-241-b	absent	N	Y	N	{#atiriraMsA#}¦ f. {%grosse Geilheit%} BHĀG. P. 3,23,11.
atiriraMsA	10213	7-293-d	absent	N	Y	N	{#atiriraMsA#}¦ 5.
atirocamAna	6070	5-241-b	absent	N	Y	N	{#atirocamAna#}¦ m. {%mit noch schöneren Haarwirbeln am Halse versehen%} (Pferd) ŚIŚ. 5,4.
atirocamAna	10218	7-293-d	absent	N	Y	N	{#atirocamAna#}¦ 5.
atirodana	6071	5-241-b	absent	N	Y	N	{#atirodana#}¦ n. {%übermässiges Weinen%} HEM. PAR. 1,224.
atirodana	10219	7-293-d	absent	N	Y	N	{#atirodana#}¦ I. 5.
atiroha	315	1-285-a	absent	N	Y	N	{#atiroha#}¦ Adj. als Beiw. von Rudra-Śiva HEMĀDRI 1,210,9.
atiroha	10222	7-293-d	absent	N	Y	N	{#atiroha#}¦ 1.
atiroza	3387	3-248-a	absent	N	Y	N	{#atiroza#}¦ m. {%heftiger Zorn%} MBH. 3,233,29.
atiroza	10220	7-293-d	absent	N	Y	N	{#atiroza#}¦ 3.
atirozaRa	2037	2-287-c	absent	N	Y	N	{#atirozaRa#}¦ Adj. {%sehr zum Zorn geneigt%}.
atirozaRa	10221	7-293-d	absent	N	Y	N	{#atirozaRa#}¦ 2.
atiruzwa	6069	5-241-b	absent	N	Y	N	{#atiruzwa#}¦ Adj. {%sehr erzürnt%} BHĀG. P. 4,19,34.
atiruzwa	10215	7-293-d	absent	N	Y	N	{#atiruzwa#}¦ 5.
atisAhasika	8265	6-293-c	absent	N	Y	N	{#atisAhasika#}¦ Adj. {%sehr unbesonnen zu Werke gehend%} PAÑCAT. 241,3.
atisAhasika	10324	7-294-c	absent	N	Y	N	{{Lbody=10324}}
atisAndra	8263	6-293-c	absent	N	Y	N	{#atisAndra#}¦ Adj. {%sehr dicht%} VĀSAV. 179,3. Vgl. {#nAtisAndra#} Nachtr. 4.
atisAndra	10322	7-294-c	absent	N	Y	N	{#atisAndra#}¦ 6.
atisArTaka	8264	6-293-c	absent	N	Y	N	{#atisArTaka#}¦ Adj. {%grossen Gewinn bringend%} PAÑCAR. 1,7,6.
atisArTaka	10324	7-294-c	absent	N	Y	N	{#atisArTaka#}, {#atisAhasika#}, {#atisitANgavihaMga#}, {#atisuganDi#} oder {#˚n#} und {#atisugama#}¦ 6.
atisOjanya	3405	3-248-b	absent	N	Y	N	{#atisOjanya#}¦ n. {%allzugrosser Edelmuth%} MAHĀVĪRAC. 10,1,6?.
atisOjanya	10329	7-294-c	absent	N	Y	N	{#atisOjanya#}¦ 3.
atisPuwa	6093	5-241-c	absent	N	Y	N	{#atisPuwa#}¦ Adj. (f. {#A#}) {%ganz deutlich vor Augen liegend%} ŚIŚ. 14,26.
atisPuwa	10335	7-294-c	absent	N	Y	N	{#atisPuwa#}¦ 5.
atisTOlya	2048	2-287-c	absent	N	Y	N	{#atisTOlya#}¦ n. {%zu grosse Dickleibigkeit%}.
atisTOlya	10331	7-294-c	absent	N	Y	N	{#atisTOlya#}¦ 2.
atisTagita	8271	6-293-c	absent	N	Y	N	{#atisTagita#}¦ Adj. {%sehr verhüllt, — verborgen%} Verz. d. Oxf. H. 214,b, No. 511.
atisTagita	10330	7-294-c	absent	N	Y	N	{#atisTagita#}¦ 6.
atisaMBoga	8260	6-293-c	absent	N	Y	N	{#atisaMBoga#}¦ m. {%ein grosser Genuss%} RĀJAT. 4,398.
atisaMBoga	10315	7-294-c	absent	N	Y	N	{#atisaMBoga#}¦ 6.
atisaMBrama	8261	6-293-c	absent	N	Y	N	{#atisaMBrama#}¦, lies 10,81,25.
atisaMBrama	10316	7-294-c	absent	N	Y	N	{#atisaMBrama#}¦ I. 6.
atisaMDAraRa	3402	3-248-b	absent	N	Y	N	{#atisaMDAraRa#}¦ n. {%das Verweigern%} CARAKA 4,4.
atisaMDAraRa	10311	7-294-b	absent	N	Y	N	{#atisaMDAraRa#}¦ 3.
atisaMSabda	8250	6-293-c	absent	N	Y	N	{#atisaMSabda#}¦ m. {%ein lauter herausfordernder Ruf%} R. 4,15,4.
atisaMSabda	10302	7-294-b	absent	N	Y	N	{{Lbody=10302}}
atisaMSlizwa	8251	6-293-c	absent	N	Y	N	{#atisaMSlizwa#}¦ Adj. {%zu fest anliegend%} Comm. zu TS. PRĀT. 2,12.
atisaMSlizwa	10302	7-294-b	absent	N	Y	N	{{Lbody=10302}}
atisaMgopanIya	8256	6-293-c	absent	N	Y	N	{#atisaMgopanIya#}¦ Adj. {%sehr geheim zu halten%} PAÑCAR. 1,15,23.
atisaMgopanIya	10306	7-294-b	absent	N	Y	N	{{Lbody=10306}}
atisaMharza	2045	2-287-c	absent	N	Y	N	{#atisaMharza#}¦ m. {%grosse Freude%} HARIV. 2439.
atisaMharza	10304	7-294-b	absent	N	Y	N	{#atisaMharza#}¦ 2.
atisaMhfzwa	341	1-285-b	absent	N	Y	N	{#atisaMhfzwa#}¦ Adj. {%überaus erfreut%} HEMĀDRI 1,473,7.
atisaMhfzwa	10305	7-294-b	absent	N	Y	N	{#atisaMhfzwa#}¦ 1.
atisaMkalpa	8253	6-293-c	absent	N	Y	N	{#˚atisaMkalpa#}¦ m. {%ein dringendes Verlangen zu%} MBH. 4,396. v. l. {#aBisaMkalpa#}.
atisaMkalpa	10306	7-294-b	absent	N	Y	N	{{Lbody=10306}}
atisaMkawa	8252	6-293-c	absent	N	Y	N	{#atisaMkawa#}¦ 1〉 Adj. {%überaus schwierig, — gefährlich%} MĀRK. P. 45,5. — 2〉 n. a〉 {%ausserordentliche Dichtigkeit%} 
atisaMkawa	10306	7-294-b	absent	N	Y	N	{#atisaMkawa#}, {#atisaMkalpa#}, {#atisaMkula#}, {#atisaMkzoBaRa#}, {#atisaMgopanIya#} und {#atisatkfta#}¦ 6.
atisaMkula	8254	6-293-c	absent	N	Y	N	{#atisaMkula#}¦ Adj. (f. {#A#}) {%auf grosse Hindernisse stossend%} VARĀH. BṚH. S. 38,3.
atisaMkula	10306	7-294-b	absent	N	Y	N	{{Lbody=10306}}
atisaMkzoBaRa	8255	6-293-c	absent	N	Y	N	{#atisaMkzoBaRa#}¦ n. {%eine zu grosse Erschütterung%} SUŚR. 2,133,5.
atisaMkzoBaRa	10306	7-294-b	absent	N	Y	N	{{Lbody=10306}}
atisaMprIti	343	1-285-b	absent	N	Y	N	{#atisaMprIti#}¦ f. {%grosse Freude, — Befriedigung%} HEMĀDRI 1,15,1.
atisaMprIti	10314	7-294-c	absent	N	Y	N	{#atisaMprIti#}¦ 1.
atisaMrAga	8249	6-293-c	absent	N	Y	N	{#atisaMrAga#}¦ m. {%starkes Hängen an%} (Loc.) PRĀYAŚCITTAT. im ŚKDR. u. {#nErmalya#}.
atisaMrAga	10302	7-294-b	absent	N	Y	N	{{Lbody=10302}}
atisaMramBa	8248	6-293-c	absent	N	Y	N	{#atisaMramBa#}¦ m. {%heftiger Zorn%} RĀJAT. 1,67. BHĀG. P. 5,9,19.
atisaMramBa	10302	7-294-b	absent	N	Y	N	{#atisaMramBa#}, {#atisaMrAga#}, {#atisaMSabda#} und {#atisaMSlizwa#}¦ 6.
atisaMsidDi	340	1-285-b	absent	N	Y	N	{#atisaMsidDi#}¦ f. {%ein überaus vollkommener Zustand%} SAṂHITOPAN. 36,1.
atisaMsidDi	10303	7-294-b	absent	N	Y	N	{#atisaMsidDi#}¦ 1.
atisaMtata	2046	2-287-c	absent	N	Y	N	{#atisaMtata#}¦ Adj. {%ununterbrochen%} RAGH. 8,85.
atisaMtata	10310	7-294-b	absent	N	Y	N	{#atisaMtata#}¦ 2.
atisadaya	5025	4-291-c	absent	N	Y	N	{#atisadaya#}¦ Adj. {%sehr barmherzig%} GĪT. 5,15.
atisadaya	10308	7-294-b	absent	N	Y	N	{#atisadaya#}¦ 4.
atisadfSa	8258	6-293-c	absent	N	Y	N	{#atisadfSa#}¦ Adj. {%überaus ähnlich%} KATHĀS. 101,81.
atisadfSa	10309	7-294-b	absent	N	Y	N	{#atisadfSa#}¦ 6.
atisamutkruzwa	2047	2-287-c	absent	N	Y	N	{#atisamutkruzwa#}¦ Adj. {%laut erhoben%} (Geschrei) R. 6,111,29.
atisamutkruzwa	10313	7-294-c	absent	N	Y	N	{#atisamutkruzwa#}¦ 2.
atisarUpa	344	1-285-b	absent	N	Y	N	{#atisarUpa#}¦ Adj. {%überaus ähnlich%} NAIṢ. 8,46.
atisarUpa	10318	7-294-c	absent	N	Y	N	{#atisarUpa#}¦ 1.
atisaspfha	6092	5-241-c	absent	N	Y	N	{#atisaspfha#}¦ Adj. (f. {#A#}) {%grosses Wohlgefallen findend an%} (Loc.) HEM. PAR. 2,32.
atisaspfha	10321	7-294-c	absent	N	Y	N	{#atisaspfha#}¦ 5.
atisatkfta	8257	6-293-c	absent	N	Y	N	{#atisatkfta#}¦ Adj. (f. {#A#}) {%hoch geehrt%} R. 2,39,33.
atisatkfta	10306	7-294-b	absent	N	Y	N	{{Lbody=10306}}
atisatvaram	342	1-285-b	absent	N	Y	N	{#atisatvaram#}¦ Adv. {%überaus eilig%} DAŚAK. 42,13.
atisatvaram	10307	7-294-b	absent	N	Y	N	{#atisatvaram#}¦ 1.
atisaviSaNkam	8262	6-293-c	absent	N	Y	N	{#atisaviSaNkam#}¦ Adv. {%mit grosser Besorgniss%} ŚIŚ. 11,32.
atisaviSaNkam	10320	7-294-c	absent	N	Y	N	{#atisaviSaNkam#}¦ 6.
atisfzwapratibadDa	347	1-285-b	absent	N	Y	N	{#atisfzwapratibadDa#}¦ Adj. {%zu lose oder zu fest%} CARAKA 3,6.
atisfzwapratibadDa	10328	7-294-c	absent	N	Y	N	{#atisfzwapratibadDa#}¦ 1.
atisneha	10333	7-294-c	absent	N	Y	N	{#atisneha#}¦ m. {%allzugrosse Liebe%} und zugleich {%eine hinreichende Menge Oel%} R. ed. Bomb. 4,1,116.
atisparDin	8273	6-293-c	absent	N	Y	N	{#atisparDin#}¦ Adj. {%stark um den Vorrang streitend, — wetteifernd%} MBH. 14,5,5.
atisparDin	10334	7-294-c	absent	N	Y	N	{#atisparDin#}¦ 6.
atisravaRa	5026	4-291-c	absent	N	Y	N	{#atisravaRa#}¦ n. {%starkes Fliessen%}. {#udarasya#} als Erklärung von {#atIsAra#} {%Durchfall%} Comm. zu ĀPAST. ŚR. 9,
atisravaRa	10336	7-294-c	absent	N	Y	N	{#atisravaRa#}¦ 4.
atisuBaga	8269	6-293-c	absent	N	Y	N	{#atisuBaga#}¦ Adj. (f. {#A#}) {%überaus hübsch%} KATHĀS. 28,13. 44,138.
atisuBaga	10326	7-294-c	absent	N	Y	N	{#atisuBaga#} und {#atisuvftta#}¦ 6.
atisugama	8268	6-293-c	absent	N	Y	N	{#atisugama#}¦ Adj. {%sehr gut gangbar%} KATHĀS. 19,64.
atisugama	10324	7-294-c	absent	N	Y	N	{{Lbody=10324}}
atisuganDi	8267	6-293-c	absent	N	Y	N	{#atisuganDi#} oder {#˚n#} reudige Erregung, Freude¦ Adj. {%überaus wohlriechend%} SUŚR. 1,184,3.
atisuganDi	10324	7-294-c	absent	N	Y	N	{{Lbody=10324}}
atisuganDin	8267	6-293-c	absent	N	Y	N	{{Lbody=8267}}
atisuganDin	10324	7-294-c	absent	N	Y	N	{{Lbody=10324}}
atisuvftta	8270	6-293-c	absent	N	Y	N	{#atisuvftta#}¦ Adj. 1〉 {%sehr hübsch rund%} Spr. 4961. — 2〉 {%von sehr gutem Betragen%} KATHĀS. 29,72.
atisuvftta	10326	7-294-c	absent	N	Y	N	{{Lbody=10326}}
atisvan	348	1-285-b	absent	N	Y	N	{#*atisvan#}¦ v. l. für {#atiSvan#} gaṇa {#pakzAdi#} in der KĀŚ.
atisvan	10337	7-294-c	absent	N	Y	N	{#atisvan#}¦ 1.
atitApa	8212	6-293-a	absent	N	Y	N	{#atitApa#}¦ m. {%grosse —, zu grosse Hitze%} MĀRK. P. 99,3. 9.
atitApa	10092	7-293-a	absent	N	Y	N	{#atitApa#}¦ 6.
atitUrRam	3349	3-247-c	absent	N	Y	N	{#atitUrRam#}¦ Adv. {%sehr —, allzu rasch%} VIṢṆUS. 63,11.
atitUrRam	10098	7-293-a	absent	N	Y	N	{{Lbody=10098}}
atitarpaRa	6052	5-241-a	absent	N	Y	N	{#atitarpaRa#}¦ n. {%Uebersättigung%} BHĀVAPR. (Hdschr.) 36,b nach AUFRECHT.
atitarpaRa	10090	7-293-a	absent	N	Y	N	{#atitarpaRa#}¦ 5.
atitarza	2017	2-287-b	absent	N	Y	N	{#atitarza#}¦ m. {%heftiges Verlangen%}.
atitarza	10091	7-293-a	absent	N	Y	N	{#atitarza#}¦ 2.
atitfpta	272	1-284-c	absent	N	Y	N	{#atitfpta#}¦ Adj. {%vollkommen befriedigt%}. Nom. abstr. {#˚tA#} f. NAIṢ. 2,49.
atitfpta	10099	7-293-a	absent	N	Y	N	{#atitfpta#}¦ 1.
atitfwparIta	3350	3-247-c	absent	N	Y	N	{#atitfwparIta#}¦ Adj. {%heftig vom Durst geplagt%} VP. 4,2,14.
atitfwparIta	10098	7-293-a	absent	N	Y	N	{{Lbody=10098}}
atitigma	2020	2-287-b	absent	N	Y	N	{#atitigma#}¦ Adj. {%überaus scharf%}.
atitigma	10094	7-293-a	absent	N	Y	N	{{Lbody=10094}}
atitikzA	2019	2-287-b	absent	N	Y	N	{#atitikzA#}¦ f. {%Ungeduld%} MBH. 14,36,20.
atitikzA	10094	7-293-a	absent	N	Y	N	{#atitikzA#} und {#atitigma#}¦ 2.
atituNga	3347	3-247-c	absent	N	Y	N	{#atituNga#}¦ Adj. {%überaus hoch%} VṚṢABH. 259,a,18.
atituNga	10096	7-293-a	absent	N	Y	N	{#atituNga#}¦ 3.
atitud	6053	5-241-a	absent	N	Y	N	{#atitud#}¦ Adj. {%heftig stossend, — geisselnd%} ŚIŚ. 19,3.
atitud	10097	7-293-a	absent	N	Y	N	{#atitud#}¦ 5.
atitundila	3348	3-247-c	absent	N	Y	N	{#atitundila#}¦ Adj. {%sehr dickbäuchig%} BĀLAR. 285,13.
atitundila	10098	7-293-a	absent	N	Y	N	{#atitundila#}, {#atitUrRam#} und {#atitfwparIta#}¦ 3.
ativAma	318	1-285-a	absent	N	Y	N	{#ativAma#}¦ Adj. {%überaus hart, — grausam gegen%} (Loc.) und zugleich {%um Weiber sich nicht kümmernd%} NAIṢ. 9,93.
ativAma	10233	7-294-a	absent	N	Y	N	{#ativAma#}¦ 1.
ativAtsalya	3390	3-248-a	absent	N	Y	N	{#ativAtsalya#}¦ n. {%übergrosse Zärtlichkeit%} MAHĀVĪRAC. 18,4 ({#˚vatsalya#} gedr.).
ativAtsalya	10232	7-293-d	absent	N	Y	N	{#ativAtsalya#}¦ 3.
ativEzRava	328	1-285-a	absent	N	Y	N	{#ativEzRava#}¦ Adj. {%dem%} Viṣṇu {%sehr ergeben%} AGNI-P. 19,7.
ativEzRava	10271	7-294-a	absent	N	Y	N	{#ativEzRava#}¦ 1.
ativEzamya	8229	6-293-b	absent	N	Y	N	{#ativEzamya#}¦ n. {%grosse Ungleichheit des Bodens%} Spr. 6239.
ativEzamya	10270	7-294-a	absent	N	Y	N	{{Lbody=10270}}
ativIra	3395	3-248-b	absent	N	Y	N	{#ativIra#}¦ m. {%ein grosser Held%} MAHĀVĪRAC. 10,20.
ativIra	10264	7-294-a	absent	N	Y	N	{#ativIra#}¦ I. 3.
ativIrya	325	1-285-a	absent	N	Y	N	{#ativIrya#}¦ Adj. {%überaus mächtig%} HARIV. 1558.
ativIrya	10265	7-294-a	absent	N	Y	N	{#ativIrya#}¦ 1.
ativIryavant	3396	3-248-b	absent	N	Y	N	{#ativIryavant#}¦ Adj. {%überaus wirksam%} (Heilmittel) KIR. 2,4.
ativIryavant	10266	7-294-a	absent	N	Y	N	{#ativIryavant#}¦ 3.
ativallaBa	6076	5-241-b	absent	N	Y	N	{#ativallaBa#}¦ auch {%viel lieber als%} (Abl.) HEM. PAR. 1,431. BHĀG. P. 9,9,43. Nom. abstr. {#˚tA#} f. PAÑCAT. 221,4. 
ativallaBa	10231	7-293-d	absent	N	Y	N	{#ativallaBa#}¦ I. 5.
ativarIyaMs	6075	5-241-b	absent	N	Y	N	{#ativarIyaMs#}¦ Adj. {%ganz vorzüglich%} HEM. PAR. 2,91.
ativarIyaMs	10230	7-293-d	absent	N	Y	N	{#ativarIyaMs#}¦ 5.
ativatsala	3388	3-248-a	absent	N	Y	N	{#ativatsala#}¦ Adj. (f. {#A#}) 1〉 {%überaus zärtlich am Kalbe hängend%} (Kuh) MBH. 13,70,15. — 2〉 {%überaus zärtlich%} 
ativatsala	10229	7-293-d	absent	N	Y	N	{#ativatsala#} und {#ativara#}¦ 3.
ativedanA	8226	6-293-b	absent	N	Y	N	{#ativedanA#}¦ f. {%heftiger Schmerz%} KATHĀS. 29,167.
ativedanA	10268	7-294-a	absent	N	Y	N	{{Lbody=10268}}
ativegavant	8225	6-293-b	absent	N	Y	N	{#ativegavant#}¦ Adj. {%überaus schnell fliegend%} (Pfeil) MBH. 3,268,17.
ativegavant	10268	7-294-a	absent	N	Y	N	{{Lbody=10268}}
ativepaTumant	8227	6-293-b	absent	N	Y	N	{#ativepaTumant#}¦ Adj. {%heftig zitternd%} ŚIŚ. 9,77.
ativepaTumant	10268	7-294-a	absent	N	Y	N	{{Lbody=10268}}
ativfzya	8224	6-293-b	absent	N	Y	N	{#ativfzya#}¦ Adj. (f. {#A#}) {%stark auf die Potenz wirkend%} VARĀH. BṚH. S. 76,9.
ativfzya	10268	7-294-a	absent	N	Y	N	{#ativfzya#}, {#ativegavant#}, {#ativedanA#} und {#ativepaTumant#}¦ 6.
ativiBIzaRa	3393	3-248-b	absent	N	Y	N	{#ativiBIzaRa#}¦ Adj. {%überaus grausig%} VP. 4,2,8.
ativiBIzaRa	10246	7-294-a	absent	N	Y	N	{#ativiBIzaRa#}¦ 3.
ativiBinna	5022	4-291-c	absent	N	Y	N	{#ativiBinna#}¦ Adj. {%stark durchschossen%} R. 6,18,44.
ativiBinna	10245	7-294-a	absent	N	Y	N	{#ativiBinna#}¦ 4.
ativiDe	8222	6-293-b	absent	N	Y	N	{#ativi/De#}¦ Dat. Infin. zu {#vyaD#} mit {#ati#} ṚV. 5,62,9.
ativiDe	10241	7-294-a	absent	N	Y	N	{#ativi/De#}¦ 6.
ativiGawwita	2039	2-287-c	absent	N	Y	N	{#ativiGawwita#}¦ Adj. {%stark angestossen, — berührt%}.
ativiGawwita	10237	7-294-a	absent	N	Y	N	{#ativiGawwita#}¦ 2.
ativiSAla	10251	7-294-a	absent	N	Y	N	{#ativiSAla#}¦ Adj. {%überaus umfangreich%} PAÑCĀŚIKĀ (ed. SOLF) 14.
ativiSramBa	323	1-285-a	absent	N	Y	N	{#ativiSramBa#}¦ m. {%grosses Vertrauen%} NAIṢ. 2,7.
ativiSramBa	10252	7-294-a	absent	N	Y	N	{#ativiSramBa#}¦ 1.
atividvaMs	321	1-285-a	absent	N	Y	N	{#˚atividvaMs#}¦ Adj. {%überaus erfahren in%} HEMĀDRI 1,319,11.
atividvaMs	10240	7-294-a	absent	N	Y	N	{{Lbody=10240}}
ativigarhya	6079	5-241-b	absent	N	Y	N	{#ativigarhya#}¦ Adj. {%sehr tadelnswerth%}.
ativigarhya	10236	7-294-a	absent	N	Y	N	{{Lbody=10236}}
ativigrahin	6080	5-241-b	absent	N	Y	N	{#ativigrahin#}¦ Adj. {%zu viel Krieg führend%} KĀM. NĪTIS. 9,74 ({#vidvAnati˚#} zu lesen).
ativigrahin	10236	7-294-a	absent	N	Y	N	{{Lbody=10236}}
ativihvala	2043	2-287-c	absent	N	Y	N	{#ativihvala#}¦ Adj. (f. {#A#}) {%sehr ergriffen, überaus bestürzt%} DAŚAK. (1925) 2,79,22.
ativihvala	10263	7-294-a	absent	N	Y	N	{#ativihvala#}¦ 2.
ativijYa	6081	5-241-b	absent	N	Y	N	{#ativijYa#}¦ Adj. {%sehr kundig, — gelehrt%} Verz. d. Oxf. H. 141,a,20.
ativijYa	10238	7-294-a	absent	N	Y	N	{#ativijYa#}¦ 5.
ativiklava	6078	5-241-b	absent	N	Y	N	{#ativiklava#}¦ Adj. (f. {#A#}) {%sehr niedergedrückt, — betrübt%} HARIV. 7101. PRAB. 91,5.
ativiklava	10236	7-294-a	absent	N	Y	N	{#ativiklava#}, {#ativigarhya#} und {#ativigrahin#}¦ 5.
ativikrama	2038	2-287-c	absent	N	Y	N	{#ativikrama#}¦ Adj. {%sehr heldenmüthig%} MBH. 3,271,56.
ativikrama	10235	7-294-a	absent	N	Y	N	{#ativikrama#}¦ 2.
ativilamba	6085	5-241-b	absent	N	Y	N	{#ativilamba#}¦ m. {%langes Zögern%}.
ativilamba	10249	7-294-a	absent	N	Y	N	{{Lbody=10249}}
ativilambitam	3394	3-248-b	absent	N	Y	N	{#ativilambitam#}¦ Adv. in {#nAti˚#}.
ativilambitam	10250	7-294-a	absent	N	Y	N	{#ativilambitam#}¦ 3.
ativimala	322	1-285-a	absent	N	Y	N	{#ativimala#}¦ Adj. {%überaus rein%} NAIṢ. 2,103.
ativimala	10248	7-294-a	absent	N	Y	N	{#ativimala#}¦ 1.
ativimanas	6082	5-241-b	absent	N	Y	N	{#ativimanas#}¦ Adj. {%sehr entmuthigt, ganz verzagt%}.
ativimanas	10247	7-294-a	absent	N	Y	N	{#ativimanas#}¦ 5.
ativiparyaya	2041	2-287-c	absent	N	Y	N	{#ativiparyaya#}¦ m. {%grosse Verkehrtheit%} KATHĀS. 52,355.
ativiparyaya	10242	7-294-a	absent	N	Y	N	{#ativiparyaya#}¦ 2.
ativipraDarza	10244	7-294-a	absent	N	Y	N	{#ativipraDarza#}¦ m. {%das Anthun eines grossen Leides%} R. ed. Bomb. 4,24,6.
ativiprakarza	3392	3-248-a	absent	N	Y	N	{#ativiprakarza#}¦ m. {%übergrosse Entfernung%} MAHĀVĪRAC. 127,10.
ativiprakarza	10243	7-294-a	absent	N	Y	N	{{Lbody=10243}}
ativirAjin	6083	5-241-b	absent	N	Y	N	{#ativirAjin#}¦ Adj. {%überaus prächtig%}.
ativirAjin	10249	7-294-a	absent	N	Y	N	{#ativirAjin#}, {#ativirUpa#} und {#ativilamba#}¦ 5.
ativirUpa	6084	5-241-b	absent	N	Y	N	{#ativirUpa#}¦ Adj. (f. {#A#}) {%sehr missgestaltet, — unförmlich, — hässlich%}.
ativirUpa	10249	7-294-a	absent	N	Y	N	{{Lbody=10249}}
ativisaMzWula	6087	5-241-b	absent	N	Y	N	{#ativisaMzWula#}¦ Adj. {%überaus schwankend%}.
ativisaMzWula	10258	7-294-a	absent	N	Y	N	{#ativisaMzWula#}¦ 5.
ativismaya	6089	5-241-c	absent	N	Y	N	{#ativismaya#}¦ Adj. {%überaus staunenswerth%} BHĀG. P. 3,13,42.
ativismaya	10260	7-294-a	absent	N	Y	N	{#ativismaya#}¦ 5.
ativismita	8223	6-293-b	absent	N	Y	N	{#ativismita#}¦ Adj. {%sehr erstaunt%} MAITRYUP. 4,1.
ativismita	10261	7-294-a	absent	N	Y	N	{#ativismita#}¦ 6.
ativisratva	6090	5-241-c	absent	N	Y	N	{#ativisratva#}¦ n. {%starker muffiger Geruch%}.
ativisratva	10262	7-294-a	absent	N	Y	N	{#ativisratva#}¦ 5.
ativistara	6088	5-241-c	absent	N	Y	N	2. {#ativistara#}¦ Adj. (f. {#A#}) {%sehr ausführlich%} Verz. d. Oxf. H. 63,a, No. 111.
ativistara	10259	7-294-a	absent	N	Y	N	{#ativistara#}¦ I. 5.
ativitIrRa	320	1-285-a	absent	N	Y	N	{#ativitIrRa#}¦ Adj. {%in hohem Grade gewährt%} NAIṢ. 5,11.
ativitIrRa	10240	7-294-a	absent	N	Y	N	{{Lbody=10240}}
ativitaTa	2040	2-287-c	absent	N	Y	N	{#ativitaTa#}¦ Adj. {%ganz unnütz%} GĪT. 7,5.
ativitaTa	10239	7-294-a	absent	N	Y	N	{#ativitaTa#}¦ 2.
ativitaTavAc	319	1-285-a	absent	N	Y	N	{#ativitaTavAc#}¦ Adj. {%stark lügend%} MUDRĀR. 63,10 (103,3).
ativitaTavAc	10240	7-294-a	absent	N	Y	N	{#ativitaTavAc#}, {#ativitIrRa#} und {#atividvaMs#}¦ 1.
ativizWita	10257	7-294-a	absent	N	Y	N	{#ativizWita#}¦ Adj. etwa {%fest stehend, sich nicht von der Stelle bewegend%} R. ed. Bomb. 4,18,38.
ativizama	6086	5-241-b	absent	N	Y	Y	{#ativizama#}¦ Adj. (f. {#A#}) auch {%sehr beschwerlich, — unbequem%} Spr. 1871.
ativizama	10255	7-294-a	absent	N	Y	Y	{#ativizama#}¦ I. 5.
ativyAhfta	3398	3-248-b	absent	N	Y	N	{#ativyAhfta#}¦ n. {%langes Gerede%} VṚṢABH. 256,a,22.
ativyAhfta	10276	7-294-b	absent	N	Y	N	{{Lbody=10276}}
ativyAkula	3397	3-248-b	absent	N	Y	N	{#ativyAkula#}¦ Adj. {%überaus verwirrt%}. Nom. abstr. {#˚tA#} f. VṚṢABH. 10,b,26.
ativyAkula	10276	7-294-b	absent	N	Y	N	{#ativyAkula#}, {#ativyAhfta#} und {#ativyutpanna#}¦ 3.
ativyaTita	8230	6-293-b	absent	N	Y	N	{#ativyaTita#}¦ Adj. {%heftig schmerzend%} BHĀG. P. 5,14,11.
ativyaTita	10272	7-294-a	absent	N	Y	N	{#ativyaTita#}¦ 6.
ativyapahAra	329	1-285-a	absent	N	Y	N	{#ativyapahAra#}¦ m. ĀPAST. schlechte Lesart für {#ativyavahAra#}.
ativyapahAra	10273	7-294-a	absent	N	Y	N	{#ativyapahAra#} und {#ativyavahAra#}¦ 1.
ativyasana	8232	6-293-b	absent	N	Y	N	{#ativyasana#}¦ n. {%ein grosses Unglück, ein grosser Unfall%} RĀJAT. 8,791. VĀSAV. 276,3.
ativyasana	10275	7-294-b	absent	N	Y	N	{{Lbody=10275}}
ativyasanin	8233	6-293-b	absent	N	Y	N	{#ativyasanin#}¦ Adj. {%von einer bösen Neigung stark beherrscht%} KATHĀS. 43,25.
ativyasanin	10275	7-294-b	absent	N	Y	N	{{Lbody=10275}}
ativyavAya	5023	4-291-c	absent	N	Y	N	{#ativyavAya#}¦ m. {%übertriebener Geschlechtsgenuss%} SUŚR. 2,147,7.
ativyavAya	10274	7-294-b	absent	N	Y	N	{#ativyavAya#}¦ 4.
ativyavAyin	8231	6-293-b	absent	N	Y	N	{#ativyavAyin#}¦ Adj. {%zu oft den Beischlaf vollziehend%} CARAKA 6,19. SUŚR. 2,445,17.
ativyavAyin	10275	7-294-b	absent	N	Y	N	{#ativyavAyin#}, {#ativyasana#}, {#ativyasanin#} und {#ativyasta#}¦ 6.
ativyavahAra	330	1-285-a	absent	N	Y	N	{#ativyavahAra#}¦ m. {%zu vieler Verkehr%} ĀPAST. 1,28,4.
ativyavahAra	10273	7-294-a	absent	N	Y	N	{{Lbody=10273}}
ativyutpanna	3399	3-248-b	absent	N	Y	N	{#ativyutpanna#}¦ Adj. {%sehr unterrichtet —, sehr erfahren in%} (Loc.).
ativyutpanna	10276	7-294-b	absent	N	Y	N	{{Lbody=10276}}
atiyAcita	5020	4-291-c	absent	N	Y	N	{#atiyAcita#}¦ Adj. {%mit Bitten bestürmt%} Spr. 4384.
atiyAcita	10203	7-293-d	absent	N	Y	N	{#atiyAcita#}¦ 4.
atizkad	8247	6-293-b	absent	N	Y	N	{#atizka/d#}, {#atizka/das#}¦ 〔17,4〕 ist Abl. Infin. zu {#skad#} [Page6-293-c] mit {#ati#}, {#atizka/de#} ṚV. 8,67,19 Da
atizkad	10300	7-294-b	absent	N	Y	N	{#atizka/d#} und {#atizka/das#}¦ I. 6.
atizkadas	8247	6-293-b	absent	N	Y	N	{{Lbody=8247}}
atizkadas	10300	7-294-b	absent	N	Y	N	{{Lbody=10300}}
atodya	2055	2-287-c	absent	N	Y	N	{#atodya#}¦ n. {%die indische Laute%} BHĀG. P. ed. Bomb. 4,12,40. {#A˚#} v. l.
atodya	10361	7-294-d	absent	N	Y	N	{#atodya#}¦ 2.
atoya	355	1-285-b	absent	N	Y	N	{#atoya#}¦ Adj. (f. {#A#}) {%wasserlos%} HEMĀDRI 1,500,11.
atoya	10362	7-294-d	absent	N	Y	N	{#atoya#}¦ 1.
atrARa	2066	2-288-a	absent	N	Y	N	{#atrARa#}¦ Adj. (f. {#A#}) {%schutzlos%} KĀRAṆḌ. 45,17.
atrARa	10408	7-295-a	absent	N	Y	N	{#atrARa#}¦ 2.
atrAsuka	379	1-285-c	absent	N	Y	N	{#a/trAsuka#}¦ Adj. {%sich nicht fürchtend%} MAITR. S. 4,2,3.
atrAsuka	10409	7-295-a	absent	N	Y	N	{#a/trAsuka#}¦ 1.
atrasta	2065	2-288-a	absent	N	Y	N	{#atrasta#}¦ Adj. {%unerschrocken%}.
atrasta	10406	7-295-a	absent	N	Y	N	{#atrasta#}¦ 2.
atrigotrA	3415	3-248-b	absent	N	Y	N	{#atrigotrA#}¦ Adj. f. = 1. {#Atreya#} 2〉b〉 VIṢṆUS. 36,1.
atrigotrA	10410	7-295-a	absent	N	Y	N	{#atrigotrA#}¦ 3.
atrija	380	1-285-c	absent	N	Y	N	{#atrija#}¦ m. = 1. {#Atreya#} 1〉a〉 CARAKA 1,3.
atrija	10411	7-295-a	absent	N	Y	N	{#atrija#} und {#atrinetraprajAta#}¦ 1.
atrinetraprajAta	381	1-285-c	absent	N	Y	N	{#atrinetraprajAta#}¦ m. {%der Mond%} HEMĀDRI 1,432,11.
atrinetraprajAta	10411	7-295-a	absent	N	Y	N	{{Lbody=10411}}
atrivarza	2067	2-288-a	absent	N	Y	N	{#atrivarza#}¦ Adj. {%noch nicht drei Jahre alt%}.
atrivarza	10412	7-295-a	absent	N	Y	N	{#atrivarza#}¦ 2.
attvAya	10363	7-294-d	absent	N	Y	N	{#attvA/ya#}¦ Absol. von 1. {#ad#} MAITR. S. 1,8,5 (121,20). Man könnte {#sadattvA/ya#} statt {#ya/dattvA/ya#} vermuthen
atucCa	2052	2-287-c	absent	N	Y	N	{#atucCa#}¦ Adj. {%nicht nichtig%} SARVAD. 149,20.
atucCa	10351	7-294-c	absent	N	Y	N	{{Lbody=10351}}
atulasundara	3408	3-248-b	absent	N	Y	N	{#atulasundara#}¦ Adj. (f. {#I#}) {%unvergleichlich schön%} KAUTUKAS.
atulasundara	10354	7-294-c	absent	N	Y	N	{#atulasundara#}¦ 3.
atundila	6096	5-241-c	absent	N	Y	N	{#atundila#}¦ Adj. {%nicht dickbauchig%} HARṢAC. (1936) 481,11.
atundila	10352	7-294-c	absent	N	Y	N	{#atundila#}¦ 5.
aturmuhya	5027	4-291-c	absent	N	Y	N	{#aturmuhya/#}¦ n. MAITR. S. 2,1,9 (10,18. 19). ROTH vermuthet {#antarmuhya/#} {%innere Verwirrung%}.
aturmuhya	10353	7-294-c	absent	N	Y	N	{#aturmuhya/#}¦ 4.
atuzwikara	22106	7-385-a	absent	N	Y	N	{#atuzwikara#}¦ Adj. {%Missvergnügen verursachend%} M. 4,217.
atvarita	3416	3-248-b	absent	N	Y	N	{#atvarita#}¦ Adj. {%nicht eilend%} GOBH. ŚRĀDDHAK. 5,2.
atvarita	10413	7-295-a	absent	N	Y	N	{#atvarita#}¦ 3.
atyAga	2060	2-287-c	absent	N	Y	N	{#atyAga#}¦ m. {%Nichthingabe%}. {#˚ge tanoH#} so v. a. {%bei Lebzeiten%} Spr. 4021.
atyAga	10383	7-294-d	absent	N	Y	N	{#atyAga#}¦ 2.
atyAgraha	6100	5-241-c	absent	N	Y	N	{#atyAgraha#}¦ m. {%heftiges Bestehen auf%} (Loc.) HEM. PAR. 2,118.
atyAgraha	10384	7-294-d	absent	N	Y	N	{#atyAgraha#}¦ 5.
atyAjya	2061	2-287-c	absent	N	Y	N	{#atyAjya#}¦ Adj. 1〉 {%nicht im Stich zu lassen, nicht zurückzuweisen, nicht zu verstossen%}. — 2〉 {%nicht hinzugeben, n
atyAjya	10386	7-294-d	absent	N	Y	N	{#atyAjya#}¦ 2.
atyAkulita	362	1-285-b	absent	N	Y	N	{#atyAkulita#}¦ Adj. {%sehr verworren%} LA. 37,17.
atyAkulita	10382	7-294-d	absent	N	Y	N	{#atyAkulita#}¦ 1.
atyApanna	3412	3-248-b	absent	N	Y	N	{#atyApanna#}¦ Adj. {%überaus unglücklich%} MAHĀVĪRAC. 68,8?.
atyApanna	10388	7-294-d	absent	N	Y	N	{#atyApanna#}¦ 3.
atyArUQa	2062	2-287-c	absent	N	Y	N	{#atyArUQa#}¦ Adj. {%hoch gestiegen, einen hohen Grad erreicht habend%} RAGH. 12,33.
atyArUQa	10390	7-294-d	absent	N	Y	N	{#atyArUQa#}¦ 2.
atyArti	366	1-285-b	absent	N	Y	N	{#atyArti#}¦ f. {%heftiger Schmerz%} KATHĀS. 52,226.
atyArti	10391	7-294-d	absent	N	Y	N	{{Lbody=10391}}
atyAsAdayitavya	10394	7-294-d	absent	N	Y	N	{#atyAsAdayitavya#}¦ Adj. {%zu durchschreiten, [Page7-295-a] zu betreten%} R. ed. Bomb. 4,42,22.
atyAsaNga	2063	2-287-c	absent	N	Y	N	{#atyAsaNga#}¦ m. {%heftige Neigung zu%} (Loc. oder im [Page2-288-a] Comp. vorangehend) DAŚAK. (1925) 2,83,15. 101,14.
atyAsaNga	10392	7-294-d	absent	N	Y	N	{#atyAsaNga#}¦ 2.
atyAsannatA	369	1-285-b	absent	N	Y	N	{#atyAsannatA#}¦ f. {%ausserordentliche Nähe%} SŪRYAS. 12,46.
atyAsannatA	10393	7-294-d	absent	N	Y	N	{#atyAsannatA#}¦ 1.
atyAvega	367	1-285-b	absent	N	Y	N	{#atyAvega#}¦ m. {%heftige Aufregung%} PRAB. 92,8.
atyAvega	10391	7-294-d	absent	N	Y	N	{{Lbody=10391}}
atyOtsukya	377	1-285-c	absent	N	Y	N	{#atyOtsukya#}¦ n. {%grosse Ungeduld%} KATHĀS. 89,55.
atyOtsukya	10402	7-295-a	absent	N	Y	N	{{Lbody=10402}}
atyUrjasvala	3413	3-248-b	absent	N	Y	N	{#atyUrjasvala#}¦ Adj. {%überaus heldenmüthig%} (That) MAHĀVĪRAC. 103,13.
atyUrjasvala	10400	7-295-a	absent	N	Y	N	{#atyUrjasvala#}¦ 3.
atyaDika	3411	3-248-b	absent	N	Y	N	{#atyaDika#}¦ Adj. MBH. 3,1339 fehlerhaft für {#aByaDika#}; vgl. 3,33,76.
atyaDika	10368	7-294-d	absent	N	Y	N	{#atyaDika#}¦ 3.
atyabja	359	1-285-b	absent	N	Y	N	{#atyabja#}¦ Adj. {%schöner als eine Lotusblüthe%} NAIṢ. 3,34.
atyabja	10374	7-294-d	absent	N	Y	N	{#atyabja#}¦ 1.
atyagnizwomaka	357	1-285-b	absent	N	Y	N	{#atyagnizwomaka#}¦ m. = {#atyagnizwoma#} AGNI-P. 30,5.
atyagnizwomaka	10366	7-294-d	absent	N	Y	N	{#atyagnizwomaka#} und {#a/tyaRu#}¦ 1.
atyalpabudDi	360	1-285-b	absent	N	Y	N	{#atyalpabudDi#}¦ Adj. {%von sehr geringem Verstande%} MṚCCH. 136,12.
atyalpabudDi	10379	7-294-d	absent	N	Y	N	{#atyalpabudDi#} und {#atyasadfSa#}¦ 1.
atyanUrjita	10369	7-294-d	absent	N	Y	N	{#atyanUrjita#}¦ Adj. {%ganz und gar entmuthigend%} (die Armuth) JĀTAKAM. 12,4.
atyantABeda	10372	7-294-d	absent	N	Y	N	{#atyantABeda#}¦ m. {%absolute Identität%} ANIRUDDHA zu SĀṂKHYAS. 1,118.
atyasadfSa	361	1-285-b	absent	N	Y	N	{#atyasadfSa#}¦ Adj. {%überaus unangemessen%} NAIṢ. 5,115.
atyasadfSa	10379	7-294-d	absent	N	Y	N	{{Lbody=10379}}
atyasahya	10380	7-294-d	absent	N	Y	N	{#atyasahya#}¦ Adj. {%dem man nicht zu widerstehen vermag, unlenkbar%} R. ed. Bomb. 2,15,46.
atyasita	2059	2-287-c	absent	N	Y	N	{#atyasita#}¦ Adj. {%überaus schwarz%} DAŚAK. (1925) 2,112,4.
atyasita	10381	7-294-d	absent	N	Y	N	{#atyasita#}¦ 2.
atyatimAtram	2056	2-287-c	absent	N	Y	N	{#atyatimAtram#}¦ Adv. {%in sehr hohem Grade%} MBH. 3,12737. {#hyatimAtram#} besser ed. Bomb.
atyatimAtram	10367	7-294-d	absent	N	Y	N	{#atyatimAtram#}¦ 2.
atyayIBAva	10377	7-294-d	absent	N	Y	N	{#atyayIBAva#}¦ m. {%das mit Tode Abgehen%} MBH. 8,35,26.
atyayadeSanA	10376	7-294-d	absent	N	Y	N	{#atyayadeSanA#}¦ f. {%Schuldbekenntniss%} JĀTAKAM. 21.
atyucca	370	1-285-b	absent	N	Y	N	{#atyucca#}¦ Adj. {%überaus hoch%} KATHĀS. 17,135. Ind. St. 15,296.
atyucca	10395	7-295-a	absent	N	Y	N	{#atyucca#}, {#atyutka#}, {#atyuttama#} und {#atyudAra#}¦ 1.
atyunmAda	8282	6-294-a	absent	N	Y	N	{#atyunmAda#}¦ Adj. {%überaus toll, — verrückt%} MBH. 4,14,27.
atyunmAda	10397	7-295-a	absent	N	Y	N	{#atyunmAda#} und {#atyupasaMhfta#}¦ 6.
atyunnati	374	1-285-c	absent	N	Y	Y	{#atyunnati#}¦ f. {%sehr bedeutende Höhe%} SĀH. D. 41,13.
atyunnati	10396	7-295-a	absent	N	Y	Y	{#atyunnati#}¦ I. 1.
atyupasaMhfta	8283	6-294-a	absent	N	Y	N	{#atyupasaMhfta#}¦ Adj. {%zu stark genähert%} TS. PRĀT. 2,12.
atyupasaMhfta	10397	7-295-a	absent	N	Y	N	{{Lbody=10397}}
atyupasevanA	10398	7-295-a	absent	N	Y	N	{#atyupasevanA#}¦ f. {%übertriebene Ehrerbietung%} JĀTAKAM. 23,16.
atyutka	371	1-285-c	absent	N	Y	N	{#atyutka#}¦ Adj. (f. {#A#}) {%ein heftiges Verlangen empfindend%} KATHĀS. 52,401. 65,228.
atyutka	10395	7-295-a	absent	N	Y	N	{{Lbody=10395}}
atyuttama	372	1-285-c	absent	N	Y	N	{#atyuttama#}¦ Adj. (f. {#A#}) {%ganz vorzüglich%} KATHĀS. 87,4.
atyuttama	10395	7-295-a	absent	N	Y	N	{{Lbody=10395}}
atyuzRatA	375	1-285-c	absent	N	Y	N	{#atyuzRatA#}¦ f. {%allzugrosse Hitze%} DAŚAK. 18,14.
atyuzRatA	10399	7-295-a	absent	N	Y	N	{#atyuzRatA#}¦ 1.
avANgra	13087	7-311-c	absent	N	Y	N	{#avANgra#}¦ auch ĀPAST. GṚHY. 11,16.
avAcInabila	1316	1-295-a	absent	N	Y	N	{#avAcInabila#}¦ Adj. (f. {#A#}) {%mit der Oeffnung nach unten%} TĀṆḌYA-BR. 2,13,1. 2. Nom. abstr. {#˚tva#} n. Comm.
avAcInabila	13090	7-311-c	absent	N	Y	N	{#avAcInabila#}¦ 1.
avAcyavacanayudDa	1317	1-295-a	absent	N	Y	N	{#avAcyavacanayudDa#}¦ n. {%ein Wettstreit im Sagen von Unanständigkeiten%} HARṢAC. 98,23.
avAcyavacanayudDa	13092	7-311-c	absent	N	Y	N	{#avAcyavacanayudDa#}¦ 1.
avAkiSaraska	8449	6-296-a	absent	N	Y	N	{#avAkiSaraska#}¦ Adj. {%mit dem Kopfe nach unten%} SUŚR. 1,359. 7.
avAkiSaraska	13084	7-311-c	absent	N	Y	N	{#avAkiSaraska#}¦ 6.
avAleya	5341	4-295-b	absent	N	Y	N	{#avAleya#}¦ (Nachtr. 1), wohl richtiger {#avAleya#}.
avAleya	13106	7-311-c	absent	N	Y	N	{#avAleya#}¦ I. 4.
avAmana	1319	1-295-a	absent	N	Y	N	{#avAmana#}¦ m. {%kein Zwerg%} AGNI-P. 4,10.
avAmana	13100	7-311-c	absent	N	Y	N	{{Lbody=13100}}
avAnta	6546	5-246-c	absent	N	Y	N	{#avAnta#}¦ Adj. {%nicht ausgebrochen, — ausgespien%} HEM. PAR. 1,376.
avAnta	13096	7-311-c	absent	N	Y	N	{#avAnta#}¦ 5.
avAntaraprakfti	5340	4-295-b	absent	N	Y	N	{#avAntaraprakfti#}¦ f. {%relative%} oder {%partielle Norm%}.
avAntaraprakfti	13099	7-311-c	absent	N	Y	N	{#avAntaraprakfti#}¦ 4.
avAraka	1320	1-295-a	absent	N	Y	N	{#avAraka#}¦ (?) MĀRK. P. 49,17.
avAraka	13100	7-311-c	absent	N	Y	N	{{Lbody=13100}}
avAryamARa	13104	7-311-c	absent	N	Y	N	{#avAryamARa#}¦ Adj. {%nicht zurückgehalten, ungehindert%} R. ed. Bomb. 4,33,18.
avAtsalya	3946	3-254-b	absent	N	Y	N	{#avAtsalya#}¦ n. {%Mangel an Mutterliebe%} SUŚR. 1,372,10.
avAtsalya	13095	7-311-c	absent	N	Y	N	{#avAtsalya#}¦ 3.
avEdeSI	8475	6-296-b	absent	N	Y	N	{#avEdeSI#}¦ f. {%eine nicht-locale Getrenntheit%} (?) ŚĀṄKH. ŚR. 13,24,14.
avEdeSI	13275	7-312-c	absent	N	Y	N	{#avEdeSI#}¦ 6.
avEkfta	8474	6-296-b	absent	N	Y	N	{#avEkfta#}¦ Adj. (f. {#A#}) {%nicht entstellt%} KATHĀS. 123,24.
avEkfta	13273	7-312-c	absent	N	Y	N	{#avEkfta#}¦ 6.
avEra	13277	7-312-c	absent	N	Y	N	{#avEra#}¦ n. Instr. {%ohne feindlich aufzutreten%} JĀTAKAM. 21.
avErin	8476	6-296-b	absent	N	Y	N	{#avErin#}¦ Adj. {%nicht feindlich gesinnt%} BHĀG. P. 6,5,39.
avErin	13278	7-312-c	absent	N	Y	N	{#avErin#}¦ 6.
avEvartacakra	13279	7-312-c	absent	Y	Y	N	{#*avEvartacakra#}¦ n. Titel eines Werkes MAHĀVY. 651.
avIrahatya	3958	3-254-b	absent	N	Y	N	{#avIrahatya#}¦ n. {%kein Männermord%} ĀPAST. ŚR. 5,27,1.
avIrahatya	13264	7-312-c	absent	N	Y	N	{#avIrahatya#}¦ 3.
avIrasTa	8473	6-296-a	absent	N	Y	N	{#avIrasTa#}¦ Adj. {%keinem Helden stehend, feig%} KĀṬH. 12,8.
avIrasTa	13263	7-312-c	absent	N	Y	N	{#avIrasTa#}¦ 6.
avIryavant	1345	1-295-a	absent	N	Y	N	{#a/vIryavant#}¦ Adj. {%schwach, machtlos%} MAITR. S. 3,8,1.
avIryavant	13265	7-312-c	absent	N	Y	N	{#a/vIryavant#}¦ 1.
avaDAnavant	1277	1-294-b	absent	N	Y	N	{#avaDAnavant#}¦ Adj. {%aufmerksam%}. Nom. abstr. {#˚vattA#} f. Comm. zu NAIṢ. 8,9.
avaDAnavant	12968	7-310-d	absent	N	Y	N	{#avaDAnavant#}, {#˚avaDika#} u. {#avaDI#}¦ 1.
avaDUlay	1280	1-294-c	absent	N	Y	N	{#avaDUlay#}¦, {#˚yati#} {%bestreuen%} HEMĀDRI 1,545,4.
avaDUlay	12970	7-310-d	absent	N	Y	N	{#avaDUlay#} und {#avaDeya#}¦ 1.
avaDUtaka	2457	2-292-a	absent	N	Y	N	{{Lbody=2457}}
avaDUtaka	12969	7-310-d	absent	N	Y	N	{{Lbody=12969}}
avaRqa	3932	3-254-a	absent	N	Y	Y	{#a/vaRqa#}¦ Adj. (f. {#A#}) {%nicht ungeschwänzt%} (Kuh).
avaRqa	6504	5-246-a	absent	N	Y	Y	{#a/vaRqa#}¦ (Nachtr. 3) {%zu streichen;%} vgl. {#a/baRqa#}.
avaRqa	12955	7-310-c	absent	N	Y	Y	{#a/vaRqa#}¦ 3. 5.
avaSarDayitar	3940	3-254-b	absent	N	Y	N	{#avaSarDayitar#}¦ Nom. ag. {%auf Jmd farzend%} VIṢṆUS. 5,22.
avaSarDayitar	13044	7-311-b	absent	N	Y	N	{#avaSarDayitar#}¦ 3.
avaYcaka	6501	5-246-a	absent	N	Y	N	{#avaYcaka#}¦ Adj. {%nicht betrügend, ehrlich%}.
avaYcaka	12949	7-310-c	absent	N	Y	N	{#avaYcaka#}¦ 5.
avaYcita	6502	5-246-a	absent	N	Y	N	{#avaYcita#}¦ Adj. {%nicht angeführt, — getäuscht, — hintergangen, — betrogen, — um%} (Loc.).
avaYcita	12951	7-310-c	absent	N	Y	N	{#avaYcita#}¦ 5.
avacCedakatAleSa	2452	2-292-a	absent	N	Y	N	{{Lbody=2452}}
avacCedakatAleSa	12946	7-310-c	absent	N	Y	N	{{Lbody=12946}}
avacCedakatAmAlA	2452	2-292-a	absent	N	Y	N	{{Lbody=2452}}
avacCedakatAmAlA	12946	7-310-c	absent	N	Y	N	{{Lbody=12946}}
avacCedakatAnirukti	2452	2-292-a	absent	N	Y	N	{{Lbody=2452}}
avacCedakatAnirukti	12946	7-310-c	absent	N	Y	N	{{Lbody=12946}}
avacCedakatAsAra	2452	2-292-a	absent	N	Y	N	{{Lbody=2452}}
avacCedakatAsAra	12946	7-310-c	absent	N	Y	N	{{Lbody=12946}}
avacCedakatAvAda	2452	2-292-a	absent	N	Y	N	{{Lbody=2452}}
avacCedakatAvAda	12946	7-310-c	absent	N	Y	N	{{Lbody=12946}}
avacCedakatattvanirukti	2452	2-292-a	absent	N	Y	N	{#avacCedakatattvanirukti#} f., {#˚CedakatAnirukti#} f., {#˚CedakatAmAlA#} f., {#˚CedakatAleSa#} m., {#˚CedakatAvAda#} m
avacCedakatattvanirukti	12946	7-310-c	absent	N	Y	N	{#avacCedakatattvanirukti#}, {#˚CedakatAnirukti#}, {#˚CedakatAmAlA#}, {#˚CedakatAleSa#}, {#˚CedakatAvAda#}, {#˚CedakatAs
avacitapUrva	3931	3-254-a	absent	N	Y	N	{#avacitapUrva#}¦ Adj. ŚĀK. (PISCH.) 116 falsche Lesart für {#racitapUrva#}.
avacitapUrva	12944	7-310-c	absent	N	Y	N	{#avacitapUrva#}¦ 3.
avadravya	6509	5-246-a	absent	N	Y	N	{#*avadravya#}¦ n. v. l. für {#apadravya#} ZACH. Beitr.
avadravya	12966	7-310-d	absent	N	Y	N	{#avadravya#}¦ 5.
avaga	12928	7-310-c	absent	Y	Y	N	{#*avaga#}¦ n. {%eine bestimmte hohe Zahl%} MAHĀVY. 246. fg.
avagaRanA	6497	5-246-a	absent	N	Y	N	{#*avagaRanA#}¦ f. {%Geringschätzung, Verachtung%} DEŚĪN. 1,17.
avagaRanA	12929	7-310-c	absent	N	Y	N	{#avagaRanA#}¦ 5.
avagataraSmivant	2446	2-292-a	absent	N	Y	N	{#avagataraSmivant#}¦ Ind. St. 10,318 fehlerhaft für {#apagata˚#}.
avagataraSmivant	12930	7-310-c	absent	N	Y	N	{#avagataraSmivant#}¦ 2.
avahant	6537	5-246-b	absent	N	Y	N	{#avahant#}¦ Adj. {%nicht fliessend, stehend%} (Wasser) ĀŚV. GṚHY. 4,4,10.
avahant	13079	7-311-c	absent	N	Y	N	{#avahant#}¦ 5.
avahasita	8448	6-295-c	absent	N	Y	N	{#avahasita#}¦ 1〉 Adj. s. u. 2. {#has#} mit {#ava#}. — 2〉 n. [Page6-296-a] {%ein Lachen, bei dem Kopf und Schultern in B
avahasita	13080	7-311-c	absent	N	Y	N	{#avahasita#}¦ 6.
avahitatva	1314	1-295-a	absent	N	Y	N	{#avahitatva#}¦ n. {%Aufmerksamkeit%} NAIṢ. 5,19.
avahitatva	13082	7-311-c	absent	N	Y	N	{#avahitatva#}¦ 1.
avakUlana	12922	7-310-c	absent	N	Y	N	{#avakUlana#}¦ 6.
avakalpanA	12919	7-310-b	absent	Y	Y	N	{#*avakalpanA#}¦ f. {%das für möglich Halten%} MAHĀVY. 245.
avakarRana	22230	7-386-b	absent	N	Y	N	{#avakarRana#}¦ n. {%das in den Wind Schlagen%} KĀD. (1883) 108,3. 4.
avakarRaprAvfta	6491	5-246-a	absent	N	Y	N	{#avakarRaprAvfta#}¦ Adj. {%verhüllt mit Ausschluss der Ohren%} ĀPAST. ŚR. 13,15,5. Vgl. {#sakarRaprAvfta#}.
avakarRaprAvfta	8436	6-295-c	absent	N	Y	N	{#avakarRaprAvfta#}¦, statt dessen {#akarRa˚#} im Comm. zu TĀṆḌYA-BR. 8,7,7.
avakarRaprAvfta	12917	7-310-b	absent	N	Y	N	{#avakarRaprAvfta#}¦ 5. 6.
avakowaka	6493	5-246-a	absent	N	Y	N	{#avakowaka#}¦ m. {%Ardea nivea%} VĀSAV. 99,1.
avakowaka	12924	7-310-c	absent	N	Y	N	{#avakowaka#}, {#avakraga#} und {#avakracetas#}¦ 5.
avakrAma	1270	1-294-b	absent	N	Y	N	{#avakrAma#}¦ in {#anavakrAma#}.
avakrAma	12925	7-310-c	absent	N	Y	N	{#avakrAma#}¦ 1.
avakracetas	6495	5-246-a	absent	N	Y	N	{#avakracetas#}¦ Adj. {%geraden Sinnes%} KAṬHOP. 5,1.
avakracetas	12924	7-310-c	absent	N	Y	N	{{Lbody=12924}}
avakraga	6494	5-246-a	absent	N	Y	N	{#avakraga#}¦ Adj. {%gerades Weges gehend%} (eig. und übertr.) KATHĀS. 27,156.
avakraga	12924	7-310-c	absent	N	Y	N	{{Lbody=12924}}
avalagana	2466	2-292-a	absent	N	Y	N	{#avalagana#}¦ n. {%das Gewinnen Jmds%} HEM. PAR. 8,12.
avalagana	13028	7-311-a	absent	N	Y	N	{#avalagana#}¦ 2.
avalambanaka	1302	1-294-c	absent	N	Y	N	{#avalambanaka#}¦ n. {%Halt, Stütze%} ebend. 1,191,22.
avalambanaka	13030	7-311-a	absent	N	Y	N	{#avalambanaka#} und {#avalambya#}¦ 1.
avalambya	1303	1-294-c	absent	N	Y	N	{#avalambya#}¦ Adj. {%anzuhängen%} ebend. 1,173,11. 16. 177,13.
avalambya	13030	7-311-a	absent	N	Y	N	{{Lbody=13030}}
avalepavant	6522	5-246-b	absent	N	Y	N	{#avalepavant#}¦ Adj. {%hochmüthig%} DAŚAK. 90,19.
avalepavant	13036	7-311-b	absent	N	Y	N	{#avalepavant#}¦ 5.
avalgu	6525	5-246-b	absent	N	Y	N	{#avalgu#}¦ Adj. {%nicht schön, unangenehm;%} n. {%Schlimmes%} BHAṬṬ. 12,66.
avalgu	13040	7-311-b	absent	N	Y	N	{{Lbody=13040}}
avalokitalakzmI	2467	2-292-a	absent	N	Y	N	{#avalokitalakzmI#}¦ f. N. pr. einer KiṃnaraJungfrau KĀRAṆḌ. 6,3.
avalokitalakzmI	13038	7-311-b	absent	N	Y	N	{#avalokitalakzmI#}¦ 2.
avalupta	6521	5-246-b	absent	N	Y	N	{#avalupta#}¦ 1〉 Adj. s. u. 1. {#lup#} mit {#ava#}. — 2〉 *n. Nom. act. {#vfkAva˚#} {%das Heranspringen nach Art eines Wo
avalupta	13033	7-311-a	absent	N	Y	N	{#avalupta#}¦ 5.
avamUrDa	12996	7-310-d	absent	Y	Y	N	{#*avamUrDa#}¦ m. N. pr. einer mythischen Welt MAHĀVY. 154.
avamarapAWaka	22239	7-386-b	absent	N	Y	N	{#avamarapAWaka#}¦ m. {%Barde, Lobsänger [Page7-386-c] eines Fürsten%} ebend. 226. 264.
avamavAsara	1295	1-294-c	absent	N	Y	N	{{Lbody=1295}}
avamfdya	6514	5-246-b	absent	N	Y	N	{#avamfdya#}¦ in {#anavamfdya#} oben.
avamfdya	12998	7-310-d	absent	N	Y	N	{#avamfdya#}¦ 5.
avamya	8441	6-295-c	absent	N	Y	N	{#avamya#}¦ Adj. {%den man nicht vomiren lassen darf%} CARAKA 6,4.
avamya	13000	7-311-a	absent	N	Y	N	{#avamya#}¦ 6.
avanDyaprasAda	5330	4-295-b	absent	N	Y	N	{#avanDyaprasAda#}¦ Adj. {%dessen Gunst nicht ohne gute Folgen ist%}. Nom. abstr. {#˚tva#} n. RĀJAT. 1,78.
avanDyaprasAda	12985	7-310-d	absent	N	Y	N	{#avanDyaprasAda#}¦ 4.
avanIBuj	1285	1-294-c	absent	N	Y	N	{#avanIBuj#}¦ m. {%Fürst, König%} NAIṢ. 1,107.
avanIBuj	12979	7-310-d	absent	N	Y	N	{#avanIBuj#} und {#avanIBft#}¦ 1.
avanaha	12973	7-310-d	absent	Y	Y	N	{#*avanaha#}¦ m. {%Ausstopfung%} MAHĀVY. 261,90.
avanatI	3934	3-254-a	absent	N	Y	N	{#avanatI#}¦ Adv. mit {#BU#} {%sich verneigen%} R. 7,23,1,60.
avanatI	12972	7-310-d	absent	N	Y	N	{#avanatI#}¦ 3.
avanektar	3935	3-254-a	absent	N	Y	N	{#avanektar#}¦ Nom. ag. {%Wäscher%} in {#pAdAvanektar#}.
avanektar	12980	7-310-d	absent	N	Y	N	{#avanektar#}¦ 3.
avanipAtam	1283	1-294-c	absent	N	Y	N	{#avanipAtam#}¦ Absol. mit {#pat#} {%zu Boden fallen%} DAŚAK. 48,13.
avanipAtam	12977	7-310-d	absent	N	Y	N	{#avanipAtam#} und {#avaniBft#}¦ 1.
avantIkumAra	1287	1-294-c	absent	N	Y	N	{#avantIkumAra#}¦ m. N. pr. des Gründers von Avantī Ind. St. 15,269.
avantIkumAra	12983	7-310-d	absent	N	Y	N	{#avantIkumAra#}, {#avantIpurI#} und {#avantIsukumAla#}¦ 1.
avantIpurI	1288	1-294-c	absent	N	Y	N	{#avantIpurI#}¦ f. = {#avantI#} 1〉 Ind. St. 15,313.
avantIpurI	12983	7-310-d	absent	N	Y	N	{{Lbody=12983}}
avantIsukumAla	1289	1-294-c	absent	N	Y	N	{#avantIsukumAla#}¦ m. N. pr. eines Mannes Ind. St. 15,290. fg.
avantIsukumAla	12983	7-310-d	absent	N	Y	N	{{Lbody=12983}}
avantisenA	6512	5-246-a	absent	N	Y	N	{#avantisenA#}¦ f. ein Frauenname VĀSAV. 225,3.
avantisenA	12982	7-310-d	absent	N	Y	N	{#avantisenA#}¦ 5.
avantisukumAla	2459	2-292-a	absent	N	Y	N	{#avantisukumAla#}¦ m. N. pr. eines Mannes HEM. PAR. 11,134. Vgl. {#avantI˚#}. (Nachtr.).
avantisukumAla	12981	7-310-d	absent	N	Y	N	{#avantisukumAla#}¦ 2.
avapAkin	8440	6-295-c	absent	N	Y	N	{#avapAkin#}¦ Adj. CARAKA 1,27 fehlerhaft für {#avipAkin#}.
avapAkin	12987	7-310-d	absent	N	Y	N	{#avapAkin#}¦ 6.
avapadas	1291	1-294-c	absent	N	Y	N	{#avapa/das#}¦ Abl. Inf. mit {#trA#} {%vor dem Herabfallen schützen%} ṚV. 2,29,6.
avapadas	12986	7-310-d	absent	N	Y	N	{#avapa/das#} und {#avapana#}¦ 1.
avapfzWI	22237	7-386-b	absent	N	Y	N	{#avapfzWI#}¦ Adv. mit {#BU#} DIVYĀVAD. 326,1. Vgl. {#pfzWI#}.
avarRI	2464	2-292-a	absent	N	Y	N	{#avarRI#} und {#˚SikzA#}¦ f. Titel von Werken OPP. Cat. 1.
avarRI	13020	7-311-a	absent	N	Y	N	{#avarRI#} und {#˚SikzA#}¦ 2.
avarRISikzA	2464	2-292-a	absent	N	Y	N	{{Lbody=2464}}
avarRISikzA	13020	7-311-a	absent	N	Y	N	{{Lbody=13020}}
avaraBAgIya	13008	7-311-a	absent	Y	Y	N	{#avaraBAgIya#}¦ Adj. {%von niedriger Art%} und zugleich {%eine niedrige Wiedergeburt nach sich ziehend%} MAHĀVY. 109. D
avaracAmara	13006	7-311-a	absent	Y	Y	N	{#*avaracAmara#}¦ m. N. pr. eines Dvīpa MAHĀVY. 154.
avaragodAnIya	13005	7-311-a	absent	Y	Y	N	{#*avaragodAnIya#}¦ MAHĀVY. 154 fehlerhaft für {#apara˚#}.
avaroDarakzA	13017	7-311-a	absent	N	Y	N	{#avaroDarakzA#}¦ f. {%Haremswärterin%} DHARMAŚARMĀBHY. 17,57.
avaruDaka	6517	5-246-b	absent	N	Y	N	{#avaruDaka#}¦ 2〉 f. {#˚DikA#} Pl. {%die Frauen im Harem%} ŚIŚ. 12,20.
avaruDaka	13013	7-311-a	absent	N	Y	N	{#avaruDaka#}¦ 5 fehlerhaft für {#avaroDaka#}.
avaruRagfhIta	1297	1-294-c	absent	N	Y	N	{#a/varuRagfhIta#}¦ Adj. {%nicht von%} Varuṇa {%ergriffen%} MAITR. S. 1,10,12. 2,5,6.
avaruRagfhIta	13009	7-311-a	absent	N	Y	N	{#a/varuRagfhIta#}¦ 1.
avaruRagrAha	6515	5-246-b	absent	N	Y	N	{#a/varuRagrAha#}¦ m. {%das Nichtergriffenwerden von%} Varuṇa.
avaruRagrAha	13010	7-311-a	absent	N	Y	N	{#a/varuRagrAha#}¦ 5.
avarudDatva	6516	5-246-b	absent	N	Y	N	{#avarudDatva#}¦ n. {%das Eingesperrtsein%}. {#tAmavarudDatvamanEzIt#} so v. a. {%sperrte sie in seinem Harem ein%} RĀJA
avarudDatva	13012	7-311-a	absent	N	Y	N	{#avarudDatva#}¦ 5.
avarzatarkya	13023	7-311-a	absent	N	Y	N	{#avarzatarkya#}¦, Loc. {%wenn kein Regen zu erwarten ist,%} so v. a. {%bei heiterem Himmel%} ĀPAST. GṚHY. 23,8. v. l. {
avarzizyant	2465	2-292-a	absent	N	Y	N	{#avarzizyant#}¦ Adj. (f. {#˚ntI#}) {%nicht nach Regen aussehend%} (Himmel) KĀṬH. 25,10.
avarzizyant	13025	7-311-a	absent	N	Y	N	{#avarzizyant#}¦ 2.
avasAnapati	6531	5-246-b	absent	N	Y	N	{#avasAnapati#}¦ m. {%Herr des Ruheortes%} ĀPAST. ŚR. 9,16,7.
avasAnapati	13061	7-311-b	absent	N	Y	N	{#avasAnapati#}¦ 5.
avasTiticApala	5338	4-295-b	absent	N	Y	N	{#avasTiticApala#}¦ zu streichen; vgl. {#badDAvasTiti#}.
avasTiticApala	13071	7-311-c	absent	N	Y	N	{#avasTiticApala#}¦ I. 4.
avasarpin	1307	1-294-c	absent	N	Y	Y	{#avasarpin#}¦ Z. 3 lies 〔3,9〕.
avasarpin	13057	7-311-b	absent	N	Y	Y	{#avasarpin#}¦ I. 1.
avaskAra	13068	7-311-b	absent	N	Y	N	{#avaskAra#}¦ m. = {#avaskara#} 3〉 SĀY. zu AIT. BR. 3,26,3. Vielleicht nur fehlerhaft.
avasnAna	6535	5-246-b	absent	N	Y	N	{#*avasnAna#}¦ n. {%Mehl von Linsen%} u. s. w. DEŚĪN. 2,110.
avasnAna	13072	7-311-c	absent	N	Y	N	{#avasnAna#}¦ 5.
avastrI	6534	5-246-b	absent	N	Y	N	{#avastrI#}¦ Adv. mit {#kar#} {%der Kleider berauben%} VĀSAV. 196,1. Vom Comm. auch auf verschiedene andere Weisen künst
avastrI	13070	7-311-b	absent	N	Y	N	{{Lbody=13070}}
avastrada	6533	5-246-b	absent	N	Y	N	{#avastrada#}¦ Adj. {%keine Gewänder schenkend%} MBH. 3,200,51.
avastrada	13070	7-311-b	absent	N	Y	N	{#avastrada#} und {#avastrI#}¦ 5.
avastupatita	3943	3-254-b	absent	N	Y	N	{#avastupatita#}¦ Adj. {%nicht körperlich geworden%} VAJRACCH. 32,18. 19.
avastupatita	13069	7-311-b	absent	N	Y	N	{#avastupatita#}¦ 3.
avasvApinI	2470	2-292-a	absent	N	Y	N	{{Lbody=2470}}
avasvApinI	13077	7-311-c	absent	N	Y	N	{{Lbody=13077}}
avasvadant	13076	7-311-c	absent	N	Y	N	{#a/vasvadant#} und {#avasvanya^#}¦ 1.
avasvadvant	1311	1-294-c	absent	N	Y	N	{#a/vasvadvant#}¦ Adj. {%mit Strebenden vereint%} MAITR. S. 2,6,3.
avasyuvAta	6536	5-246-b	absent	N	Y	N	{#avasyu/vAta#}¦ Adj. (f. {#A#}) TS. 4,4,12,3 nach dem Comm. = {#rakzayitAro vAyavo yasya#}.
avasyuvAta	13074	7-311-c	absent	N	Y	N	{#avasyuvA/ta#}¦ 5.
avatAraRikA	6506	5-246-a	absent	N	Y	N	{#avatAraRikA#}¦ f. {%Einleitung%} CAṆḌĪDĀSA zu KĀVYAPR. 1,1 (nach AUFRECHT).
avatAraRikA	12959	7-310-c	absent	N	Y	N	{#avatAraRikA#}¦ 5.
avataMsay	1274	1-294-b	absent	N	Y	N	{#avataMsay#}¦ {%als Kranz verwenden%}. {#SUlAvataMsita#} so v. a. {%gepfählt%} DAŚAK. 41,16.
avataMsay	12957	7-310-c	absent	N	Y	N	{#avataMsay#} und {#avatara#}¦ 1.
avavartin	6527	5-246-b	absent	N	Y	Y	{#avavarti/n#}¦ zu streichen, da TBR. 1,2,6,1 {#avavarti#} Aor. von {#vart#} ist; vgl. {#upA/vavarti#} TS. 6,2,7,4.
avavartin	13041	7-311-b	absent	N	Y	Y	{#avavarti/n#}¦ I. 5.
avayE	1296	1-294-c	absent	N	Y	N	{#avayE/#}¦ Dat. Inf. {%fortzugehen%} ṚV. 8,47,12.
avayE	13003	7-311-a	absent	N	Y	N	{#avayE/#}¦ 1.
avayavaSiromaRi	2462	2-292-a	absent	N	Y	N	{{Lbody=2462}}
avayavaSiromaRi	13001	7-311-a	absent	N	Y	N	{{Lbody=13001}}
avayavagranTa	2462	2-292-a	absent	N	Y	N	{{Lbody=2462}}
avayavagranTa	13001	7-311-a	absent	N	Y	N	{{Lbody=13001}}
avayavakroqa	2462	2-292-a	absent	N	Y	N	{{Lbody=2462}}
avayavakroqa	13001	7-311-a	absent	N	Y	N	{#avayavakroqa#}, {#avayavagranTa#}, {#avayavawippaRI#} und {#avayavaSiromaRi#}¦ 2.
avayavawippaRI	2462	2-292-a	absent	N	Y	N	{{Lbody=2462}}
avayavawippaRI	13001	7-311-a	absent	N	Y	N	{{Lbody=13001}}
avazwabDatva	8445	6-295-c	absent	N	Y	N	{#avazwabDatva#}¦ n. {%Steifheit, Starrheit%} ŚAṂK. zu BṚH. ĀR. UP. S. 282.
avazwabDatva	13048	7-311-b	absent	N	Y	N	{{Lbody=13048}}
avazwamBanatA	13050	7-311-b	absent	Y	Y	N	{#*avazwamBanatA#}¦ f. {%das Sichstützen auf%} (Loc.) MAHĀVY. 192 ({#daRqe 'va˚#} zu lesen).
avedanIya	1347	1-295-b	absent	N	Y	N	{#avedanIya#}¦ Adj. {%unerkennbar%} HEMĀDRI 1,209,16.
avedanIya	13271	7-312-c	absent	N	Y	N	{#avedanIya#}¦ 1.
avedita	6637	5-247-c	absent	N	Y	N	{#avedita#}¦ Adj. KATHĀS. 123,158 fehlerhaft für {#avidita#}.
avedita	13272	7-312-c	absent	N	Y	N	{{Lbody=13272}}
avfTArTa	6634	5-247-c	absent	N	Y	N	{#avfTArTa#}¦ Adj. {%eine zutreffende Bedeutung —, einen zutreffenden Namen habend%}. Nom. abstr. {#˚tA#} f. ŚIŚ. 6,47.
avfTArTa	13266	7-312-c	absent	N	Y	N	{#avfTArTa#}¦ 5.
aviBinnakAlam	1336	1-295-a	absent	N	Y	N	{#aviBinnakAlam#}¦ Adv. {%zu derselben Zeit%} MUDRĀR. 63,15 (103,8).
aviBinnakAlam	13192	7-312-a	absent	N	Y	N	{#aviBinnakAlam#}¦ 1.
aviDeya	1334	1-295-a	absent	N	Y	N	{#aviDeya#}¦, Nom. abstr. {#˚tA#} f. {%Widerspänstigkeit%} (des Schicksals) MUDRĀR. 78,5 (130,9).
aviDeya	6581	5-247-a	absent	N	Y	N	{#aviDeya#}¦ (auch Nachtr. 1) auch {%unbrauchbar, nicht anwendbar%}. Nom. abstr. {#˚tva#} n. MBH. 16,7,65.
aviDeya	13168	7-312-a	absent	N	Y	N	{#aviDeya#}¦ I. 1. 5. {#aviDeyatva#} n. {%das nicht in der Gewalt Stehen von%} (Gen.), {%Nichtunterliegen%} DAŚAK. (1883
aviDfta	3953	3-254-b	absent	N	Y	N	{#aviDfta#}¦ Adj. {%unaufgehalten, unaufhaltsam%} MBH. 1,1,250.
aviDfta	13167	7-312-a	absent	N	Y	N	{#aviDfta#}¦ 3.
aviDijYa	1333	1-295-a	absent	N	Y	N	{#aviDijYa#}¦ Adj. {%die Vorchrift nicht kennend%} HEMĀDRI 1,471,13.
aviDijYa	13164	7-312-a	absent	N	Y	N	{#aviDijYa#}¦ 1.
aviSAla	6621	5-247-b	absent	N	Y	N	{#aviSAla#}¦ Adj. (f. {#A#}) {%nicht gross%} (Verstand).
aviSAla	13233	7-312-b	absent	N	Y	N	{#aviSAla#}¦ 5.
aviSArada	6620	5-247-b	absent	N	Y	N	{#aviSArada#}¦ Adj. {%nicht vertraut mit%} (Gen.) MBH. 7,135,6.
aviSArada	8462	6-296-a	absent	N	Y	N	{#aviSArada#}¦ (Nachtr. 5) auch {%schüchtern%} CARAKA 3,8.
aviSArada	13232	7-312-b	absent	N	Y	N	{#aviSArada#}¦ 5. 6.
aviSaNkin	6619	5-247-b	absent	N	Y	N	{#˚aviSaNkin#}¦ Adj. {%nicht vermuthend, — voraussetzend%} KATHĀS. 40,72.
aviSaNkin	13231	7-312-b	absent	N	Y	N	{#aviSaNkin#}¦ I. 5.
aviSlizwa	13239	7-312-c	absent	N	Y	N	{#aviSlizwa#}¦ Adj. {%übereinstimmend%} R. ed. Bomb. 4,19,10.
aviSoDana	3956	3-254-b	absent	N	Y	N	{#aviSoDana#}¦ n. {%das Unentschiedenbleiben%} VIṢṆUS. 11,9.
aviSoDana	13234	7-312-b	absent	N	Y	N	{#aviSoDana#}¦ 3.
aviSrARita	8465	6-296-a	absent	N	Y	N	{#aviSrARita#}¦ Adj. {%nicht verschenkt%} R. 2,32,35.
aviSrARita	13237	7-312-b	absent	N	Y	N	{{Lbody=13237}}
aviSramant	8464	6-296-a	absent	N	Y	N	{#aviSramant#}¦ Adj. {%nicht ausruhend, ununterbrochen bei Etwas verweilend%} MĀRK. P. 133,17.
aviSramant	13237	7-312-b	absent	N	Y	N	{#aviSramant#} und {#aviSrARita#}¦ 6.
aviSvAsya	6623	5-247-b	absent	N	Y	N	{#aviSvAsya#}¦ Adj. {%kein Vertrauen verdienend, — einflössend%}.
aviSvAsya	13242	7-312-c	absent	N	Y	N	{#aviSvAsya#} und {#avizamaya#}¦ 5.
avibruvant	5344	4-295-b	absent	N	Y	N	{#avibruvant#}¦ Adj. 1〉 {%Etwas%} (Acc.) {%nicht aussagend%} MBH. 15,8,24. {%nicht Etwas%} (Acc.) {%zu Jmd%} (Acc.) {%sa
avibruvant	13187	7-312-a	absent	N	Y	N	{#avibruvant#}¦ 4.
avicalant	1327	1-295-a	absent	N	Y	N	{#avicalant#}¦ Adj. {%sich nicht bewegend%} NAIṢ. 4,93.
avicalant	13139	7-311-d	absent	N	Y	N	{#avicalant#}¦ 1.
avicezwant	2477	2-292-b	absent	N	Y	N	{#avicezwant#}¦ Adj. {%sich nicht rührend, unbeweglich%} MBH. 13,40,58.
avicezwant	13141	7-311-d	absent	N	Y	N	{#avicezwant#}¦ 2.
avicintayant	22241	7-386-c	absent	N	Y	N	{#avicintayant#}¦ Adj. {%nicht bedenkend%} MBH. 13,1,21.
avid	6578	5-247-a	absent	N	Y	N	{#avid#}¦ Adj. {%unwissend%} BHĀG. P. 3,10,19.
avid	13156	7-311-d	absent	N	Y	N	{#avid#}¦ 5.
avidDakarRa	8454	6-296-a	absent	N	Y	N	{#avidDakarRa#}¦ Adj. {%dessen Ohren nicht getroffen werden von%} (Instr.), so v. a. {%taub für%} KṢEM. 1,25.
avidDakarRa	13161	7-312-a	absent	N	Y	N	{#avidDakarRa#}¦ I. 6.
avidUzaka	6579	5-247-a	absent	N	Y	N	{#avidUzaka#}¦ Adj. {%der Einen nicht verunglimpft, — beleidigt%} R. ed. Bomb. 1,7,11.
avidUzaka	13159	7-312-a	absent	N	Y	N	{#avidUzaka#}¦ 5.
avidyaka	8455	6-296-a	absent	N	Y	N	{#avidyaka#}¦ Adj. {%aus Unwissenheit bestehend%} Comm. zu KAP. 6,46.
avidyaka	13162	7-312-a	absent	N	Y	N	{#avidyaka#}¦ 6.
avigaRita	13134	7-311-d	absent	N	Y	N	{#avigaRita#}¦ Adj. {%nicht in Betracht gezogen, nicht richtig erwogen%} JĀTAKAM. 27,25. 23.
avihiMsant	6631	5-247-c	absent	N	Y	N	{#avihiMsant#}¦ Adj. {%der Niemand ein Leid zufügt%} MBH. 12,265,13.
avihiMsant	13255	7-312-c	absent	N	Y	N	{#avihiMsant#}¦ 5.
avijYAtaprAyaScitta	8452	6-296-a	absent	N	Y	N	{#avijYAtaprAyaScitta#}¦ Adj. (ein Opfer) {%bei dem die Sühne für im Verlauf desselben begangene Fehler nicht angegeben 
avijYAtaprAyaScitta	13145	7-311-d	absent	N	Y	N	{#avijYAtaprAyaScitta#}¦ 6.
avijYapti	13144	7-311-d	absent	Y	Y	N	{#*avijYapti#}¦ f. {%das Nichtzuerkennengeben, Nichtäusserung%} (einer Regung) MAHĀVY. 101.
avikANkzA	6554	5-246-c	absent	N	Y	N	{#avikANkzA#}¦ f. {%kein Bedenken%}. Instr. {%ohne B.%}
avikANkzA	13116	7-311-c	absent	N	Y	N	{#avikANkzA#}¦ 5.
avikAravant	5342	4-295-b	absent	N	Y	N	{#avikAravant#}¦ Adj. {%keine Wandelungen zeigend, stets sich gleich bleibend%}.
avikAravant	13118	7-311-c	absent	N	Y	N	{#avikAravant#}¦ 4.
avikAsaBAva	6557	5-246-c	absent	N	Y	N	{#avikAsaBAva#}¦ m. {%das Unaufgeblühtsein%} KUMĀRAS. 3,29 ({#avikASa˚#} gedr.).
avikAsaBAva	13121	7-311-d	absent	N	Y	N	{#avikAsaBAva#} und {#avikuRWa#}¦ 5.
avikampita	1323	1-295-a	absent	N	Y	N	{#avikampita#}¦ Adj. {%nicht zitternd, unerschüttert%} KATHĀS. 60,183.
avikampita	13112	7-311-c	absent	N	Y	N	{#avikampita#}¦ 1.
avikatTin	6552	5-246-c	absent	N	Y	N	{#avikatTin#}¦ Adj. {%nicht prahlend%} Spr. 6233.
avikatTin	13111	7-311-c	absent	N	Y	N	{#avikatTin#}¦ 5.
avilIna	6612	5-247-b	absent	N	Y	N	{#avilIna#}¦ Adj. {%nicht zu Nichte geworden%}. Mit {#BU#} so v. a. {%leben bleiben, leben%} UTTARAR. 124,12 (168,7).
avilIna	13224	7-312-b	absent	N	Y	N	{#avilIna#}, {#avilepanin#}, {#avilepin#} und {#avilolupa#}¦ 5.
avilakzaRa	6609	5-247-b	absent	N	Y	N	{#avilakzaRa#}¦ KĀM. NĪTIS. 8,14 fehlerhaft für {#arilakzaRa#}.
avilakzaRa	13222	7-312-b	absent	N	Y	N	{#avilakzaRa#} und {#avilakzita#}¦ 5.
avilepanin	6613	5-247-b	absent	N	Y	N	{#avilepanin#}¦ Adj. {%ungesalbt%}.
avilepanin	13224	7-312-b	absent	N	Y	N	{{Lbody=13224}}
avilepin	6614	5-247-b	absent	N	Y	N	{#avilepin#}¦ Adj. {%nicht klebrig%}.
avilepin	13224	7-312-b	absent	N	Y	N	{{Lbody=13224}}
avilolupa	6615	5-247-b	absent	N	Y	N	{#avilolupa#}¦ Adj. (f. {#A#}) s. {#vilolupa#}.
avilolupa	13224	7-312-b	absent	N	Y	N	{{Lbody=13224}}
avimAnanA	6596	5-247-a	absent	N	Y	N	{#avimAnanA#}¦ f. {%keine geringschätzige Behandlung%}.
avimAnanA	13197	7-312-b	absent	N	Y	N	{{Lbody=13197}}
avimalapraBa	6595	5-247-a	absent	N	Y	N	{#avimalapraBa#}¦ m. N. pr. eines Devaputra LALIT. 334,2. v. l. {#vimala˚#}.
avimalapraBa	13197	7-312-b	absent	N	Y	N	{#avimalapraBa#} und {#avimAnanA#}¦ 5.
avimfzwaviDeyAMSa	6598	5-247-a	absent	N	Y	N	{#avimfzwaviDeyAMSa#} n. (PRATĀPAR. 61,a,8. b,4) und {#˚BAva#} m. (SĀH. D. 574)¦ {%unmotivirte Bezeichnung einer kleiner
avimfzwaviDeyAMSa	13203	7-312-b	absent	N	Y	N	{#avimfzwaviDeyAMSa#} und {#˚BAva#}¦ 5.
avimfzwaviDeyAMSaBAva	6598	5-247-a	absent	N	Y	N	{{Lbody=6598}}
avimfzwaviDeyAMSaBAva	13203	7-312-b	absent	N	Y	N	{{Lbody=13203}}
avinaSvara	6584	5-247-a	absent	N	Y	N	{#avinaSvara#}¦ Adj. {%unvergänglich%} Spr. 6727.
avinaSvara	13169	7-312-a	absent	N	Y	N	{{Lbody=13169}}
avindant	6587	5-247-a	absent	N	Y	N	{#avindant#}¦ Adj. {%nicht findend, — ausfindig machend%} M. 8,109.
avindant	13175	7-312-a	absent	N	Y	N	{#avindant#}¦ 5.
aviniryant	1335	1-295-a	absent	N	Y	N	{#aviniryant#}¦ Adj. (f. {#˚tI#}) {%nicht hinausgehend%} NAIṢ. 4,24.
aviniryant	13173	7-312-a	absent	N	Y	N	{#aviniryant#}¦ 1.
avinivartanIya	13174	7-312-a	absent	Y	Y	N	{#*avinivartanIya#}¦ m. {%ein best.%} Samādhi MAHĀVY. 24.
aviniyoga	6586	5-247-a	absent	N	Y	N	{#aviniyoga#}¦ m. {%Nichtanwendung%}.
aviniyoga	13172	7-312-a	absent	N	Y	N	{#aviniyoga#}¦ 5.
avipAkin	8456	6-296-a	absent	N	Y	N	{#avipAkin#}¦ Adj. {%nicht schwer zu verdauen%} CARAKA 1,27 ({#avapAkin#} gedr.).
avipAkin	13181	7-312-a	absent	N	Y	N	{#avipAkin#} und {#avipAwana#}¦ 6.
avipAwana	8457	6-296-a	absent	N	Y	N	{#avipAwana#}¦ n. {%kein Reissen, kein reissender Schmerz%} CARAKA 3,2.
avipAwana	13181	7-312-a	absent	N	Y	N	{{Lbody=13181}}
avipadyant	3954	3-254-b	absent	N	Y	N	{#avipadyant#}¦ Adj. {%nicht zu Nichte werdend, — sterbend%} BHĀG. P. 6,1,8.
avipadyant	13178	7-312-a	absent	N	Y	N	{#avipadyant#}¦ 3.
avipariRAmavartin	13179	7-312-a	absent	Y	Y	N	{#*avipariRAmavartin#}¦ Adj. {%nicht der Veränderung%} oder {%Umwandlung unterworfen%} MAHĀVY. 245,881.
aviparyAsa	6589	5-247-a	absent	N	Y	N	{#aviparyAsa#}¦ m. {%keine Vertauschung, — Verkehrung%} SĀY. zu ṚV. 10,18,5.
aviparyAsa	13180	7-312-a	absent	N	Y	N	{#aviparyAsa#}¦ 5.
avipramoha	6590	5-247-a	absent	N	Y	N	{#avipramoha#}¦ m. {%das Nichtbegehen eines Fehlers, das kein Versehen Machen%}.
avipramoha	13183	7-312-a	absent	N	Y	N	{#avipramoha#}¦ 5.
avirAgin	6602	5-247-b	absent	N	Y	N	{#avirAgin#}¦ Adj. {%nicht gleichgültig, für Alles Interesse habend%} R. 5,33,30.
avirAgin	13210	7-312-b	absent	N	Y	N	{#avirAgin#}¦ 5.
avirAj	13211	7-312-b	absent	N	Y	N	{#avirAj#}¦ f. {%ein anderes Metrum als%} Virāj AIT. BR. 3,22,10.
avirAwsaMpanna	8459	6-296-a	absent	N	Y	N	{#avirAwsaMpanna#}¦ Adj. {%nicht mit einer Zehnzahl verbunden%} LĀṬY. 10,3,9.
avirAwsaMpanna	13212	7-312-b	absent	N	Y	N	{#avirAwsaMpanna#}¦ 6.
avirajas	13205	7-312-b	absent	Y	Y	N	{#*avirajas#}¦ n. {%ein best. kleines Theilchen%} MAHĀVY. 251.
aviroDana	6606	5-247-b	absent	N	Y	N	{#aviroDana#}¦ n. {%das Nichthadern, friedliches Verhältniss%}.
aviroDana	13219	7-312-b	absent	N	Y	N	{#aviroDana#} und {#aviroDavant#}¦ 5.
aviroDavant	6607	5-247-b	absent	N	Y	N	{#aviroDavant#}¦ Adj. {%Nichts beeinträchtigend%}.
aviroDavant	13219	7-312-b	absent	N	Y	N	{{Lbody=13219}}
aviskanttar	8469	6-296-a	absent	N	Y	N	{#aviskanttar#}¦ Nom. ag. {%nicht hinundher hüpfend%} BHAṬṬ. 9,64.
aviskanttar	13249	7-312-c	absent	N	Y	N	{#aviskanttar#} und {#avistfta#}¦ 6.
avismaya	13250	7-312-c	absent	N	Y	N	{#avismaya#}¦ m. {%Abwesenheit alles Stolzes, Demuth%} JĀTAKAM. 7,6.
avisrasta	8471	6-296-a	absent	N	Y	N	{#avisrasta#}¦ Adj. {%nicht auseinandergefallen, — aufgelöst%} AIT. BR. 6,23,13.
avisrasta	13254	7-312-c	absent	N	Y	N	{#avisrasta#}¦ 6.
avitaTavAc	8453	6-296-a	absent	N	Y	N	{#avitaTavAc#}¦ Adj. {%nicht unwahr redend%} MUDRĀR. 63,10 (103,3).
avitaTavAc	13147	7-311-d	absent	N	Y	N	{#avitaTavAc#}¦ 6.
avitarkayant	1330	1-295-a	absent	N	Y	N	{#avitarkayant#}¦ Adj. {%sich nicht lange bedenkend%} HEMĀDRI 1,685,2.
avitarkayant	13150	7-311-d	absent	N	Y	N	{#avitarkayant#}¦ 1.
avitfptaka	6575	5-247-a	absent	N	Y	N	{#avitfptaka#}¦ Adj. {%der sich noch nicht gesättigt hat an%} (Gen.) Spr. 6692.
avitfptaka	13154	7-311-d	absent	N	Y	N	{#avitfptaka#}, {#avitfz#} und {#˚tfza#}¦ 5.
avitfz	6576	5-247-a	absent	N	Y	N	{#avitfz#}¦ Adj. {%dessen Durst —, Verlangen nicht gestillt werden kann%} BHĀG. P. 4,29,40.
avitfz	13154	7-311-d	absent	N	Y	N	{{Lbody=13154}}
avitfza	6577	5-247-a	absent	N	Y	N	{#avitfza#}¦ Adj. dass. BHĀG. P. 10,51,59.
avitfza	13154	7-311-d	absent	N	Y	N	{{Lbody=13154}}
avitrasta	2480	2-292-b	absent	N	Y	N	{#avitrasta#}¦ Adj. {%unerschrocken%}.
avitrasta	13155	7-311-d	absent	N	Y	N	{#avitrasta#}¦ 2.
avivara	13226	7-312-b	absent	N	Y	N	{#avivara#}¦ Adj. {%keine Oeffnung habend, keine Lücke zeigend%} R. ed. Bomb. 3,28,7.
avizAditA	13244	7-312-c	absent	N	Y	N	{#avizAditA#}¦ f. = {#avizAditva#} JĀTAKAM. 5.
avizamaya	6624	5-247-b	absent	N	Y	N	{#avizamaya#}¦ Adj. {%nicht gifthaltig, — giftig%} BHĀG. P. 3,15,29.
avizamaya	13242	7-312-c	absent	N	Y	N	{{Lbody=13242}}
avizuvatka	8467	6-296-a	absent	N	Y	N	{#avizuvatka#}¦ Adj. {%ohne Mitteltag%} LĀṬY. 10,14,9.
avizuvatka	13245	7-312-c	absent	N	Y	N	{#avizuvatka#} und {#avizyandayant#}¦ 6.
avizyandayant	8468	6-296-a	absent	N	Y	N	{#avizyandayant#}¦ Adj. {%nicht überfliessen lassend%} ĀPAST. ŚR. 1,13,10.
avizyandayant	13245	7-312-c	absent	N	Y	N	{{Lbody=13245}}
avyADija	1355	1-295-b	absent	N	Y	N	{#avyADija#}¦ Adj. {%Nichts mit einer Krankheit zu thun habend%} MBH. 2,64,18.
avyADija	13301	7-312-d	absent	N	Y	N	{{Lbody=13301}}
avyAharant	8489	6-296-b	absent	N	Y	N	{#avyAharant#}¦ Adj. {%keinen Laut von sich gebend%} KĀTY. ŚR. 5,6,39.
avyAharant	13307	7-312-d	absent	N	Y	N	{{Lbody=13307}}
avyApakavizayatASUnyatvapattra	2495	2-292-b	absent	N	Y	N	{#avyApakavizayatASUnyatvapattra#}¦ n. Titel eines Werkes OPP. Cat. 1.
avyApakavizayatASUnyatvapattra	13303	7-312-d	absent	N	Y	N	{#avyApakavizayatASUnyatvapattra#}¦ 2.
avyAtta	1354	1-295-b	absent	N	Y	N	{#avyAtta#}¦ Adj. {%nicht geöffnet%}. Mund AGNI-P. 44,19.
avyAtta	13301	7-312-d	absent	N	Y	N	{#avyAtta#} und {#avyADija#}¦ 1.
avyAyuka	1356	1-295-b	absent	N	Y	N	{#a/vyAyuka#}¦ Adj. {%nicht entlaufend%} MAITR. S. 4,1,5.
avyAyuka	13306	7-312-d	absent	N	Y	N	{#a/vyAyuka#}¦ 1.
avyaBicarita	2494	2-292-b	absent	N	Y	N	{#avyaBicarita#}¦ Adj. {%wogegen nicht gefehlt worden ist%} Comm. zu TS. PRĀT. 2,25.
avyaBicarita	13292	7-312-d	absent	N	Y	N	{#avyaBicarita#}¦ 2.
avyaktamaya	8480	6-296-b	absent	N	Y	N	{#avyaktamaya#}¦ Adj. (f. {#I#}) {%das Uebersinnliche betreffend%} ({#vidyA#}) MBH. 12,237. 28.
avyaktamaya	13282	7-312-d	absent	N	Y	N	{#avyaktamaya#}¦ 6.
avyantIkfta	13291	7-312-d	absent	Y	Y	N	{#*avyantIkfta#}¦ Adj. {%nicht entfernt, — entlassen%} MAHĀVY. 245,637.
avyatihAra	8482	6-296-b	absent	N	Y	N	{#avyatihAra#}¦ m. {%Nichtvertauschung%} KĀṬH. 27,1.
avyatihAra	13286	7-312-d	absent	N	Y	N	{{Lbody=13286}}
avyatiharant	8481	6-296-b	absent	N	Y	N	{#avyatiharant#}¦ Adj. {%nicht gegenseitig versetzend%} GOBH. 4,7,40.
avyatiharant	13286	7-312-d	absent	N	Y	N	{#avyatiharant#} und {#avyatihAra#}¦ 6.
avyatirikta	6638	5-247-c	absent	N	Y	N	{#˚avyatirikta#}¦ 1〉 {%nicht getrennt von%} KATHĀS. 33,70. — 2〉 {%nicht verschieden von%}. Nom. abstr. {#˚tva#} n. SARVA
avyatirikta	13284	7-312-d	absent	N	Y	N	{#avyatirikta#}¦ 5.
avyavaDAyaka	6640	5-247-c	absent	N	Y	N	{#avyavaDAyaka#}¦ Adj. {%nicht dazwischentretend%}. Nom. abstr. {#˚tva#} n. SĀY. zu ṚV. 1,13,1.
avyavaDAyaka	13295	7-312-d	absent	N	Y	N	{#avyavaDAyaka#}¦ 5.
avyavahitatA	3963	3-254-b	absent	N	Y	N	{#avyavahitatA#}¦ f. {%Ununterbrochenheit%}. Instr. {%ununterbrochen%} VṚṢABH. 79.
avyavahitatA	13298	7-312-d	absent	N	Y	N	{{Lbody=13298}}
avyavasTAna	8486	6-296-b	absent	N	Y	N	{#avyavasTAna#}¦ n. {%Nichtstandhaftigkeit%} MBH. 9,31,24.
avyavasTAna	13296	7-312-d	absent	N	Y	N	{{Lbody=13296}}
avyavasTitacitta	1352	1-295-b	absent	N	Y	N	{#avyavasTitacitta#}¦ Adj. {%unbeständigen Sinnes%} Spr. 1988.
avyavasTitacitta	13297	7-312-d	absent	N	Y	N	{#avyavasTitacitta#}¦ 1.
avyayavftti	1351	1-295-b	absent	N	Y	N	{#avyayavftti#}¦ f. Titel eines Werkes BÜHLER, Rep. No. 272.
avyayavftti	13294	7-312-d	absent	N	Y	N	{#avyayavftti#}¦ 1.
avyutkrAnta	1357	1-295-b	absent	N	Y	N	{#avyutkrAnta#}¦ Adj. {%keiner Uebertretung schuldig,%} mit Loc. HEMĀDRI 1,32,5.
avyutkrAnta	13309	7-312-d	absent	N	Y	N	{#avyutkrAnta#}¦ 1.
avyutpattimant	8491	6-296-b	absent	N	Y	N	{#avyutpattimant#}¦ Adj. {%ohne Ableitung, — Etymologie%} SARASVATĪK. 5,3.
avyutpattimant	13310	7-312-d	absent	N	Y	N	{#avyutpattimant#}¦ 6.
avyutsfjant	6641	5-247-c	absent	N	Y	N	{#avyutsfjant#}¦ Adj. {%nicht aus der Hand gebend%} ĀPAST. ŚR. 12,25. 2.
avyutsfjant	13311	7-312-d	absent	N	Y	N	{#avyutsfjant#}¦ 5.
awwapAla	3334	3-247-c	absent	N	Y	N	{#awwapAla#}¦ m. etwa {%Marktaufseher%} VET. (U.) S. 121 zu 〔17,2〕.
awwapAla	10007	7-292-c	absent	N	Y	N	{#awwapAla#}¦ 3.
ayAcitar	2385	2-291-b	absent	N	Y	N	{#ayAcitar#}¦ Nom. ag. {%nicht bittend, — werbend%} KUMĀRAS. 1,53.
ayAcitar	12557	7-308-a	absent	N	Y	N	{#ayAcitar#}¦ 2.
ayAcya	1173	1-293-b	absent	N	Y	N	{#ayAcya#}¦ Adj. {%nicht mit einer Bitte anzugehen von%} (Gen.) Ind. St. 15,329.
ayAcya	12558	7-308-a	absent	N	Y	N	{{Lbody=12558}}
ayAdava	5302	4-295-a	absent	N	Y	N	{#ayAdava#}¦ Adj. (f. {#I#}) {%von den%} Yādava {%befreit%}.
ayAdava	12562	7-308-a	absent	N	Y	N	{#ayAdava#}¦ 4.
ayUpaka	5304	4-295-a	absent	N	Y	N	{{Lbody=5304}}
ayUpaka	12578	7-308-b	absent	N	Y	N	{#ayUpaka#}¦ 4.
ayaHSalmalIvana	12549	7-308-a	absent	Y	Y	N	{#*ayaHSalmalIvana#}¦ n. {%eine best. Hölle%} MAHĀVY. 215.
ayaHkIlaka	6384	5-244-c	absent	N	Y	N	{#ayaHkIlaka#}¦ m. {%ein eiserner Bolzen%} Comm. zu KĀTY. ŚR. 4,8,26. Vgl. {#ayaskIla#} Nachtr. 1.
ayaHkIlaka	12528	7-307-d	absent	N	Y	N	{#ayaHkIlaka#}¦ 5.
ayaSoDvaja	12547	7-308-a	absent	N	Y	N	{#ayaSoDvaja#}¦ m. {%Zeichen der Schande%} JĀTAKAM. 26,31.
ayajYavAhin	5297	4-294-c	absent	N	Y	N	{#ayajYavAhin#}¦ Adj. {%keine Opfer zu den Göttern führend%} MBH. 13,18,22.
ayajYavAhin	12531	7-307-d	absent	N	Y	N	{#ayajYavAhin#}¦ 4.
ayajYopavItin	3856	3-253-b	absent	N	Y	N	{#ayajYopavItin#}¦ Adj. {%ohne Opferschnur%} MĀN. ŚR. 11,1.
ayajYopavItin	12533	7-307-d	absent	N	Y	N	{#ayajYopavItin#}¦ 3.
ayajurvedaDArin	12529	7-307-d	absent	N	Y	N	{#ayajurvedaDArin#}¦ Adj. {%den%} Yajurveda {%nicht im Gedächtniss habend%} R. ed. Bomb. 4,3,28.
ayajuzA	1167	1-293-b	absent	N	Y	N	{{Lbody=1167}}
ayamadevatya	1169	1-293-b	absent	N	Y	N	{#a/yamadevatya#}¦ Adj. {%nicht%} Yama {%zur Gottheit habend%} MAITR. S. 3,2,3.
ayamadevatya	12543	7-308-a	absent	N	Y	N	{#a/yamadevatya#}¦ 1.
ayamasU	5300	4-295-a	absent	N	Y	N	{#ayamasU#}¦ Adj. {%keine Zwillinge gebärend%} KAUŚ. 109.
ayamasU	12544	7-308-a	absent	N	Y	N	{#ayamasU#}¦ 4.
ayanacayanAdigaRita	2383	2-291-b	absent	N	Y	N	{#ayanacayanAdigaRita#}¦ n. Titel eines Werkes OPP. Cat. 1.
ayanacayanAdigaRita	12539	7-308-a	absent	N	Y	N	{#ayanacayanAdigaRita#}¦ (vielleicht {#ayanacalanA˚#}) 2.
ayanaka	3858	3-253-b	absent	N	Y	N	{#ayanaka#}¦ n. {%Sitz, Stätte%} CARAKA 8,3.
ayanaka	12538	7-308-a	absent	N	Y	N	{#ayanaka#}¦ 3.
ayaspAtrI	6387	5-244-c	absent	N	Y	N	{#ayaspAtrI#}¦ f. {%eine eiserne Pfanne%} HEM. PAR. 2,365.
ayaspAtrI	12554	7-308-a	absent	N	Y	N	{#ayaspAtrI#}¦ 5.
ayastapta	12553	7-308-a	absent	N	Y	N	{#ayastapta#}¦ Adj. {%am Spiesse gebraten%} R. ed. Bomb. 3,73,15.
ayatta	1168	1-293-b	absent	N	Y	N	{#a/yatta#}¦ Adj. {%nicht angereiht, — angeschlossen%} MAITR. S. 1,8,6.
ayatta	12534	7-307-d	absent	N	Y	N	{#a/yatta#}¦ 1.
ayavana	6386	5-244-c	absent	N	Y	N	{#*ayavana#}¦ n. {%das Nichtvermischen%} SĀY. zu ŚAT. BR. 1,7,2,26 in einer Etymologie.
ayavana	12545	7-308-a	absent	N	Y	N	{#ayavana#}¦ 5.
ayoDyAmAhAtmya	2387	2-291-b	absent	N	Y	N	{#ayoDyAmAhAtmya#}¦ n. Titel eines Werkes OPP. Cat. 1.
ayoDyAmAhAtmya	12585	7-308-b	absent	N	Y	N	{#ayoDyAmAhAtmya#}¦ 2.
ayogfha	12582	7-308-b	absent	N	Y	N	{#ayogfha#}¦ n. Titel eines Jātaka JĀTAKAM. 32 in der Unterschr.
ayogyarUpa	12584	7-308-b	absent	N	Y	N	{#ayogyarUpa#}¦ Adj. {%ziemlich ungeeignet, — ungeschickt%} JĀTAKAM. 12.
ayonijanman	3871	3-253-b	absent	N	Y	N	{#ayonijanman#}¦ Adj. {%keinem Mutterleibe entsprossen%} MAHĀVĪRAC. 10,4.
ayonijanman	12587	7-308-b	absent	N	Y	N	{#ayonijanman#}¦ 3.
ayonisaMBava	6393	5-244-c	absent	N	Y	N	{#ayonisaMBava#}¦ Adj. {%keinem Mutterleibe entsprossen%} Verz. d. Oxf. H. 25,b,14.
ayonisaMBava	12589	7-308-b	absent	N	Y	N	{#ayonisaMBava#}¦ 5.
ayonitva	8420	6-295-c	absent	N	Y	N	{#*ayonitva#}¦ n. Nom. abstr. PAT. zu P. 5,1,119. Vārtt. 9.
ayonitva	12588	7-308-b	absent	N	Y	N	{#ayonitva#}¦ 6.
ayorajaska	1180	1-293-c	absent	N	Y	N	{{Lbody=1180}}
ayorajaska	12591	7-308-b	absent	N	Y	N	{{Lbody=12591}}
ayorajomaya	1181	1-293-c	absent	N	Y	N	{#ayorajomaya#}¦ Adj. {%aus Eisenrost, — Eisenfeilicht%} CARAKA 6,19.
ayorajomaya	12592	7-308-b	absent	N	Y	N	{#ayorajomaya#}¦ 1.
ayuDyant	3867	3-253-b	absent	N	Y	N	{#ayuDyant#}¦ Adj. {%nicht kämpfend%} HARIV. 9834.
ayuDyant	12574	7-308-b	absent	N	Y	N	{#ayuDyant#}¦ 3.
ayudDamanas	1175	1-293-b	absent	N	Y	N	{#ayudDamanas#}¦ Adj. {%nicht kampflustig%} R. 7,8,3.
ayudDamanas	12573	7-308-b	absent	N	Y	N	{#ayudDamanas#}¦ 1.
ayudDamati	3866	3-253-b	absent	N	Y	N	{#ayudDamati#}¦ Adj. {%nicht kampflustig%} MĀRK. P. 134,59.
ayudDamati	12572	7-308-a	absent	N	Y	N	{#ayudDamati#}¦ 3.
ayugalaparRa	6390	5-244-c	absent	N	Y	N	{#*ayugalaparRa#}¦ m. dass. ebend. S. 23, Z. 6.
ayugalaparRa	12568	7-308-a	absent	N	Y	N	{{Lbody=12568}}
ayukparRa	6389	5-244-c	absent	N	Y	N	{#*ayukparRa#}¦ m. {%Alstonia scholaris%} DEŚĪN. S. 9, Z. 8.
ayukparRa	12568	7-308-a	absent	N	Y	N	{#ayukparRa#}, {#ayugalaparRa#}, {#ayugasapti#} und {#ayugArcis#}¦ 5.
azwANgahfdayadIpikA	2514	2-292-c	absent	N	Y	N	{{Lbody=2514}}
azwANgahfdayadIpikA	13468	7-313-d	absent	N	Y	N	{#azwANgahfdayadIpikA#}, {#˚hfdayasaMhitA#} und {#˚hfdayasaMgraha#}¦ 2.
azwANgahfdayasaMgraha	2514	2-292-c	absent	N	Y	N	{{Lbody=2514}}
azwANgahfdayasaMgraha	13468	7-313-d	absent	N	Y	N	{{Lbody=13468}}
azwANgahfdayasaMhitA	2514	2-292-c	absent	N	Y	N	{{Lbody=2514}}
azwANgahfdayasaMhitA	13468	7-313-d	absent	N	Y	N	{{Lbody=13468}}
azwANganiGaRwu	2514	2-292-c	absent	N	Y	N	{{Lbody=2514}}
azwANganiGaRwu	13466	7-313-d	absent	N	Y	N	{#azwANganiGaRwu#}¦ 2.
azwASItisahasra	3987	3-254-c	absent	N	Y	N	{#azwASItisahasra#}¦ Adj. Pl. {%88000%} YĀJÑ. 3,186.
azwASItisahasra	13480	7-314-a	absent	N	Y	N	{#azwASItisahasra#}¦ 3.
azwAdaSArTavAda	2518	2-292-c	absent	N	Y	N	{{Lbody=2518}}
azwAdaSArTavAda	13475	7-313-d	absent	N	Y	N	{{Lbody=13475}}
azwAdaSapurARasAra	2516	2-292-c	absent	N	Y	N	{#azwAdaSapurARasAra#}¦ Titel eines Werkes OPP. Cat. 1.
azwAdaSapurARasAra	13472	7-313-d	absent	N	Y	N	{#azwAdaSapurARasAra#} und {#azwAdaSarca/#}¦ 2.
azwAdaSasmfti	2518	2-292-c	absent	N	Y	N	{{Lbody=2518}}
azwAdaSasmfti	13475	7-313-d	absent	N	Y	N	{{Lbody=13475}}
azwAdaSasmftisAra	2518	2-292-c	absent	N	Y	N	{{Lbody=2518}}
azwAdaSasmftisAra	13475	7-313-d	absent	N	Y	N	{{Lbody=13475}}
azwAdaSatA	1412	1-296-a	absent	N	Y	N	{#azwAdaSatA#}¦ f. Nom. abstr. von {#azwAdaSan#} NAIṢ. 1,5.
azwAdaSatA	13471	7-313-d	absent	N	Y	N	{#azwAdaSatA#}¦ 1.
azwAdaSavAda	2518	2-292-c	absent	N	Y	N	{#azwAdaSavAda#} m., {#˚daSasmfti#} f., {#˚smftisAra#} und {#˚daSArTavAda#} m.¦ Titel von Werken OPP. Cat. 1.
azwAdaSavAda	13475	7-313-d	absent	N	Y	N	{#azwAdaSavAda#}, {#˚daSasmfti#}, {#˚smftisAra#} und {#˚daSArTavAda#}¦ 2.
azwAmfqa	1417	1-296-a	absent	N	Y	N	{#azwAmfqa#}¦ Adj. zu {#hiraRya#} KĀṬH. 13,10.
azwAmfqa	13476	7-313-d	absent	N	Y	N	{{Lbody=13476}}
azwAniDana	1415	1-296-a	absent	N	Y	N	{#azwAniDana#}¦ n. Name zweier Sāman ĀRṢ. BR.
azwAniDana	13476	7-313-d	absent	N	Y	N	{{Lbody=13476}}
azwAprUz	1416	1-296-a	absent	N	Y	N	{#azwA/prUz#}¦ Adj. (Nom. {#˚prUw#}) {%achttropfig%}. Gold TS. 3,4,1,4.
azwAprUz	13476	7-313-d	absent	N	Y	N	{{Lbody=13476}}
azwAvaDAnin	13477	7-313-d	absent	N	Y	N	{#azwAvaDAnin#}¦ Adj. {%der seine Aufmerksamkeit auf acht Dinge zugleich richten kann%} SIDDHĀNTACANDRODAYA [Page7-314-a
azwAvara	6665	5-248-a	absent	N	Y	N	{#azwAvara#}¦ Adj. als Beiwort von {#iDma#} J. A. O. S. Procc. 1883, Oct. VIII.
azwAvara	13478	7-314-a	absent	N	Y	N	{#azwAvara#}¦ 5.
azwAviMSin	8521	6-296-c	absent	N	Y	N	{#azwAviMSin#}¦ m. Du. Bez. {%des dem%} Viṣuvant{%Tage vorausgehenden und nachfolgenden rituellen Monates in einer Jahre
azwAviMSin	13479	7-314-a	absent	N	Y	N	{#azwAviMSin#}¦ 6.
azwaBujAzwaka	2512	2-292-c	absent	N	Y	N	{{Lbody=2512}}
azwaBujAzwaka	13452	7-313-d	absent	N	Y	N	{{Lbody=13452}}
azwaSlokI	2514	2-292-c	absent	N	Y	N	{#azwaSlokI#} f., {#azwasTAnaparIkzA#} f., {#azwANganiGaRwu#} m., {#azwANgahfdayadIpikA#} f., {#˚hfdayasaMhitA#} f. und 
azwaSlokI	13461	7-313-d	absent	N	Y	N	{#azwaSlokI#}¦ 2.
azwabrahmaviveka	2512	2-292-c	absent	N	Y	N	{{Lbody=2512}}
azwabrahmaviveka	13452	7-313-d	absent	N	Y	N	{{Lbody=13452}}
azwakika	6663	5-248-a	absent	N	Y	Y	{#*azwakika#}¦, nach KĀŚ. zu P. 5,2,116 und {#*azwakin#}.
azwakika	13448	7-313-d	absent	N	Y	Y	{#azwakika#}¦ (I) und {#azwakin#} 5.
azwamAsika	5356	4-295-c	absent	N	Y	N	{#azwamAsika#}¦ Adj. (f. {#I#}) {%acht Monate vorhaltend%} ({#tfpti#}), {%a. M. hindurch Wasser habend%} ({#nadI#}).
azwamAsika	13456	7-313-d	absent	N	Y	N	{#azwamAsika#}¦ 4.
azwamaNgalya	2512	2-292-c	absent	N	Y	N	{{Lbody=2512}}
azwamaNgalya	13454	7-313-d	absent	N	Y	N	{#azwamaNgalya#} und {#azwamahAmantra#}¦ 2.
azwamahAmantra	2512	2-292-c	absent	N	Y	N	{{Lbody=2512}}
azwamahAmantra	13454	7-313-d	absent	N	Y	N	{{Lbody=13454}}
azwamahAsidDimaya	1405	1-295-c	absent	N	Y	N	{#azwamahAsidDimaya#}¦ Adj. {%den acht grossen Vollkommenheiten gleichkommend%} Ind. St. 15,390.
azwamahAsidDimaya	13455	7-313-d	absent	N	Y	N	{#azwamahAsidDimaya#}¦ 1.
azwamakaBUmi	13453	7-313-d	absent	Y	Y	N	{#*azwamakaBUmi#}¦ f. {%eine der zum heiligen Wandel führenden Stufen%} MAHĀVY. 150.
azwapadamUlikA	2512	2-292-c	absent	N	Y	N	{#azwapadamUlikA#} f., {#azwabrahmaviveka#} m., {#azwaBujAzwaka#} n., {#azwamaNgalya#} n. und {#azwamahAmantra#}¦ Titel 
azwapadamUlikA	13452	7-313-d	absent	N	Y	N	{#azwapadamUlikA#}, {#azwabrahmaviveka#} u. {#azwaBujAzwaka#}¦ 2.
azwasTAnaparIkzA	2514	2-292-c	absent	N	Y	N	{{Lbody=2514}}
azwasTAnaparIkzA	13464	7-313-d	absent	N	Y	N	{#azwasTAnaparIkzA#}¦ 2.
azwasahasraka	8520	6-296-c	absent	N	Y	N	{#azwasahasraka#}¦ Adj. {%aus achttausend bestehend%} Verz. d.Oxf. H. 105, b, 27.
azwasahasraka	13462	7-313-d	absent	N	Y	N	{#azwasahasraka#}¦ 6.
azwavaMSavant	2513	2-292-c	absent	N	Y	N	{#azwavaMSavant#}¦ Adj. {%acht%} (schöngeformte) {%Röhrknochen%} (d. i. {%lange Körpertheile%}) {%habend%} R. 5,32,14.
azwavaMSavant	13459	7-313-d	absent	N	Y	N	{#azwavaMSavant#}¦ 2.
azwottaraSatadivyadeSanirUpaRa	2520	2-292-c	absent	N	Y	N	{#azwottaraSatadivyadeSanirUpaRa#} n., {#˚deSasTalamAhAtmya#} n., {#˚sTalaSloka#} m. und {#˚Satopanizad#} f.¦ Titel von 
azwottaraSatadivyadeSanirUpaRa	13483	7-314-a	absent	N	Y	N	{#azwottaraSatadivyadeSanirUpaRa#}, {#˚deSasTalamAhAtmya#}, {#˚sTalaSloka#} und {#˚Satopanizad#}¦ 2.
azwottaraSatadivyadeSasTalaSloka	2520	2-292-c	absent	N	Y	N	{{Lbody=2520}}
azwottaraSatadivyadeSasTalaSloka	13483	7-314-a	absent	N	Y	N	{{Lbody=13483}}
azwottaraSatadivyadeSasTalamAhAtmya	2520	2-292-c	absent	N	Y	N	{{Lbody=2520}}
azwottaraSatadivyadeSasTalamAhAtmya	13483	7-314-a	absent	N	Y	N	{{Lbody=13483}}
azwottaraSatopanizad	2520	2-292-c	absent	N	Y	N	{{Lbody=2520}}
azwottaraSatopanizad	13483	7-314-a	absent	N	Y	N	{{Lbody=13483}}
bADayitar	7928	5-261-c	absent	N	Y	N	{#bADayitar#}¦ Nom. ag. {%Bedrücker%}. f. {#˚trI#} SĀY. zu ṚV. 10,18,10.
bADayitar	19989	7-363-d	absent	N	Y	N	{#bADayitar#}¦ 5.
bARAparRI	9191	6-304-b	absent	N	Y	N	{#bARAparRI#}¦ f. {%eine best. Pflanze%} Ind. St. 17,265.
bARAparRI	19986	7-363-d	absent	N	Y	N	{#bARAparRI#}¦ 6. Richtig {#bARaparRI#}.
bARAsanI	22549	7-389-b	absent	N	Y	N	{#bARAsanI#}¦ Adv. mit {#kar#} {%zum Bogen machen%} HARAVIJAYA 4,28.
bAhlISvara	7940	5-261-c	absent	N	Y	N	{#bAhlISvara#}¦ m. Pl. N. pr. einer Dynastie VP.² 4,157.
bAhlISvara	20012	7-364-a	absent	N	Y	N	{{Lbody=20012}}
bAlArkAy	9194	6-304-b	absent	N	Y	N	{#bAlArkAy#}¦ {%der vor Kurzem aufgegangenen Sonne gleichen%}. {#˚yita#} Adj. SUBHĀṢITAR. 23,25.
bAlArkAy	19997	7-363-d	absent	N	Y	N	{#bAlArkAy#}¦ 6.
bAlavatsA	7934	5-261-c	absent	N	Y	N	{#bAlavatsA#}¦ Adj. f. {%deren Kind noch ein Knabe ist%}.
bAlavatsA	19996	7-363-d	absent	N	Y	N	{{Lbody=19996}}
babbUla	9177	6-304-b	absent	N	Y	N	{#babbUla#}¦ m. {%Acacia arabica%} ŚĀRṄG. PADDH. 59,56. 88,8. 18. Vgl. {#varvUra#}.
babbUla	19936	7-363-b	absent	N	Y	N	{{Lbody=19936}}
bahirmuKI	5961	4-302-c	absent	N	Y	N	{#bahirmuKI#}¦, lies {#BU#} st. {#Ba#}.
bahirmuKI	19962	7-363-c	absent	N	Y	N	{#bahirmuKI#}¦ IV. 4.
bahumaryA	19973	7-363-d	absent	N	Y	N	{#bahu/maryA#}¦ MAITR. S. 3,9,3 (134,2). 4,8. 2 (109,4). Richtig die Hdschrr. {#bahurmaryAH#} vgl. {#maryAs#} weiter unt
bahuniHsfta	9185	6-304-b	absent	N	Y	N	{#bahuniHsfta#}¦ n. HARIV. 15977 fehlerhaft für {#bAhu˚#}.
bahuniHsfta	19971	7-363-c	absent	N	Y	N	{#bahuniHsfta#}¦ 6.
bahuratnAy	7921	5-261-c	absent	N	Y	N	{#bahuratnAy#}¦, {#˚yate#} {%viele Juwelen bergen%} Ind. St. 15,248 ({#vahu ra˚#} gedr.).
bahuratnAy	19976	7-363-d	absent	N	Y	N	{#bahuratnAy#} und {#bahurUpin#}¦ 5.
bahuvarzasahasraka	9186	6-304-b	absent	N	Y	N	{#bahuvarzasahasraka#}¦ Adj. {%viele tausend Jahre während%} MBH. 3,83,87.
bahuvarzasahasraka	19980	7-363-d	absent	N	Y	N	{#bahuvarzasahasraka#}, {#˚sahasrin#} und {#bahuvyApin#}¦ 6.
baliSI	7911	5-261-b	absent	N	Y	N	{{Lbody=7911}}
baliSI	19955	7-363-c	absent	N	Y	N	{{Lbody=19955}}
baliSi	7911	5-261-b	absent	N	Y	N	{#*baliSi#} und {#*baliSI#}¦ f. {%Angel%}. {#va˚#} geschrieben.
baliSi	19955	7-363-c	absent	N	Y	N	{{Lbody=19955}}
balidvezin	7909	5-261-b	absent	N	Y	N	{#balidvezin#}¦ m. Bein. Viṣṇuʼs ALAṂKĀRAV. 179,a.
balidvezin	19953	7-363-c	absent	N	Y	N	{#balidvezin#}¦ 5.
balih	7912	5-261-b	absent	N	Y	N	{#balih#}¦ s. u. {#valh#} mit {#upa#}.
balih	19955	7-363-c	absent	N	Y	N	{{Lbody=19955}}
bappanIla	19935	7-363-b	absent	N	Y	N	{{Lbody=19935}}
barArDya	20960	7-372-d	absent	N	Y	N	{#barArDya#}¦ ĀPAST. GṚHY. 21,9 fehlerhaft für {#avarArDya#}.
bawucaritranAwaka	7896	5-261-b	absent	N	Y	N	{#bawucaritranAwaka#}¦ n. Titel eines {%Schauspiels%} OPP. Cat. 1,5638.
bawucaritranAwaka	19921	7-363-b	absent	N	Y	N	{{Lbody=19921}}
bfMhayitar	20036	7-364-a	absent	Y	Y	N	{#*bfMhayitar#}¦ Nom. ag. {%Vermehrer%} MAHĀVY. 126,88.
bibibABavant	20013	7-364-a	absent	N	Y	N	{#bibibABa/vant#}¦ Partic. {%knisternd%} MAITR. S. 1,6,5 (95,6).
bilvavfkzamAhAtmya	7947	5-261-c	absent	N	Y	N	{#bilvavfkzamAhAtmya#} n., {#bilvAraRyamAhAtmya#} n. und {#bilvAzwaka#} n.¦ Titel von Werken BURNELL, T.
bilvavfkzamAhAtmya	20023	7-364-a	absent	N	Y	N	{#bilvavfkzamAhAtmya#}¦ 5.
bindupratizWAnamaya	7941	5-261-c	absent	N	Y	Y	{#bindupratizWAnamaya#}¦ Adj. (f. {#I#}) {%den%} Anusvāra {%zur Grundlage habend%}.
bindupratizWAnamaya	20012	7-364-a	absent	N	Y	Y	{{Lbody=20012}}
boDipakzanirdeSa	20050	7-364-b	absent	Y	Y	N	{#*boDipakzanirdeSa#}¦ m. Titel eines buddh. Werkes MAHĀVY. 65,57.
bruqana	22553	7-389-b	absent	N	Y	N	{#bruqana#}¦ n. {%das Murmeln%} (eines Baches) HARAVIJAYA 5,123.
bruqaqvakrA	7962	5-262-a	absent	N	Y	N	{#bruqaqvakrA#}¦ f. {%ein best. Wassergefäss%} UTTAMAC. 66. Man könnte {#bfhadvakrA#} oder {#bfhadvaktrA#} vermuthen.
bruqaqvakrA	20075	7-364-c	absent	N	Y	N	{#bruqaqvakrA#}¦ 5.
budDakzetrasamADi	7950	5-262-a	absent	N	Y	N	{#budDakzetrasamADi#}¦, lies st. dessen {#budDakzetravaralocana#}.
budDakzetrasamADi	20027	7-364-a	absent	N	Y	N	{{Lbody=20027}}
budDila	7951	5-262-a	absent	N	Y	N	{#budDila#}¦ m. N. pr. eines Daśapūrvin VARDHAMĀNAC. 1,46.
budDila	20030	7-364-a	absent	N	Y	N	{#budDila#}¦ 5.
busaplanI	20035	7-364-a	absent	N	Y	N	{#busaplanI#}¦ f. {%beetle%} (?) DIVYĀVAD. 12,25. 13,17.
cARakyasUtra	3210	2-300-c	absent	N	Y	N	{{Lbody=3210}}
cARakyasUtra	17259	7-341-a	absent	N	Y	N	{{Lbody=17259}}
cAkzuzIyanItiSAstra	3210	2-300-c	absent	N	Y	N	{{Lbody=3210}}
cAkzuzIyanItiSAstra	17259	7-341-a	absent	N	Y	N	{#cAkzuzIyanItiSAstra#}, {#cAwuSloka#}, {#cARakyasUtra#} und {#cARUramardana#}¦ 2.
cAmarajju	7241	5-254-b	absent	N	Y	N	{#*cAmarajju#}¦ f. gaṇa {#devapaTAdi#} in der KĀŚ. {#vAmarajju#} v. l.
cAmarajju	17278	7-341-b	absent	N	Y	N	{#cAmarajju#}¦ 5.
cApodara	17276	7-341-b	absent	Y	Y	N	{#*cApodara#}¦ Adj. (f. {#I#}) {%einen gewölbten Bauch habend%} MAHĀVY. 223,133 ({#˚danI#} gedr.).
cArucarya	3218	2-300-c	absent	N	Y	N	{#cArucarya#}¦ n. Titel eines Werkes OPP. Cat. 1.
cArucarya	17285	7-341-b	absent	N	Y	N	{{Lbody=17285}}
cArumanta	17287	7-341-b	absent	Y	Y	N	{#*cArumanta#}¦ m. wohl = {#cArumant#} 1〉 MAHĀVY. 180,10.
cAturdvIpaka	17260	7-341-a	absent	Y	Y	N	{#*cAturdvIpaka#}¦ Adj. {%vier Welttheile umfassend%} MAHĀVY. 154,1.
cAturmAsyahOtra	3215	2-300-c	absent	N	Y	N	{{Lbody=3215}}
cAturmAsyahOtra	17263	7-341-b	absent	N	Y	N	{{Lbody=17263}}
cAturmAsyaviDAna	3215	2-300-c	absent	N	Y	N	{#cAturmAsyaviDAna#} n., {#˚rmAsyavrataviDi#} m. und {#˚rmAsyahOtra#} n.¦ Titel von Werken OPP. Cat. 1.
cAturmAsyaviDAna	17263	7-341-b	absent	N	Y	N	{{Lbody=17263}}
cAturmAsyavrataviDi	3215	2-300-c	absent	N	Y	N	{{Lbody=3215}}
cAturmAsyavrataviDi	17263	7-341-b	absent	N	Y	N	{{Lbody=17263}}
cAwuSloka	3210	2-300-c	absent	N	Y	N	{{Lbody=3210}}
cAwuSloka	17259	7-341-a	absent	N	Y	N	{{Lbody=17259}}
cEkkasa	17371	7-342-a	absent	N	Y	N	{#cEkkasa#}¦ Adj. von {#cikkasa#} KAUŚ. 48,41 vermuthet.
cEtanaka	17372	7-342-a	absent	Y	Y	N	{#*cEtanaka#}¦ n. Pl. {%Gelder oder Werthsachen zum Einkaufen oder Eintauschen%} MAHĀVY. 260,10.
cEtradaRqika	17373	7-342-a	absent	Y	Y	N	{#*cEtradaRqika#}¦ m. MAHĀVY. 186,65 wohl fehlerhaft für {#vetra˚#}.
cIvaravant	4671	3-262-a	absent	N	Y	N	{#cIvaravant#}¦ Adj. {%ein Bettlergewand tragend%} PR. P. 85.
cIvaravant	17342	7-341-d	absent	N	Y	N	{#cIvaravant#} und {#cIvivAc#}¦ 3.
cUcu	17354	7-341-d	absent	N	Y	N	{#cUcu#}¦ s. oben u. {#cuYcu#}.
cUlakarman	17361	7-341-d	absent	N	Y	N	{#cUlakarman#}¦ n. = {#cUqAkarman#} VIKRAMĀṄKAC. 3,9.
cUlhI	17362	7-341-d	absent	N	Y	N	{{Lbody=17362}}
cUlha	5639	4-299-a	absent	N	Y	N	{#cUlha#}¦ oder {#cUlhI#} f. = {#cullI#} {%Kochofen%} ŚĪLĀṄKA 2,221.
cUlha	17362	7-341-d	absent	N	Y	N	{#cUlha#} oder {#cUlhI#}¦ 4.
cUqAcandravijaya	3225	2-301-a	absent	N	Y	N	{#cUqAcandravijaya#} m., {#cUqAmaRinAwaka#} n., {#˚maRimImAMsA#} f., {#corapaYcASat#} f., {#colacarita#} n. und {#colapp
cUqAcandravijaya	17357	7-341-d	absent	N	Y	N	{{Lbody=17357}}
cUqAmaRimImAMsA	3225	2-301-a	absent	N	Y	N	{{Lbody=3225}}
cUqAmaRimImAMsA	17357	7-341-d	absent	N	Y	N	{{Lbody=17357}}
cUqAmaRinAwaka	3225	2-301-a	absent	N	Y	N	{{Lbody=3225}}
cUqAmaRinAwaka	17357	7-341-d	absent	N	Y	N	{{Lbody=17357}}
caRqAlasamavfttimant	5619	4-298-c	absent	N	Y	N	{#caRqAlasamavfttimant#}¦ Adj. {%mit dem%} Caṇḍāla {%gleichen Lebensunterhalt habend%} MBH. 13,48,27.
caRqAlasamavfttimant	17143	7-340-b	absent	N	Y	N	{#caRqAlasamavfttimant#}¦ 4.
caRqaBAskara	3190	2-300-b	absent	N	Y	N	{#caRqaBAskara#}, {#caRqikAkilaka#} m., {#caRqikArgala#}, {#caRqikAsaptati#} f., {#caturdaSatattvArTasArasaMgraha#} m., 
caRqaBAskara	17141	7-340-b	absent	N	Y	N	{#caRqaBAskara#}¦ 2.
caRqikAkIlaka	17144	7-340-b	absent	N	Y	N	{{Lbody=17144}}
caRqikAkilaka	3190	2-300-b	absent	N	Y	N	{{Lbody=3190}}
caRqikArgala	3190	2-300-b	absent	N	Y	N	{{Lbody=3190}}
caRqikArgala	17144	7-340-b	absent	N	Y	N	{{Lbody=17144}}
caRqikAsaptati	3190	2-300-b	absent	N	Y	N	{{Lbody=3190}}
caRqikAsaptati	17144	7-340-b	absent	N	Y	N	{{Lbody=17144}}
cakArasamarTana	3188	2-300-b	absent	N	Y	N	{#cakArasamarTana#} n. und {#cakranyAsa#} m.¦ Titel zweier Werke OPP. Cat. 1.
cakArasamarTana	17111	7-340-a	absent	N	Y	N	{#cakArasamarTana#}¦ 2.
cakawi	17110	7-340-a	absent	N	Y	N	{#cakawi#}¦ Adj. {%schlecht, von geringer Art%} DIVYĀVAD. 496,9. 26.
cakoranayanA	17113	7-340-a	absent	N	Y	N	{#cakoranayanA#}¦ f. = {#cakoradfS#} RUDRAṬA, ŚṚṄGĀRAT. 2,69.
cakrIvant	3189	2-300-b	absent	N	Y	Y	{#cakrIvant#}¦ 3〉 n. {%Wagen%} ĀPAST. ŚR. 15,20,18.
cakrIvant	17128	7-340-b	absent	N	Y	Y	{#cakrIvant#}¦ II. 2.
cakranyAsa	3188	2-300-b	absent	N	Y	N	{{Lbody=3188}}
cakranyAsa	17117	7-340-a	absent	N	Y	N	{#cakranyAsa#}¦ 2.
cakravant	8895	6-301-a	absent	N	Y	Y	{#cakravant#}¦ n. {%Wagen%} BAUDH. 1,3,34. Vgl. {#cakrIvant#} Nachtr. 2.
cakravant	17124	7-340-a	absent	N	Y	Y	{#cakravant#}¦ II. 6.
cakzuzmant	17132	7-340-b	absent	Y	Y	Y	{#cakzuzmant#}¦ II. *f. {#˚zmatI#} N. pr. einer Tantra-Gottheit MAHĀVY. 197,92.
calAkzara	3210	2-300-c	absent	N	Y	N	{{Lbody=3210}}
calAkzara	17251	7-341-a	absent	N	Y	N	{#calAkzara#}, {#˚sUtra#} und {#calitarAma#}¦ 2.
calAkzarasUtra	3210	2-300-c	absent	N	Y	N	{{Lbody=3210}}
calAkzarasUtra	17251	7-341-a	absent	N	Y	N	{{Lbody=17251}}
calitarAma	3210	2-300-c	absent	N	Y	N	{{Lbody=3210}}
calitarAma	17251	7-341-a	absent	N	Y	N	{{Lbody=17251}}
calitendriya	4654	3-261-c	absent	N	Y	N	{#calitendriya#}¦ Adj. {%mit aufgeregten Sinnen%} R. 5,23,6.
calitendriya	17253	7-341-a	absent	N	Y	N	{#calitendriya#}¦ 3.
camUha	4648	3-261-c	absent	N	Y	N	{#camUha#}¦ CAURAP. (A.) 40 fehlerhaft für {#camUru#}.
camUha	17222	7-340-d	absent	N	Y	N	{#camUha#} und {#campakalatA#}¦ 3.
camakaBAzya	3203	2-300-c	absent	N	Y	N	{{Lbody=3203}}
camakaBAzya	17220	7-340-d	absent	N	Y	N	{#camakaBAzya#} und {#camarAkfti#}¦ 2.
candrAdigupti	7233	5-254-a	absent	N	Y	N	{#candrAdigupti#}¦ m. = {#candragupti#} BHADRAB. 3,89.
candrAdigupti	17213	7-340-d	absent	N	Y	N	{#candrAdigupti#}¦ 5.
candracUqIya	3200	2-300-c	absent	N	Y	N	{#candracUqIya#}¦ n. Candracūḍaʼs {%Werk%} OPP. Cat. 1.
candracUqIya	17206	7-340-d	absent	N	Y	N	{#candracUqIya#}, {#candranAqi#}, {#candranArAyaRaBawwIya#} und {#candranArAyaRIya#}¦ 2.
candrakAntIy	3199	2-300-c	absent	N	Y	N	{#candrakAntIy#}¦, {#˚yati#} {%dem Mondstein gleichen%} Z. d. d. m. G. 27,61.
candrakAntIy	17202	7-340-c	absent	N	Y	N	{#candrakAntIy#}¦ 2.
candranAqi	3201	2-300-c	absent	N	Y	N	{#candranAqi#} f., {#candranArAyaRaBawwIya#} n., {#candranArAyaRIya#} n., {#candrikAKaRqana#} n. und {#candrikAjanamejay
candranAqi	17206	7-340-d	absent	N	Y	N	{{Lbody=17206}}
candranArAyaRIya	3201	2-300-c	absent	N	Y	N	{{Lbody=3201}}
candranArAyaRIya	17206	7-340-d	absent	N	Y	N	{{Lbody=17206}}
candranArAyaRaBawwIya	3201	2-300-c	absent	N	Y	N	{{Lbody=3201}}
candranArAyaRaBawwIya	17206	7-340-d	absent	N	Y	N	{{Lbody=17206}}
candrikAKaRqana	3201	2-300-c	absent	N	Y	N	{{Lbody=3201}}
candrikAKaRqana	17215	7-340-d	absent	N	Y	N	{#candrikAKaRqana#}, {#candrikAjanamejaya#} und {#candrikAtulya#}¦ 2.
candrikAjanamejaya	3201	2-300-c	absent	N	Y	N	{{Lbody=3201}}
candrikAjanamejaya	17215	7-340-d	absent	N	Y	N	{{Lbody=17215}}
candrikAy	17216	7-340-d	absent	N	Y	N	{#candrikAy#}¦, {#˚yate#} {%Mondschein darstellen%} PRĀṆĀBHARAṆA 48 nach AUFRECHT.
candrita	22377	7-387-d	absent	N	Y	N	{#candrita#}¦ Adj. {%mit Monden versehen%} ebend. 212.
cannuBawwIya	3203	2-300-c	absent	N	Y	N	{#cannuBawwIya#} n., {#˚niruktivivaraRa#} n. und {#camakaBAzya#} n.¦ Titel von Werken OPP. Cat. 1.
cannuBawwIya	17217	7-340-d	absent	N	Y	N	{#cannuBawwIya#} und {#˚niruktivivaraRa#}¦ 2.
cannuBawwIyaniruktivivaraRa	3203	2-300-c	absent	N	Y	N	{{Lbody=3203}}
cannuBawwIyaniruktivivaraRa	17217	7-340-d	absent	N	Y	N	{{Lbody=17217}}
caraRaja	22379	7-387-d	absent	N	Y	N	{#caraRaja#}¦ m. {%Nagel am Fuss%} CAṆḌĪŚ. 11.
carakasaMdeSa	3207	2-300-c	absent	N	Y	N	{#carakasaMdeSa#} m., {#caramaSlokacandrikA#} f., {#˚SlokawippaRI#} f. und {#caravikramacarita#} n.¦ Titel von Werken OP
carakasaMdeSa	17228	7-341-a	absent	N	Y	N	{#carakasaMdeSa#}¦ 2.
caramaSlokacandrikA	3207	2-300-c	absent	N	Y	N	{{Lbody=3207}}
caramaSlokacandrikA	17237	7-341-a	absent	N	Y	N	{#caramaSlokacandrikA#}, {#˚SlokawippaRI#} und {#caravikramacarita#}¦ 2.
caramaSlokawippaRI	3207	2-300-c	absent	N	Y	N	{{Lbody=3207}}
caramaSlokawippaRI	17237	7-341-a	absent	N	Y	N	{{Lbody=17237}}
caravikramacarita	3207	2-300-c	absent	N	Y	N	{{Lbody=3207}}
caravikramacarita	17237	7-341-a	absent	N	Y	N	{{Lbody=17237}}
caritaguRa	17239	7-341-a	absent	N	Y	N	{#caritaguRa#}¦ Adj. = {#caritArTa#}. Nom. abstr. {#˚tva#} n. KIR. 7,2.
carkfze	22380	7-387-d	absent	N	Y	N	{#ca/rkfze#}¦ 1ste und 3te Sg. Med. Vgl. GELDNER, Vedische Studien 128. fgg.
caryApAda	3210	2-300-c	absent	N	Y	N	{#caryApAda#} m., {#calAkzara#}, {#˚sUtra#} n., {#calitarAma#}, {#cAkzuzIyanItiSAstra#} n., {#cAwuSloka#} m. und {#cARak
caryApAda	17249	7-341-a	absent	N	Y	N	{#caryApAda#}¦ 2.
catuHSlokI	3195	2-300-b	absent	N	Y	N	{#catuHSlokI#}¦ f. Titel eines Werkes OPP. Cat. 1.
catuHSlokI	17180	7-340-c	absent	N	Y	N	{#catuHSlokI#}¦ 2.
catuHsUtrIBAzyaprakASa	3197	2-300-b	absent	N	Y	N	{#catuHsUtrIBAzyaprakASa#}¦ m. Titel eines Werkes OPP. Cat. 1.
catuHsUtrIBAzyaprakASa	17193	7-340-c	absent	N	Y	N	{#catuHsUtrIBAzyaprakASa#}¦ 2.
caturBUyaMs	5625	4-299-a	absent	N	Y	N	{#caturBUyaMs#}¦ Adj. {%um vier%} (Silben) {%länger%} (Metrum) ṚV. PRĀT. 16,2.
caturBUyaMs	17163	7-340-b	absent	N	Y	N	{{Lbody=17163}}
caturOdumbara	22374	7-387-c	absent	N	Y	N	{#caturOdumbara/#}¦ m. Sg. (!) {%vier aus%} Udumbara-{%Holz bestehende Dinge%} ŚAT. BR. 14,9,3,21.
caturdaSIstotra	3190	2-300-b	absent	N	Y	N	{{Lbody=3190}}
caturdaSIstotra	17158	7-340-b	absent	N	Y	N	{#caturdaSIstotra#} und {#˚rdaSopanizad#}¦ 2.
caturdaSalakzaRI	3190	2-300-b	absent	N	Y	N	{{Lbody=3190}}
caturdaSalakzaRI	17156	7-340-b	absent	N	Y	N	{{Lbody=17156}}
caturdaSalakzaRIjagadISIya	3190	2-300-b	absent	N	Y	N	{{Lbody=3190}}
caturdaSalakzaRIjagadISIya	17156	7-340-b	absent	N	Y	N	{{Lbody=17156}}
caturdaSalakzaRIkroqa	3190	2-300-b	absent	N	Y	N	{{Lbody=3190}}
caturdaSalakzaRIkroqa	17156	7-340-b	absent	N	Y	N	{{Lbody=17156}}
caturdaSatattvArTasArasaMgraha	3190	2-300-b	absent	N	Y	N	{{Lbody=3190}}
caturdaSatattvArTasArasaMgraha	17156	7-340-b	absent	N	Y	N	{#caturdaSatattvArTasArasaMgraha#}, {#˚rdaSalakzaRI#}, {#˚kroqa#} und {#˚jagadISIya#}¦ 2.
caturdaSopanizad	3190	2-300-b	absent	N	Y	N	{{Lbody=3190}}
caturdaSopanizad	17158	7-340-b	absent	N	Y	N	{{Lbody=17158}}
caturdant	17155	7-340-b	absent	N	Y	N	{#*caturdant#}¦ Adj. {%vier Zähne habend%} KĀŚ. zu P. 5,4,141.
caturmatatAtparyasaMgraha	3192	2-300-b	absent	N	Y	N	{#caturmatatAtparyasaMgraha#}¦ m. Titel eines Werkes OPP. Cat. 1.
caturmatatAtparyasaMgraha	17164	7-340-c	absent	N	Y	N	{#caturmatatAtparyasaMgraha#}¦ 2.
caturvargasaMgraha	8898	6-301-a	absent	N	Y	N	{#caturvargasaMgraha#}¦ m. Titel eines Werkes Sitzungsberr. d. phil.-hist. Kl. der Wiener Ak. 106,480.
caturvargasaMgraha	17170	7-340-c	absent	N	Y	N	{#caturvargasaMgraha#}¦ 6.
caturvedatAtparya	3194	2-300-b	absent	N	Y	N	{{Lbody=3194}}
caturvedatAtparya	17178	7-340-c	absent	N	Y	N	{{Lbody=17178}}
caturvedatAtparyasArasaMgraha	3194	2-300-b	absent	N	Y	N	{{Lbody=3194}}
caturvedatAtparyasArasaMgraha	17178	7-340-c	absent	N	Y	N	{{Lbody=17178}}
caturvedatAtparyasaMgraha	3194	2-300-b	absent	N	Y	N	{{Lbody=3194}}
caturvedatAtparyasaMgraha	17178	7-340-c	absent	N	Y	N	{{Lbody=17178}}
caturvedatattvArTasArasaMgraha	3194	2-300-b	absent	N	Y	N	{#caturvedatattvArTasArasaMgraha#} m., {#˚rvedatAtparya#} n., {#˚saMgraha#} m. und {#˚sArasaMgraha#} m.¦ Titel von Werke
caturvedatattvArTasaMgraha	17178	7-340-c	absent	N	Y	N	{#caturvedatattvArTasaMgraha#}, {#˚rvedatAtparya#}, {#˚saMgraha#} und {#˚sArasaMgraha#}¦ 2.
caturyoginIsaMpuwa	8897	6-301-a	absent	N	Y	N	{#*caturyoginIsaMpuwa#}¦ Titel eines Werkes TĀRAN. 331.
caturyoginIsaMpuwa	17168	7-340-c	absent	N	Y	N	{#caturyoginIsaMpuwa#}¦ 6.
catustridviBAgI	17190	7-340-c	absent	N	Y	N	{#catustridviBAgI#}¦ Adv. mit {#kar#} {%in vier, drei und zwei Theile theilen%} VIṢṆUS. 18,7.
catuzkumBikA	17183	7-340-c	absent	Y	Y	N	{#*catuzkumBikA#}¦ f. ? MAHĀVY. 281,111.
cawacaw	7223	5-254-a	absent	N	Y	N	{#cawacaw#}¦, {#˚wati#} {%knistern%} VĀSAV. 242,4. 243,1.
cawacaw	17136	7-340-b	absent	N	Y	N	{#cawacaw#}¦ 5.
cawitasPuwitaka	17138	7-340-b	absent	N	Y	N	{#cawitasPuwitaka#}¦ n. {%eine zerbrochene und geborstene Stelle%} DIVYĀVAD. 23,6.
cawulay	5618	4-298-c	absent	N	Y	N	{#cawulay#}¦, {#˚yati#} {%hin- und herbewegen%} BHĀM. V. 2,87. 97.
cawulay	17139	7-340-b	absent	N	Y	N	{#cawulay#}¦ 4.
cayanAnandapille	3205	2-300-c	absent	N	Y	N	{{Lbody=3205}}
cayanAnandapille	17226	7-340-d	absent	N	Y	N	{#cayanAnandapille#}¦ 2.
cayanamUla	17225	7-340-d	absent	N	Y	N	{#cayanamUla#}¦ Adj. {%dessen Wurzel mit Lehm belegt ist%} SUD. zu ĀPAST. GṚHY. 9,3; vgl. BÜHLER in Z. d. d. m. G. 37,10
cayanamantrapAda	3205	2-300-c	absent	N	Y	N	{{Lbody=3205}}
cayanamantrapada	17224	7-340-d	absent	N	Y	N	{{Lbody=17224}}
cayanapurARaBAzya	3205	2-300-c	absent	N	Y	N	{{Lbody=3205}}
cayanapurARaBAzya	17224	7-340-d	absent	N	Y	N	{{Lbody=17224}}
cazakAy	22381	7-387-d	absent	N	Y	N	{#cazakAy#}¦ {%zum Becher werden%} DAMAYANTĪK. 99.
ceNgi	8915	6-301-b	absent	N	Y	N	{#ceNgi#}¦ VIKRAMĀṄKAC. 14,4 fehlerhaft für {#veNgi#}.
ceNgi	17364	7-342-a	absent	N	Y	N	{#ceNgi#}¦ 6.
cetaHparyAyajYAna	17365	7-342-a	absent	Y	Y	N	{#*cetaHparyAyajYAna#}¦ n. {%Kenntniss dessen, was im Geiste Anderer vorgeht,%} MAHĀVY. 14.
cetanAy	17366	7-342-a	absent	N	Y	N	{#cetanAy#}¦, {#˚yate#} {%geistig erscheinen, geistige Natur annehmen%} SĀṂKHYAPR. 72,11 ({#cetanAyamAnatA#}). MAHĀDEVA 
cezwi	17370	7-342-a	absent	N	Y	N	{#cezwi#}¦ (?) = {#cezwA#} ŚĀṄKH. BR. 17,9.
ciYcaRI	17303	7-341-c	absent	N	Y	N	{#ciYcaRI#}¦ II. 6.
cidDarman	17329	7-341-c	absent	N	Y	N	{#cidDarman#}¦ Adj. {%den Geist als Attribut habend%} SĀṂKHYAS. 1,146.
cidambaramAhAtmya	3223	2-300-c	absent	N	Y	N	{{Lbody=3223}}
cidambaramAhAtmya	17326	7-341-c	absent	N	Y	N	{{Lbody=17326}}
cidambaranawana	3223	2-300-c	absent	N	Y	N	{{Lbody=3223}}
cidambaranawana	17326	7-341-c	absent	N	Y	N	{{Lbody=17326}}
cidavasAna	17327	7-341-c	absent	N	Y	N	{#cidavasAna#}¦ Adj. {%mit dem Geiste%} (d. i. {%mit der Erkenntniss des Geistes%}) {%endend%} SĀṂKHYAS. 1,104.
cidekarasa	17328	7-341-c	absent	N	Y	N	{#cidekarasa#}¦ Adj. {%nur am Geiste Gefallen findend%} SĀṂKHYAPR. 97,15.
cikitsAdIpikA	3221	2-300-c	absent	N	Y	N	{{Lbody=3221}}
cikitsAsArasaMgraha	3221	2-300-c	absent	N	Y	N	{{Lbody=3221}}
cikitsAtantra	3221	2-300-c	absent	N	Y	N	{#cikitsAtantra#} n., {#˚tsAdIpikA#} f. und {#˚tsAsArasaMgraha#} m.¦ Titel von Werken OPP. Cat. 1.
cinmayadIkzAviDi	3223	2-300-c	absent	N	Y	N	{{Lbody=3223}}
cinmayadIkzAviDi	17332	7-341-d	absent	N	Y	N	{{Lbody=17332}}
cintAmaRiSabdaKaRqa	3223	2-300-c	absent	N	Y	N	{{Lbody=3223}}
cintAmaRiSabdaKaRqa	17332	7-341-d	absent	N	Y	N	{{Lbody=17332}}
cintAmaRipratyakza	3223	2-300-c	absent	N	Y	N	{{Lbody=3223}}
cintAmaRipratyakza	17332	7-341-d	absent	N	Y	N	{{Lbody=17332}}
cintAmaRivyAptivAda	3223	2-300-c	absent	N	Y	N	{{Lbody=3223}}
cintAmaRivyAptivAda	17332	7-341-d	absent	N	Y	N	{{Lbody=17332}}
ciray	17337	7-341-d	absent	N	Y	Y	{#ciray#}¦ mit {#ati#} {%sehr lange ausbleiben%} DIVYĀVAD. 175,20.
citrapadDati	3223	2-300-c	absent	N	Y	N	{#citrapadDati#} f., {#citraraktapawa#}, {#citraratnAkara#} m., {#cidambaranawana#} n., {#cidambaramAhAtmya#} n., {#cint
citrapadDati	17318	7-341-c	absent	N	Y	N	{#citrapadDati#}¦ 2.
citraraktapawa	3223	2-300-c	absent	N	Y	N	{{Lbody=3223}}
citraraktapawa	17321	7-341-c	absent	N	Y	N	{#citraraktapawa#} und {#citraratnAkara#}¦ 2.
citraratnAkara	3223	2-300-c	absent	N	Y	N	{{Lbody=3223}}
citraratnAkara	17321	7-341-c	absent	N	Y	N	{{Lbody=17321}}
citray	17320	7-341-c	absent	N	Y	Y	{#citray#}¦ mit {#sam#} {%bunt machen%} DHARMAŚARM. 6,34.
cittAnuparivartin	22382	7-387-d	absent	Y	Y	N	{#*cittAnuparivartin#}¦ Adj. {%den Gedanken folgend%} MAHĀVY. 109,85.
ciwiciwAy	17304	7-341-c	absent	N	Y	N	{#ciwiciwAy#}¦, {#˚yate#} = {#cawacawAy#} DIVYĀVAD. 606,1.
colacarita	3225	2-301-a	absent	N	Y	N	{{Lbody=3225}}
colacarita	17381	7-342-a	absent	N	Y	N	{#colacarita#}¦ 2.
colapparAjIya	3225	2-301-a	absent	N	Y	N	{{Lbody=3225}}
colapparAjIya	17383	7-342-a	absent	N	Y	N	{#colapparAjIya#}¦ 2.
corapaYcASat	3225	2-301-a	absent	N	Y	N	{{Lbody=3225}}
corapaYcASat	17379	7-342-a	absent	N	Y	N	{#corapaYcASat#}¦ 2.
cubukapratizWita	5636	4-299-a	absent	N	Y	N	{#cubukapratizWita#}¦ Adj. von einem Wagen ĀPAST. ŚR. 10,24,4.
cubukapratizWita	17347	7-341-d	absent	N	Y	N	{#cubukapratizWita#}¦ 4.
culukI	5638	4-299-a	absent	N	Y	N	{#culukI#}¦ mit {#kar#} auch {%verschwinden machen%} BHĀM. V. 1,120.
culukI	17350	7-341-d	absent	N	Y	N	{#culukI#}¦ II. 4.
cyutisaMkrama	17390	7-342-a	absent	Y	Y	N	{#*cyutisaMkrama#}¦ m. {%der Uebergang in eine andere Geburt%} MAHĀVY. 148,13.
cyutyupapatti	17391	7-342-a	absent	Y	Y	N	{#*cyutyupapatti˚#}¦ {%das Verschwinden aus einer Welt und das Geborenwerden in einer andern%} MAHĀVY. 7.
dAmoradeva	18120	7-348-a	absent	N	Y	N	{{Lbody=18120}}
dAnavaSI	7413	5-256-a	absent	N	Y	N	{#dAnavaSI#}¦ Adv. mit {#kar#} {%durch Geschenke Jmd bestechen%} 〔114,21〕.
dAnavaSI	18115	7-348-a	absent	N	Y	N	{#dAnavaSI#}¦ 5.
dArSI	18130	7-348-a	absent	N	Y	N	{#dArSI#}¦ f. Pl. KAUŚ. 24,18 vielleicht Bez. {%der Verse%} AV. 7,81,1 — 6.
dArasaMbanDa	8987	6-302-a	absent	N	Y	N	{#dArasaMbanDa#}¦ m. {%die Verbindung mit einer Frau, Heirath%} MBH. 1,195,21.
dArasaMbanDa	18124	7-348-a	absent	N	Y	N	{#dArasaMbanDa#}¦ 6.
dArvIca	8990	6-302-a	absent	N	Y	N	{#dArvIca#}¦ m. Pl. N. pr. eines Volkes MBH. 6,9,54.
dArvIca	18129	7-348-a	absent	N	Y	N	{#dArvIca#}¦ 6.
dAsIka	7418	5-256-a	absent	N	Y	N	{#dAsIka#}¦ am Ende eines adj. Comp. von {#dAsI#} [Page5-256-b] {%Sclavin%} MBH. 2,49,18.
dAsIka	18135	7-348-a	absent	N	Y	N	{#dAsIka#}¦ 5.
dAvadahanajvAlAkalApAy	5729	4-300-a	absent	N	Y	N	{#dAvadahanajvAlAkalApAy#}¦, so zu lesen.
dAvadahanajvAlAkalApAy	18131	7-348-a	absent	N	Y	N	{#dAvadahanajvAlAkalApAy#}¦ III. 4.
dAyI	22432	7-388-b	absent	N	Y	N	{#dAyI#}¦ Adv. mit {#kar#} {%beschenken%} MĀLATĪM. (ed. Bomb.) 281,1.
dIDi	4848	3-264-a	absent	N	Y	N	{{Lbody=4848}}
dIDi	18166	7-348-b	absent	N	Y	N	{{Lbody=18166}}
dIkzitadaRqa	18163	7-348-b	absent	N	Y	N	{#dIkzitadaRqa/#}¦ m. {%der Stab eines Geweihten%} TS. 6,1,4,1.
dIkzitayAjYika	5732	4-300-a	absent	N	Y	N	{#dIkzitayAjYika#}¦ m. N. pr. eines Autors Verz. d. B. H. No. 246.
dIkzitayAjYika	18164	7-348-b	absent	N	Y	N	{#dIkzitayAjYika#}¦ 4.
dIkzya	7428	5-256-b	absent	N	Y	N	{#*dIkzya#}¦ Adj. = {#dIkzaRIya, Sizya#} ZACH. Beitr.
dIkzya	18165	7-348-b	absent	N	Y	N	{#dIkzya#}¦ 5.
dIpAvatI	18170	7-348-b	absent	N	Y	N	{#dIpAvatI#}¦ f. N. pr. einer Stadt DIVYĀVAD. 246,9. fgg.
dIrGay	18173	7-348-b	absent	N	Y	N	{#dIrGay#}¦, {#˚yati#} {%lange machen, zögern, Etwas auf die lange Bank schieben%} R. ed. Bomb. 2,100,19.
dOHzWulya	18327	7-349-c	absent	N	Y	N	{{Lbody=18327}}
dOzWulya	18327	7-349-c	absent	Y	Y	N	{#*dO[H]zWulya#}¦ n. {%schlechtes Betragen%} MAHĀVY. 109,20.
dUrAdDi	4864	3-264-a	absent	N	Y	N	{#*dUrAdDi#}¦ s. u. {#dO/rArdDi#}.
dUrAdDi	18245	7-349-a	absent	N	Y	N	{#dUrAdDi#}¦ 3.
dUray	18242	7-348-d	absent	N	Y	Y	{#dUray#}¦ III. {%entfernen%} KUMĀRAS. 8,31.
dUray	22443	7-388-b	absent	N	Y	Y	{#dUray#}¦ III. 7. {%berauben%} CAṆḌĪŚ. 83.
dUtavant	4863	3-264-a	absent	N	Y	N	{#dUtavant#}¦ Adj. {%einen Boten habend%} KAUṢ. UP. 2,1.
dUtavant	18239	7-348-d	absent	N	Y	N	{{Lbody=18239}}
dUzay	4866	3-264-a	absent	N	Y	N	{#dUzay#}¦ mit {#ud#} {%Jmd anschwärzen%}. {#uddUzya#} ŚIŚ. 2,113.
dUzay	18248	7-349-a	absent	N	Y	N	{#dUzay#}¦ mit {#ud#} 3. — Mit {#pra#} III. {#cittam#} {%sich ärgern%} DIVYĀVAD. 197,25. 286,5.
daDigaRa	18053	7-347-c	absent	N	Y	N	{#daDigaRa#}¦ 5.
daMzwrAkarAlavant	18015	7-347-a	absent	N	Y	N	{#daMzwrAkarAlavant#}¦ Adj. {%hervorstehende Zähne habend%} R. ed. Bomb. 4,22,29.
daSAvant	7407	5-256-a	absent	N	Y	N	{#daSAvant#}¦ Adj. {%mit Fransen versehen%} ĀPAST. ŚR. 12,14,11.
daSAvant	18098	7-347-d	absent	N	Y	N	{#daSAvant#}¦ 5.
daSaraTalalitavrata	18093	7-347-d	absent	N	Y	N	{#daSaraTalalitavrata#} und {#˚lalitAvrata#}¦ III. 5.
dahyA	8985	6-302-a	absent	N	Y	N	{#dahyA#}¦ f. in {#SavadahyA/#}.
dahyA	18101	7-347-d	absent	N	Y	N	{#dahyA#}¦ 6.
dakzaka	5718	4-300-a	absent	N	Y	N	{#dakzaka#}¦ in {#mArgadakzaka#}.
dakzaka	18017	7-347-a	absent	N	Y	N	{#dakzaka#}¦ 4.
dakziRadeSana	18025	7-347-b	absent	N	Y	N	{#dakziRadeSana#}¦ n. {%Danksagung%} DIVYĀVAD. 239,2. {#˚nA#} f. dass. 179,20.
dakziRajAnvakta	18021	7-347-a	absent	N	Y	N	{#dakziRajAnvakta#}¦, wohl {#˚jAnvakna#} zu lesen; vgl. {#jAnvakna#}.
dakziRatOpacAra	5719	4-300-a	absent	N	Y	N	{#dakziRatOpacAra#}¦ Adj. {%wo man von Süden hereingeht%} ĀPAST. ŚR. 11,9,4.
dakziRatOpacAra	18022	7-347-b	absent	N	Y	N	{#dakziRatOpacAra#}¦ 4.
danDana	18064	7-347-c	absent	N	Y	N	{#danDana#} und {#danDvana#}¦ III. 3.
darB	18074	7-347-c	absent	N	Y	Y	1. {#darB#}¦ mit {#vi#} Caus. etwa {%aufwühlen%} ({#nadIm#}) DHARMAŚARM. 18,23.
darB	22428	7-388-a	absent	N	Y	Y	1. {#darB#}¦ mit {#vi#} 7. {#vidarBita#} {%vereinigt [Page7-388-b] —, vermischt mit%} DAMAYANTĪK. 241.
darBaRa	5725	4-300-a	absent	N	Y	N	{#darBaRa#}¦ n. {%Geflecht%} BAUDH. im Comm. zu ĀPAST. ŚR. 11,8,5.
darBaRa	18076	7-347-c	absent	N	Y	N	{#darBaRa#}¦ 4.
darImant	18070	7-347-c	absent	N	Y	N	{#darImant#}¦ Adj. {%höhlenreich%} R. ed. Bomb. 4,10,35.
darS	18080	7-347-c	absent	N	Y	Y	{#darS#}¦ mit {#pari#} III. {%untersuchen%} JĀTAKAM. 23. 27. {#SAstraparidfzwa = SAstradfzwa#} 12. — Mit {#pra#} Caus. I
darpaR	8980	6-302-a	absent	N	Y	N	{#darpaR#}¦, {#˚Rati#} {%einen Spiegel darstellen%} PISCHEL, De Gr. pr. 29.
darpaR	18073	7-347-c	absent	N	Y	N	{#darpaR#}¦ 6.
dattArka	18050	7-347-b	absent	N	Y	N	{#dattArka#}¦ m. Titel eines Werkes Festgr. 43.
dehaMBaravArttika	7458	5-256-c	absent	N	Y	N	{#dehaMBaravArttika#}¦ Adj. {%nur darauf bedacht den Leib zu ernähren%} BHĀG. P. 5,5,3.
dehaMBaravArttika	18306	7-349-b	absent	N	Y	N	{#dehaMBaravArttika#}¦ 5.
devejyA	7457	5-256-c	absent	N	Y	N	{#devejyA#}¦ f. {%Götteropfer%} NIR. 12,5.
devikAhavis	18296	7-349-b	absent	N	Y	N	{#devikAhavis#}¦ s. oben u. {#dEvaka#}.
dfQikA	18254	7-349-a	absent	N	Y	N	{#dfQikA#}¦ f. {%eine Art Schmuck%} SAHṚDAYALĪLĀ 2,5.
dfSvarI	5745	4-300-b	absent	N	Y	N	{#˚dfSvarI#}¦ Adj. f. {%ansehend, betrachtend%} BHĀM. V. 2,178.
dfSvarI	18258	7-349-a	absent	N	Y	N	{#˚dfSvarI#}¦ 4.
dfzant	7446	5-256-b	absent	N	Y	Y	{#dfzant#}¦, eher fehlerhaft für {#riSant#}.
dfzant	18259	7-349-a	absent	N	Y	Y	{#dfzant#}¦ III. 5.
dfzwAntavant	18265	7-349-a	absent	N	Y	N	{#dfzwAntavant#}¦ Adj. {%beweisende Beispiele —, — Vergleichungen enthaltend%} JĀTAKAM. 28.
dfzwipanTan	4870	3-264-a	absent	N	Y	Y	{#dfzwipanTan#}¦ m. {%Gesichtskreis%}.
dfzwipanTan	18269	7-349-a	absent	N	Y	Y	{#dfzwipanTan#}¦ 3.
diNnAda	7420	5-256-b	absent	N	Y	N	{#diNnAda#}¦ m. VASIṢṬHA 13,35 wohl nur fehlerhaft für {#digdAha#}.
diNnAda	18143	7-348-a	absent	N	Y	N	{#diNnAda#}¦ 5.
diRqika	7421	5-256-b	absent	N	Y	N	{#diRqika#}¦ 1〉 m. {%ein nackt einhergehender Lehrer%} ALAṂKĀRAV. 28,b. — 2〉 f. {#A#} {%Hure%} ebend.
diRqika	18145	7-348-a	absent	N	Y	N	{#diRqika#} und {#din#}¦ 5.
digIS	22434	7-388-b	absent	N	Y	N	{#digIS#}¦ m. = {#digISa#} CAṆḌĪŚ. 100.
digvilokita	18141	7-348-a	absent	Y	Y	N	{#*digvilokita#}¦ m. {%ein best.%} Samādhi MAHĀVY. 21,19.
din	7422	5-256-b	absent	N	Y	N	{#din#}¦, {#dinati#} {%zum Tage werden%} KĀVYAPR. 270,5.
din	18145	7-348-a	absent	N	Y	N	{{Lbody=18145}}
divyavarzasahasraka	8993	6-302-a	absent	N	Y	N	{#divyavarzasahasraka#}¦ Adj. {%tausend Jahre der Götter während%} R. 1,31,10.
divyavarzasahasraka	18157	7-348-b	absent	N	Y	N	{#divyavarzasahasraka#}¦ 6.
dravant	9010	6-302-b	absent	N	Y	Y	{#dravant#}¦ Z. 2, lies {#dravantI#} st. {#dravatI#}.
dravant	18345	7-349-d	absent	N	Y	Y	{#dravant#}¦ III. 6.
dravyamAtrA	5757	4-300-b	absent	N	Y	N	{#dravyamAtrA#}¦ f. {%Gold%} PAÑCAT. 226,14. {#˚mAtra#} n. ed. Bomb. 4,33,23.
dravyamAtrA	18352	7-349-d	absent	N	Y	N	{#dravyamAtrA#}¦ 4.
duHKaSokavant	8995	6-302-a	absent	N	Y	N	{#duHKaSokavant#}¦ Adj. {%Leid und Kummer empfindend%} R. 4,19,11.
duHKaSokavant	18179	7-348-c	absent	N	Y	N	{#duHKaSokavant#}¦ 6.
duHKasparSam	18180	7-348-c	absent	N	Y	N	{{Lbody=18180}}
duHKilatA	18183	7-348-c	absent	Y	Y	N	{#*duHKilatA#}¦ f. ? MAHĀVY. 85,16.
duHSlizwa	4859	3-264-a	absent	N	Y	N	{#duHSlizwa#}¦ Adj. Bez. {%des in%} {#qa#} {%übergehenden%} {#la#} oder {%des aus%} {#la#} {%entstandenen%} {#qa#} TS. P
duHSlizwa	18223	7-348-d	absent	N	Y	N	{#duHSlizwa#}¦ 3.
duHzamAprABfta	18235	7-348-d	absent	N	Y	N	{#duHzamAprABfta#}¦ n. Titel eines Werkes Festgr. 55. 58.
duraBisaMBava	18193	7-348-c	absent	Y	Y	N	{#duraBisaMBava#}¦ Adj. MAHĀVY. 245,804. {%schwer auszuführen, schwierig%} JĀTAKAM. 12. {%mit Schwierigkeiten verbunden%
durgAhva	4857	3-264-a	absent	N	Y	Y	{#*durgAhva#}¦ zu streichen.
durgAhva	18205	7-348-c	absent	N	Y	Y	{{Lbody=18205}}
durgAsAvitri	8996	6-302-a	absent	N	Y	N	{#durgAsAvitri#}¦ (metrisch) f. = {#˚trI#} VASIṢṬHA 28,11.
durgAsAvitri	18204	7-348-c	absent	N	Y	N	{#durgAsAvitri#}¦ 6.
dustawI	22442	7-388-b	absent	N	Y	N	{#dustawI#}¦ f. {%ein gefährlicher Abhang%} DAMAYANTĪK. 267.
duzWulArocana	18227	7-348-d	absent	Y	Y	N	{#*duzWulArocana#}¦ n. {%das Verrathen eines argen Vergehens an eine nicht geweihte Person%} MAHĀVY. 261,6.
duzWulapraticCAdana	18226	7-348-d	absent	Y	Y	N	{#*duzWulapraticCAdana#}¦ n. {%das Verheimlichen eines argen Vergehens%} MAHĀVY. 261,54 ({#duzWulA˚#} gedr.).
dvAdaSamaYjarikAstotra	18367	7-349-d	absent	N	Y	N	{#dvAdaSamaYjarikAstotra#}¦ n. Titel eines Stotra.
dvAdaSavarzika	4890	3-264-b	absent	N	Y	N	{#dvAdaSavarzika#}¦ Adj. {%zwölf Jahre dauernd%}.
dvAdaSavarzika	18370	7-350-a	absent	N	Y	N	{#dvAdaSavarzika#}¦ 3.
dvArakozWaka	18373	7-350-a	absent	N	Y	N	{#dvArakozWaka#}¦ m. {%Zinne eines Stadtthors%} DIVYĀVAD. 17,12. 300,8. fgg. 535,11. fgg.
dvAsAha	18377	7-350-a	absent	N	Y	N	{#dvAsA/ha#}¦ n. ? MAITR. S. 3,3,4 (36,21. 37,1).
dvIpavant	18404	7-350-a	absent	N	Y	Y	{#dvIpavant#}¦ III. 3〉a〉 DHARMAŚ. 1,31.
dvaMdvasaMprahAra	9013	6-302-b	absent	N	Y	N	{#dvaMdvasaMprahAra#}¦ m. {%Zweikampf mit%} ({#saha#}) UTTARAR. 93,14. 15 (121,8. 9).
dvaMdvasaMprahAra	18363	7-349-d	absent	N	Y	N	{#dvaMdvasaMprahAra#}¦ 6.
dvinizWa	4893	3-264-b	absent	N	Y	N	{#dvinizWa#}¦ Adj. {%beiderseitig%}. Nom. abstr. {#˚tva#} n. ŚAṂK. zu BṚH. ĀR. UP. S. 41.
dvinizWa	18386	7-350-a	absent	N	Y	N	{#dvinizWa#}, {#dviparArDika#} u. {#dvipala#}¦ 3.
dvipAtrIRA	4897	3-264-b	absent	N	N	N	{{Lbody=4897}}
dvipAtrikI	4897	3-264-b	absent	N	N	N	{{Lbody=4897}}
dvipala	4895	3-264-b	absent	N	Y	N	{#dvipala#}¦ Adj. (f. {#A#}) {%zwei%} Pala {%an Gewicht habend%} HEMĀDRI 1,477,21.
dvipala	18386	7-350-a	absent	N	Y	N	{{Lbody=18386}}
dvipitar	18389	7-350-a	absent	N	Y	N	{#dvipitar#}¦ Adj. {%zwei Ahnen habend%} ĀPAST. ŚR. 1,9,7.
dvivfntAy	7475	5-256-c	absent	N	Y	N	{#dvivfntAy#}¦, {#˚yate#} {%zwei Stengel zu haben scheinen%} VIDDH. 18,16 ({#kiMciddvivfntAyate#} zu lesen).
dvivfntAy	18398	7-350-a	absent	N	Y	N	{#dvivfntAy#}¦ 5.
dvyAQakA	4905	3-264-b	absent	N	N	N	{{Lbody=4905}}
dvyAQakInA	4905	3-264-b	absent	N	N	N	{{Lbody=4905}}
dvyAQakikI	4905	3-264-b	absent	N	N	N	{{Lbody=4905}}
dvyAcitA	4904	3-264-b	absent	N	N	N	{{Lbody=4904}}
dvyAcitInA	4904	3-264-b	absent	N	N	N	{{Lbody=4904}}
dvyaRukIy	9024	6-302-b	absent	N	Y	N	{#dvyaRukIy#}¦, {#˚yati#} {%noch einmal so schmächtig werden%} ALAṂKĀRAŚ. 20,b.
dvyaRukIy	18412	7-350-b	absent	N	Y	N	{#dvyaRukIy#}¦ 6.
dyumaryAdavant	18335	7-349-c	absent	N	Y	N	{#dyumaryAdavant#}¦ Adj. dass. Nom. abstr. {#˚vattva#} n. ŚAṂKARA zum VEDĀNTA 143,6.
eRavilocanA	5498	4-297-b	absent	N	Y	N	{#eRavilocanA#}¦ f. {%eine Gazellenäugige%} BHĀM. V. 2,156.
eRavilocanA	15483	7-327-d	absent	N	Y	N	{#eRavilocanA#}¦ 4.
ekABiBAva	2851	2-296-c	absent	N	Y	N	{#ekABiBAva#}¦ s. {#ekotiBAva#}.
ekABiBAva	15461	7-327-d	absent	N	Y	N	{#ekABiBAva#}¦ 2.
ekASIticakrodDAra	1765	1-299-c	absent	N	Y	N	{#ekASIticakrodDAra#}¦ m. Titel eines Werkes.
ekASIticakrodDAra	15466	7-327-d	absent	N	Y	N	{#ekASIticakrodDAra#}¦ 1.
ekAdaSANgavedin	6958	5-251-a	absent	N	Y	N	{#ekAdaSANgavedin#} und {#ekAdaSANgin#}¦ m. {%ein Kenner der 11%} Aṅga {%der%} Jaina VARDHAMĀNAC. 1,48.
ekAdaSANgavedin	15455	7-327-c	absent	N	Y	N	{#ekAdaSANgavedin#} und {#ekAdaSANgin#}¦ 5.
ekAdaSANgin	6958	5-251-a	absent	N	Y	N	{{Lbody=6958}}
ekAdaSANgin	15455	7-327-c	absent	N	Y	N	{{Lbody=15455}}
ekAdaSAtmaka	15456	7-327-c	absent	N	Y	N	{#ekAdaSAtmaka#}¦ Adj. {%auf elferlei Weisen sich manifestirend%} R. ed. Bomb. 4,43,56.
ekAdaSImAhAtmya	2850	2-296-c	absent	N	Y	N	{#ekAdaSImAhAtmya#} n. und {#˚daSIvratakalpa#} m.¦ Titel von Werken OPP. Cat. 1.
ekAdaSImAhAtmya	15458	7-327-c	absent	N	Y	N	{#ekAdaSImAhAtmya#} und {#˚daSIvratakalpa#}¦ 2.
ekAdaSIvratakalpa	2850	2-296-c	absent	N	Y	N	{{Lbody=2850}}
ekAdaSIvratakalpa	15458	7-327-c	absent	N	Y	N	{{Lbody=15458}}
ekAdaSaBAzAvyAKyA	2847	2-296-b	absent	N	Y	N	{{Lbody=2847}}
ekAdaSaBAzAvyAKyA	15454	7-327-c	absent	N	Y	N	{{Lbody=15454}}
ekAdaSaprayoga	2847	2-296-b	absent	N	Y	N	{#ekAdaSaprayoga#} m. und {#˚daSaBAzAvyAKyA#} f.¦ Titel [Page2-296-c] zweier Werke OPP. Cat. 1.
ekAdaSaprayoga	15454	7-327-c	absent	N	Y	N	{#ekAdaSaprayoga#}, {#˚daSaBAzAvyAKyA#}, {#ekAdaSarca/#} und {#ekAdaSavyUha#}¦ 2.
ekAdaSini	15457	7-327-c	absent	N	Y	N	{#ekAdaSini˚#}¦ = {#˚nI#} KĀTY. ŚR. 19,4,6.
ekAkAra	15445	7-327-c	absent	Y	Y	N	{#*ekAkAra#}¦ m. {%ein best.%} Samādhi MAHĀVY. 21.
ekAkfti	4319	3-258-b	absent	N	Y	N	{#ekAkfti#}¦ Adj. Pl. {%von gleichem Aussehen%} PR. P. 104.
ekAkfti	15446	7-327-c	absent	N	Y	N	{#ekAkfti#}¦ 3.
ekAntI	15460	7-327-d	absent	N	Y	N	{#ekAntI#}¦ Adv. mit {#kar#} {%feststellen, ausmachen, entscheiden%} DIVYĀVAD. 572,1.
ekArkamaRi	15463	7-327-d	absent	N	Y	N	{#ekArkamaRi#}¦ m. {%ein best. Amulet,%} = {#Arka#} (s. oben) DĀRILA zu KAUŚ.
ekAtmavAdin	15452	7-327-c	absent	N	Y	N	{#ekAtmavAdin#}¦ m. {%ein Bekenner des%} Vedānta ANIRUDDHA zu SĀṂKHYAS. 1,29.
ekAvacAraka	15465	7-327-d	absent	Y	Y	N	{#*ekAvacAraka#}¦ Adj. MAHĀVY. 245,1027.
ekAzwakAdIkzin	4326	3-258-b	absent	N	Y	N	{#ekAzwakAdIkzin#}¦ Adj. {%zur%} Ekāṣṭaka {%die Weihe nehmend%} LĀṬY. 4,8,21.
ekAzwakAdIkzin	15467	7-327-d	absent	N	Y	N	{#ekAzwakAdIkzin#}¦ 3.
ekEkavant	2853	2-296-c	absent	N	Y	N	{#ekEkavant#}¦ Adj. {%nur eines von mehreren Dingen besitzend%} Comm. zu ĀPAST. ŚR. 1,14,9.
ekEkavant	15472	7-327-d	absent	N	Y	N	{{Lbody=15472}}
ekaBUmISvara	5491	4-297-b	absent	N	Y	N	{#ekaBUmISvara#}¦ m. {%Alleinherrscher auf Erden%} (Nāgārjuna) RĀJAT. 1,173.
ekaBUmISvara	15396	7-327-b	absent	N	Y	N	{{Lbody=15396}}
ekaBUyaMs	6951	5-251-a	absent	N	Y	N	{#ekaBUyaMs#}¦ Adj. {%um Eins überschüssig,%} so v. a. {%unpaar%} GOBH. 4,5,21.
ekaBUyaMs	15397	7-327-b	absent	N	Y	N	{#ekaBUyaMs#}¦ 5. Auch ĀŚV. ŚR. 5,14,20.
ekaDyam	15381	7-327-a	absent	Y	Y	N	{#*ekaDyam#}¦ Adv. {%zusammen%} MAHĀVY. 245. {#ekaDye#} dass. DIVYĀVAD. 35,24. 40,22. Richtig {#Eka˚#}.
ekaSAstravAda	2838	2-296-b	absent	N	Y	N	{#ekaSAstravAda#}¦ m. Titel eines Werkes OPP. Cat. 1.
ekaSAstravAda	15425	7-327-c	absent	N	Y	N	{#ekaSAstravAda#}¦ 2.
ekaSIlasamAcAra	8725	6-299-b	absent	N	Y	N	{#ekaSIlasamAcAra#}¦ Adj. {%von demselben Charakter und Benehmen%} MBH. 1,209,6.
ekaSIlasamAcAra	15428	7-327-c	absent	N	Y	N	{#ekaSIlasamAcAra#}¦ 6.
ekaSIrzA	2839	2-296-b	absent	N	Y	N	{#ekaSIrzA#}¦ f. N. pr. einer Nāga-Jungfrau KĀRAṆḌ. 4,3.
ekaSIrzA	15427	7-327-c	absent	N	Y	N	{#ekaSIrzA#}¦ 2.
ekaSaNKa	4312	3-258-a	absent	N	Y	N	{#ekaSaNKa#}¦ Adj. (f. {#a#}) {%nur eine Muschel als Schmuck tragend%} HARIV. 11164.
ekaSaNKa	15420	7-327-b	absent	N	Y	N	{#ekaSaNKa#}¦ 3.
ekaSayyAsanASana	4313	3-258-a	absent	N	Y	N	{#ekaSayyAsanASana#}¦ Adj. Du. {%dasselbe Bett, denseloen Sitz und dieselbe Speise habend%} HARIV. 3438.
ekaSayyAsanASana	15422	7-327-b	absent	N	Y	N	{#ekaSayyAsanASana#}¦ 3.
ekaSayyAsana	15421	7-327-b	absent	N	Y	N	{#ekaSayyAsana#}¦ n. {%das Zusammensitzen auf einem Bette%} BṚHASPATI in VIVĀDAR. 380.
ekaSila	4315	3-258-b	absent	N	Y	N	{#ekaSila#}¦ Adj. {%aus einem einzigen Felsen bestehend%} R. 2,94,22.
ekaSila	15426	7-327-c	absent	N	Y	N	{#ekaSila#}¦ I. 3.
ekaSlokIvyAKyA	2841	2-296-b	absent	N	Y	N	{#ekaSlokIvyAKyA#}¦ f. Titel eines Werkes OPP. Cat. 1.
ekaSlokIvyAKyA	15432	7-327-c	absent	N	Y	N	{#ekaSlokIvyAKyA#}¦ 2.
ekaberapratizWAviDi	2834	2-296-b	absent	N	Y	N	{#ekaberapratizWAviDi#} m. und {#ekamAlA#} f.¦ Titel zweier Werke OPP. Cat. 1.
ekaberapratizWAviDi	15395	7-327-b	absent	N	Y	N	{#ekaberapratizWAviDi#}¦ 2.
ekadIkzin	4290	3-258-a	absent	N	Y	N	{#ekadIkzin#}¦ Adj. {%als einzelner die Weihen nehmend%} KĀTY. ŚR. 7,5,12.
ekadIkzin	15373	7-327-a	absent	N	Y	N	{#ekadIkzin#}¦ 3.
ekadamana	2830	2-296-b	absent	N	Y	N	{#ekadamana#}¦ Adj. {%einen Wagenlenker habend%}.
ekadamana	15372	7-327-a	absent	N	Y	N	{{Lbody=15372}}
ekadohana	4293	3-258-a	absent	N	Y	N	{#ekadohana#}¦ Adj. in der dunklen Stelle MBH. 1,3,60.
ekadohana	15376	7-327-a	absent	N	Y	N	{{Lbody=15376}}
ekadvfca	2831	2-296-b	absent	N	Y	N	{#ekadvfca/#}¦ (!) {%ein aus einem oder zwei Versen bestehendes Lied%} AV. 19,23,22.
ekadvfca	15377	7-327-a	absent	N	Y	N	{#ekadvfca/#}¦ 2.
ekadvyantaratryantarASin	4295	3-258-a	absent	N	Y	N	{#ekadvyantaratryantarASin#}¦ Adj. {%essend nach einem Zwischenraum von einem, von zwei oder drei Tagen%} VIṢṆUS. 95,6.
ekadvyantaratryantarASin	15378	7-327-a	absent	N	Y	N	{#ekadvyantaratryantarASin#}¦ 3.
ekagraha	2825	2-296-b	absent	N	Y	N	{#*ekagraha#}¦ m. = {#asadgraha#} 2〉 H. an. 2,87.
ekagraha	15364	7-327-a	absent	N	Y	N	{#ekagraha#}¦ 2.
ekahAvin	8731	6-299-b	absent	N	Y	N	{#ekahAvin#}¦ Adj. {%ein Opfer vollbringend%} ŚĀṄKH. ŚR. 2,12,8.
ekahAvin	15442	7-327-c	absent	N	Y	N	{#ekahAvin#}¦ 6.
ekahavis	2845	2-296-b	absent	N	Y	N	{#ekahavis#}¦ Adj. {%nur mit einem%} {#havis#} {%versehen%} ŚĀṄKH. ŚR. 2,3,14.
ekahavis	15441	7-327-c	absent	N	Y	N	{#ekahavis#}¦ 2.
ekahelam	15443	7-327-c	absent	N	Y	N	{#ekahelam#}¦ Adv. = {#˚helayA#} DHARMAŚARMĀBHY. 4,36.
ekahotar	4318	3-258-b	absent	N	Y	N	{#e/kahotar#}¦ m. {%ein einfacher%} (kein zweifacher) Hotar TAITT. ĀR. 3,7,1.
ekahotar	15444	7-327-c	absent	N	Y	N	{#e/kahotar#}¦ 3.
ekajvAlI	15367	7-327-a	absent	Y	Y	N	{#*ekajvAlI#}¦ Adv. mit {#BU#} {%ganz in Glut gerathen%} MAHĀVY. 223,178.
ekajyAvargavikala	2826	2-296-b	absent	N	Y	N	{#ekajyAvargavikala#}¦ Titel eines Werkes OPP. Cat. 1.
ekajyAvargavikala	15366	7-327-a	absent	N	Y	N	{#ekajyAvargavikala#}¦ 2.
ekakarRa	1762	1-299-c	absent	N	Y	N	{#ekakarRa#}¦ Adj. (f. {#I#}) {%einohrig%}.
ekakarRa	15359	7-327-a	absent	N	Y	N	{#ekakarRa#}¦ 1.
ekakarapAda	4286	3-257-c	absent	N	Y	N	{#ekakarapAda#}¦ Adj. {%einhändig und einfüssig%} VIṢṆUS. 5,48. 77.
ekakarapAda	15358	7-327-a	absent	N	Y	N	{#ekakarapAda#}¦ 3.
ekamAlA	2834	2-296-b	absent	N	Y	N	{{Lbody=2834}}
ekamAlA	15398	7-327-b	absent	N	Y	N	{#ekamAlA#}¦ 2.
ekamAsa	5492	4-297-b	absent	N	Y	N	{#ekamAsa#}¦ Adj. (f. {#I#}) {%in einem und demselben Monat befindlich%} MBH. 6,3,32.
ekamAsa	15399	7-327-b	absent	N	Y	N	{#ekamAsa#}, {#ekamUrti#} und {#ekayajYa#}¦ 4.
ekanATAryaBAgavata	2832	2-296-b	absent	N	Y	N	{#ekanATAryaBAgavata#}¦ n. Titel eines Werkes OPP. Cat. 1.
ekanATAryaBAgavata	15382	7-327-a	absent	N	Y	N	{#ekanATAryaBAgavata#}¦ 2.
ekanArASaMsa	6949	5-251-a	absent	N	Y	N	{#ekanArASaMsa#}¦ Adj. {%einmal mit dem%} Nārāśaṃsa{%Becher versehen%} ĀPAST. ŚR. 12,25,26.
ekanArASaMsa	15383	7-327-a	absent	N	Y	N	{#ekanArASaMsa#}¦ 5.
ekanirmARa	4298	3-258-a	absent	N	Y	N	{#ekanirmARa#}¦ Adj. Du. {%von einerlei Maass, gleich gross%} HARIV. 4949 = 3738.
ekanirmARa	15384	7-327-a	absent	N	Y	N	{{Lbody=15384}}
ekanizWa	4299	3-258-a	absent	N	Y	N	{#ekanizWa#}¦ 1〉 Adj. Pl. {%auf dasselbe hinauslaufend%} MBH. 12,349,2. — 2〉 m. N. pr. eines göttlichen Wesens LALIT. 49
ekanizWa	15384	7-327-a	absent	N	Y	N	{{Lbody=15384}}
ekanyAya	4300	3-258-a	absent	N	Y	N	{#ekanyAya#}¦ Adj. {%einartig, nur einen Gegenstand betreffend%} H. 255.
ekanyAya	15384	7-327-a	absent	N	Y	N	{{Lbody=15384}}
ekapAka	4303	3-258-a	absent	N	Y	N	{#ekapAka#}¦ m. {%gemeinsames Kochen%}. {#˚kena vasantaH#} {%eine gemeinschaftliche Küche habend%}.
ekapAka	15389	7-327-b	absent	N	Y	N	{#ekapAka#}¦ 3.
ekapArSvAvadArita	5489	4-297-a	absent	N	Y	N	{#ekapArSvAvadArita#}¦ n. MBH. 6,46,32 nach NĪLAK. = {#vAmapakzASritaM yAnam#}.
ekapArSvAvadArita	15391	7-327-b	absent	N	Y	N	{{Lbody=15391}}
ekaparvan	4301	3-258-a	absent	N	Y	N	{#ekaparvan#}¦ Adj. {%aus einem Absatze%} oder {%Gliede bestehend%} MBH. 4,65,3.
ekaparvan	15387	7-327-b	absent	N	Y	N	{#ekaparvan#}¦ 3.
ekaprEza	4308	3-258-a	absent	N	Y	N	{#ekaprEza#}¦ Adj. {%nur eine Aufforderung ergehen lassend%} AIT. BR. 6,14,3.
ekaprEza	15394	7-327-b	absent	N	Y	N	{{Lbody=15394}}
ekapramARa	4307	3-258-a	absent	N	Y	N	{#ekapramARa#}¦ Adj. Du. {%von gleicher Autorität%} HARIV. 3439.
ekapramARa	15394	7-327-b	absent	N	Y	N	{{Lbody=15394}}
ekapuzkara	2833	2-296-b	absent	N	Y	N	{#ekapuzkara#}¦ m. {%eine Art Trommel%} MBH. 5,94,21.
ekapuzkara	15393	7-327-b	absent	N	Y	N	{#ekapuzkara#}¦ 2.
ekaraSmi	2835	2-296-b	absent	N	Y	N	{#ekaraSmi#}¦ Adj. {%einen Zügel habend%}.
ekaraSmi	15402	7-327-b	absent	N	Y	N	{#ekaraSmi#}¦ 2.
ekasAmi	2843	2-296-b	absent	N	Y	N	{#ekasAmi#}¦ Titel eines Werkes OPP. Cat. 1.
ekasAmi	15436	7-327-c	absent	N	Y	N	{#ekasAmi#}¦ 2.
ekasAra	22307	7-387-a	absent	N	Y	N	{#ekasAra#}¦ am Ende eines adj. Comp. {%dessen einziges Wesen — ist%} MĀLATĪM. (ed. Bomb.) 127,6.
ekasTAlIsahAya	6957	5-251-a	absent	N	Y	N	{#ekasTAlIsahAya#}¦ m. {%ein Genosse, mit dem man aus demselben Topfe isst,%} NĀRADA (a.) 2,1,180.
ekasTAlIsahAya	15439	7-327-c	absent	N	Y	N	{#ekasTAlIsahAya#}¦ 5.
ekasaMbanDin	8728	6-299-b	absent	N	Y	N	{#ekasaMbanDin#}¦ Adj. {%zusammenhängend%} SUŚR. 1,264,5.
ekasaMbanDin	15433	7-327-c	absent	N	Y	N	{{Lbody=15433}}
ekasamutTa	8727	6-299-b	absent	N	Y	N	{#ekasamutTa#}¦ Adj. mit {#prARa#} m. so v. a. {%ein einmaliger Athemzug%} Comm. zu TS. PRĀT. 5,1.
ekasamutTa	15433	7-327-c	absent	N	Y	N	{#ekasamutTa#} und {#ekasaMbanDin#}¦ 6.
ekasara	2842	2-296-b	absent	N	Y	N	{#ekasara#}¦ Adj. (f. {#A#}) {%einschnürig%} ĀPAST. ŚR. 15,5,7.
ekasara	15434	7-327-c	absent	N	Y	N	{#ekasara#}¦ 2.
ekastana	8729	6-299-b	absent	N	Y	N	{#ekastana#}¦ Adj. {%aus einer Zitze genommen%} (Milch) ĀPAST. ŚR. 11,15,6.
ekastana	15438	7-327-c	absent	N	Y	N	{#ekastana#}¦ 6.
ekasvizwakft	8730	6-299-b	absent	N	Y	N	{#ekasvizwakft#}¦ Adj. {%mit einer gemeinsamen Schlussgabe an%} Sviṣṭakṛt {%versehen%}.
ekasvizwakft	15440	7-327-c	absent	N	Y	N	{#ekasvizwakft#}¦ 6.
ekatantra	4289	3-257-c	absent	N	Y	N	{#ekatantra#}¦ Adj. (f. {#A#}) {%in einem Zuge stattfindend%} [Page3-258-a] Comm. zu ĀPAST. ŚR. 5,22,6. 6,30,12.
ekatantra	15368	7-327-a	absent	N	Y	N	{#ekatantra#}¦ 3.
ekatvasidDivAda	2829	2-296-b	absent	N	Y	N	{#ekatvasidDivAda#}¦ m. Titel eines Werkes OPP. Cat. 1.
ekatvasidDivAda	15372	7-327-a	absent	N	Y	N	{#ekatvasidDivAda#} und {#ekadamana#}¦ 2.
ekatya	15371	7-327-a	absent	Y	Y	N	{#ekatya#}¦ Adj. Pl. {%nonnulli%} MAHĀVY. 119. DIVYĀVAD. 327,16. 18. 618,9.
ekavIcika	15412	7-327-b	absent	Y	Y	N	{#*ekavIcika#}¦ Adj. als Bez. eines Śrāvaka {%in einem best. Stadium der Entwickelung%} MAHĀVY. 46.
ekavara	4310	3-258-a	absent	N	Y	N	{#ekavara#}¦ Adj. {%einen Wunsch gewährend%} MĀN. GṚHY. 2,13.
ekavara	15404	7-327-b	absent	N	Y	N	{#ekavara#}¦ 3.
ekavasana	6953	5-251-a	absent	N	Y	N	{#ekavasana#}¦ Adj. (f. {#A#}) = {#ekavastra#} MBH. 1,130,8. 3,65,60.
ekavasana	15406	7-327-b	absent	N	Y	N	{{Lbody=15406}}
ekaviMSatiDAman	15409	7-327-b	absent	N	Y	N	{#e/kaviMSatiDAman#}¦ Adj. (f. {#˚DAmnI#}) {%21 Weisen habend%} MAITR. S. 4,7,6 (101,9).
ekaviMSatidakziRa	5496	4-297-b	absent	N	Y	N	{#ekaviMSatidakziRa#}¦ Adj. {%wobei 21 als Lohn gegeben werden%} ĀPAST. ŚR. 10,26,4.
ekaviMSatidakziRa	15408	7-327-b	absent	N	Y	N	{{Lbody=15408}}
ekaviMSavartani	6955	5-251-a	absent	N	Y	N	{#ekaviMSa/vartani#}¦ Adj. {%die Bahn für einen%} Ekaviṃśastoma {%bildend%} TS. 4,3,3,2.
ekaviMSavartani	15410	7-327-b	absent	N	Y	N	{#ekaviMSa/vartani#}¦ 5.
ekavidya	15411	7-327-b	absent	N	Y	N	{#ekavidya#}¦ Adj. {%mit einer Wissenschaft vertraut%} RUDRAṬA, ŚṚṄGĀRAT. 1,41.
ekavyUhaviBAga	2837	2-296-b	absent	N	Y	N	{#ekavyUhaviBAga#}¦ Adj. als Beiw. Viṣṇuʼs, {%wenn er sich nur als%} Vāsudeva {%manifestirt,%} MBH. 12,348,57.
ekavyUhaviBAga	15418	7-327-b	absent	N	Y	N	{#ekavyUhaviBAga#}¦ 2.
ekendriyasaMjYA	15471	7-327-d	absent	N	Y	N	{#ekendriyasaMjYA#}¦ f. Bez. {%des dritten Stadiums im%} Vairāgya SĀṂKHYATATTVAKAUMUDĪ zu KĀRIKĀ 23. ANIRUDDHA zu SĀṂKHY
ekonapaYcASadDA	4327	3-258-b	absent	N	Y	N	{#ekonapaYcASadDA#}¦ Adv. {%in 49 Theile%} R. GORR. 1,48,1.
ekonapaYcASadDA	15473	7-327-d	absent	N	Y	N	{#ekonapaYcASadDA#}¦ 3.
ekonaviMSatimuKa	2855	2-296-c	absent	N	Y	N	{#ekonaviMSatimuKa#}¦ Adj. {%mit 19 Mündern versehen%} MĀṆḌ. UP. 3.
ekonaviMSatimuKa	15474	7-327-d	absent	N	Y	N	{#ekonaviMSatimuKa#}¦ 2.
ekotIBAva	15472	7-327-d	absent	N	Y	N	{{Lbody=15472}}
eqAkzipuzpa	15480	7-327-d	absent	N	Y	N	{#*eqAkzipuzpa#}¦ n. {%eine best. Blume%} ebend. 240. Vgl. {#eqikAkzI#}.
eqameqa	15478	7-327-d	absent	N	Y	N	{#*eqameqa#}¦ m. desgl. ebend.
eqavaRa	15479	7-327-d	absent	N	Y	N	{#*eqavaRa#} und {#*eqavarRa#}¦ m. desgl. ebend.
eqavarRa	15479	7-327-d	absent	N	Y	N	{{Lbody=15479}}
etadvid	15488	7-327-d	absent	N	Y	N	{#etadvid#}¦ Adj. {%dieses kennend%} ĀPAST. GṚHY. 9,11.
etatkAla	2858	2-296-c	absent	N	Y	N	{#etatkAla#}¦ m. {%diese Zeit, Gegenwart%} 〔267,8. 32〕.
etatkAla	15485	7-327-d	absent	N	Y	N	{#etatkAla#} und {#etattftIya#}¦ 2.
evaMBAgIya	15512	7-328-a	absent	Y	Y	N	{#*evaMBAgIya#}¦ Adj. {%von solcher Art%} MAHĀVY. 104.
evaMSIlasamAcAra	2864	2-296-c	absent	N	Y	N	{#evaMSIlasamAcAra#}¦ Adj. {%von solchem Charakter und solchem Benehmen%} MBH. 13,145,34.
evaMSIlasamAcAra	15499	7-328-a	absent	N	Y	N	{{Lbody=15499}}
evaMcirasTitika	2867	2-296-c	absent	N	Y	N	{#evaMcirasTitika#}¦ Adj. {%so lange bestehend%} LALIT. 441,7.
evaMcirasTitika	15504	7-328-a	absent	N	Y	N	{{Lbody=15504}}
evaMdarSin	2869	2-296-c	absent	N	Y	N	{#evaMdarSin#}¦ Adj. {%so sehend, so urtheilend%} ŚĀK. 58,4.
evaMdarSin	15504	7-328-a	absent	N	Y	N	{{Lbody=15504}}
evaMdevata	4334	3-258-b	absent	N	Y	N	{#evaMdevata#}¦ Adj. {%diese Gottheit habend%} ŚĀṄKH. ŚR. 6,10,13.
evaMdevata	15505	7-328-a	absent	N	Y	N	{#evaMdevata#}¦ 3.
evaMkramaka	4333	3-258-b	absent	N	Y	N	{#evaMkramaka#}¦ Adj. {%diese Reihenfolge habend%} Comm. zu ĀPAST. ŚR. 7,5,5.
evaMkramaka	15503	7-328-a	absent	N	Y	N	{#evaMkramaka#}¦ 3.
evaMlakzaRa	4331	3-258-b	absent	N	Y	N	{#evaMlakzaRa#}¦ Adj. {%diese Kennzeichen habend%} MBH. 12,80,15.
evaMlakzaRa	15493	7-328-a	absent	N	Y	N	{#evaMlakzaRa#}¦ 3.
evaMpariRAma	5501	4-297-b	absent	N	Y	N	{#evaMpariRAma#}¦ Adj. {%einen solchen Abschluss habend%} MAHĀVĪRAC. 93,18.
evaMpariRAma	15509	7-328-a	absent	N	Y	N	{#evaMpariRAma#} und {#evaMpratyaya#}¦ 4.
evaMpramuKa	15510	7-328-a	absent	Y	Y	N	{#*evaMpramuKa#}¦ Adj. {%solches an der Spitze habend%} MAHĀVY. 244.
evaMpratyaya	5502	4-297-b	absent	N	Y	N	{#evaMpratyaya#}¦ Adj. {%eine solche Ueberzeugung habend%} ŚAṂK. zu BṚH. ĀR. UP. S. 231.
evaMpratyaya	15509	7-328-a	absent	N	Y	N	{{Lbody=15509}}
evaMpravAda	5503	4-297-b	absent	N	Y	N	{#evaMpravAda#}¦ Adj. {%eine solche grammatische Form habend, in dieser gr. F. erscheinend%} ṚV. PRĀT. 13,9.
evaMpravAda	15511	7-328-a	absent	N	Y	N	{#evaMpravAda#}¦ 4.
evaMsaMjYin	15500	7-328-a	absent	Y	Y	N	{#*evaMsaMjYin#}¦ Adj. {%eine solche Vorstellung habend%} MAHĀVY. 15.
evaMsuKaduHKaprativedin	2865	2-296-c	absent	N	Y	N	{#evaMsuKaduHKaprativedin#}¦ Adj. {%solche Freuden und Leiden erfahrend%} LALIT. 441,7.
evaMsuKaduHKaprativedin	15501	7-328-a	absent	N	Y	N	{#evaMsuKaduHKaprativedin#}¦ 2.
evaMvAdin	4332	3-258-b	absent	N	Y	N	{#evaMvAdin#}¦ Adj. {%so redend%} MAHĀVĪRAC. 81,7.
evaMvAdin	15495	7-328-a	absent	N	Y	N	{#evaMvAdin#}¦ 3.
evaMvarRa	2861	2-296-c	absent	N	Y	N	{#evaMvarRa#}¦ Adj. {%aus solcher Kaste%} LALIT. 441,7.
evaMvarRa	15494	7-328-a	absent	N	Y	N	{#evaMvarRa#}¦ 2.
evaMvfttasamAcAra	8733	6-299-b	absent	N	Y	N	{#evaMvfttasamAcAra#}¦ Adj. {%so verfahrend und sich benehmend%} SUŚR. 1,72,12.
evaMvfttasamAcAra	15498	7-328-a	absent	N	Y	N	{#evaMvfttasamAcAra#}¦ 6.
evaMvihita	15497	7-328-a	absent	N	Y	N	{#evaMvihita#}¦ Adj. {%so zubereitet%} ĀPAST. GṚHY. 12,6. 14,15.
evaMyukta	5499	4-297-b	absent	N	Y	N	{#*evaMyukta#}¦ Adj. {%so beschaffen%} MAHĀBH. 5,57,b.
evaMyukta	8732	6-299-b	absent	N	Y	N	{#evaMyukta#}¦ (Nachtr. 4) ĀPAST. 2,23,7. BAUDH. 1,3,31. 4,1,6. fgg.
evaMyukta	15492	7-328-a	absent	N	Y	N	{#evaMyukta#}¦ 4. 6.
evamAyuzpramARa	2870	2-296-c	absent	N	Y	N	{#evamAyuzpramARa#}¦ Adj. {%von solcher Lebensdauer%} LALIT. 441,7.
evamAyuzyaparyanta	15507	7-328-a	absent	Y	Y	N	{#*evamAyuzyaparyanta#}¦ Adj. {%von solcher Lebensdauer%} MAHĀVY. 15.
evamAyuzyapramARa	15508	7-328-a	absent	N	Y	N	{#evamAyuzyapramARa#}¦ 2.
ewaka	15476	7-327-d	absent	N	Y	N	{#ewaka#}¦ m. = {#eqaka#} 1〉a〉 KAUŚ. 41,6.
ezwar	5504	4-297-b	absent	N	Y	N	1. {#ezwa/r#}¦, f. {#ezwrI#} ĀPAST. ŚR. 10,12,5.
ezwar	15515	7-328-a	absent	N	Y	N	1. {#e/zwar#}, {#ezwrI#}¦ I. 4.
ezwrI	15515	7-328-a	absent	N	Y	N	{{Lbody=15515}}
fRaDara	15322	7-326-d	absent	N	Y	N	{#fRaDara#}¦ m. {%Erbe%} DIVYĀVAD. 254,11.
fRahara	15324	7-326-d	absent	N	Y	N	{#fRahara#}¦ m. {%Erbe%} DIVYĀVAD. 498,21.
fRavimocanaSAnti	2813	2-296-a	absent	N	Y	N	{{Lbody=2813}}
fRavimocanaSAnti	15323	7-326-d	absent	N	Y	N	{#fRavimocanaSAnti#}¦ 2.
fYjase	6944	5-251-a	absent	N	Y	N	{#fYja/se#}¦ Dat. Infin. zu 1. {#raYj#} ṚV. 8,4,17.
fYjase	15320	7-326-d	absent	N	Y	N	{#fYja/se#}¦ 5.
fcaka	1757	1-299-c	absent	N	Y	N	{#fcaka#}¦ Titel eines Werkes BÜHLER, Rep. No. 6. 7.
fcaka	15317	7-326-d	absent	N	Y	N	{#fcaka#}¦ 1. Verz. d. B. H. 2,98.
fcase	22304	7-387-a	absent	N	Y	Y	{#fca/se#}¦ I. Vgl. PISCHEL, Vedische Studien 43.
fdDimant	8718	6-299-a	absent	N	Y	Y	{#fdDimant#}¦ 2〉 Nom. abstr. {#˚mattA#} MBH. 5,131,23.
fdDimant	15343	7-326-d	absent	N	Y	Y	{#fdDimant#}¦ I. 6.
fgvedAraRyaka	2813	2-296-a	absent	N	Y	N	{{Lbody=2813}}
fgvedAraRyaka	15316	7-326-d	absent	N	Y	N	{{Lbody=15316}}
fgvedaSivamantra	2813	2-296-a	absent	N	Y	N	{{Lbody=2813}}
fgvedaSivamantra	15316	7-326-d	absent	N	Y	N	{{Lbody=15316}}
fgvedabrAhmaRa	2813	2-296-a	absent	N	Y	N	{{Lbody=2813}}
fgvedabrAhmaRa	15316	7-326-d	absent	N	Y	N	{{Lbody=15316}}
fgvedapada	2813	2-296-a	absent	N	Y	N	{#fgvedapada#} n., {#˚vedaprakftipada#} n., {#˚vedapramARa#} n., {#˚vedaprayoga#} m., {#˚vedaprAtiSAKya#} n., {#˚vedabrA
fgvedapada	15316	7-326-d	absent	N	Y	N	{#fgvedapada#}, {#˚vedaprakftipada#}, {#˚vedapramARa#}, {#˚vedaprayoga#}, {#˚vedaprAtiSAKya#}, {#˚vedabrAhmaRa#}, {#˚ved
fgvedaprakftipada	2813	2-296-a	absent	N	Y	N	{{Lbody=2813}}
fgvedaprakftipada	15316	7-326-d	absent	N	Y	N	{{Lbody=15316}}
fgvedapramARa	2813	2-296-a	absent	N	Y	N	{{Lbody=2813}}
fgvedapramARa	15316	7-326-d	absent	N	Y	N	{{Lbody=15316}}
fgvedaprayoga	2813	2-296-a	absent	N	Y	N	{{Lbody=2813}}
fgvedaprayoga	15316	7-326-d	absent	N	Y	N	{{Lbody=15316}}
fgvedaviDAna	2813	2-296-a	absent	N	Y	N	{{Lbody=2813}}
fgvedaviDAna	15316	7-326-d	absent	N	Y	N	{{Lbody=15316}}
fgyajuHsAmAdimaya	4279	3-257-c	absent	N	Y	N	{#fgyajuHsAmAdimaya#}¦ Adj. (f. {#I#}) {%aus%} Ṛc, Yajus, Sāman u. s. w. {%gebildet%} VP. 4,1,6.
fgyajuHsAmAdimaya	15315	7-326-d	absent	N	Y	N	{#fgyajuHsAmAdimaya#}¦ 3.
fjukarma	8714	6-299-a	absent	N	Y	N	{#fjukarma/#}¦ n. {%eine rechte Handlung%} TBR. 3,3,7,10.
fjukarma	15318	7-326-d	absent	N	Y	N	{#fjukarma/#}¦ 6.
fjuvftti	2813	2-296-a	absent	N	Y	N	{{Lbody=2813}}
fjuvftti	15319	7-326-d	absent	N	Y	N	{{Lbody=15319}}
fjuvivaraRa	2813	2-296-a	absent	N	Y	N	{{Lbody=2813}}
fjuvivaraRa	15319	7-326-d	absent	N	Y	N	{#fjuvivaraRa#} und {#fjuvftti#}¦ 2.
fllIsaka	2820	2-296-b	absent	N	Y	N	{#fllIsaka#}¦ {%ein best. musikalisches Instrument%} NĪLAK. zu HARIV. 2,89,68.
fllIsaka	15346	7-326-d	absent	N	Y	N	{#fllIsaka#}¦ 2.
ftespya	8716	6-299-a	absent	N	Y	N	{#ftespya#}¦ Adj. {%ohne Holzspahn%} ĀPAST. ŚR. 2,13,1.
ftespya	15338	7-326-d	absent	N	Y	N	{#ftespya#}¦ 6.
ftumuKIya	8715	6-299-a	absent	N	Y	N	{#ftumuKIya#}¦ Adj. Bez. {%eines%} Ṣaḍḍhotar, {%der jedesmal am Anfange der Jahreszeit zu vollziehen ist,%} ĀPAST. ŚR. 1
ftumuKIya	15332	7-326-d	absent	N	Y	N	{#ftumuKIya#}¦ 6.
ftusamAhAra	2817	2-296-b	absent	N	Y	N	{#ftusamAhAra#}¦ m. Titel eines Werkes OPP. Cat. 1.
ftusamAhAra	15335	7-326-d	absent	N	Y	N	{#ftusamAhAra#}¦ 2.
fzaBanATacaritra	1758	1-299-c	absent	N	Y	N	{#fzaBanATacaritra#}¦ n. desgl. ebend. No. 570.
fzaBanATacaritra	15349	7-327-a	absent	N	Y	N	{#fzaBanATacaritra#}¦ 1.
fzimaRqalaprakaraRa	2823	2-296-b	absent	N	Y	N	{#fzimaRqalaprakaraRa#}¦ n. Titel eines Jaina-Werkes BÜHLER, Rep. 1872 — 73, S. 10.
fzimaRqalaprakaraRa	15353	7-327-a	absent	N	Y	N	{#fzimaRqalaprakaraRa#}¦ 2.
gANgOcya	4574	3-261-a	absent	N	Y	N	{#gANgOcya/#}¦ m. {%ein best. göttliches Wesen%} MAITR. S. 2,9,1.
gANgOcya	16835	7-338-a	absent	N	Y	N	{#gANgOcya/#}¦ 3.
gArDa	16854	7-338-a	absent	Y	Y	Y	{#*gArDa#}¦ n. MAHĀVY. 110,36 fehlerhaft für {#gArdDya#}.
gArDapfzwa	4577	3-261-a	absent	N	Y	N	{#gArDapfzwa#}¦ oder {#˚prazwa#} Bez. {%einer nicht sanctionirten Art des Selbstmordes%} (bei den Jaina) ŚĪLĀṄKA 1,369.
gArDapfzwa	16855	7-338-a	absent	N	Y	N	{#gArDapfzwa#}¦ oder {#˚prazwa#} 3.
gAyatrIhfdaya	3155	2-300-a	absent	N	Y	N	{{Lbody=3155}}
gAyatrIhfdaya	16851	7-338-a	absent	N	Y	N	{#gAyatrIhfdaya#} und {#gAruqopanizad#}¦ 2.
gAyatrIkalpa	3155	2-300-a	absent	N	Y	N	{#gAyatrIkalpa#} m., {#gAyatrIkavaca#} n., {#gAyatrItattvadarpaRa#} m., {#gAyatrItAtparya#} n. und {#gAyatrIhfdaya#} n.¦
gAyatrIkalpa	16849	7-338-a	absent	N	Y	N	{{Lbody=16849}}
gAyatrIkavaca	3155	2-300-a	absent	N	Y	N	{{Lbody=3155}}
gAyatrIkavaca	16849	7-338-a	absent	N	Y	N	{{Lbody=16849}}
gAyatrItAtparya	3155	2-300-a	absent	N	Y	N	{{Lbody=3155}}
gAyatrItAtparya	16849	7-338-a	absent	N	Y	N	{{Lbody=16849}}
gAyatrItattvadarpaRa	3155	2-300-a	absent	N	Y	N	{{Lbody=3155}}
gAyatrItattvadarpaRa	16849	7-338-a	absent	N	Y	N	{{Lbody=16849}}
gIrvARaSloka	3159	2-300-a	absent	N	Y	N	{{Lbody=3159}}
gIrvARaSloka	16869	7-338-b	absent	N	Y	N	{#gIrvARaSloka#}¦ 2.
gIrvant	16868	7-338-b	absent	N	Y	Y	{#*gIrvant#}¦ Adj. von 2. {#gir#}.
gItAgUQArTadIpikA	3159	2-300-a	absent	N	Y	N	{#gItAgUQArTadIpikA#} f., {#gItAtAtparya#} n., {#˚candrikA#} f., {#˚boDikA#} f., {#gItApratipada#} n., {#gItArTasaMgraha
gItAgUQArTadIpikA	16867	7-338-b	absent	N	Y	N	{{Lbody=16867}}
gItApratipada	3159	2-300-a	absent	N	Y	N	{{Lbody=3159}}
gItApratipada	16867	7-338-b	absent	N	Y	N	{{Lbody=16867}}
gItArTasAra	16867	7-338-b	absent	N	Y	N	{{Lbody=16867}}
gItArTasaMgraha	3159	2-300-a	absent	N	Y	N	{{Lbody=3159}}
gItArTasaMgraha	16867	7-338-b	absent	N	Y	N	{{Lbody=16867}}
gItArTasaMgraharakzA	3159	2-300-a	absent	N	Y	N	{{Lbody=3159}}
gItArTasaMgraharakzA	16867	7-338-b	absent	N	Y	N	{{Lbody=16867}}
gItArTasaMgrahavivfti	16867	7-338-b	absent	N	Y	N	{{Lbody=16867}}
gItArTasamaNgalAcArapadDati	16867	7-338-b	absent	N	Y	N	{{Lbody=16867}}
gItAsAra	3159	2-300-a	absent	N	Y	N	{{Lbody=3159}}
gItAsamaNgalAcArapadDati	3159	2-300-a	absent	N	Y	N	{{Lbody=3159}}
gItAtAtparya	3159	2-300-a	absent	N	Y	N	{{Lbody=3159}}
gItAtAtparya	16867	7-338-b	absent	N	Y	N	{{Lbody=16867}}
gItAtAtparyaboDikA	3159	2-300-a	absent	N	Y	N	{{Lbody=3159}}
gItAtAtparyaboDikA	16867	7-338-b	absent	N	Y	N	{{Lbody=16867}}
gItAtAtparyacandrikA	3159	2-300-a	absent	N	Y	N	{{Lbody=3159}}
gItAtAtparyacandrikA	16867	7-338-b	absent	N	Y	N	{{Lbody=16867}}
gItAvivfti	3159	2-300-a	absent	N	Y	N	{{Lbody=3159}}
gOcya	3175	2-300-b	absent	N	Y	N	{#gO/cya#}¦ m. {%ein best. göttliches Wesen%} MAITR. S. 2,9,1.
gOcya	4601	3-261-b	absent	N	Y	N	{#gO/cya#}¦ (Nachtr. 2) zu streichen.
gOcya	17003	7-339-b	absent	N	Y	N	{#gO/cya#}¦ 2. 3.
gOlAkzIya	3177	2-300-b	absent	N	Y	N	{{Lbody=3177}}
gOlAkzIya	17014	7-339-b	absent	N	Y	N	{#gOlAkzIya#} und {#gOlIPala#}¦ 2.
gOlIPala	3177	2-300-b	absent	N	Y	N	{{Lbody=3177}}
gOlIPala	17014	7-339-b	absent	N	Y	N	{{Lbody=17014}}
gOqabrahmAnandIya	17004	7-339-b	absent	N	Y	N	{{Lbody=17004}}
gOqabrahmAnanda	3176	2-300-b	absent	N	Y	N	{#gOqabrahmAnanda#}¦ m. N. pr. eines Autors OPP. Cat. 1. {#˚ndIya#} n. {%sein Werk%} ebend.
gOqabrahmAnanda	17004	7-339-b	absent	N	Y	N	{#gOqabrahmAnanda#} und {#˚nandIya#}¦ 2.
gOrAvaskandin	8888	6-301-a	absent	N	Y	Y	{#gOrAvaskandin#}¦ zu streichen, da es zwei selbstständige Vocative sind ({#gOra#} und {#ava˚#}).
gOrAvaskandin	17010	7-339-b	absent	N	Y	Y	{#gOrAvaskandin#}¦ II. 6.
gOrIkAntIya	3177	2-300-b	absent	N	Y	N	{{Lbody=3177}}
gOrIkAntIya	17012	7-339-b	absent	N	Y	N	{{Lbody=17012}}
gOrIpaYcANga	3177	2-300-b	absent	N	Y	N	{{Lbody=3177}}
gOrIpaYcANga	17012	7-339-b	absent	N	Y	N	{{Lbody=17012}}
gOtamaDarma	3177	2-300-b	absent	N	Y	N	{#gOtamaDarma#} m., {#gOtamapraSna#} m., {#gOtamamAhAtmya#} n., {#gOtamaSikzA#} f., {#gOtamasaMhitA#} f., {#gOtamasUtra#
gOtamaDarma	17006	7-339-b	absent	N	Y	N	{#gOtamaDarma#}, {#gOtamapraSna#}, {#gOtamamAhAtmya#}, {#gOtamaSikzA#}, {#gOtamasaMhitA#}, {#gOtamasUtra#} und {#gOtamas
gOtamaSikzA	3177	2-300-b	absent	N	Y	N	{{Lbody=3177}}
gOtamaSikzA	17006	7-339-b	absent	N	Y	N	{{Lbody=17006}}
gOtamamAhAtmya	3177	2-300-b	absent	N	Y	N	{{Lbody=3177}}
gOtamamAhAtmya	17006	7-339-b	absent	N	Y	N	{{Lbody=17006}}
gOtamapraSna	3177	2-300-b	absent	N	Y	N	{{Lbody=3177}}
gOtamapraSna	17006	7-339-b	absent	N	Y	N	{{Lbody=17006}}
gOtamasUtra	3177	2-300-b	absent	N	Y	N	{{Lbody=3177}}
gOtamasUtra	17006	7-339-b	absent	N	Y	N	{{Lbody=17006}}
gOtamasaMhitA	3177	2-300-b	absent	N	Y	N	{{Lbody=3177}}
gOtamasaMhitA	17006	7-339-b	absent	N	Y	N	{{Lbody=17006}}
gOtamasmfti	3177	2-300-b	absent	N	Y	N	{{Lbody=3177}}
gOtamasmfti	17006	7-339-b	absent	N	Y	N	{{Lbody=17006}}
gUQagulPa	16911	7-338-c	absent	N	Y	N	{#gUQagulPa#}¦ Adj. {%dessen Fussknöchel nicht zu sehen sind%}. Nom. abstr. {#˚tva#} n. SUD. zu ĀPAST. GṚHY. 3,18.
gUQodaka	7181	5-253-c	absent	N	Y	N	{#gUQodaka#}¦ wohl {%ein Wassergefäss mit einem engen Halse, so dass das Wasser darin nicht zu sehen ist,%} UTTAMAC. 71.
gUQodaka	16915	7-338-c	absent	N	Y	N	{#gUQodaka#}¦ 5.
gaNgAstava	3130	2-299-c	absent	N	Y	N	{#gaNgAstava#}¦ m. Titel eines Werkes OPP. Cat. 1.
gaNgAstava	16704	7-336-d	absent	N	Y	N	{{Lbody=16704}}
gaNgarAmaBawwIya	16704	7-336-d	absent	N	Y	N	{{Lbody=16704}}
gaNgarAmaBawwa	3129	2-299-c	absent	N	Y	N	{#gaNgarAmaBawwa#}¦ m. N. pr. eines Autors OPP. Cat. 1. {#˚wwIya#} n. {%sein Werk%} ebend.
gaNgarAmaBawwa	16704	7-336-d	absent	N	Y	N	{#gaNgarAmaBawwa#}, {#˚BawwIya#} u. {#gaNgAstava#}¦ 2.
gaNgezwikA	7146	5-253-b	absent	N	Y	N	{#*gaNgezwikA#}¦ f. {%ein best. Baum%} ZACH. Beitr.
gaNgezwikA	16705	7-336-d	absent	N	Y	N	{#gaNgezwikA#}¦ 5.
gaRaDarasArDaSataka	16729	7-337-a	absent	N	Y	N	{#gaRaDarasArDaSataka#}¦ n. Titel eines Werkes Ind. St. 16. 17. Festgr. 55.
gaRaPalaviveka	3137	2-299-c	absent	N	Y	N	{{Lbody=3137}}
gaRaPalaviveka	16732	7-337-a	absent	N	Y	N	{{Lbody=16732}}
gaRacaturTIcandradarSanakaTA	3137	2-299-c	absent	N	Y	N	{{Lbody=3137}}
gaRacaturTIcandradarSanakaTA	16727	7-337-a	absent	N	Y	N	{{Lbody=16727}}
gaRakAnanda	3137	2-299-c	absent	N	Y	N	{#gaRakAnanda#} m., {#gaRacaturTIcandradarSanakaTA#} f., {#gaRaniGaRwu#} m., {#gaRapatipurARa#} n., {#˚pativiDAna#} n., 
gaRakAnanda	16727	7-337-a	absent	N	Y	N	{#gaRakAnanda#} und {#gaRacaturTIcandradarSanakaTA#}¦ 2.
gaRaniGaRwu	3137	2-299-c	absent	N	Y	N	{{Lbody=3137}}
gaRaniGaRwu	16732	7-337-a	absent	N	Y	N	{#gaRaniGaRwu#}, {#gaRapatipurARa#}, {#˚pativiDAna#} und {#gaRaPalaviveka#}¦ 2.
gaRapatipurARa	3137	2-299-c	absent	N	Y	N	{{Lbody=3137}}
gaRapatipurARa	16732	7-337-a	absent	N	Y	N	{{Lbody=16732}}
gaRapativiDAna	3137	2-299-c	absent	N	Y	N	{{Lbody=3137}}
gaRapativiDAna	16732	7-337-a	absent	N	Y	N	{{Lbody=16732}}
gaReSvaradIkzitIya	16741	7-337-a	absent	N	Y	N	{{Lbody=16741}}
gaReSvaradIkzita	3138	2-299-c	absent	N	Y	N	{#gaReSvaradIkzita#}¦ m. N. pr. eines Autors OPP. Cat. 1. {#˚tIya#} n. {%sein Werk%} ebend.
gaReSvaradIkzita	16741	7-337-a	absent	N	Y	N	{#gaReSvaradIkzita#} und {#˚tIya#}¦ 2.
gaRikAtva	7149	5-253-b	absent	N	Y	N	{#gaRikAtva#}¦, n. Nom. abstr. zu {#gaRaka#} 3〉a〉 UTTAMAC. 389.
gaRikAtva	16735	7-337-a	absent	N	Y	N	{#gaRikAtva#}¦ 5.
gaRitAmfta	3137	2-299-c	absent	N	Y	N	{{Lbody=3137}}
gaRitAmfta	16736	7-337-a	absent	N	Y	N	{{Lbody=16736}}
gaRitaBAskara	3137	2-299-c	absent	N	Y	N	{{Lbody=3137}}
gaRitaBAskara	16736	7-337-a	absent	N	Y	N	{{Lbody=16736}}
gaRitacandrikA	3137	2-299-c	absent	N	Y	N	{{Lbody=3137}}
gaRitacandrikA	16736	7-337-a	absent	N	Y	N	{{Lbody=16736}}
gaRitasaMgraha	3137	2-299-c	absent	N	Y	N	{{Lbody=3137}}
gaRitasaMgraha	16736	7-337-a	absent	N	Y	N	{{Lbody=16736}}
gaRqIkowanaka	16748	7-337-b	absent	Y	Y	N	{#*gaRqIkowanaka#}¦ n. {%der Klöpfel eines solchen Gong%} MAHĀVY. 279. Vgl. {#gaRqirAkowitA#} DIVYĀVAD. 335,13.
gaRqaberuRqanfsiMhamantra	3139	2-299-c	absent	N	Y	N	{#gaRqaberuRqanfsiMhamantra#}¦ Titel eines Mantra OPP. Cat. 1.
gaRqaberuRqanfsiMhamantra	16744	7-337-a	absent	N	Y	N	{#gaRqaberuRqanfsiMhamantra#}¦ 2.
gaYjapati	16717	7-336-d	absent	Y	Y	N	{#*gaYjapati#}¦ m. etwa {%Schatzmeister%} MAHĀVY. 186,32.
gaYjulikA	4557	3-260-c	absent	N	Y	N	{#gaYjulikA#}¦ f. = {#dIrGA gamBIrAH kuwilAH SlakzRA jYalASayAH#} ŚĪLĀṄKA. 2,3. 3.
gaYjulikA	16719	7-336-d	absent	N	Y	N	{#gaYjulikA#}¦ 3.
gacCAntargata	4554	3-260-c	absent	N	Y	N	{#gacCAntargata#}¦ Adj. dass. ebend.
gacCAntargata	16706	7-336-d	absent	N	Y	N	{{Lbody=16706}}
gacCanirgata	4552	3-260-c	absent	N	Y	N	{#gacCanirgata#}¦ Adj. (ein Jaina-Mönch) {%der nicht im Verbande mit Andern lebt%} ŚĪLĀṄKA.
gacCanirgata	16706	7-336-d	absent	N	Y	N	{#gacCanirgata#}, {#gacCavAsin#}, {#gacCAntargata#} und {#gajanimIlana#}¦ 3.
gacCavAsin	4553	3-260-c	absent	N	Y	N	{#gacCavAsin#}¦ Adj. (ein Jaina-Mönch) {%der im Verbande mit Andern lebt%} ŚĪLĀṄKA. 1,367.
gacCavAsin	16706	7-336-d	absent	N	Y	N	{{Lbody=16706}}
gadADarIya	3141	2-299-c	absent	N	Y	N	{{Lbody=3141}}
gadADarIya	16762	7-337-b	absent	N	Y	N	{#gadADarIya#}, {#gadyawIkA#}, {#gadyaBAzya#} und {#gadyavyAKyA#}¦ 2.
gadDi	16919	7-338-c	absent	Y	Y	N	{#*gadDi#}¦ f. {%Gier%} MAHĀVY. 110,35.
gadyaBAzya	3141	2-299-c	absent	N	Y	N	{{Lbody=3141}}
gadyaBAzya	16762	7-337-b	absent	N	Y	N	{{Lbody=16762}}
gadyavyAKyA	3141	2-299-c	absent	N	Y	N	{{Lbody=3141}}
gadyavyAKyA	16762	7-337-b	absent	N	Y	N	{{Lbody=16762}}
gadyawIkA	3141	2-299-c	absent	N	Y	N	{{Lbody=3141}}
gadyawIkA	16762	7-337-b	absent	N	Y	N	{{Lbody=16762}}
gaganagirimunIndracarita	3127	2-299-c	absent	N	Y	N	{#gaganagirimunIndracarita#}¦ n. Titel eines Werkes OPP. Cat. 1.
gaganagirimunIndracarita	16699	7-336-d	absent	N	Y	N	{#gaganagirimunIndracarita#}¦ 2.
gajAsTija	16714	7-336-d	absent	N	Y	N	{#gajAsTija#}¦ Adj. Bez. {%einer Art von Pfeilen, die in einem ehrlichen Kampfe nicht gebraucht werden dürfen,%} MBH. 7,
gajAvartalakzaRa	3135	2-299-c	absent	N	Y	N	{{Lbody=3135}}
gajAvartalakzaRa	16713	7-336-d	absent	N	Y	N	{#gajAvartalakzaRa#}¦ 2.
gajaBawwa	3131	2-299-c	absent	N	Y	N	{#gajaBawwa#}¦ m. N. pr. eines Autors OPP. Cat. 1. {#˚wwIya#} n. {%sein Werk%} ebend.
gajaBawwa	16709	7-336-d	absent	N	Y	N	{#gajaBawwa#}, {#gajareva#}, {#gajalakzaRa#}, {#gajavEdya#} und {#˚SAstra#}¦ 2.
gajalakzaRa	3133	2-299-c	absent	N	Y	N	{#gajalakzaRa#} n., {#gajavEdya#} n. und {#˚SAstra#} n.¦ Titel von Werken OPP. Cat. 1.
gajalakzaRa	16709	7-336-d	absent	N	Y	N	{{Lbody=16709}}
gajanimIlana	4555	3-260-c	absent	N	Y	N	{#gajanimIlana#}¦ n. = {#gajYanimIlikA#} 1〉.
gajanimIlana	16706	7-336-d	absent	N	Y	N	{{Lbody=16706}}
gajasUtrArTavAda	3135	2-299-c	absent	N	Y	N	{{Lbody=3135}}
gajasUtrArTavAda	16711	7-336-d	absent	N	Y	N	{{Lbody=16711}}
gajasUtravAda	3135	2-299-c	absent	N	Y	N	{#gajasUtravAda#} m., {#˚sUtrArTavAda#} m., {#gajAvartalakzaRa#} n. und {#gajendramokza#} m.¦ Titel von Werken OPP. Cat.
gajasUtravAda	16711	7-336-d	absent	N	Y	N	{#gajasUtravAda#} und {#˚sUtrArTavAda#}¦ 2.
gajavEdya	3133	2-299-c	absent	N	Y	N	{{Lbody=3133}}
gajavEdya	16709	7-336-d	absent	N	Y	N	{{Lbody=16709}}
gajavEdyaSAstra	3133	2-299-c	absent	N	Y	N	{{Lbody=3133}}
gajavEdyaSAstra	16709	7-336-d	absent	N	Y	N	{{Lbody=16709}}
gajendramokza	3135	2-299-c	absent	N	Y	N	{{Lbody=3135}}
gajendramokza	16716	7-336-d	absent	N	Y	N	{#gajendramokza#}¦ 2.
galagrAhit	16822	7-337-d	absent	N	Y	N	{#galagrAhit#}¦ Adj. {%am Halse pakkend,%} so v. a. {%übertreffend%} PĀDĀRAVINDAŚATAKA 2.
gallarka	16826	7-337-d	absent	N	Y	N	{#gallarka#}¦ = {#galvarka#} R. ed. Bomb. 3,43,29.
gamAgamika	3145	2-299-c	absent	N	Y	N	{#gamAgamika#}¦ m. {%Unterhändler, Botschafter%} J. A. S. Beng. 47,405,35.
gamAgamika	16785	7-337-c	absent	N	Y	N	{#gamAgamika#}¦ 2.
gamBIraGozasvaranAdita	16789	7-337-c	absent	Y	Y	N	{#*gamBIraGozasvaranAdita#}¦ m. N. pr. eines Bodhisattva MAHĀVY. 23,42.
gamanavant	7158	5-253-b	absent	N	Y	Y	{#gamanavant#}¦ Adj. {%hingehend, vergehend%} SĀY. zu ṚV. 1,113,15.
gamanavant	16784	7-337-c	absent	N	Y	Y	{#gamanavant#}¦ 5.
ganDamAMsi	5591	4-298-b	absent	N	Y	N	{#ganDamAMsi#}¦ (metrisch) f. = {#˚mAMsI#} VARĀH. BṚH. S. 51,15.
ganDamAMsi	16770	7-337-b	absent	N	Y	N	{#ganDamAMsi#}¦ 4.
ganDapAzARavant	16768	7-337-b	absent	N	Y	N	{#ganDapAzARavant#}¦ Adj. {%Schwefel enthaltend%} DAŚAK. (1883) 128,5. Nach dem Comm. = {#manaHSilAdiDAtupAzARamaya#}.
ganDapravAdA	8871	6-300-c	absent	N	Y	N	{#ganDapravAdA#}¦ f. Pl. Bez. {%bestimmter Sprüche%} J. A. O. S. 11,380.
ganDapravAdA	16769	7-337-b	absent	N	Y	N	{#ganDapravAdA#}¦ 6.
ganDarvapratyupasTitA	16775	7-337-c	absent	N	Y	N	{#ganDarvapratyupasTitA#}¦ Adj. f. {%schwanger geworden%} DIVYĀVAD. 1,15. 440,13. Vgl. PISCHEL, Ved. St. 77. fgg.
ganDasinDura	16778	7-337-c	absent	N	Y	N	{#ganDasinDura#}¦ m. = {#ganDadvipa#} DHARMAŚARM. 5,59.
ganDasragdAmavant	4562	3-260-c	absent	N	Y	N	{#ganDasragdAmavant#}¦ Adj. {%mit wohlriechenden Guirlanden versehen%} MĀN. GṚHY. 2,6.
ganDasragdAmavant	16779	7-337-c	absent	N	Y	N	{#ganDasragdAmavant#}¦ 3.
ganDavant	16777	7-337-c	absent	Y	Y	Y	{#ganDavant#}¦, f. {#˚vatI#} II. *N. pr. einer Tantra-Gottheit MAHĀVY. 197,90.
gar	3146	2-300-a	absent	N	Y	Y	6. {#gar#}¦ = {#jar#}. {#jAgAra#} {%wurde alt%} AV. 5,19,10.
gar	5593	4-298-b	absent	N	Y	Y	2. {#gar#}¦ mit {#prod#} in {#˚prodgArin#}. — Mit {#vini#} {%verschlingen%} BHĀM. V. 2,118.
gar	7160	5-253-b	absent	N	Y	Y	3. {#gar#}¦ mit {#ud#}, HARṢAC. (1936) 367,19 liest {#sa rAjako jajAgAra#}.
gar	8872	6-300-c	absent	N	Y	Y	1. {#gar#}¦ mit {#aBiprati#} bedeutet TS. 3,2,9,5 und ĀPAST. ŚR. 14,32,6 {%als Antwortsruf etwas zu viel rufen%}.
gar	16790	7-337-c	absent	N	Y	Y	1. {#gar#}¦ II. {#gIrRa/#} ṚV. 10,88,2. — Mit {#aBiprati#} II. 6.
gar	16791	7-337-c	absent	N	Y	Y	2. {#gar#}¦ mit {#api#} {%hinunterschlucken%} ĀPAST. ŚR. 3,19,7. — Mit {#ud#} II. {#udgIrRa#} {%abgeworfen%} ({#aSvapfzW
gar	16792	7-337-c	absent	N	Y	Y	3. {#gar#}¦ mit {#ud#} II. 5.
gar	16793	7-337-c	absent	N	Y	Y	6. {#gar#}¦ 2.
gar	22362	7-387-c	absent	N	Y	Y	1. {#gar#}¦ mit {#aByud#} {%lärmen%} CAṆḌĪŚ. 84.
garBAvezwana	16816	7-337-d	absent	N	Y	N	{#garBAvezwana#}¦ n. {%Schafhaut, Amnion%} HAR. zu ĀPAST. GṚHY. 14,15.
garBacikitsA	3150	2-300-a	absent	N	Y	N	{#garBacikitsA#} f. und {#garBapurImAhAtmya#} n.¦ Titel zweier Werke OPP. Cat. 1.
garBacikitsA	16805	7-337-d	absent	N	Y	N	{#garBacikitsA#}¦ 2.
garBapurImAhAtmya	3150	2-300-a	absent	N	Y	N	{{Lbody=3150}}
garBapurImAhAtmya	16807	7-337-d	absent	N	Y	N	{#garBapurImAhAtmya#}¦ 2.
garBasaMplava	8876	6-300-c	absent	N	Y	N	{#garBasaMplava#}¦ m. {%Fehlgeburt%} MBH. 2,17,38.
garBasaMplava	16813	7-337-d	absent	N	Y	N	{{Lbody=16813}}
garuqaSrIraNgamAhAtmya	3147	2-300-a	absent	N	Y	N	{{Lbody=3147}}
garuqaSrIraNgamAhAtmya	16797	7-337-c	absent	N	Y	N	{{Lbody=16797}}
garuqadaRqaka	3147	2-300-a	absent	N	Y	N	{#garuqadaRqaka#}, {#garuqanAmAzwottaraSata#} n., {#garuqapaYcASat#} f. und {#garuqaSrIraNgamAhAtmya#} n.¦ Titel von Wer
garuqadaRqaka	16797	7-337-c	absent	N	Y	N	{#garuqadaRqaka#}, {#garuqanAmAzwottaraSata#}, {#garuqapaYcASat#} und {#garuqaSrIraNgamAhAtmya#}¦ 2.
garuqanAmAzwottaraSata	3147	2-300-a	absent	N	Y	N	{{Lbody=3147}}
garuqanAmAzwottaraSata	16797	7-337-c	absent	N	Y	N	{{Lbody=16797}}
garuqapaYcASat	3147	2-300-a	absent	N	Y	N	{{Lbody=3147}}
garuqapaYcASat	16797	7-337-c	absent	N	Y	N	{{Lbody=16797}}
gatapUrva	4560	3-260-c	absent	N	Y	N	{#gatapUrva#}¦ Adj. {%früher betreten%} MBH. 3,296,20.
gatapUrva	16752	7-337-b	absent	N	Y	N	{#gatapUrva#}¦ 3.
gfhAy	7183	5-253-c	absent	N	Y	N	{#gfhAy#}¦, {#˚yate#} {%zu einem Hause werden%} KULĀRṆAVA 9,59.
gfhAy	16940	7-338-d	absent	N	Y	N	{#gfhAy#} und {#gfhAvagrahaRI#}¦ 5.
gfhacAraka	16929	7-338-d	absent	N	Y	N	{#gfhacAraka#}¦ {%Leben und Treiben eines Haushalters%} JĀTAKAM. 18,20.
gfhameDA	16937	7-338-d	absent	N	Y	N	{#gfhameDA#}¦ f. = {#gArhasTya#} DHARMAŚARMĀBHY. 3,73.
gfhapIWikA	3166	2-300-a	absent	N	Y	N	{#gfhapIWikA#}¦ f. Titel eines Werkes OPP. Cat. 1.
gfhapIWikA	16935	7-338-d	absent	N	Y	N	{#gfhapIWikA#}¦ 2.
gfhaye	3167	2-300-a	absent	N	Y	N	{#gfhaye#}¦ zu streichen, da die richtige Lesart {#gfhe#} (MAITR. S. 1,9,5) = {#gfhyate#} ist.
gfhaye	16938	7-338-d	absent	N	Y	N	{#gfhaye#}¦ II. 2.
gfhyARqapille	3168	2-300-a	absent	N	Y	N	{{Lbody=3168}}
gfhyARqapille	16945	7-338-d	absent	N	Y	N	{{Lbody=16945}}
gfhyAyanaprayoga	3168	2-300-a	absent	N	Y	N	{{Lbody=3168}}
gfhyAyanaprayoga	16945	7-338-d	absent	N	Y	N	{{Lbody=16945}}
gfhyapIWikA	3168	2-300-a	absent	N	Y	N	{#gfhyapIWikA#} f., {#gfhyapraSna#} m., {#gfhyaratna#} n., {#gfhyAyanaprayoga#} m. und {#gfhyARqapille#}¦ Titel von Werk
gfhyapIWikA	16945	7-338-d	absent	N	Y	N	{#gfhyapIWikA#}, {#gfhyapraSna#}, {#gfhyaratna#}, {#gfhyARqapille#} und {#gfhyAyanaprayoga#}¦ 2.
gfhyapraSna	3168	2-300-a	absent	N	Y	N	{{Lbody=3168}}
gfhyapraSna	16945	7-338-d	absent	N	Y	N	{{Lbody=16945}}
gfhyaratna	3168	2-300-a	absent	N	Y	N	{{Lbody=3168}}
gfhyaratna	16945	7-338-d	absent	N	Y	N	{{Lbody=16945}}
girI	4582	3-261-a	absent	N	Y	N	{#girI#}¦ Adv. mit {#kar#} {%zu einem Berge anhäufen%} HEM. PAR. 12,4.
girI	16866	7-338-b	absent	N	Y	N	{#girI#}¦ 3.
girirAja	16862	7-338-b	absent	N	Y	N	{#girirAja#}¦ m. = {#girirAj#} R. ed. Bomb. 4,45,4.
glAnapratyayaBEzajya	17060	7-339-d	absent	Y	Y	N	{#glAnapratyayaBEzajya#}¦ n. {%ein best. Arzeneimittel%} MAHĀVY. 239. DIVYĀVAD. 143,6.
glAnatA	17059	7-339-d	absent	N	Y	N	{#glAnatA#}¦ f. {%das Verwelken%} R. ed. Bomb. 3,73,23. Wohl fehlerhaft für {#mlAnatA#}.
glaTamlaTa	17057	7-339-d	absent	Y	Y	N	{#*glaTamlaTa#}¦ (!) m. MAHĀVY. 245,1166.
goDanagiri	7187	5-253-c	absent	N	Y	N	{#goDanagiri#}¦ m. N. pr. eines {%Berges%} HARṢAC. (1936) 423,8.
goDanagiri	16965	7-339-a	absent	N	Y	N	{#goDanagiri#}¦ 5.
goLikA	16959	7-339-a	absent	N	Y	N	{#goLikA#}¦ s. u. {#golaka#} weiter unten.
goSAlIputra	16995	7-339-b	absent	Y	Y	N	{#*goSAlIputra#}¦ ({#goSalI˚#} gedr.) m. = {#goSAli#} MAHĀVY. 179.
goSAstra	3174	2-300-b	absent	N	Y	N	{{Lbody=3174}}
goSAstra	16996	7-339-b	absent	N	Y	N	{#goSAstra#}¦ 2.
gocaraBAzAmuhUrtaviDi	3171	2-300-a	absent	N	Y	N	{#gocaraBAzAmuhUrtaviDi#}¦ m. Titel eines Werkes [Page2-300-b] OPP. Cat. 1.
gocaraBAzAmuhUrtaviDi	16957	7-339-a	absent	N	Y	N	{#gocaraBAzAmuhUrtaviDi#}¦ 2.
gocarapariSudDa	16956	7-339-a	absent	Y	Y	N	{#*gocarapariSudDa#}¦ n. Titel eines Werkes MAHĀVY. 65,51.
godApariRaya	3174	2-300-b	absent	N	Y	N	{#godApariRaya#} m., {#godAstuti#} f., {#gopadmavrata#} n., {#gopAlaratnAkara#} m., {#˚pAlaviMSati#} f., {#gopIcandanamA
godApariRaya	16964	7-339-a	absent	N	Y	N	{#godApariRaya#} und {#godAstuti#}¦ 2.
godAstuti	3174	2-300-b	absent	N	Y	N	{{Lbody=3174}}
godAstuti	16964	7-339-a	absent	N	Y	N	{{Lbody=16964}}
golaBa	16990	7-339-a	absent	N	Y	N	{#golaBa#}¦ m. N. pr. eines Gandharva R. ed. Bomb. 4,22,28. fg.
gominda	16983	7-339-a	absent	N	Y	N	{#gominda#}¦ = {#govinda#} BÜHLER in Ind. Antiq. VALLABHĪ-Gr. No. XVI.
gopAlaratnAkara	3174	2-300-b	absent	N	Y	N	{{Lbody=3174}}
gopAlaratnAkara	16974	7-339-a	absent	N	Y	N	{#gopAlaratnAkara#} u. {#˚pAlaviMSati#}¦ 2.
gopAlaviMSati	3174	2-300-b	absent	N	Y	N	{{Lbody=3174}}
gopAlaviMSati	16974	7-339-a	absent	N	Y	N	{{Lbody=16974}}
gopIcandanamAhAtmya	3174	2-300-b	absent	N	Y	N	{{Lbody=3174}}
gopIcandanamAhAtmya	16977	7-339-a	absent	N	Y	N	{#gopIcandanamAhAtmya#}, {#gopInATIya#} und {#˚pariBAzA#}¦ 2.
gopInATIya	3174	2-300-b	absent	N	Y	N	{{Lbody=3174}}
gopInATIya	16977	7-339-a	absent	N	Y	N	{{Lbody=16977}}
gopInATIyapariBAzA	3174	2-300-b	absent	N	Y	N	{{Lbody=3174}}
gopInATIyapariBAzA	16977	7-339-a	absent	N	Y	N	{{Lbody=16977}}
gopItilakA	22366	7-387-c	absent	N	Y	N	{#gopItilakA#}¦ f. {%ein best. Vogel%} PADDH. zu KAUŚ. 26,18. 20.
gopadmavrata	3174	2-300-b	absent	N	Y	N	{{Lbody=3174}}
gopadmavrata	16969	7-339-a	absent	N	Y	N	{#gopadmavrata#}¦ 2.
gopay	7189	5-253-c	absent	N	Y	Y	{#gopay#}¦ mit {#vi#} etwa {%Jmd blossstellen%} CAMPAKA 269. Ist wohl Denomin. von {#vigopa#}.
gopay	16970	7-339-a	absent	N	Y	Y	{#gopay#}¦ mit {#upa#} {%verdecken%} DHARMAŚARMĀBHY. 13,28. — Mit {#vi#} 5.
gopitar	16976	7-339-a	absent	N	Y	N	{#gopitar#}¦ Nom. ag. {%Hüter%} JĀTAKAM. 10,34.
goptfmant	4597	3-261-b	absent	N	Y	N	{#goptfmant#}¦ Adj. {%einen Beschützer habend%} KAUṢ. UP. 2,1.
goptfmant	16978	7-339-a	absent	N	Y	N	{#goptfmant#}¦ 3.
gosahasrin	8887	6-301-a	absent	N	Y	N	{#gosahasrin#}¦ Adj. {%tausend Kühe besitzend%} MBH. 13,102,43.
gosahasrin	17002	7-339-b	absent	N	Y	N	{#gosahasrin#}¦ 6.
govEdyaSAstra	3174	2-300-b	absent	N	Y	N	{{Lbody=3174}}
govEdyaSAstra	16994	7-339-b	absent	N	Y	N	{{Lbody=16994}}
govindagItA	3174	2-300-b	absent	N	Y	N	{{Lbody=3174}}
govindagItA	16992	7-339-b	absent	N	Y	N	{#govindagItA#}¦ 2.
govindarAjIya	3174	2-300-b	absent	N	Y	N	{{Lbody=3174}}
govindarAjIya	16994	7-339-b	absent	N	Y	N	{#govindarAjIya#}, {#˚vindavirudAvali#} und {#govEdyaSAstra#}¦ 2.
govindavirudAvali	3174	2-300-b	absent	N	Y	N	{{Lbody=3174}}
govindavirudAvali	16994	7-339-b	absent	N	Y	N	{{Lbody=16994}}
gozWIpurImAhAtmya	3174	2-300-b	absent	N	Y	N	{{Lbody=3174}}
gozWIpurImAhAtmya	16999	7-339-b	absent	N	Y	N	{#gozWIpurImAhAtmya#}¦ 2.
grAsapAtrI	17048	7-339-c	absent	N	Y	N	{#grAsapAtrI#}¦ Adv. mit {#kar#} {%Etwas zum Verschlucken geeignet halten, als guten Bissen verschlucken%} SUBHĀṢITĀV. 9
grAvaReya	3184	2-300-b	absent	N	Y	N	{#*grAvaReya#}¦ m. Pl. N. pr. eines Kriegerstammes. Sg. {%ein Fürst desselben%} gaṇa {#yODeyAdi#} in der KĀŚ.
grAvaReya	17046	7-339-c	absent	N	Y	N	{#grAvaReya#}¦ 2.
grahArcanaprokzaRa	3182	2-300-b	absent	N	Y	N	{{Lbody=3182}}
grahArcanaprokzaRa	17029	7-339-c	absent	N	Y	N	{#grahArcanaprokzaRa#}, {#grahArcanaviDi#} und {#grahAzwaka#}¦ 2.
grahArcanaviDi	3182	2-300-b	absent	N	Y	N	{{Lbody=3182}}
grahArcanaviDi	17029	7-339-c	absent	N	Y	N	{{Lbody=17029}}
grahAzwaka	3182	2-300-b	absent	N	Y	N	{{Lbody=3182}}
grahAzwaka	17029	7-339-c	absent	N	Y	N	{{Lbody=17029}}
grahaRakriyAkrama	3179	2-300-b	absent	N	Y	N	{{Lbody=3179}}
grahaRakriyAkrama	17023	7-339-c	absent	N	Y	N	{#grahaRakriyAkrama#}¦ 2.
grahacezwAviDAna	3179	2-300-b	absent	N	Y	N	{{Lbody=3179}}
grahacezwAviDAna	17020	7-339-c	absent	N	Y	N	{{Lbody=17020}}
grahagocaraPala	3179	2-300-b	absent	N	Y	N	{#grahagocaraPala#} n., {#grahacezwAviDAna#} n. und {#grahaRakriyAkrama#} m.¦ Titel von Werken OPP. Cat. 1.
grahagocaraPala	17020	7-339-c	absent	N	Y	N	{#grahagocaraPala#} u. {#grahacezwAviDAna#}¦ 2.
grahavicAra	3182	2-300-b	absent	N	Y	N	{#grahavicAra#} m., {#grahArcanaviDi#} m., {#grahArcanaprokzaRa#} n. und {#grahAzwaka#} n.¦ Titel von Werken OPP. Cat. 1
grahavicAra	17027	7-339-c	absent	N	Y	N	{#grahavicAra#}¦ 2.
grahika	17031	7-339-c	absent	Y	Y	N	{#*grahika#}¦ Adj. etwa {%bissig%} MAHĀVY. 127,8.
grahilI	7201	5-253-c	absent	N	Y	N	{#grahilI#}¦ in {#Agraha˚#} mit {#BU#} so v. a. {%dem Drängen nachgeben%} HEM. PAR. 2,262.
grahilI	17032	7-339-c	absent	N	Y	N	{#grahilI#}¦ II. 5.
greDa	17056	7-339-c	absent	Y	Y	N	{#*greDa#}¦ m. {%Gier, Begierde%} MAHĀVY. 245,1145. [Page7-339-d] Vgl. Pāli {#geDa#}.
guPA	16897	7-338-c	absent	N	Y	N	{#guPA#}¦ oder {#gumPA#} f. PĀRASĪPRAKĀŚA 295.
guRagaRavant	5597	4-298-c	absent	N	Y	N	{#guRagaRavant#}¦ Adj. {%mit vielen Vorzügen ausgestattet%} BHĀM. V. 1,19.
guRagaRavant	16879	7-338-b	absent	N	Y	N	{#guRagaRavant#}, {#guRagrahItar#} und {#guRatantra#}¦ 4.
guRagrahItar	5598	4-298-c	absent	N	Y	N	{#guRagrahItar#}¦ Nom. ag. {%Stricke empfangend%} und zugleich {%Vorzüge anerkennend%} BHĀM. V. 1,8.
guRagrahItar	16879	7-338-b	absent	N	Y	N	{{Lbody=16879}}
guRapAWa	3159	2-300-a	absent	N	Y	N	{{Lbody=3159}}
guRapAWa	16881	7-338-b	absent	N	Y	N	{#guRapAWa#}¦ 2.
guRastU	16887	7-338-b	absent	N	Y	N	{{Lbody=16887}}
guRastu	16887	7-338-b	absent	N	Y	N	{#*guRastu#} n. und {#*˚stU#} f.¦ {%Baumwolle%} RĀJAN. 4,191 nebst v. l.
guRay	16882	7-338-b	absent	N	Y	Y	{#guRay#}¦ mit {#anu#} II. {%fördern%} KIR. 13,44.
guRquBawwa	3162	2-300-a	absent	N	Y	N	{#guRquBawwa#}¦ m. N. pr. eines Autors OPP. Cat. 1. {#˚wwIya#} n. {%sein Werk%} ebend.
guptI	7175	5-253-c	absent	N	Y	N	{#guptI#}¦ Adv. mit {#kar#} {%verstecken, verbergen%} UTTAMAC. 337.
guptI	16895	7-338-c	absent	N	Y	N	{#guptI#}¦ 5.
gurUpasattivijaya	3163	2-300-a	absent	N	Y	N	{{Lbody=3163}}
gurUpasattivijaya	16905	7-338-c	absent	N	Y	N	{{Lbody=16905}}
guruBAvaprakASikA	3163	2-300-a	absent	N	Y	N	{{Lbody=3163}}
gurucandrikA	3163	2-300-a	absent	N	Y	N	{#gurucandrikA#} f., {#gurujYAnavAsizWa#}, {#gurunAqi#} f., {#gurutaraMgiRI#} f., {#gurudIpikA#} f., {#guruBAvaprakASikA
gurudIpikA	3163	2-300-a	absent	N	Y	N	{{Lbody=3163}}
gurujYAnavAsizWa	3163	2-300-a	absent	N	Y	N	{{Lbody=3163}}
gurunAqi	3163	2-300-a	absent	N	Y	N	{{Lbody=3163}}
gurutaraMgiRI	3163	2-300-a	absent	N	Y	N	{{Lbody=3163}}
guruvartitva	16903	7-338-c	absent	N	Y	N	{{Lbody=16903}}
guruviDivijaya	3163	2-300-a	absent	N	Y	N	{{Lbody=3163}}
guruviDivijaya	16905	7-338-c	absent	N	Y	N	{#guruviDivijaya#}, {#gurUpasattivijaya#} und {#gurvarTadIpikA#}¦ 2.
gurvarTadIpikA	3163	2-300-a	absent	N	Y	N	{{Lbody=3163}}
gurvarTadIpikA	16905	7-338-c	absent	N	Y	N	{{Lbody=16905}}
har	22039	7-384-c	absent	Y	Y	Y	1. {#har#}¦ mit {#anu#} VII. {%nachtragen, hinterher tragen%} ĀPAST. GṚHY. 5,13. — Mit {#pratyud#} VII. 3〉 {%*etwas Geli
haray	22040	7-384-c	absent	N	Y	N	{#haray#}¦, {#˚yati#} {%als Löwe auftreten%} PRĀṆĀBHARAṆA 49 nach AUFRECHT.
haskartar	22049	7-384-c	absent	N	Y	Y	{{Lbody=22049}}
haskfta	22049	7-384-c	absent	N	Y	N	{{Lbody=22049}}
hemAy	22065	7-384-d	absent	N	Y	N	{#hemAy#}¦, {#˚yate#} {%zu Gold werden%} HARAVIJAYA 5,96.
hezasvant	22067	7-384-d	absent	N	Y	Y	{{Lbody=22067}}
himAy	22059	7-384-d	absent	N	Y	N	{#himAy#}¦, {#˚yate#} {%Schnee darstellen%} PRĀṆĀBHARAṆA 48 nach AUFRECHT.
iBavant	22275	7-386-d	absent	N	Y	N	{#iBavant#}¦ Adj. {%mit Elephanten versehen%} ebend. 172.
iDmabarhis	2678	2-294-c	absent	N	Y	N	{#iDmabarhis#}¦ n. {%Streu zum Brennen%} (?) Z. d. d. m. G. 9, LXXX.
iDmabarhis	14535	7-321-a	absent	N	Y	N	{#iDmabarhis#}¦ 2.
iNgAla	6833	5-249-c	absent	N	Y	N	{#iNgAla#}¦ m. prākritisch für {#aNgAra#} {%Kohle%} HARṢA im Comm. zu VĀSAV. 191. Vgl. HEM. Pr. Gr. 1,47. 254 und die An
iNgAla	14511	7-320-d	absent	N	Y	N	{#iNgAla#}¦ 5.
iNgudi	14513	7-321-a	absent	N	Y	N	{#iNgudi#}¦ f. metrisch st. {#iNgudI#} R. ed. Bomb. 2,104,8. 12. 14.
iNgyaSikzA	2670	2-294-c	absent	N	Y	N	{{Lbody=2670}}
iNgyaSikzA	14514	7-321-a	absent	N	Y	N	{{Lbody=14514}}
iNgyaratna	2670	2-294-c	absent	N	Y	N	{#iNgyaratna#} n. und {#iNgyaSikzA#} f.¦ Titel von Werken OPP. Cat. 1.
iNgyaratna	14514	7-321-a	absent	N	Y	N	{#iNgyaratna#} und {#iNgyaSikzA#}¦ 2.
icCantika	14515	7-321-a	absent	Y	Y	N	{#*icCantika#}¦ Adj. {%Begierden fühlend%} oder {%zu fühlen anfangend%} MAHĀVY. 110.
idaMPala	2676	2-294-c	absent	N	Y	N	{#idaMPala#}¦ Adj. (f. {#A#}) {%mit diesem Lohn verbunden%} ŚAṂK. zu BṚH. ĀR. UP. S. 72.
idaMPala	14530	7-321-a	absent	N	Y	N	{#idaMPala#}¦ 2.
idaMmaDura	5419	4-296-b	absent	N	Y	N	{#idaMmaDura#}¦ n. {%ein best. Lied%} KĀṬH. 34,5. Vgl. {#idaM/maDu#}.
idaMmaDura	14531	7-321-a	absent	N	Y	N	{#idaMmaDura#}¦ 4.
ihehamAtar	14624	7-321-d	absent	N	Y	Y	{#ihe/hamAtar#}¦, lies {%gleichzeitig eine Mutter habend,%} d. i. {%zu gleicher Zeit geboren%}.
ikawI	6832	5-249-c	absent	N	Y	N	{#*ikawI#}¦ oder {#*ikkawI#} f. {%eine best. Pflanze%} ZACH. Beitr.
ikawI	14507	7-320-d	absent	N	Y	N	{#ikawI#}¦ oder {#ikkawI#} 5.
ikzudaRqamaya	1627	1-298-a	absent	N	Y	N	{#ikzudaRqamaya#}¦ Adj. {%aus Zuckerrohrstengeln gemacht%} HEMĀDRI 1,404,17.
ikzudaRqamaya	14509	7-320-d	absent	N	Y	N	{#ikzudaRqamaya#}, {#ikzumaya#}, {#ikzuyazwi#} und {#˚maya#}¦ 1.
ikzumaya	1628	1-298-a	absent	N	Y	N	{#ikzumaya#}¦ Adj. {%aus Zuckerrohr gemacht%} HEMĀDRI 1,341,19.
ikzumaya	14509	7-320-d	absent	N	Y	N	{{Lbody=14509}}
ikzurasasamudra	14510	7-320-d	absent	N	Y	N	{#ikzurasasamudra#}¦ m. {%das Syrupmeer%} ANIRUDDHA zu SĀṂKHYAS. 6,52.
ikzuyazwimaya	14509	7-320-d	absent	N	Y	N	{{Lbody=14509}}
ilAsura	6841	5-249-c	absent	N	Y	N	{#ilAsura#}¦ m. {%ein Brahmane%} M. MÜLLER, Ren. 300.
ilAsura	14596	7-321-c	absent	N	Y	N	{#ilAsura#}¦ 5.
inDanvant	1647	1-298-a	absent	N	Y	N	{#inDanvant#}¦, lies {%auf dem Feuer stehend, heiss%}.
inDanvant	14586	7-321-c	absent	N	Y	N	{#inDanvant#}¦ I. 1.
indIvarAkzI	4136	3-256-b	absent	N	Y	N	{#indIvarAkzI#}¦ f. {%eine Lotusäugige%} CAURAP. (A.) 60.
indindira	6836	5-249-c	absent	N	Y	Y	{{Lbody=6836}}
indindira	14538	7-321-a	absent	N	Y	Y	{#indindira#}¦ I. 5.
indirApariRaya	2680	2-294-c	absent	N	Y	N	{#indirApariRaya#} m. und {#induratneSvaraprasAda#} m.¦ Titel zweier Werke OPP. Cat. 1.
indirApariRaya	14540	7-321-a	absent	N	Y	N	{#indirApariRaya#}¦ 2.
indrARImaha	14578	7-321-b	absent	N	Y	N	{#indrARImaha#}¦ m. {%Feier der%} Indrāṇī, {%eine best. Hochzeitsceremonie%} SUD. zu ĀPAST. GṚHY. 2,15.
indraDfti	8658	6-298-b	absent	N	Y	N	{#indraDfti#}¦ f. (?) VĀSAV. 296,4.
indraDfti	14559	7-321-b	absent	N	Y	N	{#indraDfti#}¦ 6.
indraSrI	2686	2-294-c	absent	N	Y	N	{#indraSrI#}¦ f. N. pr. einer Gandharva-Jungfrau KĀRAṆḌ. 5,9.
indraSrI	14574	7-321-b	absent	N	Y	N	{#indraSrI#}¦ 2.
indradEvatya	1639	1-298-a	absent	N	Y	N	{#indradEvatya#}¦ Adj. Indra {%zur Gottheit habend%} PĀR. GṚHY. 2,13,1.
indradEvatya	14558	7-321-b	absent	N	Y	N	{#indradEvatya#}¦ 1.
indrajaya	1638	1-298-a	absent	N	Y	N	{#indrajaya#}¦ m. wohl = {#indrajit#} 1〉 AGNI-P. 40,15.
indrajaya	14556	7-321-b	absent	N	Y	N	{#indrajaya#}¦ 1.
indramati	2684	2-294-c	absent	N	Y	N	{#indramati#}¦ m. {%ein best.%} Samādhi KĀRAṆḌ. 94,3.
indramati	14568	7-321-b	absent	N	Y	N	{{Lbody=14568}}
indranIlamaRimaya	1641	1-298-a	absent	N	Y	N	{#indranIlamaRimaya#}¦ Adj. = {#indranIlamaya#} HEMĀDRI 1,280,7.
indranIlamaRimaya	14561	7-321-b	absent	N	Y	N	{#indranIlamaRimaya#}¦ 1.
indrapASa	1642	1-298-a	absent	N	Y	N	{#indrapASa#}¦ m. Indraʼs {%Schlinge%} PĀR. GṚHY. 3,7,3.
indrapASa	14563	7-321-b	absent	N	Y	N	{#indrapASa#}¦ 1. Nach PISCHEL (Philologische Abhandlungen, Berlin 1888, S. 73) {#indraH pASena#} zu lesen.
indrapawa	2681	2-294-c	absent	N	Y	N	{#indrapawa#}¦ n. {%Luftgewand,%} so v. a. {%Nacktheit%} KĀRAṆḌ. 81,6.
indrapawa	14562	7-321-b	absent	N	Y	N	{#indrapawa#}¦ 2.
indraprasTamAhAtmya	1644	1-298-a	absent	N	Y	N	{#indraprasTamAhAtmya#}¦ n. Titel eines Werkes BÜHLER, Rep. No. 53.
indraprasTamAhAtmya	14567	7-321-b	absent	N	Y	N	{#indraprasTamAhAtmya#}¦ 1.
indrapucCa	2682	2-294-c	absent	N	Y	N	{#indrapucCa#}¦ Titel eines Werkes OPP. Cat. 1.
indrapucCa	14564	7-321-b	absent	N	Y	N	{#indrapucCa#}¦ 2.
indrapuruza	1643	1-298-a	absent	N	Y	N	{#indrapuruza#}¦ m. Indraʼs {%Diener%}. Pl. ĀŚV. GṚHY. 1,2,5.
indrapuruza	14565	7-321-b	absent	N	Y	N	{#indrapuruza#}¦ 1.
indravarRa	4143	3-256-b	absent	N	Y	N	{#indravarRa#}¦ HARIV. 6884 fehlerhaft für {#induvarRa#}.
indravarRa	14573	7-321-b	absent	N	Y	N	{#indravarRa#} und {#indravIruD#}¦ 3.
indrayAjin	4142	3-256-b	absent	N	Y	N	{#indrayAjin#}¦ Adj. {%dem%} Indra {%opfernd%} MĀN. ŚR. 1,1,1.
indrayAjin	14570	7-321-b	absent	N	Y	N	{#indrayAjin#}¦ 3.
indrotTApana	6840	5-249-c	absent	N	Y	N	{#*indrotTApana#}¦ n. {%das Erwecken%} Indraʼs DEŚĪN. 1,82. Vgl. WILSON, Sel. Works 1,127.
indrotTApana	14584	7-321-c	absent	N	Y	N	{#indrotTApana#}¦ 5.
indumaRI	14547	7-321-b	absent	N	Y	N	{#indumaRI#}¦ Adv. mit {#BU#} {%zum Mondstein werden%} DHARMAŚARMĀBHY. 17,9.
indumaRIy	14548	7-321-b	absent	N	Y	N	{#indumaRIy#}¦ {%den Mondstein darstellen%} ebend. 2,79.
induratneSvaraprasAda	2680	2-294-c	absent	N	Y	N	{{Lbody=2680}}
induratneSvaraprasAda	14549	7-321-b	absent	N	Y	N	{#induratneSvaraprasAda#}¦ 2.
indutA	1636	1-298-a	absent	N	Y	N	{#indutA#}¦ f. Nom. abstr. zu {#indu#} 2〉 NAIṢ. 6,26.
indutA	14545	7-321-b	absent	N	Y	N	{{Lbody=14545}}
induvaktrA	4138	3-256-b	absent	N	Y	N	{#induvaktrA#}¦ f. {%eine Mondantlitzige%} CAURAP. (A.) 72.
induvaktrA	14550	7-321-b	absent	N	Y	N	{#induvaktrA#} und {#induvarRa#}¦ 3.
induvarRa	4139	3-256-b	absent	N	Y	N	{#induvarRa#}¦ Adj. {%mondfarbig%} HARIV. 2,63,96.
induvarRa	14550	7-321-b	absent	N	Y	N	{{Lbody=14550}}
iqAtva	1630	1-298-a	absent	N	Y	N	{#iqAtva/#}¦ n. Nom. abstr. von {#iqA#} MAITR. S. 4,2,3.
iqAtva	14517	7-321-a	absent	N	Y	N	{#iqAtva/#}¦ 1.
iqenyakratu	4134	3-256-b	absent	N	Y	N	{#iqenyakratu#}¦ (sic) Adj. {%von preisenswerther Kraft%} ĀPAST. ŚR. 4,5,5.
iqenyakratu	14518	7-321-a	absent	N	Y	N	{#iqenyakratu#}¦ 3.
irasy	4147	3-256-b	absent	N	Y	Y	{#irasy#}¦, so zu lesen st. {#irasya#}.
irasy	8663	6-298-c	absent	N	Y	Y	{#irasy#}¦ mit {#aBi#} nach AUFRECHT zu streichen, da ṚV. 10,174,2 zu {#aBi#} aus dem Vorhergehenden {#tizWa#} zu ergänz
irasy	14592	7-321-c	absent	N	Y	Y	{#irasy#}¦ I. 3. — Mit {#aBi#} I. 6.
itTaMgata	14526	7-321-a	absent	N	Y	N	{#itTaMgata#}¦ Adj. {%in solcher Lage sich befindend%} JĀTAKAM. 21,15. 22,26. 31.
itihAsasamuccayasaMgraha	2673	2-294-c	absent	N	Y	N	{#itihAsasamuccayasaMgraha#} m. und {#itihAsottama#}¦ Titel zweier Werke OPP. Cat. 1.
itihAsasamuccayasaMgraha	14525	7-321-a	absent	N	Y	N	{{Lbody=14525}}
itihAsottama	2673	2-294-c	absent	N	Y	N	{{Lbody=2673}}
itihAsottama	14525	7-321-a	absent	N	Y	N	{{Lbody=14525}}
itikartavyatAka	14524	7-321-a	absent	N	Y	N	{#itikartavyatAka#}¦ Adj. {%zu Jmds Obliegenheit gehörig%} SUD. zu ĀPAST. GṚHY. 19,2.
itikrama	2671	2-294-c	absent	N	Y	N	{#itikrama#}¦ m. Instr. {%auf solche Weise%} RAGH. ed. Calc. 7,39.
itikrama	14525	7-321-a	absent	N	Y	N	{#itikrama#}, {#itipraBfti#}, {#itihAsasamuccayasaMgraha#}, {#itihAsottama#} u. {#itiheti#}¦ 2.
iyata	14590	7-321-c	absent	N	Y	N	{#iyata#}¦ Adj. = {#iyant#} DIVYĀVAD. 112,16.
izADAra	14602	7-321-c	absent	N	Y	N	{#izADAra#}¦ s. {#IzADara#}.
izavant	4150	3-256-b	absent	N	Y	Y	{#iza/vant#}¦ Adj. {%kräftig%}.
izavant	14601	7-321-c	absent	N	Y	Y	{#iza/vant#}¦ 3.
izvASanI	14621	7-321-d	absent	N	Y	N	{#i/zvASanI#}¦ m. N. pr. eines Mannes MAITR. S. 4,2,2 (23,6).
izwinirRaya	2689	2-294-c	absent	N	Y	N	{#izwinirRaya#}¦ m. Titel eines Werkes OPP. Cat. 1.
izwinirRaya	14615	7-321-d	absent	N	Y	N	{#izwinirRaya#}¦ 2.
izwiviDa	2690	2-294-c	absent	N	Y	N	{#izwiviDa#}¦ Adj. {%in die Kategorie der%} {#izwi#} {%gehörig%} ĀPAST. ŚR. 7,28,1.
izwiviDa	14617	7-321-d	absent	N	Y	N	{#izwiviDa#} und {#izwivizaya#}¦ 2.
izwivizaya	2691	2-294-c	absent	N	Y	N	{#izwivizaya#}¦ m. Titel eines Werkes OPP. Cat. 1.
izwivizaya	14617	7-321-d	absent	N	Y	N	{{Lbody=14617}}
jANgalIka	7287	5-254-c	absent	N	Y	N	{#jANgalIka#}¦ m. {%Giftbeschwörer%} HARṢAC. 30,3. v. l. (95,7) {#jANgulika#}.
jANgalIka	17529	7-343-b	absent	N	Y	N	{#jANgalIka#}, {#jANgulika#} u. {#jANmAyana#}¦ 5.
jAlImAMsa	17556	7-343-c	absent	N	Y	N	{#jAlImAMsa#}¦ (?) SUBHĀṢITĀV. 611.
jAnana	17543	7-343-b	absent	Y	Y	N	{#*jAnana#}¦ n. {%Ursprung, Geburtsstätte%} MAHĀVY. 101,12.
jAqyavant	5662	4-299-b	absent	N	Y	N	{#jAqyavant#}¦ Adj. {%keine Geschmacksempfindung habend%} SUŚR. 1,218,18.
jAqyavant	17531	7-343-b	absent	N	Y	N	{#jAqyavant#}¦ 4.
jAtakAdiprayoga	3234	2-301-b	absent	N	Y	N	{{Lbody=3234}}
jAtakAdiprayoga	17532	7-343-b	absent	N	Y	N	{{Lbody=17532}}
jAtakAlaMkAra	3234	2-301-b	absent	N	Y	N	{{Lbody=3234}}
jAtakAlaMkAra	17532	7-343-b	absent	N	Y	N	{{Lbody=17532}}
jAtakAlaMkAracintAmaRi	3234	2-301-b	absent	N	Y	N	{{Lbody=3234}}
jAtakAlaMkAracintAmaRi	17532	7-343-b	absent	N	Y	N	{{Lbody=17532}}
jAtakAvalidIpikA	3234	2-301-b	absent	N	Y	N	{{Lbody=3234}}
jAtakAvalidIpikA	17532	7-343-b	absent	N	Y	N	{{Lbody=17532}}
jAtakAvalipradIpikA	3234	2-301-b	absent	N	Y	N	{{Lbody=3234}}
jAtakAvalipradIpikA	17532	7-343-b	absent	N	Y	N	{{Lbody=17532}}
jAtakaPalavicAra	3234	2-301-b	absent	N	Y	N	{{Lbody=3234}}
jAtakaPalavicAra	17532	7-343-b	absent	N	Y	N	{{Lbody=17532}}
jAtakakiraRAvali	3234	2-301-b	absent	N	Y	N	{{Lbody=3234}}
jAtakakiraRAvali	17532	7-343-b	absent	N	Y	N	{{Lbody=17532}}
jAtakamuktAPala	3234	2-301-b	absent	N	Y	N	{{Lbody=3234}}
jAtakamuktAPala	17532	7-343-b	absent	N	Y	N	{{Lbody=17532}}
jAtakapArijAta	3234	2-301-b	absent	N	Y	N	{{Lbody=3234}}
jAtakapArijAta	17532	7-343-b	absent	N	Y	N	{{Lbody=17532}}
jAtakasArasaMgraha	3234	2-301-b	absent	N	Y	N	{{Lbody=3234}}
jAtakasArasaMgraha	17532	7-343-b	absent	N	Y	N	{{Lbody=17532}}
jAtakasaralI	3234	2-301-b	absent	N	Y	N	{{Lbody=3234}}
jAtakasaralI	17532	7-343-b	absent	N	Y	N	{{Lbody=17532}}
jAtakavizaya	3234	2-301-b	absent	N	Y	N	{{Lbody=3234}}
jAtakavizaya	17532	7-343-b	absent	N	Y	N	{{Lbody=17532}}
jAtiKaRqana	3234	2-301-b	absent	N	Y	N	{{Lbody=3234}}
jAtiKaRqana	17539	7-343-b	absent	N	Y	N	{#jAtiKaRqana#} und {#jAticandrikA#}¦ 2.
jAticandrikA	3234	2-301-b	absent	N	Y	N	{{Lbody=3234}}
jAticandrikA	17539	7-343-b	absent	N	Y	N	{{Lbody=17539}}
jAva	17557	7-343-c	absent	Y	Y	N	{#*jAva#}¦ m. ? MAHĀVY. 104,82.
jAvita	17558	7-343-c	absent	Y	Y	N	{#*jAvita#}¦ n. ? MAHĀVY. 217,27.
jAyAMpatika	17551	7-343-b	absent	N	Y	N	{#jAyAMpatika#}¦ n. {%Mann und Weib, Ehepaar%} DIVYĀVAD. 259,7.
jIvAntarhita	17589	7-343-d	absent	N	Y	N	{#jIvAntarhita#}¦ Adj. ŚĀṄKH. ŚR. 4,4,8 nach dem Comm. = {#jIvatAntarhitaH = pitAmahAdiH pitrAdO jIvati#}.
jIvantiSUlA	17584	7-343-d	absent	N	Y	N	{#jIvantiSUlA#}¦ Adj. f. Acc. mit {#kar#} Caus. (eine Frau) {%lebendig spiessen lassen%} DIVYĀVAD. 417,8.
jUtimant	4712	3-262-b	absent	N	Y	Y	{#jUtima/nt#}¦ Adj. {%drängend, ungestüm%}.
jUtimant	17597	7-343-d	absent	N	Y	Y	{{Lbody=17597}}
jYAnAnuparivartin	17620	7-344-a	absent	Y	Y	N	{#*jYAnAnuparivartin#}¦ Adj. {%der höheren Erkenntniss folgend%} MAHĀVY. 9,14.
jYAnavatI	17617	7-344-a	absent	Y	Y	N	{#*jYAnavatI#}¦ f. N. einer buddh. Dhāraṇī MAHĀVY. 25,2.
jaGna	17439	7-342-c	absent	N	Y	N	{#jaGna#}¦ (!) Adj. {%verletzt%} DIVYĀVAD. 599,13.
jagadISIya	3229	2-301-a	absent	N	Y	N	{#jagadISIya#}¦ n. Jagadīśaʼs {%Werk%} ebend.
jagadISIya	17436	7-342-c	absent	N	Y	N	{{Lbody=17436}}
jagadvallaBa	3230	2-301-b	absent	N	Y	N	{#jagadvallaBa#}, {#jagannATatarkapaYcAnana#}, {#˚nnATamAhAtmya#} n., {#˚nnATIya#} n., {#jawAdarpaRa#} m., {#˚mUla#} n.,
jagadvallaBa	17436	7-342-c	absent	N	Y	N	{{Lbody=17436}}
jagannATIya	3230	2-301-b	absent	N	Y	N	{{Lbody=3230}}
jagannATIya	17436	7-342-c	absent	N	Y	N	{{Lbody=17436}}
jagannATamAhAtmya	3230	2-301-b	absent	N	Y	N	{{Lbody=3230}}
jagannATamAhAtmya	17436	7-342-c	absent	N	Y	N	{{Lbody=17436}}
jagannATatarkapaYcAnana	3230	2-301-b	absent	N	Y	N	{{Lbody=3230}}
jagannATatarkapaYcAnana	17436	7-342-c	absent	N	Y	N	{{Lbody=17436}}
jagatsUtravAdArTa	3227	2-301-a	absent	N	Y	N	{{Lbody=3227}}
jagatsUtravAdArTa	17436	7-342-c	absent	N	Y	N	{#jagatsUtravAdArTa#}, {#jagadAnanda#}, {#jagadISIya#}, {#jagadvallaBa#}, {#jagannATatarkapaYcAnana#}, {#˚nnATamAhAtmya#
jalaruhekzaRA	17513	7-343-a	absent	N	Y	N	{#jalaruhekzaRA#}¦ 4.
jalodanapaYcaka	3234	2-301-b	absent	N	Y	N	{{Lbody=3234}}
jalodanapaYcaka	17520	7-343-a	absent	N	Y	N	{#jalodanapaYcaka#}¦ 2.
jalpAkay	17521	7-343-a	absent	N	Y	N	{#jalpAkay#}¦, {#˚yati#} {%geschwätzig machen%} [Page7-343-b] PĀDĀRAVINDAŚ. 1.
jamBam	17484	7-343-a	absent	N	Y	N	{#*jamBam#}¦ Absol. KĀŚ. zu P. 7,1,61.
jamBi	17487	7-343-a	absent	Y	Y	N	{#*jamBi#}¦ MAHĀVY. 189,25 wohl nur fehlerhaft für {#jamBa#}.
jambUsvAmi	7275	5-254-c	absent	N	Y	N	{#jambUsvAmi#}¦ (sic) m. N. pr. eines Kevalin VARDHAMĀNAC. 1,41.
jambUsvAmi	17482	7-343-a	absent	N	Y	N	{#jambUsvAmi#}¦ 5.
janamahiza	22388	7-387-d	absent	N	Y	N	{#janamahiza#}¦ m. {%ein gewöhnlicher Stier%} CAṆḌĪŚ. 79.
janapadakalyARa	17458	7-342-d	absent	Y	Y	N	{#*janapadakalyARa#}¦ n. Titel einer Erzählung MAHĀVY. 245,1222.
janasaMmarda	22389	7-387-d	absent	N	Y	N	{#janasaMmarda#}¦ m. {%Menschengedränge%} MĀLATĪM. (ed. Bomb.) 354,9.
janimant	4691	3-262-b	absent	N	Y	Y	{#janimant#}¦ m. {%Geschöpf, Mensch%} MAHĀVĪRAC. 132,19.
janimant	17465	7-342-d	absent	N	Y	Y	{#janimant#}¦ II. 3.
janmaBUmI	5655	4-299-b	absent	N	Y	N	{#˚janmaBUmI#}¦ Adv. mit {#BU#} {%zum Geburtsland von — werden%} KĀD. 171,25 (294,8).
janmaBUmI	17476	7-342-d	absent	N	Y	N	{{Lbody=17476}}
janmagaha	17470	7-342-d	absent	N	Y	N	{#janmagaha#} und {#janmacintAmaRi#}¦ umzustellen.
janmatapovidyAcAravarRASramavant	7271	5-254-c	absent	N	Y	N	{#janmatapovidyAcAravarRASramavant#}¦ Adj. {%durch Geburt, Askese, Wissenschaft, Sitte, Kaste und Lebensstadium hervorra
janmatapovidyAcAravarRASramavant	17472	7-342-d	absent	N	Y	N	{#janmatapovidyAcAravarRASramavant#}¦ 5.
janmavarzAdiPala	3234	2-301-b	absent	N	Y	N	{#janmavarzAdiPala#} n., {#jayantInirRaya#} m., {#jayantIvratakalpa#} m., {#jayarAmIya#} n., {#jalodanapaYcaka#} n., {#j
janmavarzAdiPala	17477	7-342-d	absent	N	Y	N	{#janmavarzAdiPala#}¦ 2.
javanaprajYa	17523	7-343-b	absent	Y	Y	N	{#*javanaprajYa#}¦ Adj. {%schnell begreifend%} MAHĀVY. 48,29.
jawAdarpaRa	3230	2-301-b	absent	N	Y	N	{{Lbody=3230}}
jawAdarpaRa	17442	7-342-c	absent	N	Y	N	{#jawAdarpaRa#} und {#˚mUla#}¦ 2.
jawAdarpaRamUla	3230	2-301-b	absent	N	Y	N	{{Lbody=3230}}
jawAdarpaRamUla	17442	7-342-c	absent	N	Y	N	{{Lbody=17442}}
jawAmaRi	3230	2-301-b	absent	N	Y	N	{{Lbody=3230}}
jawAmaRi	17444	7-342-c	absent	N	Y	N	{#jawAmaRi#} und {#˚SikzA#}¦ 2.
jawAmaRiSikzA	3230	2-301-b	absent	N	Y	N	{{Lbody=3230}}
jawAmaRiSikzA	17444	7-342-c	absent	N	Y	N	{{Lbody=17444}}
jawAmaha	17445	7-342-c	absent	Y	Y	N	{#*jawAmaha#}¦ m. {%ein best. Fest%} MAHĀVY. 229.
jawApura	17443	7-342-c	absent	N	Y	N	{#jawApura#}¦ n. N. pr. einer {%Stadt%} R. ed. Bomb. 4,42,13.
jawAsidDAntacandrikA	3232	2-301-b	absent	N	Y	N	{#jawAsidDAntacandrikA#} f. und {#jawiSilAmAhAtmya#} n.¦ Titel zweier Werke ebend.
jawAsidDAntacandrikA	17447	7-342-c	absent	N	Y	N	{#jawAsidDAntacandrikA#}¦ 2.
jawiSilAmAhAtmya	3232	2-301-b	absent	N	Y	N	{{Lbody=3232}}
jawiSilAmAhAtmya	17449	7-342-c	absent	N	Y	N	{#jawiSilAmAhAtmya#}¦ 2.
jawilay	5650	4-299-b	absent	N	Y	Y	{#jawilay#}¦ auch {%erfüllen mit%} (Instr.) BHĀM. V. 4,5.
jawilay	17448	7-342-c	absent	N	Y	Y	{#jawilay#}¦ II. 4.
jayaccandra	17488	7-343-a	absent	N	Y	N	{{Lbody=17488}}
jayantInirRaya	3234	2-301-b	absent	N	Y	N	{{Lbody=3234}}
jayantInirRaya	17490	7-343-a	absent	N	Y	N	{{Lbody=17490}}
jayantIvratakalpa	3234	2-301-b	absent	N	Y	N	{{Lbody=3234}}
jayantIvratakalpa	17490	7-343-a	absent	N	Y	N	{{Lbody=17490}}
jayapUrva	5656	4-299-b	absent	N	Y	N	{#jayapUrva#}¦ Adj. HARIV. 5429 fehlerhaft für {#jalapUrRa#}.
jayapUrva	17491	7-343-a	absent	N	Y	N	{#jayapUrva#}¦ 4.
jayarAmIya	3234	2-301-b	absent	N	Y	N	{{Lbody=3234}}
jayarAmIya	17494	7-343-a	absent	N	Y	N	{#jayarAmIya#}¦ 2.
jayavant	7278	5-254-c	absent	N	Y	Y	{#jayavant#}¦ Adj. {%der gesiegt hat%} HEM. PAR. 1,317.
jayavant	17495	7-343-a	absent	N	Y	Y	{#jayavant#}¦ 5.
jigivaMs	17559	7-343-c	absent	N	Y	N	{{Lbody=17559}}
jihIrizu	8933	6-301-b	absent	N	Y	N	{#jihIrizu#}¦ Adj. metrisch für {#jihIrzu#} {%zu rauben verlangend%} SUPARṆ. 20,2.
jihIrizu	17567	7-343-c	absent	N	Y	N	{#jihIrizu#}¦ 6.
jihvAniScAraka	17569	7-343-c	absent	Y	Y	N	{#*jihvAniScAraka˚#}¦ Adv. {%mit Ausstreckung der Zunge%} MAHĀVY. 263,58.
jihvAsPowakam	17570	7-343-c	absent	Y	Y	N	{#*jihvAsPowakam#}¦ Adv. {%mit der Zunge schnalzend%} MAHĀVY. 263,63.
jijYAsTi	17562	7-343-c	absent	N	Y	Y	{#*jijYAsTi#} GAṆAP. 194,32 und {#siYjAsTa#} 33¦ n. nach LEUMANN fehlerhaft für {#miYjAsTi#} oder {#˚sTa#} {%Knochenmark
jozwrI	4714	3-262-b	absent	N	Y	N	{{Lbody=4714}}
jozwrI	17605	7-343-d	absent	N	Y	N	{{Lbody=17605}}
jozwra	4714	3-262-b	absent	N	Y	N	{#jozwra#} n. und {#jozwrI#} (zu {#jYozwar#}) f.¦ in Formeln, je nachdem das vorangehende Substantiv dieses oder jenes G
jozwra	17605	7-343-d	absent	N	Y	N	{#jozwra#} und {#jozwrI#}¦ II. 3.
juka	7297	5-254-c	absent	N	Y	N	{#juka#}¦ m. ζυγόν, {%die Wage im Thierkreise%} M. MÜLLER Ren. 326. Richtig {#jUka#}, vgl. Ind. St. 2,259.
juka	17593	7-343-d	absent	N	Y	N	{#juka#} und {#jugupsanIya#}¦ 5.
jumbakA	17596	7-343-d	absent	N	Y	N	{#jumbakA#}¦ f. Bez. einer Gāyatrī HĀRĪTA im Comm. zu VS. 25,9 und HEMĀDRI 3,a,903,4.
juzARavant	4711	3-262-b	absent	N	Y	N	{#juzARavant#}¦ Adj. {%das Wort%} {#juzARa#} {%enthaltend%} Comm. zu ĀPAST. ŚR. 6,31,12.
juzARavant	17597	7-343-d	absent	N	Y	N	{#juzARavant#} und {#jUtima/nt#}¦ 3.
jvalanolka	17647	7-344-b	absent	Y	Y	N	{#*jvalanolka#}¦ m. {%ein best.%} Samādhi MAHĀVY. 21,94.
jyot	7311	5-255-a	absent	N	Y	N	{#jyot#}¦ mit {#kar#} Simpl. und Caus. {%Abschied nehmen, Lebewohl sagen%} Comm. zu HARṢAC. (1936) 354,5. 357,14.
jyot	17636	7-344-b	absent	N	Y	N	{#jyot#}¦ 5. Vgl. SUBHĀṢITĀV. 2410. fg. und PETERSON zu dieser Stelle.
jyot	22397	7-387-d	absent	N	Y	N	{#jyot#}¦ 5. 7. SUBHĀṢITĀV. 2410. fg.
jyotirjyotizparAyaRa	17638	7-344-b	absent	Y	Y	N	{#*jyotirjyotizparAyaRa#}¦ Adj. MAHĀVY. 147,4.
jyotistamaHparAyaRa	17643	7-344-b	absent	Y	Y	N	{#*jyotistamaHparAyaRa#}¦ Adj. MAHĀVY. 147,3.
jyotizmati	17642	7-344-b	absent	Y	Y	N	{#*jyotizmati#}¦ (!) m. N. pr. eines Bodhisattva MAHĀVY. 23,54.
jyotizpaTa	4721	3-262-c	absent	N	Y	N	{#jyotizpaTa#}¦ m. v. l. für {#dyotizpaTa#}.
jyotizpaTa	17640	7-344-b	absent	N	Y	N	{#jyotizpaTa#}¦ 3.
jyotizpraBaratna	17641	7-344-b	absent	Y	Y	N	{#*jyotizpraBaratna#}¦ ({#˚praBA˚#} gedr.) n. {%ein best. Edelstein%} MAHĀVY. 235,21.
jyotkArita	22396	7-387-d	absent	N	Y	N	{#jyotkArita#}¦ n. ebend. 109. Vgl.
kANguzWa	7030	5-252-a	absent	N	Y	N	{#*kANguzWa#}¦ ZACH. Beitr.
kANguzWa	15938	7-331-b	absent	N	Y	N	{#kANguzWa#}¦ 5.
kARAdasaMgraha	2976	2-297-c	absent	N	Y	N	{#kARAdasaMgraha#}¦ m. Titel eines Werkes OPP. Cat. 1.
kARAdasaMgraha	15950	7-331-b	absent	N	Y	N	{#kARAdasaMgraha#}, {#kARuBawwa#} u. {#˚BawwIya#}¦ 2.
kARay	2975	2-297-c	absent	N	Y	N	{#kARay#}¦, {#˚yati#} {%ausstechen%} (ein Auge) HEM. PAR. 3,38.
kARay	15948	7-331-b	absent	N	Y	N	{#kARay#}¦ 2.
kARqalavaRa	7033	5-252-a	absent	N	Y	N	{#kARqalavaRa#}¦ n. {%eine Art Salz%} SUŚR. 2,36,16.
kARqalavaRa	15954	7-331-b	absent	N	Y	N	{#kARqalavaRa#}¦ 5.
kARqarika	15953	7-331-b	absent	Y	Y	N	{#*kARqarika#}¦ Adj. MAHĀVY. 271,28.
kARuBawwIya	15950	7-331-b	absent	N	Y	N	{{Lbody=15950}}
kARuBawwa	2977	2-298-a	absent	N	Y	N	{#kARuBawwa#}¦ m. N. pr. eines Autors. {#˚BawwIya#} n. Titel seines Werkes OPP. Cat. 1.
kARuBawwa	15950	7-331-b	absent	N	Y	N	{{Lbody=15950}}
kARvopanizad	2979	2-298-a	absent	N	Y	N	{#kARvopanizad#} f., {#kAtyAyanagfhya#} n. und {#kAtyAyanopanizad#} f.¦ Titel von Werken OPP. Cat. 1.
kARvopanizad	15958	7-331-b	absent	N	Y	N	{#kARvopanizad#}, {#kAtyAyanagfhya#} und {#kAtyAyanopanizad#}¦ 2.
kASIDarmasaBA	3010	2-298-b	absent	N	Y	N	{{Lbody=3010}}
kASIDarmasaBA	16083	7-332-b	absent	N	Y	N	{{Lbody=16083}}
kASIdAsaprahasana	3010	2-298-b	absent	N	Y	N	{{Lbody=3010}}
kASIdAsaprahasana	16083	7-332-b	absent	N	Y	N	{{Lbody=16083}}
kASIkArikA	3010	2-298-b	absent	N	Y	N	{#kASIkArikA#} f., {#kASIdAsaprahasana#} n., {#kASIDarmasaBA#} f., {#kASyapasaMhitA#} f. und {#kASyapasUtra#} n.¦ Titel 
kASIkArikA	16083	7-332-b	absent	N	Y	N	{{Lbody=16083}}
kASyapasUtra	3010	2-298-b	absent	N	Y	N	{{Lbody=3010}}
kASyapasUtra	16086	7-332-b	absent	N	Y	N	{{Lbody=16086}}
kASyapasaMhitA	3010	2-298-b	absent	N	Y	N	{{Lbody=3010}}
kASyapasaMhitA	16086	7-332-b	absent	N	Y	N	{{Lbody=16086}}
kAYcanamAlin	8794	6-300-a	absent	N	Y	N	{#kAYcanamAlin#}¦ Adj. {%einen goldenen Kranz tragend%} MBH. 2,52,27.
kAYcanamAlin	15947	7-331-b	absent	N	Y	N	{#kAYcanamAlin#} u. {#kAYcanazWIvin#}¦ 6.
kAYcanazWIvin	8795	6-300-a	absent	N	Y	N	{#kAYcanazWIvin#}¦ m. N. pr. eines Sohnes des Sṛñjaya MBH. 12,30,1. Vgl. {#suvarRazWIvin#}.
kAYcanazWIvin	15947	7-331-b	absent	N	Y	N	{{Lbody=15947}}
kAcakAcya	15940	7-331-b	absent	N	Y	N	{#kAcakAcya#}¦ ? SAHṚDAYALĪLĀ 1,7.
kAcapawala	15941	7-331-b	absent	Y	Y	N	{#*kAcapawala#}¦ n. {%eine best. Augenkrankheit%} MAHĀVY. 284,68.
kAdalI	5530	4-297-c	absent	N	Y	N	{#kAdalI#}¦ f. {%das Fell der%} {#kadalI#} {%genannten Antilopenart%} R. ed. Bomb. 3,43,36.
kAdalI	15959	7-331-b	absent	N	Y	N	{#kAdalI#}¦ 4.
kAjava	4421	3-259-b	absent	N	Y	N	{#kAjava/#}¦ (?) MAITR. S. 2,1,4.
kAjava	15945	7-331-b	absent	N	Y	N	{#kAjava/#}¦ 3.
kAkanIla	7029	5-251-c	absent	N	Y	N	{#*kAkanIla#}¦ {%ein best. Baum%} ZACH. Beitr.
kAkanIla	15933	7-331-a	absent	N	Y	N	{#kAkanIla#}¦ II. 5.
kAlADipara	3003	2-298-a	absent	N	Y	N	{#kAlADipara#}¦ m. desgl. HĀLA 68.
kAlADipara	16066	7-332-a	absent	N	Y	N	{#kAlADipara#} und {#kAlAmfta#}¦ 2.
kAlAmfta	3004	2-298-a	absent	N	Y	N	{#kAlAmfta#} n. und {#kAlikulAmfta#} n.¦ Titel zweier [Page2-298-b] Werke OPP. Cat. 1.
kAlAmfta	16066	7-332-a	absent	N	Y	N	{{Lbody=16066}}
kAlAtikrAnta	16064	7-332-a	absent	Y	Y	N	{#*kAlAtikrAnta#}¦ n. = {#kAlAtikramaRa#} MAHĀVY. 281,5.
kAlAtivAhana	7046	5-252-a	absent	N	Y	N	{#kAlAtivAhana#}¦ n. {%das Hinbringen der Zeit%} DEVĪBHĀG. 3,12,20. 21.
kAlAtivAhana	16065	7-332-a	absent	N	Y	N	{#kAlAtivAhana#}¦ 5.
kAlabanDana	4438	3-259-c	absent	N	Y	N	{#kAlabanDana#}¦ Adj. {%an die Zeit gebunden, von der Zeit abhängig%} MBH. 3,35,2.
kAlabanDana	16048	7-332-a	absent	N	Y	N	{#kAlabanDana#}¦ 3.
kAladIpikA	2997	2-298-a	absent	N	Y	N	{#kAladIpikA#} f., {#kAlanirRayaSikzA#} f., {#kAlanemipurARa#} n. und {#kAlaprakASikA#}¦ Titel von Werken OPP. Cat. 1.
kAladIpikA	16041	7-332-a	absent	N	Y	N	{#kAladIpikA#} und {#kAlanirRayaSikzA#}¦ 2.
kAlahAni	8810	6-300-a	absent	N	Y	N	{#kAlahAni#}¦ f. {%Zeitverlust%}.
kAlahAni	16063	7-332-a	absent	N	Y	N	{#kAlahAni#}¦ 6.
kAlahariRa	16062	7-332-a	absent	N	Y	N	{#kAlahariRa#}¦ m. {%die Gazelle Zeit%} RUDRAṬA, ŚṚṄGĀRAT. 1,43.
kAlanirmARayoDin	4434	3-259-b	absent	N	Y	N	{#kAlanirmARayoDin#}¦ Adj. HARIV. 4211 nach NĪLAK. = {#samayAnusAriyudDakuSala#}.
kAlanirmARayoDin	16042	7-332-a	absent	N	Y	N	{#kAlanirmARayoDin#}¦ 3.
kAlaparyAyaDarman	4437	3-259-b	absent	N	Y	N	{#kAlaparyAyaDarman#}¦ m. = {#kAlaDarman#} MBH. 3,277,36.
kAlaparyAyaDarman	16045	7-332-a	absent	N	Y	N	{#kAlaparyAyaDarman#}¦ 3.
kAlapfzwa	16046	7-332-a	absent	N	Y	N	{#kAlapfzwa#}¦ ({#˚zWa#} die anderen Ausgg.) m. N. pr. eines Schlangendämons MBH. 8,34,29.
kAlasamApAdanIya	5537	4-297-c	absent	N	Y	N	{#kAlasamApAdanIya#}¦ Adj. {%zur Ausfüllung der Zeit dienend%} ĀPAST. ŚR. 9,7,3. 4.
kAlasamApAdanIya	16059	7-332-a	absent	N	Y	N	{#kAlasamApAdanIya#}¦ 4.
kAlasaptatikA	16058	7-332-a	absent	N	Y	N	{#kAlasaptatikA#}¦ f. Titel eines Werkes Festgr. 55.
kAlavaYcana	7045	5-252-a	absent	N	Y	N	{#kAlavaYcana#}¦ n. {%Zeitgewinnung%}.
kAlavaYcana	16053	7-332-a	absent	N	Y	N	{#kAlavaYcana#}¦ 5.
kAlaviDAnapadDati	2999	2-298-a	absent	N	Y	N	{#kAlaviDAnapadDati#}¦ f. Titel eines Werkes OPP. Cat. 1.
kAlaviDAnapadDati	16055	7-332-a	absent	N	Y	N	{#kAlaviDAnapadDati#}¦ 2.
kAlavin	8809	6-300-a	absent	N	Y	N	{#kAlavin#}¦ n. Pl. {%eine best. Schule%} Comm. zu ĀPAST. ŚR. 14,23,14. Richtig {#kAlabavin#}.
kAlavin	16056	7-332-a	absent	N	Y	N	{#kAlavin#}¦ 6.
kAlayApanA	5535	4-297-c	absent	N	Y	N	{#kAlayApanA#}¦ f. = {#˚yApana#} Spr. 4397.
kAlayApanA	16050	7-332-a	absent	N	Y	N	{#kAlayApanA#}¦ 4.
kAlecaryA	5538	4-297-c	absent	N	Y	N	{#kAlecaryA#}¦ f. {%eine der Zeit entsprechende Beschäftigung%} ĀPAST. 1,31,21.
kAlecaryA	16071	7-332-a	absent	N	Y	N	{#kAlecaryA#}¦ 4.
kAliSaMkara	3007	2-298-b	absent	N	Y	N	{#kAliSaMkara#}¦ m. N. pr. eines Autors OPP. Cat. 1. {#˚rIya#} n. Titel seines Werkes ebend.
kAliSaMkara	16070	7-332-a	absent	N	Y	N	{#kAliSaMkara#}¦ 2.
kAlidAsacandrikA	3006	2-298-b	absent	N	Y	N	{#kAlidAsacandrikA#} f. und {#kAlidAsapaYcASat#} f.¦ Titel zweier Werke OPP. Cat. 1.
kAlidAsacandrikA	16068	7-332-a	absent	N	Y	N	{{Lbody=16068}}
kAlidAsapaYcASat	3006	2-298-b	absent	N	Y	N	{{Lbody=3006}}
kAlidAsapaYcASat	16068	7-332-a	absent	N	Y	N	{{Lbody=16068}}
kAlikulAmfta	3004	2-298-a	absent	N	Y	N	{{Lbody=3004}}
kAlikulAmfta	16068	7-332-a	absent	N	Y	N	{#kAlikulAmfta#}, {#kAlita#}, {#kAlidAsacandrikA#} und {#˚dAsapaYcASat#}¦ 2.
kAlita	3005	2-298-b	absent	N	Y	N	{#kAlita#}¦ m. N. pr. eines Prākrit-Dichters HĀLA 63.
kAlita	16068	7-332-a	absent	N	Y	N	{{Lbody=16068}}
kAlopa	4441	3-259-c	absent	N	Y	Y	{#kAlopa#}¦ m. Pl. {%eine best. Schule%} Ind. St. 3,273.
kAlopa	16072	7-332-a	absent	N	Y	Y	{#kAlopa#}¦ 3.
kAloraga	7047	5-252-a	absent	N	Y	N	{#kAloraga#}¦ m. {%eine schwarze Schlange%} VĀSAV. 191,2.
kAloraga	16073	7-332-a	absent	N	Y	N	{#kAloraga#}¦ 5.
kAmAkzIstava	2986	2-298-a	absent	N	Y	N	{#kAmAkzIstava#} m. und {#kAmAsikAzwaka#} n.¦ Titel zweier Werke OPP. Cat. 1.
kAmAkzIstava	15986	7-331-c	absent	N	Y	N	{#kAmAkzIstava#} u. {#kAmAsikAzwaka#}¦ 2.
kAmAsikAzwaka	2986	2-298-a	absent	N	Y	N	{{Lbody=2986}}
kAmAsikAzwaka	15986	7-331-c	absent	N	Y	N	{{Lbody=15986}}
kAmadogDrI	2984	2-298-a	absent	N	Y	N	{{Lbody=2984}}
kAmadogDrI	15976	7-331-b	absent	N	Y	N	{#kAmadogDrI#}¦ 2.
kAmakalAsUtra	2984	2-298-a	absent	N	Y	N	{#kAmakalAsUtra#} n. und {#kAmadogDrI#} f.¦ Titel zweier Werke OPP. Cat. 1.
kAmakalAsUtra	15974	7-331-b	absent	N	Y	N	{#kAmakalAsUtra#}¦ 2.
kAmamiTyAcAra	15980	7-331-c	absent	Y	Y	N	{#*kAmamiTyAcAra#}¦ m. {%verkehrter Wandel in Betreff sinnlicher Neigungen, das Fröhnen verbotenen sinnlichen N.%} MAHĀV
kAmasaMdoha	8801	6-300-a	absent	N	Y	N	{#kAmasaMdoha#}¦ Adj. {%wo Einem alle Wünsche gewährt werden%} BHĀG. P. 4,21,22.
kAmasaMdoha	15984	7-331-c	absent	N	Y	N	{#kAmasaMdoha#}¦ 6.
kAmasamfdDa	2985	2-298-a	absent	N	Y	N	{#kAmasamfdDa#}¦ m. N. pr. eines Kaufmanns HEM. PAR. 1,425.
kAmasamfdDa	15985	7-331-c	absent	N	Y	N	{#kAmasamfdDa#}¦ 2.
kAmyayAjyA	4430	3-259-b	absent	N	Y	N	{#kAmyayAjyA#}¦ f. {%ein bei der%} {#kAmyezwi#} {%gesprochener Spruch%} Comm. zu TS. 1,1062,1.
kAmyayAjyA	15988	7-331-c	absent	N	Y	N	{#kAmyayAjyA#}¦ 3.
kAnanIy	5531	4-297-c	absent	N	Y	N	{#kAnanIy#}¦, {#˚yati#} {%wie ein Wald erscheinen%} BHĀM. V. 2,66.
kAnanIy	15962	7-331-b	absent	N	Y	N	{#kAnanIy#}¦ 4.
kAnanadvIpa	2980	2-298-a	absent	N	Y	N	{#kAnanadvIpa#}¦ m. N. pr. einer Inselstadt ŚĪLĀṄKA 1,379.
kAnanadvIpa	15961	7-331-b	absent	N	Y	N	{#kAnanadvIpa#}¦ 2.
kAntAlIya	2982	2-298-a	absent	N	Y	N	{#kAntAlIya#} n., {#˚KaRqana#} n. und {#˚KaRqanamaRqana#} n.¦ Titel von Werken OPP. Cat. 1.
kAntAlIya	15967	7-331-b	absent	N	Y	N	{#kAntAlIya#}, {#˚KaRqana#} und {#˚KaRqanamaRqana#}¦ 2.
kAntAlIyaKaRqana	2982	2-298-a	absent	N	Y	N	{{Lbody=2982}}
kAntAlIyaKaRqana	15967	7-331-b	absent	N	Y	N	{{Lbody=15967}}
kAntAlIyaKaRqanamaRqana	2982	2-298-a	absent	N	Y	N	{{Lbody=2982}}
kAntAlIyaKaRqanamaRqana	15967	7-331-b	absent	N	Y	N	{{Lbody=15967}}
kAntAramaRqUka	4424	3-259-b	absent	N	Y	N	{#kAntAramaRqUka#}¦ m. {%Waldfrosch%} MAHĀVĪRAC. 79,22.
kAntAramaRqUka	15965	7-331-b	absent	N	Y	N	{#kAntAramaRqUka#}¦ 3.
kAntAy	8797	6-300-a	absent	N	Y	Y	{#kAntAy#}¦ auch {%dem Geliebten gleichen%}.
kAntAy	15964	7-331-b	absent	N	Y	Y	{#kAntAy#}¦ II. 6.
kAntIkaraRa	4425	3-259-b	absent	N	Y	N	{#kAntIkaraRa#}¦ n. {%das Schönmachen%} DHĀTUP. 32,97.
kAntIkaraRa	15969	7-331-b	absent	N	Y	N	{#kAntIkaraRa#}¦ 3.
kAntisuDAmaya	8799	6-300-a	absent	N	Y	N	{#kAntisuDAmaya#}¦ Adj. (f. {#I#}) {%aus Liebreiznektar gebildet%} (eine Schöne) KATHĀS. 51,154.
kAntisuDAmaya	15968	7-331-b	absent	N	Y	N	{#kAntisuDAmaya#}¦ 6.
kAnvaSira	2983	2-298-a	absent	N	Y	N	{#kAnvaSira#}¦ m. Pl. N. pr. eines Volkes MBH. 13,35,17. {#konva˚#} v. l.
kAnvaSira	15970	7-331-b	absent	N	Y	N	{#kAnvaSira#}¦ 2.
kArADuni	22328	7-387-b	absent	N	Y	N	{#kA/rADuni#}¦ II. Vgl. PISCHEL, Vedische Studien 59. fg.
kArAdDotriyA	16010	7-331-d	absent	N	Y	N	{#kArAdDotriyA#}¦ f. Pl. ŚĀṄKH. ŚR. 9,20,12. Bez. {%der Verse%} ṚV. 1,120,1. fgg.
kArAkAra	16008	7-331-c	absent	Y	Y	N	{#*kArAkAra#}¦ m. {%ein best.%} Samādhi [Page7-331-d] MAHĀVY. 21,53.
kArRAwa	16018	7-331-d	absent	N	Y	Y	{#kArRAwa#}¦ II. f. {#I#} Z. d. d. m. G. 41,493.
kAraRyakAraka	16002	7-331-c	absent	Y	Y	N	{#*kAraRyakAraka#}¦ m. MAHĀVY. 186,167 wohl fehlerhaft für {#kAraRAkAraka#} {%Marterer, Henker%}.
kArakArTanyAya	2988	2-298-a	absent	N	Y	N	{{Lbody=2988}}
kArakArTanyAya	16000	7-331-c	absent	N	Y	N	{{Lbody=16000}}
kArakavAdArTa	2988	2-298-a	absent	N	Y	N	{#kArakavAdArTa#} m. und {#kArakArTanyAya#} m.¦ Titel zweier Werke OPP. Cat. 1.
kArakavAdArTa	16000	7-331-c	absent	N	Y	N	{#kArakavAdArTa#} und {#kArakArTanyAya#}¦ 2.
kAravAlika	16006	7-331-c	absent	Y	Y	N	{#*kAravAlika#}¦ m. (fürstlicher) {%Schwertträger%} MAHĀVY. 186,59.
kArayitar	2989	2-298-a	absent	N	Y	Y	{#kArayitar#}¦ Z. 2 lies {#˚yitftva#}.
kArayitar	16005	7-331-c	absent	N	Y	Y	{#kArayitar#}¦ II. 2.
kArikAdarpaRa	2990	2-298-a	absent	N	Y	N	{#kArikAdarpaRa#} m., {#kArikAratna#} n., {#kArikAvali#} f., {#kArikAvyAKyA#} f., {#kArtavIryArjunakavaca#} n. und {#˚vI
kArikAdarpaRa	16012	7-331-d	absent	N	Y	N	{{Lbody=16012}}
kArikAratna	2990	2-298-a	absent	N	Y	N	{{Lbody=2990}}
kArikAratna	16012	7-331-d	absent	N	Y	N	{{Lbody=16012}}
kArikAvali	2990	2-298-a	absent	N	Y	N	{{Lbody=2990}}
kArikAvali	16012	7-331-d	absent	N	Y	N	{{Lbody=16012}}
kArikAvyAKyA	2990	2-298-a	absent	N	Y	N	{{Lbody=2990}}
kArikAvyAKyA	16012	7-331-d	absent	N	Y	N	{{Lbody=16012}}
kAritra	16013	7-331-d	absent	Y	Y	N	{#*kAritra#}¦ n. = {#cezwita#} MAHĀVY. 245. 844. Vgl. {#cAritra#}.
kArmanAmika	5532	4-297-c	absent	N	Y	N	{#kArmanAmika#}¦ Adj. {%in Bezug stehend zu einem nach der Thätigkeit sich richtenden Namen%} NIR. 1,13.
kArmanAmika	16023	7-331-d	absent	N	Y	N	{#kArmanAmika#}¦ 4.
kArmuta	2991	2-298-a	absent	N	Y	N	{{Lbody=2991}}
kArmuta	16026	7-331-d	absent	N	Y	N	{#kArmuta#}¦ 2.
kArtasvaramaya	7041	5-252-a	absent	N	Y	N	{#kArtasvaramaya#}¦ Adj. {%golden%} und {%kläglich tönend%} VĀSAV. 144,4.
kArtasvaramaya	16020	7-331-d	absent	N	Y	N	{#kArtasvaramaya#}¦ 5.
kArtavIryArjuna	16019	7-331-d	absent	N	Y	N	{#kArtavIryArjuna#}, {#˚kavaca#} und {#˚dIpArADanaviDi#}¦ 2.
kArtavIryArjunadIpArADanaviDi	2990	2-298-a	absent	N	Y	N	{{Lbody=2990}}
kArtavIryArjunadIpArADanaviDi	16019	7-331-d	absent	N	Y	N	{{Lbody=16019}}
kArtavIryArjunakavaca	2990	2-298-a	absent	N	Y	N	{{Lbody=2990}}
kArtavIryArjunakavaca	16019	7-331-d	absent	N	Y	N	{{Lbody=16019}}
kArttikAtyayika	16021	7-331-d	absent	Y	Y	N	{#*kArttikAtyayika#}¦ n. {%das Vergehen eines Mönchs, wenn er ein Extrakleid länger aufbewahrt als bis zum%} Kārttika-{%
kAtyAyanagfhya	2979	2-298-a	absent	N	Y	N	{{Lbody=2979}}
kAtyAyanagfhya	15958	7-331-b	absent	N	Y	N	{{Lbody=15958}}
kAtyAyanopanizad	2979	2-298-a	absent	N	Y	N	{{Lbody=2979}}
kAtyAyanopanizad	15958	7-331-b	absent	N	Y	N	{{Lbody=15958}}
kAvAcikA	16075	7-332-a	absent	Y	Y	N	{#*kAvAcikA#}¦ f. MAHĀVY. 238, v. l.
kAverImAhAtmya	3008	2-298-b	absent	N	Y	N	{#kAverImAhAtmya#} n., {#kAvyakOmudI#} f., {#kAvyadarpaRa#} m., {#kAvyadIpikA#} f., {#kAvyapaYcaka#} n., {#kAvyaprakASik
kAverImAhAtmya	16076	7-332-a	absent	N	Y	N	{#kAverImAhAtmya#} u. {#kAvyakOmudI#}¦ 2.
kAvyAdarSikA	3008	2-298-b	absent	N	Y	N	{{Lbody=3008}}
kAvyAdarSikA	16081	7-332-b	absent	N	Y	N	{{Lbody=16081}}
kAvyAlaMkArakAmaDenu	3008	2-298-b	absent	N	Y	N	{{Lbody=3008}}
kAvyAlaMkArakAmaDenu	16081	7-332-b	absent	N	Y	N	{{Lbody=16081}}
kAvyadIpikA	3008	2-298-b	absent	N	Y	N	{{Lbody=3008}}
kAvyadIpikA	16078	7-332-b	absent	N	Y	N	{{Lbody=16078}}
kAvyadarpaRa	3008	2-298-b	absent	N	Y	N	{{Lbody=3008}}
kAvyadarpaRa	16078	7-332-b	absent	N	Y	N	{#kAvyadarpaRa#}, {#kAvyadIpikA#}, {#kAvyapaYcaka#} und {#kAvyaprakASikA#}¦ 2.
kAvyajIvajYa	7048	5-252-a	absent	N	Y	N	{#kAvyajIvajYa#}¦ = {#SukragurubuDa#} und {#kAvyasyASayajYaH#} VĀSAV. 114,1.
kAvyajIvajYa	16077	7-332-a	absent	N	Y	N	{#kAvyajIvajYa#}¦ II. 5.
kAvyakOmudI	3008	2-298-b	absent	N	Y	N	{{Lbody=3008}}
kAvyakOmudI	16076	7-332-a	absent	N	Y	N	{{Lbody=16076}}
kAvyamaya	16080	7-332-b	absent	N	Y	N	{#kAvyamaya#}¦ Adj. {%aus einem Gedicht bestehend%} RUDRAṬA, ŚṚṄGĀRAT. 1,2.
kAvyapaYcaka	3008	2-298-b	absent	N	Y	N	{{Lbody=3008}}
kAvyapaYcaka	16078	7-332-b	absent	N	Y	N	{{Lbody=16078}}
kAvyaprakASikA	3008	2-298-b	absent	N	Y	N	{{Lbody=3008}}
kAvyaprakASikA	16078	7-332-b	absent	N	Y	N	{{Lbody=16078}}
kAyaSirogrIva	4432	3-259-b	absent	N	Y	N	{#kAyaSirogrIva#}¦ n. Sg. {%Körper, Kopf und Hals%} BHAG. 6,13.
kAyaSirogrIva	15996	7-331-c	absent	N	Y	N	{#kAyaSirogrIva#}¦ 3.
kAyacintA	2987	2-298-a	absent	N	Y	N	{#kAyacintA#}¦ f. {%Nothdurft des Leibes%} HEM. PAR. 2,506.
kAyacintA	15993	7-331-c	absent	N	Y	N	{#kAyacintA#}¦ 2.
kAyakalisaMpramaTana	15992	7-331-c	absent	Y	Y	N	{#*kAyakalisaMpramaTana#}¦ m. {%ein best.%} Samādhi MAHĀVY. 21,116.
kAyanibanDana	15994	7-331-c	absent	N	Y	N	{#kAyanibanDana#}¦ n. = {#yogapawwa#} CARAKA 361,18. Vgl. {#kAyabanDana#}.
kAyasaMsTiti	7036	5-252-a	absent	N	Y	N	{#kAyasaMsTiti#}¦ f. = {#kAyasTiti#} BHADRAB. 3,91.
kAyasaMsTiti	15997	7-331-c	absent	N	Y	N	{#kAyasaMsTiti#}, {#kAyasTiti#} und {#kAyoQaja#}¦ 5.
kAzWAlukalatA	16091	7-332-b	absent	N	Y	N	{{Lbody=16091}}
kAzWahAraka	16090	7-332-b	absent	Y	Y	N	{#*kAzWahAraka#}¦ m. {%Holzträger%} MAHĀVY. 186,106.
kAzWamusuka	22333	7-387-b	absent	N	Y	N	{#kAzWamusuka#}¦ m. {%ein best. Vogel%} PADDH. zu KAUŚ. 26,18.
kAzWavAhaka	7050	5-252-a	absent	N	Y	N	{#kAzWavAhaka#}¦ m. {%Holzträger%} CAMPAKA 132.
kAzWavAhaka	16089	7-332-b	absent	N	Y	N	{#kAzWavAhaka#} und {#kAzWaSAlika#}¦ 5.
kElAs	8840	6-300-b	absent	N	Y	N	{#kElAs#}¦, {#˚sati#} {%zum Berge%} Kailāsa {%werden%} SUBHĀṢITĀV. 2614.
kElAs	16422	7-334-c	absent	N	Y	N	{#kElAs#}¦ 6.
kEravakorakIy	3088	2-299-b	absent	N	Y	N	{#kEravakorakIy#}¦, {#˚yati#} {%einer Lotusknospe gleichen%} Z. d. d. m. G. 27,61.
kEravakorakIy	16419	7-334-c	absent	N	Y	N	{#kEravakorakIy#}¦ 2.
kEvalyadarSin	16425	7-334-d	absent	N	Y	N	{#kEvalyadarSin#}¦ Adj. {%das Selbst in seiner Reinheit erkennend%} ANIRUDDHA zu SĀṂKHYAS. 5,59.
kEwasa	5568	4-298-a	absent	N	Y	N	{#kEwasa#}¦ s. {#maDukEwasasUdana#}.
kEwasa	16414	7-334-c	absent	N	Y	N	{#kEwasa#}¦ 4.
kEyawIya	3087	2-299-a	absent	N	Y	N	{{Lbody=3087}}
kEyawIya	16417	7-334-c	absent	N	Y	N	{{Lbody=16417}}
kEyawaBAzyapradIpikA	3087	2-299-a	absent	N	Y	N	{{Lbody=3087}}
kEyawaBAzyapradIpikA	16417	7-334-c	absent	N	Y	N	{{Lbody=16417}}
kEyawapradIpa	3087	2-299-a	absent	N	Y	N	{#kEyawapradIpa#} m., {#kEyawaBAzyapradIpikA#} f. und {#kEyawIya#} [Page2-299-b] n.¦ Titel von Werken OPP. Cat. 1.
kEyawapradIpa	16417	7-334-c	absent	N	Y	N	{{Lbody=16417}}
kIcakaveRuvetravant	8815	6-300-a	absent	N	Y	N	{#kIcakaveRuvetravant#}¦ Adj. {%aus den%} Kīcaka, Veṇu [Page6-300-b] {%und%} Vetra {%genannten Rohrarten bestehend%} BHĀ
kIcakaveRuvetravant	16132	7-332-c	absent	N	Y	N	{#kIcakaveRuvetravant#}¦ 6.
kIkasaka	3018	2-298-b	absent	N	Y	N	{#*kIkasaka#}¦ n. {%Knochen%} RĀJAN. 18,68.
kIkasaka	16130	7-332-c	absent	N	Y	N	{#kIkasaka#}¦ 2.
kIlAloDnI	4452	3-259-c	absent	N	Y	N	{#kIlA/loDnI#}¦, so zu accentuiren.
kIlAloDnI	16142	7-332-c	absent	N	Y	N	{#kIlA/loDnI#}¦ II. 3.
kIqAtAla	16505	7-335-b	absent	N	Y	N	{#kIqAtAla#}¦ II. lies 3〉e〉.
kIragrAma	16134	7-332-c	absent	N	Y	N	{#kIragrAma#}¦ m. N. pr. einer Stadt Festgr. 10. 16.
kIrtirAya	3019	2-298-b	absent	N	Y	N	{#kIrtirAya#}¦ m. N. pr. eines Prākrit-Dichters HĀLA 135.
kIrtirAya	16139	7-332-c	absent	N	Y	N	{#kIrtirAya#}¦ 2.
kIwatA	16133	7-332-c	absent	N	Y	N	{#kIwatA#}¦ f. Nom. abstr. zu {#kIwa#} 1〉a〉 MBH. 13,118,3. 17. 19. 119,1.
kODuma	16463	7-335-a	absent	N	Y	N	{#kODuma#}¦ m. Pl. DIVYĀVAD. 632,23 fehlerhaft für {#kOTuma#} 2〉, wie ebend. 25 geschrieben wird.
kORqapAyin	16458	7-335-a	absent	N	Y	N	{#kORqapAyin#}¦ II. {#˚nAmayanam#} ŚĀṄKH. ŚR. 13,24,1. ŚAṂK. zu BĀDAR. 3,3,40.
kOSikapurARa	3096	2-299-b	absent	N	Y	N	{{Lbody=3096}}
kOSikapurARa	16476	7-335-a	absent	N	Y	N	{#kOSikapurARa#}¦ 2.
kOhalIyaSikzA	3096	2-299-b	absent	N	Y	N	{{Lbody=3096}}
kOhalIyaSikzA	16481	7-335-a	absent	N	Y	N	{{Lbody=16481}}
kOmAratIya	3096	2-299-b	absent	N	Y	N	{#kOmAratIya#} n., {#kOmAravyAkaraRa#} n., {#kOmudIprakASa#} m., {#kOmudIvyAKyA#} f., {#kOSikapurARa#} n., {#kOstuBaBUza
kOmAratIya	16466	7-335-a	absent	N	Y	N	{{Lbody=16466}}
kOmAravyAkaraRa	3096	2-299-b	absent	N	Y	N	{{Lbody=3096}}
kOmudIprakASa	3096	2-299-b	absent	N	Y	N	{{Lbody=3096}}
kOmudIvyAKyA	3096	2-299-b	absent	N	Y	N	{{Lbody=3096}}
kOnAla	7104	5-252-c	absent	N	Y	N	{#kOnAla#}¦ Adj. (?) Ind. Antiq. 8,242.
kOnAla	16464	7-335-a	absent	N	Y	N	{#kOnAla#}¦ 5.
kOrpa	7105	5-252-c	absent	N	Y	N	{#kOrpa#}¦ = {#kOrpi#}, {#kOrpya#} M. MÜLLER, Ren. 326.
kOrpa	16470	7-335-a	absent	N	Y	N	{#kOrpa#}¦ 5.
kOstuBaBUzaRa	3096	2-299-b	absent	N	Y	N	{{Lbody=3096}}
kOstuBaBUzaRa	16481	7-335-a	absent	N	Y	N	{#kOstuBaBUzaRa#} u. {#kOhalIyaSikzA#}¦ 2.
kOtUhalajAta	16461	7-335-a	absent	N	Y	N	{#kOtUhalajAta#}¦ Adj. {%neugierig geworden%} JĀTAKAM. 14.
kUcimArasaMhitA	3056	2-298-c	absent	N	Y	N	{#kUcimArasaMhitA#} f. und {#kUwAGawita#} n.¦ Titel zweier Werke OPP. Cat. 1.
kUcimArasaMhitA	16282	7-333-c	absent	N	Y	N	{#kUcimArasaMhitA#}¦ 2.
kUpAdijalasTAnalakzaRa	3061	2-299-a	absent	N	Y	N	{#kUpAdijalasTAnalakzaRa#} n. und {#kUreSavijaya#} m.¦ Titel zweier Werke OPP. Cat. 1.
kUpAdijalasTAnalakzaRa	16297	7-333-d	absent	N	Y	N	{#kUpAdijalasTAnalakzaRa#}¦ 2.
kUreSavijaya	3061	2-299-a	absent	N	Y	N	{{Lbody=3061}}
kUreSavijaya	16299	7-333-d	absent	N	Y	N	{#kUreSavijaya#}¦ 2.
kUrmAkftimudgAlakzaRagranTa	3063	2-299-a	absent	N	Y	N	{{Lbody=3063}}
kUrmAkftimudgAlakzaRagranTa	16302	7-333-d	absent	N	Y	N	{{Lbody=16302}}
kUrmamAhAtmya	3063	2-299-a	absent	N	Y	N	{#kUrmamAhAtmya#} n., {#kUrmAkftimudgAlakzaRagranTa#} m. und {#kUzmARqadIkzAnukramaRikA#} f.¦ Titel von Werken OPP. Cat.
kUrmamAhAtmya	16302	7-333-d	absent	N	Y	N	{{Lbody=16302}}
kUrmaputrakaTA	3062	2-299-a	absent	N	Y	N	{#kUrmaputrakaTA#} f. und {#˚putrakevalicaritra#} n.¦ Titel zweier Werke Z. d. d. m. G. 33,481.
kUrmaputrakaTA	16302	7-333-d	absent	N	Y	N	{#kUrmaputrakaTA#}, {#˚putrakevalicaritra#}, {#kUrmamAhAtmya#} und {#kUrmAkftimudgAlakzaRagranTa#}¦ 2.
kUrmaputrakevalicaritra	3062	2-299-a	absent	N	Y	N	{{Lbody=3062}}
kUrmaputrakevalicaritra	16302	7-333-d	absent	N	Y	N	{{Lbody=16302}}
kUrparaka	16300	7-333-d	absent	Y	Y	N	{#*kUrparaka#}¦ = {#kUrpara#} {%Ellbogen%} MAHĀVY. 189,44.
kUwAGawita	3056	2-298-c	absent	N	Y	N	{{Lbody=3056}}
kUwAGawita	16290	7-333-d	absent	N	Y	N	{#kUwAGawita#} und {#kUwI#}¦ 2.
kUwAgAraDAraRI	16288	7-333-c	absent	Y	Y	N	{#*kUwAgAraDAraRI#}¦ f. Titel eines Werkes [Page7-333-d] MAHĀVY. 65,64.
kUwAkzadevin	16286	7-333-c	absent	N	Y	N	{#kUwAkzadevin#}¦ Adj. {%mit falschen Würfeln spielend%} NĀRADA 2,16,6.
kUwAkzopaDidevin	4482	3-260-a	absent	N	Y	N	{#kUwAkzopaDidevin#}¦ Adj. {%mit falschen Würfeln oder Betrug spielend%} YĀJÑ. 2,202.
kUwAkzopaDidevin	16287	7-333-c	absent	N	Y	N	{#kUwAkzopaDidevin#}¦ 3.
kUwadevin	16284	7-333-c	absent	N	Y	N	{#kUwadevin#}¦ Adj. {%falsch spielend,%} m. {%Falschspieler%} BṚHASPATI in VIVĀDAR. 307.
kUzmARqadIkzAnukramaRikA	3063	2-299-a	absent	N	Y	N	{{Lbody=3063}}
kUzmARqadIkzAnukramaRikA	16304	7-333-d	absent	N	Y	N	{#kUzmARqadIkzAnukramaRikA#}¦ 2.
kaNkamaya	2886	2-297-a	absent	N	Y	N	{#kaNkamaya#}¦ Adj. (f. {#I#}) als Beiw. eines Dolches HEM. PAR. 6,204 vielleicht so v. a. {#kaNkamuKa#}.
kaNkamaya	15616	7-328-d	absent	N	Y	N	{#kaNkamaya#}¦ 2.
kaNkapfzWin	15615	7-328-d	absent	N	Y	N	{#kaNkapfzWin#} und {#˚pfzWI#}¦ II. 2.
kaRAdanyAyaBUzaRa	2897	2-297-a	absent	N	Y	N	{#kaRAdanyAyaBUzaRa#}¦ n. Titel eines Werkes OPP. Cat. 1.
kaRAdanyAyaBUzaRa	15655	7-329-a	absent	N	Y	N	{#kaRAdanyAyaBUzaRa#}¦ 2.
kaRWapraRAlI	5507	4-297-b	absent	N	Y	N	{#kaRWapraRAlI#}¦ f. {%Luftröhre%} BĀLAR. 50,16.
kaRWapraRAlI	15664	7-329-a	absent	N	Y	N	{#kaRWapraRAlI#}¦ 4.
kaRamUqaka	2896	2-297-a	absent	N	Y	N	{{Lbody=2896}}
kaRamUqaka	15653	7-329-a	absent	N	Y	N	{{Lbody=15653}}
kaRamUwaka	2896	2-297-a	absent	N	Y	N	{#kaRamUwaka#} oder {#˚mUqaka#}¦ {%Korn%} HEM. PAR. 2,713.
kaRamUwaka	15653	7-329-a	absent	N	Y	N	{#kaRamUwaka#} und {#˚mUqaka#}¦ 2.
kaRikvika	6990	5-251-b	absent	N	Y	N	{#kaRikvika#}¦ angeblich = {#aRu#} J. A. O. S. Procc. 1883, Oct. VIII.
kaRikvika	15657	7-329-a	absent	N	Y	N	{#kaRikvika#}¦ 5.
kaRqIrapuzpI	2902	2-297-a	absent	N	Y	N	{#kaRqIrapuzpI#}¦ f. {%eine best. Pflanze%} CARAKA 3,8.
kaRqIrapuzpI	15667	7-329-a	absent	N	Y	N	{#kaRqIrapuzpI#}¦ 2.
kaRqelagacCa	2903	2-297-a	absent	N	Y	N	{#kaRqelagacCa#}¦, lies {%Geschlechts%} st. Mannes.
kaRqelagacCa	15670	7-329-a	absent	N	Y	N	{#kaRqelagacCa#}¦ II. 2.
kaRwakidruma	15659	7-329-a	absent	N	Y	N	{#kaRwakidruma#}¦ m. {%ein Baum mit Dornen%} Spr. 1736.
kaSambakajAta	15921	7-331-a	absent	Y	Y	N	{#*kaSambakajAta#}¦ Adj. {%besudelt, unrein%} MAHĀVY. 278. Vgl. Pāli {#kasambu#}.
kaTAbanDa	5511	4-297-b	absent	N	Y	N	{#kaTAbanDa#}¦ m. {%Knüpfung der Erzählung,%} so v. a. {%Einleitung%} MBH. 1,59 in der Unterschr.
kaTAbanDa	15680	7-329-b	absent	N	Y	N	{{Lbody=15680}}
kaTAprastAva	5510	4-297-b	absent	N	Y	N	{#kaTAprastAva#}¦ m. {%eine sich darbietende Gelegenheit sich zu unterhalten%}. {#˚tas#} so v. a. {%im Laufe des Gespräc
kaTAprastAva	15680	7-329-b	absent	N	Y	N	{#kaTAprastAva#} und {#kaTAbanDa#}¦ 4.
kaTAsAra	2904	2-297-a	absent	N	Y	N	{#kaTAsAra#}¦ Titel eines Werkes OPP. Cat. 1.
kaTAsAra	15682	7-329-b	absent	N	Y	N	{#kaTAsAra#}¦ 2.
kaYcukopAnahin	2887	2-297-a	absent	N	Y	N	{#kaYcukopAnahin#}¦ Adj. {%ein Wamms und Schuhe tragend%} ĀPAST. 1,8,2, v. l.
kaYcukopAnahin	15623	7-328-d	absent	N	Y	N	{#kaYcukopAnahin#}¦ 2.
kacCapArAvata	6986	5-251-b	absent	N	Y	N	{#kacCapArAvata#}¦ m. {%eine Taubenart%} ALAṂKĀRAV. 205,b.
kacCapArAvata	15622	7-328-d	absent	N	Y	N	{{Lbody=15622}}
kacavara	6983	5-251-b	absent	N	Y	N	{#*kacavara#}¦ m. = {#pUrowi#} ZACH. Beitr.
kacavara	15622	7-328-d	absent	N	Y	N	{#kacavara#}, {#kacAra#}, {#kacolaka#} und {#kacCapArAvata#}¦ 5.
kacolaka	6985	5-251-b	absent	N	Y	N	{#kacolaka#}¦ n. {%eine Art Wassergefäss%} UTTAMAC. 125. Vielleicht auch 70 so st. {#caluka#} zu lesen.
kacolaka	15622	7-328-d	absent	N	Y	N	{{Lbody=15622}}
kadAcitkatva	15687	7-329-b	absent	Y	Y	N	{#*kadAcitkatva#}¦ n. MAHĀVY. 245,159 fehlerhaft für {#kAdA˚#}.
kadISitar	4370	3-258-c	absent	N	Y	N	{#kadISitar#}¦ m. {%ein schlechter Herrscher%} KAUTUKAS. 8.
kadISitar	15689	7-329-b	absent	N	Y	N	{#kadISitar#}¦ 3.
kadambamukulanyAya	15686	7-329-b	absent	N	Y	N	{#kadambamukulanyAya#}¦ m. MAHĀDEVA zu SĀṂKHYAS. 5,103.
kahra	2969	2-297-c	absent	N	Y	N	{#kahra#}¦ LĀṬY. 8,6,12 fehlerhaft für {#kadru#}.
kahra	15927	7-331-a	absent	N	Y	N	{#kahra#}¦ 2.
kakkiRqa	6980	5-251-b	absent	N	Y	N	{#*kakkiRqa#}¦ m. {%Eidechse%} ZACH. Beitr.
kakkiRqa	15605	7-328-d	absent	N	Y	N	{#kakkiRqa#}¦ 5.
kakruca	15606	7-328-d	absent	N	Y	N	{#kakruca#}¦ s. oben {#kakuca#}.
kakuBvant	4360	3-258-c	absent	N	Y	N	{#kaku/Bvant#}¦ Adj. = {#kaku/nmant#} MAITR. S. 1,11,1.
kakuBvant	15602	7-328-d	absent	N	Y	N	{#kaku/Bvant#}¦ 3.
kakuc	15598	7-328-d	absent	N	Y	N	{#kakuc#}¦ {%eine best. Frucht%} KAUŚ. 48,32. v. l. {#kakruca#}.
kakudmant	4357	3-258-c	absent	N	Y	Y	{#kaku/dmant#}¦ 1〉 auch = {#kaku/nmant#} TS. 1,7,7,2.
kakudmant	15599	7-328-d	absent	N	Y	Y	{#kaku/dmant#}¦ II. 3.
kakzIvant	8739	6-299-b	absent	N	Y	Y	{#kakzI/vant#}¦, Pl. ṚV. 1,126,4.
kakzIvant	15609	7-328-d	absent	N	Y	Y	{#kakzI/vant#}¦ II. 6.
kakzimAlikopanizad	2884	2-297-a	absent	N	Y	N	{#kakzimAlikopanizad#} f. und {#kakzyamAlA#} f.¦ Titel zweier Werke OPP. Cat. 1.
kakzimAlikopanizad	15608	7-328-d	absent	N	Y	N	{#kakzimAlikopanizad#}¦ 2.
kakzyamAlA	2884	2-297-a	absent	N	Y	N	{{Lbody=2884}}
kakzyamAlA	15611	7-328-d	absent	N	Y	N	{#kakzyamAlA#}¦ 2.
kalAma	15866	7-330-c	absent	Y	Y	N	{#*kalAma#}¦ n. MAHĀVY. 233 fehlerhaft für {#kalama#} m. {%Schreibrohr%}.
kalAmuhUrtAdimaya	4410	3-259-b	absent	N	Y	N	{#kalAmuhUrtAdimaya#}¦ Adj. {%aus Minuten, Stunden%} u. s. w. {%bestehend%} VP. 4,1,26.
kalAmuhUrtAdimaya	15867	7-330-c	absent	N	Y	N	{#kalAmuhUrtAdimaya#}¦ 3.
kalAvatIkAmarUpa	2952	2-297-c	absent	N	Y	N	{#kalAvatIkAmarUpa#}¦ Titel eines Werkes OPP. Cat. 1.
kalAvatIkAmarUpa	15868	7-330-c	absent	N	Y	N	{#kalAvatIkAmarUpa#}¦ 2.
kalaSapota	2948	2-297-b	absent	N	Y	N	{#kalaSapota#}¦ N. pr. eines Dorfes J. A. S. Beng. 47,406,38.
kalaSapota	15856	7-330-c	absent	N	Y	N	{#kalaSapota#}¦ 2.
kalaSodaDi	7018	5-251-c	absent	N	Y	N	{#kalaSodaDi#}¦ m. {%das Meer als Butterfass%} MBH. 1,17,12.
kalaSodaDi	15857	7-330-c	absent	N	Y	N	{#kalaSodaDi#}¦ 5.
kalahakaRwaka	2949	2-297-c	absent	N	Y	N	{#kalahakaRwaka#}¦ m. N. pr. eines Mannes DAŚAK. (1925) 2,120,18.
kalahakaRwaka	15859	7-330-c	absent	N	Y	N	{#kalahakaRwaka#}¦ 2.
kalamIy	8785	6-300-a	absent	N	Y	N	{#kalamIy#}¦, {#˚yati#} {%zu einem Reishalm werden%} ALAṂKĀRAŚ. 20,b.
kalamIy	15854	7-330-c	absent	N	Y	N	{{Lbody=15854}}
kalandakanivApa	15853	7-330-c	absent	Y	Y	N	{#kalandakanivApa#}¦ m. N. pr. einer Oertlichkeit MAHĀVY. 193. DIVYĀVAD. 262,8. 298,25. 364,19 ({#kali˚#} gedr.). 506,8.
kalirAja	2954	2-297-c	absent	N	Y	N	{#kalirAja#}¦ m. N. pr. eines Prākrit-Dichters HĀLA 21.
kalirAja	15872	7-330-d	absent	N	Y	N	{#kalirAja#}¦ 2.
kalivatsala	4411	3-259-b	absent	N	Y	N	{#kalivatsala#}¦ m. N. pr. eines Fürsten KAUTUKAS.
kalivatsala	15873	7-330-d	absent	N	Y	N	{#kalivatsala#}¦ 3.
kaliviqambana	2955	2-297-c	absent	N	Y	N	{#kaliviqambana#}¦ n. Titel eines Werkes OPP. Cat. 1.
kaliviqambana	15874	7-330-d	absent	N	Y	N	{#kaliviqambana#}¦ 2.
kalkI	8787	6-300-a	absent	N	Y	N	{#kalkI#}¦ mit {#BU#} {%zu Teig werden%} RĀJAT. 7,1544 ({#SalkI#} gedr.).
kalkI	15878	7-330-d	absent	N	Y	N	{#kalkI#}¦ 6.
kallolay	22322	7-387-b	absent	N	Y	N	{#kallolay#}¦, {#˚yati#} {%Wellen treiben%} DAMAYANTĪK. 32. {#˚lita#} ŚRĪKAṆṬHAC. 2,33.
kalmAzABihava	15899	7-330-d	absent	N	Y	N	{#kalmAzABihava#}¦ II. wohl fehlerhaft für {#kalmAzABizava#}.
kalmAzadamya	15898	7-330-d	absent	N	Y	N	{#kalmAzadamya#}¦ m. N. pr. eines Flekkens DIVYĀVAD. 515,12. 516,2. fgg.
kalp	4413	3-259-b	absent	N	Y	Y	{#kalp#}¦ mit {#sam#} 4〉 {#saMklapta#} {%bestimmt für%} (im Comp. vorangehend) ĀPAST. 1,10,16.
kalp	15879	7-330-d	absent	N	Y	Y	{#kalp#}¦ mit {#ava#} II. {#a/vakxptatama#} {%am Besten entsprechend%} MAITR. S. 1,8,6 (124,7). — Mit {#pravi#} Caus. {%
kalp	22321	7-387-b	absent	N	Y	Y	{#kalp#}¦ mit {#pra#} Caus. II. Vgl. Z. d. d. m. G. 41,176. fgg.
kalpADipa	15896	7-330-d	absent	N	Y	N	{#kalpADipa#}¦ m. = {#kalpanATa#} DHARMAŚARMĀBHY. 7,67.
kalpAntarvAcya	2961	2-297-c	absent	N	Y	N	{#kalpAntarvAcya#}¦ n. Pl. Titel eines Werkes Z. d. d. m. G. 33,480.
kalpAntarvAcya	15897	7-330-d	absent	N	Y	N	{#kalpAntarvAcya#} und {#kalpOzaDasevAdiprakAra#}¦ 2.
kalpOzaDasevAdiprakAra	2962	2-297-c	absent	N	Y	N	{#kalpOzaDasevAdiprakAra#} m., {#kalyARaGfta#} n. und {#kalyARapurImAhAtmya#} n.¦ Titel von Werken OPP. Cat. 1.
kalpOzaDasevAdiprakAra	15897	7-330-d	absent	N	Y	N	{{Lbody=15897}}
kalpaSAla	8788	6-300-a	absent	N	Y	N	{#kalpaSAla#}¦ m. = {#kalpataru#} 1〉 J. A. O. S. 6,505, Śl. 16.
kalpaSAla	15894	7-330-d	absent	N	Y	N	{#kalpaSAla#}¦ 6.
kalpacUrRi	2958	2-297-c	absent	N	Y	N	{#kalpacUrRi#}¦ f. Titel eines {%Commentars%} KALPAS. 115.
kalpacUrRi	15882	7-330-d	absent	N	Y	N	{#kalpacUrRi#}¦ 2.
kalpanApoQa	15888	7-330-d	absent	N	Y	N	{#kalpanApoQa#}¦ Adj. {%frei von aller Fiction, klar vor Augen liegend%} ANIRUDDHA zu SĀṂKHYAS. 1,89.
kalpasundarI	7022	5-251-c	absent	N	Y	N	{#kalpasundarI#}¦ f. ein Frauenname DAŚAK. 78,4.
kalpasundarI	15895	7-330-d	absent	N	Y	N	{#kalpasundarI#}¦ 5.
kalpavAsin	7021	5-251-c	absent	N	Y	N	{#kalpavAsin#}¦ Adj. {%einen%} Kalpa {%(Weltperiode) bestehend%} BHĀG. P. 4,9,20.
kalpavAsin	15891	7-330-d	absent	N	Y	N	{#kalpavAsin#}¦ 5.
kaluzI	4412	3-259-b	absent	N	Y	N	{#kaluzI#}¦ Adv. mit {#BU#} {%beschmutzt —, verunreinigt werden%} ŚIŚ. 1,55.
kaluzI	15876	7-330-d	absent	N	Y	N	{#kaluzI#}¦ II. 3.
kaluzay	15875	7-330-d	absent	N	Y	Y	{#kaluzay#}¦ II. {#kaluzita#} MUDRĀR. 60,4 (97,7).
kalvowaka	4416	3-259-b	absent	N	Y	N	{#kalvowaka#}¦ oder {#kalhoQaka#} Adj. als Erklärung von {#gorahaya#} ŚĪLĀṄKA. 2,170.
kalvowaka	15903	7-331-a	absent	N	Y	N	{#kalvowaka#}¦ oder {#kalhoQaka#} 3.
kalyARIpariRaya	2964	2-297-c	absent	N	Y	N	{{Lbody=2964}}
kalyARIpariRaya	15902	7-330-d	absent	N	Y	N	{{Lbody=15902}}
kalyARaGfta	2962	2-297-c	absent	N	Y	N	{{Lbody=2962}}
kalyARaGfta	15902	7-330-d	absent	N	Y	N	{#kalyARaGfta#}, {#kalyARapurImAhAtmya#}, {#kalyARalakzaRa#}, {#kalyARasOganDikA#}, [Page7-331-a] {#˚nibanDana#}, {#kaly
kalyARapurImAhAtmya	2962	2-297-c	absent	N	Y	N	{{Lbody=2962}}
kalyARapurImAhAtmya	15902	7-330-d	absent	N	Y	N	{{Lbody=15902}}
kalyARasOganDikA	2964	2-297-c	absent	N	Y	N	{#kalyARasOganDikA#} f., {#˚nibanDana#} n. und {#kalyARIpariRaya#} m.¦ Titel von Werken OPP. Cat. 1.
kalyARasOganDikA	15902	7-330-d	absent	N	Y	N	{{Lbody=15902}}
kalyARasOganDikAnibanDana	2964	2-297-c	absent	N	Y	N	{{Lbody=2964}}
kalyARasOganDikAnibanDana	15902	7-330-d	absent	N	Y	N	{{Lbody=15902}}
kamalAcalamAhAtmya	2920	2-297-b	absent	N	Y	N	{{Lbody=2920}}
kamalAcalamAhAtmya	15738	7-329-c	absent	N	Y	N	{{Lbody=15738}}
kamalAkarRI	2920	2-297-b	absent	N	Y	N	{{Lbody=2920}}
kamalAkarRI	15738	7-329-c	absent	N	Y	N	{{Lbody=15738}}
kamalIy	8766	6-299-c	absent	N	Y	N	{#kamalIy#}¦, {#˚yati#} {%zur Lotusblüthe werden%} ALAṂKĀRAŚ. 20,b.
kamalIy	15739	7-329-d	absent	N	Y	N	{#kamalIy#}¦ 6.
kamalavallI	2920	2-297-b	absent	N	Y	N	{#kamalavallI#} f., {#kamalAkarRI#} f., {#kamalAcalamAhAtmya#} n. und {#kamalinIkalahaMsa#} m.¦ Titel von Werken OPP. Ca
kamalavallI	15738	7-329-c	absent	N	Y	N	{#kamalavallI#}, {#kamalAkarRI#}, {#kamalAcalamAhAtmya#} [Page7-329-d] u. {#kamalinIkalahaMsa#}¦ 2.
kamalinIkalahaMsa	2920	2-297-b	absent	N	Y	N	{{Lbody=2920}}
kamalinIkalahaMsa	15738	7-329-c	absent	N	Y	N	{{Lbody=15738}}
kambaladAya	15743	7-329-d	absent	N	Y	N	{#*kambaladAya#}¦ Adj. {%ein wollenes Tuch%} u. s. w. {%zu schenken im Sinne habend%} KĀŚ. zu P. 3,3,12.
kamera	7001	5-251-c	absent	N	Y	N	{#kamera#}¦ N. pr. eines Volkes oder Landes Ind. Antiq. 9,127. 133.
kamera	15740	7-329-d	absent	N	Y	N	{#kamera#}¦ 5.
kanakAmbuja	6997	5-251-b	absent	N	Y	N	{#kanakAmbuja#}¦ n. {%eine Art Lotusblüthe%} HEM. PAR. 1,395.
kanakAmbuja	15701	7-329-b	absent	N	Y	N	{#kanakAmbuja#}¦ 5.
kanakAsana	5513	4-297-b	absent	N	Y	N	{#kanakAsana#}¦ n. {%Thron%} GĪT. 7,26.
kanakAsana	15702	7-329-b	absent	N	Y	N	{#kanakAsana#} und {#kanizWata/s#}¦ 4.
kanakaDAraka	4371	3-258-c	absent	N	Y	N	{#kanakaDAraka#}¦ m. R. GORR. 2,90,14 vielleicht fehlerhaft über {#˚DAvaka#} {%Goldwäscher%}.
kanakaDAraka	15695	7-329-b	absent	N	Y	N	{#kanakaDAraka#}, {#kanakanandin#} und {#kanakapattana#}¦ 3.
kanakaSrI	2908	2-297-a	absent	N	Y	N	{#kanakaSrI#}¦ f. N. pr. einer Frau HEM. PAR. 2,83.
kanakaSrI	15699	7-329-b	absent	N	Y	N	{#kanakaSrI#}¦ 2.
kanakadanta	8757	6-299-c	absent	N	Y	N	{#kanakadanta#}¦, lies {#˚datta#}.
kanakadanta	15694	7-329-b	absent	N	Y	N	{{Lbody=15694}}
kanakajAnakI	8756	6-299-c	absent	N	Y	N	{#kanakajAnakI#}¦ f. Titel eines Werkes Sitzungsberr. d. phil.-hist. Kl. der Wiener Ak. 106,480.
kanakajAnakI	15692	7-329-b	absent	N	Y	N	{#kanakajAnakI#}¦ 6.
kanakakuSala	2905	2-297-a	absent	N	Y	N	{#kanakakuSala#}¦ m. N. pr. eines Mannes Ind. St. 14,363.
kanakakuSala	15691	7-329-b	absent	N	Y	N	{#kanakakuSala#}¦ 2.
kanakaleKA	2906	2-297-a	absent	N	Y	N	{#kanakaleKA#}¦ f. N. pr. einer Prinzessin DAŚAK. (1925) 2,128,19.
kanakaleKA	15697	7-329-b	absent	N	Y	N	{#kanakaleKA#} u. {#kanakavallIpariRaya#}¦ 2.
kanakanandin	4372	3-258-c	absent	N	Y	N	{#kanakanandin#}¦ m. N. pr. eines Wesens im Gefolge Śivaʼs Cit. im ŚKDR. u. {#nandin#}.
kanakanandin	15695	7-329-b	absent	N	Y	N	{{Lbody=15695}}
kanakapattana	4373	3-258-c	absent	N	Y	N	{#kanakapattana#}¦ n. {%Goldstadt,%} N. pr. einer mythischen Stadt.
kanakapattana	15695	7-329-b	absent	N	Y	N	{{Lbody=15695}}
kanakasenA	2909	2-297-a	absent	N	Y	N	{#kanakasenA#}¦ f. desgl. ebend. 2,80.
kanakavallIpariRaya	2907	2-297-a	absent	N	Y	N	{#kanakavallIpariRaya#}¦ m. Titel eines Werkes OPP. Cat. 1.
kanakavallIpariRaya	15697	7-329-b	absent	N	Y	N	{{Lbody=15697}}
kanakayazwimant	8758	6-299-c	absent	N	Y	N	{#kanakayazwimant#}¦ Adj. {%mit einem goldenen Fahnenstock versehen%} (Wagen) MBH. 13,53,30.
kanakayazwimant	15696	7-329-b	absent	N	Y	N	{#kanakayazwimant#}¦ 6.
kandarodarakUwavant	15709	7-329-b	absent	N	Y	N	{#kandarodarakUwavant#}¦ Adj. {%Höhlen in seinem Innern und Kuppen habend%} ({#vinDya#}) R. ed. Bomb. 4,60,7.
kandukAbindukA	15711	7-329-b	absent	N	Y	N	{#kandukAbindukA#}¦ f. N. pr. eines Flusses Festgr. 16.
kandukAvatI	2911	2-297-a	absent	N	Y	N	{#kandukAvatI#}¦ f. N. pr. einer Prinzessin DAŚAK. (1925) 2,100,17.
kandukAvatI	15712	7-329-b	absent	N	Y	N	{#kandukAvatI#} und {#kandukotsava#}¦ 2.
kanizWatas	5514	4-297-b	absent	N	Y	N	{#kanizWata/s#}¦ Adv. {%von unten hinauf, vom Kleinsten an%} MAITR. S. 2,1,9 (11,1).
kanizWatas	15702	7-329-b	absent	N	Y	N	{{Lbody=15702}}
kanyAdUzayitar	4376	3-258-c	absent	N	Y	N	{#kanyAdUzayitar#} Nom. ag. (MĀRK. P. 31,28) und [Page3-259-a] {#˚dUzin#} Adj. (YĀJÑ. 1,223)¦ {%eine Jungfrau schändend%
kanyAdUzayitar	15715	7-329-c	absent	N	Y	N	{{Lbody=15715}}
kanyAmADava	2915	2-297-a	absent	N	Y	N	{#kanyAmADava#}¦ Titel eines Werkes OPP. Cat. 1.
kanyAmADava	15716	7-329-c	absent	N	Y	N	{#kanyAmADava#}¦ 2.
kapAlaSakala	8763	6-299-c	absent	N	Y	N	{#kapAlaSakala#}¦ m. {%Hirnschale%} BĀLAR. 30,3.
kapAlaSakala	15720	7-329-c	absent	N	Y	N	{#kapAlaSakala#}¦ 6.
kapAlavimocana	4377	3-259-a	absent	N	Y	N	{#kapAlavimocana#}¦ n. {%ein best. Spruch%} ĀPAST. ŚR. 4,14,5. Comm. zu 7,23,2.
kapAlavimocana	15719	7-329-c	absent	N	Y	N	{#kapAlavimocana#}¦ 3.
kapInfpa	7000	5-251-b	absent	N	Y	N	{#*kapInfpa#}¦ m. {%ein best. Baum,%} = {#rAjAdana#} Comm. zu HARṢAC. 198,9.
kapInfpa	15729	7-329-c	absent	N	Y	N	{#kapInfpa#}¦ 5.
kapawaSatamaya	8762	6-299-c	absent	N	Y	N	{#kapawaSatamaya#}¦ Adj. {%aus hundertfachem Betrug bestehend%} Spr. 1038.
kapawaSatamaya	15717	7-329-c	absent	N	Y	N	{#kapawaSatamaya#}¦ 6.
kapiSIrzaka	15728	7-329-c	absent	N	Y	N	{#kapiSIrzaka#}¦ = {#kapiSIrza#} VIKRAMĀṄKAC. 9,105.
kapiYjalasaMhitA	2917	2-297-b	absent	N	Y	N	{#kapiYjalasaMhitA#}¦ f. Titel eines Werkes OPP. Cat. 1.
kapiYjalasaMhitA	15723	7-329-c	absent	N	Y	N	{#kapiYjalasaMhitA#}¦ 2.
kapolamUla	5518	4-297-c	absent	N	Y	N	{#kapolamUla#}¦ n. {%Backenknochen%} Spr. 7001.
kapolamUla	15731	7-329-c	absent	N	Y	N	{#kapolamUla#}¦ 4.
kaqevara	15652	7-329-a	absent	Y	Y	N	{#kaqevara#}¦ n. = {#kalevara#} 1〉 MAHĀVY. 189. DIVYĀVAD. 39,11.
kaqintala	15651	7-329-a	absent	Y	Y	N	{#*kaqintala#}¦ = {#kaqitula#} MAHĀVY. 238.
kar	2923	2-297-b	absent	N	Y	Y	1. {#kar#}¦ mit {#pratyapa#} {%sich rächen an%} (Gen.) DAŚAK. (1925) 2,75,3. — Mit {#ud#} 1〉 lies MAITR. S. 1,5,13.
kar	4383	3-259-a	absent	N	Y	Y	1. {#kar#}¦ mit {#aByA#} in {#punaraByAkAram#}. — Mit {#pravi#} (metrisch st. {#vipra#}), {#˚kfta#} n. impers. {%gesündi
kar	7003	5-251-c	absent	N	Y	Y	1. {#kar#}¦ mit {#anvava#}, lies {%mit Etwas%} (Instr.) {%über Etwas%} (Acc.) {%entlang fahren%}. — Mit {#paryA#} auch {
kar	8768	6-299-c	absent	N	Y	Y	1. {#kar#}¦ mit {#sam#}, Partic. {#saMskfta/#}, nach VS. PRĀT. auch {#saM/skfta#}.
kar	8769	6-299-c	absent	N	Y	Y	3. {#kar#}¦ mit {#aBipra#} {%hinstreuen auf Etwas%} Comm. zu ĀPAST. ŚR. 15,15,1.
kar	15750	7-329-d	absent	N	Y	Y	3. {#kar#}¦ mit {#aBipra#} 6. — Mit {#avasam, ˚avasaMkIrRa#} {%überschüttet mit, voll von%} R. ed. Bomb. 4,8,15.
karAlAy	7006	5-251-c	absent	N	Y	N	{#karAlAy#}¦, {#˚yate#} {%Schauder erregend werden%} VĀSAV. 78,2.
karAlAy	15773	7-330-a	absent	N	Y	N	{#karAlAy#}¦ 5.
karAlay	22316	7-387-a	absent	N	Y	N	{#karAlay#}¦, {#˚yati#} {%öffnen%} ebend. 37.
karRAy	8778	6-299-c	absent	N	Y	N	{#karRAy#}¦, {#˚yate#} {%dem%} Karṇa {%gleichen%} RUDRAṬĀLAṂKĀRAṬ. 131,b.
karRAy	15805	7-330-a	absent	N	Y	N	{#karRAy#}¦ 6.
karRacCidraka	2932	2-297-b	absent	N	Y	N	{#*karRacCidraka#}¦, lies 79, Sch.
karRacCidraka	15792	7-330-a	absent	N	Y	N	{#karRacCidraka#} und {#karRatAla#}¦ II. 2.
karRadaGna	4398	3-259-a	absent	N	Y	N	{#karRadaGna#}¦ Adj. {%bis an die Ohren reichend%} ĀPAST. ŚR. 5,14,8.
karRadaGna	15793	7-330-a	absent	N	Y	N	{#karRadaGna#}¦ 3.
karRalAlikA	7013	5-251-c	absent	N	Y	N	{#*karRalAlikA#}¦ f. = {#karRapASI#} ZACH. Beitr.
karRalAlikA	15800	7-330-a	absent	N	Y	N	{{Lbody=15800}}
karRamowikA	15799	7-330-a	absent	N	Y	N	{#karRamowikA#}¦ f. = {#˚mowI#} DHARMAŚARMĀBHY. 5,13.
karRapASI	7010	5-251-c	absent	N	Y	N	{#*karRapASI#} oder {#*˚pAsI#}¦ f. = {#karRalAlikA#} ZACH. Beitr.
karRapASI	15796	7-330-a	absent	N	Y	N	{#karRapASI#} und {#˚pAsI#}¦ 5.
karRapAsI	7010	5-251-c	absent	N	Y	N	{{Lbody=7010}}
karRapAsI	15796	7-330-a	absent	N	Y	N	{{Lbody=15796}}
karRaputra	2934	2-297-b	absent	N	Y	N	{#karRaputra#}¦ m. N. pr. eines Prākrit-Dichters HĀLA 122.
karRaputra	15797	7-330-a	absent	N	Y	N	{#karRaputra#}¦ 2.
karRarasAyanI	7012	5-251-c	absent	N	Y	N	{#karRarasAyanI#}¦ Adv. mit {#kar#} {%zu einer Ohrenweide machen%}.
karRarasAyanI	15800	7-330-a	absent	N	Y	N	{{Lbody=15800}}
karRasuvarRa	7015	5-251-c	absent	N	Y	N	{#*karRasuvarRa#}¦ N. pr. eines Landes HIOUEN-THSANG.
karRasuvarRa	15803	7-330-a	absent	N	Y	N	{#karRasuvarRa#}¦ 5.
karRavedin	8777	6-299-c	absent	N	Y	N	{#karRavedin#}¦ Adj. so v. a. {%auf Einflüsterungen hörend%} HARIV. 3,3,16.
karRavedin	15802	7-330-a	absent	N	Y	N	{#karRavedin#}¦ 6.
karRikAy	15806	7-330-a	absent	N	Y	N	{#karRikAy#}¦ {%die Samenkapsel einer Lotusblume darstellen, ihr gleichen%}. {#karRikAyita#} PĀRV. 605,29.
karS	15842	7-330-c	absent	N	Y	Y	{#karS#}¦ mit {#ava#} Simpl. ({#˚kfSnIyAt#}) = Caus. MAITR. S. 3,6,9 (73,8).
karaNkAy	4384	3-259-a	absent	N	Y	N	{#˚karaNkAy#}¦, {#˚yate#} {%wie ein Gerippe von — aussehen%} CAṆḌAK. 70. 10.
karaNkAy	15754	7-329-d	absent	N	Y	N	{#karaNkAy#}¦ 3.
karaRamArga	22315	7-387-a	absent	N	Y	N	{#karaRamArga#}¦ m. term. techn. aus der Tanzkunst ebend. 125. 218.
karaReSvara	7004	5-251-c	absent	N	Y	N	{#*karaReSvara#}¦ m. = {#Atman#} ZACH. Beitr.
karaReSvara	15758	7-329-d	absent	N	Y	N	{#karaReSvara#}¦ 5.
karaRqakanivApaka	15759	7-329-d	absent	N	Y	N	{#karaRqakanivApaka#}¦ 3.
karaditi	4386	3-259-a	absent	N	Y	N	{#karaditi#}¦ (onomatop. mit {#iti#}) MĀN. GṚHY. 1,14.
karaditi	15763	7-329-d	absent	N	Y	N	{#karaditi#} und {#karanyAsa#}¦ 3.
karkIpravAdA	15789	7-330-a	absent	N	Y	N	{#karkIpravAdA#}¦ f. Pl. Bez. {%der Verse%} AV. 4,38,5. fgg. KAUŚ. 21,11; vgl. 66,13.
karkaru	15788	7-330-a	absent	Y	Y	N	{#*karkaru#} und {#*mahA˚#}¦ {%eine best. Blume%} MAHĀVY. 240. {#karkaravaH#} und {#mahA˚#} wohl Pl.
karmANgaSrAdDa	8782	6-299-c	absent	N	Y	N	{#karmANgaSrAdDa#}¦ n. {%ein best.%} Śrāddha M. MÜLLER, Ren. (CAPPELLERʼs Uebers.) 326.
karmANgaSrAdDa	15837	7-330-b	absent	N	Y	N	{#karmANgaSrAdDa#}¦ 6.
karmAntavyAKyA	2944	2-297-b	absent	N	Y	N	{{Lbody=2944}}
karmAntavyAKyA	15838	7-330-b	absent	N	Y	N	{#karmAntavyAKyA#}¦ 2.
karmAvaraRapratipramrabDi	15840	7-330-b	absent	Y	Y	N	{#*karmAvaraRapratipramrabDi#}¦ f. Titel eines [Page7-330-c] Werkes MAHĀVY. 65,58.
karmadAna	15820	7-330-b	absent	Y	Y	N	{#*karmadAna#}¦ n. MAHĀVY. 281,160.
karmadAyAdavant	4402	3-259-a	absent	N	Y	N	{#karmadAyAdavant#}¦ Adj. {%Thaten zu Erben habend,%} so v. a. {%in Folge vergangener Thaten wieder ähnliche Thaten bege
karmadAyAdavant	15822	7-330-b	absent	N	Y	N	{#karmadAyAdavant#} und {#karmaduzwa#}¦ 3.
karmakaRwaka	8779	6-299-c	absent	N	Y	N	{#*karmakaRwaka#}¦ m. {%Gardenia latiflora%} oder {%Fumaria parviflora%} RĀJAN. 5,8, v. l. Vgl. {#varmakaRwaka#}.
karmakaRwaka	15813	7-330-b	absent	N	Y	N	{#karmakaRwaka#}¦ 6.
karmakarItva	4400	3-259-a	absent	N	Y	N	{#karmakarItva#}¦ n. {%das Amt einer Dienerin%} SVAPNAC. 1,71.
karmakarItva	15814	7-330-b	absent	N	Y	N	{#karmakarItva#}¦ 3.
karmasaMDa	8781	6-299-c	absent	N	Y	N	{#karmasaMDa#}¦ Adj. {%in seinen Handlungen die Schranken kennend%} BHĀG. P. ed. Bomb. 6,5,42.
karmasaMDa	15834	7-330-b	absent	N	Y	N	{#karmasaMDa#}¦ 6.
karmatas	4401	3-259-a	absent	N	Y	N	{#karmatas#}¦ Adv. {%von Seiten der Handlung%} ĀPAST. ŚR. 3,11,2.
karmatas	15818	7-330-b	absent	N	Y	N	{#karmatas#}¦ 3.
karmavAcanA	15830	7-330-b	absent	Y	Y	N	{#*karmavAcanA#}¦ f. {%der Antrag —, der Beschluss in einer Versammlung des Kapitels der Mönche%} MAHĀVY. 266.
karmaviBaNga	15832	7-330-b	absent	Y	Y	N	{#*karmaviBaNga#}¦ m. Titel eines Werkes MAHĀVY. 65,47.
karmavipAkamADavIya	2944	2-297-b	absent	N	Y	N	{{Lbody=2944}}
karmavipAkamADavIya	15831	7-330-b	absent	N	Y	N	{{Lbody=15831}}
karmavipAkamahArRava	2944	2-297-b	absent	N	Y	N	{#karmavipAkamahArRava#} m., {#˚vipAkamADavIya#} n. und {#karmAntavyAKyA#} f.¦ Titel von Werken OPP. Cat. 1. S. 30, Sp. 
karmavipAkamahArRava	15831	7-330-b	absent	N	Y	N	{#karmavipAkamahArRava#} und {#˚vipAkamADavIya#}¦ 2.
karowikA	7008	5-251-c	absent	N	Y	N	{#*karowikA#}¦ f. = {#karowi#} 1〉 DEŚĪN. 2,38. 6,3.
karowikA	15784	7-330-a	absent	N	Y	N	{#karowikA#}¦ 5.
karpUraprakarakaTA	2939	2-297-b	absent	N	Y	N	{#karpUraprakarakaTA#}¦ f. Pl. Titel eines Werkes Z. d. d. m. G. 33,480.
karpUraprakarakaTA	15811	7-330-b	absent	N	Y	N	{#karpUraprakarakaTA#} u. {#karpUravartikA#}¦ 2.
karpUravartikA	2940	2-297-b	absent	N	Y	N	{#karpUravartikA#}¦ f. Titel eines Werkes OPP. Cat. 1.
karpUravartikA	15811	7-330-b	absent	N	Y	N	{{Lbody=15811}}
karuRAkandalI	2930	2-297-b	absent	N	Y	N	{#karuRAkandalI#}¦ f. Titel eines Werkes OPP. Cat. 1.
karuRAkandalI	15781	7-330-a	absent	N	Y	N	{#karuRAkandalI#}¦ 2.
karuRaveditA	15780	7-330-a	absent	N	Y	N	{{Lbody=15780}}
karuRaveditar	8775	6-299-c	absent	N	Y	N	{#karuRaveditar#}¦ Nom. ag. {%mitleidig%} MBH. 9,29,85.
karuRaveditar	15780	7-330-a	absent	N	Y	N	{#karuRaveditar#} und {#karuRaveditA#}¦ 6.
karz	2945	2-297-b	absent	N	Y	Y	1. {#karz#}¦ mit {#sam#} 3〉 {%ebnen, glatt machen%} ĀPAST. ŚR. 15,13,2.
karz	4405	3-259-b	absent	N	Y	Y	1. {#karz#}¦ mit {#sam#} (auch Nachtr. 2) 4〉 {%fortschaffen aus%} (Abl.) ĀPAST. 2,4,23.
karz	5523	4-297-c	absent	N	Y	Y	1. {#karz#}¦ mit {#ud#}, streiche 6〉, da hier {#bIjotkrazwA#} zu lesen ist; vgl. {#bIjotkrazwar#}.
karz	15844	7-330-c	absent	N	Y	Y	1. {#karz#}¦ (so zu lesen statt {#karb#}) mit {#ud#} II. 4. — Mit {#apod#} in mit {#upod#} zu verbessern. — Mit {#samud#
karzUvIriRavant	8783	6-299-c	absent	N	Y	N	{#karzUvIriRavant#}¦ Adj. {%mit Einschnitten und Andropogon muricatus versehen%} KĀTY. ŚR. 21,3,26.
karzUvIriRavant	15846	7-330-c	absent	N	Y	N	{#karzUvIriRavant#}¦ 6.
kavacay	7025	5-251-c	absent	N	Y	N	{#kavacay#}¦, {#˚yati#} {%einen Panzer anlegen%} HARṢAC. 152,24 (396,1).
kavacay	15905	7-331-a	absent	N	Y	N	{#kavacay#}¦ 5.
kavacikA	15907	7-331-a	absent	Y	Y	N	{#*kavacikA#}¦ f. {%eine best. Waffe%} MAHĀVY. 238.
kavalIkAra	5527	4-297-c	absent	N	Y	N	{#kavalIkAra#}¦ m. {%das Verschlucken%} BHĀM. V. 1,54.
kavalIkAra	15911	7-331-a	absent	N	Y	N	{#kavalIkAra#}¦ 4.
kavaqiMkArAhAra	15910	7-331-a	absent	Y	Y	N	{#*kavaqiMkArAhAra#}¦ m. {%die durch Schlucken (auf natürlichem Wege) aufgenommene Nahrung%} MAHĀVY. 118.
kavidIpikAniGaRwu	2966	2-297-c	absent	N	Y	N	{{Lbody=2966}}
kavidIpikAniGaRwu	15916	7-331-a	absent	N	Y	N	{{Lbody=15916}}
kavikaRWapASa	2966	2-297-c	absent	N	Y	N	{#kavikaRWapASa#} m., {#kavikarRapASa#} m., {#kavidIpikAniGaRwu#} m., {#kavirAkzasIya#} n., {#kavisaMjIvinI#} f., {#kavi
kavikaRWapASa	15914	7-331-a	absent	N	Y	N	{#kavikaRWapASa#}¦ 2.
kavikarRapASa	2966	2-297-c	absent	N	Y	N	{{Lbody=2966}}
kavikarRapASa	15916	7-331-a	absent	N	Y	N	{#kavikarRapASa#}, {#kavidIpikAniGaRwu#}, {#kavirAkzasIya#}, {#kavisaMjIvinI#}, {#kavisevAdiniGaRwu#} und {#kavismfti#}¦
kavirAkzasIya	2966	2-297-c	absent	N	Y	N	{{Lbody=2966}}
kavirAkzasIya	15916	7-331-a	absent	N	Y	N	{{Lbody=15916}}
kavisaMjIvinI	2966	2-297-c	absent	N	Y	N	{{Lbody=2966}}
kavisaMjIvinI	15916	7-331-a	absent	N	Y	N	{{Lbody=15916}}
kavisevAdiniGaRwu	2966	2-297-c	absent	N	Y	N	{{Lbody=2966}}
kavisevAdiniGaRwu	15916	7-331-a	absent	N	Y	N	{{Lbody=15916}}
kavismfti	2966	2-297-c	absent	N	Y	N	{{Lbody=2966}}
kavismfti	15916	7-331-a	absent	N	Y	N	{{Lbody=15916}}
kavy	5528	4-297-c	absent	N	Y	Y	{#kavy#}¦, Partic. {#kavya/nt#} {%klug, weise%} TS. 7,1,20,1.
kavy	15917	7-331-a	absent	N	Y	Y	{#kavy#}¦ II. 4.
kawABa	2891	2-297-a	absent	N	Y	N	{#kawABa#}¦ m. N. pr. eines Daitya HARIV. 3,40,13. {#GawABa#} v. l.
kawABa	15633	7-328-d	absent	N	Y	N	{#kawABa#}¦ 2.
kawAkzapAta	4363	3-258-c	absent	N	Y	N	{#kawAkzapAta#}¦ m. {%Seitenblick%} MBH. 2,67,42.
kawAkzapAta	15630	7-328-d	absent	N	Y	N	{#kawAkzapAta#}¦ 3.
kawAkzay	15631	7-328-d	absent	N	Y	N	{#kawAkzay#}¦, {#˚yati#} {%mit einem Seitenblick ansehen%} (uneig.) PĀRV. 589,32.
kawItaruRa	15639	7-329-a	absent	N	Y	N	{{Lbody=15639}}
kawadAna	8743	6-299-b	absent	N	Y	N	{#kawadAna#}¦ s. unten {#kawidAna#}.
kawadAna	15628	7-328-d	absent	N	Y	N	{#kawadAna#}¦ 6.
kawakkawiti	2889	2-297-a	absent	N	Y	N	{#kawakkawiti#}¦ (onomatop. mit {#iti#}) {%knack !%} HEM. PAR. 11,156.
kawakkawiti	15627	7-328-d	absent	N	Y	N	{#kawakkawiti#}¦ 2.
kawapra	2890	2-297-a	absent	N	Y	N	{#*kawapra#}¦ m. {%Menge%} DEŚĪN. 2,13.
kawapra	15629	7-328-d	absent	N	Y	N	{#kawapra#}¦ 2.
kawidAna	8745	6-299-b	absent	N	Y	Y	{#kawidAna#}¦, nach Tārānātha soll {#kawadAna#} im VARĀHAP. gelesen werden.
kawidAna	15635	7-328-d	absent	N	Y	Y	{#kawidAna#}¦ 6.
kawuSfNgAla	4366	3-258-c	absent	N	Y	Y	{{Lbody=4366}}
kawuSfNgAla	15645	7-329-a	absent	N	Y	Y	{{Lbody=15645}}
kawukaBAzin	4364	3-258-c	absent	N	Y	N	{#kawukaBAzin#}¦ Adj. {%harte Reden führend%} MBH. 3,40,13.
kawukaBAzin	15640	7-329-a	absent	N	Y	N	{#kawukaBAzin#}¦ 3.
kazAyay	7026	5-251-c	absent	N	Y	N	{#kazAyay#}¦, {#˚yati#} {%beschmutzen%} und {%belästigen%} VĀSAV. 71,3. 4. Vgl. {#kazAyita#}.
kazAyay	15924	7-331-a	absent	N	Y	N	{#kazAyay#}¦ 5.
kazwakazwa	15925	7-331-a	absent	N	Y	N	{#kazwakazwa#}¦ Adj. (f. {#A#}) {%gar schlimm, — böse%} SUBHĀṢITĀV. 3338.
keSavasenA	16403	7-334-c	absent	N	Y	N	{#keSavasenA#}¦ f. N. pr. einer Hetare KUṬṬANĪMATA 38.
kedAraBawwIya	3081	2-299-a	absent	N	Y	N	{#kedAraBawwIya#}¦ n. Kedārabhaṭṭaʼs {%Werk%} OPP. Cat. 1.
kedAraBawwIya	16389	7-334-c	absent	N	Y	N	{#kedAraBawwIya#} und {#kedAreSvaravrata#}¦ 2.
kedAreSvaravrata	3082	2-299-a	absent	N	Y	N	{#kedAreSvaravrata#} n., {#keralacintAmaRi#} m., {#keralIyadvAdaSaBAva#} m. und {#keralotpatti#} f.¦ Titel von Werken OP
kedAreSvaravrata	16389	7-334-c	absent	N	Y	N	{{Lbody=16389}}
kelicazaka	4501	3-260-b	absent	N	Y	N	{#kelicazaka#}¦ n. {%Lustbecher%} PR. P. 6.
kelicazaka	16396	7-334-c	absent	N	Y	N	{{Lbody=16396}}
kelikft	4500	3-260-a	absent	N	Y	N	{#kelikft#}¦ Adj. {%sein Spiel treibend mit%} (Instr.) [Page3-260-b] PR. P. 7.
kelikft	16396	7-334-c	absent	N	Y	N	{{Lbody=16396}}
keralIyadvAdaSaBAva	3082	2-299-a	absent	N	Y	N	{{Lbody=3082}}
keralIyadvAdaSaBAva	16394	7-334-c	absent	N	Y	N	{#keralIyadvAdaSaBAva#} und {#keralotpatti#}¦ 2.
keralacintAmaRi	3082	2-299-a	absent	N	Y	N	{{Lbody=3082}}
keralacintAmaRi	16392	7-334-c	absent	N	Y	N	{#keralacintAmaRi#}¦ 2.
kesarAy	22352	7-387-c	absent	N	Y	N	{#kesarAy#}¦, {#˚yate#} {%zu Haaren werden%} DAMAYANTĪK. 75.
kesarikA	3086	2-299-a	absent	N	Y	Y	{#kesarikA#}¦ f. etwa {%Wisch%} in {#pAtra˚#} HEM. PAR. 1,249.
kesarikA	16411	7-334-c	absent	N	Y	Y	{#kesarikA#}¦ II. 2.
ketanaka	8838	6-300-b	absent	N	Y	N	{#ketanaka#}¦ R. GORR. 2,103,6 wohl fehlerhaft; vgl. 〔2,94,6〕 der anderen Ausgg.
ketanaka	16385	7-334-b	absent	N	Y	N	{#ketanaka#}¦ 6.
ketar	16387	7-334-b	absent	N	Y	N	{#ketar#}¦ m. {%eine best. Personification%} (als Agni erklärt) PĀR. GṚHY. 3,4,14. [Page7-334-c] {#ketA#} f. nach STENZL
ketayitar	7096	5-252-c	absent	N	Y	N	{#ketayitar#}¦ Nom. ag. {%Aufforderer%}. f. {#˚trI#} SĀY. zu ṚV. 1,113,19.
ketayitar	16386	7-334-b	absent	N	Y	N	{#ketayitar#}¦ 5.
kevalAnvayikevalavyatirekagranTa	3084	2-299-a	absent	N	Y	N	{#kevalAnvayikevalavyatirekagranTa#} m. und {#kevalAnvayin#} m.¦ Titel von Werken OPP. Cat. 1.
kevalAnvayikevalavyatirekagranTa	16399	7-334-c	absent	N	Y	N	{#kevalAnvayikevalavyatirekagranTa#} u. {#kevalAnvayin#}¦ 2.
kfcCravyavAya	8831	6-300-b	absent	N	Y	N	{#kfcCravyavAya#}¦ Adj. {%Beschwerden beim coitus bietend%}. Nom. abstr. {#˚tA#} f. CARAKA 1,21.
kfcCravyavAya	16306	7-333-d	absent	N	Y	N	{#kfcCravyavAya#}¦ 6.
kfdantatattvaboDinI	3067	2-299-a	absent	N	Y	N	{{Lbody=3067}}
kfdantatattvaboDinI	16335	7-334-a	absent	N	Y	N	{#kfdantatattvaboDinI#}¦ 2.
kftAntAy	8833	6-300-b	absent	N	Y	N	{#kftAntAy#}¦, {#˚yate#} {%dem Todesgotte gleichen%} RUDRAṬĀLAṂKĀRAṬ. 131,b.
kftAntAy	16322	7-334-a	absent	N	Y	N	{#kftAntAy#}¦ 6.
kftaDAra	4485	3-260-a	absent	N	Y	N	{#kftaDAra#}¦ Adj. {%geschärft, scharf%} MBH. 7,87,4.
kftaDAra	16310	7-333-d	absent	N	Y	N	{#kftaDAra#} und {#kftanAmaka#}¦ 3.
kftamOna	5558	4-298-a	absent	N	Y	N	{#kftamOna#}¦ Adj. {%Stillschweigen beobachtend%}. Nom. abstr. {#˚tva#} n. KATHĀS. 7,23.
kftamOna	16314	7-333-d	absent	N	Y	N	{{Lbody=16314}}
kftamUla	5556	4-298-a	absent	N	Y	N	{#kftamUla#}¦ Adj. {%fest wurzelnd, festen Fuss gefasst habend%} MBH. 1,202,11. 2,5,109. Spr. 6827.
kftamUla	16314	7-333-d	absent	N	Y	N	{{Lbody=16314}}
kftasaMpuwa	8832	6-300-b	absent	N	Y	N	{#kftasaMpuwa#}¦ Adj. = {#kftAYjali#} 1〉 Verz. d.Oxf. H. 62, a, 10.
kftasaMpuwa	16320	7-333-d	absent	N	Y	N	{#kftasaMpuwa#}¦ 6.
kftayantraRa	5559	4-298-a	absent	N	Y	N	{#kftayantraRa#}¦ Adj. (f. {#A#}) {%sich Zwang anthuend, sich beherrschend%} KATHĀS. 61,294.
kftayantraRa	16314	7-333-d	absent	N	Y	N	{{Lbody=16314}}
kftayugAy	5560	4-298-a	absent	N	Y	N	{#kftayugAy#}¦, {#˚yate#} {%wie das goldene Zeitalter erscheinen%} PRATĀPAR. 376,11.
kftayugAy	16316	7-333-d	absent	N	Y	N	{#kftayugAy#}¦ 4.
kftrimamARikyamaya	5561	4-298-a	absent	N	Y	N	{#kftrimamARikyamaya#}¦ Adj. {%aus falschen Rubinen bestehend%} KATHĀS. 24,133.
kftrimamARikyamaya	16333	7-334-a	absent	N	Y	N	{#kftrimamARikyamaya#} u. {#kftsnavIta/#}¦ 4.
kftsnAyatana	16334	7-334-a	absent	Y	Y	N	{#*˚kftsnAyatana#}¦ n. {%eine best. mystische Uebung%} (den Geist zu concentriren u. s. w.), deren 10 MAHĀVY. 72.
kfttikAmAhAtmya	3067	2-299-a	absent	N	Y	N	{#kfttikAmAhAtmya#} n. und {#kfdantatattvaboDinI#} f.¦ Titel zweier Werke OPP. Cat. 1.
kfttikAmAhAtmya	16330	7-334-a	absent	N	Y	N	{#kfttikAmAhAtmya#}¦ 2.
kfttikAputra	16329	7-334-a	absent	N	Y	N	{#kfttikAputra#}¦ m. Metron. Skandaʼs AV. PARIŚ. 20,6.
kfzIvant	16349	7-334-a	absent	N	Y	N	{#kfzIvant#}¦ m. {%Ackerbauer%} DHARMAŚARMĀBHY. 11,35.
kfzRAjAjI	16377	7-334-b	absent	N	Y	N	{#kfzRAjAjI#}¦ f. {%Nigella indica%} MBH. 13,91,40.
kfzRAjinA	16378	7-334-b	absent	N	Y	N	{#kfzRAjinA#}¦ f. N. pr. einer Frau JĀTAKAM. 9.
kfzRAnadImAhAtmya	3080	2-299-a	absent	N	Y	N	{{Lbody=3080}}
kfzRAnadImAhAtmya	16380	7-334-b	absent	N	Y	N	{#kfzRAnadImAhAtmya#}, {#kfzRArcana#} und {#kfzRArjunIya#}¦ 2.
kfzRArcana	3080	2-299-a	absent	N	Y	N	{{Lbody=3080}}
kfzRArcana	16380	7-334-b	absent	N	Y	N	{{Lbody=16380}}
kfzRArjunIya	3080	2-299-a	absent	N	Y	N	{{Lbody=3080}}
kfzRArjunIya	16380	7-334-b	absent	N	Y	N	{{Lbody=16380}}
kfzRAvatAracarita	3080	2-299-a	absent	N	Y	N	{{Lbody=3080}}
kfzRAvatAracarita	16382	7-334-b	absent	N	Y	N	{#kfzRAvatAracarita#}, {#kfzRAzwaka#}, {#kfzRAzwamIvrata#} und {#kfzRodanta#}¦ 2.
kfzRAzwaka	3080	2-299-a	absent	N	Y	N	{{Lbody=3080}}
kfzRAzwaka	16382	7-334-b	absent	N	Y	N	{{Lbody=16382}}
kfzRAzwamIvrata	3080	2-299-a	absent	N	Y	N	{{Lbody=3080}}
kfzRAzwamIvrata	16382	7-334-b	absent	N	Y	N	{{Lbody=16382}}
kfzRacUrRikA	3069	2-299-a	absent	N	Y	N	{{Lbody=3069}}
kfzRacUrRikA	16353	7-334-b	absent	N	Y	N	{{Lbody=16353}}
kfzRacarita	3069	2-299-a	absent	N	Y	N	{#kfzRacarita#} n. und {#kfzRacUrRikA#} f.¦ Titel zweier Werke OPP. Cat. 1.
kfzRacarita	16353	7-334-b	absent	N	Y	N	{#kfzRacarita#} und {#kfzRacUrRikA#}¦ 2.
kfzRanAmAzwottara	3072	2-299-a	absent	N	Y	N	{#kfzRanAmAzwottara#}¦ n. Titel eines Werkes OPP. Cat. 1.
kfzRanAmAzwottara	16359	7-334-b	absent	N	Y	N	{#kfzRanAmAzwottara#}¦ 2.
kfzRapaRqitIya	3073	2-299-a	absent	N	Y	N	{#kfzRapaRqitIya#}¦ n. Kṛṣṇapaṇḍitaʼs {%Werk%} OPP. Cat.
kfzRapaRqitIya	16361	7-334-b	absent	N	Y	N	{#kfzRapaRqitIya#}¦ 2.
kfzRavijaya	3078	2-299-a	absent	N	Y	N	{#kfzRavijaya#} m., {#kfzRavilAsa#} m. und {#kfzRavratamAhAtmya#} n.¦ Titel von Werken OPP. Cat. 1.
kfzRavijaya	16368	7-334-b	absent	N	Y	N	{#kfzRavijaya#}, {#kfzRavilAsa#} und {#kfzRavratamAhAtmya#}¦ 2.
kfzRavilAsa	3078	2-299-a	absent	N	Y	N	{{Lbody=3078}}
kfzRavilAsa	16368	7-334-b	absent	N	Y	N	{{Lbody=16368}}
kfzRavratamAhAtmya	3078	2-299-a	absent	N	Y	N	{{Lbody=3078}}
kfzRavratamAhAtmya	16368	7-334-b	absent	N	Y	N	{{Lbody=16368}}
kfzRodanta	3080	2-299-a	absent	N	Y	N	{{Lbody=3080}}
kfzRodanta	16382	7-334-b	absent	N	Y	N	{{Lbody=16382}}
kfzwamatI	7093	5-252-c	absent	N	Y	N	{#kfzwamatI#}¦ Adv. mit {#kar#} {%pflügen und walzen%} HEM. PAR. 2,357. Vgl. {#matI#}.
kfzwamatI	16350	7-334-b	absent	N	Y	N	{#kfzwamatI#} und {#kfzwasamI#}¦ 5.
kfzwasamI	7094	5-252-c	absent	N	Y	N	{#kfzwasamI#}¦ Adv. mit {#kar#} dass. ŚIŚ. 12,21.
kfzwasamI	16350	7-334-b	absent	N	Y	N	{{Lbody=16350}}
kiMDenu	16107	7-332-b	absent	N	Y	N	{#kiMDenu#}¦ f. {%eine gemeine, gewöhnliche Kuh%} Ind. Antiq. 1887, S. 65, V. 10.
kiMdarA	7056	5-252-a	absent	N	Y	N	{#*kiMdarA#}¦ f. {%die Laute der%} Caṇḍāla ZACH. Beitr. Vgl. {#kiMnarA, kiMnarI#}.
kiMdarA	16105	7-332-b	absent	N	Y	N	{#kiMdarA#}¦ 5.
kiMdravya	4447	3-259-c	absent	N	Y	N	{#kiMdravya#}¦ Adj. (f. {#A#}) {%aus welchem Stoffe bestehend ?%} MBH. 2,6,16.
kiMdravya	16106	7-332-b	absent	N	Y	N	{#kiMdravya#}¦ 3.
kiMhetu	4445	3-259-c	absent	N	Y	N	{#kiMhetu#}¦ Adj. {%welchen Grund habend ?%} MAHĀVĪRAC. 103,19.
kiMhetu	16096	7-332-b	absent	N	Y	N	{#kiMhetu#}¦ 3.
kiMkaraRIyatA	16098	7-332-b	absent	Y	Y	N	{#*kiMkaraRIyatA#}¦ f. = {#kiMkartavyatA#} MAHĀVY. 245.
kiMnarikA	16109	7-332-b	absent	N	Y	N	{#kiMnarikA#}¦ f. = {#kiMnarA#} 2〉 KATHĀS. 37,71.
kiMnibanDana	4448	3-259-c	absent	N	Y	N	{#kiMnibanDana#}¦ Adj. (f. {#A#}) {%wodurch veranlasst ? worauf beruhend ?%}
kiMnibanDana	16110	7-332-c	absent	N	Y	N	{#kiMnibanDana#}¦ 3.
kiMpavitra	4450	3-259-c	absent	N	Y	N	{#kiM/pavitra#}¦ Adj. {%wodurch Läuterung erhaltend ?%} TS. 6,4,5,3.
kiMpavitra	16114	7-332-c	absent	N	Y	N	{#kiM/pavitra#}¦ 3.
kiMpratyaya	5540	4-297-c	absent	N	Y	N	{#kiMpratyaya#}¦ Adj. (f. {#A#}) {%welche Ursache habend ? wodurch bedingt ?%} LALIT. 442,4. fgg.
kiMpratyaya	16115	7-332-c	absent	N	Y	N	{#kiMpratyaya#}¦ 4.
kiMvistAra	4444	3-259-c	absent	N	Y	N	{#kiMvistAra#}¦ Adj. (f. {#A#}) {%von welchem Umfange ?%} MBH. 2,6,16.
kiMvistAra	16094	7-332-b	absent	N	Y	N	{#kiMvistAra#}¦ 3.
kiRI	16103	7-332-b	absent	N	Y	N	{#kiRI#}¦ Adv. mit {#kar#} {%schwielig machen%} SUBHĀṢITĀV. 3217.
kiSorAjIya	3017	2-298-b	absent	N	Y	N	{#kiSorAjIya#}¦ n. Titel eines Werkes OPP. Cat. 1.
kiSorAjIya	16128	7-332-c	absent	N	Y	N	{#kiSorAjIya#}¦ 2.
kikviwa	7055	5-252-a	absent	N	Y	N	{#kikviwa#}¦ oder {#˚wA#} {%ein best. Lockton%} Comm. zu TBR. 1,1,9,9. Vgl. {#kikkiwA/#}.
kikviwa	16097	7-332-b	absent	N	Y	N	{#kikviwa#}¦ oder {#˚wA#} 5.
kilAla	16121	7-332-c	absent	N	Y	N	{{Lbody=16121}}
kilAqa	16121	7-332-c	absent	Y	Y	N	{#*kilAqa#} und {#*kilAla#}¦ MAHĀVY. 230,9 wohl = {#kilAwa#} oder {#kIlAla#} 1〉.
kilAsaMBava	5541	4-297-c	absent	N	Y	N	{#kilAsaMBava#}¦ m. {%das Räudigwerden%} KĀṬH. 33,4.
kilAsaMBava	16122	7-332-c	absent	N	Y	N	{#kilAsaMBava#}¦ 4.
kilikilAyita	16124	7-332-c	absent	Y	Y	N	{#*kilikilAyita#}¦ n. dass. MAHĀVY. 138,28, v. l. (besser).
kimAhAravihArin	7057	5-252-a	absent	N	Y	N	{#kimAhAravihArin#}¦ Adj. {%welche Speise geniessend und welchen Vergnügungen nachgehend ?%} HARIV. 11171.
kimAhAravihArin	16113	7-332-c	absent	N	Y	N	{#kimAhAravihArin#}¦ 5.
kimAyata	4449	3-259-c	absent	N	Y	N	{#kimAyata#}¦ Adj. (f. {#A#}) {%von welcher Länge ?%} MBH. 2,6,16.
kimAyata	16112	7-332-c	absent	N	Y	N	{#kimAyata#}¦ 3.
kintamAm	16104	7-332-b	absent	N	Y	N	{#*kintamAm#} und {#*kintarAm#}¦ Adv. P. 5,4,11.
kintarAm	16104	7-332-b	absent	N	Y	N	{{Lbody=16104}}
kirIwavatsa	16119	7-332-c	absent	N	Y	N	{#kirIwavatsa#}¦ m. N. pr. eines Mannes JĀTAKAM. 13.
kiridra	3014	2-298-b	absent	N	Y	Y	{#kiridra#}¦ Adj. KAP. S. 27,6 statt {#vikriqa#} MAITR. S. 2,9,9.
kiridra	16117	7-332-c	absent	N	Y	Y	{{Lbody=16117}}
kirikARa	3013	2-298-b	absent	N	Y	N	{#*kirikARa#}¦ Adj. = {#girikARa#} ebend.
kirikARa	16117	7-332-c	absent	N	Y	N	{#kirikARa#} und {#kiridra#}¦ 2.
kiwf	16102	7-332-b	absent	N	Y	N	{#kiwf#}¦, das *vor {#lOha#} zu streichen.
klomaka	16530	7-335-c	absent	Y	Y	N	{#*klomaka#}¦ m. = {#kloman#} MAHĀVY. 189,90.
koSakzaya	16447	7-334-d	absent	N	Y	N	{#koSakzaya#}¦ m. {%Verlust des Schatzes%} MBH. 12,320,44.
kokanaday	5569	4-298-a	absent	N	Y	N	{#kokanaday#}¦, {#˚yati#} {%für eine rothe Wasserlilie halten%} BHĀM. V. 2,149.
kokanaday	16426	7-334-d	absent	N	Y	N	{#kokanaday#}¦ 4.
kowambaka	16431	7-334-d	absent	Y	Y	N	{#*kowambaka#}¦ m. {%eine Art Zeug%} MAHĀVY. 280,5.
kowanaka	16430	7-334-d	absent	N	Y	N	{#*kowanaka#}¦ in {#gaRqI˚#}. Vgl. 4. {#kuw#}.
kowaravant	22353	7-387-c	absent	N	Y	N	{#kowaravant#}¦ Adj. {%Höhlen habend%} MĀLATĪM. (ed. Bomb.) 305,2.
kowiSatasahasratama	4507	3-260-b	absent	N	Y	N	{#kowiSatasahasratama#}¦ Adj. (f. {#I#}) {%der 1000000,000000 ste%} ebend.
kowiSatasahasratama	16436	7-334-d	absent	N	Y	N	{{Lbody=16436}}
kowiSatatama	4506	3-260-b	absent	N	Y	N	{#kowiSatatama#}¦ Adj. (f. {#I#}) {%der 1000,000000ste%} ebend.
kowiSatatama	16436	7-334-d	absent	N	Y	N	{#kowiSatatama#} und {#kowiSatasahasratama#}¦ 3.
kowikarRa	22354	7-387-c	absent	N	Y	Y	{#kowikarRa#}¦ II. Wohl nur Bein. {#kowI˚#} DIVYĀVAD. 3,8. fgg.
kowiniyutaSatasahasratama	4505	3-260-b	absent	N	Y	N	{#kowiniyutaSatasahasratama#}¦ Adj. (f. {#I#}) {%der%} — (nicht genau zu bestimmen) {%ste%} VAJRACCH. 35,9.
kowiniyutaSatasahasratama	16434	7-334-d	absent	N	Y	N	{#kowiniyutaSatasahasratama#}¦ 3.
kowiviraha	3090	2-299-b	absent	N	Y	N	{#kowiviraha#}¦ m. Titel eines Werkes OPP. Cat. 1.
kowiviraha	16435	7-334-d	absent	N	Y	N	{#kowiviraha#}¦ 2.
kozWANga	16453	7-334-d	absent	N	Y	N	{#kozWANga#}¦ n. {%ein Theil der Eingeweide%} (deren 15) CARAKA 371,1.
kozWI	8841	6-300-b	absent	N	Y	N	{#kozWI#}¦ Adv. mit {#kar#} {%einschliessen, umzingeln%} MBH. 6,101,32.
kozWI	16454	7-334-d	absent	N	Y	N	{#kozWI#}¦ 6.
krARAya	16493	7-335-b	absent	N	Y	N	{{Lbody=16493}}
krIqAparicCeda	4521	3-260-b	absent	N	Y	N	{#krIqAparicCeda#}¦ m. {%Spielzeug%}.
krIqAparicCeda	16506	7-335-b	absent	N	Y	N	{#krIqAparicCeda#}¦ 3.
krIqArudrAy	5575	4-298-b	absent	N	Y	N	{#krIqArudrAy#}¦, {#˚yate#} {%im Spiele%} Rudra {%gleichen%} Z. d. d. m. G. 36,529.
krIqArudrAy	16508	7-335-b	absent	N	Y	N	{#krIqArudrAy#}¦ 4.
krOYcaGAtin	16521	7-335-c	absent	N	Y	N	{#krOYcaGAtin#}¦ m. Bein. Skandaʼs VĀYU-P. 1,41,42.
kreNkAray	22356	7-387-c	absent	N	Y	N	{#kreNkAray#}¦, {#˚yati#} {%den Laut%} {#kreN#} {%hervorbringen%} (von einem Wasservogel) DAMAYANTĪK. 79. 94. 186.
kriyAdIpa	3099	2-299-b	absent	N	Y	N	{{Lbody=3099}}
kriyAdIpa	16500	7-335-b	absent	N	Y	N	{{Lbody=16500}}
kriyAgopana	3099	2-299-b	absent	N	Y	N	{{Lbody=3099}}
kriyAgopana	16500	7-335-b	absent	N	Y	N	{#kriyAgopana#}, {#kriyAdIpa#}, {#kriyAniGaRwu#} und {#kriyApradIpa#}¦ 2.
kriyAkEravacandrikA	3099	2-299-b	absent	N	Y	N	{#kriyAkEravacandrikA#} f., {#kriyAgopana#} n., {#kriyAdIpa#} m., {#kriyAniGaRwu#} m. und {#kriyApradIpa#} m.¦ Titel von
kriyAkEravacandrikA	16498	7-335-b	absent	N	Y	N	{#kriyAkEravacandrikA#}¦ 2.
kriyAniGaRwu	3099	2-299-b	absent	N	Y	N	{{Lbody=3099}}
kriyAniGaRwu	16500	7-335-b	absent	N	Y	N	{{Lbody=16500}}
kriyApradIpa	3099	2-299-b	absent	N	Y	N	{{Lbody=3099}}
kriyApradIpa	16500	7-335-b	absent	N	Y	N	{{Lbody=16500}}
krozwar	16519	7-335-c	absent	N	Y	Y	{#krozwar#}¦ II. f. auch {%*das Weibchen des Schakals%}.
kruDmin	16510	7-335-b	absent	N	Y	Y	{{Lbody=16510}}
kuRWASmamAlAmaya	5542	4-297-c	absent	N	Y	N	{#kuRWASmamAlAmaya#}¦ Adj. {%aus einer langen Reihe stumpfer Steine bestehend%} Spr. 3162.
kuRWASmamAlAmaya	16170	7-332-d	absent	N	Y	N	{#kuRWASmamAlAmaya#}¦ 4.
kuRqamARqahomaviDi	3024	2-298-b	absent	N	Y	N	{#kuRqamARqahomaviDi#}¦ m. Titel eines Werkes OPP. Cat. 1.
kuRqamARqahomaviDi	16172	7-332-d	absent	N	Y	N	{#kuRqamARqahomaviDi#}¦ 2.
kuRqikopanizad	3026	2-298-b	absent	N	Y	N	{#kuRqikopanizad#}¦ f. Titel einer Upaniṣad OPP. Cat. 1.
kuRqikopanizad	16175	7-332-d	absent	N	Y	N	{#kuRqikopanizad#} u. {#kuRqyAgrI/ya#}¦ 2.
kuRqyAgrIya	3027	2-298-b	absent	N	Y	N	{#kuRqyAgrI/ya#}¦ n. {%eine Lage —, ein Zustand, wie wenn man einen Krug auf den Kopf stellt,%} MAITR. S. 1,6,10.
kuRqyAgrIya	16175	7-332-d	absent	N	Y	N	{{Lbody=16175}}
kuSalAnAmaya	8825	6-300-b	absent	N	Y	N	{#kuSalAnAmaya#}¦ n. Sg. {%Gesundheit und Wohlergehen%} R. 1,20,10.
kuSalAnAmaya	16259	7-333-c	absent	N	Y	N	{#kuSalAnAmaya#}¦ 6.
kuSalavopAKyAna	3050	2-298-c	absent	N	Y	N	{#kuSalavopAKyAna#}¦ n. Titel eines Werkes OPP. Cat. 1.
kuSalavopAKyAna	16258	7-333-c	absent	N	Y	N	{#kuSalavopAKyAna#}¦ 2.
kuSavartaka	4476	3-260-a	absent	N	Y	N	{#kuSavartaka#}¦ AV. 20,131,9.
kuSavartaka	16260	7-333-c	absent	N	Y	N	{{Lbody=16260}}
kuSeSalocanA	16263	7-333-c	absent	N	Y	N	{#kuSeSalocanA#}¦ 4.
kuTahArI	8819	6-300-b	absent	N	Y	N	{{Lbody=8819}}
kuTahAra	8819	6-300-b	absent	N	Y	N	{{Lbody=8819}}
kuTahAra	16185	7-333-a	absent	N	Y	N	{#kuTahAra#}, {#˚hAri#}¦ oder {#˚hArI#} 6.
kuTahAri	8819	6-300-b	absent	N	Y	N	{{Lbody=8819}}
kuTahAri	16185	7-333-a	absent	N	Y	N	{{Lbody=16185}}
kuYjavant	4456	3-259-c	absent	N	Y	N	{#kuYjavant#}¦ m. N. pr. eines Theiles des DaṇḍakaWaldes MAHĀVĪRAC. 79,20.
kuYjavant	16156	7-332-d	absent	N	Y	N	{{Lbody=16156}}
kuberI	16197	7-333-a	absent	N	Y	N	{#kuberI#}¦ f. N. pr. einer Oertlichkeit Festgr. 57.
kuberasena	3036	2-298-c	absent	N	Y	N	{#kuberasena#}¦ N. pr. 1〉 m. eines Kaufmanns HEM. PAR. 2,81. — 2〉 f. {#A#} einer Hetäre 2,224.
kuberasena	16196	7-333-a	absent	N	Y	N	{#kuberasena#}¦ 2.
kubjottarA	16200	7-333-a	absent	N	Y	N	{#kubjottarA#}¦ f. N. pr. einer Nonne JĀTAKAM. 19,35. DIVYĀVAD. 533,5. 539,16. fgg.
kucapawwikA	4454	3-259-c	absent	N	Y	N	{#kucapawwikA#}¦ f. {%Busentuch%}.
kucapawwikA	16153	7-332-d	absent	N	Y	N	{#kucapawwikA#}¦ 3.
kucasTalI	16154	7-332-d	absent	N	Y	N	{#kucasTalI#}¦ f. {%die weibliche Brust%} DHARMAŚARMĀBHY. 12,9.
kucelavftta	3022	2-298-b	absent	N	Y	N	{#kucelavftta#} n. und {#kucelopAKyAna#} n.¦ Titel zweier Werke OPP. Cat. 1.
kucelavftta	16155	7-332-d	absent	N	Y	N	{#kucelavftta#} und {#kucelopAKyAna#}¦ 2.
kucelopAKyAna	3022	2-298-b	absent	N	Y	N	{{Lbody=3022}}
kucelopAKyAna	16155	7-332-d	absent	N	Y	N	{{Lbody=16155}}
kudevendra	16186	7-333-a	absent	N	Y	N	{#kudevendra#}¦ m. {%ein schlechter Götterfürst%} (Indra), Bez. Nahuṣaʼs MBH. 13,99,25.
kudrIcISaPa	16187	7-333-a	absent	N	Y	N	{#kudrIcISaPa#}¦ m. {%eine best. Pflanze%} KAUŚ. 50,22.
kugaRa	16150	7-332-d	absent	Y	Y	N	{#*kugaRa#}¦ Adj. = {#kugaRin#} MAHĀVY. 245,206.
kuguru	16151	7-332-d	absent	N	Y	N	{#kuguru#}¦ m. {%ein schlechter%} Guru Festgr. 58.
kukarmapaYcAnana	4453	3-259-c	absent	N	Y	N	{#kukarmapaYcAnana#}¦ m. N. pr. eines Mannes KAUTUKAS.
kukarmapaYcAnana	16144	7-332-c	absent	N	Y	N	{#kukarmapaYcAnana#}¦ 3.
kukkusa	3021	2-298-b	absent	N	Y	N	{#*kukkusa#}¦ {%Spreu%} (?) ŚĪLĀṄKA 2,71.
kukusa	16146	7-332-d	absent	N	Y	N	{#kukusa#}¦ m. Pl. DĀRILA zu KAUŚ. 42,20. = {#kukkusa#} 2.
kulaBAvana	5547	4-298-a	absent	N	Y	N	{#kulaBAvana#}¦ Adj. {%ein Geschlecht gründend%} MBH. 3,293,14.
kulaBAvana	16238	7-333-b	absent	N	Y	N	{#kulaBAvana#} und {#kulamfgadfS#}¦ 4.
kuladUzaka	16234	7-333-b	absent	Y	Y	N	{#*kuladUzaka#}¦ Adj. {%die Familie schändend%} MAHĀVY. 258.
kulamfgadfS	5548	4-298-a	absent	N	Y	N	{#kulamfgadfS#}¦ f. {%eine tugendhafte Frau%} BHĀM. V. 2,77.
kulamfgadfS	16238	7-333-b	absent	N	Y	N	{{Lbody=16238}}
kulatattvanirUpaRa	3044	2-298-c	absent	N	Y	N	{{Lbody=3044}}
kulatattvanirUpaRa	16233	7-333-b	absent	N	Y	N	{#kulatattvanirUpaRa#}¦ 2.
kullUkaBawwIya	3047	2-298-c	absent	N	Y	N	{#kullUkaBawwIya#}¦ n. Kullūkaʼs {%Werk%} (Commantar zu Manu) OPP. Cat. 1.
kullUkaBawwIya	16249	7-333-c	absent	N	Y	N	{#kullUkaBawwIya#} u. {#kuvalayAmodinI#}¦ 2.
kulmAzapiRqI	16247	7-333-b	absent	N	Y	N	{#kulmAzapiRqI#}¦ f. {%ein best. Gericht%} [Page7-333-c] JĀTAKAM. 3,4. 5. 12.
kulopaka	16245	7-333-b	absent	N	Y	N	{#kulopaka#}¦ m. {%Hausfreund, ein guter Bekannter%} DIVYĀVAD. 307,2.
kulopakaraRaSAlA	16246	7-333-b	absent	N	Y	N	{#kulopakaraRaSAlA#}¦ f. {%Rathhaus%} DIVYĀVAD. 126,23.
kuluRWaka	7079	5-252-b	absent	N	Y	N	{#kuluRWaka#}¦ m. {%Knüttel%} HARṢAC. (1936) 447,9.
kuluRWaka	16243	7-333-b	absent	N	Y	N	{{Lbody=16243}}
kumAraBukti	4468	3-259-c	absent	N	Y	N	{#kumAraBukti#}¦ f. {%wovon der Kronprinz den Niessbrauch [Page3-260-a] hat, Apanage des Kronprinzen%} MAHĀVĪRAC. 55,9.
kumAraBukti	16207	7-333-a	absent	N	Y	N	{#kumAraBukti#}¦ 3.
kumArajAti	3039	2-298-c	absent	N	Y	N	{#kumArajAti#}¦ f. {%eine best. Gesangsweise%} HARIV. 2,89,78.
kumArajAti	16203	7-333-a	absent	N	Y	N	{#kumArajAti#}¦ 2.
kumAravant	8820	6-300-b	absent	N	Y	N	{#kumAra/vant#}¦ m. N. pr. eines Mannes MAITR. S. 4,2,6.
kumAravant	16209	7-333-a	absent	N	Y	N	{#kumAra/vant#}¦ 6.
kumBaGoRamAhAtmya	3042	2-298-c	absent	N	Y	N	{#kumBaGoRamAhAtmya#}¦ n. Titel eines Werkes OPP. Cat. 1.
kumBaGoRamAhAtmya	16214	7-333-b	absent	N	Y	N	{{Lbody=16214}}
kumBagrIva	3041	2-298-c	absent	N	Y	N	{#*kumBagrIva#}¦ m. {%eine Art Gefäss%} DEŚĪN. 2,20.
kumBagrIva	16214	7-333-b	absent	N	Y	N	{{Lbody=16214}}
kumBakft	3040	2-298-c	absent	N	Y	N	{#kumBakft#}¦ m. {%Töpfer%} HEM. PAR. 2,328.
kumBakft	16214	7-333-b	absent	N	Y	N	{#kumBakft#}, {#kumBagrIva#} und {#kumBaGoRamAhAtmya#}¦ 2.
kumatisAgara	4466	3-259-c	absent	N	Y	N	{#kumatisAgara#}¦ m. N. pr. eines Mannes KAUTUKAS.
kumatisAgara	16202	7-333-a	absent	N	Y	N	{#kumatisAgara#}¦ 3.
kumftyu	7069	5-252-b	absent	N	Y	N	{#kumftyu#}¦ Adj. {%einen schlechten Tod habend%} HEM. PAR. 2,108.
kumftyu	16213	7-333-b	absent	N	Y	N	{#kumftyu#}¦ 5.
kumudAy	8822	6-300-b	absent	N	Y	N	{#kumudAy#}¦, {#˚yate#} {%einer weissen Lotusblüthe gleichen%} KĀVYĀL. 8,24.
kumudAy	16212	7-333-a	absent	N	Y	N	{#kumudAy#}¦ 6.
kunaya	4462	3-259-c	absent	N	Y	N	{#kunaya#}¦ m. {%schlechte Aufführung%} KAUTUKAS. 21.
kunaya	16188	7-333-a	absent	N	Y	N	{#kunaya#} und {#kunayana#}¦ 3.
kunayana	4463	3-259-c	absent	N	Y	N	{#kunayana#}¦ Adj. {%mit bösen (zornigen) Augen%} KAUTUKAS. 1.
kunayana	16188	7-333-a	absent	N	Y	N	{{Lbody=16188}}
kundA	22342	7-387-b	absent	N	Y	N	{#kundA#}¦ f. ein Frauenname ebend. 247.
kundaputra	3032	2-298-c	absent	N	Y	N	{#kundaputra#}¦ m. N. pr. eines Prākrit-Dichters HĀLA 136.
kundaputra	16192	7-333-a	absent	N	Y	N	{#kundaputra#}¦ 2.
kupaWita	4465	3-259-c	absent	N	Y	N	{#kupaWita#}¦ Adj. {%der schlecht%} (seine Rolle) {%gelernt hat%} Spr. 6284.
kupanTan	3033	2-298-c	absent	N	Y	N	{#kupanTan#}¦ Adj. {%auf Irrwegen sich befindend%} Mon. d. B. A. 1880, S. 46, Z. 27.
kupanTan	16194	7-333-a	absent	N	Y	N	{#kupanTan#}¦ 2.
kuqyasTa	16167	7-332-d	absent	N	Y	N	{#kuqyasTa#}¦ Adj. {%hinter einer Wand befindlich%} ANIRUDDHA zu SĀṂKHYAS. 1,108.
kurAra	3043	2-298-c	absent	N	Y	N	{#kurAra#}¦ m. = {#kulAla#} {%Töpfer%} KĀṬH. 17,13.
kurAra	16224	7-333-b	absent	N	Y	N	{#kurAra#} und {#kurukApurImAhAtmya#}¦ 2.
kuraNgadfS	16220	7-333-b	absent	N	Y	N	{#kuraNgadfS#}¦ f. {%eine Gazellenäugige%} RUDRAṬA, ŚṚṄGĀRAT. 1,34.
kurahasya	7072	5-252-b	absent	N	Y	N	{#kurahasya#}¦ n. {%ein niederträchtiges Geheimniss%} KATHĀS. 32,140.
kurahasya	16223	7-333-b	absent	N	Y	N	{#kurahasya#}¦ 5.
kurkuwArAma	16230	7-333-b	absent	N	Y	N	{#kurkuwArAma#}¦ m. = {#kukkuwA˚#} DIVYĀVAD. 375,7. 381,12. 384,28.
kurukApurImAhAtmya	3044	2-298-c	absent	N	Y	N	{#kurukApurImAhAtmya#} n. und {#kulatattvanirUpaRa#} n.¦ Titel zweier Werke OPP. Cat. 1.
kurukApurImAhAtmya	16224	7-333-b	absent	N	Y	N	{{Lbody=16224}}
kurukuci	16225	7-333-b	absent	Y	Y	N	{#*kurukuci#}¦ Adj. MAHĀVY. 127,50 wohl = {#mAyAvin#}.
kusumabARavilAsa	3052	2-298-c	absent	N	Y	N	{#kusumabARavilAsa#}¦ m. Titel eines Werkes OPP. Cat. 1.
kusumabARavilAsa	16270	7-333-c	absent	N	Y	N	{#kusumabARavilAsa#} u. {#kusumamAlA#}¦ 2.
kusumamAsa	16271	7-333-c	absent	N	Y	N	{#kusumamAsa#}¦ m. {%Blüthen-, Frühlingsmonat%} JĀTAKAM. 31.
kusumay	8828	6-300-b	absent	N	Y	Y	{#kusumay#}¦ auch {%mit Blüthen versehen%} ŚIŚ. 6,62.
kusumay	16272	7-333-c	absent	N	Y	Y	{#kusumay#}¦ II. 6.
kutIrTika	3029	2-298-b	absent	N	Y	N	{#kutIrTika#}¦ m. {%ein schlechter Lehrer%} HEM. PAR. 13,88.
kutIrTika	16180	7-333-a	absent	N	Y	N	{#kutIrTika#} und {#kutUhalavftti#}¦ 2.
kutUhalavftti	3030	2-298-b	absent	N	Y	N	{#kutUhalavftti#}¦ f. Titel eines Werkes OPP. Cat. 1.
kutUhalavftti	16180	7-333-a	absent	N	Y	N	{{Lbody=16180}}
kutUhalitA	4461	3-259-c	absent	N	Y	N	{#˚kutUhalitA#}¦ f. {%Neugier, Verlangen nach%} CAṆḌAK. 74,3.
kutUhalitA	16182	7-333-a	absent	N	Y	N	{#kutUhalitA#}¦ 3. Auch PĀRV. 579,18.
kutarkaKaRqana	3028	2-298-b	absent	N	Y	N	{#kutarkaKaRqana#}¦ n. Titel eines Werkes OPP. Cat. 1.
kutarkaKaRqana	16178	7-333-a	absent	N	Y	N	{#kutarkaKaRqana#}¦ 2.
kutsanIya	16183	7-333-a	absent	Y	Y	N	{#*kutsanIya#}¦ Adj. {%tadelnswerth%} MAHĀVY. 132.
kutsay	16184	7-333-a	absent	N	Y	Y	{#kutsay#}¦ II. Med. JĀTAKAM. 23,24. — Mit {#vi#} = Simpl. 23.
kuvalayAmodinI	3048	2-298-c	absent	N	Y	N	{#kuvalayAmodinI#}¦ f. Titel eines Werkes OPP. Cat. 1.
kuvalayAmodinI	16249	7-333-c	absent	N	Y	N	{{Lbody=16249}}
kuvalayAy	8823	6-300-b	absent	N	Y	N	{#kuvalayAy#}¦, {#˚yate#} {%einer blauen Lotusblüthe gleichen%} ebend.
kuvalayAy	16250	7-333-c	absent	N	Y	N	{#kuvalayAy#}¦ 6.
kuwIrI	7063	5-252-b	absent	N	Y	N	{#kuwIrI#}¦ Adv. mit {#kar#} {%zur Hütte —, zur Wohnung erwählen%} VĀSAV. 264,2.
kuwIrI	16162	7-332-d	absent	N	Y	N	{#kuwIrI#}¦ 5.
kuwakaRWa	7062	5-252-b	absent	N	Y	N	{#*kuwakaRWa#}¦ m. {%ein best. Gefäss%} DEŚĪN. 2,20.
kuwakaRWa	16158	7-332-d	absent	N	Y	N	{#kuwakaRWa#}¦ 5.
kuwimaha	16160	7-332-d	absent	Y	Y	N	{#*kuwimaha#}¦ m. = {#kuwImaha#} MAHĀVY. 229.
kuwukuYcaka	16163	7-332-d	absent	N	Y	N	{#kuwukuYcaka#}¦ Adj. etwa {%knickerig, knauserig%} DIVYĀVAD. 8,3. 302,3.
kuwumbaparigraha	4458	3-259-c	absent	N	Y	N	{#kuwumbaparigraha#}¦ m. {%Hausgesinde, Familie%} PAÑCAT. 165,19.
kuwumbaparigraha	16164	7-332-d	absent	N	Y	N	{#kuwumbaparigraha#} und {#kuww#}¦ mit {#ni#} 3.
kuyavAca	7071	5-252-b	absent	N	Y	N	{{Lbody=7071}}
kzAradagDa	3108	2-299-b	absent	N	Y	N	{#kzAradagDa#}¦ n. {%Cauterium potentiale, Anwendung von Aetzmitteln%} (in der Chirurgie).
kzAradagDa	16573	7-335-d	absent	N	Y	N	{#kzAradagDa#}¦ 2.
kzIrod	8856	6-300-c	absent	N	Y	N	{#kzIrod#}¦, {#˚dati#} {%zum Milchmeer werden%} SUBHĀṢITĀV. 2614.
kzIrod	16589	7-336-a	absent	N	Y	N	{#kzIrod#}¦ 6.
kzaRikapakza	16540	7-335-c	absent	N	Y	N	{#kzaRikapakza#}¦ m. = {#kzaRikavAda#} ANIRUDDHA zu SĀṂKHYAS. 1,46.
kzaRikarAhusidDAnta	3105	2-299-b	absent	N	Y	N	{#kzaRikarAhusidDAnta#} m. und {#kzatriyajapaviDAna#} n.¦ Titel zweier Werke OPP. Cat. 1.
kzaRikarAhusidDAnta	16541	7-335-c	absent	N	Y	N	{#kzaRikarAhusidDAnta#}¦ 2.
kzamApana	5579	4-298-b	absent	N	Y	N	{#kzamApana#}¦ n. {%das um Verzeihung Bitten%} BHĀM. V. 2,63.
kzamI	7114	5-252-c	absent	N	Y	N	{#kzamI#}¦ Adv. mit {#BU#} {%in die Lage kommen Etwas%} (Dat.) {%zu vermögen%} HEM. PAR. 1,229.
kzamI	16558	7-335-d	absent	N	Y	N	{#kzamI#}¦ 5.
kzapakaSreRi	5578	4-298-b	absent	N	Y	N	{#kzapakaSreRi#}¦ f. {%das schrittweise Zerstören der sündhaften Zustände, von denen jeder die Ursache des folgenden ist
kzapakaSreRi	16551	7-335-d	absent	N	Y	N	{#kzapakaSreRi#}¦ 4.
kzatimant	8850	6-300-c	absent	N	Y	N	{#kzatimant#}¦ Adj. {%verwundet%} ŚIŚ. 19,78.
kzatimant	16543	7-335-c	absent	N	Y	N	{#kzatimant#}¦ 6.
kzatriyajapaviDAna	3105	2-299-b	absent	N	Y	N	{{Lbody=3105}}
kzatriyajapaviDAna	16546	7-335-d	absent	N	Y	N	{#kzatriyajapaviDAna#}¦ 2.
kzatryarzaBa	22357	7-387-c	absent	N	Y	N	{#kzatryarzaBa#}¦ m. = {#kzatriyarzaBa#} R. 3,75,2.
kzemaRIya	16610	7-336-a	absent	N	Y	N	{#kzemaRIya#}¦ (!) Adj. Compar. {#˚tara#} {%behaglicher, von besserer Gesundheit%} DIVYĀVAD. 110,2.
kzetrAnukramaRI	3116	2-299-b	absent	N	Y	N	{#kzetrAnukramaRI#}¦ f. Titel eines Werkes OPP. Cat. 1.
kzetrAnukramaRI	16606	7-336-a	absent	N	Y	N	{#kzetrAnukramaRI#}¦ 2.
kzetranirmARaniDi	16602	7-336-a	absent	N	Y	N	{#kzetranirmARaniDi#}¦ 2.
kzetranirmARaviDi	3114	2-299-b	absent	N	Y	N	{#kzetranirmARaviDi#}¦ m. Titel eines Werkes OPP. Cat. 1.
kzitikzamAvant	16577	7-335-d	absent	N	Y	N	{#kzitikzamAvant#}¦ Adj. {%geduldig wie die Erde%} R. ed. Bomb. 4,24,25. 31.
kzmApavitra	8860	6-300-c	absent	N	Y	N	{#kzmApavitra#}¦ m. oder n. v. l. für {#kzApavitra#}.
kzmApavitra	16619	7-336-b	absent	N	Y	N	{#kzmApavitra#}¦ 6.
kzudraDamanI	4535	3-260-c	absent	N	Y	N	{#kzudraDamanI#}¦ f. {%eine kleinere Ader%} oder {%Gefäss des Körpers%} VIṢṆUS. 96,84.
kzudraDamanI	16596	7-336-a	absent	N	Y	N	{#kzudraDamanI#}¦ 3.
kzutsaMbADa	8859	6-300-c	absent	N	Y	N	{#kzu/tsaMbADa#}¦ Adj. {%von Hungersnoth heimgesucht%} TS. 7,4,11,2.
kzutsaMbADa	16594	7-336-a	absent	N	Y	N	{#kzu/tsaMbADa#}¦ 6.
kzuttas	16593	7-336-a	absent	N	Y	N	{#kzuttas#}¦ Adv. {%vor —, durch Hunger%} MBH. 12,141,71.
lAYCanAy	20874	7-371-d	absent	N	Y	N	{#lAYCanAy#}¦, {#˚yate#} {%zum Kennzeichen werden%} DAMAYANTĪK. 178.
lakzay	20847	7-371-c	absent	N	Y	Y	{#lakzay#}¦ mit {#aBi#}, {#˚lakzita#} auch {%erprobt%} R. ed. Bomb. 4,41,1. {%ausgezeichnet%} JĀTAKAM. 7. 18. 28,42. Nom
lapanA	20863	7-371-d	absent	Y	Y	N	{#*lapanA#}¦ f. etwa {%Geklatsch%} MAHĀVY. 127,59.
laspUjani	20872	7-371-d	absent	N	Y	N	{#laspUjani˚#}¦ = {#˚nI#} KĀTY. ŚR. 8,4,21.
latAy	9323	6-306-a	absent	N	Y	N	{#latAy#}¦, {#˚yate#} {%einer Schlingpflanze gleichen%} RUDRAṬĀLAṂKĀRAṬ. 132,b.
latAy	20861	7-371-d	absent	N	Y	N	{#latAy#}¦ 6.
lata	22596	7-389-d	absent	N	Y	N	{#lata#}¦ im Comp. metrisch für {#latA#} ebend. 11,22.
lavaNga	20870	7-371-d	absent	N	Y	Y	{#lavaNga#}¦, f. {#I#} V. ein Frauenname DAMAYANTĪK. 247.
leRqikA	20891	7-372-a	absent	N	Y	N	{#leRqikA#}¦ f. = {#leRqa#}. Pl. DĀRILA zu KAUŚ. 48,32.
leSaSas	20892	7-372-a	absent	N	Y	N	{#leSaSas#}¦ Adv. {%in Stücke%} (schneiden) R. ed. Bomb. 3,56,25.
lohakarRa	9330	6-306-a	absent	N	Y	N	{#lohakarRa#}¦ zu streichen; vgl. oben {#aDIlohAkarRI#}.
lohakarRa	20903	7-372-b	absent	N	Y	N	{#lohakarRa#}¦ V. 6.
lohitAy	20911	7-372-b	absent	N	Y	Y	{#lohitAy#}¦ V. Act. ŚĀṄKH. BR. 7,4.
lokakAmpA	20895	7-372-a	absent	N	Y	N	{#lokakAmpA#}¦ f. {%Menschenliebe%} MBH. 3,307,14.
lozwAy	9329	6-306-a	absent	N	Y	N	{#lozwAy#}¦, {#˚yate#} {%einen Erdkloss darstellen, nicht mehr werth als ein E. sein%} ALAṂKĀRAŚ. 28,b,8.
lozwAy	20902	7-372-b	absent	N	Y	N	{#lozwAy#}¦ 6.
mAgaSoBA	20476	7-368-a	absent	N	Y	N	{#mAgaSoBA#}¦ f. {%Reinhaltung eines Weges%} DIVYĀVAD. 513,9.
mAtaNgavedi	9263	6-305-b	absent	N	Y	N	{#*mAtaNgavedi#}¦ oder {#*˚vedI#} f. = {#vAraRqaka#} 2〉b〉 H. an. 4,32. MED. k. 202.
mAtaNgavedi	20451	7-367-d	absent	N	Y	N	{#mAtaNgavedi#}¦ oder {#˚dI#} 6.
mAtar	20452	7-367-d	absent	N	Y	Y	{#mAtar#}¦ V. 8〉 Z. 2, lies {%Manen%}.
mAyAbalavant	20469	7-367-d	absent	N	Y	N	{#mAyAbalavant#}¦ Adj. {%über die Macht eines Zaubers verfügend%} R. 7,29,26.
mElatrata	20595	7-369-a	absent	N	Y	N	{#mElatrata#}¦ (!) n. {%eine best. Begehung des%} Brahmacārin AV. PADDH. zu KAUŚ. 57.
mEtrAy	20591	7-369-a	absent	N	Y	N	{#mEtrAy#}¦, {#˚yati#} {%wohlwollend gesinnt sein%} DIVYĀVAD. 105,17.
mEtrIpAramitA	8130	5-263-c	absent	N	Y	N	{#mEtrIpAramitA#}¦ f. {%die höchste Stufe des Wohlwollens%}.
mEtrIpAramitA	20592	7-369-a	absent	N	Y	N	{{Lbody=20592}}
mIQvaMs	20510	7-368-b	absent	N	Y	Y	{#mIQvaMs#}¦ V. 3〉 f. {#mIQuzI#} Bein. der Devī, Gattin des Īśāna, ĀPAST. GṚHY. 20,2.
mUzikAhEraRyika	20567	7-368-d	absent	N	Y	N	{#mUzikAhEraRyika#}¦ m. Spitzname eines Mannes DIVYĀVAD. 501,3. fgg.
maNKAy	22560	7-389-c	absent	N	Y	N	{#maNKAy#}¦ {%wie ein Herold sich benehmen, preisen%} ŚRĪKAṆṬHAC. 1,56.
maRinda	9233	6-305-a	absent	N	Y	N	{#*˚maRinda#}¦ m. etwa {%Knecht%} oder {%Aufseher%}. {#go˚, aSva˚#} KĀŚ. zu P. 6,2,66.
maRinda	20277	7-366-b	absent	N	Y	N	{#maRinda#}¦ 6.
maRqUzikA	20291	7-366-b	absent	N	Y	N	{#maRqUzikA#}¦ s. oben u. {#mawUzikA#}.
maRqalay	20286	7-366-b	absent	N	Y	N	{#maRqalay#}¦, {#˚yati#} {%wirbeln%} KIR. 16,44.
maYjaray	8030	5-262-c	absent	N	Y	N	{#maYjaray#}¦, {#˚yati#} {%mit Blüthensträussen verzieren%} VĀSAV. 232,1.
maYjaray	20266	7-366-b	absent	N	Y	N	{#maYjaray#}¦ 5.
maYjulI	20268	7-366-b	absent	N	Y	N	{#maYjulI#}¦ Adv. mit {#kar#} {%reizend —, lieblich machen%} DHARMAŚARM. 9,75.
madeha	21668	7-380-a	absent	N	Y	N	{#madeha#}¦ Adj. {%mit einem Körper versehen%} KĀŚĪKH. 10,107. 64,105.
madguka	20305	7-366-c	absent	N	Y	N	{#madguka#}¦ m. = {#madgu#} 1〉 R. ed. Bomb. 3,56,20.
madodaka	8044	5-262-c	absent	N	Y	N	{#madodaka#}¦ n. = {#madAmbu#} ŚIŚ. 17,37.
madodaka	20304	7-366-c	absent	N	Y	N	{#madodaka#}¦ 5.
mahASAntI	9258	6-305-a	absent	N	Y	N	{#mahASAntI#}¦ f. metrisch = {#˚SAnti#} 1〉 VARĀH. BṚH. S. 46,81.
mahASAntI	20428	7-367-c	absent	N	Y	N	{{Lbody=20428}}
mahAhatamanda	20435	7-367-c	absent	N	Y	N	{#mahAhatamanda#}¦ Adj. {%in grosser Noth erfolgt%} DIVYĀVAD. 443,16 ({#˚tapamanda#} geschr.).
mahAkarkaru	15788	7-330-a	absent	N	Y	N	{{Lbody=15788}}
mahant	9251	6-305-a	absent	N	Y	Y	{#mahant#}¦, {#mahatas#} Abl. {%von grösserem Werth%} (Gegensatz {#hInatas#}) VASIṢṬHA 2,37.
mahant	20396	7-367-b	absent	N	Y	Y	{#mahant#}¦ V. 6.
mahardDika	20398	7-367-b	absent	Y	Y	Y	{#mahardDika#}¦ V. {%*hehr, herrlich%} MAHĀVY. 15,17 ({#evaM mahardDikA#} zu lesen).
mahardDimant	20399	7-367-b	absent	N	Y	Y	{#mahardDimant#}¦ Adj. auch {%sehr kostbar%} MBH. 7,127,17.
mahasvasara	8082	5-263-b	absent	N	Y	N	{#mahasva/sara#}¦ n. {%die grosse Stätte%} ŚAT. BR. 4,3,5,20. ĀPAST. ŚR. 13,10,1. Nach WEBER ist {#mahasvasarasya#} in Ś
mahasvasara	20403	7-367-b	absent	N	Y	N	{#mahasva/sara#} und {#mahAkzapaRaka#}¦ 5.
mahaviSva	9252	6-305-a	absent	N	Y	N	{#mahaviSva#}¦ m. {%eine best. Personification%} ŚĀṄKH. GṚHY. 3,5. Vgl. {#viSvamaha#}.
mahaviSva	20402	7-367-b	absent	N	Y	N	{#mahaviSva#}¦ 6.
majman	20264	7-366-a	absent	N	Y	N	{#majma/n#}¦ V. so zu lesen st. {#majma/na#}.
malay	22571	7-389-c	absent	N	Y	N	{#malay#}¦ {%reiben%} ebend. 7,8. Vgl. {#mal#}.
mananavant	8059	5-263-a	absent	N	Y	N	{#mananavant#}¦ Adj. {%mit Ehrenbezeugungen verbunden%} SĀY. zu ṚV. 1,165,2.
mananavant	20332	7-366-d	absent	N	Y	N	{#mananavant#}¦ 5.
mandayitar	8065	5-263-a	absent	N	Y	N	{#mandayitar#}¦ Nom. ag. {%Erfreuer%} SĀY. zu ṚV. 1,165,15.
mandayitar	20357	7-367-a	absent	N	Y	N	{#mandayitar#} und {#mandaviBraMSa#}¦ 5.
manmaTavant	20362	7-367-a	absent	N	Y	N	{#manmaTavant#}¦ Adj. {%verliebt%} R. ed. Bomb. 4,28,13.
mantravaSI	8064	5-263-a	absent	N	Y	N	{#mantravaSI#}¦ mit {#kar#} {%durch einen Zauberspruch bemeistern%} HEM. PAR. 1,190.
mantravaSI	20353	7-367-a	absent	N	Y	N	{{Lbody=20353}}
mar	20369	7-367-a	absent	N	Y	Y	1. {#mar#}¦ mit {#aBi#}, {#˚mfta#} V. {%umstorben,%} d. i. {%vor dessen Augen die Verwandten der Reihe nach hinsterben, 
marS	22569	7-389-c	absent	N	Y	Y	{#marS#}¦ mit {#pravi#} V. {#˚mfzwa = spfzwa#} HARAVIJAYA 12,49.
mard	20379	7-367-a	absent	N	Y	Y	{#mard#}¦ V. {#mfdnIyAt#} mit intrans. Bed. SUBHĀṢITĀV. 55.
martyI	8075	5-263-a	absent	N	Y	N	{#martyI#}¦ Adv. mit {#BU#} {%ein Sterblicher —, ein Mensch werden%} HEM. PAR. 2,415. 419.
martyI	20378	7-367-a	absent	N	Y	N	{#martyI#}¦ 5.
marutANka	8073	5-263-a	absent	N	Y	N	{#marutANka#}¦ m. {%ein best. Thier%} SVAPNAC. 2,18.
marutANka	20371	7-367-a	absent	N	Y	N	{{Lbody=20371}}
maryAs	20382	7-367-b	absent	N	Y	N	{#ma\ryA\s#}¦ als Partikel = {#eva#} PISCHEL, Studien 61. fgg. MAITR. S. 3,9,3 (134,2). 4,8,2 (109,4) nach der richtigen
mataNgasarasa	20292	7-366-b	absent	N	Y	N	{#mataNgasarasa#}¦ m. N. pr. eines Sees R. ed. Bomb. 3,75,14.
matisAgara	8039	5-262-c	absent	N	Y	N	{#matisAgara#}¦ m. N. pr. eines Mannes CAMPAKA 146.
matisAgara	20295	7-366-c	absent	N	Y	N	{#matisAgara#}¦ 5.
meRqya	8126	5-263-c	absent	N	Y	N	{#meRqya#}¦ (?) BHADRAB. 4,18.
meRqya	20582	7-369-a	absent	N	Y	N	{#meRqya#} und {#medapAwa#}¦ 5.
melanduka	20589	7-369-a	absent	Y	Y	N	{#melanduka#}¦ V. MAHĀVY. 273,18.
merukadambaka	8128	5-263-c	absent	N	Y	N	{#*merukadambaka#}¦ ZACH. Beitr.
merukadambaka	20588	7-369-a	absent	N	Y	N	{#merukadambaka#}¦ 5.
mfdumaDya	20579	7-369-a	absent	N	Y	N	{#mfdumaDya#}¦ Adj. (f. {#A#}) als Bez. einer best. {#kzAnti#} DIVYĀVAD. 271,13.
mfgAramAtar	20572	7-368-d	absent	N	Y	N	{#mfgAramAtar#}¦ f. Bein. einer Frau DIVYĀVAD. 77,27. 466,24.
mfgAruvrata	20573	7-368-d	absent	N	Y	N	{#mfgAruvrata#}¦ (nicht {#mfgAra˚#}) n. {%eine best. Begehung des%} Brahmacārin AV. PADD. zu KAUŚ. 57.
mfqIcI	20575	7-369-a	absent	N	Y	N	{#mfqIcI#}¦ f. {%ein kleines Stück%} KAUŚ. 47,46.
moGAy	8133	5-264-a	absent	N	Y	N	{#moGAy#}¦, {#˚yate#} {%zwecklos werden, Nichts mehr zu bedeuten haben%} ALAṂKĀRAV. 205,b. ALAṂKĀRAR. 14,b.
moGAy	20599	7-369-a	absent	N	Y	N	{#moGAy#}¦ 5.
mudray	20549	7-368-d	absent	N	Y	Y	{#mudray#}¦ mit {#ud#} {%entstehen lassen%} DHARMAŚ. 7,67. 8,38. 12,38. 17,82.
mukurAy	20516	7-368-b	absent	N	Y	N	{#mukurAy#}¦, {#˚yate#} {%zum Spiegel werden%} DHARMAŚARM. 17,25.
murucikA	20552	7-368-d	absent	Y	Y	N	{#*murucikA#}¦ f. ? MAHĀVY. 273,47.
musuntikA	20555	7-368-d	absent	Y	Y	N	{#*musuntikA#}¦ f. ? MAHĀVY. 245,667.
mutsarI	9276	6-305-b	absent	N	Y	N	{#mutsarI#}¦ f. {%eine best. Stellung der rechten Hand beim Abschiessen des Pfeils%} ŚĀRṄG. PADDH. DHANURVEDA 83. 87.
mutsarI	20545	7-368-c	absent	N	Y	N	{#mutsarI#}¦ 6.
muzwiGAtam	8119	5-263-c	absent	N	Y	N	{#muzwiGAtam#}¦ Absol. mit {#han#} {%mit den Fäusten dreinschlagen%} ŚIŚ. 18,12.
muzwiGAtam	20554	7-368-d	absent	N	Y	N	{#muzwiGAtam#}¦ 5.
nAmANkita	9047	6-302-c	absent	N	Y	N	{#nAmANkita#}¦ Adj. = {#nAmANka#} VIKRAM. 78,10.
nAmANkita	18662	7-352-b	absent	N	Y	N	{#nAmANkita#}¦ 6.
nAnAgneya	18638	7-352-b	absent	N	Y	N	{#nA/nAgneya#}¦ n. MAITR. S. 1,7,2 (112,8).
nAnAmantrOGasidDimant	5796	4-301-a	absent	N	Y	N	{#nAnAmantrOGasidDimant#}¦ Adj. {%im Besitz von einer Menge wirksamer Zaubersprüche seiend%} KATHĀS. 70,55.
nAnAmantrOGasidDimant	18647	7-352-b	absent	N	Y	N	{{Lbody=18647}}
nAnAratnAkaravant	7554	5-257-c	absent	N	Y	N	{#nAnAratnAkaravant#}¦ Adj. {%eine Fundgrube für mancherlei Juwelen habend%} VARĀH. BṚH. S. 48,24.
nAnAratnAkaravant	18649	7-352-b	absent	N	Y	N	{#nAnAratnAkaravant#}¦ 5.
nApinaBARqa	18655	7-352-b	absent	Y	Y	N	{#*nApinaBARqa#}¦ n. {%Rasirgeräthe%} MAHĀVY. 273,99.
nArIy	7558	5-257-c	absent	N	Y	N	{#nArIy#}¦, {#yate#} {%zu einem Weibe werden%} KĀVYAPR. 269,12.
nArIy	18670	7-352-c	absent	N	Y	N	{#nArIy#}¦ 5.
nArikelI	18668	7-352-c	absent	N	Y	N	{#nArikelI#}¦ III. VIJÑ. zu YĀJÑ. 3,289. fg.
nAtimudAvant	5792	4-300-c	absent	N	Y	N	{#nAtimudAvant#}¦ Adj. {%nicht sehr erfreut, — froh%} MĀRK. P. 69,12.
nAtimudAvant	18629	7-352-a	absent	N	Y	N	{#nAtimudAvant#}¦ 4.
nAtiprasIdant	9041	6-302-c	absent	N	Y	N	{#nAtiprasIdant#}¦ Adj. {%nicht ganz heiter seiend%} BHĀG. P. 1,4,27.
nAtiprasIdant	18628	7-352-a	absent	N	Y	N	{#nAtiprasIdant#}¦ 6.
nEhArika	7637	5-258-b	absent	N	Y	N	{#nEhArika#}¦ (?) VASIṢṬHA 19,15.
nEhArika	18941	7-354-d	absent	N	Y	N	{#nEhArika#} und {#nopalakzita#}¦ 5.
nEjAmazAha	7631	5-258-b	absent	N	Y	N	{#nEjAmazAha#}¦ m. N. pr. eines Fürsten Einl. zu DALAPATIʼs NṚSIṂHAPRASĀDA (nach JOLLY). Vgl. {#nijAma#}.
nEjAmazAha	18917	7-354-c	absent	N	Y	N	{#nEjAmazAha#}¦ 5.
nEmittaka	18921	7-354-c	absent	N	Y	N	{#nEmittaka#}¦ m. {%Zeichendeuter, Astrolog%} DIVYĀVAD. 168,19. 234,30.
nEvaSEkzASEkza	18931	7-354-c	absent	Y	Y	N	{#*nEvaSEkzASEkza#}¦ m. {%weder ein%} Śaikṣa {%noch ein%} Aśaikṣa, d. i. {%ein unbekehrter Mensch%} MAHĀVY. 95,10.
nIhArAdri	18894	7-354-b	absent	N	Y	N	{#nIhArAdri#}¦ m. Bein. des Himālaya PĀDĀRAVINDAŚ. 28.
nIhAragiri	18893	7-354-b	absent	N	Y	N	{#nIhAragiri#}¦ m. = {#nIhArAdri#} DHARMAŚARM. 9,73.
nIkz	9068	6-303-a	absent	N	Y	N	{#nIkz#}¦ (= {#nikz#}) mit {#pra#} {%spiessen auf%} (Loc.) ĀPAST. ŚR. 7,22,9.
nIkz	18873	7-354-b	absent	N	Y	N	{#nIkz#}¦ mit {#pra#} 6. Auch ĀPAST. ŚR. 9,19,4.
nOcakrIvant	5829	4-301-b	absent	N	Y	N	{#nOcakrIvant#}¦ m. {%ein Eigenthümer von Schiffen und Wagen%} GAUT. 10,33.
nOcakrIvant	18943	7-354-d	absent	N	Y	N	{#nOcakrIvant#}¦ 4.
nOnetar	18946	7-354-d	absent	N	Y	N	{#nOnetar#}¦ m. {%Steuermann%} SUD. zu ĀPAST. GṚHY. 6,2.
nOsaMkama	18950	7-354-d	absent	N	Y	N	{#nOsaMkama#}¦ m. {%Ueberfahrt zu Schiffe%} DIVYĀVAD. 386,10. {%Schiffbrücke%} 55,24.
nadasy	18556	7-351-c	absent	N	Y	N	{#nadasy#}¦, {#˚syate#} {%brüllen%} DIVYĀVAD. 269,3.
nadeSa	7521	5-257-b	absent	N	Y	N	{#nadeSa#}¦ m. {%das Meer%} VĀSAV. 73,1.
nadeSa	18558	7-351-c	absent	N	Y	N	{{Lbody=18558}}
naktaMBojin	5780	4-300-c	absent	N	Y	N	{#naktaMBojin#}¦ Adj. = {#naktaBojin#} (so v. l.) MBH. 3,13734.
naktaMBojin	18542	7-351-b	absent	N	Y	N	{#naktaMBojin#}¦ 4.
nakulAQyA	4927	3-264-c	absent	N	Y	Y	{#*nakulAQyA#}¦, lies {#*nakulAdyA#} f. {%die Ichneumonpflanze%} RĀJAN. 7,95.
nakulAQyA	18541	7-351-b	absent	N	Y	Y	{#nakulAQyA#} und {#nakulAdyA#}¦ III. 3.
nandanaBawwAcArya	7523	5-257-b	absent	N	Y	N	{#nandanaBawwAcArya#}¦ m. N. pr. eines Autors Einl. zu ŚĀŚVATA XI, N. 2.
nandanaBawwAcArya	18562	7-351-c	absent	N	Y	N	{#nandanaBawwAcArya#}¦ 5.
nandimitra	7524	5-257-b	absent	N	Y	N	{#nandimitra#}¦ m. N. pr. eines der 5 Śrutakevalin VARDHAMĀNAC. 1,43.
nandimitra	18564	7-351-c	absent	N	Y	N	{#nandimitra#}¦ 5.
nanditA	9034	6-302-c	absent	N	Y	N	{#nanditA#}¦ f. N. pr. einer Dikkumārī PĀRŚVAN. 3,73.
nanditA	18563	7-351-c	absent	N	Y	N	{#nanditA#}¦ 6.
naraMmanya	18586	7-351-d	absent	N	Y	Y	{#naraMmanya#}¦ III. RUDRAṬA, ŚṚṄGĀRAT. 1,124.
narajANgala	22457	7-388-c	absent	N	Y	N	{#narajANgala#}¦ n. {%Menschenfleisch%} ebend. 162,1.
narakavartman	18584	7-351-d	absent	N	Y	N	{#*narakavartman#}¦ n. {%vulva;%} s. u. {#saMbADa#} 1〉c〉.
narmAlI	7534	5-257-b	absent	N	Y	N	{#*narmAlI#}¦ f. ZACH. Beitr.
narmAlI	18594	7-351-d	absent	N	Y	N	{#narmAlI#}¦ 5.
nart	18590	7-351-d	absent	N	Y	Y	{#nart#}¦ mit {#aBipra#} {%tanzen%} KIR. 4,17.
natravAr	18910	7-354-c	absent	N	Y	N	{#natravAr#}¦ n. {%Thränen%} RUDRAṬA, ŚṚṄGĀRAT. 2,52.
navAlAbu	4935	3-264-c	absent	N	Y	N	{#*navAlAbu#}¦ f. v. l. für {#nAgAlAbu#} RĀJAN. 7,160. NIGH. PR.
navAlAbu	18608	7-352-a	absent	N	Y	N	{#navAlAbu#}¦ 3.
navalakzaRa	7536	5-257-b	absent	N	Y	N	{#navalakzaRa#}¦ Adj. (f. {#A#}) {%auf neunfache Weise sich äussernd%} BHĀG. P. 7,5,24.
navalakzaRa	18604	7-351-d	absent	N	Y	N	{#navalakzaRa#} und {#navavarga#}¦ 5.
navavarga	7537	5-257-b	absent	N	Y	N	{#navavarga#}¦ m. {%eine Gruppe —, eine Zusammenstellung von Neunen%}.
navavarga	18604	7-351-d	absent	N	Y	N	{{Lbody=18604}}
navayoga	5790	4-300-c	absent	N	Y	N	{#navayoga#}¦ Adj. {%neunfach%} MBH. 3,134,16.
navayoga	18603	7-351-d	absent	N	Y	N	{#navayoga#}¦ 4.
nayahIna	4932	3-264-c	absent	N	Y	N	{#nayahIna#}¦ Adj. {%der Klugheit ermangelnd%} KIR. 2,49.
nayahIna	18581	7-351-d	absent	N	Y	N	{#nayahIna#}¦ 3.
nayanAyuDa	18579	7-351-d	absent	N	Y	N	{#nayanAyuDa#}¦ ? VIKRAMĀṄKAC. 9,52.
nayanavant	22456	7-388-c	absent	N	Y	N	{#nayanavant#}¦ Adj. {%Augen habend%} MĀLATĪM. (ed. Bomb.) 97,1.
niBftI	5805	4-301-a	absent	N	Y	N	{#niBftI#}¦ Adv. mit {#kar#} {%still halten, nicht bewegen%} (die Augen) Z. d. d. m. G. 36,531.
niBftI	18722	7-352-d	absent	N	Y	N	{#niBftI#}¦ 4.
niDAtar	7573	5-257-c	absent	N	Y	Y	{#niDAta/r#}¦, lies {%der welcher in%} (die Fussstapfen) {%tritt%}.
niDAtar	18710	7-352-d	absent	N	Y	Y	{#niDAta/r#}¦ III. 5.
niHsaraDArA	18866	7-354-a	absent	Y	Y	N	{#*niHsaraDArA#}¦ f. = {#udakaDArA#} MAHĀVY. 195,25.
niHsaraRIya	18865	7-354-a	absent	Y	Y	N	{#*niHsaraRIya#}¦ Adj. {%zum Befreien von Etwas geeignet%} MAHĀVY. 82,1.
niHzkAvam	9059	6-303-a	absent	N	Y	N	{{Lbody=9059}}
niSAdAru	9055	6-302-c	absent	N	Y	N	{#niSAdAru#}¦ ŚĀRṄG. PADDH. 85,52.
niSAdAru	18808	7-353-c	absent	N	Y	N	{#niSAdAru#}¦ III. 6.
niScikIrzA	18814	7-353-c	absent	Y	Y	N	{#*niScikIrzA#}¦ f. etwa {%der Wunsch zu vervollkommnen, — zu vermehren%} MAHĀVY. 127,15.
niSvAsAy	22476	7-388-c	absent	N	Y	N	{#niSvAsAy#}¦ {%zum Athem werden%} DAMAYANTĪK. 80.
nicCuraRa	9049	6-302-c	absent	N	Y	N	{#nicCuraRa#}¦ n. KĀD. (1793) fehlerhaft für {#vicCuraRa#}.
nicCuraRa	18695	7-352-c	absent	N	Y	N	{#nicCuraRa#}¦ 6.
nigarhaRIya	18693	7-352-c	absent	Y	Y	N	{#*nigarhaRIya#}¦ n. (sc. {#karman#}) {%Tadel, Rüge%} MAHĀVY. 265,5. Richtig {#vi˚#}.
nihrAdavant	18870	7-354-a	absent	N	Y	N	{#nihrAdavant#}¦ Adj. {%lärmend%} KIR. 14,27.
nijAma	7567	5-257-c	absent	N	Y	N	{#nijAma#}¦ m. {%Nizām%} Z. d. d. m. G. 37,546. Vgl. {#nEjAmazAha#}.
nijAma	18696	7-352-c	absent	N	Y	N	{#nijAma#}¦ 5.
nikvARa	7563	5-257-c	absent	N	Y	Y	{#nikvARa#}¦ ŚIŚ. 20,4 nach der richtigen Lesart.
nikvARa	18689	7-352-c	absent	N	Y	Y	{#nikvARa#}¦ III. 5.
nilopam	7595	5-258-a	absent	N	Y	N	{#*nilopam#}¦ Absol. {%raubend%} VYUTP. 127. {#*nilopahAraka#} Adj. ebend.
nilopam	18799	7-353-c	absent	N	Y	N	{{Lbody=18799}}
nimnay	22470	7-388-c	absent	N	Y	N	{#nimnay#}¦, {#˚yati#} {%erniedrigen,%} so v. a. {%übertreffen%} DAMAYANTĪK. 116.
nipAnI	18719	7-352-d	absent	N	Y	N	{#nipAnI#}¦ Adv. mit {#kar#} {%zum Zufluchtsort machen%} JĀTAKAM. 24,4. Vielleicht {#niyAnI#} zu lesen.
nirBasmita	7590	5-258-a	absent	N	Y	N	{#nirBasmita#}¦ Adj. {%zu Asche verbrannt, zu Nichte gemacht%} ŚIŚ. 12,69 nach der richtigen Lesart ({#nirBartsita#} die
nirBasmita	18772	7-353-b	absent	N	Y	N	{#nirBasmita#}¦ 5.
nirDavana	9053	6-302-c	absent	N	Y	N	{#nirDavana#}¦ n. {%das Vertreiben, Verjagen aus%} (Abl.) BAUDH. 1,18,18 nach der richtigen Lesart.
nirDavana	18766	7-353-b	absent	N	Y	N	{#nirDavana#}¦ 6.
nirUzmaka	18748	7-353-a	absent	N	Y	N	{#nirUzmaka#}¦ Adj. {%ohne Wärme, nicht mehr warm%} JĀTAKAM. 8,23.
niraBisaDAna	18733	7-353-a	absent	N	Y	N	{#niraBisaDAna#}¦ n. {%Absichtslosigkeit%} ANIRUDDHA zu SĀṂKHYAS. 2,45.
nirgrahasTAna	18756	7-353-a	absent	Y	Y	N	{#*nirgrahasTAna#}¦ n. MAHĀVY. 200,18 fehlerhaft für {#nigraha˚#}.
nirhrAdanilAyin	18799	7-353-c	absent	N	Y	N	{{Lbody=18799}}
nirhrAdanilAyitA	18799	7-353-c	absent	N	Y	N	{{Lbody=18799}}
nirjalamInAy	5810	4-301-a	absent	N	Y	N	{#nirjalamInAy#}¦, {#˚yate#} {%wie ein Fisch ohne Wasser sein%} BHĀM. V. 2,66.
nirjalamInAy	18757	7-353-a	absent	N	Y	N	{#nirjalamInAy#}¦ 4.
nirktara	7583	5-258-a	absent	N	Y	N	{#nirktara#}¦ 2〉a〉 c〉 {#nirnara#} v. l. ZACH. Beitr. 59.
nirktara	18759	7-353-b	absent	N	Y	N	{#nirktara#}¦ III. 5.
nirnIrita	22472	7-388-c	absent	N	Y	N	{#nirnIrita#}¦ Adj. {%abgetrocknet%} DAMAYANTĪK. 97.
nirnidray	7587	5-258-a	absent	N	Y	N	{#nirnidray#}¦, {#˚yati#} {%aus dem Schlafe erwecken%} NAIṢ. 19,58.
nirnidray	18769	7-353-b	absent	N	Y	N	{#nirnidray#} und {#nirbarha#}¦ 5.
nirodDar	5809	4-301-a	absent	N	Y	N	{#nirodDar#}¦ Nom. ag. {%Hinderer%} Einl. zu ĀPAST. ŚR. 10,1,1.
nirodDar	18753	7-353-a	absent	N	Y	N	{#nirodDar#}¦ 4. {%Hemmer, Unterdrücker%} DHARMAŚARM. 10,4.
nirokAra	18752	7-353-a	absent	N	Y	N	{#nirokAra#}¦ Adj. MBH. 13,23,7 nach NĪLAK. = {#ananujYAta#} oder {#SUdra#}.
nirudDapakaSa	4946	3-265-a	absent	N	Y	N	{#nirudDapakaSa#}¦ Z. 2, lies {#˚dDaprakaSa#}.
nirudDapakaSa	18743	7-353-a	absent	N	Y	N	{#nirudDapakaSa#} und {#˚prakaSa#}¦ III. 3.
nirvaska	18785	7-353-b	absent	N	Y	N	{#nirvaska/#}¦ s. {#nirvraska/#}.
nisamIkzA	9061	6-303-a	absent	N	Y	N	{#nisamIkzA#}¦ scheinbar MBH. 12,262,23, da mit der ed. Vardh. 12,261,24 {#na samIkzayA#} zu lesen ist.
nisamIkzA	18857	7-354-a	absent	N	Y	N	{#nisamIkzA#}¦ 6.
nistArayitar	18858	7-354-a	absent	N	Y	N	{#nistArayitar#}¦ Nom. ag. {%glücklich hinüberbringend, errettend%} JĀTAKAM. 30,22.
nivAsAcArya	7596	5-258-a	absent	N	Y	N	{#nivAsAcArya#}¦ zu streichen, da der richtige Name {#SrI˚#} ist.
nivAsAcArya	18804	7-353-c	absent	N	Y	N	{#nivAsAcArya#}¦ III. 5.
nivfttasaMtApIya	7597	5-258-a	absent	N	Y	N	{#nivfttasaMtApIya#}¦ n. {%ein best. zu der Gattung der%} Rasāyana {%gezähltes Heilmittel%} SUŚR. 2,169,14; 1,10,2.
nivfttasaMtApIya	18805	7-353-c	absent	N	Y	N	{#nivfttasaMtApIya#}¦ 5.
nizWIvitA	22479	7-388-c	absent	N	Y	N	{#nizWIvitA#}¦ f. {%das Ausspucken%} HARAVIJAYA 10,13.
nizade	9057	6-303-a	absent	N	Y	N	{#niza/de#}¦ Dat. Infin. zu 1. {#sad#} mit {#ni#} ṚV. 1,104,1.
nizade	18820	7-353-d	absent	N	Y	N	{#niza/de#}¦ 6.
nizeDayitar	18825	7-353-d	absent	N	Y	N	{#nizeDayitar#}¦ Nom. ag. {%Abwehrer, Verhinderer%}. f. {#˚trI#} DHARMAŚ. 7,66.
nizekavicara	4950	3-265-b	absent	N	Y	N	{#nizekavicara#} m. und {#nizekasvarA#} f.¦ Titel von Werken.
nizekavicara	18824	7-353-d	absent	N	Y	N	{#nizekavicara#} und {#nizekasvarA#}¦ 3.
nizkuwaka	7604	5-258-a	absent	N	Y	N	{#nizkuwaka#}¦ = {#nizkuwa#} 1〉 MBH. 1,218,16.
nizkuwaka	18833	7-353-d	absent	N	Y	N	{#nizkuwaka#}¦ 5.
nizpIqanA	7607	5-258-a	absent	N	Y	N	{#nizpIqanA#}¦ f. {%das Andrücken, Zusammenpressen%}. {#danta˚#} Comm. zu ŚIŚ. 10,75.
nizpIqanA	18845	7-353-d	absent	N	Y	N	{{Lbody=18845}}
nizpatayAlu	7605	5-258-a	absent	N	Y	N	{#nizpatayAlu#}¦ Adj. {%hervorstürzend%} SADUKTIK. 2,164. 179.
nizpatayAlu	18840	7-353-d	absent	N	Y	N	{#nizpatayAlu#}¦ 5.
nizpraBita	7608	5-258-a	absent	N	Y	N	{#nizpraBita#}¦ Adj. {%des Glanzes beraubt%} SADUKTIK. 2,35.
nizpraBita	18851	7-354-a	absent	N	Y	N	{#nizpraBita#}¦ 5.
nizpramanda	18852	7-354-a	absent	N	Y	N	{#nizpramanda#}¦ (?) KAUŚ. 36,15.
nizputrI	5821	4-301-a	absent	N	Y	N	{#nizputrI#}¦ Adv. mit {#kar#} {%der Söhne berauben%} BHĀM. V. 2,130.
nizputrI	18846	7-353-d	absent	N	Y	N	{#nizputrI#}¦ 4.
nopalakzita	7638	5-258-b	absent	N	Y	N	{#nopalakzita#}¦ Adj. {%nicht wahrnehmbar%} BHĀG. P. 5,18,30.
nopalakzita	18941	7-354-d	absent	N	Y	N	{{Lbody=18941}}
nyAyaprasUnAYjali	5832	4-301-b	absent	N	Y	N	{#nyAyaprasUnAYjali#}¦ m. Titel eines Werkes, = {#nyAyakusumAYjali#} Verz. d. Oxf. H. No. 599. S. 264, Sp, 3, Z. 12, lie
nyAyaprasUnAYjali	18959	7-354-d	absent	N	Y	N	{#nyAyaprasUnAYjali#}¦ 4.
oGI	6966	5-251-a	absent	N	Y	N	{#oGI#}¦ Adv. mit {#BU#} {%zu einer Masse anschwellen%} ŚIŚ. 18,69 nach der richtigen Lesart.
oGI	15539	7-328-b	absent	N	Y	N	{#oGI#} und {#oGopakaraRa#}¦ 5.
oGopakaraRa	6967	5-251-a	absent	N	Y	N	{#*oGopakaraRa#}¦ n. als Erklärung von {#pavitra#} {%Besen%} ZACH. Beitr.
oGopakaraRa	15539	7-328-b	absent	N	Y	N	{{Lbody=15539}}
oMkAracaturTa	15540	7-328-b	absent	N	Y	N	{#oMkAracaturTa#}¦ Adj. (f. {#A#}) {%die Silbe%} {#om#} {%als Viertes habend%} ĀPAST. GṚHY. 8,10. 15,4.
oMkAravAda	2878	2-296-c	absent	N	Y	N	{#oMkAravAda#} m., {#Ottarapattra#} n. und {#OdgAtraprayoga#} m.¦ Titel von Werken OPP. Cat. 1.
oMkAravAda	15541	7-328-b	absent	N	Y	N	{#oMkAravAda#}¦ 2.
ojApratyAhAriRI	15544	7-328-b	absent	Y	Y	N	{#*ojApratyAhAriRI#}¦ f. N. pr. einer Tantra-Gottheit MAHĀVY. 197. Richtig wohl {#ojapra˚#} oder {#ojaHpra˚#}.
ojaskAra	15543	7-328-b	absent	N	Y	N	{#ojaskAra#}¦ Adj. {%Kruft%} u. s. w. {%bewirkend%} MAITR. S. 4,7,3 (96,11).
oqigalla	5505	4-297-b	absent	N	Y	N	{#oqigalla#}¦ s. {#uqigalla#}.
oqigalla	15545	7-328-b	absent	N	Y	N	{#oqigalla#}¦ 4.
ozWarucira	6971	5-251-b	absent	N	Y	N	{#ozWarucira#}¦ dass. VIṢṆUS. 1,8 in derselben Verbindung wie im HARIV.
ozWarucira	15556	7-328-b	absent	N	Y	N	{{Lbody=15556}}
ozaDIvallaBa	6969	5-251-b	absent	N	Y	N	{#ozaDIvallaBa#}¦ m. {%der Mond%} ALAṂKĀRAR. 16,b.
ozaDIvallaBa	15553	7-328-b	absent	N	Y	N	{{Lbody=15553}}
ozaDivanaspativant	8736	6-299-b	absent	N	Y	N	{#ozaDivanaspativant#}¦ Adj. {%mit Kräutern und Bäumen versehen%} ĀŚV. GṚHY. 2,7,3.
ozaDrivanaspatimant	15552	7-328-b	absent	N	Y	N	{#ozaDrivanaspatimant#}¦ 6.
pAMsuKelana	9103	6-303-b	absent	N	Y	N	{#pAMsuKelana#}¦ n. = {#pAMsukrIqA#} VIDDHAŚ. 45,5.
pAMsusaMcAra	7733	5-259-c	absent	N	Y	N	{#*pAMsusaMcAra#}¦ m. ZACH. Beitr. 66. 92.
pAMsusaMcAra	19261	7-357-c	absent	N	Y	N	{{Lbody=19261}}
pARigfhItA	7742	5-259-c	absent	N	Y	N	{#pARigfhItA#}¦ Adj. f. {%geehlicht%} HEM. PAR. 2,119.
pARigfhItA	19274	7-357-c	absent	N	Y	N	{#pARigfhItA#}¦ IV. 5.
pARigrAhavant	7744	5-259-c	absent	N	Y	N	{#pARigrAhavant#}¦ m. {%Bräutigam%} SĀY. zu TAITT. ĀR. 6,1,3,14.
pARigrAhavant	19275	7-357-c	absent	N	Y	N	{{Lbody=19275}}
pARquray	7748	5-259-c	absent	N	Y	N	{#pARquray#}¦, {#˚yati#} {%weisslich gelb färben%} VĀSAV. 231,3. Vgl. {#pARqurita#}.
pARquray	19284	7-357-c	absent	N	Y	N	{#pARquray#}¦ 5.
pARqvAti	19285	7-357-c	absent	N	Y	N	{#pARqvAti#} und {#pARqvArti#}¦ IV. 4.
pASAy	19331	7-358-a	absent	N	Y	N	{#pASAy#}¦, {#˚yate#} {%zum Seile werden%} PĀDĀRAVINDAŚ. 19.
pAWAntaray	7740	5-259-c	absent	N	Y	N	{#pAWAntaray#}¦, {#˚yati#} {%für Etwas%} (Acc.) {%eine andere Lesart haben%} PISCHEL, die Recensionen der ŚAKUNTALĀ, S. 
pAWAntaray	19273	7-357-c	absent	N	Y	N	{#pAWAntaray#} und {#pAqalIpura#}¦ 5.
pAjipakzin	7735	5-259-c	absent	N	Y	N	{#*pAjipakzin#}¦ m. wohl = {#pAjika#} ZACH. Beitr. 85.
pAjipakzin	19265	7-357-c	absent	N	Y	N	{#pAjipakzin#}¦ 5.
pAlIza	5889	4-302-a	absent	N	Y	N	{#*pAlIza#}¦ s. {#pAlISa#}.
pAlIza	19329	7-358-a	absent	N	Y	N	{#pAlIza#}¦ 4.
pApAramBavant	9109	6-303-b	absent	N	Y	N	{{Lbody=9109}}
pApAramBavant	19307	7-357-d	absent	N	Y	N	{{Lbody=19307}}
pArAvArajalAy	19315	7-358-a	absent	N	Y	N	{#pArAvArajalAy#}¦ {%zu Meerwasser werden%} DHARMAŚARM. 2,79.
pAraMparI	7757	5-259-c	absent	N	Y	N	{#pAraMparI#}¦ f. {%Aufeinanderfolge%} SUBHĀṢITĀV. 1489.
pAraMparI	19309	7-357-d	absent	N	Y	N	{{Lbody=19309}}
pArizad	19318	7-358-a	absent	N	Y	N	{#pArizad#}, {#pArizadAm#}¦ st. {#pArizadAnAm#} R. ed. Bomb. 3,25,12.
pArizadAm	19318	7-358-a	absent	N	Y	N	{{Lbody=19318}}
pAruzyaka	19322	7-358-a	absent	N	Y	N	{#pAruzyaka#}¦ N. pr. eines Götterhains DIVYĀVAD. 194,2. 10. 195,9. Vgl. {#pAruzya#} 2〉c〉.
pArzRiyantar	19325	7-358-a	absent	N	Y	N	{#pArzRiyantar#}¦ m. {%der Lenker eines Seitenpferdes%} MBH. 7,196,12.
pAtI	19290	7-357-d	absent	Y	Y	N	{#*pAtI#}¦ (eig. Pāli) f. = {#pAtrI#} MAHĀVY. 197,115.
pAtrAvalehakam	19294	7-357-d	absent	Y	Y	N	{#*pAtrAvalehakam#}¦ Adv. {%die Schale ableckend%} MAHĀVY. 263,65.
pElottika	19522	7-359-d	absent	Y	Y	N	{#*pElottika#}¦ n. MAHĀVY. 281,242. Vgl. Pāli {#pilotikA#}.
pIWAy	19373	7-358-c	absent	N	Y	N	{#pIWAy#}¦, {#˚yate#} {%zum Schemel werden%} PĀDĀRAVINDAŚ. 6.
pIpAsAvant	19377	7-358-c	absent	N	Y	N	{#pIpAsAvant#}¦ IV. so zu lesen und nach {#pipAsAlu#} zu setzen.
pOroqASIya	19538	7-359-d	absent	N	Y	N	{#pOroqASIya#}¦ Adj. von {#pOroqASa#} HAR. zu ĀPAST. GṚHY. 7,8.
pOsya	19531	7-359-d	absent	N	Y	N	{#pOsya#}¦ IV. vgl. AUFRECHT in Festgr. 2.
pUlaka	22514	7-389-a	absent	N	Y	Y	{#pUlaka#}¦ IV. 2〉 f. {#˚likA#} {%Büschel%} DAMAYANTĪK. 141.
pUrRAmftAMSu	19480	7-359-b	absent	N	Y	N	{#pUrRAmftAMSu#}¦ m. {%Vollmond%} 〔116,17〕.
pUraRadvitIyA	19471	7-359-b	absent	N	Y	N	{#*pUraRadvitIyA#}¦ s. {#purARa˚#}.
pUrowi	7806	5-260-b	absent	N	Y	N	{#*pUrowi#}¦ = {#purowi#} ZACH. Beitr.
pUrowi	19472	7-359-b	absent	N	Y	N	{#pUrowi#}¦ 5.
pUtkfta	19469	7-359-b	absent	N	Y	N	{#pUtkfta#}¦ n. {%Klagelaute%} DHARMAŚARM. 11,33. 44.
paNkapezam	7647	5-258-c	absent	N	Y	N	{#paNkapezam#}¦ s. oben {#asfkapaNka˚#}.
paNkapezam	18980	7-355-a	absent	N	Y	N	{#paNkapezam#}¦ 5.
paNkay	18981	7-355-a	absent	N	Y	N	{#paNkay#}¦ IV. {%trüben%} KIR. 11,19.
paRAy	19030	7-355-c	absent	N	Y	Y	2. {#paRAy#}¦ IV. so zu lesen st. 3. {#paRAy#}.
paRitaka	19031	7-355-c	absent	Y	Y	N	{#*paRitaka#}¦ n. {%Wette%} MAHĀVY. 281,215.
paTikAy	19057	7-355-d	absent	N	Y	N	{#paTikAy#}¦ {%den Wanderer —, den Reisenden spielen%}. {#˚yita#} n. impers. SUBHĀṢITĀV. 1215.
paYcacUqaka	7652	5-258-c	absent	N	Y	N	{#paYcacUqaka#}¦ Adj. = {#paYcacUqa#} 1〉b〉 M. MÜLLER, Ren. 299, N. 2.
paYcacUqaka	19000	7-355-b	absent	N	Y	N	{#paYcacUqaka#}, {#paYcadaSavartani#} und {#paYcaparizad#}¦ 5.
paYcagfhItin	5840	4-301-b	absent	N	Y	N	{#paYcagfhItin#}¦ Adj. {%der fünfmal geschöpft hat%} Comm. zu LĀṬY. 3,2,6.
paYcagfhItin	18999	7-355-b	absent	N	Y	N	{#paYcagfhItin#}¦ 4.
pacanika	18990	7-355-a	absent	N	Y	Y	{#pacanika#}¦ IV. f. {#A#} der gedr. Text.
padmAy	9088	6-303-b	absent	N	Y	N	{#padmAy#}¦, {#˚yate#} {%der Blüthe von Nelumbium speciosum gleichen%} KĀVYĀL. 8,24.
padmAy	19075	7-356-a	absent	N	Y	N	{#padmAy#}¦ 6.
padmacala	19074	7-356-a	absent	N	Y	N	{#padmacala#}¦ m. N. pr. eines {%Berges%} R. ed. Bomb. 4,37,4.
padmakoSI	7677	5-259-a	absent	N	Y	N	{#padmakoSI#}¦ Adv. mit {#kar#} {%zum Blumenkelche eines Taglotuses gestalten%} HEM. PAR. 1,70.
padmakoSI	19067	7-355-d	absent	N	Y	N	{#padmakoSI#}¦ 5.
padmavyUhA	19072	7-355-d	absent	Y	Y	N	{#*padmavyUhA#}¦ f. {%eine best.%} Dhāraṇī [Page7-356-a] MAHĀVY. 25,7.
padyAmftataraMgiRIsopAna	7679	5-259-a	absent	N	Y	N	{#padyAmftataraMgiRIsopAna#}¦ n. Titel eines Commentars Z. d. d. m. G. 37,544. fgg.
padyAmftataraMgiRIsopAna	19078	7-356-a	absent	N	Y	N	{#padyAmftataraMgiRIsopAna#}¦ 5.
paktrimatA	7643	5-258-c	absent	N	Y	N	{#paktrimatA#}¦ f. {%Reife%} (in übertragener Bed.) ALAṂKĀRAS. 13,b.
pakzaMbfhat	18971	7-355-a	absent	N	Y	N	{#pakzaM/bfhat#}¦ (!) MAITR. S. 3,2,4 (21,2).
pakzapucCavant	5835	4-301-b	absent	N	Y	N	{#pakzapucCa/vant#}¦ Adj. {%Flügel und Schwanz habend%} ŚAT. BR. 6,7,2,7. 8.
pakzapucCavant	18970	7-355-a	absent	N	Y	N	{{Lbody=18970}}
pakzasaMmita	5837	4-301-b	absent	N	Y	N	{#pakzasaMmita#}¦ Adj. {%der Höhe, des Flügels entsprechend%} KĀTY. ŚR. 8,8,8.
pakzasaMmita	18972	7-355-a	absent	N	Y	N	{#pakzasaMmita#}¦ 4.
pakzmasaMpAta	9077	6-303-a	absent	N	Y	N	{#pakzmasaMpAta#}¦ m. = {#pakzmapAta#}. {#˚je kAle#} so v. a. {%in einem Augenblick%} MBH. 5,90,42.
pakzmasaMpAta	18976	7-355-a	absent	N	Y	N	{#pakzmasaMpAta#}¦ 6.
paligoDa	19229	7-357-b	absent	Y	Y	N	{#*paligoDa#}¦ m. {%Verbot, Verhinderung%} MAHĀVY. 245,122. Vgl. {#parigoDa#} und {#paliboDa#} in den Aśoka-Inschriften.
palitavant	7724	5-259-b	absent	N	Y	N	{#palitavant#}¦ Adj. {%graue Haare habend%} HEM. PAR. 1,202.
palitavant	19232	7-357-b	absent	N	Y	N	{#palitavant#}¦ 5.
palola	5884	4-302-a	absent	N	Y	N	{#palola#}¦ m. Pl. N. pr. eines Volkes VARĀH. BṚH. S. 14,30.
palola	19233	7-357-b	absent	N	Y	N	{{Lbody=19233}}
palvalI	19236	7-357-b	absent	N	Y	N	{#palvalI#}¦ Adv. mit {#BU#} {%zu einem Pfuhl werden%} JĀTAKAM. 15.
par	5855	4-301-c	absent	N	Y	Y	1. {#par#}¦ Z. 13, lies a〉 st. 1〉. — Mit {#vyA#} ({#˚piparti#}) {%vergehen, verschwinden%} VIKRAMĀṄKAC. 4,44.
par	5856	4-301-c	absent	N	Y	Y	2. {#par#}¦ mit {#vi#} {%mehr sein als%} (Acc.) ṚV. 10,73,8.
par	7681	5-259-a	absent	N	Y	Y	2. {#par#}¦ mit {#ava#} Caus. {%hinüberführen, erretten%} SĀY. zu ṚV. 10,39,6.
par	19087	7-356-a	absent	N	Y	Y	1. {#par#}¦ IV. 4. — Mit {#vyA#} 4.
par	19088	7-356-a	absent	N	Y	Y	2. {#par#}¦ mit {#ava#} Caus. 5. — Mit {#vi#} 4.
par	22493	7-388-d	absent	N	Y	Y	1. {#par#}¦ mit {#ava#} Caus. ({#˚pUrya#}) {%auffüllen%} HARAVIJAYA 9,6. — Mit {#vipari#} Caus. {%voll machen%} (die Mon
parAgAy	7690	5-259-a	absent	N	Y	N	{#parAgAy#}¦ {%Blüthenstaub darstellen%}. {#˚yita#} n. impers. SADUKTIK. 106.
parAgAy	19109	7-356-b	absent	N	Y	N	{{Lbody=19109}}
parAgamana	7689	5-259-a	absent	N	Y	N	{#parAgamana#}¦ n. {%das Fortgehen%} SĀY. zu ṚV. 10,18,1.
parAgamana	19109	7-356-b	absent	N	Y	N	{#parAgamana#}, {#parAgAy#} und {#parAgin#}¦ 5.
parAgvadana	5860	4-301-c	absent	N	Y	N	{#parAgvadana#}¦ Adj. (f. {#A#}) {%abgewandten Gesichts%} BHĀM. V. 2,49.
parAgvadana	19110	7-356-b	absent	N	Y	N	{#parAgvadana#} und {#˚SAlin#}¦ 4.
parAgvadanaSAlin	5861	4-301-c	absent	N	Y	N	{#parAgvadanaSAlin#}¦ Adj. dass. in der übertr. Bed. {%unhold%} (Schicksal) BHĀM. V. 3,1.
parAgvadanaSAlin	19110	7-356-b	absent	N	Y	N	{{Lbody=19110}}
parApAtam	7693	5-259-a	absent	N	Y	N	{#parApA/tam#}¦ Absol. {%davonfliegend%} MAITR. S. 1,10,13 (152,12. 13).
parApAtam	19112	7-356-b	absent	N	Y	N	{#parApA/tam#}¦ 5.
parIzaha	7715	5-259-b	absent	N	Y	N	{#parIzaha#}¦ m. {%Mühsal, Gefahr%}. Pl. HEM. PAR. 2,282.
parIzaha	19195	7-357-a	absent	N	Y	N	{#parIzaha#}¦ 5.
paraMparaBojana	19103	7-356-b	absent	Y	Y	N	{#*paraMparaBojana#}¦ n. {%das von einem Mahle zum andern Gehen%} MAHĀVY. 261,35.
pariBakza	9091	6-303-b	absent	N	Y	N	{#pariBakza#}¦ m. {%das Umgéhen Jmds beim Essen, eine best. Begehung%} ĀPAST. ŚR. 14,31,9. Vgl. {#a˚#}.
pariBakza	19158	7-356-d	absent	N	Y	N	{#pariBakza#}¦ IV. 6.
pariDAnI	7697	5-259-a	absent	N	Y	N	{#pariDAnI#}¦ Adv. mit {#kar#} {%zum Untergewand machend%} Comm. zu ŚIŚ. 13,32.
pariDAnI	19143	7-356-c	absent	N	Y	N	{#pariDAnI#}¦ 5.
pariDAsyE	5865	4-301-c	absent	N	Y	N	{#pariDAsyE#}¦ PĀR. GṚHY. 2,6,20 nach dem Comm. Dat. = {#pariDAnAya#} {%zur Anlegung%}. STENZLER vermuthet Conj. Fut.
pariDAsyE	19144	7-356-c	absent	N	Y	N	{#pariDAsyE#}¦ 4.
pariSEla	5875	4-301-c	absent	N	Y	N	{#pariSEla#}¦ (?) KAUŚ. 85.
pariSEla	19186	7-356-d	absent	N	Y	N	{#pariSEla#}¦ 4.
parihAyam	19192	7-357-a	absent	N	Y	N	{#parihA/yam#}¦ Absol. MAITR. S. 4,5,8 (76,4). ROTH vermuthet {#parihA/ram#}, wie 4,6,1 (78,21) gelesen wird.
parijetar	19136	7-356-c	absent	Y	Y	N	{#*parijetar#}¦ Nom. ag. {%Sieger%} MAHĀVY. 126,62.
paripUri	19153	7-356-c	absent	Y	Y	N	{#*paripUri#}¦ {%Erfütlung%} MAHĀVY. 244,71. Richtig Pāli {#pAripUrI#}.
paripiNgI	7700	5-259-a	absent	N	Y	N	{#paripiNgI#}¦ Adv. mit {#kar#} {%stark röthlich braun färben%} ŚIŚ. 20,55.
paripiNgI	19150	7-356-c	absent	N	Y	N	{{Lbody=19150}}
paripiRqI	19151	7-356-c	absent	N	Y	N	{#paripiRqI#}¦ Adv. mit {#kar#} {%in Kugelgestalt bringen%} DIVYĀVAD. 516,7.
parivfkza	5873	4-301-c	absent	N	Y	N	{#parivfkza#}¦ (?) KAUŚ. 80.
parivfkza	19174	7-356-d	absent	N	Y	N	{#parivfkza#}¦ 4.
parivyAkulI	19180	7-356-d	absent	N	Y	N	{#parivyAkulI#}¦ Adv. mit {#kar#} {%ganz in Unordnung bringen%} JĀTAKAM. 19.
parj	9096	6-303-b	absent	N	Y	Y	{#parj#}¦, {#pfRajmi#} = {#parc#} ĀPAST. ŚR. 12,28,16.
parj	19203	7-357-a	absent	N	Y	Y	{#parj#}¦ IV. 6.
paroNhu	19201	7-357-a	absent	N	Y	N	{#paroNhu#}¦ IV. 5.
partvA	5878	4-301-c	absent	N	Y	N	{#pa/rtvA#}¦ (!) TS. 7,5,1,2 angeblich = {#prItiM prApya#}.
partvA	19204	7-357-a	absent	N	Y	N	{#pa/rtvA#}¦ 4. {#prItvA/#} zu vermuthen.
paryARay	22501	7-388-d	absent	N	Y	N	{#paryARay#}¦ {%satteln%} ebend. 32. 166.
paryantI	19208	7-357-a	absent	N	Y	N	{#paryantI#}¦ Adv. mit {#kar#} {%zu Ende bringen, beendigen%} DIVYĀVAD. 97,19. 236,18.
paryavadApayitar	19209	7-357-a	absent	N	Y	N	{#paryavadApayitar#}¦ Nom. ag. {%Erheller, Beleuchter%} DIVYĀVAD. 202,13.
paryupAsanA	19217	7-357-a	absent	N	Y	N	{#paryupAsanA#}¦ f. {%Verehrung%} DIVYĀVAD. 147,1. 149,19.
paryuzaRAvicArabfhadavacUrRi	19220	7-357-b	absent	N	Y	N	{#paryuzaRAvicArabfhadavacUrRi#}¦ f. Titel eines Werkes Festgr. 55.
patAkAy	22490	7-388-d	absent	N	Y	N	{#patAkAy#}¦, {#˚yate#} {%eine Fahne darstellen%} DAMAYANTĪK. 72.
patant	19039	7-355-c	absent	N	Y	Y	{#patant#}¦ IV. 2〉 KIR. 6,1. 16,47.
pattI	19044	7-355-c	absent	N	Y	N	{#pattI#}¦ metrisch statt {#patti#} {%Fussgänger, Fussknecht%} R. ed. Bomb. 4,25,23.
pattodaSa	5849	4-301-b	absent	N	Y	N	{#pattodaSa#}¦ Adj. {%unten mit Fransen besetzt%} ĀPAST. ŚR. 9,11,23.
pattodaSa	19045	7-355-c	absent	N	Y	N	{#pattodaSa#}¦ 4.
pawU	19028	7-355-c	absent	N	Y	N	{#pawU#}¦ Adv. mit {#kar#} {%schärfen, steigern%} JĀTAKAM. 29,13.
pawavAsinIM	19024	7-355-b	absent	Y	Y	N	{#*pawavAsinIM#}¦ f. {%eine Art Weib%} MAHĀVY. 281,249.
pewwAlaka	9131	6-303-c	absent	N	Y	N	{{Lbody=9131}}
pewwAlaka	19514	7-359-c	absent	N	Y	N	{{Lbody=19514}}
pfzWI	19510	7-359-c	absent	Y	Y	N	{#*pfzWI#}¦ Adv. mit {#BU#} {%niedergedrückt —, niedergeschlagen werden%} MAHĀVY. 130,44. Richtig {#pizwI#}. Vgl. {#vipf
pfzant	9129	6-303-c	absent	N	Y	Y	{#pfzant#}¦ 2〉b〉 {#pfzatAM patiH#} ŚIŚ. 6,55.
pfzant	19503	7-359-c	absent	N	Y	Y	{#pfzant#}¦ IV. 6.
piNgARaka	7761	5-259-c	absent	N	Y	N	{#*piNgARaka#}¦ ZACH. Beitr. 91. 92.
piNgARaka	19334	7-358-a	absent	N	Y	N	{#piNgARaka#}¦ 5.
piRqatakzuka	9114	6-303-b	absent	N	Y	N	{#piRqatakzuka#}¦, andere Formen BAUDH. 2,15,12.
piRqatakzuka	19342	7-358-b	absent	N	Y	N	{#piRqatakzuka#}¦ IV. 6.
piSaNgay	19360	7-358-b	absent	N	Y	N	{#piSaNgay#}¦, {#˚yati#} {%röthlich färben%} KIR. 16,40. 47.
piWarikA	19340	7-358-a	absent	N	Y	N	{#piWarikA#}¦ f. {%Kochtopf%} DIVYĀVAD. 196,14.
piYjulikA	7766	5-259-c	absent	N	Y	N	{#*piYjulikA#}¦ f. ZACH. Beitr. 92.
piYjulikA	19338	7-358-a	absent	N	Y	N	{#piYjulikA#}¦ 5.
piculikA	7763	5-259-c	absent	N	Y	N	{#*piculikA#}¦ f. ZACH. Beitr. 92.
piculikA	19336	7-358-a	absent	N	Y	N	{#piculikA#} und {#piccita#}¦ 5.
pipatizant	19355	7-358-b	absent	N	Y	Y	{#pipatizant#}¦ IV. 2〉 KIR. 7,17.
pitfvyaka	7770	5-260-a	absent	N	Y	N	{#pitfvyaka#}¦ HEM. PAR. 2,304.
pitfvyaka	19349	7-358-b	absent	N	Y	N	{{Lbody=19349}}
pizwapepaRa	19371	7-358-b	absent	N	Y	N	{#pizwapepaRa#}¦ n. {%das Mahlen von schon Gemahlenem,%} so v. a. {%das unnütze Wiederholen von etwas schon Gethanem%}. 
plozwar	19902	7-363-a	absent	N	Y	N	{#plozwar#}¦ Nom. ag. {%Verbrenner%} CAṆḌĪŚ. 60.
ponti	19527	7-359-d	absent	N	Y	N	{#ponti#}¦ oder {#pontI#} f. {%Lappen, Fezzen%} DIVYĀVAD. 256,26. Conj. für {#yonti, yontI, yAntI#}.
popPala	19528	7-359-d	absent	Y	Y	N	{#*popPala#}¦ n. prākritisch für {#pUgaPala#} MAHĀVY. 231,33.
potAy	19526	7-359-d	absent	N	Y	N	{#potAy#}¦ IV. selbständig RUDRAṬA, ŚṚṄGĀRAT. 1,4.
prANmuKAYcana	7872	5-261-a	absent	N	Y	N	{#prANmuKAYcana#}¦ Adj. = {#prANmuKa#} 1〉 SĀY. zu ṚV. 10,18,3.
prANmuKAYcana	19831	7-362-c	absent	N	Y	N	{#prANmuKAYcana#}¦ 5.
prAcInapratIcitas	7874	5-261-a	absent	N	Y	N	{#prAcInapratIcitas#}¦ Adv. {%von Ost oder von West%} UTTAMAC. 133.
prAcInapratIcitas	19833	7-362-c	absent	N	Y	N	{#prAcInapratIcitas#} und {#prAcInamAtrAvAsas#}¦ 5.
prAgvaMSika	7870	5-261-a	absent	N	Y	N	{#prAgvaMSika#}¦ Adj. von 2. {#prAgvaMSa#} 2〉 Comm. zu ĀPAST. ŚR. 13,23,3. 14,7,16.
prAgvaMSika	19829	7-362-c	absent	N	Y	N	{{Lbody=19829}}
prApayitar	7878	5-261-a	absent	N	Y	N	{#prApayitar#}¦ Nom. ag. {%der erlangen lässt, verleiht%}. f. {#˚trI#} SĀY. zu ṚV. 1,113,7.
prApayitar	19851	7-362-c	absent	N	Y	N	{#prApayitar#}¦ 5.
prAvis	19862	7-362-d	absent	N	Y	N	{#prAvis#}¦ Adv. DIVYĀVAD. 210,23 vielleicht nur ein verlesenes {#Avis#}.
prIRayitar	7886	5-261-a	absent	N	Y	N	{#prIRayitar#}¦ Nom. ag. {%Erfreuer%}. f. {#˚trI#} SĀY. zu [Page5-261-b] ṚV. 4,42,10 ({#prIRAyitrI#} fehlerhaft).
prIRayitar	19882	7-363-a	absent	N	Y	N	{#prIRayitar#}¦ 5.
praRamrI	19575	7-360-b	absent	N	Y	N	{#praRamrI#}¦ Adv. mit {#BU#} {%sich verneigen%} PĀDĀRAVINDAŚ. 5.
praRatAtmavant	19573	7-360-b	absent	N	Y	N	{#praRatAtmavant#}¦ Adj. {%gebeugten Körpers, sich verbeugend%} R. ed. Bomb. 4,46,2.
praSAntaviniScayaprAtihAryanirdeSa	19795	7-362-a	absent	Y	Y	N	{#*praSAntaviniScayaprAtihAryanirdeSa#}¦ m. Titel eines Sūtra MAHĀVY. 65,52.
prabADanA	19736	7-361-c	absent	N	Y	N	{#prabADanA#}¦ f. {%das Plagen, Quälerei%} JĀTAKAM. 33.
pracalAy	19557	7-360-a	absent	N	Y	Y	{#pracalAy#}¦, {#˚yati#} {%im Schlafe mit dem Kopfe nicken%} JĀTAKAM. 33.
pradaRqavant	19718	7-361-c	absent	N	Y	N	{#pradaRqavant#}¦ Adj. {%strenge Strafen verhängend%} PARĀŚARA 1,61 (S. 389).
praheRavaka	19824	7-362-c	absent	N	Y	N	{#praheRavaka#}¦ {%eine Art Backwerk%} DIVYĀVAD. 13,26. 258,19. Vgl. {#praheRaka#}.
prakzAlayitar	19549	7-360-a	absent	N	Y	N	{#prakzAlayitar#}¦ Nom. ag. {%Wäscher%} (der Füsse des Gastes) ĀPAST. GṚHY. 13,6.
pralabDar	7854	5-260-c	absent	N	Y	N	{#pralabDar#}¦ Nom. ag. {%Hintergeher, Betrüger%} MBH. 3,246,10.
pralabDar	19759	7-361-d	absent	N	Y	N	{#pralabDar#} und {#pralamPana#}¦ 5.
pramAtar	19746	7-361-d	absent	N	Y	Y	1. {#pramAtar#}¦ auch Bez. {%eines best. Beamten%} Festgr. 16,37.
pramlAnI	5944	4-302-c	absent	N	Y	N	{#pramlAnI#}¦ Adv. mit {#BU#} {%verwelken%} PAÑCAR. 3,5,30.
pramlAnI	19751	7-361-d	absent	N	Y	N	{{Lbody=19751}}
prasTAvant	19811	7-362-b	absent	N	Y	Y	{#prasTA/vant#}¦ IV. vgl. ROTH in Festgr. 99.
prasftiMpaca	7867	5-261-a	absent	N	Y	N	{#prasftiMpaca#}, {#amBaH˚#}¦ so v. a. {%nur wenig Wasser gebend%} ALAṂKĀRAS. 26,b. ALAṂKĀRAV. 72,a. ALAṂKĀRAR. 10,b.
prasftiMpaca	19805	7-362-b	absent	N	Y	N	{#prasftiMpaca#}¦ IV. 5. Vgl. VIDDHAŚĀL. 48,6.
pratItimant	22530	7-389-a	absent	N	Y	N	{#pratItimant#}¦ Adj. {%bekannt, erkannt%} HARAVIJAYA 6,32.
pratanU	19581	7-360-b	absent	N	Y	N	{#pratanU#}¦ Adv. mit {#kar#} {%sehr verringern, — schwächen%} JĀTAKAM. 14,1.
pratiSizyakA	19647	7-360-d	absent	N	Y	N	{#pratiSizyakA#}¦ f. ? DIVYĀVAD. 153,14.
pratibimb	9138	6-303-c	absent	N	Y	N	{#pratibimb#}¦, {#˚mbati#} {%sich wiederspiegeln%} Comm. zu KAP. 4,30. Hierher gehört {#pratibimbita#}, das u. {#pratibi
pratibimb	19621	7-360-c	absent	N	Y	N	{#pratibimb#}¦ 6.
pratidvaMdvay	19600	7-360-c	absent	N	Y	N	{#pratidvaMdvay#}¦, {#˚yati#} {%wetteifern wollen%} DIVYĀVAD. 403,13.
pratigrAmasamIyam	19589	7-360-b	absent	N	Y	N	{#pratigrAmasamIyam#}¦ Adv. {%bei jedem Dorfe%} DHARMAŚARM. 1,48.
pratikaRWakayA	19584	7-360-b	absent	N	Y	N	{#pratikaRWakayA#}¦ (wohl {#˚kaRWikayA#}) Instr. Adv. = {#pratikaRWam#} DIVYĀVAD. 244,8.
pratimAsaMprokzaRa	9139	6-303-c	absent	N	Y	N	{#pratimAsaMprokzaRa#}¦ n., so zu lesen st. {#˚kzaRam#}.
pratimAsaMprokzaRa	19628	7-360-d	absent	N	Y	N	{#pratimAsaMprokzaRa#} und {#˚kzaRam#}¦ IV. 6.
pratimAsaMprokzaRam	19628	7-360-d	absent	N	Y	N	{{Lbody=19628}}
pratinisfjya	19607	7-360-c	absent	Y	Y	N	{#*pratini[H]sfjya#}¦ Adj. {%aufzugeben, fahren zu lassen%} MAHĀVY. 130,1.
pratiprasrabDi	19616	7-360-c	absent	N	Y	N	{{Lbody=19616}}
pratisaMkrAma	19655	7-361-a	absent	N	Y	Y	{#pratisaMkrAma#}¦ m. = {#pratisaMkrama#} 2〉 Comm. zu YOGAS. 2,20.
pratisaMmodana	19658	7-361-a	absent	N	Y	N	{#pratisaMmodana#}¦ n. {%Begrüssung%}. {#˚kaTA#} f. {%Anrede zur B.%} JĀTAKAM. 21. 23.
pratisamAsam	5933	4-302-b	absent	N	Y	N	{#pratisamAsam#}¦ Absol. {%wieder an seinen Platz stellend%} Comm. zu ĀPAST. ŚR. 11,5,7.
pratisamAsam	19657	7-361-a	absent	N	Y	N	{#pratisamAsam#}¦ 4.
prativaktar	19634	7-360-d	absent	N	Y	N	{#prativaktar#}¦ Nom. ag. {%Antwort gebend auf%} (Gen.), {%interpretirend%} (das Gesetz) BAUDH. 1,1,9.
pratiyatra	19631	7-360-d	absent	N	Y	N	2. {#pratiyatra#}¦ IV. {%auf der Hut seiend%} JĀTAKAM. 31.
prattadEvata	5934	4-302-b	absent	N	Y	N	{#prattadEvata#}¦ Adj. {%der Gottheit schon dargebracht%} ĀPAST. ŚR. 9,15,13. Comm. zu 10.
prattadEvata	19671	7-361-a	absent	N	Y	N	{#prattadEvata#}¦ 4.
pratyArava	19698	7-361-b	absent	N	Y	N	{#pratyArava#}¦ m. {%Widerhall%} DHARMAŚARM. 10,50.
pratyArdrI	19700	7-361-b	absent	N	Y	N	{#pratyArdrI#}¦ mit {#kar#} IV. {%verwischen%} KIR. 7,15.
pratyAstaraRa	19703	7-361-b	absent	N	Y	N	{#pratyAstaraRa#}¦ n. = {#pratyAstAra#} DIVYĀVAD. 19,20.
pratyekarUpa	19713	7-361-c	absent	N	Y	N	{#pra/tyekarUpa#}¦ scheinbar MAITR. S. 3,3,9 (42,6), da nach DELBRÜCK {#pra/tye/karUpAH#} zu betonen ist {%(in Bezug auf
pratyuktatva	7851	5-260-c	absent	N	Y	N	{#pratyuktatva#}¦ n. {%das Widerlegtsein%} ŚAṂK. zu BĀDAR. 507,2.
pratyuktatva	19706	7-361-b	absent	N	Y	N	{#pratyuktatva#}¦ 5.
pravAce	7859	5-261-a	absent	N	Y	N	{#pravA/ce#}¦ Dat. Infin. zu {#vac#} mit {#pra#} ṚV. 9,95,2.
pravAce	19767	7-362-a	absent	N	Y	N	{{Lbody=19767}}
pravAritArTAtisevA	19769	7-362-a	absent	Y	Y	N	{#*pravAritArTAtisevA#}¦ f. {%das in der Annahme von freundlichen Anerbietungen bestehende Vergehen%} MAHĀVY. 261,78.
pravaRay	19763	7-361-d	absent	N	Y	N	{#pravaRay#}¦, {#˚yati#} {%zugeneigt werden%} DHARMAŚARM. 16,80. {%zurecht machen%} 8,8. {%befördern, bewirken%} 11,56.
pravartamAnatA	7858	5-261-a	absent	N	Y	N	{#pravartamAnatA#}¦ f. {%das Sichanschicken zu%} (Loc.) SARVAD. 58,12.
pravartamAnatA	19767	7-362-a	absent	N	Y	N	{#pravartamAnatA#} und {#pravA/ce#}¦ 5.
pravezwar	7865	5-261-a	absent	N	Y	Y	{#pravezwar#}¦ nicht in Comp. SĀY. zu ṚV. 1,13,6.
pravezwar	19790	7-362-a	absent	N	Y	Y	{{Lbody=19790}}
pravfttasaMprahAra	9157	6-304-a	absent	N	Y	N	{#pravfttasaMprahAra#}¦ Adj. {%zu kämpfen begonnen habend%}. Nom. abstr. {#˚tva#} n. KATHĀS. 15,140.
pravfttasaMprahAra	19786	7-362-a	absent	N	Y	N	{#pravfttasaMprahAra#} und {#pravfttASin#}¦ 6.
prayogi	19758	7-361-d	absent	N	Y	N	{#pra/yogi#}¦ m. MAITR. S. 3,1,9 (12,11) fehlerhaft für {#prA/˚#}, Patron. von {#prayoga#}.
pretvarI	19888	7-363-a	absent	N	Y	N	{#pretvarI#}¦ IV. in der verdorbenen Stelle MAITR. S. 4,1,1 (2,6).
priyAy	7885	5-261-a	absent	N	Y	N	{#priyAy#}¦ auch {%sich befreunden mit%} (Instr.) ṚV. 3,53,9.
priyAy	19880	7-362-d	absent	N	Y	N	{#priyAy#}¦ IV. 5.
puRqarIkinI	5897	4-302-a	absent	N	Y	N	{#puRqarIkinI#}¦ f. N. pr. einer Stadt in Videha HEM. PAR. 1,391.
puRqarIkinI	19392	7-358-c	absent	N	Y	N	{#puRqarIkinI#}¦ 4.
puRyI	7785	5-260-a	absent	N	Y	N	{#puRyI#}¦ Adv. mit {#kar#} {%heiligen%} HEM. PAR. 1,133.
puRyI	19401	7-358-d	absent	N	Y	N	{#puRyI#}¦ 5.
puRyapApekzitar	19395	7-358-c	absent	N	Y	N	{#puRyapApekzitar#}¦ Nom. ag. {%Zeuge des Guten und Bösen%} M. 8,91.
puYjay	7779	5-260-a	absent	N	Y	Y	{#puYjay#}¦ mit {#pari#} {%aufhäufen%} ŚIŚ. 13,8.
puYjay	19385	7-358-c	absent	N	Y	Y	{#puYjay#}¦ mit {#pari#} 5.
punaHsaMBava	9121	6-303-c	absent	N	Y	Y	{#punaHsaMBava#}¦ m. {%Wiedergeburt%} ĀPAST. 1,5. 5.
punaHsaMBava	19415	7-358-d	absent	N	Y	Y	{#punaHsaMBava#}¦ IV. 6.
purAsura	22512	7-389-a	absent	N	Y	N	{#purAsura#}¦ m. N. pr. eines Asura ebend. 4,28.
purIzasaMhita	9123	6-303-c	absent	N	Y	N	{#pu/rIzasaMhita#}¦ Adj. {%mit Unrath verbunden%}. Compar. {#˚tara#} ŚAT. BR. 6,7,1,10.
purIzasaMhita	19430	7-359-a	absent	N	Y	N	{#pu/rIzasaMhita#}¦ 6.
puzpAkzita	19458	7-359-a	absent	N	Y	N	{#puzpAkzita#} und {#puzpAkzodaka#}¦ häufig in der PADDH. zu KAUŚ. nach BLOOMFIELD.
puzpAkzodaka	19458	7-359-a	absent	N	Y	N	{{Lbody=19458}}
puzpAy	7802	5-260-b	absent	N	Y	N	{#puzpAy#}¦, {#˚yate#} {%zu einer Blume werden%} KULĀRṆAVA 5,60.
puzpAy	19459	7-359-b	absent	N	Y	N	{#puzpAy#}¦ 5.
puzpaSrIdAsI	7801	5-260-b	absent	N	Y	N	{#puzpaSrIdAsI#}¦ f. ein Frauenname CAMPAKA 189. fgg.
puzpaSrIdAsI	19456	7-359-a	absent	N	Y	N	{{Lbody=19456}}
puzpavant	5908	4-302-a	absent	N	Y	Y	{#puzpavant#}¦, f. {#˚vatI#} auch N. pr. einer Fürstin HEM. PAR. 6,94.
puzpavant	19455	7-359-a	absent	N	Y	Y	{#pu/zpavant#}¦ IV. 4.
puzpy	19460	7-359-b	absent	N	Y	Y	{#puzpy#}¦ mit {#vi#}, {#tena vipuzpitam#} {%er lächelte%} DIVYĀVAD. 585,10. 26. {#vEpu˚#} (!) 17,6.
puzyarAga	19461	7-359-b	absent	N	Y	N	{#puzyarAga#} und {#˚rAja#}¦ s. oben u. {#puzpa˚#}.
puzyarAja	19461	7-359-b	absent	N	Y	N	{{Lbody=19461}}
pyA	7823	5-260-b	absent	N	Y	Y	{#pyA#}¦ mit {#anvA#} {%anschwellen%} u. s. w. {%nach%} (Acc.) MAITR. S. 2,2,7 (21,11. 14).
pyA	19542	7-359-d	absent	N	Y	Y	{#pyA#}¦ mit {#anvA#} 5.
qItara	7317	5-255-a	absent	N	Y	Y	{#qI/tara#}¦ zu streichen; vgl. oben {#arAqI/tara#}.
qItara	17664	7-344-b	absent	N	Y	Y	{#qI/tara#}¦ II. 5.
rAjImatI	8156	5-264-b	absent	N	Y	N	{#rAjImatI#}¦ f. N. pr. einer Frau. {#˚parityAga#} m. Titel eines Werkes ALAṂKĀRAT. 8,a.
rAjImatI	20784	7-371-a	absent	N	Y	N	{#rAjImatI#} und {#˚parityAga#}¦ 5.
rAjImatIparityAga	20784	7-371-a	absent	N	Y	N	{{Lbody=20784}}
rAjahaMsAy	9311	6-305-c	absent	N	Y	N	{#rAjahaMsAy#}¦, {#˚yate#} = {#rAjahaMsIy#} VĀGBHAṬA 4,51.
rAjahaMsAy	20779	7-371-a	absent	N	Y	N	{#rAjahaMsAy#}¦ 6.
rAjamArgI	20777	7-371-a	absent	N	Y	N	{#rAjamArgI#}¦ Adv. mit {#kar#} {%zu einer Hauptstrasse machen%} JĀTAKAM. 1.
rAtA	20785	7-371-a	absent	N	Y	N	{#rAtA#}¦ Adj. f. ĀPAST. GṚHY. 3,11 auf verschiedene Weise gedeutet. = {#vihAriRI#} VAIJAYANTĪ, BHŪMIK., BRĀHMAṆĀDHY. 52
rAtriMmanya	22589	7-389-d	absent	N	Y	Y	{#rAtriMmanya#}¦ V. {%sich für Nacht haltend%} ŚRĪKAṆṬHAC. 4,12.
rUkzaka	20824	7-371-b	absent	N	Y	N	{#rUkzaka#}¦ Adj. (f. {#˚kzikA#}) = {#rUkza#} 1〉. Von einer Speise DIVYĀVAD. 87,1. 89,3.
rUkzay	20825	7-371-b	absent	N	Y	Y	{#rUkzay#}¦ V. {%verunglimpfen, beleidigen, erbittern%}. {#rUkzitatva#} n. JĀTAKAM. 23,7.
rUpay	20828	7-371-c	absent	N	Y	Y	{#rUpay#}¦ V. 2〉 KIR. 8,26.
raSanasaMmita	8153	5-264-b	absent	N	Y	Y	{#raSanasaMmita#}¦ auch ĀPAST. ŚR. 14,6,10.
raSanasaMmita	20767	7-370-d	absent	N	Y	Y	{#raSanasaMmita#}¦ V. 5.
raktapawwamaya	8143	5-264-a	absent	N	Y	N	{#raktapawwamaya#}¦ Adj. {%aus rothem Zeuge verfertigt%} VĀSAV. 172,6, v. l.
raktapawwamaya	20716	7-370-b	absent	N	Y	N	{{Lbody=20716}}
rakzApratisarA	20721	7-370-c	absent	N	Y	N	{{Lbody=20721}}
rakzApratisara	20721	7-370-c	absent	N	Y	N	{#rakzApratisara#} m. oder {#˚rA#} f.¦ {%Schutzamulet%} MBH. 3,309,4.
rasarasAgratA	20770	7-370-d	absent	Y	Y	N	{#*rasarasAgratA#}¦ f. (MAHĀVY. 17,10) und {#rasarasAgravant#} Adj. (LALIT. 120,19. fg.). Vgl. Lotus de la b. l. 566. fg
rasavant	8154	5-264-b	absent	N	Y	Y	{#ra/savant#}¦ Z. 6, lies ANARGHAR.
rasavant	20771	7-370-d	absent	N	Y	Y	{#ra/savant#}¦ V. 5.
ratirAgA	20740	7-370-c	absent	Y	Y	N	{#*ratirAgA#}¦ f. N. pr. einer TantraGottheit MAHĀVY. 197,56.
ratnAy	20745	7-370-c	absent	N	Y	N	{#ratnAy#}¦, {#˚yate#} {%Juwelen —, Perlen gleichen%} JĀTAKAM. 15,14.
ratnavant	22586	7-389-d	absent	N	Y	Y	{#ratnavant#}¦ V. 3〉a〉 HARAVIJAYA 11,43.
ridviDi	9313	6-305-c	absent	N	Y	N	{#ridviDi#}¦ m. KAP. S. v. l. für {#hinviDi#} MAITR. S. 1,9,1 (131,8).
ridviDi	20801	7-371-a	absent	N	Y	N	{#ridviDi#}¦ 6.
ripav	8158	5-264-b	absent	N	Y	N	{#ripav#}¦, {#˚vati#} {%zum Feinde werden%} SUBHĀṢITĀV. 3128.
ripav	20802	7-371-a	absent	N	Y	N	{#ripav#}¦ 5.
sAMkASikA	21861	7-382-c	absent	N	Y	N	{#*sAMkASikA#}¦ Adj. f. = {#pitrAdigfhezvagnyAdidAyinI#} VAIJAYANTĪ, BHŪMIK., BRĀHMAṆĀDHY. 52 nach WINTERNITZ.
sAgarAy	21859	7-382-b	absent	N	Y	N	{#sAgarAy#}¦, {#˚yate#} {%das Meer darstellen%} PRĀṆĀBHARAṆA 48 nach AUFRECHT.
sAmaDarmArTanItimant	21879	7-382-c	absent	N	Y	N	{#sAmaDarmArTanItimant#}¦ Adj. {%liebevoll, gerecht, nützlich und klug%} (Rede) R. ed. Bomb. 4,29,8. Vgl. {#sasAmaDarmAr
sAreta	21792	7-381-c	absent	N	N	N	{{Lbody=21792}}
sODAy	21973	7-383-c	absent	N	Y	N	{#sODAy#}¦, {#˚yate#} {%zu Nektar werden%} PĀDĀRAVINDAŚ. 6.
sTAyaka	22001	7-384-a	absent	N	Y	N	{#sTAyaka#}¦ VII. 2〉 YAMA in HEMĀDRI 3,1,776.
sTUlaBittikatA	22002	7-384-a	absent	Y	Y	N	{#*sTUlaBittikatA#}¦ f. ? MAHĀVY. 85.
sTalay	21993	7-383-d	absent	N	Y	N	{#sTalay#}¦, {#˚yati#} {%zum Festland machen%} SUBHĀṢITĀV. 2287.
sTavirAy	21996	7-383-d	absent	N	Y	N	{#sTavirAy#}¦, {#˚yate#} {%altern%} (vor der Zeit) BHĀVAPR. 46,a nach AUFRECHT.
sUpasaMpanna	21966	7-383-c	absent	Y	Y	N	{#*sUpasaMpanna#}¦ Adj. {%gehörig zum Mönch geweiht%} MAHĀVY. 48.
sUtray	21961	7-383-c	absent	N	Y	Y	{#sUtray#}¦ mit {#sam#}, {#saMsUtrita#} {%stimmend, passend%} DHARMAŚARM. 2,78.
saMBaja	21779	7-381-b	absent	N	Y	N	{#saMBaja#}¦ (?) DĀRILA zu KAUŚ. 41,18.
saMBfti	21782	7-381-b	absent	N	Y	Y	{#saMBfti#}¦ VII. {%Menge%} HARAVIJAYA 2,62.
saMBinnapralApa	21780	7-381-b	absent	Y	Y	N	{#saMBinnapralApa#}¦ m. {%sinnloses Geschwätze%} MAHĀVY. 92. DIVYĀVAD. 302,8. {#˚pralApika#} Adj. {%Unsinn redend%} 301,
saMBinnavyaYjanA	21781	7-381-b	absent	Y	Y	N	{#*saMBinnavyaYjanA#}¦ f. {%eine Art Hermaphrodit%} MAHĀVY. 271. {#*˚na#} n. {%diese Deformität%} 284.
saMDay	21679	7-380-b	absent	N	Y	Y	{#saMDay#}¦ mit {#anu#} auch {%fügen, bestimmen%}. {#BAvikarmAnusaMDayet#} ({#viDiH#}) KĀŚĪKH. 13,95.
saMSrAvaRa	21603	7-379-b	absent	N	Y	N	{#saMSrAvaRa#}¦ HEMĀDRI 3,a,974,5 fehlerhaft für {#saMsrAvaRa#}.
saMbADa	21777	7-381-b	absent	N	Y	Y	{#saMbADa#}¦ VII. 1〉c〉 ĀŚV. GṚHY. 23,3.
saMbIja	21778	7-381-b	absent	N	Y	N	{#saMbIja#}¦ n. {%allgemeiner Same%} KĀŚĪKH. 44,26.
saMbanDikatva	21776	7-381-b	absent	N	Y	N	{#saMbanDikatva#}¦ n. {%das Zusammenhängen%} SAṂSK. K. 27,b,10. 214,b,6.
saMdarBavant	21677	7-380-b	absent	N	Y	N	{#saMdarBavant#}¦ Adj. {%ein kunstvolles Gefüge habend%} HARAVIJAYA 11,33.
saMhananavant	21614	7-379-c	absent	N	Y	N	{#saMhananavant#}¦ Adj. {%kräftig gebaut%} JĀTAKAM. 25.
saMkaTya	21627	7-379-c	absent	Y	Y	N	{#*saMkaTya#}¦ = {#sAM˚#} MAHĀVY. 245.
saMmodaganDa	21785	7-381-b	absent	N	Y	N	{#saMmodaganDa#}¦ m. {%Wohlgeruch%} JĀTAKAM. 21.
saMmodanIya	21786	7-381-c	absent	Y	Y	N	{#*saMmodanIya#}¦ Adj. {%freundlich%} MAHĀVY. 145.
saMmuKa	21783	7-381-b	absent	N	Y	Y	{#saMmuKa#}¦ Adj. auch {%passend, den Umständen angemessen%} LALIT. 464,6. 466,4.
saMmuKavinaya	21784	7-381-b	absent	Y	Y	N	{#*saMmuKavinaya#}¦ m. etwa {%ein Verweis unter vier Augen%} MAHĀVY. 264.
saMnikASay	21682	7-380-b	absent	N	Y	N	{#saMnikASay#}¦, {#˚yati#} {%kund thun%} KIR. 13,35.
saMpAtAyAta	21762	7-381-a	absent	N	Y	N	{#saMpAtAyAta#}¦ Adj. {%ohne ersichtlichen Zweck hineingerathen%} SĀṂKHYAPR. 89,6 v. u. ANIRUDDHA zu SĀṂKHYAS. 1,12. 2,1
saMpAtaka	21761	7-381-a	absent	N	Y	N	{#saMpAtaka#}¦ Adj. von {#saMpAta#} 7〉 SAṂSK. K. 75,b,2.
saMpad	21759	7-381-a	absent	N	Y	Y	{#saMpad#}¦ VII. {%Gleichsetzung von Aehnlichem%} ŚAṂKARA zu VEDĀNTA 68,2.
saMparivarta	21760	7-381-a	absent	N	Y	N	{#saMparivarta#}¦ m. = {#parivarta#} 5〉 DHARMAŚARM. 15,56.
saMprAnta	21774	7-381-b	absent	N	Y	N	{#saMprAnta#}¦ m. {%völliges Ende%} KĀŚĪKH. 64,72.
saMpraKyAna	21764	7-381-b	absent	Y	Y	N	{#*saMpraKyAna#}¦ n. MAHĀVY. 133.
saMpraharzaRa	21773	7-381-b	absent	Y	Y	N	{#saMpraharzaRa#}¦ VII. n. {%*das Aufmuntern%} MAHĀVY. 245. {#˚RA#} f. dass. JĀTAKAM. 7.
saMprajAna	21766	7-381-b	absent	Y	Y	N	{#*saMprajAna#}¦ (!) dass. MAHĀVY. 281.
saMprajYAtAvasTA	21768	7-381-b	absent	N	Y	N	{#saMprajYAtAvasTA#}¦ f. {%dieser Zustand eines%} Yogin ebend.
saMprajYAtayogin	21767	7-381-b	absent	N	Y	N	{#saMprajYAtayogin#}¦ m. {%ein%} Yogin, {%der sich noch im Zustande des Bewusstseins befindet,%} ANIRUDDHA zu SĀṄKHYAS. 
saMprajanya	21765	7-381-b	absent	N	Y	N	{#saMprajanya#}¦ (!) n. {%volles Bewusstsein%} DIVYĀVAD. 654,27. 655,3.
saMpratiBAsa	21770	7-381-b	absent	N	Y	N	{#saMpratiBAsa#}¦ m. {%combinirende Vorstellung%} ANIRUDDHA zu SĀṂKHYAS. 5,99.
saMpratigraha	21769	7-381-b	absent	N	Y	N	{#saMpratigraha#}¦ m. {%gute Aufnahme, Vorliebe für Jmd%} JĀTAKAM. 7.
saMpravAdana	21772	7-381-b	absent	N	Y	N	{#saMpravAdana#}¦ n. {%das zu gleicher Zeit Ertönenlassen%} SUD. zu ĀPAST. GṚHY. 2,14.
saMprayuktaka	21771	7-381-b	absent	Y	Y	N	{#*saMprayuktaka#}¦ Adj. {%mitwirkend%} MAHĀVY. 114.
saMpriyatA	21775	7-381-b	absent	N	Y	N	{#saMpriyatA#}¦ f. {%das Liebersein als%} (Abl.) KIR. 17,4.
saMpuzka	21763	7-381-b	absent	N	Y	N	{#saMpuzka#}¦ Adj. ĀPAST. GṚHY. 18,11 = {#akzata#} {%ungemahlen%} Comm. Vielleicht fehlerhaft für {#saMSuzka#}.
saMramBavant	21585	7-379-b	absent	N	Y	N	{#saMramBavant#}¦ Adj. {%zornig%} HARAVIJAYA 9,13.
saMskAravant	21606	7-379-c	absent	Y	Y	Y	{#saMskAravant#}¦ VII. {%*einen Eindruck empfangend%} MAHĀVY. 208.
saMsneha	21611	7-379-c	absent	N	Y	N	{#saMsneha#}¦, so zu lesen st. {#saMsreha#}.
saMviBAgI	21600	7-379-b	absent	N	Y	N	{#saMviBAgI#}¦ Adv. mit {#kar#} {%gleich theilen%} DAMAYANTĪK. 263.
saMyamanin	21583	7-379-b	absent	N	Y	N	{#saMyamanin#}¦ m. {%Lenker%} DIVYĀVAD. 60,15.
saPalatA	21701	7-380-c	absent	N	Y	N	{#saPalatA#}¦ f. = {#saPalatva#} KĀŚĪKH. 46,11.
sadaMpuzpA	21659	7-380-a	absent	N	Y	N	{#sadaMpuzpA#}¦ nach DĀRILA = {#trisaMDyA#}.
sadant	21658	7-380-a	absent	N	Y	N	{#sadant#}¦ Adj. {%Zähne habend, seine Z. behaltend%}. Nom. abstr. {#sadattva#} n. MAITR. S. 1,8,5 (121,20) {#sadattvA/y
sadopavAmin	21670	7-380-a	absent	N	Y	N	{#sadopavAmin#}¦ Adj. {%stets fastend%} MBH. 13,93,10.
sahaBUmi	21844	7-382-b	absent	N	Y	N	{#sahaBUmi#}¦ VII. Lies 16,15,20.
sakalay	21616	7-379-c	absent	N	Y	N	{#sakalay#}¦, {#˚yati#} {%ergänzen, vervollständigen%} HARAVIJAYA 5,115.
saktuprasTeSvara	21620	7-379-c	absent	N	Y	N	{#saktuprasTeSvara#}¦ n. N. pr. eines Liṅga KĀŚĪKH. 65,15.
samanDakArI	21714	7-380-c	absent	N	Y	N	{#samanDakArI#}¦ Adv. mit {#kar#} {%in Finsterniss hüllen,%} so v. a. {%unpassirbar machen%} KIR. 14,39.
samudrakaleKaka	21755	7-381-a	absent	N	Y	N	{#*samudrakaleKaka#}¦ Adj. {%mit best. ungünstigen Zeichen versehen%} ebend. 271,143. Wohl {#sA˚#} zu lesen.
samuttaMsita	14764	7-322-d	absent	N	Y	N	{{Lbody=14764}}
sant	21675	7-380-b	absent	Y	Y	Y	{#sant#}¦ VII. 6〉b〉 {#satkftya#} {%mit gehöriger Aufmerksamkeit, andachtsvoll%} JĀTAKAM. 1. 2. 9. 11. 24. 25. 31,70. {%s
sapatni	21686	7-380-b	absent	N	Y	N	{#sapatni#}¦ f. = 1. {#sapatnI#} R. ed. Bomb. 2,8,26.
sapfzWI	21690	7-380-b	absent	N	Y	N	{#sapfzWI#}¦ Adv. mit {#BU#} DIVYĀVAD. 326,9. Vgl. {#pfzWI#}.
saptaSana	21695	7-380-b	absent	N	Y	N	{#saptaSana#}¦ VII. 2〉b〉 richtig nach AUFRECHT [Page7-380-c] {#saptaSatIvyAKyA guptavatI#}.
sar	21792	7-381-c	absent	Y	Y	Y	{#sar#}, {#*sAreta#}¦ {%fliessend%} (Stimme) MAHĀVY. 20. — Mit {#*ati, nAtisaret#} ? ebend. 245,619. — Mit {#vyati#} Cau
sarp	21801	7-381-c	absent	N	Y	Y	{#sarp#}¦ mit {#ud#} Caus. {#utsarpita#} ? DIVYĀVAD. 23,11. fgg.
sarpAy	21803	7-381-d	absent	N	Y	N	{#sarpAy#}¦, {#˚yate#} {%einer Schlange gleichen%} RUDRAṬA, ŚṚṄGĀRAT. 2,85.
sarpavfScikaromavant	21802	7-381-c	absent	N	Y	N	{#sarpavfScikaromavant#}¦ Adj. {%dessen [Page7-381-d] Haare Schlangen und Scorpione sind%} R. 7,23,1,74.
sarvadevanikAya	9004	6-302-b	absent	N	Y	N	{{Lbody=9004}}
sarvaroDaviroDasaMpraSamana	21821	7-382-a	absent	N	Y	N	{#*sarvaroDaviroDasaMpraSamana#}¦ m. {%ein best.%} Samādhi ebend. 21,101.
satkAryasidDAnta	21650	7-379-d	absent	N	Y	N	{#satkAryasidDAnta#}¦ m. = {#satkAryavAda#} (s. u. {#satkArya#}) SĀṂKHYAPR. 84,6. 85,7.
sattvavant	21652	7-379-d	absent	N	Y	Y	{#sattvavant#}¦, so zu lesen st. {#sattvant#}.
siYcati	21900	7-382-d	absent	N	N	N	{{Lbody=21900}}
siYjAsTa	17562	7-343-c	absent	N	Y	N	{{Lbody=17562}}
siYjAsTa	21901	7-382-d	absent	N	Y	N	{{Lbody=21901}}
skanDI	21982	7-383-d	absent	N	Y	N	{#skanDI#}¦ Adv. mit {#kar#} {%über die Schulter hängen%} DAMAYANTĪK. 148.
srA	22019	7-384-b	absent	N	Y	Y	{#srA#}¦ mit {#pra#}, {#˚srApayati#} schlechte Lesart für {#prasrAvayati#}.
stAnana	5071	4-292-a	absent	N	Y	N	{#˚stAnana#}¦ Adj. (f. {#A#}) so v. a. {%das Gesicht nicht verziehend%}. {#˚stam#} Adv. {%ruhig%}.
stabakAy	21985	7-383-d	absent	N	Y	N	{#stabakAy#}¦, {#˚yate#} {%zu einem Blüthenbüschel werden%} ebend. 11,28.
star	21987	7-383-d	absent	Y	Y	Y	1. {#star#}¦ mit {#vyava#} {%darüber hinbreiten%} ĀPAST. GṚHY. 5,23. — Mit {#*pratyA, ˚stfta#} {%ausgebreitet%} MAHĀVY. 
suSarmanagara	21947	7-383-b	absent	N	Y	N	{#suSarmanagara#} n. und {#suSarmapura#} n.¦ N. pr. einer {%Stadt%} Festgr. 16.
suSarmapura	21947	7-383-b	absent	N	Y	N	{{Lbody=21947}}
sudurgraha	21915	7-383-a	absent	N	Y	N	{#sudurgraha#}¦ Adj. {%sehr schwer zu erfassen, — erkennen%} KIR. 14,1.
suranirktariRI	21935	7-383-b	absent	N	Y	N	{#suranirktariRI#}¦ f. {%die himmlische%} Gaṅgā HARAVIJAYA 1,11.
svaDay	22025	7-384-b	absent	N	Y	Y	{#svaDay#}¦ VII. statt {#svaDayA/makaH#} MAITR. S. 1,8,4 (120,19) ist nach DELBRÜCK {#svada˚#} zu lesen.
svakArTa	22023	7-384-b	absent	N	Y	N	{#*svakArTa#}¦ m. {%das eigene Interesse%} ebend. 48. 126.
svasvAmisaMbanDa	22030	7-384-b	absent	N	Y	N	{#svasvAmisaMbanDa#}¦ m. {%die zwischen Besitz und Besitzer bestehende Verbindung%} ANIRUDDHA zu SĀṂKHYAS. 6,67. 69. fg.
tARqavay	22409	7-388-a	absent	N	Y	N	{#tARqavay#}¦ {%tanzen lassen%} ebend. 36.
tAmasavana	17803	7-345-c	absent	N	Y	Y	{#tAmasavana#}¦ III. vgl. {#tamasAvana#}.
tAvaMtka	17825	7-345-c	absent	N	Y	N	{#*tAvaMtka#}¦ Adj. = {#tAvatika#}.
tAwAvacara	17791	7-345-b	absent	Y	Y	N	{#*tAwAvacara#}¦ m. MAHĀVY. 218,16 fehlerhaft für {#tAqAvacara#}.
tITenAvA	5699	4-299-c	absent	N	Y	N	{#tITenAvA#}¦ f. (sc. {#saMhitA#}) SAṂHITOPAN. 22,1. {#tITenAvApadaM (!) vidyate yasyAM sA#} Comm.
tITenAvA	17856	7-345-d	absent	N	Y	N	{#tITenAvA#}¦ 4.
tIrTikAvakrAntaka	17862	7-346-a	absent	Y	Y	N	{#*tIrTikAvakrAntaka#}¦ Adj. {%der zu einer hetrodoxen Secte übergetreten ist%} MAHĀVY. 271,4.
tIrTodgAraprakIrRaka	17863	7-346-a	absent	N	Y	N	{#tIrTodgAraprakIrRaka#}¦ Titel eines Werkes Festgr. 55. fgg.
tIyikA	17858	7-345-d	absent	N	Y	N	{#tIyikA#}¦ f. N. pr. einer Oertlichkeit DIVYĀVAD. 76,11. 465,12. {#˚maha#} m. {%ein best. Fest%} 80,9. 469,18.
tUzRoMviprakramaRa	17899	7-346-b	absent	Y	Y	N	{#*tUzRoMviprakramaRa#}¦ n. {%stilles Davonschleichen%} (aus einer Versammlung) {%ohne seine Stimme abzugeben%} MAHĀVY. 
taTAgatacintyaguhyanirdeSa	17696	7-344-c	absent	Y	Y	N	{#*taTAgatacintyaguhyanirdeSa#} m., {#*taTAgatajYAnamudrAsamADi#} m., {#*taTAgatamahAkaruRAnirdeSa#} m. und {#*taTAgatot
taTAgatajYAnamudrAsamADi	17696	7-344-c	absent	N	Y	N	{{Lbody=17696}}
taTAgatamahAkaruRAnirdeSa	17696	7-344-c	absent	N	Y	N	{{Lbody=17696}}
taTAgatotpattisaMBavanirdeSa	17696	7-344-c	absent	N	Y	N	{{Lbody=17696}}
taTAkArin	17695	7-344-c	absent	Y	Y	N	{#*taTAkArin#}¦ Adj. {%so thuend%} MAHĀVY. 126,59.
tadbudDi	22404	7-388-a	absent	N	Y	N	{#tadbudDi#}¦ Adj. {%dessen Geist darauf gerichtet ist%} BHAG. 5,17.
taddviguRa	22403	7-388-a	absent	N	Y	N	{#taddviguRa#}¦ Adj. {%zweimal so viel%} M. 8,59.
tadvaMSya	22405	7-388-a	absent	N	Y	N	{#tadvaMSya#}¦ Adj. {%zu dessen Familie gehörig;%} m. {%dessen Anverwandter%} M. 7,202.
tadvaktar	22406	7-388-a	absent	N	Y	N	{#tadvaktar#}¦ Nom. ag. {%dieses sprechend%} M. 12,115.
talavarga	17778	7-345-b	absent	N	Y	N	{#*talavarga#}¦ m. {%ein best. Amt%} oder {%Beruf%} 〔186,54〕.
talloka	7348	5-255-b	absent	N	Y	N	{#talloka#}¦ Adj. {%im Besitz seiner Welt seiend%}. Nom. abstr. {#˚tA#} f. BHĀG. P. 4,24,7.
talloka	17785	7-345-b	absent	N	Y	N	{#talloka#}¦ 5.
tamAKu	7337	5-255-b	absent	N	Y	N	{#tamAKu#}¦ m. {%Tabak%} SUBHĀṢITARATNABHĀṆḌĀGĀRA 131 nach AUFRECHT.
tamAKu	17752	7-345-a	absent	N	Y	N	{#tamAKu#}¦ 5.
tamanI	7336	5-255-b	absent	N	Y	N	{#tamanI#}¦ f. ZACH. Beitr. Vgl. {#nAga˚#}.
tamanI	17747	7-345-a	absent	N	Y	N	{#tamanI#}¦ 5.
tamastamaHparAyaRa	17751	7-345-a	absent	Y	Y	N	{#*tamastamaHparAyaRa#}¦ Adj. MAHĀVY. 147.
tamojyotizparAyaRa	17754	7-345-a	absent	Y	Y	N	{#*tamojyotizparAyaRa#}¦ Adj. MAHĀVY. 147.
tanUkartar	7333	5-255-b	absent	N	Y	N	{#tanUkartar#}¦ Nom. ag. {%Schwächer, Mitnehmer%} (der Feinde) SĀY. zu ṚV. 5,34,6.
tanUkartar	17722	7-344-d	absent	N	Y	N	{#tanUkartar#}¦ 5.
tandrAy	17731	7-344-d	absent	N	Y	Y	{#tandrAy#}¦ zu streichen, da ŚĀṄKH. ŚR. 15,19 (191,6) {#tandrayate#} gelesen wird.
tanitar	7330	5-255-b	absent	N	Y	N	{#tanitar#}¦ Nom. ag. {%Zusammenfüger, Ausführer%} SĀY. zu ṚV. 10,39,14.
tanitar	17717	7-344-d	absent	N	Y	N	{#tanitar#}¦ 5.
tannizWa	22407	7-388-a	absent	N	Y	N	{#tannizWa#}¦ Adj. {%diesem sich ganz hingebend%} BHAG. 5,17.
tantrapati	7334	5-255-b	absent	N	Y	N	{#tantrapati#}¦ m. ZACH. Beitr.
tantrapati	17728	7-344-d	absent	N	Y	N	{#tantrapati#}¦ III. 5.
tantrya	7335	5-255-b	absent	N	Y	N	{#tantrya#}¦ Adj. {%der Doctrin gemäss, gesetzlich%} DATTAKATILAKA in DATTAKAŚ.
tantrya	17730	7-344-d	absent	N	Y	N	{#tantrya#}¦ 5.
tantumant	5683	4-299-c	absent	N	Y	Y	{#tantumant#}¦ 1〉b〉 ĀPAST. ŚR. 9,8,5. — 2〉 f. {#˚matI#} auch {%eine an diesen%} Agni {%gerichtete Darbringung%} Comm. zu
tantumant	17727	7-344-d	absent	N	Y	Y	{#tantumant#}¦ III. 4.
taqAGAta	17678	7-344-c	absent	N	Y	Y	{#taqAGAta#}¦ III. fehlerhaft für {#tawA˚#} (KUMĀRAS. 2,50).
taqilleKAy	17679	7-344-c	absent	N	Y	N	{#taqilleKAy#}¦, {#˚yate#} {%zum Blitzstrahl werden%} PĀDĀRAVINDAŚ. 15.
tar	4758	3-263-a	absent	N	Y	Y	{#tar#}¦ mit {#vyud#} Caus. {%hierhin und dorthin ausgiessen%} MĀN. ŚR. 4,3.
tar	7339	5-255-b	absent	N	Y	Y	1. {#tar#}¦ mit {#ava#} Z. 2, lies {#avatI/ryatI#}. — Mit {#samava, ˚tIrRa#} {%abgestiegen%} DAŚAK. 46,18. — Mit {#ud#} 
tar	17757	7-345-a	absent	N	Y	Y	1. {#tar#}¦ mit {#ava#} III. 5. — Mit {#samava#} 5. — Mit {#ud#} Caus. III. 5. — Mit {#vyud#} Caus. 3. — Mit {#pratinis#
taratsamA	7341	5-255-b	absent	N	Y	N	{{Lbody=7341}}
tarattAra	17761	7-345-a	absent	N	Y	N	{#tarattAra#}¦ Adj. {%mit durchdringenden (durchbohrenden) Augensternen%} RUDRAṬA, ŚṚṄGĀRAT. 1,59.
tarham	17774	7-345-b	absent	N	Y	N	{#tarham#}¦ Absol. in {#Satata/rham#}.
tarpayitavE	8954	6-301-c	absent	N	Y	N	{#tarpayitavE#}¦ Dat. Infin. zum Caus. von {#tarp#} ĀPAST. ŚR. 4,16,17.
tarq	8953	6-301-c	absent	N	Y	N	{#tarq#}¦, {#saMtfqya#} ŚĀṄKH. ŚR. 17,12,1 wohl nur fehlerhaft für {#saMtfdya#}.
tarq	17773	7-345-b	absent	N	Y	N	{#tarq#}¦ mit {#sam#} und {#tarpayitavE#} 6.
tarutar	4760	3-263-a	absent	N	Y	Y	2. {#tarutar#}¦ 2〉 f. {#˚trI#} MĀN. GṚHY. 1,22.
tarutar	17769	7-345-b	absent	N	Y	Y	2. {#tarutar#}¦ III. 3.
tatkfta	22399	7-387-d	absent	N	Y	N	{#tatkfta#}¦ Adj. {%dadurch hervorgebracht%} M. 5,126.
tatsamakzam	22402	7-388-a	absent	N	Y	N	{#tatsamakzam#}¦ Adv. {%vor dessen Augen%} MĀLATĪM. (ed. Bomb.) 194,1.
tavasvant	4761	3-263-a	absent	N	Y	Y	{#ta/vasvant#}¦, so zu accentuiren.
tavasvant	17786	7-345-b	absent	N	Y	Y	{#ta/vasvant#}¦ III. 3.
tawAy	7323	5-255-a	absent	N	Y	N	{#tawAy#}¦, {#˚yate#} {%wie ein Abhang erscheinen%} ALAṂKĀRAV. 38,b.
tawAy	17677	7-344-c	absent	N	Y	N	{{Lbody=17677}}
tejovEdagDyaSIlavant	8962	6-301-c	absent	N	Y	N	{#tejovEdagDyaSIlavant#}¦ Adj. {%Energie, Scharfsinn einen guten Charakter besitzend%} SĀH. D. 64.
tejovEdagDyaSIlavant	17915	7-346-b	absent	N	Y	N	{#tejovEdagDyaSIlavant#}¦ 6.
tejovant	17914	7-346-b	absent	Y	Y	Y	{#tejovant#}¦ Adj. auch {%kräftig, energisch%} R. ed. Bomb. 4,50,12. {#˚vatI#} f. III. {%*ein best.%} Samādhi MAHĀVY. 21
tfzwAvarutrI	17910	7-346-b	absent	N	Y	N	{#tfzwA/va/rutrI#}¦ Nomin. Du. Nom. pr. zweier Priester der Asura MAITR. S. 4,8,1 (106,8). Vgl. v. l.
tigmateja	17827	7-345-c	absent	N	Y	N	{#tigmateja#}¦ Adj. = {#˚tejas#} R. ed. Bomb. 3,69,36.
tilakocavaka	17849	7-345-d	absent	Y	Y	N	{#*tilakocavaka#}¦ n. {%eine Art Pfeil%} MAHĀVY. 238,29.
tilottamIy	5698	4-299-c	absent	N	Y	N	{#tilottamIy#}¦, {#˚yati#} {%die%} Apsaras Tilottamā {%darstellen%} BHĀM. V. 2,96.
tilottamIy	17851	7-345-d	absent	N	Y	N	{{Lbody=17851}}
timitimiMgala	17832	7-345-d	absent	N	Y	N	{#timitimiMgala#}¦ DIVYĀVAD. 502,21 wohl nur fehlerhaft für {#˚miMgila#}.
tintrIRIkA	17830	7-345-d	absent	N	Y	N	{#tintrIRIkA#}¦ f. wohl nur fehlerhaft für {#tintilIkA#} u. s. w. SUD. zu ĀPAST. GṚHY. 6,5.
tiryakapAtin	7355	5-255-b	absent	N	Y	N	{#tiryakapAtin#}¦ Adj. {%seitwärts fallend auf%} (Loc.) ŚIŚ. 10,40.
tiryakapAtin	17840	7-345-d	absent	N	Y	N	{{Lbody=17840}}
trAyin	4790	3-263-b	absent	N	Y	N	{#˚trAyin#}¦ Adj. {%behütend%} PR. P. 19.
trAyin	17931	7-346-c	absent	N	Y	N	{#˚trAyin#}¦ 3. *Als Bein. Buddhaʼs TRIGLOTTE 1,13, Vgl. {#tAyin#}.
trEdaSaka	17997	7-347-a	absent	N	Y	N	{#trEdaSaka#}¦ v. l. für {#trEdaSika#} (M. 2,58) HEMĀDRI 3,a,991,13.
trIrAtrIRa	5715	4-300-a	absent	N	Y	N	{#trIrAtrIRa#}¦ Adj. {%dreitägig%} ĀPAST. ŚR. 9,2,3.
trIrAtrIRa	17994	7-347-a	absent	N	Y	N	{#trIrAtrIRa#}¦ 4.
triHSyeta	4809	3-263-b	absent	N	Y	N	{#triHSyeta#}¦, streiche MĀN. GṚHY. 1,12. 15.
triHSyeta	17985	7-346-d	absent	N	Y	N	{#triHSyeta#}¦ III. 3.
triHpiba	7377	5-255-c	absent	N	Y	N	{#triHpiba#}¦ Adj. = {#tripiba#} Cit. im Comm. zu R. ed. Bomb. 5,11,16.
triHpiba	17935	7-346-c	absent	N	Y	N	{#triHpiba#}¦ 5.
triHzamfdDatva	17989	7-346-d	absent	N	Y	N	{#triHzamfdDatva#}, {#trisatya#} u. {#trisaptaka˚#}¦ 6.
triMSadBAga	5705	4-300-a	absent	N	Y	N	{#triMSadBAga#}¦ m. {%der 50ste Theil%} YĀJÑ. 2,180.
triMSadBAga	17933	7-346-c	absent	N	Y	N	{#triMSadBAga#}¦ 4.
triMSanmAna	4792	3-263-b	absent	N	Y	N	{#triMSanmAna#}¦ Adj. {%ein Gewicht von 30 habend%} ĀPAST. ŚR. 5,21,9.
triMSanmAna	17934	7-346-c	absent	N	Y	N	{#triMSanmAna#}¦ 3.
trihalikASrama	4810	3-263-b	absent	N	Y	N	{#trihalikASrama#}¦, lies {#˚kAgrAma#}.
trihalikASrama	17993	7-347-a	absent	N	Y	N	{{Lbody=17993}}
trikARqaka	17937	7-346-c	absent	Y	Y	N	{#*trikARqaka#}¦ MAHĀVY. 245,313.
trikowita	17938	7-346-c	absent	N	Y	N	{#trikowita#}¦ Adj. {%dreimal angeschlagen%} (DIVYĀVAD. 115,27. 117,4) und {#˚kowitavya#} {%dr. anzuschlagen%} (ebend. 1
triparivartam	17951	7-346-c	absent	Y	Y	N	{#triparivartam#}¦ Adv. III. Lies {#˚varta#} Adj. und vgl. MAHĀVY. 64,1. DIVYĀVAD. 393,23. 495,16.
triprAtihAryasaMpanna	17960	7-346-d	absent	Y	Y	N	{#*triprAtihAryasaMpanna#}¦ m. Bez. Buddhaʼs MAHĀVY. 1,73.
tripurARikA	4802	3-263-b	absent	N	N	N	{{Lbody=4802}}
triveRa	8968	6-302-a	absent	N	N	N	{#triveRa#}¦ 2〉 m. MBH. 4,57,37.
triveRa	17978	7-346-d	absent	N	N	N	{#triveRa#}¦ III. 6.
trizwAvarutrI	17988	7-346-d	absent	N	Y	N	{#trizwA/va/rutrI#}¦ MAITR. S. 4,8,1, v. l. (106,8).
tuRava	17866	7-346-a	absent	Y	Y	N	{#*tuRava#}¦ m. {%eine Art Trommel%} MAHĀVY. 218,8. Vgl. Pāli {#tiRava#}.
tuhinay	7370	5-255-c	absent	N	Y	N	{#tuhinay#}¦, {#˚yati#} {%in Eis verwandeln, mit Eis überziehen%} ŚIŚ. 6,55.
tuhinay	17889	7-346-a	absent	N	Y	N	{{Lbody=17889}}
tulyaBAgya	22413	7-388-a	absent	N	Y	N	{#tulyaBAgya#}¦ Adj. {%gleiches Schicksal habend%} MṚCCH. 98,18.
tulyaSIla	22414	7-388-a	absent	N	Y	N	{#tulyaSIla#}¦ Adj. {%von gleicher Art des Verfahrens%}. Nom. abstr. {#˚tA#} f. ebend. 101,19.
tulyapraBAva	22412	7-388-a	absent	N	Y	N	{#tulyapraBAva#}¦ Adj. {%von gleicher Macht%} MBH. 1,76,70.
tuzopavapana	4780	3-263-a	absent	N	Y	N	{#tuzopavapana#}¦ n. {%das Aufschütten der Getreidehülsen%} ĀPAST. ŚR. 6,29,17.
tuzopavapana	17887	7-346-a	absent	N	Y	N	{{Lbody=17887}}
tvAzwraSatru	22423	7-388-a	absent	N	Y	N	{#tvAzwraSatru#}¦ m. Bein. Indraʼs CAṆḌĪŚ. 23.
tvEzIraTi	7385	5-255-c	absent	N	Y	Y	{#tvEzIraTi#}¦ zu streichen, da {#tu E˚#} gemeint ist.
tvEzIraTi	18012	7-347-a	absent	N	Y	Y	{{Lbody=18012}}
uBayAsidDa	15208	7-326-a	absent	Y	Y	N	{#*uBayAsidDa#}¦ Adj. {%weder%} {#svataH sidDa#} {%noch%} {#parataH sidDaH#} MAHĀVY. 199,91.
uBayAvAhu	15207	7-325-d	absent	N	Y	N	{#uBayAvAhu#}¦ I. 3.
uBayaSiraska	8707	6-299-a	absent	N	Y	N	{#uBayaSiraska#}¦ Adj. (f. {#A#}) {%auf beiden Seiten eine Spitze habend%} (Meteor) VARĀH. BṚH. S. 33,9.
uBayaSiraska	15205	7-325-d	absent	N	Y	N	{#uBayaSiraska#}¦ 6.
uBayacihna	2794	2-296-a	absent	N	Y	N	{#uBayacihna#}¦ Adj. {%von zweierlei Zeichen, von doppelter Art%} BHĀG. P. 3,32,35.
uBayacihna	15194	7-325-d	absent	N	Y	N	{{Lbody=15194}}
uBayadant	1740	1-299-b	absent	N	Y	N	{#uBaya/dant#}¦ MAITR. S. 1,8,1.
uBayadant	15202	7-325-d	absent	N	Y	N	{#uBaya/dant#}¦ I. 1.
uBayadeha	15203	7-325-d	absent	N	Y	N	{#uBayadeha#}¦ m. {%Doppelkörper%} (d. i. {#karmadeha#} und {#upaBogadeha#}) SĀṂKHYAS. 5,124.
uBayagrAsarAhUdaya	2793	2-296-a	absent	N	Y	N	{#uBayagrAsarAhUdaya#}¦ m. Titel eines Werkes OPP. Cat. 1.
uBayagrAsarAhUdaya	15194	7-325-d	absent	N	Y	N	{#uBayagrAsarAhUdaya#} und {#uBayacihna#}¦ 2.
uBayakAlika	4257	3-257-b	absent	N	Y	N	{#uBayakAlika#}¦ Adj. {%zu beiden Zeiten stattfindend%} [Page3-257-c] Comm. zu ĀPAST. ŚR. 5,24,8.
uBayakAlika	15191	7-325-d	absent	N	Y	N	{#uBayakAlika#}¦ 3.
uBayakowispfS	15193	7-325-d	absent	N	Y	N	{#uBayakowispfS#}¦ Adj. {%zu beiden Seiten einer Alternative in Beziehung tretend%} ANIRUDDHA zu SĀṂKHYAS. 6,19.
uBayakowivinirmukta	15192	7-325-d	absent	N	Y	N	{#uBayakowivinirmukta#}¦ Adj. {%nicht unter eine Alternative fallend%} ANIRUDDHA zu SĀṂKHYAS. 1,133.
uBayaspfS	15206	7-325-d	absent	N	Y	N	{#uBayaspfS#}¦ Adj. = {#uBayakowispfS#} ANIRUDDHA zu SĀṂKHYAS. 2,33.
uBayataHPala	6922	5-250-c	absent	N	Y	N	{#uBayataHPala#}¦ Adj. (f. {#A#}) {%auf beiden Seiten Früchte habend%} GOBH. 2,6,6.
uBayataHPala	15197	7-325-d	absent	N	Y	N	{#uBayataHPala#}¦ 5.
uBayataHSikya	4259	3-257-c	absent	N	Y	N	{#uBayataHSikya#}¦ Adj. (f. {#A#}) {%mit Wagschalen auf beiden Seiten%} VIṢṆUS. 10,3.
uBayataHSikya	15198	7-325-d	absent	N	Y	N	{#uBayataHSikya#} und {#uBayatoDAra#}¦ 3.
uBayatoBAgavimukta	15199	7-325-d	absent	Y	Y	N	{#*uBayatoBAgavimukta#}¦ Adj. Bez. eines Śrāvaka {%auf einer best. Stufe seiner Entwickelung%} MAHĀVY. 46.
uBayatomoda	6923	5-250-c	absent	N	Y	N	{#uBayatomoda#}¦ Adj. {%auf beiden Seiten mit der Formel%} Moda {%versehen%} ĀPAST. ŚR. 13,13,8. 15,14. 14,3,4.
uBayatomoda	15200	7-325-d	absent	N	Y	N	{#uBayatomoda#}, {#uBayatovAha#} und {#uBayatovIvaDa#}¦ 5.
uBayatovAha	6924	5-250-c	absent	N	Y	N	{#uBayatovAha#}¦ Adj. (f. {#A#}) {%nach beiden Seiten fliessend%} BHĀG. P. 6,5,8.
uBayatovAha	15200	7-325-d	absent	N	Y	N	{{Lbody=15200}}
uBayatovESvAnara	15201	7-325-d	absent	N	Y	N	{#uBaya/tovESvAnara#}¦ Adj. {%beiderseits%} Vaiśvānara {%habend%} MAITR. S. 4,6,6 (87,6).
uBayatovIvaDa	6925	5-250-c	absent	N	Y	N	{#uBayatovIvaDa#}¦ Adj. {%sich das Gleichgewicht haltend, gleich schwer beladen%} KĀṬH. 27,10.
uBayatovIvaDa	15200	7-325-d	absent	N	Y	N	{{Lbody=15200}}
uRAdiniGaRwu	2719	2-295-a	absent	N	Y	N	{#uRAdiniGaRwu#}¦ m. Titel eines Werkes OPP. Cat. 1.
uRAdiniGaRwu	14732	7-322-c	absent	N	Y	N	{{Lbody=14732}}
uSadaG	22302	7-387-a	absent	N	Y	N	{#uSa/daG#} ({#˚dah#})¦ I. Vgl. GELDNER, Vedische Studien 114. fg.
uSanastArakA	15242	7-326-a	absent	Y	Y	N	{#*uSanastArakA#}¦ f. {%der Abend und Morgenstern%} MAHĀVY. 71,6.
ucCaNga	14706	7-322-b	absent	Y	Y	N	{#*ucCaNga#}¦ n. {%eine best. hohe Zahl%} MAHĀVY. 248. Vgl. {#utsaNga#}.
ucCinnaka	6851	5-250-a	absent	N	Y	N	{#ucCinnaka#}¦ n. {%etwas als unbrauchbar Weggeworfenes%} Comm. zu NĀRADA (a.) 1,2,36.
ucCinnaka	14708	7-322-b	absent	N	Y	N	{#ucCinnaka#}¦ 5.
ucCiraska	14709	7-322-b	absent	N	Y	N	{#ucCiraska#}¦ Adj. = {#ucCiras#} JĀTAKAM. 20,20.
ucCrayakarman	14714	7-322-b	absent	N	Y	N	{#ucCrayakarman#}¦ n. {%ein überschüssiges Werk%} (neben {#viDikarman#} und {#aviDikarman#}) ACH. PADDH. zu KAUŚ. 1,1.
uccEHpramodam	5429	4-296-b	absent	N	Y	N	{#uccEHpramodam#}¦ Absol. {%unter lauten Freudenbezeugungen%} Spr. 879.
uccEHpramodam	14697	7-322-b	absent	N	Y	N	{#uccEHpramodam#}¦ 4.
uccErnyAya	4177	3-256-c	absent	N	Y	N	{#uccErnyAya#}¦ Adj. {%laut zu recitiren%} ŚĀṄKH. ŚR. 1,1,28.
uccErnyAya	14700	7-322-b	absent	N	Y	N	{{Lbody=14700}}
uccErupAMSutA	14699	7-322-b	absent	N	Y	N	{#uccErupAMSutA#}¦ f. {%leises und lautes Ertönen%} ŚĀṄKH. ŚR. 13,1,3.
uccErvAda	1678	1-298-b	absent	N	Y	N	{#uccErvAda#}¦ m. {%ein hochfahrendes Wort%}.
uccErvAda	14701	7-322-b	absent	N	Y	N	{{Lbody=14701}}
uccErvismaya	1679	1-298-b	absent	N	Y	N	{#uccErvismaya#}¦ m. {%grosses Erstaunen%} NAIṢ. 5,2.
uccErvismaya	14701	7-322-b	absent	N	Y	N	{{Lbody=14701}}
uccUlI	2711	2-295-a	absent	N	Y	N	{#uccUlI#}¦ Adv. mit {#kar#} {%in nach oben stehende Büschelchen verwandeln%} HEM. PAR. 2,135.
uccUlI	14696	7-322-b	absent	N	Y	N	{#uccUlI#}¦ 2.
uccagopura	4175	3-256-c	absent	N	Y	N	{#uccagopura#}¦ Adj. {%hochthorig%} KIR. 5,35.
uccagopura	14686	7-322-b	absent	N	Y	N	{#uccagopura#}¦ 3.
uccakzU	14685	7-322-a	absent	N	Y	N	{#uccakzU#}¦ I. Mit {#kar#} {%bewirken, dass Jmd%} (Acc.) {%hinaufsieht,%} DAŚAK. (1883) 168,8.
uccanAsika	1674	1-298-b	absent	N	Y	N	{#uccanAsika#}¦ NAIṢ. 2,28.
uccanAsika	14688	7-322-b	absent	N	Y	N	{#uccanAsika#}¦ I. 1.
uccazaka	6848	5-249-c	absent	N	Y	N	{#uccazaka#}¦ n. (nach dem Comm.) {%ein geleerter%} oder {%stehen gebliebener Becher%} HARṢAC. (1936) 336,14. = {#apagat
uccazaka	14691	7-322-b	absent	N	Y	N	{#uccazaka#}¦ 5.
uccitra	22282	7-386-d	absent	N	Y	N	{#uccitra#}¦ Adj. {%mit erhabenen Verzierungen versehen%} MĀLATĪM. (ed. Bomb.) 202,4.
uccodarkI	2712	2-295-a	absent	N	Y	N	{{Lbody=2712}}
uccodarkI	14705	7-322-b	absent	N	Y	N	{{Lbody=14705}}
uccodarki	2712	2-295-a	absent	N	Y	N	{#uccodarki#} und {#˚rkI#}¦ f. Titel eines Werkes OPP. Cat. 1.
uccodarki	14705	7-322-b	absent	N	Y	N	{#uccodarki#} und {#˚rkI#}¦ 2.
ucitakArin	4173	3-256-c	absent	N	Y	N	{#ucitakArin#}¦ Adj. {%thuend was sich schickt%}. Nom. abstr. {#˚ritA#} f. PR. P. vor 136.
ucitakArin	14681	7-322-a	absent	N	Y	N	{#ucitakArin#}¦ 3.
ucitopAyasaMgraha	2707	2-295-a	absent	N	Y	N	{#ucitopAyasaMgraha#}¦ m. Titel eines Werkes OPP. Cat. 1.
ucitopAyasaMgraha	14682	7-322-a	absent	N	Y	N	{#ucitopAyasaMgraha#}¦ 2.
udAharaRI	4208	3-257-a	absent	N	Y	N	{#udAharaRI#}¦ Adv. mit {#kar#} {%als Beispiel wählen%} Comm. zu GAṆAR. 7,430.
udAharaRI	14918	7-323-d	absent	N	Y	N	{#udAharaRI#}¦ 3.
udApu	8682	6-298-c	absent	N	Y	N	{#udApu#}¦ m. N. pr. eines Mannes HARIV. 1812. v. l. {#udApi#}.
udApu	14909	7-323-d	absent	N	Y	N	{#udApu#}¦ 6.
udAracaritra	1710	1-298-c	absent	N	Y	N	{#udAracaritra#}¦ Adj. = {#udAracarita#} 1〉 KAUTUKAR.
udAracaritra	14913	7-323-d	absent	N	Y	N	{#udAracaritra#} und {#udAracitta#}¦ 1.
udAracitta	1711	1-298-c	absent	N	Y	N	{#udAracitta#}¦ Adj. {%edelmüthig%} KAUTUKAR.
udAracitta	14913	7-323-d	absent	N	Y	N	{{Lbody=14913}}
udAsitar	4207	3-257-a	absent	N	Y	N	{#udAsitar#}¦ Nom. ag. = {#udAsIna#} 1〉 ŚIŚ. 1,33.
udAsitar	14916	7-323-d	absent	N	Y	N	{#udAsitar#}¦ 3.
udAyuvana	4204	3-257-a	absent	N	Y	N	{#udAyuvana#}¦ in {#darvyudAyuvana#}.
udAyuvana	14911	7-323-d	absent	N	Y	N	{#udAyuvana#}¦ 3.
udBUtarUpakAraRatAvAda	2762	2-295-c	absent	N	Y	N	{#udBUtarUpakAraRatAvAda#} m. und {#udyApanaviDAna#} n.¦ Titel zweier Werke OPP. Cat. 1.
udBUtarUpakAraRatAvAda	14964	7-324-a	absent	N	Y	N	{#udBUtarUpakAraRatAvAda#}¦ 2.
udBUtasparSavant	5445	4-296-c	absent	N	Y	N	{#udBUtasparSavant#}¦ Adj. {%fühlbar%} BHĀṢĀP. 55.
udBUtasparSavant	14965	7-324-a	absent	N	Y	N	{#udBUtasparSavant#}¦ 4.
udBija	14960	7-324-a	absent	N	Y	Y	{#udBija#}¦ I. metrisch VĀYU-P. 1,3,20.
udDUtatva	14955	7-324-a	absent	N	Y	N	{#udDUtatva#}¦ n. {%das Aufwirbeln%} (von Staub) MBH. 7,187,32.
udDartavE	8686	6-298-c	absent	N	Y	N	{#udDartavE#}¦ Dat. Infin. zu 1. {#har#} mit {#ud#} ĀPAST. ŚR. 6,31,1.
udDartavE	14950	7-324-a	absent	N	Y	N	{#udDartavE#}¦ 6. Auch ŚĀṄKH. BR. 4,14.
udDftakaWina	14956	7-324-a	absent	Y	Y	N	{#*udDftakaWina#}¦ n. MAHĀVY. 281,204 = Pāli {#kaWinodDAra, kaWinobBAra#}.
udGAtikA	14942	7-324-a	absent	N	Y	N	{#udGAtikA#}¦ f. in {#vAsodGA˚#} {%Nachtquartier%} DIVYĀVAD. 173,20.
udGawaka	14940	7-324-a	absent	N	Y	N	{#udGawaka#}¦ Adj. {%klug%} DIVYĀVAD. 26,14. {#udGawwaka#} 〔(I) 58,20. 100,6〕.
udIcInapAda	4210	3-257-a	absent	N	Y	N	{#udIcInapAda#}¦ Adj. {%mit den Füssen nach Norden%} ĀPAST. ŚR. 7,16,5.
udIcInapAda	14924	7-323-d	absent	N	Y	N	{#udIcInapAda#}¦ 3.
udacana	5437	4-296-c	absent	N	Y	N	{#udacana#}¦ m. = {#udaYcana#} 1〉 ĀPAST. ŚR. 12,13,2. Comm. zu 12,5. 11.
udacana	14887	7-323-c	absent	N	Y	N	{#udacana#}¦ 4.
udagapavarga	6878	5-250-a	absent	N	Y	N	{#udagapavarga#}¦ Adj. {%im Norden abschliessend%} ĀPAST. ŚR. 14,5,19.
udagapavarga	14881	7-323-c	absent	N	Y	N	{#udagapavarga#} und {#udagAha#}¦ I. 5.
udagvaMSa	6880	5-250-b	absent	N	Y	N	{#udagvaMSa#}¦ Adj. {%dessen Tragbalken nach Norden gerichtet sind%} KĀTY. ŚR. 4,7,9.
udagvaMSa	14883	7-323-c	absent	N	Y	N	{#udagvaMSa#}¦ 5.
udakakamaRqalu	1703	1-298-c	absent	N	Y	N	{#udakakamaRqalu#}¦ m. = {#udakamaRqalu#} HEMĀDRI 2,a,79,9.
udakakamaRqalu	14863	7-323-c	absent	N	Y	N	{#udakakamaRqalu#}¦ 1.
udakakftya	2743	2-295-b	absent	N	Y	N	{#udakakftya#}¦ n. {%eine mit Wasser zu vollziehende Handlung%} ĀPAST. ŚR. 15,2,9.
udakakftya	14865	7-323-c	absent	N	Y	N	{#udakakftya#}¦ 2.
udakamaRi	1706	1-298-c	absent	N	Y	N	{#udakamaRi#}¦ m. {%Wassertopf%} DIVYĀV. 27.
udakamaRi	14870	7-323-c	absent	N	Y	N	{#udakamaRi#}¦ 1.
udakapAtra	1704	1-298-c	absent	N	Y	N	{#udakapAtra#}¦ n. = {#udapAtra#} 1〉a〉 HEMĀDRI 2,a,77,5.
udakapAtra	14867	7-323-c	absent	N	Y	N	{#udakapAtra#}¦ 1.
udakapeya	14869	7-323-c	absent	N	Y	N	{#udakapeya#}¦ n. {%Wassertrunk%} ŚĀṄKH. BR. 12,6.
udakaprasravaRAnvita	4201	3-257-a	absent	N	Y	N	{#udakaprasravaRAnvita#}¦ Adj. (f. {#A#}) {%mit einer Neigung nach Norden versehen%} MBH. 1,134,9.
udakaprasravaRAnvita	14877	7-323-c	absent	N	Y	N	{#udakaprasravaRAnvita#}¦ 3.
udakaprasravaRa	5434	4-296-b	absent	N	Y	N	{#udakaprasravaRa#}¦ Adj. {%nach Norden einen Abfluss habend%} KAUŚ. 72. Vgl. {#udakprasravaRAnvita#} (Nachtr. 3).
udakaprasravaRa	14876	7-323-c	absent	N	Y	N	{#udakaprasravaRa#}¦ 4.
udakiSaras	6877	5-250-a	absent	N	Y	N	{#udakiSaras#}¦ Adj. {%mit dem Kopf nach Norden%} GOBH. 2,8,2.
udakiSaras	14879	7-323-c	absent	N	Y	N	{#udakiSaras#}¦ 5.
udaktUla	2746	2-295-b	absent	N	Y	N	{#udaktUla#}¦ Adj. {%mit dem Büschel nach Norden gerichtet%} (Gras).
udaktUla	14875	7-323-c	absent	N	Y	N	{{Lbody=14875}}
udaraBedin	1708	1-298-c	absent	N	Y	N	{#udaraBedin#}¦ Adj. {%Oeffnung des Leibes bewirkend%}.
udaraBedin	14898	7-323-c	absent	N	Y	N	{#udaraBedin#}¦ 1.
uddaRqay	22290	7-386-d	absent	N	Y	N	{#uddaRqay#}¦ etwa {%aufmuntern, ermahnen%} DAMAYANTĪK. 240.
uddarpa	4214	3-257-a	absent	N	Y	N	{#uddarpa#}¦ Adj. {%hochmüthig%} MAHĀVĪRAC. 94,5.
uddarpa	14944	7-324-a	absent	N	Y	N	{#uddarpa#}¦ 3.
udetos	1713	1-298-c	absent	N	Y	N	{#u/detos#}¦ mit {#purA#} MAITR. S. 1,6,10.
udetos	2752	2-295-b	absent	N	Y	N	{#udetos#}¦, {#purA sUryasyodetoH#} KAP. S. 6,8.
udetos	14929	7-323-d	absent	N	Y	N	{#u/detos#}¦ I. 1. 2.
udgAna	4211	3-257-a	absent	N	Y	N	{#*udgAna#}¦ n. als Erklärung von {#udgITa#} 1〉 Comm. zu ĀPAST. ŚR. 5,16,8.
udgAna	14932	7-323-d	absent	N	Y	N	{#udgAna#}¦ 3.
udgUraRa	14935	7-323-d	absent	N	Y	N	{{Lbody=14935}}
udgUrayitar	4212	3-257-a	absent	N	Y	N	{#udgUrayitar#}¦ Nom. ag. {%mit Thätlichkeiten drohend%} VIṢṆUS. 5,60.
udgUrayitar	14936	7-324-a	absent	N	Y	N	{#udgUrayitar#}¦ 3.
udgamadoza	2753	2-295-b	absent	N	Y	N	{#udgamadoza#}¦ m. {%ein best. Vergehen%} KALPAS. 123.
udgamadoza	14930	7-323-d	absent	N	Y	N	{#udgamadoza#}¦ 2.
udgrAhiRikA	6886	5-250-b	absent	N	Y	N	{#˚udgrAhiRikA#}¦ ({#udgrAhaRikA#} ?) f. {%das Geldempfangen für%} CAMPAKA 278.
udgrAhiRikA	14939	7-324-a	absent	N	Y	N	{#udgrAhiRikA#}¦ ({#udgrAhaRikA#} ?) und {#udgrIvikA#} 5.
udgrahItavya	4213	3-257-a	absent	N	Y	N	{#udgrahItavya#}¦ Adj. {%ausfindig zu machen, zu ergründen%} VAJRACCH. 23,15.
udgrahItavya	14938	7-324-a	absent	N	Y	N	{#udgrahItavya#}¦ 3.
udguRWikA	14934	7-323-d	absent	Y	Y	N	{#*udguRWikA#}¦ f. Instr. {%mit verschleiertem Gesicht%} MAHĀVY. 263,17. Richtig wäre {#avagu˚#}.
udguraRa	14935	7-323-d	absent	Y	Y	N	{#*udguraRa#} und {#*udgUraRa#}¦ n. {%das Drohen [Page7-324-a] mit der Hand%} MAHĀVY. 261,53.
udubrahmIya	14925	7-323-d	absent	N	Y	N	{#udubrahmIya#}¦ n. Bez. {%des Liedes%} ṚV. 7,23 ŚĀṄKH. BR. 29,6. ŚR. 18,19,20. 20,6.
udumbaraparRI	5443	4-296-c	absent	N	Y	Y	{#udumbaraparRI#}¦, lies CARAKA und {%polyandrum%}.
udumbaraparRI	14927	7-323-d	absent	N	Y	Y	{#udumbaraparRI#}¦ I. 4.
udvaditos	2764	2-295-c	absent	N	Y	N	{#u/dvaditos#}¦ Gen. Inf. zu {#vad#} mit {#ud#} MAITR. S. 1,4,10.
udvaditos	14977	7-324-b	absent	N	Y	N	{#u/dvaditos#}¦ 2.
udvijitavya	6894	5-250-b	absent	N	Y	N	{#udvijitavya#}¦ n. impers. {%zu schaudern vor%} (Abl.) ŚIŚ. 16,19.
udvijitavya	14983	7-324-b	absent	N	Y	N	{#udvijitavya#}¦ 5.
udyApanaviDAna	2762	2-295-c	absent	N	Y	N	{{Lbody=2762}}
udyApanaviDAna	14969	7-324-a	absent	N	Y	N	{#udyApanaviDAna#} und {#udyApanikA#}¦ 2.
udyUTikAgamana	14971	7-324-a	absent	Y	Y	N	{#*udyUTikAgamana#}¦ n. etwa {%das Hinrennen [Page7-324-b] zu einem Auflauf%} MAHĀVY. 261. Vgl. jedoch Pāli {#uyyoDika#}
udyamam	5446	4-296-c	absent	N	Y	N	{#udya/mam#}¦ Acc. Infin. {%aufheben%} ({#nA/Saknot#}) MAITR. S. 2,4,3 (40,15).
udyamam	14968	7-324-a	absent	N	Y	N	{#udya/mam#}¦ 4.
udyatahoma	4219	3-257-a	absent	N	Y	N	{#udyatahoma#}¦ m. {%die nach dem Erheben des Feuers stattfindende Spende%} ĀPAST. ŚR. 7,6,5. 8,6,1.
udyatahoma	14967	7-324-a	absent	N	Y	N	{#udyatahoma#}¦ 3.
udyojaka	14972	7-324-b	absent	N	Y	N	{#udyojaka#}¦ m. {%Anreger%} CARAKA 71,16 (so zu verbessern).
ugraGoza	4168	3-256-c	absent	N	Y	N	{#ugraGoza#}¦ Adj. {%gewaltig klingend%} MBH. 8,82,12.
ugraganDi	4167	3-256-c	absent	N	Y	N	{#ugraganDi#} und {#˚n#}¦ Adj. {%stinkend%} VIṢṆUS. 66,5. 71,11. 79,5.
ugrarUpa	4170	3-256-c	absent	N	Y	N	{#ugrarUpa#}¦ Adj. {%grausig aussehend%} MBH. 8,90,46.
ugrarUpa	14676	7-322-a	absent	N	Y	N	{{Lbody=14676}}
ugrarUpin	1670	1-298-b	absent	N	Y	N	{#ugrarUpin#}¦ Adj. {%von grausigem Aussehen%} HEMĀDRI 2,a,100,15.
ugrarUpin	14677	7-322-a	absent	N	Y	N	{#ugrarUpin#} und {#ugravaMSakara#}¦ 1.
ugravaMSakara	1671	1-298-b	absent	N	Y	N	{#ugravaMSakara#}¦ Adj. {%ein gewaltiges Geschlecht erzeugena%}. Rudra-Śiva HEMĀDRI 1,208,3.
ugravaMSakara	14677	7-322-a	absent	N	Y	N	{{Lbody=14677}}
uhAra	6936	5-250-c	absent	N	Y	N	{#*uhAra#}¦ m. {%Schildkröte%} H. 1353, Sch.
uhAra	15254	7-326-b	absent	N	Y	N	{#uhAra#} und {#uhyamAnaka#}¦ 5.
uhyamAnaka	6937	5-250-c	absent	N	Y	N	{#uhyamAnaka#}¦ Adj. {%getrieben werdend von%} (Wellen, Instr.) MBH. 3,308,26.
uhyamAnaka	15254	7-326-b	absent	N	Y	N	{{Lbody=15254}}
ujjaNkikA	14717	7-322-b	absent	Y	Y	N	{#*ujjaNkikA#}¦ f. {%das Auflachen%} MAHĀVY. 263. Richtig ware {#ujjakzikA#}.
ujjahistamba	2713	2-295-a	absent	N	Y	Y	{#ujjahistamba#}¦ ist mit *zu versehen.
ujjahistamba	14718	7-322-b	absent	N	Y	Y	{#ujjahistamba#}¦ I. 2.
ujjvalI	1682	1-298-b	absent	N	Y	N	{#ujjvalI#}¦ Adv. 1〉 mit {#kar#} {%glänzend —, schmuck machen%} HARṢAC. 128,5. 142,22. — 2〉 mit {#BU#} {%aufstrahlen, he
ujjvalI	14725	7-322-c	absent	N	Y	N	{#ujjvalI#}¦ 1.
ukTaBAj	14665	7-322-a	absent	N	Y	N	{#ukTaBA/j#}¦ Adj. {%zu Sprüchen berechtigt%} MAITR. S. 4,7,1 (91,10).
ukzatva	1668	1-298-b	absent	N	Y	N	{#ukzatva/#}¦ n. Nom. abstr. von {#ukzan#} 1〉a〉 MAITR. S. 2,5,4. 7.
ukzatva	14667	7-322-a	absent	N	Y	N	{#ukzatva/#}¦ 1.
ulaBIya	2798	2-296-a	absent	N	Y	N	{#*ulaBIya#}¦ m. {%ein Fürst der%} Ulabha KĀŚ. zu P. 5,3,116.
ulaBIya	15228	7-326-a	absent	N	Y	N	{#ulaBIya#}¦ 2.
ulkapAta	6928	5-250-c	absent	N	Y	N	{#ulkapAta#} (fehlerhaft) und {#ulkApAta#} (v. l.)¦ m. {%das Fallen von Meteoren%} GOBH. 3,3,18.
ulkapAta	15231	7-326-a	absent	N	Y	N	{#ulkapAta#}, {#ulkApAta#} u. {#ullaka#}¦ 5.
ullaBya	6930	5-250-c	absent	N	Y	N	{#ullaBya#}¦ MṚCCH. ed. CAL. 342,16. fg. fehlerhaft.
ullaBya	15233	7-326-a	absent	N	Y	N	{#ullaBya#}¦ 5.
ullaNGikA	15232	7-326-a	absent	Y	Y	N	{#*ullaNGikA#}¦ f. {%Sprung%} MAHĀVY. 263,24.
ulluka	15238	7-326-a	absent	Y	Y	N	{#*ulluka#}¦ m. = {#uluka#} MAHĀVY. 167,53.
uluka	15229	7-326-a	absent	Y	Y	N	{#*uluka#}¦ m. N. pr. eines Schlangendamons MAHĀVY. 167,53. Vgl. {#ulUka, ulluka#}.
umeSvara	2795	2-296-a	absent	N	Y	N	{#umeSvara#}¦ m. die Göttin Umā als künftiger Ruddha KĀRAṆḌ. 90,20.
umeSvara	15209	7-326-a	absent	N	Y	N	{#umeSvara#}¦ 2.
unmAdacikitsApawala	2765	2-295-c	absent	N	Y	N	{{Lbody=2765}}
unmAdacikitsApawala	14996	7-324-b	absent	N	Y	N	{#unmAdacikitsApawala#}¦ 2.
unmAlaka	22294	7-387-a	absent	N	Y	N	{#unmAlaka#}¦ {%das Belohnen%} ŚRĪKAṆṬHAC. 1,3.
unmInaketana	2766	2-295-c	absent	N	Y	N	{#unmInaketana#}¦ Adj. {%wo der Liebesgott obenan steht%} HEM. PAR. 8,146.
unmInaketana	15001	7-324-b	absent	N	Y	N	{#unmInaketana#}¦ 2.
unmUrDan	6896	5-250-b	absent	N	Y	N	{#unmUrDan#}¦ Adj. {%mit aufgerichtetem Kopfe%} ŚIŚ. 18,32.
unmUrDan	15004	7-324-b	absent	N	Y	N	{#unmUrDan#}¦ 5.
unmattIkaraRa	1719	1-299-a	absent	N	Y	N	{#unmattIkaraRa#}¦ n. {%das Berauschen%} KAUTUKAR. 98.
unmattIkaraRa	14992	7-324-b	absent	N	Y	N	{#unmattIkaraRa#}¦ 1.
upADimaRqana	2790	2-296-a	absent	N	Y	N	{{Lbody=2790}}
upADimaRqana	15167	7-325-c	absent	N	Y	N	{#upADimaRqana#}, {#upADivAda#} und {#upAnasyaka#}¦ 2.
upADivAda	2790	2-296-a	absent	N	Y	N	{{Lbody=2790}}
upADivAda	15167	7-325-c	absent	N	Y	N	{{Lbody=15167}}
upAMSupAvana	5466	4-297-a	absent	N	Y	N	{#upAMSupAvana#}¦ Adj. {%den%} Upāṃśu-Graha {%klärend%} ĀPAST. ŚR. 12,11,11. 13,1.
upAMSupAvana	15157	7-325-c	absent	N	Y	N	{#upAMSupAvana#}¦ 4.
upANgiraHsmfti	2790	2-296-a	absent	N	Y	N	{#upANgiraHsmfti#} f., {#upAdAnatvasamarTana#} n., {#upADimaRqana#} n. und {#upADivAda#} m.¦ Titel von Werken OPP. Cat. 
upANgiraHsmfti	15162	7-325-c	absent	N	Y	N	{#upANgiraHsmfti#}¦ 2.
upAdAnatvasamarTana	2790	2-296-a	absent	N	Y	N	{{Lbody=2790}}
upAdAnatvasamarTana	15165	7-325-c	absent	N	Y	N	{#upAdAnatvasamarTana#}¦ 2.
upAdAyarUpa	15166	7-325-c	absent	Y	Y	N	{#upAdAyarUpa#}¦ n. {%Elementarform%} MAHĀVY. 101,10.
upAkartavya	1736	1-299-a	absent	N	Y	N	{#upAkartavya#}¦ n. impers. {%an die Eröffnungsfeier zu [Page1-299-b] gehen%} ŚĀṄKH. GṚHY. 4,5.
upAkartavya	15160	7-325-c	absent	N	Y	N	{#upAkartavya#}¦ 1.
upAroha	15171	7-325-c	absent	N	Y	N	{#upAroha#}¦ m. {%das Auftauchen, Wiederhervorkommen%} Comm. zu YOGAS. 1,11.
upAsAsidDa	15179	7-325-d	absent	N	Y	N	{#upAsAsidDa#}¦ Adj. = {#upAsanAsidDa#} SĀṂKHYAS. 1,95.
upAsakADyayana	1738	1-299-b	absent	N	Y	N	{#upAsakADyayana#}¦ n. Titel eines Werkes BÜHLER, Rep. No. 569.
upAsakADyayana	15176	7-325-c	absent	N	Y	N	{#upAsakADyayana#}¦ 1.
upAsanAsidDa	15177	7-325-c	absent	N	Y	N	{#upAsanAsidDa#}¦ Adj. {%durch Cult in den Besitz übernatürlicher Kräfte [Page7-325-d] gelangt%} MAHĀDEVA zu SĀṂKHYAS. 1
upAsanAsidDi	15178	7-325-d	absent	N	Y	N	{#upAsanAsidDi#}¦ f. {%Erlangung übernatürlicher Kräfte durch Cult%} MAHĀDEVA zu SĀṂKHYAS. 1,25.
upAsitAvin	4252	3-257-b	absent	N	Y	N	{#upAsitAvin#}¦ Adj. {%einer der verehrt hat, Verehrer%} Text zu Lot. de la b. l. 136.
upAsitAvin	15180	7-325-d	absent	N	Y	N	{#upAsitAvin#}¦ 3.
upAtti	1737	1-299-b	absent	N	Y	N	{#upAtti#}¦ f. {%Gebrauch, Anwendung%} Comm. zu KĀTY. ŚR. 1,8,2.
upAtti	15164	7-325-c	absent	N	Y	N	{#upAtti#}¦ 1.
upAyAsa	4251	3-257-b	absent	N	Y	N	{#upAyAsa#}¦ m. {%Niedergeschlagenheit, Melancholie%} Lot. de la b. l. 99,5 (Hdschr.).
upAyAsa	15170	7-325-c	absent	N	Y	N	{#upAyAsa#}¦ 3.
upaBogadeha	15081	7-325-a	absent	N	Y	N	{#upaBogadeha#}¦ m. {%der geniessende Körper%} SĀṂKHYAS. 5,124.
upaDivAra	15050	7-324-d	absent	N	Y	N	{#upaDivAra#} und {#˚vArika#}¦ m. {%Aufwärter%} (in einem Kloster) DIVYĀVAD. 54,17. 50,27. 237,16. 542,21.
upaDivArika	15050	7-324-d	absent	N	Y	N	{{Lbody=15050}}
upaSlokay	8698	6-299-a	absent	N	Y	Y	{#upaSlokay#}¦ s. {#Slokay#} mit {#upa#}.
upaSlokay	15129	7-325-b	absent	N	Y	Y	{#upaSlokay#}¦ I. 6.
upaSlokayitavya	6918	5-250-c	absent	N	Y	N	{#upaSlokayitavya#}¦ Adj. {%in%} Śloka (mit hinzugefügtem {#SlokEH#}) {%zu besingen%} MUDRĀR. 55,19 (88,12).
upaSlokayitavya	15130	7-325-b	absent	N	Y	N	{#upaSlokayitavya#}¦ 5.
upacAyaka	15026	7-324-c	absent	Y	Y	N	{#*˚upacAyaka#}¦ Adj. {%ehrend%} MAHĀVY. 126.
upadeSasUtra	2775	2-295-c	absent	N	Y	N	{#upadeSasUtra#} n., {#˚deSavivaraRa#} n. und {#˚deSasahasrakratuvyAKyA#} f.¦ Titel von Werken OPP. Cat. 1.
upadeSasUtra	15044	7-324-d	absent	N	Y	N	{{Lbody=15044}}
upadeSasahasrakratuvyAKyA	2775	2-295-c	absent	N	Y	N	{{Lbody=2775}}
upadeSasahasrakratuvyAKyA	15044	7-324-d	absent	N	Y	N	{{Lbody=15044}}
upadeSavivaraRa	2775	2-295-c	absent	N	Y	N	{{Lbody=2775}}
upadeSavivaraRa	15044	7-324-d	absent	N	Y	N	{#upadeSavivaraRa#}, {#upadeSasahasrakratuvyAKyA#} und {#upadeSasUtra#}¦ 2.
upadrazwrikA	1727	1-299-a	absent	N	Y	N	{#upadra/zwrikA#}¦ f. {%Zeugin%} MAITR. S. 3,2,4.
upadrazwrikA	15045	7-324-d	absent	N	Y	N	{#upadra/zwrikA#}¦ 1.
upadrotar	15046	7-324-d	absent	Y	Y	N	{#*upadrotar#}¦ Nom. ag. {%der Jmd anführt, Angreifer%} MAHĀVY. 146.
upahAramaya	15155	7-325-c	absent	N	Y	N	{#upahAramaya#}¦ Adj. (f. {#I#}) vielleicht {%aus Weihgeschenken bestehend%} JĀTAKAM. 22,12.
upajIka	15032	7-324-c	absent	N	Y	Y	{#upajI/ka#}¦ I. (eher {#˚kA#} f.) nach BLOOMFIELD {%Ameise%}.
upajIvita	15033	7-324-c	absent	N	Y	N	{#upajIvita#}¦ n. R. ed. Bomb. 3,37,21. Es ist wohl {#tava jIvitam#} zu vermuthen.
upajIvitar	4226	3-257-a	absent	N	Y	N	{#upajIvitar#}¦ Nom. ag. {%lebend von%} (Gen.) MEDHĀT. zu M.
upajIvitar	8693	6-299-a	absent	N	Y	N	{#upajIvitar#}¦ (Nachtr. 3) am Ende eines Comp. MBH. 5,132,31.
upajIvitar	15034	7-324-c	absent	N	Y	N	{#upajIvitar#}¦ 3. 6.
upakftimant	6900	5-250-b	absent	N	Y	N	{#upakftimant#}¦ Adj. {%mit einer Diensterweisung verbunden%} ŚIŚ. 9,33.
upakftimant	15014	7-324-c	absent	N	Y	N	{#upakftimant#}¦ 5.
upalakzitavESizyajYAna	2785	2-295-c	absent	N	Y	N	{#upalakzitavESizyajYAna#}¦ n. Titel eines Werkes OPP. Cat. 1.
upalakzitavESizyajYAna	15109	7-325-a	absent	N	Y	N	{#upalakzitavESizyajYAna#}¦ 2.
upamAtar	1729	1-299-a	absent	N	Y	Y	2. {#upamAtar#}¦ Nom. ag. {%Vergleicher%} NAIṢ. 7,16.
upamAtar	15085	7-325-a	absent	N	Y	Y	{#upamAtar#}¦ I. 1.
upamarditatva	5456	4-296-c	absent	N	Y	N	{#upamarditatva#}¦ n. {%das Beseitigtsein%} ŚAṂK. zu CHĀND. UP. S. 6.
upamarditatva	15084	7-325-a	absent	N	Y	N	{#upamarditatva#}¦ 4.
upamuKa	15087	7-325-a	absent	N	Y	N	{#upamuKa#}¦, Instr. ŚĀṄKH. ŚR. 17,3,13 = {#muKasamIpena#} nach dem Comm.
upanABi	15055	7-324-d	absent	N	Y	N	{#upanABi#}¦ Adv. {%am Nabel%} KIR. 9,65.
upanAgaraka	4229	3-257-b	absent	N	Y	N	{#upanAgaraka#}¦ Adj. (f. {#˚rikA#}) Bez. {%eines best. Stils%} ({#rIti#}) KĀVYAPR. 9,3.
upanAgaraka	15054	7-324-d	absent	N	Y	N	{#upanAgaraka#}¦ 3.
upanAma	5454	4-296-c	absent	N	Y	N	{#upanAma#}¦ m. {%Eintritt%} Comm. zu ĀPAST. ŚR. 5,7,13.
upanAma	15056	7-324-d	absent	N	Y	N	{#upanAma#}¦ 4.
upanAyikam	15057	7-324-d	absent	N	Y	N	{#˚upanAyikam#}¦ Adv. {%mit Herbeiziehung von — als beweisendem Beispiel%} JĀTAKAM. 2.
upanItarAga	4232	3-257-b	absent	N	Y	N	{#upanItarAga#}¦ Adj. {%harmonisch%} oder {%sympathisch%} (Rede) H. 66.
upanItirAga	15067	7-324-d	absent	N	Y	N	{#upanItirAga#}¦ 3.
upanIvi	15068	7-324-d	absent	N	Y	N	{#upanIvi#}¦ I. KIR. 8,24.
upanapana	15037	7-324-c	absent	N	Y	N	{#upanapana#}¦ Adj. {%quälend, bedrängend%} KIR. 12,3.
upanaptar	8696	6-299-a	absent	N	Y	N	{#upanaptar#}¦ m. {%Grossenkel%} B. A. J. 1865, S. 154.
upanaptar	15053	7-324-d	absent	N	Y	N	{#upanaptar#}¦ 6.
upaniSA	15065	7-324-d	absent	N	Y	N	{#upaniSA#}¦ = {#upanizad#}; vgl. PĀṆINI² S. 479.
upapadyaparinirvAyin	15072	7-324-d	absent	Y	Y	N	{#*upapadyaparinirvAyin#}¦ m. {%erst nach [Page7-325-a] einer Wiedergeburt das%} Parinirvāṇa {%erlangend%} MAHĀVY. 46.
upaparIkzaka	15074	7-325-a	absent	N	Y	N	{#upaparIkzaka#}¦ Adj. {%prüfend, erwägend%} DIVYĀVAD. 212,9.
upaparIkzitavya	15075	7-325-a	absent	Y	Y	N	{#*upaparIkzitavya#}¦ Adj. {%zu untersuchen%} MAHĀVY. 245,1047.
upapayoDi	15073	7-325-a	absent	N	Y	N	{#upapayoDi#}¦ Adv. {%am Meere%} KIR. 9,7.
upaprAtar	1728	1-299-a	absent	N	Y	N	{#upaprAtar#}¦ Adv. {%kurz vor Tagesanbruch%} MAHĪDH. zu VS. 35,1.
upaprAtar	15078	7-325-a	absent	N	Y	N	{#upaprAtar#}¦ 1.
upaprasannarzi	6908	5-250-b	absent	N	Y	N	{#upaprasannarzi#}¦ Adv. {%zum%} Ṛṣi Prasanna(candra) HEM. PAR. 1,470.
upaprasannarzi	15077	7-325-a	absent	N	Y	N	{#upaprasannarzi#}¦ 5.
uparAgavant	6910	5-250-c	absent	N	Y	N	{#uparAgavant#}¦ Adj. {%verfinstert%} (durch Rāhu) ŚIŚ. 20,45.
uparAgavant	15094	7-325-a	absent	N	Y	N	{#uparAgavant#}¦ 5.
uparamam	15093	7-325-a	absent	N	Y	N	{#uparamam#}¦ Absol. {%inne haltend%} R. ed. Bomb. 3,7,22.
uparima	15097	7-325-a	absent	Y	Y	N	{#*uparima#}¦ Adj. {%der obere%} MAHĀVY. 15.
uparizwAdAsecanavant	5459	4-296-c	absent	N	Y	N	{#uparizwAdAsecanavant#}¦ Adj. {%oben einen Ausguss habend%} ĀPAST. ŚR. 12,1,4.
uparizwAdAsecanavant	15102	7-325-a	absent	N	Y	N	{#uparizwAdAsecanavant#}¦ 4.
uparizwAddEkza	6912	5-250-c	absent	N	Y	N	{#uparizwAddEkza#}¦ Adj. {%zu einer nachfolgenden Weihe in Beziehung stehend%} GOBH. 4,5,13.
uparizwAddEkza	15104	7-325-a	absent	N	Y	N	{#uparizwAddEkza#}¦ 5.
upasTURaka	15154	7-325-c	absent	N	Y	N	{#upasTURaka#}¦ s. {#sTURopasTURaka#}.
upasaKi	15136	7-325-b	absent	N	Y	N	{#upasaKi#}¦ Adv. {%bei der Freundin%} KIR. 9,66.
upasaMhAravijaya	2787	2-296-a	absent	N	Y	N	{#upasaMhAravijaya#}¦ m. Titel eines Werkes OPP. Cat. 1.
upasaMhAravijaya	15134	7-325-b	absent	N	Y	N	{#upasaMhAravijaya#}¦ 2.
upasaMhftatva	8700	6-299-a	absent	N	Y	N	{#upasaMhftatva#}¦ n. {%das Unterdrücktsein, nicht mehr in Rede Stehen%} KULL. zu M. 11,82.
upasaMhftatva	15135	7-325-b	absent	N	Y	N	{#upasaMhftatva#}¦ 6.
upasaMjihIrzu	4247	3-257-b	absent	N	Y	N	{#upasaMjihIrzu#}¦ Adj. {%um abzuschliessen zusammenfassend%} ŚĪLĀṄKA 1,314.
upasaMjihIrzu	15138	7-325-b	absent	N	Y	N	{#upasaMjihIrzu#}¦ 3.
upasaMkrama	15137	7-325-b	absent	N	Y	N	{#upasaMkrama#}¦ m. {%Behandlung%} (in medie. Sinne) DIVYĀVAD. 264,11.
upasargay	4248	3-257-b	absent	N	Y	N	{#upasargay#}¦, {#˚yati#} {%Ungemach bereiten%} ŚĪLĀṄKA 1,365. 369.
upasargay	15141	7-325-b	absent	N	Y	N	{#upasargay#}¦ 3.
upasasADAna	15139	7-325-b	absent	N	Y	N	{#upasasADAna#}¦ auch {%das Zulegen%} (von Brennholz zum Feuer, {#agneH#}) ĀPAST. GṚHY. 4,10 u. s. w.
upaskAram	1734	1-299-a	absent	N	Y	N	{#*upaskAram#}¦ Absol. {%spaltend%}.
upaskAram	15147	7-325-c	absent	N	Y	N	{#upaskAram#} und {#upaskIrRa#}¦ 1.
upaskIrRa	1735	1-299-a	absent	N	Y	N	{#*upaskIrRa#}¦ n. etwa {%das Geschundenwerden%}.
upaskIrRa	15147	7-325-c	absent	N	Y	N	{{Lbody=15147}}
upatapant	2771	2-295-c	absent	N	Y	Y	{#upata/pant#}¦ ist n. TBR. 3,9,17,1.
upatapant	15038	7-324-c	absent	N	Y	Y	{#upata/pant#}¦ I. 2.
upatulA	2772	2-295-c	absent	N	Y	Y	{#upatulA#}¦ f. etwa {%Nebengebälk%} VARĀH. BṚH. S. 59,30.
upatulA	15039	7-324-d	absent	N	Y	Y	{#upatulA#}¦ 2.
upavIRay	15121	7-325-b	absent	N	Y	Y	{#upavIRay#}¦ I. füge {%mit Lautenspiel feiern%} und PĀRV. 606,7 hinzu.
upavItitva	15122	7-325-b	absent	N	Y	N	{#upavItitva#}¦ n. Nom. abstr. zu {#upavItin#} ĀŚV. GṚHY. 4,7,13.
upavaktar	15112	7-325-b	absent	N	Y	Y	{#upavakta/r#}¦ I. 2〉 MAITR. S. 1,9,4 (133,4).
upayuktatamatva	1730	1-299-a	absent	N	Y	N	{#upayuktatamatva#}¦ n. {%das ganz besonders am Platze Sein%} HEMĀDRI 2,a,31,17.
upayuktatamatva	15089	7-325-a	absent	N	Y	N	{#upayuktatamatva#}¦ 1.
upoti	2792	2-296-a	absent	N	Y	N	{#u/poti#}¦ f. MAITR. S. 1,5,5 scheinbar Nom. act. von {#av#} mit {#upa#}, aber wohl fehlerhaft für {#u/pe/ti#} ({#u/pa#
upoti	15184	7-325-d	absent	N	Y	N	{#u/poti#}¦ 2.
upozaDozita	15188	7-325-d	absent	N	Y	N	{#upozaDozita#}¦ Adj. {%die Fasten beobachtend%} DIVYĀVAD. 116,22. 121,19.
uqigalla	5431	4-296-b	absent	N	Y	N	{#uqigalla#} (richtiger) und {#uqilla#}¦ {%Cloake%} Lot. de la b. l. 384. fg. Nach dem Pāli {#oligallo#} hätte man {#oqi
uqigalla	14729	7-322-c	absent	N	Y	N	{#uqigalla#} und {#uqilla#}¦ 4.
uqilla	5431	4-296-b	absent	N	Y	N	{{Lbody=5431}}
uqilla	14729	7-322-c	absent	N	Y	N	{{Lbody=14729}}
uqqAha	2718	2-295-a	absent	N	Y	N	{#uqqAha#}¦ m. {%Verunglimpfung%} HEM. PAR. 8,405.
uqqAha	14732	7-322-c	absent	N	Y	N	{#uqqAha#} und {#uRAdiniGaRwu#}¦ 2.
uqudaSAPala	2717	2-295-a	absent	N	Y	N	{#uqudaSAPala#}¦ n. Titel eines Werkes OPP. Cat. 1.
uqudaSAPala	14730	7-322-c	absent	N	Y	N	{#uqudaSAPala#}¦ 2.
uraHSiram	15214	7-326-a	absent	N	Y	N	{#uraHSiram#}¦ n. Sg. {%Brust und Kopf%} KAUŚ. 47,45.
uraMDrA	15212	7-326-a	absent	N	Y	N	{#uraMDrA#}¦ 6.
uram	15215	7-326-a	absent	N	Y	N	{#uram#}¦ I. {#urasA pratyudgam#} {%kühn entgegengehen%} JĀTAKAM. 13,32.
urovidAram	1743	1-299-b	absent	N	Y	N	{#urovidAram#}¦ Absol. {%mit Aufschlitzung der Brust%} ŚIŚ. 1,47.
urovidAram	15223	7-326-a	absent	N	Y	N	{#urovidAram#}¦ 1.
urudrapsa	5470	4-297-a	absent	N	Y	N	{#urudra/psa#}¦ Adj. {%grosstropfig%} TS. 3,3,10,2. = {#bahusArAvayava#} Comm.
urudrapsa	15219	7-326-a	absent	N	Y	N	{#urudra/psa#}¦ 4.
utPullatanUruhI	1700	1-298-c	absent	N	Y	N	{#utPullatanUruhI#}¦ Adv. mit {#kar#} {%bewirken, dass bei Jmd die Härchen (Federn) sich erheben%} NAIṢ. 2,2.
utPullatanUruhI	14845	7-323-b	absent	N	Y	N	{{Lbody=14845}}
utTApinI	14822	7-323-b	absent	N	Y	N	{{Lbody=14822}}
utTApinI	14825	7-323-b	absent	N	Y	N	{#utTApinI#}¦ s. u. {#utTApana#} 6.
utTApitotprekzA	1697	1-298-c	absent	N	Y	N	{#utTApitotprekzA#}¦ f. {%eine Art Gleichniss%} Comm. zu NAIṢ. 1,80.
utTApitotprekzA	14824	7-323-b	absent	N	Y	N	{#utTApitotprekzA#}¦ 1.
utTapattra	14821	7-323-a	absent	N	Y	N	{#utTa/pattra#}¦ Adj. MAITR. S. 3,3,8 (40,16. 17).
utkArika	14742	7-322-c	absent	Y	Y	N	{#*utkArika#}¦ MAHĀVY. 245,1210.
utkArin	14743	7-322-c	absent	N	Y	N	{#˚utkArin#}¦ Adj. {%ausgrabend, einritzend%} VIKRAMĀṄKAC. 7,71.
utkIlay	14745	7-322-c	absent	N	Y	N	{#utkIlay#}¦, {#˚yati#} {%öffnen%} (einen Brief) DAŚAK. (1883) 174,12. zur Stadt (Acc.) {%hinausgehen%} DIVYĀVAD. 528,9.
utkUlay	14751	7-322-c	absent	N	Y	N	{#utkUlay#}¦, {#˚yati#} {%über das Ufer treten lassen%} PĀRV. 610,14.
utkaRWitacintI	14736	7-322-c	absent	N	Y	N	{#utkaRWitacintI#}¦ 5.
utkaRWitacittI	6854	5-250-a	absent	N	Y	N	{#utkaRWitacittI#}¦ Adv. mit {#BU#} {%von Sehnsucht nach einem geliebten Gegenstand ergriffen werden%} Comm. zu NAIṢ. 1,
utkacakumudgaRavant	2720	2-295-a	absent	N	Y	N	{#utkacakumudgaRavant#}¦ Adj. {%von einer Menge aufgeblühter Lotuse umgeben%} BHĀG. P. 3,23,38.
utkacakumudgaRavant	14735	7-322-c	absent	N	Y	N	{#utkacakumudgaRavant#}¦ 2.
utkarzatva	4183	3-256-c	absent	N	Y	N	{#utkarzatva#}¦ n. = {#utkarza#} 2〉a〉 MAHĀVĪRAC. 34,16.
utkarzatva	14740	7-322-c	absent	N	Y	N	{#utkarzatva#}¦ 3.
utkarzavant	1685	1-298-c	absent	N	Y	N	{#utkarzavant#}¦ Adj. {%hervorhebend, steigernd%} KĀVYĀD. 1,76.
utkarzavant	14741	7-322-c	absent	N	Y	N	{#utkarzavant#}¦ 1.
utkay	4182	3-256-c	absent	N	Y	N	{#utkay#}¦, {#˚yati#} {%sehnsüchtig machen%} ŚIŚ. 1,59.
utkay	14737	7-322-c	absent	N	Y	N	{#utkay#}¦ 3. Auch DHARMAŚARM. 3,4.
utkfzwikA	14752	7-322-c	absent	Y	Y	N	{#*utkfzwikA#}¦ MAHĀVY. 263,18. 84.
utkoSay	4185	3-256-c	absent	N	Y	N	{#utkoSay#}¦, {#˚yati#} {%aus der Scheide ziehen%} VET. (U.) 78,15.
utkoSay	14756	7-322-d	absent	N	Y	N	{#utkoSay#}¦ 3.
utkrAmuka	14758	7-322-d	absent	N	Y	N	{#utkrAmuka#}¦ s. {#anu˚#} oben.
utkrazwar	5432	4-296-b	absent	N	Y	N	{#utkrazwar#}¦ Nom. ag. in {#bIjotkrazwar#}.
utkrazwar	14757	7-322-d	absent	N	Y	N	{#utkrazwar#}¦ 4.
utkuwila	1686	1-298-c	absent	N	Y	N	{#utkuwila#}¦ Adj. {%nach oben schief, — verzogen%} S. S. S. 117,8.
utkuwila	14746	7-322-c	absent	N	Y	N	{#utkuwila#}¦ 1.
utkuwukikA	14748	7-322-c	absent	Y	Y	N	{#*utkuwukikA#}¦ f. Instr. {%kauernd%} MAHĀVY. 263,25 ({#ukku˚#} gedr.).
utkzepaRIya	14761	7-322-d	absent	Y	Y	N	{#utkzepaRIya#}¦ Adj. mit {#karman#} und *n. mit Ergänzung von {#karman#} {%eine Handlung, die eine zeitliche Ausschlies
utpARqUtpARquka	14835	7-323-b	absent	N	Y	N	{#utpARqUtpARquka#}¦ Adj. {%ganz bleich geworden%} DIVYĀVAD. 334,1. 463,8.
utpaTay	22287	7-386-d	absent	N	Y	N	{#utpaTay#}¦ {%vom rechten Wege abbringen%} DAMAYANTĪK. 276.
utpallava	4197	3-257-a	absent	N	Y	N	{#utpallava#}¦ Adj. {%mit aufspriessenden Schösslingen%} CAṆḌAK. 53,1.
utpallava	14831	7-323-b	absent	N	Y	N	{#utpallava#}¦ 3.
utpeza	22288	7-386-d	absent	N	Y	N	{#utpeza#}¦ m. {%das Zermalmen%} CAṆḌĪŚ. 20.
utpuMsay	6865	5-250-a	absent	N	Y	Y	{#utpuMsay#}¦ ist richtig; vgl. Z. d. d. m. G. 32,99 und ZACH. Beitr. {#utpuMsita#} SUBHĀṢITĀV. 880. ALAṂKĀRAR. 22,a. Vg
utpuMsay	14841	7-323-b	absent	N	Y	Y	{#utpuMsay#}¦ I. 5. {#utpuMsita#} SUBHĀṢITĀV. 883 in der gedr. Ausg.
utsadana	14849	7-323-b	absent	Y	Y	N	{#*utsadana#}¦ n. {%das Einreiben%} MAHĀVY. 245,379. Richtig wäre {#utsAdana#}; vgl. {#ucCAdana#}.
utsadanaDarmaka	14850	7-323-b	absent	N	Y	N	{#utsadanaDarmaka#}¦ Adj. {%zum Wegräumen bestimmt%} (ein Mahl) DIVYĀVAD. 307,23. 27. Richtig wäre {#utsAdana˚#}.
utsahanA	14853	7-323-b	absent	N	Y	N	{#utsahanA#}¦ (lies {#utsAhanA#}) f. {%Aufmunterung%} DIVYĀVAD. 490,5.
utsfzwaloman	6872	5-250-a	absent	N	Y	N	{#utsfzwaloman#}¦ Adj. {%das Abschneiden der Haare einstellend%} GAUT. 16,3.
utsfzwaloman	14859	7-323-c	absent	N	Y	N	{#utsfzwaloman#}¦ 5.
utsrAvin	6874	5-250-a	absent	N	Y	N	{#*utsrAvin#}¦ Adj. {%entspringend%} SĀY. zu ṚV. 5,85,2.
utsrAvin	14861	7-323-c	absent	N	Y	N	{{Lbody=14861}}
uttAnI	14810	7-323-a	absent	Y	Y	N	{#uttAnI#}¦ I. Mit {#kar#} auch {%*erklären%} MAHĀVY. 138.
uttaMsay	14764	7-322-d	absent	N	Y	N	{#uttaMsay#}, {#samuttaMsita#}¦ = {#uttaMsita#} DHARMAŚARMĀBHY. 4,39.
uttamBam	14776	7-322-d	absent	N	Y	N	{#˚uttamBam#}¦ Absol. {%in die Höhe hebend%} DHARMAŚARMĀBHY. 8,23.
uttamBanI	14775	7-322-d	absent	N	Y	N	{#uttamBanI#}¦ f. {%der beim Aufstemmen%} (des Wagens) {%zu sprechende Vers%} ĀPAST. GṚHY. 5,19.
uttamaSlokacandrikA	2726	2-295-a	absent	N	Y	N	{#uttamaSlokacandrikA#} f., {#uttaragArgya#}, {#uttaracampU#} f., [Page2-295-b] {#uttaraparicCeda#} m., {#uttaraprAyaSci
uttamaSlokacandrikA	14773	7-322-d	absent	N	Y	N	{#uttamaSlokacandrikA#}¦ 2.
uttamadyuti	14771	7-322-d	absent	Y	Y	N	{#*uttamadyuti#}¦ Adj. {%überaus glanzvoll%} MAHĀVY. 22.
uttamapadin	2725	2-295-a	absent	N	Y	N	{#uttamapadin#}¦ Adj. {%die höchste Stelle von%} (Gen.) {%bildend, — darstellend%} KAP. S. 32,9.
uttamapadin	14772	7-322-d	absent	N	Y	N	{#uttamapadin#}¦ 2.
uttarASApati	1694	1-298-c	absent	N	Y	N	{#uttarASApati#}¦ HEMĀDRI 1,769,16.
uttarASApati	14802	7-323-a	absent	N	Y	N	{#uttarASApati#}¦ I. 1.
uttarASroRi	4194	3-256-c	absent	N	Y	N	{#uttarASroRi#}¦ f. {%die linke Hinterbacke%} KĀTY. ŚR. 17,9,16.
uttarASroRi	14803	7-323-a	absent	N	Y	N	{#uttarASroRi#}¦ 3.
uttarATarvaRa	2730	2-295-b	absent	N	Y	N	{{Lbody=2730}}
uttarATarvaRa	14797	7-323-a	absent	N	Y	N	{#uttarATarvaRa#}¦ 2.
uttarAparaSiras	4191	3-256-c	absent	N	Y	N	{#uttarAparaSiras#}¦ Adj. {%mit dem Kopf nach Norden oder Westen%} VIṢṆUS. 70,2.
uttarAparaSiras	14798	7-323-a	absent	N	Y	N	{#uttarAparaSiras#}¦ 3.
uttaraSrI	2729	2-295-b	absent	N	Y	N	{#uttaraSrI#}¦ f. N. pr. einer Gandharva-Jungfrau KĀRAṆḌ. 5,18.
uttaraSrI	14792	7-323-a	absent	N	Y	N	{#uttaraSrI#} und {#uttarasaMhitA#}¦ 2.
uttaracampU	2726	2-295-a	absent	N	Y	N	{{Lbody=2726}}
uttaracampU	14778	7-322-d	absent	N	Y	N	{{Lbody=14778}}
uttaralI	1691	1-298-c	absent	N	Y	N	{#uttaralI#}¦ mit {#BU#} {%in eine hüpfende Bewegung gerathen%} NAIṢ. 3,55.
uttaralI	14789	7-323-a	absent	N	Y	N	{#uttaralI#}¦ I. 1.
uttaramantrin	14787	7-323-a	absent	Y	Y	N	{#*uttaramantrin#}¦ m. Pl. N. pr. eines mythischen Landes MAHĀVY. 154.
uttaramanuzyaDarmArocana	14786	7-323-a	absent	Y	Y	N	{#*uttaramanuzyaDarmArocana#}¦ n. {%die einem noch nicht geweihten Mönche gemachte Mittheilung, dass man übermenschliche
uttaramanuzyaDarmapralApa	14785	7-322-d	absent	Y	Y	N	{#*uttaramanuzyaDarmapralApa#}¦ m. {%das Vorgeben übermenschliche Kräfte zu besitzen%} [Page7-323-a] MAHĀVY. 257.
uttarapUrvaka	4188	3-256-c	absent	N	Y	N	{#uttarapUrvaka#}¦ Adj. {%nordöstlich%} HEMĀDRI 1,801,15.
uttarapUrvaka	14783	7-322-d	absent	N	Y	N	{#uttarapUrvaka#}¦ 3.
uttarapaYcAla	4187	3-256-c	absent	N	Y	N	{#uttarapaYcAla#}¦ Adj. mit {#rAzwra#} n. {%das Reich der nördlichen%} Pañcala (mit einer gesuchten Nebenbedeutung) BHĀG
uttarapaYcAla	14781	7-322-d	absent	N	Y	N	{#uttarapaYcAla#}¦ 3.
uttaraparicCeda	2726	2-295-a	absent	N	Y	N	{{Lbody=2726}}
uttaraparicCeda	14782	7-322-d	absent	N	Y	N	{#uttaraparicCeda#}¦ 2.
uttaraprAyaScitta	2726	2-295-a	absent	N	Y	N	{{Lbody=2726}}
uttaraprAyaScitta	14784	7-322-d	absent	N	Y	N	{#uttaraprAyaScitta#}¦ 2.
uttararAGavIya	2726	2-295-a	absent	N	Y	N	{{Lbody=2726}}
uttararAGavIya	14788	7-323-a	absent	N	Y	N	{#uttararAGavIya#}, {#uttararAmAyaRa#} und {#uttaralakzman#}¦ 2.
uttararAmAyaRa	2726	2-295-a	absent	N	Y	N	{{Lbody=2726}}
uttararAmAyaRa	14788	7-323-a	absent	N	Y	N	{{Lbody=14788}}
uttarasArasvAdinI	2730	2-295-b	absent	N	Y	N	{{Lbody=2730}}
uttarasArasvAdinI	14794	7-323-a	absent	N	Y	N	{#uttarasArasvAdinI#}¦ 2.
uttarasaMhitA	2730	2-295-b	absent	N	Y	N	{#uttarasaMhitA#} f., {#uttarasArasvAdinI#} f. und {#uttarATarvaRa#} n.¦ Titel von Werken OPP. Cat. 1.
uttarasaMhitA	14792	7-323-a	absent	N	Y	N	{{Lbody=14792}}
uttaravatI	1692	1-298-c	absent	N	Y	N	{#uttara/vatI#}¦ f. Bez. {%einer best. Schichtung%} MAITR. S. 3,3,2. 4,8.
uttaravatI	14790	7-323-a	absent	N	Y	N	{#uttara/vatI#}¦ 1.
uttaravedimant	4189	3-256-c	absent	N	Y	N	{#uttaravedimant#}¦ Adj. {%eine%} Uttaravedi {%habend%} Comm. zu ĀPAST. ŚR. 8,1,8.
uttaravedimant	14791	7-323-a	absent	N	Y	N	{#uttaravedimant#}¦ 3.
uttariDvajAgramaRi	14804	7-323-a	absent	Y	Y	N	{#*uttariDvajAgramaRi#}¦ m. und {#uttariparamARurajaHpraveSa#} m. Bez. {%zweier Zählmethoden%} MAHĀVY. 248.
uttarottaraBAva	4195	3-256-c	absent	N	Y	N	{#uttarottaraBAva#}¦ ({#˚Bava#} ?) Adj. {%wo immer Einer über [Page3-257-a] dem Andern ist%} MAHĀVĪRAC. 84,10.
uttarottaraBAva	14805	7-323-a	absent	N	Y	N	{#uttarottaraBAva#}¦ 3.
uttarottaravaktar	2731	2-295-b	absent	N	Y	N	{#uttarottaravaktar#}¦ Nom. ag. {%Jmd%} (Gen.) {%keine Antwort schuldig bleibend%} MBH. 2,5,5.
uttarottaravaktar	14806	7-323-a	absent	N	Y	N	{#uttarottaravaktar#}¦ 2.
uttarya	2732	2-295-b	absent	N	Y	N	{#uttarya#}¦ in {#candrottarya#}.
uttarya	14808	7-323-a	absent	N	Y	N	{#uttarya#}¦ 2.
uttejanA	6861	5-250-a	absent	N	Y	N	{#uttejanA#}¦ f. {%das Schleifen%} ŚIŚ. 3,6.
uttejanA	14818	7-323-a	absent	N	Y	N	{#uttejanA#}¦ 5.
uttrAsana	2735	2-295-b	absent	N	Y	N	{#uttrAsana#}¦ n. {%das Erschrecken%} (trans.) DHĀTUP. 9,15.
uttrAsana	14819	7-323-a	absent	N	Y	N	{#uttrAsana#}¦ 2.
uttuNgI	6860	5-250-a	absent	N	Y	N	{#uttuNgI#}¦ Adv. mit {#kar#} {%in die Höhe heben%} Comm. zu ŚIŚ. 11,3.
uttuNgI	14816	7-323-a	absent	N	Y	N	{{Lbody=14816}}
uyamAnavaDana	15210	7-326-a	absent	N	Y	N	{#*uyamAnavaDana#}¦ s. {#UyamAna˚#}.
uzRIpaSiraska	15252	7-326-b	absent	Y	Y	N	{#*uzRIpaSiraska#}¦ Adj. {%einen Auswuchs auf dem Kopfe habend%}. Nom. abstr. {#˚tA#} f. MAHĀVY. 17.
uzRIzakuRqala	2801	2-296-a	absent	N	Y	N	{#uzRIzakuRqala#}¦ m. {%ein best.%} Samādhi KĀRAṆḌ. 51,17 ({#ulmIza˚#} gedr.).
uzRIzakuRqala	15249	7-326-b	absent	N	Y	N	{#uzRIzakuRqala#}¦ 2.
uzRIzavijayaDAraRI	6934	5-250-c	absent	N	Y	N	{{Lbody=6934}}
uzRIzavijayaDAraRI	15251	7-326-b	absent	N	Y	N	{{Lbody=15251}}
uzRagata	15245	7-326-a	absent	N	Y	N	{#uzRagata#}¦ n. {%Begeisterung%} DIVYĀVAD. 80,1. [Page7-326-b] Vgl. {#Uzmagata#}.
uzRihAkakuBO	15248	7-326-b	absent	N	Y	N	{#uzRihAkaku/BO#}¦ Nomin. f. Du. = {#uzRihakaku/BO#} MAITR. S. 2,4,4 (42,5).
vAdanamAruta	21030	7-373-c	absent	N	Y	N	{#vAdanamAruta#}¦ zu streichen.
vAjinIvant	21021	7-373-b	absent	N	Y	Y	{#vAji/nIvant#}¦ VI. Vgl. PISCHEL, Vedische Studien 9. fgg.
vAlAhaka	9195	6-304-b	absent	N	Y	N	{{Lbody=9195}}
vAlAhaka	9362	6-306-b	absent	N	Y	N	{{Lbody=9362}}
vAlAhaka	21059	7-373-d	absent	N	Y	N	{{Lbody=21059}}
vArttAvaSezita	21054	7-373-d	absent	N	Y	N	{#vArttAvaSezita#}¦ Adj. {%von dem nur die Sage übrig geblieben ist,%} so v. a. {%längst untergegangen%} PĀRV. 590,5.
vAtsaMbanDavid	21027	7-373-c	absent	N	Y	N	{#vAtsaMbanDavid#}¦ Adj. MAITR. S. 3,6,4 (64,18. 19). Vgl. {#vAtsabanDa˚#}.
vErayAtana	21336	7-376-c	absent	N	Y	Y	{#vErayAtana#}¦ VI. vgl. ROTH in Z. d. d. m. G. 41,675. fg.
vEtaMsikAy	21319	7-376-c	absent	N	Y	N	{#vEtaMsikAy#}¦, {#˚yate#} {%den Versucher machen%} JĀTAKAM. 28,30.
vIRApaRavatURavant	21287	7-376-a	absent	N	Y	N	{#vIRApaRavatURavant#}¦ Adj. {%mit einer Laute, einer Trommel und einer Flöte versehen%} R. 7,23,4,39.
vahnIy	21013	7-373-b	absent	N	Y	N	{#vahnIy#}¦, {#˚yate#} {%zu Feuer werden%} DAMAYANTĪK. 161.
vajrapAtAy	9335	6-306-a	absent	N	Y	N	{#vajrapAtAy#}, {#˚yita#}¦ Adj. {%wie ein Donnerkeil niederfallend%} PĀRŚVAN. 4,155.
vajrapAtAy	20925	7-372-b	absent	N	Y	N	{#vajrapAtAy#}¦ 6.
vajrapAtAyita	9335	6-306-a	absent	N	N	N	{{Lbody=9335}}
valayitar	20984	7-373-a	absent	N	Y	N	{#˚valayitar#}¦ Nom. ag. {%rings umfassend%} ebend. 1,86.
valganA	20988	7-373-a	absent	Y	Y	N	{#*valganA#}¦ f. ? MAHĀVY. 245,1151.
vanitAy	20941	7-372-c	absent	N	Y	N	{#vanitAy#}¦, {#˚yate#} {%einem Weibe gleichen, sich wie ein Weib benehmen%} RUDRAṬA, ŚṚṄGĀRAT. 3,23. 82.
vaptar	20947	7-372-c	absent	N	Y	Y	2. {#vaptar#}¦ VI. 2〉 DHARMAŚARM. 9,1. 28.
var	20951	7-372-c	absent	N	Y	Y	1. {#var#}¦ mit {#pari#} VI. {#˚vfta#} R. ed. Bomb. 3,71,34 fehlerhaft für {#parivftta#}.
var	20952	7-372-c	absent	N	Y	Y	2. {#var#}¦ mit {#ava#} {%erwählen, vorziehen%} MBH. 8,28,24. — Mit {#pra#} Caus. VI. 2〉 {%beschenken, bedenken mit%} (I
varRay	20966	7-372-d	absent	N	Y	Y	{#varRay#}¦ mit {#vi#} VI. Vgl. {#vivarRay#} weiter unten. — Mit {#sam#} VI. 2〉 {%anpreisen%} JĀTAKAM. 10. — Mit {#anusa
varara	9339	6-306-a	absent	N	Y	N	{#varara#}¦ Adj. {%Wünsche gewährend%} ŚIŚ. 19,100.
varara	20956	7-372-d	absent	N	Y	N	{#varara#}¦ 6.
vardAlikA	20973	7-372-d	absent	N	Y	N	{#vardAlikA#}¦ f. DIVYĀVAD. 500,20 fehlerhaft für {#vArda˚#}.
varj	20965	7-372-d	absent	N	Y	Y	{#varj#}¦ mit {#pra#} auch {%Jmd inʼs Verderben bringen%} ŚĀṄKH. BR. 5,6.
varmay	9341	6-306-a	absent	N	Y	N	{#varmay#}¦ (vor {#varmavant#} zu stellen) SADUKTIK. 2,309. — Mit {#sam#} {%Jmd%} (Acc.) {%einen Panzer —, eine Rüstung 
varmay	20974	7-373-a	absent	N	Y	N	{#varmay#}¦ VI. 6. — Mit {#sam#} 6.
vart	20967	7-372-d	absent	N	Y	Y	{#vart#}¦ mit {#ati#} VI. 1〉e〉 {#Atavftta#} {%übertroffen, in Schatten gestellt%} MBH. 1,83,28. — Mit {#antar#} Caus. {%
vart	22610	7-390-a	absent	N	Y	Y	{#vart#}¦ mit {#prod#}, {#prodvftta#} {%umgestürzt, gekentert%} DHARMAŚARM. 14,10.
varuRameRi	22607	7-389-d	absent	N	Y	N	{#varuRameRi/#}¦ VI. Vgl. GELDNER in Festgr. 31.
vasatIvari	21001	7-373-b	absent	N	Y	N	{#vasatIvari˚#}¦ = {#˚rI#} KĀTY. ŚR. 8,9,7. 9,3,21. 12,4,2. 13,4,28. 14,1,13.
vfdDayuvatI	21298	7-376-b	absent	N	Y	N	{#vfdDayuvatI#}¦ f. {%ein alles Weib als Kupplerin%} DIVYĀVAD. 254,22. {%Hebamme%} 483,25.
vfttasvADyAyavant	21295	7-376-b	absent	N	Y	N	{#vfttasvADyAyavant#}¦ Adj. {%einen guten Lebenswandel führend und dem%} Veda-{%Studium obliegend%} BṚHASPATI in VIVĀDAR
vfzamodinI	21303	7-376-b	absent	N	Y	N	{#vfzamodi/nI#}¦ Adj. f. {%den Gatten erfreuend%} MAITR. S. 4,3,5 (44,17).
vfzikA	21304	7-376-b	absent	N	Y	N	{#vfzikA#}¦ DIVYĀVAD. 40,10. 550,16 fehlerhaft für {#bfsikA#}.
viDenAman	21131	7-374-c	absent	N	Y	N	{#viDenAman#}¦ s. {#hinviDenAman#}.
viMwaka	21110	7-374-b	absent	N	Y	N	{{Lbody=21110}}
viSAta	21233	7-375-c	absent	Y	Y	N	{#*viSAta#}¦ Adj. ? MAHĀVY. 99.
viSrAntimant	21241	7-375-c	absent	N	Y	N	{#viSrAntimant#}¦ Adj. {%sich behaglich fühlend%} ŚRĪKAṆṬHAC. 2,13.
viSramBavant	21239	7-375-c	absent	N	Y	N	{#viSramBavant#}¦ Adj. {%vertrauensvoll und ruhig, keine Unsicherheit empfindend%} JĀTAKAM. 23,5.
viSvaMBari	21243	7-375-d	absent	N	Y	N	{#viSvaMBari#}¦ f. {%die Erde%} DHARMAŚARM. 18,22.
viWapana	21107	7-374-b	absent	Y	Y	N	{#*viWapana#}¦ n. MAHĀVY. 245,827 prākritisch für {#vizWApana#}.
vicCAyay	21092	7-374-a	absent	N	Y	Y	2. {#vicCAyay#}¦ VI. {#vicCAyita#} {%erblasst%} DAMAYANTĪK. 263.
vicintamAna	17330	7-341-c	absent	N	N	N	{{Lbody=17330}}
vidyunmaRqalavant	21127	7-374-c	absent	N	Y	N	{#vidyunmaRqalavant#}¦ Adj. {%blitzbekränzt%} (Wolke) R. ed. Bomb. 3,35,10.
vimAMsI	21200	7-375-b	absent	N	Y	N	{#vimAMsI#}¦ Adv. mit {#kar#} {%des Fleisches berauben%} JĀTAKAM. 29,26.
vimalakirIwahAravant	21199	7-375-b	absent	N	Y	N	{#vimalakirIwahAravant#}¦ Adj. {%mit einem fleckenlosen Diadem und Perlenschmuck versehen%} R. 7,15,41.
vimanAy	21195	7-375-a	absent	N	Y	Y	{#vimanAy#}¦ auch PĀRV. 579,7.
vimarSavant	21197	7-375-a	absent	N	Y	N	{#vimarSavant#}¦ Adj. {%nachdenkend, im Zweifel seiend%} JĀTAKAM. 13.
vimfdvant	21205	7-375-b	absent	N	Y	N	{#vimfdvant#}¦ Adj. (f. {#˚dvatI#}) {%dem%} Indra Vimṛdh {%gehörig%} ŚĀṄKH. BR. 4,1.
vinidrAy	21140	7-374-c	absent	N	Y	N	{#vinidrAy#}¦, {#˚yate#} {%aufwachen, sich öffnen%} DAMAYANTĪK. 79.
vinizkraya	21151	7-374-d	absent	N	Y	N	{#vinizkraya#}¦ m. {%Vergeltung%} DHARMAŚARM. 4,46.
vipfzWI	21168	7-374-d	absent	Y	Y	N	{#*vipfzWI#}¦ Adv. mit {#BU#} {%niedergeschlagen werden%} MAHĀVY. 245,865. Richtig {#vipizwI#}; vgl. {#pfzWI#} oben.
vipratisAravant	21171	7-374-d	absent	N	Y	N	{#vipratisAravant#}¦ Adj. {%von Reue erfüllt%} [Page7-375-a] ebend. 4,17.
vipravAdana	21176	7-375-a	absent	Y	Y	N	{#*vipravAdana#}¦ n. ? MAHĀVY. 281,229.
viqambakatva	21109	7-374-b	absent	N	Y	N	{#viqambakatva#}¦ n. Nom. abstr. zu {#viqambaka#} 1〉 HARAVIJAYA 4,4.
virahI	21210	7-375-b	absent	N	Y	N	{#virahI#}¦ Adv. mit {#kar#} {%trennen von%} (Instr.) R. ed. Bomb. 4,1,101.
virasI	21209	7-375-b	absent	N	Y	N	{#virasI#}¦ mit {#BU#} VI. {%den Reiz verlieren, zum Ekel werden%} JĀTAKAM. 19,27.
visarjayitar	21265	7-376-a	absent	N	Y	N	{#visarjayitar#}¦ Nom. ag. {%fahren lassend, aufgebend%} JĀTAKAM. 23,63.
vistarI	21267	7-376-a	absent	N	Y	N	{#vistarI#}¦ Adv. mit {#kar#} {%verbreiten%} DIVYĀVAD. 379,10.
vitaRqana	21111	7-374-b	absent	Y	Y	N	{#*vitaRqana#}¦ n. {%Krittelei%} MAHĀVY. 261,11.
vitaTI	21112	7-374-b	absent	N	Y	N	{#vitaTI#}¦ mit {#kar#} VI. {%unwahr machen,%} so v. a. {%entfernen, verscheuchen%} DHARMAŚARM. 5,24.
vivade	21219	7-375-b	absent	N	Y	N	{#vivade#}¦ Infin. mit {#yA#} {%sich an das Streiten machen%} ŚĀṄKH. ŚR. 14,29,1 (vgl. Corrigg. und Wortindex). Die Lesa
vivarRay	21222	7-375-c	absent	N	Y	N	{#vivarRay#}¦, {#˚yati#} {%der Farbe berauben%} JĀTAKAM. 5,13. Vgl. {#varRay#} mit {#vi#}.
vivartanA	21225	7-375-c	absent	Y	Y	N	{#vivartanA#}¦ f. = {#vivartana#} 2〉b〉 HARAVIJAYA 8,3. ? MAHĀVY. 53.
viwapi	21105	7-374-b	absent	N	Y	N	{#viwapi#}¦ metrisch für {#viwapin#} {%Baum%}. {#viwapInAm#} R. ed. Bomb. 3,42,22. {#viwapInmAlyaDAriRaH#} zu lesen 73,2
viwsUkara	21106	7-374-b	absent	N	Y	N	{#viwsUkara#}¦ m. = {#viqvarAha#} MIT. zu YĀJÑ. 3,290. fg.
vizkaBe	9380	6-306-c	absent	N	Y	N	{#vizka/Be#}¦ Dat. Infin. zu {#skaB#} mit {#vi#} ṚV. 8,89 (100),12.
vizkamBe	21252	7-375-d	absent	N	Y	N	{{Lbody=21252}}
vizkanttar	9379	6-306-b	absent	N	Y	N	{#vizkanttar#}¦ Nom. ag. {%hinundher hüpfend%} {{BHAṬṬ. 9,64->BHAṬṬ. 9,74||20250502|Andhrabharati|https://github.com/san
vizkanttar	21252	7-375-d	absent	N	Y	N	{#vizkanttar#} und {#vizka/mBe#}¦ 6.
vizvagvftti	21258	7-375-d	absent	N	Y	N	{#vizvagvftti#}¦ Adj. {%überallhin sich verbreitend%} MĀLATĪM. (ed. Bomb.) 159,3.
vizwyakarRI	21256	7-375-d	absent	N	Y	N	{#vizwyakarRI/#}¦ Adj. f. ? MAITR. S. 4,2,9 (32,4).
vyAGmAtaka	21374	7-377-a	absent	Y	Y	N	{#*vyAGmAtaka#}¦ n. {%ein aufgeschwollener Leichnam%} MAHĀVY. 52.
vyAkartar	21370	7-377-a	absent	N	Y	Y	{#vyAkartar#}¦ VI. {%Erklärer%} DIVYĀVAD. 620,19.
vyaBicAravant	9394	6-306-c	absent	N	Y	Y	{#vyaBicAravant#}¦ Adj. {%sich umhertreibend%} BAUDH. 1,21. 20.
vyaBicAravant	21351	7-376-d	absent	N	Y	Y	{#vyaBicAravant#}¦ VI. 6.
vyacCid	21357	7-376-d	absent	N	Y	N	{#vyacCid#}¦ f. {%Begrenzung%} HARAVIJAYA 6,28.
vyaktay	21342	7-376-d	absent	N	Y	N	{#vyaktay#}¦, {#˚yati#} {%offenbaren%} DHARMAŚARM. 3,42. 8,43.
vyantI	21349	7-376-d	absent	Y	Y	N	{#*vyantI#}¦ Adv. mit {#kar#} {%fern halten beseitigen%} MAHĀVY. 245. {#*˚BAva#} m. {%das Beseitigtsein%} 245,1259.
vyasanI	21368	7-377-a	absent	N	Y	N	{#vyasanI#}¦ Adv. mit {#kar#} {%als Laster ansehen, — stempeln%} JĀTAKAM. 9,10.
vyavahAradrazwar	21362	7-376-d	absent	N	Y	N	{#vyavahAradrazwar#}¦ m. {%Schlichter einer Rechtssache, Rechtsprecher%} SUD. zu ĀPAST. GṚHY. 23,2.
vyudDAram	9399	6-306-c	absent	N	Y	N	{#vyudDAram#}¦ Absol. {%einzeln herausnehmend%} ĀŚV. GṚHY. 1,10,11.
vyudDAram	21383	7-377-a	absent	N	Y	N	{#vyudDAram#}¦ 6.
wAparagrAma	7316	5-255-a	absent	N	Y	N	{#wAparagrAma#}¦ m. N. pr. eines {%Dorfes%} M. MÜLLER, Ren. 300.
yAtaka	8140	5-264-a	absent	N	Y	N	{#yAtaka#}¦ n. in {#raTa˚#} weiter unten.
yAtaka	20680	7-370-a	absent	N	Y	N	{#yAtaka#}¦ 5.
yAvant	20694	7-370-a	absent	N	Y	Y	{#yAvant#}¦ V. {#yAvacca — yAvacca — antarAt#} {%zwischen — und%} — DIVYĀVAD. 93,24. 386,10. {#yAvat#} mit Dat. {%bis zu
yAvatsaMpAtam	9298	6-305-c	absent	N	Y	N	{#yAvatsaMpAtam#}¦ Adv. {%so lange es geht%} CHĀND. UP. 5,10,5.
yAvatsaMpAtam	20691	7-370-a	absent	N	Y	N	{#yAvatsaMpAtam#}¦ 6.
yaTApi	20635	7-369-c	absent	Y	Y	N	3. {#yaTApi#}¦ dass. 84,10. {#yaTApi nAma#} {%gleichwie%} 501,8. MAHĀVY. 225,71.
yajYapuruzAsaMmita	20624	7-369-b	absent	N	Y	N	{#yajYapuruzAsaM/mita#}¦ (!) Adj. MAITR. S. 3,1,2 (3,3). 7 (9,8).
yantar	9291	6-305-c	absent	N	Y	Y	{#yantar#}¦ 5〉 zu streichen; vgl. Z. d. d. m. G. 39,526.
yantar	20663	7-369-d	absent	N	Y	Y	{#yantar#}¦ V. 6.
yatsatyam	20632	7-369-c	absent	N	Y	N	{#yatsatyam#}¦ s. u. {#satya#}.
yogardDirUpavant	9301	6-305-c	absent	N	Y	N	{#yogardDirUpavant#}¦ Adj. {%in der Gestalt des verkörperten vollkommenen%} Yoga MBH. 3,300,9.
yogardDirUpavant	20709	7-370-b	absent	N	Y	N	{#yogardDirUpavant#}¦ 6.
zaqvArzikamaha	21581	7-379-a	absent	N	Y	N	{#*zaqvArzikamaha#}¦ m. {%ein best. Fest%} ebend. 229.
