g_kanda	g_sarga	g_verse	s_kanda	s_sarga	s_verse	score	class
1	1	1	1	1	1	0.588	matched
1	1	2	1	1	2	0.308	fuzzy
1	1	3					gorresio_only
1	1	4	1	1	4	0.286	fuzzy
1	1	5					gorresio_only
1	1	6					gorresio_only
1	1	7	1	1	5	0.426	fuzzy
1	1	8					gorresio_only
1	1	10					gorresio_only
1	1	11					gorresio_only
1	1	12					gorresio_only
1	1	13	1	1	9	0.294	fuzzy
1	1	14	1	1	11	0.38	fuzzy
1	1	15					gorresio_only
1	1	16					gorresio_only
1	1	17					gorresio_only
1	1	18	1	1	16	0.365	fuzzy
1	1	20					gorresio_only
1	1	21	1	1	18	0.34	fuzzy
1	1	22					gorresio_only
1	1	23	1	1	20	0.286	fuzzy
1	1	24	1	1	21	0.299	fuzzy
1	1	25	1	1	22	0.726	matched
1	1	26					gorresio_only
1	1	27	1	1	24	0.872	matched
1	1	28					gorresio_only
1	1	30					gorresio_only
1	1	31					gorresio_only
1	1	32					gorresio_only
1	1	33					gorresio_only
1	1	34					gorresio_only
1	1	35					gorresio_only
1	1	36					gorresio_only
1	1	37	1	1	33	0.273	fuzzy
1	1	38					gorresio_only
1	1	39	1	1	37	0.309	fuzzy
1	1	40	1	1	38	0.267	fuzzy
1	1	41					gorresio_only
1	1	42					gorresio_only
1	1	43	1	1	42	0.327	fuzzy
1	1	44					gorresio_only
1	1	45	1	1	43	0.269	fuzzy
1	1	46					gorresio_only
1	1	47					gorresio_only
1	1	48					gorresio_only
1	1	49	1	1	47	0.29	fuzzy
1	1	50	1	1	49	0.319	fuzzy
1	1	51					gorresio_only
1	1	52	1	1	50	0.649	matched
1	1	53	1	1	51	0.778	matched
1	1	54	1	1	52	0.588	matched
1	1	55					gorresio_only
1	1	56					gorresio_only
1	1	57					gorresio_only
1	1	58					gorresio_only
1	1	60					gorresio_only
1	1	61	1	1	58	0.818	matched
1	1	62	1	1	59	0.558	matched
1	1	63					gorresio_only
1	1	64	1	1	63	0.297	fuzzy
1	1	65					gorresio_only
1	1	66					gorresio_only
1	1	67	1	1	66	0.277	fuzzy
1	1	68					gorresio_only
1	1	69					gorresio_only
1	1	70					gorresio_only
1	1	71	1	1	68	0.449	fuzzy
1	1	72	1	1	70	0.333	fuzzy
1	1	73					gorresio_only
1	1	74	1	1	71	0.726	matched
1	1	75	1	1	72	0.45	matched
1	1	76	1	1	73	0.716	matched
1	1	77					gorresio_only
1	1	78	1	1	75	0.369	fuzzy
1	1	79	1	1	76	0.339	fuzzy
1	1	80	1	1	77	0.351	fuzzy
1	1	81	1	1	78	0.49	matched
1	1	82	1	1	79	0.67	matched
1	1	83	1	1	80	0.5	matched
1	1	84					gorresio_only
1	1	85					gorresio_only
1	1	86					gorresio_only
1	1	87					gorresio_only
1	1	88	1	1	83	0.272	fuzzy
1	1	89					gorresio_only
1	1	90					gorresio_only
1	1	91	1	1	89	0.725	matched
1	1	92					gorresio_only
1	1	93					gorresio_only
1	1	94	1	1	90	0.515	matched
1	1	95	1	1	91	0.372	fuzzy
1	1	96	1	1	92	0.477	matched
1	1	97					gorresio_only
1	1	98					gorresio_only
1	1	99					gorresio_only
1	1	100	1	1	97	0.786	matched
1	1	101					gorresio_only
1	1	102					gorresio_only
1	1	103					gorresio_only
1	1	104	1	1	98	0.381	fuzzy
1	1	105					gorresio_only
1	1	106					gorresio_only
1	1	107	1	1	100	0.376	fuzzy
1	2	1	1	2	1	0.28	fuzzy
1	2	2					gorresio_only
1	2	3	1	2	2	0.383	fuzzy
1	2	4	1	2	3	0.314	fuzzy
1	2	5	1	2	4	0.64	matched
1	2	6					gorresio_only
1	2	7					gorresio_only
1	2	8					gorresio_only
1	2	10					gorresio_only
1	2	11					gorresio_only
1	2	12	1	2	9	0.256	fuzzy
1	2	13					gorresio_only
1	2	14	1	2	11	0.297	fuzzy
1	2	15					gorresio_only
1	2	16					gorresio_only
1	2	17	1	2	15	0.798	matched
1	2	18					gorresio_only
1	2	20					gorresio_only
1	2	21					gorresio_only
1	2	22					gorresio_only
1	2	23					gorresio_only
1	2	24	1	2	22	0.6	matched
1	2	25	1	2	23	0.339	fuzzy
1	2	26					gorresio_only
1	2	27	1	2	25	0.45	matched
1	2	28	1	2	26	0.622	matched
1	2	30					gorresio_only
1	2	31	1	2	35	0.671	moved
1	2	32					gorresio_only
1	2	33	1	2	31	0.333	fuzzy
1	2	34					gorresio_only
1	2	35	1	2	32	0.361	fuzzy
1	2	36	1	2	33	0.343	fuzzy
1	2	37					gorresio_only
1	2	40	1	2	36	0.819	matched
1	2	41	1	2	38	0.618	matched
1	2	42	1	2	39	0.556	matched
1	2	43	1	2	40	0.515	matched
1	2	44	1	2	41	0.303	fuzzy
1	2	45					gorresio_only
1	2	46	1	2	42	0.522	matched
1	3	1					gorresio_only
1	3	2	1	3	2	0.632	matched
1	3	3					gorresio_only
1	3	4					gorresio_only
1	3	5					gorresio_only
1	3	6					gorresio_only
1	3	7	1	3	14	0.257	fuzzy
1	3	8	1	3	15	0.308	fuzzy
1	3	10	1	3	16	0.355	fuzzy
1	3	11	1	3	18	0.56	matched
1	3	12					gorresio_only
1	3	13					gorresio_only
1	3	14	1	3	20	0.578	matched
1	3	15					gorresio_only
1	3	16	1	3	25	0.821	moved
1	3	17	1	3	23	0.756	matched
1	3	18	1	3	24	0.628	matched
1	3	20	1	3	26	0.391	fuzzy
1	3	21	1	3	27	0.34	fuzzy
1	3	22	1	3	29	0.426	fuzzy
1	3	23	1	3	30	0.589	matched
1	3	24					gorresio_only
1	3	25	1	3	32	0.295	fuzzy
1	3	26					gorresio_only
1	3	27					gorresio_only
1	3	28	1	3	34	0.257	fuzzy
1	3	30	1	3	36	0.25	fuzzy
1	3	31	1	3	38	0.328	fuzzy
1	3	32					gorresio_only
1	3	33	1	3	39	0.306	fuzzy
1	3	34					gorresio_only
1	3	35					gorresio_only
1	3	36					gorresio_only
1	3	37					gorresio_only
1	3	38					gorresio_only
1	3	40	1	4	4	0.274	fuzzy
1	3	41					gorresio_only
1	3	42					gorresio_only
1	3	43					gorresio_only
1	3	44	1	4	8	0.256	fuzzy
1	3	45					gorresio_only
1	3	46	1	4	9	0.302	fuzzy
1	3	47					gorresio_only
1	3	48					gorresio_only
1	3	49					gorresio_only
1	3	50					gorresio_only
1	3	51					gorresio_only
1	3	52					gorresio_only
1	3	53					gorresio_only
1	3	54	1	4	14	0.275	fuzzy
1	3	55					gorresio_only
1	3	56					gorresio_only
1	3	57					gorresio_only
1	3	58					gorresio_only
1	3	60					gorresio_only
1	3	61					gorresio_only
1	3	62					gorresio_only
1	3	63					gorresio_only
1	3	64					gorresio_only
1	3	65					gorresio_only
1	3	66					gorresio_only
1	3	67					gorresio_only
1	3	68					gorresio_only
1	3	69					gorresio_only
1	3	70					gorresio_only
1	3	71	1	4	31	0.317	fuzzy
1	3	72	1	4	32	0.567	matched
1	3	73					gorresio_only
1	3	74					gorresio_only
1	4	1	1	4	1	0.677	moved
1	4	2					gorresio_only
1	4	3					gorresio_only
1	4	4					gorresio_only
1	4	5					gorresio_only
1	4	6					gorresio_only
1	4	7					gorresio_only
1	4	8					gorresio_only
1	4	10					gorresio_only
1	4	11					gorresio_only
1	4	12					gorresio_only
1	4	13					gorresio_only
1	4	14					gorresio_only
1	4	15					gorresio_only
1	4	16					gorresio_only
1	4	17					gorresio_only
1	4	18					gorresio_only
1	4	20					gorresio_only
1	4	21					gorresio_only
1	4	22					gorresio_only
1	4	23					gorresio_only
1	4	24					gorresio_only
1	4	25					gorresio_only
1	4	26					gorresio_only
1	4	27					gorresio_only
1	4	28					gorresio_only
1	4	30					gorresio_only
1	4	31					gorresio_only
1	4	32					gorresio_only
1	4	33					gorresio_only
1	4	34	1	3	15	0.613	moved
1	4	35					gorresio_only
1	4	36					gorresio_only
1	4	38					gorresio_only
1	4	40					gorresio_only
1	4	41					gorresio_only
1	4	42					gorresio_only
1	4	43					gorresio_only
1	4	44					gorresio_only
1	4	45					gorresio_only
1	4	46					gorresio_only
1	4	47					gorresio_only
1	4	48					gorresio_only
1	4	49					gorresio_only
1	4	50					gorresio_only
1	4	51					gorresio_only
1	4	52					gorresio_only
1	4	53					gorresio_only
1	4	54					gorresio_only
1	4	55					gorresio_only
1	4	56					gorresio_only
1	4	57					gorresio_only
1	4	58					gorresio_only
1	4	60					gorresio_only
1	4	61					gorresio_only
1	4	62					gorresio_only
1	4	63					gorresio_only
1	4	64					gorresio_only
1	4	65					gorresio_only
1	4	66					gorresio_only
1	4	67					gorresio_only
1	4	68					gorresio_only
1	4	70					gorresio_only
1	4	71					gorresio_only
1	4	72					gorresio_only
1	4	73					gorresio_only
1	4	74					gorresio_only
1	4	75					gorresio_only
1	4	76					gorresio_only
1	4	77					gorresio_only
1	4	78					gorresio_only
1	4	79					gorresio_only
1	4	80					gorresio_only
1	4	81					gorresio_only
1	4	82					gorresio_only
1	4	83					gorresio_only
1	4	84					gorresio_only
1	4	85					gorresio_only
1	4	86					gorresio_only
1	4	87					gorresio_only
1	4	88					gorresio_only
1	4	89					gorresio_only
1	4	90					gorresio_only
1	4	91					gorresio_only
1	4	92					gorresio_only
1	4	93					gorresio_only
1	4	94					gorresio_only
1	4	95					gorresio_only
1	4	96					gorresio_only
1	4	97					gorresio_only
1	4	98					gorresio_only
1	4	99					gorresio_only
1	4	100					gorresio_only
1	4	101					gorresio_only
1	4	102					gorresio_only
1	4	103					gorresio_only
1	4	104					gorresio_only
1	4	105					gorresio_only
1	4	106					gorresio_only
1	4	107					gorresio_only
1	4	108					gorresio_only
1	4	109					gorresio_only
1	4	110					gorresio_only
1	4	111					gorresio_only
1	4	112					gorresio_only
1	4	113					gorresio_only
1	4	114					gorresio_only
1	4	115					gorresio_only
1	4	116					gorresio_only
1	4	117					gorresio_only
1	4	118					gorresio_only
1	4	120					gorresio_only
1	4	121					gorresio_only
1	4	122					gorresio_only
1	4	123					gorresio_only
1	4	124					gorresio_only
1	4	125					gorresio_only
1	4	126					gorresio_only
1	4	127					gorresio_only
1	4	128					gorresio_only
1	4	130					gorresio_only
1	4	131					gorresio_only
1	4	132					gorresio_only
1	4	133					gorresio_only
1	4	134					gorresio_only
1	4	135					gorresio_only
1	4	136					gorresio_only
1	4	137					gorresio_only
1	4	138					gorresio_only
1	4	140					gorresio_only
1	4	141					gorresio_only
1	4	142					gorresio_only
1	4	143					gorresio_only
1	4	144					gorresio_only
1	4	145					gorresio_only
1	4	146					gorresio_only
1	4	147					gorresio_only
1	4	148					gorresio_only
1	4	149					gorresio_only
1	5	1	1	5	5	0.667	matched
1	5	2	1	5	6	0.541	matched
1	5	3	1	5	7	0.517	matched
1	5	4	1	5	8	0.257	fuzzy
1	5	5					gorresio_only
1	5	6					gorresio_only
1	5	7	1	5	9	0.259	fuzzy
1	5	8	1	5	10	0.283	fuzzy
1	5	9					gorresio_only
1	5	10					gorresio_only
1	5	11					gorresio_only
1	5	12					gorresio_only
1	5	13					gorresio_only
1	5	14					gorresio_only
1	5	15					gorresio_only
1	5	16					gorresio_only
1	5	17					gorresio_only
1	5	18					gorresio_only
1	5	20	1	5	23	0.31	fuzzy
1	6	1	1	6	1	0.538	matched
1	6	2	1	6	2	0.57	matched
1	6	3	1	6	3	0.4	fuzzy
1	6	4					gorresio_only
1	6	5	1	6	5	0.416	fuzzy
1	6	6					gorresio_only
1	6	7					gorresio_only
1	6	8					gorresio_only
1	6	10					gorresio_only
1	6	11					gorresio_only
1	6	12					gorresio_only
1	6	13	1	6	12	0.279	fuzzy
1	6	14	1	6	13	0.254	fuzzy
1	6	15	1	6	14	0.269	fuzzy
1	6	16	1	6	16	0.302	fuzzy
1	6	17					gorresio_only
1	6	18					gorresio_only
1	6	20					gorresio_only
1	6	21					gorresio_only
1	6	22	1	6	20	0.4	fuzzy
1	6	23					gorresio_only
1	6	24					gorresio_only
1	6	25					gorresio_only
1	6	26					gorresio_only
1	6	27					gorresio_only
1	6	28					gorresio_only
1	6	29					gorresio_only
1	7	1					gorresio_only
1	7	2	1	7	2	0.282	fuzzy
1	7	3	1	7	3	0.382	fuzzy
1	7	4					gorresio_only
1	7	5	1	7	8	0.268	fuzzy
1	7	6					gorresio_only
1	7	7					gorresio_only
1	7	8					gorresio_only
1	7	10					gorresio_only
1	7	11					gorresio_only
1	7	12					gorresio_only
1	7	13					gorresio_only
1	7	14					gorresio_only
1	7	15					gorresio_only
1	7	16					gorresio_only
1	7	17					gorresio_only
1	7	18	1	7	24	0.323	fuzzy
1	8	1	1	8	1	0.495	matched
1	8	2	1	8	2	0.319	fuzzy
1	8	3					gorresio_only
1	8	4	1	8	4	0.409	fuzzy
1	8	5					gorresio_only
1	8	6					gorresio_only
1	8	7	1	9	4	0.336	fuzzy
1	8	8					gorresio_only
1	8	10	1	9	7	0.289	fuzzy
1	8	11					gorresio_only
1	8	12	1	9	8	0.283	fuzzy
1	8	13					gorresio_only
1	8	14					gorresio_only
1	8	15	1	9	12	0.301	fuzzy
1	8	16					gorresio_only
1	8	17					gorresio_only
1	8	18					gorresio_only
1	8	20					gorresio_only
1	8	21	1	9	16	0.3	fuzzy
1	8	22	1	9	17	0.404	fuzzy
1	8	23					gorresio_only
1	8	24					gorresio_only
1	8	25					gorresio_only
1	8	26					gorresio_only
1	8	27					gorresio_only
1	8	28					gorresio_only
1	8	30					gorresio_only
1	8	31					gorresio_only
1	8	32					gorresio_only
1	8	33					gorresio_only
1	9	1					gorresio_only
1	9	2	1	10	2	0.304	fuzzy
1	9	3	1	10	3	0.543	matched
1	9	4					gorresio_only
1	9	5					gorresio_only
1	9	6					gorresio_only
1	9	7					gorresio_only
1	9	8					gorresio_only
1	9	9					gorresio_only
1	9	10					gorresio_only
1	9	11					gorresio_only
1	9	12					gorresio_only
1	9	13					gorresio_only
1	9	14					gorresio_only
1	9	15					gorresio_only
1	9	16					gorresio_only
1	9	17					gorresio_only
1	9	18					gorresio_only
1	9	19					gorresio_only
1	9	20					gorresio_only
1	9	21					gorresio_only
1	9	22					gorresio_only
1	9	23					gorresio_only
1	9	24					gorresio_only
1	9	25					gorresio_only
1	9	26					gorresio_only
1	9	27					gorresio_only
1	9	28					gorresio_only
1	9	29					gorresio_only
1	9	30					gorresio_only
1	9	31					gorresio_only
1	9	32					gorresio_only
1	9	33					gorresio_only
1	9	34					gorresio_only
1	9	35					gorresio_only
1	9	36					gorresio_only
1	9	38					gorresio_only
1	9	39					gorresio_only
1	9	40					gorresio_only
1	9	41					gorresio_only
1	9	42					gorresio_only
1	9	43					gorresio_only
1	9	44					gorresio_only
1	9	45					gorresio_only
1	9	46					gorresio_only
1	9	47					gorresio_only
1	9	48					gorresio_only
1	9	49					gorresio_only
1	9	50					gorresio_only
1	9	51					gorresio_only
1	9	52					gorresio_only
1	9	53					gorresio_only
1	9	54					gorresio_only
1	9	55					gorresio_only
1	9	56					gorresio_only
1	9	57					gorresio_only
1	9	58					gorresio_only
1	9	59					gorresio_only
1	9	60					gorresio_only
1	9	61					gorresio_only
1	9	62					gorresio_only
1	9	63					gorresio_only
1	9	64					gorresio_only
1	9	65	1	10	30	0.396	fuzzy
1	9	66					gorresio_only
1	9	67					gorresio_only
1	9	68					gorresio_only
1	9	69	1	10	33	0.594	matched
1	9	70					gorresio_only
1	10	1					gorresio_only
1	10	2	1	11	2	0.287	fuzzy
1	10	3	1	11	3	0.554	matched
1	10	4					gorresio_only
1	10	5					gorresio_only
1	10	6					gorresio_only
1	10	7	1	11	7	0.333	fuzzy
1	10	8					gorresio_only
1	10	9	1	11	8	0.804	matched
1	10	10	1	11	9	0.426	fuzzy
1	10	11	1	11	10	0.25	fuzzy
1	10	12					gorresio_only
1	10	13					gorresio_only
1	10	14					gorresio_only
1	10	15					gorresio_only
1	10	16					gorresio_only
1	10	17					gorresio_only
1	10	18					gorresio_only
1	10	19	1	11	16	0.256	fuzzy
1	10	20					gorresio_only
1	10	21					gorresio_only
1	10	22					gorresio_only
1	10	23	1	11	20	0.359	fuzzy
1	10	24					gorresio_only
1	10	25					gorresio_only
1	10	26					gorresio_only
1	10	28					gorresio_only
1	10	29					gorresio_only
1	10	30					gorresio_only
1	10	31					gorresio_only
1	10	32					gorresio_only
1	10	33					gorresio_only
1	10	34					gorresio_only
1	10	35					gorresio_only
1	10	36					gorresio_only
1	10	37					gorresio_only
1	10	38					gorresio_only
1	11	1					gorresio_only
1	11	2					gorresio_only
1	11	3					gorresio_only
1	11	4					gorresio_only
1	11	5					gorresio_only
1	11	6	1	8	6	0.581	moved
1	11	7					gorresio_only
1	11	8					gorresio_only
1	11	10	1	8	7	0.699	moved
1	11	11					gorresio_only
1	11	12					gorresio_only
1	11	13					gorresio_only
1	11	14	1	12	11	0.271	fuzzy
1	11	15					gorresio_only
1	11	16	1	8	15	0.611	moved
1	11	17					gorresio_only
1	11	18					gorresio_only
1	11	20					gorresio_only
1	11	21					gorresio_only
1	11	22					gorresio_only
1	11	23					gorresio_only
1	11	24					gorresio_only
1	11	25					gorresio_only
1	12	1	1	13	1	0.282	fuzzy
1	12	2					gorresio_only
1	12	3					gorresio_only
1	12	4	1	13	5	0.278	fuzzy
1	12	5					gorresio_only
1	12	6					gorresio_only
1	12	7					gorresio_only
1	12	8					gorresio_only
1	12	10	1	13	10	0.312	fuzzy
1	12	11					gorresio_only
1	12	12	1	13	14	0.633	matched
1	12	13	1	13	15	0.417	fuzzy
1	12	14	1	13	16	0.359	fuzzy
1	12	15	1	13	18	0.35	fuzzy
1	12	16					gorresio_only
1	12	17	1	13	20	0.92	matched
1	12	18	1	13	21	0.706	matched
1	12	20	1	13	23	0.292	fuzzy
1	12	21	1	13	24	0.515	matched
1	12	22	1	13	25	0.358	fuzzy
1	12	23					gorresio_only
1	12	24	1	13	28	0.366	fuzzy
1	12	25	1	13	30	0.328	fuzzy
1	12	26					gorresio_only
1	12	27					gorresio_only
1	12	28	1	13	33	0.262	audit-rejected
1	12	30	1	13	34	0.413	fuzzy
1	12	31	1	13	35	0.714	matched
1	12	32	1	13	36	0.609	matched
1	12	33					gorresio_only
1	12	34					gorresio_only
1	12	35	1	13	40	0.293	fuzzy
1	13	1					gorresio_only
1	13	2	1	14	2	0.267	fuzzy
1	13	3					gorresio_only
1	13	4					gorresio_only
1	13	5					gorresio_only
1	13	6					gorresio_only
1	13	7					gorresio_only
1	13	8					gorresio_only
1	13	10					gorresio_only
1	13	11					gorresio_only
1	13	12					gorresio_only
1	13	13					gorresio_only
1	13	14					gorresio_only
1	13	15					gorresio_only
1	13	16	1	14	9	0.453	matched
1	13	17	1	14	19	0.404	fuzzy
1	13	18	1	14	8	0.638	moved
1	13	20	1	14	20	0.434	fuzzy
1	13	21	1	14	21	0.337	fuzzy
1	13	22					gorresio_only
1	13	23	1	14	23	0.309	fuzzy
1	13	24					gorresio_only
1	13	25	1	14	26	0.693	matched
1	13	26					gorresio_only
1	13	27					gorresio_only
1	13	28					gorresio_only
1	13	30					gorresio_only
1	13	31					gorresio_only
1	13	32					gorresio_only
1	13	33					gorresio_only
1	13	34					gorresio_only
1	13	35					gorresio_only
1	13	36					gorresio_only
1	13	38					gorresio_only
1	13	39					gorresio_only
1	13	40					gorresio_only
1	13	41	1	14	44	0.268	fuzzy
1	13	42					gorresio_only
1	13	43	1	14	51	0.33	fuzzy
1	13	44					gorresio_only
1	13	45					gorresio_only
1	13	46					gorresio_only
1	13	47					gorresio_only
1	14	1					gorresio_only
1	14	2					gorresio_only
1	14	3	1	15	4	0.342	fuzzy
1	14	4					gorresio_only
1	14	5					gorresio_only
1	14	6					gorresio_only
1	14	7					gorresio_only
1	14	8					gorresio_only
1	14	10					gorresio_only
1	14	11					gorresio_only
1	14	12					gorresio_only
1	14	13					gorresio_only
1	14	14					gorresio_only
1	14	15					gorresio_only
1	14	16					gorresio_only
1	14	17					gorresio_only
1	14	18					gorresio_only
1	14	20					gorresio_only
1	14	21					gorresio_only
1	14	22					gorresio_only
1	14	23					gorresio_only
1	14	24					gorresio_only
1	14	25					gorresio_only
1	14	26					gorresio_only
1	14	28					gorresio_only
1	14	30					gorresio_only
1	14	31					gorresio_only
1	14	32					gorresio_only
1	14	33					gorresio_only
1	14	34					gorresio_only
1	14	35					gorresio_only
1	14	36					gorresio_only
1	14	37					gorresio_only
1	14	38					gorresio_only
1	14	39					gorresio_only
1	14	40					gorresio_only
1	14	41					gorresio_only
1	14	42					gorresio_only
1	14	43	1	15	33	0.483	matched
1	15	1					gorresio_only
1	15	2	1	16	9	0.821	matched
1	15	3					gorresio_only
1	15	4					gorresio_only
1	15	5	1	16	13	0.545	matched
1	15	6	1	16	15	0.298	fuzzy
1	15	7					gorresio_only
1	15	8					gorresio_only
1	15	10					gorresio_only
1	15	11					gorresio_only
1	15	12					gorresio_only
1	15	13					gorresio_only
1	15	14					gorresio_only
1	15	15	1	16	19	0.297	fuzzy
1	15	16	1	16	23	0.349	fuzzy
1	15	17					gorresio_only
1	15	18					gorresio_only
1	15	20					gorresio_only
1	15	21					gorresio_only
1	15	22					gorresio_only
1	15	23					gorresio_only
1	15	24					gorresio_only
1	16	1					gorresio_only
1	16	2					gorresio_only
1	16	3					gorresio_only
1	16	4					gorresio_only
1	16	5					gorresio_only
1	16	6					gorresio_only
1	16	7					gorresio_only
1	16	8					gorresio_only
1	16	10					gorresio_only
1	16	11					gorresio_only
1	17	1					gorresio_only
1	17	2					gorresio_only
1	17	3					gorresio_only
1	17	4					gorresio_only
1	17	5					gorresio_only
1	17	6					gorresio_only
1	17	7					gorresio_only
1	17	8					gorresio_only
1	17	9					gorresio_only
1	17	10					gorresio_only
1	17	11					gorresio_only
1	17	12					gorresio_only
1	17	13					gorresio_only
1	17	14					gorresio_only
1	17	15					gorresio_only
1	17	16					gorresio_only
1	17	17					gorresio_only
1	17	18					gorresio_only
1	17	19					gorresio_only
1	17	20					gorresio_only
1	17	21					gorresio_only
1	17	22					gorresio_only
1	17	23					gorresio_only
1	17	24					gorresio_only
1	17	25					gorresio_only
1	17	26					gorresio_only
1	17	27					gorresio_only
1	17	28					gorresio_only
1	17	29					gorresio_only
1	18	1					gorresio_only
1	18	2					gorresio_only
1	18	3					gorresio_only
1	18	4					gorresio_only
1	18	5					gorresio_only
1	18	6					gorresio_only
1	18	7					gorresio_only
1	18	8					gorresio_only
1	18	10					gorresio_only
1	18	11					gorresio_only
1	18	12					gorresio_only
1	18	13					gorresio_only
1	18	14					gorresio_only
1	18	15					gorresio_only
1	18	16					gorresio_only
1	18	17					gorresio_only
1	18	18					gorresio_only
1	18	20					gorresio_only
1	18	21					gorresio_only
1	18	22					gorresio_only
1	18	23					gorresio_only
1	18	24					gorresio_only
1	18	25					gorresio_only
1	18	26					gorresio_only
1	18	27					gorresio_only
1	19	1					gorresio_only
1	19	2					gorresio_only
1	19	3					gorresio_only
1	19	4					gorresio_only
1	19	5					gorresio_only
1	19	6					gorresio_only
1	19	7					gorresio_only
1	19	8					gorresio_only
1	19	10					gorresio_only
1	19	11					gorresio_only
1	19	12	1	18	12	0.744	moved
1	19	13					gorresio_only
1	19	15					gorresio_only
1	19	16					gorresio_only
1	19	17					gorresio_only
1	19	18					gorresio_only
1	19	20					gorresio_only
1	19	21					gorresio_only
1	19	22					gorresio_only
1	19	23					gorresio_only
1	19	24					gorresio_only
1	19	25					gorresio_only
1	19	26					gorresio_only
1	19	27					gorresio_only
1	19	28					gorresio_only
1	19	30					gorresio_only
1	19	31					gorresio_only
1	20	1					gorresio_only
1	20	2	1	17	2	0.327	fuzzy
1	20	3	1	17	3	0.713	matched
1	20	4	1	17	4	0.654	matched
1	20	5	1	17	5	0.463	matched
1	20	6					gorresio_only
1	20	7					gorresio_only
1	20	8					gorresio_only
1	20	10					gorresio_only
1	20	11	1	17	19	0.324	fuzzy
1	20	12	1	17	20	0.378	fuzzy
1	20	13					gorresio_only
1	20	14					gorresio_only
1	20	15					gorresio_only
1	20	16					gorresio_only
1	20	17					gorresio_only
1	20	18	1	17	30	0.34	fuzzy
1	20	20	1	17	32	0.655	matched
1	20	21	1	17	33	0.469	matched
1	20	22	1	17	37	0.349	fuzzy
1	21	1					gorresio_only
1	21	2					gorresio_only
1	21	3					gorresio_only
1	21	4					gorresio_only
1	21	5					gorresio_only
1	21	6					gorresio_only
1	21	7					gorresio_only
1	21	8					gorresio_only
1	21	10					gorresio_only
1	21	11					gorresio_only
1	21	12					gorresio_only
1	21	13					gorresio_only
1	21	14					gorresio_only
1	21	15					gorresio_only
1	21	16					gorresio_only
1	21	17					gorresio_only
1	21	18					gorresio_only
1	21	20	1	18	53	0.256	fuzzy
1	21	21					gorresio_only
1	21	22					gorresio_only
1	21	23	1	18	59	0.529	matched
1	22	1	1	19	1	0.774	matched
1	22	2					gorresio_only
1	22	3					gorresio_only
1	22	4					gorresio_only
1	22	5					gorresio_only
1	22	6					gorresio_only
1	22	7					gorresio_only
1	22	8					gorresio_only
1	22	10					gorresio_only
1	22	11					gorresio_only
1	22	12					gorresio_only
1	22	13					gorresio_only
1	22	14					gorresio_only
1	22	15					gorresio_only
1	22	16					gorresio_only
1	22	17					gorresio_only
1	22	18	1	19	17	0.336	fuzzy
1	22	20	1	19	22	0.588	matched
1	23	1					gorresio_only
1	23	2	1	20	2	0.489	matched
1	23	3					gorresio_only
1	23	4					gorresio_only
1	23	5					gorresio_only
1	23	6					gorresio_only
1	23	7					gorresio_only
1	23	8	1	20	9	0.255	fuzzy
1	23	10					gorresio_only
1	23	11					gorresio_only
1	23	12					gorresio_only
1	23	13					gorresio_only
1	23	14					gorresio_only
1	23	15					gorresio_only
1	23	16					gorresio_only
1	23	17					gorresio_only
1	23	18					gorresio_only
1	23	20					gorresio_only
1	23	21					gorresio_only
1	23	22					gorresio_only
1	23	23					gorresio_only
1	23	24					gorresio_only
1	23	25					gorresio_only
1	23	26	1	20	27	0.309	fuzzy
1	24	1	1	21	1	0.697	matched
1	24	2	1	21	2	0.276	fuzzy
1	24	3	1	21	3	0.468	matched
1	24	4					gorresio_only
1	24	5					gorresio_only
1	24	6					gorresio_only
1	24	7					gorresio_only
1	24	8					gorresio_only
1	24	10	1	21	9	0.462	matched
1	24	11	1	21	10	0.324	fuzzy
1	24	12					gorresio_only
1	24	13					gorresio_only
1	24	14	1	21	14	0.302	fuzzy
1	24	15					gorresio_only
1	24	16					gorresio_only
1	24	17					gorresio_only
1	24	18					gorresio_only
1	24	20					gorresio_only
1	25	1					gorresio_only
1	25	2	1	22	2	0.279	fuzzy
1	25	3	1	22	3	0.371	fuzzy
1	25	4	1	22	4	0.465	matched
1	25	5					gorresio_only
1	25	6	1	22	6	0.5	matched
1	25	7					gorresio_only
1	25	8					gorresio_only
1	25	10	1	22	11	0.306	fuzzy
1	25	11					gorresio_only
1	25	12					gorresio_only
1	25	13	1	22	13	0.369	fuzzy
1	25	14					gorresio_only
1	25	15					gorresio_only
1	25	16					gorresio_only
1	25	17					gorresio_only
1	25	18					gorresio_only
1	25	20					gorresio_only
1	25	21					gorresio_only
1	25	22					gorresio_only
1	26	1					gorresio_only
1	26	2					gorresio_only
1	26	3	1	23	3	0.343	fuzzy
1	26	4					gorresio_only
1	26	5					gorresio_only
1	26	6	1	23	6	0.283	fuzzy
1	26	7					gorresio_only
1	26	8	1	23	8	0.472	matched
1	26	10					gorresio_only
1	26	11					gorresio_only
1	26	12					gorresio_only
1	26	13					gorresio_only
1	26	14	1	23	14	0.279	fuzzy
1	26	15					gorresio_only
1	26	16					gorresio_only
1	26	17	1	23	16	0.356	fuzzy
1	26	18	1	23	17	0.38	fuzzy
1	26	20					gorresio_only
1	26	21					gorresio_only
1	27	1	1	24	1	0.523	matched
1	27	2	1	24	2	0.649	matched
1	27	3	1	24	3	0.561	matched
1	27	4	1	24	4	0.48	matched
1	27	5	1	24	6	0.272	fuzzy
1	27	6					gorresio_only
1	27	7					gorresio_only
1	27	8					gorresio_only
1	27	10					gorresio_only
1	27	11					gorresio_only
1	27	12					gorresio_only
1	27	13					gorresio_only
1	27	14					gorresio_only
1	27	15					gorresio_only
1	27	16					gorresio_only
1	27	17					gorresio_only
1	27	18					gorresio_only
1	27	20					gorresio_only
1	27	21	1	24	22	0.307	fuzzy
1	27	22	1	24	23	0.259	fuzzy
1	27	23					gorresio_only
1	27	24					gorresio_only
1	27	25	1	24	27	0.333	fuzzy
1	27	26					gorresio_only
1	27	27					gorresio_only
1	27	28	1	24	31	0.306	fuzzy
1	27	30					gorresio_only
1	28	1					gorresio_only
1	28	2	1	25	2	0.732	matched
1	28	3	1	25	10	0.565	moved
1	28	4	1	25	5	0.379	fuzzy
1	28	5	1	25	6	0.259	fuzzy
1	28	6	1	25	7	0.356	fuzzy
1	28	7	1	25	9	0.485	matched
1	28	10	1	25	12	0.325	fuzzy
1	28	11					gorresio_only
1	28	12	1	25	14	0.27	fuzzy
1	28	13	1	25	15	0.5	matched
1	28	14					gorresio_only
1	28	15	1	25	17	0.304	fuzzy
1	28	16					gorresio_only
1	28	17	1	25	19	0.32	fuzzy
1	28	18					gorresio_only
1	28	20	1	25	21	0.364	fuzzy
1	28	21					gorresio_only
1	29	1	1	26	1	0.403	fuzzy
1	29	2					gorresio_only
1	29	3					gorresio_only
1	29	4	1	26	5	0.284	fuzzy
1	29	5					gorresio_only
1	29	6					gorresio_only
1	29	7					gorresio_only
1	29	8					gorresio_only
1	29	10					gorresio_only
1	29	11					gorresio_only
1	29	12					gorresio_only
1	29	13					gorresio_only
1	29	14					gorresio_only
1	29	15					gorresio_only
1	29	16					gorresio_only
1	29	17					gorresio_only
1	29	18					gorresio_only
1	29	20					gorresio_only
1	29	21					gorresio_only
1	29	22					gorresio_only
1	29	23					gorresio_only
1	29	24	1	26	34	0.342	fuzzy
1	30	1	1	27	1	0.296	fuzzy
1	30	2					gorresio_only
1	30	3					gorresio_only
1	30	4					gorresio_only
1	30	5					gorresio_only
1	30	6					gorresio_only
1	30	7					gorresio_only
1	30	10					gorresio_only
1	30	11	1	27	10	0.371	fuzzy
1	30	12					gorresio_only
1	30	13					gorresio_only
1	30	14	1	27	15	0.291	fuzzy
1	30	15					gorresio_only
1	30	16					gorresio_only
1	30	17					gorresio_only
1	30	18					gorresio_only
1	30	20					gorresio_only
1	30	21					gorresio_only
1	30	22	1	27	22	0.299	fuzzy
1	30	23					gorresio_only
1	30	24					gorresio_only
1	30	25					gorresio_only
1	31	1					gorresio_only
1	31	2	1	28	2	0.278	fuzzy
1	31	3					gorresio_only
1	31	4					gorresio_only
1	31	5	1	28	4	0.255	fuzzy
1	31	6					gorresio_only
1	31	7					gorresio_only
1	31	8					gorresio_only
1	31	10					gorresio_only
1	31	11					gorresio_only
1	31	12					gorresio_only
1	31	13					gorresio_only
1	31	14					gorresio_only
1	31	15					gorresio_only
1	31	16					gorresio_only
1	31	17	1	28	17	0.254	fuzzy
1	31	18					gorresio_only
1	31	20					gorresio_only
1	32	1	1	29	1	0.642	matched
1	32	2	1	29	3	0.33	fuzzy
1	32	3					gorresio_only
1	32	4					gorresio_only
1	32	5					gorresio_only
1	32	6					gorresio_only
1	32	7					gorresio_only
1	32	8					gorresio_only
1	32	10					gorresio_only
1	32	11	1	29	18	0.257	fuzzy
1	32	12					gorresio_only
1	32	13					gorresio_only
1	32	14					gorresio_only
1	32	15					gorresio_only
1	32	16					gorresio_only
1	32	17					gorresio_only
1	32	18	1	29	24	0.351	fuzzy
1	32	20					gorresio_only
1	32	21					gorresio_only
1	32	22	1	29	29	0.327	fuzzy
1	32	23					gorresio_only
1	32	24					gorresio_only
1	33	1					gorresio_only
1	33	2	1	30	2	0.254	fuzzy
1	33	3					gorresio_only
1	33	4	1	30	4	0.264	fuzzy
1	33	5					gorresio_only
1	33	6					gorresio_only
1	33	7					gorresio_only
1	33	8					gorresio_only
1	33	10	1	30	11	0.275	fuzzy
1	33	11					gorresio_only
1	33	12					gorresio_only
1	33	13					gorresio_only
1	33	14					gorresio_only
1	33	15					gorresio_only
1	33	16					gorresio_only
1	33	17	1	30	20	0.324	fuzzy
1	33	18					gorresio_only
1	33	20	1	30	23	0.254	fuzzy
1	33	21					gorresio_only
1	33	22					gorresio_only
1	33	23	1	30	25	0.348	fuzzy
1	33	24	1	30	26	0.294	fuzzy
1	34	1	1	31	1	0.25	fuzzy
1	34	2	1	31	2	0.347	fuzzy
1	34	3					gorresio_only
1	34	4	1	31	4	0.402	fuzzy
1	34	5	1	31	5	0.455	matched
1	34	6					gorresio_only
1	34	7	1	31	7	0.404	fuzzy
1	34	8					gorresio_only
1	34	10					gorresio_only
1	34	11	1	31	11	0.379	fuzzy
1	34	12					gorresio_only
1	34	13					gorresio_only
1	34	14	1	31	15	0.427	fuzzy
1	34	15					gorresio_only
1	34	16					gorresio_only
1	34	17	1	31	18	0.423	fuzzy
1	34	18					gorresio_only
1	34	20	1	31	22	0.288	fuzzy
1	34	21					gorresio_only
1	34	22					gorresio_only
1	34	23					gorresio_only
1	35	1					gorresio_only
1	35	2	1	32	3	0.313	fuzzy
1	35	3	1	32	4	0.271	fuzzy
1	35	4					gorresio_only
1	35	5	1	32	6	0.431	fuzzy
1	35	6					gorresio_only
1	35	7	1	32	9	0.671	matched
1	35	10	1	32	11	0.57	matched
1	35	11					gorresio_only
1	35	12	1	32	13	0.381	fuzzy
1	35	13	1	32	14	0.25	fuzzy
1	35	14	1	32	16	0.324	fuzzy
1	35	15					gorresio_only
1	35	16					gorresio_only
1	35	17					gorresio_only
1	35	18	1	32	21	0.306	fuzzy
1	35	20					gorresio_only
1	35	21	1	32	24	0.481	matched
1	35	22	1	32	25	0.815	matched
1	35	23	1	32	26	0.38	fuzzy
1	35	24	1	33	1	0.844	matched
1	35	25					gorresio_only
1	35	26					gorresio_only
1	35	27					gorresio_only
1	35	28					gorresio_only
1	35	30					gorresio_only
1	35	31					gorresio_only
1	35	32					gorresio_only
1	35	33					gorresio_only
1	35	34					gorresio_only
1	35	35					gorresio_only
1	35	36					gorresio_only
1	35	37					gorresio_only
1	35	38					gorresio_only
1	35	40					gorresio_only
1	35	41					gorresio_only
1	35	42					gorresio_only
1	35	43					gorresio_only
1	35	44					gorresio_only
1	35	45					gorresio_only
1	35	46	1	33	24	0.333	fuzzy
1	35	50					gorresio_only
1	35	51					gorresio_only
1	36	1					gorresio_only
1	36	2	1	34	2	0.336	fuzzy
1	36	3	1	34	3	0.31	fuzzy
1	36	4	1	34	4	0.483	matched
1	36	5	1	34	5	0.333	fuzzy
1	36	6					gorresio_only
1	36	7	1	34	7	0.529	matched
1	36	8	1	34	8	0.337	fuzzy
1	36	9	1	34	9	0.406	fuzzy
1	36	10	1	34	10	0.358	fuzzy
1	36	11	1	34	11	0.562	matched
1	36	12	1	34	12	0.392	fuzzy
1	36	13	1	34	13	0.644	matched
1	36	14	1	34	14	0.364	fuzzy
1	36	15	1	34	15	0.759	matched
1	36	16					gorresio_only
1	36	17					gorresio_only
1	36	18					gorresio_only
1	36	19	1	34	19	0.304	fuzzy
1	37	1	1	35	1	0.317	fuzzy
1	37	3					gorresio_only
1	37	4	1	35	4	0.45	matched
1	37	5					gorresio_only
1	37	6	1	35	9	0.485	moved
1	37	7	1	35	7	0.515	matched
1	37	8	1	35	8	0.547	matched
1	37	10	1	35	10	0.475	matched
1	37	11	1	35	11	0.358	fuzzy
1	37	12	1	35	12	0.387	fuzzy
1	37	13	1	35	13	0.379	fuzzy
1	37	14	1	35	14	0.423	fuzzy
1	37	15	1	35	15	0.381	fuzzy
1	37	16					gorresio_only
1	37	17					gorresio_only
1	37	18	1	35	18	0.339	fuzzy
1	37	20	1	35	20	0.256	fuzzy
1	37	21	1	35	21	0.469	matched
1	37	22	1	35	22	0.284	fuzzy
1	37	23					gorresio_only
1	38	1					gorresio_only
1	38	2					gorresio_only
1	38	3					gorresio_only
1	38	4					gorresio_only
1	38	5	1	36	4	0.357	fuzzy
1	38	6					gorresio_only
1	38	7	1	36	6	0.288	fuzzy
1	38	8					gorresio_only
1	38	10					gorresio_only
1	38	11	1	36	9	0.337	fuzzy
1	38	12					gorresio_only
1	38	13					gorresio_only
1	38	14					gorresio_only
1	38	15					gorresio_only
1	38	16	1	36	15	0.396	fuzzy
1	38	17					gorresio_only
1	38	18					gorresio_only
1	38	20					gorresio_only
1	38	21	1	36	16	0.257	fuzzy
1	38	22	1	36	17	0.289	fuzzy
1	38	23	1	36	18	0.325	fuzzy
1	38	24					gorresio_only
1	38	25	1	36	21	0.33	fuzzy
1	38	26					gorresio_only
1	38	27	1	36	23	0.3	fuzzy
1	38	28	1	36	24	0.408	fuzzy
1	38	29					gorresio_only
1	38	30	1	36	26	0.438	fuzzy
1	38	31	1	36	27	0.644	matched
1	39	1	1	37	1	0.279	fuzzy
1	39	2	1	37	2	0.495	matched
1	39	3	1	37	3	0.473	matched
1	39	4	1	37	4	0.304	fuzzy
1	39	5	1	37	5	0.287	fuzzy
1	39	6	1	37	9	0.269	fuzzy
1	39	7					gorresio_only
1	39	8					gorresio_only
1	39	10					gorresio_only
1	39	11					gorresio_only
1	39	12					gorresio_only
1	39	13					gorresio_only
1	39	14					gorresio_only
1	39	15					gorresio_only
1	39	16					gorresio_only
1	39	17					gorresio_only
1	39	18	1	37	19	0.266	fuzzy
1	39	20					gorresio_only
1	39	21					gorresio_only
1	39	22					gorresio_only
1	39	23	1	37	23	0.387	fuzzy
1	39	24					gorresio_only
1	39	25	1	37	25	0.369	fuzzy
1	39	26	1	37	29	0.425	fuzzy
1	39	28					gorresio_only
1	39	30	1	37	30	0.558	matched
1	39	31					gorresio_only
1	39	32					gorresio_only
1	40	1	1	38	1	0.27	fuzzy
1	40	2	1	38	2	0.72	matched
1	40	3					gorresio_only
1	40	4					gorresio_only
1	40	5	1	38	5	0.471	matched
1	40	6	1	38	6	0.596	matched
1	40	7	1	38	7	0.348	fuzzy
1	40	8	1	38	8	0.438	fuzzy
1	40	10	1	38	10	0.274	fuzzy
1	40	11					gorresio_only
1	40	12					gorresio_only
1	40	13	1	38	13	0.345	fuzzy
1	40	14	1	38	14	0.42	fuzzy
1	40	15	1	38	15	0.387	fuzzy
1	40	16					gorresio_only
1	40	17	1	38	17	0.311	fuzzy
1	40	18	1	38	18	0.571	matched
1	40	20	1	38	22	0.294	fuzzy
1	40	21	1	38	23	0.32	fuzzy
1	40	22					gorresio_only
1	40	23					gorresio_only
1	41	1	1	39	1	0.656	matched
1	41	2	1	39	2	0.319	fuzzy
1	41	3					gorresio_only
1	41	4					gorresio_only
1	41	5					gorresio_only
1	41	6					gorresio_only
1	41	7					gorresio_only
1	41	8					gorresio_only
1	41	9					gorresio_only
1	41	10					gorresio_only
1	41	11	1	39	11	0.262	fuzzy
1	41	12					gorresio_only
1	41	13					gorresio_only
1	41	14					gorresio_only
1	41	15					gorresio_only
1	41	16					gorresio_only
1	41	17	1	39	16	0.722	matched
1	41	18					gorresio_only
1	41	19					gorresio_only
1	41	20	1	39	18	0.387	fuzzy
1	41	21					gorresio_only
1	41	22					gorresio_only
1	41	23					gorresio_only
1	41	24	1	39	22	0.377	fuzzy
1	41	25	1	39	23	0.495	matched
1	41	26	1	39	24	0.303	fuzzy
1	41	27	1	39	25	0.297	fuzzy
1	41	28	1	39	26	0.443	fuzzy
1	41	29					gorresio_only
1	42	1					gorresio_only
1	42	2					gorresio_only
1	42	3	1	40	4	0.307	fuzzy
1	42	4	1	40	5	0.26	fuzzy
1	42	5	1	40	6	0.296	fuzzy
1	42	6					gorresio_only
1	42	7					gorresio_only
1	42	8					gorresio_only
1	42	10					gorresio_only
1	42	11	1	40	12	0.25	fuzzy
1	42	12	1	40	13	0.402	fuzzy
1	42	13					gorresio_only
1	42	14					gorresio_only
1	42	15					gorresio_only
1	42	16					gorresio_only
1	42	17					gorresio_only
1	42	18					gorresio_only
1	42	19	1	40	20	0.257	fuzzy
1	42	20					gorresio_only
1	42	21	1	40	22	0.28	fuzzy
1	42	22					gorresio_only
1	42	23					gorresio_only
1	42	24					gorresio_only
1	42	25	1	40	28	0.268	fuzzy
1	42	26	1	40	30	0.407	fuzzy
1	43	1	1	41	1	0.636	matched
1	43	2					gorresio_only
1	43	3					gorresio_only
1	43	4					gorresio_only
1	43	5	1	41	5	0.35	fuzzy
1	43	6					gorresio_only
1	43	7					gorresio_only
1	43	8	1	41	8	0.459	matched
1	43	10	1	41	10	0.49	matched
1	43	11					gorresio_only
1	43	12	1	41	12	0.805	matched
1	43	13					gorresio_only
1	43	14					gorresio_only
1	43	15	1	41	15	0.527	matched
1	43	16					gorresio_only
1	43	17	1	41	17	0.819	matched
1	43	18	1	41	18	0.358	fuzzy
1	43	20					gorresio_only
1	43	21					gorresio_only
1	43	22	1	41	21	0.33	fuzzy
1	43	23	1	41	22	0.423	fuzzy
1	43	24	1	41	23	0.404	fuzzy
1	43	25					gorresio_only
1	43	26	1	41	25	0.622	matched
1	43	27	1	41	26	0.263	fuzzy
1	44	1	1	42	1	0.31	fuzzy
1	44	2	1	42	2	0.724	matched
1	44	3					gorresio_only
1	44	4					gorresio_only
1	44	5					gorresio_only
1	44	6					gorresio_only
1	44	7	1	42	9	0.272	fuzzy
1	44	8	1	42	10	0.333	fuzzy
1	44	10					gorresio_only
1	44	11					gorresio_only
1	44	12					gorresio_only
1	44	13					gorresio_only
1	44	14					gorresio_only
1	44	15	1	42	17	0.268	fuzzy
1	44	16	1	42	21	0.611	matched
1	44	17					gorresio_only
1	44	18					gorresio_only
1	44	20	1	42	22	0.312	fuzzy
1	44	21					gorresio_only
1	44	22					gorresio_only
1	44	23					gorresio_only
1	44	24					gorresio_only
1	44	25					gorresio_only
1	45	1					gorresio_only
1	45	2					gorresio_only
1	45	3	1	43	2	0.517	matched
1	45	4	1	43	3	0.295	fuzzy
1	45	5					gorresio_only
1	45	6					gorresio_only
1	45	7					gorresio_only
1	45	8					gorresio_only
1	45	10					gorresio_only
1	45	11					gorresio_only
1	45	12	1	43	17	0.307	fuzzy
1	45	13	1	43	19	0.333	fuzzy
1	45	14	1	43	20	0.367	fuzzy
1	45	15					gorresio_only
1	45	16					gorresio_only
1	45	17					gorresio_only
1	45	18	1	43	22	0.505	matched
1	45	20	1	43	25	0.287	fuzzy
1	45	21					gorresio_only
1	45	22	1	43	27	0.273	fuzzy
1	45	23					gorresio_only
1	45	24					gorresio_only
1	45	25					gorresio_only
1	45	26	1	43	32	0.578	moved
1	45	27					gorresio_only
1	45	28	1	43	31	0.283	fuzzy
1	45	30	1	43	33	0.709	matched
1	45	31	1	44	1	0.271	fuzzy
1	45	32					gorresio_only
1	45	33					gorresio_only
1	45	34					gorresio_only
1	45	35					gorresio_only
1	45	36					gorresio_only
1	45	37					gorresio_only
1	45	38					gorresio_only
1	45	40					gorresio_only
1	45	41					gorresio_only
1	45	42					gorresio_only
1	45	43					gorresio_only
1	45	44	1	44	7	0.706	matched
1	45	45	1	44	8	0.544	matched
1	45	46	1	44	9	0.449	fuzzy
1	45	47	1	44	10	0.484	matched
1	45	48	1	44	11	0.723	matched
1	45	49	1	44	12	0.581	matched
1	45	50	1	44	13	0.327	fuzzy
1	45	51	1	44	14	0.872	matched
1	45	52	1	44	15	0.33	fuzzy
1	45	53					gorresio_only
1	45	54					gorresio_only
1	45	55	1	44	19	0.298	fuzzy
1	45	56	1	44	20	0.62	matched
1	45	57	1	44	22	0.257	fuzzy
1	46	1	1	45	1	0.333	fuzzy
1	46	2	1	45	2	0.286	fuzzy
1	46	3					gorresio_only
1	46	4	1	45	4	0.27	fuzzy
1	46	5	1	45	5	0.33	fuzzy
1	46	6					gorresio_only
1	46	8					gorresio_only
1	46	10	1	45	10	0.292	fuzzy
1	46	11	1	45	11	0.271	fuzzy
1	46	12	1	45	12	0.349	fuzzy
1	46	13					gorresio_only
1	46	14					gorresio_only
1	46	15	1	45	15	0.422	fuzzy
1	46	16					gorresio_only
1	46	17	1	45	17	0.261	fuzzy
1	46	20					gorresio_only
1	46	21	1	45	18	0.31	fuzzy
1	46	22	1	45	33	0.443	fuzzy
1	46	23					gorresio_only
1	46	24	1	45	34	0.297	fuzzy
1	46	25					gorresio_only
1	46	26					gorresio_only
1	46	27	1	45	37	0.44	fuzzy
1	46	28					gorresio_only
1	46	30					gorresio_only
1	46	31					gorresio_only
1	46	32					gorresio_only
1	46	33					gorresio_only
1	46	34					gorresio_only
1	46	35					gorresio_only
1	47	1	1	46	1	0.367	fuzzy
1	47	2	1	46	2	0.455	matched
1	47	3	1	46	3	0.343	fuzzy
1	47	4	1	46	4	0.821	matched
1	47	5	1	46	5	0.702	matched
1	47	6					gorresio_only
1	47	7	1	46	8	0.274	fuzzy
1	47	8					gorresio_only
1	47	10					gorresio_only
1	47	11	1	46	12	0.282	fuzzy
1	47	12					gorresio_only
1	47	13					gorresio_only
1	47	14					gorresio_only
1	47	15					gorresio_only
1	47	16	1	46	19	0.475	matched
1	47	17					gorresio_only
1	47	18					gorresio_only
1	47	20	1	46	20	0.287	fuzzy
1	47	21	1	46	21	0.516	matched
1	47	22	1	46	22	0.263	fuzzy
1	47	23					gorresio_only
1	48	1					gorresio_only
1	48	2	1	47	2	0.279	fuzzy
1	48	3					gorresio_only
1	48	4					gorresio_only
1	48	5					gorresio_only
1	48	6					gorresio_only
1	48	7					gorresio_only
1	48	8					gorresio_only
1	48	10					gorresio_only
1	48	11	1	47	8	0.277	audit-rejected
1	48	12	1	47	10	1.0	matched
1	48	13	1	47	11	0.656	matched
1	48	14	1	47	12	0.327	fuzzy
1	48	15	1	47	13	0.524	matched
1	48	16					gorresio_only
1	48	17					gorresio_only
1	48	18	1	47	16	0.34	fuzzy
1	48	20	1	47	18	0.294	fuzzy
1	48	21	1	47	19	0.31	fuzzy
1	48	22					gorresio_only
1	48	23					gorresio_only
1	48	24	1	47	22	0.798	matched
1	48	25					gorresio_only
1	48	26					gorresio_only
1	49	1	1	48	9	0.57	moved
1	49	2					gorresio_only
1	49	3					gorresio_only
1	49	4	1	48	3	0.295	fuzzy
1	49	5					gorresio_only
1	49	6	1	50	21	0.515	moved
1	49	7	1	48	7	0.438	fuzzy
1	49	8	1	48	8	0.267	fuzzy
1	49	10	1	48	10	0.276	fuzzy
1	49	11	1	48	11	0.372	fuzzy
1	49	12	1	48	12	0.281	fuzzy
1	49	13					gorresio_only
1	49	14	1	48	14	0.342	fuzzy
1	49	15					gorresio_only
1	49	16					gorresio_only
1	49	17	1	48	17	0.297	fuzzy
1	49	18					gorresio_only
1	49	20	1	48	20	0.322	fuzzy
1	49	21	1	48	21	0.562	matched
1	49	22					gorresio_only
1	49	23	1	48	23	0.324	fuzzy
1	49	24					gorresio_only
1	49	25					gorresio_only
1	49	26					gorresio_only
1	49	27					gorresio_only
1	49	28					gorresio_only
1	49	30					gorresio_only
1	49	31	1	48	31	0.256	fuzzy
1	49	32					gorresio_only
1	49	33					gorresio_only
1	49	34					gorresio_only
1	50	1	1	49	1	0.418	fuzzy
1	50	2	1	49	2	0.342	fuzzy
1	50	3					gorresio_only
1	50	4	1	49	4	0.532	matched
1	50	5	1	49	5	0.267	fuzzy
1	50	6	1	49	6	0.25	fuzzy
1	50	7	1	49	7	0.271	fuzzy
1	50	8					gorresio_only
1	50	10	1	49	9	0.268	fuzzy
1	50	11	1	49	10	0.434	fuzzy
1	50	12					gorresio_only
1	50	13	1	49	12	0.394	fuzzy
1	50	14	1	49	13	0.263	fuzzy
1	50	15	1	49	14	0.841	matched
1	50	16					gorresio_only
1	50	17	1	49	16	0.772	matched
1	50	18					gorresio_only
1	50	20	1	49	19	0.291	fuzzy
1	50	21	1	49	20	0.25	fuzzy
1	50	22					gorresio_only
1	50	23					gorresio_only
1	50	24	1	49	22	0.362	fuzzy
1	51	1					gorresio_only
1	51	2					gorresio_only
1	51	3	1	50	3	0.276	fuzzy
1	51	4					gorresio_only
1	51	5	1	50	5	0.5	matched
1	51	6	1	50	6	0.442	fuzzy
1	51	7					gorresio_only
1	51	8					gorresio_only
1	51	10	1	50	10	0.292	fuzzy
1	51	11					gorresio_only
1	51	12					gorresio_only
1	51	13					gorresio_only
1	51	14					gorresio_only
1	51	15					gorresio_only
1	51	16					gorresio_only
1	51	17					gorresio_only
1	51	18					gorresio_only
1	51	20	1	50	22	0.585	matched
1	51	21	1	50	23	0.398	fuzzy
1	51	22					gorresio_only
1	51	23	1	50	25	0.743	matched
1	52	1	1	51	1	0.519	matched
1	52	2	1	51	2	0.49	matched
1	52	3	1	51	3	0.294	fuzzy
1	52	4	1	51	4	0.32	fuzzy
1	52	5					gorresio_only
1	52	6	1	51	8	0.44	fuzzy
1	52	7					gorresio_only
1	52	8					gorresio_only
1	52	10	1	51	10	0.505	matched
1	52	11	1	51	11	0.342	fuzzy
1	52	12	1	51	12	0.614	matched
1	52	13					gorresio_only
1	52	14					gorresio_only
1	52	15					gorresio_only
1	52	16	1	51	19	0.467	moved
1	52	17	1	51	17	0.423	fuzzy
1	52	18	1	51	18	0.732	matched
1	52	20	1	51	20	0.284	fuzzy
1	52	21	1	51	21	0.662	matched
1	52	22	1	51	22	0.294	fuzzy
1	52	23	1	51	23	0.679	matched
1	52	24					gorresio_only
1	52	25					gorresio_only
1	52	26					gorresio_only
1	52	27	1	51	28	0.357	fuzzy
1	53	1	1	52	1	0.717	matched
1	53	2	1	52	2	0.281	fuzzy
1	53	3	1	52	3	0.722	matched
1	53	4	1	52	4	0.471	matched
1	53	5	1	52	5	0.636	matched
1	53	6	1	52	9	0.505	moved
1	53	7	1	52	7	0.818	matched
1	53	8	1	52	8	1.0	matched
1	53	10	1	52	10	0.557	matched
1	53	11	1	52	11	0.495	matched
1	53	12	1	52	12	0.574	matched
1	53	13	1	52	13	0.707	matched
1	53	14	1	52	14	0.567	matched
1	53	15	1	52	15	0.557	matched
1	53	16	1	52	19	0.783	moved
1	53	17	1	52	17	0.413	fuzzy
1	53	18	1	52	18	0.596	matched
1	53	20	1	52	20	0.48	matched
1	53	21	1	52	21	0.472	matched
1	53	22					gorresio_only
1	53	23					gorresio_only
1	54	1	1	53	1	0.648	matched
1	54	2	1	53	2	0.431	fuzzy
1	54	3	1	53	3	0.275	fuzzy
1	54	4	1	53	4	0.474	matched
1	54	5	1	53	5	0.589	matched
1	54	6	1	53	7	0.292	fuzzy
1	54	7					gorresio_only
1	54	8					gorresio_only
1	54	10	1	53	8	0.298	fuzzy
1	54	11					gorresio_only
1	54	12	1	53	10	0.376	fuzzy
1	54	13					gorresio_only
1	54	14	1	53	12	0.259	fuzzy
1	54	15	1	53	13	0.294	fuzzy
1	54	16					gorresio_only
1	54	17					gorresio_only
1	54	18	1	53	17	0.276	fuzzy
1	54	20					gorresio_only
1	54	21	1	53	19	0.644	matched
1	54	22	1	53	20	0.807	matched
1	54	23	1	53	22	0.449	fuzzy
1	54	24	1	53	23	1.0	matched
1	54	25	1	53	24	0.648	matched
1	54	26	1	53	25	0.81	matched
1	55	1	1	54	1	0.342	fuzzy
1	55	2	1	54	2	0.541	matched
1	55	3	1	54	9	0.495	moved
1	55	4	1	54	4	0.742	matched
1	55	5	1	54	5	0.412	fuzzy
1	55	6	1	54	6	0.34	fuzzy
1	55	7					gorresio_only
1	55	8	1	54	8	0.5	matched
1	55	10	1	54	10	0.688	matched
1	55	11	1	54	11	0.644	matched
1	55	12	1	54	12	0.369	fuzzy
1	55	13	1	54	13	0.838	matched
1	55	14	1	54	14	0.477	matched
1	55	15	1	54	15	0.64	matched
1	55	16					gorresio_only
1	55	17	1	54	17	0.568	matched
1	55	18	1	54	18	0.252	fuzzy
1	55	20	1	54	21	0.263	fuzzy
1	55	21					gorresio_only
1	55	22					gorresio_only
1	55	23					gorresio_only
1	56	1	1	55	1	0.518	matched
1	56	2	1	55	2	0.39	fuzzy
1	56	3	1	55	3	0.614	matched
1	56	4	1	55	4	0.711	matched
1	56	5	1	55	5	1.0	matched
1	56	6	1	55	9	0.833	moved
1	56	7	1	55	7	0.919	matched
1	56	8	1	55	8	0.433	fuzzy
1	56	10	1	55	10	0.478	matched
1	56	11	1	55	11	0.446	fuzzy
1	56	12	1	55	12	0.362	fuzzy
1	56	13	1	55	13	0.288	fuzzy
1	56	14	1	55	14	0.659	matched
1	56	15	1	55	15	0.688	matched
1	56	16					gorresio_only
1	56	17	1	55	17	0.549	matched
1	56	18	1	55	18	0.557	matched
1	56	20	1	55	20	0.352	fuzzy
1	56	21	1	55	21	0.384	fuzzy
1	56	22	1	55	22	0.628	matched
1	56	23	1	55	23	0.339	fuzzy
1	56	24	1	55	24	0.726	matched
1	56	25	1	55	25	0.536	matched
1	56	26	1	55	26	0.747	matched
1	56	27	1	55	27	0.475	matched
1	56	28	1	55	28	0.419	fuzzy
1	57	1	1	56	1	0.574	matched
1	57	2	1	56	3	0.27	fuzzy
1	57	3					gorresio_only
1	57	4	1	56	4	0.308	fuzzy
1	57	5	1	56	6	0.301	fuzzy
1	57	6					gorresio_only
1	57	7					gorresio_only
1	57	8					gorresio_only
1	57	10	1	56	8	0.388	fuzzy
1	57	11	1	56	10	0.308	fuzzy
1	57	12	1	56	13	0.271	fuzzy
1	57	13					gorresio_only
1	57	14					gorresio_only
1	57	15	1	56	15	0.311	fuzzy
1	57	16					gorresio_only
1	57	17	1	56	17	0.371	fuzzy
1	57	18	1	56	19	0.289	fuzzy
1	57	20					gorresio_only
1	57	21	1	56	21	0.291	fuzzy
1	57	22					gorresio_only
1	57	23	1	56	23	0.317	fuzzy
1	57	24					gorresio_only
1	57	25					gorresio_only
1	58	1					gorresio_only
1	58	2					gorresio_only
1	58	3					gorresio_only
1	58	4					gorresio_only
1	58	5					gorresio_only
1	58	6					gorresio_only
1	58	7					gorresio_only
1	59	1					gorresio_only
1	59	2					gorresio_only
1	59	3	1	57	6	0.264	fuzzy
1	59	4	1	57	8	0.256	fuzzy
1	59	5					gorresio_only
1	59	6	1	57	10	0.33	fuzzy
1	59	7					gorresio_only
1	59	8	1	57	11	0.271	fuzzy
1	59	9					gorresio_only
1	59	10	1	57	13	0.375	fuzzy
1	59	11					gorresio_only
1	59	12					gorresio_only
1	59	13					gorresio_only
1	59	14					gorresio_only
1	59	15	1	57	18	0.756	matched
1	59	16	1	57	19	0.404	fuzzy
1	59	17	1	57	20	0.535	matched
1	59	18	1	57	21	0.742	matched
1	59	19	1	57	22	0.303	fuzzy
1	60	1	1	58	1	0.628	matched
1	60	2	1	58	2	0.33	fuzzy
1	60	3					gorresio_only
1	60	4	1	58	3	0.38	fuzzy
1	60	5	1	58	4	0.289	fuzzy
1	60	6					gorresio_only
1	60	7					gorresio_only
1	60	8					gorresio_only
1	60	10					gorresio_only
1	60	11					gorresio_only
1	60	12					gorresio_only
1	60	13					gorresio_only
1	60	14					gorresio_only
1	60	15					gorresio_only
1	60	16					gorresio_only
1	60	17					gorresio_only
1	60	18	1	58	16	0.361	fuzzy
1	60	20	1	58	17	0.29	fuzzy
1	60	21	1	58	18	0.396	fuzzy
1	60	22					gorresio_only
1	60	23	1	58	21	0.277	fuzzy
1	60	24					gorresio_only
1	60	25					gorresio_only
1	60	26	1	58	23	0.288	fuzzy
1	60	27	1	58	24	0.609	matched
1	61	1	1	59	1	0.26	fuzzy
1	61	2	1	59	2	0.596	matched
1	61	3					gorresio_only
1	61	4					gorresio_only
1	61	5					gorresio_only
1	61	6					gorresio_only
1	61	7					gorresio_only
1	61	8					gorresio_only
1	61	10					gorresio_only
1	61	11					gorresio_only
1	61	12					gorresio_only
1	61	13					gorresio_only
1	61	14					gorresio_only
1	61	15	1	59	15	0.268	fuzzy
1	61	16	1	59	19	0.333	fuzzy
1	61	17					gorresio_only
1	61	18					gorresio_only
1	61	20					gorresio_only
1	61	21					gorresio_only
1	61	22	1	59	21	0.324	fuzzy
1	61	23	1	59	22	0.293	fuzzy
1	62	1					gorresio_only
1	62	2	1	60	2	0.297	fuzzy
1	62	3					gorresio_only
1	62	4					gorresio_only
1	62	5					gorresio_only
1	62	6					gorresio_only
1	62	7					gorresio_only
1	62	8	1	60	7	0.391	audit-rejected
1	62	10					gorresio_only
1	62	11					gorresio_only
1	62	12	1	60	12	0.571	matched
1	62	13	1	60	13	0.811	matched
1	62	14	1	60	14	0.276	fuzzy
1	62	15	1	60	15	0.34	fuzzy
1	62	16					gorresio_only
1	62	17	1	60	17	0.656	matched
1	62	18	1	60	18	0.369	fuzzy
1	62	20					gorresio_only
1	62	21	1	60	21	0.314	fuzzy
1	62	22					gorresio_only
1	62	23					gorresio_only
1	62	24	1	60	24	0.722	matched
1	62	25	1	60	25	0.356	fuzzy
1	62	26					gorresio_only
1	62	27	1	60	26	0.336	fuzzy
1	62	28	1	60	27	0.417	fuzzy
1	62	30	1	60	29	0.26	fuzzy
1	62	31					gorresio_only
1	62	32					gorresio_only
1	62	33					gorresio_only
1	62	34	1	60	34	0.333	fuzzy
1	63	1					gorresio_only
1	63	2	1	61	2	0.419	fuzzy
1	63	3	1	61	3	0.38	fuzzy
1	63	4	1	61	4	0.443	fuzzy
1	63	5					gorresio_only
1	63	6	1	61	8	0.391	fuzzy
1	63	7					gorresio_only
1	63	8					gorresio_only
1	63	10					gorresio_only
1	63	11	1	61	10	0.357	fuzzy
1	63	12					gorresio_only
1	63	13					gorresio_only
1	63	14					gorresio_only
1	63	15					gorresio_only
1	63	16	1	61	17	0.42	fuzzy
1	63	17					gorresio_only
1	63	18					gorresio_only
1	63	20					gorresio_only
1	63	21	1	61	20	0.325	fuzzy
1	63	22					gorresio_only
1	63	23					gorresio_only
1	63	24	1	61	23	0.311	fuzzy
1	64	1	1	62	1	0.302	fuzzy
1	64	2	1	62	2	0.515	matched
1	64	3	1	62	10	0.489	moved
1	64	4					gorresio_only
1	64	5					gorresio_only
1	64	6	1	62	7	0.446	fuzzy
1	64	7	1	62	8	0.273	fuzzy
1	64	8	1	62	9	0.343	fuzzy
1	64	10					gorresio_only
1	64	11					gorresio_only
1	64	12					gorresio_only
1	64	13					gorresio_only
1	64	14					gorresio_only
1	64	15					gorresio_only
1	64	16					gorresio_only
1	64	17	1	62	17	0.274	fuzzy
1	64	18					gorresio_only
1	64	20					gorresio_only
1	64	21					gorresio_only
1	64	22					gorresio_only
1	64	23	1	62	23	0.383	fuzzy
1	64	24	1	62	24	0.316	fuzzy
1	64	25					gorresio_only
1	64	26	1	62	26	0.273	fuzzy
1	64	27					gorresio_only
1	64	28					gorresio_only
1	64	29					gorresio_only
1	65	1	1	63	1	0.421	fuzzy
1	65	2	1	63	2	0.291	fuzzy
1	65	3					gorresio_only
1	65	4					gorresio_only
1	65	5					gorresio_only
1	65	6					gorresio_only
1	65	7					gorresio_only
1	65	8					gorresio_only
1	65	10					gorresio_only
1	65	11					gorresio_only
1	65	12	1	63	8	0.282	fuzzy
1	65	13					gorresio_only
1	65	14					gorresio_only
1	65	15					gorresio_only
1	65	16					gorresio_only
1	65	17					gorresio_only
1	65	18					gorresio_only
1	65	20	1	63	17	0.308	fuzzy
1	65	21					gorresio_only
1	65	22					gorresio_only
1	65	23					gorresio_only
1	65	24	1	63	19	0.256	fuzzy
1	65	25					gorresio_only
1	65	26					gorresio_only
1	65	27					gorresio_only
1	65	28					gorresio_only
1	65	30					gorresio_only
1	65	31					gorresio_only
1	65	32					gorresio_only
1	65	33	1	63	26	0.422	fuzzy
1	66	1					gorresio_only
1	66	2	1	64	2	0.263	fuzzy
1	66	3					gorresio_only
1	66	4					gorresio_only
1	66	5					gorresio_only
1	66	6					gorresio_only
1	66	7					gorresio_only
1	66	8					gorresio_only
1	66	10					gorresio_only
1	66	11					gorresio_only
1	66	12					gorresio_only
1	66	13					gorresio_only
1	66	14					gorresio_only
1	66	15					gorresio_only
1	66	16					gorresio_only
1	66	17					gorresio_only
1	66	18					gorresio_only
1	66	20	1	65	1	0.254	fuzzy
1	66	21					gorresio_only
1	67	1					gorresio_only
1	67	2					gorresio_only
1	67	3					gorresio_only
1	67	4	1	65	11	0.336	fuzzy
1	67	5	1	65	12	0.5	matched
1	67	6	1	65	13	0.434	fuzzy
1	67	7	1	65	14	0.374	fuzzy
1	67	8					gorresio_only
1	67	10					gorresio_only
1	67	11					gorresio_only
1	67	12					gorresio_only
1	67	13					gorresio_only
1	67	14					gorresio_only
1	67	15					gorresio_only
1	67	16	1	65	27	0.26	fuzzy
1	67	17					gorresio_only
1	67	18					gorresio_only
1	67	20					gorresio_only
1	67	21	1	65	30	0.377	fuzzy
1	67	22	1	65	31	0.327	fuzzy
1	67	23					gorresio_only
1	67	24					gorresio_only
1	67	25	1	65	34	0.886	matched
1	67	26					gorresio_only
1	67	27	1	65	36	1.0	matched
1	67	28	1	65	37	0.5	matched
1	67	30	1	65	40	0.707	matched
1	68	1	1	66	1	0.616	matched
1	68	2	1	66	2	0.787	matched
1	68	3	1	66	3	0.586	matched
1	68	4	1	66	4	0.495	matched
1	68	5	1	66	5	0.68	matched
1	68	6					gorresio_only
1	68	7					gorresio_only
1	68	8	1	66	8	0.433	fuzzy
1	68	10	1	66	10	0.557	matched
1	68	11					gorresio_only
1	68	12					gorresio_only
1	68	13	1	66	12	0.25	fuzzy
1	68	14					gorresio_only
1	68	15					gorresio_only
1	68	16					gorresio_only
1	68	17					gorresio_only
1	68	18					gorresio_only
1	68	20					gorresio_only
1	68	21					gorresio_only
1	68	22					gorresio_only
1	68	23					gorresio_only
1	68	24					gorresio_only
1	68	25					gorresio_only
1	69	1	1	67	1	0.49	matched
1	69	2					gorresio_only
1	69	3					gorresio_only
1	69	4					gorresio_only
1	69	5	1	67	5	0.429	fuzzy
1	69	6					gorresio_only
1	69	7					gorresio_only
1	69	8					gorresio_only
1	69	10					gorresio_only
1	69	11					gorresio_only
1	69	12					gorresio_only
1	69	13					gorresio_only
1	69	14	1	67	13	0.415	fuzzy
1	69	15	1	67	14	0.291	fuzzy
1	69	16					gorresio_only
1	69	18					gorresio_only
1	69	20					gorresio_only
1	69	21	1	67	20	0.382	fuzzy
1	69	22	1	67	21	0.287	fuzzy
1	69	23	1	67	22	0.679	matched
1	69	24					gorresio_only
1	69	25					gorresio_only
1	69	26	1	67	25	0.327	fuzzy
1	69	28					gorresio_only
1	70	1	1	68	1	0.612	matched
1	70	2					gorresio_only
1	70	3	1	68	8	0.319	fuzzy
1	70	4					gorresio_only
1	70	5					gorresio_only
1	70	6					gorresio_only
1	70	7					gorresio_only
1	70	8					gorresio_only
1	70	10	1	68	9	0.471	matched
1	70	11	1	68	10	0.44	fuzzy
1	70	12					gorresio_only
1	70	13	1	68	12	0.252	fuzzy
1	70	14	1	68	13	0.345	fuzzy
1	70	15					gorresio_only
1	70	16					gorresio_only
1	70	17	1	68	16	0.261	fuzzy
1	70	18					gorresio_only
1	70	20					gorresio_only
1	71	1	1	69	1	0.379	fuzzy
1	71	2	1	69	2	0.39	fuzzy
1	71	3	1	69	3	0.465	matched
1	71	4	1	69	4	0.52	matched
1	71	5	1	69	5	0.396	fuzzy
1	71	6					gorresio_only
1	71	7					gorresio_only
1	71	8					gorresio_only
1	71	10					gorresio_only
1	71	11					gorresio_only
1	71	12					gorresio_only
1	71	13					gorresio_only
1	71	14					gorresio_only
1	71	15					gorresio_only
1	71	16					gorresio_only
1	71	17					gorresio_only
1	71	18	1	69	16	0.32	fuzzy
1	71	20					gorresio_only
1	71	21					gorresio_only
1	71	22					gorresio_only
1	71	23					gorresio_only
1	71	24					gorresio_only
1	71	25					gorresio_only
1	71	26					gorresio_only
1	72	1	1	70	1	0.325	fuzzy
1	72	2					gorresio_only
1	72	3	1	70	3	0.422	fuzzy
1	72	4					gorresio_only
1	72	5					gorresio_only
1	72	6					gorresio_only
1	72	7					gorresio_only
1	72	8					gorresio_only
1	72	10					gorresio_only
1	72	11					gorresio_only
1	72	12	1	70	14	0.294	fuzzy
1	72	13					gorresio_only
1	72	15					gorresio_only
1	72	16					gorresio_only
1	72	17	1	70	20	0.309	fuzzy
1	72	18					gorresio_only
1	72	20	1	70	39	0.705	moved
1	72	21	1	70	24	0.587	matched
1	72	22	1	70	25	0.557	matched
1	72	23					gorresio_only
1	72	24	1	70	27	0.714	matched
1	72	25					gorresio_only
1	72	26	1	70	41	0.607	moved
1	72	28	1	70	40	0.5	matched
1	72	30	1	70	42	0.478	matched
1	72	31	1	70	43	0.324	fuzzy
1	72	32					gorresio_only
1	72	33					gorresio_only
1	72	34	1	70	45	0.412	fuzzy
1	72	35					gorresio_only
1	72	36					gorresio_only
1	73	1					gorresio_only
1	73	2	1	71	3	0.936	matched
1	73	3	1	71	4	0.352	fuzzy
1	73	4					gorresio_only
1	73	5	1	71	6	0.32	fuzzy
1	73	6					gorresio_only
1	73	7	1	71	8	0.317	fuzzy
1	73	8	1	71	9	0.732	matched
1	73	10					gorresio_only
1	73	11					gorresio_only
1	73	12	1	71	13	0.602	matched
1	73	13					gorresio_only
1	73	14	1	71	15	0.27	fuzzy
1	73	15	1	71	16	0.398	fuzzy
1	73	16					gorresio_only
1	73	17					gorresio_only
1	73	18	1	71	19	0.365	fuzzy
1	73	20	1	71	21	0.459	matched
1	73	21					gorresio_only
1	73	22	1	71	23	0.51	matched
1	73	23					gorresio_only
1	74	1	1	72	1	0.357	fuzzy
1	74	2					gorresio_only
1	74	3	1	72	3	0.261	fuzzy
1	74	4					gorresio_only
1	74	5	1	72	5	0.333	fuzzy
1	74	6					gorresio_only
1	74	7	1	72	7	0.294	fuzzy
1	74	8					gorresio_only
1	74	10	1	72	9	0.444	fuzzy
1	74	11					gorresio_only
1	74	12					gorresio_only
1	74	13	1	72	12	0.286	fuzzy
1	74	14	1	72	13	0.287	fuzzy
1	74	15					gorresio_only
1	74	16	1	72	17	0.327	fuzzy
1	74	17					gorresio_only
1	74	18					gorresio_only
1	74	20					gorresio_only
1	74	21					gorresio_only
1	74	22					gorresio_only
1	74	23	1	72	18	0.298	fuzzy
1	74	24	1	72	19	0.294	fuzzy
1	74	25					gorresio_only
1	74	26					gorresio_only
1	74	27	1	72	21	0.367	fuzzy
1	74	28	1	72	22	0.457	matched
1	74	30	1	72	25	0.339	fuzzy
1	75	1					gorresio_only
1	75	2	1	73	2	0.549	matched
1	75	3					gorresio_only
1	75	4	1	73	3	0.582	matched
1	75	5	1	73	4	0.266	fuzzy
1	75	6					gorresio_only
1	75	7					gorresio_only
1	75	8					gorresio_only
1	75	10					gorresio_only
1	75	11					gorresio_only
1	75	12					gorresio_only
1	75	13					gorresio_only
1	75	14	1	73	14	0.393	fuzzy
1	75	15					gorresio_only
1	75	16	1	73	26	0.343	fuzzy
1	75	17					gorresio_only
1	75	18					gorresio_only
1	75	20					gorresio_only
1	75	21					gorresio_only
1	75	22					gorresio_only
1	75	23					gorresio_only
1	75	24					gorresio_only
1	75	25					gorresio_only
1	75	26					gorresio_only
1	75	27					gorresio_only
1	75	28	1	73	38	0.426	fuzzy
1	75	30	1	73	40	0.263	fuzzy
1	76	1					gorresio_only
1	76	2	1	74	2	0.284	fuzzy
1	76	3	1	74	3	0.262	fuzzy
1	76	4					gorresio_only
1	76	5					gorresio_only
1	76	6					gorresio_only
1	76	7					gorresio_only
1	76	8	1	74	6	0.259	fuzzy
1	76	10					gorresio_only
1	76	11	1	74	10	0.303	fuzzy
1	76	12					gorresio_only
1	76	13					gorresio_only
1	76	14					gorresio_only
1	76	15					gorresio_only
1	76	16					gorresio_only
1	76	17					gorresio_only
1	76	18					gorresio_only
1	76	20					gorresio_only
1	76	21					gorresio_only
1	76	22					gorresio_only
1	76	23					gorresio_only
1	76	24					gorresio_only
1	76	25					gorresio_only
1	76	26					gorresio_only
1	76	27					gorresio_only
1	77	1					gorresio_only
1	77	2					gorresio_only
1	77	3					gorresio_only
1	77	4					gorresio_only
1	77	5					gorresio_only
1	77	6	1	75	5	0.419	fuzzy
1	77	7	1	75	6	0.48	matched
1	77	8					gorresio_only
1	77	10	1	75	8	0.292	fuzzy
1	77	11					gorresio_only
1	77	12					gorresio_only
1	77	13	1	75	10	0.46	matched
1	77	14					gorresio_only
1	77	15	1	75	12	0.32	fuzzy
1	77	16					gorresio_only
1	77	17					gorresio_only
1	77	18					gorresio_only
1	77	20	1	75	18	0.262	fuzzy
1	77	21					gorresio_only
1	77	22					gorresio_only
1	77	23					gorresio_only
1	77	24					gorresio_only
1	77	25					gorresio_only
1	77	26					gorresio_only
1	77	27					gorresio_only
1	77	28					gorresio_only
1	77	30					gorresio_only
1	77	31	1	75	27	0.33	fuzzy
1	77	32					gorresio_only
1	77	33					gorresio_only
1	77	35					gorresio_only
1	77	36					gorresio_only
1	77	37					gorresio_only
1	77	38					gorresio_only
1	77	39					gorresio_only
1	77	40	1	76	6	0.444	fuzzy
1	77	41					gorresio_only
1	77	42					gorresio_only
1	77	43					gorresio_only
1	77	44					gorresio_only
1	77	45					gorresio_only
1	77	46	1	76	13	0.529	matched
1	77	47					gorresio_only
1	77	48					gorresio_only
1	77	49	1	76	17	0.374	fuzzy
1	77	50					gorresio_only
1	77	51	1	76	19	0.697	matched
1	77	52					gorresio_only
1	77	53					gorresio_only
1	77	54					gorresio_only
1	77	55	1	76	24	0.276	fuzzy
1	78	1					gorresio_only
1	78	2					gorresio_only
1	78	3	1	77	3	0.732	matched
1	78	4	1	77	4	0.35	fuzzy
1	78	5					gorresio_only
1	78	6	1	77	7	0.328	fuzzy
1	78	7					gorresio_only
1	78	8	1	77	11	0.33	fuzzy
1	78	10					gorresio_only
1	78	11					gorresio_only
1	78	12					gorresio_only
1	78	13					gorresio_only
1	78	14					gorresio_only
1	78	15					gorresio_only
1	78	16					gorresio_only
1	79	1					gorresio_only
1	79	2					gorresio_only
1	79	3					gorresio_only
1	79	4	1	77	18	0.25	fuzzy
1	79	5					gorresio_only
1	79	6					gorresio_only
1	79	7					gorresio_only
1	79	8					gorresio_only
1	79	10					gorresio_only
1	79	11					gorresio_only
1	79	12					gorresio_only
1	79	13					gorresio_only
1	79	14					gorresio_only
1	79	15					gorresio_only
1	79	16					gorresio_only
1	79	17					gorresio_only
1	79	18					gorresio_only
1	79	20					gorresio_only
1	79	21					gorresio_only
1	79	22					gorresio_only
1	79	23					gorresio_only
1	79	24					gorresio_only
1	79	25					gorresio_only
1	79	26					gorresio_only
1	79	27					gorresio_only
1	79	28					gorresio_only
1	79	30					gorresio_only
1	79	31					gorresio_only
1	79	32					gorresio_only
1	79	33					gorresio_only
1	79	34					gorresio_only
1	79	35					gorresio_only
1	79	36					gorresio_only
1	79	38					gorresio_only
1	79	39					gorresio_only
1	79	40					gorresio_only
1	79	41					gorresio_only
1	79	42					gorresio_only
1	79	43					gorresio_only
1	79	44					gorresio_only
1	79	45					gorresio_only
1	79	46					gorresio_only
1	79	47					gorresio_only
1	79	48					gorresio_only
1	80	1					gorresio_only
1	80	2					gorresio_only
1	80	3					gorresio_only
1	80	4					gorresio_only
1	80	5					gorresio_only
1	80	6					gorresio_only
1	80	7					gorresio_only
1	80	8					gorresio_only
1	80	10					gorresio_only
1	80	11					gorresio_only
1	80	12					gorresio_only
1	80	13					gorresio_only
1	80	14					gorresio_only
1	80	15					gorresio_only
1	80	16					gorresio_only
1	80	17					gorresio_only
1	80	18					gorresio_only
1	80	20					gorresio_only
1	80	21					gorresio_only
1	80	22					gorresio_only
1	80	23					gorresio_only
1	80	24					gorresio_only
1	80	25					gorresio_only
1	80	26					gorresio_only
1	80	27					gorresio_only
1	80	28					gorresio_only
1	80	30					gorresio_only
1	80	31					gorresio_only
1	80	32					gorresio_only
2	1	1					gorresio_only
2	1	2					gorresio_only
2	1	3					gorresio_only
2	1	4					gorresio_only
2	1	5					gorresio_only
2	1	6					gorresio_only
2	1	7	2	1	13	0.467	matched
2	1	8	2	1	14	0.315	fuzzy
2	1	9	2	1	15	0.437	fuzzy
2	1	10					gorresio_only
2	1	11					gorresio_only
2	1	12					gorresio_only
2	1	13					gorresio_only
2	1	14					gorresio_only
2	1	15					gorresio_only
2	1	16					gorresio_only
2	1	17					gorresio_only
2	1	18					gorresio_only
2	1	19					gorresio_only
2	1	20					gorresio_only
2	1	21					gorresio_only
2	1	22	2	1	39	0.342	fuzzy
2	1	23					gorresio_only
2	1	24	2	2	20	0.277	fuzzy
2	1	25					gorresio_only
2	1	26					gorresio_only
2	1	27	2	2	25	0.606	matched
2	1	28	2	2	26	0.651	matched
2	1	29					gorresio_only
2	1	30	2	2	33	0.33	fuzzy
2	1	31					gorresio_only
2	1	32					gorresio_only
2	1	33					gorresio_only
2	1	34					gorresio_only
2	1	35					gorresio_only
2	1	36					gorresio_only
2	1	37					gorresio_only
2	1	38					gorresio_only
2	1	39					gorresio_only
2	1	40					gorresio_only
2	1	41					gorresio_only
2	1	42					gorresio_only
2	2	1					gorresio_only
2	2	2					gorresio_only
2	2	3	2	3	3	0.349	fuzzy
2	2	4	2	3	4	0.415	fuzzy
2	2	5					gorresio_only
2	2	6					gorresio_only
2	2	7					gorresio_only
2	2	8	2	3	23	0.38	fuzzy
2	2	10	2	3	24	0.291	fuzzy
2	2	11					gorresio_only
2	2	12	2	3	26	0.295	fuzzy
2	2	13					gorresio_only
2	2	14	2	3	28	0.289	fuzzy
2	2	15					gorresio_only
2	2	16					gorresio_only
2	2	17	2	3	32	0.304	fuzzy
2	2	18	2	3	33	0.316	fuzzy
2	2	20					gorresio_only
2	2	21	2	3	35	0.35	fuzzy
2	2	22					gorresio_only
2	2	23					gorresio_only
2	2	24	2	3	38	0.37	fuzzy
2	2	25	2	3	40	0.345	fuzzy
2	2	26					gorresio_only
2	2	27					gorresio_only
2	2	28	2	3	42	0.339	fuzzy
2	2	30					gorresio_only
2	2	31					gorresio_only
2	2	32	2	3	45	0.741	matched
2	2	33					gorresio_only
2	2	34	2	3	47	0.802	matched
2	2	35	2	3	48	0.552	matched
2	2	36	2	3	49	0.376	fuzzy
2	3	1	2	4	1	0.616	matched
2	3	2	2	4	2	0.565	matched
2	3	3	2	4	9	0.48	moved
2	3	4	2	4	4	0.726	matched
2	3	5	2	4	5	0.454	matched
2	3	6	2	4	6	0.663	matched
2	3	7					gorresio_only
2	3	8	2	4	8	0.573	matched
2	3	10	2	4	10	0.583	matched
2	3	11	2	4	11	0.561	matched
2	3	12	2	4	12	0.414	fuzzy
2	3	13	2	4	13	0.786	matched
2	3	14	2	4	14	0.511	matched
2	3	15	2	4	15	0.648	matched
2	3	16	2	4	19	0.464	moved
2	3	17					gorresio_only
2	3	18	2	4	18	0.515	matched
2	3	20	2	4	20	0.402	fuzzy
2	3	21	2	4	21	0.632	matched
2	3	22	2	4	22	0.41	fuzzy
2	3	23	2	4	23	0.515	matched
2	3	24	2	4	24	0.491	matched
2	3	25	2	4	25	0.857	matched
2	3	26					gorresio_only
2	3	27	2	4	27	0.327	fuzzy
2	3	28	2	4	28	0.678	matched
2	3	30	2	4	30	0.357	fuzzy
2	3	31	2	4	31	0.702	matched
2	3	32	2	4	32	0.744	matched
2	3	33	2	4	33	0.775	matched
2	3	34	2	4	34	0.292	fuzzy
2	3	35	2	4	35	0.8	matched
2	3	36	2	4	36	0.655	matched
2	3	37	2	4	37	0.474	matched
2	3	38	2	4	38	0.701	matched
2	3	39	2	4	39	0.912	matched
2	3	40	2	4	40	0.633	matched
2	3	41	2	4	41	0.364	fuzzy
2	3	42	2	4	42	0.51	matched
2	3	43	2	4	43	0.695	matched
2	3	44	2	4	44	0.791	matched
2	3	45	2	4	45	0.64	matched
2	4	1	2	5	1	0.538	matched
2	4	2	2	5	2	0.706	matched
2	4	3	2	5	3	0.882	matched
2	4	4	2	5	4	0.5	matched
2	4	5	2	5	5	0.628	matched
2	4	6	2	5	9	0.782	moved
2	4	7	2	5	7	0.741	audit-rejected
2	4	8	2	5	8	0.602	matched
2	4	10	2	5	10	0.892	matched
2	4	11	2	5	11	0.69	matched
2	4	12	2	5	12	0.581	matched
2	4	13	2	5	13	0.705	matched
2	4	14	2	5	14	0.69	matched
2	4	15					gorresio_only
2	4	16	2	5	19	0.478	moved
2	4	17	2	5	17	0.353	fuzzy
2	4	18	2	5	18	0.505	matched
2	4	20	2	5	20	0.618	matched
2	4	21	2	5	21	0.538	matched
2	4	22	2	5	22	0.617	matched
2	4	23	2	5	23	1.0	matched
2	4	24	2	5	24	0.85	matched
2	4	25	2	5	25	0.778	matched
2	4	26	2	5	26	0.602	matched
2	5	1	2	6	1	0.385	fuzzy
2	5	2	2	6	2	0.616	matched
2	5	3	2	6	3	0.747	matched
2	5	4	2	6	4	0.537	matched
2	5	5	2	6	5	0.659	matched
2	5	6	2	6	6	0.526	matched
2	5	7	2	6	7	0.779	matched
2	5	8	2	6	8	0.647	matched
2	5	9	2	6	9	0.681	matched
2	5	10	2	6	10	0.566	matched
2	5	11	2	6	11	0.516	matched
2	5	12	2	6	12	0.577	matched
2	5	13	2	6	13	0.66	matched
2	5	14	2	6	14	0.495	matched
2	5	15	2	6	15	0.725	matched
2	5	16	2	6	16	0.505	matched
2	5	17	2	6	17	1.0	matched
2	5	18	2	6	18	0.6	matched
2	5	19	2	6	19	0.419	fuzzy
2	5	20	2	6	20	0.782	matched
2	5	21	2	6	21	0.659	matched
2	5	22	2	6	22	0.663	matched
2	5	23	2	6	23	0.835	matched
2	5	24	2	6	24	0.642	matched
2	5	25	2	6	25	0.535	matched
2	5	26	2	6	26	0.448	fuzzy
2	5	27	2	6	27	0.692	matched
2	5	29	2	6	28	0.566	matched
2	6	1					gorresio_only
2	6	2					gorresio_only
2	6	3	2	7	12	0.258	fuzzy
2	6	4					gorresio_only
2	6	5					gorresio_only
2	6	6					gorresio_only
2	6	7					gorresio_only
2	6	8					gorresio_only
2	6	10	2	7	13	0.352	fuzzy
2	6	11	2	7	14	0.342	fuzzy
2	6	12					gorresio_only
2	6	13	2	7	16	0.368	fuzzy
2	6	14					gorresio_only
2	6	15	2	7	18	0.284	fuzzy
2	6	16					gorresio_only
2	6	17	2	7	20	0.419	fuzzy
2	6	18					gorresio_only
2	6	20	2	7	27	0.51	moved
2	6	21	2	7	28	0.613	moved
2	6	22					gorresio_only
2	6	23	2	7	23	0.576	matched
2	6	24	2	7	24	0.652	matched
2	6	25	2	7	25	0.447	fuzzy
2	6	26					gorresio_only
2	6	27					gorresio_only
2	6	28					gorresio_only
2	6	30					gorresio_only
2	6	31					gorresio_only
2	6	32	2	7	35	0.37	fuzzy
2	6	33					gorresio_only
2	7	1					gorresio_only
2	7	2	2	8	2	0.311	fuzzy
2	7	3					gorresio_only
2	7	4	2	8	9	0.295	fuzzy
2	7	5	2	8	10	0.289	fuzzy
2	7	6					gorresio_only
2	7	7	2	8	13	0.319	fuzzy
2	7	8	2	8	14	0.313	fuzzy
2	7	10					gorresio_only
2	7	11					gorresio_only
2	7	12	2	8	16	0.681	matched
2	7	13	2	8	17	0.542	matched
2	7	14	2	8	20	0.434	fuzzy
2	7	15					gorresio_only
2	7	16					gorresio_only
2	7	17	2	8	22	0.343	fuzzy
2	7	18	2	8	23	0.346	fuzzy
2	7	20					gorresio_only
2	7	21	2	8	25	0.41	fuzzy
2	7	22	2	8	26	0.44	fuzzy
2	7	23	2	8	27	0.716	matched
2	7	24	2	8	28	0.412	fuzzy
2	7	25	2	8	31	0.384	fuzzy
2	7	26					gorresio_only
2	7	27					gorresio_only
2	7	28	2	8	34	0.431	fuzzy
2	7	30	2	8	36	0.674	matched
2	7	31	2	8	37	0.495	matched
2	7	32					gorresio_only
2	8	1					gorresio_only
2	8	2					gorresio_only
2	8	3					gorresio_only
2	8	4					gorresio_only
2	8	5					gorresio_only
2	8	6	2	9	4	0.385	fuzzy
2	8	7	2	9	8	0.35	fuzzy
2	8	8	2	9	9	0.417	fuzzy
2	8	10					gorresio_only
2	8	11					gorresio_only
2	8	12	2	9	12	0.515	matched
2	8	13	2	9	13	0.553	matched
2	8	14					gorresio_only
2	8	15					gorresio_only
2	8	16					gorresio_only
2	8	17	2	9	20	0.276	fuzzy
2	8	18					gorresio_only
2	8	20					gorresio_only
2	8	21					gorresio_only
2	8	22	2	9	27	0.27	fuzzy
2	8	23					gorresio_only
2	8	24					gorresio_only
2	8	25					gorresio_only
2	8	26					gorresio_only
2	8	28	2	9	34	0.266	fuzzy
2	8	30					gorresio_only
2	8	31					gorresio_only
2	8	32					gorresio_only
2	8	33					gorresio_only
2	8	34					gorresio_only
2	8	35					gorresio_only
2	8	36					gorresio_only
2	8	37					gorresio_only
2	8	38	2	9	38	0.308	fuzzy
2	8	40					gorresio_only
2	8	41					gorresio_only
2	8	42					gorresio_only
2	8	43	2	9	44	0.364	fuzzy
2	8	44	2	9	47	0.27	fuzzy
2	8	45					gorresio_only
2	8	46					gorresio_only
2	8	50	2	9	52	0.539	matched
2	8	51					gorresio_only
2	8	52	2	9	54	0.512	matched
2	8	53					gorresio_only
2	8	54					gorresio_only
2	8	55	2	9	55	0.254	fuzzy
2	8	56	2	9	57	0.543	matched
2	8	57	2	9	58	0.495	matched
2	8	58					gorresio_only
2	8	59	2	9	65	0.497	matched
2	8	60	2	9	66	0.531	matched
2	9	1					gorresio_only
2	9	2	2	10	22	0.272	fuzzy
2	9	3	2	10	23	0.254	fuzzy
2	9	4					gorresio_only
2	9	5	2	10	26	0.396	fuzzy
2	9	6					gorresio_only
2	9	7	2	10	28	0.667	matched
2	9	8	2	10	29	0.281	fuzzy
2	9	9					gorresio_only
2	9	10					gorresio_only
2	9	11	2	10	31	0.316	fuzzy
2	9	12					gorresio_only
2	9	13					gorresio_only
2	9	14					gorresio_only
2	9	15					gorresio_only
2	9	16					gorresio_only
2	9	17	2	11	2	0.33	fuzzy
2	9	18					gorresio_only
2	9	19					gorresio_only
2	9	20					gorresio_only
2	9	21	2	11	5	0.388	fuzzy
2	9	22	2	11	9	0.267	fuzzy
2	9	23	2	11	10	0.37	fuzzy
2	9	24	2	11	12	0.279	fuzzy
2	9	25	2	11	13	0.36	fuzzy
2	9	26	2	11	14	0.453	matched
2	9	27	2	11	15	0.703	matched
2	9	28	2	11	16	0.485	matched
2	9	29	2	11	17	0.412	fuzzy
2	9	30					gorresio_only
2	9	31					gorresio_only
2	9	32					gorresio_only
2	9	33					gorresio_only
2	9	34					gorresio_only
2	9	35					gorresio_only
2	9	36					gorresio_only
2	9	37					gorresio_only
2	9	38	2	12	7	0.3	fuzzy
2	9	39					gorresio_only
2	9	40					gorresio_only
2	9	41					gorresio_only
2	9	42	2	12	11	0.319	fuzzy
2	9	43					gorresio_only
2	9	44	2	12	13	0.262	fuzzy
2	9	45	2	12	14	0.301	fuzzy
2	9	46					gorresio_only
2	9	47					gorresio_only
2	10	1	2	13	1	0.268	fuzzy
2	10	4					gorresio_only
2	10	5	2	13	5	0.264	fuzzy
2	10	8					gorresio_only
2	10	9					gorresio_only
2	10	10					gorresio_only
2	10	11					gorresio_only
2	10	12					gorresio_only
2	10	13					gorresio_only
2	10	14					gorresio_only
2	10	15					gorresio_only
2	10	16					gorresio_only
2	10	18					gorresio_only
2	10	19					gorresio_only
2	10	20					gorresio_only
2	10	21					gorresio_only
2	10	22	2	13	18	0.279	fuzzy
2	10	23					gorresio_only
2	10	24					gorresio_only
2	10	26					gorresio_only
2	10	27					gorresio_only
2	10	28					gorresio_only
2	11	2	2	14	2	0.261	fuzzy
2	11	5					gorresio_only
2	11	6					gorresio_only
2	11	8					gorresio_only
2	11	9					gorresio_only
2	11	10					gorresio_only
2	11	11					gorresio_only
2	11	12					gorresio_only
2	11	13					gorresio_only
2	11	14					gorresio_only
2	11	15					gorresio_only
2	11	16					gorresio_only
2	11	17					gorresio_only
2	11	18					gorresio_only
2	11	19					gorresio_only
2	11	20					gorresio_only
2	11	21					gorresio_only
2	11	22					gorresio_only
2	11	24					gorresio_only
2	11	26					gorresio_only
2	11	28					gorresio_only
2	11	29					gorresio_only
2	11	30					gorresio_only
2	11	31					gorresio_only
2	12	2					gorresio_only
2	12	5					gorresio_only
2	12	6					gorresio_only
2	12	8					gorresio_only
2	12	9					gorresio_only
2	12	10					gorresio_only
2	12	11					gorresio_only
2	12	12					gorresio_only
2	12	13					gorresio_only
2	12	14					gorresio_only
2	12	15					gorresio_only
2	12	16					gorresio_only
2	12	17	2	15	18	0.274	fuzzy
2	12	18					gorresio_only
2	12	19					gorresio_only
2	12	20					gorresio_only
2	12	21					gorresio_only
2	12	22					gorresio_only
2	12	24					gorresio_only
2	12	25					gorresio_only
2	12	26					gorresio_only
2	12	27					gorresio_only
2	12	28					gorresio_only
2	12	29					gorresio_only
2	12	30					gorresio_only
2	12	31					gorresio_only
2	12	32					gorresio_only
2	12	33					gorresio_only
2	12	34					gorresio_only
2	12	35					gorresio_only
2	12	36					gorresio_only
2	12	37					gorresio_only
2	13	2					gorresio_only
2	13	3					gorresio_only
2	13	5					gorresio_only
2	13	6					gorresio_only
2	13	8					gorresio_only
2	13	9					gorresio_only
2	13	10					gorresio_only
2	13	11					gorresio_only
2	13	12					gorresio_only
2	13	13					gorresio_only
2	13	14					gorresio_only
2	13	15					gorresio_only
2	13	16					gorresio_only
2	13	26					gorresio_only
2	13	27					gorresio_only
2	13	29					gorresio_only
2	13	30					gorresio_only
2	14	1					gorresio_only
2	14	2					gorresio_only
2	14	4					gorresio_only
2	14	5					gorresio_only
2	14	6					gorresio_only
2	14	9					gorresio_only
2	14	10					gorresio_only
2	14	11					gorresio_only
2	14	12					gorresio_only
2	14	13					gorresio_only
2	14	14					gorresio_only
2	14	15					gorresio_only
2	14	16					gorresio_only
2	14	17					gorresio_only
2	14	18					gorresio_only
2	14	19					gorresio_only
2	14	20					gorresio_only
2	14	21					gorresio_only
2	15	1					gorresio_only
2	15	2					gorresio_only
2	15	5					gorresio_only
2	15	6					gorresio_only
2	15	7					gorresio_only
2	15	8	2	18	6	0.264	fuzzy
2	15	9					gorresio_only
2	15	10					gorresio_only
2	15	11					gorresio_only
2	15	12					gorresio_only
2	15	13					gorresio_only
2	15	14					gorresio_only
2	15	15					gorresio_only
2	15	16	2	18	13	0.333	fuzzy
2	15	17					gorresio_only
2	15	18					gorresio_only
2	15	19					gorresio_only
2	15	20					gorresio_only
2	15	21					gorresio_only
2	15	22					gorresio_only
2	15	24					gorresio_only
2	15	26					gorresio_only
2	15	27					gorresio_only
2	15	29					gorresio_only
2	15	30					gorresio_only
2	15	31					gorresio_only
2	15	32					gorresio_only
2	15	33					gorresio_only
2	15	34					gorresio_only
2	15	35					gorresio_only
2	15	36					gorresio_only
2	16	1					gorresio_only
2	16	2					gorresio_only
2	16	3					gorresio_only
2	16	5					gorresio_only
2	16	6	2	19	4	0.303	fuzzy
2	16	7					gorresio_only
2	16	8					gorresio_only
2	16	10					gorresio_only
2	16	11					gorresio_only
2	16	12					gorresio_only
2	16	13					gorresio_only
2	16	14					gorresio_only
2	16	16	2	19	13	0.361	fuzzy
2	16	17	2	19	14	0.267	fuzzy
2	16	18					gorresio_only
2	16	19					gorresio_only
2	16	20					gorresio_only
2	16	21					gorresio_only
2	16	22					gorresio_only
2	16	23					gorresio_only
2	16	24					gorresio_only
2	16	25					gorresio_only
2	16	26					gorresio_only
2	16	28					gorresio_only
2	16	29					gorresio_only
2	16	30					gorresio_only
2	16	31					gorresio_only
2	16	32	2	19	26	0.418	fuzzy
2	16	33					gorresio_only
2	16	34					gorresio_only
2	16	35					gorresio_only
2	16	36					gorresio_only
2	16	38					gorresio_only
2	16	39					gorresio_only
2	16	40					gorresio_only
2	16	41					gorresio_only
2	16	42					gorresio_only
2	16	43					gorresio_only
2	16	44					gorresio_only
2	16	45					gorresio_only
2	16	46					gorresio_only
2	17	2					gorresio_only
2	17	3					gorresio_only
2	17	5					gorresio_only
2	17	6					gorresio_only
2	17	8					gorresio_only
2	17	9					gorresio_only
2	17	10					gorresio_only
2	17	11					gorresio_only
2	17	12					gorresio_only
2	17	13					gorresio_only
2	17	14					gorresio_only
2	17	15					gorresio_only
2	17	16					gorresio_only
2	17	18					gorresio_only
2	17	19					gorresio_only
2	17	21					gorresio_only
2	17	23					gorresio_only
2	17	24					gorresio_only
2	17	26					gorresio_only
2	17	27					gorresio_only
2	17	28					gorresio_only
2	17	29					gorresio_only
2	17	30					gorresio_only
2	17	32					gorresio_only
2	17	34					gorresio_only
2	17	35					gorresio_only
2	17	36					gorresio_only
2	17	37					gorresio_only
2	17	38					gorresio_only
2	17	39					gorresio_only
2	17	40					gorresio_only
2	17	41					gorresio_only
2	17	42					gorresio_only
2	18	1					gorresio_only
2	18	2					gorresio_only
2	18	5					gorresio_only
2	18	8					gorresio_only
2	18	9					gorresio_only
2	18	10	2	21	8	0.484	matched
2	18	11					gorresio_only
2	18	12					gorresio_only
2	18	13					gorresio_only
2	18	14					gorresio_only
2	18	15					gorresio_only
2	18	16					gorresio_only
2	18	17					gorresio_only
2	18	18					gorresio_only
2	18	19					gorresio_only
2	18	22					gorresio_only
2	18	23					gorresio_only
2	18	24					gorresio_only
2	18	25					gorresio_only
2	18	26					gorresio_only
2	18	27					gorresio_only
2	18	28					gorresio_only
2	18	29					gorresio_only
2	18	30					gorresio_only
2	18	31					gorresio_only
2	18	33	2	21	34	0.292	fuzzy
2	18	34					gorresio_only
2	18	35					gorresio_only
2	18	36					gorresio_only
2	18	37					gorresio_only
2	18	39					gorresio_only
2	18	40					gorresio_only
2	18	41					gorresio_only
2	18	42					gorresio_only
2	18	45					gorresio_only
2	18	46					gorresio_only
2	18	48					gorresio_only
2	18	49					gorresio_only
2	18	50					gorresio_only
2	18	52					gorresio_only
2	18	54					gorresio_only
2	18	55					gorresio_only
2	18	56					gorresio_only
2	19	2					gorresio_only
2	19	3					gorresio_only
2	19	5					gorresio_only
2	19	6					gorresio_only
2	19	8					gorresio_only
2	19	9	2	22	13	0.379	fuzzy
2	19	10					gorresio_only
2	19	15					gorresio_only
2	19	16					gorresio_only
2	19	17					gorresio_only
2	19	19					gorresio_only
2	19	20					gorresio_only
2	19	21					gorresio_only
2	19	22					gorresio_only
2	20	2					gorresio_only
2	20	5					gorresio_only
2	20	6					gorresio_only
2	20	8					gorresio_only
2	20	9					gorresio_only
2	20	10					gorresio_only
2	20	11					gorresio_only
2	20	12					gorresio_only
2	20	13					gorresio_only
2	20	18					gorresio_only
2	20	19					gorresio_only
2	20	20					gorresio_only
2	20	21					gorresio_only
2	20	22					gorresio_only
2	20	25					gorresio_only
2	20	26					gorresio_only
2	20	27					gorresio_only
2	20	28					gorresio_only
2	20	29					gorresio_only
2	20	30					gorresio_only
2	20	31					gorresio_only
2	20	32					gorresio_only
2	20	37					gorresio_only
2	20	38					gorresio_only
2	20	39					gorresio_only
2	20	40					gorresio_only
2	20	41					gorresio_only
2	20	42					gorresio_only
2	20	43					gorresio_only
2	20	44					gorresio_only
2	20	45	2	23	40	0.269	fuzzy
2	20	46					gorresio_only
2	21	2					gorresio_only
2	21	5					gorresio_only
2	21	6					gorresio_only
2	21	8					gorresio_only
2	21	9					gorresio_only
2	21	10					gorresio_only
2	21	11					gorresio_only
2	21	12					gorresio_only
2	21	13					gorresio_only
2	21	14					gorresio_only
2	21	15					gorresio_only
2	21	16					gorresio_only
2	21	17					gorresio_only
2	21	20					gorresio_only
2	21	21					gorresio_only
2	21	22					gorresio_only
2	21	23					gorresio_only
2	21	24					gorresio_only
2	21	26					gorresio_only
2	22	2					gorresio_only
2	22	3					gorresio_only
2	22	4					gorresio_only
2	22	5					gorresio_only
2	22	6					gorresio_only
2	22	7					gorresio_only
2	22	8					gorresio_only
2	22	9					gorresio_only
2	22	10					gorresio_only
2	22	11					gorresio_only
2	22	12					gorresio_only
2	22	13					gorresio_only
2	22	14					gorresio_only
2	22	15					gorresio_only
2	22	16					gorresio_only
2	22	17					gorresio_only
2	23	1					gorresio_only
2	23	2					gorresio_only
2	23	5					gorresio_only
2	23	6					gorresio_only
2	23	8					gorresio_only
2	23	9					gorresio_only
2	23	10					gorresio_only
2	23	11					gorresio_only
2	23	12					gorresio_only
2	23	13					gorresio_only
2	23	14					gorresio_only
2	23	15					gorresio_only
2	23	16					gorresio_only
2	23	17					gorresio_only
2	23	20					gorresio_only
2	23	21					gorresio_only
2	23	22					gorresio_only
2	23	24					gorresio_only
2	23	25					gorresio_only
2	23	26					gorresio_only
2	24	1					gorresio_only
2	24	2					gorresio_only
2	24	5	2	24	20	0.261	fuzzy
2	24	6					gorresio_only
2	24	7					gorresio_only
2	24	8					gorresio_only
2	24	9					gorresio_only
2	24	10					gorresio_only
2	24	11					gorresio_only
2	24	12					gorresio_only
2	24	13					gorresio_only
2	24	14					gorresio_only
2	24	15					gorresio_only
2	24	16					gorresio_only
2	24	17					gorresio_only
2	24	18					gorresio_only
2	24	20					gorresio_only
2	24	22					gorresio_only
2	25	2					gorresio_only
2	25	5					gorresio_only
2	25	6					gorresio_only
2	25	7					gorresio_only
2	25	8					gorresio_only
2	25	9					gorresio_only
2	25	10					gorresio_only
2	25	11					gorresio_only
2	25	12					gorresio_only
2	25	13					gorresio_only
2	25	14					gorresio_only
2	25	15					gorresio_only
2	25	16					gorresio_only
2	25	17					gorresio_only
2	25	20					gorresio_only
2	25	23	2	25	10	0.291	fuzzy
2	25	25					gorresio_only
2	25	26					gorresio_only
2	25	27					gorresio_only
2	25	28					gorresio_only
2	25	29					gorresio_only
2	25	30					gorresio_only
2	25	32					gorresio_only
2	25	33					gorresio_only
2	25	34					gorresio_only
2	25	35					gorresio_only
2	25	36					gorresio_only
2	25	37					gorresio_only
2	25	38					gorresio_only
2	25	39					gorresio_only
2	25	40					gorresio_only
2	25	41					gorresio_only
2	26	2					gorresio_only
2	26	3					gorresio_only
2	26	5					gorresio_only
2	26	6					gorresio_only
2	26	7					gorresio_only
2	26	8					gorresio_only
2	26	9					gorresio_only
2	26	10					gorresio_only
2	26	11					gorresio_only
2	26	12					gorresio_only
2	26	13					gorresio_only
2	26	14					gorresio_only
2	26	15					gorresio_only
2	26	16					gorresio_only
2	26	17					gorresio_only
2	26	18					gorresio_only
2	26	19					gorresio_only
2	26	20					gorresio_only
2	26	24					gorresio_only
2	26	26					gorresio_only
2	26	27					gorresio_only
2	26	29					gorresio_only
2	26	30	2	26	29	0.315	fuzzy
2	26	31	2	26	30	0.44	fuzzy
2	26	36					gorresio_only
2	26	37					gorresio_only
2	26	38					gorresio_only
2	26	39					gorresio_only
2	26	40					gorresio_only
2	27	1					gorresio_only
2	27	2					gorresio_only
2	27	5					gorresio_only
2	27	8					gorresio_only
2	27	9					gorresio_only
2	27	10					gorresio_only
2	27	12					gorresio_only
2	27	13					gorresio_only
2	27	15					gorresio_only
2	27	16					gorresio_only
2	27	18					gorresio_only
2	27	19					gorresio_only
2	27	20					gorresio_only
2	27	22					gorresio_only
2	27	23					gorresio_only
2	27	25	2	27	22	0.372	fuzzy
2	28	1					gorresio_only
2	28	2					gorresio_only
2	28	5	2	28	5	0.366	fuzzy
2	28	6					gorresio_only
2	28	7					gorresio_only
2	28	8					gorresio_only
2	28	9					gorresio_only
2	28	10					gorresio_only
2	28	13					gorresio_only
2	28	16					gorresio_only
2	28	17					gorresio_only
2	28	18					gorresio_only
2	28	19					gorresio_only
2	28	20					gorresio_only
2	28	21					gorresio_only
2	28	22					gorresio_only
2	28	23					gorresio_only
2	28	24					gorresio_only
2	28	25					gorresio_only
2	28	26					gorresio_only
2	28	28					gorresio_only
2	28	29					gorresio_only
2	28	30					gorresio_only
2	28	32					gorresio_only
2	28	33					gorresio_only
2	29	1					gorresio_only
2	29	2					gorresio_only
2	29	5					gorresio_only
2	29	7					gorresio_only
2	29	8					gorresio_only
2	29	9					gorresio_only
2	29	10					gorresio_only
2	29	11					gorresio_only
2	29	16					gorresio_only
2	29	19					gorresio_only
2	29	20					gorresio_only
2	29	29					gorresio_only
2	29	30					gorresio_only
2	30	2					gorresio_only
2	30	3					gorresio_only
2	30	4					gorresio_only
2	30	5					gorresio_only
2	30	6	2	30	6	0.342	fuzzy
2	30	8					gorresio_only
2	30	9					gorresio_only
2	30	10					gorresio_only
2	30	18					gorresio_only
2	30	19	2	30	13	0.297	fuzzy
2	30	20					gorresio_only
2	30	23					gorresio_only
2	30	24					gorresio_only
2	30	25					gorresio_only
2	30	26					gorresio_only
2	30	27					gorresio_only
2	30	29					gorresio_only
2	30	30					gorresio_only
2	30	31					gorresio_only
2	30	32					gorresio_only
2	30	33					gorresio_only
2	30	34	2	30	29	0.287	fuzzy
2	30	35					gorresio_only
2	30	37					gorresio_only
2	30	39					gorresio_only
2	31	2					gorresio_only
2	31	5					gorresio_only
2	31	6					gorresio_only
2	31	7					gorresio_only
2	31	8					gorresio_only
2	31	9					gorresio_only
2	31	12	2	31	11	0.282	fuzzy
2	31	13					gorresio_only
2	31	14					gorresio_only
2	31	15					gorresio_only
2	31	16					gorresio_only
2	31	18					gorresio_only
2	31	19					gorresio_only
2	31	20					gorresio_only
2	31	21					gorresio_only
2	31	22					gorresio_only
2	31	26					gorresio_only
2	31	28					gorresio_only
2	31	29					gorresio_only
2	31	30					gorresio_only
2	31	31					gorresio_only
2	31	32					gorresio_only
2	31	33					gorresio_only
2	32	1					gorresio_only
2	32	2					gorresio_only
2	32	3					gorresio_only
2	32	4					gorresio_only
2	32	5					gorresio_only
2	32	6					gorresio_only
2	32	8					gorresio_only
2	32	9					gorresio_only
2	32	10					gorresio_only
2	32	12					gorresio_only
2	32	13					gorresio_only
2	32	14					gorresio_only
2	32	15					gorresio_only
2	32	16					gorresio_only
2	32	17					gorresio_only
2	32	18					gorresio_only
2	32	20					gorresio_only
2	32	23					gorresio_only
2	32	25					gorresio_only
2	32	26					gorresio_only
2	32	27					gorresio_only
2	32	28					gorresio_only
2	32	29					gorresio_only
2	32	30					gorresio_only
2	32	31					gorresio_only
2	32	32					gorresio_only
2	32	33					gorresio_only
2	32	34					gorresio_only
2	32	36					gorresio_only
2	32	39					gorresio_only
2	32	40					gorresio_only
2	32	41					gorresio_only
2	32	42					gorresio_only
2	32	43					gorresio_only
2	32	44					gorresio_only
2	32	45					gorresio_only
2	32	46					gorresio_only
2	33	3					gorresio_only
2	33	6					gorresio_only
2	33	8					gorresio_only
2	33	9					gorresio_only
2	33	10					gorresio_only
2	33	11					gorresio_only
2	33	12					gorresio_only
2	33	15					gorresio_only
2	33	16					gorresio_only
2	33	17					gorresio_only
2	33	18					gorresio_only
2	33	19					gorresio_only
2	33	20					gorresio_only
2	33	21					gorresio_only
2	33	22					gorresio_only
2	33	25	2	33	23	0.393	fuzzy
2	33	27					gorresio_only
2	33	28					gorresio_only
2	34	2					gorresio_only
2	34	3					gorresio_only
2	34	4					gorresio_only
2	34	5					gorresio_only
2	34	6					gorresio_only
2	34	8					gorresio_only
2	34	9					gorresio_only
2	34	10					gorresio_only
2	34	11					gorresio_only
2	34	12					gorresio_only
2	34	13					gorresio_only
2	34	14					gorresio_only
2	34	15					gorresio_only
2	34	16					gorresio_only
2	34	17					gorresio_only
2	34	18					gorresio_only
2	34	19					gorresio_only
2	34	20					gorresio_only
2	34	22					gorresio_only
2	34	25					gorresio_only
2	34	26					gorresio_only
2	34	28					gorresio_only
2	34	29					gorresio_only
2	35	1					gorresio_only
2	35	2					gorresio_only
2	35	4					gorresio_only
2	35	5					gorresio_only
2	35	6					gorresio_only
2	35	9					gorresio_only
2	35	10					gorresio_only
2	35	11					gorresio_only
2	35	12					gorresio_only
2	35	13					gorresio_only
2	35	15					gorresio_only
2	35	16					gorresio_only
2	35	17					gorresio_only
2	35	19					gorresio_only
2	35	20					gorresio_only
2	35	23					gorresio_only
2	35	25					gorresio_only
2	35	29					gorresio_only
2	35	30					gorresio_only
2	35	31					gorresio_only
2	35	32					gorresio_only
2	35	33					gorresio_only
2	35	34					gorresio_only
2	35	35					gorresio_only
2	35	36					gorresio_only
2	35	37					gorresio_only
2	35	38					gorresio_only
2	35	40					gorresio_only
2	35	41	2	34	40	0.261	fuzzy
2	35	42					gorresio_only
2	35	43					gorresio_only
2	35	44					gorresio_only
2	35	46					gorresio_only
2	35	47	2	34	55	0.285	fuzzy
2	35	48					gorresio_only
2	35	49	2	34	57	0.317	fuzzy
2	35	50					gorresio_only
2	36	6					gorresio_only
2	36	8					gorresio_only
2	36	9					gorresio_only
2	36	10					gorresio_only
2	36	12					gorresio_only
2	36	13					gorresio_only
2	36	14					gorresio_only
2	36	15					gorresio_only
2	36	16					gorresio_only
2	36	17					gorresio_only
2	36	18					gorresio_only
2	36	19					gorresio_only
2	36	20					gorresio_only
2	36	21					gorresio_only
2	36	23					gorresio_only
2	36	24					gorresio_only
2	36	25					gorresio_only
2	36	26					gorresio_only
2	37	1					gorresio_only
2	37	2					gorresio_only
2	37	5					gorresio_only
2	37	6	2	37	6	0.343	fuzzy
2	37	7					gorresio_only
2	37	8					gorresio_only
2	37	9					gorresio_only
2	37	10					gorresio_only
2	37	11					gorresio_only
2	37	12					gorresio_only
2	37	13					gorresio_only
2	37	14					gorresio_only
2	37	15					gorresio_only
2	37	16					gorresio_only
2	37	17					gorresio_only
2	37	18					gorresio_only
2	37	19					gorresio_only
2	37	20	2	38	14	0.382	fuzzy
2	37	21	2	38	15	0.272	fuzzy
2	37	22					gorresio_only
2	37	23					gorresio_only
2	38	1					gorresio_only
2	38	3					gorresio_only
2	38	5					gorresio_only
2	38	6					gorresio_only
2	38	7					gorresio_only
2	38	8					gorresio_only
2	38	9					gorresio_only
2	38	10					gorresio_only
2	38	11					gorresio_only
2	38	12					gorresio_only
2	38	13					gorresio_only
2	38	14	2	39	15	0.261	fuzzy
2	38	15					gorresio_only
2	38	16					gorresio_only
2	38	17					gorresio_only
2	38	18					gorresio_only
2	38	19					gorresio_only
2	38	20					gorresio_only
2	38	21					gorresio_only
2	38	22					gorresio_only
2	38	25	2	39	30	0.265	fuzzy
2	38	26					gorresio_only
2	38	28					gorresio_only
2	38	30					gorresio_only
2	38	31					gorresio_only
2	38	32					gorresio_only
2	38	33					gorresio_only
2	38	34					gorresio_only
2	38	36					gorresio_only
2	38	37					gorresio_only
2	38	40					gorresio_only
2	38	41					gorresio_only
2	38	42	2	39	34	0.263	fuzzy
2	38	43					gorresio_only
2	38	44					gorresio_only
2	38	45					gorresio_only
2	38	46					gorresio_only
2	38	48					gorresio_only
2	38	49					gorresio_only
2	38	50					gorresio_only
2	39	6					gorresio_only
2	39	7					gorresio_only
2	39	8					gorresio_only
2	39	9					gorresio_only
2	39	10					gorresio_only
2	39	11					gorresio_only
2	39	12					gorresio_only
2	39	13					gorresio_only
2	39	14					gorresio_only
2	39	15					gorresio_only
2	39	16					gorresio_only
2	39	19					gorresio_only
2	39	20					gorresio_only
2	39	21					gorresio_only
2	39	22					gorresio_only
2	39	23					gorresio_only
2	39	24					gorresio_only
2	39	25					gorresio_only
2	39	26					gorresio_only
2	39	27					gorresio_only
2	39	29					gorresio_only
2	39	30					gorresio_only
2	39	32					gorresio_only
2	39	33					gorresio_only
2	39	34					gorresio_only
2	39	36					gorresio_only
2	39	37					gorresio_only
2	39	38					gorresio_only
2	39	39					gorresio_only
2	39	40					gorresio_only
2	39	41					gorresio_only
2	39	42					gorresio_only
2	39	43					gorresio_only
2	39	44					gorresio_only
2	39	45					gorresio_only
2	39	46					gorresio_only
2	39	48					gorresio_only
2	39	49					gorresio_only
2	39	50					gorresio_only
2	39	51					gorresio_only
2	39	52					gorresio_only
2	40	1					gorresio_only
2	40	2	2	41	2	0.315	fuzzy
2	40	4	2	41	4	0.37	fuzzy
2	40	5					gorresio_only
2	40	6					gorresio_only
2	40	7					gorresio_only
2	40	9					gorresio_only
2	40	10					gorresio_only
2	40	18					gorresio_only
2	40	19					gorresio_only
2	40	20	2	41	21	0.253	fuzzy
2	40	21					gorresio_only
2	41	1					gorresio_only
2	41	2					gorresio_only
2	41	5					gorresio_only
2	41	6	2	42	5	0.317	fuzzy
2	41	7					gorresio_only
2	41	8	2	42	7	0.293	fuzzy
2	41	9					gorresio_only
2	41	10					gorresio_only
2	41	12					gorresio_only
2	41	13					gorresio_only
2	41	14	2	42	14	0.284	fuzzy
2	41	15	2	42	18	0.319	fuzzy
2	41	16	2	42	19	0.374	fuzzy
2	41	17	2	42	22	0.311	fuzzy
2	41	19					gorresio_only
2	41	20					gorresio_only
2	41	22					gorresio_only
2	41	26					gorresio_only
2	41	29					gorresio_only
2	42	2					gorresio_only
2	42	3	2	43	3	0.362	fuzzy
2	42	4	2	43	4	0.269	fuzzy
2	42	5	2	43	7	0.427	fuzzy
2	42	6					gorresio_only
2	42	8					gorresio_only
2	42	9					gorresio_only
2	42	10	2	43	17	0.522	moved
2	42	11	2	43	12	0.252	fuzzy
2	42	15					gorresio_only
2	42	16	2	43	15	0.296	fuzzy
2	42	18	2	43	18	0.307	fuzzy
2	42	19					gorresio_only
2	42	20					gorresio_only
2	42	21	2	43	21	0.288	fuzzy
2	43	1					gorresio_only
2	43	2					gorresio_only
2	43	5					gorresio_only
2	43	8					gorresio_only
2	43	9	2	45	1	0.622	matched
2	43	10					gorresio_only
2	43	11	2	45	10	0.257	fuzzy
2	43	12	2	45	11	0.259	fuzzy
2	43	13					gorresio_only
2	43	14					gorresio_only
2	43	17					gorresio_only
2	43	18					gorresio_only
2	43	19	2	45	18	0.274	fuzzy
2	43	20					gorresio_only
2	43	21					gorresio_only
2	43	22					gorresio_only
2	43	23					gorresio_only
2	43	25	2	45	24	0.277	fuzzy
2	43	29					gorresio_only
2	43	30					gorresio_only
2	43	31					gorresio_only
2	43	32					gorresio_only
2	43	34					gorresio_only
2	43	35					gorresio_only
2	43	36					gorresio_only
2	44	1					gorresio_only
2	44	2					gorresio_only
2	44	4					gorresio_only
2	44	5					gorresio_only
2	44	6	2	46	6	0.261	fuzzy
2	44	8	2	46	8	0.296	fuzzy
2	44	9					gorresio_only
2	44	10					gorresio_only
2	44	11					gorresio_only
2	44	12					gorresio_only
2	44	13	2	46	13	0.456	matched
2	44	14	2	46	14	0.361	fuzzy
2	44	15	2	46	15	0.393	fuzzy
2	44	16					gorresio_only
2	44	20					gorresio_only
2	44	21					gorresio_only
2	44	22	2	46	22	0.283	fuzzy
2	44	23	2	46	23	0.327	fuzzy
2	44	24	2	46	24	0.389	fuzzy
2	44	25					gorresio_only
2	44	28	2	46	28	0.384	fuzzy
2	44	29					gorresio_only
2	44	30					gorresio_only
2	45	1					gorresio_only
2	45	2	2	48	3	0.254	fuzzy
2	45	5					gorresio_only
2	45	6					gorresio_only
2	45	7					gorresio_only
2	45	8					gorresio_only
2	45	9					gorresio_only
2	45	10	2	48	8	0.472	matched
2	45	11					gorresio_only
2	45	12					gorresio_only
2	45	13					gorresio_only
2	45	14					gorresio_only
2	45	15	2	48	10	0.293	fuzzy
2	45	16					gorresio_only
2	45	17					gorresio_only
2	45	18					gorresio_only
2	45	20	2	48	19	0.276	fuzzy
2	45	22	2	48	20	0.266	fuzzy
2	45	23					gorresio_only
2	45	24					gorresio_only
2	45	25					gorresio_only
2	45	26					gorresio_only
2	45	27					gorresio_only
2	45	28	2	48	26	0.429	fuzzy
2	45	29					gorresio_only
2	45	30					gorresio_only
2	45	32	2	48	36	0.359	fuzzy
2	46	3					gorresio_only
2	46	5					gorresio_only
2	46	6					gorresio_only
2	46	8					gorresio_only
2	46	9	2	49	1	0.318	fuzzy
2	46	10					gorresio_only
2	46	11	2	49	11	0.36	fuzzy
2	46	12					gorresio_only
2	46	13					gorresio_only
2	46	14	2	49	14	0.376	fuzzy
2	46	15	2	49	15	0.387	fuzzy
2	46	16					gorresio_only
2	46	17	2	49	16	0.355	fuzzy
2	46	18	2	49	18	0.261	fuzzy
2	46	19					gorresio_only
2	46	20					gorresio_only
2	47	1	2	50	12	0.254	fuzzy
2	47	2					gorresio_only
2	47	4					gorresio_only
2	47	5	2	50	31	0.288	fuzzy
2	47	6					gorresio_only
2	47	8	2	50	32	0.258	fuzzy
2	47	9					gorresio_only
2	47	10	2	50	34	0.35	fuzzy
2	47	11	2	50	35	0.4	fuzzy
2	47	12	2	50	36	0.272	fuzzy
2	47	13					gorresio_only
2	47	14	2	50	39	0.333	fuzzy
2	47	15					gorresio_only
2	47	17	2	50	40	0.279	fuzzy
2	47	18					gorresio_only
2	47	19					gorresio_only
2	47	20					gorresio_only
2	47	21	2	50	44	0.495	matched
2	47	24					gorresio_only
2	47	25					gorresio_only
2	47	26	2	50	49	0.414	fuzzy
2	47	28	2	50	51	0.48	matched
2	48	1	2	86	10	0.589	moved
2	48	2	2	51	3	0.275	fuzzy
2	48	5					gorresio_only
2	48	6	2	51	6	0.33	fuzzy
2	48	7					gorresio_only
2	48	8					gorresio_only
2	48	9					gorresio_only
2	48	10					gorresio_only
2	48	11	2	51	11	0.312	fuzzy
2	48	12	2	86	13	0.621	moved
2	48	13					gorresio_only
2	48	14	2	51	14	0.483	matched
2	48	15					gorresio_only
2	48	16					gorresio_only
2	48	17					gorresio_only
2	48	20	2	51	21	0.28	fuzzy
2	48	21					gorresio_only
2	48	22	2	51	25	0.63	matched
2	48	24					gorresio_only
2	49	5	2	52	11	0.315	fuzzy
2	49	6					gorresio_only
2	49	8	2	52	15	0.295	fuzzy
2	49	9					gorresio_only
2	49	10					gorresio_only
2	49	19					gorresio_only
2	49	20					gorresio_only
2	49	24					gorresio_only
2	49	25					gorresio_only
2	49	28					gorresio_only
2	49	29					gorresio_only
2	49	30					gorresio_only
2	49	31					gorresio_only
2	49	32					gorresio_only
2	49	33					gorresio_only
2	49	34	2	52	34	0.625	matched
2	49	35	2	52	35	0.36	fuzzy
2	50	2					gorresio_only
2	50	3					gorresio_only
2	50	5					gorresio_only
2	50	8					gorresio_only
2	50	9					gorresio_only
2	50	10					gorresio_only
2	50	11					gorresio_only
2	50	13					gorresio_only
2	50	14					gorresio_only
2	50	15					gorresio_only
2	50	16					gorresio_only
2	50	17					gorresio_only
2	50	18					gorresio_only
2	50	20					gorresio_only
2	50	21					gorresio_only
2	51	1					gorresio_only
2	51	2					gorresio_only
2	51	3					gorresio_only
2	51	5					gorresio_only
2	51	6					gorresio_only
2	51	8					gorresio_only
2	51	9	2	52	37	0.437	fuzzy
2	51	10					gorresio_only
2	51	11	2	52	49	0.434	fuzzy
2	51	12	2	52	50	0.353	fuzzy
2	51	13					gorresio_only
2	51	19	2	52	52	0.257	fuzzy
2	51	20					gorresio_only
2	51	21					gorresio_only
2	51	23					gorresio_only
2	51	24					gorresio_only
2	52	2	2	52	68	0.495	matched
2	52	3					gorresio_only
2	52	5					gorresio_only
2	52	6					gorresio_only
2	52	8					gorresio_only
2	52	9	2	52	75	0.296	fuzzy
2	52	10					gorresio_only
2	52	11	2	52	77	0.294	fuzzy
2	52	12					gorresio_only
2	52	13					gorresio_only
2	52	17					gorresio_only
2	52	18					gorresio_only
2	52	19	2	52	85	0.426	fuzzy
2	52	20					gorresio_only
2	52	21					gorresio_only
2	52	22	2	52	88	0.369	fuzzy
2	52	23	2	52	92	0.442	fuzzy
2	52	24					gorresio_only
2	52	25					gorresio_only
2	52	26					gorresio_only
2	52	30					gorresio_only
2	52	32					gorresio_only
2	52	33					gorresio_only
2	52	34					gorresio_only
2	52	35					gorresio_only
2	52	36					gorresio_only
2	52	37					gorresio_only
2	52	38					gorresio_only
2	52	39					gorresio_only
2	52	40					gorresio_only
2	53	2					gorresio_only
2	53	4					gorresio_only
2	53	5					gorresio_only
2	53	6					gorresio_only
2	53	7					gorresio_only
2	53	8					gorresio_only
2	53	9					gorresio_only
2	53	10					gorresio_only
2	53	11					gorresio_only
2	53	12					gorresio_only
2	53	13	2	53	11	0.254	fuzzy
2	53	14	2	53	12	0.252	fuzzy
2	53	15					gorresio_only
2	53	16					gorresio_only
2	53	17					gorresio_only
2	53	18					gorresio_only
2	53	19					gorresio_only
2	53	20					gorresio_only
2	53	24					gorresio_only
2	53	25					gorresio_only
2	53	26	2	53	23	0.346	fuzzy
2	53	28					gorresio_only
2	53	29					gorresio_only
2	53	30					gorresio_only
2	53	31					gorresio_only
2	53	32	2	53	28	0.295	fuzzy
2	53	33					gorresio_only
2	53	39					gorresio_only
2	53	40					gorresio_only
2	53	41					gorresio_only
2	54	2					gorresio_only
2	54	3	2	54	3	0.31	fuzzy
2	54	4					gorresio_only
2	54	5					gorresio_only
2	54	6					gorresio_only
2	54	9					gorresio_only
2	54	10					gorresio_only
2	54	11					gorresio_only
2	54	12	2	54	12	0.308	fuzzy
2	54	13					gorresio_only
2	54	14	2	54	15	0.383	fuzzy
2	54	15	2	54	16	0.321	fuzzy
2	54	16	2	54	17	0.253	fuzzy
2	54	20	2	54	20	0.322	fuzzy
2	54	23					gorresio_only
2	54	25					gorresio_only
2	54	26					gorresio_only
2	54	28					gorresio_only
2	54	29	2	54	28	0.261	fuzzy
2	54	30					gorresio_only
2	54	31					gorresio_only
2	54	32					gorresio_only
2	54	36					gorresio_only
2	54	37					gorresio_only
2	54	38					gorresio_only
2	54	39					gorresio_only
2	54	40					gorresio_only
2	54	41					gorresio_only
2	54	42	2	54	43	0.282	fuzzy
2	55	1					gorresio_only
2	55	2					gorresio_only
2	55	5					gorresio_only
2	55	6					gorresio_only
2	55	8					gorresio_only
2	55	9					gorresio_only
2	55	10					gorresio_only
2	55	11					gorresio_only
2	55	12					gorresio_only
2	55	13					gorresio_only
2	55	15					gorresio_only
2	55	16					gorresio_only
2	55	17					gorresio_only
2	55	18					gorresio_only
2	55	19					gorresio_only
2	55	20					gorresio_only
2	55	21					gorresio_only
2	56	1					gorresio_only
2	56	2					gorresio_only
2	56	3	2	56	3	0.256	fuzzy
2	56	5					gorresio_only
2	56	7					gorresio_only
2	56	8					gorresio_only
2	56	9					gorresio_only
2	56	10					gorresio_only
2	56	11					gorresio_only
2	56	12					gorresio_only
2	56	13					gorresio_only
2	56	14					gorresio_only
2	56	15					gorresio_only
2	56	16					gorresio_only
2	56	20					gorresio_only
2	56	21					gorresio_only
2	56	23					gorresio_only
2	56	25					gorresio_only
2	56	26					gorresio_only
2	56	28					gorresio_only
2	56	29					gorresio_only
2	56	30					gorresio_only
2	56	31					gorresio_only
2	56	32					gorresio_only
2	56	33					gorresio_only
2	57	2					gorresio_only
2	57	5					gorresio_only
2	57	6					gorresio_only
2	57	8					gorresio_only
2	57	9					gorresio_only
2	57	10					gorresio_only
2	57	11					gorresio_only
2	57	12					gorresio_only
2	57	13					gorresio_only
2	57	14					gorresio_only
2	57	15					gorresio_only
2	57	16					gorresio_only
2	57	17					gorresio_only
2	57	18					gorresio_only
2	57	19	2	57	21	0.412	fuzzy
2	57	20					gorresio_only
2	57	21					gorresio_only
2	57	25					gorresio_only
2	57	26	2	57	28	0.431	fuzzy
2	57	27	2	57	29	0.297	fuzzy
2	57	28					gorresio_only
2	57	29					gorresio_only
2	57	30					gorresio_only
2	57	31					gorresio_only
2	58	1					gorresio_only
2	58	2					gorresio_only
2	58	3					gorresio_only
2	58	5					gorresio_only
2	58	6					gorresio_only
2	58	8					gorresio_only
2	58	9					gorresio_only
2	58	10					gorresio_only
2	58	11					gorresio_only
2	58	12					gorresio_only
2	58	13	2	58	13	0.286	fuzzy
2	58	14					gorresio_only
2	58	15					gorresio_only
2	58	16					gorresio_only
2	58	20					gorresio_only
2	58	21					gorresio_only
2	58	22					gorresio_only
2	58	25					gorresio_only
2	58	26					gorresio_only
2	58	28					gorresio_only
2	58	30					gorresio_only
2	58	31					gorresio_only
2	58	32					gorresio_only
2	58	33					gorresio_only
2	58	34					gorresio_only
2	58	35					gorresio_only
2	58	36					gorresio_only
2	59	2					gorresio_only
2	59	4					gorresio_only
2	59	6					gorresio_only
2	59	7					gorresio_only
2	59	8					gorresio_only
2	59	9					gorresio_only
2	59	10					gorresio_only
2	59	11					gorresio_only
2	59	12					gorresio_only
2	59	13					gorresio_only
2	59	14					gorresio_only
2	59	15					gorresio_only
2	59	19					gorresio_only
2	59	20					gorresio_only
2	59	22					gorresio_only
2	59	23	2	59	23	0.294	fuzzy
2	59	24					gorresio_only
2	59	25					gorresio_only
2	59	26					gorresio_only
2	59	28					gorresio_only
2	59	29					gorresio_only
2	59	30					gorresio_only
2	60	1					gorresio_only
2	60	2					gorresio_only
2	60	5					gorresio_only
2	60	6					gorresio_only
2	60	8					gorresio_only
2	60	9					gorresio_only
2	60	10					gorresio_only
2	60	11	2	60	11	0.261	fuzzy
2	60	16					gorresio_only
2	60	17					gorresio_only
2	60	18					gorresio_only
2	60	19					gorresio_only
2	60	20					gorresio_only
2	60	21					gorresio_only
2	60	22					gorresio_only
2	60	23					gorresio_only
2	61	3					gorresio_only
2	61	5					gorresio_only
2	61	6					gorresio_only
2	61	8					gorresio_only
2	61	10					gorresio_only
2	61	11					gorresio_only
2	61	12					gorresio_only
2	61	13					gorresio_only
2	61	14					gorresio_only
2	61	15					gorresio_only
2	61	16					gorresio_only
2	61	17					gorresio_only
2	61	18					gorresio_only
2	61	20					gorresio_only
2	61	21					gorresio_only
2	61	22					gorresio_only
2	61	25					gorresio_only
2	61	26					gorresio_only
2	61	27					gorresio_only
2	61	28					gorresio_only
2	61	29					gorresio_only
2	61	30					gorresio_only
2	61	31					gorresio_only
2	61	32					gorresio_only
2	61	33					gorresio_only
2	61	34					gorresio_only
2	62	2					gorresio_only
2	62	4					gorresio_only
2	62	5					gorresio_only
2	62	6					gorresio_only
2	62	8					gorresio_only
2	62	9					gorresio_only
2	62	10					gorresio_only
2	62	11					gorresio_only
2	62	12					gorresio_only
2	62	13					gorresio_only
2	62	15					gorresio_only
2	62	16					gorresio_only
2	62	17					gorresio_only
2	62	19					gorresio_only
2	62	22					gorresio_only
2	62	24					gorresio_only
2	62	26					gorresio_only
2	62	27					gorresio_only
2	62	30					gorresio_only
2	62	31					gorresio_only
2	62	32					gorresio_only
2	62	33					gorresio_only
2	62	34					gorresio_only
2	62	35					gorresio_only
2	62	36					gorresio_only
2	62	37					gorresio_only
2	62	40					gorresio_only
2	62	41					gorresio_only
2	62	42					gorresio_only
2	62	43					gorresio_only
2	63	1					gorresio_only
2	63	2					gorresio_only
2	63	5					gorresio_only
2	63	6					gorresio_only
2	63	8					gorresio_only
2	63	9					gorresio_only
2	63	10					gorresio_only
2	63	16					gorresio_only
2	63	19					gorresio_only
2	63	20					gorresio_only
2	64	2					gorresio_only
2	64	5					gorresio_only
2	64	6					gorresio_only
2	64	7					gorresio_only
2	64	8					gorresio_only
2	64	9					gorresio_only
2	64	10					gorresio_only
2	64	11					gorresio_only
2	64	12					gorresio_only
2	64	13					gorresio_only
2	64	14					gorresio_only
2	64	15					gorresio_only
2	64	16					gorresio_only
2	64	20					gorresio_only
2	65	2					gorresio_only
2	65	3					gorresio_only
2	65	5					gorresio_only
2	65	6					gorresio_only
2	65	8					gorresio_only
2	65	9					gorresio_only
2	65	10					gorresio_only
2	65	11					gorresio_only
2	65	12					gorresio_only
2	65	13					gorresio_only
2	65	14					gorresio_only
2	65	15	2	63	20	0.259	fuzzy
2	65	16					gorresio_only
2	65	17					gorresio_only
2	65	18					gorresio_only
2	65	20					gorresio_only
2	65	23					gorresio_only
2	65	24					gorresio_only
2	65	25	2	63	29	0.448	fuzzy
2	65	27					gorresio_only
2	65	28	2	63	33	0.317	fuzzy
2	65	29					gorresio_only
2	65	30					gorresio_only
2	65	32					gorresio_only
2	65	34					gorresio_only
2	65	35					gorresio_only
2	65	36	2	63	45	0.33	fuzzy
2	65	39					gorresio_only
2	65	40	2	63	47	0.29	fuzzy
2	65	41					gorresio_only
2	65	42					gorresio_only
2	65	43					gorresio_only
2	65	44					gorresio_only
2	65	45					gorresio_only
2	65	46					gorresio_only
2	65	47					gorresio_only
2	66	1					gorresio_only
2	66	2					gorresio_only
2	66	3					gorresio_only
2	66	4					gorresio_only
2	66	5	2	64	7	0.286	fuzzy
2	66	8					gorresio_only
2	66	9					gorresio_only
2	66	10					gorresio_only
2	66	11					gorresio_only
2	66	12					gorresio_only
2	66	13					gorresio_only
2	66	16					gorresio_only
2	66	17					gorresio_only
2	66	18					gorresio_only
2	66	20					gorresio_only
2	66	26					gorresio_only
2	66	27					gorresio_only
2	66	28					gorresio_only
2	66	29					gorresio_only
2	66	30					gorresio_only
2	66	31					gorresio_only
2	66	32					gorresio_only
2	66	33					gorresio_only
2	66	34					gorresio_only
2	66	35	2	64	36	0.42	fuzzy
2	66	36					gorresio_only
2	66	37					gorresio_only
2	66	38					gorresio_only
2	66	39					gorresio_only
2	66	40					gorresio_only
2	66	41					gorresio_only
2	66	42					gorresio_only
2	66	43					gorresio_only
2	66	46					gorresio_only
2	66	47					gorresio_only
2	66	48					gorresio_only
2	66	49					gorresio_only
2	66	50					gorresio_only
2	66	52					gorresio_only
2	66	53					gorresio_only
2	66	55					gorresio_only
2	66	56					gorresio_only
2	66	58					gorresio_only
2	66	59					gorresio_only
2	66	60					gorresio_only
2	66	61					gorresio_only
2	66	62					gorresio_only
2	66	63	2	64	72	0.396	fuzzy
2	66	64					gorresio_only
2	66	65					gorresio_only
2	66	66					gorresio_only
2	66	67					gorresio_only
2	66	69					gorresio_only
2	67	1					gorresio_only
2	67	2					gorresio_only
2	67	5					gorresio_only
2	67	6					gorresio_only
2	67	8					gorresio_only
2	67	10					gorresio_only
2	67	11					gorresio_only
2	67	13					gorresio_only
2	67	14					gorresio_only
2	67	15					gorresio_only
2	67	16					gorresio_only
2	67	17					gorresio_only
2	67	18					gorresio_only
2	67	19					gorresio_only
2	67	20					gorresio_only
2	67	21					gorresio_only
2	67	25					gorresio_only
2	68	2					gorresio_only
2	68	3					gorresio_only
2	68	4					gorresio_only
2	68	5					gorresio_only
2	68	8					gorresio_only
2	68	9					gorresio_only
2	68	10					gorresio_only
2	68	11					gorresio_only
2	68	12					gorresio_only
2	68	13					gorresio_only
2	68	16					gorresio_only
2	68	17					gorresio_only
2	68	18					gorresio_only
2	68	19					gorresio_only
2	68	20					gorresio_only
2	68	21					gorresio_only
2	68	23					gorresio_only
2	68	25					gorresio_only
2	68	26					gorresio_only
2	68	27					gorresio_only
2	68	28					gorresio_only
2	68	29					gorresio_only
2	68	30					gorresio_only
2	68	31					gorresio_only
2	68	32					gorresio_only
2	68	33					gorresio_only
2	68	34					gorresio_only
2	68	35					gorresio_only
2	68	36					gorresio_only
2	68	38					gorresio_only
2	68	39					gorresio_only
2	68	40					gorresio_only
2	68	41					gorresio_only
2	68	42					gorresio_only
2	68	43					gorresio_only
2	68	44					gorresio_only
2	68	45					gorresio_only
2	68	46					gorresio_only
2	68	47					gorresio_only
2	68	48					gorresio_only
2	68	49					gorresio_only
2	68	51					gorresio_only
2	68	52					gorresio_only
2	68	55	2	66	29	0.251	fuzzy
2	68	56					gorresio_only
2	68	57					gorresio_only
2	69	1					gorresio_only
2	69	2					gorresio_only
2	69	3					gorresio_only
2	69	5					gorresio_only
2	69	6					gorresio_only
2	69	8					gorresio_only
2	69	9	2	67	2	0.373	fuzzy
2	69	12					gorresio_only
2	69	13					gorresio_only
2	69	15					gorresio_only
2	69	16					gorresio_only
2	69	18					gorresio_only
2	69	19					gorresio_only
2	69	20					gorresio_only
2	69	21					gorresio_only
2	69	25					gorresio_only
2	69	26					gorresio_only
2	69	28					gorresio_only
2	69	29					gorresio_only
2	69	30	2	67	36	0.29	fuzzy
2	69	31					gorresio_only
2	69	33					gorresio_only
2	69	34					gorresio_only
2	70	1	2	68	9	0.453	moved
2	70	2					gorresio_only
2	70	3					gorresio_only
2	70	4					gorresio_only
2	70	5					gorresio_only
2	70	6	2	68	6	0.262	fuzzy
2	70	7					gorresio_only
2	70	8					gorresio_only
2	70	10					gorresio_only
2	70	13					gorresio_only
2	70	15					gorresio_only
2	70	16					gorresio_only
2	70	18					gorresio_only
2	70	19					gorresio_only
2	70	20					gorresio_only
2	71	1					gorresio_only
2	71	3					gorresio_only
2	71	5					gorresio_only
2	71	6					gorresio_only
2	71	7					gorresio_only
2	71	8					gorresio_only
2	71	10					gorresio_only
2	71	11					gorresio_only
2	71	12					gorresio_only
2	71	13					gorresio_only
2	71	18					gorresio_only
2	71	19					gorresio_only
2	71	20					gorresio_only
2	71	21					gorresio_only
2	71	23					gorresio_only
2	72	1					gorresio_only
2	72	2					gorresio_only
2	72	5					gorresio_only
2	72	6					gorresio_only
2	72	8					gorresio_only
2	72	9	2	68	7	0.27	fuzzy
2	72	10					gorresio_only
2	72	11					gorresio_only
2	72	14					gorresio_only
2	72	15					gorresio_only
2	72	17					gorresio_only
2	72	18	2	70	17	0.255	fuzzy
2	72	20					gorresio_only
2	72	21					gorresio_only
2	72	23					gorresio_only
2	72	24					gorresio_only
2	72	25					gorresio_only
2	72	26	2	70	28	0.295	fuzzy
2	72	27					gorresio_only
2	73	1					gorresio_only
2	73	2					gorresio_only
2	73	5					gorresio_only
2	73	6					gorresio_only
2	73	8					gorresio_only
2	73	10					gorresio_only
2	73	11					gorresio_only
2	73	12					gorresio_only
2	73	13					gorresio_only
2	73	14					gorresio_only
2	73	15					gorresio_only
2	73	16					gorresio_only
2	73	17	2	71	18	0.325	fuzzy
2	73	18					gorresio_only
2	73	19					gorresio_only
2	73	20					gorresio_only
2	73	25					gorresio_only
2	73	26	2	71	44	0.36	fuzzy
2	73	27					gorresio_only
2	73	28					gorresio_only
2	73	29					gorresio_only
2	73	30					gorresio_only
2	73	31					gorresio_only
2	73	32	2	71	47	0.267	fuzzy
2	74	2					gorresio_only
2	74	5					gorresio_only
2	74	6					gorresio_only
2	74	9					gorresio_only
2	74	10					gorresio_only
2	74	11					gorresio_only
2	74	12					gorresio_only
2	74	13					gorresio_only
2	74	18					gorresio_only
2	74	19					gorresio_only
2	74	20					gorresio_only
2	74	22					gorresio_only
2	74	23					gorresio_only
2	74	24					gorresio_only
2	74	25					gorresio_only
2	74	26					gorresio_only
2	74	28					gorresio_only
2	74	29					gorresio_only
2	74	30					gorresio_only
2	74	31					gorresio_only
2	74	32					gorresio_only
2	74	33					gorresio_only
2	74	34					gorresio_only
2	74	35					gorresio_only
2	74	36					gorresio_only
2	74	37					gorresio_only
2	74	38					gorresio_only
2	74	39					gorresio_only
2	74	40					gorresio_only
2	74	41					gorresio_only
2	74	42					gorresio_only
2	74	43					gorresio_only
2	74	44					gorresio_only
2	74	45					gorresio_only
2	74	46					gorresio_only
2	74	48					gorresio_only
2	74	50					gorresio_only
2	74	52					gorresio_only
2	74	53					gorresio_only
2	74	55					gorresio_only
2	74	56					gorresio_only
2	74	57					gorresio_only
2	74	58					gorresio_only
2	74	59					gorresio_only
2	74	60					gorresio_only
2	74	61					gorresio_only
2	74	62					gorresio_only
2	74	63					gorresio_only
2	74	64					gorresio_only
2	75	2					gorresio_only
2	75	3					gorresio_only
2	75	5					gorresio_only
2	75	6					gorresio_only
2	75	7					gorresio_only
2	75	8					gorresio_only
2	75	9					gorresio_only
2	75	10					gorresio_only
2	75	11					gorresio_only
2	75	12					gorresio_only
2	75	13					gorresio_only
2	75	17					gorresio_only
2	75	18					gorresio_only
2	75	19					gorresio_only
2	75	20					gorresio_only
2	75	21					gorresio_only
2	75	22					gorresio_only
2	75	23					gorresio_only
2	75	25	2	73	10	0.275	fuzzy
2	75	26					gorresio_only
2	75	27	2	73	11	0.48	matched
2	75	28					gorresio_only
2	75	29					gorresio_only
2	75	30					gorresio_only
2	76	2					gorresio_only
2	76	3					gorresio_only
2	76	5					gorresio_only
2	76	6					gorresio_only
2	76	7					gorresio_only
2	76	8					gorresio_only
2	76	9					gorresio_only
2	76	10					gorresio_only
2	76	11					gorresio_only
2	76	12					gorresio_only
2	76	13					gorresio_only
2	76	14					gorresio_only
2	76	15					gorresio_only
2	76	17					gorresio_only
2	76	18					gorresio_only
2	76	20					gorresio_only
2	76	21					gorresio_only
2	76	23					gorresio_only
2	76	24					gorresio_only
2	76	25					gorresio_only
2	76	26					gorresio_only
2	76	27					gorresio_only
2	76	29					gorresio_only
2	76	30					gorresio_only
2	76	31					gorresio_only
2	76	32					gorresio_only
2	77	2					gorresio_only
2	77	6					gorresio_only
2	77	7					gorresio_only
2	77	8					gorresio_only
2	77	9					gorresio_only
2	77	10					gorresio_only
2	77	11					gorresio_only
2	77	12					gorresio_only
2	77	13					gorresio_only
2	77	15					gorresio_only
2	77	16					gorresio_only
2	77	17					gorresio_only
2	77	18					gorresio_only
2	77	19					gorresio_only
2	77	21					gorresio_only
2	77	23					gorresio_only
2	77	24					gorresio_only
2	77	25					gorresio_only
2	77	26					gorresio_only
2	77	27					gorresio_only
2	77	28					gorresio_only
2	77	29					gorresio_only
2	77	30					gorresio_only
2	77	31					gorresio_only
2	77	32					gorresio_only
2	78	2					gorresio_only
2	78	5					gorresio_only
2	78	6					gorresio_only
2	78	8					gorresio_only
2	78	9					gorresio_only
2	78	10					gorresio_only
2	78	11	2	75	6	0.531	matched
2	78	12					gorresio_only
2	78	13					gorresio_only
2	78	14					gorresio_only
2	78	15					gorresio_only
2	78	16					gorresio_only
2	78	17					gorresio_only
2	78	18					gorresio_only
2	78	19					gorresio_only
2	78	20					gorresio_only
2	78	21					gorresio_only
2	78	22					gorresio_only
2	78	23					gorresio_only
2	79	2	2	75	20	0.33	fuzzy
2	79	3	2	75	21	0.411	fuzzy
2	79	4					gorresio_only
2	79	5					gorresio_only
2	79	6					gorresio_only
2	79	7	2	75	27	0.362	fuzzy
2	79	8	2	75	28	0.277	fuzzy
2	79	9					gorresio_only
2	79	10					gorresio_only
2	79	11					gorresio_only
2	79	12	2	75	30	0.273	fuzzy
2	79	13					gorresio_only
2	79	16					gorresio_only
2	79	17					gorresio_only
2	79	18					gorresio_only
2	79	19					gorresio_only
2	79	20					gorresio_only
2	79	21					gorresio_only
2	79	22					gorresio_only
2	79	24					gorresio_only
2	79	26					gorresio_only
2	79	28					gorresio_only
2	79	30					gorresio_only
2	79	31					gorresio_only
2	79	32					gorresio_only
2	79	33					gorresio_only
2	79	34	2	75	64	0.266	fuzzy
2	79	35					gorresio_only
2	79	36					gorresio_only
2	79	38					gorresio_only
2	79	39					gorresio_only
2	79	40					gorresio_only
2	80	1					gorresio_only
2	80	2					gorresio_only
2	80	3					gorresio_only
2	80	5					gorresio_only
2	80	6					gorresio_only
2	80	7					gorresio_only
2	80	8					gorresio_only
2	80	9					gorresio_only
2	80	10					gorresio_only
2	80	11					gorresio_only
2	80	12					gorresio_only
2	80	13					gorresio_only
2	80	14					gorresio_only
2	80	15					gorresio_only
2	80	16					gorresio_only
2	80	19					gorresio_only
2	80	20					gorresio_only
2	80	22					gorresio_only
2	80	23					gorresio_only
2	80	24					gorresio_only
2	81	1					gorresio_only
2	81	2					gorresio_only
2	81	4					gorresio_only
2	81	5					gorresio_only
2	81	6					gorresio_only
2	81	8					gorresio_only
2	81	9					gorresio_only
2	81	10					gorresio_only
2	81	11					gorresio_only
2	81	12					gorresio_only
2	81	14					gorresio_only
2	81	15					gorresio_only
2	81	16					gorresio_only
2	81	17					gorresio_only
2	81	18					gorresio_only
2	81	19					gorresio_only
2	81	20					gorresio_only
2	81	21					gorresio_only
2	81	22					gorresio_only
2	81	23					gorresio_only
2	81	25					gorresio_only
2	81	26					gorresio_only
2	81	29					gorresio_only
2	81	30					gorresio_only
2	81	31					gorresio_only
2	81	32					gorresio_only
2	81	33					gorresio_only
2	82	1					gorresio_only
2	82	2					gorresio_only
2	82	3					gorresio_only
2	82	4					gorresio_only
2	82	5					gorresio_only
2	82	6					gorresio_only
2	82	8					gorresio_only
2	82	9					gorresio_only
2	82	10					gorresio_only
2	82	11					gorresio_only
2	82	12					gorresio_only
2	82	13					gorresio_only
2	82	14					gorresio_only
2	82	15					gorresio_only
2	83	1					gorresio_only
2	83	2					gorresio_only
2	83	3					gorresio_only
2	83	5					gorresio_only
2	83	6					gorresio_only
2	83	9					gorresio_only
2	83	10					gorresio_only
2	83	11					gorresio_only
2	83	12					gorresio_only
2	83	13					gorresio_only
2	83	16					gorresio_only
2	83	17					gorresio_only
2	83	18					gorresio_only
2	83	19					gorresio_only
2	83	20					gorresio_only
2	83	21					gorresio_only
2	83	22					gorresio_only
2	83	24					gorresio_only
2	83	25					gorresio_only
2	83	26					gorresio_only
2	83	28					gorresio_only
2	83	29					gorresio_only
2	83	30					gorresio_only
2	83	31					gorresio_only
2	83	32					gorresio_only
2	83	33					gorresio_only
2	83	34					gorresio_only
2	83	35					gorresio_only
2	83	36					gorresio_only
2	83	37					gorresio_only
2	83	38					gorresio_only
2	83	39					gorresio_only
2	83	40					gorresio_only
2	83	41					gorresio_only
2	84	1					gorresio_only
2	84	2					gorresio_only
2	84	8					gorresio_only
2	84	9					gorresio_only
2	84	10					gorresio_only
2	84	15					gorresio_only
2	84	18					gorresio_only
2	84	19					gorresio_only
2	84	20					gorresio_only
2	84	21					gorresio_only
2	84	22					gorresio_only
2	84	23					gorresio_only
2	84	24					gorresio_only
2	85	2					gorresio_only
2	85	5					gorresio_only
2	85	6					gorresio_only
2	85	7					gorresio_only
2	85	8					gorresio_only
2	85	9					gorresio_only
2	85	10					gorresio_only
2	85	11					gorresio_only
2	85	12					gorresio_only
2	85	13					gorresio_only
2	85	14					gorresio_only
2	85	16					gorresio_only
2	85	17					gorresio_only
2	85	18					gorresio_only
2	85	19					gorresio_only
2	85	20					gorresio_only
2	85	21					gorresio_only
2	85	22					gorresio_only
2	85	23					gorresio_only
2	85	24					gorresio_only
2	85	25					gorresio_only
2	85	26					gorresio_only
2	86	2					gorresio_only
2	86	4					gorresio_only
2	86	5					gorresio_only
2	86	6					gorresio_only
2	86	8					gorresio_only
2	86	9					gorresio_only
2	86	10					gorresio_only
2	86	11					gorresio_only
2	86	12					gorresio_only
2	86	13					gorresio_only
2	86	15					gorresio_only
2	86	16	2	79	12	0.297	fuzzy
2	86	17					gorresio_only
2	86	18					gorresio_only
2	86	19					gorresio_only
2	86	20					gorresio_only
2	86	21	2	79	17	0.349	fuzzy
2	87	2					gorresio_only
2	87	5					gorresio_only
2	87	6					gorresio_only
2	87	7					gorresio_only
2	87	9	2	80	1	0.328	fuzzy
2	87	10	2	80	8	0.33	fuzzy
2	87	11					gorresio_only
2	87	13					gorresio_only
2	87	14					gorresio_only
2	87	15					gorresio_only
2	87	16					gorresio_only
2	87	17					gorresio_only
2	87	18					gorresio_only
2	87	19					gorresio_only
2	87	20					gorresio_only
2	87	21					gorresio_only
2	87	22					gorresio_only
2	87	25	2	80	22	0.292	fuzzy
2	88	2					gorresio_only
2	88	5					gorresio_only
2	88	6					gorresio_only
2	88	8					gorresio_only
2	88	9	2	82	4	0.276	fuzzy
2	88	10	2	82	11	0.254	fuzzy
2	88	11	2	82	12	0.286	fuzzy
2	88	12	2	82	13	0.345	fuzzy
2	88	14					gorresio_only
2	88	16					gorresio_only
2	88	17					gorresio_only
2	88	18					gorresio_only
2	88	20					gorresio_only
2	88	21	2	82	17	0.261	fuzzy
2	88	22					gorresio_only
2	88	23					gorresio_only
2	88	24					gorresio_only
2	88	25					gorresio_only
2	88	26					gorresio_only
2	88	27					gorresio_only
2	89	1					gorresio_only
2	89	2	2	82	22	0.398	fuzzy
2	89	5					gorresio_only
2	89	7					gorresio_only
2	89	8					gorresio_only
2	89	9					gorresio_only
2	89	10	2	82	29	0.347	fuzzy
2	89	11					gorresio_only
2	89	12	2	82	31	0.411	fuzzy
2	89	13					gorresio_only
2	90	1					gorresio_only
2	90	2	2	83	3	0.402	fuzzy
2	90	5					gorresio_only
2	90	6	2	83	6	0.5	matched
2	90	8	2	83	8	0.28	fuzzy
2	90	10					gorresio_only
2	90	11					gorresio_only
2	90	12	2	83	12	0.302	fuzzy
2	90	13					gorresio_only
2	90	17					gorresio_only
2	90	18					gorresio_only
2	90	19					gorresio_only
2	90	20					gorresio_only
2	90	21					gorresio_only
2	90	22					gorresio_only
2	90	23					gorresio_only
2	90	25					gorresio_only
2	90	26					gorresio_only
2	90	27					gorresio_only
2	90	28					gorresio_only
2	90	29					gorresio_only
2	90	30	2	83	16	0.297	fuzzy
2	90	34					gorresio_only
2	90	35					gorresio_only
2	90	36					gorresio_only
2	90	37					gorresio_only
2	90	38	2	83	25	0.26	fuzzy
2	90	39					gorresio_only
2	90	40					gorresio_only
2	91	2					gorresio_only
2	91	3					gorresio_only
2	91	5					gorresio_only
2	91	6					gorresio_only
2	91	8					gorresio_only
2	91	9					gorresio_only
2	91	10					gorresio_only
2	91	11					gorresio_only
2	91	13					gorresio_only
2	91	14					gorresio_only
2	91	15					gorresio_only
2	91	17					gorresio_only
2	91	18					gorresio_only
2	91	20					gorresio_only
2	92	2					gorresio_only
2	92	5					gorresio_only
2	92	8					gorresio_only
2	92	9	2	84	10	0.302	fuzzy
2	92	10					gorresio_only
2	92	11					gorresio_only
2	92	12	2	85	3	0.256	fuzzy
2	92	13	2	85	4	0.284	fuzzy
2	92	14					gorresio_only
2	92	15					gorresio_only
2	92	16	2	85	8	0.346	fuzzy
2	92	18					gorresio_only
2	92	19	2	85	10	0.342	fuzzy
2	92	20					gorresio_only
2	92	21	2	85	12	0.271	fuzzy
2	92	22	2	85	13	0.342	fuzzy
2	92	23	2	85	14	0.309	fuzzy
2	92	24					gorresio_only
2	92	25					gorresio_only
2	92	26					gorresio_only
2	92	27					gorresio_only
2	92	28					gorresio_only
2	93	2					gorresio_only
2	93	5					gorresio_only
2	93	6					gorresio_only
2	93	7					gorresio_only
2	93	8					gorresio_only
2	93	9					gorresio_only
2	93	10					gorresio_only
2	93	11					gorresio_only
2	93	12					gorresio_only
2	93	13					gorresio_only
2	93	18					gorresio_only
2	93	19					gorresio_only
2	94	2					gorresio_only
2	94	4	2	86	3	0.289	fuzzy
2	94	5					gorresio_only
2	94	6	2	86	5	0.382	fuzzy
2	94	7	2	86	6	0.33	fuzzy
2	94	8					gorresio_only
2	94	9					gorresio_only
2	94	14	2	86	13	0.543	matched
2	94	15					gorresio_only
2	94	16	2	86	15	0.255	fuzzy
2	94	17					gorresio_only
2	94	18					gorresio_only
2	94	19					gorresio_only
2	94	20					gorresio_only
2	94	21					gorresio_only
2	94	22					gorresio_only
2	94	23	2	86	24	0.394	fuzzy
2	94	24	2	86	25	0.357	fuzzy
2	95	1					gorresio_only
2	95	3	2	87	2	0.298	fuzzy
2	95	5					gorresio_only
2	95	6	2	87	6	0.452	matched
2	95	8					gorresio_only
2	95	9					gorresio_only
2	95	10					gorresio_only
2	95	11					gorresio_only
2	95	12					gorresio_only
2	95	13					gorresio_only
2	95	14					gorresio_only
2	95	15					gorresio_only
2	95	16					gorresio_only
2	95	17					gorresio_only
2	95	18					gorresio_only
2	95	19					gorresio_only
2	95	20					gorresio_only
2	95	21					gorresio_only
2	95	23					gorresio_only
2	95	24					gorresio_only
2	95	25					gorresio_only
2	95	26					gorresio_only
2	95	27					gorresio_only
2	96	1					gorresio_only
2	96	2					gorresio_only
2	96	5					gorresio_only
2	96	6	2	88	6	0.306	fuzzy
2	96	8					gorresio_only
2	96	9					gorresio_only
2	96	10					gorresio_only
2	96	11					gorresio_only
2	96	12					gorresio_only
2	96	13	2	88	11	0.324	fuzzy
2	96	14					gorresio_only
2	96	15	2	88	12	0.419	fuzzy
2	96	16					gorresio_only
2	96	20	2	88	22	0.373	fuzzy
2	96	21	2	88	23	0.406	fuzzy
2	96	22					gorresio_only
2	96	23	2	88	25	0.413	fuzzy
2	96	24					gorresio_only
2	96	25					gorresio_only
2	96	26	2	88	29	0.277	fuzzy
2	97	1	2	89	5	0.315	fuzzy
2	97	2					gorresio_only
2	97	5					gorresio_only
2	97	6					gorresio_only
2	97	7					gorresio_only
2	97	8					gorresio_only
2	97	9					gorresio_only
2	97	10					gorresio_only
2	97	11					gorresio_only
2	97	12					gorresio_only
2	97	13	2	89	7	0.296	fuzzy
2	97	14					gorresio_only
2	97	15	2	89	9	0.333	fuzzy
2	97	16	2	89	10	0.265	fuzzy
2	97	17	2	89	11	0.38	fuzzy
2	97	18	2	89	12	0.354	fuzzy
2	97	20					gorresio_only
2	97	21	2	89	15	0.254	fuzzy
2	97	22					gorresio_only
2	97	23					gorresio_only
2	97	25					gorresio_only
2	97	26					gorresio_only
2	98	1					gorresio_only
2	98	2					gorresio_only
2	98	6					gorresio_only
2	98	7					gorresio_only
2	98	8					gorresio_only
2	98	9					gorresio_only
2	98	10					gorresio_only
2	98	11					gorresio_only
2	98	12					gorresio_only
2	98	13					gorresio_only
2	98	14					gorresio_only
2	98	15					gorresio_only
2	98	16					gorresio_only
2	98	17					gorresio_only
2	98	18					gorresio_only
2	98	20					gorresio_only
2	98	21					gorresio_only
2	98	22					gorresio_only
2	98	23					gorresio_only
2	98	24					gorresio_only
2	99	1					gorresio_only
2	99	2					gorresio_only
2	99	6					gorresio_only
2	99	8					gorresio_only
2	99	9					gorresio_only
2	99	10					gorresio_only
2	99	11	2	90	8	0.296	fuzzy
2	99	12	2	90	9	0.406	fuzzy
2	99	13					gorresio_only
2	99	14					gorresio_only
2	99	15	2	90	12	0.297	fuzzy
2	99	16					gorresio_only
2	99	17					gorresio_only
2	99	18					gorresio_only
2	99	20					gorresio_only
2	99	21					gorresio_only
2	99	22					gorresio_only
2	99	23					gorresio_only
2	99	25					gorresio_only
2	99	26	2	90	18	0.471	matched
2	99	27					gorresio_only
2	99	29					gorresio_only
2	99	30					gorresio_only
2	99	31					gorresio_only
2	99	32					gorresio_only
2	99	33					gorresio_only
2	99	36					gorresio_only
2	99	37					gorresio_only
2	99	38					gorresio_only
2	99	39					gorresio_only
2	100	2					gorresio_only
2	100	5					gorresio_only
2	100	6					gorresio_only
2	100	8					gorresio_only
2	100	9	2	91	3	0.281	fuzzy
2	100	10					gorresio_only
2	100	11	2	91	12	0.292	fuzzy
2	100	15					gorresio_only
2	100	16					gorresio_only
2	100	17	2	91	20	0.505	matched
2	100	18	2	91	21	0.488	matched
2	100	19	2	91	22	0.32	fuzzy
2	100	20	2	91	23	0.311	fuzzy
2	100	24					gorresio_only
2	100	25					gorresio_only
2	100	26					gorresio_only
2	100	28					gorresio_only
2	100	29					gorresio_only
2	100	30	2	91	32	0.256	fuzzy
2	100	31					gorresio_only
2	100	35					gorresio_only
2	100	36	2	91	38	0.277	fuzzy
2	100	37					gorresio_only
2	100	39					gorresio_only
2	100	40	2	91	41	0.387	fuzzy
2	100	41					gorresio_only
2	100	46	2	91	47	0.485	matched
2	100	47	2	91	48	0.379	fuzzy
2	100	48					gorresio_only
2	100	49					gorresio_only
2	100	50					gorresio_only
2	100	52					gorresio_only
2	100	53					gorresio_only
2	100	54					gorresio_only
2	100	55					gorresio_only
2	100	56					gorresio_only
2	100	57					gorresio_only
2	100	58	2	91	64	0.354	fuzzy
2	100	59	2	91	65	0.301	fuzzy
2	100	60					gorresio_only
2	100	63					gorresio_only
2	100	65					gorresio_only
2	100	66					gorresio_only
2	100	67					gorresio_only
2	100	68	2	91	75	0.576	matched
2	100	69	2	91	76	0.308	fuzzy
2	100	70					gorresio_only
2	100	71					gorresio_only
2	100	72					gorresio_only
2	100	74	2	91	81	0.325	fuzzy
2	100	75	2	91	82	0.695	matched
2	100	76					gorresio_only
2	100	77	2	91	84	0.368	fuzzy
2	101	1					gorresio_only
2	101	2	2	92	4	0.33	fuzzy
2	101	5					gorresio_only
2	101	6	2	92	6	0.325	fuzzy
2	101	8					gorresio_only
2	101	9					gorresio_only
2	101	10					gorresio_only
2	101	13					gorresio_only
2	101	14					gorresio_only
2	101	15					gorresio_only
2	101	16	2	92	16	0.266	fuzzy
2	101	17	2	92	17	0.283	fuzzy
2	101	19					gorresio_only
2	101	20	2	92	18	0.409	fuzzy
2	101	21	2	92	19	0.302	fuzzy
2	101	23	2	92	21	0.62	matched
2	101	24	2	92	22	0.358	fuzzy
2	101	26					gorresio_only
2	101	27					gorresio_only
2	101	29					gorresio_only
2	101	30					gorresio_only
2	101	33					gorresio_only
2	101	34					gorresio_only
2	101	35	2	92	33	0.304	fuzzy
2	101	36	2	92	34	0.279	fuzzy
2	101	37					gorresio_only
2	101	38	2	92	36	0.333	fuzzy
2	101	39					gorresio_only
2	101	40					gorresio_only
2	101	41					gorresio_only
2	102	1					gorresio_only
2	102	2	2	93	2	0.266	fuzzy
2	102	5					gorresio_only
2	102	6					gorresio_only
2	102	7					gorresio_only
2	102	8	2	93	7	0.364	fuzzy
2	102	9	2	93	8	0.277	fuzzy
2	102	10					gorresio_only
2	102	11					gorresio_only
2	102	12					gorresio_only
2	102	13	2	93	11	0.254	fuzzy
2	102	14					gorresio_only
2	102	15					gorresio_only
2	102	16	2	93	15	0.411	fuzzy
2	102	20	2	93	18	0.404	fuzzy
2	102	21	2	93	20	0.303	fuzzy
2	102	22	2	93	21	0.274	fuzzy
2	102	23					gorresio_only
2	102	24					gorresio_only
2	102	25	2	93	24	0.364	fuzzy
2	102	26					gorresio_only
2	102	27	2	93	26	0.333	fuzzy
2	102	28	2	93	27	0.3	fuzzy
2	103	2					gorresio_only
2	103	5					gorresio_only
2	103	6					gorresio_only
2	103	8					gorresio_only
2	103	9	2	94	2	0.32	fuzzy
2	103	10					gorresio_only
2	103	11	2	94	11	0.361	fuzzy
2	103	12	2	94	12	0.362	fuzzy
2	103	13					gorresio_only
2	103	14					gorresio_only
2	103	15	2	94	17	0.413	fuzzy
2	103	16					gorresio_only
2	103	18	2	94	18	0.375	fuzzy
2	103	19					gorresio_only
2	103	20					gorresio_only
2	103	21	2	94	21	0.26	fuzzy
2	103	22					gorresio_only
2	103	23					gorresio_only
2	103	24	2	94	25	0.25	fuzzy
2	103	26	2	94	26	0.293	fuzzy
2	103	27	2	94	27	0.251	fuzzy
2	104	1					gorresio_only
2	104	4					gorresio_only
2	104	5					gorresio_only
2	104	6					gorresio_only
2	104	8					gorresio_only
2	104	9	2	95	2	0.308	fuzzy
2	104	10	2	95	9	0.345	fuzzy
2	104	12					gorresio_only
2	104	13					gorresio_only
2	104	14	2	95	15	0.49	matched
2	104	15	2	95	16	0.363	fuzzy
2	104	16					gorresio_only
2	104	17					gorresio_only
2	104	19					gorresio_only
2	104	20	2	95	19	0.389	fuzzy
2	104	21					gorresio_only
2	105	1					gorresio_only
2	105	2					gorresio_only
2	105	5					gorresio_only
2	105	6					gorresio_only
2	105	9					gorresio_only
2	105	10					gorresio_only
2	105	11					gorresio_only
2	105	12					gorresio_only
2	105	19					gorresio_only
2	105	20					gorresio_only
2	105	22					gorresio_only
2	105	25					gorresio_only
2	105	27					gorresio_only
2	105	28					gorresio_only
2	105	29					gorresio_only
2	105	30					gorresio_only
2	105	31					gorresio_only
2	105	32					gorresio_only
2	105	33					gorresio_only
2	105	34					gorresio_only
2	105	35					gorresio_only
2	105	36					gorresio_only
2	105	37					gorresio_only
2	105	38					gorresio_only
2	105	39					gorresio_only
2	105	40					gorresio_only
2	105	42					gorresio_only
2	105	43					gorresio_only
2	105	44					gorresio_only
2	105	45					gorresio_only
2	105	46					gorresio_only
2	105	47					gorresio_only
2	105	48					gorresio_only
2	105	49					gorresio_only
2	105	50					gorresio_only
2	105	51					gorresio_only
2	105	52					gorresio_only
2	105	53					gorresio_only
2	105	54					gorresio_only
2	105	56					gorresio_only
2	105	57					gorresio_only
2	105	58					gorresio_only
2	106	2					gorresio_only
2	106	5					gorresio_only
2	106	6					gorresio_only
2	106	7					gorresio_only
2	106	8					gorresio_only
2	106	9					gorresio_only
2	106	10					gorresio_only
2	106	15					gorresio_only
2	106	16					gorresio_only
2	106	17					gorresio_only
2	106	18					gorresio_only
2	106	19					gorresio_only
2	106	20					gorresio_only
2	106	22					gorresio_only
2	106	23					gorresio_only
2	106	25					gorresio_only
2	106	26					gorresio_only
2	106	28					gorresio_only
2	106	29					gorresio_only
2	106	30					gorresio_only
2	107	1					gorresio_only
2	107	2					gorresio_only
2	107	3	2	97	2	0.449	fuzzy
2	107	5	2	97	15	0.484	matched
2	107	7	2	97	16	0.296	fuzzy
2	107	8	2	97	18	0.263	fuzzy
2	107	9					gorresio_only
2	107	10					gorresio_only
2	107	19	2	97	21	0.311	fuzzy
2	107	20					gorresio_only
2	107	21	2	97	31	0.354	fuzzy
2	108	1					gorresio_only
2	108	2	2	99	2	0.41	fuzzy
2	108	5					gorresio_only
2	108	7	2	99	9	0.257	fuzzy
2	108	8					gorresio_only
2	108	9					gorresio_only
2	108	10					gorresio_only
2	108	11					gorresio_only
2	108	12					gorresio_only
2	108	13	2	99	15	0.25	fuzzy
2	108	14					gorresio_only
2	108	15					gorresio_only
2	108	16					gorresio_only
2	108	17	2	99	18	0.283	fuzzy
2	108	18					gorresio_only
2	108	21					gorresio_only
2	108	25					gorresio_only
2	108	26					gorresio_only
2	108	27					gorresio_only
2	108	28					gorresio_only
2	108	29					gorresio_only
2	108	30					gorresio_only
2	108	31	2	99	35	0.452	matched
2	108	34	2	99	36	0.333	fuzzy
2	108	35	2	99	37	0.355	fuzzy
2	108	36					gorresio_only
2	108	37					gorresio_only
2	108	38	2	99	40	0.413	fuzzy
2	108	39					gorresio_only
2	108	40					gorresio_only
2	108	41					gorresio_only
2	109	1					gorresio_only
2	109	2					gorresio_only
2	109	5					gorresio_only
2	109	6	2	100	10	0.394	fuzzy
2	109	7	2	100	11	0.267	fuzzy
2	109	8	2	100	12	0.33	fuzzy
2	109	9					gorresio_only
2	109	10					gorresio_only
2	109	11					gorresio_only
2	109	12					gorresio_only
2	109	13					gorresio_only
2	109	14	2	100	19	0.304	fuzzy
2	109	15					gorresio_only
2	109	16	2	100	21	0.288	fuzzy
2	109	20					gorresio_only
2	109	22					gorresio_only
2	109	23					gorresio_only
2	109	24					gorresio_only
2	109	25					gorresio_only
2	109	26					gorresio_only
2	109	27					gorresio_only
2	109	28					gorresio_only
2	109	29					gorresio_only
2	109	30					gorresio_only
2	109	31					gorresio_only
2	109	32					gorresio_only
2	109	33					gorresio_only
2	109	34					gorresio_only
2	109	35					gorresio_only
2	109	36					gorresio_only
2	109	40					gorresio_only
2	109	41	2	100	32	0.48	matched
2	109	42	2	100	34	0.28	fuzzy
2	109	43	2	100	35	0.342	fuzzy
2	109	45					gorresio_only
2	109	46					gorresio_only
2	109	47	2	100	40	0.353	fuzzy
2	109	50					gorresio_only
2	109	51					gorresio_only
2	109	55					gorresio_only
2	109	56					gorresio_only
2	109	57					gorresio_only
2	109	58					gorresio_only
2	109	59	2	100	54	0.35	fuzzy
2	109	60					gorresio_only
2	109	61	2	100	62	0.379	fuzzy
2	109	62					gorresio_only
2	109	63					gorresio_only
2	109	64	2	100	65	0.254	fuzzy
2	109	65					gorresio_only
2	109	66					gorresio_only
2	110	1					gorresio_only
2	110	2					gorresio_only
2	110	3					gorresio_only
2	110	4					gorresio_only
2	110	5					gorresio_only
2	110	6	2	101	7	0.43	fuzzy
2	110	7	2	101	8	0.358	fuzzy
2	110	8	2	101	9	0.392	fuzzy
2	110	9					gorresio_only
2	110	10	2	101	12	0.587	matched
2	110	12	2	101	13	0.298	fuzzy
2	110	13	2	101	14	0.359	fuzzy
2	110	14	2	101	15	0.275	fuzzy
2	110	15	2	101	16	0.304	fuzzy
2	110	16	2	101	17	0.396	fuzzy
2	110	17					gorresio_only
2	110	18	2	101	22	0.363	fuzzy
2	110	19	2	101	23	0.648	matched
2	110	20	2	101	24	0.45	matched
2	110	21					gorresio_only
2	110	22	2	101	26	0.336	fuzzy
2	110	23					gorresio_only
2	111	1	2	103	2	0.539	moved
2	111	2	2	102	3	0.282	fuzzy
2	111	5					gorresio_only
2	111	6	2	102	7	0.663	matched
2	111	8	2	103	1	0.682	matched
2	111	9					gorresio_only
2	111	10					gorresio_only
2	111	11	2	103	4	0.356	fuzzy
2	111	12					gorresio_only
2	111	13					gorresio_only
2	111	14	2	103	9	0.371	fuzzy
2	111	15	2	103	10	0.37	fuzzy
2	111	16	2	103	11	0.525	matched
2	111	17					gorresio_only
2	111	20					gorresio_only
2	111	21					gorresio_only
2	111	24					gorresio_only
2	111	25					gorresio_only
2	111	26	2	103	20	0.304	fuzzy
2	111	28	2	103	22	0.394	fuzzy
2	111	29					gorresio_only
2	111	30	2	103	24	0.256	fuzzy
2	111	36					gorresio_only
2	111	38					gorresio_only
2	111	39					gorresio_only
2	111	40	2	103	27	0.284	fuzzy
2	111	41	2	103	34	0.48	matched
2	111	42					gorresio_only
2	111	43					gorresio_only
2	111	45	2	103	37	0.283	fuzzy
2	111	46	2	103	40	0.304	fuzzy
2	111	47	2	103	41	0.304	fuzzy
2	111	48	2	103	42	0.25	fuzzy
2	111	49					gorresio_only
2	111	50					gorresio_only
2	111	51	2	103	47	0.322	fuzzy
2	111	52					gorresio_only
2	112	2					gorresio_only
2	112	3					gorresio_only
2	112	5					gorresio_only
2	112	6					gorresio_only
2	112	8					gorresio_only
2	112	9	2	104	1	0.357	fuzzy
2	112	10					gorresio_only
2	112	11					gorresio_only
2	112	12	2	104	11	0.361	fuzzy
2	112	13					gorresio_only
2	112	14					gorresio_only
2	112	15					gorresio_only
2	112	16					gorresio_only
2	112	17					gorresio_only
2	112	18					gorresio_only
2	112	19					gorresio_only
2	112	20					gorresio_only
2	112	21	2	104	27	0.312	fuzzy
2	112	22					gorresio_only
2	112	23					gorresio_only
2	112	25					gorresio_only
2	112	26					gorresio_only
2	112	28					gorresio_only
2	112	29					gorresio_only
2	112	30	2	104	28	0.25	fuzzy
2	112	31	2	104	31	0.306	fuzzy
2	112	33	2	104	32	0.315	fuzzy
2	113	2	2	106	9	0.256	fuzzy
2	113	5	2	106	11	0.274	fuzzy
2	113	6					gorresio_only
2	113	7					gorresio_only
2	113	8					gorresio_only
2	113	9					gorresio_only
2	113	10					gorresio_only
2	113	11					gorresio_only
2	113	12					gorresio_only
2	113	13					gorresio_only
2	113	14	2	106	22	0.278	fuzzy
2	113	15	2	106	23	0.389	fuzzy
2	113	16	2	106	24	0.379	fuzzy
2	113	17	2	106	25	0.262	fuzzy
2	113	18					gorresio_only
2	113	19	2	106	27	0.371	fuzzy
2	113	20					gorresio_only
2	113	21					gorresio_only
2	113	22					gorresio_only
2	113	23	2	106	31	0.359	fuzzy
2	113	25	2	106	32	0.512	matched
2	113	26	2	106	35	0.256	fuzzy
2	114	1					gorresio_only
2	114	2					gorresio_only
2	114	5					gorresio_only
2	114	6					gorresio_only
2	114	8					gorresio_only
2	114	9					gorresio_only
2	114	10					gorresio_only
2	114	19					gorresio_only
2	114	20					gorresio_only
2	114	22					gorresio_only
2	114	23					gorresio_only
2	114	25	2	105	41	0.522	moved
2	114	26					gorresio_only
2	114	27					gorresio_only
2	114	28					gorresio_only
2	114	29					gorresio_only
2	114	30					gorresio_only
2	114	31					gorresio_only
2	114	32					gorresio_only
2	114	33					gorresio_only
2	114	34					gorresio_only
2	115	2					gorresio_only
2	115	5	2	107	7	0.292	fuzzy
2	115	8					gorresio_only
2	115	9	2	107	9	0.333	fuzzy
2	115	10	2	107	10	0.41	fuzzy
2	115	11	2	107	11	0.337	fuzzy
2	115	12	2	107	12	0.303	fuzzy
2	115	13	2	107	13	0.342	fuzzy
2	115	14	2	107	14	0.392	fuzzy
2	115	15	2	107	15	0.355	fuzzy
2	115	16					gorresio_only
2	115	17	2	107	17	0.25	fuzzy
2	115	18	2	107	18	0.385	fuzzy
2	115	19	2	107	19	0.266	fuzzy
2	116	1					gorresio_only
2	116	3					gorresio_only
2	116	5					gorresio_only
2	116	6					gorresio_only
2	116	8					gorresio_only
2	116	9					gorresio_only
2	116	10					gorresio_only
2	116	11					gorresio_only
2	116	12	2	108	3	0.343	fuzzy
2	116	13					gorresio_only
2	116	14	2	108	5	0.398	fuzzy
2	116	15	2	108	6	0.365	fuzzy
2	116	16					gorresio_only
2	116	17	2	108	8	0.423	fuzzy
2	116	18	2	108	9	0.267	fuzzy
2	116	19	2	108	10	0.318	fuzzy
2	116	20					gorresio_only
2	116	21					gorresio_only
2	116	25	2	108	16	0.358	fuzzy
2	116	26					gorresio_only
2	116	27	2	108	18	0.393	fuzzy
2	116	29					gorresio_only
2	116	30					gorresio_only
2	116	31					gorresio_only
2	116	32					gorresio_only
2	116	39					gorresio_only
2	116	40					gorresio_only
2	116	41					gorresio_only
2	116	42					gorresio_only
2	116	44					gorresio_only
2	116	45					gorresio_only
2	116	46					gorresio_only
2	116	49					gorresio_only
2	117	1					gorresio_only
2	117	6					gorresio_only
2	117	7					gorresio_only
2	117	8					gorresio_only
2	117	10					gorresio_only
2	117	11					gorresio_only
2	117	12					gorresio_only
2	117	13					gorresio_only
2	117	14					gorresio_only
2	117	15					gorresio_only
2	117	16					gorresio_only
2	117	17					gorresio_only
2	117	18					gorresio_only
2	117	20					gorresio_only
2	117	21					gorresio_only
2	117	22					gorresio_only
2	117	24					gorresio_only
2	117	25					gorresio_only
2	117	26					gorresio_only
2	118	1					gorresio_only
2	118	2	2	109	3	0.364	fuzzy
2	118	5					gorresio_only
2	118	6	2	109	6	0.31	fuzzy
2	118	8					gorresio_only
2	118	9					gorresio_only
2	118	10	2	109	10	0.524	matched
2	118	11					gorresio_only
2	118	12					gorresio_only
2	118	14					gorresio_only
2	118	15	2	109	15	0.326	fuzzy
2	118	16					gorresio_only
2	118	17	2	109	17	0.353	fuzzy
2	118	18	2	109	18	0.276	fuzzy
2	118	19					gorresio_only
2	118	20					gorresio_only
2	118	21	2	109	29	0.538	moved
2	118	23					gorresio_only
2	118	26					gorresio_only
2	118	27					gorresio_only
2	118	28	2	109	28	0.325	fuzzy
2	118	29					gorresio_only
2	118	30					gorresio_only
2	118	31	2	109	31	0.469	matched
2	119	1					gorresio_only
2	119	2					gorresio_only
2	119	5	2	110	5	0.389	fuzzy
2	119	6					gorresio_only
2	119	7	2	110	7	0.434	fuzzy
2	119	8					gorresio_only
2	119	9					gorresio_only
2	119	10					gorresio_only
2	119	11					gorresio_only
2	119	12	2	110	12	0.27	fuzzy
2	119	13					gorresio_only
2	119	14					gorresio_only
2	119	15					gorresio_only
2	119	16					gorresio_only
2	119	17					gorresio_only
2	119	18					gorresio_only
2	119	19					gorresio_only
2	119	20					gorresio_only
2	119	21					gorresio_only
2	119	22					gorresio_only
2	119	23	2	110	25	0.454	matched
2	119	26					gorresio_only
2	119	27					gorresio_only
2	119	28	2	110	30	0.29	fuzzy
2	119	29					gorresio_only
2	119	30	2	110	32	0.333	fuzzy
2	119	31					gorresio_only
2	119	32					gorresio_only
2	119	33					gorresio_only
2	120	1					gorresio_only
2	120	2	2	111	3	0.318	fuzzy
2	120	6	2	111	6	0.254	fuzzy
2	120	7	2	111	7	0.596	matched
2	120	8	2	111	8	0.476	matched
2	120	10	2	111	10	0.462	matched
2	120	11					gorresio_only
2	120	12	2	111	12	0.25	fuzzy
2	120	13					gorresio_only
2	120	14	2	111	14	0.34	fuzzy
2	120	15					gorresio_only
2	120	16					gorresio_only
2	120	17					gorresio_only
2	120	20					gorresio_only
2	120	23					gorresio_only
2	120	25					gorresio_only
2	121	3					gorresio_only
2	121	5					gorresio_only
2	121	6					gorresio_only
2	121	8					gorresio_only
2	121	9					gorresio_only
2	121	10					gorresio_only
2	121	11					gorresio_only
2	121	12					gorresio_only
2	121	13					gorresio_only
2	121	17	2	111	28	0.271	fuzzy
2	121	18	2	111	30	0.254	fuzzy
2	121	20	2	111	31	0.542	matched
2	121	21	2	111	32	0.261	fuzzy
2	122	2	2	112	3	0.256	fuzzy
2	122	4					gorresio_only
2	122	5	2	112	5	0.3	fuzzy
2	122	6					gorresio_only
2	122	7	2	112	7	0.327	fuzzy
2	122	8					gorresio_only
2	122	9					gorresio_only
2	122	10					gorresio_only
2	122	11					gorresio_only
2	122	12	2	112	12	0.345	fuzzy
2	122	13					gorresio_only
2	122	14					gorresio_only
2	122	15					gorresio_only
2	122	16					gorresio_only
2	122	20					gorresio_only
2	122	22					gorresio_only
2	122	24					gorresio_only
2	122	25					gorresio_only
2	122	26					gorresio_only
2	122	28					gorresio_only
2	122	29					gorresio_only
2	122	30					gorresio_only
2	123	1					gorresio_only
2	123	2					gorresio_only
2	123	5					gorresio_only
2	123	7					gorresio_only
2	123	8					gorresio_only
2	123	9					gorresio_only
2	123	10					gorresio_only
2	123	11					gorresio_only
2	123	17					gorresio_only
2	123	18					gorresio_only
2	123	19					gorresio_only
2	123	20					gorresio_only
2	123	21					gorresio_only
2	123	22	2	112	29	0.366	fuzzy
2	124	2					gorresio_only
2	124	5					gorresio_only
2	124	6	2	113	6	0.352	fuzzy
2	124	8	2	113	8	0.447	fuzzy
2	124	9					gorresio_only
2	124	10	2	113	10	0.256	fuzzy
2	124	11	2	113	11	0.442	fuzzy
2	124	12					gorresio_only
2	124	13	2	113	13	0.346	fuzzy
2	124	14	2	113	14	0.318	fuzzy
2	124	15					gorresio_only
2	124	16					gorresio_only
2	124	17					gorresio_only
2	124	20					gorresio_only
2	124	22					gorresio_only
2	124	23					gorresio_only
2	124	25					gorresio_only
2	125	1					gorresio_only
2	125	2	2	114	2	0.318	fuzzy
2	125	4					gorresio_only
2	125	5	2	114	5	0.266	fuzzy
2	125	6	2	114	9	0.443	fuzzy
2	125	7					gorresio_only
2	125	8					gorresio_only
2	125	9					gorresio_only
2	125	10	2	114	13	0.284	fuzzy
2	125	11					gorresio_only
2	125	12	2	114	15	0.371	fuzzy
2	125	13					gorresio_only
2	125	14					gorresio_only
2	125	15					gorresio_only
2	125	16					gorresio_only
2	125	17					gorresio_only
2	125	18	2	114	18	0.307	fuzzy
2	125	19	2	114	19	0.47	matched
2	125	20					gorresio_only
2	125	21	2	114	20	0.444	fuzzy
2	125	22	2	114	21	0.346	fuzzy
2	125	23					gorresio_only
2	126	1					gorresio_only
2	126	2					gorresio_only
2	126	3					gorresio_only
2	126	5					gorresio_only
2	126	6	2	115	6	0.297	fuzzy
2	127	1					gorresio_only
2	127	2					gorresio_only
2	127	3	2	115	10	0.3	fuzzy
2	127	5					gorresio_only
2	127	6	2	115	13	0.382	fuzzy
2	127	7					gorresio_only
2	127	8	2	115	15	0.291	fuzzy
2	127	9					gorresio_only
2	127	10	2	115	17	0.254	fuzzy
2	127	11					gorresio_only
2	127	12					gorresio_only
2	127	13	2	115	23	0.42	fuzzy
2	127	14	2	115	24	0.521	matched
2	127	15					gorresio_only
2	127	16					gorresio_only
3	1	1					gorresio_only
3	1	2					gorresio_only
3	1	3					gorresio_only
3	1	4					gorresio_only
3	1	5					gorresio_only
3	1	6					gorresio_only
3	1	7					gorresio_only
3	1	8					gorresio_only
3	1	9					gorresio_only
3	1	10					gorresio_only
3	1	11					gorresio_only
3	1	12					gorresio_only
3	1	13					gorresio_only
3	1	14					gorresio_only
3	1	15					gorresio_only
3	1	16					gorresio_only
3	1	17					gorresio_only
3	1	18					gorresio_only
3	1	19					gorresio_only
3	1	20					gorresio_only
3	1	21					gorresio_only
3	1	22					gorresio_only
3	1	23					gorresio_only
3	1	24					gorresio_only
3	1	25					gorresio_only
3	1	26					gorresio_only
3	1	27					gorresio_only
3	1	28					gorresio_only
3	1	29					gorresio_only
3	1	30					gorresio_only
3	1	31					gorresio_only
3	1	32					gorresio_only
3	1	33					gorresio_only
3	1	34					gorresio_only
3	1	35					gorresio_only
3	2	1					gorresio_only
3	2	2					gorresio_only
3	2	3					gorresio_only
3	2	4					gorresio_only
3	2	5					gorresio_only
3	2	6					gorresio_only
3	2	7					gorresio_only
3	2	8					gorresio_only
3	2	10					gorresio_only
3	2	11					gorresio_only
3	2	12					gorresio_only
3	2	13					gorresio_only
3	2	14					gorresio_only
3	2	15					gorresio_only
3	2	16					gorresio_only
3	2	17					gorresio_only
3	2	18					gorresio_only
3	2	20					gorresio_only
3	2	21					gorresio_only
3	2	22					gorresio_only
3	2	23					gorresio_only
3	2	24					gorresio_only
3	2	25					gorresio_only
3	2	26					gorresio_only
3	2	27					gorresio_only
3	2	28					gorresio_only
3	3	1					gorresio_only
3	3	2					gorresio_only
3	3	3					gorresio_only
3	3	4					gorresio_only
3	3	5					gorresio_only
3	3	6					gorresio_only
3	3	7					gorresio_only
3	3	8					gorresio_only
3	3	10					gorresio_only
3	3	11					gorresio_only
3	3	12					gorresio_only
3	3	13					gorresio_only
3	3	14					gorresio_only
3	3	15					gorresio_only
3	3	16					gorresio_only
3	3	17					gorresio_only
3	3	18					gorresio_only
3	3	20					gorresio_only
3	3	21					gorresio_only
3	3	22					gorresio_only
3	4	1					gorresio_only
3	4	2					gorresio_only
3	4	3					gorresio_only
3	4	4					gorresio_only
3	4	5					gorresio_only
3	4	6					gorresio_only
3	4	7					gorresio_only
3	4	8					gorresio_only
3	4	10					gorresio_only
3	4	11					gorresio_only
3	4	12					gorresio_only
3	4	13					gorresio_only
3	4	14					gorresio_only
3	4	15					gorresio_only
3	4	16					gorresio_only
3	4	17					gorresio_only
3	4	18					gorresio_only
3	4	20					gorresio_only
3	4	21					gorresio_only
3	4	22					gorresio_only
3	4	23					gorresio_only
3	4	24					gorresio_only
3	4	25					gorresio_only
3	4	26					gorresio_only
3	4	27					gorresio_only
3	4	28					gorresio_only
3	4	30					gorresio_only
3	4	31					gorresio_only
3	4	32					gorresio_only
3	4	33					gorresio_only
3	4	34					gorresio_only
3	4	35					gorresio_only
3	4	36					gorresio_only
3	4	37					gorresio_only
3	4	38					gorresio_only
3	4	40					gorresio_only
3	4	41					gorresio_only
3	4	42					gorresio_only
3	4	43					gorresio_only
3	4	44					gorresio_only
3	4	45					gorresio_only
3	4	46					gorresio_only
3	4	48					gorresio_only
3	4	50					gorresio_only
3	4	51					gorresio_only
3	4	52					gorresio_only
3	4	53					gorresio_only
3	5	1					gorresio_only
3	5	2					gorresio_only
3	5	3					gorresio_only
3	5	4					gorresio_only
3	5	5					gorresio_only
3	5	6					gorresio_only
3	5	7					gorresio_only
3	5	8					gorresio_only
3	5	10					gorresio_only
3	5	11					gorresio_only
3	5	12					gorresio_only
3	5	13					gorresio_only
3	5	14					gorresio_only
3	5	15					gorresio_only
3	5	16					gorresio_only
3	5	17					gorresio_only
3	5	18					gorresio_only
3	5	20					gorresio_only
3	5	21					gorresio_only
3	5	22					gorresio_only
3	5	23					gorresio_only
3	6	1	3	1	1	0.404	fuzzy
3	6	2	3	1	2	0.319	fuzzy
3	6	3	3	1	4	0.258	fuzzy
3	6	4					gorresio_only
3	6	5	3	1	5	0.293	fuzzy
3	6	6					gorresio_only
3	6	7	3	1	6	0.324	fuzzy
3	6	8					gorresio_only
3	6	10					gorresio_only
3	6	11	3	1	10	0.393	fuzzy
3	6	12	3	1	12	0.273	fuzzy
3	6	13	3	1	13	0.543	matched
3	6	14	3	1	14	0.602	matched
3	6	15					gorresio_only
3	6	16					gorresio_only
3	6	17					gorresio_only
3	6	18					gorresio_only
3	6	20	3	1	20	0.456	matched
3	6	21	3	1	21	0.418	fuzzy
3	6	22	3	1	23	0.562	matched
3	6	23					gorresio_only
3	7	1					gorresio_only
3	7	2	3	2	2	0.406	fuzzy
3	7	3					gorresio_only
3	7	4	3	2	3	0.433	fuzzy
3	7	5					gorresio_only
3	7	6					gorresio_only
3	7	7					gorresio_only
3	7	8	3	2	6	0.6	matched
3	7	10	3	2	9	0.258	fuzzy
3	7	11	3	2	11	0.265	fuzzy
3	7	12					gorresio_only
3	7	13					gorresio_only
3	7	14					gorresio_only
3	7	15					gorresio_only
3	7	16					gorresio_only
3	7	17					gorresio_only
3	7	18					gorresio_only
3	7	20	3	3	5	0.556	moved
3	7	21					gorresio_only
3	7	22	3	3	7	0.675	moved
3	7	23	3	2	13	0.296	fuzzy
3	7	24					gorresio_only
3	7	25	3	2	16	0.56	matched
3	7	26					gorresio_only
3	7	27	3	2	18	0.294	fuzzy
3	7	28					gorresio_only
3	7	30					gorresio_only
3	7	31					gorresio_only
3	7	32					gorresio_only
3	7	33	3	2	23	0.459	matched
3	7	34	3	2	24	0.589	matched
3	7	35	3	2	25	0.593	matched
3	7	36					gorresio_only
3	8	1	3	3	8	0.412	fuzzy
3	8	2					gorresio_only
3	8	3					gorresio_only
3	8	4	3	3	12	0.411	fuzzy
3	8	5					gorresio_only
3	8	6	3	3	18	0.368	fuzzy
3	8	7					gorresio_only
3	8	8					gorresio_only
3	8	10					gorresio_only
3	8	11					gorresio_only
3	8	12	3	4	16	0.66	matched
3	8	13					gorresio_only
3	8	14					gorresio_only
3	8	15					gorresio_only
3	8	16					gorresio_only
3	8	17					gorresio_only
3	8	18	3	4	20	0.322	fuzzy
3	8	20	3	4	23	0.443	fuzzy
3	8	21					gorresio_only
3	8	22	3	5	1	0.269	fuzzy
3	8	23	3	5	2	0.39	fuzzy
3	8	24	3	5	3	0.292	fuzzy
3	8	25					gorresio_only
3	9	1					gorresio_only
3	9	2	3	5	4	0.792	matched
3	9	3	3	5	5	0.345	fuzzy
3	9	4	3	5	6	0.273	fuzzy
3	9	5					gorresio_only
3	9	6					gorresio_only
3	9	7					gorresio_only
3	9	8	3	5	11	0.298	fuzzy
3	9	10					gorresio_only
3	9	11	3	5	15	0.301	fuzzy
3	9	12	3	5	17	0.431	fuzzy
3	9	13	3	5	18	0.615	matched
3	9	14	3	5	19	0.415	fuzzy
3	9	15	3	5	20	0.739	matched
3	9	16					gorresio_only
3	9	17					gorresio_only
3	9	18	3	5	23	0.256	fuzzy
3	9	20	3	5	25	0.688	matched
3	9	21					gorresio_only
3	9	22	3	5	27	0.589	matched
3	9	23	3	5	28	0.321	fuzzy
3	9	24	3	5	29	0.382	fuzzy
3	9	25	3	5	31	0.288	fuzzy
3	9	26					gorresio_only
3	9	27					gorresio_only
3	9	28	3	5	32	0.318	fuzzy
3	9	30					gorresio_only
3	9	31	3	5	36	0.408	fuzzy
3	9	32					gorresio_only
3	9	33	3	5	39	0.38	fuzzy
3	9	34					gorresio_only
3	9	35	3	5	41	0.537	matched
3	9	36	3	5	42	0.517	matched
3	10	1	3	6	1	0.745	matched
3	10	2	3	6	2	0.349	fuzzy
3	10	3					gorresio_only
3	10	4					gorresio_only
3	10	5					gorresio_only
3	10	6					gorresio_only
3	10	7					gorresio_only
3	10	8	3	6	7	0.265	fuzzy
3	10	10					gorresio_only
3	10	11					gorresio_only
3	10	12					gorresio_only
3	10	13					gorresio_only
3	10	14					gorresio_only
3	10	15					gorresio_only
3	10	16					gorresio_only
3	10	17	3	6	16	0.333	fuzzy
3	10	18					gorresio_only
3	10	20					gorresio_only
3	10	21					gorresio_only
3	10	22	3	6	21	0.414	fuzzy
3	10	23					gorresio_only
3	10	24	3	6	24	0.269	fuzzy
3	10	25					gorresio_only
3	10	26					gorresio_only
3	11	1	3	7	1	0.331	fuzzy
3	11	2					gorresio_only
3	11	3	3	7	3	0.394	fuzzy
3	11	4	3	7	4	0.263	fuzzy
3	11	5	3	7	5	0.41	fuzzy
3	11	6					gorresio_only
3	11	7	3	7	7	0.505	matched
3	11	8					gorresio_only
3	11	10					gorresio_only
3	11	11					gorresio_only
3	11	12					gorresio_only
3	11	13	3	7	16	0.571	matched
3	11	14					gorresio_only
3	11	15					gorresio_only
3	11	16					gorresio_only
3	11	17					gorresio_only
3	11	18					gorresio_only
3	11	20	3	7	24	0.527	matched
3	12	1	3	8	1	0.478	matched
3	12	2	3	8	2	0.265	fuzzy
3	12	3	3	8	3	0.302	fuzzy
3	12	4	3	8	4	0.633	matched
3	12	5	3	8	5	0.515	matched
3	12	6					gorresio_only
3	12	7	3	8	7	0.362	fuzzy
3	12	8					gorresio_only
3	12	10	3	8	10	0.542	matched
3	12	11	3	8	11	0.682	matched
3	12	12	3	8	12	0.762	matched
3	12	13	3	8	13	0.429	fuzzy
3	12	14	3	8	14	0.598	matched
3	12	15	3	8	15	0.602	matched
3	12	16					gorresio_only
3	12	17	3	8	17	0.772	matched
3	12	18	3	8	18	0.272	fuzzy
3	13	1	3	9	1	0.276	fuzzy
3	13	2					gorresio_only
3	13	3					gorresio_only
3	13	4	3	9	4	0.375	fuzzy
3	13	5					gorresio_only
3	13	6	3	9	10	0.494	moved
3	13	7					gorresio_only
3	13	8	3	9	10	0.33	fuzzy
3	13	10					gorresio_only
3	13	11					gorresio_only
3	13	12	3	9	13	0.296	fuzzy
3	13	13					gorresio_only
3	13	14					gorresio_only
3	13	15					gorresio_only
3	13	16					gorresio_only
3	13	17	3	9	19	0.282	fuzzy
3	13	18					gorresio_only
3	13	20					gorresio_only
3	13	21					gorresio_only
3	13	22					gorresio_only
3	13	23					gorresio_only
3	13	24	3	9	27	0.262	fuzzy
3	13	25					gorresio_only
3	13	26					gorresio_only
3	13	28	3	9	30	0.684	matched
3	13	30					gorresio_only
3	13	31	3	9	33	0.413	fuzzy
3	14	1					gorresio_only
3	14	2	3	10	2	0.611	matched
3	14	3	3	10	3	0.342	fuzzy
3	14	4	3	10	4	0.737	matched
3	14	5	3	10	5	0.33	fuzzy
3	14	6					gorresio_only
3	14	7	3	10	6	0.31	fuzzy
3	14	8					gorresio_only
3	14	10					gorresio_only
3	14	11					gorresio_only
3	14	12					gorresio_only
3	14	13					gorresio_only
3	14	14	3	10	13	0.291	fuzzy
3	14	15	3	10	15	0.271	fuzzy
3	14	16					gorresio_only
3	14	17					gorresio_only
3	14	18	3	10	18	0.31	fuzzy
3	14	20					gorresio_only
3	14	21					gorresio_only
3	14	22					gorresio_only
3	14	23					gorresio_only
3	14	24	3	10	22	0.698	matched
3	15	1	3	11	1	0.37	fuzzy
3	15	2					gorresio_only
3	15	3	3	11	9	0.553	moved
3	15	4					gorresio_only
3	15	5	3	11	5	0.584	matched
3	15	6					gorresio_only
3	15	7	3	11	7	0.844	matched
3	15	8	3	11	8	0.396	fuzzy
3	15	10	3	11	10	0.459	matched
3	15	11	3	11	11	0.484	matched
3	15	12	3	11	12	0.57	matched
3	15	13	3	11	13	0.333	fuzzy
3	15	14	3	11	15	0.309	fuzzy
3	15	15					gorresio_only
3	15	16					gorresio_only
3	15	17	3	11	17	0.583	matched
3	15	18	3	11	18	0.485	matched
3	15	20	3	11	20	0.701	matched
3	15	21	3	11	21	0.383	fuzzy
3	15	22					gorresio_only
3	15	23	3	11	22	0.258	fuzzy
3	15	24					gorresio_only
3	15	25					gorresio_only
3	15	26					gorresio_only
3	15	27					gorresio_only
3	15	28	3	11	27	0.252	fuzzy
3	15	30					gorresio_only
3	15	31					gorresio_only
3	15	32	3	11	30	0.267	fuzzy
3	15	33	3	11	31	0.281	fuzzy
3	15	34	3	11	33	0.297	fuzzy
3	15	35					gorresio_only
3	15	36					gorresio_only
3	15	38					gorresio_only
3	15	39					gorresio_only
3	15	40					gorresio_only
3	15	41	3	11	38	0.343	fuzzy
3	15	42					gorresio_only
3	15	43	3	11	40	0.353	fuzzy
3	15	44					gorresio_only
3	15	45	3	11	42	0.422	fuzzy
3	15	46	3	11	43	0.5	matched
3	16	1	3	11	44	0.608	matched
3	16	2	3	11	45	0.71	matched
3	16	3	3	11	51	0.477	moved
3	16	4	3	11	47	0.589	matched
3	16	5	3	11	48	0.495	matched
3	16	6					gorresio_only
3	16	7	3	11	49	0.63	matched
3	16	8	3	11	50	0.304	fuzzy
3	16	10	3	11	52	0.302	fuzzy
3	16	11	3	11	53	0.42	fuzzy
3	16	12	3	11	54	0.296	fuzzy
3	16	13	3	11	55	0.394	fuzzy
3	16	14	3	11	56	0.66	matched
3	16	15	3	11	57	0.435	fuzzy
3	16	16					gorresio_only
3	16	17	3	11	59	0.382	fuzzy
3	16	18	3	11	60	0.48	matched
3	16	20					gorresio_only
3	16	21					gorresio_only
3	16	22					gorresio_only
3	16	23					gorresio_only
3	16	24					gorresio_only
3	16	25					gorresio_only
3	16	26					gorresio_only
3	16	27					gorresio_only
3	16	28					gorresio_only
3	16	30					gorresio_only
3	16	31	3	11	69	0.472	moved
3	16	32					gorresio_only
3	16	33	3	11	65	0.339	fuzzy
3	16	34					gorresio_only
3	16	35					gorresio_only
3	16	36					gorresio_only
3	16	37	3	11	67	0.391	fuzzy
3	16	40	3	11	70	0.584	matched
3	16	41					gorresio_only
3	17	1	3	11	71	0.486	matched
3	17	2	3	11	72	0.252	fuzzy
3	17	3	3	11	73	0.455	matched
3	17	4					gorresio_only
3	17	5					gorresio_only
3	17	6					gorresio_only
3	17	7					gorresio_only
3	17	8					gorresio_only
3	17	10					gorresio_only
3	17	11					gorresio_only
3	17	12					gorresio_only
3	17	13					gorresio_only
3	17	14	3	11	77	0.41	fuzzy
3	17	15					gorresio_only
3	17	16	3	11	81	0.795	moved
3	17	17	3	11	79	0.44	fuzzy
3	17	18	3	11	80	0.735	matched
3	17	20	3	11	82	0.409	fuzzy
3	17	21	3	11	83	0.662	matched
3	17	22	3	11	84	0.663	matched
3	17	23	3	11	85	0.347	fuzzy
3	17	24					gorresio_only
3	17	25	3	11	86	0.33	fuzzy
3	17	26					gorresio_only
3	17	27	3	11	88	0.31	fuzzy
3	17	28	3	11	89	0.51	matched
3	17	30					gorresio_only
3	17	31	3	11	92	0.5	matched
3	17	32					gorresio_only
3	17	33					gorresio_only
3	18	1					gorresio_only
3	18	2	3	11	94	0.726	matched
3	18	3	3	12	1	0.659	matched
3	18	4	3	12	2	0.436	fuzzy
3	18	5					gorresio_only
3	18	6					gorresio_only
3	18	7					gorresio_only
3	18	8	3	12	5	0.567	matched
3	18	10					gorresio_only
3	18	11					gorresio_only
3	18	12	3	12	9	0.345	fuzzy
3	18	13					gorresio_only
3	18	14	3	12	11	0.351	fuzzy
3	18	15					gorresio_only
3	18	16					gorresio_only
3	18	17					gorresio_only
3	18	18	3	12	15	0.305	fuzzy
3	18	20	3	12	25	0.351	fuzzy
3	18	21					gorresio_only
3	18	22					gorresio_only
3	18	23					gorresio_only
3	18	24					gorresio_only
3	18	25					gorresio_only
3	18	26					gorresio_only
3	18	28					gorresio_only
3	18	30					gorresio_only
3	18	31					gorresio_only
3	18	32					gorresio_only
3	18	33					gorresio_only
3	18	34					gorresio_only
3	18	35					gorresio_only
3	18	36					gorresio_only
3	18	37	3	12	32	0.419	fuzzy
3	18	38	3	12	33	0.29	fuzzy
3	18	40	3	12	35	0.52	matched
3	18	41	3	12	36	0.336	fuzzy
3	18	42					gorresio_only
3	18	43					gorresio_only
3	18	44					gorresio_only
3	18	45	3	12	37	0.49	matched
3	18	46					gorresio_only
3	18	47					gorresio_only
3	18	48					gorresio_only
3	19	1					gorresio_only
3	19	2	3	13	1	0.567	matched
3	19	3					gorresio_only
3	19	4	3	13	3	0.297	fuzzy
3	19	5					gorresio_only
3	19	6					gorresio_only
3	19	7	3	13	6	0.348	fuzzy
3	19	8	3	13	7	0.536	matched
3	19	10	3	13	9	0.368	fuzzy
3	19	11	3	13	10	0.659	matched
3	19	12	3	13	11	0.685	matched
3	19	13	3	13	12	0.379	fuzzy
3	19	14	3	13	13	0.375	fuzzy
3	19	15					gorresio_only
3	19	16	3	13	18	0.565	moved
3	19	17	3	13	16	0.471	matched
3	19	18	3	13	17	0.589	matched
3	19	20	3	13	19	0.495	matched
3	19	21	3	13	20	0.691	matched
3	19	22	3	13	21	0.542	matched
3	19	23	3	13	22	0.385	fuzzy
3	19	24					gorresio_only
3	19	25	3	13	23	0.67	matched
3	19	26	3	13	24	0.325	fuzzy
3	19	27	3	13	25	0.559	matched
3	20	1					gorresio_only
3	20	2	3	14	3	0.578	matched
3	20	3	3	14	4	0.252	fuzzy
3	20	4					gorresio_only
3	20	5					gorresio_only
3	20	6					gorresio_only
3	20	7	3	14	7	0.485	matched
3	20	8	3	14	8	0.416	fuzzy
3	20	10	3	14	10	0.49	matched
3	20	11	3	14	11	0.394	fuzzy
3	20	12					gorresio_only
3	20	13					gorresio_only
3	20	14					gorresio_only
3	20	15					gorresio_only
3	20	16					gorresio_only
3	20	17					gorresio_only
3	20	18	3	14	18	0.269	fuzzy
3	20	20					gorresio_only
3	20	21					gorresio_only
3	20	22					gorresio_only
3	20	23	3	14	22	0.352	fuzzy
3	20	24					gorresio_only
3	20	25					gorresio_only
3	20	26	3	14	25	0.389	fuzzy
3	20	27					gorresio_only
3	20	28	3	14	27	0.46	matched
3	20	30	3	14	29	0.378	fuzzy
3	20	31	3	14	30	0.256	fuzzy
3	20	32					gorresio_only
3	20	33					gorresio_only
3	20	34	3	14	33	0.304	fuzzy
3	20	35	3	14	34	0.262	fuzzy
3	20	36	3	14	35	0.421	fuzzy
3	20	37	3	14	36	0.333	fuzzy
3	21	1					gorresio_only
3	21	2					gorresio_only
3	21	3					gorresio_only
3	21	4					gorresio_only
3	21	5					gorresio_only
3	21	6	3	15	6	0.689	matched
3	21	7	3	15	7	0.327	fuzzy
3	21	8	3	15	8	0.659	matched
3	21	10	3	15	10	0.68	matched
3	21	11	3	15	11	0.355	fuzzy
3	21	12	3	15	13	0.29	fuzzy
3	21	13					gorresio_only
3	21	14					gorresio_only
3	21	15					gorresio_only
3	21	16					gorresio_only
3	21	17					gorresio_only
3	21	18					gorresio_only
3	21	20	3	15	18	0.256	fuzzy
3	21	21	3	15	19	0.259	fuzzy
3	21	22	3	15	20	0.602	matched
3	21	23					gorresio_only
3	21	24	3	15	24	0.355	fuzzy
3	21	25	3	15	25	0.38	fuzzy
3	21	26					gorresio_only
3	21	27	3	15	27	0.418	fuzzy
3	21	28					gorresio_only
3	21	30	3	15	30	0.51	matched
3	21	31	3	15	31	0.369	fuzzy
3	22	1					gorresio_only
3	22	2	3	16	2	0.5	matched
3	22	3	3	16	3	0.588	matched
3	22	4	3	16	4	0.465	matched
3	22	5	3	16	5	0.458	matched
3	22	6	3	16	6	0.484	matched
3	22	7	3	16	7	0.622	matched
3	22	8	3	16	8	0.363	fuzzy
3	22	10					gorresio_only
3	22	11	3	16	11	0.357	fuzzy
3	22	12	3	16	12	0.576	matched
3	22	13	3	16	13	0.49	matched
3	22	14	3	16	14	0.38	fuzzy
3	22	15	3	16	15	0.5	matched
3	22	16					gorresio_only
3	22	17	3	16	17	0.576	matched
3	22	18					gorresio_only
3	22	20	3	16	19	0.445	fuzzy
3	22	21	3	16	20	0.556	matched
3	22	22	3	16	23	0.408	fuzzy
3	22	23	3	16	24	0.541	matched
3	22	24	3	16	25	0.49	matched
3	22	25	3	16	26	0.301	fuzzy
3	22	26	3	16	27	0.674	matched
3	22	27	3	16	28	0.404	fuzzy
3	22	28	3	16	29	0.525	matched
3	22	29	3	16	30	0.79	matched
3	22	30					gorresio_only
3	22	31	3	16	33	0.351	fuzzy
3	22	32	3	16	34	0.716	matched
3	22	33	3	16	35	0.613	matched
3	22	34	3	16	36	0.342	fuzzy
3	22	35	3	16	37	0.444	fuzzy
3	22	36					gorresio_only
3	22	37	3	16	41	0.393	fuzzy
3	22	38					gorresio_only
3	23	1	3	17	1	0.429	fuzzy
3	23	2	3	17	2	0.464	matched
3	23	3					gorresio_only
3	23	4					gorresio_only
3	23	5					gorresio_only
3	23	6					gorresio_only
3	23	7					gorresio_only
3	23	8					gorresio_only
3	23	10					gorresio_only
3	23	11	3	17	3	0.269	fuzzy
3	23	12	3	17	5	0.34	fuzzy
3	23	13					gorresio_only
3	23	14					gorresio_only
3	23	15					gorresio_only
3	23	16					gorresio_only
3	23	17	3	17	11	0.716	moved
3	23	18	3	17	8	0.363	fuzzy
3	23	20					gorresio_only
3	23	21					gorresio_only
3	23	22					gorresio_only
3	23	23					gorresio_only
3	23	24					gorresio_only
3	23	25					gorresio_only
3	23	26					gorresio_only
3	23	27					gorresio_only
3	23	28					gorresio_only
3	23	30					gorresio_only
3	23	31					gorresio_only
3	23	32					gorresio_only
3	23	33					gorresio_only
3	23	34					gorresio_only
3	23	35	3	17	19	0.296	fuzzy
3	23	36	3	17	20	0.516	matched
3	23	37					gorresio_only
3	23	40					gorresio_only
3	23	41					gorresio_only
3	23	42					gorresio_only
3	23	43	3	17	27	0.298	fuzzy
3	23	44	3	17	28	0.57	matched
3	23	45					gorresio_only
3	23	46	3	17	29	0.313	fuzzy
3	24	1	3	18	1	0.323	fuzzy
3	24	2	3	18	2	0.27	fuzzy
3	24	3					gorresio_only
3	24	4	3	18	4	0.312	fuzzy
3	24	5	3	18	5	0.34	fuzzy
3	24	6	3	18	6	0.54	matched
3	24	7					gorresio_only
3	24	8	3	18	8	0.417	fuzzy
3	24	10	3	18	10	0.395	fuzzy
3	24	11	3	18	11	0.281	fuzzy
3	24	12	3	18	12	0.254	fuzzy
3	24	13	3	18	13	0.363	fuzzy
3	24	14					gorresio_only
3	24	15					gorresio_only
3	24	16	3	18	18	0.721	moved
3	24	17	3	18	16	0.387	fuzzy
3	24	18	3	18	17	0.485	matched
3	24	20	3	18	19	0.543	matched
3	24	21	3	18	20	0.5	matched
3	24	22	3	18	21	0.359	fuzzy
3	24	23	3	18	22	0.422	fuzzy
3	24	24	3	18	23	0.4	fuzzy
3	24	25	3	18	24	0.287	fuzzy
3	24	26	3	18	25	0.584	matched
3	25	1	3	19	1	0.471	matched
3	25	2	3	19	5	0.424	fuzzy
3	25	3					gorresio_only
3	25	4	3	19	7	0.423	fuzzy
3	25	5	3	19	8	0.273	fuzzy
3	25	6	3	19	9	0.51	matched
3	25	7	3	19	10	0.505	matched
3	25	8	3	19	11	0.475	matched
3	25	10	3	19	13	0.419	fuzzy
3	25	11	3	19	14	0.618	matched
3	25	12	3	19	16	0.514	matched
3	25	13					gorresio_only
3	25	14					gorresio_only
3	25	15	3	19	17	0.833	matched
3	25	16					gorresio_only
3	25	17					gorresio_only
3	25	18	3	19	19	0.355	fuzzy
3	25	20	3	19	21	0.311	fuzzy
3	25	21	3	19	22	0.586	matched
3	25	22	3	19	23	0.267	fuzzy
3	25	23	3	19	24	0.331	fuzzy
3	25	24	3	19	25	0.301	fuzzy
3	25	25	3	19	26	0.422	fuzzy
3	25	26					gorresio_only
3	26	1	3	20	1	0.562	matched
3	26	2	3	20	2	0.771	matched
3	26	3					gorresio_only
3	26	4					gorresio_only
3	26	5					gorresio_only
3	26	6	3	20	6	0.629	matched
3	26	7	3	20	7	0.753	matched
3	26	8	3	20	8	0.38	fuzzy
3	26	10	3	20	10	0.347	fuzzy
3	26	11	3	20	11	0.292	fuzzy
3	26	12	3	20	12	0.545	matched
3	26	13	3	20	13	0.427	fuzzy
3	26	14	3	20	14	0.733	matched
3	26	15					gorresio_only
3	26	16					gorresio_only
3	26	17					gorresio_only
3	26	18					gorresio_only
3	26	20					gorresio_only
3	26	21					gorresio_only
3	26	22					gorresio_only
3	26	23					gorresio_only
3	26	24					gorresio_only
3	26	25					gorresio_only
3	26	26	3	20	22	0.256	fuzzy
3	26	27					gorresio_only
3	26	28	3	20	23	0.556	matched
3	27	1	3	21	1	0.602	matched
3	27	2	3	21	2	0.275	fuzzy
3	27	3					gorresio_only
3	27	4					gorresio_only
3	27	5					gorresio_only
3	27	6	3	21	6	0.256	fuzzy
3	27	7					gorresio_only
3	27	8	3	21	10	0.31	fuzzy
3	27	10	3	21	12	0.345	fuzzy
3	27	11					gorresio_only
3	27	12	3	21	14	0.292	fuzzy
3	27	13					gorresio_only
3	27	14					gorresio_only
3	27	15					gorresio_only
3	27	16					gorresio_only
3	27	17					gorresio_only
3	27	18					gorresio_only
3	27	20	3	21	15	0.275	fuzzy
3	27	21					gorresio_only
3	27	22					gorresio_only
3	27	23					gorresio_only
3	28	1	3	22	1	0.663	matched
3	28	2	3	22	2	0.45	matched
3	28	3					gorresio_only
3	28	4	3	22	4	0.614	matched
3	28	5	3	22	5	0.436	fuzzy
3	28	6					gorresio_only
3	28	7					gorresio_only
3	28	8	3	22	6	0.42	fuzzy
3	28	10					gorresio_only
3	28	11					gorresio_only
3	28	12					gorresio_only
3	28	13					gorresio_only
3	28	14					gorresio_only
3	28	15					gorresio_only
3	28	16					gorresio_only
3	28	17					gorresio_only
3	28	18	3	22	8	0.836	matched
3	28	20					gorresio_only
3	28	21	3	22	9	0.308	fuzzy
3	28	22	3	22	10	0.317	fuzzy
3	28	23					gorresio_only
3	28	24					gorresio_only
3	28	25					gorresio_only
3	28	26					gorresio_only
3	28	27	3	22	11	0.33	fuzzy
3	28	28					gorresio_only
3	28	30					gorresio_only
3	28	31					gorresio_only
3	28	32	3	22	15	0.256	fuzzy
3	28	33					gorresio_only
3	28	34	3	22	16	0.265	fuzzy
3	28	35					gorresio_only
3	28	36					gorresio_only
3	28	37					gorresio_only
3	28	38	3	22	20	0.747	matched
3	28	40	3	22	22	0.612	matched
3	28	41	3	22	23	0.368	fuzzy
3	28	42					gorresio_only
3	29	1					gorresio_only
3	29	2					gorresio_only
3	29	3					gorresio_only
3	29	4	3	23	3	0.69	matched
3	29	5	3	23	5	0.339	fuzzy
3	29	6					gorresio_only
3	29	7					gorresio_only
3	29	8					gorresio_only
3	29	10					gorresio_only
3	29	11					gorresio_only
3	29	12	3	23	13	0.283	fuzzy
3	29	13					gorresio_only
3	29	14					gorresio_only
3	29	15					gorresio_only
3	29	16					gorresio_only
3	29	17	3	23	19	0.296	fuzzy
3	29	18					gorresio_only
3	29	20					gorresio_only
3	29	21					gorresio_only
3	29	22					gorresio_only
3	29	23					gorresio_only
3	29	24	3	23	25	0.25	fuzzy
3	29	25					gorresio_only
3	29	26					gorresio_only
3	29	27					gorresio_only
3	29	28	3	23	30	0.31	fuzzy
3	29	30					gorresio_only
3	29	31					gorresio_only
3	29	32	3	23	33	0.52	matched
3	29	33	3	23	34	0.449	fuzzy
3	30	1	3	24	1	0.368	fuzzy
3	30	2	3	24	2	0.301	fuzzy
3	30	3	3	24	3	0.336	fuzzy
3	30	4	3	24	4	0.406	fuzzy
3	30	5					gorresio_only
3	30	6	3	24	9	0.578	moved
3	30	7					gorresio_only
3	30	8	3	24	8	0.268	fuzzy
3	30	10					gorresio_only
3	30	11	3	24	11	0.647	matched
3	30	12	3	24	12	0.457	matched
3	30	13					gorresio_only
3	30	14					gorresio_only
3	30	15					gorresio_only
3	30	16					gorresio_only
3	30	17	3	24	16	0.31	fuzzy
3	30	18	3	24	17	0.343	fuzzy
3	30	20					gorresio_only
3	30	21	3	24	23	0.827	matched
3	30	22					gorresio_only
3	30	23					gorresio_only
3	30	24					gorresio_only
3	30	25					gorresio_only
3	30	26					gorresio_only
3	30	27	3	24	28	0.287	fuzzy
3	30	28	3	24	29	0.282	fuzzy
3	30	30					gorresio_only
3	30	31					gorresio_only
3	30	32					gorresio_only
3	30	33					gorresio_only
3	30	34					gorresio_only
3	30	35					gorresio_only
3	30	36					gorresio_only
3	30	37					gorresio_only
3	30	40					gorresio_only
3	30	41					gorresio_only
3	30	42					gorresio_only
3	30	43					gorresio_only
3	30	44					gorresio_only
3	30	45					gorresio_only
3	30	46					gorresio_only
3	31	1					gorresio_only
3	31	2					gorresio_only
3	31	3					gorresio_only
3	31	4	3	25	4	0.726	matched
3	31	5	3	25	5	0.768	matched
3	31	6	3	25	7	0.455	matched
3	31	7	3	25	8	0.398	fuzzy
3	31	8	3	25	9	0.295	fuzzy
3	31	10					gorresio_only
3	31	11					gorresio_only
3	31	12					gorresio_only
3	31	13					gorresio_only
3	31	14					gorresio_only
3	31	15					gorresio_only
3	31	16					gorresio_only
3	31	17					gorresio_only
3	31	18					gorresio_only
3	31	20					gorresio_only
3	31	21					gorresio_only
3	31	22					gorresio_only
3	31	23					gorresio_only
3	31	24	3	25	25	0.582	matched
3	31	25					gorresio_only
3	31	26					gorresio_only
3	31	27					gorresio_only
3	31	28	3	25	26	0.519	matched
3	31	30					gorresio_only
3	31	31	3	25	30	0.296	fuzzy
3	31	32					gorresio_only
3	31	33					gorresio_only
3	31	34					gorresio_only
3	31	35					gorresio_only
3	31	36					gorresio_only
3	31	37	3	25	32	0.364	fuzzy
3	31	38	3	25	27	0.526	moved
3	31	40					gorresio_only
3	31	41					gorresio_only
3	31	42					gorresio_only
3	31	43					gorresio_only
3	31	44	3	25	34	0.256	fuzzy
3	31	45					gorresio_only
3	31	46					gorresio_only
3	31	47					gorresio_only
3	31	48					gorresio_only
3	31	49					gorresio_only
3	32	1					gorresio_only
3	32	2					gorresio_only
3	32	3					gorresio_only
3	32	4					gorresio_only
3	32	5					gorresio_only
3	32	6					gorresio_only
3	32	7					gorresio_only
3	32	8					gorresio_only
3	32	10	3	26	5	0.288	fuzzy
3	32	11					gorresio_only
3	32	12					gorresio_only
3	32	13					gorresio_only
3	32	14					gorresio_only
3	32	15					gorresio_only
3	32	16	3	26	14	0.495	moved
3	32	17					gorresio_only
3	32	18	3	26	13	0.561	matched
3	32	20	3	26	15	0.286	fuzzy
3	32	21	3	26	16	0.384	fuzzy
3	32	22	3	26	17	0.322	fuzzy
3	32	23	3	26	18	0.479	matched
3	32	24					gorresio_only
3	32	25					gorresio_only
3	32	26					gorresio_only
3	32	27	3	26	29	0.315	fuzzy
3	32	28	3	26	30	0.455	matched
3	32	30	3	26	32	0.314	fuzzy
3	32	31	3	26	33	0.267	fuzzy
3	32	32	3	26	34	0.406	fuzzy
3	32	33					gorresio_only
3	32	34	3	26	35	0.889	matched
3	32	35	3	26	36	0.412	fuzzy
3	32	36					gorresio_only
3	33	1	3	27	1	0.527	matched
3	33	2	3	27	2	0.644	matched
3	33	3					gorresio_only
3	33	4	3	27	4	0.533	matched
3	33	5	3	27	5	0.477	matched
3	33	6					gorresio_only
3	33	7					gorresio_only
3	33	8					gorresio_only
3	33	10					gorresio_only
3	33	11					gorresio_only
3	33	12					gorresio_only
3	33	13					gorresio_only
3	33	14					gorresio_only
3	33	15					gorresio_only
3	33	16					gorresio_only
3	33	17					gorresio_only
3	33	18					gorresio_only
3	33	20					gorresio_only
3	33	21					gorresio_only
3	33	22					gorresio_only
3	33	23	3	26	36	0.454	moved
3	33	24					gorresio_only
3	33	25					gorresio_only
3	33	26					gorresio_only
3	33	27					gorresio_only
3	33	28	3	27	9	0.374	fuzzy
3	33	30					gorresio_only
3	33	31					gorresio_only
3	33	32					gorresio_only
3	33	33					gorresio_only
3	33	34					gorresio_only
3	33	35					gorresio_only
3	33	36					gorresio_only
3	33	37					gorresio_only
3	33	38					gorresio_only
3	33	39					gorresio_only
3	33	40					gorresio_only
3	33	41					gorresio_only
3	33	42					gorresio_only
3	33	43	3	28	1	0.287	fuzzy
3	34	1					gorresio_only
3	34	2					gorresio_only
3	34	3					gorresio_only
3	34	4	3	28	5	0.5	matched
3	34	5	3	28	6	0.273	fuzzy
3	34	6	3	28	7	0.256	fuzzy
3	34	7					gorresio_only
3	34	8					gorresio_only
3	34	10	3	28	10	0.288	fuzzy
3	34	11	3	28	11	0.674	matched
3	34	12	3	28	13	0.417	fuzzy
3	34	13	3	28	14	0.624	matched
3	34	14					gorresio_only
3	34	15					gorresio_only
3	34	16					gorresio_only
3	34	17					gorresio_only
3	34	18					gorresio_only
3	34	20	3	28	19	0.306	fuzzy
3	34	21					gorresio_only
3	34	22					gorresio_only
3	34	23					gorresio_only
3	34	24	3	28	22	0.477	matched
3	34	25					gorresio_only
3	34	26					gorresio_only
3	34	27					gorresio_only
3	34	28					gorresio_only
3	34	30					gorresio_only
3	34	31					gorresio_only
3	34	32					gorresio_only
3	34	33	3	28	32	0.393	fuzzy
3	34	34					gorresio_only
3	34	35					gorresio_only
3	34	36	3	28	33	0.436	fuzzy
3	35	1	3	29	8	0.573	moved
3	35	2	3	29	2	0.413	fuzzy
3	35	3	3	29	3	0.667	matched
3	35	4	3	29	4	0.561	matched
3	35	5	3	29	5	0.31	fuzzy
3	35	6					gorresio_only
3	35	7	3	29	6	1.0	matched
3	35	8	3	29	7	0.761	matched
3	35	10	3	29	9	0.656	matched
3	35	11	3	29	10	0.707	matched
3	35	12	3	29	11	0.697	matched
3	35	13	3	29	12	0.495	matched
3	35	14	3	29	13	0.548	matched
3	35	15					gorresio_only
3	35	16	3	29	16	0.842	moved
3	35	17					gorresio_only
3	35	18	3	29	15	0.615	matched
3	35	20	3	29	17	0.285	fuzzy
3	35	21	3	29	18	0.527	matched
3	35	22	3	29	19	0.5	matched
3	35	23	3	29	20	0.319	fuzzy
3	35	24	3	29	21	0.465	matched
3	35	25	3	29	22	0.373	fuzzy
3	35	26	3	29	23	0.5	matched
3	35	27					gorresio_only
3	35	28					gorresio_only
3	35	29	3	29	24	0.375	fuzzy
3	35	30					gorresio_only
3	35	31					gorresio_only
3	35	32					gorresio_only
3	35	33					gorresio_only
3	35	34					gorresio_only
3	35	35					gorresio_only
3	35	36					gorresio_only
3	35	37					gorresio_only
3	35	38					gorresio_only
3	35	39					gorresio_only
3	35	40	3	29	25	0.433	fuzzy
3	35	41					gorresio_only
3	35	42					gorresio_only
3	35	43					gorresio_only
3	35	44					gorresio_only
3	35	45					gorresio_only
3	35	46					gorresio_only
3	35	47					gorresio_only
3	35	48					gorresio_only
3	35	49					gorresio_only
3	35	50					gorresio_only
3	35	51					gorresio_only
3	35	52					gorresio_only
3	35	53					gorresio_only
3	35	54					gorresio_only
3	35	55					gorresio_only
3	35	56	3	30	3	0.324	fuzzy
3	35	57					gorresio_only
3	35	58					gorresio_only
3	35	60					gorresio_only
3	35	61	3	30	5	0.464	matched
3	35	62	3	30	6	0.444	fuzzy
3	35	63	3	30	7	0.374	fuzzy
3	35	64					gorresio_only
3	35	65	3	30	8	0.292	fuzzy
3	35	66	3	30	9	0.318	fuzzy
3	35	67	3	30	11	0.252	fuzzy
3	35	68					gorresio_only
3	35	69					gorresio_only
3	35	70					gorresio_only
3	35	71					gorresio_only
3	35	72					gorresio_only
3	35	73	3	30	15	0.265	fuzzy
3	35	74					gorresio_only
3	35	75					gorresio_only
3	35	76					gorresio_only
3	35	77					gorresio_only
3	35	78					gorresio_only
3	35	79					gorresio_only
3	35	80					gorresio_only
3	35	81					gorresio_only
3	35	82					gorresio_only
3	35	83	3	30	20	0.554	matched
3	35	84					gorresio_only
3	35	85	3	30	22	0.63	matched
3	35	86					gorresio_only
3	35	87					gorresio_only
3	35	88					gorresio_only
3	35	89					gorresio_only
3	35	90	3	30	26	0.472	matched
3	35	91					gorresio_only
3	35	92					gorresio_only
3	35	93	3	30	27	0.564	matched
3	35	94	3	30	28	0.511	matched
3	35	95					gorresio_only
3	35	96					gorresio_only
3	35	97					gorresio_only
3	35	98					gorresio_only
3	35	99					gorresio_only
3	35	100					gorresio_only
3	35	101					gorresio_only
3	35	102					gorresio_only
3	35	103	3	30	35	0.267	fuzzy
3	35	104					gorresio_only
3	35	105					gorresio_only
3	35	106					gorresio_only
3	35	107					gorresio_only
3	35	108					gorresio_only
3	35	109					gorresio_only
3	35	110					gorresio_only
3	35	111					gorresio_only
3	35	112					gorresio_only
3	35	113					gorresio_only
3	35	114					gorresio_only
3	35	115					gorresio_only
3	36	1	3	32	1	0.415	fuzzy
3	36	2	3	32	3	0.281	fuzzy
3	36	3					gorresio_only
3	36	4					gorresio_only
3	36	5	3	32	5	0.25	fuzzy
3	36	6					gorresio_only
3	36	7					gorresio_only
3	36	8					gorresio_only
3	36	10	3	32	11	0.446	fuzzy
3	36	11	3	32	12	0.586	matched
3	36	12					gorresio_only
3	36	13					gorresio_only
3	36	14					gorresio_only
3	36	15	3	32	15	0.263	fuzzy
3	36	16					gorresio_only
3	36	17	3	32	17	0.287	fuzzy
3	36	18					gorresio_only
3	36	20					gorresio_only
3	36	21					gorresio_only
3	36	22					gorresio_only
3	36	23	3	32	21	0.327	fuzzy
3	36	24					gorresio_only
3	36	25					gorresio_only
3	36	26	3	32	25	0.372	fuzzy
3	37	1	3	33	1	0.733	matched
3	37	2	3	33	2	0.68	matched
3	37	3	3	33	3	0.77	matched
3	37	4	3	33	4	0.404	fuzzy
3	37	5	3	33	5	0.587	matched
3	37	6	3	33	10	0.535	moved
3	37	7	3	33	7	0.28	fuzzy
3	37	8	3	33	9	0.436	fuzzy
3	37	10	3	33	11	0.379	fuzzy
3	37	11					gorresio_only
3	37	12	3	26	35	0.595	moved
3	37	13	3	33	13	0.703	matched
3	37	14	3	33	14	0.549	matched
3	37	15	3	33	15	0.282	fuzzy
3	37	16	3	33	19	0.521	moved
3	37	17	3	33	17	0.43	fuzzy
3	37	18	3	33	18	0.262	fuzzy
3	37	20	3	33	20	0.505	matched
3	37	21					gorresio_only
3	37	22	3	33	22	0.363	fuzzy
3	37	23	3	33	23	0.333	fuzzy
3	37	24	3	33	24	0.599	matched
3	38	1					gorresio_only
3	38	2	3	34	2	0.479	matched
3	38	3	3	34	3	0.447	fuzzy
3	38	4					gorresio_only
3	38	5					gorresio_only
3	38	6	3	34	6	0.318	fuzzy
3	38	7	3	34	7	0.298	fuzzy
3	38	8	3	34	8	0.265	fuzzy
3	38	10					gorresio_only
3	38	11					gorresio_only
3	38	12	3	34	13	0.543	matched
3	38	13	3	34	14	0.406	fuzzy
3	38	14					gorresio_only
3	38	15	3	34	18	0.646	matched
3	38	16					gorresio_only
3	38	18					gorresio_only
3	38	20					gorresio_only
3	38	21	3	34	23	0.472	matched
3	38	22					gorresio_only
3	38	23					gorresio_only
3	38	24					gorresio_only
3	38	25	3	34	24	0.426	fuzzy
3	38	26					gorresio_only
3	39	1	3	35	1	0.483	matched
3	39	2	3	35	2	0.353	fuzzy
3	39	3	3	35	3	0.678	matched
3	39	4	3	35	4	0.577	matched
3	39	5	3	35	5	0.476	matched
3	39	6	3	35	10	0.567	moved
3	39	7	3	35	7	0.36	fuzzy
3	39	8	3	35	8	0.369	fuzzy
3	39	10					gorresio_only
3	39	11	3	35	11	0.254	fuzzy
3	39	12					gorresio_only
3	39	13					gorresio_only
3	39	14					gorresio_only
3	39	15	3	35	14	0.252	fuzzy
3	39	16					gorresio_only
3	39	17	3	35	16	0.479	matched
3	39	18					gorresio_only
3	39	20	3	35	20	0.371	fuzzy
3	39	21					gorresio_only
3	39	22					gorresio_only
3	39	23					gorresio_only
3	39	24	3	35	25	0.25	fuzzy
3	39	25					gorresio_only
3	39	26					gorresio_only
3	39	27					gorresio_only
3	39	28	3	35	28	0.38	fuzzy
3	39	30					gorresio_only
3	39	31					gorresio_only
3	39	32					gorresio_only
3	39	33					gorresio_only
3	39	34	3	35	33	0.644	matched
3	39	35	3	35	34	0.462	matched
3	39	36	3	35	35	0.274	fuzzy
3	39	37					gorresio_only
3	39	38	3	35	36	0.688	matched
3	39	39	3	35	37	0.651	matched
3	39	40	3	35	38	0.567	matched
3	39	41					gorresio_only
3	39	42					gorresio_only
3	39	43					gorresio_only
3	40	1	3	36	4	0.454	moved
3	40	2					gorresio_only
3	40	3					gorresio_only
3	40	4					gorresio_only
3	40	5					gorresio_only
3	40	6					gorresio_only
3	40	7	3	36	2	0.652	matched
3	40	8	3	36	3	0.741	matched
3	40	10	3	36	5	0.491	matched
3	40	11	3	36	6	0.337	fuzzy
3	40	12	3	36	7	0.26	fuzzy
3	40	13					gorresio_only
3	40	14					gorresio_only
3	40	15					gorresio_only
3	40	16					gorresio_only
3	40	17					gorresio_only
3	40	18	3	36	12	0.283	fuzzy
3	40	20					gorresio_only
3	40	21	3	36	14	0.27	fuzzy
3	40	22					gorresio_only
3	40	23					gorresio_only
3	40	24					gorresio_only
3	40	25					gorresio_only
3	40	26					gorresio_only
3	40	27	3	36	19	0.423	fuzzy
3	40	28	3	36	20	0.355	fuzzy
3	40	30					gorresio_only
3	40	31					gorresio_only
3	40	32	3	36	21	0.423	fuzzy
3	40	33					gorresio_only
3	40	34					gorresio_only
3	41	1	3	37	2	0.741	matched
3	41	2	3	37	3	0.416	fuzzy
3	41	3					gorresio_only
3	41	4	3	37	4	0.821	matched
3	41	5					gorresio_only
3	41	6					gorresio_only
3	41	7					gorresio_only
3	41	8	3	37	6	0.78	matched
3	41	10					gorresio_only
3	41	11					gorresio_only
3	41	12	3	37	8	0.294	fuzzy
3	41	13					gorresio_only
3	41	14	3	37	9	0.481	matched
3	41	15					gorresio_only
3	41	16					gorresio_only
3	41	17	3	37	11	0.646	matched
3	41	18					gorresio_only
3	41	20	3	37	14	0.341	fuzzy
3	41	21					gorresio_only
3	41	22	3	37	15	0.574	matched
3	41	23					gorresio_only
3	41	24					gorresio_only
3	41	25					gorresio_only
3	41	26					gorresio_only
3	41	27					gorresio_only
3	41	28	3	37	19	0.283	fuzzy
3	41	30					gorresio_only
3	41	31	3	37	22	0.301	fuzzy
3	41	32					gorresio_only
3	41	33					gorresio_only
3	41	34					gorresio_only
3	41	35					gorresio_only
3	41	36					gorresio_only
3	41	38					gorresio_only
3	42	1					gorresio_only
3	42	2					gorresio_only
3	42	3					gorresio_only
3	42	4	3	38	1	0.319	fuzzy
3	42	5					gorresio_only
3	42	6					gorresio_only
3	42	7					gorresio_only
3	42	8					gorresio_only
3	42	10					gorresio_only
3	42	11					gorresio_only
3	42	12	3	38	4	0.576	matched
3	42	13	3	38	5	0.299	fuzzy
3	42	14					gorresio_only
3	42	15					gorresio_only
3	42	16					gorresio_only
3	42	17					gorresio_only
3	42	18					gorresio_only
3	42	20					gorresio_only
3	42	21					gorresio_only
3	42	22					gorresio_only
3	42	23					gorresio_only
3	42	24					gorresio_only
3	42	25					gorresio_only
3	42	26					gorresio_only
3	42	27					gorresio_only
3	42	28					gorresio_only
3	42	30	3	38	12	0.402	fuzzy
3	42	31					gorresio_only
3	42	32					gorresio_only
3	42	33	3	38	14	0.49	matched
3	42	34	3	38	15	0.766	matched
3	42	35					gorresio_only
3	42	36					gorresio_only
3	42	37					gorresio_only
3	42	38					gorresio_only
3	42	39					gorresio_only
3	42	40					gorresio_only
3	42	41					gorresio_only
3	42	42					gorresio_only
3	42	43					gorresio_only
3	42	44					gorresio_only
3	42	45					gorresio_only
3	42	46	3	38	23	0.608	matched
3	42	47	3	38	24	0.526	matched
3	42	48	3	38	25	0.528	matched
3	42	49	3	38	27	0.465	moved
3	42	50	3	38	26	0.581	matched
3	42	51					gorresio_only
3	42	52	3	38	28	0.667	matched
3	42	53	3	38	29	0.892	matched
3	42	54	3	38	30	0.289	fuzzy
3	42	55					gorresio_only
3	42	56	3	38	31	0.325	fuzzy
3	42	57					gorresio_only
3	42	58					gorresio_only
3	42	59	3	38	33	0.43	fuzzy
3	43	1					gorresio_only
3	43	2					gorresio_only
3	43	3					gorresio_only
3	43	4					gorresio_only
3	43	5					gorresio_only
3	43	6	3	39	1	0.548	matched
3	43	7	3	39	2	0.474	matched
3	43	8	3	39	3	0.336	fuzzy
3	43	10					gorresio_only
3	43	11					gorresio_only
3	43	12	3	39	7	0.302	fuzzy
3	43	13	3	39	8	0.388	fuzzy
3	43	14	3	39	9	0.521	matched
3	43	15					gorresio_only
3	43	16					gorresio_only
3	43	17	3	39	10	0.393	fuzzy
3	43	18					gorresio_only
3	43	20					gorresio_only
3	43	21					gorresio_only
3	43	22	3	39	12	0.404	fuzzy
3	43	23					gorresio_only
3	43	24					gorresio_only
3	43	25					gorresio_only
3	43	26					gorresio_only
3	43	27					gorresio_only
3	43	28					gorresio_only
3	43	30					gorresio_only
3	43	31					gorresio_only
3	43	32	3	39	16	1.0	moved
3	43	33	3	39	15	0.434	fuzzy
3	43	34	3	39	17	0.426	fuzzy
3	43	35	3	39	18	0.463	matched
3	43	36					gorresio_only
3	43	37					gorresio_only
3	43	38					gorresio_only
3	43	40					gorresio_only
3	43	41					gorresio_only
3	43	42					gorresio_only
3	43	43	3	39	25	0.284	fuzzy
3	44	1	3	40	1	0.298	fuzzy
3	44	2	3	40	2	0.81	matched
3	44	3	3	40	3	0.536	matched
3	44	4	3	40	4	0.261	fuzzy
3	44	5	3	40	5	0.727	matched
3	44	6					gorresio_only
3	44	7	3	40	7	0.34	fuzzy
3	44	8					gorresio_only
3	44	10	3	40	10	0.477	matched
3	44	11	3	40	11	0.324	fuzzy
3	44	12	3	40	12	0.479	matched
3	44	13					gorresio_only
3	44	14	3	40	14	0.26	fuzzy
3	44	15					gorresio_only
3	44	16					gorresio_only
3	44	17	3	40	19	0.783	matched
3	44	18	3	40	22	0.475	matched
3	44	20	3	40	25	0.509	matched
3	44	21	3	40	26	0.346	fuzzy
3	44	22					gorresio_only
3	44	23					gorresio_only
3	44	24					gorresio_only
3	44	25					gorresio_only
3	44	26					gorresio_only
3	44	27					gorresio_only
3	44	28					gorresio_only
3	44	29					gorresio_only
3	44	30					gorresio_only
3	44	31	3	40	27	0.293	fuzzy
3	45	1	3	41	1	0.299	fuzzy
3	45	2	3	41	2	0.61	matched
3	45	3	3	41	3	0.426	fuzzy
3	45	4	3	41	4	0.624	matched
3	45	5					gorresio_only
3	45	6					gorresio_only
3	45	7	3	41	7	0.431	fuzzy
3	45	8	3	41	8	0.573	matched
3	45	10	3	41	10	0.649	matched
3	45	11	3	41	11	0.495	matched
3	45	12	3	41	12	0.261	fuzzy
3	45	13	3	38	26	0.605	moved
3	45	14	3	39	21	0.844	moved
3	45	15	3	41	14	0.892	matched
3	45	16					gorresio_only
3	45	17	3	41	16	0.318	fuzzy
3	45	18					gorresio_only
3	45	20	3	41	18	0.55	matched
3	45	21	3	41	19	0.612	matched
3	45	22	3	41	20	0.361	fuzzy
3	45	23					gorresio_only
3	46	1					gorresio_only
3	46	2					gorresio_only
3	46	3					gorresio_only
3	46	4					gorresio_only
3	46	5					gorresio_only
3	46	6					gorresio_only
3	46	7					gorresio_only
3	46	8					gorresio_only
3	46	10					gorresio_only
3	46	11					gorresio_only
3	46	12					gorresio_only
3	46	13					gorresio_only
3	46	14					gorresio_only
3	46	15					gorresio_only
3	46	16					gorresio_only
3	46	17					gorresio_only
3	46	18					gorresio_only
3	46	20					gorresio_only
3	46	21					gorresio_only
3	47	1					gorresio_only
3	47	2					gorresio_only
3	47	3					gorresio_only
3	47	4					gorresio_only
3	47	5					gorresio_only
3	47	6					gorresio_only
3	47	7					gorresio_only
3	47	8					gorresio_only
3	47	10					gorresio_only
3	47	11					gorresio_only
3	47	12					gorresio_only
3	47	13					gorresio_only
3	47	14					gorresio_only
3	47	15					gorresio_only
3	47	16					gorresio_only
3	47	17					gorresio_only
3	47	18					gorresio_only
3	48	1					gorresio_only
3	48	2					gorresio_only
3	48	3	3	42	5	0.49	matched
3	48	4					gorresio_only
3	48	5	3	42	7	0.516	matched
3	48	6					gorresio_only
3	48	7					gorresio_only
3	48	8	3	42	11	0.265	fuzzy
3	48	10	3	42	14	0.266	fuzzy
3	48	11					gorresio_only
3	48	12					gorresio_only
3	48	13					gorresio_only
3	48	14					gorresio_only
3	48	15					gorresio_only
3	48	16					gorresio_only
3	48	17					gorresio_only
3	48	18					gorresio_only
3	49	1					gorresio_only
3	49	2					gorresio_only
3	49	3					gorresio_only
3	49	4					gorresio_only
3	49	5					gorresio_only
3	49	6					gorresio_only
3	49	7					gorresio_only
3	49	8					gorresio_only
3	49	10					gorresio_only
3	49	11					gorresio_only
3	49	12					gorresio_only
3	49	13					gorresio_only
3	49	14					gorresio_only
3	49	15					gorresio_only
3	49	16					gorresio_only
3	49	17					gorresio_only
3	49	18					gorresio_only
3	49	20					gorresio_only
3	49	21					gorresio_only
3	49	22	3	43	9	0.679	matched
3	49	23	3	43	10	0.604	matched
3	49	24	3	43	11	0.584	matched
3	49	25	3	43	13	0.591	matched
3	49	26	3	43	20	0.495	moved
3	49	27	3	43	17	0.8	matched
3	49	28	3	43	19	0.812	matched
3	49	30	3	43	23	0.322	fuzzy
3	49	31					gorresio_only
3	49	32	3	43	26	0.351	fuzzy
3	49	33	3	43	27	0.257	fuzzy
3	49	34	3	43	28	0.274	fuzzy
3	49	35					gorresio_only
3	49	36					gorresio_only
3	49	37	3	43	30	0.343	fuzzy
3	49	38					gorresio_only
3	49	40	3	43	32	0.296	fuzzy
3	49	41	3	43	33	0.48	matched
3	49	42					gorresio_only
3	49	43	3	43	35	0.533	matched
3	49	44					gorresio_only
3	49	45	3	43	37	0.411	fuzzy
3	49	46					gorresio_only
3	49	47					gorresio_only
3	49	48					gorresio_only
3	49	49					gorresio_only
3	49	50	3	43	42	0.342	fuzzy
3	49	51	3	43	43	0.427	fuzzy
3	49	52					gorresio_only
3	49	53	3	43	45	0.256	fuzzy
3	49	54					gorresio_only
3	49	55					gorresio_only
3	49	56					gorresio_only
3	49	57					gorresio_only
3	50	1					gorresio_only
3	50	3					gorresio_only
3	50	4					gorresio_only
3	50	5					gorresio_only
3	50	6					gorresio_only
3	50	7					gorresio_only
3	50	8					gorresio_only
3	50	10					gorresio_only
3	50	11					gorresio_only
3	50	12					gorresio_only
3	50	13					gorresio_only
3	50	14					gorresio_only
3	50	15					gorresio_only
3	50	16					gorresio_only
3	50	17					gorresio_only
3	50	18	3	44	15	0.387	fuzzy
3	50	20					gorresio_only
3	50	21					gorresio_only
3	50	22					gorresio_only
3	50	23					gorresio_only
3	50	24					gorresio_only
3	50	25					gorresio_only
3	50	26					gorresio_only
3	50	27	3	44	21	0.321	fuzzy
3	50	28					gorresio_only
3	51	1	3	45	1	0.695	matched
3	51	2	3	45	2	0.756	matched
3	51	3					gorresio_only
3	51	4	3	45	4	0.265	fuzzy
3	51	5					gorresio_only
3	51	6					gorresio_only
3	51	7					gorresio_only
3	51	8					gorresio_only
3	51	10					gorresio_only
3	51	11	3	45	6	0.345	fuzzy
3	51	12					gorresio_only
3	51	13					gorresio_only
3	51	14					gorresio_only
3	51	15					gorresio_only
3	51	16					gorresio_only
3	51	17					gorresio_only
3	51	18	3	45	17	0.276	fuzzy
3	51	20					gorresio_only
3	51	21					gorresio_only
3	51	22					gorresio_only
3	51	23					gorresio_only
3	51	24	3	48	20	0.505	moved
3	51	25	3	45	21	0.282	fuzzy
3	51	26					gorresio_only
3	51	27	3	45	24	0.495	matched
3	51	28					gorresio_only
3	51	30					gorresio_only
3	51	31	3	45	27	0.256	fuzzy
3	51	32	3	45	29	0.252	fuzzy
3	51	33					gorresio_only
3	51	34					gorresio_only
3	51	35					gorresio_only
3	51	36					gorresio_only
3	51	37					gorresio_only
3	51	38	3	45	34	0.548	matched
3	51	39	3	45	35	0.427	fuzzy
3	51	40	3	45	36	0.476	matched
3	51	41	3	45	37	0.254	fuzzy
3	51	42	3	45	38	0.321	fuzzy
3	51	43	3	45	39	0.511	matched
3	51	44	3	45	40	0.615	matched
3	52	1					gorresio_only
3	52	2					gorresio_only
3	52	3					gorresio_only
3	52	4	3	46	2	0.308	fuzzy
3	52	5	3	46	5	0.408	fuzzy
3	52	6					gorresio_only
3	52	7					gorresio_only
3	52	8					gorresio_only
3	52	10					gorresio_only
3	52	11	3	46	7	0.258	fuzzy
3	52	12					gorresio_only
3	52	13					gorresio_only
3	52	14	3	46	9	0.317	fuzzy
3	52	15	3	46	10	0.49	matched
3	52	16					gorresio_only
3	52	17					gorresio_only
3	52	18					gorresio_only
3	52	20	3	46	13	0.26	fuzzy
3	52	21					gorresio_only
3	52	22	3	46	15	0.79	matched
3	52	23					gorresio_only
3	52	24					gorresio_only
3	52	25					gorresio_only
3	52	26					gorresio_only
3	52	27	3	46	18	0.259	fuzzy
3	52	28					gorresio_only
3	52	30					gorresio_only
3	52	31					gorresio_only
3	52	32					gorresio_only
3	52	33					gorresio_only
3	52	34					gorresio_only
3	52	35	3	46	22	0.602	matched
3	52	36					gorresio_only
3	52	37	3	46	24	0.342	fuzzy
3	52	38	3	46	25	0.631	matched
3	52	40					gorresio_only
3	52	41					gorresio_only
3	52	42	3	46	27	0.324	fuzzy
3	52	43					gorresio_only
3	52	44					gorresio_only
3	52	45					gorresio_only
3	52	46					gorresio_only
3	52	47					gorresio_only
3	52	48					gorresio_only
3	52	49					gorresio_only
3	52	50	3	46	33	0.422	fuzzy
3	52	51	3	46	34	0.348	fuzzy
3	52	52	3	46	37	0.333	fuzzy
3	52	53	3	46	38	0.289	fuzzy
3	53	1					gorresio_only
3	53	2	3	47	3	0.591	matched
3	53	3					gorresio_only
3	53	4					gorresio_only
3	53	5	3	47	6	0.526	matched
3	53	6	3	47	7	0.256	fuzzy
3	53	7					gorresio_only
3	53	8					gorresio_only
3	53	10					gorresio_only
3	53	11					gorresio_only
3	53	12					gorresio_only
3	53	13					gorresio_only
3	53	14	3	47	13	0.291	fuzzy
3	53	15					gorresio_only
3	53	16					gorresio_only
3	53	17					gorresio_only
3	53	18	3	47	18	0.277	fuzzy
3	53	20					gorresio_only
3	53	21	3	47	20	0.315	fuzzy
3	53	22					gorresio_only
3	53	23					gorresio_only
3	53	24					gorresio_only
3	53	25					gorresio_only
3	53	26					gorresio_only
3	53	27					gorresio_only
3	53	28					gorresio_only
3	53	30					gorresio_only
3	53	31					gorresio_only
3	53	32					gorresio_only
3	53	33	3	47	27	0.452	matched
3	53	34	3	47	28	0.282	fuzzy
3	53	35	3	47	29	0.621	matched
3	53	36					gorresio_only
3	53	37					gorresio_only
3	53	38	3	47	30	0.29	fuzzy
3	53	39					gorresio_only
3	53	40					gorresio_only
3	53	41	3	47	31	0.257	fuzzy
3	53	42					gorresio_only
3	53	43					gorresio_only
3	53	44					gorresio_only
3	53	45	3	47	35	0.447	fuzzy
3	53	46					gorresio_only
3	53	47	3	47	37	0.256	fuzzy
3	53	48					gorresio_only
3	53	49					gorresio_only
3	53	50					gorresio_only
3	53	51					gorresio_only
3	53	52	3	47	42	0.299	fuzzy
3	53	53					gorresio_only
3	53	54	3	47	43	0.252	fuzzy
3	53	55					gorresio_only
3	53	56	3	47	45	0.435	fuzzy
3	53	57	3	47	46	0.338	fuzzy
3	53	58					gorresio_only
3	53	59	3	47	48	0.6	matched
3	53	60					gorresio_only
3	53	61					gorresio_only
3	53	62	3	47	50	0.595	matched
3	54	1	3	48	1	0.537	matched
3	54	2	3	48	2	0.808	matched
3	54	3					gorresio_only
3	54	4	3	48	4	0.357	fuzzy
3	54	5	3	48	5	0.612	matched
3	54	6	3	48	6	0.615	matched
3	54	7	3	48	7	0.453	matched
3	54	8					gorresio_only
3	54	10	3	48	13	0.641	moved
3	54	11					gorresio_only
3	54	12	3	48	8	0.567	matched
3	54	13	3	48	9	0.336	fuzzy
3	54	14	3	48	10	0.505	matched
3	54	15	3	48	11	0.317	fuzzy
3	54	16					gorresio_only
3	54	18	3	48	14	0.816	matched
3	54	20	3	48	16	0.857	matched
3	54	21	3	48	17	0.467	matched
3	54	22	3	48	18	0.416	fuzzy
3	54	23	3	48	20	0.738	matched
3	54	24	3	48	21	0.645	matched
3	54	25	3	41	15	0.505	moved
3	54	26	3	48	23	0.372	fuzzy
3	54	27					gorresio_only
3	55	1	3	49	1	0.454	matched
3	55	2					gorresio_only
3	55	3					gorresio_only
3	55	4					gorresio_only
3	55	5					gorresio_only
3	55	6	3	49	3	0.587	matched
3	55	7					gorresio_only
3	55	8					gorresio_only
3	55	10	3	49	4	0.336	fuzzy
3	55	11	3	49	5	0.263	fuzzy
3	55	12					gorresio_only
3	55	13	3	49	9	0.331	fuzzy
3	55	14	3	49	10	0.551	matched
3	55	15					gorresio_only
3	55	16					gorresio_only
3	55	17					gorresio_only
3	55	18					gorresio_only
3	55	20					gorresio_only
3	55	21	3	49	15	0.301	fuzzy
3	55	22	3	49	16	0.319	fuzzy
3	55	23					gorresio_only
3	55	24					gorresio_only
3	55	25					gorresio_only
3	55	26					gorresio_only
3	55	27					gorresio_only
3	55	28	3	49	18	0.254	fuzzy
3	55	30					gorresio_only
3	55	31					gorresio_only
3	55	32	3	49	19	0.365	fuzzy
3	55	33					gorresio_only
3	55	34					gorresio_only
3	55	35	3	49	23	0.252	fuzzy
3	55	36	3	49	24	0.337	fuzzy
3	55	38					gorresio_only
3	55	39	3	49	26	0.511	matched
3	55	40					gorresio_only
3	55	41	3	49	29	0.25	fuzzy
3	55	42					gorresio_only
3	55	43	3	49	30	0.566	moved
3	55	44					gorresio_only
3	55	45	3	49	30	0.336	fuzzy
3	55	46	3	49	31	0.75	matched
3	55	47	3	49	32	0.674	matched
3	55	48					gorresio_only
3	55	49					gorresio_only
3	55	50					gorresio_only
3	55	51	3	49	34	0.417	fuzzy
3	55	52					gorresio_only
3	56	1					gorresio_only
3	56	2					gorresio_only
3	56	3					gorresio_only
3	56	4					gorresio_only
3	56	5					gorresio_only
3	56	6					gorresio_only
3	56	7					gorresio_only
3	56	8	3	50	2	0.384	fuzzy
3	56	10					gorresio_only
3	56	11					gorresio_only
3	56	12					gorresio_only
3	56	13	3	50	5	0.3	fuzzy
3	56	14	3	50	6	0.346	fuzzy
3	56	15					gorresio_only
3	56	16	3	50	10	0.459	moved
3	56	17					gorresio_only
3	56	18	3	50	9	0.385	fuzzy
3	56	20	3	50	11	0.602	matched
3	56	21	3	50	13	0.523	matched
3	56	22	3	50	14	0.408	fuzzy
3	56	23					gorresio_only
3	56	24	3	50	15	0.431	fuzzy
3	56	26	3	50	20	0.527	moved
3	56	27					gorresio_only
3	56	28	3	50	19	0.292	fuzzy
3	56	30	3	50	21	0.333	fuzzy
3	56	31	3	50	22	0.409	fuzzy
3	56	32					gorresio_only
3	56	33	3	51	1	0.476	matched
3	56	34	3	51	2	0.324	fuzzy
3	56	35					gorresio_only
3	56	36					gorresio_only
3	56	37	3	51	4	0.418	fuzzy
3	56	38	3	51	5	0.825	matched
3	56	39					gorresio_only
3	56	40	3	51	6	0.434	fuzzy
3	56	41					gorresio_only
3	56	42					gorresio_only
3	56	43					gorresio_only
3	56	44	3	51	10	0.611	matched
3	56	45	3	51	14	0.419	fuzzy
3	56	46					gorresio_only
3	56	47					gorresio_only
3	56	48					gorresio_only
3	56	50					gorresio_only
3	56	51	3	51	19	0.713	matched
3	56	52	3	51	20	0.835	matched
3	56	53					gorresio_only
3	56	54					gorresio_only
3	57	1					gorresio_only
3	57	2	3	51	21	0.398	fuzzy
3	57	3					gorresio_only
3	57	4	3	51	24	0.455	matched
3	57	5	3	51	25	0.678	matched
3	57	6					gorresio_only
3	57	7	3	51	27	0.368	fuzzy
3	57	8					gorresio_only
3	57	10					gorresio_only
3	57	11					gorresio_only
3	57	12	3	51	30	0.589	matched
3	57	13	3	50	24	0.463	moved
3	57	14					gorresio_only
3	57	15					gorresio_only
3	57	16					gorresio_only
3	57	17					gorresio_only
3	57	18	3	51	31	0.321	fuzzy
3	57	20					gorresio_only
3	57	21	3	51	33	0.8	matched
3	57	22					gorresio_only
3	57	23					gorresio_only
3	57	24					gorresio_only
3	57	25					gorresio_only
3	57	26	3	51	40	0.753	moved
3	57	27	3	51	37	0.322	fuzzy
3	57	28					gorresio_only
3	57	30	3	51	41	0.519	matched
3	57	31	3	51	42	0.301	fuzzy
3	57	32	3	51	43	0.648	matched
3	57	33	3	51	44	0.805	matched
3	57	34	3	51	45	0.34	fuzzy
3	57	35	3	51	46	0.5	matched
3	58	1					gorresio_only
3	58	2					gorresio_only
3	58	3					gorresio_only
3	58	4	3	52	1	0.511	matched
3	58	5	3	52	2	0.604	matched
3	58	6					gorresio_only
3	58	7					gorresio_only
3	58	8					gorresio_only
3	58	10					gorresio_only
3	58	11					gorresio_only
3	58	12	3	52	6	0.535	matched
3	58	13					gorresio_only
3	58	14	3	52	8	0.484	matched
3	58	15					gorresio_only
3	58	16					gorresio_only
3	58	17	3	52	11	0.339	fuzzy
3	58	18	3	52	13	0.408	fuzzy
3	58	20	3	52	15	0.551	matched
3	58	21					gorresio_only
3	58	22					gorresio_only
3	58	23	3	52	16	0.606	matched
3	58	24					gorresio_only
3	58	25					gorresio_only
3	58	26	3	52	26	0.605	moved
3	58	27	3	52	24	0.358	fuzzy
3	58	28	3	52	25	0.635	matched
3	58	30	3	52	27	0.342	fuzzy
3	58	31					gorresio_only
3	58	32	3	52	29	0.358	fuzzy
3	58	33					gorresio_only
3	58	34	3	52	31	0.644	matched
3	58	35	3	52	32	0.455	matched
3	58	36					gorresio_only
3	58	37	3	52	34	0.296	fuzzy
3	58	38	3	52	35	0.271	fuzzy
3	58	40	3	52	37	0.419	fuzzy
3	58	41	3	52	38	0.551	matched
3	58	42	3	52	39	0.681	matched
3	58	43					gorresio_only
3	58	44					gorresio_only
3	58	45	3	52	43	0.54	matched
3	58	46	3	52	44	0.453	matched
3	59	1	3	53	2	0.26	fuzzy
3	59	2					gorresio_only
3	59	3	3	53	9	0.515	moved
3	59	4	3	53	4	0.741	matched
3	59	5	3	53	6	0.452	matched
3	59	6					gorresio_only
3	59	7	3	53	7	0.75	matched
3	59	8	3	53	8	0.529	matched
3	59	10	3	53	10	0.353	fuzzy
3	59	11	3	53	11	0.505	matched
3	59	12	3	53	12	0.45	matched
3	59	13					gorresio_only
3	59	14	3	53	16	0.256	fuzzy
3	59	15					gorresio_only
3	59	16	3	53	18	0.325	fuzzy
3	59	17					gorresio_only
3	59	18					gorresio_only
3	59	20					gorresio_only
3	59	21					gorresio_only
3	59	22					gorresio_only
3	59	23					gorresio_only
3	59	24	3	53	23	0.261	fuzzy
3	59	25					gorresio_only
3	59	26	3	53	25	0.264	fuzzy
3	59	27					gorresio_only
3	60	1					gorresio_only
3	60	2					gorresio_only
3	60	3					gorresio_only
3	60	4					gorresio_only
3	60	5	3	54	1	0.698	matched
3	60	6	3	54	2	0.896	matched
3	60	7					gorresio_only
3	60	8					gorresio_only
3	60	10					gorresio_only
3	60	11					gorresio_only
3	60	12					gorresio_only
3	60	13					gorresio_only
3	60	14					gorresio_only
3	60	15	3	54	5	0.269	fuzzy
3	60	16					gorresio_only
3	60	17					gorresio_only
3	60	18	3	54	8	0.308	fuzzy
3	60	20					gorresio_only
3	60	21					gorresio_only
3	60	22					gorresio_only
3	60	23					gorresio_only
3	60	24					gorresio_only
3	60	25	3	54	16	0.358	fuzzy
3	60	26					gorresio_only
3	60	28					gorresio_only
3	60	30					gorresio_only
3	60	31	3	54	21	0.37	fuzzy
3	60	32					gorresio_only
3	60	33					gorresio_only
3	60	34					gorresio_only
3	60	35	3	54	25	0.35	fuzzy
3	60	36	3	54	26	0.367	fuzzy
3	60	37	3	54	27	0.46	matched
3	60	38					gorresio_only
3	61	1	3	55	1	0.352	fuzzy
3	61	2	3	55	2	0.398	fuzzy
3	61	3	3	55	3	0.582	matched
3	61	4	3	55	5	0.256	fuzzy
3	61	5	3	55	7	0.368	fuzzy
3	61	6					gorresio_only
3	61	7					gorresio_only
3	61	8					gorresio_only
3	61	10					gorresio_only
3	61	11					gorresio_only
3	61	12					gorresio_only
3	61	13	3	55	10	0.289	fuzzy
3	61	14					gorresio_only
3	61	15	3	55	11	0.369	fuzzy
3	61	16					gorresio_only
3	61	17					gorresio_only
3	61	18					gorresio_only
3	61	20					gorresio_only
3	61	21					gorresio_only
3	61	22					gorresio_only
3	61	23					gorresio_only
3	61	24					gorresio_only
3	61	25					gorresio_only
3	61	26					gorresio_only
3	61	28	3	55	16	0.458	matched
3	61	30	3	55	18	0.514	matched
3	61	31	3	55	19	0.427	fuzzy
3	61	32	3	55	20	0.337	fuzzy
3	61	33	3	55	21	0.517	matched
3	61	34	3	55	22	0.336	fuzzy
3	61	35					gorresio_only
3	61	36	3	55	24	0.421	fuzzy
3	61	37	3	55	25	0.27	fuzzy
3	61	38					gorresio_only
3	61	39	3	55	27	0.284	fuzzy
3	61	40	3	55	28	0.275	fuzzy
3	61	41	3	55	29	0.289	fuzzy
3	61	42	3	55	30	0.311	fuzzy
3	61	43					gorresio_only
3	61	44					gorresio_only
3	61	45					gorresio_only
3	61	46					gorresio_only
3	61	47					gorresio_only
3	61	48					gorresio_only
3	61	49	3	55	37	0.409	fuzzy
3	62	1	3	56	1	0.553	matched
3	62	2	3	56	2	0.644	matched
3	62	3					gorresio_only
3	62	4	3	56	4	0.722	matched
3	62	5					gorresio_only
3	62	6					gorresio_only
3	62	7	3	56	7	0.674	matched
3	62	8	3	56	8	0.35	fuzzy
3	62	10	3	56	9	0.44	fuzzy
3	62	11					gorresio_only
3	62	12	3	56	11	0.38	fuzzy
3	62	13					gorresio_only
3	62	14					gorresio_only
3	62	15	3	56	12	0.292	fuzzy
3	62	16					gorresio_only
3	62	17					gorresio_only
3	62	18	3	56	14	0.295	fuzzy
3	62	20	3	56	15	0.316	fuzzy
3	62	21					gorresio_only
3	62	22					gorresio_only
3	62	23	3	56	18	0.273	fuzzy
3	62	24					gorresio_only
3	62	25					gorresio_only
3	62	26	3	56	27	0.637	moved
3	62	27	3	56	22	0.25	fuzzy
3	62	28	3	56	26	0.286	fuzzy
3	62	30					gorresio_only
3	62	31					gorresio_only
3	62	32					gorresio_only
3	62	33					gorresio_only
3	62	34	3	56	32	0.306	fuzzy
3	62	35					gorresio_only
3	62	36					gorresio_only
3	62	37	3	56	34	0.43	fuzzy
3	63	1					gorresio_only
3	63	2					gorresio_only
3	63	3					gorresio_only
3	63	4					gorresio_only
3	63	5					gorresio_only
3	63	6					gorresio_only
3	63	7					gorresio_only
3	63	8					gorresio_only
3	63	10					gorresio_only
3	63	11					gorresio_only
3	63	12					gorresio_only
3	63	13					gorresio_only
3	63	14					gorresio_only
3	63	15					gorresio_only
3	63	16					gorresio_only
3	63	17					gorresio_only
3	63	18					gorresio_only
3	63	20					gorresio_only
3	63	21					gorresio_only
3	63	22					gorresio_only
3	63	23					gorresio_only
3	63	24					gorresio_only
3	63	25					gorresio_only
3	63	26					gorresio_only
3	63	28					gorresio_only
3	64	1	3	57	1	0.485	matched
3	64	2	3	57	2	0.49	matched
3	64	3					gorresio_only
3	64	4	3	57	4	0.299	fuzzy
3	64	5	3	57	5	0.532	matched
3	64	6					gorresio_only
3	64	7					gorresio_only
3	64	8					gorresio_only
3	64	10					gorresio_only
3	64	11					gorresio_only
3	64	12					gorresio_only
3	64	13	3	57	9	0.471	matched
3	64	14	3	58	18	0.479	moved
3	64	15					gorresio_only
3	64	16	3	57	14	0.349	fuzzy
3	64	17					gorresio_only
3	64	18					gorresio_only
3	64	20					gorresio_only
3	64	21					gorresio_only
3	65	1					gorresio_only
3	65	2	3	58	2	0.719	matched
3	65	3					gorresio_only
3	65	4	3	58	4	0.388	fuzzy
3	65	5	3	58	5	0.394	fuzzy
3	65	6	3	58	6	0.762	matched
3	65	7	3	58	7	0.554	matched
3	65	8	3	58	9	0.567	matched
3	65	10	3	58	11	0.373	fuzzy
3	65	11	3	58	12	0.538	matched
3	65	12	3	58	13	0.434	fuzzy
3	65	13	3	58	14	0.59	matched
3	65	14	3	58	15	0.75	matched
3	65	15	3	58	16	0.617	matched
3	65	16					gorresio_only
3	65	17	3	58	18	0.639	matched
3	66	1	3	59	1	0.46	matched
3	66	2					gorresio_only
3	66	3					gorresio_only
3	66	4	3	59	3	0.309	fuzzy
3	66	5	3	59	5	0.279	fuzzy
3	66	6					gorresio_only
3	66	7					gorresio_only
3	66	8					gorresio_only
3	66	10					gorresio_only
3	66	11					gorresio_only
3	66	12	3	59	12	0.269	fuzzy
3	66	13					gorresio_only
3	66	14	3	59	14	0.276	fuzzy
3	66	15	3	59	16	0.347	fuzzy
3	66	16					gorresio_only
3	66	17	3	59	18	0.368	fuzzy
3	66	18					gorresio_only
3	66	20	3	59	20	0.415	fuzzy
3	66	21	3	59	21	0.526	matched
3	66	22	3	59	22	0.57	matched
3	66	23	3	59	23	0.345	fuzzy
3	66	24	3	59	24	0.485	matched
3	66	25	3	59	25	0.383	fuzzy
3	66	26	3	59	27	0.404	fuzzy
3	67	1	3	61	1	0.36	fuzzy
3	67	2					gorresio_only
3	67	3	3	64	41	0.543	moved
3	67	4	3	61	2	0.357	fuzzy
3	67	5	3	61	4	0.462	matched
3	67	6					gorresio_only
3	67	7					gorresio_only
3	67	8					gorresio_only
3	67	10					gorresio_only
3	67	11					gorresio_only
3	67	12					gorresio_only
3	67	13					gorresio_only
3	67	14					gorresio_only
3	67	15					gorresio_only
3	67	16					gorresio_only
3	67	17					gorresio_only
3	67	18					gorresio_only
3	67	20	3	61	6	0.269	fuzzy
3	67	21	3	61	8	0.291	fuzzy
3	67	22					gorresio_only
3	67	23	3	61	9	0.286	fuzzy
3	67	24					gorresio_only
3	68	1					gorresio_only
3	68	2					gorresio_only
3	68	3					gorresio_only
3	68	4					gorresio_only
3	68	5	3	61	13	0.324	fuzzy
3	68	6					gorresio_only
3	68	7	3	61	15	0.252	fuzzy
3	68	8	3	61	16	0.324	fuzzy
3	68	10	3	61	19	0.596	matched
3	68	11	3	61	20	0.25	fuzzy
3	68	12					gorresio_only
3	68	13	3	61	21	0.386	fuzzy
3	68	14	3	61	22	0.697	matched
3	68	15	3	61	23	0.486	matched
3	68	16					gorresio_only
3	68	17	3	61	25	0.58	matched
3	68	18					gorresio_only
3	68	20	3	61	27	0.415	fuzzy
3	68	21	3	61	28	0.288	fuzzy
3	68	22	3	61	29	0.263	fuzzy
3	68	23	3	61	30	0.52	matched
3	68	24	3	61	31	0.277	fuzzy
3	68	25					gorresio_only
3	68	26					gorresio_only
3	68	27					gorresio_only
3	68	28					gorresio_only
3	68	30	3	64	3	0.272	fuzzy
3	68	31	3	64	4	0.288	fuzzy
3	68	32					gorresio_only
3	68	33	3	64	10	0.385	fuzzy
3	68	34	3	64	11	0.289	fuzzy
3	68	35	3	64	12	0.308	fuzzy
3	68	36					gorresio_only
3	68	37					gorresio_only
3	68	38					gorresio_only
3	68	40					gorresio_only
3	68	41					gorresio_only
3	68	42					gorresio_only
3	68	43					gorresio_only
3	68	44	3	64	31	0.257	fuzzy
3	68	45					gorresio_only
3	68	46	3	64	37	0.34	fuzzy
3	68	47					gorresio_only
3	68	48					gorresio_only
3	68	49					gorresio_only
3	68	50					gorresio_only
3	68	51					gorresio_only
3	68	52					gorresio_only
3	68	53					gorresio_only
3	68	54					gorresio_only
3	68	55					gorresio_only
3	68	56					gorresio_only
3	69	1					gorresio_only
3	69	2					gorresio_only
3	69	3					gorresio_only
3	69	4	3	64	52	0.255	fuzzy
3	69	5					gorresio_only
3	69	6	3	64	53	0.339	fuzzy
3	69	7	3	64	54	0.679	matched
3	69	8	3	64	55	0.568	matched
3	69	10					gorresio_only
3	69	11	3	64	58	0.841	matched
3	69	12					gorresio_only
3	69	13					gorresio_only
3	69	14					gorresio_only
3	69	15					gorresio_only
3	69	16					gorresio_only
3	69	17					gorresio_only
3	69	18					gorresio_only
3	69	20					gorresio_only
3	69	21					gorresio_only
3	69	22					gorresio_only
3	69	23					gorresio_only
3	69	24					gorresio_only
3	69	25					gorresio_only
3	69	26					gorresio_only
3	69	27					gorresio_only
3	70	1	3	65	1	0.703	matched
3	70	2					gorresio_only
3	70	3	3	65	3	0.608	matched
3	70	4	3	65	4	0.702	matched
3	70	5	3	65	5	0.606	matched
3	70	6	3	65	7	0.263	fuzzy
3	70	7					gorresio_only
3	70	10					gorresio_only
3	70	11					gorresio_only
3	70	12	3	65	10	0.319	fuzzy
3	70	13					gorresio_only
3	70	14					gorresio_only
3	70	15	3	65	11	0.361	fuzzy
3	70	16					gorresio_only
3	70	17	3	65	13	0.264	fuzzy
3	70	18					gorresio_only
3	70	20					gorresio_only
3	70	21	3	65	16	0.289	fuzzy
3	71	1					gorresio_only
3	71	2					gorresio_only
3	71	3					gorresio_only
3	71	4					gorresio_only
3	71	5					gorresio_only
3	71	6					gorresio_only
3	71	7	3	66	7	0.515	matched
3	71	8					gorresio_only
3	71	10	3	66	13	0.26	fuzzy
3	71	11	3	66	14	0.484	matched
3	71	12	3	66	15	0.411	fuzzy
3	71	13	3	66	17	0.422	fuzzy
3	71	14					gorresio_only
3	71	15	3	66	19	0.277	fuzzy
3	71	16	3	66	20	0.598	matched
3	71	17	3	66	21	0.738	matched
3	72	1	3	67	1	0.44	fuzzy
3	72	2	3	67	2	0.688	matched
3	72	3	3	67	3	0.259	fuzzy
3	72	4					gorresio_only
3	72	5					gorresio_only
3	72	6					gorresio_only
3	72	7					gorresio_only
3	72	8	3	67	7	0.292	fuzzy
3	72	10					gorresio_only
3	72	11	3	67	11	0.252	fuzzy
3	72	12					gorresio_only
3	72	13					gorresio_only
3	72	14	3	67	13	0.389	fuzzy
3	72	15	3	67	14	0.281	fuzzy
3	72	16					gorresio_only
3	72	17	3	67	16	0.585	matched
3	72	18	3	67	17	0.449	fuzzy
3	72	20	3	67	26	0.663	moved
3	72	21					gorresio_only
3	72	22	3	67	20	0.268	fuzzy
3	72	23					gorresio_only
3	72	24	3	67	23	0.348	fuzzy
3	72	25	3	67	24	0.368	fuzzy
3	72	26					gorresio_only
3	72	28	3	67	27	0.933	matched
3	73	1	3	68	1	0.755	matched
3	73	2	3	68	2	0.471	matched
3	73	3					gorresio_only
3	73	4					gorresio_only
3	73	5	3	68	4	0.303	fuzzy
3	73	6	3	68	7	0.562	moved
3	73	7	3	68	5	0.264	fuzzy
3	73	8					gorresio_only
3	73	10					gorresio_only
3	73	11					gorresio_only
3	73	12					gorresio_only
3	73	13					gorresio_only
3	73	14					gorresio_only
3	73	15					gorresio_only
3	73	16	3	68	15	0.33	fuzzy
3	73	17					gorresio_only
3	73	18					gorresio_only
3	73	20					gorresio_only
3	73	21	3	68	16	0.613	matched
3	73	22	3	68	17	0.536	matched
3	73	23	3	68	18	0.565	matched
3	73	24	3	68	19	0.379	fuzzy
3	73	25	3	68	20	0.602	matched
3	73	26	3	68	23	0.573	moved
3	73	27					gorresio_only
3	73	28	3	68	22	0.346	fuzzy
3	73	30	3	68	24	0.716	matched
3	73	31					gorresio_only
3	73	32					gorresio_only
3	73	33	3	68	25	0.495	matched
3	73	34	3	68	26	0.692	matched
3	73	35	3	68	27	0.363	fuzzy
3	73	36	3	68	28	0.515	matched
3	73	37	3	68	31	0.35	fuzzy
3	73	38					gorresio_only
3	73	39	3	68	33	0.505	matched
3	73	40	3	68	34	0.347	fuzzy
3	73	41	3	68	35	0.406	fuzzy
3	73	42	3	68	37	0.564	matched
3	74	1					gorresio_only
3	74	2					gorresio_only
3	74	3					gorresio_only
3	74	4	3	69	2	0.304	fuzzy
3	74	5					gorresio_only
3	74	6	3	69	4	0.259	fuzzy
3	74	7	3	69	6	0.463	matched
3	74	10	3	69	20	0.495	matched
3	74	11	3	69	21	0.309	fuzzy
3	74	12					gorresio_only
3	74	13	3	69	23	0.273	fuzzy
3	74	14	3	69	27	0.366	fuzzy
3	74	15	3	69	28	0.434	fuzzy
3	74	16					gorresio_only
3	74	17					gorresio_only
3	74	18					gorresio_only
3	74	20					gorresio_only
3	74	21					gorresio_only
3	74	22					gorresio_only
3	74	23					gorresio_only
3	74	24					gorresio_only
3	74	25					gorresio_only
3	74	26					gorresio_only
3	74	27					gorresio_only
3	74	28	3	69	47	0.34	fuzzy
3	74	30	3	69	49	0.328	fuzzy
3	74	31					gorresio_only
3	74	32	3	69	51	0.381	fuzzy
3	75	1					gorresio_only
3	75	2					gorresio_only
3	75	3	3	70	3	0.677	matched
3	75	4	3	70	4	0.429	fuzzy
3	75	6	3	70	12	0.598	moved
3	75	7	3	70	10	0.539	matched
3	75	8	3	70	11	0.525	matched
3	75	10	3	70	13	0.473	matched
3	75	11	3	70	15	0.457	matched
3	75	12	3	70	16	0.387	fuzzy
3	75	13	3	70	17	0.611	matched
3	75	14					gorresio_only
3	75	15					gorresio_only
3	75	16					gorresio_only
3	75	17					gorresio_only
3	75	18					gorresio_only
3	75	20					gorresio_only
3	75	21					gorresio_only
3	75	22					gorresio_only
3	75	23	3	71	1	0.278	fuzzy
3	75	24					gorresio_only
3	75	25					gorresio_only
3	75	26	3	71	9	0.302	fuzzy
3	75	27	3	71	10	0.252	fuzzy
3	75	28					gorresio_only
3	75	29					gorresio_only
3	75	30					gorresio_only
3	75	31					gorresio_only
3	75	32					gorresio_only
3	75	33					gorresio_only
3	75	34					gorresio_only
3	75	35					gorresio_only
3	75	36					gorresio_only
3	75	37	3	71	22	0.404	fuzzy
3	75	38	3	71	23	0.296	fuzzy
3	75	40					gorresio_only
3	75	41					gorresio_only
3	75	42					gorresio_only
3	75	43	3	71	29	0.321	fuzzy
3	75	44	3	71	30	0.678	matched
3	75	45	3	71	31	0.468	matched
3	75	46	3	71	32	0.327	fuzzy
3	75	50					gorresio_only
3	75	51	3	72	2	0.537	matched
3	75	52	3	72	3	0.706	matched
3	75	53					gorresio_only
3	75	54	3	72	5	0.562	matched
3	75	55	3	72	6	0.596	matched
3	75	56	3	72	8	0.406	fuzzy
3	75	57					gorresio_only
3	75	58					gorresio_only
3	75	60	3	72	9	0.379	fuzzy
3	75	61	3	72	10	0.416	fuzzy
3	75	62	3	72	11	0.552	matched
3	75	63	3	72	12	0.622	matched
3	75	64	3	72	17	0.303	fuzzy
3	75	65	3	72	18	0.281	fuzzy
3	75	66	3	72	21	0.281	fuzzy
3	75	67					gorresio_only
3	75	68					gorresio_only
3	75	70					gorresio_only
3	75	71	3	72	24	0.276	fuzzy
3	75	72					gorresio_only
3	75	73	3	72	25	0.31	fuzzy
3	75	74	3	72	27	0.45	fuzzy
3	76	1	3	73	1	0.323	fuzzy
3	76	2	3	73	2	0.516	matched
3	76	3	3	73	3	0.336	fuzzy
3	76	4					gorresio_only
3	76	5					gorresio_only
3	76	6					gorresio_only
3	76	7	3	73	12	0.268	fuzzy
3	76	8					gorresio_only
3	76	10					gorresio_only
3	76	11					gorresio_only
3	76	12					gorresio_only
3	76	13	3	73	21	0.279	fuzzy
3	76	14					gorresio_only
3	76	15					gorresio_only
3	76	16					gorresio_only
3	76	17					gorresio_only
3	76	18					gorresio_only
3	76	20					gorresio_only
3	76	21	3	73	27	0.26	fuzzy
3	76	22					gorresio_only
3	76	23					gorresio_only
3	76	24					gorresio_only
3	76	25					gorresio_only
3	76	26					gorresio_only
3	76	27	3	73	31	0.358	fuzzy
3	76	28					gorresio_only
3	76	30	3	73	33	0.321	fuzzy
3	76	31					gorresio_only
3	76	32					gorresio_only
3	76	33					gorresio_only
3	76	34					gorresio_only
3	76	35	3	73	40	0.558	matched
3	76	36	3	73	41	0.343	fuzzy
3	76	37	3	73	42	0.472	matched
3	76	38	3	73	43	0.804	matched
3	76	39					gorresio_only
3	77	1					gorresio_only
3	77	2	3	74	1	0.435	fuzzy
3	77	3	3	74	2	0.381	fuzzy
3	77	4					gorresio_only
3	77	5	3	74	3	0.291	fuzzy
3	77	6	3	74	4	0.48	matched
3	77	7	3	74	5	0.475	matched
3	77	8	3	74	6	0.711	matched
3	77	10	3	74	9	0.339	fuzzy
3	77	11					gorresio_only
3	77	12	3	74	10	0.252	fuzzy
3	77	13	3	74	14	0.343	fuzzy
3	77	14	3	74	15	0.466	matched
3	77	15					gorresio_only
3	77	16					gorresio_only
3	77	17					gorresio_only
3	77	18					gorresio_only
3	77	20					gorresio_only
3	77	21					gorresio_only
3	77	22					gorresio_only
3	77	23	3	74	23	0.27	fuzzy
3	77	24	3	74	24	0.286	fuzzy
3	77	25	3	74	25	0.388	fuzzy
3	77	26					gorresio_only
3	77	27					gorresio_only
3	77	28					gorresio_only
3	77	29	3	74	28	0.523	matched
3	77	30	3	74	29	0.289	fuzzy
3	77	31					gorresio_only
3	77	32	3	74	32	0.25	fuzzy
3	77	33	3	74	35	0.729	matched
3	78	1	3	75	1	0.417	fuzzy
3	78	2	3	75	2	0.477	matched
3	78	3	3	75	3	0.423	fuzzy
3	78	4	3	75	4	0.587	matched
3	78	5	3	75	5	0.333	fuzzy
3	78	6					gorresio_only
3	78	7					gorresio_only
3	78	8					gorresio_only
3	78	10					gorresio_only
3	78	11					gorresio_only
3	78	12					gorresio_only
3	78	13					gorresio_only
3	78	14					gorresio_only
3	78	15					gorresio_only
3	78	16					gorresio_only
3	78	17					gorresio_only
3	78	18					gorresio_only
3	78	20					gorresio_only
3	78	21					gorresio_only
3	78	22					gorresio_only
3	78	23					gorresio_only
3	78	24					gorresio_only
3	78	25					gorresio_only
3	78	26					gorresio_only
3	78	27					gorresio_only
3	78	28					gorresio_only
3	78	30					gorresio_only
3	78	31					gorresio_only
3	79	1					gorresio_only
3	79	2					gorresio_only
3	79	3					gorresio_only
3	79	4					gorresio_only
3	79	5					gorresio_only
3	79	6					gorresio_only
3	79	7					gorresio_only
3	79	8					gorresio_only
3	79	10					gorresio_only
3	79	11					gorresio_only
3	79	12					gorresio_only
3	79	13					gorresio_only
3	79	14					gorresio_only
3	79	15					gorresio_only
3	79	16					gorresio_only
3	79	17					gorresio_only
3	79	18					gorresio_only
3	79	20					gorresio_only
3	79	21					gorresio_only
3	79	22					gorresio_only
3	79	23					gorresio_only
3	79	24					gorresio_only
3	79	25					gorresio_only
3	79	26					gorresio_only
3	79	27					gorresio_only
3	79	28					gorresio_only
3	79	30					gorresio_only
3	79	31					gorresio_only
3	79	32					gorresio_only
3	79	33					gorresio_only
3	79	34					gorresio_only
3	79	35					gorresio_only
3	79	36					gorresio_only
3	79	37					gorresio_only
3	79	38					gorresio_only
3	79	39					gorresio_only
3	79	40					gorresio_only
3	79	41					gorresio_only
3	79	42					gorresio_only
3	79	43					gorresio_only
3	79	44					gorresio_only
3	79	45					gorresio_only
3	79	46					gorresio_only
3	79	47					gorresio_only
3	79	48					gorresio_only
3	79	49					gorresio_only
3	79	50					gorresio_only
3	79	51					gorresio_only
4	1	1					no_southern_corpus
4	1	2					no_southern_corpus
4	1	3					no_southern_corpus
4	1	4					no_southern_corpus
4	1	5					no_southern_corpus
4	1	6					no_southern_corpus
4	1	7					no_southern_corpus
4	1	8					no_southern_corpus
4	1	9					no_southern_corpus
4	1	10					no_southern_corpus
4	1	11					no_southern_corpus
4	1	12					no_southern_corpus
4	1	13					no_southern_corpus
4	1	14					no_southern_corpus
4	1	15					no_southern_corpus
4	1	16					no_southern_corpus
4	1	17					no_southern_corpus
4	1	18					no_southern_corpus
4	1	19					no_southern_corpus
4	1	20					no_southern_corpus
4	1	21					no_southern_corpus
4	1	22					no_southern_corpus
4	1	23					no_southern_corpus
4	1	24					no_southern_corpus
4	1	25					no_southern_corpus
4	1	26					no_southern_corpus
4	1	27					no_southern_corpus
4	1	28					no_southern_corpus
4	1	29					no_southern_corpus
4	1	30					no_southern_corpus
4	1	31					no_southern_corpus
4	1	32					no_southern_corpus
4	2	1					no_southern_corpus
4	2	2					no_southern_corpus
4	2	3					no_southern_corpus
4	2	4					no_southern_corpus
4	2	5					no_southern_corpus
4	2	6					no_southern_corpus
4	2	7					no_southern_corpus
4	2	8					no_southern_corpus
4	2	10					no_southern_corpus
4	2	11					no_southern_corpus
4	2	12					no_southern_corpus
4	2	13					no_southern_corpus
4	2	14					no_southern_corpus
4	2	15					no_southern_corpus
4	2	16					no_southern_corpus
4	2	17					no_southern_corpus
4	2	18					no_southern_corpus
4	2	20					no_southern_corpus
4	2	21					no_southern_corpus
4	2	22					no_southern_corpus
4	2	23					no_southern_corpus
4	3	1					no_southern_corpus
4	3	2					no_southern_corpus
4	3	3					no_southern_corpus
4	3	4					no_southern_corpus
4	3	5					no_southern_corpus
4	3	6					no_southern_corpus
4	3	7					no_southern_corpus
4	3	8					no_southern_corpus
4	3	10					no_southern_corpus
4	3	11					no_southern_corpus
4	3	12					no_southern_corpus
4	3	13					no_southern_corpus
4	3	14					no_southern_corpus
4	3	15					no_southern_corpus
4	3	16					no_southern_corpus
4	3	17					no_southern_corpus
4	3	18					no_southern_corpus
4	3	20					no_southern_corpus
4	3	21					no_southern_corpus
4	3	22					no_southern_corpus
4	3	23					no_southern_corpus
4	3	24					no_southern_corpus
4	3	25					no_southern_corpus
4	3	26					no_southern_corpus
4	3	27					no_southern_corpus
4	3	28					no_southern_corpus
4	4	1					no_southern_corpus
4	4	2					no_southern_corpus
4	4	3					no_southern_corpus
4	4	4					no_southern_corpus
4	4	5					no_southern_corpus
4	4	6					no_southern_corpus
4	4	7					no_southern_corpus
4	4	8					no_southern_corpus
4	4	10					no_southern_corpus
4	4	11					no_southern_corpus
4	4	12					no_southern_corpus
4	4	13					no_southern_corpus
4	4	14					no_southern_corpus
4	4	15					no_southern_corpus
4	4	16					no_southern_corpus
4	4	17					no_southern_corpus
4	4	18					no_southern_corpus
4	4	20					no_southern_corpus
4	5	1					no_southern_corpus
4	5	2					no_southern_corpus
4	5	3					no_southern_corpus
4	5	4					no_southern_corpus
4	5	5					no_southern_corpus
4	5	6					no_southern_corpus
4	5	7					no_southern_corpus
4	5	8					no_southern_corpus
4	5	10					no_southern_corpus
4	5	11					no_southern_corpus
4	5	12					no_southern_corpus
4	5	13					no_southern_corpus
4	5	14					no_southern_corpus
4	5	15					no_southern_corpus
4	5	16					no_southern_corpus
4	5	17					no_southern_corpus
4	5	18					no_southern_corpus
4	5	20					no_southern_corpus
4	5	21					no_southern_corpus
4	5	22					no_southern_corpus
4	5	23					no_southern_corpus
4	5	24					no_southern_corpus
4	5	25					no_southern_corpus
4	5	26					no_southern_corpus
4	5	27					no_southern_corpus
4	5	28					no_southern_corpus
4	5	30					no_southern_corpus
4	5	31					no_southern_corpus
4	6	1					no_southern_corpus
4	6	2					no_southern_corpus
4	6	3					no_southern_corpus
4	6	4					no_southern_corpus
4	6	5					no_southern_corpus
4	6	6					no_southern_corpus
4	6	7					no_southern_corpus
4	6	8					no_southern_corpus
4	6	10					no_southern_corpus
4	6	11					no_southern_corpus
4	6	12					no_southern_corpus
4	6	13					no_southern_corpus
4	6	14					no_southern_corpus
4	6	15					no_southern_corpus
4	6	16					no_southern_corpus
4	6	17					no_southern_corpus
4	6	18					no_southern_corpus
4	6	20					no_southern_corpus
4	6	21					no_southern_corpus
4	6	22					no_southern_corpus
4	6	23					no_southern_corpus
4	6	24					no_southern_corpus
4	7	1					no_southern_corpus
4	7	2					no_southern_corpus
4	7	3					no_southern_corpus
4	7	4					no_southern_corpus
4	7	5					no_southern_corpus
4	7	6					no_southern_corpus
4	7	7					no_southern_corpus
4	7	8					no_southern_corpus
4	7	10					no_southern_corpus
4	7	11					no_southern_corpus
4	7	12					no_southern_corpus
4	7	13					no_southern_corpus
4	7	14					no_southern_corpus
4	7	15					no_southern_corpus
4	7	16					no_southern_corpus
4	7	17					no_southern_corpus
4	7	18					no_southern_corpus
4	7	20					no_southern_corpus
4	7	21					no_southern_corpus
4	7	22					no_southern_corpus
4	7	23					no_southern_corpus
4	7	24					no_southern_corpus
4	7	25					no_southern_corpus
4	8	1					no_southern_corpus
4	8	2					no_southern_corpus
4	8	3					no_southern_corpus
4	8	4					no_southern_corpus
4	8	5					no_southern_corpus
4	8	6					no_southern_corpus
4	8	7					no_southern_corpus
4	8	8					no_southern_corpus
4	8	10					no_southern_corpus
4	8	11					no_southern_corpus
4	8	12					no_southern_corpus
4	8	13					no_southern_corpus
4	8	14					no_southern_corpus
4	8	15					no_southern_corpus
4	8	16					no_southern_corpus
4	8	17					no_southern_corpus
4	8	18					no_southern_corpus
4	8	20					no_southern_corpus
4	8	21					no_southern_corpus
4	8	22					no_southern_corpus
4	8	23					no_southern_corpus
4	8	24					no_southern_corpus
4	8	25					no_southern_corpus
4	8	26					no_southern_corpus
4	8	27					no_southern_corpus
4	8	28					no_southern_corpus
4	8	30					no_southern_corpus
4	8	31					no_southern_corpus
4	8	32					no_southern_corpus
4	8	33					no_southern_corpus
4	8	34					no_southern_corpus
4	8	35					no_southern_corpus
4	8	36					no_southern_corpus
4	8	38					no_southern_corpus
4	8	39					no_southern_corpus
4	8	40					no_southern_corpus
4	8	41					no_southern_corpus
4	8	42					no_southern_corpus
4	8	43					no_southern_corpus
4	8	44					no_southern_corpus
4	8	45					no_southern_corpus
4	8	46					no_southern_corpus
4	8	47					no_southern_corpus
4	8	48					no_southern_corpus
4	8	49					no_southern_corpus
4	8	50					no_southern_corpus
4	8	51					no_southern_corpus
4	8	52					no_southern_corpus
4	8	53					no_southern_corpus
4	8	54					no_southern_corpus
4	8	55					no_southern_corpus
4	8	56					no_southern_corpus
4	8	57					no_southern_corpus
4	8	58					no_southern_corpus
4	9	1					no_southern_corpus
4	9	2					no_southern_corpus
4	9	3					no_southern_corpus
4	9	4					no_southern_corpus
4	9	5					no_southern_corpus
4	9	6					no_southern_corpus
4	9	7					no_southern_corpus
4	9	8					no_southern_corpus
4	9	10					no_southern_corpus
4	9	11					no_southern_corpus
4	9	12					no_southern_corpus
4	9	13					no_southern_corpus
4	9	14					no_southern_corpus
4	9	15					no_southern_corpus
4	9	16					no_southern_corpus
4	9	17					no_southern_corpus
4	9	18					no_southern_corpus
4	9	20					no_southern_corpus
4	9	21					no_southern_corpus
4	9	22					no_southern_corpus
4	9	23					no_southern_corpus
4	9	24					no_southern_corpus
4	9	25					no_southern_corpus
4	9	26					no_southern_corpus
4	9	27					no_southern_corpus
4	9	28					no_southern_corpus
4	9	30					no_southern_corpus
4	9	31					no_southern_corpus
4	9	32					no_southern_corpus
4	9	33					no_southern_corpus
4	9	34					no_southern_corpus
4	9	35					no_southern_corpus
4	9	36					no_southern_corpus
4	9	38					no_southern_corpus
4	9	40					no_southern_corpus
4	9	41					no_southern_corpus
4	9	42					no_southern_corpus
4	9	43					no_southern_corpus
4	9	44					no_southern_corpus
4	9	45					no_southern_corpus
4	9	46					no_southern_corpus
4	9	50					no_southern_corpus
4	9	51					no_southern_corpus
4	9	52					no_southern_corpus
4	9	53					no_southern_corpus
4	9	54					no_southern_corpus
4	9	55					no_southern_corpus
4	9	56					no_southern_corpus
4	9	57					no_southern_corpus
4	9	58					no_southern_corpus
4	9	59					no_southern_corpus
4	9	60					no_southern_corpus
4	9	61					no_southern_corpus
4	9	62					no_southern_corpus
4	9	63					no_southern_corpus
4	9	64					no_southern_corpus
4	9	65					no_southern_corpus
4	9	66					no_southern_corpus
4	9	67					no_southern_corpus
4	9	68					no_southern_corpus
4	9	69					no_southern_corpus
4	9	70					no_southern_corpus
4	9	71					no_southern_corpus
4	9	72					no_southern_corpus
4	9	73					no_southern_corpus
4	9	74					no_southern_corpus
4	9	75					no_southern_corpus
4	9	76					no_southern_corpus
4	9	77					no_southern_corpus
4	9	78					no_southern_corpus
4	9	79					no_southern_corpus
4	9	80					no_southern_corpus
4	9	81					no_southern_corpus
4	9	82					no_southern_corpus
4	9	83					no_southern_corpus
4	9	84					no_southern_corpus
4	9	85					no_southern_corpus
4	9	86					no_southern_corpus
4	9	87					no_southern_corpus
4	9	88					no_southern_corpus
4	9	89					no_southern_corpus
4	9	90					no_southern_corpus
4	9	91					no_southern_corpus
4	9	92					no_southern_corpus
4	9	93					no_southern_corpus
4	9	94					no_southern_corpus
4	9	95					no_southern_corpus
4	9	96					no_southern_corpus
4	9	97					no_southern_corpus
4	9	98					no_southern_corpus
4	9	99					no_southern_corpus
4	9	100					no_southern_corpus
4	9	101					no_southern_corpus
4	9	102					no_southern_corpus
4	9	103					no_southern_corpus
4	9	104					no_southern_corpus
4	9	105					no_southern_corpus
4	9	106					no_southern_corpus
4	9	107					no_southern_corpus
4	10	1					no_southern_corpus
4	10	2					no_southern_corpus
4	10	3					no_southern_corpus
4	10	4					no_southern_corpus
4	10	5					no_southern_corpus
4	10	6					no_southern_corpus
4	10	7					no_southern_corpus
4	10	8					no_southern_corpus
4	10	10					no_southern_corpus
4	10	11					no_southern_corpus
4	10	12					no_southern_corpus
4	10	13					no_southern_corpus
4	10	14					no_southern_corpus
4	10	15					no_southern_corpus
4	10	16					no_southern_corpus
4	10	17					no_southern_corpus
4	10	18					no_southern_corpus
4	10	20					no_southern_corpus
4	10	21					no_southern_corpus
4	10	22					no_southern_corpus
4	10	23					no_southern_corpus
4	10	24					no_southern_corpus
4	10	25					no_southern_corpus
4	10	26					no_southern_corpus
4	10	27					no_southern_corpus
4	10	28					no_southern_corpus
4	10	29					no_southern_corpus
4	10	30					no_southern_corpus
4	10	31					no_southern_corpus
4	10	32					no_southern_corpus
4	10	33					no_southern_corpus
4	10	34					no_southern_corpus
4	10	35					no_southern_corpus
4	10	36					no_southern_corpus
4	11	1					no_southern_corpus
4	11	2					no_southern_corpus
4	11	3					no_southern_corpus
4	11	4					no_southern_corpus
4	11	5					no_southern_corpus
4	11	6					no_southern_corpus
4	11	7					no_southern_corpus
4	11	8					no_southern_corpus
4	11	10					no_southern_corpus
4	11	11					no_southern_corpus
4	11	12					no_southern_corpus
4	12	1					no_southern_corpus
4	12	2					no_southern_corpus
4	12	3					no_southern_corpus
4	12	4					no_southern_corpus
4	12	5					no_southern_corpus
4	12	6					no_southern_corpus
4	12	7					no_southern_corpus
4	12	8					no_southern_corpus
4	12	10					no_southern_corpus
4	12	11					no_southern_corpus
4	12	12					no_southern_corpus
4	12	13					no_southern_corpus
4	12	14					no_southern_corpus
4	12	15					no_southern_corpus
4	12	16					no_southern_corpus
4	12	17					no_southern_corpus
4	12	18					no_southern_corpus
4	12	20					no_southern_corpus
4	12	21					no_southern_corpus
4	12	22					no_southern_corpus
4	12	23					no_southern_corpus
4	12	24					no_southern_corpus
4	12	25					no_southern_corpus
4	12	26					no_southern_corpus
4	12	27					no_southern_corpus
4	12	28					no_southern_corpus
4	12	30					no_southern_corpus
4	12	31					no_southern_corpus
4	12	32					no_southern_corpus
4	12	33					no_southern_corpus
4	12	34					no_southern_corpus
4	12	35					no_southern_corpus
4	12	36					no_southern_corpus
4	12	37					no_southern_corpus
4	12	38					no_southern_corpus
4	12	40					no_southern_corpus
4	12	41					no_southern_corpus
4	12	42					no_southern_corpus
4	12	43					no_southern_corpus
4	12	44					no_southern_corpus
4	12	45					no_southern_corpus
4	12	46					no_southern_corpus
4	12	47					no_southern_corpus
4	12	48					no_southern_corpus
4	13	1					no_southern_corpus
4	13	2					no_southern_corpus
4	13	3					no_southern_corpus
4	13	4					no_southern_corpus
4	13	5					no_southern_corpus
4	13	6					no_southern_corpus
4	13	7					no_southern_corpus
4	13	8					no_southern_corpus
4	13	10					no_southern_corpus
4	13	11					no_southern_corpus
4	13	12					no_southern_corpus
4	13	13					no_southern_corpus
4	13	14					no_southern_corpus
4	13	15					no_southern_corpus
4	13	16					no_southern_corpus
4	13	18					no_southern_corpus
4	13	20					no_southern_corpus
4	13	21					no_southern_corpus
4	13	22					no_southern_corpus
4	13	23					no_southern_corpus
4	13	24					no_southern_corpus
4	13	25					no_southern_corpus
4	13	26					no_southern_corpus
4	13	27					no_southern_corpus
4	13	28					no_southern_corpus
4	13	30					no_southern_corpus
4	13	31					no_southern_corpus
4	13	32					no_southern_corpus
4	13	33					no_southern_corpus
4	13	34					no_southern_corpus
4	13	35					no_southern_corpus
4	13	36					no_southern_corpus
4	13	38					no_southern_corpus
4	13	39					no_southern_corpus
4	13	40					no_southern_corpus
4	13	41					no_southern_corpus
4	13	42					no_southern_corpus
4	13	43					no_southern_corpus
4	13	44					no_southern_corpus
4	13	45					no_southern_corpus
4	13	46					no_southern_corpus
4	13	47					no_southern_corpus
4	14	1					no_southern_corpus
4	14	2					no_southern_corpus
4	14	3					no_southern_corpus
4	14	4					no_southern_corpus
4	14	5					no_southern_corpus
4	14	6					no_southern_corpus
4	14	7					no_southern_corpus
4	14	8					no_southern_corpus
4	14	10					no_southern_corpus
4	14	11					no_southern_corpus
4	14	12					no_southern_corpus
4	14	13					no_southern_corpus
4	14	14					no_southern_corpus
4	14	15					no_southern_corpus
4	14	16					no_southern_corpus
4	14	17					no_southern_corpus
4	14	18					no_southern_corpus
4	14	20					no_southern_corpus
4	14	21					no_southern_corpus
4	14	22					no_southern_corpus
4	14	23					no_southern_corpus
4	14	24					no_southern_corpus
4	14	25					no_southern_corpus
4	14	26					no_southern_corpus
4	14	27					no_southern_corpus
4	14	28					no_southern_corpus
4	14	30					no_southern_corpus
4	14	31					no_southern_corpus
4	14	32					no_southern_corpus
4	15	1					no_southern_corpus
4	15	2					no_southern_corpus
4	15	3					no_southern_corpus
4	15	4					no_southern_corpus
4	15	5					no_southern_corpus
4	15	6					no_southern_corpus
4	15	7					no_southern_corpus
4	15	8					no_southern_corpus
4	15	10					no_southern_corpus
4	15	11					no_southern_corpus
4	15	12					no_southern_corpus
4	15	13					no_southern_corpus
4	15	14					no_southern_corpus
4	15	15					no_southern_corpus
4	15	16					no_southern_corpus
4	15	17					no_southern_corpus
4	15	18					no_southern_corpus
4	15	20					no_southern_corpus
4	15	21					no_southern_corpus
4	15	22					no_southern_corpus
4	15	23					no_southern_corpus
4	15	24					no_southern_corpus
4	15	25					no_southern_corpus
4	15	26					no_southern_corpus
4	15	27					no_southern_corpus
4	15	28					no_southern_corpus
4	15	30					no_southern_corpus
4	15	31					no_southern_corpus
4	15	32					no_southern_corpus
4	15	33					no_southern_corpus
4	15	34					no_southern_corpus
4	16	1					no_southern_corpus
4	16	2					no_southern_corpus
4	16	3					no_southern_corpus
4	16	4					no_southern_corpus
4	16	5					no_southern_corpus
4	16	6					no_southern_corpus
4	16	7					no_southern_corpus
4	16	8					no_southern_corpus
4	16	10					no_southern_corpus
4	16	11					no_southern_corpus
4	16	12					no_southern_corpus
4	16	13					no_southern_corpus
4	16	14					no_southern_corpus
4	16	15					no_southern_corpus
4	16	16					no_southern_corpus
4	16	17					no_southern_corpus
4	16	18					no_southern_corpus
4	16	20					no_southern_corpus
4	16	21					no_southern_corpus
4	16	22					no_southern_corpus
4	16	23					no_southern_corpus
4	16	24					no_southern_corpus
4	16	25					no_southern_corpus
4	16	26					no_southern_corpus
4	16	27					no_southern_corpus
4	16	28					no_southern_corpus
4	16	30					no_southern_corpus
4	16	31					no_southern_corpus
4	16	32					no_southern_corpus
4	16	33					no_southern_corpus
4	16	34					no_southern_corpus
4	16	35					no_southern_corpus
4	16	36					no_southern_corpus
4	16	37					no_southern_corpus
4	16	38					no_southern_corpus
4	16	39					no_southern_corpus
4	16	40					no_southern_corpus
4	16	41					no_southern_corpus
4	16	42					no_southern_corpus
4	16	43					no_southern_corpus
4	16	44					no_southern_corpus
4	16	45					no_southern_corpus
4	16	46					no_southern_corpus
4	16	47					no_southern_corpus
4	16	48					no_southern_corpus
4	16	49					no_southern_corpus
4	16	50					no_southern_corpus
4	16	51					no_southern_corpus
4	16	52					no_southern_corpus
4	16	53					no_southern_corpus
4	17	1					no_southern_corpus
4	17	2					no_southern_corpus
4	17	3					no_southern_corpus
4	17	4					no_southern_corpus
4	17	5					no_southern_corpus
4	17	6					no_southern_corpus
4	17	7					no_southern_corpus
4	17	8					no_southern_corpus
4	17	10					no_southern_corpus
4	17	11					no_southern_corpus
4	17	12					no_southern_corpus
4	17	13					no_southern_corpus
4	17	14					no_southern_corpus
4	17	15					no_southern_corpus
4	17	16					no_southern_corpus
4	17	17					no_southern_corpus
4	17	18					no_southern_corpus
4	17	19					no_southern_corpus
4	17	20					no_southern_corpus
4	17	21					no_southern_corpus
4	17	22					no_southern_corpus
4	17	23					no_southern_corpus
4	17	24					no_southern_corpus
4	17	25					no_southern_corpus
4	17	26					no_southern_corpus
4	17	27					no_southern_corpus
4	17	28					no_southern_corpus
4	17	30					no_southern_corpus
4	17	31					no_southern_corpus
4	17	32					no_southern_corpus
4	17	33					no_southern_corpus
4	17	34					no_southern_corpus
4	17	35					no_southern_corpus
4	17	36					no_southern_corpus
4	17	40					no_southern_corpus
4	17	41					no_southern_corpus
4	17	42					no_southern_corpus
4	17	43					no_southern_corpus
4	17	44					no_southern_corpus
4	17	45					no_southern_corpus
4	17	46					no_southern_corpus
4	17	47					no_southern_corpus
4	17	48					no_southern_corpus
4	17	49					no_southern_corpus
4	17	50					no_southern_corpus
4	17	51					no_southern_corpus
4	17	52					no_southern_corpus
4	17	53					no_southern_corpus
4	17	54					no_southern_corpus
4	17	55					no_southern_corpus
4	17	56					no_southern_corpus
4	17	57					no_southern_corpus
4	17	58					no_southern_corpus
4	18	1					no_southern_corpus
4	18	2					no_southern_corpus
4	18	3					no_southern_corpus
4	18	4					no_southern_corpus
4	18	5					no_southern_corpus
4	18	6					no_southern_corpus
4	18	7					no_southern_corpus
4	18	8					no_southern_corpus
4	18	10					no_southern_corpus
4	18	11					no_southern_corpus
4	18	12					no_southern_corpus
4	18	13					no_southern_corpus
4	18	14					no_southern_corpus
4	18	15					no_southern_corpus
4	18	16					no_southern_corpus
4	18	17					no_southern_corpus
4	18	18					no_southern_corpus
4	18	20					no_southern_corpus
4	18	21					no_southern_corpus
4	18	22					no_southern_corpus
4	18	23					no_southern_corpus
4	18	24					no_southern_corpus
4	18	25					no_southern_corpus
4	18	26					no_southern_corpus
4	18	27					no_southern_corpus
4	18	28					no_southern_corpus
4	18	30					no_southern_corpus
4	18	31					no_southern_corpus
4	18	32					no_southern_corpus
4	19	1					no_southern_corpus
4	19	2					no_southern_corpus
4	19	3					no_southern_corpus
4	19	4					no_southern_corpus
4	19	5					no_southern_corpus
4	19	6					no_southern_corpus
4	19	7					no_southern_corpus
4	19	8					no_southern_corpus
4	19	10					no_southern_corpus
4	19	11					no_southern_corpus
4	19	12					no_southern_corpus
4	19	13					no_southern_corpus
4	19	14					no_southern_corpus
4	19	15					no_southern_corpus
4	19	16					no_southern_corpus
4	19	17					no_southern_corpus
4	19	18					no_southern_corpus
4	19	20					no_southern_corpus
4	19	21					no_southern_corpus
4	19	22					no_southern_corpus
4	19	23					no_southern_corpus
4	19	24					no_southern_corpus
4	19	25					no_southern_corpus
4	19	26					no_southern_corpus
4	19	27					no_southern_corpus
4	19	28					no_southern_corpus
4	19	30					no_southern_corpus
4	19	31					no_southern_corpus
4	19	32					no_southern_corpus
4	19	33					no_southern_corpus
4	19	34					no_southern_corpus
4	19	35					no_southern_corpus
4	19	36					no_southern_corpus
4	19	37					no_southern_corpus
4	20	1					no_southern_corpus
4	20	2					no_southern_corpus
4	20	3					no_southern_corpus
4	20	4					no_southern_corpus
4	20	5					no_southern_corpus
4	20	6					no_southern_corpus
4	20	7					no_southern_corpus
4	20	8					no_southern_corpus
4	20	10					no_southern_corpus
4	20	11					no_southern_corpus
4	20	12					no_southern_corpus
4	20	13					no_southern_corpus
4	20	14					no_southern_corpus
4	20	15					no_southern_corpus
4	20	16					no_southern_corpus
4	20	17					no_southern_corpus
4	20	18					no_southern_corpus
4	20	20					no_southern_corpus
4	20	21					no_southern_corpus
4	21	1					no_southern_corpus
4	21	2					no_southern_corpus
4	21	3					no_southern_corpus
4	21	4					no_southern_corpus
4	21	5					no_southern_corpus
4	21	6					no_southern_corpus
4	21	7					no_southern_corpus
4	21	8					no_southern_corpus
4	21	10					no_southern_corpus
4	21	11					no_southern_corpus
4	21	12					no_southern_corpus
4	21	13					no_southern_corpus
4	21	14					no_southern_corpus
4	21	15					no_southern_corpus
4	21	16					no_southern_corpus
4	21	17					no_southern_corpus
4	21	18					no_southern_corpus
4	21	20					no_southern_corpus
4	21	21					no_southern_corpus
4	21	22					no_southern_corpus
4	21	23					no_southern_corpus
4	21	24					no_southern_corpus
4	21	25					no_southern_corpus
4	21	26					no_southern_corpus
4	21	27					no_southern_corpus
4	21	28					no_southern_corpus
4	21	30					no_southern_corpus
4	21	31					no_southern_corpus
4	21	32					no_southern_corpus
4	21	33					no_southern_corpus
4	21	34					no_southern_corpus
4	21	35					no_southern_corpus
4	21	36					no_southern_corpus
4	21	37					no_southern_corpus
4	22	1					no_southern_corpus
4	22	2					no_southern_corpus
4	22	3					no_southern_corpus
4	22	4					no_southern_corpus
4	22	5					no_southern_corpus
4	22	6					no_southern_corpus
4	22	7					no_southern_corpus
4	22	8					no_southern_corpus
4	22	10					no_southern_corpus
4	22	11					no_southern_corpus
4	22	12					no_southern_corpus
4	22	13					no_southern_corpus
4	22	14					no_southern_corpus
4	22	15					no_southern_corpus
4	22	16					no_southern_corpus
4	22	17					no_southern_corpus
4	22	18					no_southern_corpus
4	22	20					no_southern_corpus
4	22	21					no_southern_corpus
4	22	22					no_southern_corpus
4	22	23					no_southern_corpus
4	22	24					no_southern_corpus
4	22	25					no_southern_corpus
4	22	26					no_southern_corpus
4	22	27					no_southern_corpus
4	22	28					no_southern_corpus
4	22	29					no_southern_corpus
4	22	30					no_southern_corpus
4	22	31					no_southern_corpus
4	22	32					no_southern_corpus
4	22	33					no_southern_corpus
4	22	34					no_southern_corpus
4	22	35					no_southern_corpus
4	22	36					no_southern_corpus
4	22	37					no_southern_corpus
4	22	38					no_southern_corpus
4	22	39					no_southern_corpus
4	23	1					no_southern_corpus
4	23	2					no_southern_corpus
4	23	3					no_southern_corpus
4	23	4					no_southern_corpus
4	23	5					no_southern_corpus
4	23	6					no_southern_corpus
4	23	7					no_southern_corpus
4	23	8					no_southern_corpus
4	23	10					no_southern_corpus
4	23	11					no_southern_corpus
4	23	12					no_southern_corpus
4	24	1					no_southern_corpus
4	24	2					no_southern_corpus
4	24	3					no_southern_corpus
4	24	4					no_southern_corpus
4	24	5					no_southern_corpus
4	24	6					no_southern_corpus
4	24	7					no_southern_corpus
4	24	8					no_southern_corpus
4	24	10					no_southern_corpus
4	24	11					no_southern_corpus
4	24	12					no_southern_corpus
4	24	13					no_southern_corpus
4	24	14					no_southern_corpus
4	24	15					no_southern_corpus
4	24	16					no_southern_corpus
4	24	17					no_southern_corpus
4	24	18					no_southern_corpus
4	24	20					no_southern_corpus
4	24	21					no_southern_corpus
4	24	22					no_southern_corpus
4	24	23					no_southern_corpus
4	24	24					no_southern_corpus
4	24	25					no_southern_corpus
4	24	26					no_southern_corpus
4	24	27					no_southern_corpus
4	24	28					no_southern_corpus
4	24	30					no_southern_corpus
4	24	31					no_southern_corpus
4	24	32					no_southern_corpus
4	24	33					no_southern_corpus
4	24	34					no_southern_corpus
4	24	35					no_southern_corpus
4	24	36					no_southern_corpus
4	24	37					no_southern_corpus
4	24	38					no_southern_corpus
4	24	40					no_southern_corpus
4	24	41					no_southern_corpus
4	24	42					no_southern_corpus
4	24	43					no_southern_corpus
4	24	44					no_southern_corpus
4	25	1					no_southern_corpus
4	25	2					no_southern_corpus
4	25	3					no_southern_corpus
4	25	4					no_southern_corpus
4	25	5					no_southern_corpus
4	25	6					no_southern_corpus
4	25	7					no_southern_corpus
4	25	8					no_southern_corpus
4	25	10					no_southern_corpus
4	25	11					no_southern_corpus
4	25	12					no_southern_corpus
4	25	13					no_southern_corpus
4	25	14					no_southern_corpus
4	25	15					no_southern_corpus
4	25	16					no_southern_corpus
4	25	17					no_southern_corpus
4	25	18					no_southern_corpus
4	25	20					no_southern_corpus
4	25	21					no_southern_corpus
4	25	22					no_southern_corpus
4	25	23					no_southern_corpus
4	25	24					no_southern_corpus
4	25	25					no_southern_corpus
4	25	26					no_southern_corpus
4	25	27					no_southern_corpus
4	25	28					no_southern_corpus
4	25	29					no_southern_corpus
4	25	30					no_southern_corpus
4	25	31					no_southern_corpus
4	25	32					no_southern_corpus
4	25	33					no_southern_corpus
4	25	34					no_southern_corpus
4	25	35					no_southern_corpus
4	25	36					no_southern_corpus
4	25	38					no_southern_corpus
4	26	1					no_southern_corpus
4	26	2					no_southern_corpus
4	26	3					no_southern_corpus
4	26	4					no_southern_corpus
4	26	5					no_southern_corpus
4	26	6					no_southern_corpus
4	26	7					no_southern_corpus
4	26	8					no_southern_corpus
4	26	10					no_southern_corpus
4	26	11					no_southern_corpus
4	26	12					no_southern_corpus
4	26	13					no_southern_corpus
4	26	14					no_southern_corpus
4	26	15					no_southern_corpus
4	26	16					no_southern_corpus
4	26	17					no_southern_corpus
4	26	18					no_southern_corpus
4	26	20					no_southern_corpus
4	26	21					no_southern_corpus
4	26	22					no_southern_corpus
4	26	23					no_southern_corpus
4	26	24					no_southern_corpus
4	26	25					no_southern_corpus
4	27	1					no_southern_corpus
4	27	2					no_southern_corpus
4	27	3					no_southern_corpus
4	27	4					no_southern_corpus
4	27	5					no_southern_corpus
4	27	6					no_southern_corpus
4	27	7					no_southern_corpus
4	27	8					no_southern_corpus
4	27	10					no_southern_corpus
4	27	11					no_southern_corpus
4	27	12					no_southern_corpus
4	27	13					no_southern_corpus
4	27	14					no_southern_corpus
4	27	15					no_southern_corpus
4	27	16					no_southern_corpus
4	27	17					no_southern_corpus
4	27	18					no_southern_corpus
4	27	20					no_southern_corpus
4	27	21					no_southern_corpus
4	27	22					no_southern_corpus
4	27	23					no_southern_corpus
4	27	24					no_southern_corpus
4	28	1					no_southern_corpus
4	28	2					no_southern_corpus
4	28	3					no_southern_corpus
4	28	4					no_southern_corpus
4	28	5					no_southern_corpus
4	28	6					no_southern_corpus
4	28	7					no_southern_corpus
4	28	8					no_southern_corpus
4	28	10					no_southern_corpus
4	28	11					no_southern_corpus
4	28	12					no_southern_corpus
4	28	13					no_southern_corpus
4	28	14					no_southern_corpus
4	28	15					no_southern_corpus
4	28	16					no_southern_corpus
4	28	17					no_southern_corpus
4	28	18					no_southern_corpus
4	28	20					no_southern_corpus
4	28	21					no_southern_corpus
4	28	22					no_southern_corpus
4	28	23					no_southern_corpus
4	28	24					no_southern_corpus
4	28	25					no_southern_corpus
4	28	26					no_southern_corpus
4	28	27					no_southern_corpus
4	28	28					no_southern_corpus
4	28	30					no_southern_corpus
4	28	31					no_southern_corpus
4	28	32					no_southern_corpus
4	29	1					no_southern_corpus
4	29	2					no_southern_corpus
4	29	3					no_southern_corpus
4	29	4					no_southern_corpus
4	29	5					no_southern_corpus
4	29	6					no_southern_corpus
4	29	7					no_southern_corpus
4	29	8					no_southern_corpus
4	29	10					no_southern_corpus
4	29	11					no_southern_corpus
4	29	12					no_southern_corpus
4	29	13					no_southern_corpus
4	29	14					no_southern_corpus
4	29	15					no_southern_corpus
4	29	16					no_southern_corpus
4	29	17					no_southern_corpus
4	29	18					no_southern_corpus
4	29	20					no_southern_corpus
4	29	21					no_southern_corpus
4	29	22					no_southern_corpus
4	29	23					no_southern_corpus
4	29	24					no_southern_corpus
4	29	25					no_southern_corpus
4	29	26					no_southern_corpus
4	29	27					no_southern_corpus
4	30	1					no_southern_corpus
4	30	2					no_southern_corpus
4	30	3					no_southern_corpus
4	30	4					no_southern_corpus
4	30	5					no_southern_corpus
4	30	6					no_southern_corpus
4	30	7					no_southern_corpus
4	30	8					no_southern_corpus
4	30	10					no_southern_corpus
4	30	11					no_southern_corpus
4	30	12					no_southern_corpus
4	30	13					no_southern_corpus
4	30	14					no_southern_corpus
4	30	15					no_southern_corpus
4	30	16					no_southern_corpus
4	30	17					no_southern_corpus
4	30	18					no_southern_corpus
4	30	20					no_southern_corpus
4	30	21					no_southern_corpus
4	30	22					no_southern_corpus
4	31	1					no_southern_corpus
4	31	2					no_southern_corpus
4	31	3					no_southern_corpus
4	31	4					no_southern_corpus
4	31	5					no_southern_corpus
4	31	6					no_southern_corpus
4	31	7					no_southern_corpus
4	31	8					no_southern_corpus
4	31	10					no_southern_corpus
4	31	11					no_southern_corpus
4	31	12					no_southern_corpus
4	31	13					no_southern_corpus
4	31	14					no_southern_corpus
4	31	15					no_southern_corpus
4	31	16					no_southern_corpus
4	31	17					no_southern_corpus
4	31	18					no_southern_corpus
4	31	20					no_southern_corpus
4	31	21					no_southern_corpus
4	31	22					no_southern_corpus
4	31	24					no_southern_corpus
4	31	25					no_southern_corpus
4	31	26					no_southern_corpus
4	31	27					no_southern_corpus
4	31	28					no_southern_corpus
4	31	30					no_southern_corpus
4	31	31					no_southern_corpus
4	31	32					no_southern_corpus
4	31	33					no_southern_corpus
4	31	34					no_southern_corpus
4	31	35					no_southern_corpus
4	31	36					no_southern_corpus
4	31	37					no_southern_corpus
4	31	38					no_southern_corpus
4	32	1					no_southern_corpus
4	32	2					no_southern_corpus
4	32	3					no_southern_corpus
4	32	4					no_southern_corpus
4	32	5					no_southern_corpus
4	32	6					no_southern_corpus
4	32	7					no_southern_corpus
4	32	8					no_southern_corpus
4	32	10					no_southern_corpus
4	32	11					no_southern_corpus
4	32	12					no_southern_corpus
4	32	13					no_southern_corpus
4	32	14					no_southern_corpus
4	32	15					no_southern_corpus
4	32	16					no_southern_corpus
4	32	17					no_southern_corpus
4	32	18					no_southern_corpus
4	32	20					no_southern_corpus
4	32	21					no_southern_corpus
4	32	22					no_southern_corpus
4	33	1					no_southern_corpus
4	33	2					no_southern_corpus
4	33	3					no_southern_corpus
4	33	4					no_southern_corpus
4	33	5					no_southern_corpus
4	33	6					no_southern_corpus
4	33	7					no_southern_corpus
4	33	8					no_southern_corpus
4	33	10					no_southern_corpus
4	33	11					no_southern_corpus
4	33	12					no_southern_corpus
4	33	13					no_southern_corpus
4	33	14					no_southern_corpus
4	33	15					no_southern_corpus
4	33	16					no_southern_corpus
4	33	17					no_southern_corpus
4	33	18					no_southern_corpus
4	33	20					no_southern_corpus
4	33	21					no_southern_corpus
4	33	22					no_southern_corpus
4	33	23					no_southern_corpus
4	33	24					no_southern_corpus
4	33	25					no_southern_corpus
4	33	26					no_southern_corpus
4	33	27					no_southern_corpus
4	33	28					no_southern_corpus
4	33	30					no_southern_corpus
4	33	31					no_southern_corpus
4	33	32					no_southern_corpus
4	33	33					no_southern_corpus
4	33	34					no_southern_corpus
4	33	35					no_southern_corpus
4	33	36					no_southern_corpus
4	33	37					no_southern_corpus
4	33	38					no_southern_corpus
4	33	40					no_southern_corpus
4	33	41					no_southern_corpus
4	33	42					no_southern_corpus
4	33	43					no_southern_corpus
4	33	44					no_southern_corpus
4	33	45					no_southern_corpus
4	34	1					no_southern_corpus
4	34	2					no_southern_corpus
4	34	3					no_southern_corpus
4	34	5					no_southern_corpus
4	34	6					no_southern_corpus
4	34	7					no_southern_corpus
4	34	8					no_southern_corpus
4	34	10					no_southern_corpus
4	34	11					no_southern_corpus
4	34	12					no_southern_corpus
4	34	13					no_southern_corpus
4	34	17					no_southern_corpus
4	34	18					no_southern_corpus
4	34	19					no_southern_corpus
4	34	20					no_southern_corpus
4	34	21					no_southern_corpus
4	34	22					no_southern_corpus
4	34	23					no_southern_corpus
4	34	24					no_southern_corpus
4	34	26					no_southern_corpus
4	34	27					no_southern_corpus
4	34	28					no_southern_corpus
4	34	29					no_southern_corpus
4	34	30					no_southern_corpus
4	34	32					no_southern_corpus
4	34	33					no_southern_corpus
4	34	34					no_southern_corpus
4	35	2					no_southern_corpus
4	35	5					no_southern_corpus
4	35	6					no_southern_corpus
4	35	8					no_southern_corpus
4	35	9					no_southern_corpus
4	35	10					no_southern_corpus
4	35	11					no_southern_corpus
4	35	12					no_southern_corpus
4	35	13					no_southern_corpus
4	35	14					no_southern_corpus
4	35	15					no_southern_corpus
4	35	17					no_southern_corpus
4	35	20					no_southern_corpus
4	35	22					no_southern_corpus
4	35	25					no_southern_corpus
4	35	26					no_southern_corpus
4	35	27					no_southern_corpus
4	35	28					no_southern_corpus
4	35	29					no_southern_corpus
4	35	30					no_southern_corpus
4	35	31					no_southern_corpus
4	35	32					no_southern_corpus
4	35	33					no_southern_corpus
4	36	1					no_southern_corpus
4	36	2					no_southern_corpus
4	36	5					no_southern_corpus
4	36	6					no_southern_corpus
4	36	8					no_southern_corpus
4	36	9					no_southern_corpus
4	36	12					no_southern_corpus
4	36	15					no_southern_corpus
4	36	16					no_southern_corpus
4	36	17					no_southern_corpus
4	36	18					no_southern_corpus
4	36	19					no_southern_corpus
4	36	20					no_southern_corpus
4	36	21					no_southern_corpus
4	37	1					no_southern_corpus
4	37	2					no_southern_corpus
4	37	4					no_southern_corpus
4	37	5					no_southern_corpus
4	37	6					no_southern_corpus
4	37	7					no_southern_corpus
4	37	8					no_southern_corpus
4	37	9					no_southern_corpus
4	37	10					no_southern_corpus
4	37	11					no_southern_corpus
4	37	13					no_southern_corpus
4	37	14					no_southern_corpus
4	37	15					no_southern_corpus
4	37	16					no_southern_corpus
4	37	17					no_southern_corpus
4	37	18					no_southern_corpus
4	37	19					no_southern_corpus
4	37	20					no_southern_corpus
4	37	22					no_southern_corpus
4	37	23					no_southern_corpus
4	37	25					no_southern_corpus
4	37	26					no_southern_corpus
4	37	28					no_southern_corpus
4	37	29					no_southern_corpus
4	37	30					no_southern_corpus
4	37	31					no_southern_corpus
4	37	32					no_southern_corpus
4	37	34					no_southern_corpus
4	37	35					no_southern_corpus
4	37	36					no_southern_corpus
4	37	38					no_southern_corpus
4	37	39					no_southern_corpus
4	38	2					no_southern_corpus
4	38	5					no_southern_corpus
4	38	6					no_southern_corpus
4	38	8					no_southern_corpus
4	38	9					no_southern_corpus
4	38	10					no_southern_corpus
4	38	12					no_southern_corpus
4	38	13					no_southern_corpus
4	38	14					no_southern_corpus
4	38	15					no_southern_corpus
4	38	16					no_southern_corpus
4	38	18					no_southern_corpus
4	38	19					no_southern_corpus
4	38	20					no_southern_corpus
4	38	21					no_southern_corpus
4	38	22					no_southern_corpus
4	38	23					no_southern_corpus
4	38	24					no_southern_corpus
4	38	25					no_southern_corpus
4	38	26					no_southern_corpus
4	38	29					no_southern_corpus
4	38	30					no_southern_corpus
4	38	31					no_southern_corpus
4	38	32					no_southern_corpus
4	38	33					no_southern_corpus
4	38	34					no_southern_corpus
4	38	35					no_southern_corpus
4	38	36					no_southern_corpus
4	38	37					no_southern_corpus
4	38	38					no_southern_corpus
4	38	39					no_southern_corpus
4	38	40					no_southern_corpus
4	38	42					no_southern_corpus
4	38	43					no_southern_corpus
4	38	44					no_southern_corpus
4	38	45					no_southern_corpus
4	38	46					no_southern_corpus
4	38	50					no_southern_corpus
4	38	51					no_southern_corpus
4	38	52					no_southern_corpus
4	38	53					no_southern_corpus
4	38	54					no_southern_corpus
4	38	56					no_southern_corpus
4	38	57					no_southern_corpus
4	38	59					no_southern_corpus
4	39	2					no_southern_corpus
4	39	3					no_southern_corpus
4	39	5					no_southern_corpus
4	39	6					no_southern_corpus
4	39	8					no_southern_corpus
4	39	10					no_southern_corpus
4	39	11					no_southern_corpus
4	39	12					no_southern_corpus
4	39	13					no_southern_corpus
4	39	14					no_southern_corpus
4	39	15					no_southern_corpus
4	39	16					no_southern_corpus
4	39	17					no_southern_corpus
4	39	20					no_southern_corpus
4	39	22					no_southern_corpus
4	39	23					no_southern_corpus
4	39	24					no_southern_corpus
4	39	25					no_southern_corpus
4	39	26					no_southern_corpus
4	39	27					no_southern_corpus
4	39	29					no_southern_corpus
4	39	30					no_southern_corpus
4	39	31					no_southern_corpus
4	39	32					no_southern_corpus
4	39	33					no_southern_corpus
4	39	34					no_southern_corpus
4	39	35					no_southern_corpus
4	39	36					no_southern_corpus
4	39	37					no_southern_corpus
4	39	39					no_southern_corpus
4	39	40					no_southern_corpus
4	39	41					no_southern_corpus
4	39	42					no_southern_corpus
4	40	1					no_southern_corpus
4	40	2					no_southern_corpus
4	40	5					no_southern_corpus
4	40	6					no_southern_corpus
4	40	8					no_southern_corpus
4	40	10					no_southern_corpus
4	40	11					no_southern_corpus
4	40	12					no_southern_corpus
4	40	15					no_southern_corpus
4	40	16					no_southern_corpus
4	40	19					no_southern_corpus
4	40	20					no_southern_corpus
4	40	21					no_southern_corpus
4	40	22					no_southern_corpus
4	40	23					no_southern_corpus
4	40	24					no_southern_corpus
4	40	25					no_southern_corpus
4	40	28					no_southern_corpus
4	40	29					no_southern_corpus
4	40	30					no_southern_corpus
4	40	33					no_southern_corpus
4	40	35					no_southern_corpus
4	40	36					no_southern_corpus
4	40	37					no_southern_corpus
4	40	38					no_southern_corpus
4	40	39					no_southern_corpus
4	40	40					no_southern_corpus
4	40	42					no_southern_corpus
4	40	43					no_southern_corpus
4	40	44					no_southern_corpus
4	40	46					no_southern_corpus
4	40	47					no_southern_corpus
4	40	49					no_southern_corpus
4	40	50					no_southern_corpus
4	40	52					no_southern_corpus
4	40	53					no_southern_corpus
4	40	55					no_southern_corpus
4	40	56					no_southern_corpus
4	40	58					no_southern_corpus
4	40	60					no_southern_corpus
4	40	62					no_southern_corpus
4	40	63					no_southern_corpus
4	40	64					no_southern_corpus
4	40	65					no_southern_corpus
4	40	66					no_southern_corpus
4	40	67					no_southern_corpus
4	40	68					no_southern_corpus
4	40	69					no_southern_corpus
4	40	70					no_southern_corpus
4	41	1					no_southern_corpus
4	41	2					no_southern_corpus
4	41	5					no_southern_corpus
4	41	6					no_southern_corpus
4	41	8					no_southern_corpus
4	41	9					no_southern_corpus
4	41	10					no_southern_corpus
4	41	11					no_southern_corpus
4	41	12					no_southern_corpus
4	41	13					no_southern_corpus
4	41	14					no_southern_corpus
4	41	15					no_southern_corpus
4	41	16					no_southern_corpus
4	41	20					no_southern_corpus
4	41	22					no_southern_corpus
4	41	23					no_southern_corpus
4	41	24					no_southern_corpus
4	41	25					no_southern_corpus
4	41	26					no_southern_corpus
4	41	28					no_southern_corpus
4	41	29					no_southern_corpus
4	41	30					no_southern_corpus
4	41	32					no_southern_corpus
4	41	33					no_southern_corpus
4	41	34					no_southern_corpus
4	41	35					no_southern_corpus
4	41	36					no_southern_corpus
4	41	38					no_southern_corpus
4	41	40					no_southern_corpus
4	41	45					no_southern_corpus
4	41	46					no_southern_corpus
4	41	48					no_southern_corpus
4	41	49					no_southern_corpus
4	41	50					no_southern_corpus
4	41	52					no_southern_corpus
4	41	53					no_southern_corpus
4	41	55					no_southern_corpus
4	41	56					no_southern_corpus
4	41	58					no_southern_corpus
4	41	59					no_southern_corpus
4	41	60					no_southern_corpus
4	41	62					no_southern_corpus
4	41	63					no_southern_corpus
4	41	65					no_southern_corpus
4	41	66					no_southern_corpus
4	41	67					no_southern_corpus
4	41	68					no_southern_corpus
4	41	70					no_southern_corpus
4	41	71					no_southern_corpus
4	41	72					no_southern_corpus
4	41	73					no_southern_corpus
4	41	74					no_southern_corpus
4	41	75					no_southern_corpus
4	41	76					no_southern_corpus
4	41	78					no_southern_corpus
4	41	79					no_southern_corpus
4	42	2					no_southern_corpus
4	42	5					no_southern_corpus
4	42	6					no_southern_corpus
4	42	7					no_southern_corpus
4	42	8					no_southern_corpus
4	42	9					no_southern_corpus
4	42	10					no_southern_corpus
4	42	11					no_southern_corpus
4	42	12					no_southern_corpus
4	42	13					no_southern_corpus
4	42	14					no_southern_corpus
4	42	15					no_southern_corpus
4	42	16					no_southern_corpus
4	43	1					no_southern_corpus
4	43	2					no_southern_corpus
4	43	3					no_southern_corpus
4	43	5					no_southern_corpus
4	43	6					no_southern_corpus
4	43	7					no_southern_corpus
4	43	8					no_southern_corpus
4	43	9					no_southern_corpus
4	43	10					no_southern_corpus
4	43	11					no_southern_corpus
4	43	12					no_southern_corpus
4	43	13					no_southern_corpus
4	43	14					no_southern_corpus
4	43	15					no_southern_corpus
4	43	16					no_southern_corpus
4	43	17					no_southern_corpus
4	43	18					no_southern_corpus
4	43	20					no_southern_corpus
4	43	24					no_southern_corpus
4	43	25					no_southern_corpus
4	43	26					no_southern_corpus
4	43	29					no_southern_corpus
4	43	30					no_southern_corpus
4	43	31					no_southern_corpus
4	43	33					no_southern_corpus
4	43	34					no_southern_corpus
4	43	35					no_southern_corpus
4	43	38					no_southern_corpus
4	43	41					no_southern_corpus
4	43	42					no_southern_corpus
4	43	43					no_southern_corpus
4	43	45					no_southern_corpus
4	43	46					no_southern_corpus
4	43	48					no_southern_corpus
4	43	49					no_southern_corpus
4	43	50					no_southern_corpus
4	43	51					no_southern_corpus
4	43	52					no_southern_corpus
4	43	53					no_southern_corpus
4	43	54					no_southern_corpus
4	43	55					no_southern_corpus
4	43	56					no_southern_corpus
4	43	57					no_southern_corpus
4	43	58					no_southern_corpus
4	43	60					no_southern_corpus
4	43	62					no_southern_corpus
4	43	63					no_southern_corpus
4	43	65					no_southern_corpus
4	43	66					no_southern_corpus
4	43	68					no_southern_corpus
4	43	69					no_southern_corpus
4	44	2					no_southern_corpus
4	44	5					no_southern_corpus
4	44	6					no_southern_corpus
4	44	7					no_southern_corpus
4	44	8					no_southern_corpus
4	44	9					no_southern_corpus
4	44	10					no_southern_corpus
4	44	11					no_southern_corpus
4	44	12					no_southern_corpus
4	44	13					no_southern_corpus
4	44	14					no_southern_corpus
4	44	15					no_southern_corpus
4	44	16					no_southern_corpus
4	44	18					no_southern_corpus
4	44	19					no_southern_corpus
4	44	20					no_southern_corpus
4	44	22					no_southern_corpus
4	44	25					no_southern_corpus
4	44	26					no_southern_corpus
4	44	28					no_southern_corpus
4	44	30					no_southern_corpus
4	44	31					no_southern_corpus
4	44	32					no_southern_corpus
4	44	35					no_southern_corpus
4	44	36					no_southern_corpus
4	44	38					no_southern_corpus
4	44	40					no_southern_corpus
4	44	41					no_southern_corpus
4	44	42					no_southern_corpus
4	44	45					no_southern_corpus
4	44	46					no_southern_corpus
4	44	48					no_southern_corpus
4	44	49					no_southern_corpus
4	44	50					no_southern_corpus
4	44	51					no_southern_corpus
4	44	52					no_southern_corpus
4	44	54					no_southern_corpus
4	44	55					no_southern_corpus
4	44	56					no_southern_corpus
4	44	57					no_southern_corpus
4	44	59					no_southern_corpus
4	44	60					no_southern_corpus
4	44	61					no_southern_corpus
4	44	62					no_southern_corpus
4	44	64					no_southern_corpus
4	44	65					no_southern_corpus
4	44	66					no_southern_corpus
4	44	67					no_southern_corpus
4	44	68					no_southern_corpus
4	44	69					no_southern_corpus
4	44	70					no_southern_corpus
4	44	71					no_southern_corpus
4	44	72					no_southern_corpus
4	44	73					no_southern_corpus
4	44	74					no_southern_corpus
4	44	75					no_southern_corpus
4	44	76					no_southern_corpus
4	44	77					no_southern_corpus
4	44	78					no_southern_corpus
4	44	80					no_southern_corpus
4	44	82					no_southern_corpus
4	44	84					no_southern_corpus
4	44	85					no_southern_corpus
4	44	88					no_southern_corpus
4	44	89					no_southern_corpus
4	44	90					no_southern_corpus
4	44	91					no_southern_corpus
4	44	92					no_southern_corpus
4	44	93					no_southern_corpus
4	44	94					no_southern_corpus
4	44	95					no_southern_corpus
4	44	96					no_southern_corpus
4	44	97					no_southern_corpus
4	44	98					no_southern_corpus
4	44	99					no_southern_corpus
4	44	100					no_southern_corpus
4	44	101					no_southern_corpus
4	44	103					no_southern_corpus
4	44	104					no_southern_corpus
4	44	105					no_southern_corpus
4	44	109					no_southern_corpus
4	44	110					no_southern_corpus
4	44	111					no_southern_corpus
4	44	112					no_southern_corpus
4	44	113					no_southern_corpus
4	44	116					no_southern_corpus
4	44	118					no_southern_corpus
4	44	119					no_southern_corpus
4	44	120					no_southern_corpus
4	44	123					no_southern_corpus
4	44	124					no_southern_corpus
4	44	125					no_southern_corpus
4	44	126					no_southern_corpus
4	44	127					no_southern_corpus
4	44	128					no_southern_corpus
4	44	129					no_southern_corpus
4	45	2					no_southern_corpus
4	45	3					no_southern_corpus
4	45	5					no_southern_corpus
4	45	6					no_southern_corpus
4	45	8					no_southern_corpus
4	45	10					no_southern_corpus
4	45	11					no_southern_corpus
4	45	12					no_southern_corpus
4	45	13					no_southern_corpus
4	45	14					no_southern_corpus
4	45	15					no_southern_corpus
4	45	16					no_southern_corpus
4	45	17					no_southern_corpus
4	45	18					no_southern_corpus
4	46	2					no_southern_corpus
4	46	3					no_southern_corpus
4	46	4					no_southern_corpus
4	46	5					no_southern_corpus
4	46	6					no_southern_corpus
4	46	8					no_southern_corpus
4	46	9					no_southern_corpus
4	46	10					no_southern_corpus
4	46	11					no_southern_corpus
4	46	12					no_southern_corpus
4	46	13					no_southern_corpus
4	46	14					no_southern_corpus
4	46	15					no_southern_corpus
4	46	16					no_southern_corpus
4	46	17					no_southern_corpus
4	46	18					no_southern_corpus
4	47	2					no_southern_corpus
4	47	3					no_southern_corpus
4	47	5					no_southern_corpus
4	47	6					no_southern_corpus
4	47	8					no_southern_corpus
4	47	9					no_southern_corpus
4	47	10					no_southern_corpus
4	47	11					no_southern_corpus
4	47	12					no_southern_corpus
4	47	15					no_southern_corpus
4	47	16					no_southern_corpus
4	47	18					no_southern_corpus
4	48	2					no_southern_corpus
4	48	5					no_southern_corpus
4	48	6					no_southern_corpus
4	48	7					no_southern_corpus
4	48	8					no_southern_corpus
4	48	10					no_southern_corpus
4	48	11					no_southern_corpus
4	48	18					no_southern_corpus
4	48	19					no_southern_corpus
4	48	20					no_southern_corpus
4	48	21					no_southern_corpus
4	48	22					no_southern_corpus
4	48	23					no_southern_corpus
4	48	24					no_southern_corpus
4	49	2					no_southern_corpus
4	49	3					no_southern_corpus
4	49	5					no_southern_corpus
4	49	6					no_southern_corpus
4	49	7					no_southern_corpus
4	49	8					no_southern_corpus
4	49	9					no_southern_corpus
4	49	10					no_southern_corpus
4	49	11					no_southern_corpus
4	49	12					no_southern_corpus
4	49	13					no_southern_corpus
4	49	14					no_southern_corpus
4	49	16					no_southern_corpus
4	49	17					no_southern_corpus
4	49	18					no_southern_corpus
4	49	19					no_southern_corpus
4	49	20					no_southern_corpus
4	49	22					no_southern_corpus
4	49	23					no_southern_corpus
4	49	25					no_southern_corpus
4	49	26					no_southern_corpus
4	49	27					no_southern_corpus
4	49	29					no_southern_corpus
4	50	2					no_southern_corpus
4	50	4					no_southern_corpus
4	50	5					no_southern_corpus
4	50	6					no_southern_corpus
4	50	8					no_southern_corpus
4	50	9					no_southern_corpus
4	50	10					no_southern_corpus
4	50	11					no_southern_corpus
4	50	13					no_southern_corpus
4	50	14					no_southern_corpus
4	50	15					no_southern_corpus
4	50	16					no_southern_corpus
4	50	17					no_southern_corpus
4	50	18					no_southern_corpus
4	50	19					no_southern_corpus
4	50	20					no_southern_corpus
4	50	23					no_southern_corpus
4	50	24					no_southern_corpus
4	50	25					no_southern_corpus
4	50	26					no_southern_corpus
4	50	27					no_southern_corpus
4	50	29					no_southern_corpus
4	50	30					no_southern_corpus
4	50	31					no_southern_corpus
4	50	32					no_southern_corpus
4	50	33					no_southern_corpus
4	50	35					no_southern_corpus
4	50	36					no_southern_corpus
4	50	38					no_southern_corpus
4	51	2					no_southern_corpus
4	51	3					no_southern_corpus
4	51	4					no_southern_corpus
4	51	5					no_southern_corpus
4	51	6					no_southern_corpus
4	51	8					no_southern_corpus
4	51	9					no_southern_corpus
4	51	10					no_southern_corpus
4	51	11					no_southern_corpus
4	51	12					no_southern_corpus
4	51	13					no_southern_corpus
4	51	14					no_southern_corpus
4	51	20					no_southern_corpus
4	51	22					no_southern_corpus
4	51	25					no_southern_corpus
4	51	26					no_southern_corpus
4	51	28					no_southern_corpus
4	51	29					no_southern_corpus
4	51	30					no_southern_corpus
4	51	31					no_southern_corpus
4	51	32					no_southern_corpus
4	51	33					no_southern_corpus
4	51	34					no_southern_corpus
4	51	35					no_southern_corpus
4	51	36					no_southern_corpus
4	51	37					no_southern_corpus
4	51	38					no_southern_corpus
4	51	39					no_southern_corpus
4	51	40					no_southern_corpus
4	51	41					no_southern_corpus
4	51	42					no_southern_corpus
4	51	43					no_southern_corpus
4	51	44					no_southern_corpus
4	51	46					no_southern_corpus
4	52	2					no_southern_corpus
4	52	3					no_southern_corpus
4	52	5					no_southern_corpus
4	52	6					no_southern_corpus
4	52	8					no_southern_corpus
4	52	10					no_southern_corpus
4	52	15					no_southern_corpus
4	52	16					no_southern_corpus
4	52	17					no_southern_corpus
4	52	19					no_southern_corpus
4	52	20					no_southern_corpus
4	52	21					no_southern_corpus
4	52	22					no_southern_corpus
4	52	23					no_southern_corpus
4	52	24					no_southern_corpus
4	52	25					no_southern_corpus
4	52	26					no_southern_corpus
4	52	28					no_southern_corpus
4	53	1					no_southern_corpus
4	53	2					no_southern_corpus
4	53	3					no_southern_corpus
4	53	5					no_southern_corpus
4	53	8					no_southern_corpus
4	53	10					no_southern_corpus
4	53	11					no_southern_corpus
4	53	12					no_southern_corpus
4	53	13					no_southern_corpus
4	53	14					no_southern_corpus
4	53	15					no_southern_corpus
4	53	16					no_southern_corpus
4	53	17					no_southern_corpus
4	53	18					no_southern_corpus
4	53	19					no_southern_corpus
4	53	20					no_southern_corpus
4	53	21					no_southern_corpus
4	53	22					no_southern_corpus
4	53	25					no_southern_corpus
4	53	26					no_southern_corpus
4	54	2					no_southern_corpus
4	54	3					no_southern_corpus
4	54	4					no_southern_corpus
4	54	5					no_southern_corpus
4	54	6					no_southern_corpus
4	54	8					no_southern_corpus
4	54	9					no_southern_corpus
4	54	10					no_southern_corpus
4	54	12					no_southern_corpus
4	54	13					no_southern_corpus
4	54	14					no_southern_corpus
4	54	15					no_southern_corpus
4	54	16					no_southern_corpus
4	54	17					no_southern_corpus
4	54	18					no_southern_corpus
4	54	19					no_southern_corpus
4	54	20					no_southern_corpus
4	54	21					no_southern_corpus
4	54	22					no_southern_corpus
4	54	23					no_southern_corpus
4	55	2					no_southern_corpus
4	55	3					no_southern_corpus
4	55	4					no_southern_corpus
4	55	5					no_southern_corpus
4	55	6					no_southern_corpus
4	55	8					no_southern_corpus
4	55	9					no_southern_corpus
4	55	10					no_southern_corpus
4	55	11					no_southern_corpus
4	55	12					no_southern_corpus
4	55	14					no_southern_corpus
4	55	15					no_southern_corpus
4	55	16					no_southern_corpus
4	55	17					no_southern_corpus
4	55	18					no_southern_corpus
4	55	19					no_southern_corpus
4	55	20					no_southern_corpus
4	55	21					no_southern_corpus
4	56	1					no_southern_corpus
4	56	2					no_southern_corpus
4	56	3					no_southern_corpus
4	56	4					no_southern_corpus
4	56	5					no_southern_corpus
4	56	6					no_southern_corpus
4	56	8					no_southern_corpus
4	56	9					no_southern_corpus
4	56	10					no_southern_corpus
4	56	11					no_southern_corpus
4	56	12					no_southern_corpus
4	56	17					no_southern_corpus
4	56	18					no_southern_corpus
4	56	19					no_southern_corpus
4	56	20					no_southern_corpus
4	56	22					no_southern_corpus
4	56	23					no_southern_corpus
4	56	25					no_southern_corpus
4	56	26					no_southern_corpus
4	56	27					no_southern_corpus
4	56	28					no_southern_corpus
4	56	29					no_southern_corpus
4	57	1					no_southern_corpus
4	57	2					no_southern_corpus
4	57	3					no_southern_corpus
4	57	4					no_southern_corpus
4	57	5					no_southern_corpus
4	57	6					no_southern_corpus
4	57	8					no_southern_corpus
4	57	9					no_southern_corpus
4	57	12					no_southern_corpus
4	57	14					no_southern_corpus
4	57	15					no_southern_corpus
4	57	16					no_southern_corpus
4	57	17					no_southern_corpus
4	57	18					no_southern_corpus
4	57	20					no_southern_corpus
4	57	21					no_southern_corpus
4	57	22					no_southern_corpus
4	57	23					no_southern_corpus
4	57	24					no_southern_corpus
4	58	2					no_southern_corpus
4	58	5					no_southern_corpus
4	58	6					no_southern_corpus
4	58	8					no_southern_corpus
4	58	9					no_southern_corpus
4	58	10					no_southern_corpus
4	58	11					no_southern_corpus
4	58	12					no_southern_corpus
4	58	16					no_southern_corpus
4	58	17					no_southern_corpus
4	58	18					no_southern_corpus
4	58	20					no_southern_corpus
4	58	21					no_southern_corpus
4	58	22					no_southern_corpus
4	58	23					no_southern_corpus
4	58	24					no_southern_corpus
4	58	25					no_southern_corpus
4	58	26					no_southern_corpus
4	58	27					no_southern_corpus
4	58	28					no_southern_corpus
4	58	30					no_southern_corpus
4	58	31					no_southern_corpus
4	58	32					no_southern_corpus
4	58	33					no_southern_corpus
4	58	38					no_southern_corpus
4	58	39					no_southern_corpus
4	58	40					no_southern_corpus
4	59	2					no_southern_corpus
4	59	3					no_southern_corpus
4	59	4					no_southern_corpus
4	59	5					no_southern_corpus
4	59	6					no_southern_corpus
4	59	7					no_southern_corpus
4	59	8					no_southern_corpus
4	59	9					no_southern_corpus
4	59	10					no_southern_corpus
4	59	11					no_southern_corpus
4	59	12					no_southern_corpus
4	59	13					no_southern_corpus
4	59	14					no_southern_corpus
4	59	15					no_southern_corpus
4	59	16					no_southern_corpus
4	59	17					no_southern_corpus
4	59	20					no_southern_corpus
4	59	21					no_southern_corpus
4	59	22					no_southern_corpus
4	59	23					no_southern_corpus
4	59	24					no_southern_corpus
4	60	1					no_southern_corpus
4	60	3					no_southern_corpus
4	60	4					no_southern_corpus
4	60	5					no_southern_corpus
4	60	6					no_southern_corpus
4	60	9					no_southern_corpus
4	60	10					no_southern_corpus
4	60	12					no_southern_corpus
4	60	13					no_southern_corpus
4	60	14					no_southern_corpus
4	60	15					no_southern_corpus
4	60	16					no_southern_corpus
4	60	17					no_southern_corpus
4	60	18					no_southern_corpus
4	60	19					no_southern_corpus
4	60	20					no_southern_corpus
4	60	22					no_southern_corpus
4	60	23					no_southern_corpus
4	60	24					no_southern_corpus
4	61	2					no_southern_corpus
4	61	4					no_southern_corpus
4	61	5					no_southern_corpus
4	61	6					no_southern_corpus
4	61	7					no_southern_corpus
4	61	8					no_southern_corpus
4	61	9					no_southern_corpus
4	61	10					no_southern_corpus
4	61	11					no_southern_corpus
4	61	14					no_southern_corpus
4	61	15					no_southern_corpus
4	61	16					no_southern_corpus
4	61	17					no_southern_corpus
4	61	18					no_southern_corpus
4	61	19					no_southern_corpus
4	61	20					no_southern_corpus
4	61	23					no_southern_corpus
4	61	24					no_southern_corpus
4	61	25					no_southern_corpus
4	61	26					no_southern_corpus
4	61	28					no_southern_corpus
4	61	29					no_southern_corpus
4	61	30					no_southern_corpus
4	61	31					no_southern_corpus
4	61	32					no_southern_corpus
4	61	33					no_southern_corpus
4	61	35					no_southern_corpus
4	61	36					no_southern_corpus
4	61	37					no_southern_corpus
4	61	38					no_southern_corpus
4	61	39					no_southern_corpus
4	61	40					no_southern_corpus
4	61	42					no_southern_corpus
4	61	43					no_southern_corpus
4	61	44					no_southern_corpus
4	61	45					no_southern_corpus
4	61	46					no_southern_corpus
4	61	47					no_southern_corpus
4	61	49					no_southern_corpus
4	61	50					no_southern_corpus
4	61	51					no_southern_corpus
4	61	52					no_southern_corpus
4	61	53					no_southern_corpus
4	61	54					no_southern_corpus
4	61	55					no_southern_corpus
4	61	56					no_southern_corpus
4	61	57					no_southern_corpus
4	61	58					no_southern_corpus
4	62	2					no_southern_corpus
4	62	3					no_southern_corpus
4	62	5					no_southern_corpus
4	62	6					no_southern_corpus
4	62	8					no_southern_corpus
4	62	9					no_southern_corpus
4	62	10					no_southern_corpus
4	62	11					no_southern_corpus
4	62	12					no_southern_corpus
4	62	13					no_southern_corpus
4	62	14					no_southern_corpus
4	62	15					no_southern_corpus
4	62	16					no_southern_corpus
4	62	19					no_southern_corpus
4	62	20					no_southern_corpus
4	62	21					no_southern_corpus
4	62	22					no_southern_corpus
4	62	25					no_southern_corpus
4	63	2					no_southern_corpus
4	63	3					no_southern_corpus
4	63	5					no_southern_corpus
4	63	6					no_southern_corpus
4	63	8					no_southern_corpus
4	63	9					no_southern_corpus
4	63	10					no_southern_corpus
4	63	11					no_southern_corpus
4	63	12					no_southern_corpus
4	63	13					no_southern_corpus
4	63	14					no_southern_corpus
4	63	15					no_southern_corpus
4	63	16					no_southern_corpus
4	63	17					no_southern_corpus
4	63	18					no_southern_corpus
4	63	20					no_southern_corpus
4	63	21					no_southern_corpus
4	63	22					no_southern_corpus
4	63	23					no_southern_corpus
4	63	24					no_southern_corpus
4	63	25					no_southern_corpus
4	63	26					no_southern_corpus
4	63	28					no_southern_corpus
4	63	29					no_southern_corpus
5	1	1					gorresio_only
5	1	2					gorresio_only
5	1	3					gorresio_only
5	1	5					gorresio_only
5	1	6					gorresio_only
5	1	7					gorresio_only
5	1	8					gorresio_only
5	1	9					gorresio_only
5	1	14					gorresio_only
5	1	15					gorresio_only
5	1	17					gorresio_only
5	1	18					gorresio_only
5	1	19					gorresio_only
5	1	20					gorresio_only
5	1	21					gorresio_only
5	1	22					gorresio_only
5	1	23					gorresio_only
5	1	24					gorresio_only
5	1	25					gorresio_only
5	1	26					gorresio_only
5	1	28					gorresio_only
5	1	29					gorresio_only
5	1	30					gorresio_only
5	1	32					gorresio_only
5	1	34					gorresio_only
5	1	35					gorresio_only
5	1	37					gorresio_only
5	1	38					gorresio_only
5	1	39					gorresio_only
5	1	40					gorresio_only
5	1	41					gorresio_only
5	1	42					gorresio_only
5	1	43					gorresio_only
5	1	44					gorresio_only
5	1	45					gorresio_only
5	1	46					gorresio_only
5	1	48					gorresio_only
5	1	49					gorresio_only
5	1	50					gorresio_only
5	1	51					gorresio_only
5	1	52					gorresio_only
5	1	53					gorresio_only
5	1	54					gorresio_only
5	1	55					gorresio_only
5	1	57					gorresio_only
5	1	58					gorresio_only
5	1	59					gorresio_only
5	1	60					gorresio_only
5	1	61					gorresio_only
5	1	62					gorresio_only
5	1	63					gorresio_only
5	1	64					gorresio_only
5	1	65					gorresio_only
5	1	66					gorresio_only
5	1	67					gorresio_only
5	1	68					gorresio_only
5	1	69					gorresio_only
5	1	70					gorresio_only
5	1	71					gorresio_only
5	1	72					gorresio_only
5	1	73					gorresio_only
5	1	74					gorresio_only
5	1	75					gorresio_only
5	1	76					gorresio_only
5	1	77					gorresio_only
5	1	78					gorresio_only
5	1	79					gorresio_only
5	1	80					gorresio_only
5	1	81					gorresio_only
5	1	82					gorresio_only
5	1	83					gorresio_only
5	1	84					gorresio_only
5	1	85					gorresio_only
5	1	86					gorresio_only
5	1	87					gorresio_only
5	1	88					gorresio_only
5	1	89					gorresio_only
5	1	90					gorresio_only
5	1	91					gorresio_only
5	1	92					gorresio_only
5	1	93					gorresio_only
5	1	95					gorresio_only
5	1	96					gorresio_only
5	1	97					gorresio_only
5	2	2					gorresio_only
5	2	3					gorresio_only
5	2	5					gorresio_only
5	2	6					gorresio_only
5	2	7					gorresio_only
5	2	8					gorresio_only
5	2	9					gorresio_only
5	2	10					gorresio_only
5	2	11					gorresio_only
5	2	12					gorresio_only
5	2	13					gorresio_only
5	2	16					gorresio_only
5	2	17					gorresio_only
5	2	18					gorresio_only
5	2	19					gorresio_only
5	2	20					gorresio_only
5	2	21					gorresio_only
5	2	22					gorresio_only
5	2	23					gorresio_only
5	2	24					gorresio_only
5	2	25					gorresio_only
5	2	26					gorresio_only
5	2	27					gorresio_only
5	2	29					gorresio_only
5	2	30					gorresio_only
5	2	31					gorresio_only
5	2	33					gorresio_only
5	2	34					gorresio_only
5	2	35					gorresio_only
5	2	38					gorresio_only
5	2	40					gorresio_only
5	2	41					gorresio_only
5	2	42					gorresio_only
5	2	43					gorresio_only
5	2	44					gorresio_only
5	3	2					gorresio_only
5	3	3					gorresio_only
5	3	4					gorresio_only
5	3	5					gorresio_only
5	3	6					gorresio_only
5	3	8					gorresio_only
5	3	9					gorresio_only
5	3	10					gorresio_only
5	3	11					gorresio_only
5	3	13					gorresio_only
5	3	14					gorresio_only
5	3	15					gorresio_only
5	3	16					gorresio_only
5	3	17					gorresio_only
5	3	18					gorresio_only
5	3	19					gorresio_only
5	3	20					gorresio_only
5	3	21					gorresio_only
5	3	22					gorresio_only
5	3	23					gorresio_only
5	3	25					gorresio_only
5	3	26					gorresio_only
5	3	30					gorresio_only
5	3	31					gorresio_only
5	3	33					gorresio_only
5	3	34					gorresio_only
5	3	35					gorresio_only
5	3	36					gorresio_only
5	3	38					gorresio_only
5	3	39					gorresio_only
5	3	40					gorresio_only
5	3	41					gorresio_only
5	3	42					gorresio_only
5	3	45					gorresio_only
5	3	46					gorresio_only
5	3	47					gorresio_only
5	3	48					gorresio_only
5	3	50					gorresio_only
5	3	52					gorresio_only
5	3	53					gorresio_only
5	3	55					gorresio_only
5	3	56					gorresio_only
5	3	57					gorresio_only
5	3	58					gorresio_only
5	3	59					gorresio_only
5	3	60					gorresio_only
5	3	61					gorresio_only
5	3	62					gorresio_only
5	3	64					gorresio_only
5	3	65					gorresio_only
5	3	68					gorresio_only
5	3	69					gorresio_only
5	3	70					gorresio_only
5	3	71					gorresio_only
5	3	72					gorresio_only
5	3	73					gorresio_only
5	3	74					gorresio_only
5	3	76					gorresio_only
5	3	77					gorresio_only
5	3	78					gorresio_only
5	3	79					gorresio_only
5	4	2					gorresio_only
5	4	5					gorresio_only
5	4	6					gorresio_only
5	4	8					gorresio_only
5	4	9					gorresio_only
5	4	10					gorresio_only
5	4	11					gorresio_only
5	4	12					gorresio_only
5	4	13					gorresio_only
5	5	2					gorresio_only
5	5	5					gorresio_only
5	5	6					gorresio_only
5	5	8					gorresio_only
5	5	9					gorresio_only
5	5	10	5	1	13	0.528	matched
5	5	11					gorresio_only
5	5	12					gorresio_only
5	5	13					gorresio_only
5	5	14					gorresio_only
5	5	15					gorresio_only
5	5	20	5	1	66	0.297	fuzzy
5	5	22					gorresio_only
5	5	23					gorresio_only
5	5	25					gorresio_only
5	5	26					gorresio_only
5	5	28	5	1	68	0.314	fuzzy
5	5	29					gorresio_only
5	5	30					gorresio_only
5	5	31	5	1	77	0.264	fuzzy
5	6	1					gorresio_only
5	6	2	5	1	144	0.596	moved
5	6	3					gorresio_only
5	6	5					gorresio_only
5	6	6					gorresio_only
5	6	8					gorresio_only
5	6	13					gorresio_only
5	6	16					gorresio_only
5	6	18					gorresio_only
5	6	19					gorresio_only
5	6	20					gorresio_only
5	6	22					gorresio_only
5	6	23					gorresio_only
5	6	24					gorresio_only
5	6	25					gorresio_only
5	6	26					gorresio_only
5	6	27					gorresio_only
5	6	28					gorresio_only
5	6	29					gorresio_only
5	7	2					gorresio_only
5	7	3	5	1	89	0.304	fuzzy
5	7	4	5	1	90	0.261	fuzzy
5	7	6					gorresio_only
5	7	7	5	1	93	0.402	fuzzy
5	7	8	5	1	94	0.418	fuzzy
5	7	9					gorresio_only
5	7	10					gorresio_only
5	7	11					gorresio_only
5	7	12	5	1	98	0.291	fuzzy
5	7	13	5	1	99	0.291	fuzzy
5	7	14	5	1	100	0.308	fuzzy
5	7	15	5	1	101	0.294	fuzzy
5	7	16					gorresio_only
5	7	17					gorresio_only
5	7	18	5	1	104	0.254	fuzzy
5	7	20					gorresio_only
5	7	21					gorresio_only
5	7	23	5	1	107	0.253	fuzzy
5	7	24	5	1	110	0.402	fuzzy
5	7	25	5	1	111	0.275	fuzzy
5	7	26	5	1	113	0.37	fuzzy
5	7	28					gorresio_only
5	7	30					gorresio_only
5	7	32					gorresio_only
5	7	33					gorresio_only
5	7	34					gorresio_only
5	7	35					gorresio_only
5	7	36					gorresio_only
5	7	37					gorresio_only
5	7	38					gorresio_only
5	7	39					gorresio_only
5	7	40					gorresio_only
5	7	44					gorresio_only
5	7	45					gorresio_only
5	7	46					gorresio_only
5	7	48					gorresio_only
5	7	49	5	1	128	0.268	fuzzy
5	7	50					gorresio_only
5	7	52					gorresio_only
5	7	53					gorresio_only
5	7	54					gorresio_only
5	7	55					gorresio_only
5	7	56					gorresio_only
5	7	58					gorresio_only
5	7	59					gorresio_only
5	7	60					gorresio_only
5	7	61					gorresio_only
5	7	62					gorresio_only
5	7	63					gorresio_only
5	7	65	5	1	137	0.259	fuzzy
5	7	66					gorresio_only
5	7	68					gorresio_only
5	7	69					gorresio_only
5	7	70	5	1	140	0.386	fuzzy
5	7	71					gorresio_only
5	7	72	5	1	142	0.264	fuzzy
5	7	73					gorresio_only
5	8	2					gorresio_only
5	8	3					gorresio_only
5	8	4					gorresio_only
5	8	5	5	1	191	0.291	fuzzy
5	8	8	5	1	192	0.28	fuzzy
5	8	9					gorresio_only
5	8	10					gorresio_only
5	8	11					gorresio_only
5	8	19					gorresio_only
5	8	20					gorresio_only
5	8	21					gorresio_only
5	8	22					gorresio_only
5	8	23					gorresio_only
5	8	24					gorresio_only
5	8	25					gorresio_only
5	8	26	5	1	211	0.299	fuzzy
5	9	2					gorresio_only
5	9	3					gorresio_only
5	9	5					gorresio_only
5	9	6					gorresio_only
5	9	8					gorresio_only
5	9	10					gorresio_only
5	9	11					gorresio_only
5	9	16					gorresio_only
5	9	20					gorresio_only
5	9	22					gorresio_only
5	9	24					gorresio_only
5	9	25					gorresio_only
5	9	26					gorresio_only
5	9	28					gorresio_only
5	9	29					gorresio_only
5	9	30	5	2	30	0.302	fuzzy
5	9	31	5	30	39	0.456	moved
5	9	35	5	2	37	0.398	fuzzy
5	9	36	5	2	38	0.314	fuzzy
5	9	38					gorresio_only
5	9	39					gorresio_only
5	9	40					gorresio_only
5	9	41	5	2	42	0.456	matched
5	9	43	5	2	45	0.327	fuzzy
5	9	48					gorresio_only
5	9	49					gorresio_only
5	9	50					gorresio_only
5	9	51					gorresio_only
5	9	52					gorresio_only
5	9	55					gorresio_only
5	9	56					gorresio_only
5	9	58					gorresio_only
5	9	59					gorresio_only
5	9	60					gorresio_only
5	9	61					gorresio_only
5	9	62					gorresio_only
5	9	64					gorresio_only
5	9	65					gorresio_only
5	9	68					gorresio_only
5	10	1	5	2	51	0.26	fuzzy
5	10	2					gorresio_only
5	10	3					gorresio_only
5	10	5					gorresio_only
5	10	6					gorresio_only
5	10	8					gorresio_only
5	10	10					gorresio_only
5	10	11					gorresio_only
5	10	12					gorresio_only
5	10	13					gorresio_only
5	10	14					gorresio_only
5	10	15					gorresio_only
5	10	16					gorresio_only
5	10	20					gorresio_only
5	10	21					gorresio_only
5	11	1	5	2	57	0.333	fuzzy
5	11	2	5	5	1	0.32	fuzzy
5	11	4	5	5	2	0.271	fuzzy
5	11	5					gorresio_only
5	11	6					gorresio_only
5	11	8	5	5	8	0.336	fuzzy
5	11	10	5	5	9	0.256	fuzzy
5	11	11					gorresio_only
5	11	12					gorresio_only
5	11	13					gorresio_only
5	11	14	5	5	15	0.299	fuzzy
5	11	15					gorresio_only
5	11	16	5	5	17	0.303	fuzzy
5	11	17					gorresio_only
5	11	18					gorresio_only
5	11	20					gorresio_only
5	11	21	5	5	23	0.38	fuzzy
5	11	22	5	5	24	0.377	fuzzy
5	11	23					gorresio_only
5	11	24	5	5	26	0.279	fuzzy
5	11	25					gorresio_only
5	12	2					gorresio_only
5	12	3					gorresio_only
5	12	4					gorresio_only
5	12	5					gorresio_only
5	12	6					gorresio_only
5	12	7	5	6	17	0.339	fuzzy
5	12	8	5	6	18	0.373	fuzzy
5	12	9					gorresio_only
5	12	10					gorresio_only
5	12	11					gorresio_only
5	12	12	5	6	23	0.35	fuzzy
5	12	13					gorresio_only
5	12	14					gorresio_only
5	12	15	5	6	26	0.36	fuzzy
5	12	16					gorresio_only
5	12	17	5	6	28	0.306	fuzzy
5	12	18					gorresio_only
5	12	20					gorresio_only
5	12	22					gorresio_only
5	12	25					gorresio_only
5	12	26					gorresio_only
5	12	28					gorresio_only
5	12	29					gorresio_only
5	12	30					gorresio_only
5	12	31					gorresio_only
5	12	32					gorresio_only
5	12	33					gorresio_only
5	12	34					gorresio_only
5	12	36					gorresio_only
5	12	37	5	6	38	0.375	fuzzy
5	12	38					gorresio_only
5	12	39					gorresio_only
5	12	40					gorresio_only
5	12	42					gorresio_only
5	12	43					gorresio_only
5	12	45					gorresio_only
5	12	46					gorresio_only
5	12	47	5	6	41	0.277	fuzzy
5	12	49					gorresio_only
5	13	1					gorresio_only
5	13	2					gorresio_only
5	13	3					gorresio_only
5	13	4					gorresio_only
5	13	5					gorresio_only
5	13	6					gorresio_only
5	13	8					gorresio_only
5	13	10					gorresio_only
5	13	13					gorresio_only
5	13	14					gorresio_only
5	13	15					gorresio_only
5	13	16					gorresio_only
5	13	17					gorresio_only
5	13	18					gorresio_only
5	13	19					gorresio_only
5	13	20					gorresio_only
5	13	23					gorresio_only
5	13	24					gorresio_only
5	13	25	5	9	36	0.257	fuzzy
5	13	26					gorresio_only
5	13	28	5	9	39	0.368	fuzzy
5	13	29					gorresio_only
5	13	30					gorresio_only
5	13	32	5	9	43	0.357	fuzzy
5	13	33					gorresio_only
5	13	34	5	9	45	0.265	fuzzy
5	13	35					gorresio_only
5	13	36					gorresio_only
5	13	39					gorresio_only
5	13	40					gorresio_only
5	13	41					gorresio_only
5	13	42					gorresio_only
5	13	45					gorresio_only
5	13	46					gorresio_only
5	13	48					gorresio_only
5	13	49					gorresio_only
5	13	50					gorresio_only
5	13	52					gorresio_only
5	13	55					gorresio_only
5	13	56					gorresio_only
5	13	57					gorresio_only
5	13	58					gorresio_only
5	13	59					gorresio_only
5	13	60					gorresio_only
5	13	62					gorresio_only
5	13	63					gorresio_only
5	13	65					gorresio_only
5	13	66					gorresio_only
5	13	69					gorresio_only
5	13	70					gorresio_only
5	13	71	5	9	73	0.38	fuzzy
5	14	2	5	10	6	0.252	fuzzy
5	14	3					gorresio_only
5	14	5	5	10	8	0.302	fuzzy
5	14	6	5	10	11	0.374	fuzzy
5	14	8					gorresio_only
5	14	9					gorresio_only
5	14	10					gorresio_only
5	14	11					gorresio_only
5	14	12	5	10	12	0.315	fuzzy
5	14	13	5	10	14	0.28	fuzzy
5	14	14					gorresio_only
5	14	15					gorresio_only
5	14	16					gorresio_only
5	14	17					gorresio_only
5	14	18					gorresio_only
5	14	20					gorresio_only
5	14	21	5	10	50	0.252	fuzzy
5	14	22					gorresio_only
5	14	23					gorresio_only
5	14	24					gorresio_only
5	14	25					gorresio_only
5	14	26					gorresio_only
5	14	27					gorresio_only
5	14	28					gorresio_only
5	14	29					gorresio_only
5	14	30					gorresio_only
5	14	31					gorresio_only
5	14	32					gorresio_only
5	14	33	5	10	53	0.291	fuzzy
5	14	34					gorresio_only
5	14	35	5	11	2	0.522	matched
5	14	36	5	11	3	0.264	fuzzy
5	14	38					gorresio_only
5	14	40					gorresio_only
5	14	43					gorresio_only
5	14	44					gorresio_only
5	14	45					gorresio_only
5	14	46					gorresio_only
5	14	48					gorresio_only
5	14	49	5	11	14	0.343	fuzzy
5	14	50					gorresio_only
5	14	52					gorresio_only
5	14	54					gorresio_only
5	14	55					gorresio_only
5	14	56					gorresio_only
5	14	57	5	11	39	0.562	matched
5	14	58	5	11	40	0.3	fuzzy
5	14	60	5	11	42	0.374	fuzzy
5	14	61	5	11	43	0.26	fuzzy
5	14	62	5	11	44	0.356	fuzzy
5	14	63	5	11	45	0.272	fuzzy
5	14	64					gorresio_only
5	14	65	5	12	1	0.304	fuzzy
5	14	66	5	12	2	0.265	fuzzy
5	14	67	5	12	3	0.263	fuzzy
5	14	68					gorresio_only
5	15	1	5	12	6	0.351	fuzzy
5	15	2	5	12	7	0.261	fuzzy
5	15	3					gorresio_only
5	15	5					gorresio_only
5	15	6					gorresio_only
5	15	8	5	12	13	0.295	fuzzy
5	15	9	5	12	15	0.261	fuzzy
5	15	10	5	12	16	0.281	fuzzy
5	15	11					gorresio_only
5	15	15	5	12	20	0.3	fuzzy
5	15	16	5	12	22	0.402	fuzzy
5	15	17	5	12	23	0.252	fuzzy
5	15	19					gorresio_only
5	15	20					gorresio_only
5	15	21	5	13	9	0.33	fuzzy
5	15	23					gorresio_only
5	15	25					gorresio_only
5	15	28					gorresio_only
5	15	30	5	13	10	0.446	fuzzy
5	15	31					gorresio_only
5	15	35					gorresio_only
5	15	36	5	13	16	0.312	fuzzy
5	15	37	5	13	17	0.419	fuzzy
5	15	38	5	13	18	0.279	fuzzy
5	15	39	5	13	20	0.628	matched
5	15	40					gorresio_only
5	15	41					gorresio_only
5	15	42	5	13	25	0.251	fuzzy
5	15	45					gorresio_only
5	15	46					gorresio_only
5	15	47					gorresio_only
5	15	52	5	13	35	0.252	fuzzy
5	15	55					gorresio_only
5	15	56					gorresio_only
5	15	58	5	13	45	0.286	fuzzy
5	15	59	5	13	51	0.27	fuzzy
5	16	3					gorresio_only
5	16	5					gorresio_only
5	16	6					gorresio_only
5	16	8					gorresio_only
5	16	9					gorresio_only
5	16	10					gorresio_only
5	16	11					gorresio_only
5	16	12					gorresio_only
5	16	15					gorresio_only
5	16	16					gorresio_only
5	16	17					gorresio_only
5	16	18					gorresio_only
5	16	19					gorresio_only
5	16	20					gorresio_only
5	16	22					gorresio_only
5	16	23					gorresio_only
5	16	25	5	14	22	0.329	fuzzy
5	16	26					gorresio_only
5	16	28					gorresio_only
5	16	30					gorresio_only
5	16	31					gorresio_only
5	16	32					gorresio_only
5	16	35					gorresio_only
5	16	36	5	14	35	0.301	fuzzy
5	16	38					gorresio_only
5	16	40					gorresio_only
5	16	42					gorresio_only
5	16	44	5	14	39	0.318	fuzzy
5	16	46					gorresio_only
5	16	48					gorresio_only
5	16	49					gorresio_only
5	16	50					gorresio_only
5	16	51					gorresio_only
5	16	52					gorresio_only
5	16	53					gorresio_only
5	16	54	5	14	44	0.477	matched
5	16	55	5	14	52	0.286	fuzzy
5	17	1					gorresio_only
5	17	2					gorresio_only
5	17	4					gorresio_only
5	17	5					gorresio_only
5	17	6					gorresio_only
5	17	8	5	15	3	0.293	fuzzy
5	17	10					gorresio_only
5	17	12					gorresio_only
5	17	13					gorresio_only
5	17	14					gorresio_only
5	17	15					gorresio_only
5	17	16					gorresio_only
5	17	17					gorresio_only
5	17	18					gorresio_only
5	17	19					gorresio_only
5	17	20					gorresio_only
5	17	21					gorresio_only
5	17	22					gorresio_only
5	17	23					gorresio_only
5	17	25					gorresio_only
5	17	26					gorresio_only
5	17	28					gorresio_only
5	17	29					gorresio_only
5	17	30					gorresio_only
5	17	31					gorresio_only
5	17	32					gorresio_only
5	17	34					gorresio_only
5	17	35					gorresio_only
5	17	36					gorresio_only
5	18	2					gorresio_only
5	18	3					gorresio_only
5	18	5					gorresio_only
5	18	6					gorresio_only
5	18	8					gorresio_only
5	18	9					gorresio_only
5	18	10					gorresio_only
5	18	11					gorresio_only
5	18	12					gorresio_only
5	18	13					gorresio_only
5	18	14					gorresio_only
5	18	15					gorresio_only
5	18	18					gorresio_only
5	18	19					gorresio_only
5	18	20					gorresio_only
5	18	21	5	16	8	0.516	moved
5	18	22					gorresio_only
5	18	24					gorresio_only
5	18	25					gorresio_only
5	18	26	5	15	30	0.278	fuzzy
5	18	28	5	16	7	0.287	fuzzy
5	18	29					gorresio_only
5	18	30					gorresio_only
5	18	31	5	16	10	0.385	fuzzy
5	18	33					gorresio_only
5	18	34	5	16	12	0.412	fuzzy
5	18	35					gorresio_only
5	18	36					gorresio_only
5	18	37					gorresio_only
5	18	38					gorresio_only
5	18	39					gorresio_only
5	19	1					gorresio_only
5	19	3	5	16	15	0.256	fuzzy
5	19	4					gorresio_only
5	19	5					gorresio_only
5	19	6	5	16	18	0.545	matched
5	19	8	5	16	20	0.384	fuzzy
5	19	10					gorresio_only
5	19	11					gorresio_only
5	19	12					gorresio_only
5	19	13					gorresio_only
5	19	15					gorresio_only
5	19	16					gorresio_only
5	19	20					gorresio_only
5	19	21					gorresio_only
5	19	22					gorresio_only
5	19	23					gorresio_only
5	19	25					gorresio_only
5	19	26					gorresio_only
5	19	28					gorresio_only
5	19	29					gorresio_only
5	19	30					gorresio_only
5	19	31					gorresio_only
5	19	32					gorresio_only
5	19	33	5	16	32	0.268	fuzzy
5	19	34					gorresio_only
5	20	2					gorresio_only
5	20	5					gorresio_only
5	20	6	5	18	5	0.358	fuzzy
5	20	8					gorresio_only
5	20	10					gorresio_only
5	20	11					gorresio_only
5	20	12					gorresio_only
5	20	13	5	18	10	0.364	fuzzy
5	20	16					gorresio_only
5	20	17					gorresio_only
5	20	18	5	18	22	0.305	fuzzy
5	20	19	5	18	23	0.385	fuzzy
5	20	20					gorresio_only
5	20	21					gorresio_only
5	20	22					gorresio_only
5	20	23	5	18	27	0.361	fuzzy
5	20	24					gorresio_only
5	20	25					gorresio_only
5	20	26					gorresio_only
5	21	1					gorresio_only
5	21	2	5	19	4	0.312	fuzzy
5	21	4	5	19	5	0.357	fuzzy
5	21	5					gorresio_only
5	21	6	5	19	7	0.41	fuzzy
5	21	8	5	19	9	0.252	fuzzy
5	21	15					gorresio_only
5	21	16					gorresio_only
5	21	19					gorresio_only
5	21	20					gorresio_only
5	21	22	5	19	20	0.362	fuzzy
5	22	2					gorresio_only
5	22	3					gorresio_only
5	22	5	5	20	3	0.458	matched
5	22	6	5	20	6	0.25	fuzzy
5	22	7					gorresio_only
5	22	8	5	20	8	0.295	fuzzy
5	22	10	5	20	9	0.356	fuzzy
5	22	11					gorresio_only
5	22	13					gorresio_only
5	22	14	5	20	14	0.376	fuzzy
5	22	15	5	20	17	0.276	fuzzy
5	22	16	5	20	18	0.427	fuzzy
5	22	17					gorresio_only
5	22	20	5	20	20	0.49	matched
5	22	21	5	20	21	0.417	fuzzy
5	22	22	5	20	22	0.31	fuzzy
5	22	23					gorresio_only
5	22	25	5	20	24	0.251	fuzzy
5	22	26					gorresio_only
5	22	28					gorresio_only
5	22	30					gorresio_only
5	22	31					gorresio_only
5	22	32					gorresio_only
5	22	33					gorresio_only
5	22	34	5	20	34	0.565	matched
5	22	35					gorresio_only
5	23	1	5	21	1	0.451	matched
5	23	2					gorresio_only
5	23	3					gorresio_only
5	23	4	5	21	7	0.252	fuzzy
5	23	5					gorresio_only
5	23	6	5	21	8	0.357	fuzzy
5	23	8					gorresio_only
5	23	10					gorresio_only
5	23	11					gorresio_only
5	23	14	5	21	16	0.254	fuzzy
5	23	15					gorresio_only
5	23	18					gorresio_only
5	23	19					gorresio_only
5	23	20					gorresio_only
5	23	25					gorresio_only
5	23	26					gorresio_only
5	23	28					gorresio_only
5	23	29					gorresio_only
5	23	30					gorresio_only
5	23	31					gorresio_only
5	23	32					gorresio_only
5	23	33					gorresio_only
5	23	34	5	21	33	0.39	fuzzy
5	24	2	5	22	2	0.385	fuzzy
5	24	3	5	22	3	0.591	matched
5	24	5					gorresio_only
5	24	8	5	22	4	0.346	fuzzy
5	24	9					gorresio_only
5	24	12					gorresio_only
5	24	13					gorresio_only
5	24	17					gorresio_only
5	24	18					gorresio_only
5	24	19					gorresio_only
5	24	21					gorresio_only
5	24	22	5	22	23	0.324	fuzzy
5	24	24	5	22	25	0.303	fuzzy
5	24	25	5	22	28	0.581	moved
5	24	26	5	22	26	0.282	fuzzy
5	24	27					gorresio_only
5	24	28					gorresio_only
5	24	29					gorresio_only
5	24	30					gorresio_only
5	24	31					gorresio_only
5	24	32					gorresio_only
5	24	33					gorresio_only
5	24	36					gorresio_only
5	24	37					gorresio_only
5	24	38					gorresio_only
5	25	2	5	22	45	0.251	fuzzy
5	25	3	5	24	1	0.288	fuzzy
5	25	5					gorresio_only
5	25	6	5	24	6	0.259	fuzzy
5	25	8					gorresio_only
5	25	10					gorresio_only
5	25	11					gorresio_only
5	25	13					gorresio_only
5	25	14					gorresio_only
5	25	15					gorresio_only
5	25	16					gorresio_only
5	25	20					gorresio_only
5	25	22					gorresio_only
5	25	23					gorresio_only
5	25	24	5	24	24	0.267	fuzzy
5	25	25					gorresio_only
5	25	26					gorresio_only
5	25	28					gorresio_only
5	25	30					gorresio_only
5	25	32					gorresio_only
5	25	33					gorresio_only
5	25	34					gorresio_only
5	25	35					gorresio_only
5	25	36					gorresio_only
5	25	37					gorresio_only
5	25	38	5	24	32	0.361	fuzzy
5	25	39					gorresio_only
5	25	40					gorresio_only
5	25	41	5	24	35	0.27	fuzzy
5	25	42					gorresio_only
5	25	43					gorresio_only
5	25	45					gorresio_only
5	25	46					gorresio_only
5	25	48					gorresio_only
5	25	49					gorresio_only
5	25	50					gorresio_only
5	25	51					gorresio_only
5	25	52					gorresio_only
5	25	54	5	25	1	0.443	fuzzy
5	25	55					gorresio_only
5	25	56					gorresio_only
5	26	1					gorresio_only
5	26	2					gorresio_only
5	26	3	5	25	2	0.37	fuzzy
5	26	5					gorresio_only
5	26	6					gorresio_only
5	26	9					gorresio_only
5	26	10	5	25	6	0.453	matched
5	26	11					gorresio_only
5	26	12					gorresio_only
5	26	13					gorresio_only
5	26	14	5	25	16	0.387	fuzzy
5	26	15	5	25	17	0.414	fuzzy
5	26	16					gorresio_only
5	26	17					gorresio_only
5	26	18	5	25	20	0.495	matched
5	26	19					gorresio_only
5	26	20					gorresio_only
5	26	22					gorresio_only
5	26	23					gorresio_only
5	26	24					gorresio_only
5	26	25					gorresio_only
5	26	26					gorresio_only
5	26	27					gorresio_only
5	26	28					gorresio_only
5	26	29					gorresio_only
5	26	30					gorresio_only
5	26	34					gorresio_only
5	26	36					gorresio_only
5	26	37					gorresio_only
5	26	38					gorresio_only
5	26	39					gorresio_only
5	26	40					gorresio_only
5	26	41					gorresio_only
5	26	42					gorresio_only
5	26	43					gorresio_only
5	27	1					gorresio_only
5	27	2	5	27	3	0.342	fuzzy
5	27	4					gorresio_only
5	27	5	5	27	5	0.284	fuzzy
5	27	6	5	27	6	0.266	fuzzy
5	27	7					gorresio_only
5	27	8					gorresio_only
5	27	9					gorresio_only
5	27	10	5	27	29	0.25	fuzzy
5	27	11					gorresio_only
5	27	12					gorresio_only
5	27	13					gorresio_only
5	27	20	5	27	37	0.352	fuzzy
5	27	21	5	27	39	0.325	fuzzy
5	27	22					gorresio_only
5	27	23					gorresio_only
5	27	24	5	27	41	0.261	fuzzy
5	27	25					gorresio_only
5	27	26					gorresio_only
5	27	27					gorresio_only
5	27	28					gorresio_only
5	27	29					gorresio_only
5	27	30					gorresio_only
5	27	32					gorresio_only
5	27	33					gorresio_only
5	27	34	5	27	49	0.283	fuzzy
5	27	35	5	27	53	0.284	fuzzy
5	28	1					gorresio_only
5	28	2					gorresio_only
5	28	3					gorresio_only
5	28	5					gorresio_only
5	28	6					gorresio_only
5	28	8	5	28	8	0.314	fuzzy
5	28	10					gorresio_only
5	28	12					gorresio_only
5	28	13					gorresio_only
5	28	15					gorresio_only
5	28	16	5	29	6	0.303	fuzzy
5	28	18					gorresio_only
5	29	2					gorresio_only
5	29	4					gorresio_only
5	29	5					gorresio_only
5	29	6					gorresio_only
5	29	9	5	30	1	0.308	fuzzy
5	29	10					gorresio_only
5	29	11					gorresio_only
5	29	12					gorresio_only
5	29	14					gorresio_only
5	29	16					gorresio_only
5	29	17					gorresio_only
5	29	18	5	30	21	0.287	fuzzy
5	29	19					gorresio_only
5	29	20					gorresio_only
5	29	23					gorresio_only
5	29	25	5	30	30	0.5	matched
5	29	26					gorresio_only
5	29	28					gorresio_only
5	29	29					gorresio_only
5	29	30					gorresio_only
5	29	31					gorresio_only
5	29	35					gorresio_only
5	30	2					gorresio_only
5	30	4	5	31	5	0.33	fuzzy
5	30	5	5	31	6	0.354	fuzzy
5	30	6					gorresio_only
5	30	7	5	31	8	0.364	fuzzy
5	30	8	5	31	9	0.299	fuzzy
5	30	9					gorresio_only
5	30	10					gorresio_only
5	30	11					gorresio_only
5	30	12					gorresio_only
5	30	13					gorresio_only
5	30	14					gorresio_only
5	31	1					gorresio_only
5	31	2					gorresio_only
5	31	3					gorresio_only
5	31	5					gorresio_only
5	31	6	5	33	14	0.315	fuzzy
5	31	8					gorresio_only
5	31	10					gorresio_only
5	31	11	5	33	17	0.448	fuzzy
5	31	12					gorresio_only
5	31	13					gorresio_only
5	31	14	5	33	21	0.311	fuzzy
5	31	15	5	33	22	0.279	fuzzy
5	31	16	5	33	23	0.413	fuzzy
5	31	18	5	33	24	0.308	fuzzy
5	31	19	5	33	25	0.343	fuzzy
5	31	20					gorresio_only
5	31	22	5	33	28	0.277	fuzzy
5	31	23	5	33	29	0.443	fuzzy
5	31	24					gorresio_only
5	31	25					gorresio_only
5	31	27					gorresio_only
5	31	28					gorresio_only
5	31	30					gorresio_only
5	31	32					gorresio_only
5	31	33	5	34	13	0.291	fuzzy
5	31	34					gorresio_only
5	31	36	5	34	19	0.406	fuzzy
5	31	38	5	34	20	0.261	fuzzy
5	31	39					gorresio_only
5	31	41					gorresio_only
5	31	42					gorresio_only
5	31	45					gorresio_only
5	31	46					gorresio_only
5	31	48					gorresio_only
5	31	49					gorresio_only
5	31	50					gorresio_only
5	31	52					gorresio_only
5	31	53					gorresio_only
5	31	55					gorresio_only
5	31	56					gorresio_only
5	31	57					gorresio_only
5	31	58					gorresio_only
5	31	59					gorresio_only
5	31	61					gorresio_only
5	31	62					gorresio_only
5	32	2					gorresio_only
5	32	5					gorresio_only
5	32	6					gorresio_only
5	32	8					gorresio_only
5	32	9	5	35	1	0.294	fuzzy
5	32	10					gorresio_only
5	32	11					gorresio_only
5	32	12					gorresio_only
5	32	15					gorresio_only
5	32	16					gorresio_only
5	32	17					gorresio_only
5	32	18					gorresio_only
5	32	19					gorresio_only
5	32	20					gorresio_only
5	32	23					gorresio_only
5	32	24					gorresio_only
5	32	25					gorresio_only
5	32	26					gorresio_only
5	32	27					gorresio_only
5	32	28					gorresio_only
5	32	29					gorresio_only
5	32	30					gorresio_only
5	32	31					gorresio_only
5	32	32					gorresio_only
5	32	33					gorresio_only
5	32	34					gorresio_only
5	32	35					gorresio_only
5	32	36	5	35	46	0.352	fuzzy
5	32	39	5	35	49	0.321	fuzzy
5	32	40					gorresio_only
5	32	41					gorresio_only
5	32	42					gorresio_only
5	32	43					gorresio_only
5	32	44					gorresio_only
5	32	45					gorresio_only
5	32	46					gorresio_only
5	32	47					gorresio_only
5	33	1					gorresio_only
5	33	2					gorresio_only
5	33	3					gorresio_only
5	33	5					gorresio_only
5	33	6					gorresio_only
5	33	9					gorresio_only
5	33	10					gorresio_only
5	33	11					gorresio_only
5	33	13					gorresio_only
5	33	18					gorresio_only
5	33	19					gorresio_only
5	33	20					gorresio_only
5	33	21					gorresio_only
5	33	23					gorresio_only
5	33	25					gorresio_only
5	33	27					gorresio_only
5	33	29					gorresio_only
5	33	30					gorresio_only
5	33	32					gorresio_only
5	33	33					gorresio_only
5	33	35					gorresio_only
5	33	36					gorresio_only
5	33	39					gorresio_only
5	33	40	5	36	28	0.267	fuzzy
5	33	41					gorresio_only
5	33	42					gorresio_only
5	33	43					gorresio_only
5	33	44					gorresio_only
5	33	45					gorresio_only
5	33	46					gorresio_only
5	33	47					gorresio_only
5	34	2					gorresio_only
5	34	3					gorresio_only
5	34	5					gorresio_only
5	34	6					gorresio_only
5	34	7					gorresio_only
5	34	8					gorresio_only
5	34	9					gorresio_only
5	34	10					gorresio_only
5	34	11					gorresio_only
5	34	12					gorresio_only
5	34	13					gorresio_only
5	34	14					gorresio_only
5	34	17					gorresio_only
5	34	18	5	36	43	0.301	fuzzy
5	34	19					gorresio_only
5	34	20					gorresio_only
5	34	21					gorresio_only
5	34	22					gorresio_only
5	34	23					gorresio_only
5	35	1					gorresio_only
5	35	2					gorresio_only
5	35	4	5	37	4	0.385	fuzzy
5	35	5					gorresio_only
5	35	6	5	37	6	0.296	fuzzy
5	35	8	5	37	8	0.374	fuzzy
5	35	10					gorresio_only
5	35	11	5	37	10	0.516	matched
5	35	12					gorresio_only
5	35	13	5	37	12	0.385	fuzzy
5	35	17	5	37	16	0.476	matched
5	35	18					gorresio_only
5	35	19					gorresio_only
5	35	20	5	37	19	0.455	matched
5	35	21					gorresio_only
5	35	22					gorresio_only
5	35	23					gorresio_only
5	35	24	5	37	25	0.277	fuzzy
5	35	25	5	37	26	0.379	fuzzy
5	35	28					gorresio_only
5	35	30					gorresio_only
5	35	33					gorresio_only
5	35	34	5	37	39	0.273	fuzzy
5	35	35	5	37	40	0.368	fuzzy
5	35	36					gorresio_only
5	35	38					gorresio_only
5	35	39					gorresio_only
5	35	40					gorresio_only
5	35	41					gorresio_only
5	35	42					gorresio_only
5	35	45					gorresio_only
5	35	46					gorresio_only
5	36	1					gorresio_only
5	36	2	5	38	2	0.327	fuzzy
5	36	3	5	38	3	0.561	matched
5	36	5					gorresio_only
5	36	8	5	38	9	0.265	fuzzy
5	36	10	5	38	11	0.356	fuzzy
5	36	11					gorresio_only
5	36	12					gorresio_only
5	36	13					gorresio_only
5	36	14					gorresio_only
5	36	15					gorresio_only
5	36	16					gorresio_only
5	36	17					gorresio_only
5	36	18					gorresio_only
5	36	19					gorresio_only
5	36	20					gorresio_only
5	36	22					gorresio_only
5	36	23					gorresio_only
5	36	24					gorresio_only
5	36	25					gorresio_only
5	36	27					gorresio_only
5	36	28					gorresio_only
5	36	29					gorresio_only
5	36	30					gorresio_only
5	36	31					gorresio_only
5	36	32					gorresio_only
5	36	33					gorresio_only
5	36	34					gorresio_only
5	36	35					gorresio_only
5	36	37					gorresio_only
5	36	38					gorresio_only
5	36	39					gorresio_only
5	36	40					gorresio_only
5	36	41					gorresio_only
5	36	42					gorresio_only
5	36	45					gorresio_only
5	36	46					gorresio_only
5	36	47					gorresio_only
5	36	48					gorresio_only
5	36	50					gorresio_only
5	36	55					gorresio_only
5	36	56					gorresio_only
5	36	57					gorresio_only
5	36	58					gorresio_only
5	36	59					gorresio_only
5	36	61					gorresio_only
5	36	62	5	38	57	0.407	fuzzy
5	36	63					gorresio_only
5	36	65					gorresio_only
5	36	67					gorresio_only
5	36	69					gorresio_only
5	36	70					gorresio_only
5	36	71					gorresio_only
5	36	72					gorresio_only
5	36	73					gorresio_only
5	36	74					gorresio_only
5	36	75	5	38	69	0.258	fuzzy
5	36	76					gorresio_only
5	37	1					gorresio_only
5	37	3					gorresio_only
5	37	5					gorresio_only
5	37	6					gorresio_only
5	37	8					gorresio_only
5	37	9					gorresio_only
5	37	10					gorresio_only
5	37	11					gorresio_only
5	37	13	5	39	10	0.561	matched
5	37	14					gorresio_only
5	37	15					gorresio_only
5	37	16					gorresio_only
5	37	17					gorresio_only
5	37	18	5	39	17	0.257	fuzzy
5	37	20					gorresio_only
5	37	21					gorresio_only
5	37	22					gorresio_only
5	37	24					gorresio_only
5	37	26					gorresio_only
5	37	27					gorresio_only
5	37	28					gorresio_only
5	37	29	5	41	2	0.278	fuzzy
5	37	30					gorresio_only
5	37	31	5	41	4	0.306	fuzzy
5	37	32					gorresio_only
5	37	34					gorresio_only
5	37	35	5	41	11	0.259	fuzzy
5	37	36	5	41	12	0.275	fuzzy
5	37	37	5	41	13	0.266	fuzzy
5	37	41					gorresio_only
5	37	42					gorresio_only
5	38	2	5	42	3	0.398	fuzzy
5	38	5					gorresio_only
5	38	6					gorresio_only
5	38	7	5	42	7	0.311	fuzzy
5	38	8					gorresio_only
5	38	9					gorresio_only
5	38	10					gorresio_only
5	38	11	5	42	11	0.416	fuzzy
5	38	12					gorresio_only
5	38	13	5	42	13	0.741	matched
5	38	18					gorresio_only
5	38	19					gorresio_only
5	38	20	5	42	15	0.284	fuzzy
5	38	21					gorresio_only
5	38	23					gorresio_only
5	38	24					gorresio_only
5	38	25					gorresio_only
5	38	26					gorresio_only
5	38	28					gorresio_only
5	38	29					gorresio_only
5	38	30					gorresio_only
5	38	31					gorresio_only
5	38	32					gorresio_only
5	38	33					gorresio_only
5	38	34					gorresio_only
5	38	35					gorresio_only
5	38	36					gorresio_only
5	38	40					gorresio_only
5	38	41					gorresio_only
5	38	42					gorresio_only
5	38	45	5	42	33	0.259	fuzzy
5	38	46	5	42	34	0.364	fuzzy
5	38	48					gorresio_only
5	38	49					gorresio_only
5	38	50					gorresio_only
5	38	51					gorresio_only
5	39	1					gorresio_only
5	39	2					gorresio_only
5	39	4					gorresio_only
5	39	5					gorresio_only
5	39	6					gorresio_only
5	39	8					gorresio_only
5	39	9					gorresio_only
5	39	10					gorresio_only
5	39	11					gorresio_only
5	39	12					gorresio_only
5	39	13					gorresio_only
5	39	15					gorresio_only
5	39	16					gorresio_only
5	39	17	5	44	4	0.252	fuzzy
5	39	18					gorresio_only
5	39	19					gorresio_only
5	39	20	5	44	15	0.263	fuzzy
5	39	21					gorresio_only
5	39	22					gorresio_only
5	39	26					gorresio_only
5	39	28					gorresio_only
5	39	29					gorresio_only
5	39	30					gorresio_only
5	39	31					gorresio_only
5	39	32	5	44	20	0.386	fuzzy
5	39	33					gorresio_only
5	40	2	5	45	2	0.28	fuzzy
5	40	3					gorresio_only
5	40	5					gorresio_only
5	40	6	5	45	6	0.321	fuzzy
5	40	8	5	45	8	0.255	fuzzy
5	40	9					gorresio_only
5	40	10	5	45	9	0.447	fuzzy
5	40	11					gorresio_only
5	40	12					gorresio_only
5	40	13					gorresio_only
5	40	14					gorresio_only
5	40	15	5	45	17	0.302	fuzzy
5	41	2					gorresio_only
5	41	3	5	46	3	0.346	fuzzy
5	41	5					gorresio_only
5	41	7					gorresio_only
5	41	8					gorresio_only
5	41	9					gorresio_only
5	41	10					gorresio_only
5	41	11					gorresio_only
5	41	12					gorresio_only
5	41	13					gorresio_only
5	41	15					gorresio_only
5	41	16					gorresio_only
5	41	17					gorresio_only
5	41	18					gorresio_only
5	41	20					gorresio_only
5	41	22					gorresio_only
5	41	23					gorresio_only
5	41	24					gorresio_only
5	41	25					gorresio_only
5	41	26					gorresio_only
5	41	28					gorresio_only
5	41	29					gorresio_only
5	41	30					gorresio_only
5	41	31					gorresio_only
5	41	32					gorresio_only
5	41	33					gorresio_only
5	41	34					gorresio_only
5	41	35					gorresio_only
5	41	36					gorresio_only
5	41	38	5	46	38	0.595	matched
5	41	40					gorresio_only
5	42	1					gorresio_only
5	42	2	5	47	2	0.413	fuzzy
5	42	3					gorresio_only
5	42	5					gorresio_only
5	42	6					gorresio_only
5	42	8					gorresio_only
5	42	9					gorresio_only
5	42	10					gorresio_only
5	42	11	5	47	23	0.287	fuzzy
5	42	12					gorresio_only
5	42	13	5	47	26	0.307	fuzzy
5	42	14					gorresio_only
5	42	15	5	47	29	0.251	fuzzy
5	42	16					gorresio_only
5	42	17					gorresio_only
5	42	18					gorresio_only
5	42	19					gorresio_only
5	42	20					gorresio_only
5	42	21					gorresio_only
5	42	22					gorresio_only
5	43	1					gorresio_only
5	43	2					gorresio_only
5	43	3					gorresio_only
5	43	4					gorresio_only
5	43	5					gorresio_only
5	43	6					gorresio_only
5	43	7					gorresio_only
5	43	8					gorresio_only
5	43	9					gorresio_only
5	43	10					gorresio_only
5	43	13	5	48	14	0.264	fuzzy
5	43	14	5	48	15	0.313	fuzzy
5	43	15					gorresio_only
5	43	16					gorresio_only
5	44	1					gorresio_only
5	44	2	5	48	20	0.304	fuzzy
5	44	5	5	48	27	0.311	fuzzy
5	44	8	5	48	32	0.586	matched
5	44	10					gorresio_only
5	44	11					gorresio_only
5	44	12					gorresio_only
5	44	13					gorresio_only
5	44	14					gorresio_only
5	44	15					gorresio_only
5	44	16					gorresio_only
5	44	18					gorresio_only
5	44	19	5	48	52	0.291	fuzzy
5	44	20	5	48	60	0.253	fuzzy
5	44	21					gorresio_only
5	45	2					gorresio_only
5	45	5					gorresio_only
5	45	6					gorresio_only
5	45	8	5	49	9	0.305	fuzzy
5	45	9					gorresio_only
5	45	10					gorresio_only
5	45	11	5	49	12	0.505	matched
5	45	12					gorresio_only
5	45	13					gorresio_only
5	45	14					gorresio_only
5	45	15	5	49	16	0.484	matched
5	45	16					gorresio_only
5	45	18					gorresio_only
5	46	3					gorresio_only
5	46	5					gorresio_only
5	46	6					gorresio_only
5	46	8					gorresio_only
5	46	9	5	50	1	0.252	fuzzy
5	46	10					gorresio_only
5	46	11					gorresio_only
5	46	12					gorresio_only
5	46	13					gorresio_only
5	46	14					gorresio_only
5	46	15					gorresio_only
5	46	16					gorresio_only
5	46	17					gorresio_only
5	46	18	5	50	19	0.321	fuzzy
5	46	19					gorresio_only
5	47	2					gorresio_only
5	47	5					gorresio_only
5	47	6					gorresio_only
5	47	8	5	51	8	0.344	fuzzy
5	47	9					gorresio_only
5	47	10					gorresio_only
5	47	11	5	51	12	0.352	fuzzy
5	47	12	5	51	14	0.277	fuzzy
5	47	13	5	51	15	0.327	fuzzy
5	47	15					gorresio_only
5	47	16	5	51	17	0.398	fuzzy
5	47	17					gorresio_only
5	47	18	5	51	19	0.678	matched
5	47	19	5	51	20	0.28	fuzzy
5	47	20					gorresio_only
5	47	22	5	51	22	0.45	matched
5	47	23	5	51	23	0.266	fuzzy
5	47	24	5	51	24	0.309	fuzzy
5	47	25					gorresio_only
5	47	28	5	51	26	0.275	fuzzy
5	47	29					gorresio_only
5	47	30					gorresio_only
5	47	31	5	51	29	0.3	fuzzy
5	47	33					gorresio_only
5	47	34					gorresio_only
5	47	35					gorresio_only
5	47	36					gorresio_only
5	47	37					gorresio_only
5	48	2	5	52	4	0.324	fuzzy
5	48	3					gorresio_only
5	48	5	5	52	14	0.371	fuzzy
5	48	6					gorresio_only
5	48	7					gorresio_only
5	48	8	5	52	17	0.265	fuzzy
5	48	9	5	52	20	0.321	fuzzy
5	48	10					gorresio_only
5	48	11	5	52	22	0.427	fuzzy
5	48	12	5	52	23	0.305	fuzzy
5	48	13	5	52	24	0.275	fuzzy
5	48	14	5	52	25	0.263	fuzzy
5	48	15	5	52	26	0.294	fuzzy
5	48	16					gorresio_only
5	49	2	5	53	2	0.339	fuzzy
5	49	3	5	53	3	0.396	fuzzy
5	49	5					gorresio_only
5	49	6					gorresio_only
5	49	7					gorresio_only
5	49	8					gorresio_only
5	49	9					gorresio_only
5	49	10					gorresio_only
5	49	12					gorresio_only
5	49	15					gorresio_only
5	49	16					gorresio_only
5	49	17	5	53	24	0.25	fuzzy
5	49	18					gorresio_only
5	49	19					gorresio_only
5	49	20					gorresio_only
5	49	21					gorresio_only
5	49	22					gorresio_only
5	49	23					gorresio_only
5	49	25					gorresio_only
5	49	26					gorresio_only
5	49	30	5	53	41	0.286	fuzzy
5	49	31	5	53	42	0.333	fuzzy
5	49	32					gorresio_only
5	50	2					gorresio_only
5	50	5					gorresio_only
5	50	6					gorresio_only
5	50	8					gorresio_only
5	50	9	5	54	3	0.297	fuzzy
5	50	10					gorresio_only
5	50	11					gorresio_only
5	50	12					gorresio_only
5	50	13					gorresio_only
5	50	15					gorresio_only
5	50	16					gorresio_only
5	50	17					gorresio_only
5	50	18					gorresio_only
5	50	19					gorresio_only
5	51	2	5	55	9	0.467	matched
5	51	3					gorresio_only
5	51	5	5	55	11	0.43	fuzzy
5	51	6					gorresio_only
5	51	7					gorresio_only
5	51	8	5	55	14	0.536	matched
5	51	9					gorresio_only
5	51	10	5	55	16	0.411	fuzzy
5	51	13					gorresio_only
5	51	14					gorresio_only
5	51	15	5	55	21	0.308	fuzzy
5	51	16	5	55	22	0.358	fuzzy
5	51	17					gorresio_only
5	51	19					gorresio_only
5	51	20	5	55	25	0.323	fuzzy
5	51	21					gorresio_only
5	51	22					gorresio_only
5	51	24	5	55	32	0.353	fuzzy
5	51	25					gorresio_only
5	51	26	5	55	35	0.364	fuzzy
5	52	2					gorresio_only
5	52	5					gorresio_only
5	52	6					gorresio_only
5	52	8					gorresio_only
5	52	9					gorresio_only
5	52	10					gorresio_only
5	52	11					gorresio_only
5	52	12					gorresio_only
5	52	13					gorresio_only
5	53	1					gorresio_only
5	53	2					gorresio_only
5	53	5					gorresio_only
5	53	6					gorresio_only
5	53	7					gorresio_only
5	53	8					gorresio_only
5	53	10	5	56	9	0.251	fuzzy
5	53	12					gorresio_only
5	53	13					gorresio_only
5	53	15					gorresio_only
5	53	17					gorresio_only
5	53	18					gorresio_only
5	53	20					gorresio_only
5	53	22					gorresio_only
5	53	23					gorresio_only
5	53	24					gorresio_only
5	53	25					gorresio_only
5	53	26					gorresio_only
5	53	28					gorresio_only
5	53	29					gorresio_only
5	54	1					gorresio_only
5	54	2					gorresio_only
5	54	3					gorresio_only
5	54	5	5	56	38	0.259	fuzzy
5	54	6					gorresio_only
5	54	8					gorresio_only
5	54	10					gorresio_only
5	54	12					gorresio_only
5	54	13					gorresio_only
5	54	14					gorresio_only
5	54	16	5	56	48	0.437	fuzzy
5	54	17					gorresio_only
5	54	18					gorresio_only
5	54	19	5	56	49	0.5	matched
5	55	1					gorresio_only
5	55	2					gorresio_only
5	55	3					gorresio_only
5	55	6					gorresio_only
5	55	7	5	57	23	0.438	fuzzy
5	55	8					gorresio_only
5	55	10	5	57	26	0.259	fuzzy
5	55	11					gorresio_only
5	55	12					gorresio_only
5	55	13					gorresio_only
5	55	14					gorresio_only
5	55	15					gorresio_only
5	55	16					gorresio_only
5	55	20					gorresio_only
5	55	21					gorresio_only
5	55	22					gorresio_only
5	55	23					gorresio_only
5	55	25					gorresio_only
5	55	28					gorresio_only
5	55	30					gorresio_only
5	55	31					gorresio_only
5	55	32					gorresio_only
5	55	33	5	57	50	0.522	matched
5	55	34	5	57	51	0.447	fuzzy
5	55	35					gorresio_only
5	55	36					gorresio_only
5	56	1					gorresio_only
5	56	2					gorresio_only
5	56	3					gorresio_only
5	56	5					gorresio_only
5	56	6					gorresio_only
5	56	8					gorresio_only
5	56	10					gorresio_only
5	56	12					gorresio_only
5	56	13					gorresio_only
5	56	15					gorresio_only
5	56	16					gorresio_only
5	56	17					gorresio_only
5	56	18					gorresio_only
5	56	19					gorresio_only
5	56	20					gorresio_only
5	56	21					gorresio_only
5	56	22					gorresio_only
5	56	25					gorresio_only
5	56	26					gorresio_only
5	56	28					gorresio_only
5	56	29					gorresio_only
5	56	30					gorresio_only
5	56	31					gorresio_only
5	56	32					gorresio_only
5	56	33					gorresio_only
5	56	34					gorresio_only
5	56	35					gorresio_only
5	56	36					gorresio_only
5	56	40					gorresio_only
5	56	41					gorresio_only
5	56	42	5	58	11	0.273	fuzzy
5	56	43					gorresio_only
5	56	46					gorresio_only
5	56	48					gorresio_only
5	56	50					gorresio_only
5	56	51					gorresio_only
5	56	52	5	58	36	0.257	fuzzy
5	56	53					gorresio_only
5	56	55					gorresio_only
5	56	56					gorresio_only
5	56	57					gorresio_only
5	56	58					gorresio_only
5	56	59					gorresio_only
5	56	60					gorresio_only
5	56	65					gorresio_only
5	56	66	5	58	53	0.343	fuzzy
5	56	68					gorresio_only
5	56	69					gorresio_only
5	56	70					gorresio_only
5	56	71					gorresio_only
5	56	72					gorresio_only
5	56	73					gorresio_only
5	56	74					gorresio_only
5	56	75					gorresio_only
5	56	76					gorresio_only
5	56	82					gorresio_only
5	56	83					gorresio_only
5	56	84	5	58	74	0.259	fuzzy
5	56	85					gorresio_only
5	56	86					gorresio_only
5	56	87	5	58	77	0.297	fuzzy
5	56	88					gorresio_only
5	56	89					gorresio_only
5	56	90	5	58	81	0.254	fuzzy
5	56	91					gorresio_only
5	56	92					gorresio_only
5	56	93					gorresio_only
5	56	94					gorresio_only
5	56	95					gorresio_only
5	56	96	5	58	94	0.265	fuzzy
5	56	97					gorresio_only
5	56	100					gorresio_only
5	56	102					gorresio_only
5	56	104					gorresio_only
5	56	105					gorresio_only
5	56	106					gorresio_only
5	56	109					gorresio_only
5	56	110					gorresio_only
5	56	111					gorresio_only
5	56	112					gorresio_only
5	56	113					gorresio_only
5	56	114					gorresio_only
5	56	115					gorresio_only
5	56	116					gorresio_only
5	56	118					gorresio_only
5	56	120					gorresio_only
5	56	123					gorresio_only
5	56	125					gorresio_only
5	56	126					gorresio_only
5	56	127					gorresio_only
5	56	128					gorresio_only
5	56	129					gorresio_only
5	56	130					gorresio_only
5	56	131					gorresio_only
5	56	132					gorresio_only
5	56	134					gorresio_only
5	56	135	5	58	147	0.297	fuzzy
5	56	140					gorresio_only
5	56	142					gorresio_only
5	56	145					gorresio_only
5	56	146					gorresio_only
5	57	2	5	59	2	0.263	fuzzy
5	57	5					gorresio_only
5	57	6					gorresio_only
5	57	8					gorresio_only
5	57	10					gorresio_only
5	57	11					gorresio_only
5	57	12					gorresio_only
5	58	2					gorresio_only
5	58	3	5	59	7	0.273	fuzzy
5	58	4					gorresio_only
5	58	5					gorresio_only
5	58	6					gorresio_only
5	58	7					gorresio_only
5	58	8	5	59	12	0.27	fuzzy
5	58	9					gorresio_only
5	58	10					gorresio_only
5	58	11					gorresio_only
5	58	12					gorresio_only
5	58	13					gorresio_only
5	58	14					gorresio_only
5	58	18					gorresio_only
5	58	20					gorresio_only
5	58	21					gorresio_only
5	59	1					gorresio_only
5	59	2					gorresio_only
5	59	3					gorresio_only
5	59	5					gorresio_only
5	59	6					gorresio_only
5	59	8					gorresio_only
5	59	10	5	61	5	0.254	fuzzy
5	59	12					gorresio_only
5	59	13	5	61	8	0.432	fuzzy
5	59	14	5	61	9	0.398	fuzzy
5	59	15					gorresio_only
5	59	16					gorresio_only
5	59	18					gorresio_only
5	59	19					gorresio_only
5	59	20					gorresio_only
5	60	3					gorresio_only
5	60	5					gorresio_only
5	60	6					gorresio_only
5	60	8					gorresio_only
5	60	9					gorresio_only
5	60	10					gorresio_only
5	60	11					gorresio_only
5	60	12					gorresio_only
5	60	13					gorresio_only
5	60	14					gorresio_only
5	60	17					gorresio_only
5	60	18	5	61	19	0.328	fuzzy
5	61	2					gorresio_only
5	61	3					gorresio_only
5	61	4					gorresio_only
5	61	5					gorresio_only
5	61	6					gorresio_only
5	61	8	5	62	19	0.28	fuzzy
5	61	9					gorresio_only
5	61	10					gorresio_only
5	61	11	5	62	22	0.339	fuzzy
5	61	12					gorresio_only
5	61	13	5	62	24	0.362	fuzzy
5	61	14					gorresio_only
5	61	18					gorresio_only
5	61	19					gorresio_only
5	62	2	5	62	29	0.375	fuzzy
5	62	3					gorresio_only
5	62	5					gorresio_only
5	62	6	5	62	36	0.27	fuzzy
5	62	8					gorresio_only
5	62	9					gorresio_only
5	62	10	5	62	37	0.275	fuzzy
5	62	11	5	62	38	0.357	fuzzy
5	63	2					gorresio_only
5	63	3	5	63	3	0.373	fuzzy
5	63	7					gorresio_only
5	63	8					gorresio_only
5	63	9					gorresio_only
5	63	10					gorresio_only
5	63	12					gorresio_only
5	63	14	5	63	13	0.279	fuzzy
5	63	15	5	63	14	0.364	fuzzy
5	63	16	5	63	15	0.567	matched
5	63	18					gorresio_only
5	63	19					gorresio_only
5	63	20					gorresio_only
5	63	21					gorresio_only
5	63	22					gorresio_only
5	63	23					gorresio_only
5	63	24	5	63	28	0.258	fuzzy
5	63	25					gorresio_only
5	63	28	5	63	32	0.397	fuzzy
5	64	1					gorresio_only
5	64	2	5	64	3	0.321	fuzzy
5	64	4	5	64	4	0.267	fuzzy
5	64	5	5	64	5	0.356	fuzzy
5	64	6					gorresio_only
5	64	7					gorresio_only
5	64	8					gorresio_only
5	64	9					gorresio_only
5	64	10					gorresio_only
5	64	13					gorresio_only
5	64	14					gorresio_only
5	64	16	5	64	19	0.315	fuzzy
5	64	17					gorresio_only
5	64	18					gorresio_only
5	64	19					gorresio_only
5	64	20	5	64	20	0.325	fuzzy
5	64	21	5	64	21	0.301	fuzzy
5	64	22					gorresio_only
5	64	23					gorresio_only
5	64	24	5	64	24	0.261	fuzzy
5	64	25					gorresio_only
5	65	2					gorresio_only
5	65	3	5	64	29	0.29	fuzzy
5	65	5					gorresio_only
5	65	6	5	64	32	0.324	fuzzy
5	65	8					gorresio_only
5	65	9					gorresio_only
5	65	10					gorresio_only
5	65	11					gorresio_only
5	65	12					gorresio_only
5	65	13	5	64	40	0.254	fuzzy
5	65	15					gorresio_only
5	65	16					gorresio_only
5	66	1					gorresio_only
5	66	2	5	65	2	0.368	fuzzy
5	66	3	5	65	3	0.292	fuzzy
5	66	5					gorresio_only
5	66	6	5	65	6	0.305	fuzzy
5	66	9					gorresio_only
5	66	10					gorresio_only
5	66	11					gorresio_only
5	66	12					gorresio_only
5	66	13					gorresio_only
5	66	14					gorresio_only
5	66	15					gorresio_only
5	66	18	5	65	19	0.25	fuzzy
5	66	19					gorresio_only
5	66	20					gorresio_only
5	66	23					gorresio_only
5	66	26					gorresio_only
5	66	28					gorresio_only
5	66	29					gorresio_only
5	66	30					gorresio_only
5	66	31					gorresio_only
5	66	32	5	65	26	0.363	fuzzy
5	66	33					gorresio_only
5	66	34					gorresio_only
5	67	2					gorresio_only
5	67	3					gorresio_only
5	67	4					gorresio_only
5	67	5					gorresio_only
5	67	6	5	66	6	0.276	fuzzy
5	67	8					gorresio_only
5	67	9	5	66	9	0.292	fuzzy
5	67	10	5	66	10	0.31	fuzzy
5	67	11					gorresio_only
5	67	12	5	66	13	0.34	fuzzy
5	67	13	5	66	14	0.361	fuzzy
5	67	14					gorresio_only
5	68	1					gorresio_only
5	68	2					gorresio_only
5	68	3					gorresio_only
5	68	5					gorresio_only
5	68	6					gorresio_only
5	68	8					gorresio_only
5	68	9	5	67	6	0.321	fuzzy
5	68	10					gorresio_only
5	68	12					gorresio_only
5	68	18					gorresio_only
5	68	19					gorresio_only
5	68	20					gorresio_only
5	68	22					gorresio_only
5	68	23					gorresio_only
5	68	24					gorresio_only
5	68	25					gorresio_only
5	68	26					gorresio_only
5	68	28					gorresio_only
5	68	29					gorresio_only
5	68	30					gorresio_only
5	68	31					gorresio_only
5	68	33					gorresio_only
5	68	34	5	67	35	0.312	fuzzy
5	68	35	5	67	38	0.252	fuzzy
5	68	36					gorresio_only
5	68	38					gorresio_only
5	68	40	5	67	41	0.339	fuzzy
5	68	41					gorresio_only
5	68	42					gorresio_only
5	69	1					gorresio_only
5	69	2					gorresio_only
5	69	4					gorresio_only
5	69	5					gorresio_only
5	69	6					gorresio_only
5	69	7	5	68	8	0.394	fuzzy
5	69	8	5	56	9	0.534	moved
5	69	9					gorresio_only
5	69	10	5	68	11	0.258	fuzzy
5	69	11					gorresio_only
5	69	12	5	68	13	0.257	fuzzy
5	69	13	5	39	30	0.559	moved
5	69	14	5	68	15	0.327	fuzzy
5	69	15					gorresio_only
5	69	16					gorresio_only
5	69	17					gorresio_only
5	69	18					gorresio_only
5	69	20	5	39	38	0.536	moved
5	69	21	5	68	22	0.265	fuzzy
5	69	22	5	68	23	0.412	fuzzy
5	69	23	5	68	24	0.339	fuzzy
5	69	24					gorresio_only
5	69	25					gorresio_only
5	69	26	5	68	27	0.505	matched
5	69	27	5	68	28	0.415	fuzzy
5	70	1					gorresio_only
5	70	3					gorresio_only
5	70	5					gorresio_only
5	70	6					gorresio_only
5	70	8					gorresio_only
5	70	10					gorresio_only
5	70	16					gorresio_only
5	70	17					gorresio_only
5	70	18					gorresio_only
5	70	19					gorresio_only
5	70	20					gorresio_only
5	71	2					gorresio_only
5	71	5					gorresio_only
5	71	6					gorresio_only
5	71	8					gorresio_only
5	71	9					gorresio_only
5	71	10					gorresio_only
5	71	11					gorresio_only
5	71	12					gorresio_only
5	71	13					gorresio_only
5	71	14					gorresio_only
5	71	15					gorresio_only
5	71	16					gorresio_only
5	71	17					gorresio_only
5	72	1					gorresio_only
5	72	2					gorresio_only
5	72	3					gorresio_only
5	72	5					gorresio_only
5	72	6					gorresio_only
5	72	8					gorresio_only
5	72	9					gorresio_only
5	72	10					gorresio_only
5	72	11					gorresio_only
5	72	12					gorresio_only
5	72	13					gorresio_only
5	72	14					gorresio_only
5	72	15					gorresio_only
5	72	16					gorresio_only
5	72	17					gorresio_only
5	72	18					gorresio_only
5	72	20					gorresio_only
5	72	21					gorresio_only
5	72	22					gorresio_only
5	73	2					gorresio_only
5	73	5					gorresio_only
5	73	8					gorresio_only
5	73	9					gorresio_only
5	73	12					gorresio_only
5	73	13					gorresio_only
5	73	14					gorresio_only
5	73	16					gorresio_only
5	73	17					gorresio_only
5	73	18					gorresio_only
5	73	19					gorresio_only
5	73	20					gorresio_only
5	73	24					gorresio_only
5	73	25					gorresio_only
5	73	26					gorresio_only
5	73	27					gorresio_only
5	73	29					gorresio_only
5	73	30					gorresio_only
5	73	31					gorresio_only
5	73	32					gorresio_only
5	73	33					gorresio_only
5	73	34					gorresio_only
5	73	35					gorresio_only
5	73	36					gorresio_only
5	73	38					gorresio_only
5	73	40					gorresio_only
5	73	43					gorresio_only
5	73	44					gorresio_only
5	73	45					gorresio_only
5	73	46					gorresio_only
5	73	48					gorresio_only
5	73	49					gorresio_only
5	73	50					gorresio_only
5	73	53					gorresio_only
5	73	54					gorresio_only
5	73	55					gorresio_only
5	73	56					gorresio_only
5	73	57					gorresio_only
5	73	58					gorresio_only
5	73	59					gorresio_only
5	73	60					gorresio_only
5	73	61					gorresio_only
5	73	62					gorresio_only
5	73	63					gorresio_only
5	73	64					gorresio_only
5	73	65					gorresio_only
5	73	66					gorresio_only
5	74	2					gorresio_only
5	74	3					gorresio_only
5	74	5					gorresio_only
5	74	6					gorresio_only
5	74	7					gorresio_only
5	74	8					gorresio_only
5	74	9					gorresio_only
5	74	10					gorresio_only
5	74	15					gorresio_only
5	74	18					gorresio_only
5	74	19					gorresio_only
5	74	20					gorresio_only
5	74	22					gorresio_only
5	74	23					gorresio_only
5	74	24					gorresio_only
5	74	25					gorresio_only
5	74	26					gorresio_only
5	74	27					gorresio_only
5	74	29					gorresio_only
5	74	30					gorresio_only
5	74	31					gorresio_only
5	74	32					gorresio_only
5	74	34					gorresio_only
5	74	35					gorresio_only
5	74	36					gorresio_only
5	74	37					gorresio_only
5	74	39					gorresio_only
5	75	3					gorresio_only
5	75	5					gorresio_only
5	75	6					gorresio_only
5	75	9					gorresio_only
5	75	10					gorresio_only
5	75	11					gorresio_only
5	75	12					gorresio_only
5	75	15					gorresio_only
5	75	16					gorresio_only
5	75	17					gorresio_only
5	75	18					gorresio_only
5	76	2					gorresio_only
5	76	5					gorresio_only
5	76	6					gorresio_only
5	76	7					gorresio_only
5	76	8					gorresio_only
5	76	9					gorresio_only
5	76	10					gorresio_only
5	76	11					gorresio_only
5	76	12					gorresio_only
5	76	13					gorresio_only
5	76	14					gorresio_only
5	76	18					gorresio_only
5	76	19					gorresio_only
5	76	20					gorresio_only
5	76	21					gorresio_only
5	76	22					gorresio_only
5	76	24					gorresio_only
5	76	25					gorresio_only
5	77	2					gorresio_only
5	77	3					gorresio_only
5	77	5					gorresio_only
5	77	6					gorresio_only
5	77	8					gorresio_only
5	77	10					gorresio_only
5	77	17					gorresio_only
5	77	18					gorresio_only
5	77	19					gorresio_only
5	77	20					gorresio_only
5	78	5					gorresio_only
5	78	6					gorresio_only
5	78	7					gorresio_only
5	78	8					gorresio_only
5	78	10					gorresio_only
5	78	11					gorresio_only
5	78	12					gorresio_only
5	78	13					gorresio_only
5	78	14					gorresio_only
5	78	18					gorresio_only
5	78	19					gorresio_only
5	78	20					gorresio_only
5	78	21					gorresio_only
5	79	2					gorresio_only
5	79	5					gorresio_only
5	79	6					gorresio_only
5	79	8					gorresio_only
5	79	9					gorresio_only
5	79	10					gorresio_only
5	79	11					gorresio_only
5	79	12					gorresio_only
5	79	13					gorresio_only
5	79	14					gorresio_only
5	80	1					gorresio_only
5	80	2					gorresio_only
5	80	3					gorresio_only
5	80	4					gorresio_only
5	80	5					gorresio_only
5	80	6					gorresio_only
5	80	17					gorresio_only
5	80	18					gorresio_only
5	80	19					gorresio_only
5	80	20					gorresio_only
5	80	22					gorresio_only
5	80	23					gorresio_only
5	80	26					gorresio_only
5	80	27					gorresio_only
5	80	28					gorresio_only
5	80	29					gorresio_only
5	80	31					gorresio_only
5	80	32					gorresio_only
5	81	2					gorresio_only
5	81	4					gorresio_only
5	81	5					gorresio_only
5	81	6					gorresio_only
5	81	7					gorresio_only
5	81	8					gorresio_only
5	81	9					gorresio_only
5	81	10					gorresio_only
5	81	11					gorresio_only
5	81	12					gorresio_only
5	81	16					gorresio_only
5	81	17					gorresio_only
5	81	18					gorresio_only
5	81	19					gorresio_only
5	81	20					gorresio_only
5	81	22					gorresio_only
5	81	23					gorresio_only
5	81	24					gorresio_only
5	81	25					gorresio_only
5	81	26					gorresio_only
5	81	27					gorresio_only
5	81	28					gorresio_only
5	81	29					gorresio_only
5	81	30					gorresio_only
5	81	31					gorresio_only
5	81	32					gorresio_only
5	81	33					gorresio_only
5	81	34					gorresio_only
5	81	35					gorresio_only
5	81	36					gorresio_only
5	81	37					gorresio_only
5	81	39					gorresio_only
5	81	40					gorresio_only
5	81	42					gorresio_only
5	81	43					gorresio_only
5	81	45					gorresio_only
5	81	46					gorresio_only
5	81	47					gorresio_only
5	81	48					gorresio_only
5	81	49					gorresio_only
5	81	50					gorresio_only
5	81	51					gorresio_only
5	81	52					gorresio_only
5	81	53					gorresio_only
5	81	54					gorresio_only
5	81	55					gorresio_only
5	82	2					gorresio_only
5	82	5					gorresio_only
5	82	6					gorresio_only
5	82	8					gorresio_only
5	82	10					gorresio_only
5	82	11					gorresio_only
5	82	12					gorresio_only
5	82	16					gorresio_only
5	82	17					gorresio_only
5	82	18					gorresio_only
5	82	19					gorresio_only
5	82	20					gorresio_only
5	82	21					gorresio_only
5	83	1					gorresio_only
5	83	2					gorresio_only
5	83	4					gorresio_only
5	83	5					gorresio_only
5	83	6					gorresio_only
5	83	8					gorresio_only
5	83	9					gorresio_only
5	83	10					gorresio_only
5	83	11					gorresio_only
5	83	12					gorresio_only
5	83	13					gorresio_only
5	83	16					gorresio_only
5	83	17					gorresio_only
5	83	18					gorresio_only
5	83	19					gorresio_only
5	84	1					gorresio_only
5	84	2					gorresio_only
5	84	4					gorresio_only
5	84	5					gorresio_only
5	84	6					gorresio_only
5	84	9					gorresio_only
5	84	10					gorresio_only
5	84	11					gorresio_only
5	84	12					gorresio_only
5	84	13					gorresio_only
5	84	14					gorresio_only
5	85	1					gorresio_only
5	85	3					gorresio_only
5	85	4					gorresio_only
5	85	5					gorresio_only
5	85	6					gorresio_only
5	85	8					gorresio_only
5	85	9					gorresio_only
5	85	10					gorresio_only
5	85	12					gorresio_only
5	85	13					gorresio_only
5	85	14					gorresio_only
5	85	18					gorresio_only
5	85	19					gorresio_only
5	85	20					gorresio_only
5	85	21					gorresio_only
5	85	22					gorresio_only
5	85	23					gorresio_only
5	85	25					gorresio_only
5	86	1					gorresio_only
5	86	2					gorresio_only
5	86	3					gorresio_only
5	86	5					gorresio_only
5	86	6					gorresio_only
5	86	8					gorresio_only
5	86	9					gorresio_only
5	86	15					gorresio_only
5	86	16					gorresio_only
5	86	17					gorresio_only
5	86	18					gorresio_only
5	86	19					gorresio_only
5	86	20					gorresio_only
5	86	21					gorresio_only
5	86	22					gorresio_only
5	87	1					gorresio_only
5	87	2					gorresio_only
5	87	5					gorresio_only
5	87	6					gorresio_only
5	87	7					gorresio_only
5	87	8					gorresio_only
5	87	9					gorresio_only
5	87	10					gorresio_only
5	87	18					gorresio_only
5	87	19					gorresio_only
5	87	20					gorresio_only
5	87	21					gorresio_only
5	87	22					gorresio_only
5	87	23					gorresio_only
5	87	24					gorresio_only
5	87	25					gorresio_only
5	87	26					gorresio_only
5	88	1					gorresio_only
5	88	2					gorresio_only
5	88	3					gorresio_only
5	88	5					gorresio_only
5	88	6					gorresio_only
5	88	8					gorresio_only
5	88	9					gorresio_only
5	88	10					gorresio_only
5	88	11					gorresio_only
5	88	12					gorresio_only
5	88	13					gorresio_only
5	88	18					gorresio_only
5	88	19					gorresio_only
5	88	20					gorresio_only
5	88	21					gorresio_only
5	88	23					gorresio_only
5	88	24					gorresio_only
5	88	25					gorresio_only
5	89	3					gorresio_only
5	89	5					gorresio_only
5	89	6					gorresio_only
5	89	8					gorresio_only
5	89	9					gorresio_only
5	89	12					gorresio_only
5	89	13					gorresio_only
5	89	14					gorresio_only
5	89	15					gorresio_only
5	89	18					gorresio_only
5	89	19					gorresio_only
5	89	20					gorresio_only
5	89	21					gorresio_only
5	89	22					gorresio_only
5	89	23					gorresio_only
5	89	26					gorresio_only
5	89	28					gorresio_only
5	89	29					gorresio_only
5	89	30					gorresio_only
5	89	31					gorresio_only
5	89	32					gorresio_only
5	89	33					gorresio_only
5	89	34					gorresio_only
5	89	35					gorresio_only
5	89	36					gorresio_only
5	89	40					gorresio_only
5	89	41					gorresio_only
5	89	42					gorresio_only
5	89	43					gorresio_only
5	89	44					gorresio_only
5	89	45					gorresio_only
5	89	46					gorresio_only
5	89	47					gorresio_only
5	89	48					gorresio_only
5	89	49					gorresio_only
5	89	50					gorresio_only
5	89	51					gorresio_only
5	89	52					gorresio_only
5	89	53					gorresio_only
5	89	54					gorresio_only
5	89	55					gorresio_only
5	89	56					gorresio_only
5	89	57					gorresio_only
5	89	58					gorresio_only
5	89	60					gorresio_only
5	89	61					gorresio_only
5	89	62					gorresio_only
5	89	64					gorresio_only
5	89	65					gorresio_only
5	89	66					gorresio_only
5	89	67					gorresio_only
5	89	68					gorresio_only
5	89	69					gorresio_only
5	89	70					gorresio_only
5	89	71					gorresio_only
5	89	72					gorresio_only
5	90	2					gorresio_only
5	90	5					gorresio_only
5	90	6					gorresio_only
5	90	8					gorresio_only
5	90	9					gorresio_only
5	90	10					gorresio_only
5	90	11					gorresio_only
5	90	12					gorresio_only
5	90	13					gorresio_only
5	90	14					gorresio_only
5	90	15					gorresio_only
5	90	16					gorresio_only
5	90	17					gorresio_only
5	90	18					gorresio_only
5	90	20					gorresio_only
5	90	21					gorresio_only
5	90	22					gorresio_only
5	90	24					gorresio_only
5	90	25					gorresio_only
5	90	26					gorresio_only
5	90	28					gorresio_only
5	90	29					gorresio_only
5	90	30					gorresio_only
5	90	34					gorresio_only
5	90	35					gorresio_only
5	90	36					gorresio_only
5	90	38					gorresio_only
5	90	39					gorresio_only
5	90	40					gorresio_only
5	90	41					gorresio_only
5	90	42					gorresio_only
5	91	2					gorresio_only
5	91	3					gorresio_only
5	91	5					gorresio_only
5	91	6					gorresio_only
5	91	7					gorresio_only
5	91	8					gorresio_only
5	91	9					gorresio_only
5	91	10					gorresio_only
5	91	11					gorresio_only
5	91	12					gorresio_only
5	91	13					gorresio_only
5	91	14					gorresio_only
5	91	15					gorresio_only
5	91	16					gorresio_only
5	91	20					gorresio_only
5	91	22					gorresio_only
5	91	23					gorresio_only
5	91	24					gorresio_only
5	91	25					gorresio_only
5	92	1					gorresio_only
5	92	2					gorresio_only
5	92	5					gorresio_only
5	92	6					gorresio_only
5	92	8					gorresio_only
5	92	9					gorresio_only
5	92	10					gorresio_only
5	92	11					gorresio_only
5	92	12					gorresio_only
5	92	13					gorresio_only
5	92	14					gorresio_only
5	92	15					gorresio_only
5	92	16					gorresio_only
5	92	17					gorresio_only
5	92	18					gorresio_only
5	92	19					gorresio_only
5	92	20					gorresio_only
5	92	21					gorresio_only
5	93	2					gorresio_only
5	93	3					gorresio_only
5	93	5					gorresio_only
5	93	6					gorresio_only
5	93	7					gorresio_only
5	93	8					gorresio_only
5	93	9					gorresio_only
5	93	10					gorresio_only
5	93	11					gorresio_only
5	93	12					gorresio_only
5	93	13					gorresio_only
5	93	14					gorresio_only
5	93	15					gorresio_only
5	93	17					gorresio_only
5	93	18					gorresio_only
5	93	19					gorresio_only
5	93	20					gorresio_only
5	93	21					gorresio_only
5	93	22					gorresio_only
5	93	23					gorresio_only
5	94	2					gorresio_only
5	94	3					gorresio_only
5	94	5					gorresio_only
5	94	6					gorresio_only
5	94	7					gorresio_only
5	94	9					gorresio_only
5	94	10					gorresio_only
5	94	19					gorresio_only
5	94	20					gorresio_only
5	94	21					gorresio_only
5	95	5					gorresio_only
5	95	6					gorresio_only
5	95	8					gorresio_only
5	95	9					gorresio_only
5	95	10					gorresio_only
5	95	11					gorresio_only
5	95	12					gorresio_only
5	95	13					gorresio_only
5	95	14					gorresio_only
5	95	16					gorresio_only
5	95	18					gorresio_only
5	95	20					gorresio_only
5	95	22					gorresio_only
5	95	23					gorresio_only
5	95	24					gorresio_only
5	95	26					gorresio_only
5	95	28					gorresio_only
5	95	29					gorresio_only
5	95	30					gorresio_only
5	95	31					gorresio_only
5	95	33					gorresio_only
5	95	34					gorresio_only
5	95	35					gorresio_only
5	95	36					gorresio_only
5	95	37					gorresio_only
5	95	40					gorresio_only
5	95	41					gorresio_only
5	95	42					gorresio_only
5	95	43					gorresio_only
6	1	1	6	16	1	0.431	fuzzy
6	1	2	6	16	2	0.495	matched
6	1	3					gorresio_only
6	1	4					gorresio_only
6	1	5	6	16	3	0.256	fuzzy
6	1	6	6	16	6	0.539	moved
6	1	7	6	16	4	0.28	fuzzy
6	1	8	6	16	5	0.573	matched
6	1	10	6	16	7	0.282	fuzzy
6	1	11					gorresio_only
6	1	12	6	16	9	0.324	fuzzy
6	1	13					gorresio_only
6	1	14					gorresio_only
6	1	15					gorresio_only
6	1	16	6	16	12	0.314	fuzzy
6	1	17					gorresio_only
6	1	18					gorresio_only
6	1	20	6	16	13	0.321	fuzzy
6	1	21					gorresio_only
6	1	22	6	16	14	0.336	fuzzy
6	1	23					gorresio_only
6	1	24	6	16	15	0.333	fuzzy
6	1	25	6	16	16	0.33	fuzzy
6	1	26					gorresio_only
6	1	27					gorresio_only
6	1	28					gorresio_only
6	1	30					gorresio_only
6	1	31					gorresio_only
6	1	32	6	16	18	0.538	matched
6	1	33	6	16	19	0.348	fuzzy
6	1	34	6	16	20	0.419	fuzzy
6	1	35					gorresio_only
6	1	36					gorresio_only
6	1	37					gorresio_only
6	1	38	6	16	23	0.273	fuzzy
6	1	39	6	16	25	0.333	fuzzy
6	1	40					gorresio_only
6	1	41	6	16	26	0.36	fuzzy
6	1	42					gorresio_only
6	1	43					gorresio_only
6	1	44					gorresio_only
6	1	45					gorresio_only
6	1	46	6	16	29	0.562	matched
6	2	1	6	17	1	0.608	matched
6	2	2	6	17	2	0.585	matched
6	2	3	6	17	6	0.462	moved
6	2	4					gorresio_only
6	2	5					gorresio_only
6	2	6	6	17	4	0.406	fuzzy
6	2	7					gorresio_only
6	2	8	6	17	5	0.295	fuzzy
6	2	10	6	17	7	0.433	fuzzy
6	2	11					gorresio_only
6	2	12	6	17	9	0.282	fuzzy
6	2	13					gorresio_only
6	2	14	6	17	11	0.314	fuzzy
6	2	15	6	17	12	0.37	fuzzy
6	2	16					gorresio_only
6	2	17					gorresio_only
6	2	18	6	17	14	0.319	fuzzy
6	2	20					gorresio_only
6	2	21					gorresio_only
6	2	22					gorresio_only
6	2	23	6	17	17	0.303	fuzzy
6	2	24					gorresio_only
6	2	25	6	17	19	0.485	matched
6	2	26	6	17	20	0.648	matched
6	2	27	6	17	21	0.305	fuzzy
6	2	28	6	17	22	0.687	matched
6	2	29					gorresio_only
6	2	30	6	17	23	0.301	fuzzy
6	2	31					gorresio_only
6	2	32					gorresio_only
6	2	33	6	17	25	0.539	matched
6	2	34	6	17	26	0.422	fuzzy
6	2	35	6	17	27	0.475	matched
6	2	36					gorresio_only
6	2	37	6	17	29	0.259	fuzzy
6	2	38	6	17	30	0.453	matched
6	2	39					gorresio_only
6	2	40	6	17	31	0.267	fuzzy
6	2	41					gorresio_only
6	2	42	6	17	33	0.705	matched
6	2	43	6	17	34	0.523	matched
6	2	44	6	17	35	0.391	fuzzy
6	2	45					gorresio_only
6	2	46					gorresio_only
6	2	47					gorresio_only
6	2	48	6	17	38	0.807	matched
6	2	49					gorresio_only
6	2	50					gorresio_only
6	2	51					gorresio_only
6	3	1	6	18	1	0.341	fuzzy
6	3	2					gorresio_only
6	3	3					gorresio_only
6	3	4					gorresio_only
6	3	5	6	18	5	0.533	matched
6	3	6	6	18	9	0.747	moved
6	3	7	6	18	7	0.445	fuzzy
6	3	8					gorresio_only
6	3	10	6	18	10	0.533	matched
6	3	11	6	18	11	0.636	matched
6	3	12					gorresio_only
6	3	13					gorresio_only
6	3	14					gorresio_only
6	3	15	6	18	15	0.264	fuzzy
6	3	16					gorresio_only
6	3	17	6	18	16	0.333	fuzzy
6	3	18					gorresio_only
6	3	20					gorresio_only
6	3	21					gorresio_only
6	3	22					gorresio_only
6	3	23	6	18	19	0.333	fuzzy
6	3	24					gorresio_only
6	3	25	6	18	21	0.252	fuzzy
6	3	26	6	18	25	0.34	fuzzy
6	3	27					gorresio_only
6	3	28					gorresio_only
6	3	30	6	18	32	0.659	moved
6	3	31	6	18	26	0.683	matched
6	3	32	6	18	27	0.72	matched
6	3	33	6	18	28	0.392	fuzzy
6	3	34	6	18	29	0.416	fuzzy
6	3	35	6	18	30	0.313	fuzzy
6	3	36	6	18	34	0.734	matched
6	3	38					gorresio_only
6	3	40					gorresio_only
6	3	41					gorresio_only
6	3	42	6	18	37	0.352	fuzzy
6	3	43					gorresio_only
6	3	44	6	18	38	0.28	fuzzy
6	3	45					gorresio_only
6	3	46	6	18	41	0.831	matched
6	3	50					gorresio_only
6	3	51	6	18	42	0.755	matched
6	4	1					gorresio_only
6	4	2	6	19	2	0.823	matched
6	4	3	6	19	3	0.628	matched
6	4	4	6	19	4	0.579	matched
6	4	5	6	19	5	0.552	matched
6	4	6	6	19	6	0.271	fuzzy
6	4	7	6	19	7	0.598	matched
6	4	8	6	19	8	0.625	matched
6	4	10	6	19	9	0.717	matched
6	4	11					gorresio_only
6	4	12	6	19	11	0.872	matched
6	4	13	6	19	12	0.511	matched
6	4	14	6	19	13	0.284	fuzzy
6	4	15	6	19	14	0.426	fuzzy
6	4	16					gorresio_only
6	4	17	6	19	16	0.393	fuzzy
6	4	18	6	19	17	0.368	fuzzy
6	4	20	6	19	19	0.52	matched
6	4	21					gorresio_only
6	4	22	6	19	21	0.325	fuzzy
6	4	23					gorresio_only
6	4	24	6	19	22	0.6	matched
6	4	25	6	19	23	0.52	matched
6	4	26					gorresio_only
6	4	27					gorresio_only
6	4	28	6	19	25	0.271	fuzzy
6	4	30					gorresio_only
6	4	31					gorresio_only
6	4	32					gorresio_only
6	4	33					gorresio_only
6	4	34					gorresio_only
6	4	35					gorresio_only
6	4	36					gorresio_only
6	4	37					gorresio_only
6	4	38					gorresio_only
6	4	40					gorresio_only
6	4	41					gorresio_only
6	4	42					gorresio_only
6	4	43					gorresio_only
6	4	44					gorresio_only
6	4	45					gorresio_only
6	4	46					gorresio_only
6	4	47					gorresio_only
6	4	48					gorresio_only
6	4	49					gorresio_only
6	4	50					gorresio_only
6	4	51	6	19	28	0.284	fuzzy
6	4	52					gorresio_only
6	4	53					gorresio_only
6	4	54	6	19	31	0.339	fuzzy
6	4	55	6	19	32	0.254	fuzzy
6	4	56					gorresio_only
6	4	57					gorresio_only
6	4	58					gorresio_only
6	4	60					gorresio_only
6	4	61					gorresio_only
6	4	62	6	19	34	0.595	matched
6	5	1	6	20	1	0.523	matched
6	5	2	6	20	2	0.714	matched
6	5	3	6	20	3	0.641	matched
6	5	4					gorresio_only
6	5	5	6	20	6	0.359	fuzzy
6	5	6					gorresio_only
6	5	7					gorresio_only
6	5	8					gorresio_only
6	5	10					gorresio_only
6	5	11					gorresio_only
6	5	12					gorresio_only
6	5	13	6	20	12	0.29	fuzzy
6	5	14					gorresio_only
6	5	15	6	20	14	0.292	fuzzy
6	5	16					gorresio_only
6	5	17	6	20	15	0.33	fuzzy
6	5	18					gorresio_only
6	5	20					gorresio_only
6	5	21					gorresio_only
6	5	22	6	20	20	0.381	fuzzy
6	5	23	6	20	21	0.317	fuzzy
6	5	24	6	20	22	0.39	fuzzy
6	5	25	6	20	23	0.756	matched
6	6	1					gorresio_only
6	6	2					gorresio_only
6	6	3	6	21	3	0.343	fuzzy
6	6	4					gorresio_only
6	6	5	6	21	5	0.315	fuzzy
6	6	6	6	21	9	0.31	fuzzy
6	6	7					gorresio_only
6	6	8					gorresio_only
6	6	10					gorresio_only
6	6	11	6	21	12	0.33	fuzzy
6	6	12					gorresio_only
6	6	13					gorresio_only
6	6	14	6	21	14	0.254	fuzzy
6	6	15					gorresio_only
6	6	16					gorresio_only
6	6	17					gorresio_only
6	6	18	6	21	18	0.275	fuzzy
6	6	20					gorresio_only
6	6	21					gorresio_only
6	6	22	6	21	21	0.254	fuzzy
6	6	23	6	21	23	0.279	fuzzy
6	6	24					gorresio_only
6	6	25	6	21	26	0.896	matched
6	6	26					gorresio_only
6	6	27					gorresio_only
6	6	28	6	21	29	0.276	fuzzy
6	6	30	6	21	31	0.339	fuzzy
6	6	31	6	21	33	0.814	matched
6	6	32	6	21	34	0.606	matched
6	6	33	6	21	35	0.52	matched
6	7	1	6	22	2	0.278	fuzzy
6	7	2	6	22	4	0.268	fuzzy
6	7	3					gorresio_only
6	7	4					gorresio_only
6	7	5	6	22	6	0.43	fuzzy
6	7	6	6	22	7	0.516	matched
6	7	7	6	22	8	0.521	matched
6	7	8					gorresio_only
6	7	10					gorresio_only
6	7	11					gorresio_only
6	7	12					gorresio_only
6	7	13					gorresio_only
6	7	14					gorresio_only
6	7	15	6	22	13	0.422	fuzzy
6	7	16	6	22	16	0.848	moved
6	7	17					gorresio_only
6	7	18	6	22	15	0.393	fuzzy
6	7	20	6	22	17	0.775	matched
6	7	21	6	22	18	0.685	matched
6	7	22	6	22	19	0.756	matched
6	7	23					gorresio_only
6	7	24					gorresio_only
6	7	25	6	22	22	0.343	fuzzy
6	7	26					gorresio_only
6	7	27					gorresio_only
6	7	28	6	22	24	0.46	matched
6	7	30	6	22	26	0.454	matched
6	7	31					gorresio_only
6	7	32					gorresio_only
6	7	33	6	22	29	0.289	fuzzy
6	7	34					gorresio_only
6	7	35					gorresio_only
6	7	36	6	22	32	0.286	fuzzy
6	7	37					gorresio_only
6	7	38					gorresio_only
6	7	40					gorresio_only
6	7	41	6	22	36	0.297	fuzzy
6	7	42					gorresio_only
6	7	43	6	22	37	0.388	fuzzy
6	7	44					gorresio_only
6	7	45	6	22	39	0.289	fuzzy
6	7	46	6	22	41	0.312	fuzzy
6	8	1	6	23	1	0.386	fuzzy
6	8	2	6	23	2	0.787	matched
6	8	3					gorresio_only
6	8	4	6	23	4	0.711	matched
6	8	5	6	23	5	0.446	fuzzy
6	8	6	6	23	6	0.36	fuzzy
6	8	7	6	23	7	0.678	matched
6	8	8	6	23	8	0.613	matched
6	8	10					gorresio_only
6	8	11					gorresio_only
6	8	12	6	23	11	0.602	matched
6	8	13	6	23	12	0.702	matched
6	8	14	6	23	14	0.626	matched
6	8	15					gorresio_only
6	8	16	6	23	17	0.263	fuzzy
6	8	17					gorresio_only
6	8	18					gorresio_only
6	8	20	6	23	18	0.764	matched
6	8	21	6	23	19	0.472	matched
6	8	22	6	23	20	0.495	matched
6	8	23	6	23	21	0.788	matched
6	8	24	6	23	22	0.283	fuzzy
6	8	25	6	23	23	0.267	fuzzy
6	8	26					gorresio_only
6	8	27	6	23	25	1.0	matched
6	8	28	6	23	26	0.281	fuzzy
6	8	30					gorresio_only
6	8	31	6	23	29	0.285	fuzzy
6	8	32					gorresio_only
6	8	33	6	23	30	0.899	matched
6	8	34	6	23	31	0.914	matched
6	8	35	6	23	32	0.475	matched
6	8	36	6	23	35	0.351	fuzzy
6	8	38					gorresio_only
6	8	40					gorresio_only
6	8	41					gorresio_only
6	8	42	6	23	38	0.339	fuzzy
6	8	43					gorresio_only
6	8	44					gorresio_only
6	8	45	6	23	41	0.317	fuzzy
6	9	1	6	24	1	0.405	fuzzy
6	9	2	6	24	2	0.295	fuzzy
6	9	3	6	24	3	0.306	fuzzy
6	9	4					gorresio_only
6	9	5					gorresio_only
6	9	6	6	24	7	0.342	fuzzy
6	9	7					gorresio_only
6	9	8					gorresio_only
6	9	10					gorresio_only
6	9	11	6	24	9	0.316	fuzzy
6	9	12	6	24	10	0.313	fuzzy
6	9	13	6	24	11	0.286	fuzzy
6	9	14					gorresio_only
6	9	15					gorresio_only
6	9	16					gorresio_only
6	9	17	6	24	14	0.319	fuzzy
6	9	18					gorresio_only
6	9	20	6	24	17	0.287	fuzzy
6	9	21	6	24	18	0.321	fuzzy
6	9	22	6	24	19	0.288	fuzzy
6	9	23	6	24	20	0.252	fuzzy
6	9	24	6	24	21	0.267	fuzzy
6	9	25	6	24	23	0.337	fuzzy
6	9	26	6	24	27	0.455	moved
6	9	27	6	24	25	0.437	fuzzy
6	9	28	6	24	26	0.765	matched
6	9	30	6	24	28	0.467	matched
6	9	31	6	24	29	0.698	matched
6	9	32	6	24	30	0.607	matched
6	9	33	6	24	31	0.618	matched
6	9	34	6	24	32	0.312	fuzzy
6	9	35	6	24	33	0.302	fuzzy
6	9	36					gorresio_only
6	9	37					gorresio_only
6	9	38	6	24	34	0.313	fuzzy
6	9	39	6	24	36	0.558	matched
6	10	1	6	25	1	0.472	matched
6	10	2	6	25	2	1.0	matched
6	10	3	6	25	8	0.737	moved
6	10	4	6	25	4	0.473	matched
6	10	5	6	25	5	0.516	matched
6	10	6	6	25	6	0.629	matched
6	10	7					gorresio_only
6	10	8	6	25	7	0.383	fuzzy
6	10	10	6	25	9	0.529	matched
6	10	11	6	25	10	0.421	fuzzy
6	10	12					gorresio_only
6	10	13					gorresio_only
6	10	14					gorresio_only
6	10	15					gorresio_only
6	10	16					gorresio_only
6	10	17					gorresio_only
6	10	18	6	25	15	0.275	fuzzy
6	10	20	6	25	17	0.265	fuzzy
6	10	21	6	25	18	0.701	matched
6	10	22					gorresio_only
6	10	23					gorresio_only
6	10	24					gorresio_only
6	10	25					gorresio_only
6	10	26	6	25	21	0.375	fuzzy
6	10	27					gorresio_only
6	10	28					gorresio_only
6	10	30	6	25	22	0.276	fuzzy
6	10	31	6	25	23	0.272	fuzzy
6	10	32					gorresio_only
6	10	33					gorresio_only
6	10	34	6	25	26	0.276	fuzzy
6	10	35					gorresio_only
6	10	36	6	25	28	0.479	matched
6	10	37					gorresio_only
6	11	1					gorresio_only
6	11	2					gorresio_only
6	11	3	6	26	3	0.505	matched
6	11	4	6	26	4	0.468	matched
6	11	5					gorresio_only
6	11	6	6	26	5	0.741	matched
6	11	7					gorresio_only
6	11	8					gorresio_only
6	11	10	6	26	6	0.698	matched
6	11	11	6	26	7	0.739	matched
6	11	12	6	26	8	0.327	fuzzy
6	11	13	6	26	9	0.573	matched
6	11	14	6	26	10	0.824	matched
6	11	15	6	26	11	0.553	matched
6	11	16					gorresio_only
6	11	17	6	26	13	0.476	matched
6	11	18	6	26	14	0.543	matched
6	11	20					gorresio_only
6	11	21	6	26	16	0.373	fuzzy
6	11	22	6	26	17	0.353	fuzzy
6	11	23	6	26	18	0.378	fuzzy
6	11	24					gorresio_only
6	11	25					gorresio_only
6	11	26					gorresio_only
6	11	27	6	26	21	0.318	fuzzy
6	11	28	6	26	22	0.313	fuzzy
6	11	29					gorresio_only
6	11	30					gorresio_only
6	11	31	6	26	26	0.312	fuzzy
6	11	32					gorresio_only
6	11	33					gorresio_only
6	11	34					gorresio_only
6	11	35					gorresio_only
6	11	36					gorresio_only
6	11	37					gorresio_only
6	11	40	6	26	27	0.297	fuzzy
6	11	41	6	26	28	0.609	matched
6	11	42	6	26	29	0.312	fuzzy
6	11	43	6	26	30	0.504	matched
6	11	44					gorresio_only
6	11	45					gorresio_only
6	11	46	6	26	33	0.5	matched
6	12	1	6	27	1	0.554	matched
6	12	2	6	27	2	0.409	fuzzy
6	12	3	6	27	9	0.951	moved
6	12	4	6	27	4	0.793	matched
6	12	5	6	27	5	0.741	matched
6	12	6	6	27	6	0.634	matched
6	12	7	6	27	7	0.755	matched
6	12	8	6	27	8	0.622	matched
6	12	10					gorresio_only
6	12	11	6	27	11	0.554	matched
6	12	12					gorresio_only
6	12	13	6	27	13	0.593	matched
6	12	14	6	27	14	0.43	fuzzy
6	12	15	6	27	15	1.0	matched
6	12	16	6	27	19	0.585	moved
6	12	17	6	27	17	0.659	matched
6	12	18	6	27	18	0.656	matched
6	12	20	6	27	20	0.685	matched
6	12	21	6	27	21	0.651	matched
6	12	22	6	27	22	0.737	matched
6	13	1	6	28	1	0.733	matched
6	13	2					gorresio_only
6	13	3					gorresio_only
6	13	4					gorresio_only
6	13	5					gorresio_only
6	13	6					gorresio_only
6	13	7					gorresio_only
6	13	8					gorresio_only
6	13	10	6	28	8	0.45	matched
6	13	11	6	28	9	0.663	matched
6	13	12	6	28	10	0.431	fuzzy
6	13	13	6	28	11	0.362	fuzzy
6	13	14	6	28	13	0.417	fuzzy
6	13	15	6	28	14	0.552	matched
6	13	16	6	28	18	0.687	moved
6	13	17	6	28	16	0.25	fuzzy
6	13	18	6	28	17	0.426	fuzzy
6	13	20	6	28	26	0.478	moved
6	13	21	6	28	20	0.81	matched
6	13	22	6	28	21	0.42	fuzzy
6	13	23	6	28	22	0.621	matched
6	13	24					gorresio_only
6	13	25	6	28	24	0.6	matched
6	13	26	6	28	28	0.868	moved
6	13	28	6	28	27	0.345	fuzzy
6	13	30	6	28	29	0.341	fuzzy
6	13	31	6	28	30	0.741	matched
6	13	32	6	28	31	0.412	fuzzy
6	13	33	6	28	32	0.404	fuzzy
6	13	34	6	28	33	0.319	fuzzy
6	13	35	6	28	34	0.543	matched
6	13	36	6	28	35	0.873	matched
6	14	1	6	29	1	0.699	matched
6	14	2	6	29	2	0.741	matched
6	14	3	6	29	3	0.718	matched
6	14	4					gorresio_only
6	14	5	6	29	4	0.443	fuzzy
6	14	6					gorresio_only
6	14	7	6	29	6	0.358	fuzzy
6	14	8	6	29	7	0.316	fuzzy
6	14	10	6	29	9	0.29	fuzzy
6	14	11	6	29	10	0.259	fuzzy
6	14	12					gorresio_only
6	14	13					gorresio_only
6	14	14	6	29	12	0.257	fuzzy
6	14	15					gorresio_only
6	14	16	6	29	13	0.263	fuzzy
6	14	17					gorresio_only
6	14	18					gorresio_only
6	14	20					gorresio_only
6	14	21					gorresio_only
6	14	22	6	29	15	0.309	fuzzy
6	14	23	6	29	16	0.362	fuzzy
6	14	24	6	29	17	0.689	matched
6	14	25					gorresio_only
6	15	1	6	30	1	0.64	matched
6	15	2	6	30	2	0.588	matched
6	15	3					gorresio_only
6	15	4	6	30	4	0.325	fuzzy
6	15	5					gorresio_only
6	15	6					gorresio_only
6	15	7					gorresio_only
6	15	8	6	30	8	0.299	fuzzy
6	15	10	6	30	10	0.256	fuzzy
6	15	11	6	30	11	0.374	fuzzy
6	15	12	6	30	12	0.306	fuzzy
6	15	13					gorresio_only
6	15	14	6	30	13	0.319	fuzzy
6	15	15					gorresio_only
6	15	16	6	30	17	0.598	moved
6	15	17	6	30	14	0.292	fuzzy
6	15	18					gorresio_only
6	15	20	6	30	18	0.361	fuzzy
6	15	21	6	30	19	0.36	fuzzy
6	15	22	6	30	20	0.311	fuzzy
6	15	23	6	30	21	0.596	matched
6	15	24	6	30	22	0.47	matched
6	15	25	6	30	23	0.802	matched
6	15	26	6	30	24	0.461	matched
6	15	27					gorresio_only
6	15	28	6	30	25	0.469	matched
6	16	1	6	31	1	0.27	fuzzy
6	16	2	6	31	2	0.354	fuzzy
6	16	3	6	31	3	0.648	matched
6	16	4	6	31	4	0.494	matched
6	16	5					gorresio_only
6	16	6	6	31	9	0.505	moved
6	16	7	6	31	6	0.336	fuzzy
6	16	8	6	31	8	0.648	matched
6	16	10	6	31	10	0.342	fuzzy
6	16	11	6	31	11	0.701	matched
6	16	12					gorresio_only
6	16	13	6	31	12	0.388	fuzzy
6	16	14	6	31	13	0.45	matched
6	16	15	6	31	14	0.448	fuzzy
6	16	16					gorresio_only
6	16	17	6	31	16	0.64	matched
6	16	18	6	31	17	0.587	matched
6	16	20	6	31	19	0.793	matched
6	16	21	6	31	20	0.611	matched
6	16	22	6	31	21	0.324	fuzzy
6	16	23	6	31	22	0.55	matched
6	16	24					gorresio_only
6	16	25	6	31	23	0.51	matched
6	16	26	6	31	26	0.52	moved
6	16	27					gorresio_only
6	16	28	6	31	25	0.319	fuzzy
6	16	30					gorresio_only
6	16	31	6	31	27	0.554	matched
6	16	32					gorresio_only
6	16	33	6	31	29	0.366	fuzzy
6	16	34	6	31	30	0.769	matched
6	16	35	6	31	31	0.554	matched
6	16	36	6	31	35	0.469	moved
6	16	37	6	31	33	0.346	fuzzy
6	16	38	6	31	34	0.759	matched
6	16	40	6	31	36	0.718	matched
6	16	41					gorresio_only
6	16	42	6	31	37	0.516	matched
6	16	43	6	31	39	0.353	fuzzy
6	16	44					gorresio_only
6	16	45	6	31	40	0.259	fuzzy
6	16	46					gorresio_only
6	16	47	6	31	42	0.263	fuzzy
6	16	48	6	31	43	0.774	matched
6	16	49	6	31	45	0.782	moved
6	16	50	6	31	44	0.629	matched
6	16	51					gorresio_only
6	16	52					gorresio_only
6	16	53	6	31	46	1.0	matched
6	16	54					gorresio_only
6	16	55					gorresio_only
6	16	56					gorresio_only
6	16	57					gorresio_only
6	16	58	6	31	47	0.8	matched
6	16	60	6	31	49	0.558	matched
6	16	61					gorresio_only
6	16	62					gorresio_only
6	16	63	6	31	52	0.317	fuzzy
6	16	64					gorresio_only
6	16	65	6	31	53	0.328	fuzzy
6	16	66	6	31	54	0.6	matched
6	16	67	6	31	55	0.732	matched
6	16	68	6	31	56	0.686	matched
6	16	69					gorresio_only
6	16	70	6	31	57	0.429	fuzzy
6	16	71	6	31	58	0.609	matched
6	16	72	6	31	59	0.547	matched
6	16	73	6	31	61	0.315	fuzzy
6	16	75	6	31	62	0.598	matched
6	16	76	6	31	63	0.642	matched
6	16	77	6	31	64	0.306	fuzzy
6	16	78	6	31	65	0.691	matched
6	16	79	6	31	66	0.787	matched
6	16	80	6	31	67	0.487	matched
6	16	81	6	31	68	0.457	matched
6	16	82	6	31	69	0.318	fuzzy
6	16	83	6	31	70	0.36	fuzzy
6	16	84					gorresio_only
6	16	85	6	31	72	0.593	matched
6	16	86	6	31	73	0.762	matched
6	16	87	6	31	74	0.864	matched
6	16	88	6	31	75	0.763	matched
6	16	89	6	31	76	0.4	fuzzy
6	16	90	6	31	77	0.357	fuzzy
6	16	91	6	31	78	0.292	fuzzy
6	16	92					gorresio_only
6	16	93					gorresio_only
6	16	94					gorresio_only
6	16	95					gorresio_only
6	16	96	6	31	79	1.0	matched
6	16	97	6	31	80	0.381	fuzzy
6	16	98	6	31	81	0.478	matched
6	16	99					gorresio_only
6	16	100	6	31	83	0.753	matched
6	16	101	6	31	84	0.518	matched
6	16	102					gorresio_only
6	16	103	6	31	85	0.738	matched
6	16	104					gorresio_only
6	16	105	6	31	86	0.838	matched
6	17	1	6	32	1	0.596	matched
6	17	2	6	32	2	0.674	matched
6	17	3	6	32	3	0.481	matched
6	17	4	6	32	4	0.505	matched
6	17	5	6	32	5	0.495	matched
6	17	6					gorresio_only
6	17	7	6	32	7	0.585	matched
6	17	8	6	32	8	0.333	fuzzy
6	17	10	6	32	10	0.33	fuzzy
6	17	11	6	32	11	0.74	matched
6	17	12	6	32	12	0.379	fuzzy
6	17	13	6	32	13	1.0	matched
6	17	14	6	32	14	0.726	matched
6	17	15	6	32	16	0.446	fuzzy
6	17	16	6	32	20	0.567	moved
6	17	17	6	32	18	0.462	matched
6	17	18	6	32	19	0.606	matched
6	17	20	6	32	21	0.427	fuzzy
6	17	21	6	32	22	0.353	fuzzy
6	17	22					gorresio_only
6	17	23					gorresio_only
6	17	24					gorresio_only
6	17	25	6	32	25	0.368	fuzzy
6	17	26					gorresio_only
6	17	27	6	32	28	0.287	fuzzy
6	17	28					gorresio_only
6	17	30					gorresio_only
6	17	31	6	32	32	0.534	matched
6	17	32					gorresio_only
6	18	1	6	33	1	0.308	fuzzy
6	18	2	6	33	2	0.49	matched
6	18	3					gorresio_only
6	18	4					gorresio_only
6	18	5	6	33	3	0.388	fuzzy
6	18	6					gorresio_only
6	18	7					gorresio_only
6	18	8	6	33	5	0.349	fuzzy
6	18	10					gorresio_only
6	18	11	6	33	8	0.41	fuzzy
6	18	12	6	33	9	0.269	fuzzy
6	18	13	6	33	11	0.269	fuzzy
6	18	14	6	33	12	0.282	fuzzy
6	18	15					gorresio_only
6	18	16					gorresio_only
6	18	17					gorresio_only
6	18	18					gorresio_only
6	18	20					gorresio_only
6	18	21					gorresio_only
6	18	22	6	33	15	0.474	matched
6	18	23	6	33	16	0.908	matched
6	18	24	6	33	17	0.707	matched
6	18	25					gorresio_only
6	18	26					gorresio_only
6	18	27	6	33	19	0.674	matched
6	18	28	6	33	20	0.404	fuzzy
6	18	30					gorresio_only
6	18	31	6	33	23	0.616	moved
6	18	32	6	33	21	0.823	matched
6	18	33	6	33	22	0.318	fuzzy
6	18	34					gorresio_only
6	18	35	6	33	24	0.667	matched
6	18	36	6	33	28	0.517	moved
6	18	37	6	33	26	0.533	matched
6	18	38	6	33	27	0.495	matched
6	18	40					gorresio_only
6	18	41	6	33	33	0.573	moved
6	18	42					gorresio_only
6	18	43	6	33	30	0.565	matched
6	18	44	6	33	31	0.77	matched
6	18	45	6	33	35	0.699	matched
6	18	46	6	33	36	0.41	fuzzy
6	18	47	6	33	37	0.566	matched
6	18	48	6	33	38	0.404	fuzzy
6	18	49	6	33	39	0.489	matched
6	18	50	6	33	40	0.584	matched
6	18	51	6	33	41	0.5	matched
6	18	52	6	33	42	0.306	fuzzy
6	18	53	6	33	43	0.365	fuzzy
6	18	54					gorresio_only
6	18	55					gorresio_only
6	18	56	6	33	44	0.261	fuzzy
6	18	57					gorresio_only
6	18	58					gorresio_only
6	19	1	6	34	1	0.859	matched
6	19	2	6	34	2	0.551	matched
6	19	3	6	34	3	0.766	matched
6	19	4	6	34	4	0.431	fuzzy
6	19	5	6	34	5	0.814	matched
6	19	6					gorresio_only
6	19	7	6	34	6	0.784	matched
6	19	8					gorresio_only
6	19	10					gorresio_only
6	19	11	6	34	9	0.283	fuzzy
6	19	12	6	34	10	0.277	fuzzy
6	19	13	6	34	11	0.559	matched
6	19	14	6	34	12	0.369	fuzzy
6	19	15	6	34	13	0.831	matched
6	19	16	6	34	16	0.505	moved
6	19	17					gorresio_only
6	19	18	6	34	15	0.776	matched
6	19	20	6	34	17	0.315	fuzzy
6	19	21					gorresio_only
6	19	22	6	34	19	0.685	matched
6	19	23					gorresio_only
6	19	24	6	34	21	0.346	fuzzy
6	19	25	6	34	22	0.593	matched
6	19	26					gorresio_only
6	19	27					gorresio_only
6	19	28	6	34	23	0.382	fuzzy
6	19	30	6	34	25	0.645	matched
6	19	31	6	34	26	0.429	fuzzy
6	19	32					gorresio_only
6	19	33					gorresio_only
6	19	34					gorresio_only
6	19	35	6	34	28	0.908	matched
6	19	36					gorresio_only
6	19	37					gorresio_only
6	19	38					gorresio_only
6	19	40					gorresio_only
6	19	41	6	60	22	0.468	moved
6	19	42					gorresio_only
6	19	43					gorresio_only
6	19	44					gorresio_only
6	19	45					gorresio_only
6	19	46					gorresio_only
6	19	47					gorresio_only
6	19	48					gorresio_only
6	19	49					gorresio_only
6	19	50					gorresio_only
6	19	51					gorresio_only
6	19	52					gorresio_only
6	19	53					gorresio_only
6	19	54					gorresio_only
6	19	55	6	67	21	0.816	moved
6	19	56	6	67	25	0.45	moved
6	19	57	6	67	23	0.49	moved
6	19	58					gorresio_only
6	19	60	6	67	26	0.554	moved
6	19	63					gorresio_only
6	19	64					gorresio_only
6	19	65					gorresio_only
6	19	66					gorresio_only
6	19	67					gorresio_only
6	19	68					gorresio_only
6	19	70					gorresio_only
6	19	71	6	67	36	0.466	moved
6	19	72					gorresio_only
6	19	73					gorresio_only
6	19	74					gorresio_only
6	19	75					gorresio_only
6	19	76					gorresio_only
6	20	1	6	35	1	0.73	matched
6	20	2	6	35	2	0.682	matched
6	20	3	6	35	3	0.368	fuzzy
6	20	4	6	35	4	0.505	matched
6	20	5	6	35	5	0.711	matched
6	20	6					gorresio_only
6	20	7					gorresio_only
6	20	8	6	35	7	0.35	fuzzy
6	20	10	6	35	9	0.386	fuzzy
6	20	11	6	35	10	0.637	matched
6	20	12	6	35	11	0.89	matched
6	20	13	6	35	13	0.559	matched
6	20	14					gorresio_only
6	20	15	6	35	14	0.54	matched
6	20	16					gorresio_only
6	20	17					gorresio_only
6	20	18	6	35	16	0.589	matched
6	20	20	6	35	18	0.328	fuzzy
6	20	21	6	35	19	0.417	fuzzy
6	20	22	6	35	20	0.264	fuzzy
6	20	23					gorresio_only
6	20	24	6	35	21	0.296	fuzzy
6	20	25	6	35	22	0.49	matched
6	20	26					gorresio_only
6	20	27					gorresio_only
6	20	28	6	35	25	0.429	fuzzy
6	21	1	6	36	1	0.575	matched
6	21	2	6	36	2	0.373	fuzzy
6	21	3	6	36	9	0.805	moved
6	21	4	6	36	4	0.5	matched
6	21	5	6	36	5	0.333	fuzzy
6	21	6	6	36	6	0.439	fuzzy
6	21	7	6	36	7	0.75	matched
6	21	8	6	36	8	0.377	fuzzy
6	21	10	6	36	10	0.738	matched
6	21	11	6	36	11	0.306	fuzzy
6	21	12	6	36	12	0.468	matched
6	21	13	6	36	13	0.628	matched
6	21	14	6	36	14	0.505	matched
6	21	15	6	36	15	0.852	matched
6	21	16	6	36	18	0.651	moved
6	21	17	6	36	17	0.728	matched
6	21	18					gorresio_only
6	21	20	6	36	19	0.798	matched
6	21	21	6	36	20	1.0	matched
6	21	22	6	36	21	0.57	matched
6	21	23	6	36	22	0.387	fuzzy
6	21	24	6	36	23	0.284	fuzzy
6	21	25					gorresio_only
6	21	26					gorresio_only
6	21	27					gorresio_only
6	21	28	6	36	26	0.327	fuzzy
6	21	30	6	36	28	0.322	fuzzy
6	21	31					gorresio_only
6	21	32	6	36	29	0.3	fuzzy
6	21	33					gorresio_only
6	21	34					gorresio_only
6	21	35	6	36	32	0.287	fuzzy
6	21	36	6	36	33	0.281	fuzzy
6	21	37					gorresio_only
6	21	38	6	36	35	0.278	fuzzy
6	21	39					gorresio_only
6	21	40					gorresio_only
6	21	41					gorresio_only
6	21	42					gorresio_only
6	21	43					gorresio_only
6	21	44	6	36	40	0.33	fuzzy
6	21	45					gorresio_only
6	21	46	6	36	43	0.597	matched
6	22	1	6	37	1	0.331	fuzzy
6	22	2	6	37	2	0.327	fuzzy
6	22	3					gorresio_only
6	22	4					gorresio_only
6	22	5	6	37	4	0.416	fuzzy
6	22	6					gorresio_only
6	22	7					gorresio_only
6	22	8					gorresio_only
6	22	10					gorresio_only
6	22	11					gorresio_only
6	22	12					gorresio_only
6	22	13	6	37	6	0.34	fuzzy
6	22	14	6	37	7	0.51	matched
6	22	15	6	37	8	0.324	fuzzy
6	22	16					gorresio_only
6	22	17					gorresio_only
6	22	18	6	37	11	0.57	matched
6	22	20	6	37	13	0.72	matched
6	22	21	6	37	14	0.75	matched
6	22	22	6	37	15	0.51	matched
6	22	23	6	37	16	0.264	fuzzy
6	22	24	6	37	17	0.52	matched
6	22	25	6	37	18	0.5	matched
6	22	26	6	37	19	0.257	fuzzy
6	22	27	6	37	20	0.36	fuzzy
6	23	1	6	38	1	0.491	matched
6	23	2					gorresio_only
6	23	3					gorresio_only
6	23	4	6	38	2	0.573	matched
6	23	5	6	38	4	0.633	matched
6	23	6					gorresio_only
6	23	7	6	38	5	0.531	matched
6	23	8	6	38	6	0.312	fuzzy
6	23	10	6	38	8	0.495	matched
6	23	11	6	38	9	0.576	matched
6	23	12	6	38	10	0.413	fuzzy
6	23	13	6	38	11	0.375	fuzzy
6	23	14					gorresio_only
6	23	15	6	38	12	0.369	fuzzy
6	23	16					gorresio_only
6	23	17	6	38	13	0.252	fuzzy
6	23	18					gorresio_only
6	23	20					gorresio_only
6	23	21	6	38	17	0.314	fuzzy
6	23	22					gorresio_only
6	23	23	6	38	20	0.312	fuzzy
6	23	24					gorresio_only
6	23	25	6	38	22	0.279	fuzzy
6	23	26					gorresio_only
6	23	27	6	38	23	0.363	fuzzy
6	23	28	6	38	24	0.722	matched
6	23	30					gorresio_only
6	23	31	6	38	27	0.43	fuzzy
6	23	32					gorresio_only
6	23	33	6	38	29	0.413	fuzzy
6	23	34	6	38	30	0.521	matched
6	23	35	6	38	31	0.25	fuzzy
6	23	36	6	38	32	0.785	matched
6	23	37	6	38	33	0.532	matched
6	23	38	6	38	34	0.725	matched
6	23	39	6	38	35	0.905	matched
6	23	40	6	38	36	0.543	matched
6	23	41					gorresio_only
6	24	1	6	39	1	0.633	matched
6	24	2	6	39	2	0.768	matched
6	24	3					gorresio_only
6	24	4					gorresio_only
6	24	5					gorresio_only
6	24	6					gorresio_only
6	24	7					gorresio_only
6	24	8					gorresio_only
6	24	10					gorresio_only
6	24	11					gorresio_only
6	24	12	6	39	8	0.261	fuzzy
6	24	13	6	39	9	0.406	fuzzy
6	24	14	6	39	10	0.312	fuzzy
6	24	15					gorresio_only
6	24	16	6	39	12	0.536	matched
6	24	17					gorresio_only
6	24	18					gorresio_only
6	24	20					gorresio_only
6	24	21	6	39	14	0.327	fuzzy
6	24	22	6	39	15	0.844	matched
6	24	23					gorresio_only
6	24	24	6	39	17	0.456	matched
6	24	25	6	39	18	0.5	matched
6	24	26	6	39	21	0.469	moved
6	24	27					gorresio_only
6	24	28	6	39	20	0.328	fuzzy
6	24	30	6	39	22	0.552	matched
6	24	31	6	39	23	0.294	fuzzy
6	24	32	6	39	24	0.775	matched
6	24	33					gorresio_only
6	24	34					gorresio_only
6	24	35					gorresio_only
6	24	36	6	39	26	0.417	fuzzy
6	24	37	6	39	27	0.709	matched
6	24	38	6	39	28	0.26	fuzzy
6	24	39					gorresio_only
6	24	40	6	39	29	0.723	matched
6	24	41	6	39	30	0.411	fuzzy
6	24	42	6	39	31	0.511	matched
6	24	43	6	39	32	0.466	matched
6	25	1					gorresio_only
6	25	2	6	40	2	0.49	matched
6	25	3	6	40	3	0.333	fuzzy
6	25	4					gorresio_only
6	25	5	6	40	4	0.444	fuzzy
6	25	6	6	40	8	0.468	moved
6	25	7	6	40	6	0.375	fuzzy
6	25	8	6	40	7	0.655	matched
6	25	10	6	40	9	0.426	fuzzy
6	25	11	6	40	10	0.374	fuzzy
6	25	12					gorresio_only
6	25	13	6	40	12	0.75	matched
6	25	14	6	40	13	0.747	matched
6	25	15	6	40	14	0.575	matched
6	25	16	6	40	18	0.46	moved
6	25	17	6	40	16	0.443	fuzzy
6	25	18	6	40	17	0.298	fuzzy
6	25	20	6	40	19	0.646	matched
6	25	21	6	40	20	0.371	fuzzy
6	25	22					gorresio_only
6	25	23	6	40	21	0.708	matched
6	25	24					gorresio_only
6	25	25					gorresio_only
6	25	26					gorresio_only
6	25	27					gorresio_only
6	25	28					gorresio_only
6	25	30					gorresio_only
6	25	31					gorresio_only
6	25	32					gorresio_only
6	25	33					gorresio_only
6	25	34					gorresio_only
6	25	35					gorresio_only
6	25	36					gorresio_only
6	25	37					gorresio_only
6	25	38					gorresio_only
6	25	40					gorresio_only
6	25	41					gorresio_only
6	26	1	6	40	26	0.624	matched
6	26	2					gorresio_only
6	26	3					gorresio_only
6	26	4	6	40	29	0.698	matched
6	26	5	6	40	30	0.419	fuzzy
6	26	6	6	40	31	0.49	matched
6	26	7	6	40	32	0.394	fuzzy
6	26	8					gorresio_only
6	26	10					gorresio_only
6	26	11					gorresio_only
6	26	12					gorresio_only
6	26	13	6	40	35	0.321	fuzzy
6	26	14					gorresio_only
6	26	15					gorresio_only
6	26	16					gorresio_only
6	26	17					gorresio_only
6	26	18	6	40	38	0.627	matched
6	26	20					gorresio_only
6	26	21					gorresio_only
6	26	22	6	40	42	0.265	fuzzy
6	26	23					gorresio_only
6	26	24	6	40	43	0.462	matched
6	26	25	6	40	44	0.436	fuzzy
6	26	26	6	40	46	0.312	fuzzy
6	26	27					gorresio_only
6	26	28					gorresio_only
6	26	30					gorresio_only
6	26	31	6	40	48	0.31	fuzzy
6	26	32	6	40	50	0.281	fuzzy
6	26	33	6	40	51	0.307	fuzzy
6	26	34					gorresio_only
6	26	35					gorresio_only
6	26	36					gorresio_only
6	26	37	6	40	53	0.272	fuzzy
6	26	38					gorresio_only
6	26	39	6	40	55	0.526	matched
6	26	40	6	40	56	0.814	matched
6	26	41					gorresio_only
6	26	42	6	40	57	0.537	matched
6	26	43	6	40	58	0.667	matched
6	26	44					gorresio_only
6	26	45					gorresio_only
6	26	46	6	40	63	0.47	matched
6	26	47					gorresio_only
6	26	48					gorresio_only
6	27	1	6	41	1	0.537	matched
6	27	2	6	41	2	0.269	fuzzy
6	27	3	6	41	3	0.694	matched
6	27	4	6	41	4	0.304	fuzzy
6	27	5	6	41	5	0.36	fuzzy
6	27	6					gorresio_only
6	27	7	6	41	7	0.714	matched
6	27	8	6	41	8	0.81	matched
6	27	10	6	41	10	0.342	fuzzy
6	27	11	6	41	11	0.358	fuzzy
6	27	12	6	41	12	0.604	matched
6	27	13	6	41	13	0.485	matched
6	27	14	6	41	14	0.583	matched
6	27	15	6	41	15	0.368	fuzzy
6	27	16	6	41	19	0.716	moved
6	27	17	6	41	17	0.829	matched
6	27	18	6	41	18	0.564	matched
6	27	20	6	41	20	0.688	matched
6	27	21	6	41	21	0.573	matched
6	27	22	6	41	22	0.611	matched
6	27	23	6	41	23	0.542	matched
6	27	24	6	41	24	0.343	fuzzy
6	27	25	6	41	25	0.289	fuzzy
6	27	26	6	41	26	0.275	fuzzy
6	27	27	6	41	27	0.464	matched
6	27	28	6	41	28	0.524	matched
6	27	29	6	41	29	0.481	matched
6	27	30					gorresio_only
6	27	31	6	41	31	0.475	matched
6	27	32	6	41	32	0.495	matched
6	27	33	6	41	33	0.441	fuzzy
6	27	34					gorresio_only
6	27	35	6	41	34	0.407	fuzzy
6	28	1					gorresio_only
6	28	2	6	42	2	0.31	fuzzy
6	28	3					gorresio_only
6	28	4	6	42	4	0.553	matched
6	28	5	6	42	5	0.26	fuzzy
6	28	6	6	42	6	0.598	matched
6	28	7					gorresio_only
6	28	8	6	42	8	0.408	fuzzy
6	28	10					gorresio_only
6	28	11	6	42	11	0.44	fuzzy
6	28	12	6	42	12	0.304	fuzzy
6	28	13					gorresio_only
6	28	14					gorresio_only
6	28	15					gorresio_only
6	28	16					gorresio_only
6	28	17					gorresio_only
6	28	18					gorresio_only
6	28	20	6	42	17	0.292	fuzzy
6	28	21	6	42	18	0.33	fuzzy
6	28	22					gorresio_only
6	28	23					gorresio_only
6	28	24	6	42	22	0.298	fuzzy
6	28	25					gorresio_only
6	28	26	6	42	26	0.611	moved
6	28	27	6	42	24	0.505	matched
6	28	28	6	42	25	0.491	matched
6	28	30					gorresio_only
6	28	31	6	42	28	0.573	matched
6	28	32	6	42	29	0.477	matched
6	28	33	6	42	30	0.404	fuzzy
6	28	34	6	42	31	0.656	matched
6	28	35	6	42	32	0.339	fuzzy
6	28	36	6	42	33	0.536	matched
6	28	38	6	42	34	0.504	matched
6	28	39	6	42	35	0.827	matched
6	28	40	6	42	36	0.613	matched
6	28	41					gorresio_only
6	28	42					gorresio_only
6	29	1					gorresio_only
6	29	2	6	43	2	0.463	matched
6	29	3					gorresio_only
6	29	4					gorresio_only
6	29	5					gorresio_only
6	29	6					gorresio_only
6	29	7	6	43	3	0.818	matched
6	29	8	6	43	4	0.267	fuzzy
6	29	10	6	43	7	0.273	fuzzy
6	29	11	6	43	8	0.274	fuzzy
6	29	12	6	43	9	0.415	fuzzy
6	29	13	6	43	10	0.567	matched
6	29	14	6	43	11	0.394	fuzzy
6	29	15	6	43	12	0.663	matched
6	29	16					gorresio_only
6	29	17	6	43	14	0.829	matched
6	29	18	6	43	15	0.624	matched
6	29	20					gorresio_only
6	29	21	6	43	18	0.549	matched
6	29	22	6	43	19	0.562	matched
6	29	23	6	43	20	0.369	fuzzy
6	29	24	6	43	21	0.564	matched
6	29	25	6	43	22	0.398	fuzzy
6	29	26	6	43	27	0.573	moved
6	29	28	6	43	26	0.52	matched
6	30	1					gorresio_only
6	30	2					gorresio_only
6	30	3					gorresio_only
6	30	4					gorresio_only
6	30	5					gorresio_only
6	30	6	6	44	9	0.621	moved
6	30	7	6	44	7	0.62	matched
6	30	8	6	44	8	0.674	matched
6	30	10	6	44	10	0.275	fuzzy
6	30	11	6	44	11	0.574	matched
6	30	12	6	44	12	0.455	matched
6	30	13	6	44	13	0.582	matched
6	30	14	6	44	14	0.433	fuzzy
6	30	15					gorresio_only
6	30	16					gorresio_only
6	30	17	6	44	17	0.345	fuzzy
6	30	18	6	44	18	0.292	fuzzy
6	30	20					gorresio_only
6	30	21	6	44	21	0.667	matched
6	30	22	6	44	22	0.41	fuzzy
6	30	23	6	44	23	0.333	fuzzy
6	30	24	6	44	24	0.609	matched
6	30	25	6	44	25	0.645	matched
6	30	26					gorresio_only
6	30	27					gorresio_only
6	30	28	6	44	28	0.48	matched
6	30	30	6	44	30	0.467	matched
6	30	31	6	44	31	0.363	fuzzy
6	30	32	6	44	32	0.309	fuzzy
6	30	33	6	44	33	0.4	fuzzy
6	30	34					gorresio_only
6	30	35	6	44	34	0.707	matched
6	30	36	6	44	38	0.409	fuzzy
6	30	37					gorresio_only
6	31	1					gorresio_only
6	31	2					gorresio_only
6	31	3	6	45	2	0.254	fuzzy
6	31	4	6	45	3	0.373	fuzzy
6	31	5	6	45	4	0.835	matched
6	31	6					gorresio_only
6	31	7	6	45	6	0.254	fuzzy
6	31	8					gorresio_only
6	31	10	6	45	9	0.281	fuzzy
6	31	11					gorresio_only
6	31	12	6	45	10	0.302	fuzzy
6	31	13					gorresio_only
6	31	14	6	45	12	0.277	fuzzy
6	31	15	6	45	14	0.282	fuzzy
6	31	16					gorresio_only
6	31	17					gorresio_only
6	31	18	6	45	16	0.3	fuzzy
6	31	20					gorresio_only
6	31	21					gorresio_only
6	31	22	6	45	20	0.324	fuzzy
6	31	23	6	45	21	0.321	fuzzy
6	31	24					gorresio_only
6	31	25					gorresio_only
6	31	26					gorresio_only
6	31	27	6	45	24	0.333	fuzzy
6	31	28					gorresio_only
6	31	30	6	45	35	0.872	moved
6	31	31					gorresio_only
6	31	32	6	45	28	0.674	matched
6	31	33	6	45	30	0.624	moved
6	31	34	6	45	29	0.878	matched
6	31	35	6	45	32	0.571	matched
6	31	36					gorresio_only
6	31	40					gorresio_only
6	31	41					gorresio_only
6	31	42					gorresio_only
6	31	43					gorresio_only
6	31	44					gorresio_only
6	31	45	6	45	39	0.621	matched
6	31	46	6	45	40	0.868	matched
6	31	47	6	45	41	0.373	fuzzy
6	32	1	6	46	1	0.68	matched
6	32	2	6	46	2	0.65	matched
6	32	3	6	46	3	0.511	matched
6	32	4	6	46	4	1.0	matched
6	32	5	6	46	5	0.434	fuzzy
6	32	6					gorresio_only
6	32	7	6	46	7	0.443	fuzzy
6	32	8	6	46	8	0.386	fuzzy
6	32	10	6	46	10	0.582	matched
6	32	11	6	46	11	0.333	fuzzy
6	32	12	6	46	12	0.468	matched
6	32	13	6	46	13	0.558	matched
6	32	14	6	46	14	0.802	matched
6	32	15	6	46	15	0.271	fuzzy
6	32	16					gorresio_only
6	32	17					gorresio_only
6	32	18	6	46	18	0.291	fuzzy
6	32	20					gorresio_only
6	32	21	6	46	20	0.25	fuzzy
6	32	22	6	46	21	0.261	fuzzy
6	32	23	6	46	22	0.337	fuzzy
6	32	24					gorresio_only
6	32	25	6	46	30	0.278	fuzzy
6	32	26					gorresio_only
6	32	27	6	46	32	0.298	fuzzy
6	32	28	6	46	33	0.25	fuzzy
6	32	30	6	46	34	0.252	fuzzy
6	32	31					gorresio_only
6	32	32					gorresio_only
6	32	33					gorresio_only
6	32	34					gorresio_only
6	32	35					gorresio_only
6	32	36					gorresio_only
6	32	37	6	46	41	0.351	fuzzy
6	32	38	6	46	43	0.352	fuzzy
6	32	40					gorresio_only
6	32	41	6	46	45	0.36	fuzzy
6	32	42	6	46	46	0.333	fuzzy
6	32	43					gorresio_only
6	32	44					gorresio_only
6	32	45					gorresio_only
6	33	1					gorresio_only
6	33	2	6	47	4	0.729	matched
6	33	3					gorresio_only
6	33	4					gorresio_only
6	33	5					gorresio_only
6	33	6					gorresio_only
6	33	7					gorresio_only
6	33	8					gorresio_only
6	33	10					gorresio_only
6	33	11					gorresio_only
6	33	12					gorresio_only
6	33	13					gorresio_only
6	33	14					gorresio_only
6	33	15					gorresio_only
6	33	16					gorresio_only
6	33	17					gorresio_only
6	33	18					gorresio_only
6	33	20					gorresio_only
6	33	21					gorresio_only
6	33	22					gorresio_only
6	33	23					gorresio_only
6	33	24					gorresio_only
6	33	25					gorresio_only
6	33	26					gorresio_only
6	33	27					gorresio_only
6	33	28					gorresio_only
6	33	30					gorresio_only
6	33	31					gorresio_only
6	33	32					gorresio_only
6	33	33					gorresio_only
6	33	34					gorresio_only
6	33	35					gorresio_only
6	33	36					gorresio_only
6	33	37					gorresio_only
6	33	38					gorresio_only
6	33	40					gorresio_only
6	33	41					gorresio_only
6	33	42					gorresio_only
6	33	43					gorresio_only
6	33	44					gorresio_only
6	33	45					gorresio_only
6	33	46					gorresio_only
6	33	47					gorresio_only
6	33	48					gorresio_only
6	33	49					gorresio_only
6	33	50					gorresio_only
6	33	51					gorresio_only
6	34	1					gorresio_only
6	34	2					gorresio_only
6	34	3					gorresio_only
6	34	4					gorresio_only
6	34	5					gorresio_only
6	34	6					gorresio_only
6	34	7					gorresio_only
6	34	8					gorresio_only
6	34	9					gorresio_only
6	34	10					gorresio_only
6	34	11					gorresio_only
6	34	12					gorresio_only
6	34	13					gorresio_only
6	34	14					gorresio_only
6	34	15					gorresio_only
6	34	16					gorresio_only
6	34	17					gorresio_only
6	34	18					gorresio_only
6	34	19					gorresio_only
6	34	20					gorresio_only
6	34	21					gorresio_only
6	34	22					gorresio_only
6	34	23					gorresio_only
6	34	24					gorresio_only
6	35	1	6	47	7	0.521	matched
6	35	2	6	47	8	0.551	matched
6	35	3	6	47	9	0.489	matched
6	35	4	6	47	10	0.7	matched
6	35	5	6	47	11	0.371	fuzzy
6	35	6	6	47	12	0.568	matched
6	35	7	6	47	13	0.424	fuzzy
6	35	8	6	47	14	0.486	matched
6	35	9	6	47	15	0.685	matched
6	35	10	6	47	16	0.405	fuzzy
6	35	11	6	47	17	0.532	matched
6	35	12	6	47	18	0.5	matched
6	35	13					gorresio_only
6	35	14	6	47	22	0.565	moved
6	35	15					gorresio_only
6	35	16					gorresio_only
6	35	17	6	47	19	0.421	fuzzy
6	35	18	6	47	20	0.412	fuzzy
6	35	20	6	47	24	0.49	matched
6	35	21	6	47	25	0.37	fuzzy
6	36	1					gorresio_only
6	36	2					gorresio_only
6	36	3					gorresio_only
6	36	4					gorresio_only
6	36	5	6	47	29	0.899	matched
6	36	6	6	47	30	0.438	fuzzy
6	36	7	6	47	31	0.974	matched
6	36	8	6	47	32	0.829	matched
6	36	9					gorresio_only
6	36	10	6	47	34	0.296	fuzzy
6	36	11					gorresio_only
6	36	12					gorresio_only
6	36	13	6	47	37	0.298	fuzzy
6	36	14					gorresio_only
6	36	15	6	47	38	0.264	fuzzy
6	36	16					gorresio_only
6	36	17					gorresio_only
6	36	18	6	47	42	0.277	fuzzy
6	36	19					gorresio_only
6	36	20	6	47	43	0.295	fuzzy
6	36	21	6	47	44	0.305	fuzzy
6	36	22					gorresio_only
6	36	23	6	47	46	0.412	fuzzy
6	36	24	6	47	47	0.677	matched
6	36	25	6	47	48	0.554	matched
6	36	26	6	47	52	0.699	moved
6	36	27	6	47	50	0.546	matched
6	36	28	6	47	51	0.479	matched
6	36	30	6	47	53	0.542	matched
6	36	31					gorresio_only
6	36	32	6	47	54	0.505	matched
6	36	33	6	47	55	0.771	matched
6	36	34	6	47	56	0.436	fuzzy
6	36	35	6	47	57	0.525	matched
6	36	36	6	47	61	0.516	moved
6	36	37	6	47	59	0.321	fuzzy
6	36	38	6	47	60	0.505	matched
6	36	40	6	47	62	0.838	matched
6	36	41	6	47	63	0.414	fuzzy
6	36	42	6	47	64	0.412	fuzzy
6	36	43					gorresio_only
6	36	44	6	47	65	0.4	fuzzy
6	36	45					gorresio_only
6	36	46	6	47	66	0.378	fuzzy
6	36	47	6	47	67	0.259	fuzzy
6	36	48	6	47	68	0.346	fuzzy
6	36	49					gorresio_only
6	36	50	6	47	69	0.291	fuzzy
6	36	51					gorresio_only
6	36	52					gorresio_only
6	36	53	6	47	72	0.388	fuzzy
6	36	54	6	47	73	0.707	matched
6	36	55					gorresio_only
6	36	56					gorresio_only
6	36	57	6	47	79	0.639	moved
6	36	58	6	47	77	0.339	fuzzy
6	36	61	6	47	78	0.266	fuzzy
6	36	62	6	47	81	0.67	matched
6	36	63	6	47	82	0.679	matched
6	36	64					gorresio_only
6	36	65	6	47	84	0.421	fuzzy
6	36	66	6	47	85	0.398	fuzzy
6	36	67	6	47	86	0.7	matched
6	36	68	6	47	87	0.321	fuzzy
6	36	69	6	47	88	0.567	matched
6	36	70	6	47	89	0.528	matched
6	36	71	6	47	90	0.434	fuzzy
6	36	72	6	47	91	0.419	fuzzy
6	36	73					gorresio_only
6	36	74	6	47	93	0.456	matched
6	36	75	6	47	94	0.58	matched
6	36	76	6	47	95	0.83	matched
6	36	77	6	47	96	0.37	fuzzy
6	36	78					gorresio_only
6	36	79	6	47	97	0.718	matched
6	36	80	6	47	98	0.62	matched
6	36	81	6	47	99	0.815	matched
6	36	82	6	47	100	0.518	matched
6	36	83	6	47	101	0.496	matched
6	36	84	6	47	102	0.733	matched
6	36	85	6	47	103	0.268	fuzzy
6	36	86	6	47	104	0.447	fuzzy
6	36	87					gorresio_only
6	36	88					gorresio_only
6	36	89	6	47	105	0.25	fuzzy
6	36	90					gorresio_only
6	36	91					gorresio_only
6	36	92	6	47	109	0.295	fuzzy
6	36	93	6	47	110	0.565	matched
6	36	94	6	47	111	0.485	matched
6	36	95	6	47	112	0.713	matched
6	36	96	6	47	113	0.505	matched
6	36	97	6	47	114	0.725	matched
6	36	98					gorresio_only
6	36	99					gorresio_only
6	36	100	6	47	116	0.517	matched
6	36	101	6	47	117	0.48	matched
6	36	102					gorresio_only
6	36	103	6	47	118	0.26	fuzzy
6	36	104	6	47	119	0.583	matched
6	36	105	6	47	120	0.51	matched
6	36	106	6	47	121	0.762	matched
6	36	107	6	47	122	0.698	matched
6	36	108	6	47	123	0.284	fuzzy
6	36	109	6	47	124	0.292	fuzzy
6	36	110					gorresio_only
6	36	111	6	47	125	0.556	matched
6	36	112	6	47	126	0.723	matched
6	36	113	6	47	127	0.396	fuzzy
6	36	114	6	47	128	0.375	fuzzy
6	36	115	6	47	129	0.306	fuzzy
6	36	116					gorresio_only
6	36	117	6	47	131	0.735	matched
6	36	118	6	47	132	0.465	matched
6	36	120	6	47	134	0.733	matched
6	36	121	6	47	135	0.474	matched
6	37	1	6	48	1	0.629	matched
6	37	2	6	48	2	0.667	matched
6	37	3	6	48	3	0.589	matched
6	37	4	6	48	4	0.567	matched
6	37	5	6	48	5	0.319	fuzzy
6	37	6	6	48	6	0.394	fuzzy
6	37	7	6	48	7	0.481	matched
6	37	8					gorresio_only
6	37	10					gorresio_only
6	37	11					gorresio_only
6	37	12					gorresio_only
6	37	13					gorresio_only
6	37	14	6	48	9	0.541	matched
6	37	15	6	48	10	0.596	matched
6	37	16	6	48	12	0.677	matched
6	37	17	6	48	13	0.744	matched
6	37	18					gorresio_only
6	37	20	6	48	15	0.339	fuzzy
6	37	21	6	48	16	0.424	fuzzy
6	37	22	6	48	17	0.462	matched
6	37	23					gorresio_only
6	37	24	6	48	18	0.314	fuzzy
6	37	25					gorresio_only
6	37	26					gorresio_only
6	37	27					gorresio_only
6	37	28	6	48	22	0.485	moved
6	37	30	6	48	21	0.358	fuzzy
6	37	31					gorresio_only
6	37	32	6	48	24	0.529	matched
6	37	33	6	48	25	0.658	matched
6	37	34	6	48	26	0.911	matched
6	37	35	6	48	27	0.454	matched
6	37	36	6	48	28	0.313	fuzzy
6	37	37					gorresio_only
6	37	38					gorresio_only
6	37	39	6	48	29	0.632	matched
6	37	40	6	48	30	0.325	fuzzy
6	37	41	6	48	38	0.582	moved
6	37	42					gorresio_only
6	37	43	6	48	31	0.44	fuzzy
6	37	44	6	48	32	0.458	matched
6	37	45	6	48	33	0.457	matched
6	37	46	6	48	40	0.566	matched
6	37	47	6	48	41	0.552	matched
6	37	48	6	48	42	0.52	matched
6	37	49	6	48	43	0.79	matched
6	37	50	6	48	44	0.408	fuzzy
6	37	51	6	48	45	0.317	fuzzy
6	37	52					gorresio_only
6	37	53					gorresio_only
6	37	54	6	48	46	0.49	matched
6	37	55					gorresio_only
6	37	56					gorresio_only
6	37	57					gorresio_only
6	37	58					gorresio_only
6	37	59					gorresio_only
6	37	60					gorresio_only
6	37	61					gorresio_only
6	37	62					gorresio_only
6	37	63					gorresio_only
6	37	64	6	48	49	0.32	fuzzy
6	37	65					gorresio_only
6	37	66	6	48	50	0.67	matched
6	37	67					gorresio_only
6	37	68	6	48	52	0.659	matched
6	37	69					gorresio_only
6	37	70					gorresio_only
6	37	71	6	48	60	0.49	moved
6	37	72	6	48	73	0.815	moved
6	37	73					gorresio_only
6	37	74					gorresio_only
6	37	75					gorresio_only
6	37	76					gorresio_only
6	37	77					gorresio_only
6	37	78					gorresio_only
6	37	79					gorresio_only
6	37	80					gorresio_only
6	37	81					gorresio_only
6	37	82	6	48	54	0.262	fuzzy
6	37	83	6	48	55	0.624	matched
6	37	84	6	48	56	0.694	matched
6	37	85	6	48	57	0.434	fuzzy
6	37	86	6	48	58	0.564	matched
6	37	87	6	48	59	0.457	matched
6	37	88	6	48	61	0.703	matched
6	37	89					gorresio_only
6	37	90	6	48	62	0.407	fuzzy
6	37	91	6	48	63	0.418	fuzzy
6	37	92	6	48	64	0.392	fuzzy
6	37	93	6	48	65	0.455	matched
6	37	94	6	48	66	0.459	matched
6	37	95	6	48	67	0.531	matched
6	37	96	6	48	68	0.75	matched
6	37	97	6	48	69	0.732	matched
6	37	98	6	48	70	0.653	matched
6	37	99					gorresio_only
6	37	100	6	48	72	0.819	matched
6	37	101					gorresio_only
6	37	102	6	48	87	0.786	matched
6	38	1	6	49	1	0.73	matched
6	38	2	6	49	2	1.0	matched
6	38	3					gorresio_only
6	38	4	6	49	4	0.321	fuzzy
6	38	5	6	49	5	0.907	matched
6	38	6	6	49	9	0.644	moved
6	38	7	6	49	7	0.765	matched
6	38	8	6	49	8	0.783	matched
6	38	10	6	49	10	0.563	matched
6	38	11	6	49	11	0.626	matched
6	38	12	6	49	12	0.759	matched
6	38	13					gorresio_only
6	38	14	6	49	13	0.259	fuzzy
6	38	15	6	49	14	0.635	matched
6	38	16	6	49	15	0.679	matched
6	38	17	6	49	16	0.293	fuzzy
6	38	18	6	49	17	0.344	fuzzy
6	38	19	6	49	18	0.489	matched
6	38	20	6	49	19	0.687	matched
6	38	21					gorresio_only
6	38	22	6	49	20	0.679	matched
6	38	23	6	49	21	0.644	matched
6	38	24	6	49	22	0.345	fuzzy
6	38	25					gorresio_only
6	38	26	6	49	23	0.366	fuzzy
6	38	27	6	49	24	0.333	fuzzy
6	38	28					gorresio_only
6	38	29	6	49	25	0.365	fuzzy
6	38	30	6	49	26	0.475	matched
6	38	31					gorresio_only
6	38	32	6	49	28	0.49	matched
6	38	33					gorresio_only
6	38	34	6	49	30	0.681	matched
6	38	35	6	49	31	0.705	matched
6	38	36	6	49	32	0.495	matched
6	38	37	6	49	33	0.481	matched
6	38	38	6	49	34	0.345	fuzzy
6	38	39	6	49	35	1.0	matched
6	38	40	6	49	36	0.732	matched
6	38	41	6	49	37	0.553	matched
6	39	1	6	50	1	0.77	matched
6	39	2	6	50	2	0.545	matched
6	39	3	6	50	3	0.89	matched
6	39	4	6	50	5	0.304	fuzzy
6	39	5	6	50	6	0.73	matched
6	39	6	6	50	9	0.336	fuzzy
6	39	7					gorresio_only
6	39	8					gorresio_only
6	39	10	6	50	10	0.264	fuzzy
6	39	11					gorresio_only
6	39	12					gorresio_only
6	39	13					gorresio_only
6	39	14					gorresio_only
6	39	15					gorresio_only
6	39	16					gorresio_only
6	39	17					gorresio_only
6	39	18					gorresio_only
6	39	20	6	50	13	0.283	fuzzy
6	39	21					gorresio_only
6	39	22					gorresio_only
6	39	23	6	50	15	0.343	fuzzy
6	39	24					gorresio_only
6	39	25	6	50	16	0.261	fuzzy
6	39	26					gorresio_only
6	39	27					gorresio_only
6	39	28					gorresio_only
6	39	30					gorresio_only
6	39	31					gorresio_only
6	39	32					gorresio_only
6	39	33	6	50	19	0.373	fuzzy
6	40	1	6	51	1	0.67	matched
6	40	2	6	51	2	0.686	matched
6	40	3	6	51	3	0.406	fuzzy
6	40	4	6	51	4	0.633	matched
6	40	5	6	51	5	0.553	matched
6	40	6	6	51	9	0.546	moved
6	40	7	6	51	7	0.77	matched
6	40	8	6	51	8	0.362	fuzzy
6	40	10	6	51	10	0.39	fuzzy
6	40	11	6	51	11	0.747	matched
6	40	12	6	51	12	0.51	matched
6	40	13	6	51	13	0.296	fuzzy
6	40	14	6	51	14	0.487	matched
6	40	15	6	51	15	1.0	matched
6	40	16	6	51	19	0.476	moved
6	40	17	6	51	17	0.553	matched
6	40	18	6	51	18	0.449	fuzzy
6	40	20					gorresio_only
6	40	21	6	51	20	0.615	matched
6	40	22	6	51	21	0.481	matched
6	40	23	6	51	22	0.336	fuzzy
6	40	24	6	51	23	0.495	matched
6	40	25	6	51	24	0.544	matched
6	40	26	6	51	28	0.731	moved
6	40	27	6	51	26	0.479	matched
6	40	28	6	51	27	0.515	matched
6	40	30					gorresio_only
6	40	31					gorresio_only
6	40	32					gorresio_only
6	40	33					gorresio_only
6	40	34					gorresio_only
6	40	35					gorresio_only
6	40	36					gorresio_only
6	40	38					gorresio_only
6	40	40					gorresio_only
6	40	41					gorresio_only
6	40	42					gorresio_only
6	40	43					gorresio_only
6	40	44					gorresio_only
6	40	45					gorresio_only
6	40	46					gorresio_only
6	40	47					gorresio_only
6	40	48					gorresio_only
6	40	49					gorresio_only
6	40	50					gorresio_only
6	40	51					gorresio_only
6	40	52					gorresio_only
6	40	53					gorresio_only
6	41	1					gorresio_only
6	41	2					gorresio_only
6	41	3					gorresio_only
6	41	4					gorresio_only
6	41	5					gorresio_only
6	41	6					gorresio_only
6	41	7					gorresio_only
6	41	8					gorresio_only
6	41	10					gorresio_only
6	41	11					gorresio_only
6	41	12					gorresio_only
6	41	13					gorresio_only
6	41	14					gorresio_only
6	41	15					gorresio_only
6	41	16					gorresio_only
6	41	17					gorresio_only
6	41	18					gorresio_only
6	41	20					gorresio_only
6	41	21					gorresio_only
6	41	22					gorresio_only
6	41	23					gorresio_only
6	41	24					gorresio_only
6	41	25					gorresio_only
6	42	1	6	51	36	0.45	moved
6	42	2	6	51	29	0.375	fuzzy
6	42	3	6	51	30	0.475	matched
6	42	4	6	51	31	0.779	matched
6	42	5	6	51	32	0.812	matched
6	42	6	6	51	33	0.671	matched
6	42	7	6	51	34	0.756	matched
6	42	8	6	51	35	0.557	matched
6	42	10	6	51	37	0.317	fuzzy
6	42	11					gorresio_only
6	42	12	6	51	38	0.318	fuzzy
6	42	13					gorresio_only
6	42	14					gorresio_only
6	42	15	6	51	39	0.389	fuzzy
6	42	16					gorresio_only
6	42	17	6	51	40	0.3	fuzzy
6	42	18	6	51	41	0.294	fuzzy
6	42	20					gorresio_only
6	42	21					gorresio_only
6	42	22					gorresio_only
6	42	23	6	51	47	0.648	matched
6	43	1	6	52	1	0.354	fuzzy
6	43	2	6	52	2	0.602	matched
6	43	3					gorresio_only
6	43	4	6	52	4	0.937	matched
6	43	5	6	52	5	0.485	matched
6	43	6	6	52	6	0.453	matched
6	43	7	6	52	7	0.49	matched
6	43	8	6	52	8	0.859	matched
6	43	10					gorresio_only
6	43	11	6	52	11	0.762	matched
6	43	12	6	52	12	0.377	fuzzy
6	43	13	6	52	13	0.81	matched
6	43	14					gorresio_only
6	43	15	6	52	14	0.814	matched
6	43	16	6	52	18	0.936	moved
6	43	17	6	52	16	0.663	matched
6	43	18	6	52	17	0.682	matched
6	43	20	6	52	19	0.689	matched
6	43	21					gorresio_only
6	43	22	6	52	21	0.663	matched
6	43	23	6	52	22	0.435	fuzzy
6	43	24	6	52	23	0.759	matched
6	43	25	6	52	24	0.686	matched
6	43	26					gorresio_only
6	43	27	6	52	26	0.25	fuzzy
6	43	28	6	52	27	0.274	fuzzy
6	43	30					gorresio_only
6	43	31	6	52	29	0.308	fuzzy
6	43	32	6	52	30	0.366	fuzzy
6	43	33	6	52	31	0.255	fuzzy
6	43	34	6	52	32	0.444	fuzzy
6	43	35	6	52	33	0.455	matched
6	44	1					gorresio_only
6	44	2					gorresio_only
6	44	3	6	53	6	0.705	moved
6	44	4					gorresio_only
6	44	5	6	53	2	0.393	fuzzy
6	44	6	6	53	3	0.695	matched
6	44	7	6	53	4	0.353	fuzzy
6	44	8	6	53	5	0.376	fuzzy
6	44	10	6	53	7	0.35	fuzzy
6	44	11	6	53	8	0.438	fuzzy
6	44	12					gorresio_only
6	44	13	6	53	9	0.304	fuzzy
6	44	14	6	53	10	0.609	matched
6	44	15	6	53	11	0.557	matched
6	44	16	6	53	19	0.53	moved
6	44	17	6	53	17	0.637	matched
6	44	18	6	53	18	0.515	matched
6	44	20	6	53	20	0.465	matched
6	44	21					gorresio_only
6	44	22	6	53	22	0.38	fuzzy
6	44	23	6	53	23	0.511	matched
6	44	24	6	53	25	0.618	matched
6	44	25	6	53	26	0.456	matched
6	44	26					gorresio_only
6	44	27					gorresio_only
6	44	28					gorresio_only
6	44	30	6	53	27	0.344	fuzzy
6	44	31	6	53	29	0.504	matched
6	44	32	6	53	30	0.402	fuzzy
6	44	33	6	53	31	0.626	matched
6	44	34					gorresio_only
6	44	35	6	53	33	0.373	fuzzy
6	44	36	6	53	37	0.522	moved
6	44	37	6	53	35	0.382	fuzzy
6	44	38	6	53	36	0.948	matched
6	44	40	6	53	38	0.524	matched
6	44	41	6	53	40	0.382	fuzzy
6	44	42	6	53	41	0.63	matched
6	44	43	6	53	42	0.51	matched
6	44	44	6	53	43	0.377	fuzzy
6	44	45					gorresio_only
6	44	46	6	53	44	0.364	fuzzy
6	44	47	6	53	45	0.442	fuzzy
6	44	48	6	53	46	0.381	fuzzy
6	45	1					gorresio_only
6	45	2	6	54	1	0.707	matched
6	45	3	6	54	6	0.53	moved
6	45	4	6	54	3	0.547	matched
6	45	5	6	54	4	0.515	matched
6	45	6					gorresio_only
6	45	7					gorresio_only
6	45	8	6	54	5	0.25	fuzzy
6	45	10					gorresio_only
6	45	11	6	54	8	0.386	fuzzy
6	45	12					gorresio_only
6	45	13					gorresio_only
6	45	14					gorresio_only
6	45	15	6	54	9	0.38	fuzzy
6	45	16					gorresio_only
6	45	17					gorresio_only
6	45	18					gorresio_only
6	45	20					gorresio_only
6	45	21	6	54	11	0.793	matched
6	45	22	6	54	13	0.374	fuzzy
6	45	23					gorresio_only
6	45	24					gorresio_only
6	45	25	6	54	15	0.33	fuzzy
6	45	26					gorresio_only
6	45	27	6	54	17	0.457	matched
6	45	28					gorresio_only
6	45	30	6	54	26	1.0	moved
6	45	31					gorresio_only
6	45	32					gorresio_only
6	45	33					gorresio_only
6	45	34	6	54	23	0.707	matched
6	45	35	6	54	24	0.291	fuzzy
6	45	36	6	54	25	0.479	matched
6	45	38	6	54	27	0.444	fuzzy
6	45	39					gorresio_only
6	46	1	6	55	1	0.47	matched
6	46	2	6	55	2	0.89	matched
6	46	3	6	55	3	0.485	matched
6	46	4	6	55	4	0.602	matched
6	46	5					gorresio_only
6	46	6					gorresio_only
6	46	7					gorresio_only
6	46	8					gorresio_only
6	46	10					gorresio_only
6	46	11	6	55	6	0.298	fuzzy
6	46	12					gorresio_only
6	46	13					gorresio_only
6	46	14	6	55	8	0.303	fuzzy
6	46	15	6	55	9	0.416	fuzzy
6	46	16	6	55	10	0.491	matched
6	46	17					gorresio_only
6	46	18	6	55	12	0.927	matched
6	46	19	6	55	13	0.546	matched
6	46	20	6	55	14	0.372	fuzzy
6	46	21	6	55	15	0.467	matched
6	46	22	6	55	16	0.567	matched
6	46	23	6	55	17	0.426	fuzzy
6	46	24	6	55	18	0.281	fuzzy
6	46	25					gorresio_only
6	46	26					gorresio_only
6	46	27					gorresio_only
6	46	28	6	55	21	0.291	fuzzy
6	46	30	6	55	23	0.318	fuzzy
6	46	31	6	55	25	0.41	fuzzy
6	46	32	6	55	26	0.415	fuzzy
6	46	33	6	55	27	0.724	matched
6	46	34	6	55	28	0.575	matched
6	46	35	6	55	30	0.621	matched
6	46	36					gorresio_only
6	46	37	6	55	32	0.6	matched
6	46	38	6	55	33	0.521	matched
6	46	40	6	55	35	0.825	matched
6	46	41	6	55	36	0.314	fuzzy
6	46	42	6	55	38	0.71	matched
6	46	43	6	55	39	0.568	matched
6	46	44	6	55	40	0.262	fuzzy
6	46	45	6	55	41	0.778	matched
6	46	46					gorresio_only
6	46	47					gorresio_only
6	46	48	6	55	43	0.573	matched
6	46	50	6	55	45	0.518	matched
6	46	51	6	55	46	0.377	fuzzy
6	46	52	6	55	47	0.453	matched
6	46	53	6	55	48	0.53	matched
6	46	54	6	55	49	0.796	matched
6	46	55	6	55	50	0.635	matched
6	46	56	6	55	55	0.558	moved
6	46	57	6	55	53	0.598	matched
6	46	58	6	55	54	0.682	matched
6	46	60	6	55	56	0.625	matched
6	46	61	6	55	57	0.493	matched
6	46	62					gorresio_only
6	46	63	6	55	59	1.0	matched
6	46	64	6	55	60	0.577	matched
6	46	65	6	55	61	0.857	matched
6	46	66	6	55	62	0.598	matched
6	46	67	6	55	63	0.786	matched
6	46	68	6	54	7	0.461	moved
6	46	69	6	55	64	0.442	fuzzy
6	46	70	6	55	65	0.715	matched
6	46	71	6	55	66	0.606	matched
6	46	72	6	55	67	0.496	matched
6	46	73	6	55	68	0.327	fuzzy
6	46	74	6	55	69	0.338	fuzzy
6	46	75	6	55	70	0.516	matched
6	46	76	6	55	71	0.493	matched
6	46	77	6	55	72	0.445	fuzzy
6	46	78	6	55	73	0.277	fuzzy
6	46	79					gorresio_only
6	46	80					gorresio_only
6	46	81	6	55	91	0.541	matched
6	46	82	6	55	92	0.648	matched
6	46	83	6	55	93	0.738	matched
6	46	84	6	55	94	0.473	matched
6	46	85	6	55	95	0.352	fuzzy
6	46	86	6	55	96	0.259	fuzzy
6	46	87	6	55	97	0.596	matched
6	46	88	6	55	98	0.48	matched
6	46	89					gorresio_only
6	46	90	6	55	76	1.0	moved
6	46	91	6	55	77	0.6	moved
6	46	92	6	55	99	0.618	matched
6	46	93					gorresio_only
6	46	94	6	55	101	0.662	matched
6	46	95	6	55	102	0.779	matched
6	46	96	6	55	103	0.294	fuzzy
6	46	97	6	55	104	0.687	matched
6	46	98					gorresio_only
6	46	99	6	55	106	0.667	matched
6	46	100	6	55	107	0.354	fuzzy
6	46	101	6	55	108	0.327	fuzzy
6	46	102	6	55	109	0.69	matched
6	46	103	6	55	110	0.414	fuzzy
6	46	104					gorresio_only
6	46	105	6	55	79	0.747	moved
6	46	106					gorresio_only
6	46	107					gorresio_only
6	46	108					gorresio_only
6	46	109					gorresio_only
6	46	110					gorresio_only
6	46	111					gorresio_only
6	46	112					gorresio_only
6	46	113					gorresio_only
6	46	114					gorresio_only
6	46	115					gorresio_only
6	46	116					gorresio_only
6	46	117					gorresio_only
6	46	118	6	55	111	0.433	fuzzy
6	46	119	6	55	112	0.573	matched
6	46	120	6	55	113	0.656	matched
6	46	121	6	55	114	0.5	matched
6	46	122	6	55	115	0.424	fuzzy
6	46	123					gorresio_only
6	46	124	6	55	117	0.423	fuzzy
6	46	125	6	55	118	0.569	matched
6	46	126	6	55	119	0.543	matched
6	46	127	6	55	120	0.573	matched
6	46	128					gorresio_only
6	46	129					gorresio_only
6	46	130					gorresio_only
6	46	131					gorresio_only
6	46	132	6	55	121	0.454	matched
6	46	133	6	55	122	0.773	matched
6	46	134	6	55	123	0.744	matched
6	46	135					gorresio_only
6	46	136					gorresio_only
6	46	137					gorresio_only
6	46	138					gorresio_only
6	46	139	6	55	129	0.51	moved
6	46	140	6	55	128	0.46	moved
6	46	141	6	55	127	0.493	matched
6	47	1	6	56	1	0.594	matched
6	47	2	6	56	2	0.682	matched
6	47	3	6	56	3	0.464	matched
6	47	4	6	56	4	0.581	matched
6	47	5	6	56	5	0.728	matched
6	47	6					gorresio_only
6	47	7	6	56	7	0.633	matched
6	47	8	6	56	8	0.382	fuzzy
6	47	10	6	56	10	0.423	fuzzy
6	47	11	6	56	11	0.548	matched
6	47	12	6	56	12	0.779	matched
6	47	13	6	56	13	0.505	matched
6	47	14	6	56	14	0.446	fuzzy
6	47	15	6	56	15	0.394	fuzzy
6	47	16					gorresio_only
6	47	17	6	56	16	0.38	fuzzy
6	47	18	6	56	18	0.623	matched
6	48	1					gorresio_only
6	48	2					gorresio_only
6	48	3	6	57	3	0.391	fuzzy
6	48	4	6	57	4	0.586	matched
6	48	5	6	57	5	0.586	matched
6	48	6	6	57	6	0.554	matched
6	48	7	6	57	7	0.363	fuzzy
6	48	8	6	57	8	0.552	matched
6	48	10	6	57	10	0.345	fuzzy
6	48	11	6	57	11	0.671	matched
6	48	12	6	57	12	0.659	matched
6	48	13	6	57	14	0.55	matched
6	49	1	6	57	15	0.459	matched
6	49	2	6	57	16	0.446	fuzzy
6	49	3	6	57	17	0.679	matched
6	49	4	6	57	18	0.442	fuzzy
6	49	5	6	57	19	0.667	matched
6	49	6	6	57	22	0.75	moved
6	49	7	6	57	21	0.738	matched
6	49	8					gorresio_only
6	49	10	6	57	23	0.468	matched
6	49	11					gorresio_only
6	49	12	6	57	25	0.398	fuzzy
6	49	13	6	57	26	0.671	matched
6	49	14	6	57	27	0.484	matched
6	49	15	6	57	28	0.786	matched
6	49	16	6	57	29	0.365	fuzzy
6	49	17					gorresio_only
6	49	18	6	57	31	0.425	fuzzy
6	49	20	6	57	33	0.258	fuzzy
6	49	21	6	57	34	0.436	fuzzy
6	49	22	6	57	35	0.58	matched
6	49	23	6	57	36	0.527	matched
6	49	24	6	57	37	0.42	fuzzy
6	49	25					gorresio_only
6	49	26					gorresio_only
6	49	27	6	57	39	0.78	matched
6	49	28	6	57	40	0.838	matched
6	49	30	6	57	42	0.546	matched
6	49	31	6	57	43	0.75	matched
6	49	32	6	57	44	0.462	matched
6	49	33	6	57	45	0.7	matched
6	49	34	6	57	54	0.47	moved
6	49	35	6	57	46	0.475	matched
6	49	36					gorresio_only
6	49	37					gorresio_only
6	49	38	6	57	49	0.354	fuzzy
6	49	39					gorresio_only
6	49	40	6	57	50	0.275	fuzzy
6	49	41					gorresio_only
6	49	42					gorresio_only
6	49	43					gorresio_only
6	49	44	6	57	52	0.337	fuzzy
6	49	45	6	57	53	0.511	matched
6	49	46	6	57	54	0.46	matched
6	49	47	6	57	55	0.402	fuzzy
6	49	48	6	57	56	0.494	matched
6	49	49					gorresio_only
6	49	50					gorresio_only
6	49	51	6	57	58	0.375	fuzzy
6	49	52	6	57	59	0.575	matched
6	49	53	6	57	60	0.263	fuzzy
6	49	54	6	57	61	0.273	fuzzy
6	49	55	6	57	62	0.411	fuzzy
6	49	56					gorresio_only
6	49	57	6	57	64	0.829	matched
6	49	58					gorresio_only
6	49	60	6	57	66	0.393	fuzzy
6	49	61	6	57	68	0.299	fuzzy
6	49	62	6	57	69	0.667	matched
6	49	63	6	57	70	0.336	fuzzy
6	49	64	6	57	71	0.58	matched
6	49	65					gorresio_only
6	49	66	6	57	73	0.713	matched
6	49	67	6	57	74	0.5	matched
6	49	68	6	57	75	0.612	matched
6	49	69	6	57	76	0.445	fuzzy
6	49	70	6	57	77	0.682	matched
6	49	71	6	57	79	0.393	fuzzy
6	49	72	6	57	80	0.256	fuzzy
6	49	73	6	57	81	0.362	fuzzy
6	49	74	6	57	82	0.518	matched
6	49	75	6	57	83	0.428	fuzzy
6	49	76	6	57	84	0.523	matched
6	49	77	6	57	85	0.661	matched
6	49	78	6	57	86	0.312	fuzzy
6	49	79	6	57	87	0.518	matched
6	49	80	6	57	88	0.706	matched
6	49	81	6	57	89	0.511	matched
6	49	82	6	57	90	0.465	matched
6	49	83					gorresio_only
6	50	1					gorresio_only
6	50	2	6	58	2	0.7	matched
6	50	3	6	58	3	0.321	fuzzy
6	50	4	6	58	4	0.521	matched
6	50	5	6	58	5	0.562	matched
6	50	6	6	58	6	0.586	matched
6	50	7	6	58	7	0.406	fuzzy
6	50	8	6	58	8	0.509	matched
6	50	10	6	58	10	0.469	matched
6	50	11	6	58	11	0.351	fuzzy
6	50	12	6	58	12	0.685	matched
6	50	13	6	58	13	0.382	fuzzy
6	50	14	6	58	14	0.485	matched
6	50	15	6	58	15	0.618	matched
6	50	16	6	58	19	0.663	moved
6	50	17	6	58	17	0.455	matched
6	50	18	6	58	18	0.52	matched
6	50	20	6	58	20	0.72	matched
6	50	21	6	58	21	0.846	matched
6	50	22	6	58	22	0.51	matched
6	50	23	6	58	23	0.287	fuzzy
6	50	24	6	58	24	0.515	matched
6	50	25	6	58	25	0.362	fuzzy
6	50	26	6	58	26	0.431	fuzzy
6	50	27	6	58	27	0.577	matched
6	50	28	6	58	28	0.52	matched
6	50	29	6	58	29	0.581	matched
6	50	30					gorresio_only
6	50	31					gorresio_only
6	50	32					gorresio_only
6	50	33	6	58	30	0.724	matched
6	50	34	6	58	31	0.484	matched
6	50	35	6	58	32	0.48	matched
6	50	36	6	58	33	0.394	fuzzy
6	50	37	6	58	34	0.652	matched
6	50	38	6	58	35	0.446	fuzzy
6	50	39	6	58	36	0.648	matched
6	50	40	6	58	37	0.461	matched
6	50	41	6	58	38	0.381	fuzzy
6	50	42	6	58	39	0.725	matched
6	50	43	6	58	40	0.312	fuzzy
6	50	44	6	58	41	0.664	matched
6	50	45	6	58	42	0.44	fuzzy
6	50	46	6	58	43	0.602	matched
6	50	47	6	58	44	0.4	fuzzy
6	50	48	6	58	45	0.28	fuzzy
6	50	49	6	58	46	0.565	matched
6	50	50	6	58	47	0.663	matched
6	50	51	6	58	48	0.536	matched
6	50	52	6	58	49	0.491	matched
6	50	53	6	58	50	0.515	matched
6	50	54	6	58	51	0.758	matched
6	50	55					gorresio_only
6	50	56	6	58	53	0.446	fuzzy
6	50	57	6	58	54	0.496	matched
6	51	1	6	59	1	0.422	fuzzy
6	51	2	6	59	2	0.552	matched
6	51	3	6	59	9	0.75	moved
6	51	4	6	59	4	0.64	matched
6	51	5	6	59	5	0.805	matched
6	51	6	6	59	6	1.0	matched
6	51	7	6	59	7	0.312	fuzzy
6	51	8	6	59	8	0.34	fuzzy
6	51	10	6	59	10	0.389	fuzzy
6	51	11	6	59	11	0.708	matched
6	51	12	6	59	12	0.333	fuzzy
6	51	13	6	59	14	0.608	matched
6	51	14	6	59	15	0.833	matched
6	51	15	6	59	16	0.392	fuzzy
6	51	16					gorresio_only
6	51	17	6	59	18	0.533	matched
6	51	18	6	59	19	0.336	fuzzy
6	51	20	6	59	21	0.333	fuzzy
6	51	21	6	59	22	0.674	matched
6	51	23	6	59	24	0.415	fuzzy
6	51	24	6	59	25	0.806	matched
6	51	25	6	59	26	0.756	matched
6	51	26	6	59	30	1.0	moved
6	51	27	6	59	28	0.313	fuzzy
6	51	30	6	59	31	0.403	fuzzy
6	51	31	6	59	32	0.74	matched
6	51	32	6	59	33	0.571	matched
6	51	33	6	59	34	0.583	matched
6	51	34	6	59	35	0.641	matched
6	51	35	6	59	36	0.782	matched
6	51	36	6	59	40	0.545	moved
6	51	37	6	59	38	0.516	matched
6	51	38	6	59	39	0.364	fuzzy
6	51	40	6	59	41	0.36	fuzzy
6	51	41	6	59	42	0.606	matched
6	51	42	6	59	43	0.496	matched
6	51	43	6	59	44	0.598	matched
6	51	44	6	59	45	0.741	matched
6	51	45	6	59	46	0.267	fuzzy
6	51	46	6	59	48	0.515	matched
6	51	47	6	59	49	0.553	matched
6	51	48	6	59	50	0.64	matched
6	51	49					gorresio_only
6	51	50	6	59	52	0.534	matched
6	51	51	6	59	53	0.753	matched
6	51	52	6	59	54	0.479	matched
6	51	53					gorresio_only
6	51	54					gorresio_only
6	51	55					gorresio_only
6	51	56	6	59	59	0.851	moved
6	51	57	6	59	57	0.591	matched
6	51	58	6	59	58	0.527	matched
6	51	60	6	59	60	0.54	matched
6	51	61	6	59	61	0.385	fuzzy
6	51	62	6	59	62	0.376	fuzzy
6	51	63	6	59	63	0.788	matched
6	51	64					gorresio_only
6	51	65					gorresio_only
6	51	66					gorresio_only
6	51	67	6	59	66	0.857	moved
6	51	68	6	59	64	0.49	matched
6	51	71	6	59	67	0.899	matched
6	51	72	6	59	68	0.411	fuzzy
6	51	73	6	59	69	0.395	fuzzy
6	51	74	6	59	70	1.0	matched
6	51	75	6	59	71	0.713	matched
6	51	76	6	59	72	0.842	matched
6	51	77	6	59	73	0.652	matched
6	51	78	6	59	74	0.584	matched
6	51	79	6	59	75	0.449	fuzzy
6	51	80	6	59	76	0.469	matched
6	51	81	6	59	77	0.747	matched
6	51	82	6	59	78	0.8	matched
6	51	83	6	59	79	0.385	fuzzy
6	51	84					gorresio_only
6	51	85	6	59	81	0.562	matched
6	51	86	6	59	82	0.652	matched
6	51	87	6	59	83	0.642	matched
6	51	88	6	59	84	0.449	fuzzy
6	51	89	6	59	85	0.402	fuzzy
6	51	90	6	59	86	0.461	matched
6	51	91	6	59	87	0.458	matched
6	51	92	6	59	88	0.438	fuzzy
6	51	93	6	59	89	0.368	fuzzy
6	51	94	6	59	90	0.698	matched
6	51	95	6	59	91	0.441	fuzzy
6	51	96	6	59	92	0.469	matched
6	51	97					gorresio_only
6	51	98	6	59	93	0.381	fuzzy
6	51	99	6	59	94	0.43	fuzzy
6	51	100	6	59	95	0.34	fuzzy
6	51	101	6	59	96	0.287	fuzzy
6	51	102					gorresio_only
6	51	103	6	59	98	0.385	fuzzy
6	51	104	6	59	99	0.445	fuzzy
6	51	105	6	59	100	0.399	fuzzy
6	51	106	6	59	101	0.606	matched
6	51	107	6	59	102	0.396	fuzzy
6	51	108	6	59	103	0.307	fuzzy
6	51	109	6	59	104	0.448	fuzzy
6	51	110	6	59	105	0.854	matched
6	51	111	6	60	1	0.283	fuzzy
6	52	1					gorresio_only
6	52	2					gorresio_only
6	52	3	6	60	3	0.504	matched
6	52	4	6	60	4	0.302	fuzzy
6	52	5	6	60	5	0.621	matched
6	52	6	6	60	9	0.691	moved
6	52	7	6	60	7	0.427	fuzzy
6	52	8	6	60	8	0.573	matched
6	52	10	6	60	10	0.67	matched
6	52	11	6	60	11	0.571	matched
6	52	12	6	60	12	0.423	fuzzy
6	52	13	6	60	13	0.766	matched
6	52	14					gorresio_only
6	52	15	6	60	15	0.607	matched
6	52	16	6	60	19	0.75	moved
6	52	17	6	60	17	0.51	matched
6	52	18	6	60	18	0.635	matched
6	52	20	6	60	20	0.562	matched
6	52	21					gorresio_only
6	52	22	6	60	22	0.412	fuzzy
6	52	23					gorresio_only
6	52	24					gorresio_only
6	52	25	6	60	24	0.327	fuzzy
6	52	26					gorresio_only
6	52	27	6	60	26	0.252	fuzzy
6	52	28					gorresio_only
6	52	30					gorresio_only
6	52	31	6	60	29	0.508	matched
6	52	32	6	60	30	0.453	matched
6	52	33	6	60	31	0.263	fuzzy
6	52	34	6	60	32	0.401	fuzzy
6	52	35	6	60	33	0.401	fuzzy
6	52	36	6	60	34	0.252	fuzzy
6	52	37	6	60	35	0.61	matched
6	52	38	6	60	36	0.4	fuzzy
6	52	39	6	60	37	0.442	fuzzy
6	52	40					gorresio_only
6	52	41	6	60	39	0.58	matched
6	52	42					gorresio_only
6	52	43	6	60	40	0.254	fuzzy
6	52	44	6	60	41	0.277	fuzzy
6	52	45	6	60	42	0.504	matched
6	52	46					gorresio_only
6	52	47	6	60	44	0.266	fuzzy
6	52	48	6	60	46	0.285	fuzzy
6	52	50					gorresio_only
6	52	51	6	60	48	0.394	fuzzy
6	52	52	6	60	49	0.377	fuzzy
6	52	53	6	36	40	0.69	moved
6	52	54	6	36	43	0.526	moved
6	53	1	6	61	1	0.3	fuzzy
6	53	2	6	61	2	0.661	matched
6	53	3	6	61	3	0.375	fuzzy
6	53	4	6	61	4	0.576	matched
6	53	5	6	61	5	0.43	fuzzy
6	53	6	6	61	6	0.583	matched
6	53	7	6	61	7	0.274	fuzzy
6	53	8	6	61	8	0.304	fuzzy
6	53	9	6	61	9	0.396	fuzzy
6	53	10	6	61	10	0.701	matched
6	53	11					gorresio_only
6	53	12					gorresio_only
6	53	13					gorresio_only
6	53	14					gorresio_only
6	53	15	6	61	13	0.286	fuzzy
6	53	16					gorresio_only
6	53	17	6	61	15	0.627	matched
6	53	18					gorresio_only
6	53	20					gorresio_only
6	53	21	6	61	18	0.277	fuzzy
6	53	22					gorresio_only
6	53	23	6	61	19	0.336	fuzzy
6	53	24					gorresio_only
6	53	25	6	61	21	0.252	fuzzy
6	53	26					gorresio_only
6	53	27	6	61	23	0.359	fuzzy
6	53	28					gorresio_only
6	53	30					gorresio_only
6	53	31	6	61	26	0.312	fuzzy
6	53	32	6	61	27	0.324	fuzzy
6	53	33	6	61	28	0.373	fuzzy
6	53	34	6	61	29	0.319	fuzzy
6	53	35					gorresio_only
6	53	36	6	61	32	0.315	fuzzy
6	53	37					gorresio_only
6	53	38	6	61	33	0.264	fuzzy
6	53	39	6	61	35	0.288	fuzzy
6	53	40					gorresio_only
6	53	41					gorresio_only
6	53	42					gorresio_only
6	53	43	6	61	39	0.289	fuzzy
6	53	44	6	61	40	0.559	matched
6	53	45	6	61	42	0.427	fuzzy
6	53	46	6	61	43	0.532	matched
6	53	47	6	61	44	0.521	matched
6	53	48	6	61	45	0.41	fuzzy
6	53	49	6	61	47	0.562	matched
6	53	50	6	61	48	0.314	fuzzy
6	53	51	6	61	49	0.896	matched
6	53	52	6	61	50	0.271	fuzzy
6	53	53	6	61	51	0.53	matched
6	53	54	6	61	52	0.778	matched
6	53	55	6	61	53	0.53	matched
6	53	56	6	61	54	0.531	matched
6	53	57	6	61	55	0.577	matched
6	53	58	6	61	57	0.415	fuzzy
6	53	59	6	61	58	0.38	fuzzy
6	53	60					gorresio_only
6	53	61	6	61	60	0.459	matched
6	53	62	6	61	61	0.536	matched
6	53	63	6	61	62	0.489	matched
6	53	64	6	61	64	0.535	matched
6	53	65	6	61	65	0.617	matched
6	53	66	6	61	66	0.283	fuzzy
6	53	67	6	61	67	0.452	matched
6	53	68					gorresio_only
6	54	1	6	62	8	0.543	moved
6	54	2					gorresio_only
6	54	3					gorresio_only
6	54	4					gorresio_only
6	54	5	6	62	4	0.458	matched
6	54	6	6	62	5	0.527	matched
6	54	7	6	62	6	0.37	fuzzy
6	54	8	6	62	7	0.452	matched
6	54	10	6	62	9	0.336	fuzzy
6	54	11					gorresio_only
6	54	12					gorresio_only
6	54	13					gorresio_only
6	54	14	6	62	10	0.25	fuzzy
6	54	15					gorresio_only
6	54	16	6	62	14	0.48	moved
6	54	17	6	62	11	0.291	fuzzy
6	54	18	6	62	13	0.713	matched
6	54	20	6	62	15	0.377	fuzzy
6	54	21	6	62	16	0.357	fuzzy
6	54	22	6	62	17	0.607	matched
6	54	23	6	62	18	0.59	matched
6	54	24	6	62	19	0.314	fuzzy
6	54	25	6	62	20	0.505	matched
6	54	26					gorresio_only
6	54	27	6	62	22	0.549	matched
6	54	28					gorresio_only
6	54	30	6	62	31	0.72	moved
6	54	31					gorresio_only
6	54	32	6	62	26	0.365	fuzzy
6	54	33	6	62	28	0.287	fuzzy
6	54	34					gorresio_only
6	54	35	6	62	29	0.385	fuzzy
6	54	36	6	62	30	0.321	fuzzy
6	54	38					gorresio_only
6	54	39	6	62	32	0.415	fuzzy
6	54	40	6	62	33	0.285	fuzzy
6	54	41	6	62	34	0.409	fuzzy
6	54	42	6	62	35	0.365	fuzzy
6	54	43	6	62	36	0.267	fuzzy
6	54	44	6	62	37	0.321	fuzzy
6	54	45					gorresio_only
6	54	46					gorresio_only
6	54	47	6	62	39	0.284	fuzzy
6	54	48	6	62	41	0.342	fuzzy
6	54	50					gorresio_only
6	54	51					gorresio_only
6	54	52					gorresio_only
6	54	53	6	62	45	0.475	matched
6	54	54					gorresio_only
6	54	55					gorresio_only
6	54	56					gorresio_only
6	54	60	6	62	50	0.652	moved
6	54	61	6	62	49	0.402	fuzzy
6	54	62	6	62	51	0.562	matched
6	54	63	6	62	52	0.312	fuzzy
6	54	64					gorresio_only
6	55	1					gorresio_only
6	55	2					gorresio_only
6	55	3	6	63	3	0.299	fuzzy
6	55	4					gorresio_only
6	55	5					gorresio_only
6	55	6					gorresio_only
6	55	7					gorresio_only
6	55	8					gorresio_only
6	55	10					gorresio_only
6	55	11					gorresio_only
6	55	12					gorresio_only
6	55	13					gorresio_only
6	55	14					gorresio_only
6	55	15					gorresio_only
6	55	16					gorresio_only
6	55	17					gorresio_only
6	55	18					gorresio_only
6	55	20					gorresio_only
6	55	21					gorresio_only
6	55	22					gorresio_only
6	55	23					gorresio_only
6	55	24					gorresio_only
6	55	25					gorresio_only
6	55	26					gorresio_only
6	55	27					gorresio_only
6	55	28					gorresio_only
6	55	30					gorresio_only
6	55	31					gorresio_only
6	55	32					gorresio_only
6	55	33					gorresio_only
6	55	34	6	63	4	0.492	matched
6	55	35					gorresio_only
6	55	36					gorresio_only
6	55	37	6	63	5	0.7	matched
6	55	38					gorresio_only
6	55	39					gorresio_only
6	55	40					gorresio_only
6	55	41	6	63	7	0.32	fuzzy
6	55	42					gorresio_only
6	55	43	6	63	9	0.552	matched
6	55	44	6	63	10	0.314	fuzzy
6	55	45	6	63	11	0.554	matched
6	55	46	6	63	12	0.565	matched
6	55	47	6	63	13	0.306	fuzzy
6	55	48	6	63	18	0.281	fuzzy
6	55	49	6	63	19	0.337	fuzzy
6	55	50					gorresio_only
6	55	51					gorresio_only
6	55	52					gorresio_only
6	55	53					gorresio_only
6	55	54					gorresio_only
6	55	55					gorresio_only
6	55	56	6	63	26	0.331	fuzzy
6	55	57					gorresio_only
6	55	58					gorresio_only
6	55	59					gorresio_only
6	55	60	6	63	30	0.269	fuzzy
6	55	61	6	63	32	0.528	matched
6	55	63	6	63	34	0.349	fuzzy
6	55	64	6	63	35	0.525	matched
6	55	65	6	63	36	0.816	matched
6	55	66	6	63	37	0.31	fuzzy
6	55	67					gorresio_only
6	55	68					gorresio_only
6	55	69	6	63	40	0.541	matched
6	55	70	6	63	41	0.289	fuzzy
6	55	71					gorresio_only
6	55	72	6	63	42	0.388	fuzzy
6	55	73					gorresio_only
6	55	74	6	63	44	0.8	matched
6	55	75	6	63	45	0.484	matched
6	55	76					gorresio_only
6	55	77					gorresio_only
6	55	78					gorresio_only
6	55	79					gorresio_only
6	55	80					gorresio_only
6	55	81	6	63	46	0.296	fuzzy
6	55	82					gorresio_only
6	55	83	6	63	47	0.357	fuzzy
6	55	84					gorresio_only
6	55	85					gorresio_only
6	55	86	6	63	50	0.25	fuzzy
6	55	87	6	63	51	0.363	fuzzy
6	55	88	6	63	52	0.356	fuzzy
6	56	1	6	64	1	0.279	fuzzy
6	56	2	6	64	2	0.58	matched
6	56	3	6	64	12	0.527	moved
6	56	4	6	64	4	0.412	fuzzy
6	56	5	6	64	5	0.565	matched
6	56	6	6	64	6	0.525	matched
6	56	7	6	64	7	0.364	fuzzy
6	56	8	6	64	11	0.902	matched
6	56	10	6	64	13	0.333	fuzzy
6	56	11	6	64	14	0.74	matched
6	56	12	6	64	15	0.352	fuzzy
6	56	13	6	64	16	0.478	matched
6	56	14	6	64	17	0.736	matched
6	56	15	6	64	18	0.3	fuzzy
6	56	16					gorresio_only
6	56	17					gorresio_only
6	56	18	6	64	20	0.473	matched
6	56	20	6	64	21	0.3	fuzzy
6	56	21	6	64	23	0.443	fuzzy
6	56	22					gorresio_only
6	57	1	6	65	1	0.458	matched
6	57	2	6	65	2	0.273	fuzzy
6	57	3					gorresio_only
6	57	4					gorresio_only
6	57	5					gorresio_only
6	57	6					gorresio_only
6	57	7					gorresio_only
6	57	8					gorresio_only
6	57	10	6	65	7	0.331	fuzzy
6	57	11	6	65	8	0.277	fuzzy
6	57	12	6	65	9	0.301	fuzzy
6	57	13					gorresio_only
6	57	14	6	65	10	0.324	fuzzy
6	57	15	6	65	11	0.375	fuzzy
6	57	16					gorresio_only
6	57	17	6	65	14	0.274	fuzzy
6	57	18					gorresio_only
6	57	20	6	65	16	0.267	fuzzy
6	57	21					gorresio_only
6	57	22					gorresio_only
6	57	23					gorresio_only
6	57	24	6	65	17	0.624	matched
6	57	25	6	65	18	0.361	fuzzy
6	57	26	6	65	19	0.562	matched
6	57	27	6	65	20	0.795	matched
6	58	1	6	66	9	0.576	moved
6	58	2	6	66	2	0.558	matched
6	58	3	6	66	3	0.56	matched
6	58	4	6	66	4	0.348	fuzzy
6	58	5	6	66	5	0.485	matched
6	58	6	6	66	6	0.48	matched
6	58	7	6	66	7	0.51	matched
6	58	8	6	66	8	1.0	matched
6	58	10					gorresio_only
6	58	11					gorresio_only
6	58	12					gorresio_only
6	58	13					gorresio_only
6	58	14					gorresio_only
6	58	15					gorresio_only
6	58	16	6	66	12	0.505	moved
6	58	17	6	66	10	0.62	matched
6	58	18	6	66	11	0.41	fuzzy
6	58	20	6	66	13	0.35	fuzzy
6	58	21	6	66	14	0.373	fuzzy
6	58	22	6	66	15	0.495	matched
6	58	23	6	66	16	0.58	matched
6	58	24					gorresio_only
6	58	25					gorresio_only
6	58	26	6	66	19	0.56	moved
6	58	27	6	66	18	0.463	matched
6	58	28					gorresio_only
6	58	30					gorresio_only
6	58	31					gorresio_only
6	58	32	6	66	20	0.69	matched
6	58	33	6	66	21	0.515	matched
6	58	34	6	66	22	0.611	matched
6	58	35	6	66	23	0.611	matched
6	58	36					gorresio_only
6	58	37	6	66	25	0.565	matched
6	58	38	6	66	27	0.554	matched
6	58	40	6	66	28	0.511	matched
6	58	41					gorresio_only
6	58	42	6	66	29	0.43	fuzzy
6	58	43	6	66	30	0.554	matched
6	58	44	6	66	31	0.467	matched
6	58	45	6	66	32	0.39	fuzzy
6	58	46	6	66	33	0.333	fuzzy
6	58	47	6	66	34	0.592	matched
6	58	48	6	66	35	0.561	matched
6	58	49	6	66	36	0.495	matched
6	59	1					gorresio_only
6	59	2					gorresio_only
6	59	3					gorresio_only
6	59	4					gorresio_only
6	59	5					gorresio_only
6	59	6					gorresio_only
6	59	7					gorresio_only
6	59	8					gorresio_only
6	59	10					gorresio_only
6	59	11					gorresio_only
6	59	12					gorresio_only
6	59	13					gorresio_only
6	59	14					gorresio_only
6	59	15					gorresio_only
6	59	16					gorresio_only
6	59	17					gorresio_only
6	59	18					gorresio_only
6	59	20					gorresio_only
6	59	21					gorresio_only
6	59	22					gorresio_only
6	59	23					gorresio_only
6	59	24					gorresio_only
6	59	25					gorresio_only
6	60	1	6	68	1	0.266	fuzzy
6	60	2					gorresio_only
6	60	3					gorresio_only
6	60	4					gorresio_only
6	60	5	6	68	7	0.357	fuzzy
6	60	6					gorresio_only
6	60	7	6	68	9	0.539	matched
6	60	8	6	68	11	0.273	fuzzy
6	60	10	6	68	13	0.6	matched
6	60	11	6	68	14	0.481	matched
6	60	12					gorresio_only
6	60	13	6	68	16	0.306	fuzzy
6	60	14					gorresio_only
6	60	15	6	68	19	0.27	fuzzy
6	60	16	6	68	22	0.793	moved
6	60	17	6	68	20	0.321	fuzzy
6	60	18	6	68	21	0.404	fuzzy
6	60	20	6	68	23	0.31	fuzzy
6	60	21	6	68	24	0.525	matched
6	60	22	6	68	25	0.75	matched
6	60	23	6	68	26	0.831	matched
6	60	24	6	68	27	0.641	matched
6	60	25	6	68	28	0.622	matched
6	60	26					gorresio_only
6	60	27	6	68	30	0.49	matched
6	60	28					gorresio_only
6	61	1	6	69	1	0.567	matched
6	61	2	6	69	2	0.413	fuzzy
6	61	3	6	69	9	0.462	moved
6	61	4	6	69	4	0.333	fuzzy
6	61	5					gorresio_only
6	61	6	6	69	6	0.64	matched
6	61	7	6	69	7	0.709	matched
6	61	8	6	69	8	0.565	matched
6	61	10	6	69	10	0.434	fuzzy
6	61	11	6	69	11	0.5	matched
6	61	12	6	69	12	0.805	matched
6	61	13	6	69	13	0.709	matched
6	61	14	6	69	14	0.343	fuzzy
6	61	15	6	69	15	0.916	matched
6	61	16					gorresio_only
6	61	17	6	69	17	0.271	fuzzy
6	61	18					gorresio_only
6	61	20	6	69	18	0.553	matched
6	61	21					gorresio_only
6	61	22	6	69	19	0.309	fuzzy
6	61	23	6	69	20	0.425	fuzzy
6	61	24	6	69	21	0.304	fuzzy
6	61	25	6	69	22	0.408	fuzzy
6	61	26					gorresio_only
6	61	27					gorresio_only
6	61	28	6	69	24	0.402	fuzzy
6	62	1	6	70	1	0.425	fuzzy
6	62	2	6	70	2	0.485	matched
6	62	3	6	70	3	0.566	matched
6	62	4	6	70	4	0.667	matched
6	62	5	6	70	5	0.5	matched
6	62	6					gorresio_only
6	62	7	6	70	7	0.547	matched
6	62	8	6	70	8	0.263	fuzzy
6	62	10	6	70	10	0.331	fuzzy
6	62	11					gorresio_only
6	62	12					gorresio_only
6	62	13					gorresio_only
6	62	14	6	70	13	0.397	fuzzy
6	62	15	6	70	14	0.728	matched
6	62	16					gorresio_only
6	62	17	6	70	17	0.467	matched
6	62	18	6	70	18	0.477	matched
6	62	20					gorresio_only
6	62	21	6	70	21	0.441	fuzzy
6	62	22	6	70	22	0.585	matched
6	62	23	6	70	23	0.321	fuzzy
6	62	24	6	70	24	0.423	fuzzy
6	62	25	6	70	25	0.484	matched
6	62	26	6	70	31	0.797	moved
6	62	28	6	70	30	0.362	fuzzy
6	62	30	6	70	32	0.455	matched
6	62	31	6	70	33	0.313	fuzzy
6	62	32	6	70	34	0.857	matched
6	62	33	6	70	35	0.434	fuzzy
6	62	34					gorresio_only
6	62	35					gorresio_only
6	62	36	6	70	36	0.495	matched
6	62	37	6	70	38	0.529	matched
6	62	38	6	70	39	0.294	fuzzy
6	62	39					gorresio_only
6	62	40					gorresio_only
6	62	41					gorresio_only
6	62	42	6	70	41	0.535	matched
6	62	43					gorresio_only
6	62	44	6	70	42	0.478	matched
6	63	1					gorresio_only
6	63	2					gorresio_only
6	63	3					gorresio_only
6	63	4	6	71	4	0.724	matched
6	63	5	6	71	5	0.53	matched
6	63	6	6	71	6	0.374	fuzzy
6	63	7	6	71	7	0.404	fuzzy
6	63	8	6	71	8	0.616	matched
6	63	10	6	71	10	0.556	matched
6	63	11	6	71	11	0.339	fuzzy
6	63	12	6	71	12	0.317	fuzzy
6	63	13					gorresio_only
6	63	14					gorresio_only
6	63	15	6	71	15	0.294	fuzzy
6	63	16					gorresio_only
6	63	17	6	71	16	0.667	matched
6	63	18	6	71	17	0.45	fuzzy
6	63	20	6	71	19	0.53	matched
6	63	21	6	71	20	0.279	fuzzy
6	63	22	6	71	21	0.362	fuzzy
6	63	23	6	71	22	0.553	matched
6	64	1					gorresio_only
6	64	2					gorresio_only
6	64	3					gorresio_only
6	64	4	6	72	4	0.495	matched
6	64	5	6	72	5	0.579	matched
6	64	6	6	72	6	0.747	matched
6	64	7					gorresio_only
6	64	8					gorresio_only
6	64	10					gorresio_only
6	64	11					gorresio_only
6	64	12	6	72	12	0.561	matched
6	64	13					gorresio_only
6	64	14					gorresio_only
6	64	15	6	72	14	0.396	fuzzy
6	64	16					gorresio_only
6	64	17	6	72	16	0.292	fuzzy
6	64	18	6	72	17	0.307	fuzzy
6	64	20					gorresio_only
6	64	21					gorresio_only
6	64	22	6	72	21	0.485	matched
6	64	23	6	72	22	0.421	fuzzy
6	64	24	6	72	23	0.475	matched
6	64	25	6	72	24	0.525	matched
6	64	26	6	72	31	0.453	moved
6	64	27					gorresio_only
6	64	28	6	72	29	0.321	fuzzy
6	65	1					gorresio_only
6	65	2	6	73	2	0.505	matched
6	65	3	6	73	3	0.282	fuzzy
6	65	4	6	73	5	0.297	fuzzy
6	65	5	6	73	6	0.438	fuzzy
6	65	6					gorresio_only
6	65	7	6	73	8	0.252	fuzzy
6	65	8					gorresio_only
6	65	10					gorresio_only
6	65	11	6	73	12	0.651	matched
6	65	12					gorresio_only
6	65	13					gorresio_only
6	65	14					gorresio_only
6	65	15	6	73	15	0.568	matched
6	65	16					gorresio_only
6	65	17	6	73	17	0.34	fuzzy
6	65	18					gorresio_only
6	65	20					gorresio_only
6	65	21	6	73	21	0.322	fuzzy
6	65	22					gorresio_only
6	65	23	6	73	23	0.464	matched
6	65	24					gorresio_only
6	65	25					gorresio_only
6	65	26					gorresio_only
6	65	27	6	73	25	0.352	fuzzy
6	65	28					gorresio_only
6	65	30					gorresio_only
6	65	31	6	73	29	0.433	fuzzy
6	65	32	6	73	30	0.353	fuzzy
6	65	33	6	73	31	0.408	fuzzy
6	65	34	6	73	32	0.896	matched
6	65	35					gorresio_only
6	66	1	6	74	1	0.3	fuzzy
6	66	2	6	74	2	0.565	matched
6	66	3	6	74	3	0.697	matched
6	66	4	6	74	4	0.671	matched
6	66	5	6	74	5	0.744	matched
6	66	6					gorresio_only
6	66	7	6	74	7	0.319	fuzzy
6	66	8	6	74	8	0.693	matched
6	66	10	6	74	10	0.539	matched
6	66	11	6	74	11	0.393	fuzzy
6	66	12	6	74	12	0.424	fuzzy
6	66	13	6	74	13	0.867	matched
6	66	14	6	74	14	0.855	matched
6	66	15	6	74	15	0.867	matched
6	66	16					gorresio_only
6	66	17					gorresio_only
6	66	18					gorresio_only
6	66	20					gorresio_only
6	66	21					gorresio_only
6	66	22					gorresio_only
6	66	23					gorresio_only
6	66	24	6	74	18	0.364	fuzzy
6	66	25	6	74	19	0.257	fuzzy
6	66	26	6	74	23	0.522	moved
6	66	27	6	74	21	0.5	matched
6	66	28	6	74	22	0.49	matched
6	66	30	6	74	24	0.519	matched
6	66	31	6	74	25	0.336	fuzzy
6	66	32					gorresio_only
6	66	33	6	74	27	0.48	matched
6	67	1	6	75	1	0.575	matched
6	67	2	6	75	2	0.611	matched
6	67	3	6	75	3	0.349	fuzzy
6	67	4					gorresio_only
6	67	5					gorresio_only
6	67	6					gorresio_only
6	67	7	6	75	8	0.343	fuzzy
6	67	8					gorresio_only
6	67	10					gorresio_only
6	67	11	6	75	10	0.361	fuzzy
6	67	12					gorresio_only
6	67	13					gorresio_only
6	67	14					gorresio_only
6	67	15					gorresio_only
6	67	16					gorresio_only
6	67	17					gorresio_only
6	67	18	6	75	15	0.474	matched
6	67	20	6	75	17	0.303	fuzzy
6	67	21					gorresio_only
6	67	22					gorresio_only
6	67	23	6	75	20	0.254	fuzzy
6	67	24					gorresio_only
6	67	25					gorresio_only
6	67	26					gorresio_only
6	67	27	6	75	24	0.267	fuzzy
6	67	28					gorresio_only
6	67	30					gorresio_only
6	67	31	6	75	29	0.315	fuzzy
6	67	32	6	75	30	0.33	fuzzy
6	67	33	6	75	32	0.37	fuzzy
6	67	34					gorresio_only
6	68	1	6	76	1	0.833	matched
6	68	2	6	76	2	0.447	fuzzy
6	68	3	6	76	3	0.5	matched
6	68	4	6	76	4	0.356	fuzzy
6	68	5	6	76	5	0.579	matched
6	68	6	6	76	9	0.482	moved
6	68	7	6	76	7	0.791	matched
6	68	8	6	76	8	0.652	matched
6	68	10	6	76	10	0.472	matched
6	68	11	6	76	11	0.655	matched
6	68	12	6	76	12	0.612	matched
6	68	13	6	76	13	0.598	matched
6	68	14	6	76	14	0.322	fuzzy
6	68	15	6	76	15	0.561	matched
6	68	16					gorresio_only
6	68	17	6	76	17	0.635	matched
6	68	18					gorresio_only
6	68	20	6	76	20	0.328	fuzzy
6	68	21	6	76	21	0.322	fuzzy
6	68	22					gorresio_only
6	68	23					gorresio_only
6	68	24					gorresio_only
6	68	25					gorresio_only
6	68	26					gorresio_only
6	68	27	6	76	24	0.304	fuzzy
6	68	28					gorresio_only
6	68	30	6	76	26	0.313	fuzzy
6	68	31	6	76	28	0.447	fuzzy
6	68	32					gorresio_only
6	68	33					gorresio_only
6	68	34	6	76	30	0.568	matched
6	68	35	6	76	31	0.379	fuzzy
6	68	36	6	76	32	0.468	matched
6	68	37	6	76	33	0.481	matched
6	69	1					gorresio_only
6	69	2	6	77	1	0.302	fuzzy
6	69	3	6	77	2	0.611	matched
6	69	4	6	77	3	0.463	matched
6	69	5	6	77	4	0.679	matched
6	69	6	6	77	5	0.579	matched
6	69	7	6	77	6	0.433	fuzzy
6	69	8	6	77	7	0.545	matched
6	69	10	6	77	9	0.282	fuzzy
6	69	11					gorresio_only
6	69	12					gorresio_only
6	69	13					gorresio_only
6	69	14	6	77	10	0.495	matched
6	69	15					gorresio_only
6	69	16					gorresio_only
6	69	17					gorresio_only
6	69	18					gorresio_only
6	69	20	6	77	14	0.437	fuzzy
6	69	21	6	77	15	0.495	matched
6	69	22					gorresio_only
6	69	23	6	77	17	0.648	matched
6	69	24	6	77	18	0.725	matched
6	69	25	6	77	19	0.303	fuzzy
6	69	26	6	77	22	0.625	moved
6	69	27	6	77	21	0.53	matched
6	69	28					gorresio_only
6	69	30					gorresio_only
6	69	31	6	77	24	0.57	matched
6	69	32	6	77	25	0.312	fuzzy
6	69	33	6	77	26	0.5	matched
6	69	34	6	77	27	0.295	fuzzy
6	69	35					gorresio_only
6	69	36					gorresio_only
6	69	38	6	77	29	0.667	matched
6	69	40					gorresio_only
6	69	41					gorresio_only
6	69	42					gorresio_only
6	69	43	6	77	33	0.51	matched
6	69	44	6	77	34	0.505	matched
6	69	45	6	77	35	0.554	matched
6	69	46	6	77	36	0.414	fuzzy
6	69	47	6	77	37	0.598	matched
6	69	48	6	77	38	0.486	matched
6	70	1	6	78	1	0.455	matched
6	70	2	6	78	2	0.303	fuzzy
6	70	3	6	78	3	0.327	fuzzy
6	70	4					gorresio_only
6	70	5	6	78	5	0.469	matched
6	70	6					gorresio_only
6	70	7					gorresio_only
6	70	8					gorresio_only
6	70	10	6	78	8	0.273	fuzzy
6	70	11					gorresio_only
6	70	12	6	78	10	0.83	matched
6	70	13					gorresio_only
6	70	14					gorresio_only
6	70	15	6	78	11	0.314	fuzzy
6	70	16					gorresio_only
6	70	17					gorresio_only
6	70	18					gorresio_only
6	70	20					gorresio_only
6	70	21	6	78	14	0.27	fuzzy
6	70	22	6	78	15	0.606	matched
6	70	23					gorresio_only
6	70	24	6	78	17	0.465	matched
6	70	25	6	78	18	0.363	fuzzy
6	70	26	6	78	19	0.682	matched
6	70	27					gorresio_only
6	70	28	6	78	21	0.434	fuzzy
6	70	29	6	78	22	0.756	matched
6	70	30	6	78	31	0.646	moved
6	70	31	6	78	24	0.447	fuzzy
6	70	32					gorresio_only
6	70	33	6	78	27	0.527	matched
6	70	34	6	78	28	0.613	matched
6	70	35	6	78	29	0.521	matched
6	70	36	6	78	30	0.747	matched
6	70	38					gorresio_only
6	70	39	6	78	32	0.455	matched
6	70	40	6	78	33	0.465	matched
6	70	41	6	78	34	0.55	matched
6	70	42	6	78	35	0.549	matched
6	70	43	6	78	36	0.659	matched
6	70	44	6	78	37	0.479	matched
6	70	45	6	78	38	0.327	fuzzy
6	70	46	6	78	39	0.402	fuzzy
6	70	47	6	78	41	0.67	matched
6	70	48	6	78	42	0.702	matched
6	70	49	6	78	43	0.568	matched
6	70	50	6	78	44	0.431	fuzzy
6	70	51	6	78	45	0.46	matched
6	70	52	6	78	46	0.682	matched
6	70	53	6	78	47	0.527	matched
6	70	54	6	78	48	0.651	matched
6	70	55	6	78	49	0.56	matched
6	70	56	6	78	53	0.709	moved
6	70	57	6	78	51	0.554	matched
6	70	58	6	78	52	0.52	matched
6	71	1					gorresio_only
6	71	2	6	79	2	0.456	matched
6	71	3	6	79	3	0.415	fuzzy
6	71	4					gorresio_only
6	71	5					gorresio_only
6	71	6					gorresio_only
6	71	7					gorresio_only
6	71	8					gorresio_only
6	71	10					gorresio_only
6	71	11					gorresio_only
6	71	12					gorresio_only
6	71	13					gorresio_only
6	71	14					gorresio_only
6	71	15					gorresio_only
6	71	16					gorresio_only
6	71	17	6	79	8	0.453	matched
6	71	18	6	79	9	0.45	matched
6	71	20					gorresio_only
6	71	21	6	79	11	0.272	fuzzy
6	71	22	6	79	12	0.34	fuzzy
6	71	23					gorresio_only
6	71	24	6	79	13	0.283	fuzzy
6	71	25	6	79	15	0.286	fuzzy
6	71	26					gorresio_only
6	71	27					gorresio_only
6	71	28					gorresio_only
6	72	1					gorresio_only
6	72	2					gorresio_only
6	72	3					gorresio_only
6	72	4	6	80	3	0.57	matched
6	72	5					gorresio_only
6	72	6					gorresio_only
6	72	7					gorresio_only
6	72	8	6	80	5	0.398	fuzzy
6	72	10					gorresio_only
6	72	11					gorresio_only
6	72	12	6	80	9	0.366	fuzzy
6	72	13					gorresio_only
6	72	14	6	80	11	0.318	fuzzy
6	72	15					gorresio_only
6	72	16	6	80	16	0.582	matched
6	72	17					gorresio_only
6	72	18					gorresio_only
6	72	20	6	80	17	0.435	fuzzy
6	72	21					gorresio_only
6	72	22	6	80	18	0.343	fuzzy
6	72	23					gorresio_only
6	72	24	6	80	19	0.455	matched
6	72	25	6	80	20	0.761	matched
6	72	26					gorresio_only
6	72	27	6	80	23	0.559	matched
6	72	28	6	80	24	0.802	matched
6	72	30	6	80	26	0.351	fuzzy
6	72	31	6	80	27	0.738	matched
6	72	32	6	80	28	0.589	matched
6	72	33	6	80	29	0.525	matched
6	72	34	6	80	30	0.437	fuzzy
6	72	35	6	80	31	0.416	fuzzy
6	72	36	6	80	32	0.579	matched
6	72	37	6	80	33	0.271	fuzzy
6	72	38	6	80	34	0.254	fuzzy
6	72	39					gorresio_only
6	72	40					gorresio_only
6	72	41	6	80	36	0.358	fuzzy
6	72	42	6	80	37	0.625	matched
6	72	43	6	80	38	0.557	matched
6	72	44					gorresio_only
6	72	45	6	80	39	0.878	matched
6	72	46	6	80	40	0.336	fuzzy
6	72	47	6	80	41	0.423	fuzzy
6	72	48					gorresio_only
6	72	49	6	80	43	0.442	fuzzy
6	72	50	6	80	44	0.451	matched
6	72	51					gorresio_only
6	72	52					gorresio_only
6	72	53					gorresio_only
6	72	54	6	80	45	0.395	fuzzy
6	72	55	6	80	46	0.51	matched
6	72	56	6	80	50	0.465	moved
6	72	57	6	80	48	0.273	fuzzy
6	72	58	6	80	49	0.702	matched
6	72	60					gorresio_only
6	72	61	6	80	51	0.34	fuzzy
6	72	62	6	80	53	0.252	fuzzy
6	72	63					gorresio_only
6	72	64					gorresio_only
6	72	65					gorresio_only
6	72	66					gorresio_only
6	72	67					gorresio_only
6	72	68					gorresio_only
6	72	69					gorresio_only
6	73	1	6	81	1	0.606	matched
6	73	2	6	81	2	0.409	fuzzy
6	73	3					gorresio_only
6	73	4					gorresio_only
6	73	5					gorresio_only
6	73	6	6	81	6	0.448	fuzzy
6	73	7					gorresio_only
6	73	8	6	81	7	0.554	matched
6	73	10					gorresio_only
6	73	11					gorresio_only
6	73	12	6	81	9	0.421	fuzzy
6	73	13	6	81	10	0.4	fuzzy
6	73	14	6	81	11	0.29	fuzzy
6	73	15	6	81	12	0.656	matched
6	73	16	6	81	17	0.724	moved
6	73	17	6	81	15	0.853	matched
6	73	18	6	81	16	0.292	fuzzy
6	73	20	6	81	18	0.333	fuzzy
6	73	21	6	81	19	0.51	matched
6	73	22	6	81	20	0.49	matched
6	73	23	6	81	21	0.535	matched
6	73	24					gorresio_only
6	73	25					gorresio_only
6	73	26	6	81	25	0.626	moved
6	73	27	6	81	23	0.431	fuzzy
6	73	28	6	81	24	0.607	matched
6	73	30					gorresio_only
6	73	31					gorresio_only
6	73	32	6	81	26	0.3	fuzzy
6	73	33	6	81	27	0.393	fuzzy
6	73	34	6	81	28	0.592	matched
6	73	35	6	81	30	0.3	fuzzy
6	73	36					gorresio_only
6	73	37					gorresio_only
6	73	38	6	15	23	0.5	moved
6	73	39	6	81	33	0.288	fuzzy
6	73	40					gorresio_only
6	74	1	6	82	1	0.563	matched
6	74	2	6	82	2	0.65	matched
6	74	3	6	82	3	0.908	matched
6	74	4					gorresio_only
6	74	5					gorresio_only
6	74	6					gorresio_only
6	74	7	6	82	5	0.663	matched
6	74	8	6	82	6	0.69	matched
6	74	10	6	82	8	0.703	matched
6	74	11	6	82	9	0.469	matched
6	74	12	6	82	10	0.886	matched
6	74	13	6	82	11	0.287	fuzzy
6	74	14	6	82	12	0.282	fuzzy
6	74	15	6	82	13	0.42	fuzzy
6	74	16					gorresio_only
6	74	17	6	82	15	0.608	matched
6	74	18	6	82	16	0.525	matched
6	74	20	6	82	18	0.602	matched
6	74	21	6	82	19	0.689	matched
6	74	22	6	82	20	0.531	matched
6	74	23	6	82	21	0.328	fuzzy
6	74	24					gorresio_only
6	74	25	6	82	22	0.529	matched
6	74	26					gorresio_only
6	74	27	6	82	24	0.368	fuzzy
6	74	28	6	82	25	0.436	fuzzy
6	74	30	6	82	27	0.52	matched
6	74	31					gorresio_only
6	74	32	6	82	29	0.327	fuzzy
6	74	33	6	82	30	0.394	fuzzy
6	74	34	6	82	31	0.756	matched
6	74	35					gorresio_only
6	74	36					gorresio_only
6	74	37					gorresio_only
6	74	38					gorresio_only
6	74	39	6	82	35	0.25	fuzzy
6	74	40	6	82	37	0.25	fuzzy
6	74	41	6	82	38	0.619	matched
6	74	42	6	82	39	0.381	fuzzy
6	75	1	6	83	1	0.269	fuzzy
6	75	2					gorresio_only
6	75	3	6	83	2	0.684	matched
6	75	4	6	83	3	0.558	matched
6	75	5	6	83	4	0.616	matched
6	75	6	6	83	8	0.893	moved
6	75	7	6	83	6	0.783	matched
6	75	8	6	83	7	0.886	matched
6	75	10	6	83	9	0.298	fuzzy
6	75	11					gorresio_only
6	75	12	6	83	10	0.292	fuzzy
6	75	13	6	83	11	0.678	matched
6	75	14	6	83	12	0.343	fuzzy
6	75	15	6	83	13	0.526	matched
6	75	16					gorresio_only
6	75	17	6	83	16	0.543	matched
6	75	18	6	83	17	0.554	matched
6	75	20	6	83	19	0.42	fuzzy
6	75	21	6	83	20	0.31	fuzzy
6	75	22	6	83	21	0.582	matched
6	75	23	6	83	22	0.426	fuzzy
6	75	24	6	83	23	0.43	fuzzy
6	75	25					gorresio_only
6	75	26	6	83	27	0.582	moved
6	75	27	6	83	26	0.363	fuzzy
6	75	28					gorresio_only
6	75	30	6	83	28	0.277	fuzzy
6	75	31	6	83	29	0.265	fuzzy
6	75	32	6	83	30	0.548	matched
6	75	33	6	83	31	0.778	matched
6	75	34	6	83	32	0.543	matched
6	75	35	6	83	33	0.336	fuzzy
6	75	36					gorresio_only
6	75	37	6	83	35	0.808	matched
6	75	38	6	83	36	0.346	fuzzy
6	75	40	6	83	37	0.453	matched
6	75	41	6	83	38	0.593	matched
6	75	42	6	83	39	0.689	matched
6	75	43					gorresio_only
6	75	44					gorresio_only
6	75	45					gorresio_only
6	75	46					gorresio_only
6	75	47					gorresio_only
6	75	48					gorresio_only
6	75	49					gorresio_only
6	75	50					gorresio_only
6	75	51					gorresio_only
6	75	52					gorresio_only
6	75	53					gorresio_only
6	75	54					gorresio_only
6	75	55					gorresio_only
6	75	56					gorresio_only
6	75	57					gorresio_only
6	75	58					gorresio_only
6	75	60					gorresio_only
6	75	61					gorresio_only
6	75	62					gorresio_only
6	75	63					gorresio_only
6	75	64					gorresio_only
6	75	65					gorresio_only
6	75	66	6	83	41	0.333	fuzzy
6	75	67					gorresio_only
6	75	68					gorresio_only
6	76	1	6	84	1	0.312	fuzzy
6	76	2					gorresio_only
6	76	3	6	84	2	0.398	fuzzy
6	76	4	6	84	3	0.537	matched
6	76	5	6	84	4	0.795	matched
6	76	6					gorresio_only
6	76	7	6	84	6	0.509	matched
6	76	8	6	84	7	0.901	matched
6	76	10	6	84	9	0.646	matched
6	76	11	6	84	10	0.31	fuzzy
6	76	12	6	84	11	0.642	matched
6	76	13	6	84	12	0.373	fuzzy
6	76	14	6	84	13	0.58	matched
6	76	15	6	84	14	0.325	fuzzy
6	76	16					gorresio_only
6	76	17					gorresio_only
6	76	18					gorresio_only
6	76	20					gorresio_only
6	76	21					gorresio_only
6	76	22					gorresio_only
6	76	23	6	84	15	0.283	fuzzy
6	76	24	6	84	16	0.348	fuzzy
6	76	25					gorresio_only
6	76	26	6	84	17	0.648	matched
6	76	27					gorresio_only
6	76	28	6	84	19	0.288	fuzzy
6	76	29					gorresio_only
6	76	30	6	84	25	0.774	moved
6	76	31					gorresio_only
6	76	32					gorresio_only
6	76	33					gorresio_only
6	76	34	6	84	22	0.585	matched
6	76	35	6	84	23	0.495	matched
6	76	36	6	84	26	0.376	fuzzy
6	76	38					gorresio_only
6	76	40	6	84	27	0.482	matched
6	76	41	6	84	28	0.527	matched
6	76	42	6	84	29	0.313	fuzzy
6	76	43	6	84	30	0.558	matched
6	76	44	6	84	31	0.358	fuzzy
6	77	1	6	85	1	0.365	fuzzy
6	77	2	6	85	2	0.455	matched
6	77	3	6	85	9	0.582	moved
6	77	4	6	85	4	0.457	matched
6	77	5	6	85	5	0.554	matched
6	77	6	6	85	6	0.308	fuzzy
6	77	7	6	85	7	0.549	matched
6	77	8	6	85	8	0.582	matched
6	77	10					gorresio_only
6	77	11	6	85	11	0.426	fuzzy
6	77	12	6	85	12	0.322	fuzzy
6	77	13					gorresio_only
6	77	14					gorresio_only
6	77	15	6	85	14	0.551	matched
6	77	16					gorresio_only
6	77	17					gorresio_only
6	77	18	6	85	16	0.396	fuzzy
6	77	20	6	85	18	0.276	fuzzy
6	77	21	6	85	19	0.611	matched
6	77	22	6	85	20	0.616	matched
6	77	23					gorresio_only
6	77	24	6	85	22	0.424	fuzzy
6	77	25					gorresio_only
6	77	26	6	85	25	0.331	fuzzy
6	77	27					gorresio_only
6	77	28	6	85	26	0.573	matched
6	77	29	6	85	27	0.349	fuzzy
6	77	30	6	85	28	0.48	matched
6	77	31	6	85	29	0.364	fuzzy
6	78	1	6	86	1	0.276	fuzzy
6	78	2	6	86	2	0.416	fuzzy
6	78	3					gorresio_only
6	78	4					gorresio_only
6	78	5					gorresio_only
6	78	6					gorresio_only
6	78	7					gorresio_only
6	78	8					gorresio_only
6	78	10					gorresio_only
6	78	11	6	86	9	0.294	fuzzy
6	78	12					gorresio_only
6	78	13					gorresio_only
6	78	14	6	86	12	0.314	fuzzy
6	78	15	6	86	14	0.32	fuzzy
6	78	16					gorresio_only
6	78	17	6	86	16	0.465	matched
6	78	18	6	86	17	0.343	fuzzy
6	78	20					gorresio_only
6	78	21	6	86	20	0.667	matched
6	78	22	6	86	21	0.681	matched
6	78	23	6	86	22	0.619	matched
6	78	24	6	86	23	0.476	matched
6	79	1					gorresio_only
6	79	3	6	87	2	0.273	fuzzy
6	79	4	6	87	3	0.495	matched
6	79	5					gorresio_only
6	79	6					gorresio_only
6	79	7					gorresio_only
6	79	8	6	87	6	0.275	fuzzy
6	79	10					gorresio_only
6	79	11					gorresio_only
6	79	12					gorresio_only
6	79	13					gorresio_only
6	79	14					gorresio_only
6	79	15					gorresio_only
6	79	16	6	59	49	0.468	moved
6	79	17					gorresio_only
6	79	18	6	59	48	0.56	moved
6	79	20					gorresio_only
6	79	21					gorresio_only
6	79	22					gorresio_only
6	79	23					gorresio_only
6	79	24	6	59	58	0.455	moved
6	79	25	6	59	59	0.602	moved
6	79	26					gorresio_only
6	79	27	6	59	61	0.495	moved
6	79	28					gorresio_only
6	79	29					gorresio_only
6	79	30					gorresio_only
6	79	31					gorresio_only
6	79	32					gorresio_only
6	79	33					gorresio_only
6	79	34					gorresio_only
6	79	35					gorresio_only
6	79	36					gorresio_only
6	79	37					gorresio_only
6	79	38					gorresio_only
6	79	39	6	87	8	0.327	fuzzy
6	79	40	6	87	9	0.278	fuzzy
6	79	41					gorresio_only
6	79	42	6	87	11	0.589	matched
6	79	43					gorresio_only
6	79	44					gorresio_only
6	79	45	6	87	13	0.683	matched
6	79	46	6	87	15	0.674	matched
6	79	47	6	87	16	0.768	matched
6	79	48	6	87	17	0.798	matched
6	79	49	6	87	18	0.594	matched
6	79	50	6	87	19	0.558	matched
6	79	51	6	87	20	0.262	fuzzy
6	79	52	6	87	21	0.543	matched
6	79	53	6	87	22	0.279	fuzzy
6	79	54	6	87	23	0.313	fuzzy
6	79	55	6	87	24	0.475	matched
6	79	56	6	87	25	0.51	matched
6	79	57	6	87	27	0.455	matched
6	79	58	6	87	28	0.411	fuzzy
6	79	59	6	87	29	0.454	matched
6	79	60	6	87	30	0.356	fuzzy
6	79	61	6	87	31	0.813	matched
6	79	62	6	87	32	0.5	matched
6	79	63	6	87	33	0.421	fuzzy
6	79	64	6	87	34	0.273	fuzzy
6	79	65	6	87	35	0.339	fuzzy
6	79	66	6	87	36	0.304	fuzzy
6	79	67	6	87	37	0.366	fuzzy
6	79	68	6	87	38	0.708	matched
6	79	69	6	87	39	0.495	matched
6	79	70	6	87	40	0.451	matched
6	79	71	6	87	42	1.0	matched
6	79	72	6	87	43	0.394	fuzzy
6	79	73	6	87	44	0.454	matched
6	79	74	6	87	45	0.468	matched
6	79	75	6	87	46	0.607	matched
6	79	76	6	87	47	0.526	matched
6	80	1	6	88	1	0.325	fuzzy
6	80	2	6	88	2	0.557	matched
6	80	3	6	88	9	0.612	moved
6	80	4	6	88	4	0.381	fuzzy
6	80	5	6	88	5	0.582	matched
6	80	6	6	88	6	0.252	fuzzy
6	80	7	6	88	7	0.533	matched
6	80	8					gorresio_only
6	80	10	6	88	10	0.364	fuzzy
6	80	11					gorresio_only
6	80	12	6	88	12	0.39	fuzzy
6	80	13					gorresio_only
6	80	14	6	88	13	0.778	matched
6	80	15	6	88	14	0.358	fuzzy
6	80	16	6	88	18	0.559	moved
6	80	17	6	88	16	0.635	matched
6	80	18	6	88	17	0.419	fuzzy
6	80	20	6	88	19	0.51	matched
6	80	21	6	88	21	0.264	fuzzy
6	80	22					gorresio_only
6	80	23	6	88	22	0.775	matched
6	80	24					gorresio_only
6	80	25	6	88	24	0.613	matched
6	80	26					gorresio_only
6	80	27	6	88	26	0.797	matched
6	80	28	6	88	27	0.938	matched
6	80	30	6	88	29	0.351	fuzzy
6	80	31					gorresio_only
6	80	32	6	88	30	0.67	matched
6	80	33	6	88	31	0.682	matched
6	80	34	6	88	32	0.614	matched
6	80	35	6	88	33	0.648	matched
6	80	36	6	88	34	0.333	fuzzy
6	80	37					gorresio_only
6	80	38	6	88	36	0.281	fuzzy
6	80	39					gorresio_only
6	80	40	6	88	38	0.295	fuzzy
6	80	41					gorresio_only
6	80	42					gorresio_only
6	81	1	6	88	39	0.593	matched
6	81	2					gorresio_only
6	81	3	6	88	40	0.386	fuzzy
6	81	4	6	88	41	0.428	fuzzy
6	81	5					gorresio_only
6	81	6					gorresio_only
6	81	7					gorresio_only
6	81	8	6	88	44	0.255	fuzzy
6	81	10	6	88	45	0.667	matched
6	81	11					gorresio_only
6	81	12					gorresio_only
6	81	13					gorresio_only
6	81	14					gorresio_only
6	81	15	6	88	46	0.574	matched
6	81	16	6	88	50	0.659	moved
6	81	17	6	88	48	0.576	matched
6	81	18	6	88	49	0.756	matched
6	81	20	6	88	51	0.339	fuzzy
6	81	21	6	88	52	0.443	fuzzy
6	81	22	6	88	53	0.688	matched
6	81	23	6	88	54	0.365	fuzzy
6	81	24	6	88	55	0.531	matched
6	81	25	6	88	56	1.0	matched
6	81	26	6	88	57	0.538	matched
6	81	27	6	88	58	0.459	matched
6	82	1					gorresio_only
6	82	2					gorresio_only
6	82	3					gorresio_only
6	82	4	6	89	3	0.602	matched
6	82	5	6	89	4	0.419	fuzzy
6	82	6	6	89	5	0.262	fuzzy
6	82	7					gorresio_only
6	82	8	6	89	7	0.418	fuzzy
6	82	10					gorresio_only
6	82	11					gorresio_only
6	82	12					gorresio_only
6	82	13					gorresio_only
6	82	14					gorresio_only
6	82	15					gorresio_only
6	82	16					gorresio_only
6	82	17					gorresio_only
6	82	18					gorresio_only
6	82	20					gorresio_only
6	82	21					gorresio_only
6	82	22					gorresio_only
6	82	23					gorresio_only
6	82	24					gorresio_only
6	82	25					gorresio_only
6	82	26					gorresio_only
6	82	27					gorresio_only
6	82	28					gorresio_only
6	82	30					gorresio_only
6	82	31					gorresio_only
6	82	32					gorresio_only
6	82	33	6	89	11	0.296	fuzzy
6	82	34	6	89	12	0.53	matched
6	82	35					gorresio_only
6	82	36					gorresio_only
6	82	37					gorresio_only
6	82	40					gorresio_only
6	82	41					gorresio_only
6	82	42					gorresio_only
6	82	43					gorresio_only
6	82	44					gorresio_only
6	82	45					gorresio_only
6	82	46					gorresio_only
6	82	50					gorresio_only
6	82	51					gorresio_only
6	82	52					gorresio_only
6	82	53					gorresio_only
6	82	54					gorresio_only
6	82	55					gorresio_only
6	82	56					gorresio_only
6	82	57					gorresio_only
6	82	58					gorresio_only
6	82	60					gorresio_only
6	82	61					gorresio_only
6	82	62					gorresio_only
6	82	63					gorresio_only
6	82	64					gorresio_only
6	82	65					gorresio_only
6	82	66					gorresio_only
6	82	70					gorresio_only
6	82	71					gorresio_only
6	82	72					gorresio_only
6	82	73					gorresio_only
6	82	74					gorresio_only
6	82	75					gorresio_only
6	82	76					gorresio_only
6	82	77					gorresio_only
6	82	78					gorresio_only
6	82	79					gorresio_only
6	82	80					gorresio_only
6	82	81					gorresio_only
6	82	82					gorresio_only
6	82	83					gorresio_only
6	82	84					gorresio_only
6	82	85					gorresio_only
6	82	86					gorresio_only
6	82	87					gorresio_only
6	82	88					gorresio_only
6	82	89					gorresio_only
6	82	90					gorresio_only
6	82	91					gorresio_only
6	82	92					gorresio_only
6	82	93					gorresio_only
6	82	94					gorresio_only
6	82	95					gorresio_only
6	82	96					gorresio_only
6	82	97					gorresio_only
6	82	98					gorresio_only
6	82	99					gorresio_only
6	82	100					gorresio_only
6	82	101					gorresio_only
6	82	102					gorresio_only
6	82	103					gorresio_only
6	82	104					gorresio_only
6	82	105					gorresio_only
6	82	106					gorresio_only
6	82	107					gorresio_only
6	82	108					gorresio_only
6	82	110					gorresio_only
6	82	111					gorresio_only
6	82	112					gorresio_only
6	82	113					gorresio_only
6	82	114					gorresio_only
6	82	115					gorresio_only
6	82	116					gorresio_only
6	82	117					gorresio_only
6	82	118					gorresio_only
6	82	120					gorresio_only
6	82	121					gorresio_only
6	82	122					gorresio_only
6	82	123					gorresio_only
6	82	124					gorresio_only
6	82	125					gorresio_only
6	82	126					gorresio_only
6	82	127					gorresio_only
6	82	128					gorresio_only
6	82	129					gorresio_only
6	82	130					gorresio_only
6	82	131					gorresio_only
6	82	132					gorresio_only
6	82	133					gorresio_only
6	82	134					gorresio_only
6	82	135					gorresio_only
6	82	136					gorresio_only
6	82	137					gorresio_only
6	82	138					gorresio_only
6	82	139					gorresio_only
6	82	140					gorresio_only
6	82	141					gorresio_only
6	82	142					gorresio_only
6	82	143					gorresio_only
6	82	144					gorresio_only
6	82	145					gorresio_only
6	82	146					gorresio_only
6	82	147					gorresio_only
6	82	148					gorresio_only
6	82	149					gorresio_only
6	82	150					gorresio_only
6	82	151					gorresio_only
6	82	152					gorresio_only
6	82	153					gorresio_only
6	82	154					gorresio_only
6	82	155					gorresio_only
6	82	156					gorresio_only
6	82	157					gorresio_only
6	82	158					gorresio_only
6	82	160					gorresio_only
6	82	161					gorresio_only
6	82	162					gorresio_only
6	82	163					gorresio_only
6	82	164					gorresio_only
6	82	165					gorresio_only
6	82	166					gorresio_only
6	82	167					gorresio_only
6	82	168					gorresio_only
6	82	169					gorresio_only
6	82	170					gorresio_only
6	82	171					gorresio_only
6	82	172					gorresio_only
6	82	173					gorresio_only
6	82	174					gorresio_only
6	82	175					gorresio_only
6	82	176					gorresio_only
6	82	177					gorresio_only
6	82	178					gorresio_only
6	82	179					gorresio_only
6	82	180					gorresio_only
6	82	181					gorresio_only
6	82	182					gorresio_only
6	82	183					gorresio_only
6	82	184					gorresio_only
6	83	1					gorresio_only
6	83	2					gorresio_only
6	83	3					gorresio_only
6	83	4					gorresio_only
6	83	5					gorresio_only
6	83	6					gorresio_only
6	83	7					gorresio_only
6	83	8					gorresio_only
6	83	10					gorresio_only
6	83	11					gorresio_only
6	83	12					gorresio_only
6	83	13					gorresio_only
6	83	14					gorresio_only
6	83	15					gorresio_only
6	83	16					gorresio_only
6	83	17					gorresio_only
6	83	18					gorresio_only
6	83	20					gorresio_only
6	83	21					gorresio_only
6	83	22					gorresio_only
6	83	23					gorresio_only
6	83	24					gorresio_only
6	83	25					gorresio_only
6	83	26					gorresio_only
6	83	27					gorresio_only
6	83	28					gorresio_only
6	83	30					gorresio_only
6	83	31					gorresio_only
6	83	32					gorresio_only
6	83	33					gorresio_only
6	83	34					gorresio_only
6	83	35					gorresio_only
6	83	36					gorresio_only
6	83	38					gorresio_only
6	83	40					gorresio_only
6	83	41					gorresio_only
6	83	42					gorresio_only
6	83	43					gorresio_only
6	83	44					gorresio_only
6	83	45					gorresio_only
6	83	46					gorresio_only
6	83	47					gorresio_only
6	83	48					gorresio_only
6	83	49					gorresio_only
6	83	50					gorresio_only
6	83	51					gorresio_only
6	83	52					gorresio_only
6	83	53					gorresio_only
6	83	54					gorresio_only
6	83	55	6	89	24	0.303	fuzzy
6	83	56					gorresio_only
6	83	57	6	89	26	0.259	fuzzy
6	83	58	6	89	27	0.296	fuzzy
6	83	60					gorresio_only
6	83	61					gorresio_only
6	84	1					gorresio_only
6	84	2					gorresio_only
6	84	3					gorresio_only
6	84	4					gorresio_only
6	84	5					gorresio_only
6	84	6					gorresio_only
6	84	7					gorresio_only
6	84	8					gorresio_only
6	84	10					gorresio_only
6	84	11					gorresio_only
6	84	12					gorresio_only
6	84	13					gorresio_only
6	84	14					gorresio_only
6	84	15					gorresio_only
6	84	16					gorresio_only
6	84	17					gorresio_only
6	84	18					gorresio_only
6	84	20					gorresio_only
6	84	21					gorresio_only
6	84	22					gorresio_only
6	84	23					gorresio_only
6	84	24					gorresio_only
6	84	25					gorresio_only
6	84	26					gorresio_only
6	84	27					gorresio_only
6	84	28					gorresio_only
6	84	30					gorresio_only
6	84	31					gorresio_only
6	84	32					gorresio_only
6	84	33					gorresio_only
6	84	34					gorresio_only
6	84	35					gorresio_only
6	84	36					gorresio_only
6	85	1					gorresio_only
6	85	2					gorresio_only
6	85	3					gorresio_only
6	85	4					gorresio_only
6	85	5					gorresio_only
6	85	6					gorresio_only
6	85	7	6	89	29	0.805	matched
6	85	8	6	89	30	0.605	matched
6	85	10	6	89	32	0.422	fuzzy
6	85	11	6	89	33	0.645	matched
6	85	12	6	89	34	0.726	matched
6	85	13					gorresio_only
6	86	1	6	90	6	0.608	moved
6	86	2					gorresio_only
6	86	3					gorresio_only
6	86	4					gorresio_only
6	86	5					gorresio_only
6	86	6	6	90	4	0.889	matched
6	86	7					gorresio_only
6	86	8	6	90	5	0.526	matched
6	86	10	6	90	7	0.562	matched
6	86	11					gorresio_only
6	86	12					gorresio_only
6	86	13					gorresio_only
6	86	14					gorresio_only
6	86	15					gorresio_only
6	86	16	6	90	8	0.708	matched
6	86	17					gorresio_only
6	86	18					gorresio_only
6	86	20	6	90	9	0.355	fuzzy
6	86	21	6	90	10	0.49	matched
6	86	23					gorresio_only
6	86	24					gorresio_only
6	86	25					gorresio_only
6	86	26	6	90	15	0.64	moved
6	86	27	6	90	13	0.49	matched
6	86	28	6	90	14	0.679	matched
6	86	30	6	90	16	0.732	matched
6	86	31	6	90	17	0.577	matched
6	86	32	6	90	18	0.632	matched
6	86	33	6	90	19	0.398	fuzzy
6	86	34					gorresio_only
6	86	35	6	90	22	1.0	matched
6	86	36	6	90	23	0.674	matched
6	86	37	6	90	24	0.475	matched
6	86	38	6	90	25	0.711	matched
6	86	39	6	90	26	0.921	matched
6	86	40	6	90	27	0.577	matched
6	86	41	6	90	28	0.873	matched
6	86	42	6	90	29	0.585	matched
6	86	43	6	90	30	0.529	matched
6	86	44	6	90	31	0.667	matched
6	86	45	6	90	32	0.511	matched
6	86	46	6	90	33	0.448	fuzzy
6	87	1	6	91	1	0.667	matched
6	87	2	6	91	2	0.802	matched
6	87	3	6	91	3	0.622	matched
6	87	4	6	91	4	0.348	fuzzy
6	87	5	6	91	5	0.429	fuzzy
6	87	6	6	91	9	0.67	moved
6	87	7	6	91	7	0.287	fuzzy
6	87	8	6	91	8	0.763	matched
6	87	10					gorresio_only
6	87	11	6	91	12	0.589	matched
6	87	12	6	91	13	0.409	fuzzy
6	87	13					gorresio_only
6	87	14	6	91	15	0.349	fuzzy
6	87	15	6	91	16	0.278	fuzzy
6	87	16	6	91	20	0.741	moved
6	87	17	6	91	18	0.667	matched
6	87	18	6	91	19	0.462	matched
6	87	20					gorresio_only
6	87	21	6	91	21	0.394	fuzzy
6	87	22	6	91	22	0.734	matched
6	87	23	6	91	23	0.435	fuzzy
6	87	24	6	91	24	0.867	matched
6	87	25	6	91	25	0.516	matched
6	87	26	6	91	29	0.744	moved
6	87	27	6	91	27	0.393	fuzzy
6	87	28	6	91	28	0.618	matched
6	88	1					gorresio_only
6	88	2	6	92	2	0.33	fuzzy
6	88	3	6	92	3	0.442	fuzzy
6	88	4	6	92	4	0.538	matched
6	88	5	6	92	5	0.272	fuzzy
6	88	6	6	92	9	0.91	moved
6	88	7	6	92	7	0.626	matched
6	88	8	6	92	8	0.49	matched
6	88	10	6	92	10	0.692	matched
6	88	11	6	92	11	0.406	fuzzy
6	88	12	6	92	12	0.647	matched
6	88	13	6	92	13	0.43	fuzzy
6	88	14	6	92	14	0.576	matched
6	88	15	6	92	15	0.701	matched
6	88	16					gorresio_only
6	88	17					gorresio_only
6	88	18					gorresio_only
6	88	20					gorresio_only
6	88	21	6	92	16	0.505	matched
6	88	22	6	92	17	0.5	matched
6	88	23	6	92	18	0.561	matched
6	88	24	6	92	19	0.574	matched
6	88	25	6	92	20	0.449	fuzzy
6	88	26					gorresio_only
6	88	27	6	92	22	0.392	fuzzy
6	88	28	6	92	23	0.49	matched
6	88	30	6	92	25	0.279	fuzzy
6	88	31					gorresio_only
6	88	32	6	92	26	0.756	matched
6	88	33					gorresio_only
6	88	34	6	92	28	0.515	matched
6	88	35	6	92	29	0.505	matched
6	88	36	6	92	30	0.553	matched
6	89	1	6	93	1	0.325	fuzzy
6	89	2	6	93	2	0.688	matched
6	89	3	6	93	4	0.606	matched
6	89	4	6	93	5	0.818	matched
6	89	5	6	93	6	0.656	matched
6	89	6	6	93	10	0.667	moved
6	89	7	6	93	8	0.33	fuzzy
6	89	8	6	93	9	0.515	matched
6	89	10	6	93	11	0.535	matched
6	89	11	6	93	12	0.448	fuzzy
6	89	12	6	93	13	0.531	matched
6	89	13	6	93	14	0.634	matched
6	89	14	6	93	15	0.729	matched
6	89	15	6	93	16	0.336	fuzzy
6	89	16	6	93	20	0.738	moved
6	89	17	6	93	18	0.659	matched
6	89	18	6	93	19	0.621	matched
6	89	20	6	93	21	0.282	fuzzy
6	89	21	6	93	22	0.521	matched
6	89	22	6	93	23	0.465	matched
6	89	23	6	93	24	0.857	matched
6	89	24	6	93	25	0.774	matched
6	89	25	6	93	27	0.583	matched
6	90	1	6	94	8	0.654	moved
6	90	2					gorresio_only
6	90	3					gorresio_only
6	90	4	6	94	3	0.308	fuzzy
6	90	5	6	94	4	0.331	fuzzy
6	90	6	6	94	5	0.75	matched
6	90	7	6	94	6	0.807	matched
6	90	8	6	94	7	0.713	matched
6	90	10	6	94	9	0.767	matched
6	90	11	6	94	10	0.681	matched
6	90	12	6	94	11	0.48	matched
6	90	13					gorresio_only
6	90	14	6	94	12	0.368	fuzzy
6	90	15	6	94	13	0.744	matched
6	90	16	6	94	15	0.793	moved
6	90	17					gorresio_only
6	90	18	6	94	14	0.642	matched
6	90	20	6	94	16	0.779	matched
6	90	21	6	94	17	0.414	fuzzy
6	90	22					gorresio_only
6	90	23					gorresio_only
6	90	24	6	94	20	0.316	fuzzy
6	90	25	6	94	21	0.339	fuzzy
6	90	26					gorresio_only
6	90	27	6	94	23	0.364	fuzzy
6	90	28					gorresio_only
6	90	30					gorresio_only
6	90	31	6	94	26	0.299	fuzzy
6	90	32	6	94	28	0.362	fuzzy
6	90	33	6	94	29	0.675	matched
6	91	1	6	95	1	0.424	fuzzy
6	91	2	6	95	2	0.759	matched
6	91	3	6	95	9	0.458	moved
6	91	4	6	95	4	0.271	fuzzy
6	91	5	6	95	5	0.793	matched
6	91	6	6	95	6	0.505	matched
6	91	7	6	95	7	0.618	matched
6	91	8	6	95	8	0.798	matched
6	91	10	6	95	10	0.71	matched
6	91	11	6	95	11	0.49	matched
6	91	12	6	95	12	0.485	matched
6	91	13					gorresio_only
6	91	14	6	95	13	0.269	fuzzy
6	91	15					gorresio_only
6	91	16					gorresio_only
6	91	17	6	95	17	0.318	fuzzy
6	91	18					gorresio_only
6	91	20					gorresio_only
6	91	21					gorresio_only
6	91	22					gorresio_only
6	91	23					gorresio_only
6	91	24	6	95	21	0.385	fuzzy
6	91	25	6	95	23	0.277	fuzzy
6	91	26					gorresio_only
6	91	27					gorresio_only
6	91	28	6	95	26	0.291	fuzzy
6	92	1	6	96	1	0.767	matched
6	92	2					gorresio_only
6	92	3	6	96	3	0.345	fuzzy
6	92	4	6	96	4	0.649	matched
6	92	5					gorresio_only
6	92	6	6	96	9	0.697	moved
6	92	7	6	96	7	0.455	matched
6	92	8	6	96	8	0.767	matched
6	92	10	6	96	10	0.852	matched
6	92	11	6	96	11	0.56	matched
6	92	12	6	96	12	0.584	matched
6	92	13					gorresio_only
6	92	14					gorresio_only
6	92	15					gorresio_only
6	92	16	6	96	18	0.471	moved
6	92	17	6	96	15	0.288	fuzzy
6	92	18					gorresio_only
6	92	20	6	96	19	0.617	matched
6	92	21					gorresio_only
6	92	22					gorresio_only
6	92	23	6	96	21	0.278	fuzzy
6	92	24					gorresio_only
6	92	25					gorresio_only
6	92	26					gorresio_only
6	92	27	6	96	24	0.45	matched
6	92	28	6	96	25	0.66	matched
6	92	30	6	96	27	0.648	matched
6	92	31	6	96	28	0.58	matched
6	92	32	6	96	29	0.621	matched
6	92	33					gorresio_only
6	92	34	6	96	30	0.659	matched
6	92	35	6	96	31	0.548	matched
6	92	36	6	97	1	0.747	matched
6	92	37					gorresio_only
6	92	38					gorresio_only
6	92	39					gorresio_only
6	92	40	6	97	2	0.264	fuzzy
6	92	41					gorresio_only
6	92	42	6	97	3	0.817	matched
6	92	43	6	97	4	0.519	matched
6	92	44	6	97	5	0.652	matched
6	92	45	6	97	6	0.452	matched
6	92	46					gorresio_only
6	92	47	6	97	7	0.861	matched
6	92	48	6	97	8	0.559	matched
6	92	49	6	97	10	0.254	fuzzy
6	92	50	6	97	11	0.454	matched
6	92	51	6	97	13	0.848	matched
6	92	52	6	97	14	0.846	matched
6	92	53					gorresio_only
6	92	54	6	97	15	0.815	matched
6	92	55					gorresio_only
6	92	56	6	97	19	0.607	moved
6	92	57					gorresio_only
6	92	58	6	97	18	0.343	fuzzy
6	92	60					gorresio_only
6	92	61	6	97	27	0.495	moved
6	92	62					gorresio_only
6	92	63	6	97	22	0.708	matched
6	92	64	6	97	24	0.394	fuzzy
6	92	65	6	97	25	0.463	matched
6	92	66					gorresio_only
6	92	70					gorresio_only
6	92	71					gorresio_only
6	92	72	6	97	29	0.411	fuzzy
6	92	73	6	97	30	0.343	fuzzy
6	92	74					gorresio_only
6	92	75					gorresio_only
6	92	76					gorresio_only
6	92	77					gorresio_only
6	92	78					gorresio_only
6	92	79					gorresio_only
6	92	80					gorresio_only
6	92	81	6	97	31	0.358	fuzzy
6	92	82	6	97	32	0.635	matched
6	92	83	6	97	33	0.587	matched
6	93	1					gorresio_only
6	93	2					gorresio_only
6	93	3					gorresio_only
6	93	4					gorresio_only
6	93	5					gorresio_only
6	93	6					gorresio_only
6	93	7					gorresio_only
6	93	8					gorresio_only
6	93	10					gorresio_only
6	93	11					gorresio_only
6	93	12					gorresio_only
6	93	13					gorresio_only
6	93	14					gorresio_only
6	93	15					gorresio_only
6	93	16					gorresio_only
6	93	17					gorresio_only
6	93	18					gorresio_only
6	93	19					gorresio_only
6	93	20					gorresio_only
6	93	21					gorresio_only
6	93	22					gorresio_only
6	93	23					gorresio_only
6	93	24					gorresio_only
6	93	25					gorresio_only
6	93	26					gorresio_only
6	93	27					gorresio_only
6	93	28					gorresio_only
6	93	29					gorresio_only
6	93	30					gorresio_only
6	93	31					gorresio_only
6	93	32					gorresio_only
6	94	1	6	98	1	0.561	matched
6	94	2					gorresio_only
6	94	3					gorresio_only
6	94	4	6	98	3	0.319	fuzzy
6	94	5					gorresio_only
6	94	6					gorresio_only
6	94	7	6	98	6	0.432	fuzzy
6	94	8	6	98	7	0.775	matched
6	94	10	6	98	9	0.495	matched
6	94	11	6	98	10	0.441	fuzzy
6	94	12	6	98	11	0.415	fuzzy
6	94	13	6	98	12	0.533	matched
6	94	14	6	98	13	0.605	matched
6	94	15	6	98	14	0.731	matched
6	94	16					gorresio_only
6	94	17	6	98	16	0.505	matched
6	94	18	6	98	17	0.358	fuzzy
6	94	20	6	98	19	0.514	matched
6	94	21	6	98	20	0.367	fuzzy
6	94	22	6	98	21	0.816	matched
6	94	23	6	98	22	0.69	matched
6	94	24	6	98	23	0.423	fuzzy
6	94	25	6	98	24	0.381	fuzzy
6	94	26	6	98	25	0.477	matched
6	94	27	6	98	26	0.436	fuzzy
6	94	28					gorresio_only
6	95	1	6	99	1	0.563	matched
6	95	2	6	99	2	0.6	matched
6	95	3	6	99	3	0.456	matched
6	95	4	6	99	4	0.457	matched
6	95	5	6	99	5	0.475	matched
6	95	6					gorresio_only
6	95	7	6	99	7	0.72	matched
6	95	8	6	99	8	0.663	matched
6	95	10	6	99	11	0.646	matched
6	95	11					gorresio_only
6	95	12	6	99	12	0.465	matched
6	95	13					gorresio_only
6	95	14	6	99	13	0.659	matched
6	95	15	6	99	14	0.544	matched
6	95	16	6	99	17	0.658	moved
6	95	17	6	99	16	0.581	matched
6	95	18					gorresio_only
6	95	20	6	99	18	0.562	matched
6	95	21	6	99	19	0.459	matched
6	95	22	6	99	20	0.281	fuzzy
6	95	23					gorresio_only
6	95	24					gorresio_only
6	95	25					gorresio_only
6	95	26					gorresio_only
6	95	27					gorresio_only
6	95	28					gorresio_only
6	95	29					gorresio_only
6	95	30	6	99	21	0.44	fuzzy
6	95	31	6	99	22	0.718	matched
6	95	32	6	99	23	0.927	matched
6	95	33	6	99	24	0.589	matched
6	95	34					gorresio_only
6	95	35	6	99	25	0.405	fuzzy
6	95	36					gorresio_only
6	95	37					gorresio_only
6	95	38	6	99	27	0.43	fuzzy
6	95	40	6	99	29	0.336	fuzzy
6	95	41					gorresio_only
6	95	42					gorresio_only
6	95	43					gorresio_only
6	95	44					gorresio_only
6	95	45	6	99	30	0.51	matched
6	95	46	6	99	31	0.488	matched
6	95	47	6	99	32	0.635	matched
6	95	48	6	99	33	0.684	matched
6	95	49					gorresio_only
6	95	50					gorresio_only
6	95	51	6	99	35	0.291	fuzzy
6	95	52					gorresio_only
6	95	53					gorresio_only
6	95	54					gorresio_only
6	95	55	6	99	36	0.277	fuzzy
6	95	56					gorresio_only
6	95	57	6	99	38	0.905	matched
6	95	58	6	99	40	0.368	fuzzy
6	95	60					gorresio_only
6	95	61					gorresio_only
6	95	62					gorresio_only
6	95	63	6	99	43	0.85	matched
6	95	64	6	99	44	0.55	matched
6	95	65					gorresio_only
6	96	1					gorresio_only
6	96	2					gorresio_only
6	96	3					gorresio_only
6	96	4					gorresio_only
6	96	5					gorresio_only
6	96	6					gorresio_only
6	96	7					gorresio_only
6	96	8					gorresio_only
6	96	9					gorresio_only
6	96	10					gorresio_only
6	96	11					gorresio_only
6	96	12					gorresio_only
6	96	13					gorresio_only
6	96	14					gorresio_only
6	96	15					gorresio_only
6	96	16					gorresio_only
6	96	17					gorresio_only
6	97	1	6	100	1	0.462	matched
6	97	2	6	100	2	0.747	matched
6	97	3					gorresio_only
6	97	4	6	100	4	0.54	matched
6	97	5					gorresio_only
6	97	6	6	100	5	0.652	matched
6	97	7					gorresio_only
6	97	8					gorresio_only
6	97	10					gorresio_only
6	97	11	6	100	8	0.439	fuzzy
6	97	12	6	100	9	1.0	matched
6	97	13	6	100	10	0.87	matched
6	97	14	6	100	11	0.736	matched
6	97	15	6	100	12	1.0	matched
6	97	16	6	100	16	0.49	moved
6	97	17	6	100	14	0.314	fuzzy
6	97	18	6	100	15	0.693	matched
6	97	20	6	100	17	0.515	matched
6	97	21	6	100	18	0.629	matched
6	97	22	6	100	19	0.351	fuzzy
6	97	23	6	100	20	0.422	fuzzy
6	97	24	6	100	21	0.515	matched
6	97	25	6	100	22	0.558	matched
6	98	1	6	101	1	0.6	matched
6	98	3	6	101	3	0.579	matched
6	98	4	6	101	4	0.516	matched
6	98	5	6	101	5	0.641	matched
6	98	6					gorresio_only
6	98	7	6	101	8	0.282	fuzzy
6	98	8					gorresio_only
6	98	10	6	101	10	0.324	fuzzy
6	98	11	6	101	12	0.563	matched
6	98	12	6	101	13	0.667	matched
6	98	13	6	101	14	0.679	matched
6	98	14	6	101	15	0.556	matched
6	98	15	6	101	17	0.36	fuzzy
6	98	16					gorresio_only
6	98	17	6	101	19	0.402	fuzzy
6	98	18	6	101	20	0.387	fuzzy
6	98	20					gorresio_only
6	98	21					gorresio_only
6	98	22					gorresio_only
6	98	23	6	101	25	0.464	matched
6	98	24					gorresio_only
6	98	25					gorresio_only
6	98	26					gorresio_only
6	98	28	6	101	30	0.388	fuzzy
6	98	30	6	101	32	0.339	fuzzy
6	98	31					gorresio_only
6	98	32	6	101	34	0.306	fuzzy
6	98	33	6	101	35	0.554	matched
6	98	34	6	101	36	0.286	fuzzy
6	98	35	6	101	37	0.663	matched
6	98	36					gorresio_only
6	98	37	6	101	39	0.394	fuzzy
6	98	38	6	101	40	0.632	matched
6	98	40	6	101	42	0.514	matched
6	98	41	6	101	43	0.515	matched
6	99	1	6	102	1	0.5	matched
6	99	2	6	102	2	0.563	matched
6	99	3	6	102	10	0.762	moved
6	99	4	6	102	5	0.622	matched
6	99	5	6	102	6	0.306	fuzzy
6	99	6	6	102	7	0.651	matched
6	99	7	6	102	8	0.5	matched
6	99	8	6	102	9	0.609	matched
6	99	10	6	102	11	0.592	matched
6	99	11	6	102	12	0.256	fuzzy
6	99	12	6	102	13	0.551	matched
6	99	13	6	102	14	0.293	fuzzy
6	99	14					gorresio_only
6	99	15					gorresio_only
6	99	16					gorresio_only
6	99	17					gorresio_only
6	99	18	6	102	15	0.451	matched
6	99	20	6	102	17	0.505	matched
6	99	21	6	102	18	0.937	matched
6	99	22	6	102	19	0.56	matched
6	99	23	6	102	20	0.46	matched
6	99	24	6	102	21	0.534	matched
6	99	25	6	102	22	0.264	fuzzy
6	99	26	6	102	23	0.685	matched
6	99	27	6	102	24	0.736	matched
6	99	28	6	102	25	0.312	fuzzy
6	99	29					gorresio_only
6	99	30					gorresio_only
6	99	31					gorresio_only
6	99	32					gorresio_only
6	99	33	6	102	26	0.506	matched
6	99	34					gorresio_only
6	99	35	6	102	28	0.48	matched
6	99	36					gorresio_only
6	99	37	6	102	30	0.671	matched
6	99	38					gorresio_only
6	99	40					gorresio_only
6	99	41					gorresio_only
6	99	42					gorresio_only
6	99	43	6	102	33	0.6	matched
6	99	44					gorresio_only
6	99	45					gorresio_only
6	99	46					gorresio_only
6	99	47					gorresio_only
6	99	48					gorresio_only
6	99	49					gorresio_only
6	99	50					gorresio_only
6	99	51					gorresio_only
6	99	52	6	102	34	0.41	fuzzy
6	99	53					gorresio_only
6	99	54					gorresio_only
6	99	55					gorresio_only
6	99	56					gorresio_only
6	99	57					gorresio_only
6	100	1					gorresio_only
6	100	2	6	103	2	0.505	matched
6	100	3	6	103	3	0.521	matched
6	100	4	6	103	4	0.611	matched
6	100	5	6	103	5	0.264	fuzzy
6	100	6	6	103	9	0.6	moved
6	100	7	6	103	7	0.382	fuzzy
6	100	8	6	103	8	0.615	matched
6	100	10	6	103	10	0.733	matched
6	100	11					gorresio_only
6	100	12	6	103	12	0.3	fuzzy
6	100	13					gorresio_only
6	100	14					gorresio_only
6	100	15	6	103	16	0.304	fuzzy
6	100	16					gorresio_only
6	100	17					gorresio_only
6	100	18	6	103	19	0.333	fuzzy
6	100	20					gorresio_only
6	100	21	6	103	21	0.286	fuzzy
6	100	22	6	103	22	0.351	fuzzy
6	100	23	6	103	24	0.318	fuzzy
6	101	1	6	104	1	0.839	matched
6	101	2	6	104	2	0.505	matched
6	101	3	6	104	3	0.8	matched
6	101	4	6	104	4	0.459	matched
6	101	5					gorresio_only
6	101	6	6	104	8	0.458	moved
6	101	7	6	104	6	0.772	matched
6	101	8	6	104	7	0.261	fuzzy
6	101	10	6	104	9	0.624	matched
6	101	11					gorresio_only
6	101	12	6	104	10	0.583	matched
6	101	13	6	104	11	0.444	fuzzy
6	101	14	6	104	12	0.689	matched
6	101	15	6	104	13	0.327	fuzzy
6	101	16	6	104	17	0.543	moved
6	101	17	6	104	15	0.418	fuzzy
6	101	18	6	104	16	0.817	matched
6	101	20	6	104	18	0.612	matched
6	101	21	6	104	19	0.434	fuzzy
6	101	22	6	104	20	0.484	matched
6	101	23	6	104	21	0.542	matched
6	101	24					gorresio_only
6	101	25	6	104	22	0.69	matched
6	101	26					gorresio_only
6	101	27					gorresio_only
6	101	28	6	104	24	0.576	matched
6	101	30					gorresio_only
6	101	31					gorresio_only
6	101	32	6	104	25	0.301	fuzzy
6	101	33	6	104	26	0.411	fuzzy
6	101	34	6	104	27	0.685	matched
6	101	35					gorresio_only
6	102	1					gorresio_only
6	102	2	6	105	1	0.34	fuzzy
6	102	3	6	105	2	0.361	fuzzy
6	102	4					gorresio_only
6	102	5	6	105	3	0.5	matched
6	102	6					gorresio_only
6	102	7	6	105	5	0.553	matched
6	102	8					gorresio_only
6	102	10	6	105	10	0.357	fuzzy
6	102	11	6	105	11	0.365	fuzzy
6	102	12					gorresio_only
6	102	13	6	105	12	0.25	fuzzy
6	102	14	6	105	13	0.616	matched
6	102	15	6	105	15	0.583	matched
6	102	16	6	105	7	0.667	moved
6	102	17	6	105	17	0.485	matched
6	102	18	6	105	6	0.574	moved
6	102	20					gorresio_only
6	102	21					gorresio_only
6	102	22	6	105	19	0.346	fuzzy
6	102	23	6	105	20	0.256	fuzzy
6	102	24					gorresio_only
6	102	25					gorresio_only
6	102	26					gorresio_only
6	102	27	6	105	24	0.252	fuzzy
6	102	28					gorresio_only
6	102	30					gorresio_only
6	102	31					gorresio_only
6	102	32					gorresio_only
6	102	33	6	105	28	0.449	fuzzy
6	102	34	6	105	29	0.35	fuzzy
6	103	1	6	106	1	0.254	fuzzy
6	103	2					gorresio_only
6	103	3	6	106	2	0.817	matched
6	103	4	6	106	3	0.622	matched
6	103	5	6	106	4	0.598	matched
6	103	6	6	106	5	0.402	fuzzy
6	103	7	6	106	6	0.347	fuzzy
6	103	8	6	106	7	0.31	fuzzy
6	103	10	6	106	8	0.276	fuzzy
6	103	11					gorresio_only
6	103	12	6	106	10	0.864	matched
6	103	13	6	106	11	0.684	matched
6	103	14	6	106	12	0.674	matched
6	103	15					gorresio_only
6	103	16	6	106	16	0.51	moved
6	103	17	6	106	14	0.321	fuzzy
6	103	18	6	106	15	0.901	matched
6	103	20	6	106	17	0.405	fuzzy
6	103	21	6	106	18	0.659	matched
6	103	22	6	106	19	0.43	fuzzy
6	103	23	6	106	20	0.507	matched
6	104	1	6	107	1	0.342	fuzzy
6	104	2					gorresio_only
6	104	3	6	107	2	0.369	fuzzy
6	104	4	6	107	3	0.471	matched
6	104	5	6	107	4	0.638	matched
6	104	6	6	107	8	0.912	moved
6	104	7	6	107	6	0.835	matched
6	104	8	6	107	7	1.0	matched
6	104	10	6	107	9	0.439	fuzzy
6	104	11	6	107	10	0.81	matched
6	104	12	6	107	11	0.756	matched
6	104	13					gorresio_only
6	104	14					gorresio_only
6	104	15	6	107	14	0.298	fuzzy
6	104	16	6	107	18	0.303	fuzzy
6	104	17					gorresio_only
6	104	18					gorresio_only
6	104	20	6	107	19	0.318	fuzzy
6	104	21					gorresio_only
6	104	22					gorresio_only
6	104	23					gorresio_only
6	104	24					gorresio_only
6	104	25					gorresio_only
6	104	26	6	107	23	0.567	moved
6	104	27					gorresio_only
6	104	28	6	107	22	0.324	fuzzy
6	104	30					gorresio_only
6	104	31					gorresio_only
6	104	32	6	107	24	0.328	fuzzy
6	104	33	6	107	25	0.659	matched
6	104	34					gorresio_only
6	104	35					gorresio_only
6	104	36	6	107	28	0.703	matched
6	104	37	6	107	29	0.52	matched
6	104	38	6	107	30	0.852	matched
6	104	39	6	107	31	0.541	matched
6	104	40					gorresio_only
6	104	41					gorresio_only
6	104	42	6	107	34	0.357	fuzzy
6	104	43					gorresio_only
6	104	44	6	107	35	0.352	fuzzy
6	104	45	6	107	36	0.69	matched
6	104	46					gorresio_only
6	105	1	6	108	8	0.709	moved
6	105	2	6	108	2	0.355	fuzzy
6	105	3					gorresio_only
6	105	4					gorresio_only
6	105	5	6	108	5	0.897	matched
6	105	6					gorresio_only
6	105	7					gorresio_only
6	105	8	6	108	7	0.663	matched
6	105	10	6	108	9	0.663	matched
6	105	11					gorresio_only
6	105	12					gorresio_only
6	105	13					gorresio_only
6	105	14	6	108	10	0.351	fuzzy
6	105	15					gorresio_only
6	105	16					gorresio_only
6	105	17	6	108	12	0.384	fuzzy
6	105	18					gorresio_only
6	105	20					gorresio_only
6	105	21					gorresio_only
6	105	22	6	108	14	0.281	fuzzy
6	105	23	6	108	15	0.632	matched
6	105	24	6	108	16	0.425	fuzzy
6	105	25	6	108	17	0.387	fuzzy
6	105	26	6	108	18	0.49	matched
6	106	1	6	109	1	0.429	fuzzy
6	106	2	6	109	2	0.519	matched
6	106	3	6	109	3	0.297	fuzzy
6	106	4	6	109	4	0.325	fuzzy
6	106	5	6	109	6	0.318	fuzzy
6	106	6					gorresio_only
6	106	7					gorresio_only
6	106	8	6	109	9	0.297	fuzzy
6	106	10	6	109	10	0.495	matched
6	106	11	6	109	11	0.438	fuzzy
6	106	12	6	109	12	0.678	matched
6	106	13	6	109	13	0.308	fuzzy
6	106	14	6	109	14	0.584	matched
6	106	15	6	109	15	0.859	matched
6	106	16					gorresio_only
6	106	17	6	109	18	0.318	fuzzy
6	106	18					gorresio_only
6	106	20					gorresio_only
6	106	21	6	109	20	0.287	fuzzy
6	106	22					gorresio_only
6	106	23	6	109	23	0.256	fuzzy
6	106	24	6	109	24	0.292	fuzzy
6	106	25	6	109	25	0.299	fuzzy
6	106	26	6	109	27	1.0	matched
6	107	1					gorresio_only
6	107	2	6	110	3	0.899	matched
6	107	3					gorresio_only
6	107	4	6	110	5	0.311	fuzzy
6	107	5	6	110	6	0.5	matched
6	107	6	6	110	7	0.393	fuzzy
6	107	7					gorresio_only
6	107	8	6	110	8	0.526	matched
6	107	10	6	110	10	0.677	matched
6	107	11	6	110	11	0.633	matched
6	107	12	6	39	29	0.77	moved
6	107	13	6	110	13	0.281	fuzzy
6	107	14					gorresio_only
6	107	15	6	110	14	0.33	fuzzy
6	107	16					gorresio_only
6	107	17	6	110	16	0.341	fuzzy
6	107	18					gorresio_only
6	107	20	6	110	18	0.442	fuzzy
6	107	21	6	110	19	0.468	matched
6	107	22	6	110	20	0.532	matched
6	107	23	6	110	21	0.369	fuzzy
6	107	24	6	110	22	0.352	fuzzy
6	107	25	6	110	23	0.301	fuzzy
6	108	1	6	111	1	0.547	matched
6	108	2	6	111	2	0.727	matched
6	108	3	6	111	3	0.621	matched
6	108	4	6	111	4	1.0	matched
6	108	5	6	111	5	0.324	fuzzy
6	108	6					gorresio_only
6	108	7	6	111	7	0.343	fuzzy
6	108	8					gorresio_only
6	108	10					gorresio_only
6	108	11					gorresio_only
6	108	12					gorresio_only
6	108	13					gorresio_only
6	108	14	6	111	9	0.667	matched
6	108	15	6	111	10	0.308	fuzzy
6	108	16	6	111	12	0.62	moved
6	108	17	6	111	11	0.427	fuzzy
6	108	18					gorresio_only
6	108	20					gorresio_only
6	108	21	6	111	13	0.392	fuzzy
6	108	22					gorresio_only
6	108	23					gorresio_only
6	108	24	6	111	14	0.575	matched
6	108	25					gorresio_only
6	108	26	6	111	17	0.473	moved
6	108	27	6	111	15	0.398	fuzzy
6	108	28	6	111	16	0.607	matched
6	108	30	6	111	18	0.659	matched
6	108	31					gorresio_only
6	108	32	6	111	19	0.516	matched
6	108	33					gorresio_only
6	108	34	6	111	21	0.402	fuzzy
6	108	35					gorresio_only
6	108	36	6	111	22	0.469	matched
6	108	37	6	111	23	0.625	matched
6	108	38	6	111	24	0.596	matched
6	108	39	6	111	25	0.47	matched
6	108	40					gorresio_only
6	108	41	6	111	26	0.406	fuzzy
6	108	42					gorresio_only
6	108	43	6	111	27	0.333	fuzzy
6	108	44	6	111	28	0.4	fuzzy
6	108	45					gorresio_only
6	108	46	6	111	29	0.583	matched
6	109	1					gorresio_only
6	109	2	6	112	1	0.289	fuzzy
6	109	3	6	112	10	0.521	moved
6	109	4					gorresio_only
6	109	5	6	112	4	0.342	fuzzy
6	109	6					gorresio_only
6	109	7	6	112	8	0.298	fuzzy
6	109	8	6	112	9	0.632	matched
6	109	10	6	112	11	0.604	matched
6	109	11	6	112	12	0.394	fuzzy
6	109	12					gorresio_only
6	109	13					gorresio_only
6	109	14					gorresio_only
6	109	15	6	112	16	0.396	fuzzy
6	109	16					gorresio_only
6	109	17					gorresio_only
6	109	18					gorresio_only
6	109	20	6	113	1	0.27	fuzzy
6	109	21	6	113	2	0.324	fuzzy
6	109	22					gorresio_only
6	109	23					gorresio_only
6	109	24					gorresio_only
6	109	25					gorresio_only
6	109	26					gorresio_only
6	109	27	6	113	12	0.293	fuzzy
6	109	28					gorresio_only
6	109	30					gorresio_only
6	109	31					gorresio_only
6	109	32					gorresio_only
6	109	33	6	113	14	0.342	fuzzy
6	109	34					gorresio_only
6	109	35	6	113	16	0.268	fuzzy
6	109	36					gorresio_only
6	109	37	6	113	17	0.261	fuzzy
6	109	40					gorresio_only
6	109	41					gorresio_only
6	109	42					gorresio_only
6	109	43	6	113	20	0.8	matched
6	109	44	6	113	21	0.474	matched
6	109	45					gorresio_only
6	109	46					gorresio_only
6	109	47					gorresio_only
6	109	48					gorresio_only
6	109	49					gorresio_only
6	109	50					gorresio_only
6	109	51					gorresio_only
6	109	52	6	113	27	0.375	fuzzy
6	109	53	6	113	29	0.645	matched
6	109	54	6	113	30	0.768	matched
6	109	55	6	113	31	0.429	fuzzy
6	109	56	6	113	35	0.567	moved
6	109	57					gorresio_only
6	109	58	6	113	33	0.75	matched
6	109	60	6	113	36	0.296	fuzzy
6	109	61					gorresio_only
6	109	62					gorresio_only
6	109	63	6	113	37	0.489	matched
6	109	64	6	113	38	0.324	fuzzy
6	109	65					gorresio_only
6	109	66	6	113	40	0.787	matched
6	109	67	6	113	41	0.559	matched
6	109	68	6	113	42	0.418	fuzzy
6	109	69					gorresio_only
6	110	1	6	114	1	0.256	fuzzy
6	110	2					gorresio_only
6	110	3	6	114	7	0.85	moved
6	110	4					gorresio_only
6	110	5					gorresio_only
6	110	6	6	114	4	0.379	fuzzy
6	110	7	6	114	5	0.889	matched
6	110	8	6	114	6	0.608	matched
6	110	10					gorresio_only
6	110	11	6	114	9	0.829	matched
6	110	12					gorresio_only
6	110	13	6	114	11	0.564	matched
6	110	14	6	114	12	0.327	fuzzy
6	110	15	6	114	13	0.707	matched
6	110	16					gorresio_only
6	110	17					gorresio_only
6	110	18					gorresio_only
6	110	20					gorresio_only
6	110	21					gorresio_only
6	110	22					gorresio_only
6	110	23					gorresio_only
6	110	24					gorresio_only
6	110	25					gorresio_only
6	110	26					gorresio_only
6	110	27					gorresio_only
6	110	28					gorresio_only
6	110	30					gorresio_only
6	110	31					gorresio_only
6	110	32					gorresio_only
6	110	33					gorresio_only
6	110	34					gorresio_only
6	110	35					gorresio_only
6	110	36	6	114	25	0.515	matched
6	110	37	6	114	26	0.286	fuzzy
6	110	38					gorresio_only
6	110	39					gorresio_only
6	110	40					gorresio_only
6	110	41	6	114	28	0.337	fuzzy
6	110	42					gorresio_only
6	110	43	6	114	30	0.292	fuzzy
6	110	44	6	114	32	0.265	fuzzy
6	110	45					gorresio_only
6	110	46					gorresio_only
6	110	47					gorresio_only
6	110	48					gorresio_only
6	110	49	6	114	36	0.288	fuzzy
6	110	50					gorresio_only
6	110	51	6	114	38	0.615	matched
6	110	52	6	114	39	0.333	fuzzy
6	110	53	6	114	40	0.316	fuzzy
6	110	54	6	114	41	0.393	fuzzy
6	110	55	6	114	42	0.733	matched
6	110	56	6	114	43	0.718	matched
6	110	57	6	114	44	0.293	fuzzy
6	110	58	6	114	45	0.545	matched
6	111	1	6	115	1	0.468	matched
6	111	3	6	115	4	0.404	fuzzy
6	111	4					gorresio_only
6	111	5					gorresio_only
6	111	6	6	115	7	0.721	matched
6	111	7	6	115	8	0.663	matched
6	111	8	6	115	3	0.663	moved
6	111	10	6	115	9	0.355	fuzzy
6	111	11					gorresio_only
6	111	12					gorresio_only
6	111	13					gorresio_only
6	111	14					gorresio_only
6	111	15					gorresio_only
6	111	16					gorresio_only
6	111	17	6	115	11	0.306	fuzzy
6	111	18					gorresio_only
6	111	20					gorresio_only
6	111	21	6	115	19	0.25	fuzzy
6	111	22	6	115	20	0.5	matched
6	111	23	6	115	21	0.5	matched
6	111	24	6	115	22	0.5	matched
6	111	25	6	115	23	0.419	fuzzy
6	111	26					gorresio_only
6	111	28					gorresio_only
6	111	30	6	115	34	0.525	moved
6	111	31					gorresio_only
6	111	32	6	115	36	0.574	moved
6	111	33	6	115	30	0.629	matched
6	111	34	6	115	31	0.449	fuzzy
6	111	35	6	115	32	1.0	matched
6	111	36					gorresio_only
6	111	40	6	115	37	0.486	matched
6	111	41					gorresio_only
6	111	42	6	115	38	0.259	fuzzy
6	111	43					gorresio_only
6	111	44					gorresio_only
6	111	45	6	115	40	0.896	matched
6	111	46	6	115	41	0.563	matched
6	111	47					gorresio_only
6	111	48	6	115	42	0.921	matched
6	111	49	6	115	43	0.254	fuzzy
6	111	50					gorresio_only
6	111	51	6	115	44	0.759	matched
6	111	52	6	115	45	0.659	matched
6	111	53	6	115	46	0.866	matched
6	111	54	6	115	47	0.823	matched
6	111	55	6	115	48	0.432	fuzzy
6	111	56	6	115	49	0.37	fuzzy
6	111	57	6	115	50	0.548	matched
6	111	58					gorresio_only
6	111	59					gorresio_only
6	112	1					gorresio_only
6	112	2					gorresio_only
6	112	3					gorresio_only
6	112	4	6	116	1	0.52	matched
6	112	5	6	116	2	0.593	matched
6	112	6	6	116	6	0.609	moved
6	112	7	6	116	4	0.462	matched
6	112	8	6	116	5	0.772	matched
6	112	10	6	116	14	0.711	moved
6	112	11					gorresio_only
6	112	12	6	116	9	0.443	fuzzy
6	112	13	6	116	10	0.5	matched
6	112	14	6	116	11	0.353	fuzzy
6	112	15	6	116	12	0.252	fuzzy
6	112	16					gorresio_only
6	112	18					gorresio_only
6	112	20	6	116	17	0.49	matched
6	112	21	6	116	18	0.546	matched
6	112	22	6	116	19	0.812	matched
6	112	23	6	116	20	0.582	matched
6	112	24					gorresio_only
6	112	25	6	116	25	0.62	moved
6	112	26					gorresio_only
6	112	27					gorresio_only
6	112	28	6	116	29	0.872	moved
6	112	30	6	116	21	0.339	fuzzy
6	112	31					gorresio_only
6	112	32	6	116	22	0.453	matched
6	112	33	6	116	23	0.788	matched
6	112	34	6	116	31	0.522	matched
6	112	35	6	116	32	0.51	matched
6	112	36					gorresio_only
6	112	37	6	116	34	0.3	fuzzy
6	112	38	6	116	35	0.578	matched
6	112	40	6	116	36	0.297	fuzzy
6	112	41	6	116	37	0.45	matched
6	112	42					gorresio_only
6	112	43					gorresio_only
6	112	44					gorresio_only
6	112	45					gorresio_only
6	112	46					gorresio_only
6	112	47					gorresio_only
6	112	48					gorresio_only
6	112	49					gorresio_only
6	112	50					gorresio_only
6	112	51					gorresio_only
6	112	52					gorresio_only
6	112	53	6	116	41	0.258	fuzzy
6	112	54					gorresio_only
6	112	55					gorresio_only
6	112	56					gorresio_only
6	112	57	6	116	43	0.292	fuzzy
6	112	58					gorresio_only
6	112	60					gorresio_only
6	112	61					gorresio_only
6	112	62	6	116	53	0.36	fuzzy
6	112	63					gorresio_only
6	112	64					gorresio_only
6	112	65					gorresio_only
6	112	66					gorresio_only
6	112	70					gorresio_only
6	112	71					gorresio_only
6	112	72					gorresio_only
6	112	73	6	116	55	0.38	fuzzy
6	112	74					gorresio_only
6	112	75	6	116	56	0.286	fuzzy
6	112	76					gorresio_only
6	112	77					gorresio_only
6	112	78	6	116	26	0.5	moved
6	112	80					gorresio_only
6	112	81					gorresio_only
6	112	82	6	116	62	0.404	fuzzy
6	112	83					gorresio_only
6	112	84					gorresio_only
6	112	85					gorresio_only
6	112	86	6	116	65	0.288	fuzzy
6	112	87	6	116	66	0.303	fuzzy
6	112	88	6	116	67	0.255	fuzzy
6	112	89	6	116	68	0.678	matched
6	112	90					gorresio_only
6	112	91	6	116	70	0.425	fuzzy
6	112	92	6	116	71	0.342	fuzzy
6	112	93	6	116	72	0.589	matched
6	112	94	6	116	73	0.825	matched
6	112	95	6	116	74	0.319	fuzzy
6	112	96	6	116	75	0.31	fuzzy
6	112	97					gorresio_only
6	112	98					gorresio_only
6	112	99					gorresio_only
6	112	100					gorresio_only
6	112	101					gorresio_only
6	112	102					gorresio_only
6	112	103					gorresio_only
6	112	104					gorresio_only
6	112	105					gorresio_only
6	112	106					gorresio_only
6	112	107					gorresio_only
6	112	108					gorresio_only
6	112	109	6	116	78	0.422	fuzzy
6	112	110	6	116	79	0.717	matched
6	113	1					gorresio_only
6	113	2					gorresio_only
6	113	3	6	116	85	0.692	matched
6	113	4					gorresio_only
6	113	5	6	116	87	0.506	matched
6	113	6	6	116	88	0.394	fuzzy
6	113	7	6	116	89	0.342	fuzzy
6	113	8	6	116	90	0.442	fuzzy
6	113	10					gorresio_only
6	113	11	6	116	83	0.678	moved
6	113	12					gorresio_only
6	113	13					gorresio_only
6	113	14					gorresio_only
6	113	15					gorresio_only
6	113	16					gorresio_only
7	1	1					gorresio_only
7	1	2	7	1	2	0.267	fuzzy
7	1	3	7	1	3	0.306	fuzzy
7	1	4					gorresio_only
7	1	6					gorresio_only
7	1	8					gorresio_only
7	1	9	7	1	7	0.515	matched
7	1	10	7	1	8	0.271	fuzzy
7	1	11	7	1	9	0.472	matched
7	1	12					gorresio_only
7	1	14					gorresio_only
7	1	15	7	1	12	0.707	matched
7	1	16					gorresio_only
7	1	17					gorresio_only
7	1	18					gorresio_only
7	1	19					gorresio_only
7	1	20	7	1	16	0.287	fuzzy
7	1	21	7	1	17	0.267	fuzzy
7	1	23					gorresio_only
7	1	25					gorresio_only
7	1	26					gorresio_only
7	1	27					gorresio_only
7	1	31					gorresio_only
7	1	32	7	1	24	0.469	matched
7	1	33	7	1	26	0.584	matched
7	1	34	7	1	27	0.35	fuzzy
7	1	35					gorresio_only
7	2	1					gorresio_only
7	2	2					gorresio_only
7	2	3	7	2	3	0.434	fuzzy
7	2	5					gorresio_only
7	2	6	7	2	6	0.316	fuzzy
7	2	8	7	2	8	0.424	fuzzy
7	2	9					gorresio_only
7	2	10					gorresio_only
7	2	11	7	2	10	0.306	fuzzy
7	2	12					gorresio_only
7	2	13					gorresio_only
7	2	14	7	2	13	0.31	fuzzy
7	2	16	7	2	18	0.458	moved
7	2	17	7	2	16	0.429	fuzzy
7	2	18	7	2	17	0.343	fuzzy
7	2	20					gorresio_only
7	2	23	7	2	22	0.509	matched
7	2	24	7	2	23	0.693	matched
7	2	25	7	2	24	0.274	fuzzy
7	2	26					gorresio_only
7	2	30	7	2	27	0.33	fuzzy
7	2	31					gorresio_only
7	2	32	7	2	29	0.259	fuzzy
7	3	1	7	3	9	0.663	moved
7	3	2	7	3	2	0.564	matched
7	3	5	7	3	7	0.703	moved
7	3	6	7	3	6	0.364	fuzzy
7	3	8	7	3	8	0.372	fuzzy
7	3	9	7	3	1	0.481	moved
7	3	10	7	3	10	0.283	fuzzy
7	3	11	7	3	11	0.252	fuzzy
7	3	12					gorresio_only
7	3	13	7	3	13	0.576	matched
7	3	14	7	3	14	0.375	fuzzy
7	3	15	7	3	15	0.339	fuzzy
7	3	16	7	3	16	0.286	fuzzy
7	3	17	7	3	17	0.608	matched
7	3	18	7	3	18	0.4	fuzzy
7	3	19	7	3	19	0.538	matched
7	3	20					gorresio_only
7	3	22	7	3	21	0.357	fuzzy
7	3	25					gorresio_only
7	3	26					gorresio_only
7	3	28					gorresio_only
7	3	29	7	3	26	0.318	fuzzy
7	3	30	7	3	27	0.477	matched
7	3	31					gorresio_only
7	3	32	7	3	29	0.33	fuzzy
7	3	33	7	3	30	0.427	fuzzy
7	3	34	7	3	31	0.259	fuzzy
7	4	2	7	4	2	0.282	fuzzy
7	4	3					gorresio_only
7	4	5	7	4	4	0.357	fuzzy
7	4	6	7	4	6	0.256	fuzzy
7	4	7	7	4	8	0.256	fuzzy
7	4	9					gorresio_only
7	4	10					gorresio_only
7	4	11	7	4	19	0.724	moved
7	4	12					gorresio_only
7	4	13					gorresio_only
7	4	14	7	4	14	0.308	fuzzy
7	4	15	7	4	15	0.265	fuzzy
7	4	16	7	4	16	0.517	matched
7	4	17	7	4	17	0.333	fuzzy
7	4	18					gorresio_only
7	4	20					gorresio_only
7	4	21	7	4	21	0.433	fuzzy
7	4	22	7	4	22	0.393	fuzzy
7	4	25	7	4	25	0.272	fuzzy
7	4	26					gorresio_only
7	4	27					gorresio_only
7	4	28	7	4	28	0.33	fuzzy
7	4	30					gorresio_only
7	4	31	7	4	31	0.368	fuzzy
7	5	1					gorresio_only
7	5	2					gorresio_only
7	5	5					gorresio_only
7	5	6					gorresio_only
7	5	8					gorresio_only
7	5	9	7	5	1	0.415	fuzzy
7	5	10	7	5	16	0.564	moved
7	5	14	7	5	13	0.255	fuzzy
7	5	15	7	5	14	0.261	fuzzy
7	5	16					gorresio_only
7	5	18					gorresio_only
7	5	19					gorresio_only
7	5	20					gorresio_only
7	5	22					gorresio_only
7	5	23					gorresio_only
7	5	24					gorresio_only
7	5	25					gorresio_only
7	5	26					gorresio_only
7	5	28					gorresio_only
7	5	29					gorresio_only
7	5	30					gorresio_only
7	5	31	7	5	28	0.45	matched
7	5	32	7	5	29	0.49	matched
7	5	33	7	5	30	0.317	fuzzy
7	5	34	7	5	31	0.535	matched
7	5	35					gorresio_only
7	5	36					gorresio_only
7	5	37	7	5	33	0.295	fuzzy
7	5	38					gorresio_only
7	5	40					gorresio_only
7	5	41					gorresio_only
7	5	42	7	5	39	0.489	matched
7	5	43	7	5	40	0.36	fuzzy
7	5	45	7	5	41	0.277	fuzzy
7	6	1					gorresio_only
7	6	2	7	6	2	0.318	fuzzy
7	6	3					gorresio_only
7	6	4					gorresio_only
7	6	5					gorresio_only
7	6	6	7	6	6	0.324	fuzzy
7	6	7	7	6	7	0.406	fuzzy
7	6	8	7	6	8	0.429	fuzzy
7	6	9					gorresio_only
7	6	10	7	6	10	0.31	fuzzy
7	6	11					gorresio_only
7	6	14					gorresio_only
7	6	15	7	6	15	0.415	fuzzy
7	6	16	7	6	16	0.321	fuzzy
7	6	18	7	6	18	0.272	fuzzy
7	6	19					gorresio_only
7	6	20					gorresio_only
7	6	21					gorresio_only
7	6	22	7	6	23	0.424	fuzzy
7	6	24	7	6	24	0.373	fuzzy
7	6	25					gorresio_only
7	6	26	7	6	26	0.593	matched
7	6	28	7	6	28	0.289	fuzzy
7	6	30	7	6	30	0.411	fuzzy
7	6	31					gorresio_only
7	6	32					gorresio_only
7	6	34					gorresio_only
7	6	35					gorresio_only
7	6	36					gorresio_only
7	6	38					gorresio_only
7	6	40					gorresio_only
7	6	41					gorresio_only
7	6	42					gorresio_only
7	6	43					gorresio_only
7	6	45					gorresio_only
7	6	46					gorresio_only
7	6	47					gorresio_only
7	6	50					gorresio_only
7	6	51					gorresio_only
7	6	52					gorresio_only
7	6	55					gorresio_only
7	6	56	7	6	49	0.547	matched
7	6	57	7	6	50	0.488	matched
7	6	58	7	6	51	0.398	fuzzy
7	6	59					gorresio_only
7	6	60					gorresio_only
7	6	61					gorresio_only
7	6	62					gorresio_only
7	6	63					gorresio_only
7	6	64	7	6	55	0.376	fuzzy
7	7	2	7	7	3	0.465	matched
7	7	5					gorresio_only
7	7	6	7	7	9	0.308	fuzzy
7	7	7					gorresio_only
7	7	8					gorresio_only
7	7	9					gorresio_only
7	7	10	7	7	10	0.387	fuzzy
7	7	12					gorresio_only
7	7	13	7	7	13	0.46	matched
7	7	14					gorresio_only
7	7	15					gorresio_only
7	7	16					gorresio_only
7	7	18	7	7	17	0.324	fuzzy
7	7	19	7	7	18	0.297	fuzzy
7	7	20					gorresio_only
7	7	21					gorresio_only
7	7	22					gorresio_only
7	7	23	7	7	22	0.259	fuzzy
7	7	24					gorresio_only
7	7	25					gorresio_only
7	7	26					gorresio_only
7	7	28					gorresio_only
7	7	30					gorresio_only
7	7	31					gorresio_only
7	7	33					gorresio_only
7	7	34	7	7	29	0.436	fuzzy
7	7	35	7	7	30	0.485	matched
7	7	36					gorresio_only
7	7	37					gorresio_only
7	7	38					gorresio_only
7	7	39					gorresio_only
7	7	40					gorresio_only
7	7	41	7	7	35	0.417	fuzzy
7	7	42	7	7	38	0.429	fuzzy
7	7	43	7	7	39	0.465	matched
7	7	44	7	7	40	0.605	matched
7	7	45	7	7	41	0.31	fuzzy
7	7	46					gorresio_only
7	7	49					gorresio_only
7	7	50	7	7	45	0.391	fuzzy
7	7	51	7	7	46	0.331	fuzzy
7	7	52					gorresio_only
7	7	53	7	7	48	0.369	fuzzy
7	7	54	7	7	49	0.553	matched
7	7	55					gorresio_only
7	7	56					gorresio_only
7	8	1					gorresio_only
7	8	2	7	8	2	0.505	matched
7	8	3	7	8	3	0.27	fuzzy
7	8	5	7	8	6	0.491	matched
7	8	6					gorresio_only
7	8	8	7	8	7	0.343	fuzzy
7	8	10	7	8	9	0.26	fuzzy
7	8	14	7	8	13	0.333	fuzzy
7	8	15	7	8	16	0.293	fuzzy
7	8	16					gorresio_only
7	8	19	7	8	10	0.485	moved
7	8	20	7	8	19	0.36	fuzzy
7	8	22	7	8	21	0.361	fuzzy
7	8	23	7	8	22	0.495	matched
7	8	24					gorresio_only
7	8	25	7	8	23	0.316	fuzzy
7	8	26	7	8	24	0.306	fuzzy
7	8	27	7	8	25	0.357	fuzzy
7	8	29					gorresio_only
7	8	30					gorresio_only
7	8	31					gorresio_only
7	9	2					gorresio_only
7	9	3					gorresio_only
7	9	5					gorresio_only
7	9	6					gorresio_only
7	9	7					gorresio_only
7	9	8					gorresio_only
7	9	9	7	9	1	0.357	fuzzy
7	9	10					gorresio_only
7	9	11					gorresio_only
7	9	13	7	9	8	0.352	fuzzy
7	9	15	7	9	10	0.446	fuzzy
7	9	16	7	9	11	0.485	matched
7	9	17	7	9	12	0.259	fuzzy
7	9	18	7	9	13	0.353	fuzzy
7	9	19					gorresio_only
7	9	20					gorresio_only
7	9	21	7	9	16	0.444	fuzzy
7	9	23	7	9	17	0.34	fuzzy
7	9	24					gorresio_only
7	9	25					gorresio_only
7	9	28					gorresio_only
7	9	29	7	9	22	0.252	fuzzy
7	9	31					gorresio_only
7	9	32					gorresio_only
7	9	33	7	9	25	0.639	matched
7	9	34	7	9	26	0.414	fuzzy
7	9	35					gorresio_only
7	9	38	7	9	29	0.302	fuzzy
7	9	39					gorresio_only
7	9	40					gorresio_only
7	9	41	7	9	33	0.379	fuzzy
7	9	42	7	9	34	0.336	fuzzy
7	9	43	7	9	35	0.526	matched
7	9	44	7	9	36	0.348	fuzzy
7	9	45					gorresio_only
7	10	2	7	10	2	0.455	matched
7	10	5					gorresio_only
7	10	6	7	10	6	0.467	matched
7	10	7	7	10	7	0.277	fuzzy
7	10	8					gorresio_only
7	10	9	7	10	9	0.636	matched
7	10	10	7	10	10	0.265	fuzzy
7	10	11					gorresio_only
7	10	13	7	10	13	0.511	matched
7	10	15	7	10	15	0.446	fuzzy
7	10	16					gorresio_only
7	10	17	7	10	16	0.34	fuzzy
7	10	18					gorresio_only
7	10	21					gorresio_only
7	10	22	7	10	20	0.289	fuzzy
7	10	23	7	10	21	0.279	fuzzy
7	10	25	7	10	22	0.408	fuzzy
7	10	26	7	10	23	0.479	matched
7	10	27	7	10	24	0.358	fuzzy
7	10	28	7	10	25	0.276	fuzzy
7	10	29					gorresio_only
7	10	30					gorresio_only
7	10	31	7	10	27	0.295	fuzzy
7	10	32	7	10	28	0.35	fuzzy
7	10	33					gorresio_only
7	10	34	7	10	30	0.455	matched
7	10	36					gorresio_only
7	10	37	7	10	32	0.362	fuzzy
7	10	38	7	10	33	0.444	fuzzy
7	10	41					gorresio_only
7	10	42	7	10	36	0.257	fuzzy
7	10	45					gorresio_only
7	10	48					gorresio_only
7	10	49					gorresio_only
7	10	50					gorresio_only
7	10	52	7	10	42	0.485	matched
7	11	2					gorresio_only
7	11	3	7	11	3	0.281	fuzzy
7	11	4	7	11	4	0.364	fuzzy
7	11	6	7	11	6	0.335	fuzzy
7	11	7	7	11	7	0.625	matched
7	11	8	7	11	8	0.637	matched
7	11	9					gorresio_only
7	11	10	7	11	9	0.511	matched
7	11	11					gorresio_only
7	11	12					gorresio_only
7	11	15	7	11	13	0.314	fuzzy
7	11	16					gorresio_only
7	11	17	7	11	15	0.485	matched
7	11	18					gorresio_only
7	11	20	7	11	17	0.378	fuzzy
7	11	22	7	11	19	0.373	fuzzy
7	11	23	7	11	20	0.762	matched
7	11	25					gorresio_only
7	11	28					gorresio_only
7	11	29	7	11	18	0.505	moved
7	11	30	7	11	24	0.265	fuzzy
7	11	31					gorresio_only
7	11	32					gorresio_only
7	11	33					gorresio_only
7	11	34					gorresio_only
7	11	35	7	11	33	0.371	fuzzy
7	11	36	7	11	35	0.469	moved
7	11	38	7	11	34	0.307	fuzzy
7	11	40					gorresio_only
7	11	43					gorresio_only
7	11	44					gorresio_only
7	11	45					gorresio_only
7	11	46	7	11	37	0.264	fuzzy
7	11	48					gorresio_only
7	11	49					gorresio_only
7	11	50	7	11	40	0.478	matched
7	11	51	7	11	41	0.394	fuzzy
7	12	2					gorresio_only
7	12	3	7	12	3	0.349	fuzzy
7	12	5	7	12	7	0.408	fuzzy
7	12	6					gorresio_only
7	12	8					gorresio_only
7	12	10					gorresio_only
7	12	11					gorresio_only
7	12	12	7	12	12	0.336	fuzzy
7	12	13	7	12	13	0.542	matched
7	12	15					gorresio_only
7	12	16					gorresio_only
7	12	17					gorresio_only
7	12	18	7	12	14	0.485	matched
7	12	20					gorresio_only
7	12	22					gorresio_only
7	12	25					gorresio_only
7	12	26	7	12	24	0.33	fuzzy
7	12	27	7	12	25	0.454	matched
7	12	28					gorresio_only
7	12	29					gorresio_only
7	12	30					gorresio_only
7	12	31	7	12	28	0.488	matched
7	12	32	7	12	29	0.298	fuzzy
7	13	1	7	13	1	0.485	matched
7	13	2	7	13	2	0.6	matched
7	13	3	7	13	3	0.431	fuzzy
7	13	5					gorresio_only
7	13	6					gorresio_only
7	13	8	7	13	4	0.264	fuzzy
7	13	9	7	13	9	0.318	fuzzy
7	13	10					gorresio_only
7	13	11					gorresio_only
7	13	12					gorresio_only
7	13	13	7	13	13	0.573	matched
7	13	14					gorresio_only
7	13	16					gorresio_only
7	13	17					gorresio_only
7	13	18	7	13	18	0.425	fuzzy
7	13	20					gorresio_only
7	13	22	7	13	22	0.311	fuzzy
7	13	23	7	13	23	0.281	fuzzy
7	13	26					gorresio_only
7	13	28	7	13	28	0.292	fuzzy
7	13	29					gorresio_only
7	13	30					gorresio_only
7	13	31					gorresio_only
7	13	32	7	13	32	0.396	fuzzy
7	13	33					gorresio_only
7	13	34					gorresio_only
7	13	37					gorresio_only
7	13	38					gorresio_only
7	13	39					gorresio_only
7	13	40					gorresio_only
7	13	41	7	13	39	0.336	fuzzy
7	14	2	7	14	2	0.564	matched
7	14	3	7	14	3	0.448	fuzzy
7	14	5					gorresio_only
7	14	6	7	14	5	0.259	fuzzy
7	14	7					gorresio_only
7	14	8	7	14	7	0.252	fuzzy
7	14	9					gorresio_only
7	14	10					gorresio_only
7	14	11	7	14	10	0.28	fuzzy
7	14	14	7	14	12	0.301	fuzzy
7	14	15					gorresio_only
7	14	16					gorresio_only
7	14	19					gorresio_only
7	14	20					gorresio_only
7	14	21					gorresio_only
7	14	22					gorresio_only
7	14	23					gorresio_only
7	14	24					gorresio_only
7	14	25	7	14	22	0.495	matched
7	14	26					gorresio_only
7	14	27					gorresio_only
7	14	28					gorresio_only
7	14	29					gorresio_only
7	15	2					gorresio_only
7	15	5					gorresio_only
7	15	6					gorresio_only
7	15	8					gorresio_only
7	15	9					gorresio_only
7	15	10					gorresio_only
7	15	12					gorresio_only
7	15	13					gorresio_only
7	15	15					gorresio_only
7	15	17					gorresio_only
7	15	18					gorresio_only
7	15	19					gorresio_only
7	15	20	7	15	15	0.262	fuzzy
7	15	21	7	15	16	0.475	matched
7	15	24	7	15	19	0.343	fuzzy
7	15	25					gorresio_only
7	15	26	7	15	21	0.3	fuzzy
7	15	28					gorresio_only
7	15	29					gorresio_only
7	15	30					gorresio_only
7	15	31					gorresio_only
7	15	33					gorresio_only
7	15	34	7	15	27	0.41	fuzzy
7	15	35	7	15	28	0.291	fuzzy
7	15	36	7	15	30	0.339	fuzzy
7	15	38					gorresio_only
7	15	40					gorresio_only
7	15	41					gorresio_only
7	16	1					gorresio_only
7	16	2	7	16	2	0.327	fuzzy
7	16	3	7	16	3	0.275	fuzzy
7	16	4					gorresio_only
7	16	5					gorresio_only
7	16	6					gorresio_only
7	16	8					gorresio_only
7	16	10	7	16	9	0.328	fuzzy
7	16	11					gorresio_only
7	16	14					gorresio_only
7	16	15					gorresio_only
7	16	16					gorresio_only
7	16	17					gorresio_only
7	16	18					gorresio_only
7	16	19					gorresio_only
7	16	20					gorresio_only
7	16	22					gorresio_only
7	16	23					gorresio_only
7	16	24					gorresio_only
7	16	25					gorresio_only
7	16	26					gorresio_only
7	16	27					gorresio_only
7	16	28					gorresio_only
7	16	30					gorresio_only
7	16	31					gorresio_only
7	16	32	7	16	27	0.267	fuzzy
7	16	33					gorresio_only
7	16	34					gorresio_only
7	17	1					gorresio_only
7	17	2	7	17	2	0.314	fuzzy
7	17	5	7	17	5	0.302	fuzzy
7	17	8	7	17	6	0.527	matched
7	17	9					gorresio_only
7	17	10	7	17	8	0.639	matched
7	17	12	7	17	10	0.314	fuzzy
7	17	13					gorresio_only
7	17	14	7	17	12	0.338	fuzzy
7	17	15	7	17	13	0.277	fuzzy
7	17	16					gorresio_only
7	17	17					gorresio_only
7	17	19					gorresio_only
7	17	20					gorresio_only
7	17	21					gorresio_only
7	17	23					gorresio_only
7	17	25	7	17	24	0.354	fuzzy
7	17	26					gorresio_only
7	17	28	7	17	25	0.272	fuzzy
7	17	29					gorresio_only
7	17	30	7	17	27	0.387	fuzzy
7	17	32					gorresio_only
7	17	33					gorresio_only
7	17	35					gorresio_only
7	17	36					gorresio_only
7	17	37					gorresio_only
7	17	39					gorresio_only
7	17	40					gorresio_only
7	18	1					gorresio_only
7	18	2					gorresio_only
7	18	5	7	18	5	0.547	matched
7	18	6					gorresio_only
7	18	7	7	18	6	0.406	fuzzy
7	18	8	7	18	7	0.318	fuzzy
7	18	9					gorresio_only
7	18	10					gorresio_only
7	18	12					gorresio_only
7	18	13					gorresio_only
7	18	16	7	18	14	0.308	fuzzy
7	18	17					gorresio_only
7	18	18	7	18	16	0.338	fuzzy
7	18	19					gorresio_only
7	18	20					gorresio_only
7	18	23					gorresio_only
7	18	24					gorresio_only
7	18	25	7	18	22	0.683	matched
7	18	26	7	18	27	0.294	fuzzy
7	18	27	7	18	28	0.342	fuzzy
7	18	29					gorresio_only
7	18	30	7	18	31	0.483	matched
7	18	31	7	18	32	0.385	fuzzy
7	18	33					gorresio_only
7	18	34					gorresio_only
7	18	36	7	18	33	0.297	fuzzy
7	19	1					gorresio_only
7	19	2	7	19	2	0.287	fuzzy
7	19	3					gorresio_only
7	19	4					gorresio_only
7	19	5	7	19	6	0.286	fuzzy
7	19	8					gorresio_only
7	19	9					gorresio_only
7	19	12					gorresio_only
7	19	13					gorresio_only
7	19	17	7	19	15	0.289	fuzzy
7	19	18					gorresio_only
7	19	19					gorresio_only
7	19	20					gorresio_only
7	19	21					gorresio_only
7	19	22					gorresio_only
7	19	23					gorresio_only
7	19	24					gorresio_only
7	19	25	7	19	22	0.269	fuzzy
7	19	26					gorresio_only
7	19	27	7	19	23	0.478	matched
7	19	28	7	19	24	0.276	fuzzy
7	19	29					gorresio_only
7	19	30					gorresio_only
7	19	31					gorresio_only
7	20	1					gorresio_only
7	20	2	7	31	2	0.495	moved
7	20	3					gorresio_only
7	20	5					gorresio_only
7	20	6					gorresio_only
7	20	7	7	31	6	0.531	moved
7	20	8					gorresio_only
7	20	9					gorresio_only
7	20	10					gorresio_only
7	20	11					gorresio_only
7	20	12					gorresio_only
7	20	13					gorresio_only
7	20	15					gorresio_only
7	20	17					gorresio_only
7	20	18					gorresio_only
7	20	20					gorresio_only
7	20	22					gorresio_only
7	20	25					gorresio_only
7	20	26	7	31	24	0.582	moved
7	20	27					gorresio_only
7	20	28					gorresio_only
7	20	29					gorresio_only
7	20	30					gorresio_only
7	20	31					gorresio_only
7	20	32					gorresio_only
7	20	33					gorresio_only
7	20	34					gorresio_only
7	20	35					gorresio_only
7	20	36					gorresio_only
7	20	37					gorresio_only
7	20	38					gorresio_only
7	20	39					gorresio_only
7	20	40					gorresio_only
7	20	41					gorresio_only
7	20	42					gorresio_only
7	20	43					gorresio_only
7	20	44					gorresio_only
7	21	1					gorresio_only
7	21	2					gorresio_only
7	21	3					gorresio_only
7	21	5					gorresio_only
7	21	6	7	32	6	0.635	moved
7	21	7					gorresio_only
7	21	8					gorresio_only
7	21	9					gorresio_only
7	21	10					gorresio_only
7	21	12					gorresio_only
7	21	13					gorresio_only
7	21	14	7	32	14	0.551	moved
7	21	15					gorresio_only
7	21	16	7	32	16	0.455	moved
7	21	17					gorresio_only
7	21	18					gorresio_only
7	21	20	7	32	20	0.52	moved
7	21	21					gorresio_only
7	21	22					gorresio_only
7	21	24					gorresio_only
7	21	25					gorresio_only
7	21	26					gorresio_only
7	21	28					gorresio_only
7	21	29	7	32	23	0.475	moved
7	21	30					gorresio_only
7	21	32					gorresio_only
7	21	33					gorresio_only
7	21	34					gorresio_only
7	21	35					gorresio_only
7	21	36					gorresio_only
7	21	38					gorresio_only
7	21	39					gorresio_only
7	21	40					gorresio_only
7	21	41					gorresio_only
7	21	42					gorresio_only
7	21	43					gorresio_only
7	21	45					gorresio_only
7	21	46					gorresio_only
7	21	47					gorresio_only
7	21	48					gorresio_only
7	21	49					gorresio_only
7	21	50					gorresio_only
7	21	51					gorresio_only
7	21	52					gorresio_only
7	21	53					gorresio_only
7	21	55					gorresio_only
7	21	56					gorresio_only
7	21	57					gorresio_only
7	21	58					gorresio_only
7	21	59					gorresio_only
7	21	60					gorresio_only
7	21	61					gorresio_only
7	21	62					gorresio_only
7	21	63					gorresio_only
7	21	64					gorresio_only
7	21	65					gorresio_only
7	21	66					gorresio_only
7	21	67					gorresio_only
7	21	70					gorresio_only
7	21	71					gorresio_only
7	21	72					gorresio_only
7	21	73					gorresio_only
7	21	74					gorresio_only
7	22	1					gorresio_only
7	22	2					gorresio_only
7	22	3					gorresio_only
7	22	5					gorresio_only
7	22	6					gorresio_only
7	22	8					gorresio_only
7	22	9					gorresio_only
7	22	10					gorresio_only
7	22	11					gorresio_only
7	22	16					gorresio_only
7	22	17					gorresio_only
7	22	18					gorresio_only
7	22	19					gorresio_only
7	22	20					gorresio_only
7	22	21					gorresio_only
7	22	23					gorresio_only
7	23	1	7	34	1	0.463	moved
7	23	2					gorresio_only
7	23	5					gorresio_only
7	23	6	7	34	6	0.465	moved
7	23	7					gorresio_only
7	23	8					gorresio_only
7	23	9					gorresio_only
7	23	10					gorresio_only
7	23	11					gorresio_only
7	23	13					gorresio_only
7	23	14					gorresio_only
7	23	15					gorresio_only
7	23	17					gorresio_only
7	23	18					gorresio_only
7	23	19					gorresio_only
7	23	20					gorresio_only
7	23	23					gorresio_only
7	23	24					gorresio_only
7	23	25					gorresio_only
7	23	26					gorresio_only
7	23	28					gorresio_only
7	23	29					gorresio_only
7	23	30					gorresio_only
7	23	31					gorresio_only
7	23	34					gorresio_only
7	23	35					gorresio_only
7	23	36					gorresio_only
7	23	37					gorresio_only
7	23	38					gorresio_only
7	23	39					gorresio_only
7	23	40					gorresio_only
7	23	41					gorresio_only
7	23	42	7	34	39	0.608	moved
7	23	43					gorresio_only
7	23	45					gorresio_only
7	23	46					gorresio_only
7	23	47	7	34	43	0.582	moved
7	23	48					gorresio_only
7	24	2					gorresio_only
7	24	5					gorresio_only
7	24	6	7	20	6	0.516	matched
7	24	7					gorresio_only
7	24	8					gorresio_only
7	24	9					gorresio_only
7	24	10					gorresio_only
7	24	11					gorresio_only
7	24	12					gorresio_only
7	24	13					gorresio_only
7	24	14					gorresio_only
7	24	15					gorresio_only
7	24	17					gorresio_only
7	24	18					gorresio_only
7	24	20					gorresio_only
7	24	21					gorresio_only
7	24	23					gorresio_only
7	24	24					gorresio_only
7	24	25					gorresio_only
7	24	26					gorresio_only
7	24	28					gorresio_only
7	24	29					gorresio_only
7	24	30					gorresio_only
7	24	31					gorresio_only
7	24	32					gorresio_only
7	25	1					gorresio_only
7	25	2	7	21	2	0.391	fuzzy
7	25	3	7	21	3	0.282	fuzzy
7	25	5					gorresio_only
7	25	6	7	21	5	0.338	fuzzy
7	25	8	7	21	8	0.38	fuzzy
7	25	10					gorresio_only
7	25	12					gorresio_only
7	25	13					gorresio_only
7	25	15					gorresio_only
7	25	16					gorresio_only
7	25	19					gorresio_only
7	25	20					gorresio_only
7	25	21	7	21	9	0.56	matched
7	25	22	7	21	11	0.394	fuzzy
7	25	23					gorresio_only
7	25	24	7	21	12	0.4	fuzzy
7	25	25					gorresio_only
7	25	26	7	21	13	0.299	fuzzy
7	25	27					gorresio_only
7	25	29					gorresio_only
7	25	30					gorresio_only
7	25	31	7	21	26	0.313	fuzzy
7	25	36					gorresio_only
7	25	37					gorresio_only
7	25	38					gorresio_only
7	25	40					gorresio_only
7	25	41					gorresio_only
7	25	42	7	21	27	0.282	fuzzy
7	26	2					gorresio_only
7	26	3					gorresio_only
7	26	5					gorresio_only
7	26	6					gorresio_only
7	26	8					gorresio_only
7	26	9	7	22	7	0.382	fuzzy
7	26	10					gorresio_only
7	26	11					gorresio_only
7	26	12	7	22	10	0.408	fuzzy
7	26	14					gorresio_only
7	26	16					gorresio_only
7	26	17	7	22	15	0.319	fuzzy
7	26	18					gorresio_only
7	26	20	7	22	18	0.482	matched
7	26	23					gorresio_only
7	26	24					gorresio_only
7	26	25					gorresio_only
7	26	26					gorresio_only
7	26	27					gorresio_only
7	26	28	7	22	23	0.33	fuzzy
7	26	29					gorresio_only
7	26	30					gorresio_only
7	26	31					gorresio_only
7	26	32	7	22	27	0.346	fuzzy
7	26	33					gorresio_only
7	26	35					gorresio_only
7	26	36					gorresio_only
7	26	37					gorresio_only
7	26	38					gorresio_only
7	26	40					gorresio_only
7	26	44	7	22	36	0.27	fuzzy
7	26	45					gorresio_only
7	26	46	7	22	39	0.5	matched
7	26	48	7	22	41	0.321	fuzzy
7	26	49					gorresio_only
7	26	50					gorresio_only
7	27	1					gorresio_only
7	27	2	7	23	2	0.303	fuzzy
7	27	3	7	23	3	0.304	fuzzy
7	27	5					gorresio_only
7	27	6	7	23	6	0.394	fuzzy
7	27	7					gorresio_only
7	27	8	7	23	7	0.62	matched
7	27	10	7	23	9	0.638	matched
7	27	12	7	23	11	0.297	fuzzy
7	27	13	7	23	12	0.448	fuzzy
7	27	15	7	23	14	0.254	fuzzy
7	27	16					gorresio_only
7	27	17	7	23	16	0.525	matched
7	27	18					gorresio_only
7	27	19					gorresio_only
7	27	20					gorresio_only
7	27	21					gorresio_only
7	27	22					gorresio_only
7	27	23					gorresio_only
7	27	24	7	23	22	0.391	fuzzy
7	27	25	7	23	23	0.325	fuzzy
7	27	27					gorresio_only
7	27	28	7	23	26	0.373	fuzzy
7	27	30					gorresio_only
7	27	32					gorresio_only
7	27	33	7	23	30	0.343	fuzzy
7	27	35					gorresio_only
7	27	36	7	23	33	0.276	fuzzy
7	27	38	7	23	35	0.434	fuzzy
7	27	39					gorresio_only
7	27	40					gorresio_only
7	27	42	7	23	38	0.265	fuzzy
7	27	43					gorresio_only
7	27	44	7	23	41	0.406	fuzzy
7	27	45	7	23	42	0.286	fuzzy
7	27	46					gorresio_only
7	27	49					gorresio_only
7	27	50					gorresio_only
7	27	51					gorresio_only
7	28	2					gorresio_only
7	28	3					gorresio_only
7	28	5					gorresio_only
7	28	6					gorresio_only
7	28	8					gorresio_only
7	28	10					gorresio_only
7	28	11					gorresio_only
7	28	12					gorresio_only
7	28	13					gorresio_only
7	28	14					gorresio_only
7	28	15					gorresio_only
7	28	16					gorresio_only
7	28	17					gorresio_only
7	28	18					gorresio_only
7	28	22					gorresio_only
7	28	24					gorresio_only
7	28	25					gorresio_only
7	28	26					gorresio_only
7	28	27					gorresio_only
7	28	29					gorresio_only
7	28	30					gorresio_only
7	28	31					gorresio_only
7	28	32					gorresio_only
7	28	33					gorresio_only
7	28	34					gorresio_only
7	28	35					gorresio_only
7	28	36					gorresio_only
7	28	40					gorresio_only
7	28	41					gorresio_only
7	28	42					gorresio_only
7	28	43					gorresio_only
7	28	45					gorresio_only
7	28	49					gorresio_only
7	28	50					gorresio_only
7	28	53					gorresio_only
7	28	55					gorresio_only
7	28	56					gorresio_only
7	28	57					gorresio_only
7	28	58					gorresio_only
7	28	59					gorresio_only
7	28	60					gorresio_only
7	28	61					gorresio_only
7	29	1					gorresio_only
7	29	2					gorresio_only
7	29	3					gorresio_only
7	29	4					gorresio_only
7	29	5					gorresio_only
7	29	8					gorresio_only
7	29	10					gorresio_only
7	29	11					gorresio_only
7	29	12					gorresio_only
7	29	13					gorresio_only
7	29	14					gorresio_only
7	29	15					gorresio_only
7	29	16					gorresio_only
7	29	17					gorresio_only
7	29	18					gorresio_only
7	29	19					gorresio_only
7	29	20					gorresio_only
7	29	21					gorresio_only
7	29	22					gorresio_only
7	29	23					gorresio_only
7	29	25					gorresio_only
7	29	26					gorresio_only
7	29	27					gorresio_only
7	29	28					gorresio_only
7	29	30					gorresio_only
7	29	31					gorresio_only
7	29	32					gorresio_only
7	29	33					gorresio_only
7	29	34					gorresio_only
7	29	35					gorresio_only
7	29	36					gorresio_only
7	29	37					gorresio_only
7	29	38					gorresio_only
7	29	39					gorresio_only
7	29	40					gorresio_only
7	29	42					gorresio_only
7	29	43					gorresio_only
7	29	44					gorresio_only
7	29	45					gorresio_only
7	29	48					gorresio_only
7	29	50					gorresio_only
7	29	51					gorresio_only
7	29	53					gorresio_only
7	29	55					gorresio_only
7	29	56					gorresio_only
7	29	57					gorresio_only
7	29	58					gorresio_only
7	29	59					gorresio_only
7	29	60					gorresio_only
7	29	61					gorresio_only
7	30	1					gorresio_only
7	30	2					gorresio_only
7	30	3					gorresio_only
7	30	5					gorresio_only
7	30	6					gorresio_only
7	30	7					gorresio_only
7	30	8					gorresio_only
7	30	9					gorresio_only
7	30	10					gorresio_only
7	30	11					gorresio_only
7	30	12					gorresio_only
7	30	13					gorresio_only
7	30	14					gorresio_only
7	30	15					gorresio_only
7	30	16					gorresio_only
7	30	18					gorresio_only
7	30	20					gorresio_only
7	30	21					gorresio_only
7	30	22					gorresio_only
7	30	23					gorresio_only
7	30	24					gorresio_only
7	30	25					gorresio_only
7	30	26					gorresio_only
7	30	27					gorresio_only
7	30	28					gorresio_only
7	30	29					gorresio_only
7	30	31					gorresio_only
7	30	32					gorresio_only
7	30	35					gorresio_only
7	30	39					gorresio_only
7	30	40					gorresio_only
7	30	41					gorresio_only
7	30	42					gorresio_only
7	30	47					gorresio_only
7	30	48					gorresio_only
7	30	49					gorresio_only
7	30	50					gorresio_only
7	30	51					gorresio_only
7	30	52					gorresio_only
7	31	1					gorresio_only
7	31	2					gorresio_only
7	31	5					gorresio_only
7	31	6					gorresio_only
7	31	8					gorresio_only
7	31	9					gorresio_only
7	31	10					gorresio_only
7	31	15					gorresio_only
7	31	16					gorresio_only
7	31	18					gorresio_only
7	31	19					gorresio_only
7	31	20					gorresio_only
7	31	21					gorresio_only
7	31	23					gorresio_only
7	31	25					gorresio_only
7	31	26					gorresio_only
7	31	27					gorresio_only
7	31	28					gorresio_only
7	31	29					gorresio_only
7	31	30					gorresio_only
7	31	31					gorresio_only
7	31	32					gorresio_only
7	31	33					gorresio_only
7	31	35					gorresio_only
7	31	36					gorresio_only
7	31	37					gorresio_only
7	31	40					gorresio_only
7	31	41					gorresio_only
7	31	42					gorresio_only
7	31	43					gorresio_only
7	31	44					gorresio_only
7	31	50					gorresio_only
7	31	51					gorresio_only
7	31	52					gorresio_only
7	31	53					gorresio_only
7	31	54					gorresio_only
7	31	55					gorresio_only
7	31	57					gorresio_only
7	31	58					gorresio_only
7	31	59					gorresio_only
7	31	60					gorresio_only
7	31	61					gorresio_only
7	31	64					gorresio_only
7	31	65					gorresio_only
7	31	66					gorresio_only
7	31	67					gorresio_only
7	31	68					gorresio_only
7	31	69					gorresio_only
7	31	70					gorresio_only
7	31	71					gorresio_only
7	32	1					gorresio_only
7	32	2					gorresio_only
7	32	3					gorresio_only
7	32	5					gorresio_only
7	32	6					gorresio_only
7	32	7					gorresio_only
7	32	12					gorresio_only
7	32	14	7	24	8	0.373	fuzzy
7	32	15					gorresio_only
7	32	16					gorresio_only
7	32	17					gorresio_only
7	32	18					gorresio_only
7	32	19					gorresio_only
7	32	20					gorresio_only
7	32	21					gorresio_only
7	32	23					gorresio_only
7	32	25					gorresio_only
7	32	26					gorresio_only
7	32	28					gorresio_only
7	32	29					gorresio_only
7	32	31					gorresio_only
7	32	32					gorresio_only
7	32	33					gorresio_only
7	32	35					gorresio_only
7	32	36					gorresio_only
7	32	38					gorresio_only
7	32	40					gorresio_only
7	32	42					gorresio_only
7	33	1					gorresio_only
7	33	2	7	25	2	0.309	fuzzy
7	33	4					gorresio_only
7	33	5					gorresio_only
7	33	6					gorresio_only
7	33	8					gorresio_only
7	33	10	7	25	10	0.336	fuzzy
7	33	12					gorresio_only
7	33	16	7	25	16	0.398	fuzzy
7	33	17					gorresio_only
7	33	18	7	25	18	0.252	fuzzy
7	33	19					gorresio_only
7	33	20	7	25	20	0.384	fuzzy
7	33	23	7	25	22	0.372	fuzzy
7	33	25					gorresio_only
7	33	26					gorresio_only
7	33	29					gorresio_only
7	33	30					gorresio_only
7	33	33					gorresio_only
7	33	34					gorresio_only
7	33	35					gorresio_only
7	33	36	7	25	35	0.441	fuzzy
7	33	38					gorresio_only
7	33	41					gorresio_only
7	33	42					gorresio_only
7	33	43					gorresio_only
7	33	45					gorresio_only
7	33	46					gorresio_only
7	33	48					gorresio_only
7	33	49	7	25	48	0.266	fuzzy
7	33	50	7	25	49	0.295	fuzzy
7	33	51					gorresio_only
7	33	52					gorresio_only
7	34	2					gorresio_only
7	34	3					gorresio_only
7	34	5					gorresio_only
7	34	6	7	26	4	0.291	fuzzy
7	34	7	7	26	5	0.274	fuzzy
7	34	8					gorresio_only
7	34	9					gorresio_only
7	34	10					gorresio_only
7	34	11					gorresio_only
7	34	12					gorresio_only
7	34	13					gorresio_only
7	34	14					gorresio_only
7	34	15					gorresio_only
7	34	16					gorresio_only
7	34	17					gorresio_only
7	34	18					gorresio_only
7	34	19					gorresio_only
7	34	20					gorresio_only
7	34	22					gorresio_only
7	34	23					gorresio_only
7	34	25					gorresio_only
7	34	26					gorresio_only
7	34	28	7	26	27	0.321	fuzzy
7	34	30					gorresio_only
7	34	31					gorresio_only
7	34	38					gorresio_only
7	34	39	7	26	31	0.469	matched
7	34	40	7	26	38	0.354	fuzzy
7	34	45					gorresio_only
7	34	46	7	26	44	0.379	fuzzy
7	34	48					gorresio_only
7	34	49					gorresio_only
7	34	50					gorresio_only
7	35	1					gorresio_only
7	35	2	7	27	2	0.308	fuzzy
7	35	3	7	27	3	0.367	fuzzy
7	35	5					gorresio_only
7	35	6	7	27	6	0.447	fuzzy
7	35	8	7	27	8	0.293	fuzzy
7	35	9	7	27	9	0.402	fuzzy
7	35	10					gorresio_only
7	35	11	7	27	11	0.404	fuzzy
7	35	12					gorresio_only
7	35	13	7	27	13	0.567	matched
7	35	16					gorresio_only
7	35	17					gorresio_only
7	35	18					gorresio_only
7	35	19					gorresio_only
7	35	21					gorresio_only
7	35	22					gorresio_only
7	35	25					gorresio_only
7	35	26	7	27	23	0.34	fuzzy
7	35	28					gorresio_only
7	35	29					gorresio_only
7	35	31					gorresio_only
7	35	33					gorresio_only
7	35	35	7	27	27	0.309	fuzzy
7	35	36					gorresio_only
7	35	37					gorresio_only
7	35	38					gorresio_only
7	35	40	7	27	35	0.317	fuzzy
7	35	41					gorresio_only
7	35	42	7	27	37	0.433	fuzzy
7	35	43					gorresio_only
7	35	44					gorresio_only
7	35	45					gorresio_only
7	35	46					gorresio_only
7	35	47					gorresio_only
7	36	1					gorresio_only
7	36	2					gorresio_only
7	36	5					gorresio_only
7	36	6	7	28	6	0.324	fuzzy
7	36	7	7	28	7	0.315	fuzzy
7	36	8	7	28	8	0.352	fuzzy
7	36	10					gorresio_only
7	36	11	7	28	11	0.4	fuzzy
7	36	15					gorresio_only
7	36	16	7	28	17	0.333	fuzzy
7	36	17					gorresio_only
7	36	19					gorresio_only
7	36	20					gorresio_only
7	36	21					gorresio_only
7	36	25					gorresio_only
7	36	26					gorresio_only
7	36	29	7	28	26	0.296	fuzzy
7	36	30	7	28	28	0.39	fuzzy
7	36	31					gorresio_only
7	36	32	7	28	30	0.5	matched
7	36	33	7	28	31	0.475	matched
7	36	34	7	28	32	0.263	fuzzy
7	36	35					gorresio_only
7	36	36					gorresio_only
7	36	37	7	28	35	0.36	fuzzy
7	36	38					gorresio_only
7	36	40					gorresio_only
7	36	41	7	28	39	0.277	fuzzy
7	36	42	7	28	41	0.279	fuzzy
7	36	43					gorresio_only
7	36	46	7	28	43	0.271	fuzzy
7	36	47	7	28	45	0.351	fuzzy
7	36	48	7	28	46	0.292	fuzzy
7	37	1					gorresio_only
7	37	3					gorresio_only
7	37	5					gorresio_only
7	37	6					gorresio_only
7	37	8	7	29	9	0.26	fuzzy
7	37	9					gorresio_only
7	37	10					gorresio_only
7	37	11	7	29	12	0.33	fuzzy
7	37	12					gorresio_only
7	37	13	7	29	14	0.352	fuzzy
7	37	14					gorresio_only
7	37	15					gorresio_only
7	37	16	7	29	17	0.304	fuzzy
7	37	18	7	29	18	0.301	fuzzy
7	37	19	7	29	20	0.258	fuzzy
7	37	22					gorresio_only
7	37	23					gorresio_only
7	37	24					gorresio_only
7	37	25					gorresio_only
7	37	26					gorresio_only
7	37	27					gorresio_only
7	37	28					gorresio_only
7	37	29	7	29	22	0.345	fuzzy
7	37	30					gorresio_only
7	37	31					gorresio_only
7	37	32					gorresio_only
7	37	33	7	29	32	0.33	fuzzy
7	37	35	7	29	34	0.278	fuzzy
7	37	36					gorresio_only
7	37	37					gorresio_only
7	37	38					gorresio_only
7	37	39					gorresio_only
7	37	40	7	29	39	0.31	fuzzy
7	37	41	7	29	40	0.273	fuzzy
7	38	1	7	30	1	0.411	fuzzy
7	38	2	7	30	2	0.262	fuzzy
7	38	3	7	30	3	0.434	fuzzy
7	38	5					gorresio_only
7	38	6					gorresio_only
7	38	8					gorresio_only
7	38	10					gorresio_only
7	38	11					gorresio_only
7	38	13	7	30	12	0.279	fuzzy
7	38	14	7	30	13	0.346	fuzzy
7	38	15	7	30	14	0.423	fuzzy
7	38	16	7	30	15	0.318	fuzzy
7	38	17					gorresio_only
7	38	18					gorresio_only
7	38	19					gorresio_only
7	38	20					gorresio_only
7	38	22	7	30	21	0.321	fuzzy
7	38	24	7	30	23	0.347	fuzzy
7	38	25	7	30	24	0.36	fuzzy
7	38	26	7	30	25	0.273	fuzzy
7	38	27	7	30	26	0.306	fuzzy
7	38	28					gorresio_only
7	38	30					gorresio_only
7	38	31					gorresio_only
7	38	32					gorresio_only
7	38	33	7	30	32	0.396	fuzzy
7	38	34	7	30	33	0.295	fuzzy
7	38	35	7	30	34	0.299	fuzzy
7	38	36					gorresio_only
7	38	37					gorresio_only
7	38	38	7	30	37	0.51	matched
7	38	40					gorresio_only
7	38	41					gorresio_only
7	38	42					gorresio_only
7	38	45					gorresio_only
7	38	46					gorresio_only
7	38	47					gorresio_only
7	38	48					gorresio_only
7	38	49	7	30	42	0.417	fuzzy
7	38	50					gorresio_only
7	38	51					gorresio_only
7	38	52	7	35	1	0.263	fuzzy
7	38	53	7	35	2	0.388	fuzzy
7	38	54	7	35	3	0.55	matched
7	38	55					gorresio_only
7	38	56	7	35	5	0.56	matched
7	38	57	7	35	6	0.385	fuzzy
7	38	58	7	35	7	0.336	fuzzy
7	38	59	7	35	8	0.34	fuzzy
7	38	60	7	35	9	0.297	fuzzy
7	38	62					gorresio_only
7	38	63	7	35	12	0.261	fuzzy
7	38	65	7	35	14	0.368	fuzzy
7	38	66	7	35	15	0.382	fuzzy
7	38	68	7	35	13	0.479	moved
7	38	69					gorresio_only
7	38	70					gorresio_only
7	38	71					gorresio_only
7	38	72	7	35	20	0.261	fuzzy
7	38	73					gorresio_only
7	38	74					gorresio_only
7	38	75	7	35	23	0.299	fuzzy
7	38	76	7	35	24	0.262	fuzzy
7	38	77	7	35	25	0.432	fuzzy
7	38	78					gorresio_only
7	38	79					gorresio_only
7	38	80					gorresio_only
7	38	82	7	35	32	0.315	fuzzy
7	38	84					gorresio_only
7	38	85	7	35	34	0.339	fuzzy
7	38	86					gorresio_only
7	38	87	7	35	36	0.287	fuzzy
7	38	88					gorresio_only
7	38	89	7	35	38	0.318	fuzzy
7	38	90					gorresio_only
7	38	91					gorresio_only
7	38	92					gorresio_only
7	38	93					gorresio_only
7	38	94					gorresio_only
7	38	95	7	35	46	0.39	fuzzy
7	38	96					gorresio_only
7	38	97	7	35	48	0.377	fuzzy
7	38	100					gorresio_only
7	38	103	7	35	51	0.304	fuzzy
7	38	104	7	35	53	0.252	fuzzy
7	38	105					gorresio_only
7	38	106					gorresio_only
7	38	107	7	35	57	0.279	fuzzy
7	38	108	7	35	58	0.363	fuzzy
7	38	109					gorresio_only
7	38	110	7	35	60	0.433	fuzzy
7	38	111	7	35	61	0.484	matched
7	38	112	7	35	62	0.284	fuzzy
7	38	113	7	35	63	0.279	fuzzy
7	38	114					gorresio_only
7	39	1	7	36	9	0.455	moved
7	39	2					gorresio_only
7	39	3	7	36	3	0.254	fuzzy
7	39	5	7	36	5	0.282	fuzzy
7	39	6	7	36	6	0.274	fuzzy
7	39	8					gorresio_only
7	39	10					gorresio_only
7	39	11					gorresio_only
7	39	12	7	36	12	0.634	matched
7	39	13	7	36	13	0.352	fuzzy
7	39	15	7	36	15	0.5	matched
7	39	16	7	36	16	0.356	fuzzy
7	39	17	7	36	17	0.381	fuzzy
7	39	18	7	36	18	0.778	matched
7	39	19	7	36	19	0.37	fuzzy
7	39	20					gorresio_only
7	39	21	7	36	21	0.48	matched
7	39	23					gorresio_only
7	40	1	7	36	25	0.358	fuzzy
7	40	2	7	36	26	0.407	fuzzy
7	40	3	7	36	27	0.473	matched
7	40	5					gorresio_only
7	40	8					gorresio_only
7	40	10					gorresio_only
7	40	11					gorresio_only
7	40	15	7	36	41	0.25	fuzzy
7	40	16					gorresio_only
7	40	18	7	36	42	0.257	fuzzy
7	40	19					gorresio_only
7	40	20	7	36	44	0.312	fuzzy
7	40	21					gorresio_only
7	40	22	7	36	46	0.294	fuzzy
7	40	23					gorresio_only
7	40	24					gorresio_only
7	41	1					gorresio_only
7	41	3					gorresio_only
7	41	5					gorresio_only
7	41	6					gorresio_only
7	41	8					gorresio_only
7	41	9					gorresio_only
7	41	10					gorresio_only
7	41	11					gorresio_only
7	41	13					gorresio_only
7	41	14					gorresio_only
7	41	15					gorresio_only
7	41	16					gorresio_only
7	41	17					gorresio_only
7	41	18					gorresio_only
7	41	19					gorresio_only
7	41	20					gorresio_only
7	41	21					gorresio_only
7	41	22					gorresio_only
7	41	23					gorresio_only
7	41	24					gorresio_only
7	42	1					gorresio_only
7	42	2					gorresio_only
7	42	3					gorresio_only
7	42	5					gorresio_only
7	42	8					gorresio_only
7	42	10					gorresio_only
7	42	13					gorresio_only
7	42	15					gorresio_only
7	42	16					gorresio_only
7	42	17					gorresio_only
7	42	18	7	37	5	0.267	fuzzy
7	42	19					gorresio_only
7	42	20	7	37	7	0.345	fuzzy
7	42	21					gorresio_only
7	42	22	7	37	9	0.379	fuzzy
7	42	24					gorresio_only
7	42	26					gorresio_only
7	42	27					gorresio_only
7	42	28	7	37	15	0.356	fuzzy
7	42	31					gorresio_only
7	42	32	7	38	4	0.426	fuzzy
7	42	34					gorresio_only
7	42	35					gorresio_only
7	42	36	7	38	8	0.547	matched
7	42	37					gorresio_only
7	42	38					gorresio_only
7	42	41					gorresio_only
7	42	42					gorresio_only
7	42	43					gorresio_only
7	42	44					gorresio_only
7	42	45					gorresio_only
7	42	46					gorresio_only
7	42	47					gorresio_only
7	42	48					gorresio_only
7	42	49					gorresio_only
7	42	50					gorresio_only
7	42	51					gorresio_only
7	42	52	7	38	14	0.317	fuzzy
7	42	53	7	38	15	0.295	fuzzy
7	42	54					gorresio_only
7	42	55	7	38	17	0.346	fuzzy
7	43	1					gorresio_only
7	43	2					gorresio_only
7	43	3					gorresio_only
7	43	4					gorresio_only
7	43	5					gorresio_only
7	43	6	7	39	7	0.274	fuzzy
7	43	7					gorresio_only
7	43	8	7	39	9	0.252	fuzzy
7	43	10					gorresio_only
7	43	11					gorresio_only
7	43	12					gorresio_only
7	43	13					gorresio_only
7	43	15					gorresio_only
7	43	18					gorresio_only
7	43	20					gorresio_only
7	43	22					gorresio_only
7	43	23					gorresio_only
7	43	24					gorresio_only
7	43	25					gorresio_only
7	44	2					gorresio_only
7	44	3	7	40	3	0.366	fuzzy
7	44	5	7	40	7	0.463	moved
7	44	6					gorresio_only
7	44	8	7	40	4	0.538	matched
7	44	10					gorresio_only
7	44	11					gorresio_only
7	44	12					gorresio_only
7	44	13					gorresio_only
7	44	14					gorresio_only
7	44	16	7	40	12	0.274	fuzzy
7	44	18					gorresio_only
7	44	20					gorresio_only
7	44	21					gorresio_only
7	45	3					gorresio_only
7	45	5					gorresio_only
7	45	6					gorresio_only
7	45	7					gorresio_only
7	45	8					gorresio_only
7	45	10					gorresio_only
7	45	11					gorresio_only
7	45	12					gorresio_only
7	45	14					gorresio_only
7	45	15					gorresio_only
7	45	16					gorresio_only
7	45	17	7	41	9	0.252	fuzzy
7	45	18	7	41	10	0.292	fuzzy
7	45	19					gorresio_only
7	45	20	7	41	12	0.252	fuzzy
7	45	21					gorresio_only
7	45	24	7	41	16	0.298	fuzzy
7	45	25					gorresio_only
7	45	26					gorresio_only
7	45	27					gorresio_only
7	45	30					gorresio_only
7	45	31	7	41	22	0.373	fuzzy
7	45	32	7	41	23	0.322	fuzzy
7	45	34					gorresio_only
7	45	35	7	41	26	0.398	fuzzy
7	45	36					gorresio_only
7	46	1	7	42	9	0.46	moved
7	46	2					gorresio_only
7	46	3					gorresio_only
7	46	5	7	42	7	0.307	fuzzy
7	46	6					gorresio_only
7	46	8	7	42	8	0.368	fuzzy
7	46	9					gorresio_only
7	46	10	7	42	10	0.355	fuzzy
7	46	11	7	42	11	0.262	fuzzy
7	46	12	7	42	12	0.25	fuzzy
7	46	13	7	42	13	0.271	fuzzy
7	46	14	7	42	14	0.415	fuzzy
7	46	15					gorresio_only
7	46	18					gorresio_only
7	46	20					gorresio_only
7	46	21	7	42	21	0.28	fuzzy
7	46	22	7	42	22	0.273	fuzzy
7	46	23					gorresio_only
7	47	2	7	43	2	0.286	fuzzy
7	47	4					gorresio_only
7	47	5					gorresio_only
7	47	6					gorresio_only
7	47	8					gorresio_only
7	47	9					gorresio_only
7	47	10					gorresio_only
7	47	11					gorresio_only
7	47	12					gorresio_only
7	47	13					gorresio_only
7	47	14					gorresio_only
7	47	15					gorresio_only
7	47	16					gorresio_only
7	47	17					gorresio_only
7	47	18					gorresio_only
7	47	19					gorresio_only
7	48	1					gorresio_only
7	48	2					gorresio_only
7	48	3					gorresio_only
7	48	5	7	44	4	0.264	fuzzy
7	48	6	7	44	6	0.315	fuzzy
7	48	8	7	44	8	0.311	fuzzy
7	48	10	7	44	10	0.252	fuzzy
7	48	12					gorresio_only
7	48	13					gorresio_only
7	48	14					gorresio_only
7	48	15	7	44	15	0.381	fuzzy
7	48	18	7	44	17	0.287	fuzzy
7	48	19	7	44	18	0.333	fuzzy
7	48	20					gorresio_only
7	48	21					gorresio_only
7	48	22					gorresio_only
7	49	1					gorresio_only
7	49	2	7	45	2	0.427	fuzzy
7	49	3	7	45	3	0.3	fuzzy
7	49	5					gorresio_only
7	49	6	7	45	6	0.324	fuzzy
7	49	7					gorresio_only
7	49	8					gorresio_only
7	49	10					gorresio_only
7	49	11					gorresio_only
7	49	13					gorresio_only
7	49	16					gorresio_only
7	49	18	7	45	17	0.267	fuzzy
7	49	20					gorresio_only
7	49	21	7	45	20	0.52	matched
7	49	22					gorresio_only
7	49	23	7	45	22	0.431	fuzzy
7	49	25	7	45	25	0.347	fuzzy
7	49	26	7	45	26	0.43	fuzzy
7	49	28					gorresio_only
7	49	30					gorresio_only
7	49	31	7	46	1	0.36	fuzzy
7	49	33					gorresio_only
7	49	34					gorresio_only
7	49	35					gorresio_only
7	49	37	7	46	6	0.259	fuzzy
7	49	38	7	46	7	0.268	fuzzy
7	49	39					gorresio_only
7	49	40	7	46	9	0.452	matched
7	49	41					gorresio_only
7	49	43					gorresio_only
7	49	46					gorresio_only
7	49	47					gorresio_only
7	50	1					gorresio_only
7	50	2					gorresio_only
7	50	3	7	47	4	0.324	fuzzy
7	50	5					gorresio_only
7	50	6	7	47	7	0.412	fuzzy
7	50	8	7	47	9	0.355	fuzzy
7	50	10					gorresio_only
7	50	11					gorresio_only
7	50	15					gorresio_only
7	50	17					gorresio_only
7	50	18	7	47	14	0.254	fuzzy
7	50	19	7	47	15	0.261	fuzzy
7	50	20					gorresio_only
7	50	21					gorresio_only
7	50	22					gorresio_only
7	51	1					gorresio_only
7	51	2					gorresio_only
7	51	3					gorresio_only
7	51	5	7	48	7	0.312	fuzzy
7	51	6					gorresio_only
7	51	8	7	48	8	0.369	fuzzy
7	51	10					gorresio_only
7	51	11	7	48	11	0.316	fuzzy
7	51	12					gorresio_only
7	51	15					gorresio_only
7	51	16	7	48	13	0.265	fuzzy
7	51	17					gorresio_only
7	51	18	7	48	18	0.255	fuzzy
7	51	19					gorresio_only
7	51	20					gorresio_only
7	51	21					gorresio_only
7	51	22					gorresio_only
7	52	1	7	49	7	0.296	fuzzy
7	52	2					gorresio_only
7	52	3					gorresio_only
7	52	5					gorresio_only
7	52	6					gorresio_only
7	52	7					gorresio_only
7	52	8					gorresio_only
7	52	10					gorresio_only
7	52	11					gorresio_only
7	52	12					gorresio_only
7	52	13					gorresio_only
7	52	14					gorresio_only
7	52	15					gorresio_only
7	52	16					gorresio_only
7	52	17	7	49	13	0.27	fuzzy
7	52	18					gorresio_only
7	52	19					gorresio_only
7	52	20	7	49	16	0.254	fuzzy
7	52	21					gorresio_only
7	52	22					gorresio_only
7	53	1	7	50	8	0.544	moved
7	53	2					gorresio_only
7	53	3	7	50	3	0.586	matched
7	53	5					gorresio_only
7	53	6	7	50	5	0.257	fuzzy
7	53	7	7	50	6	0.4	fuzzy
7	53	8	7	50	7	0.462	matched
7	53	9					gorresio_only
7	53	10	7	50	9	0.29	fuzzy
7	53	15					gorresio_only
7	53	16					gorresio_only
7	53	17					gorresio_only
7	53	18					gorresio_only
7	53	19					gorresio_only
7	53	20					gorresio_only
7	53	23					gorresio_only
7	53	24					gorresio_only
7	54	1					gorresio_only
7	54	3					gorresio_only
7	54	5	7	51	5	0.255	fuzzy
7	54	6	7	51	6	0.33	fuzzy
7	54	7	7	51	7	0.288	fuzzy
7	54	8	7	51	8	0.303	fuzzy
7	54	10	7	51	9	0.331	fuzzy
7	54	12	7	51	10	0.263	fuzzy
7	54	13					gorresio_only
7	54	15	7	51	13	0.261	fuzzy
7	54	16	7	51	14	0.637	matched
7	54	17					gorresio_only
7	54	18	7	51	16	0.267	fuzzy
7	55	1					gorresio_only
7	55	2					gorresio_only
7	55	3					gorresio_only
7	55	4					gorresio_only
7	55	5					gorresio_only
7	55	6					gorresio_only
7	55	8					gorresio_only
7	55	10					gorresio_only
7	55	11					gorresio_only
7	55	13					gorresio_only
7	55	14					gorresio_only
7	55	15					gorresio_only
7	55	16					gorresio_only
7	55	17					gorresio_only
7	55	18					gorresio_only
7	55	20					gorresio_only
7	55	21					gorresio_only
7	55	22					gorresio_only
7	55	23					gorresio_only
7	55	24					gorresio_only
7	56	1					gorresio_only
7	56	2					gorresio_only
7	56	4					gorresio_only
7	56	5					gorresio_only
7	56	6					gorresio_only
7	56	8					gorresio_only
7	56	10					gorresio_only
7	56	14					gorresio_only
7	56	15					gorresio_only
7	56	16					gorresio_only
7	56	17					gorresio_only
7	56	18					gorresio_only
7	56	19					gorresio_only
7	56	20					gorresio_only
7	57	1					gorresio_only
7	57	2					gorresio_only
7	57	3					gorresio_only
7	57	5					gorresio_only
7	57	8					gorresio_only
7	57	9					gorresio_only
7	57	10					gorresio_only
7	57	11					gorresio_only
7	57	12					gorresio_only
7	57	13					gorresio_only
7	57	14					gorresio_only
7	57	15					gorresio_only
7	57	16					gorresio_only
7	57	17					gorresio_only
7	57	18					gorresio_only
7	57	20					gorresio_only
7	57	22					gorresio_only
7	58	2					gorresio_only
7	58	3					gorresio_only
7	58	5					gorresio_only
7	58	6					gorresio_only
7	58	8					gorresio_only
7	58	9					gorresio_only
7	58	10					gorresio_only
7	58	12					gorresio_only
7	58	13					gorresio_only
7	58	16					gorresio_only
7	58	17					gorresio_only
7	58	18					gorresio_only
7	58	19					gorresio_only
7	58	20					gorresio_only
7	58	21					gorresio_only
7	58	22					gorresio_only
7	58	23					gorresio_only
7	58	25					gorresio_only
7	58	26					gorresio_only
7	58	27					gorresio_only
7	58	28					gorresio_only
7	59	2					gorresio_only
7	59	3					gorresio_only
7	59	5					gorresio_only
7	59	6					gorresio_only
7	59	8					gorresio_only
7	59	9					gorresio_only
7	59	10					gorresio_only
7	59	13					gorresio_only
7	59	14					gorresio_only
7	59	15					gorresio_only
7	59	16					gorresio_only
7	59	18					gorresio_only
7	59	19					gorresio_only
7	59	20					gorresio_only
7	59	21					gorresio_only
7	59	22					gorresio_only
7	60	1					gorresio_only
7	60	2					gorresio_only
7	60	5					gorresio_only
7	60	6					gorresio_only
7	60	8					gorresio_only
7	60	11					gorresio_only
7	60	15					gorresio_only
7	60	16					gorresio_only
7	60	22					gorresio_only
7	60	23					gorresio_only
7	61	1					gorresio_only
7	61	3					gorresio_only
7	61	5					gorresio_only
7	61	6					gorresio_only
7	61	8					gorresio_only
7	61	10					gorresio_only
7	61	13					gorresio_only
7	61	14					gorresio_only
7	61	15					gorresio_only
7	61	16					gorresio_only
7	61	17					gorresio_only
7	61	18					gorresio_only
7	61	19					gorresio_only
7	61	20					gorresio_only
7	61	21					gorresio_only
7	62	2					gorresio_only
7	62	5					gorresio_only
7	62	6					gorresio_only
7	62	8					gorresio_only
7	62	9					gorresio_only
7	62	10					gorresio_only
7	62	11					gorresio_only
7	62	13					gorresio_only
7	62	14					gorresio_only
7	62	15					gorresio_only
7	62	16					gorresio_only
7	62	18					gorresio_only
7	62	19					gorresio_only
7	62	20					gorresio_only
7	62	21					gorresio_only
7	62	22					gorresio_only
7	62	23					gorresio_only
7	62	25					gorresio_only
7	62	26					gorresio_only
7	62	28					gorresio_only
7	62	29					gorresio_only
7	63	3					gorresio_only
7	63	5					gorresio_only
7	63	6					gorresio_only
7	63	7					gorresio_only
7	63	8					gorresio_only
7	63	9					gorresio_only
7	63	10					gorresio_only
7	63	11					gorresio_only
7	63	12					gorresio_only
7	63	13					gorresio_only
7	63	14					gorresio_only
7	63	15					gorresio_only
7	63	20					gorresio_only
7	63	21					gorresio_only
7	63	25					gorresio_only
7	63	26					gorresio_only
7	63	27					gorresio_only
7	63	28					gorresio_only
7	63	30					gorresio_only
7	63	31					gorresio_only
7	63	32					gorresio_only
7	63	33					gorresio_only
7	63	34					gorresio_only
7	63	35					gorresio_only
7	63	36					gorresio_only
7	63	37					gorresio_only
7	63	38					gorresio_only
7	63	40					gorresio_only
7	63	41					gorresio_only
7	63	42					gorresio_only
7	63	43					gorresio_only
7	63	44					gorresio_only
7	63	45					gorresio_only
7	63	48					gorresio_only
7	63	49					gorresio_only
7	63	50					gorresio_only
7	63	51					gorresio_only
7	64	1					gorresio_only
7	64	2					gorresio_only
7	64	3					gorresio_only
7	64	5					gorresio_only
7	64	6					gorresio_only
7	64	8					gorresio_only
7	64	10					gorresio_only
7	64	11					gorresio_only
7	64	13					gorresio_only
7	64	15					gorresio_only
7	64	16					gorresio_only
7	64	17					gorresio_only
7	64	18					gorresio_only
7	64	20					gorresio_only
7	64	21					gorresio_only
7	64	22					gorresio_only
7	64	23					gorresio_only
7	64	25					gorresio_only
7	64	26					gorresio_only
7	64	28					gorresio_only
7	64	30					gorresio_only
7	64	31					gorresio_only
7	64	32					gorresio_only
7	64	33					gorresio_only
7	64	34					gorresio_only
7	64	36					gorresio_only
7	64	38					gorresio_only
7	64	39					gorresio_only
7	64	40					gorresio_only
7	64	42					gorresio_only
7	64	43					gorresio_only
7	64	44					gorresio_only
7	64	45					gorresio_only
7	64	48					gorresio_only
7	64	49					gorresio_only
7	64	50					gorresio_only
7	64	51					gorresio_only
7	64	52					gorresio_only
7	64	53					gorresio_only
7	64	54					gorresio_only
7	64	55					gorresio_only
7	64	56					gorresio_only
7	64	57					gorresio_only
7	64	58					gorresio_only
7	64	59					gorresio_only
7	64	62					gorresio_only
7	64	63					gorresio_only
7	64	64					gorresio_only
7	65	1					gorresio_only
7	65	2					gorresio_only
7	65	3	7	52	3	0.292	fuzzy
7	65	5	7	52	5	0.288	fuzzy
7	65	6					gorresio_only
7	65	7	7	52	7	0.273	fuzzy
7	65	8	7	52	8	0.283	fuzzy
7	65	10	7	52	10	0.358	fuzzy
7	65	11	7	52	11	0.284	fuzzy
7	65	12	7	52	12	0.469	matched
7	65	13	7	52	13	0.557	matched
7	65	14					gorresio_only
7	65	15	7	52	15	0.31	fuzzy
7	65	16	7	52	16	0.293	fuzzy
7	65	17					gorresio_only
7	66	1					gorresio_only
7	66	2					gorresio_only
7	66	4	7	53	4	0.466	matched
7	66	5					gorresio_only
7	66	6					gorresio_only
7	66	8					gorresio_only
7	66	9	7	53	9	0.398	fuzzy
7	66	11	7	53	11	0.273	fuzzy
7	66	12	7	53	12	0.389	fuzzy
7	66	13	7	53	13	0.455	matched
7	66	15	7	53	15	0.411	fuzzy
7	66	16					gorresio_only
7	66	17	7	53	17	0.713	matched
7	66	18	7	53	18	0.378	fuzzy
7	66	19	7	53	19	0.51	matched
7	66	20	7	53	20	0.381	fuzzy
7	66	21	7	53	21	0.452	matched
7	66	22					gorresio_only
7	66	23					gorresio_only
7	66	24					gorresio_only
7	67	1					gorresio_only
7	67	2	7	54	1	0.262	fuzzy
7	67	3	7	54	3	0.484	matched
7	67	5	7	54	5	0.327	fuzzy
7	67	6					gorresio_only
7	67	8					gorresio_only
7	67	11					gorresio_only
7	67	12	7	54	12	0.392	fuzzy
7	67	14					gorresio_only
7	67	15	7	54	15	0.327	fuzzy
7	67	17					gorresio_only
7	67	18	7	54	18	0.346	fuzzy
7	67	19	7	54	19	0.25	fuzzy
7	67	20	7	54	20	0.262	fuzzy
7	67	21					gorresio_only
7	68	2					gorresio_only
7	68	5					gorresio_only
7	68	6					gorresio_only
7	68	8					gorresio_only
7	68	9	7	55	3	0.381	fuzzy
7	68	10					gorresio_only
7	68	11					gorresio_only
7	68	12					gorresio_only
7	68	13	7	55	7	0.378	fuzzy
7	68	14					gorresio_only
7	68	15					gorresio_only
7	68	16					gorresio_only
7	68	17					gorresio_only
7	68	18	7	55	8	0.462	matched
7	68	20					gorresio_only
7	68	21	7	55	11	0.298	fuzzy
7	68	22					gorresio_only
7	68	23					gorresio_only
7	68	24					gorresio_only
7	68	25					gorresio_only
7	69	1					gorresio_only
7	69	2	7	55	14	0.315	fuzzy
7	69	5	7	55	19	0.505	matched
7	69	6					gorresio_only
7	69	8	7	55	20	0.49	matched
7	70	2					gorresio_only
7	70	3	7	56	3	0.306	fuzzy
7	70	5					gorresio_only
7	70	7					gorresio_only
7	70	8					gorresio_only
7	70	9					gorresio_only
7	70	10					gorresio_only
7	70	12	7	56	12	0.342	fuzzy
7	70	13	7	56	13	0.457	matched
7	70	15					gorresio_only
7	70	16					gorresio_only
7	70	18	7	56	16	0.27	fuzzy
7	70	19					gorresio_only
7	70	20					gorresio_only
7	71	1	7	57	1	0.258	fuzzy
7	71	3					gorresio_only
7	71	4	7	57	4	0.6	matched
7	71	5	7	57	5	0.262	fuzzy
7	71	6					gorresio_only
7	71	7					gorresio_only
7	71	8	7	57	8	0.33	fuzzy
7	71	9					gorresio_only
7	71	10					gorresio_only
7	71	11					gorresio_only
7	71	12	7	57	11	0.261	fuzzy
7	71	13					gorresio_only
7	71	14	7	57	13	0.451	matched
7	71	16	7	57	15	0.269	fuzzy
7	71	17	7	57	16	0.448	fuzzy
7	71	18					gorresio_only
7	71	20					gorresio_only
7	71	21	7	57	28	0.459	moved
7	71	22	7	57	21	0.444	fuzzy
7	71	23					gorresio_only
7	71	24	7	57	23	0.38	fuzzy
7	71	25					gorresio_only
7	71	26	7	57	25	0.366	fuzzy
7	71	27					gorresio_only
7	71	28	7	57	27	0.475	matched
7	71	29					gorresio_only
7	71	30					gorresio_only
7	71	31					gorresio_only
7	71	32	7	57	32	0.582	matched
7	71	34					gorresio_only
7	71	35					gorresio_only
7	71	36					gorresio_only
7	71	38					gorresio_only
7	71	39					gorresio_only
7	71	40	7	57	35	0.325	fuzzy
7	72	1					gorresio_only
7	72	2	7	58	2	0.433	fuzzy
7	72	4					gorresio_only
7	72	6	7	58	4	0.27	fuzzy
7	72	7					gorresio_only
7	72	8	7	58	7	0.407	fuzzy
7	72	9					gorresio_only
7	72	10					gorresio_only
7	72	11	7	58	10	0.336	fuzzy
7	72	12	7	58	11	0.579	matched
7	72	13					gorresio_only
7	72	14					gorresio_only
7	73	1					gorresio_only
7	73	2					gorresio_only
7	73	5					gorresio_only
7	73	6					gorresio_only
7	73	8					gorresio_only
7	73	9					gorresio_only
7	73	10					gorresio_only
7	73	12					gorresio_only
7	73	13					gorresio_only
7	73	14					gorresio_only
7	73	16					gorresio_only
7	73	17					gorresio_only
7	73	18	7	59	17	0.257	fuzzy
7	73	19					gorresio_only
7	73	20					gorresio_only
7	73	21					gorresio_only
7	73	23					gorresio_only
7	73	24					gorresio_only
7	74	1					gorresio_only
7	74	2	7	60	2	0.663	matched
7	74	3	7	60	3	0.256	fuzzy
7	74	4	7	60	4	0.252	fuzzy
7	74	5					gorresio_only
7	74	6	7	60	5	0.287	fuzzy
7	74	8					gorresio_only
7	74	9					gorresio_only
7	74	10					gorresio_only
7	74	11					gorresio_only
7	74	12	7	60	12	0.281	fuzzy
7	74	13					gorresio_only
7	74	16	7	60	16	0.382	fuzzy
7	74	17	7	60	17	0.416	fuzzy
7	74	18	7	60	18	0.283	fuzzy
7	74	19					gorresio_only
7	74	20					gorresio_only
7	75	1	7	61	1	0.274	fuzzy
7	75	2					gorresio_only
7	75	3	7	61	3	0.333	fuzzy
7	75	5					gorresio_only
7	75	6	7	61	6	0.314	fuzzy
7	75	7					gorresio_only
7	75	8	7	61	8	0.387	fuzzy
7	75	9					gorresio_only
7	75	10					gorresio_only
7	75	13	7	61	13	0.278	fuzzy
7	75	15					gorresio_only
7	75	16					gorresio_only
7	75	18					gorresio_only
7	75	19	7	61	14	0.306	fuzzy
7	75	20	7	61	20	0.376	fuzzy
7	75	21	7	61	30	0.324	fuzzy
7	75	23					gorresio_only
7	75	24					gorresio_only
7	75	25					gorresio_only
7	75	28					gorresio_only
7	75	29					gorresio_only
7	75	30					gorresio_only
7	75	31	7	61	32	0.258	fuzzy
7	75	32					gorresio_only
7	75	33	7	61	33	0.33	fuzzy
7	75	34					gorresio_only
7	75	36					gorresio_only
7	75	37	7	61	37	0.372	fuzzy
7	75	38					gorresio_only
7	75	39					gorresio_only
7	76	1					gorresio_only
7	76	2					gorresio_only
7	76	3	7	62	3	0.292	fuzzy
7	76	5	7	62	5	0.3	fuzzy
7	76	6					gorresio_only
7	76	7					gorresio_only
7	76	8					gorresio_only
7	76	10					gorresio_only
7	76	11					gorresio_only
7	76	12					gorresio_only
7	76	13	7	62	12	0.37	fuzzy
7	76	14					gorresio_only
7	76	15					gorresio_only
7	77	1					gorresio_only
7	77	2					gorresio_only
7	77	3					gorresio_only
7	77	5					gorresio_only
7	77	6					gorresio_only
7	77	8					gorresio_only
7	77	10					gorresio_only
7	77	11					gorresio_only
7	77	13					gorresio_only
7	77	14					gorresio_only
7	77	15					gorresio_only
7	77	16					gorresio_only
7	77	17					gorresio_only
7	77	18					gorresio_only
7	77	20					gorresio_only
7	77	22					gorresio_only
7	77	23					gorresio_only
7	78	2					gorresio_only
7	78	3					gorresio_only
7	78	4					gorresio_only
7	78	5	7	63	4	0.358	fuzzy
7	78	6					gorresio_only
7	78	8					gorresio_only
7	78	9	7	63	5	0.271	fuzzy
7	78	10	7	63	6	0.434	fuzzy
7	78	11					gorresio_only
7	78	12	7	63	8	0.336	fuzzy
7	78	16					gorresio_only
7	78	17					gorresio_only
7	78	18					gorresio_only
7	78	19	7	63	15	0.392	fuzzy
7	78	20	7	63	16	0.313	fuzzy
7	78	21					gorresio_only
7	78	22	7	63	17	0.286	fuzzy
7	79	1					gorresio_only
7	79	2	7	64	2	0.378	fuzzy
7	79	3	7	64	3	0.34	fuzzy
7	79	5					gorresio_only
7	79	6	7	64	6	0.299	fuzzy
7	79	8					gorresio_only
7	79	10	7	64	9	0.256	fuzzy
7	79	11					gorresio_only
7	79	12					gorresio_only
7	79	13					gorresio_only
7	79	14					gorresio_only
7	79	16					gorresio_only
7	79	17	7	64	13	0.436	fuzzy
7	79	20					gorresio_only
7	80	1					gorresio_only
7	80	2					gorresio_only
7	80	5	7	65	5	0.312	fuzzy
7	80	6	7	65	6	0.404	fuzzy
7	80	7	7	65	7	0.645	matched
7	80	8	7	65	8	0.265	fuzzy
7	80	9					gorresio_only
7	80	10					gorresio_only
7	80	11	7	65	11	0.419	fuzzy
7	80	13	7	65	13	0.326	fuzzy
7	80	14					gorresio_only
7	80	15	7	65	15	0.304	fuzzy
7	80	16					gorresio_only
7	80	18					gorresio_only
7	80	19					gorresio_only
7	80	20					gorresio_only
7	80	21	7	65	26	0.381	fuzzy
7	80	22					gorresio_only
7	80	23					gorresio_only
7	80	24					gorresio_only
7	80	25					gorresio_only
7	80	26					gorresio_only
7	80	28					gorresio_only
7	81	1					gorresio_only
7	81	2					gorresio_only
7	81	3	7	66	3	0.367	fuzzy
7	81	5					gorresio_only
7	81	8	7	66	8	0.454	matched
7	81	10					gorresio_only
7	81	12					gorresio_only
7	81	13					gorresio_only
7	81	14					gorresio_only
7	81	16					gorresio_only
7	81	17					gorresio_only
7	81	18					gorresio_only
7	81	19					gorresio_only
7	82	1					gorresio_only
7	82	2	7	67	2	0.45	matched
7	82	3	7	67	3	0.375	fuzzy
7	82	5					gorresio_only
7	82	6					gorresio_only
7	82	10					gorresio_only
7	82	12					gorresio_only
7	82	13					gorresio_only
7	82	14					gorresio_only
7	82	15					gorresio_only
7	82	16					gorresio_only
7	82	17					gorresio_only
7	82	18					gorresio_only
7	82	19					gorresio_only
7	83	1					gorresio_only
7	83	5					gorresio_only
7	83	6	7	67	8	0.333	fuzzy
7	83	8					gorresio_only
7	83	9					gorresio_only
7	83	10	7	67	12	0.338	fuzzy
7	83	17					gorresio_only
7	83	18					gorresio_only
7	83	19					gorresio_only
7	83	20					gorresio_only
7	83	21					gorresio_only
7	83	22					gorresio_only
7	83	23					gorresio_only
7	83	24					gorresio_only
7	83	25					gorresio_only
7	83	26	7	67	14	0.466	matched
7	83	27	7	67	15	0.286	fuzzy
7	83	28	7	67	16	0.485	matched
7	83	29					gorresio_only
7	83	30					gorresio_only
7	84	1					gorresio_only
7	84	2	7	68	2	0.474	matched
7	84	3					gorresio_only
7	84	5					gorresio_only
7	84	6					gorresio_only
7	84	8					gorresio_only
7	84	10					gorresio_only
7	84	16					gorresio_only
7	84	17	7	68	16	0.267	fuzzy
7	84	18	7	68	17	0.281	fuzzy
7	84	19					gorresio_only
7	84	20					gorresio_only
7	85	3					gorresio_only
7	85	4					gorresio_only
7	85	5					gorresio_only
7	85	6					gorresio_only
7	85	8					gorresio_only
7	85	10					gorresio_only
7	85	15					gorresio_only
7	85	16					gorresio_only
7	85	19					gorresio_only
7	85	20					gorresio_only
7	85	21	7	69	17	0.345	fuzzy
7	85	22	7	69	18	0.264	fuzzy
7	85	24					gorresio_only
7	85	25					gorresio_only
7	85	26	7	69	19	0.261	fuzzy
7	85	27					gorresio_only
7	85	28					gorresio_only
7	85	30					gorresio_only
7	85	32	7	69	27	0.52	matched
7	85	33					gorresio_only
7	86	2	7	70	1	0.272	fuzzy
7	86	6					gorresio_only
7	86	8					gorresio_only
7	86	10					gorresio_only
7	86	11					gorresio_only
7	86	14					gorresio_only
7	86	16					gorresio_only
7	86	17	7	70	17	0.294	fuzzy
7	86	19					gorresio_only
7	86	20					gorresio_only
7	87	2					gorresio_only
7	87	5					gorresio_only
7	87	6					gorresio_only
7	87	7	7	71	7	0.515	matched
7	87	8	7	71	8	0.349	fuzzy
7	87	9	7	71	9	0.31	fuzzy
7	87	10					gorresio_only
7	87	11					gorresio_only
7	87	12					gorresio_only
7	87	14					gorresio_only
7	87	17					gorresio_only
7	87	18					gorresio_only
7	88	2					gorresio_only
7	88	3	7	72	3	0.312	fuzzy
7	88	5	7	72	6	0.307	fuzzy
7	88	6					gorresio_only
7	88	8	7	72	8	0.304	fuzzy
7	88	13					gorresio_only
7	88	14	7	72	14	0.268	fuzzy
7	88	15					gorresio_only
7	88	16					gorresio_only
7	88	17					gorresio_only
7	88	18					gorresio_only
7	88	19					gorresio_only
7	88	20	7	72	19	0.347	fuzzy
7	88	21	7	72	20	0.282	fuzzy
7	88	22					gorresio_only
7	89	1	7	73	1	0.573	matched
7	89	2	7	73	2	0.528	matched
7	89	3					gorresio_only
7	89	5					gorresio_only
7	89	6					gorresio_only
7	89	7	7	73	7	0.358	fuzzy
7	89	8	7	73	8	0.342	fuzzy
7	89	9	7	73	9	0.398	fuzzy
7	89	10					gorresio_only
7	89	12					gorresio_only
7	89	13	7	73	12	0.406	fuzzy
7	89	17					gorresio_only
7	89	18	7	73	17	0.263	fuzzy
7	89	19					gorresio_only
7	90	1	7	74	1	0.505	moved
7	90	2	7	73	19	0.286	fuzzy
7	90	5					gorresio_only
7	90	6					gorresio_only
7	90	8					gorresio_only
7	90	9					gorresio_only
7	90	10					gorresio_only
7	90	12	7	74	10	0.41	fuzzy
7	90	13					gorresio_only
7	90	15	7	74	13	0.277	fuzzy
7	90	16					gorresio_only
7	90	17					gorresio_only
7	90	18					gorresio_only
7	90	19					gorresio_only
7	90	20					gorresio_only
7	90	21	7	74	14	0.277	fuzzy
7	90	22	7	74	15	0.387	fuzzy
7	90	23	7	74	16	0.315	fuzzy
7	90	25					gorresio_only
7	90	26					gorresio_only
7	91	1					gorresio_only
7	91	2	7	75	2	0.261	fuzzy
7	91	3					gorresio_only
7	91	5	7	75	5	0.349	fuzzy
7	91	6	7	75	6	0.358	fuzzy
7	91	7	7	75	7	0.378	fuzzy
7	91	8	7	75	8	0.342	fuzzy
7	91	9	7	75	1	0.529	moved
7	91	10	7	75	10	0.307	fuzzy
7	91	11	7	75	11	0.283	fuzzy
7	91	16					gorresio_only
7	91	17					gorresio_only
7	91	18	7	75	15	0.27	fuzzy
7	91	19					gorresio_only
7	91	20	7	76	2	0.378	fuzzy
7	92	1	7	76	3	0.514	matched
7	92	2					gorresio_only
7	92	3	7	76	5	0.393	fuzzy
7	92	5	7	76	6	0.287	fuzzy
7	92	6					gorresio_only
7	92	8	7	76	9	0.284	fuzzy
7	92	10	7	76	12	0.376	fuzzy
7	92	11					gorresio_only
7	92	12					gorresio_only
7	92	16					gorresio_only
7	92	18					gorresio_only
7	92	19					gorresio_only
7	92	20					gorresio_only
7	93	1					gorresio_only
7	93	2					gorresio_only
7	93	3	7	77	3	0.437	fuzzy
7	93	5	7	77	7	0.375	fuzzy
7	93	6					gorresio_only
7	93	8					gorresio_only
7	93	10					gorresio_only
7	93	12					gorresio_only
7	93	13					gorresio_only
7	93	14					gorresio_only
7	93	15					gorresio_only
7	93	16					gorresio_only
7	93	18					gorresio_only
7	93	19					gorresio_only
7	93	20					gorresio_only
7	93	21					gorresio_only
7	94	1					gorresio_only
7	94	2	7	78	3	0.537	matched
7	94	4	7	78	4	0.304	fuzzy
7	94	5					gorresio_only
7	94	6	7	78	6	0.283	fuzzy
7	94	8					gorresio_only
7	94	10	7	78	10	0.479	matched
7	94	16					gorresio_only
7	94	17	7	78	17	0.353	fuzzy
7	94	18	7	78	18	0.278	fuzzy
7	94	19					gorresio_only
7	94	20	7	78	20	0.352	fuzzy
7	94	21	7	78	29	0.457	moved
7	94	22					gorresio_only
7	94	23	7	78	23	0.515	matched
7	94	24	7	78	24	0.252	fuzzy
7	94	25					gorresio_only
7	94	26	7	78	26	0.287	fuzzy
7	94	27	7	78	27	0.368	fuzzy
7	94	28	7	78	28	0.287	fuzzy
7	95	1					gorresio_only
7	95	2	7	79	3	0.264	fuzzy
7	95	5	7	79	7	0.28	fuzzy
7	95	6					gorresio_only
7	95	8	7	79	8	0.33	fuzzy
7	95	10	7	79	10	0.35	fuzzy
7	95	12					gorresio_only
7	95	15					gorresio_only
7	95	16	7	79	16	0.263	fuzzy
7	95	18					gorresio_only
7	95	19	7	79	19	0.495	matched
7	95	20	7	79	20	0.31	fuzzy
7	95	21					gorresio_only
7	95	23					gorresio_only
7	95	24					gorresio_only
7	96	1	7	80	9	0.51	moved
7	96	2	7	80	2	0.553	matched
7	96	3	7	80	3	0.284	fuzzy
7	96	5					gorresio_only
7	96	6	7	80	6	0.604	matched
7	96	8					gorresio_only
7	96	9					gorresio_only
7	96	11	7	80	11	0.276	fuzzy
7	96	12					gorresio_only
7	96	13					gorresio_only
7	96	14	7	80	13	0.346	fuzzy
7	96	15	7	80	16	0.25	fuzzy
7	96	16					gorresio_only
7	96	18					gorresio_only
7	96	19	7	80	18	0.297	fuzzy
7	96	21					gorresio_only
7	96	22					gorresio_only
7	96	23	7	80	21	0.373	fuzzy
7	96	24	7	80	22	0.261	fuzzy
7	96	25	7	80	23	0.379	fuzzy
7	96	26	7	80	24	0.46	matched
7	96	27	7	80	25	0.602	matched
7	97	1					gorresio_only
7	97	2					gorresio_only
7	97	3					gorresio_only
7	97	5					gorresio_only
7	97	6					gorresio_only
7	97	8					gorresio_only
7	97	9	7	81	1	0.336	fuzzy
7	97	10					gorresio_only
7	97	11					gorresio_only
7	97	12					gorresio_only
7	97	13					gorresio_only
7	97	14					gorresio_only
7	97	17	7	81	16	0.288	fuzzy
7	97	18	7	81	17	0.301	fuzzy
7	97	20	7	81	19	0.294	fuzzy
7	97	21	7	81	20	0.3	fuzzy
7	97	22	7	81	21	0.324	fuzzy
7	97	23					gorresio_only
7	97	24	7	81	23	0.352	fuzzy
7	97	25					gorresio_only
7	98	1					gorresio_only
7	98	2					gorresio_only
7	98	3	7	82	3	0.252	fuzzy
7	98	5					gorresio_only
7	98	6					gorresio_only
7	98	8					gorresio_only
7	98	10					gorresio_only
7	98	13					gorresio_only
7	98	14					gorresio_only
7	98	15					gorresio_only
7	98	16					gorresio_only
7	98	17					gorresio_only
7	98	18					gorresio_only
7	98	19					gorresio_only
7	98	20					gorresio_only
7	98	21					gorresio_only
7	98	22					gorresio_only
7	98	23					gorresio_only
7	98	24					gorresio_only
7	98	25					gorresio_only
7	99	1					gorresio_only
7	99	2					gorresio_only
7	99	3	7	83	3	0.4	fuzzy
7	99	5					gorresio_only
7	99	8	7	83	8	0.286	fuzzy
7	99	9					gorresio_only
7	99	10					gorresio_only
7	99	11					gorresio_only
7	99	12					gorresio_only
7	99	13					gorresio_only
7	99	14	7	83	13	0.327	fuzzy
7	99	15					gorresio_only
7	99	17					gorresio_only
7	100	1					gorresio_only
7	100	2					gorresio_only
7	100	3					gorresio_only
7	100	4					gorresio_only
7	100	5	7	84	4	0.284	fuzzy
7	100	6	7	84	5	0.29	fuzzy
7	100	8					gorresio_only
7	100	9					gorresio_only
7	100	10					gorresio_only
7	100	12					gorresio_only
7	100	13					gorresio_only
7	100	15					gorresio_only
7	100	16					gorresio_only
7	100	17	7	84	13	0.535	matched
7	100	18	7	84	14	0.252	fuzzy
7	100	19	7	84	15	0.398	fuzzy
7	101	1					gorresio_only
7	101	3					gorresio_only
7	101	5					gorresio_only
7	101	6					gorresio_only
7	101	8					gorresio_only
7	101	9	7	85	1	0.27	fuzzy
7	101	10					gorresio_only
7	101	11					gorresio_only
7	101	17					gorresio_only
7	101	18	7	85	15	0.266	fuzzy
7	101	19					gorresio_only
7	101	20					gorresio_only
7	101	21					gorresio_only
7	101	22					gorresio_only
7	101	23					gorresio_only
7	101	24					gorresio_only
7	101	25					gorresio_only
7	101	26					gorresio_only
7	101	27					gorresio_only
7	101	28					gorresio_only
7	101	29					gorresio_only
7	102	1					gorresio_only
7	102	2					gorresio_only
7	102	5					gorresio_only
7	102	6	7	86	2	0.515	matched
7	102	8					gorresio_only
7	102	10	7	86	5	0.366	fuzzy
7	102	12					gorresio_only
7	102	13	7	86	8	0.302	fuzzy
7	102	14	7	86	9	0.265	fuzzy
7	102	15	7	86	10	0.392	fuzzy
7	102	16					gorresio_only
7	102	17					gorresio_only
7	102	18					gorresio_only
7	102	19	7	86	14	0.543	matched
7	102	20					gorresio_only
7	102	21	7	86	16	0.359	fuzzy
7	103	1					gorresio_only
7	103	2	7	87	2	0.262	fuzzy
7	103	3	7	87	3	0.31	fuzzy
7	103	5					gorresio_only
7	103	6	7	87	6	0.255	fuzzy
7	103	8	7	87	8	0.694	matched
7	103	10					gorresio_only
7	103	11					gorresio_only
7	103	12					gorresio_only
7	103	16					gorresio_only
7	103	17	7	87	17	0.461	matched
7	103	18					gorresio_only
7	103	20					gorresio_only
7	103	21	7	87	20	0.494	matched
7	103	22					gorresio_only
7	104	2	7	88	2	0.259	fuzzy
7	104	3					gorresio_only
7	104	4					gorresio_only
7	104	5	7	88	4	0.296	fuzzy
7	104	6	7	88	5	0.591	matched
7	104	7					gorresio_only
7	104	8					gorresio_only
7	104	9					gorresio_only
7	104	10	7	88	8	0.342	fuzzy
7	104	11					gorresio_only
7	104	13					gorresio_only
7	104	14	7	88	10	0.308	fuzzy
7	104	15					gorresio_only
7	104	16					gorresio_only
7	104	17	7	88	14	0.314	fuzzy
7	104	19					gorresio_only
7	104	20					gorresio_only
7	104	22	7	88	17	0.455	matched
7	104	23	7	88	19	0.327	fuzzy
7	105	1					gorresio_only
7	105	3					gorresio_only
7	105	5					gorresio_only
7	105	6					gorresio_only
7	105	8					gorresio_only
7	105	10					gorresio_only
7	105	11					gorresio_only
7	105	12					gorresio_only
7	105	13					gorresio_only
7	105	15					gorresio_only
7	105	16					gorresio_only
7	105	17					gorresio_only
7	105	18					gorresio_only
7	105	19					gorresio_only
7	105	20					gorresio_only
7	105	21					gorresio_only
7	105	23					gorresio_only
7	105	25					gorresio_only
7	105	26					gorresio_only
7	105	27					gorresio_only
7	105	28					gorresio_only
7	105	30					gorresio_only
7	105	31					gorresio_only
7	105	32					gorresio_only
7	105	33					gorresio_only
7	105	34					gorresio_only
7	106	1					gorresio_only
7	106	2					gorresio_only
7	106	3					gorresio_only
7	106	5	7	89	3	0.257	fuzzy
7	106	6					gorresio_only
7	106	8					gorresio_only
7	106	10					gorresio_only
7	106	11	7	89	7	0.27	fuzzy
7	106	12					gorresio_only
7	106	13	7	89	9	0.292	fuzzy
7	106	14	7	89	10	0.458	matched
7	106	15	7	89	11	0.609	matched
7	106	16	7	89	12	0.306	fuzzy
7	106	17	7	89	13	0.289	fuzzy
7	106	18	7	89	14	0.308	fuzzy
7	106	19	7	89	15	0.287	fuzzy
7	106	20					gorresio_only
7	107	2	7	90	2	0.307	fuzzy
7	107	3					gorresio_only
7	107	5	7	90	6	0.252	fuzzy
7	107	6					gorresio_only
7	107	8					gorresio_only
7	107	9					gorresio_only
7	107	10					gorresio_only
7	107	11					gorresio_only
7	107	12					gorresio_only
7	107	13	7	90	12	0.396	fuzzy
7	107	14					gorresio_only
7	107	15					gorresio_only
7	107	16	7	90	14	0.325	fuzzy
7	107	18	7	90	16	0.303	fuzzy
7	107	19					gorresio_only
7	107	20					gorresio_only
7	107	21	7	90	19	0.286	fuzzy
7	107	23					gorresio_only
7	107	24					gorresio_only
7	107	25	7	90	23	0.374	fuzzy
7	107	26					gorresio_only
7	107	27	7	90	25	0.347	fuzzy
7	108	1					gorresio_only
7	108	2					gorresio_only
7	108	3	7	91	3	0.448	fuzzy
7	108	5					gorresio_only
7	108	6	7	91	6	0.278	fuzzy
7	108	8					gorresio_only
7	108	9					gorresio_only
7	108	10	7	91	9	0.314	fuzzy
7	108	11					gorresio_only
7	108	12	7	91	11	0.299	fuzzy
7	108	13					gorresio_only
7	108	14					gorresio_only
7	108	15	7	91	14	0.252	fuzzy
7	108	16	7	91	15	0.437	fuzzy
7	108	17	7	91	16	0.583	matched
7	109	1					gorresio_only
7	109	2	7	92	2	0.49	matched
7	109	3					gorresio_only
7	109	5	7	92	5	0.415	fuzzy
7	109	6	7	92	6	0.33	fuzzy
7	109	7	7	92	7	0.355	fuzzy
7	109	8	7	92	4	0.466	moved
7	109	10					gorresio_only
7	109	11					gorresio_only
7	109	12					gorresio_only
7	109	13	7	92	13	0.336	fuzzy
7	109	14	7	92	14	0.379	fuzzy
7	109	15					gorresio_only
7	109	16	7	92	16	0.283	fuzzy
7	110	1					gorresio_only
7	110	2	7	93	2	0.702	moved
7	110	3					gorresio_only
7	110	5					gorresio_only
7	110	8					gorresio_only
7	110	9	7	93	1	0.427	fuzzy
7	110	10	7	93	10	0.355	fuzzy
7	110	11	7	93	11	0.447	fuzzy
7	110	12					gorresio_only
7	110	15	7	93	17	0.394	fuzzy
7	110	16					gorresio_only
7	111	1					gorresio_only
7	111	5					gorresio_only
7	111	6					gorresio_only
7	111	7					gorresio_only
7	111	8	7	94	8	0.345	fuzzy
7	111	9					gorresio_only
7	111	10					gorresio_only
7	111	11					gorresio_only
7	111	12	7	94	12	0.355	fuzzy
7	111	13					gorresio_only
7	111	14					gorresio_only
7	111	15					gorresio_only
7	111	16					gorresio_only
7	111	17	7	94	16	0.336	fuzzy
7	111	18	7	94	17	0.474	matched
7	111	19					gorresio_only
7	111	20	7	94	19	0.316	fuzzy
7	111	21					gorresio_only
7	111	22					gorresio_only
7	111	23					gorresio_only
7	111	25					gorresio_only
7	111	26					gorresio_only
7	111	28					gorresio_only
7	111	29	7	95	9	0.275	fuzzy
7	111	30					gorresio_only
7	111	34					gorresio_only
7	111	35					gorresio_only
7	111	36	7	95	15	0.729	matched
7	111	37					gorresio_only
7	111	38					gorresio_only
7	111	39					gorresio_only
7	111	40					gorresio_only
7	112	1					gorresio_only
7	112	2					gorresio_only
7	112	3					gorresio_only
7	112	5					gorresio_only
7	112	6	7	96	6	0.299	fuzzy
7	112	7					gorresio_only
7	112	8					gorresio_only
7	112	10	7	96	10	0.49	matched
7	112	11					gorresio_only
7	112	12					gorresio_only
7	112	13					gorresio_only
7	112	15					gorresio_only
7	112	16					gorresio_only
7	112	17	7	96	12	0.545	matched
7	112	18	7	96	13	0.37	fuzzy
7	112	20					gorresio_only
7	112	21					gorresio_only
7	112	22	7	96	16	0.273	fuzzy
7	113	1					gorresio_only
7	113	2					gorresio_only
7	113	5	7	97	6	0.267	fuzzy
7	113	8	7	97	8	0.254	fuzzy
7	113	10	7	97	10	0.465	matched
7	113	11					gorresio_only
7	113	12					gorresio_only
7	113	13	7	97	13	0.441	fuzzy
7	113	18					gorresio_only
7	113	19					gorresio_only
7	113	20					gorresio_only
7	113	21					gorresio_only
7	113	24					gorresio_only
7	113	25					gorresio_only
7	113	26					gorresio_only
7	113	29	7	98	3	0.471	matched
7	113	30					gorresio_only
7	113	31					gorresio_only
7	113	33					gorresio_only
7	113	35	7	98	16	0.264	fuzzy
7	113	36	7	98	17	0.412	fuzzy
7	113	37	7	98	18	0.33	fuzzy
7	113	38					gorresio_only
7	113	39					gorresio_only
7	113	40	7	98	21	0.264	fuzzy
7	113	41					gorresio_only
7	113	42					gorresio_only
7	113	43					gorresio_only
7	113	45					gorresio_only
7	113	46					gorresio_only
7	114	1					gorresio_only
7	114	2					gorresio_only
7	114	3	7	99	3	0.389	fuzzy
7	114	5					gorresio_only
7	114	6	7	99	6	0.25	fuzzy
7	114	8					gorresio_only
7	114	9					gorresio_only
7	114	10					gorresio_only
7	114	11					gorresio_only
7	114	12	7	99	12	0.321	fuzzy
7	114	13	7	99	13	0.291	fuzzy
7	114	15					gorresio_only
7	114	16					gorresio_only
7	114	17	7	99	17	0.261	fuzzy
7	114	18					gorresio_only
7	114	19					gorresio_only
7	114	20					gorresio_only
7	114	21					gorresio_only
7	114	22					gorresio_only
7	115	1	7	100	1	0.442	fuzzy
7	115	2					gorresio_only
7	115	3	7	100	2	0.429	fuzzy
7	115	5	7	100	5	0.287	fuzzy
7	115	6					gorresio_only
7	115	8	7	100	6	0.276	fuzzy
7	115	10	7	100	8	0.259	fuzzy
7	115	12					gorresio_only
7	115	13					gorresio_only
7	115	14					gorresio_only
7	115	15					gorresio_only
7	115	16					gorresio_only
7	115	18					gorresio_only
7	115	19					gorresio_only
7	115	20					gorresio_only
7	115	22					gorresio_only
7	115	23					gorresio_only
7	115	24					gorresio_only
7	115	25					gorresio_only
7	115	26					gorresio_only
7	115	27					gorresio_only
7	115	28					gorresio_only
7	115	29					gorresio_only
