s_kanda	s_sarga	s_verse	c_kanda	c_sarga	c_verse	score	class
1	1	1	1	1	1	0.901	matched
1	1	2	1	1	2	1.0	matched
1	1	3	1	1	3	1.0	matched
1	1	4	1	1	4	0.855	matched
1	1	5	1	1	5	1.0	matched
1	1	6	1	1	6	1.0	matched
1	1	7	1	1	7	1.0	matched
1	1	8	1	1	8	1.0	matched
1	1	9	1	1	9	0.933	matched
1	1	10	1	1	10	0.889	matched
1	1	11	1	1	11	1.0	matched
1	1	12	1	1	12	0.915	matched
1	1	13					southern_only
1	1	14	1	1	13	0.598	matched
1	1	15	1	1	14	1.0	matched
1	1	16	1	1	15	0.907	matched
1	1	17	1	1	16	1.0	matched
1	1	18	1	1	17	1.0	matched
1	1	19	1	1	18	1.0	matched
1	1	20	1	1	19	0.354	fuzzy
1	1	21					southern_only
1	1	22	1	1	20	0.663	matched
1	1	23	1	1	21	1.0	matched
1	1	24	1	1	22	1.0	matched
1	1	25	1	1	23	1.0	matched
1	1	26					southern_only
1	1	27					southern_only
1	1	28					southern_only
1	1	29					southern_only
1	1	30					southern_only
1	1	31	1	1	26	0.377	fuzzy
1	1	32					southern_only
1	1	33					southern_only
1	1	34	1	1	29	0.619	matched
1	1	35					southern_only
1	1	36					southern_only
1	1	37					southern_only
1	1	38					southern_only
1	1	39					southern_only
1	1	40	1	1	32	0.892	matched
1	1	41					southern_only
1	1	42	1	1	34	0.383	fuzzy
1	1	43					southern_only
1	1	44	1	1	35	0.363	fuzzy
1	1	45					southern_only
1	1	46	1	1	36	1.0	matched
1	1	47	1	1	37	1.0	matched
1	1	48					southern_only
1	1	49					southern_only
1	1	50	1	1	39	0.368	fuzzy
1	1	51					southern_only
1	1	52					southern_only
1	1	53	1	1	43	0.35	fuzzy
1	1	54					southern_only
1	1	55	1	1	45	0.352	fuzzy
1	1	56					southern_only
1	1	57	1	1	46	0.721	matched
1	1	58	1	1	47	0.892	matched
1	1	59	1	1	48	1.0	matched
1	1	60					southern_only
1	1	61					southern_only
1	1	62					southern_only
1	1	63	1	1	50	0.364	fuzzy
1	1	64					southern_only
1	1	65					southern_only
1	1	66	1	1	52	1.0	matched
1	1	67	1	1	53	0.738	matched
1	1	68	1	1	54	1.0	matched
1	1	69					southern_only
1	1	70	1	1	55	1.0	matched
1	1	71	1	1	56	1.0	matched
1	1	72	1	1	57	1.0	matched
1	1	73	1	1	58	1.0	matched
1	1	74	1	1	59	1.0	matched
1	1	75	1	1	60	1.0	matched
1	1	76	1	1	61	0.904	matched
1	1	77	1	1	62	1.0	matched
1	1	78	1	1	63	1.0	matched
1	1	79	1	1	64	0.901	matched
1	1	80	1	1	65	1.0	matched
1	1	81					southern_only
1	1	82					southern_only
1	1	83					southern_only
1	1	84					southern_only
1	1	85					southern_only
1	1	86					southern_only
1	1	87					southern_only
1	1	88					southern_only
1	1	89	1	1	70	1.0	matched
1	1	90	1	1	71	0.81	matched
1	1	91	1	1	72	0.89	matched
1	1	92	1	1	73	0.494	fuzzy
1	1	93					southern_only
1	1	94					southern_only
1	1	95					southern_only
1	1	96	1	1	75	1.0	matched
1	1	97	1	1	76	1.0	matched
1	1	98	1	1	77	1.0	matched
1	1	99	1	1	78	1.0	matched
1	1	100	1	1	79	0.926	matched
1	2	1	1	2	1	1.0	matched
1	2	2	1	2	2	0.762	matched
1	2	3	1	2	3	1.0	matched
1	2	4	1	2	4	1.0	matched
1	2	5	1	2	5	1.0	matched
1	2	6	1	2	6	1.0	matched
1	2	7	1	2	7	1.0	matched
1	2	8	1	2	8	1.0	matched
1	2	9	1	2	9	1.0	matched
1	2	10	1	2	10	1.0	matched
1	2	11	1	2	11	1.0	matched
1	2	12					southern_only
1	2	13	1	2	12	0.843	matched
1	2	14	1	2	13	1.0	matched
1	2	15	1	2	14	0.9	matched
1	2	16	1	2	15	1.0	matched
1	2	17	1	2	16	0.807	matched
1	2	18	1	2	17	1.0	matched
1	2	19	1	2	18	0.756	matched
1	2	20	1	2	19	1.0	matched
1	2	21	1	2	20	1.0	matched
1	2	22	1	2	21	1.0	matched
1	2	23	1	2	22	0.9	matched
1	2	24	1	2	23	1.0	matched
1	2	25	1	2	24	1.0	matched
1	2	26	1	2	25	0.763	matched
1	2	27	1	2	26	0.359	fuzzy
1	2	28					southern_only
1	2	29					southern_only
1	2	30	1	2	29	0.607	matched
1	2	31	1	2	30	0.843	matched
1	2	32	1	2	31	1.0	matched
1	2	33	1	2	32	1.0	matched
1	2	34	1	2	33	0.863	matched
1	2	35	1	2	34	1.0	matched
1	2	36	1	2	35	1.0	matched
1	2	37	1	2	36	0.841	matched
1	2	38	1	2	37	0.787	matched
1	2	39	1	2	38	0.914	matched
1	2	40	1	2	39	0.962	matched
1	2	41	1	2	40	0.795	matched
1	2	42	1	2	41	0.929	matched
1	2	43					southern_only
1	3	1	1	3	1	1.0	matched
1	3	2	1	3	2	0.902	matched
1	3	3					southern_only
1	3	4					southern_only
1	3	5					southern_only
1	3	6					southern_only
1	3	7					southern_only
1	3	8					southern_only
1	3	9					southern_only
1	3	10	1	3	3	1.0	matched
1	3	11	1	3	4	0.716	matched
1	3	12	1	3	5	0.907	matched
1	3	13	1	3	6	0.838	matched
1	3	14	1	3	7	1.0	matched
1	3	15	1	3	8	0.761	matched
1	3	16	1	3	9	1.0	matched
1	3	17	1	3	10	0.532	matched
1	3	18					southern_only
1	3	19	1	3	11	0.4	fuzzy
1	3	20	1	3	12	1.0	matched
1	3	21	1	3	13	1.0	matched
1	3	22	1	3	14	0.374	fuzzy
1	3	23	1	3	15	1.0	matched
1	3	24	1	3	16	0.725	matched
1	3	25	1	3	17	0.9	matched
1	3	26	1	3	18	0.848	matched
1	3	27					southern_only
1	3	28					southern_only
1	3	29					southern_only
1	3	30	1	3	20	0.439	fuzzy
1	3	31	1	3	21	1.0	matched
1	3	32	1	3	22	0.897	matched
1	3	33	1	3	23	1.0	matched
1	3	34	1	3	24	0.787	matched
1	3	35	1	3	25	1.0	matched
1	3	36	1	3	26	1.0	matched
1	3	37	1	3	27	0.827	matched
1	3	38	1	3	28	0.657	matched
1	3	39	1	3	29	0.896	matched
1	4	1	1	4	1	0.854	matched
1	4	2					southern_only
1	4	3	1	4	2	0.881	matched
1	4	4	1	4	3	1.0	matched
1	4	5	1	4	4	1.0	matched
1	4	6	1	4	5	1.0	matched
1	4	7	1	4	6	0.852	matched
1	4	8	1	4	7	0.821	matched
1	4	9	1	4	8	0.567	matched
1	4	10	1	4	9	0.938	matched
1	4	11	1	4	10	0.827	matched
1	4	12	1	4	11	1.0	matched
1	4	13	1	4	12	0.593	matched
1	4	14	1	4	13	0.535	matched
1	4	15	1	4	14	0.901	matched
1	4	16	1	4	15	1.0	matched
1	4	17	1	4	16	0.9	matched
1	4	18	1	4	17	0.886	matched
1	4	19	1	4	18	1.0	matched
1	4	20	1	4	19	1.0	matched
1	4	21					southern_only
1	4	22					southern_only
1	4	23					southern_only
1	4	24					southern_only
1	4	25					southern_only
1	4	26	1	4	20	1.0	matched
1	4	27					southern_only
1	4	28	1	4	21	1.0	matched
1	4	29	1	4	22	1.0	matched
1	4	30	1	4	23	0.77	matched
1	4	31	1	4	24	0.681	matched
1	4	32	1	4	25	0.567	matched
1	4	33					southern_only
1	4	34					southern_only
1	4	35	1	4	26	0.946	matched
1	4	36	1	4	27	1.0	matched
1	5	1	1	5	1	0.895	matched
1	5	2	1	5	2	1.0	matched
1	5	3	1	5	3	1.0	matched
1	5	4	1	5	4	0.864	matched
1	5	5	1	5	5	1.0	matched
1	5	6	1	5	6	1.0	matched
1	5	7	1	5	7	1.0	matched
1	5	8	1	5	8	1.0	matched
1	5	9	1	5	9	0.88	matched
1	5	10	1	5	10	0.8	matched
1	5	11	1	5	11	0.908	matched
1	5	12	1	5	12	0.911	matched
1	5	13	1	5	13	0.828	matched
1	5	14	1	5	14	0.908	matched
1	5	15	1	5	15	1.0	matched
1	5	16	1	5	16	1.0	matched
1	5	17	1	5	17	1.0	matched
1	5	18	1	5	18	1.0	matched
1	5	19	1	5	19	1.0	matched
1	5	20	1	5	20	0.883	matched
1	5	21	1	5	21	0.912	matched
1	5	22	1	5	22	1.0	matched
1	5	23	1	5	23	0.832	matched
1	6	1	1	6	1	0.837	matched
1	6	2	1	6	2	0.756	matched
1	6	3	1	6	3	0.897	matched
1	6	4	1	6	4	0.725	matched
1	6	5	1	6	5	0.706	matched
1	6	6	1	6	6	0.901	matched
1	6	7	1	6	7	1.0	matched
1	6	8	1	6	8	1.0	matched
1	6	9	1	6	9	0.909	matched
1	6	10	1	6	10	1.0	matched
1	6	11	1	6	11	1.0	matched
1	6	12	1	6	12	0.396	fuzzy
1	6	13	1	6	13	0.948	matched
1	6	14	1	6	14	1.0	matched
1	6	15					southern_only
1	6	16	1	6	15	0.673	matched
1	6	17					southern_only
1	6	18					southern_only
1	6	19	1	6	17	1.0	matched
1	6	20	1	6	18	1.0	matched
1	6	21	1	6	19	1.0	matched
1	6	22	1	6	20	0.762	matched
1	6	23	1	6	21	0.896	matched
1	6	24					southern_only
1	6	25					southern_only
1	6	26					southern_only
1	6	27					southern_only
1	6	28	1	6	24	0.939	matched
1	7	1					southern_only
1	7	2	1	7	1	1.0	matched
1	7	3	1	7	2	0.389	fuzzy
1	7	4	1	7	3	1.0	matched
1	7	5					southern_only
1	7	6					southern_only
1	7	7	1	7	4	0.91	matched
1	7	8	1	7	5	1.0	matched
1	7	9	1	7	6	0.89	matched
1	7	10	1	7	7	1.0	matched
1	7	11	1	7	8	0.704	matched
1	7	12	1	7	9	0.932	matched
1	7	13	1	7	10	1.0	matched
1	7	14	1	7	11	1.0	matched
1	7	15	1	7	12	0.892	matched
1	7	16	1	7	13	0.793	matched
1	7	17	1	7	14	0.741	matched
1	7	18					southern_only
1	7	19					southern_only
1	7	20	1	7	15	0.79	matched
1	7	21					southern_only
1	7	22					southern_only
1	7	23					southern_only
1	7	24	1	7	17	0.802	matched
1	8	1	1	8	1	0.846	matched
1	8	2	1	8	2	1.0	matched
1	8	3	1	8	3	0.86	matched
1	8	4	1	8	4	1.0	matched
1	8	5	1	11	5	0.753	moved
1	8	6	1	11	6	0.793	moved
1	8	7	1	11	7	1.0	moved
1	8	8	1	11	8	0.838	moved
1	8	9					southern_only
1	8	10	1	11	10	0.852	moved
1	8	11					southern_only
1	8	12					southern_only
1	8	13					southern_only
1	8	14					southern_only
1	8	15					southern_only
1	8	16	1	11	16	0.59	moved
1	8	17	1	11	17	1.0	moved
1	8	18	1	11	18	0.797	moved
1	8	19					southern_only
1	8	20					southern_only
1	8	21					southern_only
1	8	22					southern_only
1	8	23					southern_only
1	8	24					southern_only
1	9	1	1	8	5	0.485	fuzzy
1	9	2					southern_only
1	9	3					southern_only
1	9	4					southern_only
1	9	5					southern_only
1	9	6					southern_only
1	9	7	1	8	10	0.356	fuzzy
1	9	8	1	8	12	0.353	fuzzy
1	9	9					southern_only
1	9	10					southern_only
1	9	11					southern_only
1	9	12	1	8	15	1.0	matched
1	9	13	1	8	16	0.573	matched
1	9	14	1	8	17	1.0	matched
1	9	15	1	8	18	1.0	matched
1	9	16	1	8	19	0.896	matched
1	9	17	1	8	20	0.9	matched
1	9	18	1	8	21	1.0	matched
1	9	19	1	8	22	1.0	matched
1	9	20	1	8	23	0.802	matched
1	10	1	1	9	1	0.598	matched
1	10	2	1	9	2	1.0	matched
1	10	3	1	9	3	0.701	matched
1	10	4	1	9	4	1.0	matched
1	10	5	1	9	5	0.902	matched
1	10	6	1	9	6	1.0	matched
1	10	7	1	9	7	1.0	matched
1	10	8	1	9	8	0.658	matched
1	10	9	1	9	9	1.0	matched
1	10	10	1	9	10	1.0	matched
1	10	11	1	9	11	0.886	matched
1	10	12	1	9	12	1.0	matched
1	10	13	1	9	13	0.897	matched
1	10	14	1	9	14	1.0	matched
1	10	15	1	9	15	1.0	matched
1	10	16	1	9	16	0.78	matched
1	10	17	1	9	17	1.0	matched
1	10	18	1	9	18	1.0	matched
1	10	19	1	9	19	0.805	matched
1	10	20	1	9	20	1.0	matched
1	10	21	1	9	21	1.0	matched
1	10	22	1	9	22	0.917	matched
1	10	23	1	9	23	0.861	matched
1	10	24					southern_only
1	10	25					southern_only
1	10	26					southern_only
1	10	27					southern_only
1	10	28	1	9	27	0.934	matched
1	10	29	1	9	28	1.0	matched
1	10	30	1	9	29	1.0	matched
1	10	31	1	9	30	1.0	matched
1	10	32	1	9	31	1.0	matched
1	10	33	1	9	32	1.0	matched
1	11	1	1	10	1	0.643	matched
1	11	2	1	10	2	0.765	matched
1	11	3	1	10	3	1.0	matched
1	11	4	1	10	4	0.683	matched
1	11	5	1	10	5	0.835	matched
1	11	6	1	10	6	1.0	matched
1	11	7	1	10	7	1.0	matched
1	11	8	1	10	8	1.0	matched
1	11	9	1	10	9	1.0	matched
1	11	10	1	10	10	0.847	matched
1	11	11	1	10	11	1.0	matched
1	11	12	1	10	12	1.0	matched
1	11	13					southern_only
1	11	14	1	10	13	0.375	fuzzy
1	11	15					southern_only
1	11	16					southern_only
1	11	17	1	10	16	0.351	fuzzy
1	11	18	1	10	17	0.366	fuzzy
1	11	19					southern_only
1	11	20					southern_only
1	11	21	1	10	21	0.441	fuzzy
1	11	22					southern_only
1	11	23					southern_only
1	11	24	1	10	23	0.606	matched
1	11	25					southern_only
1	11	26	1	10	24	0.413	fuzzy
1	11	27	1	10	25	0.434	fuzzy
1	11	28					southern_only
1	11	29	1	10	27	0.88	matched
1	11	30	1	10	28	0.761	matched
1	11	31	1	10	29	0.69	matched
1	12	1	1	11	1	1.0	matched
1	12	2	1	11	2	0.896	matched
1	12	3	1	11	3	1.0	matched
1	12	4					southern_only
1	12	5	1	11	4	0.352	fuzzy
1	12	6					southern_only
1	12	7					southern_only
1	12	8					southern_only
1	12	9	1	11	9	0.355	fuzzy
1	12	10					southern_only
1	12	11	1	11	10	0.35	fuzzy
1	12	12					southern_only
1	12	13	1	11	12	1.0	matched
1	12	14	1	11	13	0.902	matched
1	12	15	1	11	14	1.0	matched
1	12	16	1	11	15	0.886	matched
1	12	17	1	11	16	1.0	matched
1	12	18	1	11	17	0.739	matched
1	12	19	1	11	18	1.0	matched
1	12	20	1	11	19	1.0	matched
1	12	21	1	11	20	1.0	matched
1	12	22	1	11	21	0.629	matched
1	13	1	1	12	1	0.353	fuzzy
1	13	2	1	12	2	0.368	fuzzy
1	13	3					southern_only
1	13	4					southern_only
1	13	5	1	12	5	0.368	fuzzy
1	13	6					southern_only
1	13	7	1	12	6	0.369	fuzzy
1	13	8	1	12	7	0.367	fuzzy
1	13	9					southern_only
1	13	10	1	12	10	0.409	fuzzy
1	13	11					southern_only
1	13	12					southern_only
1	13	13	1	12	11	0.805	matched
1	13	14	1	12	12	0.897	matched
1	13	15	1	12	13	1.0	matched
1	13	16					southern_only
1	13	17					southern_only
1	13	18					southern_only
1	13	19	1	12	16	0.901	matched
1	13	20	1	12	17	1.0	matched
1	13	21	1	12	18	0.835	matched
1	13	22	1	12	19	0.685	matched
1	13	23	1	12	20	0.911	matched
1	13	24	1	12	21	0.91	matched
1	13	25	1	12	22	0.741	matched
1	13	26					southern_only
1	13	27					southern_only
1	13	28	1	12	24	0.396	fuzzy
1	13	29					southern_only
1	13	30	1	12	25	1.0	matched
1	13	31	1	12	26	0.866	matched
1	13	32	1	12	27	0.738	matched
1	13	33	1	12	28	0.598	matched
1	13	34					southern_only
1	13	35					southern_only
1	13	36	1	12	31	0.358	fuzzy
1	13	37	1	12	32	0.367	fuzzy
1	13	38					southern_only
1	13	39	1	12	33	1.0	matched
1	13	40	1	12	34	1.0	matched
1	13	41					southern_only
1	14	1	1	13	1	0.9	matched
1	14	2	1	13	2	1.0	matched
1	14	3	1	13	3	1.0	matched
1	14	4	1	13	4	1.0	matched
1	14	5	1	13	5	0.78	matched
1	14	6					southern_only
1	14	7					southern_only
1	14	8					southern_only
1	14	9					southern_only
1	14	10	1	13	6	0.814	matched
1	14	11	1	13	7	1.0	matched
1	14	12	1	13	8	0.852	matched
1	14	13	1	13	9	1.0	matched
1	14	14	1	13	10	0.863	matched
1	14	15	1	13	11	0.769	matched
1	14	16					southern_only
1	14	17	1	13	12	0.902	matched
1	14	18	1	13	13	0.893	matched
1	14	19	1	13	14	0.877	matched
1	14	20	1	13	15	1.0	matched
1	14	21	1	13	16	0.8	matched
1	14	22	1	13	17	1.0	matched
1	14	23	1	13	18	1.0	matched
1	14	24	1	13	19	0.902	matched
1	14	25					southern_only
1	14	26	1	13	20	1.0	matched
1	14	27	1	13	21	0.847	matched
1	14	28	1	13	22	0.583	matched
1	14	29					southern_only
1	14	30	1	13	24	0.393	fuzzy
1	14	31					southern_only
1	14	32	1	13	25	0.586	matched
1	14	33	1	13	26	1.0	matched
1	14	34	1	13	27	1.0	matched
1	14	35	1	13	28	0.787	matched
1	14	36	1	13	29	1.0	matched
1	14	37	1	13	30	1.0	matched
1	14	38	1	13	31	1.0	matched
1	14	39	1	13	32	0.846	matched
1	14	40	1	13	33	0.908	matched
1	14	41	1	13	34	0.905	matched
1	14	42	1	13	35	0.744	matched
1	14	43	1	13	36	1.0	matched
1	14	44	1	13	37	0.787	matched
1	14	45	1	13	38	0.869	matched
1	14	46					southern_only
1	14	47					southern_only
1	14	48	1	13	40	0.617	matched
1	14	49					southern_only
1	14	50					southern_only
1	14	51					southern_only
1	14	52					southern_only
1	14	53					southern_only
1	14	54					southern_only
1	14	55					southern_only
1	14	56					southern_only
1	14	57					southern_only
1	14	58	1	13	44	0.363	fuzzy
1	14	59	1	13	46	0.649	matched
1	14	60					southern_only
1	15	1	1	14	1	0.663	matched
1	15	2	1	14	2	1.0	matched
1	15	3	1	14	3	1.0	matched
1	15	4	1	14	4	1.0	matched
1	15	5	1	14	5	0.795	matched
1	15	6	1	14	6	1.0	matched
1	15	7	1	14	7	0.867	matched
1	15	8	1	14	8	1.0	matched
1	15	9	1	14	9	1.0	matched
1	15	10	1	14	10	1.0	matched
1	15	11	1	14	11	0.904	matched
1	15	12	1	14	12	0.812	matched
1	15	13	1	14	13	0.735	matched
1	15	14	1	14	14	1.0	matched
1	15	15	1	14	15	1.0	matched
1	15	16					southern_only
1	15	17					southern_only
1	15	18	1	14	17	0.37	fuzzy
1	15	19					southern_only
1	15	20	1	14	18	0.612	matched
1	15	21	1	14	19	0.377	fuzzy
1	15	22	1	14	20	0.354	fuzzy
1	15	23					southern_only
1	15	24					southern_only
1	15	25					southern_only
1	15	26					southern_only
1	15	27					southern_only
1	15	28					southern_only
1	15	29					southern_only
1	15	30					southern_only
1	15	31					southern_only
1	15	32					southern_only
1	15	33	1	14	21	0.882	matched
1	15	34					southern_only
1	16	1	1	15	1	0.899	matched
1	16	2	1	15	2	1.0	matched
1	16	3	1	15	3	0.795	matched
1	16	4	1	15	4	0.771	matched
1	16	5	1	15	5	0.928	matched
1	16	6					southern_only
1	16	7					southern_only
1	16	8	1	15	7	1.0	matched
1	16	9	1	15	8	1.0	matched
1	16	10					southern_only
1	16	11	1	15	9	1.0	matched
1	16	12	1	15	10	1.0	matched
1	16	13	1	15	11	1.0	matched
1	16	14	1	15	12	1.0	matched
1	16	15	1	15	13	1.0	matched
1	16	16	1	15	14	1.0	matched
1	16	17	1	15	15	1.0	matched
1	16	18	1	15	16	1.0	matched
1	16	19	1	15	17	0.872	matched
1	16	20	1	15	18	1.0	matched
1	16	21	1	15	19	1.0	matched
1	16	22	1	15	20	1.0	matched
1	16	23	1	15	21	1.0	matched
1	16	24	1	15	22	1.0	matched
1	16	25	1	15	23	0.937	matched
1	16	26	1	15	24	0.933	matched
1	16	27	1	15	25	1.0	matched
1	16	28	1	15	26	1.0	matched
1	16	29	1	15	27	1.0	matched
1	16	30	1	15	28	0.802	matched
1	16	31					southern_only
1	16	32					southern_only
1	17	1	1	16	1	1.0	matched
1	17	2	1	16	2	0.897	matched
1	17	3	1	16	3	1.0	matched
1	17	4	1	16	4	1.0	matched
1	17	5	1	16	5	0.89	matched
1	17	6	1	16	6	1.0	matched
1	17	7					southern_only
1	17	8	1	16	7	1.0	matched
1	17	9	1	16	8	1.0	matched
1	17	10					southern_only
1	17	11					southern_only
1	17	12					southern_only
1	17	13					southern_only
1	17	14					southern_only
1	17	15					southern_only
1	17	16					southern_only
1	17	17	1	16	9	0.356	fuzzy
1	17	18					southern_only
1	17	19					southern_only
1	17	20					southern_only
1	17	21					southern_only
1	17	22					southern_only
1	17	23					southern_only
1	17	24					southern_only
1	17	25					southern_only
1	17	26					southern_only
1	17	27	1	16	15	0.378	fuzzy
1	17	28					southern_only
1	17	29					southern_only
1	17	30					southern_only
1	17	31	1	16	17	0.359	fuzzy
1	17	32					southern_only
1	17	33					southern_only
1	17	34					southern_only
1	17	35					southern_only
1	17	36					southern_only
1	17	37	1	16	20	0.63	matched
1	18	1	1	17	1	1.0	matched
1	18	2	1	17	2	1.0	matched
1	18	3	1	17	3	0.782	matched
1	18	4					southern_only
1	18	5	1	17	4	0.793	matched
1	18	6	1	17	5	0.753	matched
1	18	7					southern_only
1	18	8					southern_only
1	18	9					southern_only
1	18	10					southern_only
1	18	11					southern_only
1	18	12	1	17	7	1.0	matched
1	18	13	1	17	8	1.0	matched
1	18	14	1	17	9	1.0	matched
1	18	15					southern_only
1	18	16	1	17	10	1.0	matched
1	18	17					southern_only
1	18	18					southern_only
1	18	19					southern_only
1	18	20					southern_only
1	18	21	1	17	11	1.0	matched
1	18	22	1	17	12	0.484	fuzzy
1	18	23					southern_only
1	18	24					southern_only
1	18	25	1	17	13	0.352	fuzzy
1	18	26	1	17	14	0.365	fuzzy
1	18	27					southern_only
1	18	28	1	17	15	0.396	fuzzy
1	18	29	1	17	16	1.0	matched
1	18	30	1	17	17	0.692	matched
1	18	31					southern_only
1	18	32					southern_only
1	18	33	1	17	20	0.389	fuzzy
1	18	34					southern_only
1	18	35	1	17	21	0.398	fuzzy
1	18	36					southern_only
1	18	37					southern_only
1	18	38	1	17	22	0.371	fuzzy
1	18	39					southern_only
1	18	40	1	17	24	0.383	fuzzy
1	18	41	1	17	25	0.351	fuzzy
1	18	42					southern_only
1	18	43					southern_only
1	18	44	1	17	29	0.35	fuzzy
1	18	45					southern_only
1	18	46					southern_only
1	18	47					southern_only
1	18	48					southern_only
1	18	49					southern_only
1	18	50					southern_only
1	18	51	1	17	33	0.585	matched
1	18	52					southern_only
1	18	53	1	17	34	0.433	fuzzy
1	18	54					southern_only
1	18	55					southern_only
1	18	56	1	17	37	0.353	fuzzy
1	18	57					southern_only
1	18	58					southern_only
1	18	59	1	17	39	1.0	matched
1	19	1	1	18	1	1.0	matched
1	19	2	1	18	2	0.875	matched
1	19	3	1	18	3	1.0	matched
1	19	4	1	18	4	0.905	matched
1	19	5	1	18	5	0.649	matched
1	19	6					southern_only
1	19	7	1	18	7	0.362	fuzzy
1	19	8					southern_only
1	19	9	1	18	8	0.351	fuzzy
1	19	10	1	18	10	0.377	fuzzy
1	19	11					southern_only
1	19	12	1	18	12	0.364	fuzzy
1	19	13					southern_only
1	19	14					southern_only
1	19	15	1	18	14	0.35	fuzzy
1	19	16	1	18	16	0.362	fuzzy
1	19	17					southern_only
1	19	18					southern_only
1	19	19					southern_only
1	19	20					southern_only
1	19	21					southern_only
1	19	22	1	18	20	0.704	matched
1	20	1	1	19	1	0.744	matched
1	20	2	1	19	2	1.0	matched
1	20	3	1	19	3	1.0	matched
1	20	4	1	19	4	1.0	matched
1	20	5	1	19	5	1.0	matched
1	20	6	1	19	6	0.81	matched
1	20	7	1	19	7	0.667	matched
1	20	8					southern_only
1	20	9	1	19	9	0.352	fuzzy
1	20	10					southern_only
1	20	11	1	19	11	0.475	fuzzy
1	20	12					southern_only
1	20	13					southern_only
1	20	14	1	19	13	0.439	fuzzy
1	20	15	1	19	15	0.407	fuzzy
1	20	16	1	19	16	0.386	fuzzy
1	20	17					southern_only
1	20	18					southern_only
1	20	19	1	19	18	0.6	matched
1	20	20	1	19	19	0.893	matched
1	20	21					southern_only
1	20	22					southern_only
1	20	23	1	19	22	0.355	fuzzy
1	20	24					southern_only
1	20	25	1	19	24	0.525	moved
1	20	26	1	19	24	0.357	fuzzy
1	20	27					southern_only
1	20	28					southern_only
1	21	1	1	20	1	1.0	matched
1	21	2	1	20	2	1.0	matched
1	21	3	1	20	3	1.0	matched
1	21	4	1	20	4	1.0	matched
1	21	5	1	20	5	1.0	matched
1	21	6	1	20	6	1.0	matched
1	21	7	1	20	7	0.919	matched
1	21	8	1	20	8	0.431	fuzzy
1	21	9	1	20	9	1.0	matched
1	21	10	1	20	10	1.0	matched
1	21	11	1	20	11	1.0	matched
1	21	12	1	20	12	0.79	matched
1	21	13	1	20	13	1.0	matched
1	21	14	1	20	14	0.818	matched
1	21	15	1	20	15	1.0	matched
1	21	16	1	20	16	0.511	matched
1	21	17	1	20	17	0.902	matched
1	21	18	1	20	18	0.877	matched
1	21	19					southern_only
1	21	20	1	20	19	0.849	matched
1	21	21					southern_only
1	21	22					southern_only
1	22	1	1	21	1	0.855	matched
1	22	2	1	21	2	1.0	matched
1	22	3	1	21	3	0.797	matched
1	22	4	1	21	4	0.897	matched
1	22	5	1	21	5	0.818	matched
1	22	6	1	21	6	1.0	matched
1	22	7	1	21	7	1.0	matched
1	22	8	1	21	8	0.357	fuzzy
1	22	9					southern_only
1	22	10					southern_only
1	22	11					southern_only
1	22	12	1	21	10	0.406	fuzzy
1	22	13	1	21	11	0.357	fuzzy
1	22	14					southern_only
1	22	15	1	21	13	0.753	matched
1	22	16	1	21	14	0.544	matched
1	22	17	1	21	15	0.522	matched
1	22	18					southern_only
1	22	19	1	21	16	0.366	fuzzy
1	22	20					southern_only
1	22	21	1	21	18	0.667	matched
1	22	22	1	21	19	0.619	matched
1	22	23					southern_only
1	22	24					southern_only
1	23	1	1	22	1	0.816	matched
1	23	2	1	22	2	0.902	matched
1	23	3	1	22	3	0.759	matched
1	23	4	1	22	4	0.791	matched
1	23	5	1	22	5	0.773	matched
1	23	6	1	22	6	0.702	matched
1	23	7	1	22	7	1.0	matched
1	23	8	1	22	8	1.0	matched
1	23	9	1	22	9	0.81	matched
1	23	10	1	22	10	0.493	fuzzy
1	23	11	1	22	11	0.64	matched
1	23	12	1	22	12	0.784	matched
1	23	13	1	22	13	0.802	matched
1	23	14	1	22	14	1.0	matched
1	23	15	1	22	15	1.0	matched
1	23	16	1	22	16	1.0	matched
1	23	17					southern_only
1	23	18					southern_only
1	23	19	1	22	18	0.391	fuzzy
1	23	20					southern_only
1	23	21					southern_only
1	23	22					southern_only
1	24	1	1	23	1	0.899	matched
1	24	2	1	23	2	0.914	matched
1	24	3	1	23	3	0.866	matched
1	24	4	1	23	4	0.756	matched
1	24	5					southern_only
1	24	6					southern_only
1	24	7					southern_only
1	24	8	1	23	6	0.37	fuzzy
1	24	9	1	23	8	0.394	fuzzy
1	24	10					southern_only
1	24	11	1	23	10	0.367	fuzzy
1	24	12					southern_only
1	24	13					southern_only
1	24	14					southern_only
1	24	15	1	23	13	0.36	fuzzy
1	24	16	1	23	15	0.417	fuzzy
1	24	17					southern_only
1	24	18	1	23	16	0.366	fuzzy
1	24	19					southern_only
1	24	20	1	23	18	0.371	fuzzy
1	24	21	1	23	19	0.374	fuzzy
1	24	22	1	23	21	0.358	fuzzy
1	24	23					southern_only
1	24	24					southern_only
1	24	25	1	23	23	0.362	fuzzy
1	24	26					southern_only
1	24	27					southern_only
1	24	28					southern_only
1	24	29					southern_only
1	24	30	1	23	28	0.352	fuzzy
1	24	31					southern_only
1	24	32	1	23	30	0.706	matched
1	25	1	1	24	1	1.0	matched
1	25	2	1	24	2	0.711	matched
1	25	3					southern_only
1	25	4	1	24	3	0.844	matched
1	25	5	1	24	4	1.0	matched
1	25	6	1	24	5	1.0	matched
1	25	7	1	24	6	1.0	matched
1	25	8	1	24	7	0.857	matched
1	25	9	1	24	8	1.0	matched
1	25	10	1	24	9	0.907	matched
1	25	11					southern_only
1	25	12	1	24	10	0.81	matched
1	25	13	1	24	11	0.742	matched
1	25	14	1	24	12	0.935	matched
1	25	15	1	24	13	1.0	matched
1	25	16	1	24	14	1.0	matched
1	25	17	1	24	15	1.0	matched
1	25	18					southern_only
1	25	19	1	24	16	0.907	matched
1	25	20	1	24	17	1.0	matched
1	25	21	1	24	18	0.81	matched
1	25	22	1	24	19	0.462	fuzzy
1	26	1	1	25	1	1.0	matched
1	26	2	1	25	2	1.0	matched
1	26	3	1	25	3	1.0	matched
1	26	4	1	25	4	0.91	matched
1	26	5	1	25	5	0.875	matched
1	26	6	1	25	6	0.615	matched
1	26	7	1	25	7	0.873	matched
1	26	8	1	25	8	0.667	matched
1	26	9	1	25	9	1.0	matched
1	26	10	1	25	10	1.0	matched
1	26	11	1	25	11	0.947	matched
1	26	12	1	25	12	0.855	matched
1	26	13	1	25	13	0.933	matched
1	26	14					southern_only
1	26	15					southern_only
1	26	16					southern_only
1	26	17					southern_only
1	26	18					southern_only
1	26	19					southern_only
1	26	20					southern_only
1	26	21					southern_only
1	26	22					southern_only
1	26	23					southern_only
1	26	24					southern_only
1	26	25					southern_only
1	26	26					southern_only
1	26	27					southern_only
1	26	28	1	25	16	0.354	fuzzy
1	26	29					southern_only
1	26	30					southern_only
1	26	31					southern_only
1	26	32					southern_only
1	26	33					southern_only
1	26	34					southern_only
1	26	35					southern_only
1	26	36					southern_only
1	27	1	1	26	1	1.0	matched
1	27	2	1	26	2	1.0	matched
1	27	3	1	26	3	0.853	matched
1	27	4	1	26	4	1.0	matched
1	27	5	1	26	5	1.0	matched
1	27	6	1	26	6	1.0	matched
1	27	7	1	26	7	0.909	matched
1	27	8	1	26	8	1.0	matched
1	27	9	1	26	9	0.899	matched
1	27	10	1	26	10	1.0	matched
1	27	11	1	26	11	0.81	matched
1	27	12	1	26	12	0.694	matched
1	27	13	1	26	13	0.69	matched
1	27	14	1	26	14	0.853	matched
1	27	15	1	26	15	0.517	matched
1	27	16					southern_only
1	27	17	1	26	16	0.654	matched
1	27	18	1	26	17	1.0	matched
1	27	19	1	26	18	0.759	matched
1	27	20	1	26	19	0.941	matched
1	27	21	1	26	20	0.882	matched
1	27	22	1	26	21	0.775	matched
1	27	23					southern_only
1	27	24	1	26	22	1.0	matched
1	27	25	1	26	23	0.718	matched
1	27	26					southern_only
1	27	27	1	26	24	0.907	matched
1	27	28	1	26	25	1.0	matched
1	28	1	1	27	1	1.0	matched
1	28	2	1	27	2	0.899	matched
1	28	3	1	27	3	0.9	matched
1	28	4	1	27	4	1.0	matched
1	28	5	1	27	5	0.763	matched
1	28	6	1	27	6	0.744	matched
1	28	7					southern_only
1	28	8					southern_only
1	28	9					southern_only
1	28	10	1	27	10	0.398	fuzzy
1	28	11					southern_only
1	28	12					southern_only
1	28	13	1	27	11	1.0	matched
1	28	14	1	27	12	1.0	matched
1	28	15	1	27	13	1.0	matched
1	28	16	1	27	14	1.0	matched
1	28	17	1	27	15	0.736	matched
1	28	18	1	27	16	0.899	matched
1	28	19	1	27	17	1.0	matched
1	28	20	1	27	18	1.0	matched
1	28	21					southern_only
1	28	22					southern_only
1	29	1	1	28	1	0.833	matched
1	29	2					southern_only
1	29	3					southern_only
1	29	4	1	28	2	0.357	fuzzy
1	29	5	1	28	3	0.591	matched
1	29	6	1	28	4	0.676	matched
1	29	7	1	28	5	0.779	matched
1	29	8	1	28	6	1.0	matched
1	29	9	1	28	7	1.0	matched
1	29	10					southern_only
1	29	11					southern_only
1	29	12					southern_only
1	29	13					southern_only
1	29	14					southern_only
1	29	15					southern_only
1	29	16					southern_only
1	29	17					southern_only
1	29	18	1	28	8	1.0	matched
1	29	19	1	28	9	1.0	matched
1	29	20	1	28	10	0.422	fuzzy
1	29	21	1	28	11	0.897	matched
1	29	22	1	28	12	1.0	matched
1	29	23	1	28	13	0.944	matched
1	29	24	1	28	14	1.0	matched
1	29	25					southern_only
1	29	26	1	28	15	1.0	matched
1	29	27	1	28	16	1.0	matched
1	29	28	1	28	17	0.899	matched
1	29	29	1	28	18	0.902	matched
1	29	30	1	28	19	0.833	matched
1	29	31	1	28	20	0.48	fuzzy
1	29	32					southern_only
1	30	1	1	29	1	0.893	matched
1	30	2	1	29	2	0.835	matched
1	30	3	1	29	3	1.0	matched
1	30	4	1	29	4	1.0	matched
1	30	5	1	29	5	1.0	matched
1	30	6	1	29	6	0.802	matched
1	30	7	1	29	7	0.855	matched
1	30	8	1	29	8	1.0	matched
1	30	9					southern_only
1	30	10	1	29	9	1.0	matched
1	30	11	1	29	10	0.753	matched
1	30	12	1	29	11	0.893	matched
1	30	13					southern_only
1	30	14	1	29	12	0.863	matched
1	30	15	1	29	13	1.0	matched
1	30	16					southern_only
1	30	17	1	29	14	1.0	matched
1	30	18	1	29	15	1.0	matched
1	30	19	1	29	16	1.0	matched
1	30	20	1	29	17	0.705	matched
1	30	21	1	29	18	1.0	matched
1	30	22	1	29	19	0.62	matched
1	30	23	1	29	20	1.0	matched
1	30	24	1	29	21	0.904	matched
1	30	25	1	29	22	1.0	matched
1	30	26	1	29	23	0.571	matched
1	31	1	1	30	1	0.864	matched
1	31	2	1	30	2	0.753	matched
1	31	3	1	30	3	0.838	matched
1	31	4	1	30	4	0.538	matched
1	31	5	1	30	5	0.771	matched
1	31	6	1	30	6	0.901	matched
1	31	7	1	30	7	0.938	matched
1	31	8	1	30	8	1.0	matched
1	31	9	1	30	9	0.81	matched
1	31	10	1	30	10	0.909	matched
1	31	11	1	30	11	0.785	matched
1	31	12	1	30	12	0.894	matched
1	31	13					southern_only
1	31	14	1	30	13	0.899	matched
1	31	15	1	30	14	0.762	matched
1	31	16					southern_only
1	31	17	1	30	16	0.895	matched
1	31	18	1	30	17	0.659	matched
1	31	19					southern_only
1	31	20	1	30	18	0.359	fuzzy
1	31	21					southern_only
1	31	22					southern_only
1	31	23					southern_only
1	31	24	1	30	23	0.625	matched
1	32	1					southern_only
1	32	2	1	31	1	0.388	fuzzy
1	32	3	1	31	2	0.664	matched
1	32	4					southern_only
1	32	5	1	31	3	0.821	matched
1	32	6	1	31	4	0.895	matched
1	32	7	1	31	5	0.695	matched
1	32	8	1	31	6	0.889	matched
1	32	9	1	31	7	1.0	matched
1	32	10	1	30	10	0.529	moved
1	32	11	1	31	9	1.0	matched
1	32	12	1	31	10	0.897	matched
1	32	13	1	31	11	1.0	matched
1	32	14	1	31	12	1.0	matched
1	32	15	1	31	13	1.0	matched
1	32	16	1	31	14	1.0	matched
1	32	17					southern_only
1	32	18	1	31	15	1.0	matched
1	32	19	1	31	16	0.719	matched
1	32	20	1	31	17	0.582	matched
1	32	21	1	31	18	0.909	matched
1	32	22	1	31	19	0.868	matched
1	32	23	1	31	20	0.742	matched
1	32	24					southern_only
1	32	25	1	31	21	0.367	fuzzy
1	32	26	1	31	22	0.616	matched
1	33	1	1	32	1	1.0	matched
1	33	2	1	32	2	1.0	matched
1	33	3	1	32	3	1.0	matched
1	33	4	1	32	4	0.887	matched
1	33	5	1	32	5	0.895	matched
1	33	6	1	32	6	1.0	matched
1	33	7	1	32	7	0.802	matched
1	33	8	1	32	8	0.77	matched
1	33	9	1	32	9	1.0	matched
1	33	10	1	32	10	0.724	matched
1	33	11	1	32	11	0.831	matched
1	33	12	1	32	12	0.859	matched
1	33	13	1	32	13	1.0	matched
1	33	14	1	32	14	1.0	matched
1	33	15	1	32	15	0.92	matched
1	33	16	1	32	16	1.0	matched
1	33	17	1	32	17	1.0	matched
1	33	18	1	32	18	0.855	matched
1	33	19	1	32	19	1.0	matched
1	33	20	1	32	20	1.0	matched
1	33	21	1	32	21	1.0	matched
1	33	22	1	32	22	0.897	matched
1	33	23	1	32	23	0.912	matched
1	33	24	1	32	24	1.0	matched
1	33	25	1	32	25	1.0	matched
1	33	26	1	32	26	0.551	matched
1	34	1	1	33	1	1.0	matched
1	34	2	1	33	2	0.81	matched
1	34	3	1	33	3	0.837	matched
1	34	4	1	33	4	1.0	matched
1	34	5	1	33	5	1.0	matched
1	34	6	1	33	6	1.0	matched
1	34	7	1	33	7	1.0	matched
1	34	8	1	33	8	1.0	matched
1	34	9	1	33	9	0.895	matched
1	34	10	1	33	10	0.826	matched
1	34	11	1	33	11	1.0	matched
1	34	12	1	33	12	0.89	matched
1	34	13	1	33	13	1.0	matched
1	34	14	1	33	14	1.0	matched
1	34	15	1	33	15	1.0	matched
1	34	16	1	33	16	0.793	matched
1	34	17	1	33	17	0.873	matched
1	34	18	1	33	18	0.907	matched
1	34	19	1	33	19	0.877	matched
1	34	20					southern_only
1	34	23	1	33	20	0.896	matched
1	34	24					southern_only
1	34	25					southern_only
1	35	1	1	34	1	1.0	matched
1	35	2	1	34	2	0.897	matched
1	35	3	1	34	3	0.795	matched
1	35	4	1	34	4	0.896	matched
1	35	5	1	34	5	1.0	matched
1	35	6					southern_only
1	35	7	1	34	6	1.0	matched
1	35	8	1	34	7	0.632	matched
1	35	9					southern_only
1	35	10					southern_only
1	35	11					southern_only
1	35	12	1	34	10	0.658	matched
1	35	13	1	34	11	1.0	matched
1	35	14	1	34	12	0.921	matched
1	35	15	1	34	13	1.0	matched
1	35	16	1	34	14	1.0	matched
1	35	17	1	34	15	0.828	matched
1	35	18	1	34	16	1.0	matched
1	35	19	1	34	17	0.872	matched
1	35	20	1	34	18	1.0	matched
1	35	21	1	34	19	1.0	matched
1	35	22	1	34	20	1.0	matched
1	36	1	1	35	1	0.816	matched
1	36	2	1	35	2	0.702	matched
1	36	3					southern_only
1	36	4					southern_only
1	36	5					southern_only
1	36	6					southern_only
1	36	7					southern_only
1	36	8					southern_only
1	36	9	1	35	9	0.67	matched
1	36	10	1	35	10	1.0	matched
1	36	11	1	35	11	0.885	matched
1	36	12	1	35	12	1.0	matched
1	36	13	1	35	13	1.0	matched
1	36	14	1	35	14	1.0	matched
1	36	15	1	35	15	0.837	matched
1	36	16	1	35	16	0.776	matched
1	36	17	1	35	17	0.765	matched
1	36	18	1	35	18	0.52	matched
1	36	19					southern_only
1	36	20					southern_only
1	36	21					southern_only
1	36	22	1	35	21	0.664	matched
1	36	23	1	35	22	1.0	matched
1	36	24	1	35	23	1.0	matched
1	36	25	1	35	24	0.882	matched
1	36	26	1	35	25	1.0	matched
1	36	27	1	35	26	1.0	matched
1	37	1	1	36	1	0.453	fuzzy
1	37	2	1	36	2	0.753	matched
1	37	3	1	36	3	0.875	matched
1	37	4	1	36	4	1.0	matched
1	37	5	1	36	5	1.0	matched
1	37	6	1	36	6	0.8	matched
1	37	7	1	36	7	0.865	matched
1	37	8	1	36	8	1.0	matched
1	37	9	1	36	9	1.0	matched
1	37	10	1	36	10	0.899	matched
1	37	11	1	36	11	1.0	matched
1	37	12	1	36	12	1.0	matched
1	37	13	1	36	13	1.0	matched
1	37	14	1	36	14	1.0	matched
1	37	15	1	36	15	0.479	fuzzy
1	37	16					southern_only
1	37	17					southern_only
1	37	18					southern_only
1	37	19	1	36	19	0.356	fuzzy
1	37	20	1	36	20	0.493	fuzzy
1	37	21	1	36	21	1.0	matched
1	37	22	1	36	22	0.649	matched
1	37	23	1	36	23	1.0	matched
1	37	24	1	36	24	1.0	matched
1	37	25	1	36	25	0.938	matched
1	37	26	1	36	26	0.859	matched
1	37	27	1	36	27	0.8	matched
1	37	28	1	36	28	1.0	matched
1	37	29	1	36	29	1.0	matched
1	37	30	1	36	30	0.671	matched
1	37	31	1	36	31	1.0	matched
1	37	32					southern_only
1	38	1	1	37	1	1.0	matched
1	38	2	1	37	2	0.84	matched
1	38	3	1	37	3	1.0	matched
1	38	4	1	37	4	0.418	fuzzy
1	38	5	1	37	5	0.852	matched
1	38	6	1	37	6	1.0	matched
1	38	7	1	37	7	1.0	matched
1	38	8	1	37	8	0.879	matched
1	38	9	1	37	9	0.622	matched
1	38	10	1	37	10	1.0	matched
1	38	11	1	37	11	1.0	matched
1	38	12	1	37	12	1.0	matched
1	38	13	1	37	13	1.0	matched
1	38	14	1	37	14	1.0	matched
1	38	15	1	37	15	0.895	matched
1	38	16	1	37	16	1.0	matched
1	38	17	1	37	17	1.0	matched
1	38	18	1	37	18	1.0	matched
1	38	19	1	37	19	1.0	matched
1	38	20	1	37	20	0.641	matched
1	38	21					southern_only
1	38	22					southern_only
1	38	23	1	37	22	0.359	fuzzy
1	38	24	1	37	24	0.682	matched
1	39	1	1	38	1	1.0	matched
1	39	2	1	38	2	0.9	matched
1	39	3					southern_only
1	39	4					southern_only
1	39	5	1	38	5	0.366	fuzzy
1	39	6	1	38	6	0.377	fuzzy
1	39	7					southern_only
1	39	8	1	38	8	0.355	fuzzy
1	39	9					southern_only
1	39	10	1	38	9	0.355	fuzzy
1	39	11					southern_only
1	39	12	1	38	12	0.352	fuzzy
1	39	13					southern_only
1	39	14	1	38	13	0.396	fuzzy
1	39	15					southern_only
1	39	16	1	38	16	0.357	fuzzy
1	39	17	1	38	17	0.353	fuzzy
1	39	18					southern_only
1	39	19					southern_only
1	39	20					southern_only
1	39	21	1	38	20	0.358	fuzzy
1	39	22					southern_only
1	39	23					southern_only
1	39	24	1	38	23	0.394	fuzzy
1	39	25	1	38	24	0.36	fuzzy
1	39	26	1	38	26	0.351	fuzzy
1	40	1	1	39	1	0.9	matched
1	40	2					southern_only
1	40	3					southern_only
1	40	4	1	39	3	0.848	matched
1	40	5	1	39	4	0.902	matched
1	40	6	1	39	5	0.863	matched
1	40	7	1	39	6	1.0	matched
1	40	8	1	39	7	0.8	matched
1	40	9	1	39	8	1.0	matched
1	40	10	1	39	9	1.0	matched
1	40	11	1	39	10	0.765	matched
1	40	12	1	39	11	0.859	matched
1	40	13	1	39	12	1.0	matched
1	40	14	1	39	13	0.896	matched
1	40	15	1	39	14	1.0	matched
1	40	16	1	39	15	0.872	matched
1	40	17	1	39	16	1.0	matched
1	40	18	1	39	17	0.81	matched
1	40	19	1	39	18	0.88	matched
1	40	20	1	39	19	1.0	matched
1	40	21	1	39	20	0.875	matched
1	40	22	1	39	21	1.0	matched
1	40	23	1	39	22	1.0	matched
1	40	24	1	39	23	1.0	matched
1	40	25					southern_only
1	40	26					southern_only
1	40	27					southern_only
1	40	28					southern_only
1	40	29	1	39	26	0.368	fuzzy
1	40	30	1	39	28	0.706	matched
1	41	1	1	40	1	1.0	matched
1	41	2	1	40	2	1.0	matched
1	41	3	1	40	3	1.0	matched
1	41	4	1	40	4	1.0	matched
1	41	5	1	40	5	1.0	matched
1	41	6	1	40	6	1.0	matched
1	41	7	1	40	7	0.892	matched
1	41	8	1	40	8	1.0	matched
1	41	9	1	40	9	0.646	matched
1	41	10	1	40	10	1.0	matched
1	41	11	1	40	11	1.0	matched
1	41	12	1	40	12	1.0	matched
1	41	13	1	40	13	1.0	matched
1	41	14	1	40	14	1.0	matched
1	41	15	1	40	15	0.426	fuzzy
1	41	16	1	40	16	1.0	matched
1	41	17	1	40	17	1.0	matched
1	41	18	1	40	18	1.0	matched
1	41	19					southern_only
1	41	20	1	40	20	0.598	matched
1	41	21	1	40	21	0.899	matched
1	41	22	1	40	22	1.0	matched
1	41	23	1	40	23	1.0	matched
1	41	24	1	40	24	0.912	matched
1	41	25	1	40	25	1.0	matched
1	41	26	1	40	26	1.0	matched
1	42	1	1	41	1	1.0	matched
1	42	2	1	41	2	1.0	matched
1	42	3	1	41	3	0.762	matched
1	42	4	1	41	4	1.0	matched
1	42	5	1	41	5	1.0	matched
1	42	6	1	41	6	1.0	matched
1	42	7	1	41	7	1.0	matched
1	42	8	1	41	8	1.0	matched
1	42	9	1	41	9	1.0	matched
1	42	10	1	41	10	0.899	matched
1	42	11	1	41	11	0.893	matched
1	42	12					southern_only
1	42	13	1	41	12	0.361	fuzzy
1	42	14	1	41	13	0.393	fuzzy
1	42	15	1	41	14	1.0	matched
1	42	16	1	41	15	0.722	matched
1	42	17	1	41	16	0.671	matched
1	42	18	1	41	17	0.9	matched
1	42	19	1	41	18	1.0	matched
1	42	20	1	41	19	0.593	matched
1	42	21	1	41	20	1.0	matched
1	42	22	1	41	21	1.0	matched
1	42	23	1	41	22	0.797	matched
1	42	24	1	41	23	0.762	matched
1	42	25	1	41	24	0.915	matched
1	43	1	1	42	1	0.735	matched
1	43	2	1	42	2	1.0	matched
1	43	3	1	42	3	1.0	matched
1	43	4	1	42	4	0.702	matched
1	43	5					southern_only
1	43	6					southern_only
1	43	7					southern_only
1	43	8					southern_only
1	43	9	1	42	5	0.744	matched
1	43	10					southern_only
1	43	11					southern_only
1	43	12					southern_only
1	43	13					southern_only
1	43	14					southern_only
1	43	15					southern_only
1	43	16	1	42	7	0.372	fuzzy
1	43	17					southern_only
1	43	18	1	42	9	0.367	fuzzy
1	43	19					southern_only
1	43	20	1	42	11	0.384	fuzzy
1	43	21					southern_only
1	43	22					southern_only
1	43	23	1	42	13	0.353	fuzzy
1	43	24	1	42	14	0.395	fuzzy
1	43	25					southern_only
1	43	26					southern_only
1	43	27	1	42	17	0.479	fuzzy
1	43	28					southern_only
1	43	29	1	42	19	0.457	fuzzy
1	43	30	1	42	21	0.359	fuzzy
1	43	31					southern_only
1	43	32	1	42	22	0.362	fuzzy
1	43	33	1	42	23	0.417	fuzzy
1	43	34					southern_only
1	43	35					southern_only
1	43	36					southern_only
1	43	37					southern_only
1	43	38					southern_only
1	43	39					southern_only
1	43	40					southern_only
1	43	41					southern_only
1	44	1	1	43	1	1.0	matched
1	44	2	1	43	2	1.0	matched
1	44	3	1	43	3	1.0	matched
1	44	4	1	43	4	0.667	matched
1	44	5	1	43	5	0.844	matched
1	44	6	1	43	6	0.77	matched
1	44	7	1	43	7	1.0	matched
1	44	8	1	43	8	1.0	matched
1	44	9	1	43	9	0.855	matched
1	44	10	1	43	10	0.89	matched
1	44	11	1	43	11	1.0	matched
1	44	12	1	43	12	1.0	matched
1	44	13	1	43	13	0.872	matched
1	44	14	1	43	14	0.783	matched
1	44	15	1	43	15	1.0	matched
1	44	16	1	43	16	1.0	matched
1	44	17	1	43	17	0.587	matched
1	44	18					southern_only
1	44	19	1	43	18	0.705	matched
1	44	20	1	43	19	0.897	matched
1	44	21	1	43	20	0.364	fuzzy
1	44	22					southern_only
1	44	23					southern_only
1	45	1	1	44	1	1.0	matched
1	45	2	1	44	2	0.875	matched
1	45	3					southern_only
1	45	4	1	44	3	0.75	matched
1	45	5	1	44	4	0.652	matched
1	45	6					southern_only
1	45	7	1	44	6	0.682	matched
1	45	8	1	44	7	0.648	matched
1	45	9	1	44	8	0.873	matched
1	45	10	1	44	9	1.0	matched
1	45	11	1	44	10	1.0	matched
1	45	12	1	44	11	0.896	matched
1	45	13	1	44	12	0.895	matched
1	45	14	1	44	13	0.85	matched
1	45	15	1	44	14	1.0	matched
1	45	16	1	44	15	0.727	matched
1	45	17	1	44	16	0.867	matched
1	45	18	1	44	17	1.0	matched
1	45	19					southern_only
1	45	20					southern_only
1	45	21					southern_only
1	45	22					southern_only
1	45	23					southern_only
1	45	24					southern_only
1	45	25					southern_only
1	45	26					southern_only
1	45	27					southern_only
1	45	28					southern_only
1	45	29					southern_only
1	45	30					southern_only
1	45	31					southern_only
1	45	32					southern_only
1	45	33	1	44	18	0.676	matched
1	45	34	1	44	19	0.909	matched
1	45	35	1	44	20	0.7	matched
1	45	36					southern_only
1	45	37					southern_only
1	45	38	1	44	23	1.0	matched
1	45	39	1	44	24	1.0	matched
1	45	40	1	44	25	1.0	matched
1	45	41					southern_only
1	45	42					southern_only
1	45	43					southern_only
1	45	44	1	44	26	0.908	matched
1	45	45	1	44	27	0.713	matched
1	46	1	1	45	1	1.0	matched
1	46	2	1	45	2	1.0	matched
1	46	3	1	45	3	0.836	matched
1	46	4	1	45	4	1.0	matched
1	46	5	1	45	5	1.0	matched
1	46	6	1	45	6	1.0	matched
1	46	7	1	45	7	0.831	matched
1	46	8	1	45	8	0.883	matched
1	46	9	1	45	9	1.0	matched
1	46	10	1	45	10	1.0	matched
1	46	11	1	45	11	1.0	matched
1	46	12	1	45	12	0.747	matched
1	46	13	1	45	13	1.0	matched
1	46	14	1	45	14	0.924	matched
1	46	15					southern_only
1	46	16	1	45	15	0.5	matched
1	46	17	1	45	16	0.872	matched
1	46	18	1	45	17	0.614	matched
1	46	19	1	45	18	1.0	matched
1	46	20	1	45	19	1.0	matched
1	46	21	1	45	20	0.808	matched
1	46	22	1	45	21	1.0	matched
1	46	23	1	45	22	0.905	matched
1	47	1	1	46	1	1.0	matched
1	47	2	1	46	2	0.718	matched
1	47	3	1	46	3	0.795	matched
1	47	4	1	46	4	0.905	matched
1	47	5	1	46	5	0.785	matched
1	47	6	1	46	6	0.477	fuzzy
1	47	7					southern_only
1	47	8					southern_only
1	47	9					southern_only
1	47	10					southern_only
1	47	11					southern_only
1	47	12	1	46	12	0.484	fuzzy
1	47	13	1	46	13	1.0	matched
1	47	14	1	46	14	1.0	matched
1	47	15	1	46	15	1.0	matched
1	47	16	1	46	16	1.0	matched
1	47	17	1	46	17	0.807	matched
1	47	18	1	46	18	1.0	matched
1	47	19	1	46	19	0.719	matched
1	47	20	1	46	20	0.889	matched
1	47	21	1	46	21	1.0	matched
1	47	22	1	46	22	1.0	matched
1	48	1	1	47	1	1.0	matched
1	48	2	1	49	17	1.0	moved
1	48	3	1	49	18	0.936	moved
1	48	4	1	49	19	1.0	moved
1	48	5	1	47	5	0.889	matched
1	48	6	1	47	6	1.0	matched
1	48	7	1	47	7	0.706	matched
1	48	8	1	47	8	0.637	matched
1	48	9	1	47	9	1.0	matched
1	48	10	1	47	10	1.0	matched
1	48	11	1	47	11	0.9	matched
1	48	12	1	47	12	0.846	matched
1	48	13	1	47	13	1.0	matched
1	48	14	1	47	14	1.0	matched
1	48	15	1	47	15	0.897	matched
1	48	16	1	47	16	0.847	matched
1	48	17	1	47	17	0.75	matched
1	48	18	1	47	18	0.897	matched
1	48	19	1	47	19	1.0	matched
1	48	20	1	47	20	0.6	matched
1	48	21					southern_only
1	48	22					southern_only
1	48	23	1	47	22	0.355	fuzzy
1	48	24	1	47	23	0.658	matched
1	48	25	1	47	24	0.5	matched
1	48	26	1	47	25	1.0	matched
1	48	27	1	47	26	0.897	matched
1	48	28	1	47	27	1.0	matched
1	48	29	1	47	28	0.686	matched
1	48	30	1	47	29	1.0	matched
1	48	31	1	47	30	0.85	matched
1	48	32	1	47	31	1.0	matched
1	48	33	1	47	32	1.0	matched
1	49	1	1	48	1	0.562	matched
1	49	2	1	48	2	1.0	matched
1	49	3	1	48	3	1.0	matched
1	49	4	1	48	4	0.67	matched
1	49	5	1	48	5	0.9	matched
1	49	6	1	48	6	1.0	matched
1	49	7	1	48	7	0.676	matched
1	49	8	1	48	8	0.896	matched
1	49	9	1	48	9	1.0	matched
1	49	10	1	48	10	0.905	matched
1	49	11	1	48	11	1.0	matched
1	49	12	1	48	12	1.0	matched
1	49	13	1	48	13	1.0	matched
1	49	14	1	48	14	0.638	matched
1	49	15	1	48	15	1.0	matched
1	49	16	1	48	16	1.0	matched
1	49	17					southern_only
1	49	18	1	48	18	0.717	matched
1	49	19	1	48	19	0.753	matched
1	49	20	1	48	20	1.0	matched
1	49	22	1	48	22	1.0	matched
1	49	23					southern_only
1	50	1	1	49	1	1.0	matched
1	50	2	1	49	2	1.0	matched
1	50	3	1	49	3	1.0	matched
1	50	4	1	49	4	0.863	matched
1	50	5	1	49	5	1.0	matched
1	50	6	1	49	6	0.568	matched
1	50	7					southern_only
1	50	8					southern_only
1	50	9					southern_only
1	50	10					southern_only
1	50	11	1	49	10	0.355	fuzzy
1	50	12					southern_only
1	50	13					southern_only
1	50	14	1	49	13	0.361	fuzzy
1	50	15					southern_only
1	50	16					southern_only
1	50	17					southern_only
1	50	18	1	49	18	0.635	matched
1	50	19	1	49	19	1.0	matched
1	50	20	1	49	20	1.0	matched
1	50	21	1	49	21	1.0	matched
1	50	22	1	49	22	0.759	matched
1	50	23	1	49	23	0.872	matched
1	50	24	1	49	24	1.0	matched
1	50	25	1	49	25	1.0	matched
1	51	1	1	50	1	1.0	matched
1	51	2	1	50	2	0.899	matched
1	51	3	1	50	3	0.975	matched
1	51	4	1	50	4	1.0	matched
1	51	5	1	50	5	1.0	matched
1	51	6	1	50	6	0.654	matched
1	51	7	1	50	7	0.8	matched
1	51	8	1	50	8	1.0	matched
1	51	9	1	50	9	0.824	matched
1	51	10	1	50	10	0.899	matched
1	51	11	1	50	11	0.897	matched
1	51	12	1	50	12	1.0	matched
1	51	13	1	50	13	1.0	matched
1	51	14	1	50	14	1.0	matched
1	51	15	1	50	15	1.0	matched
1	51	16	1	50	16	0.738	matched
1	51	17	1	50	17	0.771	matched
1	51	18	1	50	18	1.0	matched
1	51	19	1	50	19	1.0	matched
1	51	20	1	50	20	1.0	matched
1	51	21	1	50	21	1.0	matched
1	51	22	1	50	22	1.0	matched
1	51	23	1	50	23	0.833	matched
1	51	24	1	50	24	0.912	matched
1	51	25	1	50	25	0.908	matched
1	51	26	1	50	26	0.908	matched
1	51	27	1	50	27	0.774	matched
1	51	28	1	50	28	0.585	matched
1	52	1	1	51	1	0.933	matched
1	52	2	1	51	2	1.0	matched
1	52	3	1	51	3	1.0	matched
1	52	4	1	51	4	0.877	matched
1	52	5	1	51	5	0.973	matched
1	52	6	1	51	6	1.0	matched
1	52	7	1	51	7	1.0	matched
1	52	8	1	51	8	1.0	matched
1	52	9	1	51	9	0.805	matched
1	52	10	1	51	10	0.971	matched
1	52	11	1	51	11	0.685	matched
1	52	12	1	51	12	1.0	matched
1	52	13	1	51	13	1.0	matched
1	52	14	1	51	14	0.854	matched
1	52	15	1	51	15	1.0	matched
1	52	16	1	51	16	1.0	matched
1	52	17	1	51	17	0.786	matched
1	52	18	1	51	18	1.0	matched
1	52	19	1	51	19	1.0	matched
1	52	20	1	51	20	0.728	matched
1	52	21	1	51	21	1.0	matched
1	52	22	1	51	22	0.892	matched
1	52	23	1	51	23	1.0	matched
1	53	1	1	52	1	0.853	matched
1	53	2	1	52	2	1.0	matched
1	53	3	1	52	3	1.0	matched
1	53	4	1	52	4	0.78	matched
1	53	5	1	52	5	0.659	matched
1	53	6	1	52	6	1.0	matched
1	53	7	1	52	7	0.877	matched
1	53	8	1	52	8	1.0	matched
1	53	9	1	52	9	0.67	matched
1	53	10					southern_only
1	53	11	1	52	10	0.361	fuzzy
1	53	12					southern_only
1	53	13	1	52	13	0.35	fuzzy
1	53	14					southern_only
1	53	15	1	52	14	0.356	fuzzy
1	53	16					southern_only
1	53	17					southern_only
1	53	18	1	52	18	0.39	fuzzy
1	53	19	1	52	19	0.67	matched
1	53	20	1	52	20	1.0	matched
1	53	21					southern_only
1	53	22	1	52	21	0.895	matched
1	53	23	1	52	22	1.0	matched
1	53	24	1	52	23	0.908	matched
1	53	25	1	52	24	0.857	matched
1	54	1	1	53	1	1.0	matched
1	54	2	1	53	2	1.0	matched
1	54	3	1	53	3	1.0	matched
1	54	4	1	53	4	1.0	matched
1	54	5	1	53	5	0.905	matched
1	54	6	1	53	6	0.908	matched
1	54	7	1	53	7	0.84	matched
1	54	8	1	53	8	0.904	matched
1	54	9	1	53	9	0.899	matched
1	54	10	1	53	10	1.0	matched
1	54	11	1	53	11	1.0	matched
1	54	12	1	53	12	0.782	matched
1	54	13	1	53	13	0.838	matched
1	54	14	1	53	14	1.0	matched
1	54	15	1	53	15	1.0	matched
1	54	16	1	53	16	0.86	matched
1	54	17	1	53	17	0.877	matched
1	54	18					southern_only
1	54	19	1	53	19	0.368	fuzzy
1	54	20	1	53	20	0.365	fuzzy
1	54	21					southern_only
1	54	22	1	53	21	0.375	fuzzy
1	54	23					southern_only
1	55	1	1	54	1	1.0	matched
1	55	2	1	54	2	0.602	matched
1	55	3	1	54	3	0.929	matched
1	55	4	1	54	4	1.0	matched
1	55	5	1	54	5	1.0	matched
1	55	6	1	54	6	0.758	matched
1	55	7	1	54	7	1.0	matched
1	55	8	1	54	8	1.0	matched
1	55	9	1	54	9	0.87	matched
1	55	10	1	54	10	0.74	matched
1	55	11	1	54	11	1.0	matched
1	55	12	1	54	12	0.947	matched
1	55	13	1	54	13	1.0	matched
1	55	14	1	54	14	1.0	matched
1	55	15	1	54	15	0.688	matched
1	55	16	1	54	16	1.0	matched
1	55	17	1	54	17	0.893	matched
1	55	18	1	54	18	0.779	matched
1	55	19	1	54	19	0.75	matched
1	55	20	1	54	20	0.695	matched
1	55	21	1	54	21	1.0	matched
1	55	22	1	54	22	1.0	matched
1	55	23	1	54	23	0.75	matched
1	55	24	1	54	24	1.0	matched
1	55	25	1	54	25	1.0	matched
1	55	26	1	54	26	1.0	matched
1	55	27	1	54	27	0.897	matched
1	55	28	1	54	28	1.0	matched
1	56	1	1	55	1	1.0	matched
1	56	2					southern_only
1	56	3					southern_only
1	56	4					southern_only
1	56	5	1	55	4	0.384	fuzzy
1	56	6					southern_only
1	56	7	1	55	6	0.394	fuzzy
1	56	8	1	55	7	0.406	fuzzy
1	56	9	1	55	9	0.39	fuzzy
1	56	10	1	55	10	0.392	fuzzy
1	56	11					southern_only
1	56	12	1	55	11	0.359	fuzzy
1	56	13	1	55	12	0.378	fuzzy
1	56	14	1	55	13	0.354	fuzzy
1	56	15	1	55	14	0.353	fuzzy
1	56	16	1	55	16	0.43	fuzzy
1	56	17	1	55	17	0.566	matched
1	56	18					southern_only
1	56	19	1	55	18	0.364	fuzzy
1	56	20					southern_only
1	56	21	1	55	21	0.438	fuzzy
1	56	22	1	55	22	0.356	fuzzy
1	56	23					southern_only
1	56	24	1	55	24	0.45	fuzzy
1	57	1	1	56	1	0.887	matched
1	57	2	1	56	2	0.703	matched
1	57	3					southern_only
1	57	4					southern_only
1	57	5					southern_only
1	57	6					southern_only
1	57	7					southern_only
1	57	8					southern_only
1	57	9	1	56	8	0.373	fuzzy
1	57	10					southern_only
1	57	11					southern_only
1	57	12					southern_only
1	57	13	1	56	13	0.386	fuzzy
1	57	14					southern_only
1	57	15	1	56	14	1.0	matched
1	57	16	1	56	15	0.673	matched
1	57	17					southern_only
1	57	18	1	56	16	0.364	fuzzy
1	57	19					southern_only
1	57	20	1	56	18	0.6	matched
1	57	21	1	56	19	1.0	matched
1	57	22	1	56	20	1.0	matched
1	58	1	1	57	1	0.896	matched
1	58	2	1	57	2	1.0	matched
1	58	3	1	57	3	1.0	matched
1	58	4	1	57	4	0.786	matched
1	58	5	1	57	5	1.0	matched
1	58	6	1	57	6	0.361	fuzzy
1	58	7					southern_only
1	58	8					southern_only
1	58	9	1	57	8	0.399	fuzzy
1	58	10	1	57	9	0.681	matched
1	58	11	1	57	10	0.368	fuzzy
1	58	12					southern_only
1	58	13	1	57	12	0.39	fuzzy
1	58	14					southern_only
1	58	15	1	57	13	0.376	fuzzy
1	58	16	1	57	14	0.389	fuzzy
1	58	17					southern_only
1	58	18	1	57	17	0.422	fuzzy
1	58	19					southern_only
1	58	20	1	57	19	0.366	fuzzy
1	58	21	1	57	20	0.376	fuzzy
1	58	22					southern_only
1	58	23	1	57	22	0.682	matched
1	58	24	1	57	23	1.0	matched
1	59	1	1	58	1	0.823	matched
1	59	2	1	58	2	0.9	matched
1	59	3	1	58	3	1.0	matched
1	59	4	1	58	4	1.0	matched
1	59	5	1	58	5	0.91	matched
1	59	6	1	58	6	1.0	matched
1	59	7	1	58	7	0.5	matched
1	59	8					southern_only
1	59	9	1	58	9	0.367	fuzzy
1	59	10	1	58	11	0.469	fuzzy
1	59	11	1	58	12	0.375	fuzzy
1	59	12	1	58	13	0.394	fuzzy
1	59	13					southern_only
1	59	14	1	58	14	0.389	fuzzy
1	59	15	1	58	15	0.359	fuzzy
1	59	16	1	58	16	0.356	fuzzy
1	59	17					southern_only
1	59	18					southern_only
1	59	19					southern_only
1	59	20	1	58	21	0.352	fuzzy
1	59	21					southern_only
1	59	22	1	58	23	0.613	matched
1	60	1	1	59	1	0.859	matched
1	60	2	1	59	2	0.706	matched
1	60	3					southern_only
1	60	4	1	59	3	0.369	fuzzy
1	60	5					southern_only
1	60	6					southern_only
1	60	7	1	59	7	0.51	matched
1	60	8					southern_only
1	60	9					southern_only
1	60	10	1	59	9	0.362	fuzzy
1	60	11	1	59	10	0.425	fuzzy
1	60	12					southern_only
1	60	13					southern_only
1	60	14	1	59	13	0.369	fuzzy
1	60	15	1	59	15	0.369	fuzzy
1	60	16					southern_only
1	60	17	1	59	16	0.363	fuzzy
1	60	18					southern_only
1	60	19	1	59	19	0.376	fuzzy
1	60	20					southern_only
1	60	21					southern_only
1	60	22	1	59	21	0.393	fuzzy
1	60	23	1	59	22	0.673	matched
1	60	24	1	59	23	0.767	matched
1	60	25	1	59	24	1.0	matched
1	60	26	1	59	25	0.895	matched
1	60	27	1	59	26	0.859	matched
1	60	28	1	59	27	0.96	matched
1	60	29	1	59	28	0.815	matched
1	60	30	1	59	29	0.407	fuzzy
1	60	31					southern_only
1	60	32					southern_only
1	60	33	1	59	32	0.351	fuzzy
1	60	34	1	59	33	0.607	matched
1	61	1	1	60	1	0.719	matched
1	61	2	1	60	2	0.911	matched
1	61	3	1	60	3	1.0	matched
1	61	4	1	60	4	1.0	matched
1	61	5	1	60	5	0.795	matched
1	61	6	1	60	6	1.0	matched
1	61	7	1	60	7	0.88	matched
1	61	8	1	60	8	1.0	matched
1	61	9	1	60	9	1.0	matched
1	61	10	1	60	10	1.0	matched
1	61	11	1	60	11	0.812	matched
1	61	12	1	60	12	0.588	matched
1	61	13					southern_only
1	61	14					southern_only
1	61	15					southern_only
1	61	16	1	60	15	0.398	fuzzy
1	61	17					southern_only
1	61	18	1	60	17	0.395	fuzzy
1	61	19	1	60	18	1.0	matched
1	61	20	1	60	19	1.0	matched
1	61	21	1	60	20	0.747	matched
1	61	22					southern_only
1	61	23	1	60	21	1.0	matched
1	61	24	1	60	22	1.0	matched
1	62	1	1	61	1	0.914	matched
1	62	2	1	61	2	0.872	matched
1	62	3					southern_only
1	62	4					southern_only
1	62	5					southern_only
1	62	6					southern_only
1	62	7	1	61	6	0.655	matched
1	62	8	1	61	7	1.0	matched
1	62	9	1	61	8	1.0	matched
1	62	10	1	61	9	1.0	matched
1	62	11	1	61	10	1.0	matched
1	62	12	1	61	11	0.854	matched
1	62	13	1	61	12	1.0	matched
1	62	14	1	61	13	1.0	matched
1	62	15	1	61	14	0.9	matched
1	62	16	1	61	15	1.0	matched
1	62	17	1	61	16	1.0	matched
1	62	19	1	61	18	0.805	matched
1	62	20	1	61	19	0.875	matched
1	62	21	1	61	20	1.0	matched
1	62	22	1	61	21	0.567	matched
1	62	23	1	61	22	0.761	matched
1	62	24	1	61	23	1.0	matched
1	62	25	1	61	24	1.0	matched
1	62	26	1	61	25	0.864	matched
1	62	27	1	61	26	1.0	matched
1	62	28	1	61	27	1.0	matched
1	63	1	1	62	1	1.0	matched
1	63	2	1	62	2	1.0	matched
1	63	3	1	62	3	1.0	matched
1	63	4	1	62	4	1.0	matched
1	63	5	1	62	5	1.0	matched
1	63	6	1	62	6	0.667	matched
1	63	7					southern_only
1	63	8					southern_only
1	63	9	1	62	8	0.358	fuzzy
1	63	10					southern_only
1	63	11					southern_only
1	63	12	1	62	12	0.481	fuzzy
1	63	13	1	62	13	0.686	matched
1	63	14	1	62	14	0.358	fuzzy
1	63	15					southern_only
1	63	16					southern_only
1	63	17	1	62	16	0.366	fuzzy
1	63	18	1	62	17	0.36	fuzzy
1	63	19	1	62	19	0.357	fuzzy
1	63	20	1	62	20	0.364	fuzzy
1	63	21	1	62	21	0.359	fuzzy
1	63	22					southern_only
1	63	23					southern_only
1	63	24					southern_only
1	63	25					southern_only
1	63	26	1	62	25	0.43	fuzzy
1	64	1	1	63	1	1.0	matched
1	64	2	1	63	2	0.798	matched
1	64	3	1	63	3	0.66	matched
1	64	4					southern_only
1	64	5	1	63	4	1.0	matched
1	64	6	1	63	5	1.0	matched
1	64	7	1	63	6	1.0	matched
1	64	8	1	63	7	1.0	matched
1	64	9	1	63	8	0.769	matched
1	64	10	1	63	9	0.889	matched
1	64	11	1	63	10	0.901	matched
1	64	12	1	63	11	1.0	matched
1	64	13	1	63	12	1.0	matched
1	64	14	1	63	13	0.892	matched
1	64	15	1	63	14	1.0	matched
1	64	16	1	63	15	1.0	matched
1	64	17					southern_only
1	64	18					southern_only
1	64	19					southern_only
1	64	20					southern_only
1	65	1	1	64	1	1.0	matched
1	65	2	1	64	2	1.0	matched
1	65	3	1	64	3	1.0	matched
1	65	4					southern_only
1	65	5					southern_only
1	65	6					southern_only
1	65	7					southern_only
1	65	8					southern_only
1	65	9					southern_only
1	65	10	1	64	4	0.579	matched
1	65	11	1	64	5	1.0	matched
1	65	12	1	64	6	0.636	matched
1	65	13					southern_only
1	65	14	1	64	7	0.615	matched
1	65	15					southern_only
1	65	16					southern_only
1	65	17	1	64	9	0.354	fuzzy
1	65	18					southern_only
1	65	19					southern_only
1	65	20					southern_only
1	65	21					southern_only
1	65	22	1	64	14	0.36	fuzzy
1	65	23					southern_only
1	65	24	1	64	15	0.718	matched
1	65	25	1	64	16	1.0	matched
1	65	26	1	64	17	0.736	matched
1	65	27	1	64	18	1.0	matched
1	65	28	1	64	19	1.0	matched
1	65	29	1	64	20	0.885	matched
1	65	30					southern_only
1	65	31					southern_only
1	65	32					southern_only
1	65	33	1	64	23	0.36	fuzzy
1	65	34	1	64	25	0.561	matched
1	65	35	1	64	26	0.919	matched
1	65	36	1	64	27	1.0	matched
1	65	37	1	64	28	0.892	matched
1	65	38					southern_only
1	65	39	1	64	29	1.0	matched
1	65	40	1	64	30	0.899	matched
1	66	1	1	65	1	1.0	matched
1	66	2	1	65	2	1.0	matched
1	66	3	1	65	3	1.0	matched
1	66	4	1	65	4	1.0	matched
1	66	5	1	65	5	1.0	matched
1	66	6	1	65	6	1.0	matched
1	66	7	1	65	7	1.0	matched
1	66	8	1	65	8	1.0	matched
1	66	9	1	65	9	1.0	matched
1	66	10	1	65	10	0.895	matched
1	66	11	1	65	11	0.893	matched
1	66	12	1	65	12	0.425	fuzzy
1	66	13					southern_only
1	66	14	1	65	14	0.437	fuzzy
1	66	15	1	65	15	0.591	matched
1	66	16	1	65	17	0.365	fuzzy
1	66	17					southern_only
1	66	18					southern_only
1	66	19	1	65	19	0.41	fuzzy
1	66	20					southern_only
1	66	21					southern_only
1	66	22					southern_only
1	66	23	1	65	23	0.382	fuzzy
1	66	24					southern_only
1	66	25					southern_only
1	66	26	1	65	27	0.657	matched
1	67	1	1	66	1	1.0	matched
1	67	2	1	66	2	0.79	matched
1	67	3	1	66	3	0.594	matched
1	67	4	1	66	4	0.905	matched
1	67	5	1	66	5	0.919	matched
1	67	6	1	66	6	1.0	matched
1	67	7	1	66	7	0.866	matched
1	67	8	1	66	8	0.765	matched
1	67	9	1	66	9	0.797	matched
1	67	10	1	66	10	1.0	matched
1	67	11	1	66	11	0.897	matched
1	67	12	1	66	12	0.733	matched
1	67	13	1	66	13	1.0	matched
1	67	14	1	66	14	1.0	matched
1	67	15	1	66	15	1.0	matched
1	67	16	1	66	16	1.0	matched
1	67	17	1	66	17	1.0	matched
1	67	18	1	66	18	1.0	matched
1	67	19	1	66	19	0.883	matched
1	67	20	1	66	20	0.81	matched
1	67	21	1	66	21	0.934	matched
1	67	22	1	66	22	1.0	matched
1	67	23	1	66	23	0.89	matched
1	67	24	1	66	24	1.0	matched
1	67	25	1	66	25	0.85	matched
1	67	26	1	66	26	0.823	matched
1	67	27	1	66	27	0.652	matched
1	68	1	1	67	1	0.877	matched
1	68	2	1	67	2	0.753	matched
1	68	3	1	67	3	0.814	matched
1	68	4					southern_only
1	68	5	1	67	4	0.362	fuzzy
1	68	6	1	67	6	1.0	matched
1	68	7	1	67	7	1.0	matched
1	68	8	1	67	8	0.835	matched
1	68	9	1	67	9	0.702	matched
1	68	10	1	67	10	1.0	matched
1	68	11	1	67	11	1.0	matched
1	68	12	1	67	12	0.825	matched
1	68	13	1	67	13	1.0	matched
1	68	14	1	67	14	0.736	matched
1	68	15	1	67	15	1.0	matched
1	68	16	1	67	16	1.0	matched
1	68	17	1	67	17	1.0	matched
1	68	18	1	67	18	0.901	matched
1	68	19	1	67	19	1.0	matched
1	69	1	1	68	1	1.0	matched
1	69	2	1	68	2	1.0	matched
1	69	3	1	68	3	0.821	matched
1	69	4	1	68	4	1.0	matched
1	69	5	1	68	5	1.0	matched
1	69	6	1	68	6	0.923	matched
1	69	7	1	68	7	1.0	matched
1	69	8	1	68	8	0.68	matched
1	69	9					southern_only
1	69	10	1	68	9	0.454	fuzzy
1	69	11	1	68	10	0.378	fuzzy
1	69	12	1	68	11	0.366	fuzzy
1	69	13					southern_only
1	69	14	1	68	13	0.355	fuzzy
1	69	15	1	68	15	0.365	fuzzy
1	69	16					southern_only
1	69	17	1	68	16	0.366	fuzzy
1	69	18					southern_only
1	69	19	1	68	18	0.724	matched
1	70	1	1	69	1	1.0	matched
1	70	2	1	69	2	1.0	matched
1	70	3	1	69	3	0.885	matched
1	70	4	1	69	4	1.0	matched
1	70	5					southern_only
1	70	6	1	69	5	1.0	matched
1	70	7					southern_only
1	70	8	1	69	6	0.43	fuzzy
1	70	9	1	69	7	0.797	matched
1	70	10	1	69	8	1.0	matched
1	70	11	1	69	9	0.705	matched
1	70	12	1	69	10	0.367	fuzzy
1	70	13					southern_only
1	70	14					southern_only
1	70	15	1	69	12	0.368	fuzzy
1	70	16					southern_only
1	70	17	1	69	15	0.404	fuzzy
1	70	18	1	69	16	0.352	fuzzy
1	70	19					southern_only
1	70	20	1	69	18	0.385	fuzzy
1	70	21	1	69	19	0.398	fuzzy
1	70	22					southern_only
1	70	23	1	69	20	1.0	matched
1	70	24	1	69	21	1.0	matched
1	70	25	1	69	22	0.782	matched
1	70	26	1	69	23	0.864	matched
1	70	27	1	69	24	0.881	matched
1	70	28					southern_only
1	70	29					southern_only
1	70	30					southern_only
1	70	31					southern_only
1	70	32					southern_only
1	70	33					southern_only
1	70	34					southern_only
1	70	35					southern_only
1	70	36					southern_only
1	70	37					southern_only
1	70	38					southern_only
1	70	39	1	69	26	0.363	fuzzy
1	70	40	1	69	27	0.368	fuzzy
1	70	41	1	69	28	0.37	fuzzy
1	70	42					southern_only
1	70	43	1	69	30	0.625	matched
1	70	44	1	69	31	1.0	matched
1	70	45	1	69	32	1.0	matched
1	71	1					southern_only
1	71	2	1	70	1	0.477	fuzzy
1	71	3	1	70	2	1.0	matched
1	71	4	1	70	3	1.0	matched
1	71	5	1	70	4	1.0	matched
1	71	6	1	70	5	0.861	matched
1	71	7	1	70	6	1.0	matched
1	71	8	1	70	7	0.867	matched
1	71	9	1	70	8	1.0	matched
1	71	10	1	70	9	1.0	matched
1	71	11	1	70	10	1.0	matched
1	71	12	1	70	11	1.0	matched
1	71	13	1	70	12	1.0	matched
1	71	14	1	70	13	1.0	matched
1	71	15	1	70	14	0.917	matched
1	71	16	1	70	15	0.896	matched
1	71	17	1	70	16	1.0	matched
1	71	18	1	70	17	1.0	matched
1	71	19	1	70	18	0.908	matched
1	71	20	1	70	19	0.892	matched
1	71	21	1	70	20	0.855	matched
1	71	22	1	70	21	0.726	matched
1	71	23	1	70	22	1.0	matched
1	71	24	1	70	23	1.0	matched
1	72	1	1	71	1	1.0	matched
1	72	2	1	71	2	0.896	matched
1	72	3	1	71	3	1.0	matched
1	72	4	1	71	4	0.42	fuzzy
1	72	5	1	71	5	0.681	matched
1	72	6	1	71	6	1.0	matched
1	72	7	1	71	7	0.867	matched
1	72	8	1	71	8	0.892	matched
1	72	9	1	71	9	0.899	matched
1	72	10					southern_only
1	72	11	1	71	10	0.647	matched
1	72	12	1	71	11	1.0	matched
1	72	13	1	71	12	1.0	matched
1	72	14	1	71	13	1.0	matched
1	72	15	1	71	14	0.817	matched
1	72	16	1	71	15	0.793	matched
1	72	17	1	71	16	1.0	matched
1	72	18	1	71	17	0.833	matched
1	72	19	1	71	18	0.67	matched
1	72	20	1	71	19	1.0	matched
1	72	21	1	71	20	1.0	matched
1	72	22	1	71	21	0.866	matched
1	72	23	1	71	22	1.0	matched
1	72	24	1	71	23	0.908	matched
1	72	25	1	71	24	0.823	matched
1	73	1	1	72	1	1.0	matched
1	73	2	1	72	2	1.0	matched
1	73	3	1	72	3	1.0	matched
1	73	4	1	72	4	0.887	matched
1	73	5	1	72	5	0.907	matched
1	73	6	1	72	6	1.0	matched
1	73	7	1	72	7	1.0	matched
1	73	8					southern_only
1	73	9	1	72	8	0.673	matched
1	73	10	1	72	9	0.5	matched
1	73	11	1	72	10	1.0	matched
1	73	12	1	72	11	0.864	matched
1	73	13	1	72	12	1.0	matched
1	73	14	1	72	13	1.0	matched
1	73	15	1	72	14	1.0	matched
1	73	16	1	72	15	0.906	matched
1	73	17	1	72	16	1.0	matched
1	73	18					southern_only
1	73	19					southern_only
1	73	20					southern_only
1	73	21					southern_only
1	73	22					southern_only
1	73	23					southern_only
1	73	24					southern_only
1	73	25					southern_only
1	73	26	1	72	17	0.625	matched
1	73	27					southern_only
1	73	28					southern_only
1	73	29					southern_only
1	73	30					southern_only
1	73	31	1	72	18	0.359	fuzzy
1	73	32					southern_only
1	73	33					southern_only
1	73	34	1	72	21	0.35	fuzzy
1	73	35	1	72	22	0.357	fuzzy
1	73	36	1	72	23	0.59	matched
1	73	37	1	72	24	0.918	matched
1	73	38	1	72	25	0.728	matched
1	73	39	1	72	26	1.0	matched
1	73	40	1	72	27	0.904	matched
1	74	1	1	73	1	1.0	matched
1	74	2	1	73	2	0.694	matched
1	74	3	1	73	3	1.0	matched
1	74	4	1	73	4	0.835	matched
1	74	5	1	73	5	0.818	matched
1	74	6	1	73	6	0.698	matched
1	74	7	1	73	7	1.0	matched
1	74	8	1	73	8	0.902	matched
1	74	9	1	73	9	0.711	matched
1	74	10	1	73	10	0.688	matched
1	74	11					southern_only
1	74	12	1	73	12	0.391	fuzzy
1	74	13					southern_only
1	74	14					southern_only
1	74	15					southern_only
1	74	16	1	73	16	0.354	fuzzy
1	74	17					southern_only
1	74	18	1	73	17	0.9	matched
1	74	19	1	73	18	0.78	matched
1	74	20	1	73	19	0.615	matched
1	74	21					southern_only
1	74	22	1	73	20	0.712	matched
1	74	23	1	73	21	0.895	matched
1	74	24	1	73	22	1.0	matched
1	75	1	1	74	1	1.0	matched
1	75	2	1	74	2	0.862	matched
1	75	3	1	74	3	0.908	matched
1	75	4	1	74	4	0.828	matched
1	75	5	1	74	5	1.0	matched
1	75	6	1	74	6	0.779	matched
1	75	7	1	74	7	0.878	matched
1	75	8	1	74	8	0.911	matched
1	75	9	1	74	9	1.0	matched
1	75	10	1	74	10	0.866	matched
1	75	11	1	74	11	0.812	matched
1	75	12	1	74	12	0.952	matched
1	75	13	1	74	13	0.376	fuzzy
1	75	14					southern_only
1	75	15	1	74	14	0.402	fuzzy
1	75	16	1	74	15	0.39	fuzzy
1	75	17					southern_only
1	75	18					southern_only
1	75	19	1	74	19	0.361	fuzzy
1	75	20					southern_only
1	75	21					southern_only
1	75	22	1	74	21	0.351	fuzzy
1	75	23					southern_only
1	75	24	1	74	24	0.635	matched
1	75	25	1	74	25	1.0	matched
1	75	26	1	74	26	0.756	matched
1	75	27	1	74	27	0.878	matched
1	75	28	1	74	28	0.753	matched
1	76	1	1	75	1	1.0	matched
1	76	2	1	75	2	0.831	matched
1	76	3	1	75	3	0.909	matched
1	76	4	1	75	4	0.789	matched
1	76	5	1	75	5	0.885	matched
1	76	6	1	75	6	1.0	matched
1	76	7	1	75	7	1.0	matched
1	76	8	1	75	8	0.897	matched
1	76	9	1	75	9	0.88	matched
1	76	10	1	75	10	0.902	matched
1	76	11	1	75	11	1.0	matched
1	76	12	1	75	12	0.932	matched
1	76	13	1	75	13	0.887	matched
1	76	14	1	75	14	0.579	matched
1	76	15	1	75	15	0.815	matched
1	76	16	1	75	16	1.0	matched
1	76	17	1	75	17	0.922	matched
1	76	18	1	75	18	1.0	matched
1	76	19	1	75	19	0.854	matched
1	76	20	1	75	20	1.0	matched
1	76	21	1	75	21	0.883	matched
1	76	22					southern_only
1	76	23	1	75	22	0.813	matched
1	76	24	1	75	23	1.0	matched
1	77	1	1	76	1	0.775	matched
1	77	2	1	76	2	1.0	matched
1	77	3	1	76	3	0.946	matched
1	77	4	1	76	4	1.0	matched
1	77	5	1	76	5	0.356	fuzzy
1	77	6	1	76	6	0.364	fuzzy
1	77	7					southern_only
1	77	8	1	76	7	0.353	fuzzy
1	77	9					southern_only
1	77	10					southern_only
1	77	11					southern_only
1	77	12					southern_only
1	77	13					southern_only
1	77	14	1	76	11	0.427	fuzzy
1	77	15	1	76	12	0.355	fuzzy
1	77	16					southern_only
1	77	17					southern_only
1	77	18					southern_only
1	77	19					southern_only
1	77	20					southern_only
1	77	21					southern_only
1	77	22					southern_only
1	77	23					southern_only
1	77	24					southern_only
1	77	25	1	76	13	0.365	fuzzy
1	77	26					southern_only
1	77	27					southern_only
1	77	28	1	76	17	0.654	matched
1	77	29	1	76	18	0.787	matched
2	1	1					southern_only
2	1	2					southern_only
2	1	3					southern_only
2	1	4					southern_only
2	1	5					southern_only
2	1	6					southern_only
2	1	7					southern_only
2	1	8					southern_only
2	1	9					southern_only
2	1	10					southern_only
2	1	11					southern_only
2	1	12					southern_only
2	1	13					southern_only
2	1	14					southern_only
2	1	15					southern_only
2	1	16					southern_only
2	1	17					southern_only
2	1	18					southern_only
2	1	19					southern_only
2	1	20					southern_only
2	1	21					southern_only
2	1	22	2	1	19	0.416	fuzzy
2	1	23					southern_only
2	1	24					southern_only
2	1	25	2	1	20	0.507	matched
2	1	26					southern_only
2	1	27					southern_only
2	1	28					southern_only
2	1	29					southern_only
2	1	30					southern_only
2	1	31					southern_only
2	1	32					southern_only
2	1	33					southern_only
2	1	34					southern_only
2	1	35					southern_only
2	1	36					southern_only
2	1	37					southern_only
2	1	38					southern_only
2	1	39					southern_only
2	1	40					southern_only
2	1	41					southern_only
2	1	42					southern_only
2	1	43					southern_only
2	1	44					southern_only
2	1	45					southern_only
2	1	46					southern_only
2	1	47					southern_only
2	1	48					southern_only
2	1	49					southern_only
2	1	50					southern_only
2	1	51					southern_only
2	2	1					southern_only
2	2	2	2	2	2	0.9	matched
2	2	3					southern_only
2	2	4					southern_only
2	2	5	2	2	3	0.811	matched
2	2	6	2	2	4	0.805	matched
2	2	7	2	2	5	0.93	matched
2	2	8	2	2	6	0.893	matched
2	2	9	2	2	7	1.0	matched
2	2	10	2	2	8	0.902	matched
2	2	11	2	2	9	0.729	matched
2	2	12	2	2	10	0.835	matched
2	2	13	2	2	11	0.795	matched
2	2	14	2	2	12	0.84	matched
2	2	15					southern_only
2	2	16					southern_only
2	2	17	2	2	13	0.92	matched
2	2	18					southern_only
2	2	19					southern_only
2	2	20	2	2	14	0.351	fuzzy
2	2	21	2	2	15	0.932	matched
2	2	22					southern_only
2	2	23	2	2	16	1.0	matched
2	2	24					southern_only
2	2	25	2	2	17	1.0	matched
2	2	26	2	2	18	1.0	matched
2	2	27					southern_only
2	2	28	2	2	19	0.767	matched
2	2	29	2	2	20	0.373	fuzzy
2	2	30					southern_only
2	2	31	2	2	21	0.397	fuzzy
2	2	32					southern_only
2	2	33					southern_only
2	2	34					southern_only
2	2	35					southern_only
2	2	36					southern_only
2	2	37	2	2	24	0.369	fuzzy
2	2	38					southern_only
2	2	39					southern_only
2	2	40					southern_only
2	2	41					southern_only
2	2	42					southern_only
2	2	43					southern_only
2	2	44					southern_only
2	2	45					southern_only
2	2	46					southern_only
2	2	47					southern_only
2	2	48					southern_only
2	2	49	2	2	29	0.632	matched
2	2	50	2	2	30	0.363	fuzzy
2	2	51					southern_only
2	2	52	2	2	31	0.369	fuzzy
2	2	53					southern_only
2	2	54	2	2	34	0.723	matched
2	3	1	2	3	1	1.0	matched
2	3	2	2	3	2	1.0	matched
2	3	3	2	3	3	1.0	matched
2	3	4	2	3	4	1.0	matched
2	3	5					southern_only
2	3	6					southern_only
2	3	7					southern_only
2	3	8					southern_only
2	3	9					southern_only
2	3	10					southern_only
2	3	11					southern_only
2	3	12					southern_only
2	3	13					southern_only
2	3	14					southern_only
2	3	15					southern_only
2	3	16					southern_only
2	3	17					southern_only
2	3	18					southern_only
2	3	19					southern_only
2	3	20					southern_only
2	3	21					southern_only
2	3	22	2	3	5	0.369	fuzzy
2	3	23	2	3	6	0.362	fuzzy
2	3	24					southern_only
2	3	25	2	3	8	0.355	fuzzy
2	3	26					southern_only
2	3	27	2	3	11	0.362	fuzzy
2	3	28					southern_only
2	3	29	2	3	12	0.353	fuzzy
2	3	30	2	3	14	0.359	fuzzy
2	3	31					southern_only
2	3	32					southern_only
2	3	33	2	3	16	0.364	fuzzy
2	3	34					southern_only
2	3	35	2	3	19	0.35	fuzzy
2	3	36					southern_only
2	3	37					southern_only
2	3	38	2	3	22	0.37	fuzzy
2	3	39					southern_only
2	3	40	2	3	23	0.351	fuzzy
2	3	41					southern_only
2	3	42					southern_only
2	3	43					southern_only
2	3	44					southern_only
2	3	45	2	3	28	0.658	matched
2	3	46					southern_only
2	3	47	2	3	30	0.353	fuzzy
2	3	48					southern_only
2	3	49	2	3	32	0.606	matched
2	4	1	2	4	1	0.897	matched
2	4	2	2	4	2	0.863	matched
2	4	3	2	4	3	0.68	matched
2	4	4	2	4	4	1.0	matched
2	4	5	2	4	5	1.0	matched
2	4	6	2	4	6	0.914	matched
2	4	7	2	4	7	1.0	matched
2	4	8	2	4	8	1.0	matched
2	4	9	2	4	9	0.819	matched
2	4	10	2	4	10	0.744	matched
2	4	11	2	4	11	1.0	matched
2	4	12	2	4	12	0.846	matched
2	4	13	2	4	13	1.0	matched
2	4	14	2	4	14	0.838	matched
2	4	15	2	4	15	0.762	matched
2	4	16	2	4	16	1.0	matched
2	4	17	2	4	17	0.543	matched
2	4	18	2	4	18	0.928	matched
2	4	19	2	4	19	0.868	matched
2	4	20	2	4	20	0.859	matched
2	4	21	2	4	21	0.915	matched
2	4	22	2	4	22	0.78	matched
2	4	23	2	4	23	0.741	matched
2	4	24	2	4	24	1.0	matched
2	4	25	2	4	25	1.0	matched
2	4	26	2	4	26	1.0	matched
2	4	27	2	4	27	0.915	matched
2	4	28	2	4	28	0.935	matched
2	4	29	2	4	29	0.556	matched
2	4	30	2	4	30	1.0	matched
2	4	31	2	4	31	0.882	matched
2	4	32	2	4	32	1.0	matched
2	4	33	2	4	33	1.0	matched
2	4	34	2	4	34	0.903	matched
2	4	35	2	4	35	0.895	matched
2	4	36	2	4	36	0.892	matched
2	4	37	2	4	37	0.92	matched
2	4	38	2	4	38	0.909	matched
2	4	39	2	4	39	1.0	matched
2	4	40	2	4	40	0.904	matched
2	4	41	2	4	41	1.0	matched
2	4	42	2	4	42	0.77	matched
2	4	43	2	4	43	0.907	matched
2	4	44	2	4	44	1.0	matched
2	4	45	2	4	45	0.922	matched
2	5	1	2	5	1	0.922	matched
2	5	2	2	5	2	0.859	matched
2	5	3	2	5	3	1.0	matched
2	5	4					southern_only
2	5	5	2	5	4	0.914	matched
2	5	6	2	5	5	1.0	matched
2	5	7	2	5	6	1.0	matched
2	5	8	2	5	7	1.0	matched
2	5	9	2	5	8	1.0	matched
2	5	10	2	5	9	1.0	matched
2	5	11	2	5	10	1.0	matched
2	5	12	2	5	11	0.852	matched
2	5	13	2	5	12	0.654	matched
2	5	14	2	5	13	0.827	matched
2	5	15	2	5	14	1.0	matched
2	5	16	2	5	15	0.901	matched
2	5	17	2	5	16	0.808	matched
2	5	18	2	5	17	1.0	matched
2	5	19	2	5	18	0.907	matched
2	5	20	2	5	19	0.904	matched
2	5	21	2	5	20	1.0	matched
2	5	22	2	5	21	1.0	matched
2	5	23	2	5	22	1.0	matched
2	5	24					southern_only
2	5	25	2	5	23	0.908	matched
2	5	26	2	5	24	0.842	matched
2	6	1	2	6	1	1.0	matched
2	6	2	2	6	2	0.795	matched
2	6	3	2	6	3	1.0	matched
2	6	4	2	6	4	1.0	matched
2	6	5	2	6	5	0.919	matched
2	6	6	2	6	6	0.815	matched
2	6	7	2	6	7	1.0	matched
2	6	8	2	6	8	0.893	matched
2	6	9	2	6	9	1.0	matched
2	6	10	2	6	10	0.773	matched
2	6	11	2	6	11	0.716	matched
2	6	12	2	6	12	1.0	matched
2	6	13	2	6	13	0.938	matched
2	6	14	2	6	14	0.895	matched
2	6	15	2	6	15	1.0	matched
2	6	16	2	6	16	0.729	matched
2	6	17	2	6	17	1.0	matched
2	6	18	2	6	18	0.733	matched
2	6	19	2	6	19	0.765	matched
2	6	20	2	6	20	0.914	matched
2	6	21	2	6	21	0.935	matched
2	6	22	2	6	22	0.893	matched
2	6	23	2	6	23	0.915	matched
2	6	24	2	6	24	1.0	matched
2	6	25	2	6	25	0.902	matched
2	6	26	2	6	26	1.0	matched
2	6	27	2	6	27	1.0	matched
2	6	28	2	6	28	0.933	matched
2	7	1	2	7	1	0.816	matched
2	7	2	2	7	2	0.742	matched
2	7	3	2	7	3	0.589	matched
2	7	4					southern_only
2	7	5					southern_only
2	7	6					southern_only
2	7	7	2	7	4	0.361	fuzzy
2	7	8					southern_only
2	7	9	2	7	5	0.622	matched
2	7	10	2	7	6	0.738	matched
2	7	11	2	7	7	1.0	matched
2	7	12	2	7	8	1.0	matched
2	7	13	2	7	9	0.914	matched
2	7	14	2	7	10	0.912	matched
2	7	15	2	7	11	1.0	matched
2	7	16	2	7	12	1.0	matched
2	7	17	2	7	13	0.831	matched
2	7	18	2	7	14	1.0	matched
2	7	19	2	7	15	1.0	matched
2	7	20	2	7	16	0.779	matched
2	7	21	2	7	17	1.0	matched
2	7	22	2	7	18	1.0	matched
2	7	23	2	7	19	1.0	matched
2	7	24	2	7	20	0.897	matched
2	7	25	2	7	21	0.915	matched
2	7	26	2	7	22	1.0	matched
2	7	27	2	7	23	1.0	matched
2	7	28	2	7	24	1.0	matched
2	7	29	2	7	25	1.0	matched
2	7	30	2	7	26	1.0	matched
2	7	31					southern_only
2	7	32					southern_only
2	7	33	2	7	28	1.0	matched
2	7	34	2	7	29	1.0	matched
2	7	35	2	7	30	1.0	matched
2	7	36	2	7	31	0.754	matched
2	8	1	2	8	1	0.937	matched
2	8	2	2	8	2	1.0	matched
2	8	3					southern_only
2	8	4					southern_only
2	8	5					southern_only
2	8	6					southern_only
2	8	7					southern_only
2	8	8					southern_only
2	8	9	2	8	3	1.0	matched
2	8	10	2	8	4	0.939	matched
2	8	11					southern_only
2	8	12	2	8	5	1.0	matched
2	8	13	2	8	6	1.0	matched
2	8	14	2	8	7	0.773	matched
2	8	15	2	8	8	0.822	matched
2	8	16	2	8	9	0.759	matched
2	8	17	2	8	10	0.67	matched
2	8	18					southern_only
2	8	19					southern_only
2	8	20	2	8	11	0.81	matched
2	8	21	2	8	12	1.0	matched
2	8	22	2	8	13	0.654	matched
2	8	23	2	8	14	1.0	matched
2	8	24	2	8	15	0.906	matched
2	8	25	2	8	16	1.0	matched
2	8	26	2	8	17	0.837	matched
2	8	27	2	8	18	0.759	matched
2	8	28	2	8	19	0.897	matched
2	8	29					southern_only
2	8	30					southern_only
2	8	31	2	8	20	1.0	matched
2	8	32	2	8	21	0.893	matched
2	8	33	2	8	22	0.908	matched
2	8	34	2	8	23	1.0	matched
2	8	35	2	8	24	1.0	matched
2	8	36	2	8	25	1.0	matched
2	8	37	2	8	26	0.9	matched
2	8	38					southern_only
2	8	39	2	8	27	0.775	matched
2	9	1	2	9	1	0.765	matched
2	9	2	2	9	2	0.896	matched
2	9	3	2	9	3	0.901	matched
2	9	4	2	9	4	1.0	matched
2	9	5	2	9	5	1.0	matched
2	9	6					southern_only
2	9	7					southern_only
2	9	8	2	9	6	0.904	matched
2	9	9	2	9	7	0.897	matched
2	9	10	2	9	8	1.0	matched
2	9	11	2	9	9	0.905	matched
2	9	12	2	9	10	0.722	matched
2	9	13	2	9	11	0.84	matched
2	9	14					southern_only
2	9	15					southern_only
2	9	16					southern_only
2	9	17					southern_only
2	9	18	2	9	14	0.508	matched
2	9	19					southern_only
2	9	20	2	9	15	0.886	matched
2	9	21					southern_only
2	9	22	2	9	16	0.613	matched
2	9	23					southern_only
2	9	24	2	9	17	0.893	matched
2	9	25	2	9	18	1.0	matched
2	9	26	2	9	19	0.939	matched
2	9	27	2	9	20	0.823	matched
2	9	28	2	9	21	0.831	matched
2	9	29	2	9	22	0.907	matched
2	9	30	2	9	23	0.883	matched
2	9	31					southern_only
2	9	32					southern_only
2	9	33	2	9	24	1.0	matched
2	9	34	2	9	25	0.604	matched
2	9	35					southern_only
2	9	36					southern_only
2	9	37					southern_only
2	9	38	2	9	28	0.873	matched
2	9	39	2	9	29	0.461	fuzzy
2	9	40					southern_only
2	9	41	2	9	31	0.372	fuzzy
2	9	42					southern_only
2	9	43					southern_only
2	9	44	2	9	33	0.536	matched
2	9	45					southern_only
2	9	46					southern_only
2	9	47					southern_only
2	9	48					southern_only
2	9	49	2	9	37	0.413	fuzzy
2	9	50					southern_only
2	9	51	2	9	38	0.598	matched
2	9	52	2	9	39	0.946	matched
2	9	53	2	9	40	1.0	matched
2	9	54	2	9	41	0.795	matched
2	9	55	2	9	42	0.909	matched
2	9	56	2	9	43	0.912	matched
2	9	57	2	9	44	0.909	matched
2	9	58	2	9	45	1.0	matched
2	9	59					southern_only
2	9	60					southern_only
2	9	61					southern_only
2	9	62					southern_only
2	9	63					southern_only
2	9	64					southern_only
2	9	65	2	9	46	0.867	matched
2	9	66	2	9	47	0.84	matched
2	10	1					southern_only
2	10	2					southern_only
2	10	3					southern_only
2	10	4					southern_only
2	10	5					southern_only
2	10	6					southern_only
2	10	7					southern_only
2	10	8					southern_only
2	10	9					southern_only
2	10	10					southern_only
2	10	11	2	10	1	0.365	fuzzy
2	10	12					southern_only
2	10	13					southern_only
2	10	14					southern_only
2	10	15					southern_only
2	10	16					southern_only
2	10	17					southern_only
2	10	18					southern_only
2	10	19					southern_only
2	10	20					southern_only
2	10	21					southern_only
2	10	22					southern_only
2	10	23	2	10	3	0.351	fuzzy
2	10	24					southern_only
2	10	25					southern_only
2	10	26	2	10	4	0.867	matched
2	10	27	2	10	5	0.835	matched
2	10	28	2	10	6	0.831	matched
2	10	29	2	10	7	0.898	matched
2	10	30	2	10	8	0.904	matched
2	10	31	2	10	9	1.0	matched
2	10	32					southern_only
2	10	33	2	10	10	0.744	matched
2	10	34	2	10	11	0.868	matched
2	10	35					southern_only
2	10	36					southern_only
2	10	37					southern_only
2	10	38					southern_only
2	10	39					southern_only
2	10	40	2	10	13	0.682	matched
2	11	1					southern_only
2	11	2	2	10	14	0.89	matched
2	11	3	2	10	15	1.0	matched
2	11	4					southern_only
2	11	5	2	10	17	1.0	matched
2	11	6					southern_only
2	11	7					southern_only
2	11	8					southern_only
2	11	9	2	10	18	0.935	matched
2	11	10	2	10	19	0.829	matched
2	11	11					southern_only
2	11	12	2	10	20	0.813	matched
2	11	13	2	10	21	0.821	matched
2	11	14	2	10	22	0.791	matched
2	11	15	2	10	23	1.0	matched
2	11	16	2	10	24	0.807	matched
2	11	17	2	10	25	1.0	matched
2	11	18					southern_only
2	11	19					southern_only
2	11	20					southern_only
2	11	21					southern_only
2	11	22					southern_only
2	11	23					southern_only
2	11	24					southern_only
2	11	25					southern_only
2	11	26					southern_only
2	11	27					southern_only
2	11	28	2	10	29	0.352	fuzzy
2	11	29					southern_only
2	12	1					southern_only
2	12	2					southern_only
2	12	3					southern_only
2	12	4					southern_only
2	12	5					southern_only
2	12	6					southern_only
2	12	7					southern_only
2	12	8					southern_only
2	12	9					southern_only
2	12	10					southern_only
2	12	11	2	10	36	0.355	fuzzy
2	12	12	2	10	38	0.356	fuzzy
2	12	13	2	10	39	0.394	fuzzy
2	12	14					southern_only
2	12	15					southern_only
2	12	16					southern_only
2	12	17					southern_only
2	12	18					southern_only
2	12	19					southern_only
2	12	20					southern_only
2	12	21					southern_only
2	12	22					southern_only
2	12	23					southern_only
2	12	24					southern_only
2	12	25					southern_only
2	12	26					southern_only
2	12	27					southern_only
2	12	28					southern_only
2	12	29					southern_only
2	12	30					southern_only
2	12	31					southern_only
2	12	32					southern_only
2	12	33					southern_only
2	12	34					southern_only
2	12	35					southern_only
2	12	36					southern_only
2	12	37					southern_only
2	12	38					southern_only
2	12	39					southern_only
2	12	40					southern_only
2	12	41					southern_only
2	12	42					southern_only
2	12	43					southern_only
2	12	44					southern_only
2	12	45					southern_only
2	12	46					southern_only
2	12	47					southern_only
2	12	48					southern_only
2	12	49					southern_only
2	12	50					southern_only
2	12	51					southern_only
2	12	52					southern_only
2	12	53					southern_only
2	12	54					southern_only
2	12	55					southern_only
2	12	56					southern_only
2	12	57					southern_only
2	12	58					southern_only
2	12	59					southern_only
2	12	60					southern_only
2	12	61					southern_only
2	12	62					southern_only
2	12	63					southern_only
2	12	64					southern_only
2	12	65					southern_only
2	12	66					southern_only
2	12	67					southern_only
2	12	68					southern_only
2	12	69					southern_only
2	12	70					southern_only
2	12	71					southern_only
2	12	72					southern_only
2	12	73					southern_only
2	12	74					southern_only
2	12	75					southern_only
2	12	76					southern_only
2	12	77					southern_only
2	12	78					southern_only
2	12	79					southern_only
2	12	80					southern_only
2	12	81					southern_only
2	12	82					southern_only
2	12	83					southern_only
2	12	84					southern_only
2	12	85					southern_only
2	12	86					southern_only
2	12	87					southern_only
2	12	88					southern_only
2	12	89					southern_only
2	12	90					southern_only
2	12	91					southern_only
2	12	92					southern_only
2	12	93					southern_only
2	12	94					southern_only
2	12	95					southern_only
2	12	96					southern_only
2	12	97					southern_only
2	12	98					southern_only
2	12	99					southern_only
2	12	100					southern_only
2	12	101					southern_only
2	12	102					southern_only
2	12	103					southern_only
2	12	104					southern_only
2	12	105					southern_only
2	12	106					southern_only
2	12	107					southern_only
2	12	108					southern_only
2	12	109					southern_only
2	12	110					southern_only
2	12	111					southern_only
2	12	112					southern_only
2	13	1	2	11	1	0.986	matched
2	13	2	2	11	2	0.889	matched
2	13	3	2	11	3	0.897	matched
2	13	4	2	11	4	1.0	matched
2	13	5	2	11	5	0.442	fuzzy
2	13	6					southern_only
2	13	7					southern_only
2	13	8					southern_only
2	13	9					southern_only
2	13	10					southern_only
2	13	11					southern_only
2	13	12					southern_only
2	13	13					southern_only
2	13	14					southern_only
2	13	15	2	11	7	0.396	fuzzy
2	13	16	2	11	9	0.387	fuzzy
2	13	17					southern_only
2	13	18	2	11	10	0.433	fuzzy
2	13	19					southern_only
2	13	20					southern_only
2	13	21	2	11	13	0.358	fuzzy
2	13	22					southern_only
2	13	23					southern_only
2	13	24	2	11	14	0.599	matched
2	13	25	2	11	15	0.929	matched
2	13	26					southern_only
2	14	1	2	12	1	0.877	matched
2	14	2	2	12	2	0.837	matched
2	14	3	2	12	3	1.0	matched
2	14	4	2	12	4	1.0	matched
2	14	5	2	12	5	0.674	matched
2	14	6	2	12	6	0.77	matched
2	14	7					southern_only
2	14	8					southern_only
2	14	9					southern_only
2	14	10	2	12	7	0.728	matched
2	14	11	2	12	8	0.753	matched
2	14	12	2	12	9	0.615	matched
2	14	13	2	12	10	0.798	matched
2	14	14	2	12	11	0.774	matched
2	14	15					southern_only
2	14	16					southern_only
2	14	17					southern_only
2	14	18					southern_only
2	14	19					southern_only
2	14	20	2	12	12	0.903	matched
2	14	21	2	12	13	0.823	matched
2	14	22	2	12	14	0.747	matched
2	14	23	2	12	15	0.615	matched
2	14	24	2	12	16	0.843	matched
2	14	25					southern_only
2	14	26					southern_only
2	14	27					southern_only
2	14	28					southern_only
2	14	29					southern_only
2	14	30					southern_only
2	14	31					southern_only
2	14	32					southern_only
2	14	33					southern_only
2	14	34					southern_only
2	14	35					southern_only
2	14	36					southern_only
2	14	37					southern_only
2	14	38					southern_only
2	14	39					southern_only
2	14	40					southern_only
2	14	41					southern_only
2	14	42					southern_only
2	14	43					southern_only
2	14	44					southern_only
2	14	45					southern_only
2	14	46					southern_only
2	14	47					southern_only
2	14	48					southern_only
2	14	49					southern_only
2	14	50					southern_only
2	14	51					southern_only
2	14	52					southern_only
2	14	53					southern_only
2	14	54					southern_only
2	14	55					southern_only
2	14	56					southern_only
2	14	57					southern_only
2	14	58					southern_only
2	14	59	2	12	18	0.742	matched
2	14	60					southern_only
2	14	61					southern_only
2	14	62	2	12	20	0.359	fuzzy
2	14	63					southern_only
2	14	64					southern_only
2	14	65					southern_only
2	14	66					southern_only
2	14	67					southern_only
2	14	68	2	12	24	0.673	matched
2	14	69					southern_only
2	15	1	2	13	1	1.0	matched
2	15	2	2	13	2	0.694	matched
2	15	3	2	13	3	0.667	matched
2	15	4	2	13	4	0.392	fuzzy
2	15	5					southern_only
2	15	6					southern_only
2	15	7					southern_only
2	15	8	2	13	7	0.625	matched
2	15	9					southern_only
2	15	10	2	13	8	0.422	fuzzy
2	15	11	2	13	9	0.383	fuzzy
2	15	12					southern_only
2	15	13	2	13	12	0.394	fuzzy
2	15	14					southern_only
2	15	15					southern_only
2	15	16	2	13	14	0.352	fuzzy
2	15	17					southern_only
2	15	18					southern_only
2	15	19					southern_only
2	15	20					southern_only
2	15	21					southern_only
2	15	22					southern_only
2	15	23					southern_only
2	15	24	2	13	19	0.352	fuzzy
2	15	25	2	13	20	0.423	fuzzy
2	15	26					southern_only
2	15	27					southern_only
2	15	28					southern_only
2	15	29					southern_only
2	15	30					southern_only
2	15	31					southern_only
2	15	32					southern_only
2	15	33	2	13	26	0.366	fuzzy
2	15	34					southern_only
2	15	35					southern_only
2	15	36					southern_only
2	15	37					southern_only
2	15	38					southern_only
2	15	39					southern_only
2	15	40					southern_only
2	15	41					southern_only
2	15	42					southern_only
2	15	43					southern_only
2	15	44					southern_only
2	15	45					southern_only
2	15	46					southern_only
2	15	47					southern_only
2	15	48					southern_only
2	15	49	2	13	28	0.703	matched
2	16	1	2	14	1	1.0	matched
2	16	2	2	14	2	0.865	matched
2	16	3	2	14	3	0.787	matched
2	16	4					southern_only
2	16	5					southern_only
2	16	6	2	14	4	0.527	matched
2	16	7	2	14	5	0.905	matched
2	16	8	2	14	6	0.59	matched
2	16	9	2	14	7	0.659	matched
2	16	10	2	14	8	0.797	matched
2	16	11	2	14	9	0.905	matched
2	16	12	2	14	10	0.721	matched
2	16	13	2	14	11	0.722	matched
2	16	14	2	14	12	0.875	matched
2	16	15	2	14	13	0.732	matched
2	16	16	2	14	14	0.759	matched
2	16	17					southern_only
2	16	18					southern_only
2	16	19	2	14	15	0.893	matched
2	16	20	2	14	16	0.896	matched
2	16	21	2	14	17	0.9	matched
2	16	22					southern_only
2	16	23					southern_only
2	16	24					southern_only
2	16	25					southern_only
2	16	26					southern_only
2	16	27					southern_only
2	16	28					southern_only
2	16	29					southern_only
2	16	30					southern_only
2	16	31					southern_only
2	16	32	2	14	21	0.364	fuzzy
2	16	33					southern_only
2	16	34	2	14	23	0.373	fuzzy
2	16	35					southern_only
2	16	36					southern_only
2	16	37					southern_only
2	16	38					southern_only
2	16	39					southern_only
2	16	40					southern_only
2	16	41					southern_only
2	16	42					southern_only
2	16	43	2	14	24	0.594	matched
2	16	44	2	14	25	0.547	matched
2	16	45					southern_only
2	16	46	2	14	26	0.866	matched
2	16	47	2	14	27	0.701	matched
2	17	1					southern_only
2	17	2					southern_only
2	17	3					southern_only
2	17	4					southern_only
2	17	5	2	15	3	0.698	matched
2	17	6					southern_only
2	17	7					southern_only
2	17	8	2	15	4	0.355	fuzzy
2	17	9					southern_only
2	17	10					southern_only
2	17	11					southern_only
2	17	12					southern_only
2	17	13					southern_only
2	17	14					southern_only
2	17	15					southern_only
2	17	16					southern_only
2	17	17					southern_only
2	17	18					southern_only
2	17	19					southern_only
2	17	20					southern_only
2	17	21					southern_only
2	17	22	2	15	14	0.648	matched
2	18	1	2	16	1	0.823	matched
2	18	2	2	16	2	0.782	matched
2	18	3	2	16	3	0.49	fuzzy
2	18	4	2	16	4	0.548	matched
2	18	5	2	16	5	0.688	matched
2	18	6	2	16	6	0.747	matched
2	18	7	2	16	7	1.0	matched
2	18	8	2	16	8	0.738	matched
2	18	9	2	16	9	0.8	matched
2	18	10	2	16	10	0.651	matched
2	18	11	2	16	11	0.641	matched
2	18	12					southern_only
2	18	13	2	16	12	0.491	fuzzy
2	18	14	2	16	13	0.705	matched
2	18	15	2	16	14	0.756	matched
2	18	16	2	16	15	0.839	matched
2	18	17	2	16	16	0.674	matched
2	18	18	2	16	17	0.559	matched
2	18	19					southern_only
2	18	20					southern_only
2	18	21					southern_only
2	18	22					southern_only
2	18	23					southern_only
2	18	24					southern_only
2	18	25					southern_only
2	18	26					southern_only
2	18	27					southern_only
2	18	28					southern_only
2	18	29	2	16	18	0.532	matched
2	18	30	2	16	19	0.765	matched
2	18	31	2	16	20	0.901	matched
2	18	32	2	16	21	0.93	matched
2	18	33	2	16	22	0.64	matched
2	18	34	2	16	23	0.776	matched
2	18	35	2	16	24	0.937	matched
2	18	36					southern_only
2	18	37	2	16	25	0.823	matched
2	18	38	2	16	26	1.0	matched
2	18	39					southern_only
2	18	40					southern_only
2	18	41					southern_only
2	19	1	2	16	27	0.645	matched
2	19	2	2	16	28	0.79	matched
2	19	3	2	16	29	0.854	matched
2	19	4	2	16	30	0.933	matched
2	19	5	2	16	31	0.735	matched
2	19	6	2	16	32	0.659	matched
2	19	7	2	16	33	0.779	matched
2	19	8	2	16	34	0.833	matched
2	19	9	2	16	35	0.81	matched
2	19	10	2	16	36	0.535	matched
2	19	11	2	16	37	0.69	matched
2	19	12	2	16	38	0.729	matched
2	19	13	2	16	39	0.81	matched
2	19	14	2	16	40	0.728	matched
2	19	15	2	16	41	0.562	matched
2	19	16	2	16	42	0.729	matched
2	19	17	2	16	43	0.835	matched
2	19	18	2	16	44	0.535	matched
2	19	19	2	16	45	0.817	matched
2	19	20	2	16	46	0.782	matched
2	19	21	2	16	47	0.73	matched
2	19	22	2	16	48	0.67	matched
2	19	23	2	16	49	0.671	matched
2	19	24	2	16	50	0.635	matched
2	19	25	2	16	51	0.622	matched
2	19	26	2	16	52	0.938	matched
2	19	27	2	16	53	0.821	matched
2	19	28	2	16	54	0.719	matched
2	19	29	2	16	55	0.789	matched
2	19	30	2	16	56	0.713	matched
2	19	31	2	16	57	0.7	matched
2	19	32	2	16	58	0.846	matched
2	19	33	2	16	59	0.674	matched
2	19	34					southern_only
2	19	35	2	16	60	0.85	matched
2	19	36					southern_only
2	19	37					southern_only
2	19	38					southern_only
2	19	39					southern_only
2	19	40	2	16	61	0.674	matched
2	20	1	2	36	1	0.649	moved
2	20	2					southern_only
2	20	3					southern_only
2	20	4	2	36	3	0.574	moved
2	20	5					southern_only
2	20	6	2	36	7	0.538	moved
2	20	7					southern_only
2	20	8	2	17	1	0.644	matched
2	20	9	2	17	2	0.667	matched
2	20	10					southern_only
2	20	11	2	17	3	0.796	matched
2	20	12	2	17	4	0.588	matched
2	20	13	2	17	5	0.773	matched
2	20	14	2	17	6	0.756	matched
2	20	15	2	17	7	0.821	matched
2	20	16	2	17	8	0.825	matched
2	20	17					southern_only
2	20	18					southern_only
2	20	19					southern_only
2	20	20	2	17	9	0.618	matched
2	20	21					southern_only
2	20	22	2	17	10	0.897	matched
2	20	23	2	17	11	0.689	matched
2	20	24	2	17	12	0.778	matched
2	20	25					southern_only
2	20	26					southern_only
2	20	27	2	17	14	1.0	matched
2	20	28					southern_only
2	20	29	2	17	15	0.893	matched
2	20	30	2	17	16	0.846	matched
2	20	31					southern_only
2	20	32					southern_only
2	20	33	2	17	17	0.683	matched
2	20	34	2	17	18	0.616	matched
2	20	35	2	17	19	0.733	matched
2	20	36	2	17	20	0.878	matched
2	20	37	2	17	21	0.78	matched
2	20	38	2	17	22	0.848	matched
2	20	39	2	17	23	0.492	fuzzy
2	20	40					southern_only
2	20	41	2	17	24	0.917	matched
2	20	42					southern_only
2	20	43	2	17	25	0.721	matched
2	20	44					southern_only
2	20	45	2	17	26	0.896	matched
2	20	46					southern_only
2	20	47					southern_only
2	20	48	2	17	27	0.703	matched
2	20	49	2	17	28	0.787	matched
2	20	50	2	17	29	0.694	matched
2	20	51	2	17	30	0.855	matched
2	20	52	2	17	31	0.8	matched
2	20	53	2	17	32	0.657	matched
2	20	54					southern_only
2	20	55	2	17	33	1.0	matched
2	21	1	2	18	1	0.896	matched
2	21	2	2	18	2	0.711	matched
2	21	3	2	18	3	0.776	matched
2	21	4	2	18	4	0.753	matched
2	21	5	2	18	5	0.904	matched
2	21	6	2	18	6	1.0	matched
2	21	7	2	18	7	0.75	matched
2	21	8	2	18	8	0.8	matched
2	21	9	2	18	9	0.775	matched
2	21	10	2	18	10	0.805	matched
2	21	11	2	18	11	0.793	matched
2	21	12					southern_only
2	21	13					southern_only
2	21	14					southern_only
2	21	15	2	18	12	0.932	matched
2	21	16	2	18	13	0.786	matched
2	21	17	2	18	14	1.0	matched
2	21	18	2	18	15	0.704	matched
2	21	19	2	18	16	1.0	matched
2	21	20	2	18	17	0.937	matched
2	21	21	2	18	18	0.938	matched
2	21	22	2	18	19	0.818	matched
2	21	23	2	18	20	0.815	matched
2	21	24	2	18	21	0.582	matched
2	21	25	2	18	22	0.895	matched
2	21	26	2	18	23	0.934	matched
2	21	27	2	18	24	0.864	matched
2	21	28	2	18	25	0.823	matched
2	21	29	2	18	26	0.878	matched
2	21	30	2	18	27	0.932	matched
2	21	31	2	18	28	0.843	matched
2	21	32	2	18	29	0.942	matched
2	21	33					southern_only
2	21	34					southern_only
2	21	35					southern_only
2	21	36	2	18	31	0.859	matched
2	21	37	2	18	32	0.66	matched
2	21	38					southern_only
2	21	39					southern_only
2	21	40	2	18	33	0.795	matched
2	21	41	2	18	34	1.0	matched
2	21	42	2	18	35	0.79	matched
2	21	43	2	18	36	0.83	matched
2	21	44	2	18	37	0.802	matched
2	21	45	2	18	38	0.555	matched
2	21	46					southern_only
2	21	47					southern_only
2	21	48					southern_only
2	21	49					southern_only
2	21	50					southern_only
2	21	51					southern_only
2	21	52					southern_only
2	21	53					southern_only
2	21	54					southern_only
2	21	55					southern_only
2	21	56					southern_only
2	21	57					southern_only
2	21	58					southern_only
2	21	59					southern_only
2	21	60					southern_only
2	21	61					southern_only
2	21	62	2	18	39	0.927	matched
2	21	63	2	18	40	0.788	matched
2	21	64					southern_only
2	22	1	2	19	1	0.783	matched
2	22	2	2	19	2	0.814	matched
2	22	3					southern_only
2	22	4					southern_only
2	22	5	2	19	3	0.644	matched
2	22	6	2	19	4	0.932	matched
2	22	7	2	19	5	0.814	matched
2	22	8	2	19	6	0.883	matched
2	22	9	2	19	7	0.536	matched
2	22	10	2	19	8	0.527	matched
2	22	11	2	19	9	0.861	matched
2	22	12	2	19	10	0.892	matched
2	22	13	2	19	11	0.846	matched
2	22	14	2	19	12	0.756	matched
2	22	15	2	19	13	0.805	matched
2	22	16	2	19	14	0.761	matched
2	22	17	2	19	15	0.844	matched
2	22	18	2	19	16	0.57	matched
2	22	19	2	19	17	0.833	matched
2	22	20	2	19	18	0.802	matched
2	22	21	2	19	19	0.756	matched
2	22	22	2	19	20	0.793	matched
2	22	23					southern_only
2	22	24					southern_only
2	22	25					southern_only
2	22	26	2	19	21	0.611	matched
2	22	27					southern_only
2	22	28					southern_only
2	22	29					southern_only
2	22	30	2	19	22	0.85	matched
2	23	1	2	20	1	0.423	fuzzy
2	23	2	2	20	2	0.812	matched
2	23	3	2	20	3	0.909	matched
2	23	4	2	20	4	0.831	matched
2	23	5	2	20	5	0.677	matched
2	23	6	2	20	6	0.695	matched
2	23	7	2	20	7	0.629	matched
2	23	8	2	20	8	0.446	fuzzy
2	23	9					southern_only
2	23	10					southern_only
2	23	11	2	20	9	0.508	matched
2	23	12					southern_only
2	23	13	2	20	10	0.648	moved
2	23	14					southern_only
2	23	15	2	20	10	1.0	matched
2	23	16	2	20	11	0.93	matched
2	23	17	2	20	12	0.84	matched
2	23	18	2	20	13	0.797	matched
2	23	19	2	20	14	0.708	matched
2	23	20	2	20	15	0.798	matched
2	23	21	2	20	16	0.637	matched
2	23	22	2	20	17	0.609	matched
2	23	23	2	20	18	0.756	matched
2	23	24	2	20	19	0.824	matched
2	23	25	2	20	20	0.938	matched
2	23	26	2	20	21	0.816	matched
2	23	27	2	20	22	0.674	matched
2	23	28	2	20	23	0.88	matched
2	23	29	2	20	24	0.759	matched
2	23	30	2	20	25	0.829	matched
2	23	31	2	20	26	0.615	matched
2	23	32	2	20	27	0.907	matched
2	23	33	2	20	28	0.709	matched
2	23	34	2	20	29	0.85	matched
2	23	35	2	20	30	0.87	matched
2	23	36	2	20	31	0.825	matched
2	23	37	2	20	32	0.76	matched
2	23	38	2	20	33	0.887	matched
2	23	39	2	20	34	0.9	matched
2	23	40	2	20	35	0.644	matched
2	23	41	2	20	36	0.903	matched
2	24	1	2	21	1	0.905	matched
2	24	2	2	21	2	0.81	matched
2	24	3	2	21	3	0.696	matched
2	24	4	2	21	4	0.67	matched
2	24	5					southern_only
2	24	6					southern_only
2	24	7					southern_only
2	24	8	2	21	5	0.878	matched
2	24	9	2	21	6	0.753	matched
2	24	10	2	21	7	0.721	matched
2	24	11	2	21	8	0.733	matched
2	24	12	2	21	9	0.938	matched
2	24	13	2	21	10	1.0	matched
2	24	14	2	21	11	0.833	matched
2	24	15	2	21	12	0.67	matched
2	24	16	2	21	13	1.0	matched
2	24	17	2	21	14	0.84	matched
2	24	18	2	21	15	0.878	matched
2	24	19	2	21	16	0.625	matched
2	24	20					southern_only
2	24	21	2	21	17	0.657	matched
2	24	22	2	21	18	0.377	fuzzy
2	24	23					southern_only
2	24	24					southern_only
2	24	25					southern_only
2	24	26	2	21	20	0.394	fuzzy
2	24	27					southern_only
2	24	28					southern_only
2	24	29	2	21	22	0.685	matched
2	24	30	2	21	23	0.461	fuzzy
2	24	31					southern_only
2	24	32					southern_only
2	24	33					southern_only
2	24	34					southern_only
2	24	35					southern_only
2	24	36					southern_only
2	24	37					southern_only
2	24	38	2	21	25	0.587	matched
2	25	1	2	22	1	0.955	matched
2	25	2					southern_only
2	25	3					southern_only
2	25	4					southern_only
2	25	5					southern_only
2	25	6					southern_only
2	25	7					southern_only
2	25	8					southern_only
2	25	9					southern_only
2	25	10	2	22	3	0.817	matched
2	25	11	2	22	4	0.72	matched
2	25	12					southern_only
2	25	13					southern_only
2	25	14					southern_only
2	25	15					southern_only
2	25	16					southern_only
2	25	17					southern_only
2	25	18					southern_only
2	25	19					southern_only
2	25	20					southern_only
2	25	21					southern_only
2	25	22					southern_only
2	25	23					southern_only
2	25	24					southern_only
2	25	25	2	22	11	0.393	fuzzy
2	25	26					southern_only
2	25	27					southern_only
2	25	28					southern_only
2	25	29					southern_only
2	25	30					southern_only
2	25	31					southern_only
2	25	32					southern_only
2	25	33	2	22	14	0.522	moved
2	25	34	2	22	14	0.355	fuzzy
2	25	35					southern_only
2	25	36					southern_only
2	25	37					southern_only
2	25	38					southern_only
2	25	39					southern_only
2	25	40					southern_only
2	25	41					southern_only
2	25	42					southern_only
2	25	43					southern_only
2	25	44					southern_only
2	25	45	2	22	18	0.539	matched
2	25	46	2	22	19	0.839	matched
2	25	47	2	22	20	0.928	matched
2	26	1	2	23	1	0.917	matched
2	26	2	2	23	2	0.609	matched
2	26	3	2	23	3	0.709	matched
2	26	4	2	23	4	1.0	matched
2	26	5	2	23	5	0.707	matched
2	26	6	2	23	6	0.741	matched
2	26	7					southern_only
2	26	8	2	23	7	0.933	matched
2	26	9	2	23	8	1.0	matched
2	26	10	2	23	9	0.797	matched
2	26	11	2	23	10	0.776	matched
2	26	12	2	23	11	0.684	matched
2	26	13	2	23	12	0.937	matched
2	26	14	2	23	13	0.667	matched
2	26	15	2	23	14	0.781	matched
2	26	16	2	23	15	0.937	matched
2	26	17	2	23	16	0.85	matched
2	26	18	2	23	17	0.816	matched
2	26	19	2	23	18	0.854	matched
2	26	20	2	23	19	0.818	matched
2	26	21	2	23	20	1.0	matched
2	26	22	2	23	21	0.753	matched
2	26	23	2	23	22	0.571	matched
2	26	24					southern_only
2	26	25	2	23	23	0.63	matched
2	26	26	2	23	24	0.958	matched
2	26	27					southern_only
2	26	28	2	23	25	0.838	matched
2	26	29	2	23	26	0.829	matched
2	26	30	2	23	27	0.886	matched
2	26	31	2	23	28	0.937	matched
2	26	32	2	23	29	0.882	matched
2	26	33	2	23	30	0.94	matched
2	26	34	2	23	31	0.89	matched
2	26	35	2	23	32	0.835	matched
2	26	36	2	23	33	0.85	matched
2	26	37					southern_only
2	26	38	2	23	34	0.926	matched
2	27	1	2	24	1	0.835	matched
2	27	2					southern_only
2	27	3	2	24	2	0.899	matched
2	27	4	2	24	3	0.685	matched
2	27	5	2	24	4	0.899	matched
2	27	6	2	24	5	0.719	matched
2	27	7	2	24	6	0.887	matched
2	27	8	2	24	7	0.678	matched
2	27	9	2	24	8	0.823	matched
2	27	10					southern_only
2	27	11	2	24	9	0.787	matched
2	27	12	2	24	10	1.0	matched
2	27	13	2	24	11	0.711	matched
2	27	14					southern_only
2	27	15	2	24	12	0.931	matched
2	27	16	2	24	13	0.911	matched
2	27	17	2	24	14	0.857	matched
2	27	18					southern_only
2	27	19					southern_only
2	27	20	2	24	16	0.844	matched
2	27	21	2	24	17	0.811	matched
2	27	22	2	24	18	0.89	matched
2	27	23	2	24	19	0.852	matched
2	27	24					southern_only
2	28	1	2	25	1	0.778	matched
2	28	2					southern_only
2	28	3	2	25	2	0.868	matched
2	28	4	2	25	3	0.835	matched
2	28	5	2	25	4	0.889	matched
2	28	6	2	25	5	0.818	matched
2	28	7	2	25	6	0.883	matched
2	28	8					southern_only
2	28	9					southern_only
2	28	10					southern_only
2	28	11	2	25	7	0.904	matched
2	28	12					southern_only
2	28	13	2	25	8	0.692	matched
2	28	14					southern_only
2	28	15					southern_only
2	28	16					southern_only
2	28	17					southern_only
2	28	18	2	25	9	0.674	matched
2	28	19	2	25	10	0.643	matched
2	28	20	2	25	11	0.79	matched
2	28	21	2	25	12	0.8	matched
2	28	22	2	25	13	0.697	matched
2	28	24					southern_only
2	28	25	2	25	14	0.914	matched
2	28	26	2	25	15	0.91	matched
2	29	1	2	26	1	0.932	matched
2	29	2	2	26	2	0.805	matched
2	29	3					southern_only
2	29	4					southern_only
2	29	5	2	26	3	0.931	matched
2	29	6	2	26	4	1.0	matched
2	29	7	2	26	5	1.0	matched
2	29	8	2	26	6	0.934	matched
2	29	9	2	26	7	0.827	matched
2	29	10	2	26	8	0.87	matched
2	29	11	2	26	9	0.797	matched
2	29	12	2	26	10	0.835	matched
2	29	13	2	26	11	0.823	matched
2	29	14	2	26	12	0.902	matched
2	29	15	2	26	13	0.932	matched
2	29	16	2	26	14	0.852	matched
2	29	17	2	26	15	0.814	matched
2	29	18	2	26	16	0.921	matched
2	29	19	2	26	17	0.827	matched
2	29	20	2	26	18	1.0	matched
2	29	21	2	26	19	0.779	matched
2	29	22	2	26	20	0.93	matched
2	29	23	2	26	21	0.84	matched
2	29	24	2	26	22	0.563	matched
2	30	1	2	27	1	0.933	matched
2	30	2	2	27	2	0.932	matched
2	30	3	2	27	3	0.88	matched
2	30	4	2	27	4	0.695	matched
2	30	5	2	27	5	0.771	matched
2	30	6	2	27	6	1.0	matched
2	30	7	2	27	7	0.576	matched
2	30	8	2	27	8	0.911	matched
2	30	9					southern_only
2	30	10	2	27	9	0.934	matched
2	30	11	2	27	10	0.819	matched
2	30	12	2	27	11	0.811	matched
2	30	13	2	27	12	0.933	matched
2	30	14	2	27	13	0.732	matched
2	30	15	2	27	14	0.756	matched
2	30	16	2	27	15	0.893	matched
2	30	17	2	27	16	0.825	matched
2	30	18	2	27	17	0.783	matched
2	30	19	2	27	18	0.813	matched
2	30	20	2	27	19	0.633	matched
2	30	21	2	27	20	0.793	matched
2	30	22	2	27	21	1.0	matched
2	30	23	2	27	22	0.674	matched
2	30	24	2	27	23	0.885	matched
2	30	25					southern_only
2	30	26	2	27	24	1.0	matched
2	30	27	2	27	25	0.739	matched
2	30	28	2	27	26	0.842	matched
2	30	29	2	27	27	0.932	matched
2	30	30	2	27	28	0.674	matched
2	30	31					southern_only
2	30	32	2	27	29	0.648	matched
2	30	33					southern_only
2	30	34					southern_only
2	30	35					southern_only
2	30	36					southern_only
2	30	37					southern_only
2	30	38	2	27	30	0.645	matched
2	30	39					southern_only
2	30	40					southern_only
2	30	41					southern_only
2	30	42					southern_only
2	30	43	2	27	31	0.823	matched
2	30	44					southern_only
2	30	45					southern_only
2	30	46	2	27	32	0.882	matched
2	30	47	2	27	33	1.0	matched
2	31	1					southern_only
2	31	2					southern_only
2	31	3					southern_only
2	31	4					southern_only
2	31	5					southern_only
2	31	6					southern_only
2	31	7					southern_only
2	31	8					southern_only
2	31	9	2	28	1	0.739	matched
2	31	10					southern_only
2	31	11	2	28	2	0.765	matched
2	31	12	2	28	3	0.785	matched
2	31	13	2	28	4	0.935	matched
2	31	14					southern_only
2	31	15					southern_only
2	31	16					southern_only
2	31	17					southern_only
2	31	18	2	28	5	0.895	matched
2	31	19	2	28	6	0.771	matched
2	31	20	2	28	7	0.895	matched
2	31	21					southern_only
2	31	22					southern_only
2	31	23	2	28	8	0.896	matched
2	31	24	2	28	9	0.919	matched
2	31	25	2	28	10	0.909	matched
2	31	26	2	28	11	0.733	matched
2	31	27	2	28	12	1.0	matched
2	31	28	2	28	13	0.823	matched
2	31	29	2	28	14	0.897	matched
2	31	30	2	28	15	0.803	matched
2	31	31	2	28	16	0.924	matched
2	31	32	2	28	17	0.929	matched
2	31	33	2	28	18	0.774	matched
2	31	34	2	28	19	0.829	matched
2	31	35	2	28	20	0.961	matched
2	31	36					southern_only
2	31	37					southern_only
2	32	1	2	29	1	0.932	matched
2	32	2	2	29	2	0.717	matched
2	32	3	2	29	3	0.851	matched
2	32	4	2	29	4	0.85	matched
2	32	5	2	29	5	0.67	matched
2	32	6	2	29	6	0.728	matched
2	32	7	2	29	7	0.842	matched
2	32	8					southern_only
2	32	9	2	29	8	0.857	matched
2	32	10	2	29	9	1.0	matched
2	32	11	2	29	10	0.863	matched
2	32	12	2	29	11	0.703	matched
2	32	13	2	29	12	0.793	matched
2	32	14					southern_only
2	32	15	2	29	13	0.81	matched
2	32	16	2	29	14	0.899	matched
2	32	17	2	29	15	0.397	fuzzy
2	32	18					southern_only
2	32	19					southern_only
2	32	20	2	29	16	0.932	matched
2	32	21					southern_only
2	32	22					southern_only
2	32	23	2	29	17	0.649	matched
2	32	24	2	29	18	0.711	matched
2	32	25	2	29	19	1.0	matched
2	32	26	2	29	20	0.61	matched
2	32	27					southern_only
2	32	28	2	29	21	0.78	matched
2	32	29					southern_only
2	32	30					southern_only
2	32	31					southern_only
2	32	32					southern_only
2	32	33					southern_only
2	32	34	2	29	23	0.738	matched
2	32	35	2	29	24	0.825	matched
2	32	36	2	29	25	0.86	matched
2	32	37					southern_only
2	32	38					southern_only
2	32	39	2	29	26	1.0	matched
2	32	40					southern_only
2	32	41					southern_only
2	32	42	2	29	27	0.866	matched
2	32	43					southern_only
2	32	44					southern_only
2	32	45					southern_only
2	33	1	2	30	1	1.0	matched
2	33	2	2	30	2	0.931	matched
2	33	3	2	30	3	1.0	matched
2	33	4	2	30	4	0.938	matched
2	33	5	2	30	5	0.774	matched
2	33	6	2	30	6	1.0	matched
2	33	7	2	30	7	0.734	matched
2	33	8	2	30	8	0.823	matched
2	33	9	2	30	9	0.785	matched
2	33	10	2	30	10	1.0	matched
2	33	11	2	30	11	0.681	matched
2	33	12	2	30	12	0.802	matched
2	33	13	2	30	13	0.831	matched
2	33	14	2	30	14	0.768	matched
2	33	15					southern_only
2	33	16	2	30	15	0.735	matched
2	33	17	2	30	16	0.904	matched
2	33	18	2	30	17	0.928	matched
2	33	19					southern_only
2	33	20					southern_only
2	33	21	2	30	18	0.355	fuzzy
2	33	22	2	30	19	0.762	matched
2	33	23	2	30	20	1.0	matched
2	33	24					southern_only
2	33	25					southern_only
2	33	26	2	30	21	0.903	matched
2	33	27					southern_only
2	33	28					southern_only
2	33	29	2	30	22	0.847	matched
2	33	30	2	30	23	0.807	matched
2	33	31	2	30	24	0.957	matched
2	34	1					southern_only
2	34	2	2	31	1	0.795	matched
2	34	3					southern_only
2	34	4	2	31	2	0.868	matched
2	34	5					southern_only
2	34	6	2	31	3	0.894	matched
2	34	7	2	31	4	0.907	matched
2	34	8	2	31	5	0.84	matched
2	34	9	2	31	6	0.742	matched
2	34	10	2	31	7	0.689	matched
2	34	11	2	31	8	0.756	matched
2	34	12	2	31	9	0.843	matched
2	34	13	2	31	10	0.677	matched
2	34	14	2	31	11	0.924	matched
2	34	15	2	31	12	0.741	matched
2	34	16	2	31	13	0.878	matched
2	34	17	2	31	14	0.805	matched
2	34	18	2	31	15	0.816	matched
2	34	19	2	31	16	0.711	matched
2	34	20	2	31	17	1.0	matched
2	34	21	2	31	18	0.831	matched
2	34	22	2	31	19	0.753	matched
2	34	23	2	31	20	0.602	matched
2	34	24	2	31	21	1.0	matched
2	34	25	2	31	22	0.908	matched
2	34	26	2	31	23	0.829	matched
2	34	27	2	31	24	0.729	matched
2	34	28	2	31	25	0.875	matched
2	34	29					southern_only
2	34	30					southern_only
2	34	31	2	31	26	0.756	matched
2	34	32					southern_only
2	34	33					southern_only
2	34	34	2	31	27	0.69	matched
2	34	35					southern_only
2	34	36					southern_only
2	34	37					southern_only
2	34	38					southern_only
2	34	39	2	31	28	0.899	matched
2	34	40	2	31	29	0.841	matched
2	34	41	2	31	30	1.0	matched
2	34	42					southern_only
2	34	43					southern_only
2	34	44					southern_only
2	34	45					southern_only
2	34	46	2	31	31	0.916	matched
2	34	47	2	31	32	0.738	moved
2	34	48	2	31	32	0.396	fuzzy
2	34	49					southern_only
2	34	50					southern_only
2	34	51					southern_only
2	34	52					southern_only
2	34	53					southern_only
2	34	54					southern_only
2	34	55	2	31	33	0.907	matched
2	34	56	2	31	34	0.879	matched
2	34	57	2	31	35	0.897	matched
2	34	58	2	31	36	0.86	matched
2	34	59	2	31	37	0.821	matched
2	34	60					southern_only
2	34	61					southern_only
2	35	1					southern_only
2	35	2					southern_only
2	35	3					southern_only
2	35	4					southern_only
2	35	5					southern_only
2	35	6					southern_only
2	35	7					southern_only
2	35	8					southern_only
2	35	9					southern_only
2	35	10					southern_only
2	35	11					southern_only
2	35	12					southern_only
2	35	13					southern_only
2	35	14					southern_only
2	35	15					southern_only
2	35	16					southern_only
2	35	17					southern_only
2	35	18					southern_only
2	35	19					southern_only
2	35	20					southern_only
2	35	21					southern_only
2	35	22					southern_only
2	35	23					southern_only
2	35	24					southern_only
2	35	25					southern_only
2	35	26					southern_only
2	35	27					southern_only
2	35	28					southern_only
2	35	29					southern_only
2	35	30					southern_only
2	35	31					southern_only
2	35	32					southern_only
2	35	33					southern_only
2	35	34					southern_only
2	35	35					southern_only
2	35	36					southern_only
2	35	37					southern_only
2	36	1	2	32	1	0.782	matched
2	36	2	2	32	2	0.805	matched
2	36	3	2	32	3	0.765	matched
2	36	4	2	32	4	0.721	matched
2	36	5					southern_only
2	36	6	2	32	5	0.745	matched
2	36	7	2	32	6	0.691	matched
2	36	8	2	32	7	0.767	matched
2	36	9	2	32	8	0.899	matched
2	36	10	2	32	9	0.656	matched
2	36	11					southern_only
2	36	12	2	32	10	0.57	matched
2	36	13	2	32	11	0.628	matched
2	36	14					southern_only
2	36	15					southern_only
2	36	16	2	32	12	0.516	matched
2	36	17	2	32	13	0.602	matched
2	36	18	2	32	14	0.85	matched
2	36	19	2	32	15	1.0	matched
2	36	20	2	32	16	0.795	matched
2	36	21	2	32	17	0.697	matched
2	36	22	2	32	18	0.783	matched
2	36	23	2	32	19	0.873	matched
2	36	24					southern_only
2	36	25					southern_only
2	36	26	2	32	20	0.738	matched
2	36	27					southern_only
2	36	28					southern_only
2	36	29					southern_only
2	36	30					southern_only
2	36	31	2	32	21	0.827	matched
2	36	32					southern_only
2	36	33	2	32	22	0.923	matched
2	37	1	2	33	1	0.882	matched
2	37	2	2	33	2	1.0	matched
2	37	3	2	33	3	0.895	matched
2	37	4	2	33	4	0.787	matched
2	37	5	2	33	5	0.651	matched
2	37	6	2	33	6	0.785	matched
2	37	7	2	33	7	0.897	matched
2	37	8	2	33	8	0.699	matched
2	37	9	2	33	9	0.873	matched
2	37	10	2	33	10	0.595	matched
2	37	11					southern_only
2	37	12					southern_only
2	37	13	2	33	11	0.833	matched
2	37	14	2	33	12	0.739	matched
2	37	15					southern_only
2	37	16					southern_only
2	37	17					southern_only
2	37	18					southern_only
2	37	19					southern_only
2	37	20					southern_only
2	37	21					southern_only
2	37	22					southern_only
2	37	23					southern_only
2	37	24					southern_only
2	37	25					southern_only
2	37	26					southern_only
2	37	27					southern_only
2	37	28					southern_only
2	37	29					southern_only
2	37	30					southern_only
2	37	31					southern_only
2	37	32					southern_only
2	37	33					southern_only
2	37	34					southern_only
2	37	35					southern_only
2	37	36					southern_only
2	37	37					southern_only
2	38	1	2	33	13	0.805	matched
2	38	2					southern_only
2	38	3	2	33	14	0.802	matched
2	38	4					southern_only
2	38	5					southern_only
2	38	6					southern_only
2	38	7					southern_only
2	38	8					southern_only
2	38	9					southern_only
2	38	10	2	33	15	0.805	matched
2	38	11					southern_only
2	38	12					southern_only
2	38	13					southern_only
2	38	14	2	33	16	0.883	matched
2	38	15	2	33	17	0.932	matched
2	39	1	2	34	1	1.0	matched
2	39	2	2	34	2	0.881	matched
2	39	3	2	34	3	0.772	matched
2	39	4	2	34	4	0.84	matched
2	39	5	2	34	5	0.831	matched
2	39	6	2	34	6	0.79	matched
2	39	7	2	34	7	0.862	matched
2	39	8	2	34	8	0.578	matched
2	39	9	2	34	9	0.902	matched
2	39	10	2	34	10	0.714	matched
2	39	11	2	34	11	0.882	matched
2	39	12	2	34	12	0.847	matched
2	39	13	2	34	13	0.91	matched
2	39	14	2	34	14	0.892	matched
2	39	15	2	34	15	0.84	matched
2	39	16	2	34	16	0.663	matched
2	39	17	2	34	17	0.838	matched
2	39	18	2	34	18	0.79	matched
2	39	19	2	34	19	0.833	matched
2	39	20	2	34	20	0.857	matched
2	39	21					southern_only
2	39	22					southern_only
2	39	23					southern_only
2	39	24					southern_only
2	39	25	2	34	21	0.681	matched
2	39	26	2	34	22	0.793	matched
2	39	27	2	34	23	0.88	matched
2	39	28	2	34	24	0.698	matched
2	39	29	2	34	25	0.624	matched
2	39	30	2	34	26	1.0	matched
2	39	31	2	34	27	0.914	matched
2	39	32	2	34	28	0.937	matched
2	39	33	2	34	29	0.911	matched
2	39	34	2	34	30	1.0	matched
2	39	35	2	34	31	0.901	matched
2	39	36	2	34	32	0.84	matched
2	39	37	2	34	33	0.653	matched
2	39	38	2	34	34	0.613	matched
2	39	39					southern_only
2	39	40	2	34	35	0.818	matched
2	39	41	2	34	36	0.882	matched
2	40	1	2	35	1	0.771	matched
2	40	2	2	35	2	0.936	matched
2	40	3	2	35	3	1.0	matched
2	40	4	2	35	4	0.9	matched
2	40	5	2	35	5	0.824	matched
2	40	6	2	35	6	0.821	matched
2	40	7	2	35	7	0.943	matched
2	40	8					southern_only
2	40	9	2	35	8	0.842	matched
2	40	10	2	35	9	0.802	matched
2	40	11	2	35	10	1.0	matched
2	40	12	2	35	11	0.817	matched
2	40	13	2	35	12	0.865	matched
2	40	14	2	35	13	0.849	moved
2	40	15					southern_only
2	40	16	2	35	13	0.904	matched
2	40	17	2	35	14	1.0	matched
2	40	18	2	35	15	0.779	matched
2	40	19	2	35	16	1.0	matched
2	40	20	2	35	17	0.865	matched
2	40	21	2	35	18	0.736	matched
2	40	22	2	35	19	0.915	matched
2	40	23	2	35	20	1.0	matched
2	40	24	2	35	21	0.787	matched
2	40	25	2	35	22	0.847	matched
2	40	26	2	35	23	0.463	fuzzy
2	40	27					southern_only
2	40	28	2	35	24	0.936	matched
2	40	29	2	35	25	0.936	matched
2	40	30	2	35	26	0.719	matched
2	40	31					southern_only
2	40	32					southern_only
2	40	33					southern_only
2	40	34					southern_only
2	40	35					southern_only
2	40	36					southern_only
2	40	37	2	35	27	0.912	matched
2	40	38	2	35	28	0.667	matched
2	40	39	2	35	29	0.561	matched
2	40	40					southern_only
2	40	41	2	35	30	0.667	matched
2	40	42	2	35	31	0.677	matched
2	40	43					southern_only
2	40	44	2	35	32	0.557	matched
2	40	45					southern_only
2	40	46	2	35	33	0.648	matched
2	40	47	2	35	34	0.778	matched
2	40	48	2	35	35	0.877	matched
2	40	49	2	35	36	0.756	matched
2	40	50	2	35	37	0.75	matched
2	40	51	2	35	38	0.852	matched
2	41	1	2	36	1	0.57	matched
2	41	2	2	36	2	0.699	matched
2	41	3	2	36	3	0.734	matched
2	41	4	2	36	4	0.808	matched
2	41	5	2	36	5	0.674	matched
2	41	6	2	36	6	0.9	matched
2	41	7	2	36	7	0.75	matched
2	41	8	2	36	8	0.882	matched
2	41	9	2	36	9	0.741	matched
2	41	10					southern_only
2	41	11	2	36	10	0.847	matched
2	41	12	2	36	11	0.72	matched
2	41	13					southern_only
2	41	14					southern_only
2	41	15	2	36	12	0.884	matched
2	41	16					southern_only
2	41	17	2	36	13	0.78	matched
2	41	18	2	36	14	0.812	matched
2	41	19	2	36	15	0.778	matched
2	41	20	2	36	16	0.833	matched
2	41	21	2	36	17	0.714	matched
2	42	1	2	37	1	0.636	matched
2	42	2	2	37	2	0.78	matched
2	42	3	2	37	3	0.655	matched
2	42	4	2	37	4	0.873	matched
2	42	5	2	37	5	0.75	matched
2	42	6	2	37	6	0.855	matched
2	42	7	2	37	7	0.875	matched
2	42	8	2	37	8	1.0	matched
2	42	9	2	37	9	0.67	matched
2	42	10	2	37	10	0.875	matched
2	42	11	2	37	11	0.71	matched
2	42	12	2	37	12	0.584	matched
2	42	13	2	37	13	0.831	matched
2	42	14	2	37	14	0.93	matched
2	42	15					southern_only
2	42	16	2	37	15	0.778	matched
2	42	17	2	37	16	1.0	moved
2	42	18	2	37	16	0.915	matched
2	42	19	2	37	17	0.829	matched
2	42	20					southern_only
2	42	21					southern_only
2	42	22	2	37	18	1.0	matched
2	42	23	2	37	19	0.633	matched
2	42	24	2	37	21	0.427	fuzzy
2	42	25	2	37	22	0.827	matched
2	42	26					southern_only
2	42	27	2	37	23	0.921	moved
2	42	28	2	37	23	0.417	fuzzy
2	42	29	2	37	24	0.835	matched
2	42	30					southern_only
2	42	31	2	37	25	1.0	matched
2	42	32	2	37	26	0.79	matched
2	42	33					southern_only
2	42	34	2	37	27	0.92	matched
2	42	35	2	37	28	0.72	matched
2	43	1	2	38	1	0.934	matched
2	43	2	2	38	2	0.885	matched
2	43	3	2	38	3	0.933	matched
2	43	4	2	38	4	0.741	matched
2	43	5	2	38	5	0.604	matched
2	43	6	2	38	6	0.883	matched
2	43	7	2	38	7	0.852	matched
2	43	8	2	38	8	0.831	matched
2	43	9	2	38	9	0.938	matched
2	43	10	2	38	10	0.728	matched
2	43	11	2	38	11	1.0	matched
2	43	12	2	38	12	0.843	matched
2	43	13	2	38	13	0.835	matched
2	43	14					southern_only
2	43	15	2	38	14	1.0	matched
2	43	16	2	38	15	0.753	matched
2	43	17	2	38	16	0.931	matched
2	43	18	2	38	17	0.853	matched
2	43	19	2	38	18	0.889	matched
2	43	20	2	38	19	0.812	matched
2	43	21	2	38	20	0.886	matched
2	44	1	2	39	1	0.895	matched
2	44	2	2	39	2	0.663	matched
2	44	3	2	39	3	0.787	matched
2	44	4	2	39	4	0.72	matched
2	44	5	2	39	5	0.698	matched
2	44	6	2	39	6	0.702	matched
2	44	7	2	39	7	0.849	matched
2	44	8	2	39	8	1.0	matched
2	44	9	2	39	9	0.805	matched
2	44	10	2	39	10	0.789	matched
2	44	11	2	39	11	0.758	matched
2	44	12					southern_only
2	44	13					southern_only
2	44	14					southern_only
2	44	15					southern_only
2	44	16					southern_only
2	44	17	2	39	12	0.89	matched
2	44	18	2	39	13	0.908	matched
2	44	19					southern_only
2	44	20					southern_only
2	44	21					southern_only
2	44	22					southern_only
2	44	23					southern_only
2	44	24					southern_only
2	44	25					southern_only
2	44	26					southern_only
2	44	27	2	39	14	0.821	matched
2	44	28	2	39	15	0.753	matched
2	44	29					southern_only
2	44	30					southern_only
2	44	31	2	39	16	0.865	matched
2	45	1	2	40	1	1.0	matched
2	45	2	2	40	2	0.674	matched
2	45	3	2	40	3	1.0	matched
2	45	4	2	40	4	0.938	matched
2	45	5	2	40	5	1.0	matched
2	45	6	2	40	6	0.841	matched
2	45	7	2	40	7	0.946	matched
2	45	8	2	40	8	0.875	matched
2	45	9	2	40	9	0.741	matched
2	45	10	2	40	10	0.831	matched
2	45	11	2	40	11	0.812	matched
2	45	12	2	40	12	0.744	matched
2	45	13	2	40	13	0.718	matched
2	45	14	2	40	14	0.602	matched
2	45	15					southern_only
2	45	16					southern_only
2	45	17	2	40	15	0.687	matched
2	45	18	2	40	16	0.823	matched
2	45	19	2	40	17	0.897	matched
2	45	20	2	40	18	0.908	matched
2	45	21	2	40	19	0.606	matched
2	45	22	2	40	20	0.629	matched
2	45	23	2	40	21	0.638	matched
2	45	24	2	40	22	0.871	matched
2	45	25	2	40	23	0.812	matched
2	45	26	2	40	24	0.826	matched
2	45	27	2	40	25	0.741	matched
2	45	28	2	40	26	0.931	matched
2	45	29	2	40	27	0.783	matched
2	45	30	2	40	28	0.609	matched
2	45	31	2	40	29	0.656	matched
2	45	32	2	40	30	0.93	matched
2	45	33					southern_only
2	46	1	2	41	1	0.899	matched
2	46	2	2	41	2	0.885	matched
2	46	3	2	41	3	0.861	matched
2	46	4	2	41	4	0.934	matched
2	46	5					southern_only
2	46	6					southern_only
2	46	7	2	41	5	0.713	matched
2	46	8	2	41	6	0.678	matched
2	46	9	2	41	7	0.935	matched
2	46	10	2	41	8	0.908	matched
2	46	11	2	41	9	0.75	matched
2	46	12	2	41	10	0.859	matched
2	46	13	2	41	11	0.9	matched
2	46	14	2	41	12	0.926	matched
2	46	15	2	41	13	1.0	matched
2	46	16	2	41	14	0.659	matched
2	46	17	2	41	15	0.759	matched
2	46	18	2	41	16	0.886	matched
2	46	19	2	41	17	1.0	matched
2	46	20	2	41	18	0.819	matched
2	46	21	2	41	19	0.716	matched
2	46	22	2	41	20	0.629	matched
2	46	23	2	41	21	0.681	matched
2	46	24	2	41	22	0.9	matched
2	46	25					southern_only
2	46	26	2	41	23	0.691	matched
2	46	27					southern_only
2	46	28	2	41	27	1.0	moved
2	46	29	2	41	28	1.0	moved
2	46	30	2	41	24	0.824	matched
2	46	31	2	41	25	0.864	matched
2	46	32	2	41	26	1.0	matched
2	46	33					southern_only
2	46	34					southern_only
2	47	1	2	41	29	0.701	matched
2	47	2	2	41	30	0.789	matched
2	47	3					southern_only
2	47	4					southern_only
2	47	5					southern_only
2	47	6					southern_only
2	47	7					southern_only
2	47	8					southern_only
2	47	9					southern_only
2	47	10					southern_only
2	47	11					southern_only
2	47	12					southern_only
2	47	13	2	41	31	0.679	matched
2	47	14	2	41	32	0.785	matched
2	47	15	2	41	33	0.741	matched
2	47	16					southern_only
2	47	17					southern_only
2	47	18					southern_only
2	47	19					southern_only
2	48	1					southern_only
2	48	2	2	42	1	0.943	matched
2	48	3	2	42	2	0.934	matched
2	48	4	2	42	3	0.766	matched
2	48	5	2	42	4	0.863	matched
2	48	6	2	42	5	0.71	matched
2	48	7	2	42	6	0.847	matched
2	48	8	2	42	7	0.823	matched
2	48	9	2	42	8	0.827	matched
2	48	10	2	42	9	0.774	matched
2	48	11	2	42	10	0.643	matched
2	48	12	2	42	11	0.509	moved
2	48	13	2	42	11	0.54	matched
2	48	14					southern_only
2	48	15					southern_only
2	48	16					southern_only
2	48	17	2	42	14	0.604	matched
2	48	18	2	42	15	0.731	matched
2	48	19	2	42	16	0.829	matched
2	48	20	2	42	17	0.753	matched
2	48	21	2	42	18	0.78	matched
2	48	22	2	42	19	0.899	matched
2	48	23	2	42	20	0.889	matched
2	48	24	2	42	21	0.815	matched
2	48	25					southern_only
2	48	26	2	42	22	0.821	matched
2	48	27	2	42	23	0.716	matched
2	48	28	2	42	24	0.889	matched
2	48	29					southern_only
2	48	30					southern_only
2	48	31					southern_only
2	48	32	2	42	25	0.817	matched
2	48	33					southern_only
2	48	34					southern_only
2	48	35					southern_only
2	48	36	2	42	26	0.867	matched
2	48	37					southern_only
2	49	1	2	43	1	0.8	matched
2	49	2	2	43	2	0.62	matched
2	49	3	2	43	3	0.722	matched
2	49	4	2	43	4	1.0	matched
2	49	5	2	43	5	0.87	matched
2	49	6	2	43	6	1.0	matched
2	49	7					southern_only
2	49	8					southern_only
2	49	9	2	43	7	0.892	matched
2	49	10	2	43	8	0.703	matched
2	49	11	2	43	9	0.931	matched
2	49	12	2	43	10	0.742	matched
2	49	13	2	43	11	0.84	matched
2	49	14	2	43	12	0.841	matched
2	49	15	2	43	13	0.838	matched
2	49	16	2	43	14	0.802	matched
2	49	17					southern_only
2	49	18	2	43	15	1.0	matched
2	50	1					southern_only
2	50	2					southern_only
2	50	3					southern_only
2	50	4					southern_only
2	50	5					southern_only
2	50	6					southern_only
2	50	7					southern_only
2	50	8					southern_only
2	50	9					southern_only
2	50	10					southern_only
2	50	11					southern_only
2	50	12	2	44	2	1.0	matched
2	50	13					southern_only
2	50	14					southern_only
2	50	15					southern_only
2	50	16					southern_only
2	50	17					southern_only
2	50	18					southern_only
2	50	19					southern_only
2	50	20					southern_only
2	50	21					southern_only
2	50	22					southern_only
2	50	23					southern_only
2	50	24					southern_only
2	50	25					southern_only
2	50	26					southern_only
2	50	27	2	44	4	0.805	matched
2	50	28	2	44	5	0.695	matched
2	50	29					southern_only
2	50	30	2	44	6	0.604	matched
2	50	31	2	44	7	0.798	matched
2	50	32	2	44	8	0.621	matched
2	50	33	2	44	9	0.783	matched
2	50	34	2	44	10	0.643	matched
2	50	35	2	44	11	0.678	matched
2	50	36	2	44	12	0.841	matched
2	50	37	2	44	13	0.459	fuzzy
2	50	38	2	44	14	0.885	matched
2	50	39	2	44	15	0.899	matched
2	50	40	2	44	16	0.5	matched
2	50	41					southern_only
2	50	42					southern_only
2	50	43	2	44	19	0.525	matched
2	50	44	2	44	20	0.872	matched
2	50	45	2	44	21	0.803	matched
2	50	46	2	44	22	0.815	matched
2	50	47	2	44	23	0.735	matched
2	50	48	2	44	24	0.614	matched
2	50	49	2	44	25	0.783	matched
2	50	50	2	44	26	0.718	matched
2	50	51	2	44	27	0.786	matched
2	51	1	2	45	1	0.892	matched
2	51	2	2	45	2	1.0	matched
2	51	3	2	45	3	0.753	matched
2	51	4	2	45	4	0.651	matched
2	51	5	2	45	5	0.711	matched
2	51	6	2	45	6	0.827	matched
2	51	7	2	45	7	0.541	matched
2	51	8	2	45	8	0.613	matched
2	51	9	2	80	10	1.0	moved
2	51	10	2	45	10	0.936	matched
2	51	11	2	45	11	0.81	matched
2	51	12	2	80	13	0.88	moved
2	51	13	2	45	13	0.803	matched
2	51	14	2	45	14	0.93	matched
2	51	15	2	45	15	0.843	matched
2	51	16	2	45	16	0.805	matched
2	51	17					southern_only
2	51	18					southern_only
2	51	19	2	80	17	1.0	moved
2	51	20	2	80	18	0.852	moved
2	51	21	2	45	19	1.0	matched
2	51	22	2	45	20	0.875	matched
2	51	23	2	45	21	0.78	matched
2	51	24					southern_only
2	51	25	2	45	22	0.909	matched
2	51	26	2	45	23	0.765	matched
2	51	27	2	45	24	0.649	matched
2	52	1	2	46	1	0.923	matched
2	52	2	2	46	2	0.7	matched
2	52	3	2	46	3	1.0	matched
2	52	4	2	46	4	0.917	matched
2	52	5					southern_only
2	52	6					southern_only
2	52	7					southern_only
2	52	8					southern_only
2	52	9					southern_only
2	52	10					southern_only
2	52	11	2	46	5	1.0	matched
2	52	12	2	46	6	0.933	matched
2	52	13					southern_only
2	52	14	2	46	7	0.573	matched
2	52	15	2	46	8	0.856	matched
2	52	16	2	46	9	0.844	matched
2	52	17	2	46	10	0.66	matched
2	52	18	2	46	11	1.0	matched
2	52	19	2	46	12	0.863	matched
2	52	20	2	46	13	0.833	matched
2	52	21	2	46	14	0.729	matched
2	52	22	2	46	15	0.895	matched
2	52	23	2	46	16	0.479	fuzzy
2	52	24	2	46	17	0.764	matched
2	52	25	2	46	18	0.79	matched
2	52	26	2	46	19	0.823	matched
2	52	27	2	46	20	0.728	matched
2	52	28	2	46	21	0.615	matched
2	52	29	2	46	22	1.0	matched
2	52	30	2	46	23	0.893	matched
2	52	31	2	46	24	0.873	matched
2	52	32	2	46	25	0.787	matched
2	52	33	2	46	26	0.927	matched
2	52	34	2	46	27	0.81	matched
2	52	35	2	46	28	0.919	matched
2	52	36					southern_only
2	52	37	2	46	29	1.0	matched
2	52	38	2	46	30	0.805	matched
2	52	39	2	46	31	0.846	matched
2	52	40	2	46	32	0.922	matched
2	52	41	2	46	33	0.795	matched
2	52	42	2	46	34	0.787	matched
2	52	43					southern_only
2	52	44	2	46	35	0.684	matched
2	52	45	2	46	36	0.711	matched
2	52	46	2	46	37	0.812	matched
2	52	47	2	46	38	0.805	matched
2	52	48					southern_only
2	52	49	2	46	39	0.909	matched
2	52	50	2	46	40	1.0	matched
2	52	51	2	46	41	0.908	matched
2	52	52	2	46	42	0.667	matched
2	52	53	2	46	45	1.0	moved
2	52	54	2	46	43	1.0	matched
2	52	55	2	46	44	0.831	matched
2	52	56	2	46	46	0.802	matched
2	52	57	2	46	47	0.785	matched
2	52	58	2	46	48	1.0	matched
2	52	59	2	46	49	0.825	matched
2	52	60	2	46	50	0.935	matched
2	52	61	2	46	51	0.797	matched
2	52	62	2	46	52	0.868	matched
2	52	63	2	46	53	0.935	matched
2	52	64	2	46	54	0.524	matched
2	52	65	2	46	55	0.548	matched
2	52	66					southern_only
2	52	67					southern_only
2	52	68	2	46	56	0.38	fuzzy
2	52	69					southern_only
2	52	70	2	46	57	0.895	matched
2	52	71	2	46	58	0.887	matched
2	52	72	2	46	59	0.88	matched
2	52	73	2	46	60	0.9	matched
2	52	74	2	46	61	1.0	matched
2	52	75	2	46	62	0.878	matched
2	52	76	2	46	63	0.937	matched
2	52	77	2	46	64	0.771	matched
2	52	78					southern_only
2	52	79					southern_only
2	52	80	2	46	65	0.915	matched
2	52	81	2	46	66	0.77	matched
2	52	82	2	46	67	0.862	matched
2	52	83	2	46	68	0.747	matched
2	52	84	2	46	69	0.896	matched
2	52	85	2	46	70	0.896	matched
2	52	86	2	46	71	0.814	matched
2	52	87	2	46	72	0.895	matched
2	52	88	2	46	73	0.914	matched
2	52	89					southern_only
2	52	90					southern_only
2	52	91					southern_only
2	52	92	2	46	74	0.928	matched
2	52	93	2	46	75	1.0	matched
2	52	94					southern_only
2	52	95					southern_only
2	52	96					southern_only
2	52	97					southern_only
2	52	98					southern_only
2	52	99					southern_only
2	52	100	2	46	78	0.817	matched
2	52	101					southern_only
2	52	102	2	46	79	0.852	matched
2	53	1	2	47	1	0.722	matched
2	53	2	2	47	2	0.708	matched
2	53	3	2	47	3	0.829	matched
2	53	4	2	47	4	0.741	matched
2	53	6	2	47	6	1.0	matched
2	53	7	2	47	7	1.0	matched
2	53	8	2	47	8	0.782	matched
2	53	9	2	47	9	0.84	matched
2	53	10	2	47	10	0.681	matched
2	53	11	2	47	11	0.802	matched
2	53	12	2	47	12	0.867	matched
2	53	13	2	47	13	1.0	matched
2	53	14	2	47	14	0.934	matched
2	53	15	2	47	15	0.933	matched
2	53	16	2	47	16	0.896	matched
2	53	17	2	47	17	0.887	matched
2	53	18	2	47	18	0.896	matched
2	53	19	2	47	19	0.559	matched
2	53	20	2	47	20	1.0	matched
2	53	21	2	47	21	0.909	matched
2	53	22	2	47	22	0.705	matched
2	53	23	2	47	23	0.659	matched
2	53	24	2	47	24	0.93	matched
2	53	25	2	47	25	0.852	matched
2	53	26	2	47	26	0.72	matched
2	53	27	2	47	27	0.779	matched
2	53	28	2	47	28	0.775	matched
2	53	29	2	47	29	0.833	matched
2	53	30	2	47	30	0.842	matched
2	53	31	2	47	31	0.813	matched
2	53	32	2	47	32	0.802	matched
2	53	33					southern_only
2	53	34	2	47	33	0.86	matched
2	53	35					southern_only
2	54	1	2	48	1	0.817	matched
2	54	2	2	48	2	1.0	matched
2	54	3	2	48	3	0.767	matched
2	54	4	2	48	4	0.828	matched
2	54	5	2	48	5	0.912	matched
2	54	6	2	48	6	0.756	matched
2	54	7	2	48	7	0.753	matched
2	54	8	2	48	8	0.901	matched
2	54	9	2	48	9	0.864	matched
2	54	10	2	48	10	0.685	matched
2	54	11					southern_only
2	54	12	2	48	11	0.75	matched
2	54	13	2	48	12	0.875	matched
2	54	14	2	48	13	0.753	matched
2	54	15	2	48	14	1.0	matched
2	54	16	2	48	15	0.686	matched
2	54	17	2	48	16	0.85	matched
2	54	18					southern_only
2	54	19	2	48	17	0.831	matched
2	54	20	2	48	18	0.915	matched
2	54	21	2	48	19	0.823	matched
2	54	22	2	48	20	0.578	matched
2	54	23	2	48	21	0.897	matched
2	54	24					southern_only
2	54	25	2	48	22	0.604	matched
2	54	26	2	48	23	0.817	matched
2	54	27	2	48	24	0.767	matched
2	54	28	2	48	25	0.911	matched
2	54	29	2	48	26	0.64	matched
2	54	30	2	48	27	0.892	matched
2	54	31	2	48	28	0.887	matched
2	54	32	2	48	29	1.0	matched
2	54	33	2	48	30	0.843	matched
2	54	34	2	48	31	1.0	matched
2	54	35					southern_only
2	54	36	2	48	32	1.0	matched
2	54	37	2	48	33	0.77	matched
2	54	38	2	48	34	0.731	matched
2	54	39					southern_only
2	54	40					southern_only
2	54	41					southern_only
2	54	42					southern_only
2	54	43	2	48	36	0.586	matched
2	55	1	2	49	1	0.896	matched
2	55	2	2	49	2	0.388	fuzzy
2	55	3					southern_only
2	55	4					southern_only
2	55	5					southern_only
2	55	6	2	49	3	0.363	fuzzy
2	55	7					southern_only
2	55	8					southern_only
2	55	9					southern_only
2	55	10	2	49	6	0.512	matched
2	55	11					southern_only
2	55	12					southern_only
2	55	13					southern_only
2	55	14					southern_only
2	55	15					southern_only
2	55	16	2	49	10	0.364	fuzzy
2	55	17					southern_only
2	55	18					southern_only
2	55	19					southern_only
2	55	20					southern_only
2	55	21					southern_only
2	55	22					southern_only
2	55	23	2	49	11	0.374	fuzzy
2	55	24					southern_only
2	55	25	2	49	13	0.354	fuzzy
2	55	26					southern_only
2	55	27					southern_only
2	55	28					southern_only
2	55	29					southern_only
2	55	30					southern_only
2	55	31					southern_only
2	55	32					southern_only
2	55	33					southern_only
2	55	34	2	49	15	0.688	matched
2	56	1	2	50	1	0.899	matched
2	56	2	2	50	2	1.0	matched
2	56	3	2	50	3	1.0	matched
2	56	4	2	50	4	0.893	matched
2	56	5	2	50	5	0.877	matched
2	56	6	2	50	6	0.937	matched
2	56	7	2	50	7	0.798	matched
2	56	8	2	50	8	1.0	matched
2	56	9	2	50	9	0.785	matched
2	56	10	2	50	10	0.911	matched
2	56	11					southern_only
2	56	12	2	50	11	0.815	matched
2	56	13					southern_only
2	56	14					southern_only
2	56	15					southern_only
2	56	16					southern_only
2	56	17					southern_only
2	56	18					southern_only
2	56	19	2	50	13	0.782	matched
2	56	20	2	50	14	0.81	matched
2	56	21					southern_only
2	56	22	2	50	15	0.388	fuzzy
2	56	23					southern_only
2	56	24					southern_only
2	56	25					southern_only
2	56	26	2	50	16	0.914	matched
2	56	27	2	50	17	0.917	matched
2	56	28	2	50	18	0.827	matched
2	56	29					southern_only
2	56	30					southern_only
2	56	31					southern_only
2	56	32					southern_only
2	56	33					southern_only
2	56	34					southern_only
2	56	35					southern_only
2	57	1	2	51	1	0.937	matched
2	57	2					southern_only
2	57	3	2	51	2	0.795	matched
2	57	4	2	51	3	0.895	matched
2	57	5	2	51	4	0.846	matched
2	57	6	2	51	5	0.897	matched
2	57	7	2	51	6	0.579	matched
2	57	8					southern_only
2	57	9	2	51	7	0.827	matched
2	57	10	2	51	8	0.69	matched
2	57	11	2	51	9	0.797	matched
2	57	12	2	51	10	0.671	matched
2	57	13	2	51	11	1.0	matched
2	57	16	2	51	14	0.69	matched
2	57	17	2	51	15	0.764	matched
2	57	18	2	53	9	0.854	moved
2	57	19	2	53	10	1.0	moved
2	57	20	2	51	16	0.736	matched
2	57	21	2	51	17	0.835	matched
2	57	22	2	51	18	0.91	matched
2	57	23	2	51	19	0.899	matched
2	57	24	2	51	20	0.721	matched
2	57	25	2	51	21	0.69	matched
2	57	26	2	51	22	0.621	matched
2	57	27	2	51	23	0.795	matched
2	57	28	2	51	24	0.878	matched
2	57	29	2	51	25	0.896	matched
2	57	30	2	51	26	0.802	matched
2	57	31	2	51	27	0.688	matched
2	57	32	2	51	28	0.825	matched
2	57	33	2	51	29	0.857	matched
2	57	34	2	51	30	0.738	matched
2	58	1	2	52	1	0.747	matched
2	58	2					southern_only
2	58	3	2	52	2	1.0	matched
2	58	4	2	52	3	0.873	matched
2	58	5	2	52	4	0.591	matched
2	58	6					southern_only
2	58	7	2	52	5	0.883	matched
2	58	8	2	52	6	0.776	matched
2	58	9	2	52	7	0.802	matched
2	58	10	2	52	8	0.831	matched
2	58	11	2	52	9	0.637	matched
2	58	12					southern_only
2	58	13	2	52	10	0.646	matched
2	58	14	2	52	11	0.873	matched
2	58	15	2	52	12	0.926	matched
2	58	16	2	52	13	0.877	matched
2	58	17					southern_only
2	58	18					southern_only
2	58	19					southern_only
2	58	20					southern_only
2	58	21	2	52	15	0.922	matched
2	58	22	2	52	16	0.893	matched
2	58	23					southern_only
2	58	24					southern_only
2	58	25	2	52	17	0.616	matched
2	58	26	2	52	18	0.75	matched
2	58	27					southern_only
2	58	28	2	52	19	0.545	matched
2	58	29					southern_only
2	58	30	2	52	20	1.0	matched
2	58	31	2	52	21	0.793	matched
2	58	32	2	52	22	0.831	matched
2	58	33					southern_only
2	58	34	2	52	23	0.695	matched
2	58	35	2	52	24	0.732	matched
2	58	36	2	52	25	1.0	matched
2	58	37	2	52	26	0.785	matched
2	59	1	2	53	1	0.81	matched
2	59	2	2	53	2	0.652	matched
2	59	3	2	53	3	0.729	matched
2	59	4	2	53	4	0.831	matched
2	59	5					southern_only
2	59	6	2	53	5	0.935	matched
2	59	7	2	53	6	0.656	matched
2	59	8	2	53	7	0.822	matched
2	59	9					southern_only
2	59	10	2	53	8	0.807	matched
2	59	11					southern_only
2	59	12	2	53	9	0.759	matched
2	59	13	2	53	10	0.758	matched
2	59	14	2	53	11	0.68	matched
2	59	15	2	53	12	1.0	matched
2	59	16	2	53	13	0.675	matched
2	59	17	2	53	14	0.873	matched
2	59	18	2	53	15	0.845	matched
2	59	19	2	53	16	0.822	matched
2	59	20	2	53	17	0.844	matched
2	59	21	2	53	18	0.79	matched
2	59	22	2	53	19	0.744	matched
2	59	23	2	53	20	0.821	matched
2	59	24	2	53	21	0.756	matched
2	59	25	2	53	22	0.93	matched
2	59	26	2	53	23	0.733	matched
2	59	27	2	53	24	0.61	matched
2	59	28					southern_only
2	59	29					southern_only
2	59	30					southern_only
2	59	31					southern_only
2	59	32					southern_only
2	59	33	2	53	25	0.758	matched
2	59	34	2	53	26	1.0	matched
2	60	1	2	54	1	0.615	matched
2	60	2	2	54	2	0.727	matched
2	60	3	2	54	3	0.844	matched
2	60	4	2	54	4	0.88	matched
2	60	5	2	54	5	1.0	matched
2	60	6	2	54	6	0.767	matched
2	60	7	2	54	7	0.829	matched
2	60	8	2	54	8	0.767	matched
2	60	9	2	54	9	0.868	matched
2	60	10	2	54	10	0.548	matched
2	60	11	2	54	11	0.637	matched
2	60	12	2	54	12	0.729	matched
2	60	13					southern_only
2	60	14					southern_only
2	60	15					southern_only
2	60	16	2	54	13	0.716	matched
2	60	17	2	54	14	0.744	matched
2	60	18	2	54	15	0.857	matched
2	60	19	2	54	16	0.64	matched
2	60	20	2	54	17	0.93	matched
2	60	21	2	54	18	0.729	matched
2	60	22	2	54	19	0.955	matched
2	60	23	2	54	20	0.754	matched
2	61	1	2	55	1	1.0	matched
2	61	2	2	55	2	0.812	matched
2	61	3	2	55	3	1.0	matched
2	61	4	2	55	4	0.88	matched
2	61	5	2	55	5	0.742	matched
2	61	6	2	55	6	0.849	matched
2	61	7	2	55	7	0.886	matched
2	61	8	2	55	8	0.833	matched
2	61	9	2	55	9	0.935	matched
2	61	10					southern_only
2	61	11	2	55	10	0.738	matched
2	61	12					southern_only
2	61	13					southern_only
2	61	14					southern_only
2	61	15	2	55	11	0.78	matched
2	61	16	2	55	12	0.852	matched
2	61	17	2	55	13	0.8	matched
2	61	18	2	55	14	0.686	matched
2	61	19	2	55	15	0.833	matched
2	61	20					southern_only
2	61	21					southern_only
2	61	22	2	55	16	0.868	matched
2	61	23	2	55	17	0.88	matched
2	61	24	2	55	18	0.655	matched
2	61	25	2	55	19	0.765	matched
2	61	26	2	55	20	0.713	matched
2	61	27	2	55	21	0.839	matched
2	62	1	2	56	1	1.0	matched
2	62	2					southern_only
2	62	3					southern_only
2	62	4	2	56	2	0.863	matched
2	62	5					southern_only
2	62	6					southern_only
2	62	7	2	56	4	0.77	matched
2	62	8	2	56	5	0.914	matched
2	62	9	2	56	6	0.81	matched
2	62	10	2	56	7	0.778	matched
2	62	11	2	56	8	0.708	matched
2	62	12	2	56	9	0.766	matched
2	62	13	2	56	10	0.759	matched
2	62	14	2	56	11	0.934	matched
2	62	15	2	56	12	0.759	matched
2	62	16	2	56	13	0.69	matched
2	62	17					southern_only
2	62	18	2	56	14	0.675	matched
2	62	19	2	56	15	0.917	matched
2	62	20	2	56	16	0.849	matched
2	62	21	2	56	17	0.693	matched
2	63	1	2	57	1	0.88	matched
2	63	2	2	57	2	0.516	matched
2	63	3					southern_only
2	63	4	2	57	3	0.667	moved
2	63	5	2	57	3	0.391	fuzzy
2	63	6	2	57	4	0.831	matched
2	63	7	2	57	5	0.878	matched
2	63	8	2	57	6	0.678	matched
2	63	9					southern_only
2	63	10	2	57	7	0.611	matched
2	63	11	2	57	8	0.613	matched
2	63	12					southern_only
2	63	13					southern_only
2	63	14	2	57	10	1.0	matched
2	63	15	2	57	11	0.935	matched
2	63	16	2	57	12	0.886	matched
2	63	17					southern_only
2	63	18	2	57	13	0.659	matched
2	63	19					southern_only
2	63	20					southern_only
2	63	21	2	57	14	1.0	matched
2	63	22	2	57	15	0.756	matched
2	63	23					southern_only
2	63	24					southern_only
2	63	25					southern_only
2	63	26					southern_only
2	63	27					southern_only
2	63	28	2	57	18	0.46	fuzzy
2	63	29	2	57	19	0.81	matched
2	63	30	2	57	20	1.0	matched
2	63	31	2	57	21	0.685	matched
2	63	32	2	57	22	0.938	matched
2	63	33	2	57	23	0.73	matched
2	63	34	2	57	24	0.924	matched
2	63	35	2	57	25	0.72	matched
2	63	36	2	57	26	0.802	matched
2	63	37					southern_only
2	63	38	2	57	27	0.893	matched
2	63	39					southern_only
2	63	40	2	57	28	0.904	matched
2	63	41	2	57	29	0.765	matched
2	63	42	2	57	30	0.892	matched
2	63	43	2	57	31	0.928	matched
2	63	44	2	57	32	0.932	matched
2	63	45	2	57	33	0.651	matched
2	63	46	2	57	34	0.899	matched
2	63	47	2	57	35	0.878	matched
2	63	48	2	57	36	0.887	matched
2	63	49					southern_only
2	63	50					southern_only
2	63	51					southern_only
2	63	52					southern_only
2	63	53	2	57	37	0.827	matched
2	64	1					southern_only
2	64	2	2	58	1	0.716	matched
2	64	3	2	58	2	0.848	matched
2	64	4	2	58	3	0.936	matched
2	64	5	2	58	4	1.0	matched
2	64	6					southern_only
2	64	7	2	58	5	1.0	matched
2	64	8	2	58	6	0.886	matched
2	64	9	2	58	7	1.0	matched
2	64	10	2	58	8	0.697	matched
2	64	11	2	58	9	0.829	matched
2	64	12	2	58	10	0.902	matched
2	64	13	2	58	11	0.734	matched
2	64	14	2	58	12	0.624	matched
2	64	15	2	58	13	0.616	matched
2	64	16	2	58	14	0.802	matched
2	64	17	2	58	15	0.786	matched
2	64	18					southern_only
2	64	19	2	58	16	0.805	matched
2	64	20	2	58	17	0.753	matched
2	64	21					southern_only
2	64	22	2	58	18	0.546	matched
2	64	23	2	58	19	0.915	matched
2	64	24	2	58	20	1.0	matched
2	64	25					southern_only
2	64	26	2	58	21	0.564	matched
2	64	27	2	58	22	0.854	matched
2	64	28	2	58	23	0.827	matched
2	64	29	2	58	24	0.845	matched
2	64	30	2	58	25	0.77	matched
2	64	31	2	58	26	0.932	moved
2	64	32	2	58	26	0.919	matched
2	64	33	2	58	27	0.795	matched
2	64	34	2	58	28	0.638	matched
2	64	35	2	58	29	0.855	matched
2	64	36	2	58	30	1.0	matched
2	64	37	2	58	31	0.933	matched
2	64	38	2	58	32	0.838	matched
2	64	39	2	58	33	0.886	matched
2	64	40					southern_only
2	64	41	2	58	34	0.812	matched
2	64	42	2	58	35	0.852	matched
2	64	43	2	58	36	0.747	matched
2	64	44	2	58	37	0.613	matched
2	64	45	2	58	38	0.587	matched
2	64	46					southern_only
2	64	47	2	58	39	0.812	matched
2	64	48					southern_only
2	64	49					southern_only
2	64	50	2	58	41	0.889	matched
2	64	51	2	58	42	0.775	matched
2	64	52	2	58	43	0.873	matched
2	64	53	2	58	44	0.644	matched
2	64	54	2	58	45	0.885	matched
2	64	55	2	58	46	1.0	matched
2	64	56					southern_only
2	64	57					southern_only
2	64	58					southern_only
2	64	59					southern_only
2	64	60					southern_only
2	64	61	2	58	47	0.816	matched
2	64	62					southern_only
2	64	63					southern_only
2	64	64					southern_only
2	64	65					southern_only
2	64	66	2	58	49	0.9	matched
2	64	67	2	58	50	0.817	matched
2	64	68					southern_only
2	64	69	2	58	51	0.9	matched
2	64	70	2	58	52	0.819	matched
2	64	71	2	58	53	0.904	matched
2	64	72	2	58	54	1.0	matched
2	64	73					southern_only
2	64	74					southern_only
2	64	75	2	58	55	1.0	matched
2	64	76					southern_only
2	64	77					southern_only
2	64	78					southern_only
2	64	79	2	58	57	0.794	matched
2	65	1	2	59	1	0.793	matched
2	65	2					southern_only
2	65	3					southern_only
2	65	4					southern_only
2	65	5					southern_only
2	65	6					southern_only
2	65	7	2	59	2	1.0	matched
2	65	8	2	59	3	0.843	matched
2	65	9	2	59	4	0.8	matched
2	65	10					southern_only
2	65	11					southern_only
2	65	12	2	59	5	0.793	matched
2	65	13					southern_only
2	65	14					southern_only
2	65	15					southern_only
2	65	16					southern_only
2	65	17					southern_only
2	65	18					southern_only
2	65	19					southern_only
2	65	20					southern_only
2	65	21					southern_only
2	65	22	2	59	10	0.384	fuzzy
2	65	23					southern_only
2	65	24					southern_only
2	65	25					southern_only
2	65	26					southern_only
2	65	27					southern_only
2	65	28					southern_only
2	65	29	2	59	14	0.753	matched
2	66	1	2	60	1	0.812	matched
2	66	2	2	60	2	0.833	matched
2	66	3	2	60	3	0.934	matched
2	66	4	2	60	4	0.582	matched
2	66	5	2	60	5	0.831	matched
2	66	6	2	60	6	0.915	matched
2	66	7	2	60	7	0.805	matched
2	66	8					southern_only
2	66	9	2	60	8	0.573	matched
2	66	10	2	60	9	0.919	matched
2	66	11	2	60	10	0.561	matched
2	66	12					southern_only
2	66	13	2	60	11	0.94	matched
2	66	14	2	60	12	0.674	matched
2	66	15	2	60	13	0.89	matched
2	66	16	2	60	14	0.75	matched
2	66	17	2	60	15	0.901	matched
2	66	18					southern_only
2	66	19					southern_only
2	66	20					southern_only
2	66	21					southern_only
2	66	22					southern_only
2	66	23					southern_only
2	66	24	2	60	16	0.741	matched
2	66	25	2	60	17	0.87	matched
2	66	26					southern_only
2	66	27					southern_only
2	66	28	2	60	18	0.872	matched
2	66	29	2	60	19	0.875	matched
2	67	1					southern_only
2	67	2	2	61	1	0.885	matched
2	67	3	2	61	2	0.682	matched
2	67	4	2	61	3	0.802	matched
2	67	5	2	61	4	0.883	matched
2	67	6	2	61	5	0.647	matched
2	67	7	2	61	6	0.931	matched
2	67	8	2	61	7	0.747	matched
2	67	9	2	61	8	0.855	matched
2	67	10	2	61	9	0.766	matched
2	67	11	2	61	10	0.689	matched
2	67	12	2	61	11	0.971	matched
2	67	13	2	61	12	0.805	matched
2	67	14					southern_only
2	67	15	2	61	13	0.779	matched
2	67	16	2	61	14	0.895	matched
2	67	17					southern_only
2	67	18	2	61	15	0.868	matched
2	67	19	2	61	16	0.803	matched
2	67	20					southern_only
2	67	21					southern_only
2	67	22	2	61	17	0.868	matched
2	67	23	2	61	18	0.709	matched
2	67	24	2	61	19	0.808	matched
2	67	25					southern_only
2	67	26					southern_only
2	67	27					southern_only
2	67	28					southern_only
2	67	29	2	61	20	0.671	matched
2	67	30					southern_only
2	67	31	2	61	21	0.972	matched
2	67	32	2	61	22	0.793	matched
2	67	33					southern_only
2	67	34					southern_only
2	67	35					southern_only
2	67	36	2	61	23	0.706	matched
2	67	37	2	61	24	0.674	matched
2	67	38	2	61	25	0.933	matched
2	68	1	2	62	1	0.845	matched
2	68	2	2	62	2	0.882	matched
2	68	3	2	62	3	0.747	matched
2	68	4	2	62	4	0.726	matched
2	68	5	2	62	5	0.872	matched
2	68	6	2	62	6	0.649	matched
2	68	7	2	62	7	0.829	matched
2	68	8	2	62	8	0.933	matched
2	68	9	2	62	9	0.53	matched
2	68	10					southern_only
2	68	11					southern_only
2	68	12					southern_only
2	68	13	2	62	10	0.911	matched
2	68	14					southern_only
2	68	15	2	62	11	1.0	matched
2	68	16	2	62	12	1.0	matched
2	68	17					southern_only
2	68	18					southern_only
2	68	19					southern_only
2	68	20					southern_only
2	68	21	2	62	14	1.0	matched
2	68	22	2	62	15	0.767	matched
2	69	1	2	63	1	0.819	matched
2	69	2	2	63	2	0.837	matched
2	69	3	2	63	3	1.0	matched
2	69	4	2	63	4	0.74	matched
2	69	5	2	63	5	0.906	matched
2	69	6	2	63	6	0.935	matched
2	69	7	2	63	7	0.9	matched
2	69	8	2	63	8	0.897	matched
2	69	9	2	63	9	0.897	matched
2	69	10	2	63	10	0.604	matched
2	69	11	2	63	11	0.861	matched
2	69	12					southern_only
2	69	13	2	63	12	0.847	matched
2	69	14	2	63	13	0.897	matched
2	69	15	2	63	14	0.711	matched
2	69	16					southern_only
2	69	17	2	63	15	0.829	matched
2	69	18	2	63	16	0.564	matched
2	69	19					southern_only
2	69	20					southern_only
2	69	21	2	63	18	0.743	matched
2	70	1	2	64	1	0.847	matched
2	70	2	2	64	2	0.945	matched
2	70	3	2	64	3	0.827	matched
2	70	4					southern_only
2	70	5	2	64	4	0.722	matched
2	70	6	2	64	5	1.0	matched
2	70	7	2	64	6	0.849	matched
2	70	8	2	64	7	0.925	matched
2	70	9	2	64	8	0.934	matched
2	70	10	2	64	9	0.928	matched
2	70	11	2	64	10	0.602	matched
2	70	12					southern_only
2	70	13	2	64	11	0.659	matched
2	70	14	2	64	12	0.741	matched
2	70	15	2	64	13	0.889	matched
2	70	16	2	64	14	0.721	matched
2	70	17	2	64	15	0.756	matched
2	70	18	2	64	16	0.753	matched
2	70	19	2	64	17	0.805	matched
2	70	20	2	64	18	0.933	matched
2	70	21	2	64	19	0.739	matched
2	70	22	2	64	20	0.919	matched
2	70	23	2	64	21	0.688	matched
2	70	24	2	64	22	0.802	moved
2	70	25					southern_only
2	70	26					southern_only
2	70	27					southern_only
2	70	28	2	64	22	0.908	matched
2	70	29	2	64	23	0.742	matched
2	70	30	2	64	24	0.595	matched
2	71	1					southern_only
2	71	2	2	65	1	0.481	fuzzy
2	71	3	2	65	2	0.932	matched
2	71	4	2	65	3	0.904	matched
2	71	5					southern_only
2	71	6	2	65	4	0.878	matched
2	71	7	2	65	5	0.785	matched
2	71	8	2	65	6	0.606	matched
2	71	9					southern_only
2	71	10					southern_only
2	71	11	2	65	7	0.881	matched
2	71	12	2	65	8	0.947	matched
2	71	13	2	65	9	0.744	matched
2	71	14	2	65	10	0.626	matched
2	71	15	2	65	11	0.613	matched
2	71	16					southern_only
2	71	17					southern_only
2	71	18					southern_only
2	71	19					southern_only
2	71	20					southern_only
2	71	21					southern_only
2	71	22					southern_only
2	71	23					southern_only
2	71	24					southern_only
2	71	25					southern_only
2	71	26					southern_only
2	71	27					southern_only
2	71	28					southern_only
2	71	29					southern_only
2	71	30					southern_only
2	71	31					southern_only
2	71	32					southern_only
2	71	33					southern_only
2	71	34					southern_only
2	71	35					southern_only
2	71	36					southern_only
2	71	37					southern_only
2	71	38					southern_only
2	71	39					southern_only
2	71	40					southern_only
2	71	41					southern_only
2	71	42					southern_only
2	71	43					southern_only
2	71	44	2	65	25	0.881	matched
2	71	45					southern_only
2	71	46	2	65	26	0.492	fuzzy
2	71	47	2	65	27	0.819	matched
2	72	1	2	66	1	0.775	matched
2	72	2	2	66	2	1.0	matched
2	72	3	2	66	3	0.777	matched
2	72	4	2	66	4	0.987	matched
2	72	5	2	66	5	0.606	matched
2	72	6	2	66	6	0.721	matched
2	72	7	2	66	7	0.866	matched
2	72	8	2	66	8	0.663	matched
2	72	9	2	66	9	0.802	matched
2	72	10	2	66	10	0.515	matched
2	72	11	2	66	11	0.774	matched
2	72	12	2	66	12	0.689	matched
2	72	13	2	66	13	0.857	matched
2	72	14	2	66	14	0.641	matched
2	72	15					southern_only
2	72	16	2	66	15	0.696	matched
2	72	17					southern_only
2	72	18	2	66	16	0.932	matched
2	72	19					southern_only
2	72	20					southern_only
2	72	21					southern_only
2	72	22					southern_only
2	72	23	2	66	18	0.351	fuzzy
2	72	24	2	66	19	0.909	matched
2	72	25					southern_only
2	72	26	2	66	20	0.685	matched
2	72	27	2	66	21	0.785	matched
2	72	28	2	66	22	0.831	matched
2	72	29	2	66	23	0.802	matched
2	72	30	2	66	24	1.0	matched
2	72	31	2	66	25	0.862	matched
2	72	32	2	66	26	0.859	matched
2	72	33	2	66	27	0.934	matched
2	72	34					southern_only
2	72	35					southern_only
2	72	36	2	66	29	0.463	fuzzy
2	72	37	2	66	30	0.892	matched
2	72	38	2	66	31	0.833	matched
2	72	39	2	66	32	0.736	matched
2	72	40	2	66	33	0.789	matched
2	72	41	2	66	34	0.935	matched
2	72	42	2	66	35	0.818	matched
2	72	43	2	66	36	0.657	matched
2	72	44	2	66	37	0.659	matched
2	72	45	2	66	38	0.724	matched
2	72	46	2	66	39	0.835	matched
2	72	47					southern_only
2	72	48	2	66	37	0.583	moved
2	72	49					southern_only
2	72	50					southern_only
2	72	51					southern_only
2	72	52					southern_only
2	72	53					southern_only
2	72	54	2	66	45	0.624	matched
2	73	1	2	67	1	0.831	matched
2	73	2	2	67	2	0.756	matched
2	73	3	2	67	3	0.937	matched
2	73	4	2	67	4	0.867	matched
2	73	5					southern_only
2	73	6					southern_only
2	73	7					southern_only
2	73	8	2	67	5	0.935	matched
2	73	9	2	67	6	0.747	matched
2	73	10	2	67	7	1.0	matched
2	73	11	2	67	8	0.934	matched
2	73	12	2	67	9	0.932	matched
2	73	13	2	67	10	0.645	matched
2	73	14	2	67	11	1.0	matched
2	73	15	2	67	12	0.744	matched
2	73	16	2	67	13	0.783	matched
2	73	17	2	67	14	0.544	matched
2	73	18					southern_only
2	73	19					southern_only
2	73	20					southern_only
2	73	21					southern_only
2	73	22					southern_only
2	73	23					southern_only
2	73	24					southern_only
2	73	25					southern_only
2	73	26					southern_only
2	73	27					southern_only
2	73	28	2	67	15	0.59	matched
2	74	1	2	68	1	0.783	matched
2	74	2	2	68	2	0.899	matched
2	74	3	2	68	3	0.652	matched
2	74	4	2	68	4	0.854	matched
2	74	5	2	68	5	1.0	matched
2	74	6	2	68	6	0.711	matched
2	74	7	2	68	7	0.768	matched
2	74	8	2	68	8	0.724	matched
2	74	9	2	68	9	0.936	matched
2	74	10	2	68	10	0.807	matched
2	74	11	2	68	11	0.88	matched
2	74	12	2	68	12	0.901	matched
2	74	13	2	68	13	0.942	matched
2	74	14	2	68	14	0.733	matched
2	74	15	2	68	15	0.886	matched
2	74	16	2	68	16	0.882	matched
2	74	17	2	68	17	0.821	matched
2	74	18					southern_only
2	74	19					southern_only
2	74	20	2	68	18	0.918	matched
2	74	21	2	68	19	0.611	matched
2	74	22	2	68	20	0.787	matched
2	74	23	2	68	21	0.685	matched
2	74	24	2	68	22	0.852	matched
2	74	25	2	68	23	0.859	matched
2	74	26					southern_only
2	74	27					southern_only
2	74	28	2	68	24	0.909	matched
2	74	29	2	68	25	0.793	matched
2	74	30	2	68	26	0.705	matched
2	74	31	2	68	27	1.0	matched
2	74	32					southern_only
2	74	33					southern_only
2	74	34					southern_only
2	74	35	2	68	28	0.882	matched
2	74	36	2	68	29	0.704	matched
2	75	1					southern_only
2	75	2					southern_only
2	75	3					southern_only
2	75	4					southern_only
2	75	5	2	69	1	0.909	matched
2	75	6	2	69	2	0.91	matched
2	75	7	2	69	3	0.833	matched
2	75	8	2	69	4	0.656	matched
2	75	9	2	69	5	0.943	matched
2	75	10					southern_only
2	75	11	2	69	6	0.636	matched
2	75	12	2	69	7	1.0	matched
2	75	13	2	69	8	0.838	matched
2	75	14	2	69	9	0.791	matched
2	75	15	2	69	10	0.786	matched
2	75	16	2	69	11	0.899	matched
2	75	17					southern_only
2	75	18					southern_only
2	75	19	2	69	12	0.805	matched
2	75	20	2	69	13	0.895	matched
2	75	21	2	69	14	0.731	matched
2	75	22	2	69	15	0.854	matched
2	75	23	2	69	16	0.632	matched
2	75	24	2	69	17	0.78	matched
2	75	25	2	69	18	0.63	matched
2	75	26	2	69	19	0.811	matched
2	75	27	2	69	20	0.78	matched
2	75	28	2	69	21	0.756	matched
2	75	29					southern_only
2	75	30	2	69	22	0.556	matched
2	75	31					southern_only
2	75	32					southern_only
2	75	33					southern_only
2	75	34	2	69	23	0.656	matched
2	75	35					southern_only
2	75	36					southern_only
2	75	37	2	69	24	1.0	matched
2	75	38					southern_only
2	75	39					southern_only
2	75	40					southern_only
2	75	41					southern_only
2	75	42					southern_only
2	75	43					southern_only
2	75	44	2	69	25	0.756	matched
2	75	45	2	69	26	1.0	matched
2	75	46	2	69	27	0.795	matched
2	75	47	2	69	28	0.713	matched
2	75	48					southern_only
2	75	49					southern_only
2	75	50					southern_only
2	75	51					southern_only
2	75	52					southern_only
2	75	53					southern_only
2	75	54					southern_only
2	75	55					southern_only
2	75	56					southern_only
2	75	57					southern_only
2	75	58					southern_only
2	75	59	2	69	29	0.782	matched
2	75	60	2	69	30	1.0	matched
2	75	61	2	69	31	1.0	matched
2	75	62	2	69	32	0.8	matched
2	75	63					southern_only
2	75	64	2	69	33	0.833	matched
2	75	65	2	69	34	0.93	matched
2	76	1	2	70	1	1.0	matched
2	76	2	2	70	2	1.0	matched
2	76	3	2	70	3	0.899	matched
2	76	4	2	70	4	1.0	matched
2	76	5	2	70	5	0.678	matched
2	76	6	2	70	6	1.0	matched
2	76	7	2	70	7	0.827	matched
2	76	8	2	70	8	0.812	matched
2	76	9	2	70	9	0.875	matched
2	76	10	2	70	10	0.89	matched
2	76	11	2	70	11	0.762	matched
2	76	12	2	70	12	0.702	matched
2	76	13	2	70	13	0.491	fuzzy
2	76	14	2	70	14	0.741	matched
2	76	15	2	70	15	0.778	matched
2	76	16	2	70	16	0.81	matched
2	76	17	2	70	17	0.697	matched
2	76	18	2	70	18	0.84	matched
2	76	19	2	70	19	0.719	matched
2	76	20	2	70	20	0.702	matched
2	76	21	2	70	21	0.893	matched
2	76	22	2	70	22	0.821	matched
2	76	23	2	70	23	0.75	matched
2	77	1	2	71	1	0.573	matched
2	77	2	2	71	2	0.373	fuzzy
2	77	3					southern_only
2	77	4					southern_only
2	77	5					southern_only
2	77	6					southern_only
2	77	7					southern_only
2	77	8					southern_only
2	77	9					southern_only
2	77	10					southern_only
2	77	11					southern_only
2	77	12					southern_only
2	77	13					southern_only
2	77	14					southern_only
2	77	15					southern_only
2	77	16					southern_only
2	77	17					southern_only
2	77	18	2	71	18	0.444	fuzzy
2	77	19					southern_only
2	77	20					southern_only
2	77	21					southern_only
2	77	22	2	71	21	0.36	fuzzy
2	77	23					southern_only
2	77	24					southern_only
2	77	25					southern_only
2	77	26	2	71	25	0.543	matched
2	78	1	2	72	1	0.831	matched
2	78	2	2	72	2	0.89	matched
2	78	3	2	72	3	0.817	matched
2	78	4	2	72	4	0.944	matched
2	78	5	2	72	5	0.812	matched
2	78	6					southern_only
2	78	7					southern_only
2	78	8	2	72	7	0.939	matched
2	78	9	2	72	8	0.687	matched
2	78	10	2	72	9	0.73	matched
2	78	11	2	72	10	0.841	matched
2	78	12	2	72	11	0.822	matched
2	78	13	2	72	12	0.905	matched
2	78	14	2	72	13	0.756	matched
2	78	15	2	72	14	0.916	matched
2	78	16	2	72	15	0.934	matched
2	78	17	2	72	16	0.7	matched
2	78	18	2	72	17	1.0	matched
2	78	19	2	72	18	0.901	matched
2	78	20	2	72	19	0.777	matched
2	78	21	2	72	20	1.0	matched
2	78	22	2	72	21	0.861	matched
2	78	23	2	72	22	0.88	matched
2	78	24	2	72	23	0.747	matched
2	78	25	2	72	24	0.933	matched
2	78	26	2	72	25	1.0	matched
2	79	1	2	73	1	0.805	matched
2	79	2	2	73	2	0.807	matched
2	79	3	2	73	3	0.833	matched
2	79	4	2	73	4	0.838	matched
2	79	5	2	73	5	0.87	matched
2	79	6	2	73	6	0.908	matched
2	79	7	2	73	7	0.798	matched
2	79	8	2	73	8	0.897	matched
2	79	9	2	73	9	1.0	matched
2	79	10	2	73	10	0.821	matched
2	79	11	2	73	11	0.756	matched
2	79	12	2	73	12	0.802	matched
2	79	13	2	73	13	0.855	matched
2	79	14	2	73	14	0.938	matched
2	79	15	2	73	15	0.824	matched
2	79	16	2	73	16	0.795	matched
2	79	17	2	73	17	0.879	matched
2	80	1	2	74	1	0.833	matched
2	80	2	2	74	2	0.859	matched
2	80	3	2	74	3	0.851	matched
2	80	4	2	74	4	0.793	matched
2	80	5	2	74	5	0.805	matched
2	80	6	2	74	6	0.59	matched
2	80	7	2	74	7	0.636	matched
2	80	8	2	74	8	0.919	matched
2	80	9	2	74	9	0.82	matched
2	80	10	2	74	10	0.705	matched
2	80	11	2	74	11	0.574	matched
2	80	12					southern_only
2	80	13	2	74	12	0.889	matched
2	80	14	2	74	13	0.703	matched
2	80	15	2	74	14	0.728	matched
2	80	16	2	74	15	0.609	matched
2	80	17	2	74	16	1.0	matched
2	80	18	2	74	17	0.699	matched
2	80	19	2	74	18	1.0	matched
2	80	20	2	74	19	0.519	matched
2	80	21	2	74	20	0.93	matched
2	80	22	2	74	21	0.929	matched
2	81	1	2	75	1	0.813	matched
2	81	2	2	75	2	0.699	matched
2	81	3	2	75	3	0.911	matched
2	81	4	2	75	4	0.677	matched
2	81	5	2	75	5	0.935	matched
2	81	6	2	75	6	0.829	matched
2	81	7					southern_only
2	81	8	2	75	7	0.831	matched
2	81	9	2	75	8	1.0	matched
2	81	10	2	75	9	0.935	matched
2	81	11	2	75	10	0.833	matched
2	81	12	2	75	11	0.845	matched
2	81	13					southern_only
2	81	14	2	75	12	0.547	matched
2	81	15	2	75	13	0.825	matched
2	81	16	2	75	14	0.927	matched
2	82	1	2	76	1	1.0	matched
2	82	2	2	76	2	0.821	moved
2	82	3	2	76	2	0.38	fuzzy
2	82	4	2	76	3	0.761	matched
2	82	5	2	76	4	0.89	matched
2	82	6	2	76	5	0.753	matched
2	82	7	2	76	6	0.8	matched
2	82	8	2	76	7	0.651	matched
2	82	9	2	76	8	0.736	matched
2	82	10	2	76	9	0.875	matched
2	82	11	2	76	10	1.0	matched
2	82	12	2	76	11	0.727	matched
2	82	13	2	76	12	0.772	matched
2	82	14	2	76	13	1.0	matched
2	82	15	2	76	14	0.783	matched
2	82	16	2	76	15	0.842	matched
2	82	17	2	76	16	0.926	matched
2	82	18	2	76	17	0.681	matched
2	82	19	2	76	18	0.883	matched
2	82	20					southern_only
2	82	21	2	76	19	0.75	matched
2	82	22	2	76	20	0.911	matched
2	82	23	2	76	21	0.667	matched
2	82	24	2	76	22	0.936	matched
2	82	25	2	76	23	0.776	matched
2	82	26	2	76	24	0.708	matched
2	82	27	2	76	25	0.653	matched
2	82	28	2	76	26	0.938	matched
2	82	29	2	76	27	0.895	matched
2	82	30	2	76	28	0.722	matched
2	82	31	2	76	29	0.847	matched
2	82	32	2	76	30	0.821	matched
2	83	1	2	77	1	0.894	matched
2	83	2	2	77	2	0.816	matched
2	83	3	2	77	3	1.0	matched
2	83	4	2	77	4	0.937	matched
2	83	5	2	77	5	0.899	matched
2	83	6	2	77	6	0.932	matched
2	83	7	2	77	7	0.716	matched
2	83	8	2	77	8	1.0	matched
2	83	9	2	77	9	1.0	matched
2	83	10	2	77	10	0.653	matched
2	83	11	2	77	11	0.838	matched
2	83	12	2	77	12	0.695	matched
2	83	13	2	77	13	0.743	matched
2	83	14	2	77	14	0.724	matched
2	83	15	2	77	15	0.708	matched
2	83	16	2	77	16	0.9	matched
2	83	17	2	77	17	0.7	matched
2	83	18	2	77	18	0.39	fuzzy
2	83	19					southern_only
2	83	20					southern_only
2	83	21					southern_only
2	83	22	2	77	19	0.835	matched
2	83	23	2	77	20	1.0	matched
2	83	24	2	77	21	0.761	matched
2	83	25	2	77	22	0.515	matched
2	83	26	2	77	23	0.92	matched
2	84	1	2	78	1	0.723	matched
2	84	2	2	78	2	0.644	matched
2	84	3					southern_only
2	84	4					southern_only
2	84	5					southern_only
2	84	6	2	78	5	0.722	matched
2	84	7	2	78	6	0.835	matched
2	84	8	2	78	7	0.867	matched
2	84	9	2	78	8	0.607	matched
2	84	10	2	78	9	0.765	matched
2	84	11	2	78	10	0.854	matched
2	84	12	2	78	11	0.84	matched
2	84	13	2	78	12	0.938	matched
2	84	14	2	78	13	0.89	matched
2	84	15	2	78	14	0.811	matched
2	84	16	2	78	15	0.651	matched
2	84	17	2	78	16	0.855	matched
2	84	18	2	78	17	0.835	matched
2	85	1	2	79	1	1.0	matched
2	85	2	2	79	2	0.729	matched
2	85	3	2	79	3	0.863	matched
2	85	4	2	79	4	0.848	matched
2	85	5	2	79	5	0.9	matched
2	85	6	2	79	6	0.778	matched
2	85	7	2	79	7	0.825	matched
2	85	8	2	79	8	1.0	matched
2	85	9	2	79	9	0.89	matched
2	85	10	2	79	10	1.0	matched
2	85	11	2	79	11	0.932	matched
2	85	12	2	79	12	0.644	matched
2	85	13	2	79	13	0.75	matched
2	85	14	2	79	14	0.935	matched
2	85	15	2	79	15	1.0	matched
2	85	16	2	79	16	0.841	matched
2	85	17	2	79	17	0.838	matched
2	85	18	2	79	18	0.761	matched
2	85	19	2	79	19	0.875	matched
2	85	20	2	79	20	0.753	matched
2	85	21					southern_only
2	85	22	2	79	21	0.817	matched
2	86	1	2	80	1	0.848	matched
2	86	2	2	80	2	0.815	matched
2	86	3	2	80	3	0.948	matched
2	86	4	2	80	4	0.65	matched
2	86	5	2	80	5	0.782	matched
2	86	6	2	45	5	0.797	moved
2	86	7	2	80	7	0.938	matched
2	86	8	2	80	8	0.663	matched
2	86	9	2	80	9	0.944	matched
2	86	10	2	80	10	1.0	matched
2	86	11	2	80	11	0.935	matched
2	86	12	2	80	12	0.805	matched
2	86	13	2	80	13	1.0	matched
2	86	14	2	80	14	0.803	matched
2	86	15	2	80	15	0.84	matched
2	86	16	2	80	16	0.934	matched
2	86	17	2	80	17	1.0	matched
2	86	18	2	80	18	0.94	matched
2	86	19	2	80	19	1.0	matched
2	86	20	2	80	20	0.875	matched
2	86	21	2	80	21	0.78	matched
2	86	22	2	80	22	1.0	matched
2	86	23	2	80	23	0.833	matched
2	86	24	2	80	24	1.0	matched
2	86	25	2	80	25	0.822	matched
2	87	1	2	81	1	0.785	matched
2	87	2	2	81	2	0.841	matched
2	87	3	2	81	3	1.0	matched
2	87	4					southern_only
2	87	5	2	81	4	0.822	matched
2	87	6	2	81	5	1.0	matched
2	87	7	2	81	6	0.753	matched
2	87	8	2	81	7	0.907	matched
2	87	9	2	81	8	0.805	matched
2	87	10	2	81	9	0.909	matched
2	87	11	2	81	10	0.897	matched
2	87	12	2	81	11	0.89	matched
2	87	13	2	81	12	0.82	matched
2	87	14	2	81	13	0.8	matched
2	87	15	2	81	14	0.659	matched
2	87	16	2	81	15	1.0	matched
2	87	17	2	81	16	1.0	matched
2	87	18	2	81	17	0.932	matched
2	87	19	2	81	18	0.694	matched
2	87	20	2	81	19	0.904	matched
2	87	21	2	81	20	0.897	matched
2	87	22	2	81	21	0.797	matched
2	87	23	2	81	22	0.844	matched
2	87	24	2	81	23	0.683	matched
2	88	1	2	82	1	0.892	matched
2	88	2	2	82	2	0.811	matched
2	88	3	2	82	3	0.873	matched
2	88	4	2	82	4	0.756	matched
2	88	5	2	82	5	0.779	matched
2	88	6	2	82	6	0.787	matched
2	88	7					southern_only
2	88	8	2	82	7	0.847	matched
2	88	9	2	82	8	0.909	matched
2	88	10	2	82	9	0.91	matched
2	88	11	2	82	10	0.802	matched
2	88	12	2	82	11	1.0	matched
2	88	13	2	82	12	1.0	matched
2	88	14	2	82	13	0.932	matched
2	88	15	2	82	14	0.931	matched
2	88	16	2	82	15	1.0	matched
2	88	17					southern_only
2	88	18	2	82	16	0.824	matched
2	88	19	2	82	17	0.882	matched
2	88	20					southern_only
2	88	21	2	82	18	0.786	matched
2	88	22	2	82	19	0.823	matched
2	88	23	2	82	20	0.644	matched
2	88	24	2	82	21	1.0	matched
2	88	25	2	82	22	0.852	matched
2	88	26	2	82	23	0.848	matched
2	88	27	2	82	24	0.88	matched
2	88	28	2	82	25	0.77	matched
2	88	29	2	82	26	0.583	matched
2	88	30					southern_only
2	89	1	2	83	1	0.904	matched
2	89	2	2	83	2	0.826	matched
2	89	3	2	83	3	0.811	matched
2	89	4	2	83	4	1.0	matched
2	89	5	2	83	5	0.909	matched
2	89	6	2	83	6	0.817	matched
2	89	7	2	83	7	0.866	matched
2	89	8	2	83	8	1.0	matched
2	89	9	2	83	9	1.0	matched
2	89	10	2	83	10	0.802	matched
2	89	11	2	83	11	0.899	matched
2	89	12	2	83	12	1.0	matched
2	89	13	2	83	13	0.793	matched
2	89	14	2	83	14	0.618	matched
2	89	15	2	83	15	0.783	matched
2	89	16	2	83	16	0.9	matched
2	89	17	2	83	17	0.892	matched
2	89	18	2	83	18	1.0	matched
2	89	19	2	83	19	0.861	matched
2	89	20	2	83	20	0.469	fuzzy
2	89	21	2	83	21	1.0	matched
2	89	22	2	83	22	0.913	matched
2	89	23					southern_only
2	90	1	2	84	1	0.929	matched
2	90	2	2	84	2	0.911	matched
2	90	3	2	84	3	0.759	matched
2	90	4	2	84	4	0.769	matched
2	90	5	2	84	5	0.958	matched
2	90	6	2	84	6	0.918	matched
2	90	7	2	84	7	0.893	matched
2	90	8	2	84	8	0.689	matched
2	90	9	2	84	9	0.786	matched
2	90	10	2	84	10	0.934	matched
2	90	11	2	84	11	0.851	matched
2	90	12	2	84	12	0.762	matched
2	90	13	2	84	13	0.785	matched
2	90	14	2	84	14	1.0	matched
2	90	15	2	84	15	0.821	matched
2	90	16	2	84	16	0.787	matched
2	90	17	2	84	17	0.936	matched
2	90	18	2	84	18	1.0	matched
2	90	19					southern_only
2	90	20	2	84	19	0.553	matched
2	90	21	2	84	20	0.711	matched
2	90	22					southern_only
2	90	23	2	84	21	0.528	matched
2	90	24	2	84	22	0.71	matched
2	91	1	2	85	1	0.897	matched
2	91	2	2	85	2	0.722	matched
2	91	3	2	85	3	0.795	matched
2	91	4	2	85	4	0.742	matched
2	91	5	2	85	5	0.652	matched
2	91	6	2	85	6	0.649	matched
2	91	7					southern_only
2	91	8	2	85	7	0.753	matched
2	91	9	2	85	8	0.671	matched
2	91	10	2	85	9	0.89	matched
2	91	11	2	85	10	0.878	matched
2	91	12	2	85	11	0.91	matched
2	91	13					southern_only
2	91	14	2	85	12	0.808	matched
2	91	15	2	85	13	0.744	matched
2	91	16	2	85	14	0.8	matched
2	91	17					southern_only
2	91	18	2	85	15	0.481	fuzzy
2	91	19	2	85	16	0.84	matched
2	91	20	2	85	17	1.0	matched
2	91	21	2	85	18	0.922	matched
2	91	22	2	85	19	0.769	matched
2	91	23	2	85	20	0.75	matched
2	91	24	2	85	21	0.773	matched
2	91	25	2	85	22	0.824	matched
2	91	26	2	85	23	0.697	matched
2	91	27	2	85	24	0.833	matched
2	91	28	2	85	25	1.0	matched
2	91	29	2	85	26	0.869	matched
2	91	30	2	85	27	0.756	matched
2	91	31	2	85	28	0.812	matched
2	91	32	2	85	29	0.787	matched
2	91	33	2	85	30	0.872	matched
2	91	34	2	85	31	0.933	matched
2	91	35	2	85	32	0.705	matched
2	91	36	2	85	33	1.0	matched
2	91	37	2	85	34	0.77	matched
2	91	38	2	85	35	0.833	matched
2	91	39	2	85	36	0.857	matched
2	91	40	2	85	37	0.802	matched
2	91	41	2	85	38	0.896	matched
2	91	42	2	85	39	0.788	matched
2	91	43	2	85	40	0.765	matched
2	91	44	2	85	41	1.0	matched
2	91	45	2	85	42	0.883	matched
2	91	46	2	85	43	0.841	matched
2	91	47	2	85	44	0.821	matched
2	91	48	2	85	45	1.0	matched
2	91	49	2	85	46	0.793	matched
2	91	50	2	85	47	0.724	matched
2	91	51					southern_only
2	91	52					southern_only
2	91	53	2	85	49	0.457	fuzzy
2	91	54	2	85	50	0.821	matched
2	91	55	2	85	51	0.934	matched
2	91	56					southern_only
2	91	57	2	85	52	0.533	matched
2	91	58	2	85	53	0.889	matched
2	91	59	2	85	54	0.85	matched
2	91	60	2	85	55	0.818	matched
2	91	61	2	85	56	0.77	matched
2	91	62	2	85	57	0.63	matched
2	91	63					southern_only
2	91	64	2	85	58	0.791	matched
2	91	65	2	85	59	0.571	matched
2	91	66	2	85	60	0.544	matched
2	91	67	2	85	61	0.741	matched
2	91	68	2	85	62	0.699	matched
2	91	69	2	85	63	0.809	matched
2	91	70	2	85	64	0.8	matched
2	91	71	2	85	65	0.789	matched
2	91	72	2	85	66	0.625	matched
2	91	73	2	85	67	0.504	matched
2	91	74	2	85	68	0.819	moved
2	91	75	2	85	68	0.899	matched
2	91	76	2	85	69	0.606	matched
2	91	77	2	85	70	0.663	matched
2	91	78	2	85	71	0.819	matched
2	91	79	2	85	72	0.7	matched
2	91	80	2	85	73	0.674	matched
2	91	81	2	85	74	0.918	matched
2	91	82	2	85	75	0.932	matched
2	91	83	2	85	76	0.66	matched
2	91	84	2	85	77	0.754	matched
2	92	1	2	86	1	0.771	matched
2	92	2	2	86	2	0.859	matched
2	92	3	2	86	3	0.674	matched
2	92	4	2	86	4	0.873	matched
2	92	5	2	86	5	0.714	matched
2	92	6	2	86	6	0.741	matched
2	92	7	2	86	7	0.75	matched
2	92	8	2	86	8	1.0	matched
2	92	9	2	86	9	0.89	matched
2	92	10	2	86	10	0.741	matched
2	92	11	2	86	11	0.849	matched
2	92	12	2	86	12	0.699	matched
2	92	13	2	86	13	0.528	matched
2	92	14	2	86	14	0.585	matched
2	92	15	2	86	15	0.812	matched
2	92	16	2	86	16	1.0	matched
2	92	17	2	86	17	0.802	matched
2	92	18	2	86	18	0.783	matched
2	92	19	2	86	19	0.895	matched
2	92	20	2	86	20	1.0	matched
2	92	21	2	86	21	1.0	matched
2	92	22	2	86	22	0.747	matched
2	92	23	2	86	23	0.902	matched
2	92	24	2	86	24	0.812	matched
2	92	25					southern_only
2	92	26	2	86	25	0.617	matched
2	92	27	2	86	26	0.694	matched
2	92	28	2	86	27	0.897	matched
2	92	29	2	86	28	0.833	matched
2	92	30					southern_only
2	92	31	2	86	29	0.918	matched
2	92	32	2	86	30	0.855	matched
2	92	33	2	86	31	0.84	matched
2	92	34	2	86	32	0.861	matched
2	92	35	2	86	33	0.816	matched
2	92	36	2	86	34	0.778	matched
2	92	37	2	86	35	0.54	matched
2	92	38					southern_only
2	92	39	2	86	36	1.0	matched
2	92	40					southern_only
2	93	1	2	87	1	1.0	matched
2	93	2	2	87	2	0.725	matched
2	93	3	2	87	3	0.886	matched
2	93	4	2	87	4	0.721	matched
2	93	5	2	87	5	0.81	matched
2	93	6	2	87	6	1.0	matched
2	93	7	2	87	7	1.0	matched
2	93	8	2	87	8	0.8	matched
2	93	9	2	87	9	0.887	matched
2	93	10	2	87	10	0.877	matched
2	93	11	2	87	11	0.773	matched
2	93	12	2	87	12	0.815	matched
2	93	13	2	87	13	0.938	matched
2	93	14	2	87	14	0.733	matched
2	93	15	2	87	15	0.917	matched
2	93	16	2	87	16	0.798	matched
2	93	17	2	87	17	1.0	matched
2	93	18	2	87	18	0.92	matched
2	93	19	2	87	19	1.0	matched
2	93	20	2	87	20	1.0	matched
2	93	21	2	87	21	0.852	matched
2	93	22	2	87	22	0.791	matched
2	93	23	2	87	23	0.841	matched
2	93	24	2	87	24	0.711	matched
2	93	25	2	87	25	0.79	matched
2	93	26	2	87	26	0.848	matched
2	93	27	2	87	27	0.954	matched
2	94	1	2	88	1	0.739	matched
2	94	2	2	88	2	0.895	matched
2	94	3	2	88	3	1.0	matched
2	94	4	2	88	4	0.758	matched
2	94	5	2	88	5	0.805	matched
2	94	6	2	88	6	0.566	matched
2	94	7	2	88	7	0.897	matched
2	94	8	2	88	8	0.804	matched
2	94	9	2	88	9	0.875	matched
2	94	10	2	88	10	0.77	matched
2	94	11	2	88	11	0.742	matched
2	94	12	2	88	12	0.761	matched
2	94	13	2	88	13	0.907	matched
2	94	14	2	88	14	1.0	matched
2	94	15	2	88	15	0.767	matched
2	94	16	2	88	16	0.932	matched
2	94	17	2	88	17	0.859	matched
2	94	18	2	88	18	1.0	matched
2	94	19	2	88	19	0.875	matched
2	94	20	2	88	20	0.868	matched
2	94	21	2	88	21	0.841	matched
2	94	22	2	88	22	0.928	matched
2	94	23	2	88	23	0.706	matched
2	94	24	2	88	24	0.747	matched
2	94	25	2	88	25	0.793	matched
2	94	26	2	88	26	0.617	matched
2	94	27	2	88	27	0.869	matched
2	95	1	2	89	1	0.77	matched
2	95	2	2	89	2	0.868	matched
2	95	3	2	89	3	1.0	matched
2	95	4	2	89	4	0.899	matched
2	95	5	2	89	5	0.931	matched
2	95	6	2	89	6	0.698	matched
2	95	7	2	89	7	0.848	matched
2	95	8	2	89	8	0.833	matched
2	95	9	2	89	9	0.821	matched
2	95	10	2	89	10	0.897	matched
2	95	11	2	89	11	0.688	matched
2	95	12	2	89	12	0.89	matched
2	95	13	2	89	13	0.759	matched
2	95	14	2	89	14	1.0	matched
2	95	15	2	89	15	1.0	matched
2	95	16	2	89	16	0.795	matched
2	95	17	2	89	17	0.701	matched
2	95	18	2	89	18	0.938	matched
2	95	19	2	89	19	0.915	matched
2	96	1					southern_only
2	96	2					southern_only
2	96	3	2	90	1	0.632	matched
2	96	4	2	90	2	1.0	matched
2	96	5	2	90	3	0.905	matched
2	96	6	2	90	4	0.904	matched
2	96	7	2	90	5	0.681	matched
2	96	8					southern_only
2	96	9	2	90	6	0.631	matched
2	96	10					southern_only
2	96	11	2	90	7	1.0	matched
2	96	12	2	90	8	0.939	matched
2	96	13	2	90	9	0.88	matched
2	96	14	2	90	10	0.795	matched
2	96	15	2	90	11	0.851	matched
2	96	16	2	90	12	0.84	matched
2	96	17	2	90	13	0.792	matched
2	96	18	2	90	14	1.0	matched
2	96	19	2	90	15	0.861	matched
2	96	20					southern_only
2	96	21					southern_only
2	96	22	2	90	18	0.619	matched
2	96	23					southern_only
2	96	24	2	90	19	0.365	fuzzy
2	96	25	2	90	20	0.939	matched
2	96	26	2	90	21	0.932	matched
2	96	27	2	90	22	0.75	matched
2	96	28	2	90	23	0.708	matched
2	96	29	2	90	24	0.753	matched
2	96	30	2	90	25	0.788	matched
2	97	1	2	91	1	0.698	matched
2	97	2	2	91	2	0.903	matched
2	97	3					southern_only
2	97	4					southern_only
2	97	5					southern_only
2	97	6					southern_only
2	97	7					southern_only
2	97	8					southern_only
2	97	9					southern_only
2	97	10					southern_only
2	97	11					southern_only
2	97	12					southern_only
2	97	13	2	91	3	0.663	matched
2	97	14	2	91	4	0.818	matched
2	97	15	2	91	5	0.887	matched
2	97	16	2	91	6	0.896	matched
2	97	17	2	91	7	0.912	matched
2	97	18	2	91	8	0.812	matched
2	97	19	2	91	9	0.788	matched
2	97	20					southern_only
2	97	21	2	91	10	0.937	matched
2	97	22					southern_only
2	97	23					southern_only
2	97	24	2	91	12	0.877	matched
2	97	25	2	91	13	0.895	matched
2	97	26					southern_only
2	97	27					southern_only
2	97	28	2	91	14	0.94	matched
2	97	29	2	91	15	0.844	matched
2	97	30	2	91	16	0.819	matched
2	97	31	2	91	17	0.879	matched
2	98	1	2	92	1	1.0	matched
2	98	2	2	92	2	0.894	matched
2	98	3	2	92	3	0.831	matched
2	98	4					southern_only
2	98	5					southern_only
2	98	6	2	92	4	1.0	matched
2	98	7	2	92	5	0.94	matched
2	98	8	2	92	6	0.938	matched
2	98	9	2	92	7	0.84	matched
2	98	10					southern_only
2	98	11	2	92	8	0.744	matched
2	98	12	2	92	9	0.711	matched
2	98	13	2	92	10	1.0	matched
2	98	14					southern_only
2	98	15					southern_only
2	98	16					southern_only
2	98	17					southern_only
2	98	18					southern_only
2	99	1	2	93	1	0.899	matched
2	99	2	2	93	2	0.711	matched
2	99	3	2	93	3	0.611	matched
2	99	4	2	93	4	0.75	matched
2	99	5	2	93	5	0.627	matched
2	99	6					southern_only
2	99	7	2	93	6	0.808	matched
2	99	8	2	93	7	0.688	matched
2	99	9	2	93	8	0.854	matched
2	99	10	2	93	9	0.912	matched
2	99	11	2	93	10	0.889	matched
2	99	12	2	93	11	0.725	matched
2	99	13	2	93	12	0.936	matched
2	99	14	2	93	13	0.8	matched
2	99	15	2	93	14	0.855	matched
2	99	16	2	93	15	1.0	matched
2	99	17	2	93	16	0.795	matched
2	99	18	2	93	17	0.841	matched
2	99	19	2	93	18	0.788	matched
2	99	20	2	93	19	0.856	matched
2	99	21	2	93	20	0.912	matched
2	99	22	2	93	21	0.928	matched
2	99	23	2	93	22	0.86	matched
2	99	24	2	93	23	0.899	matched
2	99	25	2	93	24	1.0	matched
2	99	26	2	93	25	0.818	matched
2	99	27	2	93	26	0.843	matched
2	99	28	2	93	27	0.9	matched
2	99	29	2	93	28	0.934	matched
2	99	30	2	93	29	0.843	matched
2	99	31	2	93	30	0.854	matched
2	99	32	2	93	31	0.753	matched
2	99	33	2	93	32	0.729	matched
2	99	34	2	93	33	0.857	matched
2	99	35	2	93	34	0.859	matched
2	99	36	2	93	35	0.892	matched
2	99	37	2	93	36	0.897	matched
2	99	38	2	93	37	0.617	matched
2	99	39	2	93	38	0.677	matched
2	99	40	2	93	39	0.714	matched
2	99	41	2	93	40	0.781	matched
2	99	42	2	93	41	0.687	matched
2	100	1					southern_only
2	100	2					southern_only
2	100	3	2	94	1	0.835	matched
2	100	4	2	94	2	0.818	matched
2	100	5	2	94	3	0.901	matched
2	100	6					southern_only
2	100	7					southern_only
2	100	8	2	94	4	0.934	matched
2	100	9	2	94	5	1.0	matched
2	100	10	2	94	6	0.972	matched
2	100	11	2	94	7	0.896	matched
2	100	12	2	94	8	1.0	matched
2	100	13					southern_only
2	100	14	2	94	9	0.925	matched
2	100	15	2	94	10	0.638	matched
2	100	16	2	94	11	1.0	matched
2	100	17	2	94	12	0.786	matched
2	100	18	2	94	13	0.895	matched
2	100	19	2	94	14	0.892	matched
2	100	20	2	94	15	0.892	matched
2	100	21	2	94	16	0.882	matched
2	100	22	2	94	17	0.852	matched
2	100	23	2	94	18	0.87	matched
2	100	24	2	94	19	0.908	matched
2	100	25	2	94	20	0.795	matched
2	100	26	2	94	21	0.934	matched
2	100	27					southern_only
2	100	28	2	94	22	0.936	matched
2	100	29	2	94	23	0.899	matched
2	100	30	2	94	24	0.702	matched
2	100	31	2	94	25	0.779	matched
2	100	32	2	94	26	0.829	matched
2	100	33	2	94	27	0.859	matched
2	100	34	2	94	28	0.708	matched
2	100	35	2	94	29	0.8	matched
2	100	36	2	94	30	0.9	matched
2	100	37	2	94	31	0.885	matched
2	100	38	2	94	32	0.883	matched
2	100	39	2	94	33	1.0	matched
2	100	40	2	94	34	1.0	matched
2	100	41	2	94	35	0.68	matched
2	100	42	2	94	36	0.881	matched
2	100	43	2	94	37	0.737	matched
2	100	44	2	94	38	0.753	matched
2	100	45					southern_only
2	100	46	2	94	39	0.448	fuzzy
2	100	47	2	94	40	0.85	matched
2	100	48	2	94	41	1.0	matched
2	100	49	2	94	42	0.847	matched
2	100	50					southern_only
2	100	51	2	94	43	0.59	matched
2	100	52					southern_only
2	100	53	2	94	44	0.767	matched
2	100	54	2	94	45	0.811	matched
2	100	55	2	94	46	0.802	matched
2	100	56	2	94	47	0.849	matched
2	100	57	2	94	48	0.859	matched
2	100	58	2	94	49	0.863	matched
2	100	59	2	94	50	0.939	matched
2	100	60	2	94	51	0.75	matched
2	100	61	2	94	52	0.673	matched
2	100	62	2	94	53	1.0	matched
2	100	63	2	94	54	1.0	matched
2	100	64	2	94	55	0.938	matched
2	100	65	2	94	56	1.0	matched
2	100	66	2	94	57	0.72	matched
2	100	67	2	94	58	0.841	matched
2	100	68					southern_only
2	100	69					southern_only
2	100	70					southern_only
2	100	71					southern_only
2	100	72					southern_only
2	100	73					southern_only
2	100	74					southern_only
2	100	75	2	94	59	1.0	matched
2	100	76					southern_only
2	101	1	2	97	1	1.0	moved
2	101	2	2	97	2	0.852	moved
2	101	3	2	97	3	0.791	moved
2	101	4	2	97	4	1.0	moved
2	101	5	2	97	5	0.937	moved
2	101	6	2	97	6	1.0	moved
2	101	7	2	97	7	1.0	moved
2	101	8	2	97	8	0.835	moved
2	101	9	2	97	9	0.825	moved
2	101	10	2	97	10	0.868	moved
2	101	11	2	97	11	0.789	moved
2	101	12	2	97	12	0.899	moved
2	101	13	2	97	13	0.934	moved
2	101	14	2	97	14	1.0	moved
2	101	15	2	97	15	0.814	moved
2	101	16	2	97	16	0.901	moved
2	101	17	2	97	17	0.934	moved
2	101	18					southern_only
2	101	19					southern_only
2	101	20					southern_only
2	101	21	2	97	18	1.0	moved
2	101	22	2	97	19	0.736	moved
2	101	23	2	97	20	0.936	moved
2	101	24	2	97	21	1.0	moved
2	101	25	2	97	22	0.845	moved
2	101	26	2	97	23	0.847	moved
2	101	27					southern_only
2	102	1	2	95	1	1.0	matched
2	102	2	2	95	2	0.619	matched
2	102	3	2	95	3	1.0	matched
2	102	4	2	95	4	1.0	matched
2	102	5	2	95	5	0.892	matched
2	102	6					southern_only
2	102	7	2	95	6	1.0	matched
2	102	8	2	95	7	0.838	matched
2	102	9					southern_only
2	103	1	2	95	8	1.0	matched
2	103	2					southern_only
2	103	3	2	95	9	0.488	fuzzy
2	103	4	2	95	10	0.803	matched
2	103	5	2	95	11	0.886	matched
2	103	6	2	95	12	0.78	matched
2	103	7					southern_only
2	103	8					southern_only
2	103	9	2	95	13	0.849	matched
2	103	10	2	95	14	0.744	matched
2	103	11	2	95	15	1.0	matched
2	103	12	2	95	16	1.0	matched
2	103	13	2	95	17	0.829	matched
2	103	14	2	95	18	1.0	matched
2	103	15	2	95	19	0.895	matched
2	103	16					southern_only
2	103	17					southern_only
2	103	18					southern_only
2	103	19	2	95	20	0.908	matched
2	103	20	2	95	21	1.0	matched
2	103	21	2	95	22	0.893	matched
2	103	22	2	95	23	1.0	matched
2	103	23	2	95	24	0.915	matched
2	103	24	2	95	25	1.0	matched
2	103	25	2	95	26	0.724	matched
2	103	26	2	95	27	0.917	matched
2	103	27	2	95	28	1.0	matched
2	103	28	2	95	29	0.807	matched
2	103	29	2	95	30	0.86	matched
2	103	30	2	95	31	1.0	matched
2	103	31	2	95	32	1.0	matched
2	103	32	2	95	33	0.825	matched
2	103	33	2	95	34	0.648	matched
2	103	34					southern_only
2	103	35	2	95	35	0.543	matched
2	103	36	2	95	36	1.0	matched
2	103	37	2	95	37	0.943	matched
2	103	38	2	95	38	0.882	matched
2	103	39	2	95	39	0.45	fuzzy
2	103	40	2	95	40	0.774	matched
2	103	41	2	95	41	1.0	matched
2	103	42	2	95	42	0.566	matched
2	103	43	2	95	43	0.905	matched
2	103	44	2	95	44	0.925	matched
2	103	45					southern_only
2	103	46					southern_only
2	103	47	2	95	45	0.929	matched
2	103	48	2	95	46	0.932	matched
2	103	49	2	95	47	0.576	matched
2	104	1	2	96	1	1.0	matched
2	104	2	2	96	2	1.0	matched
2	104	3	2	96	3	1.0	matched
2	104	4	2	96	4	0.833	matched
2	104	5	2	96	5	0.917	matched
2	104	6					southern_only
2	104	7					southern_only
2	104	8	2	96	6	0.893	matched
2	104	9	2	96	7	0.935	matched
2	104	10	2	96	8	0.932	matched
2	104	11	2	96	9	1.0	matched
2	104	12	2	96	10	0.739	matched
2	104	13	2	96	11	0.911	matched
2	104	14	2	96	12	0.857	matched
2	104	15					southern_only
2	104	16	2	96	13	0.934	matched
2	104	17	2	96	14	0.904	matched
2	104	18	2	96	15	0.833	matched
2	104	19	2	96	16	0.742	matched
2	104	20	2	96	17	0.805	matched
2	104	21	2	96	18	1.0	matched
2	104	22	2	96	19	1.0	matched
2	104	23	2	96	20	1.0	matched
2	104	24	2	96	21	1.0	matched
2	104	25	2	96	22	0.835	matched
2	104	26	2	96	23	1.0	matched
2	104	27	2	96	24	0.817	matched
2	104	28	2	96	25	0.779	matched
2	104	29	2	96	26	1.0	matched
2	104	30	2	96	27	1.0	matched
2	104	31	2	96	28	0.938	matched
2	104	32	2	96	29	0.895	matched
2	105	1	2	98	1	1.0	matched
2	105	2	2	98	2	0.902	matched
2	105	3	2	98	3	0.723	matched
2	105	4	2	98	4	0.857	matched
2	105	5	2	98	5	0.793	matched
2	105	6	2	98	6	0.846	matched
2	105	7	2	98	7	0.877	matched
2	105	8	2	98	8	1.0	matched
2	105	9	2	98	9	0.937	matched
2	105	10	2	98	10	0.909	matched
2	105	11	2	98	11	0.701	matched
2	105	12	2	98	12	0.932	matched
2	105	13	2	98	13	0.9	matched
2	105	14	2	98	14	0.938	matched
2	105	15	2	98	15	0.521	matched
2	105	16	2	98	16	0.744	matched
2	105	17	2	98	17	0.896	matched
2	105	18	2	98	18	0.831	matched
2	105	19					southern_only
2	105	20	2	98	19	0.85	matched
2	105	21	2	98	20	0.871	matched
2	105	22	2	98	21	0.879	matched
2	105	23	2	98	22	0.901	matched
2	105	24	2	98	23	0.932	matched
2	105	25	2	98	24	0.934	matched
2	105	26	2	98	25	0.829	matched
2	105	27	2	98	26	0.783	matched
2	105	28	2	98	27	0.905	matched
2	105	29	2	98	28	0.918	matched
2	105	30	2	98	29	0.938	matched
2	105	31	2	98	30	0.936	matched
2	105	32	2	98	31	0.826	matched
2	105	33	2	98	32	0.845	matched
2	105	34					southern_only
2	105	35	2	98	33	0.813	matched
2	105	36					southern_only
2	105	37	2	98	34	1.0	matched
2	105	38	2	98	35	0.795	matched
2	105	39	2	98	36	0.931	matched
2	105	40	2	98	37	0.768	matched
2	105	41	2	98	38	0.744	matched
2	105	42	2	98	39	0.937	matched
2	106	1					southern_only
2	106	2					southern_only
2	106	3					southern_only
2	106	4					southern_only
2	106	5					southern_only
2	106	6	2	98	44	0.674	matched
2	106	7	2	98	45	0.933	matched
2	106	8	2	98	46	1.0	matched
2	106	9	2	98	47	0.667	matched
2	106	10	2	98	48	0.937	matched
2	106	11	2	98	49	0.713	matched
2	106	12	2	98	50	0.938	matched
2	106	13	2	98	51	0.833	matched
2	106	14	2	98	52	0.822	matched
2	106	15	2	98	53	0.92	matched
2	106	16	2	98	54	0.907	matched
2	106	17	2	98	55	0.817	matched
2	106	18	2	98	56	0.934	matched
2	106	19					southern_only
2	106	20					southern_only
2	106	21	2	98	57	0.908	matched
2	106	22	2	98	58	0.815	matched
2	106	23	2	98	59	1.0	matched
2	106	24	2	98	60	0.932	matched
2	106	25	2	98	61	1.0	matched
2	106	26	2	98	62	0.767	matched
2	106	27	2	98	63	0.896	matched
2	106	28	2	98	64	0.716	matched
2	106	29	2	98	65	0.75	matched
2	106	30	2	98	66	0.895	matched
2	106	31	2	98	67	0.67	matched
2	106	32	2	98	68	1.0	matched
2	106	33	2	98	69	0.929	matched
2	106	34	2	98	70	0.939	matched
2	106	35	2	98	71	0.843	matched
2	107	1	2	99	1	0.862	matched
2	107	2	2	99	2	1.0	matched
2	107	3	2	99	3	1.0	matched
2	107	4	2	99	4	0.938	matched
2	107	5	2	99	5	1.0	matched
2	107	6	2	99	6	0.973	matched
2	107	7	2	99	7	0.932	matched
2	107	8	2	99	8	0.83	matched
2	107	9	2	99	9	0.736	matched
2	107	10	2	99	10	0.934	matched
2	107	11	2	99	11	0.824	matched
2	107	12	2	99	12	0.933	matched
2	107	13	2	99	13	1.0	matched
2	107	14	2	99	14	1.0	matched
2	107	15	2	99	15	0.912	matched
2	107	16	2	99	16	0.937	matched
2	107	17	2	99	17	0.857	matched
2	107	18	2	99	18	0.941	matched
2	107	19	2	99	19	0.815	matched
2	108	1	2	100	1	0.825	matched
2	108	2	2	100	2	0.81	matched
2	108	3	2	100	3	1.0	matched
2	108	4	2	100	4	0.816	matched
2	108	5	2	100	5	0.67	matched
2	108	6	2	100	6	0.926	matched
2	108	7	2	100	7	0.841	matched
2	108	8	2	100	8	1.0	matched
2	108	9	2	100	9	0.795	matched
2	108	10	2	100	10	0.795	matched
2	108	11					southern_only
2	108	12	2	100	11	0.902	matched
2	108	13	2	100	12	0.791	matched
2	108	14	2	100	13	0.895	matched
2	108	15	2	100	14	0.865	matched
2	108	16	2	100	15	0.897	matched
2	108	17	2	100	16	0.936	matched
2	108	18	2	100	17	0.905	matched
2	109	1	2	101	1	0.783	matched
2	109	2	2	101	2	0.821	matched
2	109	3	2	101	3	0.84	matched
2	109	4	2	101	4	0.924	matched
2	109	5	2	101	5	0.723	matched
2	109	6	2	101	6	0.935	matched
2	109	7	2	101	7	0.853	matched
2	109	8	2	101	8	0.917	matched
2	109	9	2	101	9	0.75	matched
2	109	10	2	101	10	0.88	matched
2	109	11	2	101	11	0.671	matched
2	109	12	2	101	12	0.889	matched
2	109	13	2	101	13	0.8	matched
2	109	14	2	101	14	0.899	matched
2	109	15	2	101	15	0.883	matched
2	109	16	2	101	16	0.872	matched
2	109	17	2	101	17	0.795	matched
2	109	18	2	101	18	0.583	matched
2	109	19	2	101	19	0.857	matched
2	109	20	2	101	20	0.822	matched
2	109	21	2	101	21	0.945	matched
2	109	22	2	101	22	0.942	matched
2	109	23	2	101	23	1.0	matched
2	109	24	2	101	24	1.0	matched
2	109	25	2	101	25	0.931	matched
2	109	26	2	101	26	0.843	matched
2	109	27	2	101	27	0.854	matched
2	109	28	2	101	28	0.7	matched
2	109	29	2	101	29	0.933	matched
2	109	30					southern_only
2	109	31	2	101	30	1.0	matched
2	109	32					southern_only
2	109	33					southern_only
2	109	34					southern_only
2	109	35					southern_only
2	109	36	2	101	31	0.849	matched
2	109	37					southern_only
2	109	38					southern_only
2	109	39					southern_only
2	110	1	2	102	1	0.484	fuzzy
2	110	2					southern_only
2	110	3	2	102	2	0.655	matched
2	110	4	2	102	3	0.761	matched
2	110	5	2	102	4	1.0	matched
2	110	6	2	102	5	0.8	matched
2	110	7	2	102	6	0.892	matched
2	110	8	2	102	7	0.728	matched
2	110	9	2	102	8	0.886	matched
2	110	10	2	102	9	0.873	matched
2	110	11	2	102	10	0.606	matched
2	110	12	2	102	11	0.365	fuzzy
2	110	13	2	102	12	0.415	fuzzy
2	110	14					southern_only
2	110	15					southern_only
2	110	16	2	102	14	0.483	fuzzy
2	110	17	2	102	15	0.573	matched
2	110	18					southern_only
2	110	19	2	102	16	0.797	matched
2	110	20					southern_only
2	110	21					southern_only
2	110	22					southern_only
2	110	23	2	102	18	0.733	matched
2	110	24	2	102	19	1.0	matched
2	110	25	2	102	20	0.727	matched
2	110	26	2	102	21	0.824	matched
2	110	27	2	102	22	0.813	matched
2	110	28	2	102	23	0.764	matched
2	110	29	2	102	24	0.611	matched
2	110	30	2	102	25	0.671	matched
2	110	31	2	102	26	0.9	matched
2	110	32	2	102	27	0.905	matched
2	110	33	2	102	28	0.687	matched
2	110	34					southern_only
2	110	35	2	102	29	0.49	fuzzy
2	110	36	2	102	31	0.954	matched
2	110	37					southern_only
2	111	1	2	103	1	0.84	matched
2	111	2	2	103	2	0.714	matched
2	111	3	2	103	3	0.833	matched
2	111	4	2	103	4	0.744	matched
2	111	5	2	103	5	0.833	matched
2	111	6	2	103	6	0.791	matched
2	111	7	2	103	7	0.841	matched
2	111	8	2	103	8	0.901	matched
2	111	9	2	103	9	1.0	matched
2	111	10	2	103	10	0.894	matched
2	111	11	2	103	11	1.0	matched
2	111	12	2	103	12	0.789	matched
2	111	13	2	103	13	1.0	matched
2	111	14	2	103	14	0.853	matched
2	111	15	2	103	15	0.769	matched
2	111	16	2	103	16	1.0	matched
2	111	17	2	103	17	0.881	matched
2	111	18	2	103	18	0.902	matched
2	111	19	2	103	19	0.787	matched
2	111	20	2	103	20	1.0	matched
2	111	21	2	103	21	0.904	matched
2	111	22	2	103	22	1.0	matched
2	111	23	2	103	23	0.758	matched
2	111	24	2	103	24	0.816	matched
2	111	25	2	103	25	0.93	matched
2	111	26	2	103	26	0.893	matched
2	111	27	2	103	27	0.938	matched
2	111	28	2	103	28	1.0	matched
2	111	29	2	103	29	1.0	matched
2	111	30	2	103	30	0.835	matched
2	111	31	2	103	31	1.0	matched
2	111	32	2	103	32	0.931	matched
2	112	1	2	104	1	1.0	matched
2	112	2	2	104	2	0.783	matched
2	112	3	2	104	3	1.0	matched
2	112	4	2	104	4	0.773	matched
2	112	5	2	104	5	1.0	matched
2	112	6	2	104	6	0.85	matched
2	112	7	2	104	7	0.909	matched
2	112	8	2	104	8	0.808	matched
2	112	9	2	104	9	0.854	matched
2	112	10	2	104	10	0.842	matched
2	112	11	2	104	11	0.682	matched
2	112	12	2	104	12	0.765	matched
2	112	13	2	104	13	1.0	matched
2	112	14	2	104	14	0.905	matched
2	112	15	2	104	15	0.802	matched
2	112	16	2	104	16	1.0	matched
2	112	17	2	104	17	0.819	matched
2	112	18	2	104	18	0.896	matched
2	112	19	2	104	19	1.0	matched
2	112	20	2	104	20	0.937	matched
2	112	21	2	104	21	0.932	matched
2	112	22	2	104	22	0.846	matched
2	112	23					southern_only
2	112	24					southern_only
2	112	25					southern_only
2	112	26					southern_only
2	112	27					southern_only
2	112	28					southern_only
2	112	29	2	104	23	0.929	matched
2	112	30	2	104	24	0.8	matched
2	112	31	2	104	25	0.76	matched
2	113	1	2	105	1	0.904	matched
2	113	2	2	105	2	0.802	matched
2	113	3	2	105	3	0.736	matched
2	113	4	2	105	4	0.899	matched
2	113	5	2	105	5	0.833	matched
2	113	6	2	105	6	1.0	matched
2	113	7	2	105	7	1.0	matched
2	113	8	2	105	8	0.882	matched
2	113	9	2	105	9	1.0	matched
2	113	10	2	105	10	1.0	matched
2	113	11	2	105	11	1.0	matched
2	113	12	2	105	12	0.908	matched
2	113	13	2	105	13	1.0	matched
2	113	14	2	105	14	0.818	matched
2	113	15	2	105	15	0.855	matched
2	113	16	2	105	16	0.828	matched
2	113	17	2	105	17	0.835	matched
2	113	18	2	105	18	0.831	matched
2	113	19	2	105	19	0.914	matched
2	113	20	2	105	20	0.69	matched
2	113	21	2	105	21	0.713	matched
2	113	22	2	105	22	1.0	matched
2	113	23	2	105	23	0.537	matched
2	113	24	2	105	24	1.0	matched
2	113	25					southern_only
2	114	1	2	106	1	0.895	matched
2	114	2	2	106	2	0.813	matched
2	114	3	2	106	3	0.849	matched
2	114	4	2	106	4	0.788	matched
2	114	5	2	106	5	0.769	matched
2	114	6	2	106	6	0.933	matched
2	114	7	2	106	7	0.793	matched
2	114	8	2	106	8	0.845	matched
2	114	9	2	106	9	0.89	matched
2	114	10	2	106	10	0.848	matched
2	114	11	2	106	11	0.897	matched
2	114	12	2	106	12	0.793	matched
2	114	13	2	106	13	0.811	matched
2	114	14	2	106	14	0.847	matched
2	114	15	2	106	15	0.886	matched
2	114	16	2	106	16	0.963	matched
2	114	17					southern_only
2	114	18	2	106	19	1.0	matched
2	114	19	2	106	20	0.767	matched
2	114	20	2	106	21	0.896	matched
2	114	21	2	106	22	0.604	matched
2	114	22					southern_only
2	114	23					southern_only
2	114	24					southern_only
2	114	25					southern_only
2	114	26					southern_only
2	114	27	2	106	23	0.602	matched
2	114	28	2	106	24	0.878	matched
2	114	29					southern_only
2	115	1	2	107	1	0.827	matched
2	115	2	2	107	2	0.911	matched
2	115	3	2	107	3	0.811	matched
2	115	4	2	107	4	0.789	matched
2	115	5	2	107	5	0.899	matched
2	115	6	2	107	6	0.939	matched
2	115	7	2	107	7	0.938	matched
2	115	8	2	107	8	0.889	matched
2	115	9	2	107	9	0.904	matched
2	115	10	2	107	10	0.747	matched
2	115	11	2	107	11	0.932	matched
2	115	12	2	107	12	0.94	matched
2	115	13	2	107	13	0.911	matched
2	115	14	2	107	14	0.603	matched
2	115	15					southern_only
2	115	16					southern_only
2	115	17					southern_only
2	115	18	2	107	15	1.0	matched
2	115	19	2	107	16	1.0	matched
2	115	20	2	107	17	0.972	matched
2	115	21	2	107	18	0.855	matched
2	115	22	2	107	19	0.831	matched
2	115	23	2	107	20	1.0	matched
2	115	24	2	107	21	1.0	matched
2	116	1	2	108	1	0.756	matched
2	116	2	2	108	2	0.848	matched
2	116	3	2	108	3	0.839	matched
2	116	4	2	108	4	0.708	matched
2	116	5	2	108	5	0.899	matched
2	116	6	2	108	6	0.744	matched
2	116	7	2	108	7	0.808	matched
2	116	8	2	108	8	0.776	matched
2	116	9	2	108	9	0.741	matched
2	116	10	2	108	10	0.9	matched
2	116	11	2	108	11	0.827	matched
2	116	12	2	108	12	0.716	matched
2	116	13	2	108	13	1.0	matched
2	116	14	2	108	14	0.893	matched
2	116	15	2	108	15	1.0	matched
2	116	16	2	108	16	0.67	matched
2	116	17	2	108	17	0.887	matched
2	116	18	2	108	18	0.864	matched
2	116	19	2	108	19	0.808	matched
2	116	20	2	108	20	0.868	matched
2	116	21	2	108	21	0.706	matched
2	116	22	2	108	22	0.718	matched
2	116	23	2	108	23	0.742	matched
2	116	24	2	108	24	0.85	matched
2	116	25	2	108	25	0.773	matched
2	116	26	2	108	26	0.733	matched
2	117	1	2	109	1	0.713	matched
2	117	2	2	109	2	0.903	matched
2	117	3	2	109	3	0.835	matched
2	117	4	2	109	4	0.828	matched
2	117	5	2	109	5	0.872	matched
2	117	6	2	109	6	1.0	matched
2	117	7	2	109	7	0.906	matched
2	117	8	2	109	8	1.0	matched
2	117	9	2	109	9	0.961	matched
2	117	10	2	109	10	0.857	matched
2	117	11	2	109	11	0.802	matched
2	117	12	2	109	12	0.699	matched
2	117	13	2	109	13	0.821	matched
2	117	14	2	109	14	0.886	matched
2	117	15	2	109	15	0.761	matched
2	117	16	2	109	17	0.816	matched
2	117	17	2	109	18	0.936	matched
2	117	18	2	109	19	1.0	matched
2	117	19	2	109	20	0.85	matched
2	117	20	2	109	21	1.0	matched
2	117	21	2	109	22	0.911	matched
2	117	22	2	109	23	0.823	matched
2	117	23	2	109	24	1.0	matched
2	117	24	2	109	25	0.904	matched
2	117	25	2	109	26	0.729	matched
2	117	26	2	109	27	0.909	matched
2	117	27	2	109	28	0.769	matched
2	117	28					southern_only
2	117	29					southern_only
2	118	1	2	110	1	0.886	matched
2	118	2	2	110	2	0.873	matched
2	118	3	2	110	3	0.709	matched
2	118	4	2	110	4	0.782	matched
2	118	5	2	110	5	1.0	matched
2	118	6	2	110	6	0.899	matched
2	118	7	2	110	7	0.716	matched
2	118	8	2	110	8	0.807	matched
2	118	9	2	110	9	0.761	matched
2	118	10	2	110	10	0.886	matched
2	118	11	2	110	11	1.0	matched
2	118	12	2	110	12	0.9	matched
2	118	13	2	110	13	0.722	matched
2	118	14	2	110	14	0.914	matched
2	118	15	2	110	15	0.588	matched
2	118	16					southern_only
2	118	17	2	110	16	0.845	matched
2	118	18	2	110	17	0.932	matched
2	118	19	2	110	18	1.0	matched
2	118	20	2	110	19	0.878	matched
2	118	21	2	110	20	0.899	matched
2	118	22	2	110	21	0.934	matched
2	118	23	2	110	22	0.714	matched
2	118	24	2	110	23	0.88	matched
2	118	25	2	110	24	0.86	matched
2	118	26	2	110	25	0.878	matched
2	118	27	2	110	26	0.934	matched
2	118	28	2	110	27	0.889	matched
2	118	29	2	110	28	0.859	matched
2	118	30	2	110	29	0.772	matched
2	118	31	2	110	30	0.928	matched
2	118	32	2	110	31	0.823	matched
2	118	33	2	110	32	0.824	matched
2	118	34	2	110	33	0.934	matched
2	118	35	2	110	34	0.87	matched
2	118	36	2	110	35	0.663	matched
2	118	37	2	110	36	0.798	matched
2	118	38	2	110	37	0.935	matched
2	118	39	2	110	38	0.882	matched
2	118	40	2	110	39	0.649	matched
2	118	41	2	110	40	0.894	matched
2	118	42	2	110	41	1.0	matched
2	118	43	2	110	42	0.905	matched
2	118	44	2	110	43	0.912	matched
2	118	45	2	110	44	0.85	matched
2	118	46	2	110	45	0.489	fuzzy
2	118	47					southern_only
2	118	48	2	110	46	0.925	matched
2	118	50	2	110	48	0.759	matched
2	118	51	2	110	49	0.81	matched
2	118	52	2	110	50	0.932	matched
2	118	53	2	110	51	0.824	matched
2	118	54	2	110	52	0.944	matched
2	119	1	2	111	1	1.0	matched
2	119	2	2	111	2	0.94	matched
2	119	3	2	111	3	0.829	matched
2	119	4	2	111	4	0.819	matched
2	119	5	2	111	5	0.815	matched
2	119	6	2	111	6	0.768	matched
2	119	7	2	111	7	0.908	matched
2	119	8	2	111	8	0.878	matched
2	119	9	2	111	9	0.753	matched
2	119	10	2	111	10	0.87	matched
2	119	11	2	111	11	0.838	matched
2	119	12	2	111	12	0.785	matched
2	119	13	2	111	13	1.0	matched
2	119	14	2	111	14	0.935	matched
2	119	15	2	111	15	0.793	matched
2	119	16	2	111	16	0.81	matched
2	119	17	2	111	17	0.86	matched
2	119	18	2	111	18	0.655	matched
2	119	19					southern_only
2	119	20					southern_only
2	119	21	2	111	19	1.0	matched
2	119	22	2	111	20	0.827	matched
3	1	1	3	1	1	0.708	matched
3	1	2	3	1	2	0.767	matched
3	1	3					southern_only
3	1	4	3	1	4	0.357	fuzzy
3	1	5					southern_only
3	1	6	3	1	5	0.375	fuzzy
3	1	7					southern_only
3	1	8	3	1	8	0.382	fuzzy
3	1	9					southern_only
3	1	10	3	1	10	0.381	fuzzy
3	1	11					southern_only
3	1	12					southern_only
3	1	13	3	1	12	1.0	matched
3	1	14	3	1	13	0.697	matched
3	1	15	3	1	14	1.0	matched
3	1	16	3	1	15	1.0	matched
3	1	17					southern_only
3	1	18					southern_only
3	1	19					southern_only
3	1	20	3	1	19	0.667	matched
3	1	21	3	1	20	0.707	matched
3	1	22	3	1	21	0.857	matched
3	1	23	3	1	22	1.0	matched
3	2	1	3	2	1	0.674	matched
3	2	2	3	2	2	0.768	matched
3	2	3	3	2	3	0.728	matched
3	2	4	3	2	4	0.6	matched
3	2	5	3	2	5	0.805	matched
3	2	6	3	2	6	0.88	matched
3	2	7	3	2	7	0.893	matched
3	2	8	3	2	8	0.924	matched
3	2	9	3	2	9	0.707	matched
3	2	10	3	2	10	0.744	matched
3	2	11	3	2	11	0.693	matched
3	2	12	3	2	12	0.896	matched
3	2	13	3	2	13	0.642	matched
3	2	14					southern_only
3	2	15	3	2	14	0.574	matched
3	2	16	3	2	15	0.851	matched
3	2	17	3	2	16	0.631	matched
3	2	18					southern_only
3	2	19					southern_only
3	2	20	3	2	18	0.483	fuzzy
3	2	21	3	2	19	1.0	matched
3	2	22	3	2	20	0.793	matched
3	2	23	3	2	21	0.827	matched
3	2	24	3	2	22	0.787	matched
3	2	25	3	2	23	0.93	matched
3	2	26	3	2	24	0.842	matched
3	3	1	3	3	1	0.696	matched
3	3	2	3	3	2	0.933	matched
3	3	3	3	3	3	0.904	matched
3	3	4	3	3	4	0.892	matched
3	3	5	3	3	5	0.835	matched
3	3	6	3	3	6	0.645	matched
3	3	7	3	3	7	0.929	matched
3	3	8	3	3	8	0.735	matched
3	3	9	3	3	9	0.667	matched
3	3	10	3	3	10	0.924	matched
3	3	11	3	3	11	0.934	matched
3	3	12	3	3	12	1.0	matched
3	3	13					southern_only
3	3	14	3	3	13	0.776	matched
3	3	15					southern_only
3	3	16					southern_only
3	3	17					southern_only
3	3	18	3	3	14	0.677	matched
3	3	19					southern_only
3	3	20					southern_only
3	3	21					southern_only
3	3	22					southern_only
3	3	23					southern_only
3	3	24					southern_only
3	3	25					southern_only
3	3	26					southern_only
3	4	1					southern_only
3	4	2					southern_only
3	4	3					southern_only
3	4	4					southern_only
3	4	5	3	3	15	0.744	matched
3	4	6	3	3	16	0.354	fuzzy
3	4	7					southern_only
3	4	8					southern_only
3	4	9					southern_only
3	4	10					southern_only
3	4	11					southern_only
3	4	12					southern_only
3	4	13					southern_only
3	4	14					southern_only
3	4	15	3	3	17	0.702	matched
3	4	16	3	3	18	0.824	matched
3	4	17	3	3	19	0.721	matched
3	4	18					southern_only
3	4	19					southern_only
3	4	20					southern_only
3	4	21					southern_only
3	4	22	3	3	24	0.394	fuzzy
3	4	23					southern_only
3	4	24					southern_only
3	4	25					southern_only
3	4	26					southern_only
3	4	27					southern_only
3	4	28	3	3	26	0.875	matched
3	4	29					southern_only
3	4	30					southern_only
3	4	31					southern_only
3	4	32					southern_only
3	4	33					southern_only
3	4	34	3	3	27	0.806	matched
3	5	1	3	4	1	0.661	matched
3	5	2					southern_only
3	5	3	3	4	3	0.522	matched
3	5	4	3	4	4	0.838	matched
3	5	5					southern_only
3	5	6					southern_only
3	5	7					southern_only
3	5	8	3	4	8	0.356	fuzzy
3	5	9					southern_only
3	5	10					southern_only
3	5	11					southern_only
3	5	12					southern_only
3	5	13					southern_only
3	5	14	3	4	11	0.559	matched
3	5	15	3	4	12	0.718	matched
3	5	16					southern_only
3	5	17	3	4	13	1.0	matched
3	5	18	3	4	14	0.885	matched
3	5	19	3	4	15	0.73	matched
3	5	20	3	4	16	0.845	matched
3	5	21	3	4	17	1.0	matched
3	5	22	3	4	18	0.686	matched
3	5	23	3	4	19	0.635	matched
3	5	24	3	4	20	0.707	matched
3	5	25	3	4	21	1.0	matched
3	5	26	3	4	22	0.819	matched
3	5	27	3	4	23	0.744	matched
3	5	28	3	4	24	0.932	matched
3	5	29	3	4	25	0.938	matched
3	5	30					southern_only
3	5	31	3	4	26	0.591	matched
3	5	32	3	4	27	1.0	matched
3	5	33	3	4	28	0.727	matched
3	5	34	3	4	29	0.681	matched
3	5	35					southern_only
3	5	36	3	4	30	1.0	matched
3	5	37					southern_only
3	5	38	3	4	31	0.798	matched
3	5	39	3	4	32	0.759	matched
3	5	40	3	4	33	0.545	matched
3	5	41	3	4	34	0.718	matched
3	5	42	3	4	35	1.0	matched
3	5	43	3	4	36	0.832	matched
3	6	1	3	5	1	0.906	matched
3	6	2	3	5	2	0.727	matched
3	6	3					southern_only
3	6	4					southern_only
3	6	5					southern_only
3	6	6	3	5	5	0.56	matched
3	6	7	3	5	6	0.757	matched
3	6	8	3	5	7	0.656	matched
3	6	9	3	5	8	0.807	matched
3	6	10	3	5	9	0.77	matched
3	6	11	3	5	10	0.515	matched
3	6	12	3	5	11	0.896	matched
3	6	13	3	5	12	0.937	matched
3	6	14	3	5	13	0.764	matched
3	6	15	3	5	14	0.587	matched
3	6	16	3	5	15	0.744	matched
3	6	17	3	5	16	0.928	matched
3	6	18	3	5	17	0.911	matched
3	6	19	3	5	18	0.795	matched
3	6	20					southern_only
3	6	21	3	5	19	0.536	matched
3	6	22					southern_only
3	6	23					southern_only
3	6	24	3	5	20	0.605	matched
3	6	25					southern_only
3	6	26	3	5	21	0.554	matched
3	7	1	3	6	1	0.611	matched
3	7	2	3	6	2	0.49	fuzzy
3	7	3	3	6	3	0.807	matched
3	7	4	3	6	4	0.841	matched
3	7	5	3	6	5	0.682	matched
3	7	6	3	6	6	0.867	matched
3	7	7	3	6	7	0.779	matched
3	7	8	3	6	8	0.453	fuzzy
3	7	9	3	6	9	0.762	matched
3	7	10	3	6	10	0.484	fuzzy
3	7	11					southern_only
3	7	12	3	6	11	0.896	matched
3	7	13	3	6	12	0.937	matched
3	7	14	3	6	13	0.833	matched
3	7	15	3	6	14	1.0	matched
3	7	16	3	6	15	0.602	matched
3	7	17	3	6	16	0.667	matched
3	7	18	3	6	17	0.675	matched
3	7	19					southern_only
3	7	20					southern_only
3	7	21					southern_only
3	7	22					southern_only
3	7	23					southern_only
3	7	24	3	6	22	0.829	matched
3	8	1	3	7	1	0.847	matched
3	8	2	3	7	2	0.584	matched
3	8	3	3	7	3	0.696	matched
3	8	4	3	7	4	0.886	matched
3	8	5	3	7	5	0.815	matched
3	8	6	3	7	6	1.0	matched
3	8	7	3	7	7	0.556	matched
3	8	8	3	7	8	0.69	matched
3	8	9	3	7	9	0.802	matched
3	8	10	3	7	10	0.677	matched
3	8	11	3	7	11	0.793	matched
3	8	12	3	7	12	0.87	matched
3	8	13	3	7	13	0.912	matched
3	8	14	3	7	14	0.89	matched
3	8	15	3	7	15	0.849	matched
3	8	16	3	7	16	0.747	matched
3	8	17	3	7	17	0.772	matched
3	8	18	3	7	18	0.838	matched
3	8	19	3	7	19	0.617	matched
3	8	20					southern_only
3	9	1	3	8	1	0.737	matched
3	9	2	3	8	2	0.765	matched
3	9	3	3	8	3	0.384	fuzzy
3	9	4	3	8	4	0.351	fuzzy
3	9	5					southern_only
3	9	6					southern_only
3	9	7					southern_only
3	9	8	3	8	5	0.831	matched
3	9	9	3	8	6	0.849	matched
3	9	10	3	8	7	0.89	matched
3	9	11	3	8	8	0.845	matched
3	9	12	3	8	9	0.723	matched
3	9	13	3	8	10	0.909	matched
3	9	14	3	8	11	0.905	matched
3	9	15	3	8	12	0.833	matched
3	9	16	3	8	13	0.81	matched
3	9	17	3	8	14	0.68	matched
3	9	18	3	8	15	0.821	matched
3	9	19	3	8	16	0.79	matched
3	9	20	3	8	17	0.835	matched
3	9	21	3	8	18	1.0	matched
3	9	22	3	8	19	0.77	matched
3	9	23					southern_only
3	9	24	3	8	20	0.735	matched
3	9	25	3	8	21	0.718	matched
3	9	26	3	8	22	0.89	matched
3	9	27	3	8	23	0.805	matched
3	9	28	3	8	24	0.809	matched
3	9	29	3	8	25	0.819	matched
3	9	30	3	8	26	0.899	matched
3	9	31	3	8	27	0.67	matched
3	9	32	3	8	28	1.0	matched
3	9	33	3	8	29	0.735	matched
3	10	1	3	9	1	0.723	matched
3	10	2	3	9	2	0.938	matched
3	10	3	3	9	3	0.588	matched
3	10	4	3	9	4	0.928	matched
3	10	5	3	9	5	0.557	matched
3	10	6					southern_only
3	10	7					southern_only
3	10	8					southern_only
3	10	9	3	9	9	0.504	matched
3	10	10	3	9	10	0.488	fuzzy
3	10	11					southern_only
3	10	12					southern_only
3	10	13					southern_only
3	10	14					southern_only
3	10	15					southern_only
3	10	16					southern_only
3	10	17					southern_only
3	10	18					southern_only
3	10	19	3	9	18	0.35	fuzzy
3	10	20					southern_only
3	10	21					southern_only
3	10	22	3	9	21	0.942	matched
3	11	1	3	10	1	0.568	matched
3	11	2	3	10	2	0.895	matched
3	11	3	3	10	3	0.821	matched
3	11	4	3	10	4	0.694	matched
3	11	5	3	10	5	0.857	matched
3	11	6	3	10	6	0.551	matched
3	11	7	3	10	7	1.0	matched
3	11	8	3	10	8	0.814	matched
3	11	9	3	10	9	0.897	matched
3	11	10	3	10	10	0.674	matched
3	11	11	3	10	11	0.93	matched
3	11	12	3	10	12	0.726	matched
3	11	13	3	10	13	0.598	matched
3	11	14					southern_only
3	11	15	3	10	14	0.702	matched
3	11	16	3	10	15	0.557	matched
3	11	17	3	10	16	0.759	matched
3	11	18	3	10	17	0.784	matched
3	11	19	3	10	18	0.62	matched
3	11	20	3	10	19	0.9	matched
3	11	21	3	10	20	0.558	matched
3	11	22	3	10	21	0.902	matched
3	11	23	3	10	22	0.685	matched
3	11	24	3	10	23	0.918	matched
3	11	25	3	10	24	0.836	matched
3	11	26	3	10	25	0.517	matched
3	11	27					southern_only
3	11	28					southern_only
3	11	29					southern_only
3	11	30					southern_only
3	11	31					southern_only
3	11	32					southern_only
3	11	33					southern_only
3	11	34					southern_only
3	11	35					southern_only
3	11	36					southern_only
3	11	37	3	10	36	0.62	matched
3	11	38	3	10	37	0.616	matched
3	11	39	3	10	38	0.566	matched
3	11	40	3	10	39	0.725	matched
3	11	41	3	10	40	0.5	matched
3	11	42					southern_only
3	11	43	3	10	41	0.557	matched
3	11	44	3	10	42	0.767	matched
3	11	45	3	10	43	0.71	matched
3	11	46	3	10	44	0.887	matched
3	11	47	3	10	45	0.933	matched
3	11	48	3	10	46	0.865	matched
3	11	49	3	10	47	0.817	matched
3	11	50	3	10	48	0.641	matched
3	11	51	3	10	49	0.713	matched
3	11	52	3	10	50	0.89	matched
3	11	53	3	10	51	0.859	matched
3	11	54	3	10	52	0.886	matched
3	11	55	3	10	53	0.6	matched
3	11	56	3	10	54	1.0	matched
3	11	57	3	10	55	0.793	matched
3	11	58	3	10	56	0.802	matched
3	11	59	3	10	57	0.802	matched
3	11	60	3	10	58	0.838	matched
3	11	61	3	10	59	0.934	matched
3	11	62	3	10	60	0.514	matched
3	11	63	3	10	61	0.854	matched
3	11	64	3	10	62	0.897	matched
3	11	65	3	10	63	0.917	matched
3	11	66	3	10	64	0.798	matched
3	11	67	3	10	65	0.7	matched
3	11	68	3	10	66	0.779	matched
3	11	69	3	10	67	0.784	matched
3	11	70	3	10	68	0.897	matched
3	11	71	3	10	69	0.75	matched
3	11	72	3	10	70	0.667	matched
3	11	73	3	10	71	0.678	matched
3	11	74	3	10	72	0.408	fuzzy
3	11	75	3	10	73	0.616	matched
3	11	76	3	10	74	0.656	matched
3	11	77	3	10	75	0.838	matched
3	11	78	3	10	76	0.824	matched
3	11	79	3	10	77	0.831	matched
3	11	80	3	10	78	0.756	matched
3	11	81	3	10	79	1.0	matched
3	11	82	3	10	80	0.722	matched
3	11	83	3	10	81	0.929	matched
3	11	84	3	10	82	0.886	matched
3	11	85	3	10	83	0.634	matched
3	11	86	3	10	84	0.786	matched
3	11	87	3	10	85	0.829	matched
3	11	88	3	10	86	0.795	matched
3	11	89	3	10	87	0.774	matched
3	11	90	3	10	88	0.644	matched
3	11	91	3	10	89	0.691	matched
3	11	92	3	10	90	0.906	matched
3	11	93	3	10	91	0.845	matched
3	11	94	3	10	92	0.768	matched
3	12	1	3	11	1	0.872	matched
3	12	2	3	11	2	0.9	matched
3	12	3	3	11	3	0.693	matched
3	12	4	3	11	4	0.939	matched
3	12	5	3	11	5	0.788	matched
3	12	6	3	11	6	0.69	matched
3	12	7					southern_only
3	12	8					southern_only
3	12	9					southern_only
3	12	10					southern_only
3	12	11	3	11	11	0.358	fuzzy
3	12	12					southern_only
3	12	13					southern_only
3	12	14	3	11	13	0.362	fuzzy
3	12	15	3	11	15	0.388	fuzzy
3	12	16					southern_only
3	12	17					southern_only
3	12	18	3	11	17	0.396	fuzzy
3	12	19	3	11	18	0.375	fuzzy
3	12	20					southern_only
3	12	21					southern_only
3	12	22	3	11	19	0.568	matched
3	12	23	3	11	20	0.711	matched
3	12	24	3	11	21	0.46	fuzzy
3	12	25	3	11	22	1.0	matched
3	12	26	3	11	23	0.833	matched
3	12	27	3	11	24	0.849	matched
3	12	28	3	11	25	0.738	matched
3	12	29	3	11	26	0.608	matched
3	12	30	3	11	27	0.8	matched
3	12	31	3	11	28	0.5	matched
3	12	32	3	11	29	0.9	matched
3	12	33	3	11	30	0.732	matched
3	12	34	3	11	31	0.589	matched
3	12	35	3	11	32	0.81	matched
3	12	36	3	11	33	0.716	matched
3	12	37	3	11	34	0.852	matched
3	13	1	3	12	1	0.89	matched
3	13	2	3	12	2	0.829	matched
3	13	3	3	12	3	0.604	matched
3	13	4	3	12	4	0.614	matched
3	13	5	3	12	5	0.877	matched
3	13	6	3	12	6	0.884	matched
3	13	7	3	12	7	0.821	matched
3	13	8	3	12	8	0.604	matched
3	13	9	3	12	9	0.783	matched
3	13	10	3	12	10	0.652	matched
3	13	11	3	12	11	0.765	matched
3	13	12	3	12	12	0.83	matched
3	13	13	3	12	13	0.782	matched
3	13	15	3	12	15	0.67	matched
3	13	16	3	12	16	0.724	matched
3	13	17	3	12	17	0.84	matched
3	13	18	3	12	18	0.835	matched
3	13	19	3	12	19	0.73	matched
3	13	20	3	12	20	0.624	matched
3	13	21	3	12	21	0.624	matched
3	13	22	3	12	22	0.807	matched
3	13	23	3	12	23	0.762	matched
3	13	24	3	12	24	0.716	matched
3	13	25	3	12	25	0.822	matched
3	14	1	3	13	1	0.911	matched
3	14	2	3	13	2	1.0	matched
3	14	3	3	13	3	1.0	matched
3	14	4	3	13	4	0.774	matched
3	14	5	3	13	5	0.896	matched
3	14	6	3	13	6	0.903	matched
3	14	7	3	13	7	0.628	matched
3	14	8	3	13	8	0.581	matched
3	14	9	3	13	9	0.589	matched
3	14	10	3	13	10	0.765	matched
3	14	11	3	13	11	1.0	matched
3	14	12	3	13	12	0.775	matched
3	14	13	3	13	13	0.738	matched
3	14	14	3	13	14	0.495	fuzzy
3	14	15	3	13	15	0.695	matched
3	14	16	3	13	16	0.655	matched
3	14	17	3	13	17	0.932	matched
3	14	18	3	13	18	0.78	matched
3	14	19	3	13	19	0.762	matched
3	14	20	3	13	20	0.829	matched
3	14	21	3	13	21	0.859	matched
3	14	22	3	13	22	0.893	matched
3	14	23	3	13	23	0.76	matched
3	14	24	3	13	24	0.744	matched
3	14	25	3	13	25	0.611	matched
3	14	26	3	13	26	0.573	matched
3	14	27	3	13	27	0.84	matched
3	14	28	3	13	28	0.634	matched
3	14	29	3	13	29	0.914	matched
3	14	30	3	13	30	0.902	matched
3	14	31	3	13	31	0.835	matched
3	14	32	3	13	32	0.604	matched
3	14	33	3	13	33	0.609	matched
3	14	34	3	13	34	0.496	fuzzy
3	14	35	3	13	35	0.819	matched
3	14	36	3	13	36	0.846	matched
3	15	1	3	14	1	1.0	matched
3	15	2	3	14	2	0.536	matched
3	15	3	3	14	3	0.674	matched
3	15	4	3	14	4	1.0	matched
3	15	5	3	14	5	0.671	matched
3	15	6	3	14	6	0.767	matched
3	15	7	3	14	7	1.0	matched
3	15	8	3	14	8	0.838	matched
3	15	9	3	14	9	0.892	matched
3	15	10	3	14	10	0.847	matched
3	15	11	3	14	11	0.896	matched
3	15	12	3	14	12	0.84	matched
3	15	13	3	14	13	0.713	matched
3	15	14	3	14	14	0.902	matched
3	15	15	3	14	15	0.67	matched
3	15	16	3	14	16	0.396	fuzzy
3	15	17	3	14	17	0.581	matched
3	15	18	3	14	18	0.598	matched
3	15	19	3	14	19	0.827	matched
3	15	20	3	14	20	0.741	matched
3	15	22					southern_only
3	15	23					southern_only
3	15	24	3	14	22	0.934	matched
3	15	25	3	14	23	1.0	matched
3	15	26	3	14	24	1.0	matched
3	15	27	3	14	25	0.9	matched
3	15	28	3	14	26	0.908	matched
3	15	29	3	14	27	1.0	matched
3	15	30	3	14	28	0.9	matched
3	15	31	3	14	29	0.866	matched
3	16	1	3	15	1	0.873	matched
3	16	2	3	15	2	0.939	matched
3	16	3	3	15	3	0.782	matched
3	16	4	3	15	4	0.75	matched
3	16	5	3	15	5	0.892	matched
3	16	6	3	15	6	0.877	matched
3	16	7	3	15	7	0.934	matched
3	16	8	3	15	8	0.772	matched
3	16	9	3	15	9	0.84	matched
3	16	10	3	15	10	0.719	matched
3	16	11	3	15	11	0.935	matched
3	16	12	3	15	12	0.726	matched
3	16	13	3	15	13	0.602	matched
3	16	14	3	15	14	0.813	matched
3	16	15	3	15	15	0.892	matched
3	16	16	3	15	16	0.793	matched
3	16	17	3	15	17	0.851	matched
3	16	18	3	15	18	0.812	matched
3	16	19	3	15	19	0.822	matched
3	16	20	3	15	20	0.835	matched
3	16	21					southern_only
3	16	22					southern_only
3	16	23	3	15	21	0.931	matched
3	16	24	3	15	22	0.733	matched
3	16	25	3	15	23	0.606	matched
3	16	26	3	15	24	0.877	matched
3	16	27	3	15	25	0.807	matched
3	16	28	3	15	26	1.0	matched
3	16	29	3	15	27	0.937	matched
3	16	30	3	15	28	0.896	matched
3	16	31	3	15	29	0.939	matched
3	16	32	3	15	30	0.698	matched
3	16	33	3	15	31	0.81	matched
3	16	34	3	15	32	0.776	matched
3	16	35	3	15	33	0.841	matched
3	16	36	3	15	34	0.632	matched
3	16	37	3	15	35	0.72	matched
3	16	38	3	15	36	0.686	matched
3	16	39					southern_only
3	16	40					southern_only
3	16	41	3	15	37	0.747	matched
3	16	42	3	15	38	0.481	fuzzy
3	16	43	3	15	39	0.583	matched
3	17	1	3	16	1	0.756	matched
3	17	2	3	16	2	1.0	matched
3	17	3					southern_only
3	17	4	3	16	3	0.636	matched
3	17	5	3	16	4	0.87	matched
3	17	6	3	16	5	0.893	matched
3	17	7					southern_only
3	17	8					southern_only
3	17	9					southern_only
3	17	10					southern_only
3	17	11					southern_only
3	17	12					southern_only
3	17	13					southern_only
3	17	14	3	16	12	0.8	matched
3	17	15	3	16	13	0.829	matched
3	17	16	3	16	14	0.932	matched
3	17	17	3	16	15	0.849	matched
3	17	18					southern_only
3	17	19					southern_only
3	17	20	3	16	17	0.436	fuzzy
3	17	21					southern_only
3	17	22					southern_only
3	17	23	3	16	20	0.902	matched
3	17	24	3	16	21	0.66	matched
3	17	25					southern_only
3	17	26	3	16	22	0.806	matched
3	17	27	3	16	23	0.88	matched
3	17	28	3	16	24	0.79	matched
3	17	29	3	16	25	0.819	matched
3	18	1	3	17	1	0.826	matched
3	18	2	3	17	2	0.721	matched
3	18	3	3	17	3	0.756	matched
3	18	4	3	17	4	0.787	matched
3	18	5	3	17	5	1.0	matched
3	18	6	3	17	6	1.0	matched
3	18	7	3	17	7	0.933	matched
3	18	8	3	17	8	0.902	matched
3	18	9	3	17	9	0.854	matched
3	18	10	3	17	10	0.895	matched
3	18	11	3	17	11	0.761	matched
3	18	12	3	17	12	0.805	matched
3	18	13	3	17	13	0.732	matched
3	18	14	3	17	14	0.903	matched
3	18	15	3	17	15	1.0	matched
3	18	16	3	17	16	0.79	matched
3	18	17	3	17	17	0.644	matched
3	18	18	3	17	18	0.805	matched
3	18	19	3	17	19	0.767	matched
3	18	20	3	17	20	1.0	matched
3	18	21	3	17	21	0.767	matched
3	18	22	3	17	22	0.935	matched
3	18	23	3	17	23	0.878	matched
3	18	24	3	17	24	1.0	matched
3	18	25	3	17	25	0.847	matched
3	18	26	3	17	26	0.824	matched
3	19	1	3	18	1	0.772	matched
3	19	2					southern_only
3	19	3					southern_only
3	19	4					southern_only
3	19	5	3	18	2	0.925	matched
3	19	6	3	18	3	0.81	matched
3	19	7	3	18	4	0.573	matched
3	19	8	3	18	5	0.788	matched
3	19	9	3	18	6	0.505	matched
3	19	10	3	18	7	0.761	matched
3	19	11	3	18	8	0.709	matched
3	19	12	3	18	9	0.9	matched
3	19	13	3	18	10	1.0	matched
3	19	14	3	18	11	0.872	matched
3	19	15					southern_only
3	19	16	3	18	12	0.798	matched
3	19	17	3	18	13	0.932	matched
3	19	18	3	18	14	0.873	matched
3	19	19	3	18	15	0.648	matched
3	19	20	3	18	16	0.637	matched
3	19	21	3	18	17	1.0	matched
3	19	22	3	18	18	0.882	matched
3	19	23	3	18	19	1.0	matched
3	19	24	3	18	20	0.841	matched
3	19	25					southern_only
3	19	26	3	18	21	0.738	matched
3	19	27					southern_only
3	20	1	3	19	1	0.833	matched
3	20	2	3	19	2	0.701	matched
3	20	3	3	19	3	0.837	matched
3	20	4	3	19	4	1.0	matched
3	20	5	3	19	5	0.823	matched
3	20	6	3	19	6	0.759	matched
3	20	7	3	19	7	0.94	matched
3	20	8	3	19	8	0.933	matched
3	20	9	3	19	9	0.693	matched
3	20	10	3	19	10	0.5	matched
3	20	11	3	19	11	0.816	matched
3	20	12	3	19	12	0.851	matched
3	20	13	3	19	13	0.938	matched
3	20	14	3	19	14	1.0	matched
3	20	15	3	19	15	0.687	matched
3	20	16	3	19	16	0.512	matched
3	20	17					southern_only
3	20	18					southern_only
3	20	19					southern_only
3	20	20					southern_only
3	20	21					southern_only
3	20	22					southern_only
3	20	23	3	19	24	0.479	fuzzy
3	20	24					southern_only
3	20	25	3	19	25	0.926	matched
3	21	1	3	20	1	0.727	matched
3	21	2	3	20	2	0.642	matched
3	21	3					southern_only
3	21	4	3	20	4	0.632	matched
3	21	5	3	20	5	0.656	matched
3	21	6	3	20	6	0.863	matched
3	21	7					southern_only
3	21	8	3	20	7	0.769	matched
3	21	9	3	20	8	0.892	matched
3	21	10	3	20	9	0.611	matched
3	21	11	3	20	10	0.96	matched
3	21	12	3	20	11	0.823	matched
3	21	13	3	20	12	0.932	matched
3	21	14	3	20	13	0.505	matched
3	21	15					southern_only
3	21	16					southern_only
3	21	17					southern_only
3	21	18					southern_only
3	21	19					southern_only
3	21	20	3	20	18	0.619	matched
3	21	21					southern_only
3	21	22					southern_only
3	22	1	3	21	1	0.792	matched
3	22	2	3	21	2	0.648	matched
3	22	3	3	21	3	0.911	matched
3	22	4	3	21	4	0.744	matched
3	22	5	3	21	5	0.935	matched
3	22	6	3	21	6	0.755	matched
3	22	7	3	21	7	0.892	matched
3	22	8	3	21	8	0.824	matched
3	22	9					southern_only
3	22	10	3	21	11	0.769	matched
3	22	11	3	21	12	0.922	matched
3	22	12	3	21	13	0.747	matched
3	22	13	3	21	14	0.935	matched
3	22	14	3	21	15	0.713	matched
3	22	15	3	21	16	0.495	fuzzy
3	22	16					southern_only
3	22	17	3	21	19	0.764	matched
3	22	18	3	21	20	0.722	matched
3	22	19	3	21	21	0.561	matched
3	22	20	3	21	22	0.933	matched
3	22	21	3	21	23	0.359	fuzzy
3	22	22	3	21	24	0.67	matched
3	22	23	3	21	25	0.64	matched
3	22	24	3	21	26	0.703	matched
3	23	1	3	22	1	0.674	matched
3	23	2	3	22	2	0.744	matched
3	23	3	3	22	3	1.0	matched
3	23	4	3	22	4	0.845	matched
3	23	5	3	22	5	0.73	matched
3	23	6	3	22	6	0.728	matched
3	23	7	3	22	7	0.353	fuzzy
3	23	8	3	22	8	0.818	matched
3	23	9	3	22	9	0.67	matched
3	23	10					southern_only
3	23	11					southern_only
3	23	12					southern_only
3	23	13					southern_only
3	23	14					southern_only
3	23	15					southern_only
3	23	16					southern_only
3	23	17					southern_only
3	23	18					southern_only
3	23	19	3	22	18	0.413	fuzzy
3	23	20					southern_only
3	23	21					southern_only
3	23	22					southern_only
3	23	23					southern_only
3	23	24					southern_only
3	23	25					southern_only
3	23	26					southern_only
3	23	27					southern_only
3	23	28					southern_only
3	23	29					southern_only
3	23	30					southern_only
3	23	31					southern_only
3	23	32					southern_only
3	23	33	3	22	33	0.489	fuzzy
3	23	34	3	22	34	0.8	matched
3	24	1	3	23	1	0.932	matched
3	24	2	3	23	2	0.626	matched
3	24	3	3	23	3	0.84	matched
3	24	4	3	23	4	0.602	matched
3	24	5	3	23	5	0.525	matched
3	24	6	3	23	6	0.878	matched
3	24	7	3	23	7	0.896	matched
3	24	8	3	23	8	1.0	matched
3	24	9	3	23	9	0.91	matched
3	24	10					southern_only
3	24	11	3	23	10	0.932	matched
3	24	12	3	23	11	0.742	matched
3	24	13	3	23	12	0.935	matched
3	24	14					southern_only
3	24	15	3	23	13	0.893	matched
3	24	16	3	23	14	0.91	matched
3	24	17	3	23	15	0.573	matched
3	24	18	3	23	16	0.656	matched
3	24	19	3	22	26	0.567	moved
3	24	20					southern_only
3	24	21					southern_only
3	24	22					southern_only
3	24	23	3	23	18	0.897	matched
3	24	24					southern_only
3	24	25					southern_only
3	24	26					southern_only
3	24	27					southern_only
3	24	28					southern_only
3	24	29					southern_only
3	24	30					southern_only
3	24	31					southern_only
3	24	32					southern_only
3	24	33					southern_only
3	24	34					southern_only
3	24	35	3	23	27	0.452	fuzzy
3	24	36					southern_only
3	25	1	3	24	1	0.937	matched
3	25	2	3	24	2	0.849	matched
3	25	3	3	24	3	0.759	matched
3	25	4	3	24	4	0.825	matched
3	25	5	3	24	5	0.765	matched
3	25	6					southern_only
3	25	7	3	24	6	0.83	matched
3	25	8	3	24	7	0.906	matched
3	25	9	3	24	8	0.381	fuzzy
3	25	10					southern_only
3	25	11					southern_only
3	25	12					southern_only
3	25	13					southern_only
3	25	14	3	24	13	0.359	fuzzy
3	25	15					southern_only
3	25	16					southern_only
3	25	17					southern_only
3	25	18					southern_only
3	25	19					southern_only
3	25	20					southern_only
3	25	21					southern_only
3	25	22					southern_only
3	25	23					southern_only
3	25	24					southern_only
3	25	25	3	24	21	0.649	matched
3	25	26	3	24	22	0.66	matched
3	25	27	3	24	23	0.762	matched
3	25	28	3	24	24	0.425	fuzzy
3	25	29					southern_only
3	25	30	3	24	25	0.613	matched
3	25	31	3	24	26	0.481	fuzzy
3	25	32	3	24	27	0.739	matched
3	25	33					southern_only
3	25	34	3	24	28	0.382	fuzzy
3	25	35					southern_only
3	25	36					southern_only
3	25	37					southern_only
3	25	38					southern_only
3	25	39					southern_only
3	25	40					southern_only
3	25	41					southern_only
3	25	42					southern_only
3	25	43					southern_only
3	25	44					southern_only
3	25	45					southern_only
3	25	46					southern_only
3	25	47					southern_only
3	26	1					southern_only
3	26	2					southern_only
3	26	3					southern_only
3	26	4					southern_only
3	26	5	3	25	3	0.36	fuzzy
3	26	6					southern_only
3	26	7					southern_only
3	26	8					southern_only
3	26	9					southern_only
3	26	10					southern_only
3	26	11					southern_only
3	26	12	3	25	6	0.484	fuzzy
3	26	13	3	25	7	0.793	matched
3	26	14	3	25	8	0.756	matched
3	26	15	3	25	9	0.817	matched
3	26	16	3	25	10	0.824	matched
3	26	17	3	25	11	0.504	matched
3	26	18	3	25	12	0.538	matched
3	26	19					southern_only
3	26	20					southern_only
3	26	21					southern_only
3	26	22					southern_only
3	26	23					southern_only
3	26	24					southern_only
3	26	25					southern_only
3	26	26					southern_only
3	26	27					southern_only
3	26	28					southern_only
3	26	29	3	25	16	0.802	matched
3	26	30	3	25	17	0.896	matched
3	26	31	3	25	18	0.813	matched
3	26	32	3	25	19	0.637	matched
3	26	33	3	25	20	0.644	matched
3	26	34	3	25	21	0.864	matched
3	26	35	3	25	22	0.889	matched
3	26	36	3	25	23	0.735	matched
3	26	37					southern_only
3	26	38	3	25	24	0.659	matched
3	27	1	3	26	1	0.756	matched
3	27	2	3	26	2	0.872	matched
3	27	3	3	26	3	0.936	matched
3	27	4	3	26	4	0.728	matched
3	27	5	3	26	5	0.864	matched
3	27	6	3	26	6	0.674	matched
3	27	7	3	26	7	0.694	matched
3	27	8	3	26	8	0.744	matched
3	27	9	3	26	9	0.94	matched
3	27	10	3	26	10	0.5	matched
3	27	11	3	26	11	0.778	matched
3	27	12	3	26	12	0.464	fuzzy
3	27	13					southern_only
3	27	14					southern_only
3	27	15					southern_only
3	27	16					southern_only
3	27	17					southern_only
3	27	18					southern_only
3	27	19					southern_only
3	27	20	3	26	20	0.465	fuzzy
3	28	1	3	27	1	0.855	matched
3	28	2	3	27	2	0.893	matched
3	28	3	3	27	3	1.0	matched
3	28	4	3	27	4	0.805	matched
3	28	5	3	27	5	0.938	matched
3	28	6	3	27	6	0.667	matched
3	28	7	3	27	7	0.646	matched
3	28	8	3	27	8	0.735	matched
3	28	9	3	27	9	0.845	matched
3	28	10	3	27	10	0.753	matched
3	28	11	3	27	11	0.939	matched
3	28	12					southern_only
3	28	13	3	27	12	0.875	matched
3	28	14	3	27	13	0.722	matched
3	28	15	3	27	14	0.606	matched
3	28	16	3	27	15	0.793	matched
3	28	17					southern_only
3	28	18	3	27	16	0.852	matched
3	28	19	3	27	17	0.821	matched
3	28	20	3	27	18	0.847	matched
3	28	21	3	27	19	0.644	matched
3	28	22	3	27	20	0.76	matched
3	28	23	3	27	21	0.877	matched
3	28	24	3	27	22	0.918	matched
3	28	25	3	27	23	0.902	matched
3	28	26	3	27	24	0.84	matched
3	28	27	3	27	25	0.615	matched
3	28	28	3	27	26	0.535	matched
3	28	29	3	27	27	0.552	matched
3	28	30					southern_only
3	28	31	3	27	28	0.417	fuzzy
3	28	32	3	27	29	0.765	matched
3	28	33	3	27	30	0.761	matched
3	29	1	3	28	1	1.0	matched
3	29	2	3	28	2	0.934	matched
3	29	3	3	28	3	0.904	matched
3	29	4	3	28	4	0.938	matched
3	29	5	3	28	5	0.641	matched
3	29	6	3	28	6	1.0	matched
3	29	7	3	28	7	1.0	matched
3	29	8	3	28	8	0.933	matched
3	29	9	3	28	9	0.931	matched
3	29	10	3	28	10	0.785	matched
3	29	11	3	28	11	0.756	matched
3	29	12	3	28	12	0.824	matched
3	29	13	3	28	13	0.802	matched
3	29	14	3	28	14	0.759	matched
3	29	15	3	28	15	0.744	matched
3	29	16	3	28	16	0.944	matched
3	29	17	3	28	17	0.893	matched
3	29	18	3	28	18	0.787	matched
3	29	19	3	28	19	0.912	matched
3	29	20	3	28	20	0.829	matched
3	29	21	3	28	21	0.835	matched
3	29	22	3	28	22	0.848	matched
3	29	23	3	28	23	0.563	matched
3	29	24	3	28	24	0.8	matched
3	29	25	3	28	25	0.614	matched
3	29	26	3	28	26	0.81	matched
3	29	27	3	28	27	0.557	matched
3	29	28	3	28	28	0.786	matched
3	30	1	3	29	1	0.92	matched
3	30	2	3	29	2	0.872	matched
3	30	3	3	29	3	1.0	matched
3	30	4	3	29	4	0.741	matched
3	30	5	3	29	5	1.0	matched
3	30	6	3	29	6	0.802	matched
3	30	7	3	29	7	1.0	matched
3	30	8	3	29	8	0.892	matched
3	30	9	3	29	9	0.855	matched
3	30	10	3	29	10	0.846	matched
3	30	11	3	29	11	0.558	matched
3	30	12	3	29	12	0.852	matched
3	30	13	3	29	13	0.936	matched
3	30	14	3	29	14	0.696	matched
3	30	15	3	29	15	0.932	matched
3	30	16	3	29	16	0.907	matched
3	30	17	3	29	17	0.637	matched
3	30	18	3	29	18	0.845	matched
3	30	19	3	29	19	0.77	matched
3	30	20	3	29	20	0.759	matched
3	30	21	3	29	21	0.604	matched
3	30	22	3	29	22	0.7	matched
3	30	23	3	29	23	0.653	matched
3	30	24	3	29	24	0.84	matched
3	30	25	3	29	25	0.802	matched
3	30	26	3	29	26	0.729	matched
3	30	27	3	29	27	0.75	matched
3	30	28	3	29	28	0.762	matched
3	30	29					southern_only
3	30	30					southern_only
3	30	31					southern_only
3	30	32					southern_only
3	30	33					southern_only
3	30	34					southern_only
3	30	35					southern_only
3	30	36					southern_only
3	30	37					southern_only
3	30	38					southern_only
3	30	39					southern_only
3	30	40					southern_only
3	30	41					southern_only
3	31	1					southern_only
3	31	2					southern_only
3	31	3					southern_only
3	31	4					southern_only
3	31	5					southern_only
3	31	6					southern_only
3	31	7					southern_only
3	31	8					southern_only
3	31	9					southern_only
3	31	10					southern_only
3	31	11					southern_only
3	31	12					southern_only
3	31	13					southern_only
3	31	14					southern_only
3	31	15					southern_only
3	31	16					southern_only
3	31	17					southern_only
3	31	18					southern_only
3	31	19					southern_only
3	31	20					southern_only
3	31	21					southern_only
3	31	22					southern_only
3	31	23					southern_only
3	31	24					southern_only
3	31	25					southern_only
3	31	26					southern_only
3	31	27					southern_only
3	31	28					southern_only
3	31	29					southern_only
3	31	30					southern_only
3	31	31					southern_only
3	31	32					southern_only
3	31	33					southern_only
3	31	34					southern_only
3	31	35					southern_only
3	31	36					southern_only
3	31	37					southern_only
3	31	38					southern_only
3	31	39					southern_only
3	31	40					southern_only
3	31	41					southern_only
3	31	42					southern_only
3	31	43					southern_only
3	31	44					southern_only
3	31	45					southern_only
3	31	46					southern_only
3	31	47					southern_only
3	31	48					southern_only
3	31	49					southern_only
3	31	50					southern_only
3	32	1	3	30	1	0.892	matched
3	32	2	3	30	2	0.878	matched
3	32	3	3	30	3	0.896	matched
3	32	4	3	30	4	0.747	matched
3	32	5	3	30	5	0.907	matched
3	32	6	3	30	6	0.756	matched
3	32	7	3	30	7	0.726	matched
3	32	8	3	30	8	0.897	matched
3	32	9	3	30	9	0.793	matched
3	32	10					southern_only
3	32	11					southern_only
3	32	12					southern_only
3	32	13					southern_only
3	32	14	3	30	14	0.417	fuzzy
3	32	15					southern_only
3	32	16					southern_only
3	32	17					southern_only
3	32	18					southern_only
3	32	19					southern_only
3	32	20					southern_only
3	32	21	3	30	20	0.609	matched
3	32	22	3	30	21	0.58	matched
3	32	23					southern_only
3	32	24					southern_only
3	32	25	3	30	22	0.775	matched
3	33	1	3	31	1	0.892	matched
3	33	2	3	31	2	0.942	matched
3	33	3	3	31	3	0.938	matched
3	33	4	3	31	4	0.759	matched
3	33	5	3	31	5	0.895	matched
3	33	6	3	31	6	1.0	matched
3	33	7	3	31	7	0.814	matched
3	33	8					southern_only
3	33	9	3	31	8	0.682	matched
3	33	10	3	31	9	0.914	matched
3	33	11	3	31	10	0.611	matched
3	33	12	3	31	11	0.792	matched
3	33	13	3	31	12	0.77	matched
3	33	14	3	31	13	0.67	matched
3	33	15	3	31	14	0.941	matched
3	33	16	3	31	15	0.827	matched
3	33	17	3	31	16	0.608	matched
3	33	18	3	31	17	0.763	matched
3	33	19	3	31	18	0.91	matched
3	33	20	3	31	19	0.821	matched
3	33	21	3	31	20	0.786	matched
3	33	22	3	31	21	0.563	matched
3	33	23	3	31	22	0.709	matched
3	33	24	3	31	23	0.896	matched
3	34	1	3	32	1	0.695	matched
3	34	2	3	32	2	0.778	matched
3	34	3	3	32	3	0.455	fuzzy
3	34	4					southern_only
3	34	5					southern_only
3	34	6					southern_only
3	34	7					southern_only
3	34	8	3	32	8	0.386	fuzzy
3	34	9					southern_only
3	34	10					southern_only
3	34	11	3	32	10	0.416	fuzzy
3	34	12	3	32	11	0.762	matched
3	34	13	3	32	12	0.72	matched
3	34	14	3	32	13	0.741	matched
3	34	15					southern_only
3	34	16					southern_only
3	34	17					southern_only
3	34	18	3	32	15	0.827	matched
3	34	19	3	32	16	0.721	matched
3	34	20	3	32	17	0.689	matched
3	34	21	3	32	18	0.688	matched
3	34	22					southern_only
3	34	23	3	32	20	0.643	matched
3	34	24	3	32	23	0.716	matched
3	34	25					southern_only
3	34	26	3	32	24	0.762	matched
3	35	1	3	33	1	0.869	matched
3	35	2	3	33	2	0.722	matched
3	35	3	3	33	3	0.805	matched
3	35	4	3	33	4	0.75	matched
3	35	5	3	33	5	0.756	matched
3	35	6	3	33	6	0.91	matched
3	35	7	3	33	7	0.94	matched
3	35	8	3	33	8	0.636	matched
3	35	9	3	33	9	0.678	matched
3	35	10	3	33	10	0.936	matched
3	35	11	3	33	11	0.948	matched
3	35	12	3	33	12	0.674	matched
3	35	13	3	33	13	0.444	fuzzy
3	35	14	3	33	14	0.78	matched
3	35	15					southern_only
3	35	16	3	33	16	0.741	matched
3	35	17	3	33	17	0.511	matched
3	35	18	3	33	18	0.8	matched
3	35	19	3	33	19	0.928	matched
3	35	20	3	33	20	0.765	matched
3	35	21	3	33	21	1.0	matched
3	35	22	3	33	22	0.812	matched
3	35	23	3	33	23	1.0	matched
3	35	24	3	33	24	0.409	fuzzy
3	35	25	3	33	25	0.614	matched
3	35	26	3	33	26	0.761	matched
3	35	27	3	33	27	0.622	matched
3	35	28	3	33	28	0.6	matched
3	35	29	3	33	29	0.436	fuzzy
3	35	30					southern_only
3	35	31					southern_only
3	35	32					southern_only
3	35	33	3	33	32	0.686	matched
3	35	34	3	33	33	0.792	matched
3	35	35	3	33	34	0.852	matched
3	35	36	3	33	35	0.849	matched
3	35	37	3	33	36	0.933	matched
3	35	38	3	33	37	0.867	matched
3	35	39					southern_only
3	35	40					southern_only
3	35	41					southern_only
3	35	42					southern_only
3	36	1	3	34	1	0.844	matched
3	36	2	3	34	2	0.802	matched
3	36	3	3	34	3	0.831	matched
3	36	4	3	34	4	0.893	matched
3	36	5	3	34	5	0.934	matched
3	36	6	3	34	6	0.734	matched
3	36	7					southern_only
3	36	8					southern_only
3	36	9					southern_only
3	36	10					southern_only
3	36	11					southern_only
3	36	12					southern_only
3	36	13					southern_only
3	36	14					southern_only
3	36	15					southern_only
3	36	16					southern_only
3	36	17	3	34	16	0.721	matched
3	36	18	3	34	17	0.9	matched
3	36	19	3	34	18	0.939	matched
3	36	20	3	34	19	0.721	matched
3	36	21	3	34	20	0.747	matched
3	36	22	3	34	21	0.902	matched
3	36	23					southern_only
3	36	24	3	34	22	0.824	matched
3	37	1	3	35	1	0.883	matched
3	37	2	3	35	2	1.0	matched
3	37	3	3	35	3	0.706	matched
3	37	4	3	35	4	0.81	matched
3	37	5	3	35	5	0.741	matched
3	37	6	3	35	6	1.0	matched
3	37	7	3	35	7	0.904	matched
3	37	8	3	35	8	0.835	matched
3	37	9	3	35	9	0.714	matched
3	37	10	3	35	10	0.938	matched
3	37	11	3	35	11	0.894	matched
3	37	12	3	35	12	0.703	matched
3	37	13	3	35	13	1.0	matched
3	37	14	3	35	14	0.773	matched
3	37	15	3	35	15	0.789	matched
3	37	16	3	35	16	0.681	matched
3	37	17	3	35	17	0.611	matched
3	37	18	3	35	18	0.838	matched
3	37	19					southern_only
3	37	20					southern_only
3	37	21	3	35	20	0.588	matched
3	37	22					southern_only
3	37	23	3	35	21	0.716	matched
3	37	24	3	35	22	0.655	matched
3	37	25	3	35	23	0.951	matched
3	38	1	3	36	1	0.829	matched
3	38	2	3	36	2	0.516	matched
3	38	3					southern_only
3	38	4					southern_only
3	38	5					southern_only
3	38	6					southern_only
3	38	7					southern_only
3	38	8					southern_only
3	38	9					southern_only
3	38	10					southern_only
3	38	11	3	36	8	0.615	matched
3	38	12	3	36	9	0.818	matched
3	38	13	3	36	10	0.809	matched
3	38	14	3	36	11	1.0	matched
3	38	15	3	36	12	0.878	matched
3	38	16	3	36	13	0.52	matched
3	38	17	3	36	14	0.663	matched
3	38	18	3	36	15	0.674	matched
3	38	19	3	36	16	0.829	matched
3	38	20					southern_only
3	38	21	3	36	17	0.54	matched
3	38	22	3	36	18	0.709	matched
3	38	23	3	36	19	0.767	matched
3	38	24	3	36	20	0.75	matched
3	38	25	3	36	21	0.941	matched
3	38	26	3	36	22	0.81	matched
3	38	27	3	36	23	0.76	matched
3	38	28	3	36	24	0.889	matched
3	38	29	3	36	25	1.0	matched
3	38	30					southern_only
3	38	31					southern_only
3	38	32					southern_only
3	38	33	3	36	28	0.955	matched
3	39	1	3	37	1	0.591	matched
3	39	2	3	37	2	0.723	matched
3	39	3	3	37	3	0.682	matched
3	39	4	3	37	4	0.75	matched
3	39	5	3	37	5	0.608	matched
3	39	6	3	37	6	0.622	matched
3	39	7	3	37	7	0.838	matched
3	39	8	3	37	8	0.769	matched
3	39	9	3	37	9	0.835	matched
3	39	10	3	37	10	0.626	matched
3	39	11	3	37	11	0.546	matched
3	39	12	3	37	12	0.897	matched
3	39	13	3	37	13	0.7	matched
3	39	14	3	37	14	0.733	matched
3	39	15	3	37	15	0.812	matched
3	39	16	3	37	16	1.0	matched
3	39	17	3	37	17	1.0	matched
3	39	18	3	37	18	0.675	matched
3	39	19					southern_only
3	39	20	3	37	19	0.539	matched
3	39	21	3	39	13	0.907	moved
3	39	22					southern_only
3	39	23					southern_only
3	39	24	3	48	13	0.528	moved
3	39	25	3	37	20	0.681	matched
3	40	1	3	38	1	0.724	matched
3	40	2	3	38	2	1.0	matched
3	40	3	3	38	3	0.736	matched
3	40	4	3	38	4	0.77	matched
3	40	5	3	38	5	0.925	matched
3	40	6	3	38	6	1.0	matched
3	40	7	3	38	7	0.587	matched
3	40	8	3	38	8	0.713	matched
3	40	9	3	38	9	0.753	matched
3	40	10	3	38	10	0.936	matched
3	40	11	3	38	11	0.542	matched
3	40	12					southern_only
3	40	13	3	38	12	0.357	fuzzy
3	40	14	3	38	13	0.745	matched
3	40	15	3	38	14	0.589	matched
3	40	16					southern_only
3	40	17					southern_only
3	40	18					southern_only
3	40	19	3	38	16	0.705	matched
3	40	20					southern_only
3	40	21					southern_only
3	40	22	3	38	17	0.783	matched
3	40	23	3	38	18	0.758	matched
3	40	24					southern_only
3	40	25	3	38	19	0.661	matched
3	40	26	3	38	20	0.664	matched
3	40	27	3	38	21	0.704	matched
3	41	1	3	39	1	0.471	fuzzy
3	41	2	3	39	2	0.671	matched
3	41	3	3	39	3	0.753	matched
3	41	4	3	39	4	0.911	matched
3	41	5	3	39	5	0.613	matched
3	41	6	3	39	6	0.788	matched
3	41	7	3	39	7	0.895	matched
3	41	8	3	39	8	0.899	matched
3	41	9	3	39	9	0.94	matched
3	41	10	3	39	10	0.753	matched
3	41	11	3	39	11	0.865	matched
3	41	12	3	39	12	0.774	matched
3	41	13	3	39	13	1.0	matched
3	41	14	3	39	14	0.892	matched
3	41	15	3	46	21	0.802	moved
3	41	16	3	39	16	0.543	matched
3	41	17	3	39	17	0.611	matched
3	41	18	3	39	18	0.775	matched
3	41	19	3	39	19	0.667	matched
3	41	20	3	39	20	0.769	matched
3	42	1	3	40	1	0.677	matched
3	42	2	3	40	2	0.667	matched
3	42	3					southern_only
3	42	4	3	40	3	0.724	matched
3	42	5	3	40	4	0.852	matched
3	42	6	3	40	5	0.44	fuzzy
3	42	7	3	40	6	0.934	matched
3	42	8					southern_only
3	42	9					southern_only
3	42	10					southern_only
3	42	11					southern_only
3	42	12	3	40	10	0.412	fuzzy
3	42	13					southern_only
3	42	14					southern_only
3	42	15					southern_only
3	42	16	3	40	13	0.929	matched
3	42	17	3	40	14	0.689	matched
3	42	18	3	40	15	0.691	matched
3	42	19	3	40	16	0.812	matched
3	42	20	3	40	17	0.936	matched
3	42	21	3	40	18	1.0	matched
3	42	22	3	40	19	0.632	matched
3	42	23	3	40	20	0.787	matched
3	42	24	3	40	21	0.87	matched
3	42	25	3	40	22	0.893	matched
3	42	26	3	40	23	0.877	matched
3	42	27	3	40	24	0.889	matched
3	42	28	3	40	25	0.91	matched
3	42	29	3	40	26	0.905	matched
3	42	30	3	40	27	0.938	matched
3	42	31	3	40	28	0.667	matched
3	42	32	3	40	29	0.586	matched
3	42	33					southern_only
3	42	34					southern_only
3	42	35	3	40	32	0.644	matched
3	43	1	3	41	1	1.0	matched
3	43	2	3	41	2	0.824	matched
3	43	3					southern_only
3	43	4	3	41	3	0.84	matched
3	43	5	3	41	4	0.812	matched
3	43	6	3	41	5	0.781	matched
3	43	7	3	41	6	1.0	matched
3	43	8	3	41	7	0.747	matched
3	43	9	3	41	8	0.908	matched
3	43	10	3	41	9	0.67	matched
3	43	11	3	41	10	0.625	matched
3	43	12	3	41	11	0.643	matched
3	43	13	3	41	12	0.756	matched
3	43	14	3	41	13	0.656	matched
3	43	15	3	41	14	0.622	matched
3	43	16	3	41	15	0.835	matched
3	43	17	3	41	16	0.895	matched
3	43	18	3	41	17	0.937	matched
3	43	19	3	41	18	0.79	matched
3	43	20	3	41	19	0.848	matched
3	43	21	3	41	20	0.922	matched
3	43	22	3	41	21	0.626	matched
3	43	23	3	41	22	0.374	fuzzy
3	43	24					southern_only
3	43	25	3	41	23	0.649	matched
3	43	26	3	41	24	0.915	matched
3	43	27	3	41	25	0.835	matched
3	43	28	3	41	26	0.764	matched
3	43	29	3	41	27	0.6	matched
3	43	30	3	41	28	1.0	matched
3	43	31	3	41	29	0.896	matched
3	43	32	3	41	30	0.855	matched
3	43	33	3	41	31	1.0	matched
3	43	34	3	41	32	0.678	matched
3	43	35	3	41	33	1.0	matched
3	43	36	3	41	34	0.718	matched
3	43	37	3	41	35	0.718	matched
3	43	38	3	41	36	0.551	matched
3	43	39	3	41	37	0.766	matched
3	43	40	3	41	38	0.531	matched
3	43	41	3	41	39	0.81	matched
3	43	42	3	41	40	0.626	matched
3	43	43	3	41	41	0.899	matched
3	43	44	3	41	42	0.67	matched
3	43	45	3	41	43	0.554	matched
3	43	46	3	41	44	0.534	matched
3	43	47	3	41	45	0.932	matched
3	43	48	3	41	46	0.819	matched
3	43	49	3	41	47	0.808	matched
3	43	50	3	41	48	0.678	matched
3	43	51	3	41	49	0.914	matched
3	44	1	3	42	1	0.855	matched
3	44	2	3	42	2	0.641	matched
3	44	3	3	42	3	0.705	matched
3	44	4	3	42	4	0.637	matched
3	44	5	3	42	5	0.734	matched
3	44	6	3	42	6	0.706	matched
3	44	7	3	42	7	0.724	matched
3	44	8					southern_only
3	44	9					southern_only
3	44	10					southern_only
3	44	11					southern_only
3	44	12					southern_only
3	44	13					southern_only
3	44	14					southern_only
3	44	15					southern_only
3	44	16					southern_only
3	44	17	3	42	13	0.562	matched
3	44	18					southern_only
3	44	19	3	42	14	0.741	matched
3	44	20	3	42	15	0.492	fuzzy
3	44	21					southern_only
3	44	22					southern_only
3	44	23					southern_only
3	44	24	3	42	18	0.692	matched
3	44	25	3	42	19	0.759	matched
3	44	26	3	42	20	0.936	matched
3	44	27	3	42	21	0.786	matched
3	45	1	3	43	1	0.899	matched
3	45	2	3	43	2	0.877	matched
3	45	3	3	43	3	0.897	matched
3	45	4	3	43	4	0.702	matched
3	45	5	3	43	5	0.633	matched
3	45	6	3	43	6	0.872	matched
3	45	7					southern_only
3	45	8					southern_only
3	45	9					southern_only
3	45	10					southern_only
3	45	11					southern_only
3	45	12					southern_only
3	45	13					southern_only
3	45	14					southern_only
3	45	15					southern_only
3	45	16					southern_only
3	45	17					southern_only
3	45	18					southern_only
3	45	19					southern_only
3	45	20					southern_only
3	45	21	3	43	19	0.352	fuzzy
3	45	22					southern_only
3	45	23	3	43	21	0.713	matched
3	45	24	3	43	22	0.815	matched
3	45	25					southern_only
3	45	26					southern_only
3	45	27					southern_only
3	45	28					southern_only
3	45	29	3	43	26	0.357	fuzzy
3	45	30					southern_only
3	45	31					southern_only
3	45	32					southern_only
3	45	33					southern_only
3	45	34	3	43	31	0.664	matched
3	45	35	3	43	32	0.84	matched
3	45	36	3	43	33	0.817	matched
3	45	37	3	43	34	0.681	matched
3	45	38	3	43	35	0.823	matched
3	45	39	3	43	36	0.744	matched
3	45	40	3	43	37	0.758	matched
3	46	1	3	44	1	0.762	matched
3	46	2	3	44	2	0.96	matched
3	46	3	3	44	3	0.496	fuzzy
3	46	4					southern_only
3	46	5					southern_only
3	46	6					southern_only
3	46	7					southern_only
3	46	8					southern_only
3	46	9					southern_only
3	46	10	3	44	9	0.48	fuzzy
3	46	11	3	44	10	0.381	fuzzy
3	46	12	3	44	11	0.795	matched
3	46	13	3	44	12	0.817	matched
3	46	14	3	44	13	0.608	matched
3	46	15	3	44	14	1.0	matched
3	46	16	3	44	15	0.873	matched
3	46	17	3	44	16	0.788	matched
3	46	18	3	44	17	0.897	matched
3	46	19	3	44	18	0.695	matched
3	46	20	3	44	19	0.742	matched
3	46	21	3	44	20	0.924	matched
3	46	22	3	44	21	0.833	matched
3	46	23					southern_only
3	46	24					southern_only
3	46	25					southern_only
3	46	26					southern_only
3	46	27	3	44	26	0.358	fuzzy
3	46	28					southern_only
3	46	29	3	44	28	0.361	fuzzy
3	46	30	3	44	29	0.369	fuzzy
3	46	31					southern_only
3	46	32					southern_only
3	46	33	3	44	31	0.627	matched
3	46	34	3	44	32	0.788	matched
3	46	35	3	44	33	0.802	matched
3	46	36	3	44	34	0.85	matched
3	46	37	3	44	35	0.795	matched
3	46	38	3	44	36	0.85	matched
3	47	1	3	45	1	0.926	matched
3	47	2	3	45	2	0.713	matched
3	47	3	3	45	3	0.609	matched
3	47	4	3	45	4	0.451	fuzzy
3	47	5					southern_only
3	47	6	3	45	6	0.875	matched
3	47	7	3	45	7	0.621	matched
3	47	8					southern_only
3	47	9					southern_only
3	47	10					southern_only
3	47	11					southern_only
3	47	12					southern_only
3	47	13					southern_only
3	47	14					southern_only
3	47	15					southern_only
3	47	16					southern_only
3	47	17					southern_only
3	47	18					southern_only
3	47	19	3	45	16	0.419	fuzzy
3	47	20					southern_only
3	47	21					southern_only
3	47	22					southern_only
3	47	23					southern_only
3	47	24	3	45	20	0.835	matched
3	47	25	3	45	21	0.802	matched
3	47	26	3	45	22	0.534	matched
3	47	27	3	45	23	0.795	matched
3	47	28	3	45	24	0.833	matched
3	47	29	3	45	25	1.0	matched
3	47	30	3	45	26	0.787	matched
3	47	31	3	45	27	0.933	matched
3	47	32	3	45	28	0.778	matched
3	47	33	3	45	29	0.805	matched
3	47	34					southern_only
3	47	35	3	45	30	0.9	matched
3	47	36	3	45	31	0.935	matched
3	47	37	3	45	32	0.768	matched
3	47	38	3	45	33	0.809	matched
3	47	39	3	45	34	0.802	matched
3	47	40	3	45	35	1.0	matched
3	47	41	3	45	36	0.878	matched
3	47	42	3	45	37	0.613	matched
3	47	43	3	45	38	0.451	fuzzy
3	47	44	3	45	39	0.67	matched
3	47	45	3	45	40	0.688	matched
3	47	46	3	45	41	0.743	matched
3	47	47	3	45	42	0.583	matched
3	47	48	3	45	43	0.851	matched
3	47	49	3	45	44	0.675	matched
3	47	50	3	45	45	0.904	matched
3	48	1	3	46	1	0.845	matched
3	48	2	3	46	2	0.846	matched
3	48	3	3	46	3	0.719	matched
3	48	4	3	46	4	0.833	matched
3	48	5	3	46	5	0.872	matched
3	48	6	3	46	6	1.0	matched
3	48	7	3	46	7	0.814	matched
3	48	8	3	46	8	0.744	matched
3	48	9	3	46	9	0.581	matched
3	48	10	3	46	10	0.663	matched
3	48	11	3	46	11	1.0	matched
3	48	12	3	46	12	0.486	fuzzy
3	48	13	3	46	13	0.868	matched
3	48	14	3	46	14	0.816	matched
3	48	15	3	46	15	0.905	matched
3	48	16	3	46	16	1.0	matched
3	48	17	3	46	17	0.726	matched
3	48	18	3	46	18	0.759	matched
3	48	19					southern_only
3	48	20	3	46	19	0.934	matched
3	48	21	3	46	20	0.869	matched
3	48	22	3	46	21	0.802	matched
3	48	23	3	46	22	0.805	matched
3	48	24	3	46	23	0.697	matched
3	49	1	3	47	1	0.907	matched
3	49	2	3	47	2	0.582	matched
3	49	3	3	47	3	1.0	matched
3	49	4	3	47	4	0.764	matched
3	49	5	3	47	5	0.899	matched
3	49	6	3	47	6	0.697	matched
3	49	7					southern_only
3	49	8					southern_only
3	49	9					southern_only
3	49	10	3	47	10	0.708	matched
3	49	11	3	47	11	0.934	matched
3	49	12	3	47	12	0.415	fuzzy
3	49	13					southern_only
3	49	14					southern_only
3	49	15					southern_only
3	49	16					southern_only
3	49	17	3	47	16	0.795	matched
3	49	18	3	47	17	0.806	matched
3	49	19	3	47	18	1.0	matched
3	49	20	3	47	19	0.681	matched
3	49	21	3	47	20	0.691	matched
3	49	22	3	47	21	0.756	matched
3	49	23	3	47	22	0.829	matched
3	49	24	3	47	23	1.0	matched
3	49	25	3	47	24	0.909	matched
3	49	26	3	47	25	0.671	matched
3	49	27	3	47	26	0.705	matched
3	49	28	3	47	27	0.686	matched
3	49	29	3	47	28	0.885	matched
3	49	30	3	47	29	0.892	matched
3	49	31	3	47	31	0.807	matched
3	49	32	3	47	32	0.814	matched
3	49	33	3	47	33	0.725	matched
3	49	34	3	47	34	0.744	matched
3	49	35	3	47	35	0.822	matched
3	49	36					southern_only
3	49	37					southern_only
3	49	38					southern_only
3	49	39					southern_only
3	49	40	3	47	36	1.0	matched
3	50	1	3	48	1	0.814	matched
3	50	2	3	48	2	0.677	matched
3	50	3					southern_only
3	50	4					southern_only
3	50	5					southern_only
3	50	6					southern_only
3	50	7	3	48	6	0.509	matched
3	50	8	3	48	7	0.652	matched
3	50	9	3	48	8	0.831	matched
3	50	10	3	48	9	0.759	matched
3	50	11	3	48	10	0.892	matched
3	50	12	3	48	11	0.541	matched
3	50	13	3	48	12	0.873	matched
3	50	14	3	48	13	0.84	matched
3	50	15	3	48	14	0.84	matched
3	50	16	3	48	15	0.759	matched
3	50	17	3	48	16	0.88	matched
3	50	18	3	48	17	0.659	matched
3	50	19	3	48	18	0.556	matched
3	50	20	3	48	19	0.718	matched
3	50	21	3	48	20	0.542	matched
3	50	22	3	48	21	0.67	matched
3	50	23	3	48	22	0.819	matched
3	50	24	3	48	23	0.797	matched
3	50	25	3	48	24	0.851	matched
3	50	26	3	48	25	0.78	matched
3	50	27	3	48	26	0.929	matched
3	50	28	3	48	27	0.775	matched
3	51	1	3	49	2	0.566	matched
3	51	2	3	49	3	0.427	fuzzy
3	51	3	3	49	4	0.591	matched
3	51	4	3	49	5	0.633	matched
3	51	5	3	49	6	0.771	matched
3	51	6	3	49	7	1.0	matched
3	51	7	3	49	8	0.642	matched
3	51	8	3	49	9	0.676	matched
3	51	9	3	49	10	0.905	matched
3	51	10	3	49	11	0.759	matched
3	51	11					southern_only
3	51	12					southern_only
3	51	13					southern_only
3	51	14	3	49	12	0.887	matched
3	51	15	3	49	13	0.705	matched
3	51	16	3	49	14	0.416	fuzzy
3	51	17					southern_only
3	51	18					southern_only
3	51	19	3	49	15	0.878	matched
3	51	20	3	49	16	0.909	matched
3	51	21	3	49	17	1.0	matched
3	51	22					southern_only
3	51	23					southern_only
3	51	24	3	49	19	0.81	matched
3	51	25	3	49	20	0.738	matched
3	51	26	3	49	21	1.0	matched
3	51	27	3	49	22	0.756	matched
3	51	28	3	49	23	0.873	matched
3	51	29	3	49	24	0.835	matched
3	51	30	3	49	25	0.819	matched
3	51	31	3	49	26	0.759	matched
3	51	32	3	49	27	0.793	matched
3	51	33	3	49	28	0.901	matched
3	51	34	3	49	29	0.57	matched
3	51	35	3	49	30	0.579	matched
3	51	36	3	49	31	0.902	matched
3	51	37	3	49	32	0.761	matched
3	51	38	3	49	33	0.604	matched
3	51	39					southern_only
3	51	40	3	49	34	0.805	matched
3	51	41	3	49	35	0.843	matched
3	51	42	3	49	36	0.813	matched
3	51	43	3	49	37	0.823	matched
3	51	44	3	49	38	0.94	matched
3	51	45	3	49	39	0.833	matched
3	51	46	3	49	40	0.651	matched
3	52	1	3	50	2	0.785	matched
3	52	2	3	50	3	0.738	matched
3	52	3	3	50	4	0.815	matched
3	52	4					southern_only
3	52	5	3	50	5	0.66	matched
3	52	6	3	50	6	0.875	matched
3	52	7	3	50	7	0.84	matched
3	52	8	3	50	8	0.795	matched
3	52	9	3	50	9	0.878	matched
3	52	10					southern_only
3	52	11					southern_only
3	52	12					southern_only
3	52	13	3	50	12	0.495	fuzzy
3	52	14	3	50	13	0.75	matched
3	52	15	3	50	14	0.753	matched
3	52	16	3	50	15	0.627	matched
3	52	17	3	50	16	0.875	matched
3	52	18	3	50	17	0.671	matched
3	52	19	3	50	18	0.534	matched
3	52	20					southern_only
3	52	21	3	50	19	0.849	matched
3	52	22	3	50	20	0.686	matched
3	52	23	3	50	21	0.724	matched
3	52	24	3	50	22	0.587	matched
3	52	25	3	50	23	0.931	matched
3	52	26	3	50	24	0.944	matched
3	52	27	3	50	25	0.829	matched
3	52	28	3	50	26	0.759	matched
3	52	29	3	50	27	0.54	matched
3	52	30	3	50	28	0.689	matched
3	52	31	3	50	29	0.723	matched
3	52	32	3	50	30	0.625	matched
3	52	33	3	50	31	0.59	matched
3	52	34	3	50	32	0.648	matched
3	52	35	3	50	33	0.75	matched
3	52	36	3	50	34	0.719	matched
3	52	37	3	50	35	0.793	matched
3	52	38	3	50	36	1.0	matched
3	52	39	3	50	37	0.859	matched
3	52	40	3	50	38	0.792	matched
3	52	41	3	50	39	0.526	matched
3	52	42	3	50	40	0.885	matched
3	52	43	3	50	41	0.927	matched
3	52	44	3	50	42	0.862	matched
3	53	1	3	51	1	0.835	matched
3	53	2	3	51	2	0.818	matched
3	53	3	3	51	3	0.931	matched
3	53	4	3	51	4	0.569	matched
3	53	5					southern_only
3	53	6	3	51	5	0.866	matched
3	53	7	3	51	6	0.873	matched
3	53	8	3	51	7	1.0	matched
3	53	9	3	51	8	0.934	matched
3	53	10	3	51	9	0.81	matched
3	53	11	3	51	10	0.828	matched
3	53	12	3	51	11	0.649	matched
3	53	13	3	51	12	0.595	matched
3	53	14					southern_only
3	53	15					southern_only
3	53	16					southern_only
3	53	17					southern_only
3	53	18					southern_only
3	53	19					southern_only
3	53	20					southern_only
3	53	21					southern_only
3	53	22					southern_only
3	53	23					southern_only
3	53	24					southern_only
3	53	25	3	51	24	0.483	fuzzy
3	53	26	3	51	25	0.887	matched
3	54	1	3	52	1	0.741	matched
3	54	2	3	52	2	0.616	matched
3	54	3	3	52	3	0.377	fuzzy
3	54	4					southern_only
3	54	5					southern_only
3	54	6					southern_only
3	54	7					southern_only
3	54	8	3	52	8	0.427	fuzzy
3	54	9					southern_only
3	54	10					southern_only
3	54	11					southern_only
3	54	12	3	52	11	0.352	fuzzy
3	54	13					southern_only
3	54	14					southern_only
3	54	15					southern_only
3	54	16					southern_only
3	54	17					southern_only
3	54	18	3	52	17	0.583	matched
3	54	19	3	52	18	0.918	matched
3	54	20	3	52	19	0.933	matched
3	54	21	3	52	20	0.9	matched
3	54	22	3	52	21	0.466	fuzzy
3	54	23	3	52	22	0.756	matched
3	54	24	3	52	23	0.8	matched
3	54	25	3	52	24	0.717	matched
3	54	26	3	52	25	0.697	matched
3	54	27	3	52	26	0.727	matched
3	54	28	3	52	27	0.609	matched
3	54	29	3	52	28	0.891	matched
3	54	30	3	52	29	0.868	matched
3	55	1	3	53	1	0.849	matched
3	55	2	3	53	2	0.824	matched
3	55	3	3	53	3	0.625	matched
3	55	4	3	53	4	0.788	matched
3	55	5	3	53	5	0.545	matched
3	55	6	3	53	6	0.659	matched
3	55	7	3	53	7	0.895	matched
3	55	8	3	53	8	0.528	matched
3	55	9	3	53	9	0.671	matched
3	55	10	3	53	10	0.685	matched
3	55	11	3	53	11	1.0	matched
3	55	12	3	53	12	0.895	matched
3	55	13	3	53	13	0.49	fuzzy
3	55	14	3	53	14	0.667	matched
3	55	15	3	53	15	0.903	matched
3	55	16	3	53	16	0.835	matched
3	55	17	3	53	17	0.574	matched
3	55	18	3	53	18	0.877	matched
3	55	19	3	53	19	0.613	matched
3	55	20	3	53	20	1.0	matched
3	55	21	3	53	21	0.688	matched
3	55	22	3	53	22	0.678	matched
3	55	23	3	53	23	0.713	matched
3	55	24	3	53	24	0.635	matched
3	55	25	3	53	25	0.735	matched
3	55	26					southern_only
3	55	27					southern_only
3	55	28					southern_only
3	55	29					southern_only
3	55	30					southern_only
3	55	31	3	53	30	0.908	matched
3	55	32					southern_only
3	55	33					southern_only
3	55	34					southern_only
3	55	35	3	53	32	0.689	matched
3	55	36	3	53	33	0.8	matched
3	55	37	3	53	34	0.523	matched
3	56	1	3	54	1	0.793	matched
3	56	2	3	54	2	0.75	matched
3	56	3	3	54	3	0.805	matched
3	56	4	3	54	4	0.904	matched
3	56	5	3	54	5	0.824	matched
3	56	6	3	54	6	1.0	matched
3	56	7	3	54	7	0.802	matched
3	56	8	3	54	8	0.533	matched
3	56	9	3	54	9	0.709	matched
3	56	10	3	54	10	0.466	fuzzy
3	56	11	3	54	11	0.728	matched
3	56	12	3	54	12	0.685	matched
3	56	13	3	54	13	0.831	matched
3	56	14	3	54	14	0.88	matched
3	56	15	3	54	15	0.831	matched
3	56	16	3	54	16	1.0	matched
3	56	17	3	54	17	0.793	matched
3	56	18	3	54	18	0.849	matched
3	56	19					southern_only
3	56	20					southern_only
3	56	21	3	54	19	0.5	matched
3	56	22					southern_only
3	56	23					southern_only
3	56	24					southern_only
3	56	25	3	54	22	0.434	fuzzy
3	56	26	3	54	23	0.823	matched
3	56	27	3	54	24	0.652	matched
3	56	28	3	54	25	0.805	matched
3	56	29	3	54	26	0.728	matched
3	56	30	3	54	27	0.883	matched
3	56	31	3	54	28	0.753	matched
3	56	32	3	54	29	0.855	matched
3	56	33	3	54	30	0.696	matched
3	56	34	3	54	31	0.933	matched
3	56	35					southern_only
3	56	36	3	54	32	0.825	matched
3	57	1	3	55	1	1.0	matched
3	57	2	3	55	2	0.692	matched
3	57	3	3	55	3	1.0	matched
3	57	4	3	55	4	0.674	matched
3	57	5	3	55	5	0.893	matched
3	57	6	3	55	6	0.783	matched
3	57	7	3	55	7	0.845	matched
3	57	8	3	55	8	0.485	fuzzy
3	57	9	3	55	9	0.598	matched
3	57	10					southern_only
3	57	11					southern_only
3	57	12					southern_only
3	57	13					southern_only
3	57	14					southern_only
3	57	15	3	55	13	0.382	fuzzy
3	57	16	3	55	15	0.361	fuzzy
3	57	17					southern_only
3	57	18					southern_only
3	57	19					southern_only
3	57	20					southern_only
3	57	21					southern_only
3	57	22	3	55	19	0.739	matched
3	57	23	3	55	20	0.777	matched
3	58	1	3	56	1	0.795	matched
3	58	2	3	56	2	0.878	matched
3	58	3	3	56	3	1.0	matched
3	58	4	3	56	4	0.766	matched
3	58	5	3	56	5	0.677	matched
3	58	6	3	56	6	0.762	matched
3	58	7	3	56	7	1.0	matched
3	58	8	3	56	8	0.874	matched
3	58	9	3	56	9	0.883	matched
3	58	10	3	56	10	0.931	matched
3	58	11	3	56	11	0.893	matched
3	58	12	3	56	12	0.838	matched
3	58	13	3	56	13	0.67	matched
3	58	14	3	56	14	0.702	matched
3	58	15	3	56	15	1.0	matched
3	58	16	3	56	16	0.845	matched
3	58	17	3	56	17	0.815	matched
3	58	18	3	56	18	0.931	matched
3	58	19	3	56	19	0.817	matched
3	58	20	3	56	20	0.812	matched
3	59	1	3	57	1	0.795	matched
3	59	2	3	57	2	0.69	matched
3	59	3	3	57	3	0.878	matched
3	59	4	3	57	4	0.9	matched
3	59	5	3	57	5	0.795	matched
3	59	6	3	57	6	0.608	matched
3	59	7	3	57	7	0.509	matched
3	59	8	3	57	8	0.824	matched
3	59	9	3	57	9	0.685	matched
3	59	10	3	57	10	0.579	matched
3	59	11	3	57	11	0.765	matched
3	59	12	3	57	12	0.58	matched
3	59	13					southern_only
3	59	14	3	57	13	0.488	fuzzy
3	59	15					southern_only
3	59	16	3	57	14	0.928	matched
3	59	17	3	57	15	0.831	matched
3	59	18	3	57	16	0.716	matched
3	59	19	3	57	17	0.657	matched
3	59	20	3	57	18	0.816	matched
3	59	21	3	57	19	0.807	matched
3	59	22	3	57	20	0.67	matched
3	59	23	3	57	21	0.862	matched
3	59	24	3	57	22	0.84	matched
3	59	25	3	57	23	0.773	matched
3	59	26	3	57	24	1.0	matched
3	59	27	3	57	25	0.692	matched
3	60	1	3	58	1	0.634	matched
3	60	2	3	58	2	0.9	matched
3	60	3	3	58	3	0.823	matched
3	60	4	3	58	4	0.84	matched
3	60	5	3	58	5	0.792	matched
3	60	6	3	58	6	0.731	matched
3	60	7	3	58	7	0.823	matched
3	60	8	3	58	8	0.725	matched
3	60	9	3	58	9	0.831	matched
3	60	10	3	58	10	0.543	matched
3	60	11	3	58	11	0.546	matched
3	60	12	3	58	12	0.925	matched
3	60	13	3	58	13	0.723	matched
3	60	14	3	58	14	0.718	matched
3	60	15	3	58	15	0.759	matched
3	60	16	3	58	16	0.64	matched
3	60	17	3	58	17	0.662	matched
3	60	18	3	58	18	1.0	matched
3	60	19	3	58	19	0.618	matched
3	60	20					southern_only
3	60	21					southern_only
3	60	22					southern_only
3	60	23	3	58	20	0.877	matched
3	60	24	3	58	21	0.893	matched
3	60	25	3	58	22	0.843	matched
3	60	26	3	58	23	0.67	matched
3	60	27	3	58	24	0.785	matched
3	60	28	3	58	25	0.744	matched
3	60	29	3	58	26	0.729	matched
3	60	30	3	58	27	0.877	matched
3	60	31					southern_only
3	60	32					southern_only
3	60	33	3	58	29	0.406	fuzzy
3	60	34	3	58	30	0.359	fuzzy
3	60	35					southern_only
3	60	36					southern_only
3	60	37	3	58	34	0.55	matched
3	60	38	3	58	35	0.785	matched
3	61	1	3	59	1	0.625	matched
3	61	2	3	59	2	1.0	matched
3	61	3	3	59	3	0.929	matched
3	61	4	3	59	4	0.776	matched
3	61	5	3	59	5	0.62	matched
3	61	6					southern_only
3	61	7	3	59	7	0.357	fuzzy
3	61	8					southern_only
3	61	9	3	59	8	0.36	fuzzy
3	61	10					southern_only
3	61	11					southern_only
3	61	12					southern_only
3	61	13	3	59	12	0.676	matched
3	61	14	3	59	13	0.534	matched
3	61	15	3	59	14	0.721	matched
3	61	16	3	59	15	0.613	matched
3	61	17					southern_only
3	61	18	3	59	16	0.621	matched
3	61	19	3	59	17	0.548	matched
3	61	20					southern_only
3	61	21	3	59	18	0.392	fuzzy
3	61	22	3	59	20	0.396	fuzzy
3	61	23					southern_only
3	61	24					southern_only
3	61	25					southern_only
3	61	26	3	59	24	0.527	matched
3	61	27	3	59	25	0.905	matched
3	61	28	3	59	26	0.652	matched
3	61	29	3	59	27	1.0	matched
3	61	30	3	59	28	0.648	matched
3	61	31	3	59	29	0.73	matched
3	62	1					southern_only
3	62	2					southern_only
3	62	3					southern_only
3	62	4					southern_only
3	62	5					southern_only
3	62	6					southern_only
3	62	7					southern_only
3	62	8					southern_only
3	62	9					southern_only
3	62	10					southern_only
3	62	11					southern_only
3	62	12					southern_only
3	62	13					southern_only
3	62	14					southern_only
3	62	15					southern_only
3	62	16					southern_only
3	62	17					southern_only
3	62	18					southern_only
3	62	19					southern_only
3	62	20					southern_only
3	63	1					southern_only
3	63	2					southern_only
3	63	3					southern_only
3	63	4					southern_only
3	63	5					southern_only
3	63	6					southern_only
3	63	7					southern_only
3	63	8					southern_only
3	63	9					southern_only
3	63	10					southern_only
3	63	11					southern_only
3	63	12					southern_only
3	63	13					southern_only
3	63	14					southern_only
3	63	15					southern_only
3	63	16					southern_only
3	63	17					southern_only
3	63	18					southern_only
3	63	19					southern_only
3	63	20					southern_only
3	64	1	3	60	1	0.707	matched
3	64	2					southern_only
3	64	3	3	60	2	0.393	fuzzy
3	64	4					southern_only
3	64	5					southern_only
3	64	6	3	60	6	0.403	fuzzy
3	64	7	3	60	7	0.932	matched
3	64	8	3	60	8	0.663	matched
3	64	9	3	60	9	0.841	matched
3	64	10	3	60	10	0.882	matched
3	64	11					southern_only
3	64	12					southern_only
3	64	13	3	60	12	0.364	fuzzy
3	64	14	3	60	13	0.369	fuzzy
3	64	15					southern_only
3	64	16					southern_only
3	64	17					southern_only
3	64	18					southern_only
3	64	19					southern_only
3	64	20					southern_only
3	64	21					southern_only
3	64	22					southern_only
3	64	23					southern_only
3	64	24					southern_only
3	64	25					southern_only
3	64	26					southern_only
3	64	27					southern_only
3	64	28					southern_only
3	64	29					southern_only
3	64	30					southern_only
3	64	31	3	60	19	0.744	matched
3	64	32					southern_only
3	64	33					southern_only
3	64	34					southern_only
3	64	35					southern_only
3	64	36					southern_only
3	64	37					southern_only
3	64	38					southern_only
3	64	39	3	60	24	0.812	matched
3	64	40	3	60	25	0.899	matched
3	64	41	3	60	26	1.0	matched
3	64	42	3	60	27	0.843	matched
3	64	43	3	60	28	0.802	matched
3	64	44					southern_only
3	64	45	3	60	30	0.377	fuzzy
3	64	46					southern_only
3	64	47					southern_only
3	64	48					southern_only
3	64	49					southern_only
3	64	50					southern_only
3	64	51	3	60	34	0.775	matched
3	64	52	3	60	35	0.889	matched
3	64	53	3	60	36	0.887	matched
3	64	54	3	60	37	0.893	matched
3	64	55	3	60	38	0.887	matched
3	64	56	3	60	39	0.629	matched
3	64	57					southern_only
3	64	58	3	60	40	0.831	matched
3	64	59	3	60	41	0.741	matched
3	64	60	3	60	42	0.88	matched
3	64	61	3	60	43	0.878	matched
3	64	62					southern_only
3	64	63					southern_only
3	64	64					southern_only
3	64	65					southern_only
3	64	66					southern_only
3	64	67					southern_only
3	64	68	3	60	49	0.423	fuzzy
3	64	69	3	60	50	0.511	matched
3	64	70					southern_only
3	64	71					southern_only
3	64	72					southern_only
3	64	73					southern_only
3	64	74					southern_only
3	64	75					southern_only
3	64	76	3	60	51	0.795	matched
3	64	77	3	60	52	0.829	matched
3	65	1	3	61	1	0.932	matched
3	65	2					southern_only
3	65	3	3	61	3	0.818	matched
3	65	4	3	61	4	0.897	matched
3	65	5	3	61	5	0.769	matched
3	65	6					southern_only
3	65	7					southern_only
3	65	8					southern_only
3	65	9	3	61	8	0.384	fuzzy
3	65	10					southern_only
3	65	11	3	61	11	0.361	fuzzy
3	65	12					southern_only
3	65	13	3	61	12	0.355	fuzzy
3	65	14					southern_only
3	65	15	3	61	15	0.558	matched
3	65	16	3	61	16	0.795	matched
3	66	1	3	62	1	0.855	matched
3	66	2	3	62	2	0.759	matched
3	66	3	3	62	3	0.658	matched
3	66	4	3	62	4	0.667	matched
3	66	5	3	62	5	0.795	matched
3	66	6					southern_only
3	66	7	3	62	6	0.798	matched
3	66	8	3	62	7	0.67	matched
3	66	9	3	62	8	0.638	matched
3	66	10	3	62	9	0.373	fuzzy
3	66	11	3	62	10	0.862	matched
3	66	12	3	62	11	0.803	matched
3	66	13	3	62	12	0.78	matched
3	66	14	3	62	13	0.557	matched
3	66	15	3	62	14	0.551	matched
3	66	16	3	62	15	0.934	matched
3	66	17	3	62	16	0.744	matched
3	66	18	3	62	17	0.522	matched
3	66	19	3	62	18	0.688	matched
3	66	20	3	62	19	0.759	matched
3	66	21	3	62	20	0.883	matched
3	67	1	3	63	1	0.768	matched
3	67	2	3	63	2	0.725	matched
3	67	3	3	63	3	0.768	matched
3	67	4	3	63	4	0.947	matched
3	67	5	3	63	5	0.786	matched
3	67	6	3	63	6	0.727	matched
3	67	7	3	63	7	0.802	matched
3	67	8	3	63	8	0.624	matched
3	67	9	3	63	9	0.758	matched
3	67	10	3	63	10	0.628	matched
3	67	11					southern_only
3	67	12	3	63	11	0.5	matched
3	67	13	3	63	12	0.637	matched
3	67	14	3	63	13	0.934	matched
3	67	15	3	63	14	0.753	matched
3	67	16	3	63	15	1.0	matched
3	67	17	3	63	16	0.604	matched
3	67	18	3	63	17	0.684	matched
3	67	19					southern_only
3	67	20	3	63	18	0.635	matched
3	67	21	3	63	19	0.55	matched
3	67	22					southern_only
3	67	23	3	63	20	0.54	matched
3	67	24	3	63	21	0.41	fuzzy
3	67	25	3	63	22	0.767	matched
3	67	26	3	63	23	0.686	matched
3	67	27	3	63	24	0.933	matched
3	67	28	3	63	25	0.922	matched
3	67	29	3	63	26	0.9	matched
3	68	1	3	64	1	1.0	matched
3	68	2	3	64	2	0.557	matched
3	68	3	3	64	3	0.667	matched
3	68	4	3	64	4	0.932	matched
3	68	5	3	64	5	0.618	matched
3	68	6	3	64	6	0.652	matched
3	68	7	3	64	7	0.938	matched
3	68	8	3	64	8	0.355	fuzzy
3	68	9	3	64	9	0.679	matched
3	68	10	3	64	10	0.798	matched
3	68	11	3	64	11	1.0	matched
3	68	12	3	64	12	1.0	matched
3	68	13	3	64	13	0.496	fuzzy
3	68	14	3	64	14	0.8	matched
3	68	15	3	64	15	0.85	matched
3	68	16	3	64	16	0.812	matched
3	68	17	3	64	17	0.935	matched
3	68	18	3	64	18	1.0	matched
3	68	19	3	64	19	0.732	matched
3	68	20	3	64	20	0.89	matched
3	68	21	3	64	21	0.725	matched
3	68	22	3	64	22	0.711	matched
3	68	23	3	64	23	0.893	matched
3	68	24	3	64	24	0.812	matched
3	68	25	3	64	25	0.908	matched
3	68	26	3	64	26	0.692	matched
3	68	27	3	64	27	1.0	matched
3	68	28	3	64	28	0.91	matched
3	68	29	3	64	29	0.675	matched
3	68	30	3	64	30	0.896	matched
3	68	31	3	64	31	1.0	matched
3	68	32	3	64	32	0.819	matched
3	68	33	3	64	33	0.88	matched
3	68	34	3	64	34	0.826	matched
3	68	35	3	64	35	0.75	matched
3	68	36					southern_only
3	68	37	3	64	36	0.93	matched
3	68	38					southern_only
3	69	1	3	65	1	0.739	matched
3	69	2	3	65	2	0.938	matched
3	69	3	3	65	3	0.688	matched
3	69	4	3	65	4	0.934	matched
3	69	5	3	65	5	0.852	matched
3	69	6	3	65	6	0.833	matched
3	69	7	3	65	7	0.7	matched
3	69	8					southern_only
3	69	9					southern_only
3	69	10					southern_only
3	69	11					southern_only
3	69	12					southern_only
3	69	13					southern_only
3	69	14					southern_only
3	69	15					southern_only
3	69	16					southern_only
3	69	17					southern_only
3	69	18					southern_only
3	69	19					southern_only
3	69	20	3	65	8	0.812	matched
3	69	21	3	65	9	0.589	matched
3	69	22	3	65	10	0.852	matched
3	69	23	3	65	11	0.734	matched
3	69	24	3	65	12	0.578	matched
3	69	25	3	65	13	0.709	matched
3	69	26	3	65	14	0.606	matched
3	69	27	3	65	15	0.67	matched
3	69	28	3	65	16	0.727	matched
3	69	29					southern_only
3	69	30					southern_only
3	69	31	3	65	18	0.351	fuzzy
3	69	32	3	65	19	0.368	fuzzy
3	69	33					southern_only
3	69	34	3	65	21	0.364	fuzzy
3	69	35	3	65	22	0.807	matched
3	69	36	3	65	23	1.0	matched
3	69	37					southern_only
3	69	38					southern_only
3	69	39					southern_only
3	69	40					southern_only
3	69	41					southern_only
3	69	42					southern_only
3	69	43	3	65	24	0.821	matched
3	69	44	3	65	25	0.559	matched
3	69	45	3	65	26	0.563	matched
3	69	46					southern_only
3	69	47	3	65	28	0.364	fuzzy
3	69	48					southern_only
3	69	49	3	65	29	0.654	matched
3	69	50	3	65	30	0.625	matched
3	69	51	3	65	31	0.955	matched
3	70	1	3	66	1	1.0	matched
3	70	2	3	66	2	0.817	matched
3	70	3	3	66	3	0.761	matched
3	70	4	3	66	4	0.637	matched
3	70	5					southern_only
3	70	6					southern_only
3	70	7					southern_only
3	70	8	3	66	5	0.753	matched
3	70	9	3	66	6	0.829	matched
3	70	10	3	66	7	0.679	matched
3	70	11	3	66	8	0.904	matched
3	70	12	3	66	9	1.0	matched
3	70	13	3	66	10	0.793	matched
3	70	14					southern_only
3	70	15	3	66	11	0.769	matched
3	70	16	3	66	12	0.886	matched
3	70	17	3	66	13	0.652	matched
3	70	18	3	66	14	0.761	matched
3	70	19	3	66	15	0.6	matched
3	71	1	3	67	1	0.552	matched
3	71	2					southern_only
3	71	3	3	67	3	0.356	fuzzy
3	71	4					southern_only
3	71	5					southern_only
3	71	6					southern_only
3	71	7	3	67	7	0.371	fuzzy
3	71	8					southern_only
3	71	9					southern_only
3	71	10					southern_only
3	71	11					southern_only
3	71	12					southern_only
3	71	13					southern_only
3	71	14					southern_only
3	71	15					southern_only
3	71	16					southern_only
3	71	17					southern_only
3	71	18					southern_only
3	71	19	3	67	16	0.36	fuzzy
3	71	20					southern_only
3	71	21					southern_only
3	71	22	3	67	19	0.404	fuzzy
3	71	23	3	67	20	0.363	fuzzy
3	71	24	3	67	21	0.359	fuzzy
3	71	25					southern_only
3	71	26	3	67	23	0.358	fuzzy
3	71	27					southern_only
3	71	28	3	67	25	0.4	fuzzy
3	71	29	3	67	26	0.897	matched
3	71	30	3	67	27	0.9	matched
3	71	31	3	67	28	0.744	matched
3	71	32	3	67	29	0.571	matched
3	71	33	3	67	30	1.0	matched
3	71	34	3	67	31	0.701	matched
3	72	1	3	68	1	0.885	matched
3	72	2	3	68	2	0.718	matched
3	72	3	3	68	3	0.778	matched
3	72	4	3	68	4	0.714	matched
3	72	5	3	68	5	0.798	matched
3	72	6	3	68	6	1.0	matched
3	72	7	3	68	7	0.807	matched
3	72	8	3	68	8	0.878	matched
3	72	9	3	68	9	0.845	matched
3	72	10	3	68	10	0.919	matched
3	72	11	3	68	11	1.0	matched
3	72	12	3	68	12	0.802	matched
3	72	13					southern_only
3	72	14					southern_only
3	72	15					southern_only
3	72	16					southern_only
3	72	17					southern_only
3	72	18					southern_only
3	72	19	3	68	15	0.352	fuzzy
3	72	20	3	68	16	0.378	fuzzy
3	72	21					southern_only
3	72	22	3	68	18	0.36	fuzzy
3	72	23					southern_only
3	72	24					southern_only
3	72	25					southern_only
3	72	26					southern_only
3	72	27	3	68	22	0.672	matched
3	73	1	3	69	1	0.705	matched
3	73	2	3	69	2	0.896	matched
3	73	3	3	69	3	0.805	matched
3	73	4					southern_only
3	73	5					southern_only
3	73	6					southern_only
3	73	7					southern_only
3	73	8					southern_only
3	73	9					southern_only
3	73	10					southern_only
3	73	11					southern_only
3	73	12					southern_only
3	73	13					southern_only
3	73	14					southern_only
3	73	15					southern_only
3	73	16					southern_only
3	73	17					southern_only
3	73	18					southern_only
3	73	19					southern_only
3	73	20	3	69	14	0.407	fuzzy
3	73	21					southern_only
3	73	22					southern_only
3	73	23					southern_only
3	73	24	3	69	17	0.845	matched
3	73	25	3	69	18	1.0	matched
3	73	26	3	69	19	0.667	matched
3	73	27	3	69	20	0.893	matched
3	73	28	3	69	21	0.732	matched
3	73	29	3	69	22	0.531	matched
3	73	30					southern_only
3	73	31					southern_only
3	73	32	3	69	24	0.472	fuzzy
3	73	33	3	69	25	0.916	matched
3	73	34	3	69	26	0.624	matched
3	73	35	3	69	27	0.67	matched
3	73	36	3	69	28	0.905	matched
3	73	37					southern_only
3	73	38					southern_only
3	73	39					southern_only
3	73	40	3	69	30	0.369	fuzzy
3	73	41					southern_only
3	73	42					southern_only
3	73	43	3	69	33	0.47	fuzzy
3	73	44					southern_only
3	73	45	3	69	35	0.356	fuzzy
3	73	46	3	69	36	0.78	matched
3	74	1	3	70	1	0.845	matched
3	74	2	3	70	2	0.781	matched
3	74	3	3	70	3	0.9	matched
3	74	4	3	70	4	0.805	matched
3	74	5	3	70	5	0.807	matched
3	74	6	3	70	6	0.855	matched
3	74	7					southern_only
3	74	8	3	70	7	0.371	fuzzy
3	74	9	3	70	8	0.72	matched
3	74	10	3	70	9	0.767	matched
3	74	11					southern_only
3	74	12					southern_only
3	74	13					southern_only
3	74	14	3	70	10	0.807	matched
3	74	15	3	70	11	0.75	matched
3	74	16	3	70	12	0.733	matched
3	74	17					southern_only
3	74	18					southern_only
3	74	20					southern_only
3	74	21	3	70	17	0.369	fuzzy
3	74	22	3	70	18	0.439	fuzzy
3	74	23	3	70	19	0.807	matched
3	74	24	3	70	20	0.782	matched
3	74	25	3	70	21	0.743	matched
3	74	26	3	70	22	0.638	matched
3	74	27					southern_only
3	74	28	3	70	23	0.704	matched
3	74	29	3	70	24	0.831	matched
3	74	30	3	70	25	0.397	fuzzy
3	74	31					southern_only
3	74	32					southern_only
3	74	33					southern_only
3	74	34					southern_only
3	74	35	3	70	27	0.885	matched
3	75	1	3	71	1	0.793	matched
3	75	2	3	71	2	0.857	matched
3	75	3	3	71	3	0.711	matched
3	75	4	3	71	4	0.702	matched
3	75	5	3	71	5	0.775	matched
3	75	6	3	71	6	0.901	matched
3	75	7	3	71	7	0.492	fuzzy
3	75	8					southern_only
3	75	9					southern_only
3	75	10					southern_only
3	75	11					southern_only
3	75	12					southern_only
3	75	13	3	71	12	0.824	matched
3	75	14	3	71	13	0.709	matched
3	75	15					southern_only
3	75	16					southern_only
3	75	17					southern_only
3	75	18					southern_only
3	75	19	3	71	17	0.567	matched
3	75	20	3	71	18	0.626	matched
3	75	21	3	71	19	0.703	matched
3	75	22	3	71	20	0.899	matched
3	75	23	3	71	21	0.578	matched
3	75	24	3	71	22	0.444	fuzzy
3	75	25					southern_only
3	75	26					southern_only
3	75	27	3	71	25	0.354	fuzzy
3	75	28					southern_only
3	75	29					southern_only
3	75	30	3	71	26	0.566	matched
5	1	1	5	1	1	1.0	matched
5	1	2					southern_only
5	1	3	5	1	2	1.0	matched
5	1	4	5	1	3	1.0	matched
5	1	5	5	1	4	0.699	matched
5	1	6	5	1	5	0.898	matched
5	1	7	5	1	6	1.0	matched
5	1	8	5	1	7	1.0	matched
5	1	9	5	1	8	0.896	matched
5	1	10	5	1	9	1.0	matched
5	1	11	5	1	10	1.0	matched
5	1	12	5	1	11	0.889	matched
5	1	13	5	1	12	1.0	matched
5	1	14	5	1	13	0.933	matched
5	1	15	5	1	14	0.702	matched
5	1	16					southern_only
5	1	17	5	1	15	0.733	matched
5	1	18	5	1	16	1.0	matched
5	1	19	5	1	17	0.839	matched
5	1	20	5	1	18	0.901	matched
5	1	21	5	1	19	1.0	matched
5	1	22	5	1	20	1.0	matched
5	1	23	5	1	21	1.0	matched
5	1	24	5	1	22	1.0	matched
5	1	25	5	1	23	1.0	matched
5	1	26	5	1	24	1.0	matched
5	1	27	5	1	25	1.0	matched
5	1	28	5	1	26	1.0	matched
5	1	29	5	1	27	0.707	matched
5	1	30	5	1	28	1.0	matched
5	1	31					southern_only
5	1	32	5	1	29	0.877	matched
5	1	33	5	1	30	0.805	matched
5	1	34	5	1	31	1.0	matched
5	1	35	5	1	32	0.844	matched
5	1	36	5	1	33	1.0	matched
5	1	37	5	1	34	1.0	matched
5	1	38	5	1	35	0.705	matched
5	1	39					southern_only
5	1	40	5	1	37	0.414	fuzzy
5	1	41	5	1	38	0.37	fuzzy
5	1	42	5	1	39	0.495	fuzzy
5	1	43					southern_only
5	1	44					southern_only
5	1	45	5	1	41	0.803	matched
5	1	46	5	1	42	1.0	matched
5	1	47	5	1	43	0.88	matched
5	1	48	5	1	44	1.0	matched
5	1	49	5	1	45	1.0	matched
5	1	50	5	1	46	1.0	matched
5	1	51	5	1	47	1.0	matched
5	1	52	5	1	48	0.896	matched
5	1	53	5	1	49	0.685	matched
5	1	54	5	1	50	0.812	matched
5	1	55	5	1	51	0.929	matched
5	1	56	5	1	52	1.0	matched
5	1	57	5	1	53	1.0	matched
5	1	58	5	1	54	1.0	matched
5	1	59	5	1	55	1.0	matched
5	1	60	5	1	56	0.87	matched
5	1	61	5	1	57	0.974	matched
5	1	62	5	1	58	0.81	matched
5	1	63	5	1	59	0.877	matched
5	1	64	5	1	60	1.0	matched
5	1	65	5	1	61	1.0	matched
5	1	66	5	1	62	0.933	matched
5	1	67	5	1	63	1.0	matched
5	1	68	5	1	64	0.867	matched
5	1	69	5	1	65	1.0	matched
5	1	70	5	1	66	0.723	matched
5	1	71	5	1	67	0.369	fuzzy
5	1	72					southern_only
5	1	73					southern_only
5	1	74					southern_only
5	1	75	5	1	68	0.663	matched
5	1	76	5	1	69	0.889	matched
5	1	77	5	1	70	0.738	matched
5	1	78					southern_only
5	1	79					southern_only
5	1	80					southern_only
5	1	81	5	55	6	0.704	moved
5	1	82	5	55	7	0.85	moved
5	1	83	5	1	71	0.741	matched
5	1	84	5	1	72	1.0	matched
5	1	85	5	1	73	0.783	matched
5	1	86	5	1	74	0.579	matched
5	1	87	5	1	75	1.0	matched
5	1	88	5	1	76	1.0	matched
5	1	89	5	1	77	0.753	matched
5	1	90	5	1	78	0.728	matched
5	1	91	5	1	79	1.0	matched
5	1	92	5	1	80	0.474	fuzzy
5	1	93	5	1	81	1.0	matched
5	1	94	5	1	82	1.0	matched
5	1	95	5	1	83	0.885	matched
5	1	96	5	1	84	0.986	matched
5	1	97	5	1	85	1.0	matched
5	1	98	5	1	86	1.0	matched
5	1	99	5	1	87	1.0	matched
5	1	100	5	1	88	1.0	matched
5	1	101	5	1	89	0.747	matched
5	1	102	5	1	90	0.835	matched
5	1	103					southern_only
5	1	104	5	1	91	1.0	matched
5	1	105	5	1	92	1.0	matched
5	1	106	5	1	93	0.809	matched
5	1	107	5	1	94	0.872	matched
5	1	108	5	1	95	1.0	matched
5	1	109	5	1	96	0.732	matched
5	1	110	5	1	97	0.606	matched
5	1	111					southern_only
5	1	112					southern_only
5	1	113					southern_only
5	1	114	5	1	100	0.377	fuzzy
5	1	115	5	1	101	0.579	matched
5	1	116	5	1	102	0.694	matched
5	1	117	5	1	103	0.613	matched
5	1	118	5	1	104	1.0	matched
5	1	119	5	1	105	1.0	matched
5	1	120	5	1	106	1.0	matched
5	1	121	5	1	107	0.899	matched
5	1	122	5	1	108	0.857	matched
5	1	123	5	1	109	1.0	matched
5	1	124	5	1	110	0.823	matched
5	1	125	5	1	111	1.0	matched
5	1	126	5	1	112	1.0	matched
5	1	127	5	1	113	0.663	matched
5	1	128	5	1	114	1.0	matched
5	1	129	5	1	115	0.855	matched
5	1	130	5	1	116	1.0	matched
5	1	131	5	1	117	1.0	matched
5	1	132	5	1	118	1.0	matched
5	1	133	5	1	119	0.778	matched
5	1	134	5	1	120	0.747	matched
5	1	135	5	1	121	0.602	matched
5	1	136	5	1	122	1.0	matched
5	1	137	5	1	123	1.0	matched
5	1	138	5	1	124	1.0	matched
5	1	139	5	1	125	1.0	matched
5	1	140	5	1	126	1.0	matched
5	1	141	5	1	127	0.656	matched
5	1	142	5	1	128	0.889	matched
5	1	143	5	1	129	1.0	matched
5	1	144	5	1	130	1.0	matched
5	1	145	5	1	131	1.0	matched
5	1	146	5	1	132	1.0	matched
5	1	147	5	1	133	0.701	matched
5	1	148	5	1	134	1.0	matched
5	1	149	5	1	135	1.0	matched
5	1	150	5	1	136	0.924	matched
5	1	151					southern_only
5	1	152	5	1	138	0.685	matched
5	1	153	5	1	139	0.958	matched
5	1	154	5	1	140	1.0	matched
5	1	155	5	1	141	1.0	matched
5	1	156	5	1	142	1.0	matched
5	1	157					southern_only
5	1	158					southern_only
5	1	159					southern_only
5	1	160	5	1	143	0.41	fuzzy
5	1	161	5	1	145	0.7	matched
5	1	162	5	1	146	1.0	matched
5	1	163	5	1	147	0.78	matched
5	1	164	5	1	148	0.811	matched
5	1	165	5	1	149	0.893	matched
5	1	166	5	1	150	0.851	matched
5	1	167	5	1	151	1.0	matched
5	1	168	5	1	152	0.703	matched
5	1	169	5	1	153	0.736	matched
5	1	170	5	1	154	1.0	matched
5	1	171	5	1	155	1.0	matched
5	1	172	5	1	156	1.0	matched
5	1	173	5	1	157	1.0	matched
5	1	174	5	1	158	1.0	matched
5	1	175	5	1	159	1.0	matched
5	1	176	5	1	160	0.596	matched
5	1	177	5	1	161	1.0	matched
5	1	178	5	1	162	1.0	matched
5	1	179	5	1	163	0.892	matched
5	1	180					southern_only
5	1	181					southern_only
5	1	182					southern_only
5	1	183	5	1	165	0.353	fuzzy
5	1	184					southern_only
5	1	185					southern_only
5	1	186	5	1	168	0.366	fuzzy
5	1	187					southern_only
5	1	188					southern_only
5	1	189					southern_only
5	1	190	5	1	171	1.0	matched
5	1	191	5	1	172	1.0	matched
5	1	192	5	1	173	1.0	matched
5	1	193					southern_only
5	1	194	5	1	174	0.388	fuzzy
5	1	195					southern_only
5	1	196	5	1	177	0.43	fuzzy
5	1	197					southern_only
5	1	198					southern_only
5	1	199	5	1	178	0.812	matched
5	1	200	5	1	179	1.0	matched
5	1	201	5	1	180	1.0	matched
5	1	202	5	1	181	0.762	matched
5	1	203	5	1	182	0.866	matched
5	1	204	5	1	183	1.0	matched
5	1	205	5	1	184	1.0	matched
5	1	206	5	1	185	0.873	matched
5	1	207	5	1	186	1.0	matched
5	1	208	5	1	187	1.0	matched
5	1	209					southern_only
5	1	210	5	1	188	0.927	matched
5	1	211	5	1	189	0.814	matched
5	1	212					southern_only
5	1	213	5	1	190	1.0	matched
5	2	1	5	2	1	0.727	matched
5	2	2	5	2	2	0.756	matched
5	2	3	5	2	3	0.916	matched
5	2	4	5	2	4	1.0	matched
5	2	5	5	2	5	1.0	matched
5	2	6	5	2	6	0.825	matched
5	2	7	5	2	7	1.0	matched
5	2	8	5	2	8	0.842	matched
5	2	9	5	2	9	1.0	matched
5	2	10	5	2	10	1.0	matched
5	2	11	5	2	11	1.0	matched
5	2	12	5	2	12	0.867	matched
5	2	13	5	2	13	1.0	matched
5	2	14	5	2	14	1.0	matched
5	2	15	5	2	15	0.861	matched
5	2	16					southern_only
5	2	17					southern_only
5	2	18	5	2	17	0.857	matched
5	2	19	5	2	18	0.908	matched
5	2	20	5	2	19	0.867	matched
5	2	21	5	2	22	0.857	moved
5	2	22					southern_only
5	2	23	5	2	23	0.55	moved
5	2	24	5	2	20	1.0	matched
5	2	25	5	2	21	0.924	matched
5	2	26	5	2	24	1.0	matched
5	2	27	5	2	25	1.0	matched
5	2	28	5	2	26	0.756	matched
5	2	29	5	2	27	0.769	matched
5	2	30	5	2	28	0.765	matched
5	2	31	5	2	29	1.0	matched
5	2	32	5	2	30	0.798	matched
5	2	33	5	2	31	1.0	matched
5	2	34	5	2	32	0.762	matched
5	2	35	5	2	33	0.911	matched
5	2	36	5	2	34	1.0	matched
5	2	37	5	2	35	1.0	matched
5	2	38	5	2	36	0.867	matched
5	2	39	5	28	37	1.0	moved
5	2	40	5	28	38	1.0	moved
5	2	41	5	28	39	0.864	moved
5	2	42	5	2	40	1.0	matched
5	2	43	5	2	41	1.0	matched
5	2	44	5	2	42	0.693	matched
5	2	45	5	2	43	0.867	matched
5	2	46	5	2	44	1.0	matched
5	2	47	5	2	45	0.795	matched
5	2	48	5	2	46	0.555	matched
5	2	49					southern_only
5	2	50	5	2	47	1.0	matched
5	2	51	5	2	48	0.818	matched
5	2	52	5	2	49	1.0	matched
5	2	53	5	2	50	0.892	matched
5	2	54	5	2	51	1.0	matched
5	2	55	5	2	52	1.0	matched
5	2	56	5	2	53	0.843	matched
5	2	57	5	2	54	0.85	matched
5	2	58	5	2	55	1.0	matched
5	3	1	5	3	1	1.0	matched
5	3	2	5	3	2	1.0	matched
5	3	3	5	3	3	1.0	matched
5	3	4	5	3	4	0.865	matched
5	3	5	5	3	5	1.0	matched
5	3	6	5	3	6	0.805	matched
5	3	7	5	3	7	1.0	matched
5	3	8	5	3	8	1.0	matched
5	3	9	5	3	9	0.9	matched
5	3	10	5	3	10	0.857	matched
5	3	11	5	3	11	0.78	matched
5	3	12	5	3	12	1.0	matched
5	3	13	5	3	13	0.835	matched
5	3	14	5	3	14	0.857	matched
5	3	15	5	3	15	1.0	matched
5	3	16	5	3	16	0.756	matched
5	3	17	5	3	17	0.897	matched
5	3	18	5	3	18	0.899	matched
5	3	19	5	3	19	0.878	matched
5	3	20					southern_only
5	3	21					southern_only
5	3	22					southern_only
5	3	23					southern_only
5	3	24					southern_only
5	3	25					southern_only
5	3	26					southern_only
5	3	27					southern_only
5	3	28					southern_only
5	3	29					southern_only
5	3	30					southern_only
5	3	31					southern_only
5	3	32					southern_only
5	3	33					southern_only
5	3	34					southern_only
5	3	35					southern_only
5	3	36					southern_only
5	3	37					southern_only
5	3	38					southern_only
5	3	39					southern_only
5	3	40					southern_only
5	3	41					southern_only
5	3	42					southern_only
5	3	43					southern_only
5	3	44					southern_only
5	3	45					southern_only
5	3	46					southern_only
5	3	47					southern_only
5	3	48					southern_only
5	3	49					southern_only
5	3	50					southern_only
5	3	51					southern_only
5	4	1					southern_only
5	4	2					southern_only
5	4	3					southern_only
5	4	4	5	3	20	1.0	matched
5	4	5					southern_only
5	4	6	5	3	21	0.647	matched
5	4	7	5	3	22	0.722	matched
5	4	8					southern_only
5	4	9					southern_only
5	4	10					southern_only
5	4	11					southern_only
5	4	12	5	3	25	0.573	matched
5	4	13	5	3	26	0.363	fuzzy
5	4	14					southern_only
5	4	15					southern_only
5	4	16	5	3	28	0.364	fuzzy
5	4	17					southern_only
5	4	18	5	3	30	0.678	matched
5	4	19	5	3	31	0.382	fuzzy
5	4	20					southern_only
5	4	21	5	3	32	1.0	matched
5	4	22					southern_only
5	4	23					southern_only
5	4	24					southern_only
5	4	25					southern_only
5	4	26					southern_only
5	4	27					southern_only
5	4	28					southern_only
5	4	29					southern_only
5	4	30					southern_only
5	5	1	5	4	1	0.789	matched
5	5	2	5	4	2	1.0	matched
5	5	3	5	4	3	0.955	matched
5	5	4	5	4	4	0.943	matched
5	5	5	5	4	5	0.886	matched
5	5	6					southern_only
5	5	7					southern_only
5	5	8	5	4	6	1.0	matched
5	5	9	5	4	7	0.926	matched
5	5	10	5	4	8	1.0	matched
5	5	11	5	4	9	1.0	matched
5	5	12	5	4	10	0.388	fuzzy
5	5	13					southern_only
5	5	14	5	4	11	0.911	matched
5	5	15	5	4	12	1.0	matched
5	5	16	5	4	13	1.0	matched
5	5	17	5	4	14	0.9	matched
5	5	18	5	4	15	0.723	matched
5	5	19	5	4	16	0.835	matched
5	5	20	5	4	17	1.0	matched
5	5	21	5	4	18	0.833	matched
5	5	22	5	4	19	0.879	matched
5	5	23	5	4	20	1.0	matched
5	5	24	5	4	21	0.906	matched
5	5	25	5	4	22	1.0	matched
5	5	26	5	4	23	0.722	matched
5	5	27	5	4	24	0.884	matched
5	6	1	5	5	1	1.0	matched
5	6	2	5	5	2	0.882	matched
5	6	3	5	5	3	1.0	matched
5	6	4	5	5	4	1.0	matched
5	6	5	5	5	5	1.0	matched
5	6	6	5	5	6	0.919	matched
5	6	7	5	5	7	0.706	matched
5	6	8	5	5	8	1.0	matched
5	6	9	5	5	9	1.0	matched
5	6	10	5	5	10	0.873	matched
5	6	11					southern_only
5	6	12					southern_only
5	6	13	5	5	13	0.392	fuzzy
5	6	14	5	5	14	0.447	fuzzy
5	6	15					southern_only
5	6	16	5	5	15	0.718	matched
5	6	17	5	5	16	1.0	matched
5	6	18	5	5	17	1.0	matched
5	6	19	5	5	18	0.687	matched
5	6	20					southern_only
5	6	21	5	5	19	0.376	fuzzy
5	6	22	5	5	20	0.39	fuzzy
5	6	23	5	5	21	0.907	matched
5	6	24	5	5	22	0.688	matched
5	6	25	5	5	23	0.744	matched
5	6	26	5	5	24	1.0	matched
5	6	27	5	5	25	1.0	matched
5	6	28	5	5	26	1.0	matched
5	6	29	5	5	27	0.651	matched
5	6	30	5	5	28	0.5	matched
5	6	31					southern_only
5	6	32					southern_only
5	6	33	5	5	30	0.396	fuzzy
5	6	34	5	5	31	0.358	fuzzy
5	6	35					southern_only
5	6	36	5	5	33	0.358	fuzzy
5	6	37	5	5	34	0.385	fuzzy
5	6	38					southern_only
5	6	39	5	5	37	0.603	matched
5	6	40	5	5	38	0.785	matched
5	6	41	5	5	39	1.0	matched
5	6	42	5	5	40	1.0	matched
5	6	43	5	5	41	0.734	matched
5	6	44	5	5	42	1.0	matched
5	7	1	5	6	1	1.0	matched
5	7	2	5	6	2	1.0	matched
5	7	3	5	6	3	1.0	matched
5	7	4	5	6	4	1.0	matched
5	7	5	5	6	5	1.0	matched
5	7	6	5	6	6	1.0	matched
5	7	7	5	6	7	0.842	matched
5	7	8	5	6	8	0.844	matched
5	7	9	5	6	9	1.0	matched
5	7	10	5	6	10	0.641	matched
5	7	11	5	6	11	0.847	matched
5	7	12	5	6	12	1.0	matched
5	7	13	5	6	13	1.0	matched
5	7	14	5	6	14	1.0	matched
5	7	15	5	6	15	0.95	matched
5	7	16	5	6	16	1.0	matched
5	7	17	5	6	17	1.0	matched
5	8	1					southern_only
5	8	2					southern_only
5	8	3					southern_only
5	8	4					southern_only
5	8	5					southern_only
5	8	6					southern_only
5	8	7					southern_only
5	8	8					southern_only
5	9	1	5	7	1	0.875	matched
5	9	2	5	7	2	0.846	matched
5	9	3	5	7	3	1.0	matched
5	9	4					southern_only
5	9	5	5	7	4	1.0	matched
5	9	6	5	7	5	1.0	matched
5	9	7	5	7	6	1.0	matched
5	9	8	5	7	7	0.627	matched
5	9	9	5	7	8	1.0	matched
5	9	10	5	7	9	0.767	matched
5	9	11	5	7	10	1.0	matched
5	9	12	5	7	11	1.0	matched
5	9	13	5	7	12	1.0	matched
5	9	14	5	7	13	0.923	matched
5	9	15	5	7	14	0.747	matched
5	9	16	5	7	15	0.663	matched
5	9	17					southern_only
5	9	18					southern_only
5	9	19					southern_only
5	9	20	5	7	16	0.358	fuzzy
5	9	21	5	7	18	0.419	fuzzy
5	9	22					southern_only
5	9	23					southern_only
5	9	24					southern_only
5	9	25	5	7	21	0.381	fuzzy
5	9	26					southern_only
5	9	27					southern_only
5	9	28					southern_only
5	9	29					southern_only
5	9	30	5	7	27	0.619	matched
5	9	31	5	7	28	1.0	matched
5	9	32	5	7	29	1.0	matched
5	9	33	5	7	30	1.0	matched
5	9	34	5	7	31	0.738	matched
5	9	35	5	7	32	1.0	matched
5	9	36	5	7	33	0.904	matched
5	9	37	5	7	34	1.0	matched
5	9	38	5	7	35	1.0	matched
5	9	39	5	7	36	1.0	matched
5	9	40	5	7	37	1.0	matched
5	9	41	5	7	38	0.861	matched
5	9	42	5	7	39	1.0	matched
5	9	43	5	7	40	1.0	matched
5	9	44	5	7	41	0.735	matched
5	9	45	5	7	42	1.0	matched
5	9	46	5	7	43	1.0	matched
5	9	47	5	7	44	0.958	matched
5	9	48	5	7	45	0.88	matched
5	9	49	5	7	46	1.0	matched
5	9	50	5	7	47	1.0	matched
5	9	51	5	7	48	1.0	matched
5	9	52	5	7	49	1.0	matched
5	9	53	5	7	50	1.0	matched
5	9	54	5	7	51	1.0	matched
5	9	55	5	7	52	0.678	matched
5	9	56	5	7	53	1.0	matched
5	9	57	5	7	54	0.871	matched
5	9	58	5	7	55	1.0	matched
5	9	59	5	7	56	0.895	matched
5	9	60	5	7	57	0.868	matched
5	9	61	5	7	58	1.0	matched
5	9	62	5	7	59	1.0	matched
5	9	63	5	7	60	1.0	matched
5	9	65	5	7	62	0.949	matched
5	9	66	5	7	63	1.0	matched
5	9	67	5	7	64	0.914	matched
5	9	68	5	7	65	0.819	matched
5	9	69					southern_only
5	9	70	5	7	66	1.0	matched
5	9	71	5	7	67	1.0	matched
5	9	72	5	7	68	0.897	matched
5	9	73	5	7	69	0.925	matched
5	10	1	5	8	1	1.0	matched
5	10	2					southern_only
5	10	3	5	8	2	0.638	matched
5	10	4					southern_only
5	10	5	5	8	3	0.974	matched
5	10	6	5	8	4	1.0	matched
5	10	7	5	8	5	0.808	matched
5	10	8	5	8	6	1.0	matched
5	10	9	5	8	7	1.0	matched
5	10	10	5	8	8	1.0	matched
5	10	11	5	8	9	1.0	matched
5	10	12	5	8	10	1.0	matched
5	10	13	5	8	11	0.823	matched
5	10	14	5	8	12	0.828	matched
5	10	15	5	8	13	0.905	matched
5	10	16	5	8	14	1.0	matched
5	10	17	5	8	15	1.0	matched
5	10	18	5	8	16	1.0	matched
5	10	19	5	8	17	1.0	matched
5	10	20	5	8	18	1.0	matched
5	10	21	5	8	19	1.0	matched
5	10	22	5	8	20	0.678	matched
5	10	23	5	8	21	1.0	matched
5	10	24	5	8	22	0.659	matched
5	10	25	5	8	23	1.0	matched
5	10	26	5	8	24	0.986	matched
5	10	27	5	8	25	0.89	matched
5	10	28	5	8	26	0.911	matched
5	10	29	5	8	27	0.899	matched
5	10	30	5	8	28	1.0	matched
5	10	31	5	8	29	0.867	matched
5	10	32	5	8	30	1.0	matched
5	10	33	5	8	31	1.0	matched
5	10	34	5	8	32	0.905	matched
5	10	35	5	8	33	1.0	matched
5	10	36					southern_only
5	10	37	5	8	34	1.0	matched
5	10	38	5	8	35	1.0	matched
5	10	39	5	8	36	0.85	matched
5	10	40					southern_only
5	10	41					southern_only
5	10	42	5	8	38	0.829	matched
5	10	43	5	8	39	0.867	matched
5	10	44	5	8	40	1.0	matched
5	10	45	5	8	41	1.0	matched
5	10	46	5	8	42	0.932	matched
5	10	47	5	8	43	1.0	matched
5	10	48	5	8	44	1.0	matched
5	10	49	5	8	45	1.0	matched
5	10	50	5	8	46	0.831	matched
5	10	51	5	8	47	1.0	matched
5	10	52	5	8	48	0.646	matched
5	10	53	5	8	49	0.638	matched
5	10	54	5	8	50	1.0	matched
5	11	1	5	9	1	1.0	matched
5	11	2	5	9	2	1.0	matched
5	11	3	5	9	3	0.657	matched
5	11	4					southern_only
5	11	5	5	9	4	0.883	matched
5	11	6	5	9	5	0.845	matched
5	11	7	5	9	6	1.0	matched
5	11	8	5	9	7	0.687	moved
5	11	9					southern_only
5	11	10	5	9	7	0.64	matched
5	11	11	5	9	8	1.0	matched
5	11	12	5	9	9	1.0	matched
5	11	13	5	9	10	1.0	matched
5	11	14	5	9	11	1.0	matched
5	11	15	5	9	12	1.0	matched
5	11	16	5	9	13	0.819	matched
5	11	17	5	9	14	0.414	fuzzy
5	11	18					southern_only
5	11	19					southern_only
5	11	20					southern_only
5	11	21					southern_only
5	11	22	5	9	18	0.429	fuzzy
5	11	23	5	9	19	0.71	matched
5	11	24	5	9	20	0.647	matched
5	11	25					southern_only
5	11	27					southern_only
5	11	28	5	9	24	0.404	fuzzy
5	11	29	5	9	26	0.664	matched
5	11	30	5	9	27	1.0	matched
5	11	31	5	9	28	1.0	matched
5	11	32	5	9	29	1.0	matched
5	11	33	5	9	30	0.577	matched
5	11	34	5	9	31	0.351	fuzzy
5	11	35					southern_only
5	11	36	5	9	33	0.561	matched
5	11	37	5	9	34	0.84	matched
5	11	38	5	9	35	1.0	matched
5	11	39	5	9	36	1.0	matched
5	11	40	5	9	37	1.0	matched
5	11	41	5	9	38	0.91	matched
5	11	42	5	9	39	1.0	matched
5	11	43	5	9	40	1.0	matched
5	11	44	5	9	41	1.0	matched
5	11	45	5	9	42	1.0	matched
5	11	46	5	9	43	1.0	matched
5	11	47	5	9	44	0.859	matched
5	11	48					southern_only
5	12	1	5	10	1	0.845	matched
5	12	2	5	10	2	0.852	matched
5	12	3	5	10	3	0.853	matched
5	12	4	5	10	4	0.942	matched
5	12	5	5	10	5	1.0	matched
5	12	6	5	10	6	0.921	matched
5	12	7	5	10	7	1.0	matched
5	12	8	5	10	8	0.779	matched
5	12	9	5	10	9	1.0	matched
5	12	10	5	10	10	0.887	matched
5	12	11	5	10	11	1.0	matched
5	12	12	5	10	12	0.873	matched
5	12	13	5	10	13	1.0	matched
5	12	14	5	10	14	1.0	matched
5	12	15	5	10	15	1.0	matched
5	12	16	5	10	16	0.619	matched
5	12	17	5	10	17	0.703	matched
5	12	18	5	10	18	0.88	matched
5	12	19	5	10	19	1.0	matched
5	12	20	5	10	20	1.0	matched
5	12	21	5	10	21	0.699	matched
5	12	22	5	10	22	1.0	matched
5	12	23	5	10	23	1.0	matched
5	12	24	5	10	24	1.0	matched
5	12	25	5	10	25	1.0	matched
5	13	1	5	11	1	0.9	matched
5	13	2	5	11	2	1.0	matched
5	13	3	5	11	3	0.9	matched
5	13	4	5	11	4	0.66	matched
5	13	5	5	11	5	0.573	matched
5	13	6	5	11	6	0.687	matched
5	13	7	5	11	7	1.0	matched
5	13	8	5	11	8	1.0	matched
5	13	9	5	11	9	1.0	matched
5	13	10	5	11	10	0.887	matched
5	13	11	5	11	11	1.0	matched
5	13	12	5	11	12	1.0	matched
5	13	13	5	11	13	1.0	matched
5	13	14	5	11	14	0.753	matched
5	13	15	5	11	15	0.659	matched
5	13	16	5	11	16	1.0	matched
5	13	17	5	11	17	1.0	matched
5	13	18	5	11	18	1.0	matched
5	13	19	5	11	19	1.0	matched
5	13	20	5	11	20	1.0	matched
5	13	21	5	11	21	0.914	matched
5	13	22	5	11	22	0.621	matched
5	13	23	5	11	23	0.659	matched
5	13	24	5	11	24	0.951	matched
5	13	25	5	11	25	0.897	matched
5	13	26	5	11	26	1.0	matched
5	13	27	5	11	27	1.0	matched
5	13	28	5	11	28	0.919	matched
5	13	29	5	11	29	1.0	matched
5	13	30	5	11	30	0.683	matched
5	13	31	5	11	31	0.686	matched
5	13	32	5	11	32	1.0	matched
5	13	33	5	11	33	0.835	matched
5	13	34	5	11	34	1.0	matched
5	13	35	5	11	35	0.882	matched
5	13	36	5	11	36	1.0	matched
5	13	37	5	11	37	1.0	matched
5	13	38	5	11	38	1.0	matched
5	13	39	5	11	39	0.875	matched
5	13	40	5	11	40	0.895	matched
5	13	41	5	11	41	0.89	matched
5	13	42	5	11	42	1.0	matched
5	13	43	5	11	43	1.0	matched
5	13	44	5	11	44	0.829	matched
5	13	45	5	11	45	1.0	matched
5	13	46	5	11	46	0.887	matched
5	13	47	5	11	47	1.0	matched
5	13	48	5	11	48	0.833	matched
5	13	49	5	11	49	0.67	matched
5	13	50	5	11	50	1.0	matched
5	13	51	5	11	51	1.0	matched
5	13	52	5	11	52	1.0	matched
5	13	53	5	11	53	1.0	matched
5	13	54	5	11	54	1.0	matched
5	13	55	5	11	55	1.0	matched
5	13	56	5	11	56	1.0	matched
5	13	57	5	11	57	0.786	matched
5	13	58	5	11	58	1.0	matched
5	13	59	5	11	59	1.0	matched
5	13	60	5	11	60	0.883	matched
5	13	61	5	11	61	1.0	matched
5	13	62	5	11	62	0.829	matched
5	13	63	5	11	63	0.85	matched
5	13	64	5	11	64	0.649	matched
5	13	65	5	11	65	0.725	matched
5	13	66	5	11	66	1.0	matched
5	13	67	5	11	67	0.897	matched
5	13	68	5	11	68	0.896	matched
5	13	69	5	11	69	0.715	matched
5	14	1	5	12	1	1.0	matched
5	14	2	5	12	2	1.0	matched
5	14	3	5	12	3	1.0	matched
5	14	4	5	12	4	0.986	matched
5	14	5	5	12	5	1.0	matched
5	14	6	5	12	6	1.0	matched
5	14	7	5	12	7	1.0	matched
5	14	8	5	12	8	0.778	matched
5	14	9	5	12	9	1.0	matched
5	14	10	5	12	10	0.845	matched
5	14	11	5	12	11	1.0	matched
5	14	12	5	12	12	0.808	matched
5	14	13	5	12	13	1.0	matched
5	14	14	5	12	14	0.803	matched
5	14	15	5	12	15	1.0	matched
5	14	16	5	12	16	0.904	matched
5	14	17	5	12	17	0.86	matched
5	14	18	5	12	18	0.819	matched
5	14	19	5	12	19	0.64	matched
5	14	20	5	12	20	0.778	matched
5	14	21	5	12	21	1.0	matched
5	14	22	5	12	22	1.0	matched
5	14	23	5	12	23	0.915	matched
5	14	24	5	12	24	0.872	matched
5	14	25	5	12	25	1.0	matched
5	14	26	5	12	26	1.0	matched
5	14	28	5	12	28	0.892	matched
5	14	29	5	12	29	1.0	matched
5	14	30	5	12	30	1.0	matched
5	14	31	5	12	31	1.0	matched
5	14	32	5	12	32	1.0	matched
5	14	33	5	12	33	1.0	matched
5	14	34	5	12	34	0.696	matched
5	14	35					southern_only
5	14	36					southern_only
5	14	37					southern_only
5	14	38	5	12	37	0.843	matched
5	14	39	5	12	38	0.81	matched
5	14	40	5	12	39	0.465	fuzzy
5	14	41	5	12	40	0.923	matched
5	14	42	5	12	41	1.0	matched
5	14	43	5	12	42	0.945	matched
5	14	44	5	12	43	1.0	matched
5	14	45	5	12	44	0.688	matched
5	14	46	5	12	45	0.773	matched
5	14	47	5	12	46	1.0	matched
5	14	48	5	12	47	1.0	matched
5	14	49	5	12	48	1.0	matched
5	14	50	5	12	49	0.913	matched
5	14	51	5	12	50	1.0	matched
5	14	52	5	12	51	1.0	matched
5	15	1	5	13	1	1.0	matched
5	15	2	5	13	2	1.0	matched
5	15	3	5	13	3	1.0	matched
5	15	4	5	13	4	1.0	matched
5	15	5	5	13	5	1.0	matched
5	15	6	5	13	6	0.628	matched
5	15	7					southern_only
5	15	8	5	13	7	0.356	fuzzy
5	15	9					southern_only
5	15	10					southern_only
5	15	11					southern_only
5	15	12	5	13	12	0.352	fuzzy
5	15	13	5	13	13	0.358	fuzzy
5	15	14					southern_only
5	15	15	5	13	14	0.381	fuzzy
5	15	16	5	13	16	0.357	fuzzy
5	15	17					southern_only
5	15	18					southern_only
5	15	19	5	13	18	0.664	matched
5	15	20	5	13	19	1.0	matched
5	15	21	5	13	20	1.0	matched
5	15	22	5	13	21	0.713	matched
5	15	23	5	13	22	1.0	matched
5	15	24	5	13	23	0.862	matched
5	15	25					southern_only
5	15	26					southern_only
5	15	27					southern_only
5	15	28	5	13	27	0.351	fuzzy
5	15	29					southern_only
5	15	30					southern_only
5	15	31	5	13	30	0.358	fuzzy
5	15	32					southern_only
5	15	33	5	13	31	0.392	fuzzy
5	15	34	5	13	32	0.385	fuzzy
5	15	35					southern_only
5	15	36	5	13	34	0.548	matched
5	15	37	5	13	35	1.0	matched
5	15	38	5	13	36	0.69	matched
5	15	39	5	13	37	1.0	matched
5	15	40	5	13	38	1.0	matched
5	15	41	5	13	39	1.0	matched
5	15	42	5	13	40	1.0	matched
5	15	43	5	13	41	1.0	matched
5	15	44	5	13	42	1.0	matched
5	15	45	5	13	43	1.0	matched
5	15	46	5	13	44	1.0	matched
5	15	47	5	13	45	0.855	matched
5	15	48	5	13	46	1.0	matched
5	15	49	5	13	47	0.803	matched
5	15	50	5	13	48	1.0	matched
5	15	51	5	13	49	0.913	matched
5	15	52	5	13	50	1.0	matched
5	15	53	5	14	27	0.644	moved
5	15	54	5	13	52	0.88	matched
5	16	1	5	14	1	1.0	matched
5	16	2	5	14	2	1.0	matched
5	16	3	5	14	3	0.901	matched
5	16	4	5	14	4	1.0	matched
5	16	5	5	14	5	1.0	matched
5	16	6	5	14	6	1.0	matched
5	16	7	5	14	7	1.0	matched
5	16	8	5	14	8	1.0	matched
5	16	9	5	14	9	1.0	matched
5	16	10	5	14	10	1.0	matched
5	16	11	5	14	11	0.812	matched
5	16	12	5	14	12	1.0	matched
5	16	13	5	14	13	1.0	matched
5	16	14	5	14	14	1.0	matched
5	16	15	5	14	15	0.842	matched
5	16	16	5	14	16	1.0	matched
5	16	17	5	14	17	1.0	matched
5	16	18	5	14	18	1.0	matched
5	16	19	5	14	19	0.843	matched
5	16	20	5	14	20	0.844	matched
5	16	21	5	14	21	1.0	matched
5	16	22	5	14	22	1.0	matched
5	16	23	5	14	23	1.0	matched
5	16	24	5	14	24	1.0	matched
5	16	25	5	14	25	1.0	matched
5	16	26	5	14	26	0.891	matched
5	16	27	5	14	27	1.0	matched
5	16	28	5	14	28	0.852	matched
5	16	29	5	14	29	0.889	matched
5	16	30	5	14	30	1.0	matched
5	16	31	5	14	31	0.821	matched
5	16	32	5	14	32	0.862	matched
5	17	1	5	15	1	0.678	matched
5	17	2	5	15	2	1.0	matched
5	17	3	5	15	3	1.0	matched
5	17	4	5	15	4	1.0	matched
5	17	5	5	15	5	1.0	matched
5	17	6	5	15	6	1.0	matched
5	17	7	5	15	7	0.814	matched
5	17	8	5	15	8	0.904	matched
5	17	9	5	15	9	1.0	matched
5	17	10	5	15	10	1.0	matched
5	17	11	5	15	11	0.522	matched
5	17	12	5	15	12	0.735	matched
5	17	13	5	15	13	1.0	matched
5	17	14	5	15	14	0.552	matched
5	17	15	5	15	15	1.0	matched
5	17	16	5	15	16	0.69	matched
5	17	17	5	15	17	1.0	matched
5	17	18	5	15	18	1.0	matched
5	17	19	5	15	19	1.0	matched
5	17	20	5	15	20	0.915	matched
5	17	21	5	15	21	1.0	matched
5	17	22	5	15	22	0.904	matched
5	17	23	5	15	23	1.0	matched
5	17	24	5	15	24	1.0	matched
5	17	25	5	15	25	0.556	matched
5	17	26					southern_only
5	17	27					southern_only
5	17	28	5	15	28	0.378	fuzzy
5	17	29	5	15	29	0.36	fuzzy
5	17	30					southern_only
5	17	31					southern_only
5	17	32	5	15	33	0.486	fuzzy
5	18	1	5	16	1	1.0	matched
5	18	2	5	16	2	0.859	matched
5	18	3	5	16	3	1.0	matched
5	18	4	5	16	4	0.728	matched
5	18	5	5	16	5	1.0	matched
5	18	6	5	16	6	1.0	matched
5	18	7	5	16	7	0.866	matched
5	18	8	5	16	8	0.877	matched
5	18	9	5	16	9	1.0	matched
5	18	10	5	16	10	0.829	matched
5	18	11	5	16	11	1.0	matched
5	18	12	5	16	12	0.71	matched
5	18	13	5	16	13	0.778	matched
5	18	14	5	16	14	1.0	matched
5	18	15	5	16	15	1.0	matched
5	18	16					southern_only
5	18	17					southern_only
5	18	18					southern_only
5	18	19					southern_only
5	18	20	5	16	16	0.823	matched
5	18	21	5	16	17	1.0	matched
5	18	22	5	16	18	1.0	matched
5	18	23	5	16	19	1.0	matched
5	18	24	5	16	20	0.735	matched
5	18	25	5	16	21	0.844	matched
5	18	26	5	16	22	0.789	matched
5	18	27	5	16	23	1.0	matched
5	18	28	5	16	24	1.0	matched
5	18	29	5	16	25	1.0	matched
5	18	30	5	16	26	0.621	matched
5	18	31	5	16	27	0.841	matched
5	18	32	5	16	28	1.0	matched
5	19	1	5	17	1	1.0	matched
5	19	2	5	17	2	1.0	matched
5	19	3	5	17	3	1.0	matched
5	19	4	5	17	4	1.0	matched
5	19	5	5	17	5	0.696	matched
5	19	6					southern_only
5	19	7	5	17	6	1.0	matched
5	19	8	5	17	7	1.0	matched
5	19	9	5	17	8	0.971	matched
5	19	10	5	17	9	1.0	matched
5	19	11	5	17	10	1.0	matched
5	19	12	5	17	11	0.902	matched
5	19	13					southern_only
5	19	14					southern_only
5	19	15	5	17	14	0.861	matched
5	19	16	5	17	15	1.0	matched
5	19	17	5	17	16	1.0	matched
5	19	18	5	17	17	1.0	matched
5	19	19	5	17	18	1.0	matched
5	19	20	5	17	19	1.0	matched
5	19	21	5	17	20	1.0	matched
5	19	22	5	17	21	1.0	matched
5	20	1	5	18	1	1.0	matched
5	20	2	5	18	2	1.0	matched
5	20	3	5	18	3	1.0	matched
5	20	4	5	18	4	1.0	matched
5	20	5	5	18	5	0.742	matched
5	20	6	5	18	6	0.644	matched
5	20	7	5	18	7	1.0	matched
5	20	8	5	18	8	0.802	matched
5	20	9	5	18	9	1.0	matched
5	20	10	5	18	10	0.873	matched
5	20	11	5	18	11	0.78	matched
5	20	12	5	18	12	0.678	matched
5	20	13	5	18	13	1.0	matched
5	20	14	5	18	14	0.857	matched
5	20	15	5	18	15	1.0	matched
5	20	16	5	18	16	0.893	matched
5	20	17	5	18	17	0.75	matched
5	20	18	5	18	18	1.0	matched
5	20	19	5	18	19	1.0	matched
5	20	20	5	18	20	1.0	matched
5	20	21	5	18	21	0.616	matched
5	20	22					southern_only
5	20	23	5	18	22	0.686	matched
5	20	24	5	18	23	0.852	matched
5	20	25	5	18	24	0.771	matched
5	20	26	5	18	25	1.0	matched
5	20	27	5	18	26	0.884	matched
5	20	28	5	18	27	1.0	matched
5	20	29	5	18	28	1.0	matched
5	20	30	5	18	29	0.925	matched
5	20	31	5	18	30	0.909	matched
5	20	32	5	18	31	0.925	matched
5	20	33	5	18	32	0.886	matched
5	20	34	5	18	33	1.0	matched
5	20	35	5	18	34	1.0	matched
5	20	36	5	18	35	1.0	matched
5	21	1	5	19	1	0.793	matched
5	21	2	5	19	2	1.0	matched
5	21	3	5	19	3	0.896	matched
5	21	4	5	19	4	0.692	matched
5	21	5					southern_only
5	21	6					southern_only
5	21	7					southern_only
5	21	8	5	19	8	0.716	matched
5	21	9					southern_only
5	21	10	5	19	9	0.394	fuzzy
5	21	11	5	19	10	1.0	matched
5	21	12	5	19	11	0.831	matched
5	21	13	5	19	12	1.0	matched
5	21	14	5	19	13	1.0	matched
5	21	15	5	19	14	0.908	matched
5	21	16	5	19	15	1.0	matched
5	21	17	5	19	16	0.763	matched
5	21	18	5	19	17	1.0	matched
5	21	19	5	19	18	0.874	matched
5	21	20					southern_only
5	21	21					southern_only
5	21	22					southern_only
5	21	23	5	19	19	1.0	matched
5	21	24	5	19	20	1.0	matched
5	21	25	5	19	21	0.89	matched
5	21	26	5	19	22	0.593	matched
5	21	27	5	19	23	1.0	matched
5	21	28	5	19	24	1.0	matched
5	21	29	5	19	25	1.0	matched
5	21	30	5	19	26	0.886	matched
5	21	31	5	19	27	1.0	matched
5	21	32	5	19	28	0.895	matched
5	21	33	5	19	29	1.0	matched
5	21	34	5	19	30	0.907	matched
5	22	1	5	20	1	1.0	matched
5	22	2	5	20	2	1.0	matched
5	22	3	5	20	3	1.0	matched
5	22	4	5	20	4	1.0	matched
5	22	5	5	20	5	0.867	matched
5	22	6	5	20	6	1.0	matched
5	22	7	5	20	7	1.0	matched
5	22	8	5	20	8	1.0	matched
5	22	9	5	20	9	0.567	matched
5	22	10	5	20	10	0.708	matched
5	22	11	5	20	11	1.0	matched
5	22	12	5	20	12	0.883	matched
5	22	13	5	20	13	0.877	matched
5	22	14	5	20	14	1.0	matched
5	22	15	5	20	15	1.0	matched
5	22	16	5	20	16	1.0	matched
5	22	17	5	20	17	0.795	matched
5	22	18	5	20	18	1.0	matched
5	22	19	5	20	19	0.827	matched
5	22	20	5	20	20	1.0	matched
5	22	21	5	20	21	1.0	matched
5	22	22	5	20	22	0.756	matched
5	22	23	5	20	23	1.0	matched
5	22	24	5	20	24	1.0	matched
5	22	25	5	20	25	0.825	matched
5	22	26	5	20	26	0.797	matched
5	22	27	5	8	20	0.815	moved
5	22	28	5	20	27	1.0	matched
5	22	29					southern_only
5	22	30	5	20	28	1.0	matched
5	22	31	5	20	29	1.0	matched
5	22	32	5	20	30	1.0	matched
5	22	33	5	20	31	1.0	matched
5	22	34	5	20	32	1.0	matched
5	22	35	5	20	33	0.51	matched
5	22	36					southern_only
5	22	37	5	20	34	0.374	fuzzy
5	22	38	5	20	36	0.376	fuzzy
5	22	39					southern_only
5	22	40					southern_only
5	22	41					southern_only
5	22	42					southern_only
5	22	43					southern_only
5	22	44					southern_only
5	22	45	5	20	40	0.892	matched
5	22	46	5	20	41	0.912	matched
5	23	1	5	21	1	1.0	matched
5	23	2	5	21	2	1.0	matched
5	23	3	5	21	3	0.756	matched
5	23	4	5	21	4	1.0	matched
5	23	5	5	21	5	1.0	matched
5	23	6	5	21	6	0.829	matched
5	23	7	5	21	7	1.0	matched
5	23	8	5	21	8	0.633	matched
5	23	9					southern_only
5	23	10					southern_only
5	23	11	5	21	11	0.636	matched
5	23	12	5	21	12	1.0	matched
5	23	13	5	21	13	1.0	matched
5	23	14	5	21	14	0.471	fuzzy
5	23	15	5	21	15	1.0	matched
5	23	16	5	21	16	0.875	matched
5	23	17	5	21	17	0.759	matched
5	23	18	5	21	18	1.0	matched
5	23	19	5	21	19	1.0	matched
5	24	1	5	22	1	0.562	matched
5	24	2	5	22	2	0.836	matched
5	24	3	5	22	3	0.931	matched
5	24	4					southern_only
5	24	5	5	22	4	0.923	matched
5	24	6	5	22	5	1.0	matched
5	24	7	5	22	6	0.911	matched
5	24	8	5	23	3	1.0	moved
5	24	9					southern_only
5	24	10					southern_only
5	24	11					southern_only
5	24	12					southern_only
5	24	13	5	22	8	0.686	matched
5	24	14	5	22	9	1.0	matched
5	24	15	5	22	10	0.915	matched
5	24	16	5	22	11	1.0	matched
5	24	17	5	22	12	1.0	matched
5	24	18	5	22	13	1.0	matched
5	24	19	5	22	14	0.847	matched
5	24	20	5	22	15	0.87	matched
5	24	21	5	22	16	0.742	matched
5	24	22	5	22	17	1.0	matched
5	24	23	5	22	18	1.0	matched
5	24	24	5	22	19	1.0	matched
5	24	25	5	22	20	0.547	matched
5	24	26	5	22	21	0.443	fuzzy
5	24	27	5	22	22	1.0	matched
5	24	28	5	22	23	0.89	matched
5	24	29	5	22	24	0.66	matched
5	24	30					southern_only
5	24	31					southern_only
5	24	32					southern_only
5	24	33					southern_only
5	24	34					southern_only
5	24	35	5	22	29	0.369	fuzzy
5	24	36					southern_only
5	24	37					southern_only
5	24	38					southern_only
5	24	39	5	22	33	0.358	fuzzy
5	24	40					southern_only
5	24	41					southern_only
5	24	42					southern_only
5	24	43					southern_only
5	24	44					southern_only
5	24	45	5	22	39	0.377	fuzzy
5	24	46					southern_only
5	24	47	5	22	42	0.661	matched
5	25	1	5	23	1	0.986	matched
5	25	2	5	23	2	1.0	matched
5	25	3	5	23	3	1.0	matched
5	25	4	5	23	4	0.616	matched
5	25	5	5	23	5	1.0	matched
5	25	6	5	23	6	1.0	matched
5	25	7	5	23	7	1.0	matched
5	25	8	5	23	8	1.0	matched
5	25	9	5	23	9	0.865	matched
5	25	10	5	23	10	0.958	matched
5	25	11	5	23	11	0.663	matched
5	25	12	5	23	12	1.0	matched
5	25	13	5	23	13	1.0	matched
5	25	14	5	23	14	1.0	matched
5	25	15	5	23	15	1.0	matched
5	25	16	5	23	16	1.0	matched
5	25	17	5	23	17	0.872	matched
5	25	18	5	23	18	0.559	matched
5	25	19	5	23	19	1.0	matched
5	25	20	5	23	20	1.0	matched
5	26	1	5	24	1	0.679	matched
5	26	2	5	24	2	0.882	matched
5	26	3	5	24	3	1.0	matched
5	26	4	5	24	4	0.873	matched
5	26	5	5	24	5	1.0	matched
5	26	6					southern_only
5	26	7	5	24	6	0.829	matched
5	26	8	5	24	9	1.0	matched
5	26	9	5	24	10	0.922	matched
5	26	10	5	24	11	0.827	matched
5	26	11	5	24	12	1.0	matched
5	26	12	5	24	13	0.79	matched
5	26	13	5	24	14	1.0	matched
5	26	14	5	24	15	1.0	matched
5	26	15	5	24	16	0.774	matched
5	26	16	5	24	17	0.776	matched
5	26	17	5	24	18	1.0	matched
5	26	18	5	24	19	1.0	matched
5	26	19	5	24	20	0.807	matched
5	26	20	5	24	21	1.0	matched
5	26	21	5	24	22	0.775	matched
5	26	22	5	24	23	0.636	matched
5	26	23					southern_only
5	26	24	5	24	24	0.409	fuzzy
5	26	25	5	24	25	0.867	matched
5	26	26	5	24	26	1.0	matched
5	26	27	5	24	27	0.883	matched
5	26	28	5	24	28	1.0	matched
5	26	29	5	24	29	1.0	matched
5	26	30	5	24	30	1.0	matched
5	26	31	5	24	31	0.747	matched
5	26	32	5	24	32	1.0	matched
5	26	33					southern_only
5	26	34					southern_only
5	26	35	5	24	34	0.382	fuzzy
5	26	36	5	24	36	0.355	fuzzy
5	26	37	5	24	37	0.911	matched
5	26	38	5	24	38	1.0	matched
5	26	39	5	24	39	0.841	matched
5	26	40	5	24	40	1.0	matched
5	26	41	5	24	41	0.895	matched
5	26	42	5	24	42	0.827	matched
5	26	43	5	24	43	1.0	matched
5	26	44	5	24	44	1.0	matched
5	26	45	5	24	45	1.0	matched
5	26	46	5	24	46	0.895	matched
5	26	47	5	24	47	1.0	matched
5	26	48	5	24	48	0.878	matched
5	26	49	5	24	49	0.861	matched
5	27	1	5	25	1	0.783	matched
5	27	2	5	25	2	0.821	matched
5	27	3	5	25	3	0.91	matched
5	27	4	5	25	4	0.78	matched
5	27	5	5	25	5	1.0	matched
5	27	6	5	25	6	1.0	matched
5	27	7	5	25	7	1.0	matched
5	27	8	5	25	8	0.474	fuzzy
5	27	9					southern_only
5	27	10					southern_only
5	27	11	5	25	11	0.702	matched
5	27	12					southern_only
5	27	13					southern_only
5	27	14	5	25	13	0.393	fuzzy
5	27	15					southern_only
5	27	16	5	25	16	0.648	matched
5	27	17	5	25	17	0.426	fuzzy
5	27	18					southern_only
5	27	19					southern_only
5	27	20					southern_only
5	27	21					southern_only
5	27	22					southern_only
5	27	23					southern_only
5	27	24					southern_only
5	27	25					southern_only
5	27	26					southern_only
5	27	27					southern_only
5	27	28					southern_only
5	27	29	5	25	20	0.378	fuzzy
5	27	30					southern_only
5	27	31					southern_only
5	27	32					southern_only
5	27	33					southern_only
5	27	34					southern_only
5	27	35					southern_only
5	27	36	5	25	22	1.0	matched
5	27	37	5	25	23	1.0	matched
5	27	38					southern_only
5	27	39	5	25	24	0.881	matched
5	27	40	5	25	25	0.961	matched
5	27	41	5	25	26	0.736	matched
5	27	42	5	25	27	1.0	matched
5	27	43	5	25	28	0.835	matched
5	27	44	5	25	29	1.0	matched
5	27	45	5	25	30	1.0	matched
5	27	46	5	25	31	1.0	matched
5	27	47	5	25	32	0.853	matched
5	27	48	5	25	33	1.0	matched
5	27	49	5	25	34	1.0	matched
5	27	50	5	25	35	1.0	matched
5	27	51	5	25	36	0.819	matched
5	27	52	5	25	37	0.843	matched
5	27	53	5	25	38	1.0	matched
5	27	54					southern_only
5	28	1	5	26	1	1.0	matched
5	28	2	5	26	2	1.0	matched
5	28	3	5	26	3	0.86	matched
5	28	4	5	26	4	1.0	matched
5	28	5	5	26	5	1.0	matched
5	28	6	5	26	6	0.95	matched
5	28	7	5	26	7	0.746	matched
5	28	8	5	26	8	0.926	matched
5	28	9	5	26	9	1.0	matched
5	28	10	5	26	10	0.856	matched
5	28	11	5	26	11	1.0	matched
5	28	12	5	26	12	1.0	matched
5	28	13	5	26	13	0.844	matched
5	28	14	5	26	14	1.0	matched
5	28	15	5	26	15	1.0	matched
5	28	16	5	26	16	1.0	matched
5	28	17	5	26	17	0.913	matched
5	28	18	5	26	18	1.0	matched
5	28	19	5	26	19	1.0	matched
5	28	20	5	26	20	0.913	matched
5	29	1	5	27	1	0.835	matched
5	29	2	5	27	2	1.0	matched
5	29	3	5	27	3	0.915	matched
5	29	4	5	27	4	0.943	matched
5	29	5	5	27	5	0.914	matched
5	29	6	5	27	6	0.887	matched
5	29	7	5	27	7	0.925	matched
5	29	8	5	27	8	0.922	matched
5	30	1	5	28	1	0.896	matched
5	30	2	5	28	2	1.0	matched
5	30	3	5	28	3	0.93	matched
5	30	4	5	28	4	0.926	matched
5	30	5	5	28	5	1.0	matched
5	30	6	5	28	6	1.0	matched
5	30	7	5	28	7	1.0	matched
5	30	8	5	28	8	0.722	matched
5	30	9	5	28	9	0.821	matched
5	30	10	5	28	10	1.0	matched
5	30	11	5	28	11	0.88	matched
5	30	12	5	28	12	1.0	matched
5	30	13	5	28	13	0.881	matched
5	30	14	5	28	14	1.0	matched
5	30	15	5	28	15	0.875	matched
5	30	16	5	28	16	0.78	matched
5	30	17	5	28	17	1.0	matched
5	30	18	5	28	18	1.0	matched
5	30	19	5	28	19	1.0	matched
5	30	20	5	28	20	0.848	matched
5	30	21	5	28	21	0.865	matched
5	30	22	5	28	22	1.0	matched
5	30	23	5	28	23	0.841	matched
5	30	24	5	28	24	0.742	matched
5	30	25	5	28	25	0.887	matched
5	30	26	5	28	26	1.0	matched
5	30	27	5	28	27	0.907	matched
5	30	28	5	28	28	0.816	matched
5	30	29	5	28	29	0.852	matched
5	30	30	5	28	30	1.0	matched
5	30	31	5	28	31	1.0	matched
5	30	32	5	28	32	1.0	matched
5	30	33	5	28	33	1.0	matched
5	30	34	5	28	34	0.88	matched
5	30	35	5	28	35	1.0	matched
5	30	36	5	28	36	1.0	matched
5	30	37	5	28	37	1.0	matched
5	30	38	5	28	38	1.0	matched
5	30	39	5	28	39	0.841	matched
5	30	40	5	28	40	1.0	matched
5	30	41	5	28	41	0.747	matched
5	30	42	5	28	42	1.0	matched
5	30	43	5	28	43	0.831	matched
5	30	44	5	28	44	1.0	matched
5	31	1	5	29	1	0.846	matched
5	31	2	5	29	2	0.487	fuzzy
5	31	3					southern_only
5	31	4	5	29	3	1.0	matched
5	31	5	5	29	4	1.0	matched
5	31	6	5	29	5	1.0	matched
5	31	7	5	29	6	1.0	matched
5	31	8	5	29	7	1.0	matched
5	31	9					southern_only
5	31	10	5	29	8	0.571	matched
5	31	11					southern_only
5	31	12					southern_only
5	31	13					southern_only
5	31	14					southern_only
5	31	15					southern_only
5	31	16					southern_only
5	31	17	5	29	11	0.538	matched
5	31	18					southern_only
5	31	19	5	29	12	0.93	matched
5	32	1					southern_only
5	32	2					southern_only
5	32	3	5	30	2	0.689	moved
5	32	4					southern_only
5	32	5					southern_only
5	32	6	5	30	2	0.475	fuzzy
5	32	7					southern_only
5	32	8	5	30	3	0.861	matched
5	32	9	5	30	4	1.0	matched
5	32	10	5	30	5	0.849	matched
5	32	11					southern_only
5	32	12	5	30	6	1.0	matched
5	32	13	5	30	7	0.905	matched
5	32	14	5	30	8	1.0	matched
5	33	1					southern_only
5	33	2	5	31	1	1.0	matched
5	33	3	5	31	2	0.973	matched
5	33	4	5	31	3	1.0	matched
5	33	5	5	31	4	1.0	matched
5	33	6	5	31	5	1.0	matched
5	33	7	5	31	6	0.868	matched
5	33	8	5	31	7	0.817	matched
5	33	9	5	31	8	0.908	matched
5	33	10					southern_only
5	33	11	5	31	9	0.855	matched
5	33	12	5	31	10	0.756	matched
5	33	13					southern_only
5	33	14	5	31	11	1.0	matched
5	33	15					southern_only
5	33	16	5	31	12	0.72	matched
5	33	17	5	31	13	1.0	matched
5	33	18	5	31	14	0.899	matched
5	33	19	5	31	15	0.825	matched
5	33	20	5	31	16	1.0	matched
5	33	21	5	31	17	1.0	matched
5	33	22	5	31	18	1.0	matched
5	33	23	5	31	19	0.894	matched
5	33	24	5	31	20	1.0	matched
5	33	25	5	31	21	0.591	matched
5	33	26	5	31	22	1.0	matched
5	33	27	5	31	23	1.0	matched
5	33	28	5	31	24	0.845	matched
5	33	29	5	31	25	1.0	matched
5	33	30	5	31	26	1.0	matched
5	33	31	5	31	27	1.0	matched
5	34	1	5	32	1	0.798	matched
5	34	2	5	32	2	0.785	matched
5	34	3	5	32	3	0.918	matched
5	34	4	5	32	4	0.889	matched
5	34	5	5	32	5	1.0	matched
5	34	6	5	32	6	0.842	matched
5	34	7	5	32	7	1.0	matched
5	34	8	5	32	8	0.578	matched
5	34	9	5	32	9	1.0	matched
5	34	10	5	32	10	1.0	matched
5	34	11	5	32	11	0.88	matched
5	34	12	5	32	12	1.0	matched
5	34	13	5	32	13	1.0	matched
5	34	14	5	32	14	1.0	matched
5	34	15	5	32	15	0.896	matched
5	34	16	5	32	16	1.0	matched
5	34	17					southern_only
5	34	18	5	32	17	1.0	matched
5	34	19	5	32	18	1.0	matched
5	34	20	5	32	19	1.0	matched
5	34	21	5	32	20	1.0	matched
5	34	22	5	32	21	1.0	matched
5	34	23	5	32	22	1.0	matched
5	34	24	5	32	23	1.0	matched
5	34	25	5	32	24	1.0	matched
5	34	26	5	32	25	1.0	matched
5	34	27	5	32	26	0.83	matched
5	34	28	5	32	27	1.0	matched
5	34	29	5	32	28	1.0	matched
5	34	30	5	32	29	0.612	matched
5	34	32					southern_only
5	34	33					southern_only
5	34	34	5	32	33	0.434	fuzzy
5	34	35	5	32	34	0.567	moved
5	34	36	5	32	34	0.404	fuzzy
5	34	37					southern_only
5	34	38	5	32	36	0.38	fuzzy
5	34	39	5	32	37	0.36	fuzzy
5	34	40	5	32	39	0.645	matched
5	35	1	5	33	1	1.0	matched
5	35	2	5	33	2	1.0	matched
5	35	3	5	33	3	0.824	matched
5	35	4	5	33	4	0.841	matched
5	35	5	5	33	5	1.0	matched
5	35	6	5	33	6	1.0	matched
5	35	7	5	33	7	1.0	matched
5	35	8	5	33	8	0.567	matched
5	35	9	5	33	9	1.0	matched
5	35	10	5	33	10	1.0	matched
5	35	11	5	33	11	1.0	matched
5	35	12	5	33	12	1.0	matched
5	35	13	5	33	13	0.571	matched
5	35	14	5	33	14	1.0	matched
5	35	15	5	33	15	0.833	matched
5	35	16	5	33	16	0.839	matched
5	35	17					southern_only
5	35	18	5	33	17	0.4	fuzzy
5	35	19					southern_only
5	35	20	5	33	19	0.628	matched
5	35	21	5	33	20	0.877	matched
5	35	22	5	33	21	0.52	matched
5	35	23					southern_only
5	35	24					southern_only
5	35	25					southern_only
5	35	26					southern_only
5	35	27					southern_only
5	35	28	5	33	26	0.378	fuzzy
5	35	29	5	33	27	0.396	fuzzy
5	35	30					southern_only
5	35	31					southern_only
5	35	32	5	33	29	0.382	fuzzy
5	35	33					southern_only
5	35	34					southern_only
5	35	35					southern_only
5	35	36					southern_only
5	35	37					southern_only
5	35	38					southern_only
5	35	39	5	33	36	0.452	fuzzy
5	35	40					southern_only
5	35	41					southern_only
5	35	42	5	33	39	0.523	matched
5	35	43	5	33	40	1.0	matched
5	35	44	5	33	41	0.825	matched
5	35	45	5	33	42	1.0	matched
5	35	46	5	33	43	1.0	matched
5	35	47	5	33	44	0.851	matched
5	35	48	5	33	45	1.0	matched
5	35	49	5	33	46	1.0	matched
5	35	50	5	33	47	0.882	matched
5	35	51					southern_only
5	35	52	5	33	48	1.0	matched
5	35	53	5	33	49	0.872	matched
5	35	54	5	33	50	0.663	matched
5	35	55	5	33	51	1.0	matched
5	35	56					southern_only
5	35	57	5	33	52	1.0	matched
5	35	58	5	33	53	1.0	matched
5	35	59	5	33	54	0.855	matched
5	35	60	5	33	55	0.759	matched
5	35	61					southern_only
5	35	62	5	33	56	0.676	matched
5	35	63					southern_only
5	35	64					southern_only
5	35	65	5	33	58	0.368	fuzzy
5	35	66					southern_only
5	35	67	5	33	61	0.351	fuzzy
5	35	68					southern_only
5	35	69					southern_only
5	35	70	5	33	62	0.37	fuzzy
5	35	71					southern_only
5	35	72					southern_only
5	35	73					southern_only
5	35	74					southern_only
5	35	75					southern_only
5	35	76					southern_only
5	35	77					southern_only
5	35	78	5	33	70	0.352	fuzzy
5	35	79					southern_only
5	35	80					southern_only
5	35	81					southern_only
5	35	82	5	33	74	0.6	matched
5	35	83	5	33	75	0.64	matched
5	35	84					southern_only
5	35	85	5	33	76	1.0	matched
5	35	86	5	33	77	1.0	matched
5	35	87	5	33	78	0.552	matched
5	35	88	5	33	79	0.5	matched
5	35	89					southern_only
5	35	90	5	33	80	1.0	matched
5	36	1	5	34	1	0.81	matched
5	36	2	5	34	2	0.633	matched
5	36	3					southern_only
5	36	4	5	34	3	0.909	matched
5	36	5	5	34	4	1.0	matched
5	36	6	5	34	5	0.9	matched
5	36	7	5	34	6	1.0	matched
5	36	8	5	34	7	1.0	matched
5	36	9	5	34	8	0.883	matched
5	36	10	5	34	9	1.0	matched
5	36	11	5	34	10	1.0	matched
5	36	12	5	34	11	0.711	matched
5	36	13	5	34	12	0.897	matched
5	36	14	5	34	13	1.0	matched
5	36	15	5	34	14	0.753	matched
5	36	16	5	34	15	1.0	matched
5	36	17	5	34	16	1.0	matched
5	36	18	5	34	17	1.0	matched
5	36	19	5	34	18	1.0	matched
5	36	20	5	34	19	0.878	matched
5	36	21	5	34	20	1.0	matched
5	36	22	5	34	21	1.0	matched
5	36	23	5	34	22	1.0	matched
5	36	24	5	34	23	1.0	matched
5	36	25	5	34	24	1.0	matched
5	36	26	5	34	25	1.0	matched
5	36	27	5	34	26	1.0	matched
5	36	28	5	34	27	1.0	matched
5	36	29	5	34	28	0.782	matched
5	36	30	5	34	29	1.0	matched
5	36	31	5	34	30	1.0	matched
5	36	32	5	34	31	1.0	matched
5	36	33					southern_only
5	36	34	5	35	20	0.882	moved
5	36	35	5	34	33	0.672	matched
5	36	36	5	34	34	1.0	matched
5	36	37	5	34	35	0.855	matched
5	36	38	5	34	36	0.812	matched
5	36	39	5	34	37	1.0	matched
5	36	40	5	34	38	0.904	matched
5	36	41	5	34	39	1.0	matched
5	36	42	5	34	40	1.0	matched
5	36	43	5	34	41	1.0	matched
5	36	44	5	34	42	1.0	matched
5	36	45	5	34	43	1.0	matched
5	36	46	5	34	44	1.0	matched
5	36	47	5	34	45	1.0	matched
5	37	1	5	35	1	0.863	matched
5	37	2	5	35	2	0.836	matched
5	37	3	5	35	3	1.0	matched
5	37	4	5	35	4	1.0	matched
5	37	5	5	35	5	0.771	matched
5	37	6	5	35	6	0.702	matched
5	37	7	5	35	7	1.0	matched
5	37	8	5	35	8	1.0	matched
5	37	9	5	35	9	1.0	matched
5	37	10	5	35	10	1.0	matched
5	37	11	5	35	11	1.0	matched
5	37	12	5	35	12	0.889	matched
5	37	13	5	35	13	0.877	matched
5	37	14	5	35	14	0.882	matched
5	37	15	5	35	15	1.0	matched
5	37	16	5	35	16	1.0	matched
5	37	17	5	35	17	1.0	matched
5	37	18	5	35	18	0.88	matched
5	37	19	5	35	19	1.0	matched
5	37	20	5	35	20	0.882	matched
5	37	21	5	35	21	0.787	matched
5	37	22	5	35	22	1.0	matched
5	37	23	5	35	23	1.0	matched
5	37	24	5	35	24	1.0	matched
5	37	25	5	35	25	1.0	matched
5	37	26	5	35	26	1.0	matched
5	37	27	5	35	27	0.358	fuzzy
5	37	28	5	35	28	1.0	matched
5	37	29	5	35	29	1.0	matched
5	37	30	5	35	30	1.0	matched
5	37	31	5	35	31	0.841	matched
5	37	32	5	35	32	0.901	matched
5	37	33	5	35	33	0.771	matched
5	37	34	5	35	34	1.0	matched
5	37	35	5	35	35	0.805	matched
5	37	36	5	35	36	1.0	matched
5	37	37	5	35	37	1.0	matched
5	37	38	5	35	38	1.0	matched
5	37	39	5	35	39	1.0	matched
5	37	40	5	35	40	1.0	matched
5	37	41	5	35	41	1.0	matched
5	37	42	5	35	42	0.893	matched
5	37	43	5	35	43	0.827	matched
5	37	44	5	35	44	0.893	matched
5	37	45	5	35	45	1.0	matched
5	37	46	5	35	46	1.0	matched
5	37	47	5	35	47	1.0	matched
5	37	48	5	35	48	0.821	matched
5	37	49	5	35	49	1.0	matched
5	37	50	5	35	50	1.0	matched
5	37	51	5	35	51	1.0	matched
5	37	52	5	35	52	1.0	matched
5	37	53	5	35	53	1.0	matched
5	37	54	5	35	54	1.0	matched
5	37	55	5	35	55	1.0	matched
5	37	56	5	35	56	1.0	matched
5	37	57	5	35	57	1.0	matched
5	37	58	5	35	58	0.907	matched
5	37	59	5	35	59	1.0	matched
5	37	60	5	35	60	0.769	matched
5	37	61	5	35	61	0.849	matched
5	37	62	5	35	62	0.828	matched
5	37	63	5	35	63	1.0	matched
5	37	64	5	35	64	1.0	matched
5	37	65	5	35	65	0.871	matched
5	37	66	5	35	66	1.0	matched
5	37	67	5	35	67	1.0	matched
5	37	68	5	35	68	0.792	matched
5	38	1	5	36	1	0.849	matched
5	38	2	5	36	2	1.0	matched
5	38	3	5	36	3	0.736	matched
5	38	4	5	36	4	0.835	matched
5	38	5	5	36	5	1.0	matched
5	38	6	5	36	6	0.833	matched
5	38	7	5	36	7	1.0	matched
5	38	8	5	36	8	0.859	matched
5	38	9	5	36	9	0.819	matched
5	38	10	5	36	10	1.0	matched
5	38	11	5	36	11	1.0	matched
5	38	12	5	36	12	0.914	matched
5	38	13	5	36	13	0.79	matched
5	38	14	5	36	14	0.632	matched
5	38	15	5	36	16	1.0	matched
5	38	16	5	36	17	1.0	matched
5	38	17	5	36	18	1.0	matched
5	38	18	5	36	19	1.0	matched
5	38	19	5	36	20	0.561	matched
5	38	20	5	36	21	1.0	matched
5	38	21	5	36	15	0.5	moved
5	38	22					southern_only
5	38	23					southern_only
5	38	24					southern_only
5	38	25	5	36	22	0.646	matched
5	38	26	5	36	23	0.886	matched
5	38	27	5	36	24	0.864	matched
5	38	28	5	36	25	0.986	matched
5	38	29	5	36	26	0.828	matched
5	38	30	5	65	13	0.57	moved
5	38	31	5	36	27	0.642	matched
5	38	32	5	36	28	0.674	matched
5	38	33	5	65	15	0.718	moved
5	38	34	5	36	30	0.425	fuzzy
5	38	35	5	36	31	0.479	fuzzy
5	38	36	5	36	32	0.489	fuzzy
5	38	37	5	36	33	0.914	matched
5	38	38					southern_only
5	38	39	5	36	34	0.436	fuzzy
5	38	40	5	36	35	0.632	matched
5	38	41	5	36	36	0.812	matched
5	38	42	5	36	37	0.892	matched
5	38	43	5	36	38	0.909	matched
5	38	44	5	36	39	1.0	matched
5	38	45	5	36	40	0.892	matched
5	38	46	5	36	41	1.0	matched
5	38	47	5	38	12	0.721	moved
5	38	48	5	65	25	0.827	moved
5	38	49	5	65	26	0.833	moved
5	38	50	5	38	15	0.626	moved
5	38	51	5	38	16	0.561	moved
5	38	52					southern_only
5	38	53					southern_only
5	38	54					southern_only
5	38	55					southern_only
5	38	56	5	36	44	0.661	matched
5	38	57	5	36	45	1.0	matched
5	38	58	5	36	46	0.892	matched
5	38	59	5	36	47	0.914	matched
5	38	60	5	36	48	1.0	matched
5	38	61	5	36	49	0.566	matched
5	38	62					southern_only
5	38	63					southern_only
5	38	64	5	36	50	1.0	matched
5	38	65	5	36	51	1.0	matched
5	38	66	5	36	52	1.0	matched
5	38	67	5	36	53	1.0	matched
5	38	68	5	36	54	1.0	matched
5	38	69	5	36	55	0.753	matched
5	38	70	5	36	56	1.0	matched
5	39	1	5	37	1	1.0	matched
5	39	2	5	37	2	0.805	matched
5	39	3	5	37	3	0.81	matched
5	39	4	5	37	4	1.0	matched
5	39	5					southern_only
5	39	6					southern_only
5	39	7					southern_only
5	39	8					southern_only
5	39	9	5	37	8	1.0	matched
5	39	10	5	37	9	1.0	matched
5	39	11	5	37	10	0.901	matched
5	39	12	5	37	11	0.841	matched
5	39	13	5	37	12	1.0	matched
5	39	14	5	54	7	1.0	moved
5	39	15	5	37	14	0.818	matched
5	39	16	5	37	15	1.0	matched
5	39	17	5	37	16	0.88	matched
5	39	18	5	37	17	1.0	matched
5	39	19	5	37	18	1.0	matched
5	39	20	5	37	19	1.0	matched
5	39	21	5	37	20	0.719	matched
5	39	22	5	37	21	0.89	matched
5	39	23	5	37	22	1.0	matched
5	39	24	5	37	23	1.0	matched
5	39	25	5	66	8	1.0	moved
5	39	26	5	37	25	1.0	matched
5	39	27	5	37	26	1.0	matched
5	39	28	5	37	27	0.885	matched
5	39	29	5	37	28	0.571	matched
5	39	30	5	37	29	1.0	matched
5	39	31	5	37	30	1.0	matched
5	39	32	5	37	31	0.838	matched
5	39	33	5	66	17	1.0	moved
5	39	34	5	37	33	1.0	matched
5	39	35	5	37	34	1.0	matched
5	39	36	5	37	35	1.0	matched
5	39	37	5	37	36	1.0	matched
5	39	38	5	37	37	1.0	matched
5	39	39	5	66	22	1.0	moved
5	39	40	5	37	39	1.0	matched
5	39	41	5	37	40	0.855	matched
5	39	42	5	37	41	1.0	matched
5	39	43	5	37	42	0.892	matched
5	39	44	5	37	43	1.0	matched
5	39	45	5	37	44	1.0	matched
5	39	46	5	37	45	0.713	matched
5	39	47	5	37	46	1.0	matched
5	39	48	5	37	47	0.862	matched
5	39	49	5	37	48	1.0	matched
5	39	50	5	37	49	1.0	matched
5	39	51	5	37	50	1.0	matched
5	39	52	5	37	51	0.392	fuzzy
5	39	53	5	37	52	1.0	matched
5	39	54	5	37	53	0.925	matched
5	40	1	5	38	1	1.0	matched
5	40	2	5	38	2	1.0	matched
5	40	3	5	38	3	1.0	matched
5	40	4	5	38	4	0.842	matched
5	40	5	5	38	5	1.0	matched
5	40	6	5	38	6	1.0	matched
5	40	7	5	38	7	1.0	matched
5	40	8	5	38	8	1.0	matched
5	40	9	5	38	9	0.67	matched
5	40	10	5	38	10	1.0	matched
5	40	11	5	38	11	0.719	matched
5	40	12	5	38	12	1.0	matched
5	40	13	5	38	13	1.0	matched
5	40	14	5	38	14	1.0	matched
5	40	15	5	38	15	1.0	matched
5	40	16	5	38	16	0.598	matched
5	40	17	5	38	17	0.8	matched
5	40	18	5	38	18	0.444	fuzzy
5	40	19					southern_only
5	40	20					southern_only
5	40	21	5	38	20	0.651	matched
5	40	22	5	38	21	1.0	matched
5	40	23	5	37	8	1.0	moved
5	40	24	5	65	35	1.0	moved
5	40	25	5	38	24	1.0	matched
5	41	1	5	39	1	1.0	matched
5	41	2	5	39	2	1.0	matched
5	41	3	5	39	3	0.872	matched
5	41	4	5	39	4	0.783	matched
5	41	5	5	39	5	0.797	matched
5	41	6	5	39	6	1.0	matched
5	41	7	5	39	7	0.846	matched
5	41	8	5	39	8	0.915	matched
5	41	9					southern_only
5	41	10	5	39	9	1.0	matched
5	41	11	5	39	10	1.0	matched
5	41	12	5	39	11	1.0	matched
5	41	13	5	39	12	0.814	matched
5	41	14	5	39	13	1.0	matched
5	41	15	5	39	14	1.0	matched
5	41	16	5	39	15	1.0	matched
5	41	17					southern_only
5	41	18					southern_only
5	41	19	5	39	16	0.584	matched
5	41	20					southern_only
5	41	21	5	39	17	0.709	matched
5	42	1	5	40	1	1.0	matched
5	42	2	5	40	2	0.897	matched
5	42	3	5	40	3	1.0	matched
5	42	4	5	40	4	1.0	matched
5	42	5	5	40	5	0.889	matched
5	42	6	5	40	6	1.0	matched
5	42	7	5	40	7	0.895	matched
5	42	8	5	40	8	0.825	matched
5	42	9	5	40	9	0.889	matched
5	42	10	5	40	10	0.738	matched
5	42	11	5	40	11	1.0	matched
5	42	12	5	40	12	0.605	matched
5	42	13	5	40	13	1.0	matched
5	42	14	5	40	14	1.0	matched
5	42	15	5	40	15	1.0	matched
5	42	16	5	40	16	0.89	matched
5	42	17	5	40	17	0.787	matched
5	42	18	5	40	18	0.87	matched
5	42	19	5	40	19	1.0	matched
5	42	20	5	40	20	0.763	matched
5	42	21	5	40	21	1.0	matched
5	42	22	5	40	22	1.0	matched
5	42	23					southern_only
5	42	24	5	40	23	1.0	matched
5	42	25	5	40	24	1.0	matched
5	42	26	5	40	25	1.0	matched
5	42	27	5	40	26	0.893	matched
5	42	28	5	40	27	0.895	matched
5	42	29					southern_only
5	42	30	5	40	28	0.841	matched
5	42	31	5	41	4	0.802	moved
5	42	32	5	41	5	0.756	moved
5	42	33	5	41	6	1.0	moved
5	42	34	5	41	7	1.0	moved
5	42	35	5	41	8	0.88	moved
5	42	36	5	41	9	1.0	moved
5	42	37	5	40	29	1.0	matched
5	42	38	5	40	30	1.0	matched
5	42	39	5	40	31	1.0	matched
5	42	40	5	40	32	0.478	fuzzy
5	42	41					southern_only
5	42	42	5	40	34	1.0	matched
5	42	43	5	40	35	1.0	matched
5	42	44	5	40	36	1.0	matched
5	43	1	5	41	1	0.664	matched
5	43	2					southern_only
5	43	3	5	41	2	0.63	matched
5	43	4					southern_only
5	43	5	5	41	3	0.889	matched
5	43	6	5	41	4	0.674	matched
5	43	7	5	41	5	0.471	fuzzy
5	43	8	5	41	6	0.713	matched
5	43	9	5	41	7	1.0	matched
5	43	10	5	41	8	1.0	matched
5	43	11	5	41	9	1.0	matched
5	43	12	5	41	10	0.54	matched
5	43	13	5	41	11	0.613	matched
5	43	14					southern_only
5	43	15					southern_only
5	43	16	5	41	13	0.481	fuzzy
5	43	17	5	41	14	0.694	matched
5	43	18					southern_only
5	43	19					southern_only
5	43	20					southern_only
5	43	21					southern_only
5	43	22					southern_only
5	43	23					southern_only
5	43	24					southern_only
5	43	25	5	41	18	0.504	matched
5	44	1	5	42	1	1.0	matched
5	44	2	5	42	2	1.0	matched
5	44	3	5	42	3	1.0	matched
5	44	4	5	42	4	1.0	matched
5	44	5	5	42	5	1.0	matched
5	44	6	5	42	6	0.819	matched
5	44	7	5	42	7	0.889	matched
5	44	8	5	42	8	1.0	matched
5	44	9					southern_only
5	44	10	5	42	9	1.0	matched
5	44	11	5	42	10	1.0	matched
5	44	12	5	42	11	1.0	matched
5	44	13	5	42	12	1.0	matched
5	44	14	5	42	13	0.861	matched
5	44	15	5	42	14	1.0	matched
5	44	16	5	42	15	1.0	matched
5	44	17	5	42	16	0.823	matched
5	44	18	5	42	17	0.762	matched
5	44	19	5	42	18	0.774	matched
5	44	20	5	42	19	1.0	matched
5	45	1	5	43	1	1.0	matched
5	45	2	5	43	2	1.0	matched
5	45	3	5	43	3	1.0	matched
5	45	4	5	43	4	1.0	matched
5	45	5	5	43	5	1.0	matched
5	45	6	5	43	6	0.899	matched
5	45	7	5	43	7	0.63	matched
5	45	8	5	43	8	1.0	matched
5	45	9	5	43	9	1.0	matched
5	45	10	5	43	10	1.0	matched
5	45	11	5	43	11	1.0	matched
5	45	12	5	43	12	1.0	matched
5	45	13	5	43	13	1.0	matched
5	45	14	5	43	14	1.0	matched
5	45	15	5	43	15	1.0	matched
5	45	16					southern_only
5	45	17	5	43	16	1.0	matched
5	46	1	5	44	1	1.0	matched
5	46	2	5	44	2	1.0	matched
5	46	3	5	44	3	1.0	matched
5	46	4	5	44	4	1.0	matched
5	46	5	5	44	5	1.0	matched
5	46	6	5	44	6	0.667	matched
5	46	7					southern_only
5	46	8					southern_only
5	46	9	5	44	8	0.357	fuzzy
5	46	10					southern_only
5	46	11					southern_only
5	46	12					southern_only
5	46	13					southern_only
5	46	14	5	44	12	0.387	fuzzy
5	46	15					southern_only
5	46	16					southern_only
5	46	17	5	44	14	0.363	fuzzy
5	46	18					southern_only
5	46	19	5	44	16	0.35	fuzzy
5	46	20	5	44	18	0.365	fuzzy
5	46	21					southern_only
5	46	22	5	44	20	0.644	matched
5	46	23	5	44	21	1.0	matched
5	46	24	5	44	22	1.0	matched
5	46	25	5	44	23	1.0	matched
5	46	26	5	44	24	0.872	matched
5	46	27	5	44	25	1.0	matched
5	46	28	5	44	26	0.874	matched
5	46	29	5	44	27	0.848	matched
5	46	30	5	44	28	0.889	matched
5	46	31	5	44	29	0.731	matched
5	46	32	5	44	30	1.0	matched
5	46	33	5	44	31	0.887	matched
5	46	34	5	44	32	1.0	matched
5	46	35	5	44	33	0.807	matched
5	46	36	5	44	34	1.0	matched
5	46	37	5	44	35	0.667	matched
5	46	38	5	44	36	1.0	matched
5	46	39	5	44	37	1.0	matched
5	46	40	5	44	38	0.866	matched
5	46	41	5	44	39	0.9	matched
5	47	1	5	45	1	0.86	matched
5	47	2	5	45	2	1.0	matched
5	47	3	5	45	3	0.929	matched
5	47	4	5	45	4	0.88	matched
5	47	5	5	45	5	0.808	matched
5	47	6	5	45	6	0.93	matched
5	47	7	5	45	7	0.929	matched
5	47	8	5	45	8	1.0	matched
5	47	9	5	45	9	0.675	matched
5	47	10	5	45	10	0.884	matched
5	47	11	5	45	11	0.93	matched
5	47	12	5	45	12	1.0	matched
5	47	13	5	45	13	0.92	matched
5	47	14	5	45	14	0.828	matched
5	47	15	5	45	15	0.868	matched
5	47	16	5	45	16	0.905	matched
5	47	17	5	45	17	0.909	matched
5	47	18	5	45	18	1.0	matched
5	47	19	5	45	19	0.852	matched
5	47	20	5	45	20	1.0	matched
5	47	21	5	45	21	1.0	matched
5	47	22	5	45	22	0.926	matched
5	47	23	5	45	23	0.81	matched
5	47	24	5	45	24	1.0	matched
5	47	25	5	45	25	1.0	matched
5	47	26	5	45	26	0.895	matched
5	47	27	5	45	27	1.0	matched
5	47	28	5	45	28	0.901	matched
5	47	29	5	45	29	0.845	matched
5	47	30	5	45	30	1.0	matched
5	47	31	5	45	31	0.855	matched
5	47	32	5	45	32	1.0	matched
5	47	33	5	45	33	0.88	matched
5	47	34	5	45	34	0.929	matched
5	47	35	5	45	35	1.0	matched
5	47	36	5	45	36	0.901	matched
5	47	37	5	45	38	0.623	matched
5	47	38	5	45	39	0.781	matched
5	48	1	5	46	1	0.827	matched
5	48	2	5	46	2	1.0	matched
5	48	3					southern_only
5	48	4	5	46	4	0.574	matched
5	48	5	5	46	5	0.902	matched
5	48	6	5	46	6	1.0	matched
5	48	7	5	46	7	0.848	matched
5	48	8	5	46	8	0.676	matched
5	48	9	5	46	9	0.778	matched
5	48	10	5	46	10	0.891	matched
5	48	11					southern_only
5	48	12					southern_only
5	48	13	5	46	11	0.916	matched
5	48	14	5	46	12	0.825	matched
5	48	15	5	46	13	0.783	matched
5	48	16	5	46	14	0.884	matched
5	48	17	5	46	15	0.946	matched
5	48	18	5	46	16	0.709	matched
5	48	19	5	46	17	1.0	matched
5	48	20	5	46	18	1.0	matched
5	48	21	5	46	19	0.835	matched
5	48	22	5	46	20	1.0	matched
5	48	23	5	46	21	1.0	matched
5	48	24	5	46	22	0.693	matched
5	48	25	5	46	23	0.88	matched
5	48	26	5	46	24	0.851	matched
5	48	27	5	46	25	1.0	matched
5	48	28	5	46	26	0.85	matched
5	48	29	5	46	27	0.919	matched
5	48	30	5	46	28	0.949	matched
5	48	31	5	46	29	1.0	matched
5	48	32	5	46	30	1.0	matched
5	48	33	5	46	31	1.0	matched
5	48	34	5	46	32	0.907	matched
5	48	35	5	46	33	1.0	matched
5	48	36	5	46	34	1.0	matched
5	48	37	5	46	35	0.9	matched
5	48	38	5	46	36	1.0	matched
5	48	39	5	46	37	1.0	matched
5	48	40	5	46	38	0.917	matched
5	48	41	5	46	39	0.942	matched
5	48	42	5	46	40	1.0	matched
5	48	43	5	46	41	1.0	matched
5	48	44	5	46	42	1.0	matched
5	48	45	5	46	43	1.0	matched
5	48	46	5	46	44	0.904	matched
5	48	47	5	46	45	0.836	matched
5	48	48	5	46	46	1.0	matched
5	48	49	5	46	47	0.927	matched
5	48	50	5	46	48	1.0	matched
5	48	51	5	46	49	1.0	matched
5	48	52	5	46	50	0.88	matched
5	48	53	5	46	51	1.0	matched
5	48	54	5	46	52	1.0	matched
5	48	55	5	46	53	0.817	matched
5	48	56	5	46	54	1.0	matched
5	48	57	5	46	55	1.0	matched
5	48	58	5	46	56	1.0	matched
5	48	59	5	46	57	1.0	matched
5	48	60	5	46	58	1.0	matched
5	48	61	5	46	59	1.0	matched
5	49	1	5	47	1	0.838	matched
5	49	2	5	47	2	0.941	matched
5	49	3	5	47	3	1.0	matched
5	49	4	5	47	4	1.0	matched
5	49	5	5	47	5	0.691	matched
5	49	6	5	47	6	0.91	matched
5	49	7	5	47	7	0.909	matched
5	49	8	5	47	8	0.844	matched
5	49	9	5	47	9	0.805	matched
5	49	10	5	47	10	1.0	matched
5	49	11	5	47	11	1.0	matched
5	49	12	5	47	12	0.783	matched
5	49	13	5	47	13	1.0	matched
5	49	14	5	47	14	1.0	matched
5	49	15	5	47	15	1.0	matched
5	49	16	5	47	16	1.0	matched
5	49	17	5	47	17	1.0	matched
5	49	18	5	47	18	1.0	matched
5	49	19	5	47	19	0.587	matched
5	49	20	5	47	20	1.0	matched
5	50	1	5	48	1	1.0	matched
5	50	2					southern_only
5	50	3					southern_only
5	50	4	5	48	2	1.0	matched
5	50	5	5	48	3	1.0	matched
5	50	6					southern_only
5	50	7	5	48	4	1.0	matched
5	50	8	5	48	5	1.0	matched
5	50	9	5	48	6	0.689	matched
5	50	10	5	48	7	1.0	matched
5	50	11	5	48	8	1.0	matched
5	50	12	5	48	9	0.485	fuzzy
5	50	13					southern_only
5	50	14					southern_only
5	50	15	5	48	13	0.423	fuzzy
5	50	16					southern_only
5	50	17					southern_only
5	50	18					southern_only
5	50	19	5	48	16	0.385	fuzzy
5	51	1	5	49	1	1.0	matched
5	51	2	5	49	2	0.708	matched
5	51	3	5	49	3	1.0	matched
5	51	4	5	49	4	1.0	matched
5	51	5	5	49	5	0.904	matched
5	51	6	5	49	6	1.0	matched
5	51	7	5	49	7	0.505	matched
5	51	8	5	49	8	0.883	matched
5	51	9	5	49	9	0.946	matched
5	51	10	5	49	10	1.0	matched
5	51	11					southern_only
5	51	12	5	49	11	1.0	matched
5	51	13	5	49	12	0.892	matched
5	51	14	5	49	13	0.899	matched
5	51	15	5	49	14	0.639	matched
5	51	16					southern_only
5	51	17	5	49	15	1.0	matched
5	51	18	5	49	16	1.0	matched
5	51	19	5	49	17	1.0	matched
5	51	20	5	49	18	1.0	matched
5	51	21	5	49	19	0.831	matched
5	51	22	5	49	20	1.0	matched
5	51	23	5	49	21	0.892	matched
5	51	24	5	49	22	0.909	matched
5	51	25	5	49	23	0.887	matched
5	51	26	5	49	24	1.0	matched
5	51	27	5	49	26	0.692	matched
5	51	28	5	49	27	1.0	matched
5	51	29	5	49	28	1.0	matched
5	51	30	5	49	29	0.854	matched
5	51	31	5	49	30	0.88	matched
5	51	32	5	49	31	1.0	matched
5	51	33	5	49	32	1.0	matched
5	51	34	5	49	33	0.848	matched
5	51	35	5	49	34	0.897	matched
5	51	36	5	49	35	0.848	matched
5	51	37					southern_only
5	51	38					southern_only
5	51	39					southern_only
5	51	40					southern_only
5	51	41					southern_only
5	51	42					southern_only
5	51	43					southern_only
5	51	44					southern_only
5	51	45	5	49	36	1.0	matched
5	52	1	5	50	1	0.868	matched
5	52	2	5	50	2	1.0	matched
5	52	3	5	50	3	1.0	matched
5	52	4	5	50	4	1.0	matched
5	52	5					southern_only
5	52	6	5	50	5	1.0	matched
5	52	7					southern_only
5	52	8					southern_only
5	52	9					southern_only
5	52	10					southern_only
5	52	11					southern_only
5	52	12					southern_only
5	52	13					southern_only
5	52	14	5	50	6	1.0	matched
5	52	15	5	50	7	0.895	matched
5	52	16	5	50	8	0.915	matched
5	52	17	5	50	9	1.0	matched
5	52	18					southern_only
5	52	19					southern_only
5	52	20	5	50	10	1.0	matched
5	52	21	5	50	11	1.0	matched
5	52	22	5	50	12	0.744	matched
5	52	23	5	50	13	1.0	matched
5	52	24	5	50	14	0.752	matched
5	52	25	5	50	15	0.91	matched
5	52	26	5	50	16	0.784	matched
5	52	27	5	50	17	0.778	matched
5	52	28					southern_only
5	53	1	5	51	1	0.899	matched
5	53	2	5	51	2	1.0	matched
5	53	3	5	51	3	1.0	matched
5	53	4	5	51	4	0.904	matched
5	53	5	5	51	5	1.0	matched
5	53	6	5	51	6	1.0	matched
5	53	7	5	51	7	1.0	matched
5	53	8	5	51	8	0.529	matched
5	53	9					southern_only
5	53	10					southern_only
5	53	11	5	51	11	1.0	matched
5	53	12					southern_only
5	53	13	5	51	12	1.0	matched
5	53	14	5	51	13	0.696	matched
5	53	15					southern_only
5	53	16	5	51	15	0.36	fuzzy
5	53	17	5	51	16	0.359	fuzzy
5	53	18					southern_only
5	53	19	5	51	17	1.0	matched
5	53	20	5	51	18	1.0	matched
5	53	21					southern_only
5	53	22					southern_only
5	53	23					southern_only
5	53	24					southern_only
5	53	25					southern_only
5	53	26					southern_only
5	53	27	5	51	24	0.564	matched
5	53	28	5	51	25	0.88	matched
5	53	29	5	51	26	1.0	matched
5	53	30	5	51	27	0.582	matched
5	53	31	5	51	28	0.872	matched
5	53	32					southern_only
5	53	33	5	51	29	1.0	matched
5	53	34	5	51	30	1.0	matched
5	53	35	5	51	31	1.0	matched
5	53	36	5	51	32	1.0	matched
5	53	37	5	51	33	1.0	matched
5	53	38					southern_only
5	53	39					southern_only
5	53	40					southern_only
5	53	41	5	51	35	0.354	fuzzy
5	53	42					southern_only
5	53	43	5	51	38	0.673	matched
5	53	44	5	51	39	0.857	matched
5	54	1	5	52	1	1.0	matched
5	54	2	5	52	2	0.902	matched
5	54	3	5	52	3	1.0	matched
5	54	4	5	52	4	1.0	matched
5	54	5	5	52	5	1.0	matched
5	54	6	5	52	6	1.0	matched
5	54	7	5	5	15	1.0	moved
5	54	8					southern_only
5	54	9	5	52	7	0.446	fuzzy
5	54	10					southern_only
5	54	11					southern_only
5	54	12					southern_only
5	54	13	5	5	23	0.562	moved
5	54	14					southern_only
5	54	15					southern_only
5	54	16					southern_only
5	54	17	5	5	25	0.524	moved
5	54	18	5	5	26	0.548	moved
5	54	19					southern_only
5	54	20					southern_only
5	54	21	5	52	8	1.0	matched
5	54	22	5	52	9	0.529	matched
5	54	23	5	52	11	0.373	fuzzy
5	54	24					southern_only
5	54	25					southern_only
5	54	26					southern_only
5	54	27					southern_only
5	54	28					southern_only
5	54	29	5	52	13	0.39	fuzzy
5	54	30					southern_only
5	54	31					southern_only
5	54	32					southern_only
5	54	33					southern_only
5	54	34					southern_only
5	54	35					southern_only
5	54	36					southern_only
5	54	37					southern_only
5	54	38					southern_only
5	54	39					southern_only
5	54	40					southern_only
5	54	41	5	52	14	1.0	matched
5	54	42	5	52	15	0.897	matched
5	54	43					southern_only
5	54	44	5	52	16	1.0	matched
5	54	45					southern_only
5	54	46					southern_only
5	54	47					southern_only
5	54	48					southern_only
5	54	49	5	52	17	0.8	matched
5	54	50					southern_only
5	54	51					southern_only
5	55	1	5	53	1	0.9	matched
5	55	2	5	53	2	1.0	matched
5	55	3	5	53	3	0.663	matched
5	55	4					southern_only
5	55	5					southern_only
5	55	6					southern_only
5	55	7					southern_only
5	55	8	5	53	4	0.808	matched
5	55	9	5	53	5	1.0	matched
5	55	10	5	53	6	1.0	matched
5	55	11	5	53	7	1.0	matched
5	55	12	5	53	8	0.868	matched
5	55	13	5	53	9	0.857	matched
5	55	14	5	53	10	0.875	matched
5	55	15	5	53	11	1.0	matched
5	55	16	5	53	12	1.0	matched
5	55	17	5	53	13	1.0	matched
5	55	18	5	53	14	1.0	matched
5	55	19	5	53	15	1.0	matched
5	55	20	5	53	16	1.0	matched
5	55	21	5	53	17	0.9	matched
5	55	22	5	53	18	1.0	matched
5	55	23	5	53	19	1.0	matched
5	55	24	5	53	20	1.0	matched
5	55	25	5	53	21	1.0	matched
5	55	26	5	53	22	1.0	matched
5	55	27					southern_only
5	55	28	5	53	23	0.838	matched
5	55	29	5	53	24	0.817	matched
5	55	30	5	53	25	0.738	matched
5	55	31					southern_only
5	55	32	5	53	26	1.0	matched
5	55	33					southern_only
5	55	34	5	53	27	0.973	matched
5	55	35	5	53	28	1.0	matched
5	56	1	5	54	1	1.0	matched
5	56	2	5	54	2	0.889	matched
5	56	3					southern_only
5	56	4					southern_only
5	56	5					southern_only
5	56	6					southern_only
5	56	7	5	37	23	0.675	moved
5	56	8	5	66	8	0.697	moved
5	56	9	5	37	25	0.857	moved
5	56	10					southern_only
5	56	11	5	37	27	1.0	moved
5	56	12	5	54	4	1.0	matched
5	56	13	5	66	15	1.0	moved
5	56	14	5	54	6	0.778	matched
5	56	15	5	66	17	1.0	moved
5	56	16	5	37	33	0.585	moved
5	56	17	5	37	41	0.877	moved
5	56	18	5	37	42	0.543	moved
5	56	19					southern_only
5	56	20	5	37	44	1.0	moved
5	56	21	5	54	7	0.88	matched
5	56	22	5	54	8	1.0	matched
5	56	23					southern_only
5	56	24					southern_only
5	56	25					southern_only
5	56	26					southern_only
5	56	27					southern_only
5	56	28					southern_only
5	56	29					southern_only
5	56	30					southern_only
5	56	31					southern_only
5	56	32					southern_only
5	56	33					southern_only
5	56	34					southern_only
5	56	35					southern_only
5	56	36					southern_only
5	56	37					southern_only
5	56	38					southern_only
5	56	39					southern_only
5	56	40	5	54	16	0.382	fuzzy
5	56	41					southern_only
5	56	42					southern_only
5	56	43	5	54	19	0.585	matched
5	56	44	5	54	20	0.861	matched
5	56	45	5	54	21	1.0	matched
5	56	46	5	54	22	0.932	matched
5	56	47	5	54	23	1.0	matched
5	56	48	5	54	24	1.0	matched
5	56	49	5	54	25	1.0	matched
5	56	50	5	54	26	1.0	matched
5	56	51					southern_only
5	57	4					southern_only
5	57	5	5	55	4	0.882	matched
5	57	6					southern_only
5	57	7	5	55	6	1.0	matched
5	57	8	5	55	7	0.759	matched
5	57	9					southern_only
5	57	10					southern_only
5	57	11					southern_only
5	57	12					southern_only
5	57	13	5	55	9	0.364	fuzzy
5	57	14					southern_only
5	57	15					southern_only
5	57	16					southern_only
5	57	17					southern_only
5	57	18					southern_only
5	57	19					southern_only
5	57	20					southern_only
5	57	21	5	55	11	1.0	matched
5	57	22	5	55	12	1.0	matched
5	57	23	5	55	13	1.0	matched
5	57	24	5	55	14	0.893	matched
5	57	25	5	55	15	1.0	matched
5	57	26	5	55	16	0.69	matched
5	57	27					southern_only
5	57	28	5	55	17	1.0	matched
5	57	29	5	55	18	0.659	matched
5	57	30					southern_only
5	57	31	5	55	19	1.0	matched
5	57	32	5	55	20	0.829	matched
5	57	33	5	55	21	1.0	matched
5	57	34	5	55	22	0.802	matched
5	57	35	5	55	23	1.0	matched
5	57	36	5	55	24	1.0	matched
5	57	37	5	55	25	1.0	matched
5	57	38	5	55	26	0.882	matched
5	57	39	5	55	27	0.667	matched
5	57	40					southern_only
5	57	41					southern_only
5	57	42	5	55	30	0.351	fuzzy
5	57	43					southern_only
5	57	44	5	55	31	0.351	fuzzy
5	57	45	5	55	32	0.352	fuzzy
5	57	46	5	55	33	0.364	fuzzy
5	57	47					southern_only
5	57	48	5	55	34	1.0	matched
5	57	49	5	55	35	1.0	matched
5	57	50					southern_only
5	57	51	5	55	36	0.676	matched
5	57	52	5	55	37	1.0	matched
5	57	53	5	55	38	1.0	matched
5	58	1	5	56	1	1.0	matched
5	58	2					southern_only
5	58	3					southern_only
5	58	4					southern_only
5	58	5					southern_only
5	58	6	5	56	5	1.0	matched
5	58	7	5	56	6	1.0	matched
5	58	8	5	56	7	1.0	matched
5	58	9	5	56	8	1.0	matched
5	58	10	5	56	9	0.548	matched
5	58	11					southern_only
5	58	12	5	56	11	0.45	fuzzy
5	58	13	5	56	12	0.36	fuzzy
5	58	14					southern_only
5	58	15					southern_only
5	58	16					southern_only
5	58	17					southern_only
5	58	18	5	56	17	0.415	fuzzy
5	58	19					southern_only
5	58	20					southern_only
5	58	21	5	56	20	0.355	fuzzy
5	58	22					southern_only
5	58	23	5	56	21	0.559	matched
5	58	24	5	56	22	1.0	matched
5	58	25	5	56	23	1.0	matched
5	58	26	5	56	24	1.0	matched
5	58	27					southern_only
5	58	28					southern_only
5	58	29	5	56	27	0.483	fuzzy
5	58	30					southern_only
5	58	31	5	56	29	0.368	fuzzy
5	58	32					southern_only
5	58	33	5	1	155	1.0	moved
5	58	34	5	56	33	0.351	fuzzy
5	58	35					southern_only
5	58	36	5	56	34	0.596	matched
5	58	37	5	56	35	0.8	matched
5	58	38	5	56	36	0.64	matched
5	58	39	5	56	37	1.0	matched
5	58	40	5	56	38	1.0	matched
5	58	41	5	56	39	1.0	matched
5	58	42	5	56	40	1.0	matched
5	58	43	5	56	41	0.85	matched
5	58	44	5	56	42	1.0	matched
5	58	45	5	56	43	0.49	fuzzy
5	58	46	5	56	44	0.67	matched
5	58	47					southern_only
5	58	48					southern_only
5	58	49					southern_only
5	58	50					southern_only
5	58	51					southern_only
5	58	52	5	56	46	1.0	matched
5	58	53	5	56	47	1.0	matched
5	58	54	5	56	48	0.795	matched
5	58	55	5	56	49	0.507	matched
5	58	56	5	56	50	0.374	fuzzy
5	58	57					southern_only
5	58	58					southern_only
5	58	59	5	56	52	0.409	fuzzy
5	58	60	5	57	12	0.803	moved
5	58	61	5	57	13	0.582	moved
5	58	62	5	56	53	1.0	matched
5	58	63	5	56	54	1.0	matched
5	58	64	5	56	55	1.0	matched
5	58	65	5	56	56	0.89	matched
5	58	66	5	56	57	1.0	matched
5	58	67					southern_only
5	58	68	5	56	58	1.0	matched
5	58	69	5	56	59	1.0	matched
5	58	70	5	56	60	1.0	matched
5	58	71	5	56	61	0.573	matched
5	58	72	5	56	62	0.382	fuzzy
5	58	73					southern_only
5	58	74					southern_only
5	58	75					southern_only
5	58	76	5	56	66	0.353	fuzzy
5	58	77					southern_only
5	58	78	5	56	67	0.693	matched
5	58	79	5	56	68	0.868	matched
5	58	80	5	56	69	1.0	matched
5	58	81	5	56	70	1.0	matched
5	58	82	5	56	71	0.878	matched
5	58	83	5	56	72	1.0	matched
5	58	84	5	56	73	0.659	matched
5	58	85	5	56	74	1.0	matched
5	58	86					southern_only
5	58	87					southern_only
5	58	88					southern_only
5	58	89					southern_only
5	58	90					southern_only
5	58	91					southern_only
5	58	92					southern_only
5	58	93					southern_only
5	58	94					southern_only
5	58	95					southern_only
5	58	96					southern_only
5	58	97	5	56	79	0.586	matched
5	58	98	5	56	80	0.909	matched
5	58	99	5	56	81	1.0	matched
5	58	100	5	56	82	1.0	matched
5	58	101	5	56	83	0.842	matched
5	58	102	5	56	84	1.0	matched
5	58	103					southern_only
5	58	104	5	56	85	0.782	matched
5	58	105	5	56	86	1.0	matched
5	58	106	5	56	87	1.0	matched
5	58	107	5	56	88	1.0	matched
5	58	108	5	56	89	1.0	matched
5	58	109	5	56	90	1.0	matched
5	58	110	5	56	91	0.875	matched
5	58	111	5	56	92	0.919	matched
5	58	112	5	56	93	1.0	matched
5	58	113	5	56	94	1.0	matched
5	58	114	5	56	95	0.534	matched
5	58	115	5	56	96	1.0	matched
5	58	116	5	56	97	1.0	matched
5	58	117	5	56	98	0.853	matched
5	58	118	5	56	99	0.458	fuzzy
5	58	119	5	56	101	0.493	fuzzy
5	58	120					southern_only
5	58	121					southern_only
5	58	122	5	56	103	0.604	matched
5	58	123	5	56	104	0.664	matched
5	58	124					southern_only
5	58	125					southern_only
5	58	126	5	56	106	0.525	matched
5	58	127	5	56	107	0.575	matched
5	58	128					southern_only
5	58	129					southern_only
5	58	130					southern_only
5	58	131	5	56	110	0.549	matched
5	58	132	5	56	111	1.0	matched
5	58	133	5	56	112	0.708	matched
5	58	134	5	56	113	0.864	matched
5	58	135	5	56	114	0.873	matched
5	58	136	5	56	115	0.657	matched
5	58	137					southern_only
5	58	138	5	56	116	1.0	matched
5	58	139	5	56	117	1.0	matched
5	58	140	5	56	118	1.0	matched
5	58	141	5	56	119	0.825	matched
5	58	142	5	56	120	1.0	matched
5	58	143	5	56	121	1.0	matched
5	58	144	5	56	122	0.857	matched
5	58	145	5	56	123	1.0	matched
5	58	146	5	56	124	0.507	matched
5	58	147	5	56	125	0.813	matched
5	58	148					southern_only
5	58	149	5	56	126	0.816	matched
5	58	150	5	56	127	0.815	matched
5	58	151	5	56	128	1.0	matched
5	58	152	5	56	129	0.939	matched
5	58	153	5	56	130	1.0	matched
5	58	154	5	56	131	1.0	matched
5	58	155	5	56	132	1.0	matched
5	58	156	5	56	133	1.0	matched
5	58	157	5	56	134	1.0	matched
5	58	158	5	56	135	1.0	matched
5	58	159	5	53	7	1.0	moved
5	58	160					southern_only
5	58	161					southern_only
5	58	162	5	56	138	0.357	fuzzy
5	58	163					southern_only
5	58	164					southern_only
5	58	165					southern_only
5	58	166					southern_only
5	58	167					southern_only
5	58	168	5	56	139	0.861	matched
5	58	169	5	56	140	0.937	matched
5	59	1	5	57	1	0.875	matched
5	59	2	5	57	2	0.744	matched
5	59	3	5	57	3	1.0	matched
5	59	4	5	57	4	0.659	matched
5	59	5	5	57	5	0.732	matched
5	59	6	5	58	2	0.664	matched
5	59	7	5	58	3	1.0	matched
5	59	8	5	58	4	1.0	matched
5	59	9	5	58	5	0.785	matched
5	59	10	5	58	6	0.738	matched
5	59	11	5	58	7	0.5	matched
5	59	12					southern_only
5	59	13	5	58	9	0.907	matched
5	59	14	5	58	10	0.662	matched
5	59	15	5	58	11	0.783	matched
5	59	16	5	58	12	0.835	matched
5	59	17					southern_only
5	59	18					southern_only
5	59	19	5	41	6	1.0	moved
5	59	20					southern_only
5	59	21	5	57	6	1.0	moved
5	59	22	5	57	7	0.915	moved
5	59	23	5	57	8	1.0	moved
5	59	24	5	57	9	0.789	moved
5	59	25					southern_only
5	59	26					southern_only
5	59	27					southern_only
5	59	28					southern_only
5	59	29					southern_only
5	59	30	5	57	16	1.0	moved
5	59	31					southern_only
5	59	32	5	57	17	0.833	moved
5	60	1					southern_only
5	60	2	5	58	13	0.359	fuzzy
5	60	3	5	58	14	0.358	fuzzy
5	60	4					southern_only
5	60	5					southern_only
5	60	6					southern_only
5	60	7					southern_only
5	60	8	5	58	18	0.909	matched
5	60	9	5	58	19	1.0	matched
5	60	10					southern_only
5	60	11	5	58	20	1.0	matched
5	60	12					southern_only
5	60	13					southern_only
5	60	14	5	58	21	1.0	matched
5	60	15					southern_only
5	60	16					southern_only
5	60	17					southern_only
5	60	18					southern_only
5	60	19					southern_only
5	60	20	5	58	22	1.0	matched
5	61	1	5	59	1	1.0	matched
5	61	2	5	59	2	0.736	matched
5	61	3	5	59	3	1.0	matched
5	61	4	5	59	4	1.0	matched
5	61	5	5	59	5	0.818	matched
5	61	6	5	59	6	1.0	matched
5	61	7	5	59	7	0.774	matched
5	61	8	5	59	8	1.0	matched
5	61	9	5	59	9	0.903	matched
5	61	10	5	59	10	0.853	matched
5	61	11	5	59	11	1.0	matched
5	61	12	5	59	12	1.0	matched
5	61	13					southern_only
5	61	14					southern_only
5	61	15	5	59	13	1.0	matched
5	61	16	5	59	14	0.825	matched
5	61	17	5	59	15	0.705	matched
5	61	18	5	59	16	0.844	matched
5	61	19	5	59	17	0.603	matched
5	61	20	5	59	18	1.0	matched
5	61	21	5	59	19	0.887	matched
5	61	22	5	59	20	0.856	matched
5	61	23	5	59	21	0.821	matched
5	61	24	5	59	22	0.744	matched
5	62	1	5	60	1	1.0	matched
5	62	2					southern_only
5	62	3	5	60	2	0.451	fuzzy
5	62	4					southern_only
5	62	5	5	60	4	0.474	fuzzy
5	62	6					southern_only
5	62	7	5	60	6	0.357	fuzzy
5	62	8	5	60	7	0.688	matched
5	62	9					southern_only
5	62	10	5	60	8	0.389	fuzzy
5	62	11	5	60	9	0.354	fuzzy
5	62	12					southern_only
5	62	13	5	60	11	0.352	fuzzy
5	62	14	5	60	12	0.422	fuzzy
5	62	15					southern_only
5	62	16					southern_only
5	62	17	5	60	15	0.602	matched
5	62	18	5	60	16	1.0	matched
5	62	19	5	60	17	0.534	matched
5	62	20	5	60	18	1.0	matched
5	62	21	5	60	19	0.744	matched
5	62	22	5	60	20	0.793	matched
5	62	23					southern_only
5	62	24	5	60	23	1.0	matched
5	62	25	5	60	24	0.5	matched
5	62	26	5	60	25	0.527	matched
5	62	27	5	60	26	0.648	matched
5	62	28	5	60	27	0.733	matched
5	62	29	5	60	28	0.803	matched
5	62	30	5	60	29	0.893	matched
5	62	31	5	60	30	1.0	matched
5	62	32	5	60	31	1.0	matched
5	62	33	5	60	32	0.835	matched
5	62	34	5	60	33	1.0	matched
5	62	35	5	60	34	1.0	matched
5	62	36	5	60	35	1.0	matched
5	62	37	5	60	36	1.0	matched
5	62	38	5	60	37	0.889	matched
5	63	1	5	61	1	1.0	matched
5	63	2	5	61	2	0.705	matched
5	63	3					southern_only
5	63	4	5	61	3	0.846	matched
5	63	5	5	61	4	0.732	matched
5	63	6					southern_only
5	63	7					southern_only
5	63	8	5	61	6	0.79	matched
5	63	9	5	61	7	0.747	matched
5	63	10	5	61	8	1.0	matched
5	63	11	5	61	9	0.835	matched
5	63	12	5	61	10	0.872	matched
5	63	13	5	61	11	0.887	matched
5	63	14	5	61	12	0.902	matched
5	63	15	5	61	13	1.0	matched
5	63	16	5	61	14	1.0	matched
5	63	17	5	61	15	0.422	fuzzy
5	63	18					southern_only
5	63	19					southern_only
5	63	20	5	61	16	0.378	fuzzy
5	63	21					southern_only
5	63	22					southern_only
5	63	23	5	61	19	0.481	fuzzy
5	63	24	5	61	20	0.381	fuzzy
5	63	25	5	61	21	1.0	matched
5	63	26	5	61	22	1.0	matched
5	63	27	5	61	23	1.0	matched
5	63	28	5	61	24	1.0	matched
5	63	29	5	61	25	0.6	matched
5	63	30					southern_only
5	63	31					southern_only
5	63	32	5	61	27	0.932	matched
5	63	33					southern_only
5	64	1	5	62	1	1.0	matched
5	64	2	5	62	2	1.0	matched
5	64	3	5	62	3	0.882	matched
5	64	4	5	62	4	1.0	matched
5	64	5	5	62	5	1.0	matched
5	64	6	5	62	6	0.731	matched
5	64	7					southern_only
5	64	8					southern_only
5	64	9					southern_only
5	64	10					southern_only
5	64	11	5	62	10	0.367	fuzzy
5	64	12	5	62	12	0.358	fuzzy
5	64	13					southern_only
5	64	14	5	62	13	0.36	fuzzy
5	64	15	5	62	14	0.759	matched
5	64	16	5	62	15	0.791	matched
5	64	17	5	62	16	1.0	matched
5	64	18	5	62	17	0.821	matched
5	64	19	5	62	18	1.0	matched
5	64	20	5	62	19	0.866	matched
5	64	21	5	62	20	1.0	matched
5	64	22	5	62	21	1.0	matched
5	64	23	5	62	22	0.475	fuzzy
5	64	24	5	62	23	0.744	matched
5	64	25	5	62	24	0.381	fuzzy
5	64	26					southern_only
5	64	27	5	62	26	0.352	fuzzy
5	64	28					southern_only
5	64	29	5	62	27	0.741	matched
5	64	30	5	62	28	1.0	matched
5	64	31	5	62	29	0.606	matched
5	64	32	5	62	30	0.615	matched
5	64	33					southern_only
5	64	34					southern_only
5	64	35	5	62	33	0.481	fuzzy
5	64	36					southern_only
5	64	37					southern_only
5	64	38	5	62	34	0.661	matched
5	64	39	5	62	35	1.0	matched
5	64	40	5	62	36	1.0	matched
5	64	41	5	62	37	1.0	matched
5	64	42	5	62	38	1.0	matched
5	64	43					southern_only
5	64	44	5	62	39	1.0	matched
5	64	45	5	62	40	0.675	matched
5	65	1	5	63	1	1.0	matched
5	65	2	5	63	2	1.0	matched
5	65	3	5	63	3	0.706	matched
5	65	4	5	63	4	0.756	matched
5	65	5	5	63	5	1.0	matched
5	65	6	5	63	6	1.0	matched
5	65	7	5	63	7	0.394	fuzzy
5	65	8					southern_only
5	65	9					southern_only
5	65	10					southern_only
5	65	11	5	63	9	0.368	fuzzy
5	65	12	5	63	11	0.356	fuzzy
5	65	13					southern_only
5	65	14					southern_only
5	65	15					southern_only
5	65	16	5	63	15	0.364	fuzzy
5	65	17					southern_only
5	65	18					southern_only
5	65	19	5	63	17	0.657	matched
5	65	20	5	63	18	1.0	matched
5	65	21	5	63	19	0.484	fuzzy
5	65	22	5	63	20	0.753	matched
5	65	23	5	63	21	0.827	matched
5	65	24	5	63	22	0.897	matched
5	65	25	5	63	23	1.0	matched
5	65	26	5	63	24	1.0	matched
5	65	27	5	63	25	1.0	matched
5	65	28	5	63	26	1.0	matched
5	66	1	5	64	1	1.0	matched
5	66	2	5	64	2	1.0	matched
5	66	3	5	64	3	0.802	matched
5	66	4	5	64	4	1.0	matched
5	66	5	5	64	5	1.0	matched
5	66	6	5	64	6	1.0	matched
5	66	7	5	64	7	1.0	matched
5	66	8	5	64	8	1.0	matched
5	66	9	5	64	9	1.0	matched
5	66	10	5	64	10	1.0	matched
5	66	11	5	64	11	1.0	matched
5	66	12	5	64	12	1.0	matched
5	66	13	5	64	13	0.615	matched
5	66	14	5	64	14	1.0	matched
5	66	15	5	64	15	1.0	matched
5	67	1	5	65	1	1.0	matched
5	67	2	5	65	2	1.0	matched
5	67	3	5	65	3	0.959	matched
5	67	4	5	65	4	0.986	matched
5	67	5	5	65	5	1.0	matched
5	67	6	5	65	6	0.84	matched
5	67	7	5	65	7	0.441	fuzzy
5	67	8	5	65	8	1.0	matched
5	67	9	5	65	9	0.802	matched
5	67	10	5	65	10	0.885	matched
5	67	11	5	65	11	0.833	matched
5	67	12	5	65	12	0.918	matched
5	67	13	5	65	13	1.0	matched
5	67	14	5	65	14	0.592	matched
5	67	15					southern_only
5	67	16					southern_only
5	67	17					southern_only
5	67	18					southern_only
5	67	19	5	65	18	0.371	fuzzy
5	67	20					southern_only
5	67	21					southern_only
5	67	22	5	65	22	0.423	fuzzy
5	67	23	5	65	23	0.357	fuzzy
5	67	24	5	65	24	0.367	fuzzy
5	67	25					southern_only
5	67	26	5	65	26	0.351	fuzzy
5	67	27					southern_only
5	67	28					southern_only
5	67	29					southern_only
5	67	30					southern_only
5	67	31					southern_only
5	67	32					southern_only
5	67	33	5	65	32	0.535	matched
5	67	34					southern_only
5	67	35					southern_only
5	67	36					southern_only
5	67	37					southern_only
5	67	38					southern_only
5	67	39					southern_only
5	67	40					southern_only
5	67	41	5	65	33	1.0	matched
5	67	42	5	37	8	0.8	moved
5	67	43	5	65	35	1.0	matched
5	67	44	5	65	36	0.805	matched
5	68	1	5	66	1	0.902	matched
5	68	2	5	66	2	1.0	matched
5	68	3	5	37	19	1.0	moved
5	68	4	5	66	4	1.0	matched
5	68	5	5	66	5	1.0	matched
5	68	6	5	66	6	1.0	matched
5	68	7	5	37	23	0.868	moved
5	68	8	5	66	8	1.0	matched
5	68	9	5	66	9	0.895	matched
5	68	10	5	66	10	1.0	matched
5	68	11	5	37	27	1.0	moved
5	68	12	5	66	12	0.912	matched
5	68	13	5	66	13	1.0	matched
5	68	14	5	37	29	1.0	moved
5	68	15	5	66	15	1.0	matched
5	68	16	5	66	16	0.893	matched
5	68	17	5	66	17	0.871	matched
5	68	18	5	37	34	0.873	moved
5	68	19	5	37	35	1.0	moved
5	68	20	5	66	20	1.0	matched
5	68	21	5	37	37	1.0	moved
5	68	22	5	66	22	1.0	matched
5	68	23	5	66	23	0.892	matched
5	68	24	5	66	24	1.0	matched
5	68	25	5	66	25	0.864	matched
5	68	26	5	37	48	1.0	moved
5	68	27	5	66	27	0.908	matched
5	68	28	5	66	28	1.0	matched
5	68	29	5	66	29	0.791	matched
6	1	1	6	1	1	1.0	matched
6	1	2	6	1	2	1.0	matched
6	1	3	6	1	3	0.887	matched
6	1	4	6	1	4	1.0	matched
6	1	5	6	1	5	1.0	matched
6	1	6	6	1	6	1.0	matched
6	1	7	6	1	7	1.0	matched
6	1	8	6	1	8	1.0	matched
6	1	9	6	1	9	1.0	matched
6	1	10	6	1	10	1.0	matched
6	1	11	6	1	11	1.0	matched
6	1	12	6	1	12	1.0	matched
6	1	13	6	1	13	1.0	matched
6	1	14	6	1	14	1.0	matched
6	1	15	6	1	15	1.0	matched
6	1	16	6	1	16	1.0	matched
6	2	1	6	2	1	1.0	matched
6	2	2	6	2	2	1.0	matched
6	2	3	6	2	3	1.0	matched
6	2	4	6	2	4	1.0	matched
6	2	5	6	2	5	1.0	matched
6	2	6	6	2	6	1.0	matched
6	2	7	6	2	7	1.0	matched
6	2	8	6	2	8	1.0	matched
6	2	9	6	2	9	0.908	matched
6	2	10	6	2	10	1.0	matched
6	2	11	6	2	11	0.916	matched
6	2	12	6	2	12	1.0	matched
6	2	13	6	2	13	0.527	matched
6	2	14	6	2	15	0.393	fuzzy
6	2	15					southern_only
6	2	16					southern_only
6	2	17					southern_only
6	2	18	6	2	18	0.369	fuzzy
6	2	19					southern_only
6	2	20					southern_only
6	2	21	6	2	21	0.493	fuzzy
6	3	1	6	3	1	1.0	matched
6	3	2	6	3	2	1.0	matched
6	3	3	6	3	3	1.0	matched
6	3	4	6	3	4	1.0	matched
6	3	5	6	3	5	0.933	matched
6	3	6	6	3	6	1.0	matched
6	3	7	6	3	7	1.0	matched
6	3	8	6	3	8	1.0	matched
6	3	9	6	3	9	1.0	matched
6	3	10	6	3	10	1.0	matched
6	3	11	6	3	11	1.0	matched
6	3	12	6	3	12	1.0	matched
6	3	13	6	3	13	1.0	matched
6	3	14	6	3	14	1.0	matched
6	3	15	6	3	15	1.0	matched
6	3	16	6	3	16	1.0	matched
6	3	17	6	3	17	1.0	matched
6	3	18	6	3	18	1.0	matched
6	3	19	6	3	19	1.0	matched
6	3	20	6	3	20	1.0	matched
6	3	21	6	3	21	1.0	matched
6	3	22	6	3	22	1.0	matched
6	3	23	6	3	23	1.0	matched
6	3	24	6	3	24	1.0	matched
6	3	25	6	3	25	1.0	matched
6	3	26	6	3	26	1.0	matched
6	3	27	6	3	27	1.0	matched
6	3	28	6	3	28	1.0	matched
6	3	29	6	3	29	0.901	matched
6	3	30	6	3	30	1.0	matched
6	3	31	6	3	31	1.0	matched
6	3	32	6	3	32	1.0	matched
6	4	1	6	4	1	1.0	matched
6	4	2	6	4	2	1.0	matched
6	4	3	6	4	3	1.0	matched
6	4	4	6	4	4	1.0	matched
6	4	5	6	4	5	1.0	matched
6	4	6	6	4	6	1.0	matched
6	4	7	6	4	7	1.0	matched
6	4	8	6	4	8	1.0	matched
6	4	9	6	4	9	1.0	matched
6	4	10	6	4	10	1.0	matched
6	4	11	6	4	11	1.0	matched
6	4	12	6	4	12	1.0	matched
6	4	13	6	4	13	1.0	matched
6	4	14	6	4	14	1.0	matched
6	4	15	6	4	15	1.0	matched
6	4	16	6	4	16	1.0	matched
6	4	17	6	4	17	1.0	matched
6	4	18	6	4	18	1.0	matched
6	4	19	6	4	19	1.0	matched
6	4	20	6	4	20	1.0	matched
6	4	21	6	4	21	1.0	matched
6	4	22	6	4	22	1.0	matched
6	4	23	6	4	23	0.935	matched
6	4	24	6	4	24	1.0	matched
6	4	25	6	4	25	0.892	matched
6	4	26	6	4	26	1.0	matched
6	4	27	6	4	27	0.908	matched
6	4	28	6	4	28	1.0	matched
6	4	29	6	4	29	1.0	matched
6	4	30	6	4	30	1.0	matched
6	4	31	6	4	31	1.0	matched
6	4	32	6	4	32	1.0	matched
6	4	33	6	4	33	0.907	matched
6	4	34	6	4	34	1.0	matched
6	4	35	6	4	35	1.0	matched
6	4	36	6	4	36	1.0	matched
6	4	37	6	4	37	1.0	matched
6	4	38	6	4	38	1.0	matched
6	4	39	6	4	39	1.0	matched
6	4	40	6	4	40	0.934	matched
6	4	41	6	4	41	1.0	matched
6	4	42	6	4	42	1.0	matched
6	4	43	6	4	43	1.0	matched
6	4	44	6	4	44	0.872	matched
6	4	45	6	4	45	1.0	matched
6	4	46	6	4	46	1.0	matched
6	4	47	6	4	47	0.831	matched
6	4	48	6	4	48	1.0	matched
6	4	49	6	4	49	1.0	matched
6	4	50	6	4	50	1.0	matched
6	4	51	6	4	51	1.0	matched
6	4	52	6	4	52	1.0	matched
6	4	53	6	4	53	1.0	matched
6	4	54	6	4	54	1.0	matched
6	4	55	6	4	55	1.0	matched
6	4	56	6	4	56	1.0	matched
6	4	57	6	4	57	1.0	matched
6	4	58	6	4	58	1.0	matched
6	4	59	6	4	59	1.0	matched
6	4	60	6	4	60	1.0	matched
6	4	61	6	4	61	1.0	matched
6	4	62	6	4	62	1.0	matched
6	4	63	6	4	63	1.0	matched
6	4	64	6	4	64	1.0	matched
6	4	65	6	4	65	1.0	matched
6	4	66	6	4	66	1.0	matched
6	4	67	6	4	67	1.0	matched
6	4	68	6	4	68	1.0	matched
6	4	69	6	4	69	0.901	matched
6	4	70	6	4	70	1.0	matched
6	4	71	6	4	71	1.0	matched
6	4	72	6	4	72	1.0	matched
6	4	73	6	4	73	1.0	matched
6	4	74	6	4	74	1.0	matched
6	4	75	6	4	75	1.0	matched
6	4	76	6	4	76	1.0	matched
6	4	77	6	4	77	1.0	matched
6	4	78	6	4	78	1.0	matched
6	4	79	6	4	79	0.924	matched
6	4	80	6	4	80	0.836	matched
6	4	81	6	4	81	0.892	matched
6	4	82	6	4	82	0.81	matched
6	4	83	6	4	83	1.0	matched
6	4	84	6	4	84	1.0	matched
6	4	85	6	4	85	0.924	matched
6	4	86	6	4	86	1.0	matched
6	4	87	6	4	87	1.0	matched
6	4	88	6	4	88	0.935	matched
6	5	1	6	5	1	1.0	matched
6	5	2	6	5	2	0.928	matched
6	5	3	6	5	3	1.0	matched
6	5	4	6	5	4	1.0	matched
6	5	5	6	5	5	1.0	matched
6	5	6	6	5	6	1.0	matched
6	5	7	6	5	7	1.0	matched
6	5	8	6	5	8	1.0	matched
6	5	9	6	5	9	1.0	matched
6	5	10	6	5	10	1.0	matched
6	5	11	6	5	11	1.0	matched
6	5	12	6	5	12	0.901	matched
6	5	13	6	5	13	1.0	matched
6	5	14	6	5	14	1.0	matched
6	5	15	6	5	15	1.0	matched
6	5	16	6	5	16	1.0	matched
6	5	17	6	5	17	1.0	matched
6	5	18	6	5	18	1.0	matched
6	5	19	6	5	19	1.0	matched
6	5	20	6	5	20	1.0	matched
6	5	21	6	5	21	1.0	matched
6	5	22	6	5	22	1.0	matched
6	6	1	6	6	1	0.933	matched
6	6	2	6	6	2	1.0	matched
6	6	3	6	6	3	1.0	matched
6	6	4	6	6	4	1.0	matched
6	6	5	6	6	5	1.0	matched
6	6	6	6	6	6	1.0	matched
6	6	7	6	6	7	1.0	matched
6	6	8	6	6	8	1.0	matched
6	6	9	6	6	9	1.0	matched
6	6	10	6	6	10	1.0	matched
6	6	11	6	6	11	1.0	matched
6	6	12	6	6	12	1.0	matched
6	6	13	6	6	13	1.0	matched
6	6	14	6	6	14	1.0	matched
6	6	15	6	6	15	1.0	matched
6	6	16	6	6	16	1.0	matched
6	6	17	6	6	17	1.0	matched
6	6	18	6	6	18	1.0	matched
6	7	1	6	7	1	1.0	matched
6	7	2	6	7	2	1.0	matched
6	7	3	6	7	3	1.0	matched
6	7	4	6	7	4	1.0	matched
6	7	5	6	7	5	1.0	matched
6	7	6	6	7	6	1.0	matched
6	7	7	6	7	7	1.0	matched
6	7	8	6	7	8	1.0	matched
6	7	9	6	7	9	1.0	matched
6	7	10	6	7	10	1.0	matched
6	7	11	6	7	11	1.0	matched
6	7	12	6	7	12	1.0	matched
6	7	13	6	7	13	0.911	matched
6	7	14	6	7	14	1.0	matched
6	7	15	6	7	15	1.0	matched
6	7	16	6	7	16	1.0	matched
6	8	1	6	8	1	1.0	matched
6	8	2	6	8	2	1.0	matched
6	8	3	6	8	3	1.0	matched
6	8	4	6	8	4	1.0	matched
6	8	5	6	8	5	1.0	matched
6	8	6	6	8	6	1.0	matched
6	8	7	6	8	7	1.0	matched
6	8	8	6	8	8	1.0	matched
6	8	9	6	8	9	1.0	matched
6	8	10	6	8	10	1.0	matched
6	8	11	6	8	11	1.0	matched
6	8	12	6	8	12	0.865	matched
6	8	13	6	8	13	1.0	matched
6	8	14	6	8	14	1.0	matched
6	8	15	6	8	15	1.0	matched
6	8	16	6	8	16	1.0	matched
6	9	1	6	9	1	1.0	matched
6	9	2	6	9	2	1.0	matched
6	9	3	6	9	3	1.0	matched
6	9	4	6	9	4	1.0	matched
6	9	5	6	9	5	1.0	matched
6	9	6	6	9	6	1.0	matched
6	9	7	6	9	7	1.0	matched
6	9	8	6	9	8	1.0	matched
6	9	9	6	9	9	1.0	matched
6	9	10	6	9	10	1.0	matched
6	9	11	6	9	11	1.0	matched
6	9	12	6	9	12	1.0	matched
6	9	13	6	9	13	1.0	matched
6	9	14	6	9	14	1.0	matched
6	9	15	6	9	15	1.0	matched
6	9	16	6	9	16	1.0	matched
6	9	17	6	9	17	1.0	matched
6	9	18	6	9	18	1.0	matched
6	9	19	6	9	19	1.0	matched
6	9	20	6	9	20	1.0	matched
6	9	21	6	9	21	1.0	matched
6	9	22	6	9	22	1.0	matched
6	10	1	6	10	1	1.0	matched
6	10	2	6	10	2	1.0	matched
6	10	3	6	10	3	1.0	matched
6	10	4	6	10	4	1.0	matched
6	10	5	6	10	5	1.0	matched
6	10	6	6	10	6	1.0	matched
6	10	7	6	10	7	1.0	matched
6	10	8	6	10	8	1.0	matched
6	10	9	6	10	9	1.0	matched
6	10	10	6	10	10	1.0	matched
6	10	11	6	10	11	1.0	matched
6	10	12	6	10	12	1.0	matched
6	10	13	6	10	13	1.0	matched
6	10	14	6	10	14	1.0	matched
6	10	15	6	10	15	1.0	matched
6	10	16	6	10	16	1.0	matched
6	10	17	6	10	17	1.0	matched
6	10	18	6	10	18	1.0	matched
6	10	19	6	10	19	0.904	matched
6	10	20	6	10	20	1.0	matched
6	10	21	6	10	21	1.0	matched
6	11	1	6	11	1	1.0	matched
6	11	2	6	11	2	1.0	matched
6	11	3	6	11	3	1.0	matched
6	11	4	6	11	4	1.0	matched
6	11	5	6	11	5	1.0	matched
6	11	6	6	11	6	1.0	matched
6	11	7	6	11	7	1.0	matched
6	11	8	6	11	8	1.0	matched
6	11	9	6	11	9	1.0	matched
6	11	10	6	11	10	1.0	matched
6	11	11	6	11	11	1.0	matched
6	11	12	6	11	12	1.0	matched
6	11	13	6	11	13	1.0	matched
6	11	14	6	11	14	1.0	matched
6	11	15	6	11	15	1.0	matched
6	11	16	6	11	16	1.0	matched
6	11	17	6	11	17	1.0	matched
6	11	18	6	11	18	1.0	matched
6	11	19	6	11	19	1.0	matched
6	11	20	6	11	20	1.0	matched
6	11	21	6	11	21	1.0	matched
6	11	22	6	11	22	1.0	matched
6	11	23	6	11	23	1.0	matched
6	11	24	6	11	24	0.914	matched
6	11	25	6	11	25	1.0	matched
6	11	26	6	11	26	1.0	matched
6	11	27	6	11	27	0.814	matched
6	11	28	6	11	28	1.0	matched
6	11	29	6	11	29	1.0	matched
6	11	30	6	11	30	1.0	matched
6	11	31	6	11	31	1.0	matched
6	11	32	6	11	32	1.0	matched
6	11	33	6	11	33	1.0	matched
6	11	34	6	11	34	1.0	matched
6	11	35	6	11	35	1.0	matched
6	11	36	6	11	36	1.0	matched
6	11	37	6	11	37	1.0	matched
6	11	38	6	11	38	1.0	matched
6	11	39	6	11	39	1.0	matched
6	11	40	6	11	40	1.0	matched
6	11	41	6	11	41	1.0	matched
6	11	42	6	11	42	1.0	matched
6	11	43	6	11	43	1.0	matched
6	11	44	6	11	44	1.0	matched
6	11	45	6	11	45	1.0	matched
6	11	46	6	11	46	1.0	matched
6	11	47	6	11	47	1.0	matched
6	11	48	6	11	48	1.0	matched
6	11	49	6	11	49	1.0	matched
6	11	50	6	11	50	1.0	matched
6	11	51	6	11	51	1.0	matched
6	11	52	6	11	52	1.0	matched
6	11	53	6	11	53	1.0	matched
6	11	54	6	11	54	1.0	matched
6	11	55	6	11	55	1.0	matched
6	11	56	6	11	56	1.0	matched
6	11	57	6	11	57	1.0	matched
6	11	58	6	11	58	1.0	matched
6	11	59	6	11	59	1.0	matched
6	12	1	6	12	1	1.0	matched
6	12	2	6	12	2	1.0	matched
6	12	3	6	12	3	1.0	matched
6	12	4	6	12	4	1.0	matched
6	12	5	6	12	5	0.919	matched
6	12	6	6	12	6	0.9	matched
6	12	7	6	12	7	1.0	matched
6	12	8	6	12	8	1.0	matched
6	12	9	6	12	9	1.0	matched
6	12	10	6	12	10	1.0	matched
6	12	11	6	12	11	1.0	matched
6	12	12	6	12	12	1.0	matched
6	12	13	6	12	13	1.0	matched
6	12	14	6	12	14	0.901	matched
6	12	15	6	12	15	1.0	matched
6	12	16	6	12	16	1.0	matched
6	12	17	6	12	17	1.0	matched
6	12	18	6	12	18	1.0	matched
6	12	19	6	12	19	1.0	matched
6	12	20	6	12	20	1.0	matched
6	12	21	6	12	21	1.0	matched
6	12	22	6	12	22	1.0	matched
6	13	1	6	13	1	1.0	matched
6	13	2	6	13	2	1.0	matched
6	13	3	6	13	3	1.0	matched
6	13	4	6	13	4	1.0	matched
6	13	5	6	13	5	1.0	matched
6	13	6	6	13	6	1.0	matched
6	13	7	6	13	7	1.0	matched
6	13	8	6	13	8	1.0	matched
6	13	9	6	13	9	1.0	matched
6	13	10	6	13	10	1.0	matched
6	13	11	6	13	11	1.0	matched
6	13	12	6	13	12	1.0	matched
6	13	13	6	13	13	1.0	matched
6	13	14	6	13	14	1.0	matched
6	13	15	6	13	15	1.0	matched
6	13	16	6	13	16	1.0	matched
6	13	17	6	13	17	1.0	matched
6	13	18	6	13	18	1.0	matched
6	13	19	6	13	19	1.0	matched
6	13	20	6	13	20	1.0	matched
6	13	21	6	13	21	1.0	matched
6	13	22	6	13	22	1.0	matched
6	13	23	6	13	23	1.0	matched
6	14	1	6	14	1	1.0	matched
6	14	2	6	14	2	1.0	matched
6	14	3	6	14	3	0.961	matched
6	14	4	6	14	4	1.0	matched
6	14	5	6	14	5	1.0	matched
6	14	6	6	14	6	1.0	matched
6	14	7	6	14	7	0.897	matched
6	14	8	6	14	8	1.0	matched
6	14	9	6	14	9	1.0	matched
6	14	10	6	14	10	1.0	matched
6	14	11	6	14	11	1.0	matched
6	14	12	6	14	12	1.0	matched
6	14	13	6	14	13	1.0	matched
6	14	14	6	14	14	1.0	matched
6	14	15	6	14	15	1.0	matched
6	14	16	6	14	16	1.0	matched
6	14	17	6	14	17	1.0	matched
6	14	18	6	14	18	1.0	matched
6	14	19	6	14	19	1.0	matched
6	14	20	6	14	20	1.0	matched
6	14	21	6	14	21	1.0	matched
6	15	1	6	15	1	1.0	matched
6	15	2	6	15	2	1.0	matched
6	15	3	6	15	3	1.0	matched
6	15	4	6	15	4	1.0	matched
6	15	5	6	15	5	0.908	matched
6	15	6	6	15	6	1.0	matched
6	15	7	6	15	7	1.0	matched
6	15	8	6	15	8	1.0	matched
6	15	9	6	15	9	1.0	matched
6	15	10	6	15	10	1.0	matched
6	15	11	6	15	11	1.0	matched
6	15	12	6	15	12	1.0	matched
6	15	13	6	15	13	1.0	matched
6	15	14	6	15	14	1.0	matched
6	15	15	6	15	15	1.0	matched
6	15	16	6	15	16	0.868	matched
6	15	17	6	15	17	1.0	matched
6	15	18	6	15	18	1.0	matched
6	15	19	6	15	19	1.0	matched
6	15	20	6	15	20	1.0	matched
6	15	21	6	15	21	1.0	matched
6	15	22	6	15	22	1.0	matched
6	15	23	6	15	23	1.0	matched
6	15	24	6	15	24	1.0	matched
6	15	25	6	15	25	1.0	matched
6	15	26	6	15	26	1.0	matched
6	15	27	6	15	27	1.0	matched
6	15	28	6	15	28	1.0	matched
6	15	29	6	15	29	1.0	matched
6	15	30	6	15	30	1.0	matched
6	15	31	6	15	31	1.0	matched
6	15	32	6	15	32	1.0	matched
6	15	33	6	15	33	1.0	matched
6	16	1	6	16	1	1.0	matched
6	16	2	6	16	2	1.0	matched
6	16	3	6	16	3	1.0	matched
6	16	4	6	16	4	1.0	matched
6	16	5	6	16	5	1.0	matched
6	16	6	6	16	6	1.0	matched
6	16	7	6	16	7	1.0	matched
6	16	8	6	16	8	1.0	matched
6	16	9	6	16	9	1.0	matched
6	16	10	6	16	10	1.0	matched
6	16	11	6	16	11	1.0	matched
6	16	12	6	16	12	1.0	matched
6	16	13	6	16	13	1.0	matched
6	16	14	6	16	14	1.0	matched
6	16	15	6	16	15	1.0	matched
6	16	16	6	16	16	1.0	matched
6	16	17	6	16	17	1.0	matched
6	16	18	6	16	18	1.0	matched
6	16	19	6	16	19	1.0	matched
6	16	20	6	16	20	1.0	matched
6	16	21	6	16	21	1.0	matched
6	16	22	6	16	22	1.0	matched
6	16	23	6	16	23	1.0	matched
6	16	24	6	16	24	1.0	matched
6	16	25	6	16	25	1.0	matched
6	16	26	6	16	26	1.0	matched
6	16	27	6	16	27	1.0	matched
6	16	28	6	31	47	1.0	moved
6	16	29	6	16	29	1.0	matched
6	17	1	6	17	1	1.0	matched
6	17	2	6	17	2	1.0	matched
6	17	3	6	17	3	1.0	matched
6	17	4	6	17	4	1.0	matched
6	17	5	6	17	5	1.0	matched
6	17	6	6	17	6	1.0	matched
6	17	7	6	17	7	1.0	matched
6	17	8	6	17	8	1.0	matched
6	17	9	6	17	9	1.0	matched
6	17	10	6	17	10	1.0	matched
6	17	11	6	17	11	1.0	matched
6	17	12	6	17	12	1.0	matched
6	17	13	6	17	13	1.0	matched
6	17	14	6	17	14	1.0	matched
6	17	15	6	17	15	0.935	matched
6	17	16	6	17	16	1.0	matched
6	17	17	6	17	17	1.0	matched
6	17	18	6	17	18	1.0	matched
6	17	19	6	17	19	1.0	matched
6	17	20	6	17	20	1.0	matched
6	17	21	6	17	21	1.0	matched
6	17	22	6	17	22	1.0	matched
6	17	23	6	17	23	1.0	matched
6	17	24	6	17	24	1.0	matched
6	17	25	6	17	25	1.0	matched
6	17	26	6	17	26	1.0	matched
6	17	27	6	17	27	1.0	matched
6	17	28	6	17	28	1.0	matched
6	17	29	6	17	29	1.0	matched
6	17	30	6	17	30	1.0	matched
6	17	31	6	17	31	1.0	matched
6	17	32	6	17	32	1.0	matched
6	17	33	6	17	33	1.0	matched
6	17	34	6	17	34	1.0	matched
6	17	35	6	17	35	1.0	matched
6	17	36	6	17	36	1.0	matched
6	17	37	6	17	37	1.0	matched
6	17	38	6	17	38	1.0	matched
6	17	39	6	17	39	1.0	matched
6	17	40	6	17	40	1.0	matched
6	18	1	6	18	1	1.0	matched
6	18	2	6	18	2	0.901	matched
6	18	3	6	18	3	1.0	matched
6	18	4	6	18	4	1.0	matched
6	18	5	6	18	5	1.0	matched
6	18	6	6	18	6	1.0	matched
6	18	7	6	18	7	1.0	matched
6	18	8	6	18	8	0.865	matched
6	18	9	6	18	9	1.0	matched
6	18	10	6	18	10	1.0	matched
6	18	11	6	18	11	1.0	matched
6	18	12	6	18	12	1.0	matched
6	18	13	6	18	13	1.0	matched
6	18	14	6	18	14	1.0	matched
6	18	15	6	18	15	1.0	matched
6	18	16	6	18	16	1.0	matched
6	18	17	6	18	17	1.0	matched
6	18	18	6	18	18	1.0	matched
6	18	19	6	18	19	1.0	matched
6	18	20	6	18	20	1.0	matched
6	18	21	6	18	21	1.0	matched
6	18	22	6	18	22	1.0	matched
6	18	23	6	18	23	1.0	matched
6	18	24	6	18	24	1.0	matched
6	18	25	6	18	25	1.0	matched
6	18	26	6	18	26	1.0	matched
6	18	27	6	18	27	1.0	matched
6	18	28	6	18	28	1.0	matched
6	18	29	6	18	29	1.0	matched
6	18	30	6	18	30	1.0	matched
6	18	31	6	18	31	1.0	matched
6	18	32	6	18	32	1.0	matched
6	18	33	6	18	33	1.0	matched
6	18	34	6	18	34	1.0	matched
6	18	35	6	18	35	1.0	matched
6	18	36	6	18	36	1.0	matched
6	18	37	6	18	37	1.0	matched
6	18	38	6	18	38	1.0	matched
6	18	39	6	18	39	1.0	matched
6	18	40	6	18	40	1.0	matched
6	18	41	6	18	41	1.0	matched
6	18	42	6	18	42	1.0	matched
6	19	1	6	19	1	1.0	matched
6	19	2	6	19	2	0.92	matched
6	19	3	6	19	3	1.0	matched
6	19	4	6	19	4	1.0	matched
6	19	5	6	19	5	1.0	matched
6	19	6	6	19	6	1.0	matched
6	19	7	6	19	7	1.0	matched
6	19	8	6	19	8	1.0	matched
6	19	9	6	19	9	1.0	matched
6	19	10	6	19	10	1.0	matched
6	19	11	6	19	11	1.0	matched
6	19	12	6	19	12	1.0	matched
6	19	13	6	19	13	1.0	matched
6	19	14	6	19	14	1.0	matched
6	19	15	6	19	15	1.0	matched
6	19	16	6	19	16	1.0	matched
6	19	17	6	19	17	0.695	matched
6	19	18	6	19	18	0.355	fuzzy
6	19	19					southern_only
6	19	20					southern_only
6	19	21	6	19	21	0.355	fuzzy
6	19	22	6	19	22	1.0	matched
6	19	23	6	19	23	1.0	matched
6	19	24	6	19	24	1.0	matched
6	19	25	6	19	25	1.0	matched
6	19	26	6	19	26	1.0	matched
6	19	27	6	19	27	1.0	matched
6	19	28	6	19	28	1.0	matched
6	19	29	6	19	29	1.0	matched
6	19	30	6	19	30	1.0	matched
6	19	31	6	19	31	1.0	matched
6	19	32	6	19	32	1.0	matched
6	19	33	6	19	33	1.0	matched
6	19	34	6	19	34	1.0	matched
6	20	1	6	20	1	1.0	matched
6	20	2	6	20	2	1.0	matched
6	20	3	6	20	3	1.0	matched
6	20	4	6	20	4	1.0	matched
6	20	5	6	20	5	1.0	matched
6	20	6	6	20	6	1.0	matched
6	20	7	6	20	7	1.0	matched
6	20	8	6	20	8	0.916	matched
6	20	9	6	20	9	1.0	matched
6	20	10	6	20	10	1.0	matched
6	20	11	6	20	11	1.0	matched
6	20	12	6	20	12	1.0	matched
6	20	13	6	20	13	1.0	matched
6	20	14	6	20	14	1.0	matched
6	20	15	6	20	15	1.0	matched
6	20	16	6	20	16	1.0	matched
6	20	17	6	20	17	1.0	matched
6	20	18	6	20	18	1.0	matched
6	20	19	6	20	19	1.0	matched
6	20	20	6	20	20	1.0	matched
6	20	21	6	20	21	1.0	matched
6	20	22	6	20	22	1.0	matched
6	20	23	6	20	23	1.0	matched
6	20	24	6	20	24	1.0	matched
6	21	1	6	21	1	1.0	matched
6	21	2	6	21	2	1.0	matched
6	21	3	6	21	3	1.0	matched
6	21	4	6	21	4	1.0	matched
6	21	5	6	21	5	1.0	matched
6	21	6	6	21	6	1.0	matched
6	21	7	6	21	7	1.0	matched
6	21	8	6	21	8	1.0	matched
6	21	9	6	21	9	1.0	matched
6	21	10	6	21	10	1.0	matched
6	21	11	6	21	11	1.0	matched
6	21	12	6	21	12	1.0	matched
6	21	13	6	21	13	1.0	matched
6	21	14	6	21	14	1.0	matched
6	21	15	6	21	15	1.0	matched
6	21	16	6	21	16	1.0	matched
6	21	17	6	21	17	1.0	matched
6	21	18	6	21	18	1.0	matched
6	21	19	6	21	19	1.0	matched
6	21	20	6	21	20	1.0	matched
6	21	21	6	21	21	1.0	matched
6	21	22	6	21	22	1.0	matched
6	21	23	6	21	23	1.0	matched
6	21	24	6	21	24	1.0	matched
6	21	25	6	21	25	1.0	matched
6	21	26	6	21	26	1.0	matched
6	21	27	6	21	27	1.0	matched
6	21	28	6	21	28	1.0	matched
6	21	29	6	21	29	1.0	matched
6	21	30	6	21	30	1.0	matched
6	21	31	6	21	31	1.0	matched
6	21	32	6	21	32	1.0	matched
6	21	33	6	21	33	1.0	matched
6	21	34	6	21	34	1.0	matched
6	21	35	6	21	35	1.0	matched
6	22	1	6	22	1	1.0	matched
6	22	2	6	22	2	1.0	matched
6	22	3	6	22	3	1.0	matched
6	22	4	6	22	4	1.0	matched
6	22	5	6	22	5	1.0	matched
6	22	6	6	22	6	1.0	matched
6	22	7	6	22	7	1.0	matched
6	22	8	6	22	8	1.0	matched
6	22	9	6	22	9	1.0	matched
6	22	10	6	22	10	1.0	matched
6	22	11	6	22	11	1.0	matched
6	22	12	6	22	12	1.0	matched
6	22	13	6	22	13	1.0	matched
6	22	14	6	22	14	1.0	matched
6	22	15	6	22	15	0.91	matched
6	22	16	6	22	16	1.0	matched
6	22	17	6	22	17	1.0	matched
6	22	18	6	22	18	1.0	matched
6	22	19	6	22	19	0.889	matched
6	22	20	6	22	20	1.0	matched
6	22	21	6	22	21	1.0	matched
6	22	22	6	22	22	1.0	matched
6	22	23	6	22	23	1.0	matched
6	22	24	6	22	24	1.0	matched
6	22	25	6	22	25	1.0	matched
6	22	26	6	22	26	1.0	matched
6	22	27	6	22	27	1.0	matched
6	22	28	6	22	28	1.0	matched
6	22	29	6	22	29	1.0	matched
6	22	30	6	22	30	1.0	matched
6	22	31	6	22	31	1.0	matched
6	22	32	6	22	32	1.0	matched
6	22	33	6	22	33	1.0	matched
6	22	34	6	22	34	1.0	matched
6	22	35	6	22	35	1.0	matched
6	22	36	6	22	36	1.0	matched
6	22	37	6	22	37	1.0	matched
6	22	38	6	22	38	1.0	matched
6	22	39	6	22	39	1.0	matched
6	22	40	6	22	40	1.0	matched
6	22	41	6	22	41	1.0	matched
6	22	42	6	22	42	1.0	matched
6	22	43	6	22	43	1.0	matched
6	23	1	6	23	1	1.0	matched
6	23	2	6	23	2	1.0	matched
6	23	3	6	23	3	1.0	matched
6	23	4	6	23	4	1.0	matched
6	23	5	6	23	5	1.0	matched
6	23	6	6	23	6	1.0	matched
6	23	7	6	23	7	1.0	matched
6	23	8	6	23	8	1.0	matched
6	23	9	6	23	9	1.0	matched
6	23	10	6	23	10	1.0	matched
6	23	11	6	23	11	1.0	matched
6	23	12	6	23	12	1.0	matched
6	23	13	6	23	13	1.0	matched
6	23	14	6	23	14	1.0	matched
6	23	15	6	23	15	1.0	matched
6	23	16	6	23	16	1.0	matched
6	23	17	6	23	17	1.0	matched
6	23	18	6	23	18	1.0	matched
6	23	19	6	23	19	1.0	matched
6	23	20	6	23	20	0.947	matched
6	23	21	6	23	21	1.0	matched
6	23	22	6	23	22	1.0	matched
6	23	23	6	23	23	1.0	matched
6	23	24	6	23	24	1.0	matched
6	23	25	6	23	25	1.0	matched
6	23	26	6	23	26	1.0	matched
6	23	27	6	23	27	1.0	matched
6	23	28	6	23	28	0.908	matched
6	23	29	6	23	29	1.0	matched
6	23	30	6	23	30	1.0	matched
6	23	31	6	23	31	1.0	matched
6	23	32	6	23	32	1.0	matched
6	23	33	6	23	33	1.0	matched
6	23	34	6	23	34	1.0	matched
6	23	35	6	23	35	1.0	matched
6	23	36	6	23	36	1.0	matched
6	23	37	6	23	37	1.0	matched
6	23	38	6	23	38	1.0	matched
6	23	39	6	23	39	1.0	matched
6	23	40	6	23	40	1.0	matched
6	23	41	6	23	41	1.0	matched
6	23	42	6	23	42	1.0	matched
6	24	1	6	24	1	1.0	matched
6	24	2	6	24	2	1.0	matched
6	24	3	6	24	3	1.0	matched
6	24	4	6	24	4	1.0	matched
6	24	5	6	24	5	0.835	matched
6	24	6	6	24	6	1.0	matched
6	24	7	6	24	7	1.0	matched
6	24	8	6	24	8	1.0	matched
6	24	9	6	24	9	1.0	matched
6	24	10	6	24	10	1.0	matched
6	24	11	6	24	11	1.0	matched
6	24	12	6	24	12	1.0	matched
6	24	13	6	24	13	1.0	matched
6	24	14	6	24	14	1.0	matched
6	24	15	6	24	15	1.0	matched
6	24	16	6	24	16	1.0	matched
6	24	17	6	24	17	1.0	matched
6	24	18	6	24	18	1.0	matched
6	24	19	6	24	19	1.0	matched
6	24	20	6	24	20	1.0	matched
6	24	21	6	24	21	1.0	matched
6	24	22	6	24	22	1.0	matched
6	24	23	6	24	23	1.0	matched
6	24	24	6	24	24	0.902	matched
6	24	25	6	24	25	1.0	matched
6	24	26	6	24	26	1.0	matched
6	24	27	6	24	27	1.0	matched
6	24	28	6	24	28	1.0	matched
6	24	29	6	24	29	1.0	matched
6	24	30	6	24	30	1.0	matched
6	24	31	6	24	31	1.0	matched
6	24	32	6	24	32	1.0	matched
6	24	33	6	24	33	1.0	matched
6	24	34	6	24	34	1.0	matched
6	24	35	6	24	35	1.0	matched
6	24	36	6	24	36	1.0	matched
6	25	1	6	25	1	0.908	matched
6	25	2	6	25	2	1.0	matched
6	25	3	6	25	3	1.0	matched
6	25	4	6	25	4	1.0	matched
6	25	5	6	25	5	1.0	matched
6	25	6	6	25	6	1.0	matched
6	25	7	6	25	7	1.0	matched
6	25	8	6	25	8	1.0	matched
6	25	9	6	25	9	1.0	matched
6	25	10	6	25	10	0.986	matched
6	25	11	6	25	11	1.0	matched
6	25	12	6	25	12	1.0	matched
6	25	13	6	25	13	1.0	matched
6	25	14	6	25	14	1.0	matched
6	25	15	6	25	15	1.0	matched
6	25	16	6	25	16	1.0	matched
6	25	17	6	25	17	1.0	matched
6	25	18	6	25	18	1.0	matched
6	25	19	6	25	19	1.0	matched
6	25	20	6	25	20	1.0	matched
6	25	21	6	25	21	1.0	matched
6	25	22	6	25	22	1.0	matched
6	25	23	6	25	23	0.9	matched
6	25	24	6	25	24	1.0	matched
6	25	25	6	25	25	1.0	matched
6	25	26	6	25	26	1.0	matched
6	25	27	6	25	27	1.0	matched
6	25	28	6	25	28	1.0	matched
6	26	1	6	26	1	1.0	matched
6	26	2	6	26	2	1.0	matched
6	26	3	6	26	3	1.0	matched
6	26	4	6	26	4	1.0	matched
6	26	5	6	26	5	1.0	matched
6	26	6	6	26	6	1.0	matched
6	26	7	6	26	7	1.0	matched
6	26	8	6	26	8	1.0	matched
6	26	9	6	26	9	1.0	matched
6	26	10	6	26	10	1.0	matched
6	26	11	6	26	11	1.0	matched
6	26	12	6	26	12	1.0	matched
6	26	13	6	26	13	1.0	matched
6	26	14	6	26	14	1.0	matched
6	26	15	6	26	15	1.0	matched
6	26	16	6	26	16	1.0	matched
6	26	17	6	26	17	1.0	matched
6	26	18	6	26	18	1.0	matched
6	26	19	6	26	19	1.0	matched
6	26	20	6	26	20	1.0	matched
6	26	21	6	26	21	1.0	matched
6	26	22	6	26	22	1.0	matched
6	26	23	6	26	23	1.0	matched
6	26	24	6	26	24	1.0	matched
6	26	25	6	26	25	1.0	matched
6	26	26	6	26	26	1.0	matched
6	26	27	6	26	27	1.0	matched
6	26	28	6	26	28	1.0	matched
6	26	29	6	26	29	0.921	matched
6	26	30	6	26	30	1.0	matched
6	26	31	6	26	31	1.0	matched
6	26	32	6	26	32	1.0	matched
6	26	33	6	26	33	1.0	matched
6	27	1	6	27	1	1.0	matched
6	27	2	6	27	2	1.0	matched
6	27	3	6	27	3	1.0	matched
6	27	4	6	27	4	1.0	matched
6	27	5	6	27	5	1.0	matched
6	27	6	6	27	6	1.0	matched
6	27	7	6	27	7	1.0	matched
6	27	8	6	27	8	1.0	matched
6	27	9	6	27	9	1.0	matched
6	27	10	6	27	10	1.0	matched
6	27	11	6	27	11	1.0	matched
6	27	12	6	27	12	1.0	matched
6	27	13	6	27	13	1.0	matched
6	27	14	6	27	14	1.0	matched
6	27	15	6	27	15	1.0	matched
6	27	16	6	27	16	1.0	matched
6	27	17	6	27	17	1.0	matched
6	27	18	6	27	18	1.0	matched
6	27	19	6	27	19	1.0	matched
6	27	20	6	27	20	1.0	matched
6	27	21	6	27	21	1.0	matched
6	27	22	6	27	22	1.0	matched
6	28	1	6	28	1	1.0	matched
6	28	2	6	28	2	1.0	matched
6	28	3	6	28	3	0.878	matched
6	28	4	6	28	4	1.0	matched
6	28	5	6	28	5	1.0	matched
6	28	6	6	28	6	1.0	matched
6	28	7	6	28	7	1.0	matched
6	28	8	6	28	8	1.0	matched
6	28	9	6	28	9	1.0	matched
6	28	10	6	28	10	1.0	matched
6	28	11	6	28	11	1.0	matched
6	28	12	6	28	12	1.0	matched
6	28	13	6	28	13	1.0	matched
6	28	14	6	28	14	1.0	matched
6	28	15	6	28	15	1.0	matched
6	28	16	6	28	16	1.0	matched
6	28	17	6	28	17	1.0	matched
6	28	18	6	28	18	1.0	matched
6	28	19	6	28	19	1.0	matched
6	28	20	6	28	20	1.0	matched
6	28	21	6	28	21	0.893	matched
6	28	22	6	28	22	1.0	matched
6	28	23	6	28	23	1.0	matched
6	28	24	6	28	24	1.0	matched
6	28	25	6	28	25	1.0	matched
6	28	26	6	28	26	1.0	matched
6	28	27	6	28	27	1.0	matched
6	28	28	6	28	28	1.0	matched
6	28	29	6	28	29	1.0	matched
6	28	30	6	28	30	1.0	matched
6	28	31	6	28	31	1.0	matched
6	28	32	6	28	32	1.0	matched
6	28	33	6	28	33	0.909	matched
6	28	34	6	28	34	1.0	matched
6	28	35	6	28	35	1.0	matched
6	28	36	6	28	36	1.0	matched
6	29	1	6	29	1	1.0	matched
6	29	2	6	29	2	1.0	matched
6	29	3	6	29	3	1.0	matched
6	29	4	6	29	4	1.0	matched
6	29	5	6	29	5	1.0	matched
6	29	6	6	29	6	1.0	matched
6	29	7	6	29	7	1.0	matched
6	29	8	6	29	8	1.0	matched
6	29	9	6	29	9	0.914	matched
6	29	10	6	29	10	1.0	matched
6	29	11	6	29	11	1.0	matched
6	29	12	6	29	12	1.0	matched
6	29	13	6	29	13	1.0	matched
6	29	14	6	29	14	1.0	matched
6	29	15	6	29	15	1.0	matched
6	29	16	6	29	16	1.0	matched
6	29	17	6	29	17	1.0	matched
6	29	18	6	29	18	1.0	matched
6	30	1	6	30	1	1.0	matched
6	30	2	6	30	2	1.0	matched
6	30	3	6	30	3	1.0	matched
6	30	4	6	30	4	1.0	matched
6	30	5	6	30	5	1.0	matched
6	30	6	6	30	6	1.0	matched
6	30	7	6	30	7	1.0	matched
6	30	8	6	30	8	1.0	matched
6	30	9	6	30	9	1.0	matched
6	30	10	6	30	10	1.0	matched
6	30	11	6	30	11	1.0	matched
6	30	12	6	30	12	1.0	matched
6	30	13	6	30	13	1.0	matched
6	30	14	6	30	14	1.0	matched
6	30	15	6	30	15	1.0	matched
6	30	16	6	30	16	1.0	matched
6	30	17	6	30	17	1.0	matched
6	30	18	6	30	18	1.0	matched
6	30	19	6	30	19	1.0	matched
6	30	20	6	30	20	1.0	matched
6	30	21	6	30	21	1.0	matched
6	30	22	6	30	22	1.0	matched
6	30	23	6	30	23	1.0	matched
6	30	24	6	30	24	1.0	matched
6	30	25	6	30	25	1.0	matched
6	30	26	6	30	26	1.0	matched
6	31	1	6	31	1	1.0	matched
6	31	2	6	31	2	1.0	matched
6	31	3	6	31	3	1.0	matched
6	31	4	6	31	4	1.0	matched
6	31	5	6	31	5	1.0	matched
6	31	6	6	31	6	1.0	matched
6	31	7	6	31	7	1.0	matched
6	31	8	6	31	8	1.0	matched
6	31	9	6	31	9	1.0	matched
6	31	10	6	31	10	1.0	matched
6	31	11	6	31	11	1.0	matched
6	31	12	6	31	12	1.0	matched
6	31	13	6	31	13	1.0	matched
6	31	14	6	31	14	1.0	matched
6	31	15	6	31	15	1.0	matched
6	31	16	6	31	16	1.0	matched
6	31	17	6	31	17	0.899	matched
6	31	18	6	31	18	1.0	matched
6	31	19	6	31	19	0.901	matched
6	31	20	6	31	20	1.0	matched
6	31	21	6	31	21	1.0	matched
6	31	22	6	31	22	1.0	matched
6	31	23	6	31	23	1.0	matched
6	31	24	6	31	24	1.0	matched
6	31	25	6	31	25	1.0	matched
6	31	26	6	31	26	1.0	matched
6	31	27	6	31	27	1.0	matched
6	31	28	6	31	28	1.0	matched
6	31	29	6	31	29	1.0	matched
6	31	30	6	31	30	1.0	matched
6	31	31	6	31	31	1.0	matched
6	31	32	6	31	32	1.0	matched
6	31	33	6	31	33	1.0	matched
6	31	34	6	31	34	1.0	matched
6	31	35	6	31	35	1.0	matched
6	31	36	6	31	36	1.0	matched
6	31	37	6	31	37	1.0	matched
6	31	38	6	31	38	1.0	matched
6	31	39	6	31	39	1.0	matched
6	31	40	6	31	40	1.0	matched
6	31	41	6	31	41	1.0	matched
6	31	42	6	31	42	1.0	matched
6	31	43	6	31	43	1.0	matched
6	31	44	6	31	44	1.0	matched
6	31	45	6	31	45	1.0	matched
6	31	46	6	31	46	1.0	matched
6	31	47	6	31	47	1.0	matched
6	31	48	6	31	48	1.0	matched
6	31	49	6	31	49	1.0	matched
6	31	50	6	31	50	1.0	matched
6	31	51	6	31	51	0.911	matched
6	31	52	6	31	52	1.0	matched
6	31	53	6	31	53	1.0	matched
6	31	54	6	31	54	1.0	matched
6	31	55	6	31	55	1.0	matched
6	31	56	6	31	56	1.0	matched
6	31	57	6	31	57	1.0	matched
6	31	58	6	31	58	1.0	matched
6	31	59	6	31	59	1.0	matched
6	31	60	6	31	60	1.0	matched
6	31	61	6	31	61	0.896	matched
6	31	62	6	31	62	1.0	matched
6	31	63	6	31	63	1.0	matched
6	31	64	6	31	64	1.0	matched
6	31	65	6	31	65	1.0	matched
6	31	66	6	31	66	1.0	matched
6	31	67	6	31	67	0.915	matched
6	31	68	6	31	68	1.0	matched
6	31	69	6	31	69	1.0	matched
6	31	70	6	31	70	1.0	matched
6	31	71	6	31	71	1.0	matched
6	31	72	6	31	72	1.0	matched
6	31	73	6	31	73	1.0	matched
6	31	74	6	31	74	1.0	matched
6	31	75	6	31	75	1.0	matched
6	31	76	6	31	76	1.0	matched
6	31	77	6	31	77	1.0	matched
6	31	78	6	31	78	1.0	matched
6	31	79	6	31	79	1.0	matched
6	31	80	6	31	80	1.0	matched
6	31	81	6	31	81	1.0	matched
6	31	82	6	31	82	1.0	matched
6	31	83	6	31	83	1.0	matched
6	31	84	6	31	84	1.0	matched
6	31	85	6	31	85	1.0	matched
6	31	86	6	31	86	1.0	matched
6	32	1	6	32	1	1.0	matched
6	32	2	6	32	2	1.0	matched
6	32	3	6	32	3	1.0	matched
6	32	4	6	32	4	1.0	matched
6	32	5	6	32	5	1.0	matched
6	32	6	6	32	6	1.0	matched
6	32	7	6	32	7	0.912	matched
6	32	8	6	32	8	0.912	matched
6	32	9	6	32	9	1.0	matched
6	32	10	6	32	10	1.0	matched
6	32	11	6	32	11	1.0	matched
6	32	12	6	32	12	1.0	matched
6	32	13	6	32	13	1.0	matched
6	32	14	6	32	14	1.0	matched
6	32	15	6	32	15	1.0	matched
6	32	16	6	32	16	1.0	matched
6	32	17	6	32	17	1.0	matched
6	32	18	6	32	18	1.0	matched
6	32	19	6	32	19	1.0	matched
6	32	20	6	32	20	1.0	matched
6	32	21	6	32	21	0.911	matched
6	32	22	6	32	22	0.928	matched
6	32	23	6	32	23	1.0	matched
6	32	24	6	32	24	0.893	matched
6	32	25	6	32	25	1.0	matched
6	32	26	6	32	26	1.0	matched
6	32	27	6	32	27	1.0	matched
6	32	28	6	32	28	1.0	matched
6	32	29	6	32	29	0.784	matched
6	32	30	6	32	30	1.0	matched
6	32	31	6	32	31	1.0	matched
6	32	32	6	32	32	1.0	matched
6	33	1	6	33	1	1.0	matched
6	33	2	6	33	2	1.0	matched
6	33	3	6	33	3	1.0	matched
6	33	4	6	33	4	0.905	matched
6	33	5	6	33	5	1.0	matched
6	33	6	6	33	6	1.0	matched
6	33	7	6	33	7	1.0	matched
6	33	8	6	33	8	1.0	matched
6	33	9	6	33	9	1.0	matched
6	33	10	6	33	10	1.0	matched
6	33	11	6	33	11	1.0	matched
6	33	12	6	33	12	1.0	matched
6	33	13	6	33	13	1.0	matched
6	33	14	6	33	14	1.0	matched
6	33	15	6	33	15	1.0	matched
6	33	16	6	33	16	1.0	matched
6	33	17	6	33	17	1.0	matched
6	33	18	6	33	18	1.0	matched
6	33	19	6	33	19	1.0	matched
6	33	20	6	33	20	1.0	matched
6	33	21	6	33	21	1.0	matched
6	33	22	6	33	22	1.0	matched
6	33	23	6	33	23	1.0	matched
6	33	24	6	33	24	1.0	matched
6	33	25	6	33	25	1.0	matched
6	33	26	6	33	26	0.896	matched
6	33	27	6	33	27	0.94	matched
6	33	28	6	33	28	1.0	matched
6	33	29	6	33	29	1.0	matched
6	33	30	6	33	30	1.0	matched
6	33	31	6	33	31	1.0	matched
6	33	32	6	33	32	1.0	matched
6	33	33	6	33	33	1.0	matched
6	33	34	6	33	34	0.932	matched
6	33	35	6	33	35	1.0	matched
6	33	36	6	33	36	1.0	matched
6	33	37	6	33	37	1.0	matched
6	33	38	6	33	38	1.0	matched
6	33	39	6	33	39	0.895	matched
6	33	40	6	33	40	1.0	matched
6	33	41	6	33	41	1.0	matched
6	33	42	6	33	42	1.0	matched
6	33	43	6	33	43	1.0	matched
6	33	44	6	33	44	1.0	matched
6	33	45	6	33	45	1.0	matched
6	33	46	6	33	46	1.0	matched
6	34	1	6	34	1	1.0	matched
6	34	2	6	34	2	1.0	matched
6	34	3	6	34	3	1.0	matched
6	34	4	6	34	4	0.895	matched
6	34	5	6	34	5	1.0	matched
6	34	6	6	34	6	1.0	matched
6	34	7	6	34	7	1.0	matched
6	34	8	6	34	8	1.0	matched
6	34	9	6	34	9	0.848	matched
6	34	10	6	34	10	0.912	matched
6	34	11	6	34	11	1.0	matched
6	34	12	6	34	12	1.0	matched
6	34	13	6	34	13	1.0	matched
6	34	14	6	34	14	1.0	matched
6	34	15	6	34	15	1.0	matched
6	34	16	6	34	16	0.924	matched
6	34	17	6	34	17	1.0	matched
6	34	18	6	34	18	1.0	matched
6	34	19	6	34	19	1.0	matched
6	34	20	6	34	20	0.909	matched
6	34	21	6	34	21	1.0	matched
6	34	22	6	34	22	1.0	matched
6	34	23	6	34	23	1.0	matched
6	34	24	6	34	24	1.0	matched
6	34	25	6	34	25	1.0	matched
6	34	26	6	34	26	1.0	matched
6	34	27	6	34	27	1.0	matched
6	34	28	6	34	28	1.0	matched
6	34	29	6	34	29	0.945	matched
6	34	30	6	34	30	1.0	matched
6	35	1	6	35	1	1.0	matched
6	35	2	6	35	2	1.0	matched
6	35	3	6	35	3	1.0	matched
6	35	4	6	35	4	1.0	matched
6	35	5	6	35	5	1.0	matched
6	35	6	6	35	6	1.0	matched
6	35	7	6	35	7	1.0	matched
6	35	8	6	35	8	1.0	matched
6	35	9	6	35	9	1.0	matched
6	35	10	6	35	10	1.0	matched
6	35	11	6	35	11	1.0	matched
6	35	12	6	35	12	0.929	matched
6	35	13	6	35	13	1.0	matched
6	35	14	6	35	14	1.0	matched
6	35	15	6	35	15	1.0	matched
6	35	16	6	35	16	1.0	matched
6	35	17	6	35	17	1.0	matched
6	35	18	6	35	18	1.0	matched
6	35	19	6	35	19	1.0	matched
6	35	20	6	35	20	1.0	matched
6	35	21	6	35	21	1.0	matched
6	35	22	6	35	22	1.0	matched
6	35	23	6	35	23	1.0	matched
6	35	24	6	35	24	1.0	matched
6	35	25	6	35	25	1.0	matched
6	35	26	6	35	26	1.0	matched
6	36	1	6	36	1	1.0	matched
6	36	2	6	36	2	1.0	matched
6	36	3	6	36	3	1.0	matched
6	36	4	6	36	4	1.0	matched
6	36	5	6	36	5	1.0	matched
6	36	6	6	36	6	1.0	matched
6	36	7	6	36	7	1.0	matched
6	36	8	6	36	8	1.0	matched
6	36	9	6	36	9	0.904	matched
6	36	10	6	36	10	1.0	matched
6	36	11	6	36	11	1.0	matched
6	36	12	6	36	12	1.0	matched
6	36	13	6	36	13	1.0	matched
6	36	14	6	36	14	0.946	matched
6	36	15	6	36	15	1.0	matched
6	36	16	6	36	16	1.0	matched
6	36	17	6	36	17	1.0	matched
6	36	18	6	36	18	1.0	matched
6	36	19	6	36	19	1.0	matched
6	36	20	6	36	20	1.0	matched
6	36	21	6	36	21	1.0	matched
6	36	22	6	36	22	1.0	matched
6	36	23	6	36	23	1.0	matched
6	36	24	6	36	24	1.0	matched
6	36	25	6	36	25	1.0	matched
6	36	26	6	36	26	1.0	matched
6	36	27	6	36	27	1.0	matched
6	36	28	6	36	28	1.0	matched
6	36	29	6	36	29	1.0	matched
6	36	30	6	36	30	0.911	matched
6	36	31	6	36	31	1.0	matched
6	36	32	6	36	32	1.0	matched
6	36	33	6	36	33	1.0	matched
6	36	34	6	36	34	1.0	matched
6	36	35	6	36	35	1.0	matched
6	36	36	6	36	36	1.0	matched
6	36	37	6	36	37	1.0	matched
6	36	38	6	36	38	1.0	matched
6	36	39	6	36	39	1.0	matched
6	36	40	6	36	40	1.0	matched
6	36	41	6	36	41	1.0	matched
6	36	42	6	36	42	1.0	matched
6	36	43	6	36	43	1.0	matched
6	37	1	6	37	1	1.0	matched
6	37	2	6	37	2	1.0	matched
6	37	3	6	37	3	1.0	matched
6	37	4	6	37	4	1.0	matched
6	37	5	6	37	5	1.0	matched
6	37	6	6	37	6	1.0	matched
6	37	7	6	37	7	1.0	matched
6	37	8	6	37	8	0.91	matched
6	37	9	6	37	9	1.0	matched
6	37	10	6	37	10	1.0	matched
6	37	11	6	37	11	1.0	matched
6	37	12	6	37	12	1.0	matched
6	37	13	6	37	13	1.0	matched
6	37	14	6	37	14	1.0	matched
6	37	15	6	37	15	1.0	matched
6	37	16	6	37	16	0.905	matched
6	37	17	6	37	17	1.0	matched
6	37	18	6	37	18	0.932	matched
6	37	19	6	37	19	1.0	matched
6	37	20	6	37	20	1.0	matched
6	37	21	6	37	21	1.0	matched
6	38	1	6	38	1	1.0	matched
6	38	2	6	38	2	1.0	matched
6	38	3	6	38	3	0.932	matched
6	38	4	6	38	4	1.0	matched
6	38	5	6	38	5	1.0	matched
6	38	6	6	38	6	1.0	matched
6	38	7	6	38	7	1.0	matched
6	38	8	6	38	8	0.905	matched
6	38	9	6	38	9	1.0	matched
6	38	10	6	38	10	1.0	matched
6	38	11	6	38	11	1.0	matched
6	38	12	6	38	12	1.0	matched
6	38	13	6	38	13	1.0	matched
6	38	14	6	38	14	1.0	matched
6	38	15	6	38	15	1.0	matched
6	38	16	6	38	16	1.0	matched
6	38	17	6	38	17	1.0	matched
6	38	18	6	38	18	1.0	matched
6	38	19	6	38	19	0.91	matched
6	38	20	6	38	20	0.91	matched
6	38	21	6	38	21	1.0	matched
6	38	22	6	38	22	1.0	matched
6	38	23	6	38	23	1.0	matched
6	38	24	6	38	24	1.0	matched
6	38	25	6	38	25	1.0	matched
6	38	26	6	38	26	1.0	matched
6	38	27	6	38	27	1.0	matched
6	38	28	6	38	28	1.0	matched
6	38	29	6	38	29	1.0	matched
6	38	30	6	38	30	1.0	matched
6	38	31	6	38	31	1.0	matched
6	38	32	6	38	32	1.0	matched
6	38	33	6	38	33	1.0	matched
6	38	34	6	38	34	1.0	matched
6	38	35	6	38	35	0.905	matched
6	38	36	6	38	36	1.0	matched
6	38	37	6	38	37	1.0	matched
6	39	1	6	39	1	1.0	matched
6	39	2	6	39	2	1.0	matched
6	39	3	6	39	3	0.906	matched
6	39	4	6	39	4	1.0	matched
6	39	5	6	39	5	1.0	matched
6	39	6	6	39	6	1.0	matched
6	39	7	6	39	7	1.0	matched
6	39	8	6	39	8	1.0	matched
6	39	9	6	39	9	1.0	matched
6	39	10	6	39	10	1.0	matched
6	39	11	6	39	11	1.0	matched
6	39	12	6	39	12	1.0	matched
6	39	13	6	39	13	1.0	matched
6	39	14	6	39	14	1.0	matched
6	39	15	6	39	15	1.0	matched
6	39	16	6	39	16	1.0	matched
6	39	17	6	39	17	1.0	matched
6	39	18	6	39	18	1.0	matched
6	39	19	6	39	19	1.0	matched
6	39	20	6	39	20	1.0	matched
6	39	21	6	39	21	1.0	matched
6	39	22	6	39	22	1.0	matched
6	39	23	6	39	23	1.0	matched
6	39	24	6	39	24	1.0	matched
6	39	25	6	39	25	1.0	matched
6	39	26	6	39	26	1.0	matched
6	39	27	6	39	27	1.0	matched
6	39	28	6	39	28	1.0	matched
6	39	29	6	39	29	1.0	matched
6	39	30	6	39	30	1.0	matched
6	39	31	6	39	31	1.0	matched
6	39	32	6	39	32	1.0	matched
6	40	1	6	40	1	1.0	matched
6	40	2	6	40	2	1.0	matched
6	40	3	6	40	3	1.0	matched
6	40	4	6	40	4	1.0	matched
6	40	5	6	40	5	1.0	matched
6	40	6	6	40	6	1.0	matched
6	40	7	6	40	7	1.0	matched
6	40	8	6	40	8	1.0	matched
6	40	9	6	40	9	1.0	matched
6	40	10	6	40	10	1.0	matched
6	40	11	6	40	11	0.915	matched
6	40	12	6	40	12	1.0	matched
6	40	13	6	40	13	1.0	matched
6	40	14	6	40	14	1.0	matched
6	40	15	6	40	15	0.917	matched
6	40	16	6	40	16	1.0	matched
6	40	17	6	40	17	0.91	matched
6	40	18	6	40	18	1.0	matched
6	40	19	6	40	19	1.0	matched
6	40	20	6	40	20	1.0	matched
6	40	21	6	40	21	1.0	matched
6	40	22	6	40	22	1.0	matched
6	40	23	6	40	23	1.0	matched
6	40	24	6	40	24	1.0	matched
6	40	25	6	40	25	1.0	matched
6	40	26	6	40	26	1.0	matched
6	40	27	6	40	27	1.0	matched
6	40	28	6	40	28	0.917	matched
6	40	29	6	40	29	1.0	matched
6	40	30	6	40	30	1.0	matched
6	40	31	6	40	31	1.0	matched
6	40	32	6	40	32	1.0	matched
6	40	33	6	40	33	1.0	matched
6	40	34	6	40	34	1.0	matched
6	40	35	6	40	35	1.0	matched
6	40	36	6	40	36	1.0	matched
6	40	37	6	40	37	1.0	matched
6	40	38	6	40	38	1.0	matched
6	40	39	6	40	39	1.0	matched
6	40	40	6	40	40	1.0	matched
6	40	41	6	40	41	1.0	matched
6	40	42	6	40	42	1.0	matched
6	40	43	6	40	43	0.89	matched
6	40	44	6	40	44	1.0	matched
6	40	45	6	40	45	1.0	matched
6	40	46	6	40	46	1.0	matched
6	40	47	6	40	47	1.0	matched
6	40	48	6	40	48	1.0	matched
6	40	49	6	40	49	1.0	matched
6	40	50	6	40	50	1.0	matched
6	40	51	6	40	51	1.0	matched
6	40	52	6	40	52	1.0	matched
6	40	53	6	40	53	1.0	matched
6	40	54	6	40	54	1.0	matched
6	40	55	6	40	55	1.0	matched
6	40	56	6	40	56	1.0	matched
6	40	57	6	40	57	1.0	matched
6	40	58	6	40	58	1.0	matched
6	40	59	6	40	59	1.0	matched
6	40	60	6	40	60	1.0	matched
6	40	61	6	40	61	0.912	matched
6	40	62	6	40	62	1.0	matched
6	40	63	6	40	63	1.0	matched
6	40	64	6	40	64	1.0	matched
6	41	1	6	41	1	1.0	matched
6	41	2	6	41	2	1.0	matched
6	41	3	6	41	3	1.0	matched
6	41	4	6	41	4	1.0	matched
6	41	5	6	41	5	0.884	matched
6	41	6	6	41	6	1.0	matched
6	41	7	6	41	7	0.907	matched
6	41	8	6	41	8	1.0	matched
6	41	9	6	41	9	1.0	matched
6	41	10	6	41	10	0.934	matched
6	41	11	6	41	11	1.0	matched
6	41	12	6	41	12	1.0	matched
6	41	13	6	41	13	1.0	matched
6	41	14	6	41	14	1.0	matched
6	41	15	6	41	15	0.864	matched
6	41	16	6	41	16	1.0	matched
6	41	17	6	41	17	1.0	matched
6	41	18	6	41	18	0.961	matched
6	41	19	6	41	19	1.0	matched
6	41	20	6	41	20	1.0	matched
6	41	21	6	41	21	1.0	matched
6	41	22	6	41	22	1.0	matched
6	41	23	6	41	23	1.0	matched
6	41	24	6	41	24	1.0	matched
6	41	25	6	41	25	1.0	matched
6	41	26	6	41	26	1.0	matched
6	41	27	6	41	27	1.0	matched
6	41	28	6	41	28	1.0	matched
6	41	29	6	41	29	1.0	matched
6	41	30	6	41	30	1.0	matched
6	41	31	6	41	31	1.0	matched
6	41	32	6	41	32	1.0	matched
6	41	33	6	41	33	1.0	matched
6	41	34	6	41	34	1.0	matched
6	41	35	6	41	35	1.0	matched
6	42	1	6	42	1	1.0	matched
6	42	2	6	42	2	1.0	matched
6	42	3	6	42	3	1.0	matched
6	42	4	6	42	4	1.0	matched
6	42	5	6	42	5	1.0	matched
6	42	6	6	42	6	1.0	matched
6	42	7	6	42	7	1.0	matched
6	42	8	6	42	8	1.0	matched
6	42	9	6	42	9	1.0	matched
6	42	10	6	42	10	1.0	matched
6	42	11	6	42	11	1.0	matched
6	42	12	6	42	12	1.0	matched
6	42	13	6	42	13	1.0	matched
6	42	14	6	42	14	1.0	matched
6	42	15	6	42	15	0.948	matched
6	42	16	6	42	16	1.0	matched
6	42	17	6	42	17	0.939	matched
6	42	18	6	42	18	1.0	matched
6	42	19	6	42	19	1.0	matched
6	42	20	6	42	20	1.0	matched
6	42	21	6	42	21	0.817	matched
6	42	22	6	42	22	0.918	matched
6	42	23	6	42	23	1.0	matched
6	42	24	6	42	24	1.0	matched
6	42	25	6	42	25	1.0	matched
6	42	26	6	42	26	1.0	matched
6	42	27	6	42	27	1.0	matched
6	42	28	6	42	28	1.0	matched
6	42	29	6	42	29	1.0	matched
6	42	30	6	42	30	1.0	matched
6	42	31	6	42	31	1.0	matched
6	42	32	6	42	32	1.0	matched
6	42	33	6	42	33	1.0	matched
6	42	34	6	42	34	1.0	matched
6	42	35	6	42	35	1.0	matched
6	42	36	6	42	36	1.0	matched
6	42	37	6	42	37	1.0	matched
6	43	1	6	43	1	1.0	matched
6	43	2	6	43	2	1.0	matched
6	43	3	6	43	3	1.0	matched
6	43	4	6	43	4	0.916	matched
6	43	5	6	43	5	1.0	matched
6	43	6	6	43	6	1.0	matched
6	43	7	6	43	7	1.0	matched
6	43	8	6	43	8	0.893	matched
6	43	9	6	43	9	1.0	matched
6	43	10	6	43	10	1.0	matched
6	43	11	6	43	11	1.0	matched
6	43	12	6	43	12	1.0	matched
6	43	13	6	43	13	1.0	matched
6	43	14	6	43	14	1.0	matched
6	43	15	6	43	15	1.0	matched
6	43	16	6	43	16	1.0	matched
6	43	17	6	43	17	1.0	matched
6	43	18	6	43	18	1.0	matched
6	43	19	6	43	19	1.0	matched
6	43	20	6	43	20	1.0	matched
6	43	21	6	43	21	1.0	matched
6	43	22	6	43	22	1.0	matched
6	43	23	6	43	23	1.0	matched
6	43	24	6	43	24	1.0	matched
6	43	25	6	43	25	1.0	matched
6	43	26	6	43	26	1.0	matched
6	43	27	6	43	27	0.932	matched
6	44	1	6	44	1	1.0	matched
6	44	2	6	44	2	0.882	matched
6	44	3	6	44	3	1.0	matched
6	44	4	6	44	4	1.0	matched
6	44	5	6	44	5	1.0	matched
6	44	6	6	44	6	1.0	matched
6	44	7	6	44	7	1.0	matched
6	44	8	6	44	8	1.0	matched
6	44	9	6	44	9	1.0	matched
6	44	10	6	44	10	1.0	matched
6	44	11	6	44	11	1.0	matched
6	44	12	6	44	12	1.0	matched
6	44	13	6	44	13	1.0	matched
6	44	14	6	44	14	1.0	matched
6	44	15	6	44	15	1.0	matched
6	44	16	6	44	16	1.0	matched
6	44	17	6	44	17	1.0	matched
6	44	18	6	44	18	1.0	matched
6	44	19	6	44	19	1.0	matched
6	44	20	6	44	20	1.0	matched
6	44	21	6	44	21	1.0	matched
6	44	22	6	44	22	1.0	matched
6	44	23	6	44	23	1.0	matched
6	44	24	6	44	24	1.0	matched
6	44	25	6	44	25	1.0	matched
6	44	26	6	44	26	1.0	matched
6	44	27	6	44	27	1.0	matched
6	44	28	6	44	28	1.0	matched
6	44	29	6	44	29	1.0	matched
6	44	30	6	44	30	1.0	matched
6	44	31	6	44	31	1.0	matched
6	44	32	6	44	32	1.0	matched
6	44	33	6	44	33	0.915	matched
6	44	34	6	44	34	1.0	matched
6	44	35	6	44	35	1.0	matched
6	44	36	6	44	36	1.0	matched
6	44	37	6	44	37	1.0	matched
6	44	38	6	44	38	1.0	matched
6	45	1	6	45	1	1.0	matched
6	45	2	6	45	2	1.0	matched
6	45	3	6	45	3	1.0	matched
6	45	4	6	45	4	1.0	matched
6	45	5	6	45	5	1.0	matched
6	45	6	6	45	6	1.0	matched
6	45	7	6	45	7	1.0	matched
6	45	8	6	45	8	1.0	matched
6	45	9	6	45	9	1.0	matched
6	45	10	6	45	10	1.0	matched
6	45	11	6	45	11	1.0	matched
6	45	12	6	45	12	1.0	matched
6	45	13	6	45	13	1.0	matched
6	45	14	6	45	14	1.0	matched
6	45	15	6	45	15	1.0	matched
6	45	16	6	45	16	1.0	matched
6	45	17	6	45	17	1.0	matched
6	45	18	6	45	18	1.0	matched
6	45	19	6	45	19	1.0	matched
6	45	20	6	45	20	1.0	matched
6	45	21	6	45	21	1.0	matched
6	45	22	6	45	22	1.0	matched
6	45	23	6	45	23	1.0	matched
6	45	24	6	45	24	1.0	matched
6	45	25	6	45	25	1.0	matched
6	45	26	6	45	26	1.0	matched
6	45	27	6	45	27	1.0	matched
6	45	28	6	45	28	0.899	matched
6	45	29	6	45	29	1.0	matched
6	45	30	6	45	30	1.0	matched
6	45	31	6	45	31	1.0	matched
6	45	32	6	45	32	1.0	matched
6	45	33	6	45	33	1.0	matched
6	45	34	6	45	34	1.0	matched
6	45	35	6	45	35	1.0	matched
6	45	36	6	45	36	1.0	matched
6	45	37	6	45	37	1.0	matched
6	45	38	6	45	38	1.0	matched
6	45	39	6	45	39	1.0	matched
6	45	40	6	45	40	1.0	matched
6	45	41	6	45	41	1.0	matched
6	45	42	6	45	42	1.0	matched
6	46	1	6	46	1	1.0	matched
6	46	2	6	46	2	1.0	matched
6	46	3	6	46	3	1.0	matched
6	46	4	6	46	4	1.0	matched
6	46	5	6	46	5	1.0	matched
6	46	6	6	46	6	1.0	matched
6	46	7	6	46	7	1.0	matched
6	46	8	6	46	8	1.0	matched
6	46	9	6	46	9	1.0	matched
6	46	10	6	46	10	1.0	matched
6	46	11	6	46	11	1.0	matched
6	46	12	6	46	12	1.0	matched
6	46	13	6	46	13	1.0	matched
6	46	14	6	46	14	1.0	matched
6	46	15	6	46	15	1.0	matched
6	46	16	6	46	16	1.0	matched
6	46	17	6	46	17	1.0	matched
6	46	18	6	46	18	1.0	matched
6	46	19	6	46	19	1.0	matched
6	46	20	6	46	20	1.0	matched
6	46	21	6	46	21	1.0	matched
6	46	22	6	46	22	1.0	matched
6	46	23	6	46	23	1.0	matched
6	46	24	6	46	24	1.0	matched
6	46	25	6	46	25	1.0	matched
6	46	26	6	46	26	1.0	matched
6	46	27	6	46	27	0.905	matched
6	46	28	6	46	28	1.0	matched
6	46	29	6	46	29	1.0	matched
6	46	30	6	46	30	1.0	matched
6	46	31	6	46	31	1.0	matched
6	46	32	6	46	32	1.0	matched
6	46	33	6	46	33	1.0	matched
6	46	34	6	46	34	1.0	matched
6	46	35	6	46	35	1.0	matched
6	46	36	6	46	36	1.0	matched
6	46	37	6	46	37	1.0	matched
6	46	38	6	46	38	1.0	matched
6	46	39	6	46	39	1.0	matched
6	46	40	6	46	40	1.0	matched
6	46	41	6	46	41	1.0	matched
6	46	42	6	46	42	1.0	matched
6	46	43	6	46	43	1.0	matched
6	46	44	6	46	44	1.0	matched
6	46	45	6	46	45	1.0	matched
6	46	46	6	46	46	1.0	matched
6	46	47	6	46	47	1.0	matched
6	46	48	6	46	48	1.0	matched
6	46	49	6	46	49	1.0	matched
6	46	50	6	46	50	1.0	matched
6	46	51	6	46	51	1.0	matched
6	47	1	6	47	1	1.0	matched
6	47	2	6	47	2	1.0	matched
6	47	3	6	47	3	1.0	matched
6	47	4	6	47	4	1.0	matched
6	47	5	6	47	5	1.0	matched
6	47	6	6	47	6	1.0	matched
6	47	7	6	47	7	1.0	matched
6	47	8	6	47	8	1.0	matched
6	47	9	6	47	9	1.0	matched
6	47	10	6	47	10	1.0	matched
6	47	11	6	47	11	1.0	matched
6	47	12	6	47	12	1.0	matched
6	47	13	6	47	13	1.0	matched
6	47	14	6	47	14	1.0	matched
6	47	15	6	47	15	1.0	matched
6	47	16	6	47	16	1.0	matched
6	47	17	6	47	17	1.0	matched
6	47	18	6	47	18	1.0	matched
6	47	19	6	47	19	1.0	matched
6	47	20	6	47	20	1.0	matched
6	47	21	6	47	21	1.0	matched
6	47	22	6	47	22	1.0	matched
6	47	23	6	47	23	1.0	matched
6	47	24	6	47	24	0.954	matched
6	47	25	6	47	25	1.0	matched
6	47	26	6	47	26	1.0	matched
6	47	27	6	47	27	1.0	matched
6	47	28	6	47	28	1.0	matched
6	47	29	6	47	29	1.0	matched
6	47	30	6	47	30	1.0	matched
6	47	31	6	47	31	1.0	matched
6	47	32	6	47	32	1.0	matched
6	47	33	6	47	33	0.923	matched
6	47	34	6	47	34	1.0	matched
6	47	35	6	47	35	1.0	matched
6	47	36	6	47	36	1.0	matched
6	47	37	6	47	37	1.0	matched
6	47	38	6	47	38	0.933	matched
6	47	39	6	47	39	0.929	matched
6	47	40	6	47	40	1.0	matched
6	47	41	6	47	41	1.0	matched
6	47	42	6	47	42	1.0	matched
6	47	43	6	47	43	1.0	matched
6	47	44	6	47	44	0.922	matched
6	47	45	6	47	45	1.0	matched
6	47	46	6	47	46	1.0	matched
6	47	47	6	47	47	1.0	matched
6	47	48	6	47	48	0.959	matched
6	47	49	6	47	49	1.0	matched
6	47	50	6	47	50	1.0	matched
6	47	51	6	47	51	0.899	matched
6	47	52	6	47	52	1.0	matched
6	47	53	6	47	53	1.0	matched
6	47	54	6	47	54	1.0	matched
6	47	55	6	47	55	1.0	matched
6	47	56	6	47	56	1.0	matched
6	47	57	6	47	57	1.0	matched
6	47	58	6	47	58	1.0	matched
6	47	59	6	47	59	1.0	matched
6	47	60	6	47	60	1.0	matched
6	47	61	6	47	61	1.0	matched
6	47	62	6	47	62	1.0	matched
6	47	63	6	47	63	1.0	matched
6	47	64	6	47	64	0.879	matched
6	47	65	6	47	65	1.0	matched
6	47	66	6	47	66	1.0	matched
6	47	67	6	47	67	1.0	matched
6	47	68	6	47	68	1.0	matched
6	47	69	6	47	69	1.0	matched
6	47	70	6	47	70	1.0	matched
6	47	71	6	47	71	1.0	matched
6	47	72	6	47	72	1.0	matched
6	47	73	6	47	73	1.0	matched
6	47	74	6	47	74	0.932	matched
6	47	75	6	47	75	1.0	matched
6	47	76	6	47	76	1.0	matched
6	47	77	6	47	77	1.0	matched
6	47	78	6	47	78	1.0	matched
6	47	79	6	47	79	1.0	matched
6	47	80	6	47	80	1.0	matched
6	47	81	6	47	81	1.0	matched
6	47	82	6	47	82	1.0	matched
6	47	83	6	47	83	1.0	matched
6	47	84	6	47	84	1.0	matched
6	47	85	6	47	85	1.0	matched
6	47	86	6	47	86	1.0	matched
6	47	87	6	47	87	1.0	matched
6	47	88	6	47	88	1.0	matched
6	47	89	6	47	89	1.0	matched
6	47	90	6	47	90	1.0	matched
6	47	91	6	47	91	1.0	matched
6	47	92	6	47	92	1.0	matched
6	47	93	6	47	93	1.0	matched
6	47	94	6	47	94	0.955	matched
6	47	95	6	47	95	1.0	matched
6	47	96	6	47	96	0.955	matched
6	47	97	6	47	97	1.0	matched
6	47	98	6	47	98	0.955	matched
6	47	99	6	47	99	0.954	matched
6	47	100	6	47	100	1.0	matched
6	47	101	6	47	101	1.0	matched
6	47	102	6	47	102	1.0	matched
6	47	103	6	47	103	1.0	matched
6	47	104	6	47	104	0.92	matched
6	47	105	6	47	105	1.0	matched
6	47	106	6	47	106	1.0	matched
6	47	107	6	47	107	1.0	matched
6	47	108	6	47	108	1.0	matched
6	47	109	6	47	109	1.0	matched
6	47	110	6	47	110	1.0	matched
6	47	111	6	47	111	1.0	matched
6	47	112	6	47	112	1.0	matched
6	47	113	6	47	113	1.0	matched
6	47	114	6	47	114	1.0	matched
6	47	115	6	47	115	1.0	matched
6	47	116	6	47	116	1.0	matched
6	47	117	6	47	117	1.0	matched
6	47	118	6	47	118	1.0	matched
6	47	119	6	47	119	1.0	matched
6	47	120	6	47	120	1.0	matched
6	47	121	6	47	121	1.0	matched
6	47	122	6	47	122	1.0	matched
6	47	123	6	47	123	1.0	matched
6	47	124	6	47	124	1.0	matched
6	47	125	6	47	125	1.0	matched
6	47	126	6	47	126	1.0	matched
6	47	127	6	47	127	0.953	matched
6	47	128	6	47	128	1.0	matched
6	47	129	6	47	129	1.0	matched
6	47	130	6	47	130	0.947	matched
6	47	131	6	47	131	1.0	matched
6	47	132	6	47	132	1.0	matched
6	47	133	6	47	133	1.0	matched
6	47	134	6	47	134	1.0	matched
6	47	135	6	47	135	1.0	matched
6	48	1	6	48	1	1.0	matched
6	48	2	6	48	2	1.0	matched
6	48	3	6	48	3	1.0	matched
6	48	4	6	48	4	0.905	matched
6	48	5	6	48	5	1.0	matched
6	48	6	6	48	6	1.0	matched
6	48	7	6	48	7	1.0	matched
6	48	8	6	48	8	1.0	matched
6	48	9	6	48	9	1.0	matched
6	48	10	6	48	10	1.0	matched
6	48	11	6	48	11	1.0	matched
6	48	12	6	48	12	1.0	matched
6	48	13	6	48	13	1.0	matched
6	48	14	6	48	14	1.0	matched
6	48	15	6	48	15	1.0	matched
6	48	16	6	48	16	1.0	matched
6	48	17	6	48	17	1.0	matched
6	48	18	6	48	18	1.0	matched
6	48	19	6	48	19	1.0	matched
6	48	20	6	48	20	1.0	matched
6	48	21	6	48	21	1.0	matched
6	48	22	6	48	22	1.0	matched
6	48	23	6	48	23	1.0	matched
6	48	24	6	48	24	1.0	matched
6	48	25	6	48	25	1.0	matched
6	48	26	6	48	26	1.0	matched
6	48	27	6	48	27	0.938	matched
6	48	28	6	48	28	0.935	matched
6	48	29	6	48	29	1.0	matched
6	48	30	6	48	30	1.0	matched
6	48	31	6	48	31	1.0	matched
6	48	32	6	48	32	0.918	matched
6	48	33	6	48	33	1.0	matched
6	48	34	6	48	34	1.0	matched
6	48	35	6	48	35	1.0	matched
6	48	36	6	48	36	1.0	matched
6	48	37	6	48	37	1.0	matched
6	48	38	6	48	38	1.0	matched
6	48	39	6	48	39	0.905	matched
6	48	40	6	48	40	1.0	matched
6	48	41	6	48	41	1.0	matched
6	48	42	6	48	42	1.0	matched
6	48	43	6	48	43	1.0	matched
6	48	44	6	48	44	1.0	matched
6	48	45	6	48	45	1.0	matched
6	48	46	6	48	46	1.0	matched
6	48	47	6	48	47	1.0	matched
6	48	48	6	48	48	1.0	matched
6	48	49	6	48	49	1.0	matched
6	48	50	6	48	50	1.0	matched
6	48	51	6	48	51	1.0	matched
6	48	52	6	48	52	1.0	matched
6	48	53	6	48	53	1.0	matched
6	48	54	6	48	54	1.0	matched
6	48	55	6	48	55	1.0	matched
6	48	56	6	48	56	1.0	matched
6	48	57	6	48	57	1.0	matched
6	48	58	6	48	58	1.0	matched
6	48	59	6	48	59	1.0	matched
6	48	60	6	48	60	1.0	matched
6	48	61	6	48	61	1.0	matched
6	48	62	6	48	62	1.0	matched
6	48	63	6	48	63	1.0	matched
6	48	64	6	48	64	1.0	matched
6	48	65	6	48	65	1.0	matched
6	48	66	6	48	66	1.0	matched
6	48	67	6	48	67	1.0	matched
6	48	68	6	48	68	1.0	matched
6	48	69	6	48	69	1.0	matched
6	48	70	6	48	70	1.0	matched
6	48	71	6	48	71	0.907	matched
6	48	72	6	48	72	1.0	matched
6	48	73	6	48	73	1.0	matched
6	48	74	6	48	74	1.0	matched
6	48	75	6	48	75	1.0	matched
6	48	76	6	48	76	0.644	matched
6	48	77	6	48	77	1.0	matched
6	48	78	6	48	78	1.0	matched
6	48	79	6	48	79	1.0	matched
6	48	80	6	48	80	1.0	matched
6	48	81	6	48	81	0.902	matched
6	48	82	6	48	82	1.0	matched
6	48	83	6	48	83	1.0	matched
6	48	84	6	48	84	1.0	matched
6	48	85	6	48	85	1.0	matched
6	48	86	6	48	86	1.0	matched
6	48	87	6	48	87	1.0	matched
6	49	1	6	49	1	1.0	matched
6	49	2	6	49	2	1.0	matched
6	49	3	6	49	3	1.0	matched
6	49	4	6	49	4	1.0	matched
6	49	5	6	49	5	1.0	matched
6	49	6	6	49	6	1.0	matched
6	49	7	6	49	7	1.0	matched
6	49	8	6	49	8	1.0	matched
6	49	9	6	49	9	1.0	matched
6	49	10	6	49	10	1.0	matched
6	49	11	6	49	11	1.0	matched
6	49	12	6	49	12	1.0	matched
6	49	13	6	49	13	1.0	matched
6	49	14	6	49	14	1.0	matched
6	49	15	6	49	15	1.0	matched
6	49	16	6	49	16	1.0	matched
6	49	17	6	49	17	1.0	matched
6	49	18	6	49	18	1.0	matched
6	49	19	6	49	19	1.0	matched
6	49	20	6	49	20	1.0	matched
6	49	21	6	49	21	1.0	matched
6	49	22	6	49	22	1.0	matched
6	49	23	6	49	23	0.934	matched
6	49	24	6	49	24	1.0	matched
6	49	25	6	49	25	1.0	matched
6	49	26	6	49	26	1.0	matched
6	49	27	6	49	27	1.0	matched
6	49	28	6	49	28	1.0	matched
6	49	29	6	49	29	1.0	matched
6	49	30	6	49	30	1.0	matched
6	49	31	6	49	31	1.0	matched
6	49	32	6	49	32	1.0	matched
6	49	33	6	49	33	1.0	matched
6	49	34	6	49	34	1.0	matched
6	49	35	6	49	35	1.0	matched
6	49	36	6	49	36	1.0	matched
6	49	37	6	49	37	1.0	matched
6	50	1	6	50	1	1.0	matched
6	50	2	6	50	2	0.901	matched
6	50	3	6	50	3	1.0	matched
6	50	4	6	50	4	1.0	matched
6	50	5	6	50	5	1.0	matched
6	50	6	6	50	6	1.0	matched
6	50	7	6	50	7	0.932	matched
6	50	8	6	50	8	1.0	matched
6	50	9	6	50	9	1.0	matched
6	50	10	6	50	10	1.0	matched
6	50	11	6	50	11	1.0	matched
6	50	12	6	50	12	1.0	matched
6	50	13	6	50	13	1.0	matched
6	50	14	6	50	14	1.0	matched
6	50	15	6	50	15	1.0	matched
6	50	16	6	50	16	1.0	matched
6	50	17	6	50	17	1.0	matched
6	50	18	6	50	18	1.0	matched
6	50	19	6	50	19	1.0	matched
6	51	1	6	51	1	1.0	matched
6	51	2	6	51	2	1.0	matched
6	51	3	6	51	3	1.0	matched
6	51	4	6	51	4	1.0	matched
6	51	5	6	51	5	1.0	matched
6	51	6	6	51	6	1.0	matched
6	51	7	6	51	7	1.0	matched
6	51	8	6	51	8	1.0	matched
6	51	9	6	51	9	1.0	matched
6	51	10	6	51	10	1.0	matched
6	51	11	6	51	11	1.0	matched
6	51	12	6	51	12	1.0	matched
6	51	13	6	51	13	1.0	matched
6	51	14	6	51	14	1.0	matched
6	51	15	6	51	15	1.0	matched
6	51	16	6	51	16	1.0	matched
6	51	17	6	51	17	1.0	matched
6	51	18	6	51	18	1.0	matched
6	51	19	6	51	19	1.0	matched
6	51	20	6	51	20	1.0	matched
6	51	21	6	51	21	1.0	matched
6	51	22	6	51	22	0.9	matched
6	51	23	6	51	23	1.0	matched
6	51	24	6	51	24	1.0	matched
6	51	25	6	51	25	1.0	matched
6	51	26	6	51	26	1.0	matched
6	51	27	6	51	27	1.0	matched
6	51	28	6	51	28	1.0	matched
6	51	29	6	51	29	1.0	matched
6	51	30	6	51	30	0.932	matched
6	51	31	6	51	31	1.0	matched
6	51	32	6	51	32	1.0	matched
6	51	33	6	51	33	1.0	matched
6	51	34	6	51	34	1.0	matched
6	51	35	6	51	35	1.0	matched
6	51	36	6	51	36	1.0	matched
6	51	37	6	51	37	1.0	matched
6	51	38	6	51	38	1.0	matched
6	51	39	6	51	39	1.0	matched
6	51	40	6	51	40	1.0	matched
6	51	41	6	51	41	1.0	matched
6	51	42	6	51	42	1.0	matched
6	51	43	6	51	43	1.0	matched
6	51	44	6	51	44	1.0	matched
6	51	45	6	51	45	1.0	matched
6	51	46	6	51	46	1.0	matched
6	51	47	6	51	47	1.0	matched
6	52	1	6	52	1	1.0	matched
6	52	2	6	52	2	1.0	matched
6	52	3	6	52	3	1.0	matched
6	52	4	6	52	4	1.0	matched
6	52	5	6	52	5	1.0	matched
6	52	6	6	52	6	1.0	matched
6	52	7	6	52	7	1.0	matched
6	52	8	6	52	8	1.0	matched
6	52	9	6	52	9	1.0	matched
6	52	10	6	52	10	0.909	matched
6	52	11	6	52	11	1.0	matched
6	52	12	6	52	12	1.0	matched
6	52	13	6	52	13	1.0	matched
6	52	14	6	52	14	1.0	matched
6	52	15	6	52	15	1.0	matched
6	52	16	6	52	16	1.0	matched
6	52	17	6	52	17	1.0	matched
6	52	18	6	52	18	1.0	matched
6	52	19	6	52	19	0.907	matched
6	52	20	6	52	20	1.0	matched
6	52	21	6	52	21	1.0	matched
6	52	22	6	52	22	1.0	matched
6	52	23	6	52	23	1.0	matched
6	52	24	6	52	24	1.0	matched
6	52	25	6	52	25	1.0	matched
6	52	26	6	52	26	0.916	matched
6	52	27	6	52	27	1.0	matched
6	52	28	6	52	28	1.0	matched
6	52	29	6	52	29	1.0	matched
6	52	30	6	52	30	1.0	matched
6	52	31	6	52	31	1.0	matched
6	52	32	6	52	32	1.0	matched
6	52	33	6	52	33	1.0	matched
6	52	34	6	52	34	1.0	matched
6	52	35	6	52	35	1.0	matched
6	53	1	6	53	1	1.0	matched
6	53	2	6	53	2	1.0	matched
6	53	3	6	53	3	1.0	matched
6	53	4	6	53	4	1.0	matched
6	53	5	6	53	5	1.0	matched
6	53	6	6	53	6	1.0	matched
6	53	7	6	53	7	1.0	matched
6	53	8	6	53	8	1.0	matched
6	53	9	6	53	9	1.0	matched
6	53	10	6	53	10	1.0	matched
6	53	11	6	53	11	1.0	matched
6	53	12	6	53	12	1.0	matched
6	53	13	6	53	13	1.0	matched
6	53	14	6	53	14	1.0	matched
6	53	15	6	53	15	1.0	matched
6	53	16	6	53	16	1.0	matched
6	53	17	6	53	17	1.0	matched
6	53	18	6	53	18	1.0	matched
6	53	19	6	53	19	1.0	matched
6	53	20	6	53	20	1.0	matched
6	53	21	6	53	21	0.893	matched
6	53	22	6	53	22	1.0	matched
6	53	23	6	53	23	1.0	matched
6	53	24	6	53	24	1.0	matched
6	53	25	6	53	25	1.0	matched
6	53	26	6	53	26	0.93	matched
6	53	27	6	53	27	1.0	matched
6	53	28	6	53	28	1.0	matched
6	53	29	6	53	29	1.0	matched
6	53	30	6	53	30	0.91	matched
6	53	31	6	53	31	0.897	matched
6	53	32	6	53	32	1.0	matched
6	53	33	6	53	33	1.0	matched
6	53	34	6	53	34	0.907	matched
6	53	35	6	53	35	1.0	matched
6	53	36	6	53	36	1.0	matched
6	53	37	6	53	37	1.0	matched
6	53	38	6	53	38	1.0	matched
6	53	39	6	53	39	1.0	matched
6	53	40	6	53	40	1.0	matched
6	53	41	6	53	41	1.0	matched
6	53	42	6	53	42	1.0	matched
6	53	43	6	53	43	0.899	matched
6	53	44	6	53	44	0.873	matched
6	53	45	6	53	45	1.0	matched
6	53	46	6	53	46	1.0	matched
6	53	47	6	53	47	1.0	matched
6	53	48	6	53	48	1.0	matched
6	53	49	6	53	49	1.0	matched
6	53	50	6	53	50	1.0	matched
6	54	1	6	54	1	1.0	matched
6	54	2	6	54	2	1.0	matched
6	54	3	6	54	3	1.0	matched
6	54	4	6	54	4	1.0	matched
6	54	5	6	54	5	0.987	matched
6	54	6	6	54	6	1.0	matched
6	54	7	6	54	7	1.0	matched
6	54	8	6	54	8	1.0	matched
6	54	9	6	54	9	1.0	matched
6	54	10	6	54	10	1.0	matched
6	54	11	6	54	11	1.0	matched
6	54	12	6	54	12	1.0	matched
6	54	13	6	54	13	1.0	matched
6	54	14	6	54	14	1.0	matched
6	54	15	6	54	15	1.0	matched
6	54	16	6	54	16	0.893	matched
6	54	17	6	54	17	1.0	matched
6	54	18	6	54	18	0.921	matched
6	54	19	6	54	19	1.0	matched
6	54	20	6	54	20	1.0	matched
6	54	21	6	54	21	1.0	matched
6	54	22	6	54	22	1.0	matched
6	54	23	6	54	23	1.0	matched
6	54	24	6	54	24	1.0	matched
6	54	25	6	54	25	1.0	matched
6	54	26	6	54	26	1.0	matched
6	54	27	6	54	27	1.0	matched
6	54	28	6	54	28	1.0	matched
6	54	29	6	54	29	1.0	matched
6	55	1	6	55	1	1.0	matched
6	55	2	6	55	2	1.0	matched
6	55	3	6	55	3	1.0	matched
6	55	4	6	55	4	1.0	matched
6	55	5	6	55	5	1.0	matched
6	55	6	6	55	6	1.0	matched
6	55	7	6	55	7	1.0	matched
6	55	8	6	55	8	1.0	matched
6	55	9	6	55	9	1.0	matched
6	55	10	6	55	10	1.0	matched
6	55	11	6	55	11	0.934	matched
6	55	12	6	55	12	1.0	matched
6	55	13	6	55	13	1.0	matched
6	55	14	6	55	14	1.0	matched
6	55	15	6	55	15	1.0	matched
6	55	16	6	55	16	1.0	matched
6	55	17	6	55	17	1.0	matched
6	55	18	6	55	18	1.0	matched
6	55	19	6	55	19	1.0	matched
6	55	20	6	55	20	1.0	matched
6	55	21	6	55	21	1.0	matched
6	55	22	6	55	22	1.0	matched
6	55	23	6	55	23	1.0	matched
6	55	24	6	55	24	1.0	matched
6	55	25	6	55	25	1.0	matched
6	55	26	6	55	26	1.0	matched
6	55	27	6	55	27	1.0	matched
6	55	28	6	55	28	1.0	matched
6	55	29	6	55	29	1.0	matched
6	55	30	6	55	30	1.0	matched
6	55	31	6	55	31	1.0	matched
6	55	32	6	55	32	1.0	matched
6	55	33	6	55	33	1.0	matched
6	55	34	6	55	34	1.0	matched
6	55	35	6	55	35	1.0	matched
6	55	36	6	55	36	1.0	matched
6	55	37	6	55	37	1.0	matched
6	55	38	6	55	38	1.0	matched
6	55	39	6	55	39	1.0	matched
6	55	40	6	55	40	1.0	matched
6	55	41	6	55	41	1.0	matched
6	55	42	6	55	42	1.0	matched
6	55	43	6	55	43	1.0	matched
6	55	44	6	55	44	1.0	matched
6	55	45	6	55	45	1.0	matched
6	55	46	6	55	46	1.0	matched
6	55	47	6	55	47	0.914	matched
6	55	48	6	55	48	1.0	matched
6	55	49	6	55	49	1.0	matched
6	55	50	6	55	50	1.0	matched
6	55	51	6	55	51	1.0	matched
6	55	52	6	55	52	1.0	matched
6	55	53	6	55	53	1.0	matched
6	55	54	6	55	54	1.0	matched
6	55	55	6	55	55	1.0	matched
6	55	56	6	55	56	1.0	matched
6	55	57	6	55	57	0.924	matched
6	55	58	6	55	58	1.0	matched
6	55	59	6	55	59	1.0	matched
6	55	60	6	55	60	1.0	matched
6	55	61	6	55	61	0.919	matched
6	55	62	6	55	62	1.0	matched
6	55	63	6	55	63	1.0	matched
6	55	64	6	55	64	1.0	matched
6	55	65	6	55	65	1.0	matched
6	55	66	6	55	66	1.0	matched
6	55	67	6	55	67	1.0	matched
6	55	68	6	55	68	0.924	matched
6	55	69	6	55	69	1.0	matched
6	55	70	6	55	70	0.87	matched
6	55	71	6	55	71	1.0	matched
6	55	72	6	55	72	1.0	matched
6	55	73	6	55	73	1.0	matched
6	55	74	6	55	74	1.0	matched
6	55	75	6	55	75	1.0	matched
6	55	76	6	55	76	1.0	matched
6	55	77	6	55	77	1.0	matched
6	55	78	6	55	78	1.0	matched
6	55	79	6	55	79	1.0	matched
6	55	80	6	55	80	1.0	matched
6	55	81	6	55	81	1.0	matched
6	55	82	6	55	82	1.0	matched
6	55	83	6	55	83	1.0	matched
6	55	84	6	55	84	1.0	matched
6	55	85	6	55	85	1.0	matched
6	55	86	6	55	86	1.0	matched
6	55	87	6	55	87	1.0	matched
6	55	88	6	55	88	1.0	matched
6	55	89	6	55	89	1.0	matched
6	55	90	6	55	90	1.0	matched
6	55	91	6	55	91	1.0	matched
6	55	92	6	55	92	1.0	matched
6	55	93	6	55	93	1.0	matched
6	55	94	6	55	94	1.0	matched
6	55	95	6	55	95	1.0	matched
6	55	96	6	55	96	1.0	matched
6	55	97	6	55	97	1.0	matched
6	55	98	6	55	98	1.0	matched
6	55	99	6	55	99	1.0	matched
6	55	100	6	55	100	1.0	matched
6	55	101	6	55	101	1.0	matched
6	55	102	6	55	102	1.0	matched
6	55	103	6	55	103	1.0	matched
6	55	104	6	55	104	1.0	matched
6	55	105	6	55	105	1.0	matched
6	55	106	6	55	106	1.0	matched
6	55	107	6	55	107	1.0	matched
6	55	108	6	55	108	1.0	matched
6	55	109	6	55	109	1.0	matched
6	55	110	6	55	110	1.0	matched
6	55	111	6	55	111	1.0	matched
6	55	112	6	55	112	1.0	matched
6	55	113	6	55	113	1.0	matched
6	55	114	6	55	114	1.0	matched
6	55	115	6	55	115	1.0	matched
6	55	116	6	55	116	1.0	matched
6	55	117	6	55	117	0.955	matched
6	55	118	6	55	118	1.0	matched
6	55	119	6	55	119	1.0	matched
6	55	120	6	55	120	1.0	matched
6	55	121	6	55	121	1.0	matched
6	55	122	6	55	122	1.0	matched
6	55	123	6	55	123	1.0	matched
6	55	124	6	55	124	1.0	matched
6	55	125	6	55	125	1.0	matched
6	55	126	6	55	126	0.926	matched
6	55	127	6	55	127	1.0	matched
6	55	128	6	55	128	1.0	matched
6	55	129	6	55	129	1.0	matched
6	56	1	6	56	1	1.0	matched
6	56	2	6	56	2	1.0	matched
6	56	3	6	56	3	1.0	matched
6	56	4	6	56	4	1.0	matched
6	56	5	6	56	5	1.0	matched
6	56	6	6	56	6	1.0	matched
6	56	7	6	56	7	1.0	matched
6	56	8	6	56	8	1.0	matched
6	56	9	6	56	9	1.0	matched
6	56	10	6	56	10	1.0	matched
6	56	11	6	56	11	1.0	matched
6	56	12	6	56	12	1.0	matched
6	56	13	6	56	13	1.0	matched
6	56	14	6	56	14	1.0	matched
6	56	15	6	56	15	1.0	matched
6	56	16	6	56	16	1.0	matched
6	56	17	6	56	17	1.0	matched
6	56	18	6	56	18	1.0	matched
6	56	19	6	56	19	1.0	matched
6	57	1	6	57	1	1.0	matched
6	57	2	6	57	2	1.0	matched
6	57	3	6	57	3	1.0	matched
6	57	4	6	57	4	1.0	matched
6	57	5	6	57	5	1.0	matched
6	57	6	6	57	6	1.0	matched
6	57	7	6	57	7	1.0	matched
6	57	8	6	57	8	1.0	matched
6	57	9	6	57	9	1.0	matched
6	57	10	6	57	10	1.0	matched
6	57	11	6	57	11	1.0	matched
6	57	12	6	57	12	1.0	matched
6	57	13	6	57	13	0.897	matched
6	57	14	6	57	14	1.0	matched
6	57	15	6	57	15	1.0	matched
6	57	16	6	57	16	1.0	matched
6	57	17	6	57	17	1.0	matched
6	57	18	6	57	18	1.0	matched
6	57	19	6	57	19	1.0	matched
6	57	20	6	57	20	1.0	matched
6	57	21	6	57	21	1.0	matched
6	57	22	6	57	22	1.0	matched
6	57	23	6	57	23	1.0	matched
6	57	24	6	57	24	1.0	matched
6	57	25	6	57	25	1.0	matched
6	57	26	6	57	26	1.0	matched
6	57	27	6	57	27	1.0	matched
6	57	28	6	57	28	1.0	matched
6	57	29	6	57	29	0.87	matched
6	57	30	6	57	30	1.0	matched
6	57	31	6	57	31	1.0	matched
6	57	32	6	57	32	1.0	matched
6	57	33	6	57	33	1.0	matched
6	57	34	6	57	34	0.883	matched
6	57	35	6	57	35	0.907	matched
6	57	36	6	57	36	1.0	matched
6	57	37	6	57	37	1.0	matched
6	57	38	6	57	38	1.0	matched
6	57	39	6	57	39	1.0	matched
6	57	40	6	57	40	1.0	matched
6	57	41	6	57	41	1.0	matched
6	57	42	6	57	42	1.0	matched
6	57	43	6	57	43	1.0	matched
6	57	44	6	57	44	1.0	matched
6	57	45	6	57	45	1.0	matched
6	57	46	6	57	46	1.0	matched
6	57	47	6	57	47	1.0	matched
6	57	48	6	57	48	1.0	matched
6	57	49	6	57	49	1.0	matched
6	57	50	6	57	50	1.0	matched
6	57	51	6	57	51	1.0	matched
6	57	52	6	57	52	0.944	matched
6	57	53	6	57	53	1.0	matched
6	57	54	6	57	54	0.899	matched
6	57	55	6	57	55	1.0	matched
6	57	56	6	57	56	1.0	matched
6	57	57	6	57	57	0.942	matched
6	57	58	6	57	58	1.0	matched
6	57	59	6	57	59	1.0	matched
6	57	60	6	57	60	1.0	matched
6	57	61	6	57	61	1.0	matched
6	57	62	6	57	62	1.0	matched
6	57	63	6	57	63	1.0	matched
6	57	64	6	57	64	1.0	matched
6	57	65	6	57	65	1.0	matched
6	57	66	6	57	66	1.0	matched
6	57	67	6	57	67	1.0	matched
6	57	68	6	57	68	1.0	matched
6	57	69	6	57	69	1.0	matched
6	57	70	6	57	70	1.0	matched
6	57	71	6	57	71	1.0	matched
6	57	72	6	57	72	1.0	matched
6	57	73	6	57	73	1.0	matched
6	57	74	6	57	74	1.0	matched
6	57	75	6	57	75	1.0	matched
6	57	76	6	57	76	1.0	matched
6	57	77	6	57	77	1.0	matched
6	57	78	6	57	78	1.0	matched
6	57	79	6	57	79	1.0	matched
6	57	80	6	57	80	1.0	matched
6	57	81	6	57	81	1.0	matched
6	57	82	6	57	82	1.0	matched
6	57	83	6	57	83	1.0	matched
6	57	84	6	57	84	1.0	matched
6	57	85	6	57	85	1.0	matched
6	57	86	6	57	86	1.0	matched
6	57	87	6	57	87	1.0	matched
6	57	88	6	57	88	1.0	matched
6	57	89	6	57	89	1.0	matched
6	57	90	6	57	90	1.0	matched
6	58	1	6	58	1	1.0	matched
6	58	2	6	58	2	1.0	matched
6	58	3	6	58	3	1.0	matched
6	58	4	6	58	4	1.0	matched
6	58	5	6	58	5	1.0	matched
6	58	6	6	58	6	1.0	matched
6	58	7	6	58	7	0.934	matched
6	58	8	6	58	8	0.94	matched
6	58	9	6	58	9	1.0	matched
6	58	10	6	58	10	1.0	matched
6	58	11	6	58	11	1.0	matched
6	58	12	6	58	12	1.0	matched
6	58	13	6	58	13	1.0	matched
6	58	14	6	58	14	1.0	matched
6	58	15	6	58	15	1.0	matched
6	58	16	6	58	16	1.0	matched
6	58	17	6	58	17	1.0	matched
6	58	18	6	58	18	1.0	matched
6	58	19	6	58	19	1.0	matched
6	58	20	6	58	20	1.0	matched
6	58	21	6	58	21	1.0	matched
6	58	22	6	58	22	1.0	matched
6	58	23	6	58	23	1.0	matched
6	58	24	6	58	24	1.0	matched
6	58	25	6	58	25	1.0	matched
6	58	26	6	58	26	1.0	matched
6	58	27	6	58	27	1.0	matched
6	58	28	6	58	28	0.903	matched
6	58	29	6	58	29	1.0	matched
6	58	30	6	58	30	1.0	matched
6	58	31	6	58	31	1.0	matched
6	58	32	6	58	32	1.0	matched
6	58	33	6	58	33	1.0	matched
6	58	34	6	58	34	1.0	matched
6	58	35	6	58	35	1.0	matched
6	58	36	6	58	36	1.0	matched
6	58	37	6	58	37	0.937	matched
6	58	38	6	58	38	1.0	matched
6	58	39	6	58	39	1.0	matched
6	58	40	6	58	40	0.951	matched
6	58	41	6	58	41	1.0	matched
6	58	42	6	58	42	1.0	matched
6	58	43	6	58	43	1.0	matched
6	58	44	6	58	44	1.0	matched
6	58	45	6	58	45	1.0	matched
6	58	46	6	58	46	1.0	matched
6	58	47	6	58	47	1.0	matched
6	58	48	6	58	48	0.883	matched
6	58	49	6	58	49	1.0	matched
6	58	50	6	58	50	1.0	matched
6	58	51	6	58	51	1.0	matched
6	58	52	6	58	52	1.0	matched
6	58	53	6	58	53	1.0	matched
6	58	54	6	58	54	1.0	matched
6	59	1	6	59	1	1.0	matched
6	59	2	6	59	2	1.0	matched
6	59	3	6	59	3	1.0	matched
6	59	4	6	59	4	1.0	matched
6	59	5	6	59	5	1.0	matched
6	59	6	6	59	6	1.0	matched
6	59	7	6	59	7	1.0	matched
6	59	8	6	59	8	1.0	matched
6	59	9	6	59	9	1.0	matched
6	59	10	6	59	10	1.0	matched
6	59	11	6	59	11	1.0	matched
6	59	12	6	59	12	1.0	matched
6	59	13	6	59	13	1.0	matched
6	59	14	6	59	14	1.0	matched
6	59	15	6	59	15	1.0	matched
6	59	16	6	59	16	1.0	matched
6	59	17	6	59	17	1.0	matched
6	59	18	6	59	18	1.0	matched
6	59	19	6	59	19	1.0	matched
6	59	20	6	59	20	1.0	matched
6	59	21	6	59	21	1.0	matched
6	59	22	6	59	22	1.0	matched
6	59	23	6	59	23	1.0	matched
6	59	24	6	59	24	1.0	matched
6	59	25	6	59	25	0.897	matched
6	59	26	6	59	26	1.0	matched
6	59	27	6	59	27	1.0	matched
6	59	28	6	59	28	1.0	matched
6	59	29	6	59	29	1.0	matched
6	59	30	6	59	30	1.0	matched
6	59	31	6	59	31	1.0	matched
6	59	32	6	59	32	0.894	matched
6	59	33	6	59	33	1.0	matched
6	59	34	6	59	34	1.0	matched
6	59	35	6	59	35	1.0	matched
6	59	36	6	59	36	1.0	matched
6	59	37	6	59	37	1.0	matched
6	59	38	6	59	38	1.0	matched
6	59	39	6	59	39	0.936	matched
6	59	40	6	59	40	0.951	matched
6	59	41	6	59	41	0.893	matched
6	59	42	6	59	42	1.0	matched
6	59	43	6	59	43	0.935	matched
6	59	44	6	59	44	0.954	matched
6	59	45	6	59	45	1.0	matched
6	59	46	6	59	46	1.0	matched
6	59	47	6	59	47	1.0	matched
6	59	48	6	59	48	1.0	matched
6	59	49	6	59	49	1.0	matched
6	59	50	6	59	50	1.0	matched
6	59	51	6	59	51	1.0	matched
6	59	52	6	59	52	1.0	matched
6	59	53	6	59	53	1.0	matched
6	59	54	6	59	54	1.0	matched
6	59	55	6	59	55	1.0	matched
6	59	56	6	59	56	1.0	matched
6	59	57	6	59	57	1.0	matched
6	59	58	6	59	58	1.0	matched
6	59	59	6	59	59	1.0	matched
6	59	60	6	59	60	1.0	matched
6	59	61	6	59	61	1.0	matched
6	59	62	6	59	62	1.0	matched
6	59	63	6	59	63	1.0	matched
6	59	64	6	59	64	1.0	matched
6	59	65	6	59	65	1.0	matched
6	59	66	6	59	66	0.933	matched
6	59	67	6	59	67	1.0	matched
6	59	68	6	59	68	0.937	matched
6	59	69	6	59	69	1.0	matched
6	59	70	6	59	70	1.0	matched
6	59	71	6	59	71	1.0	matched
6	59	72	6	59	72	1.0	matched
6	59	73	6	59	73	1.0	matched
6	59	74	6	59	74	0.904	matched
6	59	75	6	59	75	1.0	matched
6	59	76	6	59	76	1.0	matched
6	59	77	6	59	77	1.0	matched
6	59	78	6	59	78	0.94	matched
6	59	79	6	59	79	1.0	matched
6	59	80	6	59	80	1.0	matched
6	59	81	6	59	81	1.0	matched
6	59	82	6	59	82	0.909	matched
6	59	83	6	59	83	1.0	matched
6	59	84	6	59	84	1.0	matched
6	59	85	6	59	85	1.0	matched
6	59	86	6	59	86	1.0	matched
6	59	87	6	59	87	1.0	matched
6	59	88	6	59	88	1.0	matched
6	59	89	6	59	89	0.94	matched
6	59	90	6	59	90	1.0	matched
6	59	91	6	59	91	1.0	matched
6	59	92	6	59	92	1.0	matched
6	59	93	6	59	93	1.0	matched
6	59	94	6	59	94	1.0	matched
6	59	95	6	59	95	1.0	matched
6	59	96	6	59	96	1.0	matched
6	59	97	6	59	97	0.935	matched
6	59	98	6	59	98	1.0	matched
6	59	99	6	59	99	1.0	matched
6	59	100	6	59	100	1.0	matched
6	59	101	6	59	101	1.0	matched
6	59	102	6	59	102	1.0	matched
6	59	103	6	59	103	1.0	matched
6	59	104	6	59	104	1.0	matched
6	59	105	6	59	105	1.0	matched
6	59	106	6	59	106	0.947	matched
6	60	1	6	60	1	1.0	matched
6	60	2	6	60	2	1.0	matched
6	60	3	6	60	3	1.0	matched
6	60	4	6	60	4	1.0	matched
6	60	5	6	60	5	1.0	matched
6	60	6	6	60	6	1.0	matched
6	60	7	6	60	7	1.0	matched
6	60	8	6	60	8	1.0	matched
6	60	9	6	60	9	1.0	matched
6	60	10	6	60	10	1.0	matched
6	60	11	6	60	11	1.0	matched
6	60	12	6	60	12	1.0	matched
6	60	13	6	60	13	0.89	matched
6	60	14	6	60	14	1.0	matched
6	60	15	6	60	15	1.0	matched
6	60	16	6	60	16	1.0	matched
6	60	17	6	60	17	1.0	matched
6	60	18	6	60	18	1.0	matched
6	60	19	6	60	19	1.0	matched
6	60	20	6	60	20	1.0	matched
6	60	21	6	60	21	1.0	matched
6	60	22	6	67	6	1.0	moved
6	60	23	6	60	23	1.0	matched
6	60	24	6	60	24	1.0	matched
6	60	25	6	60	25	1.0	matched
6	60	26	6	60	26	1.0	matched
6	60	27	6	60	27	1.0	matched
6	60	28	6	60	28	1.0	matched
6	60	29	6	60	29	1.0	matched
6	60	30	6	60	30	1.0	matched
6	60	31	6	60	31	1.0	matched
6	60	32	6	60	32	1.0	matched
6	60	33	6	60	33	1.0	matched
6	60	34	6	60	34	1.0	matched
6	60	35	6	60	35	1.0	matched
6	60	36	6	60	36	1.0	matched
6	60	37	6	60	37	1.0	matched
6	60	38	6	60	38	1.0	matched
6	60	39	6	60	39	1.0	matched
6	60	40	6	60	40	1.0	matched
6	60	41	6	60	41	1.0	matched
6	60	42	6	60	42	1.0	matched
6	60	43	6	60	43	1.0	matched
6	60	44	6	60	44	1.0	matched
6	60	45	6	60	45	1.0	matched
6	60	46	6	60	46	1.0	matched
6	60	47	6	60	47	1.0	matched
6	60	48	6	60	48	1.0	matched
6	60	49	6	60	49	1.0	matched
6	61	1	6	61	1	1.0	matched
6	61	2	6	61	2	1.0	matched
6	61	3	6	61	3	1.0	matched
6	61	4	6	61	4	1.0	matched
6	61	5	6	61	5	1.0	matched
6	61	6	6	61	6	1.0	matched
6	61	7	6	61	7	1.0	matched
6	61	8	6	61	8	1.0	matched
6	61	9	6	61	9	1.0	matched
6	61	10	6	61	10	1.0	matched
6	61	11	6	61	11	1.0	matched
6	61	12	6	61	12	1.0	matched
6	61	13	6	61	13	1.0	matched
6	61	14	6	61	14	1.0	matched
6	61	15	6	61	15	0.909	matched
6	61	16	6	61	16	1.0	matched
6	61	17	6	61	17	1.0	matched
6	61	18	6	61	18	1.0	matched
6	61	19	6	61	19	1.0	matched
6	61	20	6	61	20	1.0	matched
6	61	21	6	61	21	1.0	matched
6	61	22	6	61	22	1.0	matched
6	61	23	6	61	23	1.0	matched
6	61	24	6	61	24	1.0	matched
6	61	25	6	61	25	1.0	matched
6	61	26	6	61	26	1.0	matched
6	61	27	6	61	27	0.895	matched
6	61	28	6	61	28	1.0	matched
6	61	29	6	61	29	1.0	matched
6	61	30	6	61	30	1.0	matched
6	61	31	6	61	31	1.0	matched
6	61	32	6	61	32	1.0	matched
6	61	33	6	61	33	1.0	matched
6	61	34	6	61	34	1.0	matched
6	61	35	6	61	35	1.0	matched
6	61	36	6	61	36	0.882	matched
6	61	37	6	61	37	1.0	matched
6	61	38	6	61	38	1.0	matched
6	61	39	6	61	39	1.0	matched
6	61	40	6	61	40	1.0	matched
6	61	41	6	61	41	1.0	matched
6	61	42	6	61	42	1.0	matched
6	61	43	6	61	43	1.0	matched
6	61	44	6	61	44	1.0	matched
6	61	45	6	61	45	1.0	matched
6	61	46	6	61	46	1.0	matched
6	61	47	6	61	47	1.0	matched
6	61	48	6	61	48	1.0	matched
6	61	49	6	61	49	1.0	matched
6	61	50	6	61	50	1.0	matched
6	61	51	6	61	51	1.0	matched
6	61	52	6	61	52	1.0	matched
6	61	53	6	61	53	1.0	matched
6	61	54	6	61	54	0.888	matched
6	61	55	6	61	55	1.0	matched
6	61	56	6	61	56	1.0	matched
6	61	57	6	61	57	1.0	matched
6	61	58	6	61	58	1.0	matched
6	61	59	6	61	59	1.0	matched
6	61	60	6	61	60	1.0	matched
6	61	61	6	61	61	1.0	matched
6	61	62	6	61	62	1.0	matched
6	61	63	6	61	63	1.0	matched
6	61	64	6	61	64	1.0	matched
6	61	65	6	61	65	1.0	matched
6	61	66	6	61	66	1.0	matched
6	61	67	6	61	67	1.0	matched
6	61	68	6	61	68	1.0	matched
6	62	1	6	62	1	0.91	matched
6	62	2	6	62	2	1.0	matched
6	62	3	6	62	3	1.0	matched
6	62	4	6	62	4	1.0	matched
6	62	5	6	62	5	1.0	matched
6	62	6	6	62	6	1.0	matched
6	62	7	6	62	7	1.0	matched
6	62	8	6	62	8	1.0	matched
6	62	9	6	62	9	1.0	matched
6	62	10	6	62	10	1.0	matched
6	62	11	6	62	11	1.0	matched
6	62	12	6	62	12	1.0	matched
6	62	13	6	62	13	1.0	matched
6	62	14	6	62	14	1.0	matched
6	62	15	6	62	15	1.0	matched
6	62	16	6	62	16	0.949	matched
6	62	17	6	62	17	1.0	matched
6	62	18	6	62	18	1.0	matched
6	62	19	6	62	19	1.0	matched
6	62	20	6	62	20	1.0	matched
6	62	21	6	62	21	1.0	matched
6	62	22	6	62	22	1.0	matched
6	62	23	6	62	23	1.0	matched
6	62	24	6	62	24	1.0	matched
6	62	25	6	62	25	1.0	matched
6	62	26	6	62	26	1.0	matched
6	62	27	6	62	27	1.0	matched
6	62	28	6	62	28	1.0	matched
6	62	29	6	62	29	1.0	matched
6	62	30	6	62	30	1.0	matched
6	62	31	6	62	31	1.0	matched
6	62	32	6	62	32	1.0	matched
6	62	33	6	62	33	1.0	matched
6	62	34	6	62	34	1.0	matched
6	62	35	6	62	35	1.0	matched
6	62	36	6	62	36	1.0	matched
6	62	37	6	62	37	1.0	matched
6	62	38	6	62	38	1.0	matched
6	62	39	6	62	39	1.0	matched
6	62	40	6	62	40	1.0	matched
6	62	41	6	62	41	1.0	matched
6	62	42	6	62	42	1.0	matched
6	62	43	6	62	43	1.0	matched
6	62	44	6	62	44	1.0	matched
6	62	45	6	62	45	1.0	matched
6	62	46	6	62	46	1.0	matched
6	62	47	6	62	47	1.0	matched
6	62	48	6	62	48	0.785	matched
6	62	49	6	62	49	0.944	matched
6	62	50	6	62	50	1.0	matched
6	62	51	6	62	51	1.0	matched
6	62	52	6	62	52	1.0	matched
6	63	1	6	63	1	1.0	matched
6	63	2	6	63	2	1.0	matched
6	63	3	6	63	3	1.0	matched
6	63	4	6	63	4	1.0	matched
6	63	5	6	63	5	1.0	matched
6	63	6	6	63	6	1.0	matched
6	63	7	6	63	7	1.0	matched
6	63	8	6	63	8	1.0	matched
6	63	9	6	63	9	1.0	matched
6	63	10	6	63	10	1.0	matched
6	63	11	6	63	11	1.0	matched
6	63	12	6	63	12	1.0	matched
6	63	13	6	63	13	1.0	matched
6	63	14	6	63	14	1.0	matched
6	63	15	6	63	15	1.0	matched
6	63	16	6	63	16	1.0	matched
6	63	17	6	63	17	0.938	matched
6	63	18	6	63	18	1.0	matched
6	63	19	6	63	19	1.0	matched
6	63	20	6	63	20	1.0	matched
6	63	21	6	63	21	0.936	matched
6	63	22	6	63	22	1.0	matched
6	63	23	6	63	23	1.0	matched
6	63	24	6	63	24	1.0	matched
6	63	25	6	63	25	1.0	matched
6	63	26	6	63	26	1.0	matched
6	63	27	6	63	27	0.919	matched
6	63	28	6	63	28	0.844	matched
6	63	29	6	63	29	1.0	matched
6	63	30	6	63	30	1.0	matched
6	63	31	6	63	31	1.0	matched
6	63	32	6	63	32	0.941	matched
6	63	33	6	63	33	1.0	matched
6	63	34	6	63	34	1.0	matched
6	63	35	6	63	35	1.0	matched
6	63	36	6	63	36	1.0	matched
6	63	37	6	63	37	1.0	matched
6	63	38	6	63	38	1.0	matched
6	63	39	6	63	39	1.0	matched
6	63	40	6	63	40	1.0	matched
6	63	41	6	63	41	1.0	matched
6	63	42	6	63	42	1.0	matched
6	63	43	6	63	43	1.0	matched
6	63	44	6	63	44	1.0	matched
6	63	45	6	63	45	1.0	matched
6	63	46	6	63	46	1.0	matched
6	63	47	6	63	47	1.0	matched
6	63	48	6	63	48	1.0	matched
6	63	49	6	63	49	1.0	matched
6	63	50	6	63	50	1.0	matched
6	63	51	6	63	51	1.0	matched
6	63	52	6	63	52	1.0	matched
6	63	53	6	63	53	1.0	matched
6	64	1	6	64	1	1.0	matched
6	64	2	6	64	2	1.0	matched
6	64	3	6	64	3	1.0	matched
6	64	4	6	64	4	1.0	matched
6	64	5	6	64	5	1.0	matched
6	64	6	6	64	6	1.0	matched
6	64	7	6	64	7	1.0	matched
6	64	8	6	64	8	1.0	matched
6	64	9	6	64	9	1.0	matched
6	64	10	6	64	10	1.0	matched
6	64	11	6	64	11	1.0	matched
6	64	12	6	64	12	1.0	matched
6	64	13	6	64	13	1.0	matched
6	64	14	6	64	14	1.0	matched
6	64	15	6	64	15	1.0	matched
6	64	16	6	64	16	1.0	matched
6	64	17	6	64	17	1.0	matched
6	64	18	6	64	18	1.0	matched
6	64	19	6	64	19	1.0	matched
6	64	20	6	64	20	1.0	matched
6	64	21	6	64	21	1.0	matched
6	64	22	6	64	22	1.0	matched
6	64	23	6	64	23	1.0	matched
6	64	24	6	64	24	1.0	matched
6	65	1	6	65	1	1.0	matched
6	65	2	6	65	2	1.0	matched
6	65	3	6	65	3	1.0	matched
6	65	4	6	65	4	1.0	matched
6	65	5	6	65	5	1.0	matched
6	65	6	6	65	6	1.0	matched
6	65	7	6	65	7	1.0	matched
6	65	8	6	65	8	1.0	matched
6	65	9	6	65	9	1.0	matched
6	65	10	6	65	10	1.0	matched
6	65	11	6	65	11	1.0	matched
6	65	12	6	65	12	1.0	matched
6	65	13	6	65	13	1.0	matched
6	65	14	6	65	14	1.0	matched
6	65	15	6	65	15	1.0	matched
6	65	16	6	65	16	1.0	matched
6	65	17	6	65	17	1.0	matched
6	65	18	6	65	18	1.0	matched
6	65	19	6	65	19	1.0	matched
6	65	20	6	65	20	1.0	matched
6	65	21	6	65	21	1.0	matched
6	66	1	6	66	1	1.0	matched
6	66	2	6	66	2	1.0	matched
6	66	3	6	66	3	1.0	matched
6	66	4	6	66	4	1.0	matched
6	66	5	6	66	5	1.0	matched
6	66	6	6	66	6	1.0	matched
6	66	7	6	66	7	1.0	matched
6	66	8	6	66	8	1.0	matched
6	66	9	6	66	9	1.0	matched
6	66	10	6	66	10	1.0	matched
6	66	11	6	66	11	1.0	matched
6	66	12	6	66	12	1.0	matched
6	66	13	6	66	13	1.0	matched
6	66	14	6	66	14	1.0	matched
6	66	15	6	66	15	1.0	matched
6	66	16	6	66	16	1.0	matched
6	66	17	6	66	17	1.0	matched
6	66	18	6	66	18	1.0	matched
6	66	19	6	66	19	1.0	matched
6	66	20	6	66	20	1.0	matched
6	66	21	6	66	21	0.936	matched
6	66	22	6	66	22	1.0	matched
6	66	23	6	66	23	1.0	matched
6	66	24	6	66	24	1.0	matched
6	66	25	6	66	25	1.0	matched
6	66	26	6	66	26	0.889	matched
6	66	27	6	66	27	1.0	matched
6	66	28	6	66	28	0.958	matched
6	66	29	6	66	29	1.0	matched
6	66	30	6	66	30	1.0	matched
6	66	31	6	66	31	0.938	matched
6	66	32	6	66	32	0.815	matched
6	66	33	6	66	33	1.0	matched
6	66	34	6	66	34	1.0	matched
6	66	35	6	66	35	1.0	matched
6	66	36	6	66	36	1.0	matched
6	66	37	6	66	37	0.895	matched
6	66	38	6	66	38	1.0	matched
6	67	1	6	67	1	1.0	matched
6	67	2	6	67	2	1.0	matched
6	67	3	6	67	3	1.0	matched
6	67	4	6	67	4	1.0	matched
6	67	5	6	67	5	1.0	matched
6	67	6	6	67	6	1.0	matched
6	67	7	6	67	7	1.0	matched
6	67	8	6	67	8	1.0	matched
6	67	9	6	67	9	1.0	matched
6	67	10	6	67	10	1.0	matched
6	67	11	6	67	11	1.0	matched
6	67	12	6	67	12	1.0	matched
6	67	13	6	67	13	1.0	matched
6	67	14	6	67	14	1.0	matched
6	67	15	6	67	15	1.0	matched
6	67	16	6	67	16	1.0	matched
6	67	17	6	67	17	1.0	matched
6	67	18	6	67	18	1.0	matched
6	67	19	6	67	19	1.0	matched
6	67	20	6	67	20	1.0	matched
6	67	21	6	67	21	1.0	matched
6	67	22	6	67	22	1.0	matched
6	67	23	6	67	23	1.0	matched
6	67	24	6	67	24	1.0	matched
6	67	25	6	67	25	1.0	matched
6	67	26	6	67	26	1.0	matched
6	67	27	6	67	27	1.0	matched
6	67	28	6	67	28	1.0	matched
6	67	29	6	67	29	0.934	matched
6	67	30	6	67	30	1.0	matched
6	67	31	6	67	31	1.0	matched
6	67	32	6	67	32	1.0	matched
6	67	33	6	67	33	1.0	matched
6	67	34	6	67	34	1.0	matched
6	67	35	6	67	35	1.0	matched
6	67	36	6	67	36	1.0	matched
6	67	37	6	67	37	1.0	matched
6	67	38	6	67	38	1.0	matched
6	67	39	6	67	39	1.0	matched
6	67	40	6	67	40	1.0	matched
6	67	41	6	67	41	1.0	matched
6	67	42	6	67	42	1.0	matched
6	68	1	6	68	1	1.0	matched
6	68	2	6	68	2	1.0	matched
6	68	3	6	68	3	1.0	matched
6	68	4	6	68	4	1.0	matched
6	68	5	6	68	5	1.0	matched
6	68	6	6	68	6	1.0	matched
6	68	7	6	68	7	1.0	matched
6	68	8	6	68	8	1.0	matched
6	68	9	6	68	9	1.0	matched
6	68	10	6	68	10	1.0	matched
6	68	11	6	68	11	1.0	matched
6	68	12	6	68	12	0.826	matched
6	68	13	6	68	13	1.0	matched
6	68	14	6	68	14	0.864	matched
6	68	15	6	68	15	1.0	matched
6	68	16	6	68	16	1.0	matched
6	68	17	6	68	17	1.0	matched
6	68	18	6	68	18	1.0	matched
6	68	19	6	68	19	1.0	matched
6	68	20	6	68	20	1.0	matched
6	68	21	6	68	21	1.0	matched
6	68	22	6	68	22	1.0	matched
6	68	23	6	68	23	1.0	matched
6	68	24	6	68	24	1.0	matched
6	68	25	6	68	25	1.0	matched
6	68	26	6	68	26	1.0	matched
6	68	27	6	68	27	0.901	matched
6	68	28	6	68	28	1.0	matched
6	68	29	6	68	29	1.0	matched
6	68	30	6	68	30	1.0	matched
6	68	31	6	68	31	1.0	matched
6	68	32	6	68	32	1.0	matched
6	68	33	6	68	33	1.0	matched
6	69	1	6	69	1	1.0	matched
6	69	2	6	69	2	1.0	matched
6	69	3	6	69	3	1.0	matched
6	69	4	6	69	4	1.0	matched
6	69	5	6	69	5	1.0	matched
6	69	6	6	69	6	1.0	matched
6	69	7	6	69	7	1.0	matched
6	69	8	6	69	8	1.0	matched
6	69	9	6	69	9	1.0	matched
6	69	10	6	69	10	1.0	matched
6	69	11	6	69	11	0.924	matched
6	69	12	6	69	12	1.0	matched
6	69	13	6	69	13	1.0	matched
6	69	14	6	69	14	0.902	matched
6	69	15	6	69	15	1.0	matched
6	69	16	6	69	16	1.0	matched
6	69	17	6	69	17	1.0	matched
6	69	18	6	69	18	1.0	matched
6	69	19	6	69	19	1.0	matched
6	69	20	6	69	20	1.0	matched
6	69	21	6	69	21	1.0	matched
6	69	22	6	69	22	1.0	matched
6	69	23	6	69	23	0.916	matched
6	69	24	6	69	24	1.0	matched
6	69	25	6	69	25	1.0	matched
6	69	26	6	69	26	1.0	matched
6	70	1	6	70	1	1.0	matched
6	70	2	6	70	2	1.0	matched
6	70	3	6	70	3	0.882	matched
6	70	4	6	70	4	1.0	matched
6	70	5	6	70	5	1.0	matched
6	70	6	6	70	6	0.877	matched
6	70	7	6	70	7	1.0	matched
6	70	8	6	70	8	1.0	matched
6	70	9	6	70	9	1.0	matched
6	70	10	6	70	10	1.0	matched
6	70	11	6	70	11	1.0	matched
6	70	12	6	70	12	1.0	matched
6	70	13	6	70	13	1.0	matched
6	70	14	6	70	14	1.0	matched
6	70	15	6	70	15	1.0	matched
6	70	16	6	70	16	1.0	matched
6	70	17	6	70	17	1.0	matched
6	70	18	6	70	18	1.0	matched
6	70	19	6	70	19	1.0	matched
6	70	20	6	70	20	1.0	matched
6	70	21	6	70	21	1.0	matched
6	70	22	6	70	22	1.0	matched
6	70	23	6	70	23	1.0	matched
6	70	24	6	70	24	1.0	matched
6	70	25	6	70	25	1.0	matched
6	70	26	6	70	26	1.0	matched
6	70	27	6	70	27	1.0	matched
6	70	28	6	70	28	1.0	matched
6	70	29	6	70	29	1.0	matched
6	70	30	6	70	30	1.0	matched
6	70	31	6	70	31	1.0	matched
6	70	32	6	70	32	1.0	matched
6	70	33	6	70	33	1.0	matched
6	70	34	6	70	34	1.0	matched
6	70	35	6	70	35	1.0	matched
6	70	36	6	70	36	1.0	matched
6	70	37	6	70	37	1.0	matched
6	70	38	6	70	38	1.0	matched
6	70	39	6	70	39	1.0	matched
6	70	40	6	70	40	1.0	matched
6	70	41	6	70	41	1.0	matched
6	70	42	6	70	42	1.0	matched
6	71	1	6	71	1	1.0	matched
6	71	2	6	71	2	1.0	matched
6	71	3	6	71	3	1.0	matched
6	71	4	6	71	4	1.0	matched
6	71	5	6	71	5	1.0	matched
6	71	6	6	71	6	1.0	matched
6	71	7	6	71	7	1.0	matched
6	71	8	6	71	8	1.0	matched
6	71	9	6	71	9	1.0	matched
6	71	10	6	71	10	1.0	matched
6	71	11	6	71	11	1.0	matched
6	71	12	6	71	12	1.0	matched
6	71	13	6	71	13	1.0	matched
6	71	14	6	71	14	1.0	matched
6	71	15	6	71	15	1.0	matched
6	71	16	6	71	16	1.0	matched
6	71	17	6	71	17	1.0	matched
6	71	18	6	71	18	1.0	matched
6	71	19	6	71	19	1.0	matched
6	71	20	6	71	20	1.0	matched
6	71	21	6	71	21	0.932	matched
6	71	22	6	71	22	1.0	matched
6	72	1	6	72	1	1.0	matched
6	72	2	6	72	2	1.0	matched
6	72	3	6	72	3	1.0	matched
6	72	4	6	72	4	1.0	matched
6	72	5	6	72	5	1.0	matched
6	72	6	6	72	6	1.0	matched
6	72	7	6	72	7	0.907	matched
6	72	8	6	72	8	1.0	matched
6	72	9	6	72	9	1.0	matched
6	72	10	6	72	10	1.0	matched
6	72	11	6	72	11	1.0	matched
6	72	12	6	72	12	1.0	matched
6	72	13	6	72	13	1.0	matched
6	72	14	6	72	14	1.0	matched
6	72	15	6	72	15	1.0	matched
6	72	16	6	72	16	1.0	matched
6	72	17	6	72	17	1.0	matched
6	72	18	6	72	18	1.0	matched
6	72	19	6	72	19	1.0	matched
6	72	20	6	72	20	1.0	matched
6	72	21	6	72	21	1.0	matched
6	72	22	6	72	22	1.0	matched
6	72	23	6	72	23	1.0	matched
6	72	24	6	72	24	1.0	matched
6	72	25	6	72	25	1.0	matched
6	72	26	6	72	26	1.0	matched
6	72	27	6	72	27	1.0	matched
6	72	28	6	72	28	1.0	matched
6	72	29	6	72	29	1.0	matched
6	72	30	6	72	30	1.0	matched
6	72	31	6	72	31	1.0	matched
6	72	32	6	72	32	1.0	matched
6	72	33	6	72	33	1.0	matched
6	73	1	6	73	1	1.0	matched
6	73	2	6	73	2	1.0	matched
6	73	3	6	73	3	1.0	matched
6	73	4	6	73	4	1.0	matched
6	73	5	6	73	5	1.0	matched
6	73	6	6	73	6	1.0	matched
6	73	7	6	73	7	1.0	matched
6	73	8	6	73	8	1.0	matched
6	73	9	6	73	9	1.0	matched
6	73	10	6	73	10	1.0	matched
6	73	11	6	73	11	1.0	matched
6	73	12	6	73	12	1.0	matched
6	73	13	6	73	13	1.0	matched
6	73	14	6	73	14	1.0	matched
6	73	15	6	73	15	1.0	matched
6	73	16	6	73	16	1.0	matched
6	73	17	6	73	17	0.89	matched
6	73	18	6	73	18	1.0	matched
6	73	19	6	73	19	1.0	matched
6	73	20	6	73	20	1.0	matched
6	73	21	6	73	21	1.0	matched
6	73	22	6	73	22	1.0	matched
6	73	23	6	73	23	1.0	matched
6	73	24	6	73	24	1.0	matched
6	73	25	6	73	25	1.0	matched
6	73	26	6	73	26	1.0	matched
6	73	27	6	73	27	1.0	matched
6	73	28	6	73	28	0.903	matched
6	73	29	6	73	29	1.0	matched
6	73	30	6	73	30	1.0	matched
6	73	31	6	73	31	1.0	matched
6	73	32	6	73	32	1.0	matched
6	73	33	6	73	33	1.0	matched
6	73	34	6	73	34	1.0	matched
6	74	1	6	74	1	1.0	matched
6	74	2	6	74	2	1.0	matched
6	74	3	6	74	3	1.0	matched
6	74	4	6	74	4	0.907	matched
6	74	5	6	74	5	1.0	matched
6	74	6	6	74	6	1.0	matched
6	74	7	6	74	7	1.0	matched
6	74	8	6	74	8	1.0	matched
6	74	9	6	74	9	1.0	matched
6	74	10	6	74	10	1.0	matched
6	74	11	6	74	11	1.0	matched
6	74	12	6	74	12	1.0	matched
6	74	13	6	74	13	1.0	matched
6	74	14	6	74	14	1.0	matched
6	74	15	6	74	15	1.0	matched
6	74	16	6	74	16	1.0	matched
6	74	17	6	74	17	1.0	matched
6	74	18	6	74	18	1.0	matched
6	74	19	6	74	19	1.0	matched
6	74	20	6	74	20	0.917	matched
6	74	21	6	74	21	1.0	matched
6	74	22	6	74	22	1.0	matched
6	74	23	6	74	23	1.0	matched
6	74	24	6	74	24	1.0	matched
6	74	25	6	74	25	1.0	matched
6	74	26	6	74	26	1.0	matched
6	74	27	6	74	27	1.0	matched
6	75	1	6	75	1	1.0	matched
6	75	2	6	75	2	1.0	matched
6	75	3	6	75	3	1.0	matched
6	75	4	6	75	4	1.0	matched
6	75	5	6	75	5	1.0	matched
6	75	6	6	75	6	1.0	matched
6	75	7	6	75	7	1.0	matched
6	75	8	6	75	8	1.0	matched
6	75	9	6	75	9	1.0	matched
6	75	10	6	75	10	1.0	matched
6	75	11	6	75	11	1.0	matched
6	75	12	6	75	12	1.0	matched
6	75	13	6	75	13	1.0	matched
6	75	14	6	75	14	0.793	matched
6	75	15	6	75	15	1.0	matched
6	75	16	6	75	16	1.0	matched
6	75	17	6	75	17	1.0	matched
6	75	18	6	75	18	1.0	matched
6	75	19	6	75	19	1.0	matched
6	75	20	6	75	20	1.0	matched
6	75	21	6	75	21	1.0	matched
6	75	22	6	75	22	1.0	matched
6	75	23	6	75	23	1.0	matched
6	75	24	6	75	24	1.0	matched
6	75	25	6	75	25	1.0	matched
6	75	26	6	75	26	1.0	matched
6	75	27	6	75	27	1.0	matched
6	75	28	6	75	28	1.0	matched
6	75	29	6	75	29	1.0	matched
6	75	30	6	75	30	1.0	matched
6	75	31	6	75	31	1.0	matched
6	75	32	6	75	32	1.0	matched
6	75	33	6	75	33	1.0	matched
6	76	1	6	76	1	1.0	matched
6	76	2	6	76	2	1.0	matched
6	76	3	6	76	3	1.0	matched
6	76	4	6	76	4	1.0	matched
6	76	5	6	76	5	1.0	matched
6	76	6	6	76	6	1.0	matched
6	76	7	6	76	7	1.0	matched
6	76	8	6	76	8	1.0	matched
6	76	9	6	76	9	1.0	matched
6	76	10	6	76	10	1.0	matched
6	76	11	6	76	11	1.0	matched
6	76	12	6	76	12	1.0	matched
6	76	13	6	76	13	1.0	matched
6	76	14	6	76	14	1.0	matched
6	76	15	6	76	15	1.0	matched
6	76	16	6	76	16	1.0	matched
6	76	17	6	76	17	1.0	matched
6	76	18	6	76	18	1.0	matched
6	76	19	6	76	19	1.0	matched
6	76	20	6	76	20	1.0	matched
6	76	21	6	76	21	0.889	matched
6	76	22	6	76	22	1.0	matched
6	76	23	6	76	23	1.0	matched
6	76	24	6	76	24	1.0	matched
6	76	25	6	76	25	1.0	matched
6	76	26	6	76	26	0.939	matched
6	76	27	6	76	27	1.0	matched
6	76	28	6	76	28	0.841	matched
6	76	29	6	76	29	1.0	matched
6	76	30	6	76	30	1.0	matched
6	76	31	6	76	31	1.0	matched
6	76	32	6	76	32	1.0	matched
6	76	33	6	76	33	1.0	matched
6	76	34	6	76	34	1.0	matched
6	77	1	6	77	1	1.0	matched
6	77	2	6	77	2	1.0	matched
6	77	3	6	77	3	1.0	matched
6	77	4	6	77	4	0.855	matched
6	77	5	6	77	5	1.0	matched
6	77	6	6	77	6	1.0	matched
6	77	7	6	77	7	1.0	matched
6	77	8	6	77	8	1.0	matched
6	77	9	6	77	9	1.0	matched
6	77	10	6	77	10	1.0	matched
6	77	11	6	77	11	1.0	matched
6	77	12	6	77	12	1.0	matched
6	77	13	6	77	13	1.0	matched
6	77	14	6	77	14	1.0	matched
6	77	15	6	77	15	1.0	matched
6	77	16	6	77	16	1.0	matched
6	77	17	6	77	17	1.0	matched
6	77	18	6	77	18	1.0	matched
6	77	19	6	77	19	1.0	matched
6	77	20	6	77	20	1.0	matched
6	77	21	6	77	21	1.0	matched
6	77	22	6	77	22	1.0	matched
6	77	23	6	77	23	1.0	matched
6	77	24	6	77	24	1.0	matched
6	77	25	6	77	25	1.0	matched
6	77	26	6	77	26	1.0	matched
6	77	27	6	77	27	1.0	matched
6	77	28	6	77	28	0.942	matched
6	77	29	6	77	29	1.0	matched
6	77	30	6	77	30	1.0	matched
6	77	31	6	77	31	1.0	matched
6	77	32	6	77	32	1.0	matched
6	77	33	6	77	33	1.0	matched
6	77	34	6	77	34	1.0	matched
6	77	35	6	77	35	1.0	matched
6	77	36	6	77	36	1.0	matched
6	77	37	6	77	37	1.0	matched
6	77	38	6	77	38	1.0	matched
6	78	1	6	78	1	1.0	matched
6	78	2	6	78	2	1.0	matched
6	78	3	6	78	3	1.0	matched
6	78	4	6	78	4	1.0	matched
6	78	5	6	78	5	1.0	matched
6	78	6	6	78	6	0.913	matched
6	78	7	6	78	7	1.0	matched
6	78	8	6	78	8	0.914	matched
6	78	9	6	78	9	1.0	matched
6	78	10	6	78	10	1.0	matched
6	78	11	6	78	11	1.0	matched
6	78	12	6	78	12	1.0	matched
6	78	13	6	78	13	1.0	matched
6	78	14	6	78	14	1.0	matched
6	78	15	6	78	15	1.0	matched
6	78	16	6	78	16	1.0	matched
6	78	17	6	78	17	1.0	matched
6	78	18	6	78	18	1.0	matched
6	78	19	6	78	19	0.885	matched
6	78	20	6	78	20	0.919	matched
6	78	21	6	78	21	1.0	matched
6	78	22	6	78	22	1.0	matched
6	78	23	6	78	23	0.896	matched
6	78	24	6	78	24	1.0	matched
6	78	25	6	78	25	1.0	matched
6	78	26	6	78	26	1.0	matched
6	78	27	6	78	27	1.0	matched
6	78	28	6	78	28	1.0	matched
6	78	29	6	78	29	1.0	matched
6	78	30	6	78	30	1.0	matched
6	78	31	6	78	31	1.0	matched
6	78	32	6	78	32	1.0	matched
6	78	33	6	78	33	1.0	matched
6	78	34	6	78	34	1.0	matched
6	78	35	6	78	35	1.0	matched
6	78	36	6	78	36	1.0	matched
6	78	37	6	78	37	1.0	matched
6	78	38	6	78	38	1.0	matched
6	78	39	6	78	39	1.0	matched
6	78	40	6	78	40	1.0	matched
6	78	41	6	78	41	1.0	matched
6	78	42	6	78	42	1.0	matched
6	78	43	6	78	43	1.0	matched
6	78	44	6	78	44	0.904	matched
6	78	45	6	78	45	1.0	matched
6	78	46	6	78	46	1.0	matched
6	78	47	6	78	47	1.0	matched
6	78	48	6	78	48	1.0	matched
6	78	49	6	78	49	1.0	matched
6	78	50	6	78	50	1.0	matched
6	78	51	6	78	51	1.0	matched
6	78	52	6	78	52	1.0	matched
6	78	53	6	78	53	1.0	matched
6	78	54	6	78	54	1.0	matched
6	79	1	6	79	1	1.0	matched
6	79	2	6	79	2	1.0	matched
6	79	3	6	79	3	1.0	matched
6	79	4	6	79	4	1.0	matched
6	79	5	6	79	5	0.893	matched
6	79	6	6	79	6	1.0	matched
6	79	7	6	79	7	1.0	matched
6	79	8	6	79	8	1.0	matched
6	79	9	6	79	9	1.0	matched
6	79	10	6	79	10	1.0	matched
6	79	11	6	79	11	1.0	matched
6	79	12	6	79	12	0.965	matched
6	79	13	6	79	13	1.0	matched
6	79	14	6	79	14	1.0	matched
6	79	15	6	79	15	1.0	matched
6	79	16	6	79	16	1.0	matched
6	79	17	6	79	17	1.0	matched
6	79	18	6	79	18	1.0	matched
6	80	1	6	80	1	1.0	matched
6	80	2	6	80	2	1.0	matched
6	80	3	6	80	3	0.892	matched
6	80	4	6	80	4	1.0	matched
6	80	5	6	80	5	1.0	matched
6	80	6	6	80	6	1.0	matched
6	80	7	6	80	7	1.0	matched
6	80	8	6	80	8	1.0	matched
6	80	9	6	80	9	1.0	matched
6	80	10	6	80	10	1.0	matched
6	80	11	6	80	11	1.0	matched
6	80	12	6	80	12	0.923	matched
6	80	13	6	80	13	1.0	matched
6	80	14	6	80	14	1.0	matched
6	80	15	6	80	15	1.0	matched
6	80	16	6	80	16	1.0	matched
6	80	17	6	80	17	1.0	matched
6	80	18	6	80	18	1.0	matched
6	80	19	6	80	19	1.0	matched
6	80	20	6	80	20	1.0	matched
6	80	21	6	80	21	1.0	matched
6	80	22	6	80	22	1.0	matched
6	80	23	6	80	23	1.0	matched
6	80	24	6	80	24	1.0	matched
6	80	25	6	80	25	1.0	matched
6	80	26	6	80	26	1.0	matched
6	80	27	6	80	27	1.0	matched
6	80	28	6	80	28	1.0	matched
6	80	29	6	80	29	1.0	matched
6	80	30	6	80	30	1.0	matched
6	80	31	6	80	31	1.0	matched
6	80	32	6	80	32	1.0	matched
6	80	33	6	80	33	1.0	matched
6	80	34	6	80	34	1.0	matched
6	80	35	6	80	35	1.0	matched
6	80	36	6	80	36	1.0	matched
6	80	37	6	80	37	1.0	matched
6	80	38	6	80	38	1.0	matched
6	80	39	6	80	39	1.0	matched
6	80	40	6	80	40	1.0	matched
6	80	41	6	80	41	1.0	matched
6	80	42	6	80	42	0.893	matched
6	80	43	6	80	43	1.0	matched
6	80	44	6	80	44	1.0	matched
6	80	45	6	80	45	1.0	matched
6	80	46	6	80	46	1.0	matched
6	80	47	6	80	47	0.848	matched
6	80	48	6	80	48	1.0	matched
6	80	49	6	80	49	1.0	matched
6	80	50	6	80	50	1.0	matched
6	80	51	6	80	51	1.0	matched
6	80	52	6	80	52	1.0	matched
6	80	53	6	80	53	1.0	matched
6	80	54	6	80	54	1.0	matched
6	80	55	6	80	55	1.0	matched
6	80	56	6	80	56	1.0	matched
6	80	57	6	80	57	1.0	matched
6	81	1	6	81	1	1.0	matched
6	81	2	6	81	2	1.0	matched
6	81	3	6	81	3	1.0	matched
6	81	4	6	81	4	1.0	matched
6	81	5	6	81	5	0.906	matched
6	81	6	6	81	6	1.0	matched
6	81	7	6	81	7	1.0	matched
6	81	8	6	81	8	1.0	matched
6	81	9	6	81	9	0.9	matched
6	81	10	6	81	10	1.0	matched
6	81	11	6	81	11	1.0	matched
6	81	12	6	81	12	1.0	matched
6	81	13	6	81	13	1.0	matched
6	81	14	6	81	14	1.0	matched
6	81	15	6	81	15	1.0	matched
6	81	16	6	81	16	1.0	matched
6	81	17	6	81	17	1.0	matched
6	81	18	6	81	18	1.0	matched
6	81	19	6	81	19	1.0	matched
6	81	20	6	81	20	1.0	matched
6	81	21	6	81	21	1.0	matched
6	81	22	6	81	22	1.0	matched
6	81	23	6	81	23	1.0	matched
6	81	24	6	81	24	1.0	matched
6	81	25	6	81	25	1.0	matched
6	81	26	6	81	26	0.936	matched
6	81	27	6	81	27	1.0	matched
6	81	28	6	81	28	1.0	matched
6	81	29	6	81	29	1.0	matched
6	81	30	6	81	30	1.0	matched
6	81	31	6	81	31	1.0	matched
6	81	32	6	81	32	1.0	matched
6	81	33	6	81	33	1.0	matched
6	81	34	6	81	34	1.0	matched
6	81	35	6	81	35	1.0	matched
6	82	1	6	82	1	1.0	matched
6	82	2	6	82	2	1.0	matched
6	82	3	6	82	3	1.0	matched
6	82	4	6	82	4	1.0	matched
6	82	5	6	82	5	1.0	matched
6	82	6	6	82	6	1.0	matched
6	82	7	6	82	7	1.0	matched
6	82	8	6	82	8	1.0	matched
6	82	9	6	82	9	1.0	matched
6	82	10	6	82	10	1.0	matched
6	82	11	6	82	11	1.0	matched
6	82	12	6	82	12	1.0	matched
6	82	13	6	82	13	1.0	matched
6	82	14	6	82	14	1.0	matched
6	82	15	6	82	15	1.0	matched
6	82	16	6	82	16	1.0	matched
6	82	17	6	82	17	0.908	matched
6	82	18	6	82	18	1.0	matched
6	82	19	6	82	19	1.0	matched
6	82	20	6	82	20	1.0	matched
6	82	21	6	82	21	1.0	matched
6	82	22	6	82	22	1.0	matched
6	82	23	6	82	23	1.0	matched
6	82	24	6	82	24	1.0	matched
6	82	25	6	82	25	1.0	matched
6	82	26	6	82	26	1.0	matched
6	82	27	6	82	27	1.0	matched
6	82	28	6	82	28	1.0	matched
6	82	29	6	82	29	1.0	matched
6	82	30	6	82	30	1.0	matched
6	82	31	6	82	31	1.0	matched
6	82	32	6	82	32	1.0	matched
6	82	33	6	82	33	1.0	matched
6	82	34	6	82	34	1.0	matched
6	82	35	6	82	35	1.0	matched
6	82	36	6	82	36	1.0	matched
6	82	37	6	82	37	1.0	matched
6	82	38	6	82	38	1.0	matched
6	82	39	6	82	39	1.0	matched
6	83	1	6	83	1	1.0	matched
6	83	2	6	83	2	1.0	matched
6	83	3	6	83	3	1.0	matched
6	83	4	6	83	4	1.0	matched
6	83	5	6	83	5	1.0	matched
6	83	6	6	83	6	1.0	matched
6	83	7	6	83	7	1.0	matched
6	83	8	6	83	8	1.0	matched
6	83	9	6	83	9	1.0	matched
6	83	10	6	83	10	0.929	matched
6	83	11	6	83	11	1.0	matched
6	83	12	6	83	12	0.885	matched
6	83	13	6	83	13	1.0	matched
6	83	14	6	83	14	1.0	matched
6	83	15	6	83	15	0.915	matched
6	83	16	6	83	16	1.0	matched
6	83	17	6	83	17	0.907	matched
6	83	18	6	83	18	1.0	matched
6	83	19	6	83	19	1.0	matched
6	83	20	6	83	20	0.912	matched
6	83	21	6	83	21	1.0	matched
6	83	22	6	83	22	1.0	matched
6	83	23	6	83	23	1.0	matched
6	83	24	6	83	24	0.904	matched
6	83	25	6	83	25	1.0	matched
6	83	26	6	83	26	1.0	matched
6	83	27	6	83	27	1.0	matched
6	83	28	6	83	28	1.0	matched
6	83	29	6	83	29	0.923	matched
6	83	30	6	83	30	0.873	matched
6	83	31	6	83	31	1.0	matched
6	83	32	6	83	32	1.0	matched
6	83	33	6	83	33	1.0	matched
6	83	34	6	83	34	1.0	matched
6	83	35	6	83	35	1.0	matched
6	83	36	6	83	36	1.0	matched
6	83	37	6	83	37	1.0	matched
6	83	38	6	83	38	1.0	matched
6	83	39	6	83	39	1.0	matched
6	83	40	6	83	40	1.0	matched
6	83	41	6	83	41	1.0	matched
6	83	42	6	83	42	1.0	matched
6	84	1	6	84	1	1.0	matched
6	84	2	6	84	2	1.0	matched
6	84	3	6	84	3	1.0	matched
6	84	4	6	84	4	1.0	matched
6	84	5	6	84	5	1.0	matched
6	84	6	6	84	6	1.0	matched
6	84	7	6	84	7	1.0	matched
6	84	8	6	84	8	1.0	matched
6	84	9	6	84	9	1.0	matched
6	84	10	6	84	10	1.0	matched
6	84	11	6	84	11	1.0	matched
6	84	12	6	84	12	1.0	matched
6	84	13	6	84	13	1.0	matched
6	84	14	6	84	14	1.0	matched
6	84	15	6	84	15	0.922	matched
6	84	16	6	84	16	1.0	matched
6	84	17	6	84	17	1.0	matched
6	84	18	6	84	18	1.0	matched
6	84	19	6	84	19	1.0	matched
6	84	20	6	84	20	1.0	matched
6	84	21	6	84	21	1.0	matched
6	84	22	6	84	22	1.0	matched
6	84	23	6	84	23	1.0	matched
6	84	24	6	84	24	1.0	matched
6	84	25	6	84	25	1.0	matched
6	84	26	6	84	26	1.0	matched
6	84	27	6	84	27	1.0	matched
6	84	28	6	84	28	1.0	matched
6	84	29	6	84	29	1.0	matched
6	84	30	6	84	30	1.0	matched
6	84	31	6	84	31	0.895	matched
6	84	32	6	84	32	1.0	matched
6	84	33	6	84	33	1.0	matched
6	85	1	6	85	1	1.0	matched
6	85	2	6	85	2	1.0	matched
6	85	3	6	85	3	1.0	matched
6	85	4	6	85	4	1.0	matched
6	85	5	6	85	5	1.0	matched
6	85	6	6	85	6	1.0	matched
6	85	7	6	85	7	1.0	matched
6	85	8	6	85	8	1.0	matched
6	85	9	6	85	9	1.0	matched
6	85	10	6	85	10	1.0	matched
6	85	11	6	85	11	1.0	matched
6	85	12	6	85	12	1.0	matched
6	85	13	6	85	13	1.0	matched
6	85	14	6	85	14	1.0	matched
6	85	15	6	85	15	1.0	matched
6	85	16	6	85	16	1.0	matched
6	85	17	6	85	17	1.0	matched
6	85	18	6	85	18	1.0	matched
6	85	19	6	85	19	1.0	matched
6	85	20	6	85	20	1.0	matched
6	85	21	6	85	21	1.0	matched
6	85	22	6	85	22	1.0	matched
6	85	23	6	85	23	1.0	matched
6	85	24	6	85	24	1.0	matched
6	85	25	6	85	25	1.0	matched
6	85	26	6	85	26	1.0	matched
6	85	27	6	85	27	1.0	matched
6	85	28	6	85	28	1.0	matched
6	85	29	6	85	29	1.0	matched
6	86	1	6	86	1	1.0	matched
6	86	2	6	86	2	1.0	matched
6	86	3	6	86	3	1.0	matched
6	86	4	6	86	4	1.0	matched
6	86	5	6	86	5	1.0	matched
6	86	6	6	86	6	1.0	matched
6	86	7	6	86	7	1.0	matched
6	86	8	6	86	8	1.0	matched
6	86	9	6	86	9	1.0	matched
6	86	10	6	86	10	1.0	matched
6	86	11	6	86	11	1.0	matched
6	86	12	6	86	12	1.0	matched
6	86	13	6	86	13	1.0	matched
6	86	14	6	86	14	1.0	matched
6	86	15	6	86	15	1.0	matched
6	86	16	6	86	16	1.0	matched
6	86	17	6	86	17	1.0	matched
6	86	18	6	86	18	1.0	matched
6	86	19	6	86	19	1.0	matched
6	86	20	6	86	20	1.0	matched
6	86	21	6	86	21	1.0	matched
6	86	22	6	86	22	1.0	matched
6	86	23	6	86	23	1.0	matched
6	87	1	6	87	1	1.0	matched
6	87	2	6	87	2	1.0	matched
6	87	3	6	87	3	1.0	matched
6	87	4	6	87	4	1.0	matched
6	87	5	6	87	5	1.0	matched
6	87	6	6	87	6	1.0	matched
6	87	7	6	87	7	1.0	matched
6	87	8	6	87	8	1.0	matched
6	87	9	6	87	9	1.0	matched
6	87	10	6	87	10	1.0	matched
6	87	11	6	87	11	1.0	matched
6	87	12	6	87	12	1.0	matched
6	87	13	6	87	13	1.0	matched
6	87	14	6	87	14	1.0	matched
6	87	15	6	87	15	1.0	matched
6	87	16	6	87	16	1.0	matched
6	87	17	6	87	17	0.936	matched
6	87	18	6	87	18	1.0	matched
6	87	19	6	87	19	1.0	matched
6	87	20	6	87	20	1.0	matched
6	87	21	6	87	21	0.942	matched
6	87	22	6	87	22	1.0	matched
6	87	23	6	87	23	1.0	matched
6	87	24	6	87	24	1.0	matched
6	87	25	6	87	25	1.0	matched
6	87	26	6	87	26	0.904	matched
6	87	27	6	87	27	1.0	matched
6	87	28	6	87	28	1.0	matched
6	87	29	6	87	29	1.0	matched
6	87	30	6	87	30	1.0	matched
6	87	31	6	87	31	1.0	matched
6	87	32	6	87	32	1.0	matched
6	87	33	6	87	33	1.0	matched
6	87	34	6	87	34	1.0	matched
6	87	35	6	87	35	1.0	matched
6	87	36	6	87	36	1.0	matched
6	87	37	6	87	37	0.896	matched
6	87	38	6	87	38	1.0	matched
6	87	39	6	87	39	1.0	matched
6	87	40	6	87	40	1.0	matched
6	87	41	6	87	41	1.0	matched
6	87	42	6	87	42	1.0	matched
6	87	43	6	87	43	1.0	matched
6	87	44	6	87	44	1.0	matched
6	87	45	6	87	45	1.0	matched
6	87	46	6	87	46	1.0	matched
6	87	47	6	87	47	1.0	matched
6	88	1	6	88	1	1.0	matched
6	88	2	6	88	2	1.0	matched
6	88	3	6	88	3	1.0	matched
6	88	4	6	88	4	1.0	matched
6	88	5	6	88	5	1.0	matched
6	88	6	6	88	6	1.0	matched
6	88	7	6	88	7	1.0	matched
6	88	8	6	88	8	1.0	matched
6	88	9	6	88	9	0.932	matched
6	88	10	6	88	10	1.0	matched
6	88	11	6	88	11	1.0	matched
6	88	12	6	88	12	1.0	matched
6	88	13	6	88	13	1.0	matched
6	88	14	6	88	14	0.938	matched
6	88	15	6	88	15	1.0	matched
6	88	16	6	88	16	0.94	matched
6	88	17	6	88	17	1.0	matched
6	88	18	6	88	18	1.0	matched
6	88	19	6	88	19	1.0	matched
6	88	20	6	88	20	0.937	matched
6	88	21	6	88	21	1.0	matched
6	88	22	6	88	22	1.0	matched
6	88	23	6	88	23	1.0	matched
6	88	24	6	88	24	1.0	matched
6	88	25	6	88	25	1.0	matched
6	88	26	6	88	26	1.0	matched
6	88	27	6	88	27	1.0	matched
6	88	28	6	88	28	1.0	matched
6	88	29	6	88	29	1.0	matched
6	88	30	6	88	30	1.0	matched
6	88	31	6	88	31	1.0	matched
6	88	32	6	88	32	1.0	matched
6	88	33	6	88	33	1.0	matched
6	88	34	6	88	34	1.0	matched
6	88	35	6	88	35	1.0	matched
6	88	36	6	88	36	1.0	matched
6	88	37	6	88	37	1.0	matched
6	88	38	6	88	38	1.0	matched
6	88	39	6	88	39	1.0	matched
6	88	40	6	88	40	1.0	matched
6	88	41	6	88	41	1.0	matched
6	88	42	6	88	42	1.0	matched
6	88	43	6	88	43	1.0	matched
6	88	44	6	88	44	0.95	matched
6	88	45	6	88	45	1.0	matched
6	88	46	6	88	46	1.0	matched
6	88	47	6	88	47	1.0	matched
6	88	48	6	88	48	1.0	matched
6	88	49	6	88	49	1.0	matched
6	88	50	6	88	50	1.0	matched
6	88	51	6	88	51	1.0	matched
6	88	52	6	88	52	1.0	matched
6	88	53	6	88	53	1.0	matched
6	88	54	6	88	54	1.0	matched
6	88	55	6	88	55	1.0	matched
6	88	56	6	88	56	1.0	matched
6	88	57	6	88	57	1.0	matched
6	88	58	6	88	58	0.934	matched
6	88	59	6	88	59	1.0	matched
6	89	1	6	89	1	0.938	matched
6	89	2	6	89	2	1.0	matched
6	89	3	6	89	3	1.0	matched
6	89	4	6	89	4	1.0	matched
6	89	5	6	89	5	1.0	matched
6	89	6	6	89	6	1.0	matched
6	89	7	6	89	7	1.0	matched
6	89	8	6	89	8	1.0	matched
6	89	9	6	89	9	1.0	matched
6	89	10	6	89	10	1.0	matched
6	89	11	6	89	11	0.884	matched
6	89	12	6	89	12	1.0	matched
6	89	13	6	89	13	1.0	matched
6	89	14	6	89	14	1.0	matched
6	89	15	6	89	15	1.0	matched
6	89	16	6	89	16	1.0	matched
6	89	17	6	89	17	1.0	matched
6	89	18	6	89	18	1.0	matched
6	89	19	6	89	19	1.0	matched
6	89	20	6	89	20	1.0	matched
6	89	21	6	89	21	0.934	matched
6	89	22	6	89	22	1.0	matched
6	89	23	6	89	23	1.0	matched
6	89	24	6	89	24	1.0	matched
6	89	25	6	89	25	1.0	matched
6	89	26	6	89	26	1.0	matched
6	89	27	6	89	27	1.0	matched
6	89	28	6	89	28	1.0	matched
6	89	29	6	89	29	1.0	matched
6	89	30	6	89	30	1.0	matched
6	89	31	6	89	31	1.0	matched
6	89	32	6	89	32	1.0	matched
6	89	33	6	89	33	1.0	matched
6	89	34	6	89	34	1.0	matched
6	90	1	6	90	1	1.0	matched
6	90	2	6	90	2	1.0	matched
6	90	3	6	90	3	1.0	matched
6	90	4	6	90	4	1.0	matched
6	90	5	6	90	5	1.0	matched
6	90	6	6	90	6	1.0	matched
6	90	7	6	90	7	1.0	matched
6	90	8	6	90	8	1.0	matched
6	90	9	6	90	9	1.0	matched
6	90	10	6	90	10	1.0	matched
6	90	11	6	90	11	1.0	matched
6	90	12	6	90	12	1.0	matched
6	90	13	6	90	13	1.0	matched
6	90	14	6	90	14	1.0	matched
6	90	15	6	90	15	0.957	matched
6	90	16	6	90	16	1.0	matched
6	90	17	6	90	17	1.0	matched
6	90	18	6	90	18	1.0	matched
6	90	19	6	90	19	1.0	matched
6	90	20	6	90	20	1.0	matched
6	90	21	6	90	21	1.0	matched
6	90	22	6	90	22	1.0	matched
6	90	23	6	90	23	1.0	matched
6	90	24	6	90	24	1.0	matched
6	90	25	6	90	25	1.0	matched
6	90	26	6	90	26	1.0	matched
6	90	27	6	90	27	1.0	matched
6	90	28	6	90	28	1.0	matched
6	90	29	6	90	29	1.0	matched
6	90	30	6	90	30	1.0	matched
6	90	31	6	90	31	1.0	matched
6	90	32	6	90	32	1.0	matched
6	90	33	6	90	33	1.0	matched
6	91	1	6	91	1	1.0	matched
6	91	2	6	91	2	1.0	matched
6	91	3	6	91	3	1.0	matched
6	91	4	6	91	4	1.0	matched
6	91	5	6	91	5	1.0	matched
6	91	6	6	91	6	1.0	matched
6	91	7	6	91	7	1.0	matched
6	91	8	6	91	8	1.0	matched
6	91	9	6	91	9	1.0	matched
6	91	10	6	91	10	1.0	matched
6	91	11	6	91	11	1.0	matched
6	91	12	6	91	12	1.0	matched
6	91	13	6	91	13	1.0	matched
6	91	14	6	91	14	1.0	matched
6	91	15	6	91	15	1.0	matched
6	91	16	6	91	16	1.0	matched
6	91	17	6	91	17	1.0	matched
6	91	18	6	91	18	1.0	matched
6	91	19	6	91	19	1.0	matched
6	91	20	6	91	20	1.0	matched
6	91	21	6	91	21	1.0	matched
6	91	22	6	91	22	1.0	matched
6	91	23	6	91	23	1.0	matched
6	91	24	6	91	24	1.0	matched
6	91	25	6	91	25	0.896	matched
6	91	26	6	91	26	1.0	matched
6	91	27	6	91	27	1.0	matched
6	91	28	6	91	28	1.0	matched
6	91	29	6	91	29	1.0	matched
6	91	30	6	91	30	1.0	matched
6	92	1	6	92	1	1.0	matched
6	92	2	6	92	2	1.0	matched
6	92	3	6	92	3	1.0	matched
6	92	4	6	92	4	0.907	matched
6	92	5	6	92	5	1.0	matched
6	92	6	6	92	6	1.0	matched
6	92	7	6	92	7	1.0	matched
6	92	8	6	92	8	1.0	matched
6	92	9	6	92	9	1.0	matched
6	92	10	6	92	10	1.0	matched
6	92	11	6	92	11	1.0	matched
6	92	12	6	92	12	1.0	matched
6	92	13	6	92	13	0.892	matched
6	92	14	6	92	14	1.0	matched
6	92	15	6	92	15	1.0	matched
6	92	16	6	92	16	1.0	matched
6	92	17	6	92	17	1.0	matched
6	92	18	6	92	18	1.0	matched
6	92	19	6	92	19	1.0	matched
6	92	20	6	92	20	1.0	matched
6	92	21	6	92	21	0.939	matched
6	92	22	6	92	22	1.0	matched
6	92	23	6	92	23	1.0	matched
6	92	24	6	92	24	1.0	matched
6	92	25	6	92	25	1.0	matched
6	92	26	6	92	26	1.0	matched
6	92	27	6	92	27	1.0	matched
6	92	28	6	92	28	1.0	matched
6	92	29	6	92	29	1.0	matched
6	92	30	6	92	30	0.91	matched
6	93	1	6	93	1	0.886	matched
6	93	2	6	93	2	1.0	matched
6	93	3	6	93	3	1.0	matched
6	93	4	6	93	4	1.0	matched
6	93	5	6	93	5	1.0	matched
6	93	6	6	93	6	1.0	matched
6	93	7	6	93	7	1.0	matched
6	93	8	6	93	8	1.0	matched
6	93	9	6	93	9	1.0	matched
6	93	10	6	93	10	1.0	matched
6	93	11	6	93	11	1.0	matched
6	93	12	6	93	12	1.0	matched
6	93	13	6	93	13	1.0	matched
6	93	14	6	93	14	1.0	matched
6	93	15	6	93	15	1.0	matched
6	93	16	6	93	16	1.0	matched
6	93	17	6	93	17	1.0	matched
6	93	18	6	93	18	0.908	matched
6	93	19	6	93	19	1.0	matched
6	93	20	6	93	20	1.0	matched
6	93	21	6	93	21	1.0	matched
6	93	22	6	93	22	1.0	matched
6	93	23	6	93	23	0.908	matched
6	93	24	6	93	24	1.0	matched
6	93	25	6	93	25	1.0	matched
6	93	26	6	93	26	1.0	matched
6	93	27	6	93	27	1.0	matched
6	94	1	6	94	1	1.0	matched
6	94	2	6	94	2	0.927	matched
6	94	3	6	94	3	1.0	matched
6	94	4	6	94	4	1.0	matched
6	94	5	6	94	5	1.0	matched
6	94	6	6	94	6	1.0	matched
6	94	7	6	94	7	1.0	matched
6	94	8	6	94	8	1.0	matched
6	94	9	6	94	9	1.0	matched
6	94	10	6	94	10	1.0	matched
6	94	11	6	94	11	1.0	matched
6	94	12	6	94	12	1.0	matched
6	94	13	6	94	13	1.0	matched
6	94	14	6	94	14	1.0	matched
6	94	15	6	94	15	1.0	matched
6	94	16	6	94	16	1.0	matched
6	94	17	6	94	17	0.905	matched
6	94	18	6	94	18	0.899	matched
6	94	19	6	94	19	1.0	matched
6	94	20	6	94	20	1.0	matched
6	94	21	6	94	21	1.0	matched
6	94	22	6	94	22	1.0	matched
6	94	23	6	94	23	1.0	matched
6	94	24	6	94	24	1.0	matched
6	94	25	6	94	25	1.0	matched
6	94	26	6	94	26	1.0	matched
6	94	27	6	94	27	1.0	matched
6	94	28	6	94	28	1.0	matched
6	94	29	6	94	29	1.0	matched
6	95	1	6	95	1	1.0	matched
6	95	2	6	95	2	1.0	matched
6	95	3	6	95	3	1.0	matched
6	95	4	6	95	4	1.0	matched
6	95	5	6	95	5	1.0	matched
6	95	6	6	95	6	1.0	matched
6	95	7	6	95	7	1.0	matched
6	95	8	6	95	8	1.0	matched
6	95	9	6	95	9	1.0	matched
6	95	10	6	95	10	1.0	matched
6	95	11	6	95	11	1.0	matched
6	95	12	6	95	12	1.0	matched
6	95	13	6	95	13	1.0	matched
6	95	14	6	95	14	1.0	matched
6	95	15	6	95	15	1.0	matched
6	95	16	6	95	16	1.0	matched
6	95	17	6	95	17	1.0	matched
6	95	18	6	95	18	1.0	matched
6	95	19	6	95	19	1.0	matched
6	95	20	6	95	20	1.0	matched
6	95	21	6	95	21	1.0	matched
6	95	22	6	95	22	1.0	matched
6	95	23	6	95	23	1.0	matched
6	95	24	6	95	24	1.0	matched
6	95	25	6	95	25	1.0	matched
6	95	26	6	95	26	1.0	matched
6	96	1	6	96	1	1.0	matched
6	96	2	6	96	2	1.0	matched
6	96	3	6	96	3	1.0	matched
6	96	4	6	96	4	1.0	matched
6	96	5	6	96	5	1.0	matched
6	96	6	6	96	6	1.0	matched
6	96	7	6	96	7	1.0	matched
6	96	8	6	96	8	1.0	matched
6	96	9	6	96	9	1.0	matched
6	96	10	6	96	10	1.0	matched
6	96	11	6	96	11	1.0	matched
6	96	12	6	96	12	1.0	matched
6	96	13	6	96	13	0.897	matched
6	96	14	6	96	14	1.0	matched
6	96	15	6	96	15	1.0	matched
6	96	16	6	96	16	1.0	matched
6	96	17	6	96	17	1.0	matched
6	96	18	6	96	18	1.0	matched
6	96	19	6	96	19	1.0	matched
6	96	20	6	96	20	0.958	matched
6	96	21	6	96	21	1.0	matched
6	96	22	6	96	22	1.0	matched
6	96	23	6	96	23	1.0	matched
6	96	24	6	96	24	1.0	matched
6	96	25	6	96	25	1.0	matched
6	96	26	6	96	26	0.905	matched
6	96	27	6	96	27	1.0	matched
6	96	28	6	96	28	1.0	matched
6	96	29	6	96	29	1.0	matched
6	96	30	6	96	30	1.0	matched
6	96	31	6	96	31	1.0	matched
6	97	1	6	97	1	1.0	matched
6	97	2	6	97	2	1.0	matched
6	97	3	6	97	3	1.0	matched
6	97	4	6	97	4	1.0	matched
6	97	5	6	97	5	1.0	matched
6	97	6	6	97	6	1.0	matched
6	97	7	6	97	7	1.0	matched
6	97	8	6	97	8	1.0	matched
6	97	9	6	97	9	1.0	matched
6	97	10	6	97	10	1.0	matched
6	97	11	6	97	11	1.0	matched
6	97	12	6	97	12	1.0	matched
6	97	13	6	97	13	1.0	matched
6	97	14	6	97	14	1.0	matched
6	97	15	6	97	15	1.0	matched
6	97	16	6	97	16	1.0	matched
6	97	17	6	97	17	1.0	matched
6	97	18	6	97	18	1.0	matched
6	97	19	6	97	19	1.0	matched
6	97	20	6	97	20	1.0	matched
6	97	21	6	97	21	1.0	matched
6	97	22	6	97	22	1.0	matched
6	97	23	6	97	23	1.0	matched
6	97	24	6	97	24	1.0	matched
6	97	25	6	97	25	1.0	matched
6	97	26	6	97	26	1.0	matched
6	97	27	6	97	27	1.0	matched
6	97	28	6	97	28	1.0	matched
6	97	29	6	97	29	1.0	matched
6	97	30	6	97	30	1.0	matched
6	97	31	6	97	31	1.0	matched
6	97	32	6	97	32	1.0	matched
6	97	33	6	97	33	1.0	matched
6	98	1	6	98	1	1.0	matched
6	98	2	6	98	2	0.9	matched
6	98	3	6	98	3	1.0	matched
6	98	4	6	98	4	1.0	matched
6	98	5	6	98	5	1.0	matched
6	98	6	6	98	6	1.0	matched
6	98	7	6	98	7	1.0	matched
6	98	8	6	98	8	1.0	matched
6	98	9	6	98	9	1.0	matched
6	98	10	6	98	10	1.0	matched
6	98	11	6	98	11	1.0	matched
6	98	12	6	98	12	1.0	matched
6	98	13	6	98	13	1.0	matched
6	98	14	6	98	14	1.0	matched
6	98	15	6	98	15	1.0	matched
6	98	16	6	98	16	1.0	matched
6	98	17	6	98	17	1.0	matched
6	98	18	6	98	18	1.0	matched
6	98	19	6	98	19	1.0	matched
6	98	20	6	98	20	1.0	matched
6	98	21	6	98	21	1.0	matched
6	98	22	6	98	22	0.907	matched
6	98	23	6	98	23	1.0	matched
6	98	24	6	98	24	1.0	matched
6	98	25	6	98	25	1.0	matched
6	98	26	6	98	26	1.0	matched
6	99	1	6	99	1	1.0	matched
6	99	2	6	99	2	1.0	matched
6	99	3	6	99	3	1.0	matched
6	99	4	6	99	4	1.0	matched
6	99	5	6	99	5	1.0	matched
6	99	6	6	99	6	1.0	matched
6	99	7	6	99	7	1.0	matched
6	99	8	6	99	8	1.0	matched
6	99	9	6	99	9	1.0	matched
6	99	10	6	99	10	1.0	matched
6	99	11	6	99	11	1.0	matched
6	99	12	6	99	12	1.0	matched
6	99	13	6	99	13	1.0	matched
6	99	14	6	99	14	1.0	matched
6	99	15	6	99	15	1.0	matched
6	99	16	6	99	16	1.0	matched
6	99	17	6	99	17	1.0	matched
6	99	18	6	99	18	1.0	matched
6	99	19	6	99	19	1.0	matched
6	99	20	6	99	20	1.0	matched
6	99	21	6	99	21	1.0	matched
6	99	22	6	99	22	1.0	matched
6	99	23	6	99	23	1.0	matched
6	99	24	6	99	24	1.0	matched
6	99	25	6	99	25	1.0	matched
6	99	26	6	99	26	1.0	matched
6	99	27	6	99	27	1.0	matched
6	99	28	6	99	28	1.0	matched
6	99	29	6	99	29	1.0	matched
6	99	30	6	99	30	1.0	matched
6	99	31	6	99	31	1.0	matched
6	99	32	6	99	32	1.0	matched
6	99	33	6	99	33	1.0	matched
6	99	34	6	99	34	1.0	matched
6	99	35	6	99	35	1.0	matched
6	99	36	6	99	36	1.0	matched
6	99	37	6	99	37	1.0	matched
6	99	38	6	99	38	1.0	matched
6	99	39	6	99	39	1.0	matched
6	99	40	6	99	40	1.0	matched
6	99	41	6	99	41	1.0	matched
6	99	42	6	99	42	1.0	matched
6	99	43	6	99	43	1.0	matched
6	99	44	6	99	44	1.0	matched
6	100	1	6	100	1	1.0	matched
6	100	2	6	100	2	1.0	matched
6	100	3	6	100	3	1.0	matched
6	100	4	6	100	4	1.0	matched
6	100	5	6	100	5	1.0	matched
6	100	6	6	100	6	1.0	matched
6	100	7	6	100	7	1.0	matched
6	100	8	6	100	8	1.0	matched
6	100	9	6	100	9	1.0	matched
6	100	10	6	100	10	1.0	matched
6	100	11	6	100	11	1.0	matched
6	100	12	6	100	12	1.0	matched
6	100	13	6	100	13	1.0	matched
6	100	14	6	100	14	1.0	matched
6	100	15	6	100	15	1.0	matched
6	100	16	6	100	16	1.0	matched
6	100	17	6	100	17	1.0	matched
6	100	18	6	100	18	1.0	matched
6	100	19	6	100	19	1.0	matched
6	100	20	6	100	20	1.0	matched
6	100	21	6	100	21	1.0	matched
6	100	22	6	100	22	1.0	matched
6	101	1	6	101	1	1.0	matched
6	101	2	6	101	2	1.0	matched
6	101	3	6	101	3	1.0	matched
6	101	4	6	101	4	1.0	matched
6	101	5	6	101	5	1.0	matched
6	101	6	6	101	6	1.0	matched
6	101	7	6	101	7	1.0	matched
6	101	8	6	101	8	1.0	matched
6	101	9	6	101	9	1.0	matched
6	101	10	6	101	10	1.0	matched
6	101	11	6	101	11	1.0	matched
6	101	12	6	101	12	1.0	matched
6	101	13	6	101	13	1.0	matched
6	101	14	6	101	14	1.0	matched
6	101	15	6	101	15	1.0	matched
6	101	16	6	101	16	1.0	matched
6	101	17	6	101	17	1.0	matched
6	101	18	6	101	18	1.0	matched
6	101	19	6	101	19	1.0	matched
6	101	20	6	101	20	1.0	matched
6	101	21	6	101	21	1.0	matched
6	101	22	6	101	22	1.0	matched
6	101	23	6	101	23	1.0	matched
6	101	24	6	101	24	1.0	matched
6	101	25	6	101	25	1.0	matched
6	101	26	6	101	26	1.0	matched
6	101	27	6	101	27	1.0	matched
6	101	28	6	101	28	1.0	matched
6	101	29	6	101	29	0.873	matched
6	101	30	6	101	30	1.0	matched
6	101	31	6	101	31	1.0	matched
6	101	32	6	101	32	1.0	matched
6	101	33	6	101	33	1.0	matched
6	101	34	6	101	34	1.0	matched
6	101	35	6	101	35	1.0	matched
6	101	36	6	101	36	1.0	matched
6	101	37	6	101	37	1.0	matched
6	101	38	6	101	38	1.0	matched
6	101	39	6	101	39	1.0	matched
6	101	40	6	101	40	1.0	matched
6	101	41	6	101	41	1.0	matched
6	101	42	6	101	42	1.0	matched
6	101	43	6	101	43	1.0	matched
6	102	1	6	102	1	1.0	matched
6	102	2	6	102	2	1.0	matched
6	102	3	6	102	3	1.0	matched
6	102	4	6	102	4	1.0	matched
6	102	5	6	102	5	1.0	matched
6	102	6	6	102	6	1.0	matched
6	102	7	6	102	7	1.0	matched
6	102	8	6	102	8	1.0	matched
6	102	9	6	102	9	1.0	matched
6	102	10	6	102	10	1.0	matched
6	102	11	6	102	11	0.912	matched
6	102	12	6	102	12	0.915	matched
6	102	13	6	102	13	1.0	matched
6	102	14	6	102	14	1.0	matched
6	102	15	6	102	15	1.0	matched
6	102	16	6	102	16	1.0	matched
6	102	17	6	102	17	1.0	matched
6	102	18	6	102	18	1.0	matched
6	102	19	6	102	19	1.0	matched
6	102	20	6	102	20	1.0	matched
6	102	21	6	102	21	1.0	matched
6	102	22	6	102	22	1.0	matched
6	102	23	6	102	23	1.0	matched
6	102	24	6	102	24	1.0	matched
6	102	25	6	102	25	0.883	matched
6	102	26	6	102	26	1.0	matched
6	102	27	6	102	27	1.0	matched
6	102	28	6	102	28	1.0	matched
6	102	29	6	102	29	1.0	matched
6	102	30	6	102	30	1.0	matched
6	102	31	6	102	31	1.0	matched
6	102	32	6	102	32	1.0	matched
6	102	33	6	102	33	1.0	matched
6	102	34	6	102	34	1.0	matched
6	102	35	6	102	35	1.0	matched
6	102	36	6	102	36	1.0	matched
6	103	1	6	103	1	1.0	matched
6	103	2	6	103	2	1.0	matched
6	103	3	6	103	3	1.0	matched
6	103	4	6	103	4	1.0	matched
6	103	5	6	103	5	1.0	matched
6	103	6	6	103	6	1.0	matched
6	103	7	6	103	7	1.0	matched
6	103	8	6	103	8	1.0	matched
6	103	9	6	103	9	1.0	matched
6	103	10	6	103	10	1.0	matched
6	103	11	6	103	11	1.0	matched
6	103	12	6	103	12	1.0	matched
6	103	13	6	103	13	1.0	matched
6	103	14	6	103	14	1.0	matched
6	103	15	6	103	15	1.0	matched
6	103	16	6	103	16	1.0	matched
6	103	17	6	103	17	1.0	matched
6	103	18	6	103	18	0.911	matched
6	103	19	6	103	19	1.0	matched
6	103	20	6	103	20	1.0	matched
6	103	21	6	103	21	1.0	matched
6	103	22	6	103	22	1.0	matched
6	103	23	6	103	23	1.0	matched
6	103	24	6	103	24	1.0	matched
6	103	25	6	103	25	0.897	matched
6	104	1	6	104	1	1.0	matched
6	104	2	6	104	2	1.0	matched
6	104	3	6	104	3	1.0	matched
6	104	4	6	104	4	1.0	matched
6	104	5	6	104	5	1.0	matched
6	104	6	6	104	6	1.0	matched
6	104	7	6	104	7	1.0	matched
6	104	8	6	104	8	1.0	matched
6	104	9	6	104	9	1.0	matched
6	104	10	6	104	10	1.0	matched
6	104	11	6	104	11	1.0	matched
6	104	12	6	104	12	1.0	matched
6	104	13	6	104	13	1.0	matched
6	104	14	6	104	14	1.0	matched
6	104	15	6	104	15	1.0	matched
6	104	16	6	104	16	1.0	matched
6	104	17	6	104	17	1.0	matched
6	104	18	6	104	18	1.0	matched
6	104	19	6	104	19	1.0	matched
6	104	20	6	104	20	1.0	matched
6	104	21	6	104	21	1.0	matched
6	104	22	6	104	22	1.0	matched
6	104	23	6	104	23	1.0	matched
6	104	24	6	104	24	1.0	matched
6	104	25	6	104	25	1.0	matched
6	104	26	6	104	26	1.0	matched
6	104	27	6	104	27	1.0	matched
6	105	1	6	105	1	1.0	matched
6	105	2	6	105	2	1.0	matched
6	105	3	6	105	3	1.0	matched
6	105	4	6	105	4	1.0	matched
6	105	5	6	105	5	1.0	matched
6	105	6	6	105	6	1.0	matched
6	105	7	6	105	7	1.0	matched
6	105	8	6	105	8	1.0	matched
6	105	9	6	105	9	1.0	matched
6	105	10	6	105	10	1.0	matched
6	105	11	6	105	11	1.0	matched
6	105	12	6	105	12	1.0	matched
6	105	13	6	105	13	1.0	matched
6	105	14	6	105	14	1.0	matched
6	105	15	6	105	15	1.0	matched
6	105	16	6	105	16	1.0	matched
6	105	17	6	105	17	1.0	matched
6	105	18	6	105	18	1.0	matched
6	105	19	6	105	19	1.0	matched
6	105	20	6	105	20	1.0	matched
6	105	21	6	105	21	1.0	matched
6	105	22	6	105	22	1.0	matched
6	105	23	6	105	23	1.0	matched
6	105	24	6	105	24	1.0	matched
6	105	25	6	105	25	1.0	matched
6	105	26	6	105	26	1.0	matched
6	105	27	6	105	27	1.0	matched
6	105	28	6	105	28	0.718	matched
6	105	29					southern_only
6	106	1	6	106	1	1.0	matched
6	106	2	6	106	2	1.0	matched
6	106	3	6	106	3	1.0	matched
6	106	4	6	106	4	1.0	matched
6	106	5	6	106	5	1.0	matched
6	106	6	6	106	6	1.0	matched
6	106	7	6	106	7	0.904	matched
6	106	8	6	106	8	1.0	matched
6	106	9	6	106	9	1.0	matched
6	106	10	6	106	10	1.0	matched
6	106	11	6	106	11	1.0	matched
6	106	12	6	106	12	1.0	matched
6	106	13	6	106	13	1.0	matched
6	106	14	6	106	14	1.0	matched
6	106	15	6	106	15	1.0	matched
6	106	16	6	106	16	1.0	matched
6	106	17	6	106	17	1.0	matched
6	106	18	6	106	18	1.0	matched
6	106	19	6	106	19	1.0	matched
6	106	20	6	106	20	1.0	matched
6	107	1	6	107	1	1.0	matched
6	107	2	6	107	2	1.0	matched
6	107	3	6	107	3	1.0	matched
6	107	4	6	107	4	1.0	matched
6	107	5	6	107	5	1.0	matched
6	107	6	6	107	6	1.0	matched
6	107	7	6	107	7	1.0	matched
6	107	8	6	107	8	1.0	matched
6	107	9	6	107	9	1.0	matched
6	107	10	6	107	10	0.938	matched
6	107	11	6	107	11	1.0	matched
6	107	12	6	107	12	1.0	matched
6	107	13	6	107	13	1.0	matched
6	107	14	6	107	14	1.0	matched
6	107	15	6	107	15	1.0	matched
6	107	16	6	107	16	1.0	matched
6	107	17	6	107	17	1.0	matched
6	107	18	6	107	18	1.0	matched
6	107	19	6	107	19	1.0	matched
6	107	20	6	107	20	1.0	matched
6	107	21	6	107	21	1.0	matched
6	107	22	6	107	22	1.0	matched
6	107	23	6	107	23	1.0	matched
6	107	24	6	107	24	1.0	matched
6	107	25	6	107	25	1.0	matched
6	107	26	6	107	26	1.0	matched
6	107	27	6	107	27	1.0	matched
6	107	28	6	107	28	1.0	matched
6	107	29	6	107	29	1.0	matched
6	107	30	6	107	30	1.0	matched
6	107	31	6	107	31	1.0	matched
6	107	32	6	107	32	1.0	matched
6	107	33	6	107	33	1.0	matched
6	107	34	6	107	34	1.0	matched
6	107	35	6	107	35	0.909	matched
6	107	36	6	107	36	1.0	matched
6	108	1	6	108	1	1.0	matched
6	108	2	6	108	2	1.0	matched
6	108	3	6	108	3	1.0	matched
6	108	4	6	108	4	1.0	matched
6	108	5	6	108	5	1.0	matched
6	108	6	6	108	6	1.0	matched
6	108	7	6	108	7	1.0	matched
6	108	8	6	108	8	1.0	matched
6	108	9	6	108	9	1.0	matched
6	108	10	6	108	10	1.0	matched
6	108	11	6	108	11	1.0	matched
6	108	12	6	108	12	1.0	matched
6	108	13	6	108	13	0.915	matched
6	108	14	6	108	14	1.0	matched
6	108	15	6	108	15	1.0	matched
6	108	16	6	108	16	1.0	matched
6	108	17	6	108	17	1.0	matched
6	108	18	6	108	18	1.0	matched
6	108	19	6	108	19	1.0	matched
6	109	1	6	109	1	1.0	matched
6	109	2	6	109	2	1.0	matched
6	109	3	6	109	3	1.0	matched
6	109	4	6	109	4	1.0	matched
6	109	5	6	109	5	1.0	matched
6	109	6	6	109	6	1.0	matched
6	109	7	6	109	7	1.0	matched
6	109	8	6	109	8	1.0	matched
6	109	9	6	109	9	1.0	matched
6	109	10	6	109	10	0.895	matched
6	109	11	6	109	11	1.0	matched
6	109	12	6	109	12	1.0	matched
6	109	13	6	109	13	1.0	matched
6	109	14	6	109	14	1.0	matched
6	109	15	6	109	15	1.0	matched
6	109	16	6	109	16	1.0	matched
6	109	17	6	109	17	1.0	matched
6	109	18	6	109	18	1.0	matched
6	109	19	6	109	19	1.0	matched
6	109	20	6	109	20	1.0	matched
6	109	21	6	109	21	1.0	matched
6	109	22	6	109	22	1.0	matched
6	109	23	6	109	23	1.0	matched
6	109	24	6	109	24	1.0	matched
6	109	25	6	109	25	0.962	matched
6	109	26	6	109	26	1.0	matched
6	109	27	6	109	27	1.0	matched
6	110	1	6	110	1	1.0	matched
6	110	2	6	110	2	1.0	matched
6	110	3	6	110	3	1.0	matched
6	110	4	6	110	4	0.911	matched
6	110	5	6	110	5	1.0	matched
6	110	6	6	110	6	1.0	matched
6	110	7	6	110	7	1.0	matched
6	110	8	6	110	8	1.0	matched
6	110	9	6	110	9	1.0	matched
6	110	10	6	110	10	1.0	matched
6	110	11	6	110	11	1.0	matched
6	110	12	6	110	12	1.0	matched
6	110	13	6	110	13	1.0	matched
6	110	14	6	110	14	1.0	matched
6	110	15	6	110	15	1.0	matched
6	110	16	6	110	16	1.0	matched
6	110	17	6	110	17	1.0	matched
6	110	18	6	110	18	1.0	matched
6	110	19	6	110	19	1.0	matched
6	110	20	6	110	20	1.0	matched
6	110	21	6	110	21	1.0	matched
6	110	22	6	110	22	1.0	matched
6	110	23	6	110	23	1.0	matched
6	111	1	6	111	1	1.0	matched
6	111	2	6	111	2	1.0	matched
6	111	3	6	111	3	1.0	matched
6	111	4	6	111	4	1.0	matched
6	111	5	6	111	5	1.0	matched
6	111	6	6	111	6	1.0	matched
6	111	7	6	111	7	1.0	matched
6	111	8	6	111	8	1.0	matched
6	111	9	6	111	9	1.0	matched
6	111	10	6	111	10	1.0	matched
6	111	11	6	111	11	1.0	matched
6	111	12	6	111	12	1.0	matched
6	111	13	6	111	13	1.0	matched
6	111	14	6	111	14	1.0	matched
6	111	15	6	111	15	1.0	matched
6	111	16	6	111	16	1.0	matched
6	111	17	6	111	17	1.0	matched
6	111	18	6	111	18	1.0	matched
6	111	19	6	111	19	1.0	matched
6	111	20	6	111	20	0.893	matched
6	111	21	6	111	21	1.0	matched
6	111	22	6	111	22	1.0	matched
6	111	23	6	111	23	1.0	matched
6	111	24	6	111	24	1.0	matched
6	111	25	6	111	25	1.0	matched
6	111	26	6	111	26	1.0	matched
6	111	27	6	111	27	1.0	matched
6	111	28	6	111	28	1.0	matched
6	111	29	6	111	29	1.0	matched
6	111	30	6	111	30	1.0	matched
6	111	31	6	111	31	1.0	matched
6	112	1	6	112	1	1.0	matched
6	112	2	6	112	2	0.974	matched
6	112	3	6	112	3	1.0	matched
6	112	4	6	112	4	1.0	matched
6	112	5	6	112	5	1.0	matched
6	112	6	6	112	6	1.0	matched
6	112	7	6	112	7	1.0	matched
6	112	8	6	112	8	1.0	matched
6	112	9	6	112	9	1.0	matched
6	112	10	6	112	10	1.0	matched
6	112	11	6	112	11	1.0	matched
6	112	12	6	112	12	1.0	matched
6	112	13	6	112	13	1.0	matched
6	112	14	6	112	14	1.0	matched
6	112	15	6	112	15	1.0	matched
6	112	16	6	112	16	1.0	matched
6	112	17	6	112	17	1.0	matched
6	112	18	6	112	18	1.0	matched
6	113	1	6	113	1	1.0	matched
6	113	2	6	113	2	1.0	matched
6	113	3	6	113	3	1.0	matched
6	113	4	6	113	4	1.0	matched
6	113	5	6	113	5	1.0	matched
6	113	6	6	113	6	1.0	matched
6	113	7	6	113	7	1.0	matched
6	113	8	6	113	8	1.0	matched
6	113	9	6	113	9	1.0	matched
6	113	10	6	113	10	1.0	matched
6	113	11	6	113	11	1.0	matched
6	113	12	6	113	12	1.0	matched
6	113	13	6	113	13	1.0	matched
6	113	14	6	113	14	1.0	matched
6	113	15	6	113	15	1.0	matched
6	113	16	6	113	16	1.0	matched
6	113	17	6	113	17	1.0	matched
6	113	18	6	113	18	1.0	matched
6	113	19	6	113	19	1.0	matched
6	113	20	6	113	20	1.0	matched
6	113	21	6	113	21	1.0	matched
6	113	22	6	113	22	1.0	matched
6	113	23	6	113	23	1.0	matched
6	113	24	6	113	24	1.0	matched
6	113	25	6	113	25	1.0	matched
6	113	26	6	113	26	1.0	matched
6	113	27	6	113	27	1.0	matched
6	113	28	6	113	28	1.0	matched
6	113	29	6	113	29	1.0	matched
6	113	30	6	113	30	1.0	matched
6	113	31	6	113	31	1.0	matched
6	113	32	6	113	32	1.0	matched
6	113	33	6	113	33	1.0	matched
6	113	34	6	113	34	1.0	matched
6	113	35	6	113	35	1.0	matched
6	113	36	6	113	36	1.0	matched
6	113	37	6	113	37	1.0	matched
6	113	38	6	113	38	1.0	matched
6	113	39	6	113	39	1.0	matched
6	113	40	6	113	40	1.0	matched
6	113	41	6	113	41	1.0	matched
6	113	42	6	113	42	0.972	matched
6	113	43	6	113	43	1.0	matched
6	114	1	6	114	1	1.0	matched
6	114	2	6	114	2	1.0	matched
6	114	3	6	114	3	1.0	matched
6	114	4	6	114	4	1.0	matched
6	114	5	6	114	5	1.0	matched
6	114	6	6	114	6	1.0	matched
6	114	7	6	114	7	0.935	matched
6	114	8	6	114	8	1.0	matched
6	114	9	6	114	9	1.0	matched
6	114	10	6	114	10	1.0	matched
6	114	11	6	114	11	1.0	matched
6	114	12	6	114	12	1.0	matched
6	114	13	6	114	13	1.0	matched
6	114	14	6	114	14	1.0	matched
6	114	15	6	114	15	1.0	matched
6	114	16	6	114	16	1.0	matched
6	114	17	6	114	17	0.932	matched
6	114	18	6	114	18	1.0	matched
6	114	19	6	114	19	1.0	matched
6	114	20	6	114	20	1.0	matched
6	114	21	6	114	21	1.0	matched
6	114	22	6	114	22	1.0	matched
6	114	23	6	114	23	1.0	matched
6	114	24	6	114	24	0.8	matched
6	114	25	6	114	25	1.0	matched
6	114	26	6	114	26	1.0	matched
6	114	27	6	114	27	1.0	matched
6	114	28	6	114	28	1.0	matched
6	114	29	6	114	29	1.0	matched
6	114	30	6	114	30	1.0	matched
6	114	31	6	114	31	1.0	matched
6	114	32	6	114	32	1.0	matched
6	114	33	6	114	33	1.0	matched
6	114	34	6	114	34	1.0	matched
6	114	35	6	114	35	1.0	matched
6	114	36	6	114	36	1.0	matched
6	114	37	6	114	37	1.0	matched
6	114	38	6	114	38	1.0	matched
6	114	39	6	114	39	1.0	matched
6	114	40	6	114	40	1.0	matched
6	114	41	6	114	41	1.0	matched
6	114	42	6	114	42	1.0	matched
6	114	43	6	114	43	1.0	matched
6	114	44	6	114	44	1.0	matched
6	114	45	6	114	45	1.0	matched
6	114	46	6	114	46	0.94	matched
6	115	1	6	115	1	1.0	matched
6	115	2	6	115	2	1.0	matched
6	115	3	6	115	3	1.0	matched
6	115	4	6	115	4	1.0	matched
6	115	5	6	115	5	1.0	matched
6	115	6	6	115	6	1.0	matched
6	115	7	6	115	7	1.0	matched
6	115	8	6	115	8	1.0	matched
6	115	9	6	115	9	0.938	matched
6	115	10	6	115	10	1.0	matched
6	115	11	6	115	11	1.0	matched
6	115	12	6	115	12	1.0	matched
6	115	13	6	115	13	1.0	matched
6	115	14	6	115	14	1.0	matched
6	115	15	6	115	15	1.0	matched
6	115	16	6	115	16	1.0	matched
6	115	17	6	115	17	1.0	matched
6	115	18	6	115	18	1.0	matched
6	115	19	6	115	19	1.0	matched
6	115	20	6	115	20	1.0	matched
6	115	21	6	115	21	1.0	matched
6	115	22	6	115	22	1.0	matched
6	115	23	6	115	23	1.0	matched
6	115	24	6	115	24	1.0	matched
6	115	25	6	115	25	1.0	matched
6	115	26	6	115	26	1.0	matched
6	115	27	6	115	27	1.0	matched
6	115	28	6	115	28	1.0	matched
6	115	29	6	115	29	1.0	matched
6	115	30	6	115	30	1.0	matched
6	115	31	6	115	31	1.0	matched
6	115	32	6	115	32	1.0	matched
6	115	33	6	115	33	1.0	matched
6	115	34	6	115	34	1.0	matched
6	115	35	6	115	35	1.0	matched
6	115	36	6	115	36	1.0	matched
6	115	37	6	115	37	1.0	matched
6	115	38	6	115	38	1.0	matched
6	115	39	6	115	39	1.0	matched
6	115	40	6	115	40	1.0	matched
6	115	41	6	115	41	1.0	matched
6	115	42	6	115	42	1.0	matched
6	115	43	6	115	43	1.0	matched
6	115	44	6	115	44	1.0	matched
6	115	45	6	115	45	1.0	matched
6	115	46	6	115	46	1.0	matched
6	115	47	6	115	47	1.0	matched
6	115	48	6	115	48	1.0	matched
6	115	49	6	115	49	1.0	matched
6	115	50	6	115	50	1.0	matched
6	115	51	6	115	51	1.0	matched
6	116	1	6	116	1	1.0	matched
6	116	2	6	116	2	1.0	matched
6	116	3	6	116	3	1.0	matched
6	116	4	6	116	4	1.0	matched
6	116	5	6	116	5	1.0	matched
6	116	6	6	116	6	1.0	matched
6	116	7	6	116	7	1.0	matched
6	116	8	6	116	8	1.0	matched
6	116	9	6	116	9	1.0	matched
6	116	10	6	116	10	1.0	matched
6	116	11	6	116	11	1.0	matched
6	116	12	6	116	12	1.0	matched
6	116	13	6	116	13	1.0	matched
6	116	14	6	116	14	1.0	matched
6	116	15	6	116	15	1.0	matched
6	116	16	6	116	16	1.0	matched
6	116	17	6	116	17	1.0	matched
6	116	18	6	116	18	1.0	matched
6	116	19	6	116	19	1.0	matched
6	116	20	6	116	20	1.0	matched
6	116	21	6	116	21	1.0	matched
6	116	22	6	116	22	1.0	matched
6	116	23	6	116	23	1.0	matched
6	116	24	6	116	24	1.0	matched
6	116	25	6	116	25	1.0	matched
6	116	26	6	116	26	1.0	matched
6	116	27	6	116	27	0.9	matched
6	116	28	6	116	28	1.0	matched
6	116	29	6	116	29	1.0	matched
6	116	30	6	116	30	0.92	matched
6	116	31	6	116	31	1.0	matched
6	116	32	6	116	32	1.0	matched
6	116	33	6	116	33	1.0	matched
6	116	34	6	116	34	1.0	matched
6	116	35	6	116	35	1.0	matched
6	116	36	6	116	36	1.0	matched
6	116	37	6	116	37	1.0	matched
6	116	38	6	116	38	1.0	matched
6	116	39	6	116	39	1.0	matched
6	116	40	6	116	40	1.0	matched
6	116	41	6	116	41	1.0	matched
6	116	42	6	116	42	1.0	matched
6	116	43	6	116	43	1.0	matched
6	116	44	6	116	44	1.0	matched
6	116	45	6	116	45	1.0	matched
6	116	46	6	116	46	1.0	matched
6	116	47	6	116	47	1.0	matched
6	116	48	6	116	48	1.0	matched
6	116	49	6	116	49	1.0	matched
6	116	50	6	116	50	1.0	matched
6	116	51	6	116	51	1.0	matched
6	116	52	6	116	52	1.0	matched
6	116	53	6	116	53	1.0	matched
6	116	54	6	116	54	0.899	matched
6	116	55	6	116	55	1.0	matched
6	116	56	6	116	56	1.0	matched
6	116	57	6	116	57	1.0	matched
6	116	58	6	116	58	0.912	matched
6	116	59	6	116	59	1.0	matched
6	116	60	6	116	60	1.0	matched
6	116	61	6	116	61	1.0	matched
6	116	62	6	116	62	1.0	matched
6	116	63	6	116	63	1.0	matched
6	116	64	6	116	64	1.0	matched
6	116	65	6	116	65	1.0	matched
6	116	66	6	116	66	1.0	matched
6	116	67	6	116	67	1.0	matched
6	116	68	6	116	68	1.0	matched
6	116	69	6	116	69	1.0	matched
6	116	70	6	116	70	1.0	matched
6	116	71	6	116	71	1.0	matched
6	116	72	6	116	72	1.0	matched
6	116	73	6	116	73	1.0	matched
6	116	74	6	116	74	1.0	matched
6	116	75	6	116	75	1.0	matched
6	116	76	6	116	76	0.897	matched
6	116	77	6	116	77	1.0	matched
6	116	78	6	116	78	1.0	matched
6	116	79	6	116	79	1.0	matched
6	116	80	6	116	80	1.0	matched
6	116	81	6	116	81	1.0	matched
6	116	82	6	116	82	1.0	matched
6	116	83	6	116	83	1.0	matched
6	116	84	6	116	84	1.0	matched
6	116	85	6	116	85	1.0	matched
6	116	86	6	116	86	1.0	matched
6	116	87	6	116	87	1.0	matched
6	116	88	6	116	88	1.0	matched
6	116	89	6	116	89	0.908	matched
6	116	90	6	116	90	1.0	matched
7	1	1	7	1	1	1.0	matched
7	1	2	7	1	2	1.0	matched
7	1	3	7	1	3	1.0	matched
7	1	4	7	1	4	1.0	matched
7	1	5	7	1	5	1.0	matched
7	1	6	7	1	6	1.0	matched
7	1	7	7	1	7	1.0	matched
7	1	8	7	1	8	0.909	matched
7	1	9	7	1	9	1.0	matched
7	1	10	7	1	10	1.0	matched
7	1	11	7	1	11	1.0	matched
7	1	12	7	1	12	1.0	matched
7	1	13	7	1	13	1.0	matched
7	1	14	7	1	14	1.0	matched
7	1	15	7	1	15	1.0	matched
7	1	16	7	1	16	1.0	matched
7	1	17	7	1	17	1.0	matched
7	1	18	7	1	18	1.0	matched
7	1	19	7	1	19	1.0	matched
7	1	20	7	1	20	1.0	matched
7	1	21	7	1	21	1.0	matched
7	1	22	7	1	22	1.0	matched
7	1	23	7	1	23	1.0	matched
7	1	24	7	1	24	1.0	matched
7	1	25	7	1	25	1.0	matched
7	1	26	7	1	26	1.0	matched
7	1	27	7	1	27	1.0	matched
7	2	1	7	2	1	1.0	matched
7	2	2	7	2	2	1.0	matched
7	2	3	7	2	3	1.0	matched
7	2	4	7	2	4	1.0	matched
7	2	5	7	2	5	1.0	matched
7	2	6	7	2	6	1.0	matched
7	2	7	7	2	7	1.0	matched
7	2	8	7	2	8	1.0	matched
7	2	9	7	2	9	1.0	matched
7	2	10	7	2	10	1.0	matched
7	2	11	7	2	11	1.0	matched
7	2	12	7	2	12	1.0	matched
7	2	13	7	2	13	1.0	matched
7	2	14	7	2	14	1.0	matched
7	2	15	7	2	15	1.0	matched
7	2	16	7	2	16	1.0	matched
7	2	17	7	2	17	1.0	matched
7	2	18	7	2	18	1.0	matched
7	2	19	7	2	19	1.0	matched
7	2	20	7	2	20	1.0	matched
7	2	21	7	2	21	1.0	matched
7	2	22	7	2	22	1.0	matched
7	2	23	7	2	23	1.0	matched
7	2	24	7	2	24	1.0	matched
7	2	25	7	2	25	1.0	matched
7	2	26	7	2	26	1.0	matched
7	2	27	7	2	27	1.0	matched
7	2	28	7	2	28	1.0	matched
7	2	29	7	2	29	1.0	matched
7	3	1	7	3	1	1.0	matched
7	3	2	7	3	2	1.0	matched
7	3	3	7	3	3	1.0	matched
7	3	4	7	3	4	1.0	matched
7	3	5	7	3	5	1.0	matched
7	3	6	7	3	6	1.0	matched
7	3	7	7	3	7	1.0	matched
7	3	8	7	3	8	1.0	matched
7	3	9	7	3	9	1.0	matched
7	3	10	7	3	10	1.0	matched
7	3	11	7	3	11	1.0	matched
7	3	12	7	3	12	1.0	matched
7	3	13	7	3	13	1.0	matched
7	3	14	7	3	14	1.0	matched
7	3	15	7	3	15	1.0	matched
7	3	16	7	3	16	1.0	matched
7	3	17	7	3	17	1.0	matched
7	3	18	7	3	18	1.0	matched
7	3	19	7	3	19	1.0	matched
7	3	20	7	3	20	1.0	matched
7	3	21	7	3	21	1.0	matched
7	3	22	7	3	22	1.0	matched
7	3	23	7	3	23	1.0	matched
7	3	24	7	3	24	1.0	matched
7	3	25	7	3	25	1.0	matched
7	3	26	7	3	26	1.0	matched
7	3	27	7	3	27	1.0	matched
7	3	28	7	3	28	1.0	matched
7	3	29	7	3	29	1.0	matched
7	3	30	7	3	30	1.0	matched
7	3	31	7	3	31	1.0	matched
7	4	1	7	4	1	1.0	matched
7	4	2	7	4	2	1.0	matched
7	4	3	7	4	3	1.0	matched
7	4	4	7	4	4	1.0	matched
7	4	5	7	4	5	1.0	matched
7	4	6	7	4	6	1.0	matched
7	4	7	7	4	7	1.0	matched
7	4	8	7	4	8	1.0	matched
7	4	9	7	4	9	1.0	matched
7	4	10	7	4	10	1.0	matched
7	4	11	7	4	11	1.0	matched
7	4	12	7	4	12	1.0	matched
7	4	13	7	4	13	1.0	matched
7	4	14	7	4	14	1.0	matched
7	4	15	7	4	15	1.0	matched
7	4	16	7	4	16	1.0	matched
7	4	17	7	4	17	1.0	matched
7	4	18	7	4	18	1.0	matched
7	4	19	7	4	19	1.0	matched
7	4	20	7	4	20	1.0	matched
7	4	21	7	4	21	1.0	matched
7	4	22	7	4	22	1.0	matched
7	4	23	7	4	23	1.0	matched
7	4	24	7	4	24	1.0	matched
7	4	25	7	4	25	1.0	matched
7	4	26	7	4	26	1.0	matched
7	4	27	7	4	27	1.0	matched
7	4	28	7	4	28	1.0	matched
7	4	29	7	4	29	1.0	matched
7	4	30	7	4	30	0.922	matched
7	4	31	7	4	31	1.0	matched
7	5	1	7	5	1	1.0	matched
7	5	2	7	5	2	1.0	matched
7	5	3	7	5	3	1.0	matched
7	5	4	7	5	4	1.0	matched
7	5	5	7	5	5	1.0	matched
7	5	6	7	5	6	1.0	matched
7	5	7	7	5	7	1.0	matched
7	5	8	7	5	8	1.0	matched
7	5	9	7	5	9	1.0	matched
7	5	10	7	5	10	1.0	matched
7	5	11	7	5	11	1.0	matched
7	5	12	7	5	12	1.0	matched
7	5	13	7	5	13	1.0	matched
7	5	14	7	5	14	1.0	matched
7	5	15	7	5	15	1.0	matched
7	5	16	7	5	16	1.0	matched
7	5	17	7	5	17	1.0	matched
7	5	18	7	5	18	1.0	matched
7	5	19	7	5	19	1.0	matched
7	5	20	7	5	20	1.0	matched
7	5	21	7	5	21	1.0	matched
7	5	22	7	5	22	1.0	matched
7	5	23	7	5	23	1.0	matched
7	5	24	7	5	24	1.0	matched
7	5	25	7	5	25	1.0	matched
7	5	26	7	5	26	1.0	matched
7	5	27	7	5	27	1.0	matched
7	5	28	7	5	28	1.0	matched
7	5	29	7	5	29	1.0	matched
7	5	30	7	5	30	1.0	matched
7	5	31	7	5	31	1.0	matched
7	5	32	7	5	32	1.0	matched
7	5	33	7	5	33	1.0	matched
7	5	34	7	5	34	1.0	matched
7	5	35	7	5	35	1.0	matched
7	5	36	7	5	36	1.0	matched
7	5	37	7	5	37	1.0	matched
7	5	38	7	5	38	1.0	matched
7	5	39	7	5	39	1.0	matched
7	5	40	7	5	40	1.0	matched
7	5	41	7	5	41	1.0	matched
7	6	1	7	6	1	1.0	matched
7	6	2	7	6	2	1.0	matched
7	6	3	7	6	3	1.0	matched
7	6	4	7	6	4	1.0	matched
7	6	5	7	6	5	1.0	matched
7	6	6	7	6	6	1.0	matched
7	6	7	7	6	7	1.0	matched
7	6	8	7	6	8	1.0	matched
7	6	9	7	6	9	1.0	matched
7	6	10	7	6	10	1.0	matched
7	6	11	7	6	11	1.0	matched
7	6	12	7	6	12	1.0	matched
7	6	13	7	6	13	1.0	matched
7	6	14	7	6	14	1.0	matched
7	6	15	7	6	15	1.0	matched
7	6	16	7	6	16	1.0	matched
7	6	17	7	6	17	1.0	matched
7	6	18	7	6	18	1.0	matched
7	6	19	7	6	19	1.0	matched
7	6	20	7	6	20	0.909	matched
7	6	21	7	6	21	1.0	matched
7	6	22	7	6	22	1.0	matched
7	6	23	7	6	23	1.0	matched
7	6	24	7	6	24	1.0	matched
7	6	25	7	6	25	1.0	matched
7	6	26	7	6	26	1.0	matched
7	6	27	7	6	27	1.0	matched
7	6	28	7	6	28	1.0	matched
7	6	29	7	6	29	1.0	matched
7	6	30	7	6	30	1.0	matched
7	6	31	7	6	31	1.0	matched
7	6	32	7	6	32	1.0	matched
7	6	33	7	6	33	1.0	matched
7	6	34	7	6	34	1.0	matched
7	6	35	7	6	35	1.0	matched
7	6	36	7	6	36	1.0	matched
7	6	37	7	6	37	1.0	matched
7	6	38	7	6	38	1.0	matched
7	6	39	7	6	39	1.0	matched
7	6	40	7	6	40	1.0	matched
7	6	41	7	6	41	1.0	matched
7	6	42	7	6	42	1.0	matched
7	6	43	7	6	43	1.0	matched
7	6	44	7	6	44	1.0	matched
7	6	45	7	6	45	1.0	matched
7	6	46	7	6	46	1.0	matched
7	6	47	7	6	47	1.0	matched
7	6	48	7	6	48	1.0	matched
7	6	49	7	6	49	1.0	matched
7	6	50	7	6	50	1.0	matched
7	6	51	7	6	51	1.0	matched
7	6	52	7	6	52	1.0	matched
7	6	53	7	6	53	1.0	matched
7	6	54	7	6	54	1.0	matched
7	6	55	7	6	55	1.0	matched
7	7	1	7	7	1	1.0	matched
7	7	2	7	7	2	1.0	matched
7	7	3	7	7	3	1.0	matched
7	7	4	7	7	4	1.0	matched
7	7	5	7	7	5	1.0	matched
7	7	6	7	7	6	1.0	matched
7	7	7	7	7	7	1.0	matched
7	7	8	7	7	8	0.94	matched
7	7	9	7	7	9	1.0	matched
7	7	10	7	7	10	1.0	matched
7	7	11	7	7	11	1.0	matched
7	7	12	7	7	12	1.0	matched
7	7	13	7	7	13	1.0	matched
7	7	14	7	7	14	1.0	matched
7	7	15	7	7	15	1.0	matched
7	7	16	7	7	16	1.0	matched
7	7	17	7	7	17	1.0	matched
7	7	18	7	7	18	1.0	matched
7	7	19	7	7	19	1.0	matched
7	7	20	7	7	20	1.0	matched
7	7	21	7	7	21	1.0	matched
7	7	22	7	7	22	1.0	matched
7	7	23	7	7	23	1.0	matched
7	7	24	7	7	24	1.0	matched
7	7	25	7	7	25	1.0	matched
7	7	26	7	7	26	0.934	matched
7	7	27	7	7	27	1.0	matched
7	7	28	7	7	28	1.0	matched
7	7	29	7	7	29	1.0	matched
7	7	30	7	7	30	1.0	matched
7	7	31	7	7	31	1.0	matched
7	7	32	7	7	32	1.0	matched
7	7	33	7	7	33	1.0	matched
7	7	34	7	7	34	1.0	matched
7	7	35	7	7	35	1.0	matched
7	7	36	7	7	36	1.0	matched
7	7	37	7	7	37	1.0	matched
7	7	38	7	7	38	1.0	matched
7	7	39	7	7	39	1.0	matched
7	7	40	7	7	40	1.0	matched
7	7	41	7	7	41	1.0	matched
7	7	42	7	7	42	1.0	matched
7	7	43	7	7	43	1.0	matched
7	7	44	7	7	44	1.0	matched
7	7	45	7	7	45	1.0	matched
7	7	46	7	7	46	1.0	matched
7	7	47	7	7	47	1.0	matched
7	7	48	7	7	48	1.0	matched
7	7	49	7	7	49	1.0	matched
7	7	50	7	7	50	1.0	matched
7	8	1	7	8	1	1.0	matched
7	8	2	7	8	2	1.0	matched
7	8	3	7	8	3	1.0	matched
7	8	4	7	8	4	1.0	matched
7	8	5	7	8	5	1.0	matched
7	8	6	7	8	6	1.0	matched
7	8	7	7	8	7	1.0	matched
7	8	8	7	8	8	1.0	matched
7	8	9	7	8	9	1.0	matched
7	8	10	7	8	10	1.0	matched
7	8	11	7	8	11	1.0	matched
7	8	12	7	8	12	1.0	matched
7	8	13	7	8	13	1.0	matched
7	8	14	7	8	14	1.0	matched
7	8	15	7	8	15	1.0	matched
7	8	16	7	8	16	1.0	matched
7	8	17	7	8	17	1.0	matched
7	8	18	7	8	18	1.0	matched
7	8	19	7	8	19	1.0	matched
7	8	20	7	8	20	1.0	matched
7	8	21	7	8	21	1.0	matched
7	8	22	7	8	22	0.901	matched
7	8	23	7	8	23	1.0	matched
7	8	24	7	8	24	1.0	matched
7	8	25	7	8	25	0.911	matched
7	9	1	7	9	1	1.0	matched
7	9	2	7	9	2	1.0	matched
7	9	3	7	9	3	0.937	matched
7	9	4	7	9	4	1.0	matched
7	9	5	7	9	5	1.0	matched
7	9	6	7	9	6	1.0	matched
7	9	7	7	9	7	1.0	matched
7	9	8	7	9	8	1.0	matched
7	9	9	7	9	9	1.0	matched
7	9	10	7	9	10	1.0	matched
7	9	11	7	9	11	1.0	matched
7	9	12	7	9	12	1.0	matched
7	9	13	7	9	13	1.0	matched
7	9	14	7	9	14	1.0	matched
7	9	15	7	9	15	1.0	matched
7	9	16	7	9	16	1.0	matched
7	9	17	7	9	17	1.0	matched
7	9	18	7	9	18	1.0	matched
7	9	19	7	9	19	1.0	matched
7	9	20	7	9	20	1.0	matched
7	9	21	7	9	21	1.0	matched
7	9	22	7	9	22	1.0	matched
7	9	23	7	9	23	1.0	matched
7	9	24	7	9	24	1.0	matched
7	9	25	7	9	25	1.0	matched
7	9	26	7	9	26	1.0	matched
7	9	27	7	9	27	1.0	matched
7	9	28	7	9	28	1.0	matched
7	9	29	7	9	29	1.0	matched
7	9	30	7	9	30	1.0	matched
7	9	31	7	9	31	1.0	matched
7	9	32	7	9	32	1.0	matched
7	9	33	7	9	33	1.0	matched
7	9	34	7	9	34	0.85	matched
7	9	35	7	9	35	1.0	matched
7	9	36	7	9	36	1.0	matched
7	9	37	7	9	37	1.0	matched
7	10	1	7	10	1	1.0	matched
7	10	2	7	10	2	1.0	matched
7	10	3	7	10	3	1.0	matched
7	10	4	7	10	4	1.0	matched
7	10	5	7	10	5	1.0	matched
7	10	6	7	10	6	1.0	matched
7	10	7	7	10	7	1.0	matched
7	10	8	7	10	8	1.0	matched
7	10	9	7	10	9	1.0	matched
7	10	10	7	10	10	1.0	matched
7	10	11	7	10	11	1.0	matched
7	10	12	7	10	12	1.0	matched
7	10	13	7	10	13	1.0	matched
7	10	14	7	10	14	1.0	matched
7	10	15	7	10	15	1.0	matched
7	10	16	7	10	16	1.0	matched
7	10	17	7	10	17	1.0	matched
7	10	18	7	10	18	1.0	matched
7	10	19	7	10	19	1.0	matched
7	10	20	7	10	20	1.0	matched
7	10	21	7	10	21	1.0	matched
7	10	22	7	10	22	1.0	matched
7	10	23	7	10	23	0.933	matched
7	10	24	7	10	24	1.0	matched
7	10	25	7	10	25	1.0	matched
7	10	26	7	10	26	1.0	matched
7	10	27	7	10	27	1.0	matched
7	10	28	7	10	28	1.0	matched
7	10	29	7	10	29	1.0	matched
7	10	30	7	10	30	1.0	matched
7	10	31	7	10	31	1.0	matched
7	10	32	7	10	32	1.0	matched
7	10	33	7	10	33	1.0	matched
7	10	34	7	10	34	1.0	matched
7	10	35	7	10	35	1.0	matched
7	10	36	7	10	36	1.0	matched
7	10	37	7	10	37	1.0	matched
7	10	38	7	10	38	1.0	matched
7	10	39	7	10	39	1.0	matched
7	10	40	7	10	40	1.0	matched
7	10	41	7	10	41	0.918	matched
7	10	42	7	10	42	1.0	matched
7	11	1	7	11	1	1.0	matched
7	11	2	7	11	2	1.0	matched
7	11	3	7	11	3	1.0	matched
7	11	4	7	11	4	1.0	matched
7	11	5	7	11	5	1.0	matched
7	11	6	7	11	6	1.0	matched
7	11	7	7	11	7	1.0	matched
7	11	8	7	11	8	1.0	matched
7	11	9	7	11	9	1.0	matched
7	11	10	7	11	10	1.0	matched
7	11	11	7	11	11	1.0	matched
7	11	12	7	11	12	1.0	matched
7	11	13	7	11	13	1.0	matched
7	11	14	7	11	14	1.0	matched
7	11	15	7	11	15	1.0	matched
7	11	16	7	11	16	1.0	matched
7	11	17	7	11	17	1.0	matched
7	11	18	7	11	18	1.0	matched
7	11	19	7	11	19	1.0	matched
7	11	20	7	11	20	1.0	matched
7	11	21	7	11	21	1.0	matched
7	11	22	7	11	22	1.0	matched
7	11	23	7	11	23	1.0	matched
7	11	24	7	11	24	1.0	matched
7	11	25	7	11	25	1.0	matched
7	11	26	7	11	26	1.0	matched
7	11	27	7	11	27	1.0	matched
7	11	28	7	11	28	1.0	matched
7	11	29	7	11	29	1.0	matched
7	11	30	7	11	30	1.0	matched
7	11	31	7	11	31	1.0	matched
7	11	32	7	11	32	1.0	matched
7	11	33	7	11	33	1.0	matched
7	11	34	7	11	34	1.0	matched
7	11	35	7	11	35	1.0	matched
7	11	36	7	11	36	1.0	matched
7	11	37	7	11	37	1.0	matched
7	11	38	7	11	38	1.0	matched
7	11	39	7	11	39	1.0	matched
7	11	40	7	11	40	1.0	matched
7	11	41	7	11	41	0.911	matched
7	12	1	7	12	1	1.0	matched
7	12	2	7	12	2	1.0	matched
7	12	3	7	12	3	1.0	matched
7	12	4	7	12	4	1.0	matched
7	12	5	7	12	5	1.0	matched
7	12	6	7	12	6	1.0	matched
7	12	7	7	12	7	1.0	matched
7	12	8	7	12	8	1.0	matched
7	12	9	7	12	9	1.0	matched
7	12	10	7	12	10	1.0	matched
7	12	11	7	12	11	1.0	matched
7	12	12	7	12	12	1.0	matched
7	12	13	7	12	13	1.0	matched
7	12	14	7	12	14	1.0	matched
7	12	15	7	12	15	1.0	matched
7	12	16	7	12	16	1.0	matched
7	12	17	7	12	17	1.0	matched
7	12	18	7	12	18	1.0	matched
7	12	19	7	12	19	1.0	matched
7	12	20	7	12	20	1.0	matched
7	12	21	7	12	21	1.0	matched
7	12	22	7	12	22	0.923	matched
7	12	23	7	12	23	1.0	matched
7	12	24	7	12	24	1.0	matched
7	12	25	7	12	25	1.0	matched
7	12	26	7	12	26	1.0	matched
7	12	27	7	12	27	1.0	matched
7	12	28	7	12	28	1.0	matched
7	12	29	7	12	29	1.0	matched
7	13	1	7	13	1	1.0	matched
7	13	2	7	13	2	1.0	matched
7	13	3	7	13	3	1.0	matched
7	13	4	7	13	4	1.0	matched
7	13	5	7	13	5	1.0	matched
7	13	6	7	13	6	1.0	matched
7	13	7	7	13	7	1.0	matched
7	13	8	7	13	8	1.0	matched
7	13	9	7	13	9	1.0	matched
7	13	10	7	13	10	1.0	matched
7	13	11	7	13	11	0.911	matched
7	13	12	7	13	12	0.862	matched
7	13	13	7	13	13	0.908	matched
7	13	14	7	13	14	1.0	matched
7	13	15	7	13	15	1.0	matched
7	13	16	7	13	16	1.0	matched
7	13	17	7	13	17	1.0	matched
7	13	18	7	13	18	1.0	matched
7	13	19	7	13	19	1.0	matched
7	13	20	7	13	20	1.0	matched
7	13	21	7	13	21	1.0	matched
7	13	22	7	13	22	1.0	matched
7	13	23	7	13	23	1.0	matched
7	13	24	7	13	24	1.0	matched
7	13	25	7	13	25	1.0	matched
7	13	26	7	13	26	1.0	matched
7	13	27	7	13	27	1.0	matched
7	13	28	7	13	28	1.0	matched
7	13	29	7	13	29	1.0	matched
7	13	30	7	13	30	1.0	matched
7	13	31	7	13	31	1.0	matched
7	13	32	7	13	32	1.0	matched
7	13	33	7	13	33	0.914	matched
7	13	34	7	13	34	1.0	matched
7	13	35	7	13	35	1.0	matched
7	13	36	7	13	36	1.0	matched
7	13	37	7	13	37	1.0	matched
7	13	38	7	13	38	1.0	matched
7	13	39	7	13	39	0.901	matched
7	14	1	7	14	1	1.0	matched
7	14	2	7	14	2	1.0	matched
7	14	3	7	14	3	1.0	matched
7	14	4	7	14	4	1.0	matched
7	14	5	7	14	5	1.0	matched
7	14	6	7	14	6	1.0	matched
7	14	7	7	14	7	1.0	matched
7	14	8	7	14	8	1.0	matched
7	14	9	7	14	9	1.0	matched
7	14	10	7	14	10	1.0	matched
7	14	11	7	14	11	1.0	matched
7	14	12	7	14	12	1.0	matched
7	14	13	7	14	13	1.0	matched
7	14	14	7	14	14	1.0	matched
7	14	15	7	14	15	1.0	matched
7	14	16	7	14	16	1.0	matched
7	14	17	7	14	17	1.0	matched
7	14	18	7	14	18	1.0	matched
7	14	19	7	14	19	1.0	matched
7	14	20	7	14	20	1.0	matched
7	14	21	7	14	21	1.0	matched
7	14	22	7	14	22	1.0	matched
7	14	23	7	14	23	1.0	matched
7	14	24	7	14	24	1.0	matched
7	14	25	7	14	25	1.0	matched
7	15	1	7	15	1	1.0	matched
7	15	2	7	15	2	1.0	matched
7	15	3	7	15	3	1.0	matched
7	15	4	7	15	4	1.0	matched
7	15	5	7	15	5	1.0	matched
7	15	6	7	15	6	1.0	matched
7	15	7	7	15	7	1.0	matched
7	15	8	7	15	8	1.0	matched
7	15	9	7	15	9	1.0	matched
7	15	10	7	15	10	1.0	matched
7	15	11	7	15	11	1.0	matched
7	15	12	7	15	12	0.902	matched
7	15	13	7	15	13	1.0	matched
7	15	14	7	15	14	1.0	matched
7	15	15	7	15	15	1.0	matched
7	15	16	7	15	16	1.0	matched
7	15	17	7	15	17	1.0	matched
7	15	18	7	15	18	1.0	matched
7	15	19	7	15	19	0.932	matched
7	15	20	7	15	20	1.0	matched
7	15	21	7	15	21	1.0	matched
7	15	22	7	15	22	1.0	matched
7	15	23	7	15	23	1.0	matched
7	15	24	7	15	24	1.0	matched
7	15	25	7	15	25	1.0	matched
7	15	26	7	15	26	1.0	matched
7	15	27	7	15	27	1.0	matched
7	15	28	7	15	28	0.882	matched
7	15	29	7	15	29	1.0	matched
7	15	30	7	15	30	1.0	matched
7	15	31	7	15	31	1.0	matched
7	16	1	7	16	1	1.0	matched
7	16	2	7	16	2	1.0	matched
7	16	3	7	16	3	1.0	matched
7	16	4	7	16	4	1.0	matched
7	16	5	7	16	5	1.0	matched
7	16	6	7	16	6	1.0	matched
7	16	7	7	16	7	1.0	matched
7	16	8	7	16	8	1.0	matched
7	16	9	7	16	9	1.0	matched
7	16	10	7	16	10	1.0	matched
7	16	11	7	16	11	1.0	matched
7	16	12	7	16	12	1.0	matched
7	16	13	7	16	13	1.0	matched
7	16	14	7	16	14	1.0	matched
7	16	15	7	16	15	1.0	matched
7	16	16	7	16	16	1.0	matched
7	16	17	7	16	17	1.0	matched
7	16	18	7	16	18	1.0	matched
7	16	19	7	16	19	1.0	matched
7	16	20	7	16	20	1.0	matched
7	16	21	7	16	21	1.0	matched
7	16	22	7	16	22	1.0	matched
7	16	23	7	16	23	1.0	matched
7	16	24	7	16	24	1.0	matched
7	16	25	7	16	25	1.0	matched
7	16	26	7	16	26	1.0	matched
7	16	27	7	16	27	1.0	matched
7	16	28	7	16	28	1.0	matched
7	16	29	7	16	29	1.0	matched
7	16	30	7	16	30	1.0	matched
7	16	31	7	16	31	1.0	matched
7	17	1	7	17	1	1.0	matched
7	17	2	7	17	2	0.897	matched
7	17	3	7	17	3	1.0	matched
7	17	4	7	17	4	1.0	matched
7	17	5	7	17	5	1.0	matched
7	17	6	7	17	6	1.0	matched
7	17	7	7	17	7	1.0	matched
7	17	8	7	17	8	1.0	matched
7	17	9	7	17	9	1.0	matched
7	17	10	7	17	10	1.0	matched
7	17	11	7	17	11	0.987	matched
7	17	12	7	17	12	1.0	matched
7	17	13	7	17	13	1.0	matched
7	17	14	7	17	14	1.0	matched
7	17	15	7	17	15	1.0	matched
7	17	16	7	17	16	1.0	matched
7	17	17	7	17	17	1.0	matched
7	17	18	7	17	18	1.0	matched
7	17	19	7	17	19	1.0	matched
7	17	20	7	17	20	0.94	matched
7	17	21	7	17	21	1.0	matched
7	17	22	7	17	22	1.0	matched
7	17	23	7	17	23	0.932	matched
7	17	24	7	17	24	1.0	matched
7	17	25	7	17	25	1.0	matched
7	17	26	7	17	26	1.0	matched
7	17	27	7	17	27	1.0	matched
7	17	28	7	17	28	1.0	matched
7	17	29	7	17	29	1.0	matched
7	17	30	7	17	30	1.0	matched
7	17	31	7	17	31	1.0	matched
7	18	1	7	18	1	1.0	matched
7	18	2	7	18	2	1.0	matched
7	18	3	7	18	3	1.0	matched
7	18	4	7	18	4	1.0	matched
7	18	5	7	18	5	1.0	matched
7	18	6	7	18	6	0.909	matched
7	18	7	7	18	7	1.0	matched
7	18	8	7	18	8	1.0	matched
7	18	9	7	18	9	1.0	matched
7	18	10	7	18	10	1.0	matched
7	18	11	7	18	11	1.0	matched
7	18	12	7	18	12	1.0	matched
7	18	13	7	18	13	1.0	matched
7	18	14	7	18	14	1.0	matched
7	18	15	7	18	15	1.0	matched
7	18	16	7	18	16	1.0	matched
7	18	17	7	18	17	1.0	matched
7	18	18	7	18	18	1.0	matched
7	18	19	7	18	19	1.0	matched
7	18	20	7	18	20	1.0	matched
7	18	21	7	18	21	1.0	matched
7	18	22	7	18	22	1.0	matched
7	18	23	7	18	23	1.0	matched
7	18	24	7	18	24	1.0	matched
7	18	25	7	18	25	1.0	matched
7	18	26	7	18	26	1.0	matched
7	18	27	7	18	27	0.94	matched
7	18	28	7	18	28	1.0	matched
7	18	29	7	18	29	1.0	matched
7	18	30	7	18	30	1.0	matched
7	18	31	7	18	31	1.0	matched
7	18	32	7	18	32	1.0	matched
7	18	33	7	18	33	1.0	matched
7	19	1	7	19	1	1.0	matched
7	19	2	7	19	2	1.0	matched
7	19	3	7	19	3	1.0	matched
7	19	4	7	19	4	1.0	matched
7	19	5	7	19	5	1.0	matched
7	19	6	7	19	6	1.0	matched
7	19	7	7	19	7	1.0	matched
7	19	8	7	19	8	1.0	matched
7	19	9	7	19	9	1.0	matched
7	19	10	7	19	10	1.0	matched
7	19	11	7	19	11	1.0	matched
7	19	12	7	19	12	1.0	matched
7	19	13	7	19	13	0.953	matched
7	19	14	7	19	14	1.0	matched
7	19	15	7	19	15	1.0	matched
7	19	16	7	19	16	1.0	matched
7	19	17	7	19	17	1.0	matched
7	19	18	7	19	18	1.0	matched
7	19	19	7	19	19	1.0	matched
7	19	20	7	19	20	1.0	matched
7	19	21	7	19	21	1.0	matched
7	19	22	7	19	22	1.0	matched
7	19	23	7	19	23	1.0	matched
7	19	24	7	19	24	1.0	matched
7	19	25	7	19	25	1.0	matched
7	19	26	7	19	26	1.0	matched
7	20	1	7	20	1	1.0	matched
7	20	2	7	20	2	1.0	matched
7	20	3	7	20	3	1.0	matched
7	20	4	7	20	4	1.0	matched
7	20	5	7	20	5	1.0	matched
7	20	6	7	20	6	1.0	matched
7	20	7	7	20	7	1.0	matched
7	20	8	7	20	8	1.0	matched
7	20	9	7	20	9	1.0	matched
7	20	10	7	20	10	1.0	matched
7	20	11	7	20	11	1.0	matched
7	20	12	7	20	12	1.0	matched
7	20	13	7	20	13	1.0	matched
7	20	14	7	20	14	1.0	matched
7	20	15	7	20	15	1.0	matched
7	20	16	7	20	16	1.0	matched
7	20	17	7	20	17	1.0	matched
7	20	18	7	20	18	1.0	matched
7	20	19	7	20	19	1.0	matched
7	20	20	7	20	20	1.0	matched
7	20	21	7	20	21	1.0	matched
7	20	22	7	20	22	1.0	matched
7	20	23	7	20	23	1.0	matched
7	20	24	7	20	24	1.0	matched
7	20	25	7	20	25	1.0	matched
7	21	1	7	21	1	1.0	matched
7	21	2	7	21	2	1.0	matched
7	21	3	7	21	3	1.0	matched
7	21	4	7	21	4	1.0	matched
7	21	5	7	21	5	1.0	matched
7	21	6	7	21	6	1.0	matched
7	21	7	7	21	7	1.0	matched
7	21	8	7	21	8	1.0	matched
7	21	9	7	21	9	1.0	matched
7	21	10	7	21	10	1.0	matched
7	21	11	7	21	11	1.0	matched
7	21	12	7	21	12	1.0	matched
7	21	13	7	21	13	1.0	matched
7	21	14	7	21	14	1.0	matched
7	21	15	7	21	15	1.0	matched
7	21	16	7	21	16	1.0	matched
7	21	17	7	21	17	1.0	matched
7	21	18	7	21	18	1.0	matched
7	21	19	7	21	19	1.0	matched
7	21	20	7	21	20	1.0	matched
7	21	21	7	21	21	1.0	matched
7	21	22	7	21	22	1.0	matched
7	21	23	7	21	23	1.0	matched
7	21	24	7	21	24	0.893	matched
7	21	25	7	21	25	1.0	matched
7	21	26	7	21	26	1.0	matched
7	21	27	7	21	27	1.0	matched
7	21	28	7	21	28	1.0	matched
7	21	29	7	21	29	1.0	matched
7	22	1	7	22	1	1.0	matched
7	22	2	7	22	2	1.0	matched
7	22	3	7	22	3	1.0	matched
7	22	4	7	22	4	0.89	matched
7	22	5	7	22	5	1.0	matched
7	22	6	7	22	6	1.0	matched
7	22	7	7	22	7	1.0	matched
7	22	8	7	22	8	1.0	matched
7	22	9	7	22	9	1.0	matched
7	22	10	7	22	10	1.0	matched
7	22	11	7	22	11	1.0	matched
7	22	12	7	22	12	1.0	matched
7	22	13	7	22	13	1.0	matched
7	22	14	7	22	14	1.0	matched
7	22	15	7	22	15	1.0	matched
7	22	16	7	22	16	1.0	matched
7	22	17	7	22	17	1.0	matched
7	22	18	7	22	18	1.0	matched
7	22	19	7	22	19	1.0	matched
7	22	20	7	22	20	1.0	matched
7	22	21	7	22	21	1.0	matched
7	22	22	7	22	22	0.938	matched
7	22	23	7	22	23	1.0	matched
7	22	24	7	22	24	1.0	matched
7	22	25	7	22	25	1.0	matched
7	22	26	7	22	26	1.0	matched
7	22	27	7	22	27	1.0	matched
7	22	28	7	22	28	1.0	matched
7	22	29	7	22	29	1.0	matched
7	22	30	7	22	30	1.0	matched
7	22	31	7	22	31	1.0	matched
7	22	32	7	22	32	1.0	matched
7	22	33	7	22	33	1.0	matched
7	22	34	7	22	34	1.0	matched
7	22	35	7	22	35	1.0	matched
7	22	36	7	22	36	1.0	matched
7	22	37	7	22	37	1.0	matched
7	22	38	7	22	38	1.0	matched
7	22	39	7	22	39	1.0	matched
7	22	40	7	22	40	1.0	matched
7	22	41	7	22	41	1.0	matched
7	22	42	7	22	42	1.0	matched
7	22	43	7	22	43	1.0	matched
7	23	1	7	23	1	1.0	matched
7	23	2	7	23	2	1.0	matched
7	23	3	7	23	3	1.0	matched
7	23	4	7	23	4	1.0	matched
7	23	5	7	23	5	1.0	matched
7	23	6	7	23	6	1.0	matched
7	23	7	7	23	7	1.0	matched
7	23	8	7	23	8	1.0	matched
7	23	9	7	23	9	1.0	matched
7	23	10	7	23	10	1.0	matched
7	23	11	7	23	11	1.0	matched
7	23	12	7	23	12	1.0	matched
7	23	13	7	23	13	1.0	matched
7	23	14	7	23	14	1.0	matched
7	23	15	7	23	15	1.0	matched
7	23	16	7	23	16	1.0	matched
7	23	17	7	23	17	1.0	matched
7	23	18	7	23	18	1.0	matched
7	23	19	7	23	19	1.0	matched
7	23	20	7	23	20	1.0	matched
7	23	21	7	23	21	1.0	matched
7	23	22	7	23	22	1.0	matched
7	23	23	7	23	23	1.0	matched
7	23	24	7	23	24	1.0	matched
7	23	25	7	23	25	1.0	matched
7	23	26	7	23	26	1.0	matched
7	23	27	7	23	27	1.0	matched
7	23	28	7	23	28	1.0	matched
7	23	29	7	23	29	1.0	matched
7	23	30	7	23	30	1.0	matched
7	23	31	7	23	31	1.0	matched
7	23	32	7	23	32	1.0	matched
7	23	33	7	23	33	1.0	matched
7	23	34	7	23	34	1.0	matched
7	23	35	7	23	35	1.0	matched
7	23	36	7	23	36	1.0	matched
7	23	37	7	23	37	1.0	matched
7	23	38	7	23	38	1.0	matched
7	23	39	7	23	39	1.0	matched
7	23	40	7	23	40	1.0	matched
7	23	41	7	23	41	1.0	matched
7	23	42	7	23	42	1.0	matched
7	23	43	7	23	43	1.0	matched
7	23	44	7	23	44	1.0	matched
7	23	45	7	23	45	1.0	matched
7	23	46	7	23	46	1.0	matched
7	24	1	7	24	1	1.0	matched
7	24	2	7	24	2	1.0	matched
7	24	3	7	24	3	1.0	matched
7	24	4	7	24	4	0.938	matched
7	24	5	7	24	5	1.0	matched
7	24	6	7	24	6	1.0	matched
7	24	7	7	24	7	1.0	matched
7	24	8	7	24	8	1.0	matched
7	24	9	7	24	9	1.0	matched
7	24	10	7	24	10	1.0	matched
7	24	11	7	24	11	1.0	matched
7	24	12	7	24	12	1.0	matched
7	24	13	7	24	13	1.0	matched
7	24	14	7	24	14	1.0	matched
7	24	15	7	24	15	0.779	matched
7	24	16	7	24	16	0.908	matched
7	24	17	7	24	17	1.0	matched
7	24	18	7	24	18	1.0	matched
7	24	19	7	24	19	1.0	matched
7	24	20	7	24	20	1.0	matched
7	24	21	7	24	21	1.0	matched
7	24	22	7	24	22	1.0	matched
7	24	23	7	24	23	1.0	matched
7	24	24	7	24	24	1.0	matched
7	24	25	7	24	25	1.0	matched
7	24	26	7	24	26	1.0	matched
7	24	27	7	24	27	1.0	matched
7	24	28	7	24	28	1.0	matched
7	24	29	7	24	29	1.0	matched
7	24	30	7	24	30	1.0	matched
7	24	31	7	24	31	1.0	matched
7	24	32	7	24	32	1.0	matched
7	24	33	7	24	33	1.0	matched
7	24	34	7	24	34	1.0	matched
7	24	35	7	24	35	1.0	matched
7	25	1	7	25	1	1.0	matched
7	25	2	7	25	2	1.0	matched
7	25	3	7	25	3	1.0	matched
7	25	4	7	25	4	1.0	matched
7	25	5	7	25	5	1.0	matched
7	25	6	7	25	6	1.0	matched
7	25	7	7	25	7	1.0	matched
7	25	8	7	25	8	1.0	matched
7	25	9	7	25	9	1.0	matched
7	25	10	7	25	10	1.0	matched
7	25	11	7	25	11	1.0	matched
7	25	12	7	25	12	1.0	matched
7	25	13	7	25	13	0.917	matched
7	25	14	7	25	14	1.0	matched
7	25	15	7	25	15	1.0	matched
7	25	16	7	25	16	1.0	matched
7	25	17	7	25	17	0.934	matched
7	25	18	7	25	18	1.0	matched
7	25	19	7	25	19	1.0	matched
7	25	20	7	25	20	1.0	matched
7	25	21	7	25	21	1.0	matched
7	25	22	7	25	22	1.0	matched
7	25	23	7	25	23	1.0	matched
7	25	24	7	25	24	1.0	matched
7	25	25	7	25	25	1.0	matched
7	25	26	7	25	26	1.0	matched
7	25	27	7	25	27	1.0	matched
7	25	28	7	25	28	1.0	matched
7	25	29	7	25	29	1.0	matched
7	25	30	7	25	30	1.0	matched
7	25	31	7	25	31	1.0	matched
7	25	32	7	25	32	1.0	matched
7	25	33	7	25	33	1.0	matched
7	25	34	7	25	34	1.0	matched
7	25	35	7	25	35	1.0	matched
7	25	36	7	25	36	1.0	matched
7	25	37	7	25	37	1.0	matched
7	25	38	7	25	38	1.0	matched
7	25	39	7	25	39	1.0	matched
7	25	40	7	25	40	1.0	matched
7	25	41	7	25	41	1.0	matched
7	25	42	7	25	42	1.0	matched
7	25	43	7	25	43	1.0	matched
7	25	44	7	25	44	1.0	matched
7	25	45	7	25	45	1.0	matched
7	25	46	7	25	46	1.0	matched
7	25	47	7	25	47	1.0	matched
7	25	48	7	25	48	1.0	matched
7	25	49	7	25	49	1.0	matched
7	25	50	7	25	50	1.0	matched
7	26	1	7	26	1	1.0	matched
7	26	2	7	26	2	1.0	matched
7	26	3	7	26	3	1.0	matched
7	26	4	7	26	4	1.0	matched
7	26	5	7	26	5	1.0	matched
7	26	6	7	26	6	1.0	matched
7	26	7	7	26	7	1.0	matched
7	26	8	7	26	8	1.0	matched
7	26	9	7	26	9	1.0	matched
7	26	10	7	26	10	0.916	matched
7	26	11	7	26	11	1.0	matched
7	26	12	7	26	12	1.0	matched
7	26	13	7	26	13	1.0	matched
7	26	14	7	26	14	1.0	matched
7	26	15	7	26	15	1.0	matched
7	26	16	7	26	16	1.0	matched
7	26	17	7	26	17	1.0	matched
7	26	18	7	26	18	1.0	matched
7	26	19	7	26	19	1.0	matched
7	26	20	7	26	20	1.0	matched
7	26	21	7	26	21	1.0	matched
7	26	22	7	26	22	1.0	matched
7	26	23	7	26	23	1.0	matched
7	26	24	7	26	24	1.0	matched
7	26	25	7	26	25	1.0	matched
7	26	26	7	26	26	1.0	matched
7	26	27	7	26	27	1.0	matched
7	26	28	7	26	28	1.0	matched
7	26	29	7	26	29	1.0	matched
7	26	30	7	26	30	1.0	matched
7	26	31	7	26	31	1.0	matched
7	26	32	7	26	32	1.0	matched
7	26	33	7	26	33	1.0	matched
7	26	34	7	26	34	1.0	matched
7	26	35	7	26	35	1.0	matched
7	26	36	7	26	36	1.0	matched
7	26	37	7	26	37	1.0	matched
7	26	38	7	26	38	1.0	matched
7	26	39	7	26	39	1.0	matched
7	26	40	7	26	40	0.857	matched
7	26	41	7	26	41	1.0	matched
7	26	42	7	26	42	1.0	matched
7	26	43	7	26	43	1.0	matched
7	26	44	7	26	44	1.0	matched
7	26	45	7	26	45	1.0	matched
7	26	46	7	26	46	1.0	matched
7	26	47	7	26	47	1.0	matched
7	27	1	7	27	1	1.0	matched
7	27	2	7	27	2	1.0	matched
7	27	3	7	27	3	1.0	matched
7	27	4	7	27	4	1.0	matched
7	27	5	7	27	5	1.0	matched
7	27	6	7	27	6	1.0	matched
7	27	7	7	27	7	1.0	matched
7	27	8	7	27	8	1.0	matched
7	27	9	7	27	9	1.0	matched
7	27	10	7	27	10	1.0	matched
7	27	11	7	27	11	1.0	matched
7	27	12	7	27	12	1.0	matched
7	27	13	7	27	13	1.0	matched
7	27	14	7	27	14	1.0	matched
7	27	15	7	27	15	1.0	matched
7	27	16	7	27	16	1.0	matched
7	27	17	7	27	17	1.0	matched
7	27	18	7	27	18	1.0	matched
7	27	19	7	27	19	1.0	matched
7	27	20	7	27	20	1.0	matched
7	27	21	7	27	21	1.0	matched
7	27	22	7	27	22	1.0	matched
7	27	23	7	27	23	1.0	matched
7	27	24	7	27	24	1.0	matched
7	27	25	7	27	25	1.0	matched
7	27	26	7	27	26	1.0	matched
7	27	27	7	27	27	1.0	matched
7	27	28	7	27	28	1.0	matched
7	27	29	7	27	29	1.0	matched
7	27	30	7	27	30	1.0	matched
7	27	31	7	27	31	1.0	matched
7	27	32	7	27	32	1.0	matched
7	27	33	7	27	33	1.0	matched
7	27	34	7	27	34	1.0	matched
7	27	35	7	27	35	1.0	matched
7	27	36	7	27	36	1.0	matched
7	27	37	7	27	37	1.0	matched
7	27	38	7	27	38	1.0	matched
7	27	39	7	27	39	1.0	matched
7	27	40	7	27	40	1.0	matched
7	27	41	7	27	41	1.0	matched
7	27	42	7	27	42	1.0	matched
7	28	1	7	28	1	1.0	matched
7	28	2	7	28	2	1.0	matched
7	28	3	7	28	3	1.0	matched
7	28	4	7	28	4	1.0	matched
7	28	5	7	28	5	1.0	matched
7	28	6	7	28	6	1.0	matched
7	28	7	7	28	7	1.0	matched
7	28	8	7	28	8	1.0	matched
7	28	9	7	28	9	1.0	matched
7	28	10	7	28	10	1.0	matched
7	28	11	7	28	11	1.0	matched
7	28	12	7	28	12	1.0	matched
7	28	13	7	28	13	1.0	matched
7	28	14	7	28	14	1.0	matched
7	28	15	7	28	15	1.0	matched
7	28	16	7	28	16	1.0	matched
7	28	17	7	28	17	1.0	matched
7	28	18	7	28	18	1.0	matched
7	28	19	7	28	19	1.0	matched
7	28	20	7	28	20	1.0	matched
7	28	21	7	28	21	1.0	matched
7	28	22	7	28	22	1.0	matched
7	28	23	7	28	23	1.0	matched
7	28	24	7	28	24	1.0	matched
7	28	25	7	28	25	1.0	matched
7	28	26	7	28	26	1.0	matched
7	28	27	7	28	27	1.0	matched
7	28	28	7	28	28	1.0	matched
7	28	29	7	28	29	1.0	matched
7	28	30	7	28	30	1.0	matched
7	28	31	7	28	31	1.0	matched
7	28	32	7	28	32	1.0	matched
7	28	33	7	28	33	1.0	matched
7	28	34	7	28	34	1.0	matched
7	28	35	7	28	35	1.0	matched
7	28	36	7	28	36	1.0	matched
7	28	37	7	28	37	1.0	matched
7	28	38	7	28	38	1.0	matched
7	28	39	7	28	39	1.0	matched
7	28	40	7	28	40	1.0	matched
7	28	41	7	28	41	1.0	matched
7	28	42	7	28	42	1.0	matched
7	28	43	7	28	43	1.0	matched
7	28	44	7	28	44	1.0	matched
7	28	45	7	28	45	1.0	matched
7	28	46	7	28	46	1.0	matched
7	29	1	7	29	1	1.0	matched
7	29	2	7	29	2	1.0	matched
7	29	3	7	29	3	1.0	matched
7	29	4	7	29	4	1.0	matched
7	29	5	7	29	5	1.0	matched
7	29	6	7	29	6	1.0	matched
7	29	7	7	29	7	1.0	matched
7	29	8	7	29	8	1.0	matched
7	29	9	7	29	9	1.0	matched
7	29	10	7	29	10	1.0	matched
7	29	11	7	29	11	1.0	matched
7	29	12	7	29	12	1.0	matched
7	29	13	7	29	13	1.0	matched
7	29	14	7	29	14	1.0	matched
7	29	15	7	29	15	1.0	matched
7	29	16	7	29	16	1.0	matched
7	29	17	7	29	17	1.0	matched
7	29	18	7	29	18	1.0	matched
7	29	19	7	29	19	1.0	matched
7	29	20	7	29	20	1.0	matched
7	29	21	7	29	21	1.0	matched
7	29	22	7	29	22	1.0	matched
7	29	23	7	29	23	1.0	matched
7	29	24	7	29	24	1.0	matched
7	29	25	7	29	25	1.0	matched
7	29	26	7	29	26	1.0	matched
7	29	27	7	29	27	1.0	matched
7	29	28	7	29	28	1.0	matched
7	29	29	7	29	29	1.0	matched
7	29	30	7	29	30	1.0	matched
7	29	31	7	29	31	1.0	matched
7	29	32	7	29	32	1.0	matched
7	29	33	7	29	33	1.0	matched
7	29	34	7	29	34	1.0	matched
7	29	35	7	29	35	1.0	matched
7	29	36	7	29	36	1.0	matched
7	29	37	7	29	37	1.0	matched
7	29	38	7	29	38	1.0	matched
7	29	39	7	29	39	1.0	matched
7	29	40	7	29	40	1.0	matched
7	30	1	7	30	1	1.0	matched
7	30	2	7	30	2	1.0	matched
7	30	3	7	30	3	1.0	matched
7	30	4	7	30	4	1.0	matched
7	30	5	7	30	5	1.0	matched
7	30	6	7	30	6	1.0	matched
7	30	7	7	30	7	1.0	matched
7	30	8	7	30	8	1.0	matched
7	30	9	7	30	9	1.0	matched
7	30	10	7	30	10	1.0	matched
7	30	11	7	30	11	1.0	matched
7	30	12	7	30	12	1.0	matched
7	30	13	7	30	13	1.0	matched
7	30	14	7	30	14	1.0	matched
7	30	15	7	30	15	1.0	matched
7	30	16	7	30	16	0.904	matched
7	30	17	7	30	17	1.0	matched
7	30	18	7	30	18	1.0	matched
7	30	19	7	30	19	1.0	matched
7	30	20	7	30	20	1.0	matched
7	30	21	7	30	21	1.0	matched
7	30	22	7	30	22	1.0	matched
7	30	23	7	30	23	1.0	matched
7	30	24	7	30	24	1.0	matched
7	30	25	7	30	25	1.0	matched
7	30	26	7	30	26	1.0	matched
7	30	27	7	30	27	1.0	matched
7	30	28	7	30	28	1.0	matched
7	30	29	7	30	29	1.0	matched
7	30	30	7	30	30	1.0	matched
7	30	31	7	30	31	1.0	matched
7	30	32	7	30	32	1.0	matched
7	30	33	7	30	33	1.0	matched
7	30	34	7	30	34	1.0	matched
7	30	35	7	30	35	1.0	matched
7	30	36	7	30	36	1.0	matched
7	30	37	7	30	37	1.0	matched
7	30	38	7	30	38	1.0	matched
7	30	39	7	30	39	1.0	matched
7	30	40	7	30	40	1.0	matched
7	30	41	7	30	41	1.0	matched
7	30	42	7	30	42	1.0	matched
7	31	1	7	31	1	1.0	matched
7	31	2	7	31	2	1.0	matched
7	31	3	7	31	3	1.0	matched
7	31	4	7	31	4	1.0	matched
7	31	5	7	31	5	1.0	matched
7	31	6	7	31	6	1.0	matched
7	31	7	7	31	7	1.0	matched
7	31	8	7	31	8	1.0	matched
7	31	9	7	31	9	1.0	matched
7	31	10	7	31	10	1.0	matched
7	31	11	7	31	11	1.0	matched
7	31	12	7	31	12	1.0	matched
7	31	13	7	31	13	1.0	matched
7	31	14	7	31	14	1.0	matched
7	31	15	7	31	15	1.0	matched
7	31	16	7	31	16	1.0	matched
7	31	17	7	31	17	1.0	matched
7	31	18	7	31	18	1.0	matched
7	31	19	7	31	19	1.0	matched
7	31	20	7	31	20	1.0	matched
7	31	21	7	31	21	1.0	matched
7	31	22	7	31	22	1.0	matched
7	31	23	7	31	23	1.0	matched
7	31	24	7	31	24	1.0	matched
7	31	25	7	31	25	1.0	matched
7	31	26	7	31	26	1.0	matched
7	31	27	7	31	27	1.0	matched
7	31	28	7	31	28	1.0	matched
7	31	29	7	31	29	1.0	matched
7	31	30	7	31	30	1.0	matched
7	31	31	7	31	31	1.0	matched
7	31	32	7	31	32	1.0	matched
7	31	33	7	31	33	1.0	matched
7	31	34	7	31	34	1.0	matched
7	31	35	7	31	35	1.0	matched
7	31	36	7	31	36	1.0	matched
7	31	37	7	31	37	1.0	matched
7	31	38	7	31	38	1.0	matched
7	31	39	7	31	39	1.0	matched
7	31	40	7	31	40	1.0	matched
7	32	1	7	32	1	1.0	matched
7	32	2	7	32	2	0.902	matched
7	32	3	7	32	3	1.0	matched
7	32	4	7	32	4	1.0	matched
7	32	5	7	32	5	1.0	matched
7	32	6	7	32	6	1.0	matched
7	32	7	7	32	7	1.0	matched
7	32	8	7	32	8	1.0	matched
7	32	9	7	32	9	1.0	matched
7	32	10	7	32	10	1.0	matched
7	32	11	7	32	11	1.0	matched
7	32	12	7	32	12	1.0	matched
7	32	13	7	32	13	1.0	matched
7	32	14	7	32	14	1.0	matched
7	32	15	7	32	15	1.0	matched
7	32	16	7	32	16	1.0	matched
7	32	17	7	32	17	1.0	matched
7	32	18	7	32	18	1.0	matched
7	32	19	7	32	19	1.0	matched
7	32	20	7	32	20	1.0	matched
7	32	21	7	32	21	1.0	matched
7	32	22	7	32	22	1.0	matched
7	32	23	7	32	23	1.0	matched
7	32	24	7	32	24	1.0	matched
7	32	25	7	32	25	1.0	matched
7	32	26	7	32	26	1.0	matched
7	32	27	7	32	27	1.0	matched
7	32	28	7	32	28	1.0	matched
7	32	29	7	32	29	1.0	matched
7	32	30	7	32	30	1.0	matched
7	32	31	7	32	31	1.0	matched
7	32	32	7	32	32	1.0	matched
7	32	33	7	32	33	1.0	matched
7	32	34	7	32	34	1.0	matched
7	32	35	7	32	35	1.0	matched
7	32	36	7	32	36	1.0	matched
7	32	37	7	32	37	1.0	matched
7	32	38	7	32	38	1.0	matched
7	32	39	7	32	39	1.0	matched
7	32	40	7	32	40	1.0	matched
7	32	41	7	32	41	1.0	matched
7	32	42	7	32	42	1.0	matched
7	32	43	7	32	43	1.0	matched
7	32	44	7	32	44	1.0	matched
7	32	45	7	32	45	1.0	matched
7	32	46	7	32	46	1.0	matched
7	32	47	7	32	47	1.0	matched
7	32	48	7	32	48	1.0	matched
7	32	49	7	32	49	1.0	matched
7	32	50	7	32	50	1.0	matched
7	32	51	7	32	51	1.0	matched
7	32	52	7	32	52	1.0	matched
7	32	53	7	32	53	1.0	matched
7	32	54	7	32	54	1.0	matched
7	32	55	7	32	55	1.0	matched
7	32	56	7	32	56	1.0	matched
7	32	57	7	32	57	1.0	matched
7	32	58	7	32	58	1.0	matched
7	32	59	7	32	59	1.0	matched
7	32	60	7	32	60	1.0	matched
7	32	61	7	32	61	1.0	matched
7	32	62	7	32	62	1.0	matched
7	32	63	7	32	63	1.0	matched
7	32	64	7	32	64	1.0	matched
7	32	65	7	32	65	1.0	matched
7	32	66	7	32	66	0.831	matched
7	32	67	7	32	67	1.0	matched
7	32	68	7	32	68	1.0	matched
7	32	69	7	32	69	1.0	matched
7	32	70	7	32	70	1.0	matched
7	32	71	7	32	71	1.0	matched
7	32	72	7	32	72	0.926	matched
7	33	1	7	33	1	1.0	matched
7	33	2	7	33	2	1.0	matched
7	33	3	7	33	3	1.0	matched
7	33	4	7	33	4	1.0	matched
7	33	5	7	33	5	1.0	matched
7	33	6	7	33	6	1.0	matched
7	33	7	7	33	7	1.0	matched
7	33	8	7	33	8	1.0	matched
7	33	9	7	33	9	1.0	matched
7	33	10	7	33	10	1.0	matched
7	33	11	7	33	11	1.0	matched
7	33	12	7	33	12	1.0	matched
7	33	13	7	33	13	1.0	matched
7	33	14	7	33	14	1.0	matched
7	33	15	7	33	15	1.0	matched
7	33	16	7	33	16	1.0	matched
7	33	17	7	33	17	1.0	matched
7	33	18	7	33	18	1.0	matched
7	33	19	7	33	19	1.0	matched
7	33	20	7	33	20	1.0	matched
7	33	21	7	33	21	1.0	matched
7	33	22	7	33	22	1.0	matched
7	33	23	7	33	23	1.0	matched
7	34	1	7	34	1	1.0	matched
7	34	2	7	34	2	1.0	matched
7	34	3	7	34	3	1.0	matched
7	34	4	7	34	4	1.0	matched
7	34	5	7	34	5	1.0	matched
7	34	6	7	34	6	1.0	matched
7	34	7	7	34	7	1.0	matched
7	34	8	7	34	8	1.0	matched
7	34	9	7	34	9	1.0	matched
7	34	10	7	34	10	1.0	matched
7	34	11	7	34	11	1.0	matched
7	34	12	7	34	12	1.0	matched
7	34	13	7	34	13	1.0	matched
7	34	14	7	34	14	1.0	matched
7	34	15	7	34	15	1.0	matched
7	34	16	7	34	16	1.0	matched
7	34	17	7	34	17	1.0	matched
7	34	18	7	34	18	1.0	matched
7	34	19	7	34	19	1.0	matched
7	34	20	7	34	20	1.0	matched
7	34	21	7	34	21	0.931	matched
7	34	22	7	34	22	1.0	matched
7	34	23	7	34	23	1.0	matched
7	34	24	7	34	24	1.0	matched
7	34	25	7	34	25	1.0	matched
7	34	26	7	34	26	1.0	matched
7	34	27	7	34	27	1.0	matched
7	34	28	7	34	28	1.0	matched
7	34	29	7	34	29	1.0	matched
7	34	30	7	34	30	1.0	matched
7	34	31	7	34	31	1.0	matched
7	34	32	7	34	32	1.0	matched
7	34	33	7	34	33	1.0	matched
7	34	34	7	34	34	1.0	matched
7	34	35	7	34	35	1.0	matched
7	34	36	7	34	36	1.0	matched
7	34	37	7	34	37	1.0	matched
7	34	38	7	34	38	1.0	matched
7	34	39	7	34	39	1.0	matched
7	34	40	7	34	40	1.0	matched
7	34	41	7	34	41	1.0	matched
7	34	42	7	34	42	1.0	matched
7	34	43	7	34	43	1.0	matched
7	34	44	7	34	44	0.909	matched
7	35	1	7	35	1	1.0	matched
7	35	2	7	35	2	1.0	matched
7	35	3	7	35	3	1.0	matched
7	35	4	7	35	4	1.0	matched
7	35	5	7	35	5	1.0	matched
7	35	6	7	35	6	1.0	matched
7	35	7	7	35	7	1.0	matched
7	35	8	7	35	8	1.0	matched
7	35	9	7	35	9	1.0	matched
7	35	10	7	35	10	1.0	matched
7	35	11	7	35	11	1.0	matched
7	35	12	7	35	12	1.0	matched
7	35	13	7	35	13	1.0	matched
7	35	14	7	35	14	1.0	matched
7	35	15	7	35	15	1.0	matched
7	35	16	7	35	16	1.0	matched
7	35	17	7	35	17	1.0	matched
7	35	18	7	35	18	1.0	matched
7	35	19	7	35	19	1.0	matched
7	35	20	7	35	20	1.0	matched
7	35	21	7	35	21	1.0	matched
7	35	22	7	35	22	1.0	matched
7	35	23	7	35	23	1.0	matched
7	35	24	7	35	24	1.0	matched
7	35	25	7	35	25	1.0	matched
7	35	26	7	35	26	1.0	matched
7	35	27	7	35	27	1.0	matched
7	35	28	7	35	28	1.0	matched
7	35	29	7	35	29	1.0	matched
7	35	30	7	35	30	1.0	matched
7	35	31	7	35	31	1.0	matched
7	35	32	7	35	32	1.0	matched
7	35	33	7	35	33	1.0	matched
7	35	34	7	35	34	1.0	matched
7	35	35	7	35	35	1.0	matched
7	35	36	7	35	36	1.0	matched
7	35	37	7	35	37	1.0	matched
7	35	38	7	35	38	1.0	matched
7	35	39	7	35	39	1.0	matched
7	35	40	7	35	40	1.0	matched
7	35	41	7	35	41	1.0	matched
7	35	42	7	35	42	1.0	matched
7	35	43	7	35	43	1.0	matched
7	35	44	7	35	44	1.0	matched
7	35	45	7	35	45	1.0	matched
7	35	46	7	35	46	1.0	matched
7	35	47	7	35	47	1.0	matched
7	35	48	7	35	48	1.0	matched
7	35	49	7	35	49	1.0	matched
7	35	50	7	35	50	1.0	matched
7	35	51	7	35	51	1.0	matched
7	35	52	7	35	52	1.0	matched
7	35	53	7	35	53	1.0	matched
7	35	54	7	35	54	1.0	matched
7	35	55	7	35	55	1.0	matched
7	35	56	7	35	56	1.0	matched
7	35	57	7	35	57	1.0	matched
7	35	58	7	35	58	1.0	matched
7	35	59	7	35	59	1.0	matched
7	35	60	7	35	60	1.0	matched
7	35	61	7	35	61	1.0	matched
7	35	62	7	35	62	1.0	matched
7	35	63	7	35	63	1.0	matched
7	35	64	7	35	64	1.0	matched
7	35	65	7	35	65	1.0	matched
7	36	1	7	36	1	1.0	matched
7	36	2	7	36	2	1.0	matched
7	36	3	7	36	3	1.0	matched
7	36	4	7	36	4	1.0	matched
7	36	5	7	36	5	1.0	matched
7	36	6	7	36	6	1.0	matched
7	36	7	7	36	7	1.0	matched
7	36	8	7	36	8	1.0	matched
7	36	9	7	36	9	1.0	matched
7	36	10	7	36	10	1.0	matched
7	36	11	7	36	11	1.0	matched
7	36	12	7	36	12	1.0	matched
7	36	13	7	36	13	1.0	matched
7	36	14	7	36	14	1.0	matched
7	36	15	7	36	15	1.0	matched
7	36	16	7	36	16	0.878	matched
7	36	17	7	36	17	1.0	matched
7	36	18	7	36	18	1.0	matched
7	36	19	7	36	19	1.0	matched
7	36	20	7	36	20	1.0	matched
7	36	21	7	36	21	1.0	matched
7	36	22	7	36	22	1.0	matched
7	36	23	7	36	23	1.0	matched
7	36	24	7	36	24	1.0	matched
7	36	25	7	36	25	1.0	matched
7	36	26	7	36	26	1.0	matched
7	36	27	7	36	27	1.0	matched
7	36	28	7	36	28	1.0	matched
7	36	29	7	36	29	1.0	matched
7	36	30	7	36	30	1.0	matched
7	36	31	7	36	31	1.0	matched
7	36	32	7	36	32	1.0	matched
7	36	33	7	36	33	1.0	matched
7	36	34	7	36	34	1.0	matched
7	36	35	7	36	35	1.0	matched
7	36	36	7	36	36	0.91	matched
7	36	37	7	36	37	1.0	matched
7	36	38	7	36	38	1.0	matched
7	36	39	7	36	39	1.0	matched
7	36	40	7	36	40	1.0	matched
7	36	41	7	36	41	1.0	matched
7	36	42	7	36	42	1.0	matched
7	36	43	7	36	43	0.989	matched
7	36	44	7	36	44	1.0	matched
7	36	45	7	36	45	1.0	matched
7	36	46	7	36	46	1.0	matched
7	37	1	7	37	1	1.0	matched
7	37	2	7	37	2	1.0	matched
7	37	3	7	37	3	1.0	matched
7	37	4	7	37	4	1.0	matched
7	37	5	7	37	5	1.0	matched
7	37	6	7	37	6	1.0	matched
7	37	7	7	37	7	1.0	matched
7	37	8	7	37	8	1.0	matched
7	37	9	7	37	9	1.0	matched
7	37	10	7	37	10	1.0	matched
7	37	11	7	37	11	1.0	matched
7	37	12	7	37	12	1.0	matched
7	37	13	7	37	13	1.0	matched
7	37	14	7	37	14	0.667	matched
7	37	15					southern_only
7	38	1	7	38	1	1.0	matched
7	38	2	7	38	2	1.0	matched
7	38	3	7	38	3	1.0	matched
7	38	4	7	38	4	1.0	matched
7	38	5	7	38	5	1.0	matched
7	38	6	7	38	6	1.0	matched
7	38	7	7	38	7	1.0	matched
7	38	8	7	38	8	1.0	matched
7	38	9	7	38	9	1.0	matched
7	38	10	7	38	10	1.0	matched
7	38	11	7	38	11	1.0	matched
7	38	12	7	38	12	1.0	matched
7	38	13	7	38	13	1.0	matched
7	38	14	7	38	14	1.0	matched
7	38	15	7	38	15	1.0	matched
7	38	16	7	38	16	1.0	matched
7	38	17	7	38	17	1.0	matched
7	39	1	7	39	1	1.0	matched
7	39	2	7	39	2	1.0	matched
7	39	3	7	39	3	1.0	matched
7	39	4	7	39	4	1.0	matched
7	39	5	7	39	5	1.0	matched
7	39	6	7	39	6	1.0	matched
7	39	7	7	39	7	1.0	matched
7	39	8	7	39	8	1.0	matched
7	39	9	7	39	9	0.837	matched
7	39	10	7	39	10	1.0	matched
7	39	11	7	39	11	1.0	matched
7	39	12	7	39	12	0.875	matched
7	39	13	7	39	13	1.0	matched
7	39	14	7	39	14	0.895	matched
7	39	15	7	39	15	1.0	matched
7	39	16	7	39	16	1.0	matched
7	39	17	7	39	17	1.0	matched
7	39	18	7	39	18	1.0	matched
7	39	19	7	39	19	1.0	matched
7	39	20	7	39	20	1.0	matched
7	39	21	7	39	21	1.0	matched
7	39	22	7	39	22	1.0	matched
7	39	23	7	39	23	1.0	matched
7	39	24	7	39	24	1.0	matched
7	40	1	7	40	1	1.0	matched
7	40	2	7	40	2	1.0	matched
7	40	3	7	40	3	0.869	matched
7	40	4	7	40	4	1.0	matched
7	40	5	7	40	5	1.0	matched
7	40	6	7	40	6	1.0	matched
7	40	7	7	40	7	1.0	matched
7	40	8	7	40	8	1.0	matched
7	40	9	7	40	9	1.0	matched
7	40	10	7	40	10	1.0	matched
7	40	11	7	40	11	1.0	matched
7	40	12	7	40	12	1.0	matched
7	40	13	7	40	13	1.0	matched
7	40	14	7	40	14	1.0	matched
7	40	15	7	40	15	1.0	matched
7	40	16	7	40	16	1.0	matched
7	40	17	7	40	17	1.0	matched
7	40	18	7	40	18	1.0	matched
7	41	1	7	41	1	1.0	matched
7	41	2	7	41	2	1.0	matched
7	41	3	7	41	3	1.0	matched
7	41	4	7	41	4	1.0	matched
7	41	5	7	41	5	1.0	matched
7	41	6	7	41	6	1.0	matched
7	41	7	7	41	7	1.0	matched
7	41	8	7	41	8	1.0	matched
7	41	9	7	41	9	1.0	matched
7	41	10	7	41	10	1.0	matched
7	41	11	7	41	11	1.0	matched
7	41	12	7	41	12	1.0	matched
7	41	13	7	41	13	1.0	matched
7	41	14	7	41	14	1.0	matched
7	41	15	7	41	15	1.0	matched
7	41	16	7	41	16	0.897	matched
7	41	17	7	41	17	1.0	matched
7	41	18	7	41	18	1.0	matched
7	41	19	7	41	19	1.0	matched
7	41	20	7	41	20	1.0	matched
7	41	21	7	41	21	1.0	matched
7	41	22	7	41	22	1.0	matched
7	41	23	7	41	23	1.0	matched
7	41	24	7	41	24	1.0	matched
7	41	25	7	41	25	1.0	matched
7	41	26	7	41	26	1.0	matched
7	41	27	7	41	27	1.0	matched
7	42	1	7	42	1	1.0	matched
7	42	2	7	42	2	1.0	matched
7	42	3	7	42	3	0.905	matched
7	42	4	7	42	4	1.0	matched
7	42	5	7	42	5	1.0	matched
7	42	6	7	42	6	1.0	matched
7	42	7	7	42	7	1.0	matched
7	42	8	7	42	8	1.0	matched
7	42	9	7	42	9	1.0	matched
7	42	10	7	42	10	1.0	matched
7	42	11	7	42	11	1.0	matched
7	42	12	7	42	12	1.0	matched
7	42	13	7	42	13	1.0	matched
7	42	14	7	42	14	1.0	matched
7	42	15	7	42	15	1.0	matched
7	42	16	7	42	16	1.0	matched
7	42	17	7	42	17	1.0	matched
7	42	18	7	42	18	1.0	matched
7	42	19	7	42	19	1.0	matched
7	42	20	7	42	20	1.0	matched
7	42	21	7	42	21	1.0	matched
7	42	22	7	42	22	1.0	matched
7	42	23	7	42	23	1.0	matched
7	43	1	7	43	1	1.0	matched
7	43	2	7	43	2	1.0	matched
7	43	3	7	43	3	1.0	matched
7	43	4	7	43	4	0.901	matched
7	43	5	7	43	5	1.0	matched
7	43	6	7	43	6	1.0	matched
7	43	7	7	43	7	1.0	matched
7	43	8	7	43	8	1.0	matched
7	43	9	7	43	9	1.0	matched
7	43	10	7	43	10	1.0	matched
7	43	11	7	43	11	1.0	matched
7	43	12	7	43	12	1.0	matched
7	43	13	7	43	13	1.0	matched
7	43	14	7	43	14	1.0	matched
7	43	15	7	43	15	1.0	matched
7	43	16	7	43	16	1.0	matched
7	43	17	7	43	17	1.0	matched
7	43	18	7	43	18	1.0	matched
7	43	19	7	43	19	1.0	matched
7	44	1	7	44	1	1.0	matched
7	44	2	7	44	2	1.0	matched
7	44	3	7	44	3	1.0	matched
7	44	4	7	44	4	1.0	matched
7	44	5	7	44	5	1.0	matched
7	44	6	7	44	6	1.0	matched
7	44	7	7	44	7	1.0	matched
7	44	8	7	44	8	1.0	matched
7	44	9	7	44	9	1.0	matched
7	44	10	7	44	10	1.0	matched
7	44	11	7	44	11	1.0	matched
7	44	12	7	44	12	1.0	matched
7	44	13	7	44	13	1.0	matched
7	44	14	7	44	14	1.0	matched
7	44	15	7	44	15	1.0	matched
7	44	16	7	44	16	1.0	matched
7	44	17	7	44	17	1.0	matched
7	44	18	7	44	18	1.0	matched
7	44	19	7	44	19	1.0	matched
7	44	20	7	44	20	1.0	matched
7	44	21	7	44	21	1.0	matched
7	44	22	7	44	22	1.0	matched
7	45	1	7	45	1	1.0	matched
7	45	2	7	45	2	1.0	matched
7	45	3	7	45	3	1.0	matched
7	45	4	7	45	4	1.0	matched
7	45	5	7	45	5	1.0	matched
7	45	6	7	45	6	1.0	matched
7	45	7	7	45	7	1.0	matched
7	45	8	7	45	8	1.0	matched
7	45	9	7	45	9	1.0	matched
7	45	10	7	45	10	1.0	matched
7	45	11	7	45	11	1.0	matched
7	45	12	7	45	12	1.0	matched
7	45	13	7	45	13	1.0	matched
7	45	14	7	45	14	1.0	matched
7	45	15	7	45	15	1.0	matched
7	45	16	7	45	16	1.0	matched
7	45	17	7	45	17	1.0	matched
7	45	18	7	45	18	1.0	matched
7	45	19	7	45	19	1.0	matched
7	45	20	7	45	20	0.907	matched
7	45	21	7	45	21	1.0	matched
7	45	22	7	45	22	1.0	matched
7	45	23	7	45	23	1.0	matched
7	45	24	7	45	24	1.0	matched
7	45	25	7	45	25	1.0	matched
7	45	26	7	45	26	1.0	matched
7	45	27	7	45	27	1.0	matched
7	45	28	7	45	28	1.0	matched
7	46	1	7	46	1	1.0	matched
7	46	2	7	46	2	1.0	matched
7	46	3	7	46	3	1.0	matched
7	46	4	7	46	4	1.0	matched
7	46	5	7	46	5	1.0	matched
7	46	6	7	46	6	1.0	matched
7	46	7	7	46	7	1.0	matched
7	46	8	7	46	8	1.0	matched
7	46	9	7	46	9	1.0	matched
7	46	10	7	46	10	1.0	matched
7	46	11	7	46	11	1.0	matched
7	46	12	7	46	12	1.0	matched
7	46	13	7	46	13	1.0	matched
7	46	14	7	46	14	1.0	matched
7	46	15	7	46	15	1.0	matched
7	46	16	7	46	16	1.0	matched
7	46	17	7	46	17	1.0	matched
7	46	18	7	46	18	1.0	matched
7	47	1	7	47	1	1.0	matched
7	47	2	7	47	2	1.0	matched
7	47	3	7	47	3	1.0	matched
7	47	4	7	47	4	1.0	matched
7	47	5	7	47	5	1.0	matched
7	47	6	7	47	6	1.0	matched
7	47	7	7	47	7	1.0	matched
7	47	8	7	47	8	1.0	matched
7	47	9	7	47	9	1.0	matched
7	47	10	7	47	10	1.0	matched
7	47	11	7	47	11	1.0	matched
7	47	12	7	47	12	1.0	matched
7	47	13	7	47	13	1.0	matched
7	47	14	7	47	14	1.0	matched
7	47	15	7	47	15	1.0	matched
7	47	16	7	47	16	1.0	matched
7	47	17	7	47	17	1.0	matched
7	47	18	7	47	18	1.0	matched
7	48	1	7	48	1	1.0	matched
7	48	2	7	48	2	1.0	matched
7	48	3	7	48	3	1.0	matched
7	48	4	7	48	4	1.0	matched
7	48	5	7	48	5	1.0	matched
7	48	6	7	48	6	0.902	matched
7	48	7	7	48	7	1.0	matched
7	48	8	7	48	8	1.0	matched
7	48	9	7	48	9	1.0	matched
7	48	10	7	48	10	1.0	matched
7	48	11	7	48	11	1.0	matched
7	48	12	7	48	12	1.0	matched
7	48	13	7	48	13	1.0	matched
7	48	14	7	48	14	1.0	matched
7	48	15	7	48	15	1.0	matched
7	48	16	7	48	16	1.0	matched
7	48	17	7	48	17	1.0	matched
7	48	18	7	48	18	1.0	matched
7	48	19	7	48	19	1.0	matched
7	48	20	7	48	20	1.0	matched
7	49	1	7	49	1	1.0	matched
7	49	2	7	49	2	1.0	matched
7	49	3	7	49	3	1.0	matched
7	49	4	7	49	4	1.0	matched
7	49	5	7	49	5	1.0	matched
7	49	6	7	49	6	1.0	matched
7	49	7	7	49	7	1.0	matched
7	49	8	7	49	8	1.0	matched
7	49	9	7	49	9	1.0	matched
7	49	10	7	49	10	1.0	matched
7	49	11	7	49	11	1.0	matched
7	49	12	7	49	12	1.0	matched
7	49	13	7	49	13	1.0	matched
7	49	14	7	49	14	1.0	matched
7	49	15	7	49	15	1.0	matched
7	49	16	7	49	16	1.0	matched
7	49	17	7	49	17	1.0	matched
7	49	18	7	49	18	1.0	matched
7	50	1	7	50	1	1.0	matched
7	50	2	7	50	2	1.0	matched
7	50	3	7	50	3	1.0	matched
7	50	4	7	50	4	1.0	matched
7	50	5	7	50	5	1.0	matched
7	50	6	7	50	6	1.0	matched
7	50	7	7	50	7	1.0	matched
7	50	8	7	50	8	1.0	matched
7	50	9	7	50	9	1.0	matched
7	50	10	7	50	10	1.0	matched
7	50	11	7	50	11	1.0	matched
7	50	12	7	50	12	1.0	matched
7	50	13	7	50	13	1.0	matched
7	50	14	7	50	14	1.0	matched
7	50	15	7	50	15	1.0	matched
7	50	16	7	50	16	1.0	matched
7	50	17	7	50	17	1.0	matched
7	50	18	7	50	18	1.0	matched
7	50	19	7	50	19	1.0	matched
7	50	20	7	50	20	1.0	matched
7	51	1	7	51	1	1.0	matched
7	51	2	7	51	2	1.0	matched
7	51	3	7	51	3	1.0	matched
7	51	4	7	51	4	0.896	matched
7	51	5	7	51	5	1.0	matched
7	51	6	7	51	6	1.0	matched
7	51	7	7	51	7	1.0	matched
7	51	8	7	51	8	1.0	matched
7	51	9	7	51	9	1.0	matched
7	51	10	7	51	10	1.0	matched
7	51	11	7	51	11	1.0	matched
7	51	12	7	51	12	1.0	matched
7	51	13	7	51	13	1.0	matched
7	51	14	7	51	14	1.0	matched
7	51	15	7	51	15	1.0	matched
7	51	16	7	51	16	1.0	matched
7	52	1	7	52	1	1.0	matched
7	52	2	7	52	2	1.0	matched
7	52	3	7	52	3	1.0	matched
7	52	4	7	52	4	1.0	matched
7	52	5	7	52	5	1.0	matched
7	52	6	7	52	6	1.0	matched
7	52	7	7	52	7	1.0	matched
7	52	8	7	52	8	1.0	matched
7	52	9	7	52	9	1.0	matched
7	52	10	7	52	10	1.0	matched
7	52	11	7	52	11	1.0	matched
7	52	12	7	52	12	1.0	matched
7	52	13	7	52	13	1.0	matched
7	52	14	7	52	14	1.0	matched
7	52	15	7	52	15	1.0	matched
7	52	16	7	52	16	0.941	matched
7	53	1	7	53	1	1.0	matched
7	53	2	7	53	2	1.0	matched
7	53	3	7	53	3	1.0	matched
7	53	4	7	53	4	1.0	matched
7	53	5	7	53	5	1.0	matched
7	53	6	7	53	6	1.0	matched
7	53	7	7	53	7	1.0	matched
7	53	8	7	53	8	1.0	matched
7	53	9	7	53	9	1.0	matched
7	53	10	7	53	10	1.0	matched
7	53	11	7	53	11	1.0	matched
7	53	12	7	53	12	1.0	matched
7	53	13	7	53	13	1.0	matched
7	53	14	7	53	14	1.0	matched
7	53	15	7	53	15	0.916	matched
7	53	16	7	53	16	0.844	matched
7	53	17	7	53	17	1.0	matched
7	53	18	7	53	18	1.0	matched
7	53	19	7	53	19	1.0	matched
7	53	20	7	53	20	1.0	matched
7	53	21	7	53	21	1.0	matched
7	53	22	7	53	22	1.0	matched
7	53	23	7	53	23	1.0	matched
7	54	1	7	54	1	1.0	matched
7	54	2	7	54	2	1.0	matched
7	54	3	7	54	3	1.0	matched
7	54	4	7	54	4	1.0	matched
7	54	5	7	54	5	1.0	matched
7	54	6	7	54	6	1.0	matched
7	54	7	7	54	7	1.0	matched
7	54	8	7	54	8	1.0	matched
7	54	9	7	54	9	1.0	matched
7	54	10	7	54	10	1.0	matched
7	54	11	7	54	11	1.0	matched
7	54	12	7	54	12	1.0	matched
7	54	13	7	54	13	1.0	matched
7	54	14	7	54	14	1.0	matched
7	54	15	7	54	15	1.0	matched
7	54	16	7	54	16	1.0	matched
7	54	17	7	54	17	1.0	matched
7	54	18	7	54	18	1.0	matched
7	54	19	7	54	19	1.0	matched
7	54	20	7	54	20	1.0	matched
7	54	21	7	54	21	1.0	matched
7	55	1	7	55	1	1.0	matched
7	55	2	7	55	2	1.0	matched
7	55	3	7	55	3	1.0	matched
7	55	4	7	55	4	1.0	matched
7	55	5	7	55	5	1.0	matched
7	55	6	7	55	6	1.0	matched
7	55	7	7	55	7	1.0	matched
7	55	8	7	55	8	1.0	matched
7	55	9	7	55	9	1.0	matched
7	55	10	7	55	10	1.0	matched
7	55	11	7	55	11	1.0	matched
7	55	12	7	55	12	1.0	matched
7	55	13	7	55	13	1.0	matched
7	55	14	7	55	14	1.0	matched
7	55	15	7	55	15	1.0	matched
7	55	16	7	55	16	1.0	matched
7	55	17	7	55	17	1.0	matched
7	55	18	7	55	18	1.0	matched
7	55	19	7	55	19	1.0	matched
7	55	20	7	55	20	1.0	matched
7	56	1	7	56	1	1.0	matched
7	56	2	7	56	2	1.0	matched
7	56	3	7	56	3	1.0	matched
7	56	4	7	56	4	1.0	matched
7	56	5	7	56	5	1.0	matched
7	56	6	7	56	6	1.0	matched
7	56	7	7	56	7	1.0	matched
7	56	8	7	56	8	1.0	matched
7	56	9	7	56	9	1.0	matched
7	56	10	7	56	10	1.0	matched
7	56	11	7	56	11	1.0	matched
7	56	12	7	56	12	1.0	matched
7	56	13	7	56	13	1.0	matched
7	56	14	7	56	14	1.0	matched
7	56	15	7	56	15	1.0	matched
7	56	16	7	56	16	0.899	matched
7	56	17	7	56	17	1.0	matched
7	57	1	7	57	1	1.0	matched
7	57	2	7	57	2	1.0	matched
7	57	3	7	57	3	1.0	matched
7	57	4	7	57	4	1.0	matched
7	57	5	7	57	5	1.0	matched
7	57	6	7	57	6	1.0	matched
7	57	7	7	57	7	1.0	matched
7	57	8	7	57	8	1.0	matched
7	57	9	7	57	9	1.0	matched
7	57	10	7	57	10	1.0	matched
7	57	11	7	57	11	1.0	matched
7	57	12	7	57	12	1.0	matched
7	57	13	7	57	13	1.0	matched
7	57	14	7	57	14	1.0	matched
7	57	15	7	57	15	1.0	matched
7	57	16	7	57	16	1.0	matched
7	57	17	7	57	17	1.0	matched
7	57	18	7	57	18	1.0	matched
7	57	19	7	57	19	1.0	matched
7	57	20	7	57	20	1.0	matched
7	57	21	7	57	21	1.0	matched
7	57	22	7	57	22	1.0	matched
7	57	23	7	57	23	1.0	matched
7	57	24	7	57	24	1.0	matched
7	57	25	7	57	25	1.0	matched
7	57	26	7	57	26	1.0	matched
7	57	27	7	57	27	1.0	matched
7	57	28	7	57	28	1.0	matched
7	57	29	7	57	29	1.0	matched
7	57	30	7	57	30	0.918	matched
7	57	31	7	57	31	1.0	matched
7	57	32	7	57	32	1.0	matched
7	57	33	7	57	33	1.0	matched
7	57	34	7	57	34	1.0	matched
7	57	35	7	57	35	1.0	matched
7	58	1	7	58	1	0.899	matched
7	58	2	7	58	2	1.0	matched
7	58	3	7	58	3	1.0	matched
7	58	4	7	58	4	1.0	matched
7	58	5	7	58	5	1.0	matched
7	58	6	7	58	6	1.0	matched
7	58	7	7	58	7	1.0	matched
7	58	8	7	58	8	1.0	matched
7	58	9	7	58	9	1.0	matched
7	58	10	7	58	10	1.0	matched
7	58	11	7	58	11	1.0	matched
7	58	12	7	58	12	1.0	matched
7	58	13	7	58	13	1.0	matched
7	58	14	7	58	14	1.0	matched
7	59	1	7	59	1	1.0	matched
7	59	2	7	59	2	1.0	matched
7	59	3	7	59	3	1.0	matched
7	59	4	7	59	4	1.0	matched
7	59	5	7	59	5	1.0	matched
7	59	6	7	59	6	1.0	matched
7	59	7	7	59	7	1.0	matched
7	59	8	7	59	8	1.0	matched
7	59	9	7	59	9	1.0	matched
7	59	10	7	59	10	1.0	matched
7	59	11	7	59	11	1.0	matched
7	59	12	7	59	12	1.0	matched
7	59	13	7	59	13	1.0	matched
7	59	14	7	59	14	1.0	matched
7	59	15	7	59	15	1.0	matched
7	59	16	7	59	16	1.0	matched
7	59	17	7	59	17	1.0	matched
7	59	18	7	59	18	1.0	matched
7	59	19	7	59	19	1.0	matched
7	59	20	7	59	20	1.0	matched
7	59	21	7	59	21	1.0	matched
7	59	22	7	59	22	1.0	matched
7	59	23	7	59	23	1.0	matched
7	60	1	7	60	1	1.0	matched
7	60	2	7	60	2	1.0	matched
7	60	3	7	60	3	1.0	matched
7	60	4	7	60	4	1.0	matched
7	60	5	7	60	5	1.0	matched
7	60	6	7	60	6	1.0	matched
7	60	7	7	60	7	1.0	matched
7	60	8	7	60	8	1.0	matched
7	60	9	7	60	9	1.0	matched
7	60	10	7	60	10	1.0	matched
7	60	11	7	60	11	1.0	matched
7	60	12	7	60	12	1.0	matched
7	60	13	7	60	13	1.0	matched
7	60	14	7	60	14	1.0	matched
7	60	15	7	60	15	1.0	matched
7	60	16	7	60	16	1.0	matched
7	60	17	7	60	17	1.0	matched
7	60	18	7	60	18	1.0	matched
7	60	19	7	60	19	1.0	matched
7	61	1	7	61	1	1.0	matched
7	61	2	7	61	2	1.0	matched
7	61	3	7	61	3	1.0	matched
7	61	4	7	61	4	0.904	matched
7	61	5	7	61	5	1.0	matched
7	61	6	7	61	6	1.0	matched
7	61	7	7	61	7	1.0	matched
7	61	8	7	61	8	0.937	matched
7	61	9	7	61	9	1.0	matched
7	61	10	7	61	10	0.939	matched
7	61	11	7	61	11	1.0	matched
7	61	12	7	61	12	1.0	matched
7	61	13	7	61	13	1.0	matched
7	61	14	7	61	14	1.0	matched
7	61	15	7	61	15	1.0	matched
7	61	16	7	61	16	1.0	matched
7	61	17	7	61	17	1.0	matched
7	61	18	7	61	18	1.0	matched
7	61	19	7	61	19	1.0	matched
7	61	20	7	61	20	1.0	matched
7	61	21	7	61	21	1.0	matched
7	61	22	7	61	22	0.93	matched
7	61	23	7	61	23	1.0	matched
7	61	24	7	61	24	0.889	matched
7	61	25	7	61	25	1.0	matched
7	61	26	7	61	26	1.0	matched
7	61	27	7	61	27	1.0	matched
7	61	28	7	61	28	1.0	matched
7	61	29	7	61	29	1.0	matched
7	61	30	7	61	30	1.0	matched
7	61	31	7	61	31	1.0	matched
7	61	32	7	61	32	1.0	matched
7	61	33	7	61	33	1.0	matched
7	61	34	7	61	34	1.0	matched
7	61	35	7	61	35	1.0	matched
7	61	36	7	61	36	1.0	matched
7	61	37	7	61	37	1.0	matched
7	61	38	7	61	38	1.0	matched
7	62	1	7	62	1	1.0	matched
7	62	2	7	62	2	1.0	matched
7	62	3	7	62	3	1.0	matched
7	62	4	7	62	4	1.0	matched
7	62	5	7	62	5	1.0	matched
7	62	6	7	62	6	1.0	matched
7	62	7	7	62	7	1.0	matched
7	62	8	7	62	8	1.0	matched
7	62	9	7	62	9	1.0	matched
7	62	10	7	62	10	1.0	matched
7	62	11	7	62	11	1.0	matched
7	62	12	7	62	12	1.0	matched
7	62	13	7	62	13	1.0	matched
7	62	14	7	62	14	1.0	matched
7	63	1	7	63	1	1.0	matched
7	63	2	7	63	2	1.0	matched
7	63	3	7	63	3	1.0	matched
7	63	4	7	63	4	1.0	matched
7	63	5	7	63	5	1.0	matched
7	63	6	7	63	6	1.0	matched
7	63	7	7	63	7	1.0	matched
7	63	8	7	63	8	1.0	matched
7	63	9	7	63	9	1.0	matched
7	63	10	7	63	10	1.0	matched
7	63	11	7	63	11	1.0	matched
7	63	12	7	63	12	1.0	matched
7	63	13	7	63	13	1.0	matched
7	63	14	7	63	14	1.0	matched
7	63	15	7	63	15	1.0	matched
7	63	16	7	63	16	1.0	matched
7	63	17	7	63	17	1.0	matched
7	64	1	7	64	1	1.0	matched
7	64	2	7	64	2	1.0	matched
7	64	3	7	64	3	1.0	matched
7	64	4	7	64	4	1.0	matched
7	64	5	7	64	5	1.0	matched
7	64	6	7	64	6	1.0	matched
7	64	7	7	64	7	1.0	matched
7	64	8	7	64	8	1.0	matched
7	64	9	7	64	9	1.0	matched
7	64	10	7	64	10	1.0	matched
7	64	11	7	64	11	1.0	matched
7	64	12	7	64	12	1.0	matched
7	64	13	7	64	13	1.0	matched
7	64	14	7	64	14	1.0	matched
7	64	15	7	64	15	1.0	matched
7	65	1	7	65	1	1.0	matched
7	65	2	7	65	2	1.0	matched
7	65	3	7	65	3	1.0	matched
7	65	4	7	65	4	1.0	matched
7	65	5	7	65	5	0.896	matched
7	65	6	7	65	6	1.0	matched
7	65	7	7	65	7	1.0	matched
7	65	8	7	65	8	1.0	matched
7	65	9	7	65	9	1.0	matched
7	65	10	7	65	10	1.0	matched
7	65	11	7	65	11	1.0	matched
7	65	12	7	65	12	1.0	matched
7	65	13	7	65	13	1.0	matched
7	65	14	7	65	14	1.0	matched
7	65	15	7	65	15	1.0	matched
7	65	16	7	65	16	1.0	matched
7	65	17	7	65	17	1.0	matched
7	65	18	7	65	18	1.0	matched
7	65	19	7	65	19	1.0	matched
7	65	20	7	65	20	1.0	matched
7	65	21	7	65	21	1.0	matched
7	65	22	7	65	22	1.0	matched
7	65	23	7	65	23	1.0	matched
7	65	24	7	65	24	1.0	matched
7	65	25	7	65	25	1.0	matched
7	65	26	7	65	26	1.0	matched
7	66	1	7	66	1	1.0	matched
7	66	2	7	66	2	1.0	matched
7	66	3	7	66	3	1.0	matched
7	66	4	7	66	4	1.0	matched
7	66	5	7	66	5	1.0	matched
7	66	6	7	66	6	0.905	matched
7	66	7	7	66	7	1.0	matched
7	66	8	7	66	8	0.914	matched
7	66	9	7	66	9	0.881	matched
7	66	10	7	66	10	1.0	matched
7	66	11	7	66	11	1.0	matched
7	66	12	7	66	12	1.0	matched
7	66	13	7	66	13	1.0	matched
7	66	14	7	66	14	1.0	matched
7	66	15	7	66	15	1.0	matched
7	66	16	7	66	16	1.0	matched
7	66	17	7	66	17	1.0	matched
7	67	1	7	67	1	1.0	matched
7	67	2	7	67	2	1.0	matched
7	67	3	7	67	3	1.0	matched
7	67	4	7	67	4	0.938	matched
7	67	5	7	67	5	1.0	matched
7	67	6	7	67	6	1.0	matched
7	67	7	7	67	7	1.0	matched
7	67	8	7	67	8	1.0	matched
7	67	9	7	67	9	1.0	matched
7	67	10	7	67	10	1.0	matched
7	67	11	7	67	11	1.0	matched
7	67	12	7	67	12	1.0	matched
7	67	13	7	67	13	1.0	matched
7	67	14	7	67	14	1.0	matched
7	67	15	7	67	15	1.0	matched
7	67	16	7	67	16	1.0	matched
7	67	17	7	67	17	1.0	matched
7	67	18	7	67	18	1.0	matched
7	68	1	7	68	1	1.0	matched
7	68	2	7	68	2	1.0	matched
7	68	3	7	68	3	1.0	matched
7	68	4	7	68	4	1.0	matched
7	68	5	7	68	5	1.0	matched
7	68	6	7	68	6	1.0	matched
7	68	7	7	68	7	1.0	matched
7	68	8	7	68	8	1.0	matched
7	68	9	7	68	9	1.0	matched
7	68	10	7	68	10	1.0	matched
7	68	11	7	68	11	1.0	matched
7	68	12	7	68	12	1.0	matched
7	68	13	7	68	13	1.0	matched
7	68	14	7	68	14	1.0	matched
7	68	15	7	68	15	1.0	matched
7	68	16	7	68	16	0.914	matched
7	68	17	7	68	17	1.0	matched
7	69	1	7	69	1	0.915	matched
7	69	2	7	69	2	1.0	matched
7	69	3	7	69	3	1.0	matched
7	69	4	7	69	4	1.0	matched
7	69	5	7	69	5	1.0	matched
7	69	6	7	69	6	1.0	matched
7	69	7	7	69	7	1.0	matched
7	69	8	7	69	8	1.0	matched
7	69	9	7	69	9	1.0	matched
7	69	10	7	69	10	1.0	matched
7	69	11	7	69	11	1.0	matched
7	69	12	7	69	12	1.0	matched
7	69	13	7	69	13	1.0	matched
7	69	14	7	69	14	1.0	matched
7	69	15	7	69	15	1.0	matched
7	69	16	7	69	16	1.0	matched
7	69	17	7	69	17	1.0	matched
7	69	18	7	69	18	0.914	matched
7	69	19	7	69	19	1.0	matched
7	69	20	7	69	20	1.0	matched
7	69	21	7	69	21	1.0	matched
7	69	22	7	69	22	1.0	matched
7	69	23	7	69	23	1.0	matched
7	69	24	7	69	24	1.0	matched
7	69	25	7	69	25	1.0	matched
7	69	26	7	69	26	1.0	matched
7	69	27	7	69	27	1.0	matched
7	70	1	7	70	1	1.0	matched
7	70	2	7	70	2	1.0	matched
7	70	3	7	70	3	1.0	matched
7	70	4	7	70	4	1.0	matched
7	70	5	7	70	5	1.0	matched
7	70	6	7	70	6	1.0	matched
7	70	7	7	70	7	1.0	matched
7	70	8	7	70	8	1.0	matched
7	70	9	7	70	9	1.0	matched
7	70	10	7	70	10	1.0	matched
7	70	11	7	70	11	1.0	matched
7	70	12	7	70	12	1.0	matched
7	70	13	7	70	13	1.0	matched
7	70	14	7	70	14	1.0	matched
7	70	15	7	70	15	1.0	matched
7	70	16	7	70	16	1.0	matched
7	70	17	7	70	17	1.0	matched
7	70	18	7	70	18	1.0	matched
7	70	19	7	70	19	1.0	matched
7	71	1	7	71	1	1.0	matched
7	71	2	7	71	2	1.0	matched
7	71	3	7	71	3	1.0	matched
7	71	4	7	71	4	1.0	matched
7	71	5	7	71	5	1.0	matched
7	71	6	7	71	6	1.0	matched
7	71	7	7	71	7	1.0	matched
7	71	8	7	71	8	1.0	matched
7	71	9	7	71	9	1.0	matched
7	71	10	7	71	10	1.0	matched
7	71	11	7	71	11	1.0	matched
7	71	12	7	71	12	1.0	matched
7	71	13	7	71	13	1.0	matched
7	71	14	7	71	14	1.0	matched
7	71	15	7	71	15	1.0	matched
7	71	16	7	71	16	1.0	matched
7	71	17	7	71	17	1.0	matched
7	72	1	7	72	1	1.0	matched
7	72	2	7	72	2	1.0	matched
7	72	3	7	72	3	1.0	matched
7	72	4	7	72	4	1.0	matched
7	72	5	7	72	5	1.0	matched
7	72	6	7	72	6	1.0	matched
7	72	7	7	72	7	1.0	matched
7	72	8	7	72	8	1.0	matched
7	72	9	7	72	9	1.0	matched
7	72	10	7	72	10	1.0	matched
7	72	11	7	72	11	0.907	matched
7	72	12	7	72	12	0.862	matched
7	72	13	7	72	13	1.0	matched
7	72	14	7	72	14	1.0	matched
7	72	15	7	72	15	1.0	matched
7	72	16	7	72	16	1.0	matched
7	72	17	7	72	17	1.0	matched
7	72	18	7	72	18	1.0	matched
7	72	19	7	72	19	1.0	matched
7	72	20	7	72	20	0.896	matched
7	72	21	7	72	21	1.0	matched
7	73	1	7	73	1	1.0	matched
7	73	2	7	73	2	0.939	matched
7	73	3	7	73	3	1.0	matched
7	73	4	7	73	4	1.0	matched
7	73	5	7	73	5	1.0	matched
7	73	6	7	73	6	1.0	matched
7	73	7	7	73	7	1.0	matched
7	73	8	7	73	8	1.0	matched
7	73	9	7	73	9	1.0	matched
7	73	10	7	73	10	1.0	matched
7	73	11	7	73	11	1.0	matched
7	73	12	7	73	12	1.0	matched
7	73	13	7	73	13	0.91	matched
7	73	14	7	73	14	1.0	matched
7	73	15	7	73	15	1.0	matched
7	73	16	7	73	16	1.0	matched
7	73	17	7	73	17	1.0	matched
7	73	18	7	73	18	1.0	matched
7	73	19	7	73	19	1.0	matched
7	74	1	7	74	1	1.0	matched
7	74	2	7	74	2	1.0	matched
7	74	3	7	74	3	1.0	matched
7	74	4	7	74	4	1.0	matched
7	74	5	7	74	5	1.0	matched
7	74	6	7	74	6	1.0	matched
7	74	7	7	74	7	0.987	matched
7	74	8	7	74	8	0.921	matched
7	74	9	7	74	9	1.0	matched
7	74	10	7	74	10	1.0	matched
7	74	11	7	74	11	1.0	matched
7	74	12	7	74	12	1.0	matched
7	74	13	7	74	13	1.0	matched
7	74	14	7	74	14	1.0	matched
7	74	15	7	74	15	1.0	matched
7	74	16	7	74	16	1.0	matched
7	74	17	7	74	17	1.0	matched
7	74	18	7	74	18	0.897	matched
7	74	19	7	74	19	1.0	matched
7	75	1	7	75	1	1.0	matched
7	75	2	7	75	2	1.0	matched
7	75	3	7	75	3	1.0	matched
7	75	4	7	75	4	1.0	matched
7	75	5	7	75	5	0.9	matched
7	75	6	7	75	6	1.0	matched
7	75	7	7	75	7	1.0	matched
7	75	8	7	75	8	1.0	matched
7	75	9	7	75	9	1.0	matched
7	75	10	7	75	10	1.0	matched
7	75	11	7	75	11	1.0	matched
7	75	12	7	75	12	1.0	matched
7	75	13	7	75	13	1.0	matched
7	75	14	7	75	14	1.0	matched
7	75	15	7	75	15	1.0	matched
7	75	16	7	75	16	1.0	matched
7	75	17	7	75	17	1.0	matched
7	75	18	7	75	18	1.0	matched
7	76	1	7	76	1	1.0	matched
7	76	2	7	76	2	1.0	matched
7	76	3	7	76	3	1.0	matched
7	76	4	7	76	4	1.0	matched
7	76	5	7	76	5	1.0	matched
7	76	6	7	76	6	1.0	matched
7	76	7	7	76	7	1.0	matched
7	76	8	7	76	8	1.0	matched
7	76	9	7	76	9	1.0	matched
7	76	10	7	76	10	1.0	matched
7	76	11	7	76	11	1.0	matched
7	76	12	7	76	12	1.0	matched
7	76	13	7	76	13	1.0	matched
7	76	14	7	76	14	1.0	matched
7	76	15	7	76	15	1.0	matched
7	76	16	7	76	16	1.0	matched
7	76	17	7	76	17	1.0	matched
7	76	18	7	76	18	0.88	matched
7	76	19	7	76	19	1.0	matched
7	76	20	7	76	20	1.0	matched
7	76	21	7	76	21	1.0	matched
7	76	22	7	76	22	0.909	matched
7	77	1	7	77	1	1.0	matched
7	77	2	7	77	2	1.0	matched
7	77	3	7	77	3	1.0	matched
7	77	4	7	77	4	1.0	matched
7	77	5	7	77	5	1.0	matched
7	77	6	7	77	6	1.0	matched
7	77	7	7	77	7	1.0	matched
7	77	8	7	77	8	1.0	matched
7	77	9	7	77	9	1.0	matched
7	77	10	7	77	10	1.0	matched
7	77	11	7	77	11	1.0	matched
7	77	12	7	77	12	1.0	matched
7	77	13	7	77	13	1.0	matched
7	77	14	7	77	14	0.895	matched
7	77	15	7	77	15	1.0	matched
7	77	16	7	77	16	1.0	matched
7	77	17	7	77	17	1.0	matched
7	77	18	7	77	18	0.905	matched
7	77	19	7	77	19	1.0	matched
7	78	1	7	78	1	1.0	matched
7	78	2	7	78	2	1.0	matched
7	78	3	7	78	3	1.0	matched
7	78	4	7	78	4	1.0	matched
7	78	5	7	78	5	1.0	matched
7	78	6	7	78	6	1.0	matched
7	78	7	7	78	7	1.0	matched
7	78	8	7	78	8	1.0	matched
7	78	9	7	78	9	1.0	matched
7	78	10	7	78	10	1.0	matched
7	78	11	7	78	11	1.0	matched
7	78	12	7	78	12	1.0	matched
7	78	13	7	78	13	1.0	matched
7	78	14	7	78	14	1.0	matched
7	78	15	7	78	15	1.0	matched
7	78	16	7	78	16	1.0	matched
7	78	17	7	78	17	1.0	matched
7	78	18	7	78	18	1.0	matched
7	78	19	7	78	19	1.0	matched
7	78	20	7	78	20	1.0	matched
7	78	21	7	78	21	1.0	matched
7	78	22	7	78	22	1.0	matched
7	78	23	7	78	23	1.0	matched
7	78	24	7	78	24	1.0	matched
7	78	25	7	78	25	1.0	matched
7	78	26	7	78	26	1.0	matched
7	78	27	7	78	27	1.0	matched
7	78	28	7	78	28	1.0	matched
7	78	29	7	78	29	0.92	matched
7	79	1	7	79	1	1.0	matched
7	79	2	7	79	2	1.0	matched
7	79	3	7	79	3	1.0	matched
7	79	4	7	79	4	1.0	matched
7	79	5	7	79	5	1.0	matched
7	79	6	7	79	6	1.0	matched
7	79	7	7	79	7	1.0	matched
7	79	8	7	79	8	1.0	matched
7	79	9	7	79	9	1.0	matched
7	79	10	7	79	10	0.877	matched
7	79	11	7	79	11	0.914	matched
7	79	12	7	79	12	1.0	matched
7	79	13	7	79	13	1.0	matched
7	79	14	7	79	14	1.0	matched
7	79	15	7	79	15	1.0	matched
7	79	16	7	79	16	1.0	matched
7	79	17	7	79	17	1.0	matched
7	79	18	7	79	18	1.0	matched
7	79	19	7	79	19	1.0	matched
7	79	20	7	79	20	1.0	matched
7	79	21	7	79	21	1.0	matched
7	79	22	7	79	22	1.0	matched
7	79	23	7	79	23	0.902	matched
7	79	24	7	79	24	1.0	matched
7	80	1	7	80	1	1.0	matched
7	80	2	7	80	2	1.0	matched
7	80	3	7	80	3	1.0	matched
7	80	4	7	80	4	1.0	matched
7	80	5	7	80	5	1.0	matched
7	80	6	7	80	6	1.0	matched
7	80	7	7	80	7	1.0	matched
7	80	8	7	80	8	1.0	matched
7	80	9	7	80	9	1.0	matched
7	80	10	7	80	10	1.0	matched
7	80	11	7	80	11	1.0	matched
7	80	12	7	80	12	1.0	matched
7	80	13	7	80	13	1.0	matched
7	80	14	7	80	14	1.0	matched
7	80	15	7	80	15	1.0	matched
7	80	16	7	80	16	1.0	matched
7	80	17	7	80	17	1.0	matched
7	80	18	7	80	18	1.0	matched
7	80	19	7	80	19	1.0	matched
7	80	20	7	80	20	1.0	matched
7	80	21	7	80	21	1.0	matched
7	80	22	7	80	22	1.0	matched
7	80	23	7	80	23	1.0	matched
7	80	24	7	80	24	1.0	matched
7	80	25	7	80	25	1.0	matched
7	81	1	7	81	1	1.0	matched
7	81	2	7	81	2	1.0	matched
7	81	3	7	81	3	1.0	matched
7	81	4	7	81	4	1.0	matched
7	81	5	7	81	5	1.0	matched
7	81	6	7	81	6	1.0	matched
7	81	7	7	81	7	1.0	matched
7	81	8	7	81	8	1.0	matched
7	81	9	7	81	9	1.0	matched
7	81	10	7	81	10	1.0	matched
7	81	11	7	81	11	1.0	matched
7	81	12	7	81	12	1.0	matched
7	81	13	7	81	13	1.0	matched
7	81	14	7	81	14	1.0	matched
7	81	15	7	81	15	1.0	matched
7	81	16	7	81	16	1.0	matched
7	81	17	7	81	17	1.0	matched
7	81	18	7	81	18	1.0	matched
7	81	19	7	81	19	1.0	matched
7	81	20	7	81	20	1.0	matched
7	81	21	7	81	21	1.0	matched
7	81	22	7	81	22	1.0	matched
7	81	23	7	81	23	1.0	matched
7	81	24	7	81	24	1.0	matched
7	82	1	7	82	1	0.916	matched
7	82	2	7	82	2	1.0	matched
7	82	3	7	82	3	1.0	matched
7	82	4	7	82	4	1.0	matched
7	82	5	7	82	5	1.0	matched
7	82	6	7	82	6	1.0	matched
7	82	7	7	82	7	1.0	matched
7	82	8	7	82	8	1.0	matched
7	82	9	7	82	9	0.92	matched
7	82	10	7	82	10	1.0	matched
7	82	11	7	82	11	1.0	matched
7	82	12	7	82	12	1.0	matched
7	82	13	7	82	13	1.0	matched
7	82	14	7	82	14	1.0	matched
7	82	15	7	82	15	1.0	matched
7	82	16	7	82	16	1.0	matched
7	82	17	7	82	17	1.0	matched
7	82	18	7	82	18	1.0	matched
7	82	19	7	82	19	1.0	matched
7	83	1	7	83	1	1.0	matched
7	83	2	7	83	2	1.0	matched
7	83	3	7	83	3	1.0	matched
7	83	4	7	83	4	1.0	matched
7	83	5	7	83	5	1.0	matched
7	83	6	7	83	6	1.0	matched
7	83	7	7	83	7	1.0	matched
7	83	8	7	83	8	1.0	matched
7	83	9	7	83	9	1.0	matched
7	83	10	7	83	10	1.0	matched
7	83	11	7	83	11	1.0	matched
7	83	12	7	83	12	1.0	matched
7	83	13	7	83	13	1.0	matched
7	83	14	7	83	14	1.0	matched
7	83	15	7	83	15	1.0	matched
7	83	16	7	83	16	1.0	matched
7	84	1	7	84	1	1.0	matched
7	84	2	7	84	2	1.0	matched
7	84	3	7	84	3	1.0	matched
7	84	4	7	84	4	1.0	matched
7	84	5	7	84	5	1.0	matched
7	84	6	7	84	6	1.0	matched
7	84	7	7	84	7	1.0	matched
7	84	8	7	84	8	1.0	matched
7	84	9	7	84	9	1.0	matched
7	84	10	7	84	10	1.0	matched
7	84	11	7	84	11	1.0	matched
7	84	12	7	84	12	1.0	matched
7	84	13	7	84	13	1.0	matched
7	84	14	7	84	14	1.0	matched
7	84	15	7	84	15	1.0	matched
7	84	16	7	84	16	1.0	matched
7	85	1	7	85	1	1.0	matched
7	85	2	7	85	2	1.0	matched
7	85	3	7	85	3	1.0	matched
7	85	4	7	85	4	1.0	matched
7	85	5	7	85	5	0.89	matched
7	85	6	7	85	6	1.0	matched
7	85	7	7	85	7	1.0	matched
7	85	8	7	85	8	1.0	matched
7	85	9	7	85	9	1.0	matched
7	85	10	7	85	10	1.0	matched
7	85	11	7	85	11	1.0	matched
7	85	12	7	85	12	1.0	matched
7	85	13	7	85	13	1.0	matched
7	85	14	7	85	14	1.0	matched
7	85	15	7	85	15	0.901	matched
7	85	16	7	85	16	1.0	matched
7	85	17	7	85	17	1.0	matched
7	85	18	7	85	18	1.0	matched
7	85	19	7	85	19	1.0	matched
7	85	20	7	85	20	1.0	matched
7	85	21	7	85	21	0.911	matched
7	85	22	7	85	22	1.0	matched
7	85	23	7	85	23	1.0	matched
7	86	1	7	86	1	1.0	matched
7	86	2	7	86	2	1.0	matched
7	86	3	7	86	3	1.0	matched
7	86	4	7	86	4	1.0	matched
7	86	5	7	86	5	1.0	matched
7	86	6	7	86	6	1.0	matched
7	86	7	7	86	7	1.0	matched
7	86	8	7	86	8	1.0	matched
7	86	9	7	86	9	1.0	matched
7	86	10	7	86	10	1.0	matched
7	86	11	7	86	11	1.0	matched
7	86	12	7	86	12	1.0	matched
7	86	13	7	86	13	1.0	matched
7	86	14	7	86	14	1.0	matched
7	86	15	7	86	15	1.0	matched
7	86	16	7	86	16	1.0	matched
7	87	1	7	87	1	1.0	matched
7	87	2	7	87	2	1.0	matched
7	87	3	7	87	3	1.0	matched
7	87	4	7	87	4	1.0	matched
7	87	5	7	87	5	1.0	matched
7	87	6	7	87	6	1.0	matched
7	87	7	7	87	7	1.0	matched
7	87	8	7	87	8	0.896	matched
7	87	9	7	87	9	1.0	matched
7	87	10	7	87	10	1.0	matched
7	87	11	7	87	11	1.0	matched
7	87	12	7	87	12	1.0	matched
7	87	13	7	87	13	1.0	matched
7	87	14	7	87	14	1.0	matched
7	87	15	7	87	15	1.0	matched
7	87	16	7	87	16	0.883	matched
7	87	17	7	87	17	1.0	matched
7	87	18	7	87	18	1.0	matched
7	87	19	7	87	19	1.0	matched
7	87	20	7	87	20	1.0	matched
7	88	1	7	88	1	1.0	matched
7	88	2	7	88	2	1.0	matched
7	88	3	7	88	3	1.0	matched
7	88	4	7	88	4	1.0	matched
7	88	5	7	88	5	1.0	matched
7	88	6	7	88	6	0.936	matched
7	88	7	7	88	7	1.0	matched
7	88	8	7	88	8	1.0	matched
7	88	9	7	88	9	1.0	matched
7	88	10	7	88	10	1.0	matched
7	88	11	7	88	11	1.0	matched
7	88	12	7	88	12	1.0	matched
7	88	13	7	88	13	1.0	matched
7	88	14	7	88	14	1.0	matched
7	88	15	7	88	15	1.0	matched
7	88	16	7	88	16	1.0	matched
7	88	17	7	88	17	1.0	matched
7	88	18	7	88	18	1.0	matched
7	88	19	7	88	19	1.0	matched
7	88	20	7	88	20	1.0	matched
7	89	1	7	89	1	1.0	matched
7	89	2	7	89	2	1.0	matched
7	89	3	7	89	3	1.0	matched
7	89	4	7	89	4	1.0	matched
7	89	5	7	89	5	1.0	matched
7	89	6	7	89	6	1.0	matched
7	89	7	7	89	7	1.0	matched
7	89	8	7	89	8	0.915	matched
7	89	9	7	89	9	1.0	matched
7	89	10	7	89	10	1.0	matched
7	89	11	7	89	11	1.0	matched
7	89	12	7	89	12	1.0	matched
7	89	13	7	89	13	1.0	matched
7	89	14	7	89	14	1.0	matched
7	89	15	7	89	15	1.0	matched
7	90	1	7	90	1	1.0	matched
7	90	2	7	90	2	1.0	matched
7	90	3	7	90	3	1.0	matched
7	90	4	7	90	4	1.0	matched
7	90	5	7	90	5	1.0	matched
7	90	6	7	90	6	1.0	matched
7	90	7	7	90	7	1.0	matched
7	90	8	7	90	8	1.0	matched
7	90	9	7	90	9	1.0	matched
7	90	10	7	90	10	1.0	matched
7	90	11	7	90	11	1.0	matched
7	90	12	7	90	12	1.0	matched
7	90	13	7	90	13	1.0	matched
7	90	14	7	90	14	1.0	matched
7	90	15	7	90	15	1.0	matched
7	90	16	7	90	16	1.0	matched
7	90	17	7	90	17	1.0	matched
7	90	18	7	90	18	1.0	matched
7	90	19	7	90	19	1.0	matched
7	90	20	7	90	20	1.0	matched
7	90	21	7	90	21	0.851	matched
7	90	22	7	90	22	1.0	matched
7	90	23	7	90	23	1.0	matched
7	90	24	7	90	24	1.0	matched
7	90	25	7	90	25	1.0	matched
7	91	1	7	91	1	1.0	matched
7	91	2	7	91	2	1.0	matched
7	91	3	7	91	3	1.0	matched
7	91	4	7	91	4	1.0	matched
7	91	5	7	91	5	1.0	matched
7	91	6	7	91	6	1.0	matched
7	91	7	7	91	7	1.0	matched
7	91	8	7	91	8	1.0	matched
7	91	9	7	91	9	1.0	matched
7	91	10	7	91	10	1.0	matched
7	91	11	7	91	11	0.9	matched
7	91	12	7	91	12	1.0	matched
7	91	13	7	91	13	1.0	matched
7	91	14	7	91	14	1.0	matched
7	91	15	7	91	15	1.0	matched
7	91	16	7	91	16	1.0	matched
7	92	1	7	92	1	1.0	matched
7	92	2	7	92	2	1.0	matched
7	92	3	7	92	3	1.0	matched
7	92	4	7	92	4	1.0	matched
7	92	5	7	92	5	1.0	matched
7	92	6	7	92	6	1.0	matched
7	92	7	7	92	7	0.911	matched
7	92	8	7	92	8	1.0	matched
7	92	9	7	92	9	0.896	matched
7	92	10	7	92	10	1.0	matched
7	92	11	7	92	11	0.916	matched
7	92	12	7	92	12	1.0	matched
7	92	13	7	92	13	1.0	matched
7	92	14	7	92	14	1.0	matched
7	92	15	7	92	15	1.0	matched
7	92	16	7	92	16	1.0	matched
7	92	17	7	92	17	0.895	matched
7	93	1	7	93	1	1.0	matched
7	93	2	7	93	2	1.0	matched
7	93	3	7	93	3	1.0	matched
7	93	4	7	93	4	1.0	matched
7	93	5	7	93	5	1.0	matched
7	93	6	7	93	6	1.0	matched
7	93	7	7	93	7	1.0	matched
7	93	8	7	93	8	1.0	matched
7	93	9	7	93	9	1.0	matched
7	93	10	7	93	10	0.903	matched
7	93	11	7	93	11	1.0	matched
7	93	12	7	93	12	1.0	matched
7	93	13	7	93	13	1.0	matched
7	93	14	7	93	14	1.0	matched
7	93	15	7	93	15	0.938	matched
7	93	16	7	93	16	1.0	matched
7	93	17	7	93	17	1.0	matched
7	94	1	7	94	1	0.902	matched
7	94	2	7	94	2	1.0	matched
7	94	3	7	94	3	1.0	matched
7	94	4	7	94	4	1.0	matched
7	94	5	7	94	5	1.0	matched
7	94	6	7	94	6	1.0	matched
7	94	7	7	94	7	1.0	matched
7	94	8	7	94	8	0.902	matched
7	94	9	7	94	9	1.0	matched
7	94	10	7	94	10	1.0	matched
7	94	11	7	94	11	1.0	matched
7	94	12	7	94	12	1.0	matched
7	94	13	7	94	13	1.0	matched
7	94	14	7	94	14	1.0	matched
7	94	15	7	94	15	1.0	matched
7	94	16	7	94	16	1.0	matched
7	94	17	7	94	17	1.0	matched
7	94	18	7	94	18	1.0	matched
7	94	19	7	94	19	1.0	matched
7	95	1	7	95	1	1.0	matched
7	95	2	7	95	2	1.0	matched
7	95	3	7	95	3	1.0	matched
7	95	4	7	95	4	1.0	matched
7	95	5	7	95	5	1.0	matched
7	95	6	7	95	6	1.0	matched
7	95	7	7	95	7	1.0	matched
7	95	8	7	95	8	1.0	matched
7	95	9	7	95	9	1.0	matched
7	95	10	7	95	10	1.0	matched
7	95	11	7	95	11	1.0	matched
7	95	12	7	95	12	0.941	matched
7	95	13	7	95	13	1.0	matched
7	95	14	7	95	14	1.0	matched
7	95	15	7	95	15	1.0	matched
7	95	16	7	95	16	1.0	matched
7	95	17	7	95	17	1.0	matched
7	95	18	7	95	18	1.0	matched
7	96	1	7	96	1	1.0	matched
7	96	2	7	96	2	1.0	matched
7	96	3	7	96	3	0.909	matched
7	96	4	7	96	4	1.0	matched
7	96	5	7	96	5	1.0	matched
7	96	6	7	96	6	1.0	matched
7	96	7	7	96	7	1.0	matched
7	96	8	7	96	8	1.0	matched
7	96	9	7	96	9	1.0	matched
7	96	10	7	96	10	0.89	matched
7	96	11	7	96	11	1.0	matched
7	96	12	7	96	12	1.0	matched
7	96	13	7	96	13	1.0	matched
7	96	14	7	96	14	1.0	matched
7	96	15	7	96	15	1.0	matched
7	96	16	7	96	16	1.0	matched
7	96	17	7	96	17	1.0	matched
7	96	18	7	96	18	1.0	matched
7	97	1	7	97	1	1.0	matched
7	97	2	7	97	2	1.0	matched
7	97	3	7	97	3	1.0	matched
7	97	4	7	97	4	1.0	matched
7	97	5	7	97	5	1.0	matched
7	97	6	7	97	6	1.0	matched
7	97	7	7	97	7	1.0	matched
7	97	8	7	97	8	1.0	matched
7	97	9	7	97	9	1.0	matched
7	97	10	7	97	10	1.0	matched
7	97	11	7	97	11	1.0	matched
7	97	12	7	97	12	1.0	matched
7	97	13	7	97	13	1.0	matched
7	97	14	7	97	14	1.0	matched
7	97	15	7	97	15	1.0	matched
7	97	16	7	97	16	1.0	matched
7	97	17	7	97	17	1.0	matched
7	97	18	7	97	18	1.0	matched
7	97	19	7	97	19	1.0	matched
7	97	20	7	97	20	1.0	matched
7	98	1	7	98	1	1.0	matched
7	98	2	7	98	2	1.0	matched
7	98	3	7	98	3	1.0	matched
7	98	4	7	98	4	1.0	matched
7	98	5	7	98	5	1.0	matched
7	98	6	7	98	6	1.0	matched
7	98	7	7	98	7	1.0	matched
7	98	8	7	98	8	1.0	matched
7	98	9	7	98	9	1.0	matched
7	98	10	7	98	10	1.0	matched
7	98	11	7	98	11	1.0	matched
7	98	12	7	98	12	1.0	matched
7	98	13	7	98	13	1.0	matched
7	98	14	7	98	14	1.0	matched
7	98	15	7	98	15	1.0	matched
7	98	16	7	98	16	1.0	matched
7	98	17	7	98	17	1.0	matched
7	98	18	7	98	18	1.0	matched
7	98	19	7	98	19	1.0	matched
7	98	20	7	98	20	1.0	matched
7	98	21	7	98	21	0.87	matched
7	98	22	7	98	22	1.0	matched
7	98	23	7	98	23	1.0	matched
7	98	24	7	98	24	1.0	matched
7	98	25	7	98	25	1.0	matched
7	98	26	7	98	26	1.0	matched
7	99	1	7	99	1	1.0	matched
7	99	2	7	99	2	1.0	matched
7	99	3	7	99	3	1.0	matched
7	99	4	7	99	4	1.0	matched
7	99	5	7	99	5	1.0	matched
7	99	6	7	99	6	1.0	matched
7	99	7	7	99	7	1.0	matched
7	99	8	7	99	8	1.0	matched
7	99	9	7	99	9	1.0	matched
7	99	10	7	99	10	1.0	matched
7	99	11	7	99	11	1.0	matched
7	99	12	7	99	12	1.0	matched
7	99	13	7	99	13	1.0	matched
7	99	14	7	99	14	1.0	matched
7	99	15	7	99	15	1.0	matched
7	99	16	7	99	16	1.0	matched
7	99	17	7	99	17	1.0	matched
7	99	18	7	99	18	0.934	matched
7	100	1	7	100	1	1.0	matched
7	100	2	7	100	2	1.0	matched
7	100	3	7	100	3	1.0	matched
7	100	4	7	100	4	1.0	matched
7	100	5	7	100	5	1.0	matched
7	100	6	7	100	6	1.0	matched
7	100	7	7	100	7	1.0	matched
7	100	8	7	100	8	1.0	matched
7	100	9	7	100	9	1.0	matched
7	100	10	7	100	10	1.0	matched
7	100	11	7	100	11	1.0	matched
7	100	12	7	100	12	1.0	matched
7	100	13	7	100	13	1.0	matched
7	100	14	7	100	14	1.0	matched
7	100	15	7	100	15	1.0	matched
7	100	16	7	100	16	0.902	matched
7	100	17	7	100	17	1.0	matched
7	100	18	7	100	18	1.0	matched
7	100	19	7	100	19	1.0	matched
7	100	20	7	100	20	1.0	matched
7	100	21	7	100	21	1.0	matched
7	100	22	7	100	22	1.0	matched
7	100	23	7	100	23	1.0	matched
7	100	24	7	100	24	0.87	matched
7	100	25	7	100	25	1.0	matched
7	100	26					southern_only
